ISO-10303-21;
HEADER;
/* Generated by software containing ST-Developer
 * from STEP Tools, Inc. (www.steptools.com) 
 */

FILE_DESCRIPTION(
/* description */ (''),
/* implementation_level */ '2;1');

FILE_NAME(
/* name */ 'LaptopCase.step',
/* time_stamp */ '2026-10-03T08:07:33+02:00',
/* author */ (''),
/* organization */ (''),
/* preprocessor_version */ 'ST-DEVELOPER v20.2',
/* originating_system */ 'Autodesk Translation Framework v15.15.0.0',
/* authorisation */ '');

FILE_SCHEMA (('AUTOMOTIVE_DESIGN { 1 0 10303 214 3 1 1 }'));
ENDSEC;

DATA;
#10=MECHANICAL_DESIGN_GEOMETRIC_PRESENTATION_REPRESENTATION('',(#17),#4713);
#11=ITEM_DEFINED_TRANSFORMATION($,$,#2669,#3039);
#12=(
REPRESENTATION_RELATIONSHIP($,$,#4724,#4723)
REPRESENTATION_RELATIONSHIP_WITH_TRANSFORMATION(#11)
SHAPE_REPRESENTATION_RELATIONSHIP()
);
#13=CONTEXT_DEPENDENT_SHAPE_REPRESENTATION(#12,#4722);
#14=NEXT_ASSEMBLY_USAGE_OCCURRENCE('LaptopCase:1','LaptopCase:1',
'LaptopCase:1',#4726,#4727,'LaptopCase:1');
#15=SHAPE_REPRESENTATION_RELATIONSHIP('SRR','None',#4724,#16);
#16=ADVANCED_BREP_SHAPE_REPRESENTATION('',(#18),#4712);
#17=STYLED_ITEM('',(#4739),#18);
#18=MANIFOLD_SOLID_BREP('Body1',#2655);
#19=FACE_BOUND('',#401,.T.);
#20=FACE_BOUND('',#409,.T.);
#21=FACE_BOUND('',#412,.T.);
#22=FACE_BOUND('',#563,.T.);
#23=FACE_BOUND('',#564,.T.);
#24=FACE_BOUND('',#565,.T.);
#25=FACE_BOUND('',#566,.T.);
#26=FACE_BOUND('',#567,.T.);
#27=FACE_BOUND('',#568,.T.);
#28=FACE_BOUND('',#569,.T.);
#29=FACE_BOUND('',#570,.T.);
#30=FACE_BOUND('',#571,.T.);
#31=FACE_BOUND('',#572,.T.);
#32=FACE_BOUND('',#573,.T.);
#33=FACE_BOUND('',#574,.T.);
#34=FACE_BOUND('',#575,.T.);
#35=FACE_BOUND('',#576,.T.);
#36=FACE_BOUND('',#577,.T.);
#37=FACE_BOUND('',#578,.T.);
#38=FACE_BOUND('',#579,.T.);
#39=FACE_BOUND('',#580,.T.);
#40=FACE_BOUND('',#581,.T.);
#41=FACE_BOUND('',#582,.T.);
#42=FACE_BOUND('',#583,.T.);
#43=FACE_BOUND('',#584,.T.);
#44=FACE_BOUND('',#585,.T.);
#45=FACE_BOUND('',#586,.T.);
#46=FACE_BOUND('',#587,.T.);
#47=FACE_BOUND('',#588,.T.);
#48=FACE_BOUND('',#589,.T.);
#49=FACE_BOUND('',#590,.T.);
#50=FACE_BOUND('',#591,.T.);
#51=FACE_BOUND('',#592,.T.);
#52=FACE_BOUND('',#593,.T.);
#53=FACE_BOUND('',#594,.T.);
#54=FACE_BOUND('',#595,.T.);
#55=FACE_BOUND('',#596,.T.);
#56=FACE_BOUND('',#597,.T.);
#57=FACE_BOUND('',#598,.T.);
#58=FACE_BOUND('',#599,.T.);
#59=FACE_BOUND('',#600,.T.);
#60=FACE_BOUND('',#601,.T.);
#61=FACE_BOUND('',#602,.T.);
#62=FACE_BOUND('',#603,.T.);
#63=FACE_BOUND('',#604,.T.);
#64=FACE_BOUND('',#605,.T.);
#65=FACE_BOUND('',#606,.T.);
#66=FACE_BOUND('',#607,.T.);
#67=FACE_BOUND('',#608,.T.);
#68=FACE_BOUND('',#609,.T.);
#69=FACE_BOUND('',#610,.T.);
#70=FACE_BOUND('',#611,.T.);
#71=FACE_BOUND('',#612,.T.);
#72=FACE_BOUND('',#613,.T.);
#73=FACE_BOUND('',#614,.T.);
#74=FACE_BOUND('',#615,.T.);
#75=FACE_BOUND('',#616,.T.);
#76=FACE_BOUND('',#617,.T.);
#77=FACE_BOUND('',#618,.T.);
#78=FACE_BOUND('',#619,.T.);
#79=FACE_BOUND('',#620,.T.);
#80=FACE_BOUND('',#621,.T.);
#81=FACE_BOUND('',#622,.T.);
#82=FACE_BOUND('',#623,.T.);
#83=FACE_BOUND('',#624,.T.);
#84=FACE_BOUND('',#625,.T.);
#85=FACE_BOUND('',#626,.T.);
#86=FACE_BOUND('',#627,.T.);
#87=FACE_BOUND('',#628,.T.);
#88=FACE_BOUND('',#629,.T.);
#89=FACE_BOUND('',#630,.T.);
#90=FACE_BOUND('',#634,.T.);
#91=FACE_BOUND('',#636,.T.);
#92=FACE_BOUND('',#645,.T.);
#93=FACE_BOUND('',#646,.T.);
#94=SPHERICAL_SURFACE('',#2685,3.);
#95=SPHERICAL_SURFACE('',#2687,3.);
#96=(
BOUNDED_SURFACE()
B_SPLINE_SURFACE(2,2,((#3974,#3975,#3976),(#3977,#3978,#3979),(#3980,#3981,
#3982)),.UNSPECIFIED.,.F.,.F.,.F.)
B_SPLINE_SURFACE_WITH_KNOTS((3,3),(3,3),(-3.14159265358979,-1.5707963267949),
(2.53072741539178,3.14159265358984),.UNSPECIFIED.)
GEOMETRIC_REPRESENTATION_ITEM()
RATIONAL_B_SPLINE_SURFACE(((1.,0.953716950748219,1.),(0.707106781186549,
0.674379723206624,0.707106781186549),(1.,0.953716950748219,1.)))
REPRESENTATION_ITEM('')
SURFACE()
);
#97=(
BOUNDED_SURFACE()
B_SPLINE_SURFACE(2,2,((#3990,#3991,#3992),(#3993,#3994,#3995),(#3996,#3997,
#3998)),.UNSPECIFIED.,.F.,.F.,.F.)
B_SPLINE_SURFACE_WITH_KNOTS((3,3),(3,3),(-3.14159265358979,-1.5707963267949),
(-3.14159265358979,-2.53072741539178),.UNSPECIFIED.)
GEOMETRIC_REPRESENTATION_ITEM()
RATIONAL_B_SPLINE_SURFACE(((1.,0.953716950748227,1.),(0.707106781186547,
0.674379723206627,0.707106781186547),(1.,0.953716950748227,1.)))
REPRESENTATION_ITEM('')
SURFACE()
);
#98=PLANE('',#2673);
#99=PLANE('',#2691);
#100=PLANE('',#2694);
#101=PLANE('',#2700);
#102=PLANE('',#2704);
#103=PLANE('',#2705);
#104=PLANE('',#2718);
#105=PLANE('',#2719);
#106=PLANE('',#2720);
#107=PLANE('',#2721);
#108=PLANE('',#2722);
#109=PLANE('',#2723);
#110=PLANE('',#2724);
#111=PLANE('',#2725);
#112=PLANE('',#2726);
#113=PLANE('',#2733);
#114=PLANE('',#2737);
#115=PLANE('',#2741);
#116=PLANE('',#2745);
#117=PLANE('',#2749);
#118=PLANE('',#2753);
#119=PLANE('',#2757);
#120=PLANE('',#2761);
#121=PLANE('',#2765);
#122=PLANE('',#2769);
#123=PLANE('',#2773);
#124=PLANE('',#2777);
#125=PLANE('',#2778);
#126=PLANE('',#2783);
#127=PLANE('',#2787);
#128=PLANE('',#2791);
#129=PLANE('',#2795);
#130=PLANE('',#2799);
#131=PLANE('',#2803);
#132=PLANE('',#2807);
#133=PLANE('',#2813);
#134=PLANE('',#2817);
#135=PLANE('',#2821);
#136=PLANE('',#2825);
#137=PLANE('',#2829);
#138=PLANE('',#2833);
#139=PLANE('',#2837);
#140=PLANE('',#2841);
#141=PLANE('',#2845);
#142=PLANE('',#2849);
#143=PLANE('',#2853);
#144=PLANE('',#2857);
#145=PLANE('',#2861);
#146=PLANE('',#2865);
#147=PLANE('',#2869);
#148=PLANE('',#2873);
#149=PLANE('',#2877);
#150=PLANE('',#2881);
#151=PLANE('',#2885);
#152=PLANE('',#2889);
#153=PLANE('',#2893);
#154=PLANE('',#2897);
#155=PLANE('',#2901);
#156=PLANE('',#2905);
#157=PLANE('',#2909);
#158=PLANE('',#2913);
#159=PLANE('',#2917);
#160=PLANE('',#2921);
#161=PLANE('',#2925);
#162=PLANE('',#2929);
#163=PLANE('',#2933);
#164=PLANE('',#2937);
#165=PLANE('',#2941);
#166=PLANE('',#2945);
#167=PLANE('',#2949);
#168=PLANE('',#2953);
#169=PLANE('',#2957);
#170=PLANE('',#2961);
#171=PLANE('',#2965);
#172=PLANE('',#2969);
#173=PLANE('',#2973);
#174=PLANE('',#2977);
#175=PLANE('',#2981);
#176=PLANE('',#2985);
#177=PLANE('',#2989);
#178=PLANE('',#2993);
#179=PLANE('',#2997);
#180=PLANE('',#3001);
#181=PLANE('',#3005);
#182=PLANE('',#3009);
#183=PLANE('',#3013);
#184=PLANE('',#3017);
#185=PLANE('',#3018);
#186=PLANE('',#3019);
#187=PLANE('',#3021);
#188=PLANE('',#3023);
#189=PLANE('',#3024);
#190=PLANE('',#3027);
#191=PLANE('',#3030);
#192=PLANE('',#3033);
#193=PLANE('',#3038);
#194=FACE_OUTER_BOUND('',#383,.T.);
#195=FACE_OUTER_BOUND('',#384,.T.);
#196=FACE_OUTER_BOUND('',#385,.T.);
#197=FACE_OUTER_BOUND('',#386,.T.);
#198=FACE_OUTER_BOUND('',#387,.T.);
#199=FACE_OUTER_BOUND('',#388,.T.);
#200=FACE_OUTER_BOUND('',#389,.T.);
#201=FACE_OUTER_BOUND('',#390,.T.);
#202=FACE_OUTER_BOUND('',#391,.T.);
#203=FACE_OUTER_BOUND('',#392,.T.);
#204=FACE_OUTER_BOUND('',#393,.T.);
#205=FACE_OUTER_BOUND('',#394,.T.);
#206=FACE_OUTER_BOUND('',#395,.T.);
#207=FACE_OUTER_BOUND('',#396,.T.);
#208=FACE_OUTER_BOUND('',#397,.T.);
#209=FACE_OUTER_BOUND('',#398,.T.);
#210=FACE_OUTER_BOUND('',#399,.T.);
#211=FACE_OUTER_BOUND('',#400,.T.);
#212=FACE_OUTER_BOUND('',#402,.T.);
#213=FACE_OUTER_BOUND('',#403,.T.);
#214=FACE_OUTER_BOUND('',#404,.T.);
#215=FACE_OUTER_BOUND('',#405,.T.);
#216=FACE_OUTER_BOUND('',#406,.T.);
#217=FACE_OUTER_BOUND('',#407,.T.);
#218=FACE_OUTER_BOUND('',#408,.T.);
#219=FACE_OUTER_BOUND('',#410,.T.);
#220=FACE_OUTER_BOUND('',#411,.T.);
#221=FACE_OUTER_BOUND('',#413,.T.);
#222=FACE_OUTER_BOUND('',#414,.T.);
#223=FACE_OUTER_BOUND('',#415,.T.);
#224=FACE_OUTER_BOUND('',#416,.T.);
#225=FACE_OUTER_BOUND('',#417,.T.);
#226=FACE_OUTER_BOUND('',#418,.T.);
#227=FACE_OUTER_BOUND('',#419,.T.);
#228=FACE_OUTER_BOUND('',#420,.T.);
#229=FACE_OUTER_BOUND('',#421,.T.);
#230=FACE_OUTER_BOUND('',#422,.T.);
#231=FACE_OUTER_BOUND('',#423,.T.);
#232=FACE_OUTER_BOUND('',#424,.T.);
#233=FACE_OUTER_BOUND('',#425,.T.);
#234=FACE_OUTER_BOUND('',#426,.T.);
#235=FACE_OUTER_BOUND('',#427,.T.);
#236=FACE_OUTER_BOUND('',#428,.T.);
#237=FACE_OUTER_BOUND('',#429,.T.);
#238=FACE_OUTER_BOUND('',#430,.T.);
#239=FACE_OUTER_BOUND('',#431,.T.);
#240=FACE_OUTER_BOUND('',#432,.T.);
#241=FACE_OUTER_BOUND('',#433,.T.);
#242=FACE_OUTER_BOUND('',#434,.T.);
#243=FACE_OUTER_BOUND('',#435,.T.);
#244=FACE_OUTER_BOUND('',#436,.T.);
#245=FACE_OUTER_BOUND('',#437,.T.);
#246=FACE_OUTER_BOUND('',#438,.T.);
#247=FACE_OUTER_BOUND('',#439,.T.);
#248=FACE_OUTER_BOUND('',#440,.T.);
#249=FACE_OUTER_BOUND('',#441,.T.);
#250=FACE_OUTER_BOUND('',#442,.T.);
#251=FACE_OUTER_BOUND('',#443,.T.);
#252=FACE_OUTER_BOUND('',#444,.T.);
#253=FACE_OUTER_BOUND('',#445,.T.);
#254=FACE_OUTER_BOUND('',#446,.T.);
#255=FACE_OUTER_BOUND('',#447,.T.);
#256=FACE_OUTER_BOUND('',#448,.T.);
#257=FACE_OUTER_BOUND('',#449,.T.);
#258=FACE_OUTER_BOUND('',#450,.T.);
#259=FACE_OUTER_BOUND('',#451,.T.);
#260=FACE_OUTER_BOUND('',#452,.T.);
#261=FACE_OUTER_BOUND('',#453,.T.);
#262=FACE_OUTER_BOUND('',#454,.T.);
#263=FACE_OUTER_BOUND('',#455,.T.);
#264=FACE_OUTER_BOUND('',#456,.T.);
#265=FACE_OUTER_BOUND('',#457,.T.);
#266=FACE_OUTER_BOUND('',#458,.T.);
#267=FACE_OUTER_BOUND('',#459,.T.);
#268=FACE_OUTER_BOUND('',#460,.T.);
#269=FACE_OUTER_BOUND('',#461,.T.);
#270=FACE_OUTER_BOUND('',#462,.T.);
#271=FACE_OUTER_BOUND('',#463,.T.);
#272=FACE_OUTER_BOUND('',#464,.T.);
#273=FACE_OUTER_BOUND('',#465,.T.);
#274=FACE_OUTER_BOUND('',#466,.T.);
#275=FACE_OUTER_BOUND('',#467,.T.);
#276=FACE_OUTER_BOUND('',#468,.T.);
#277=FACE_OUTER_BOUND('',#469,.T.);
#278=FACE_OUTER_BOUND('',#470,.T.);
#279=FACE_OUTER_BOUND('',#471,.T.);
#280=FACE_OUTER_BOUND('',#472,.T.);
#281=FACE_OUTER_BOUND('',#473,.T.);
#282=FACE_OUTER_BOUND('',#474,.T.);
#283=FACE_OUTER_BOUND('',#475,.T.);
#284=FACE_OUTER_BOUND('',#476,.T.);
#285=FACE_OUTER_BOUND('',#477,.T.);
#286=FACE_OUTER_BOUND('',#478,.T.);
#287=FACE_OUTER_BOUND('',#479,.T.);
#288=FACE_OUTER_BOUND('',#480,.T.);
#289=FACE_OUTER_BOUND('',#481,.T.);
#290=FACE_OUTER_BOUND('',#482,.T.);
#291=FACE_OUTER_BOUND('',#483,.T.);
#292=FACE_OUTER_BOUND('',#484,.T.);
#293=FACE_OUTER_BOUND('',#485,.T.);
#294=FACE_OUTER_BOUND('',#486,.T.);
#295=FACE_OUTER_BOUND('',#487,.T.);
#296=FACE_OUTER_BOUND('',#488,.T.);
#297=FACE_OUTER_BOUND('',#489,.T.);
#298=FACE_OUTER_BOUND('',#490,.T.);
#299=FACE_OUTER_BOUND('',#491,.T.);
#300=FACE_OUTER_BOUND('',#492,.T.);
#301=FACE_OUTER_BOUND('',#493,.T.);
#302=FACE_OUTER_BOUND('',#494,.T.);
#303=FACE_OUTER_BOUND('',#495,.T.);
#304=FACE_OUTER_BOUND('',#496,.T.);
#305=FACE_OUTER_BOUND('',#497,.T.);
#306=FACE_OUTER_BOUND('',#498,.T.);
#307=FACE_OUTER_BOUND('',#499,.T.);
#308=FACE_OUTER_BOUND('',#500,.T.);
#309=FACE_OUTER_BOUND('',#501,.T.);
#310=FACE_OUTER_BOUND('',#502,.T.);
#311=FACE_OUTER_BOUND('',#503,.T.);
#312=FACE_OUTER_BOUND('',#504,.T.);
#313=FACE_OUTER_BOUND('',#505,.T.);
#314=FACE_OUTER_BOUND('',#506,.T.);
#315=FACE_OUTER_BOUND('',#507,.T.);
#316=FACE_OUTER_BOUND('',#508,.T.);
#317=FACE_OUTER_BOUND('',#509,.T.);
#318=FACE_OUTER_BOUND('',#510,.T.);
#319=FACE_OUTER_BOUND('',#511,.T.);
#320=FACE_OUTER_BOUND('',#512,.T.);
#321=FACE_OUTER_BOUND('',#513,.T.);
#322=FACE_OUTER_BOUND('',#514,.T.);
#323=FACE_OUTER_BOUND('',#515,.T.);
#324=FACE_OUTER_BOUND('',#516,.T.);
#325=FACE_OUTER_BOUND('',#517,.T.);
#326=FACE_OUTER_BOUND('',#518,.T.);
#327=FACE_OUTER_BOUND('',#519,.T.);
#328=FACE_OUTER_BOUND('',#520,.T.);
#329=FACE_OUTER_BOUND('',#521,.T.);
#330=FACE_OUTER_BOUND('',#522,.T.);
#331=FACE_OUTER_BOUND('',#523,.T.);
#332=FACE_OUTER_BOUND('',#524,.T.);
#333=FACE_OUTER_BOUND('',#525,.T.);
#334=FACE_OUTER_BOUND('',#526,.T.);
#335=FACE_OUTER_BOUND('',#527,.T.);
#336=FACE_OUTER_BOUND('',#528,.T.);
#337=FACE_OUTER_BOUND('',#529,.T.);
#338=FACE_OUTER_BOUND('',#530,.T.);
#339=FACE_OUTER_BOUND('',#531,.T.);
#340=FACE_OUTER_BOUND('',#532,.T.);
#341=FACE_OUTER_BOUND('',#533,.T.);
#342=FACE_OUTER_BOUND('',#534,.T.);
#343=FACE_OUTER_BOUND('',#535,.T.);
#344=FACE_OUTER_BOUND('',#536,.T.);
#345=FACE_OUTER_BOUND('',#537,.T.);
#346=FACE_OUTER_BOUND('',#538,.T.);
#347=FACE_OUTER_BOUND('',#539,.T.);
#348=FACE_OUTER_BOUND('',#540,.T.);
#349=FACE_OUTER_BOUND('',#541,.T.);
#350=FACE_OUTER_BOUND('',#542,.T.);
#351=FACE_OUTER_BOUND('',#543,.T.);
#352=FACE_OUTER_BOUND('',#544,.T.);
#353=FACE_OUTER_BOUND('',#545,.T.);
#354=FACE_OUTER_BOUND('',#546,.T.);
#355=FACE_OUTER_BOUND('',#547,.T.);
#356=FACE_OUTER_BOUND('',#548,.T.);
#357=FACE_OUTER_BOUND('',#549,.T.);
#358=FACE_OUTER_BOUND('',#550,.T.);
#359=FACE_OUTER_BOUND('',#551,.T.);
#360=FACE_OUTER_BOUND('',#552,.T.);
#361=FACE_OUTER_BOUND('',#553,.T.);
#362=FACE_OUTER_BOUND('',#554,.T.);
#363=FACE_OUTER_BOUND('',#555,.T.);
#364=FACE_OUTER_BOUND('',#556,.T.);
#365=FACE_OUTER_BOUND('',#557,.T.);
#366=FACE_OUTER_BOUND('',#558,.T.);
#367=FACE_OUTER_BOUND('',#559,.T.);
#368=FACE_OUTER_BOUND('',#560,.T.);
#369=FACE_OUTER_BOUND('',#561,.T.);
#370=FACE_OUTER_BOUND('',#562,.T.);
#371=FACE_OUTER_BOUND('',#631,.T.);
#372=FACE_OUTER_BOUND('',#632,.T.);
#373=FACE_OUTER_BOUND('',#633,.T.);
#374=FACE_OUTER_BOUND('',#635,.T.);
#375=FACE_OUTER_BOUND('',#637,.T.);
#376=FACE_OUTER_BOUND('',#638,.T.);
#377=FACE_OUTER_BOUND('',#639,.T.);
#378=FACE_OUTER_BOUND('',#640,.T.);
#379=FACE_OUTER_BOUND('',#641,.T.);
#380=FACE_OUTER_BOUND('',#642,.T.);
#381=FACE_OUTER_BOUND('',#643,.T.);
#382=FACE_OUTER_BOUND('',#644,.T.);
#383=EDGE_LOOP('',(#1701,#1702,#1703,#1704));
#384=EDGE_LOOP('',(#1705));
#385=EDGE_LOOP('',(#1706,#1707,#1708,#1709));
#386=EDGE_LOOP('',(#1710,#1711,#1712,#1713));
#387=EDGE_LOOP('',(#1714,#1715,#1716,#1717));
#388=EDGE_LOOP('',(#1718,#1719,#1720));
#389=EDGE_LOOP('',(#1721,#1722,#1723));
#390=EDGE_LOOP('',(#1724,#1725,#1726));
#391=EDGE_LOOP('',(#1727,#1728,#1729));
#392=EDGE_LOOP('',(#1730,#1731,#1732,#1733,#1734,#1735,#1736,#1737,#1738));
#393=EDGE_LOOP('',(#1739,#1740,#1741,#1742));
#394=EDGE_LOOP('',(#1743,#1744,#1745,#1746));
#395=EDGE_LOOP('',(#1747,#1748,#1749,#1750));
#396=EDGE_LOOP('',(#1751,#1752,#1753,#1754));
#397=EDGE_LOOP('',(#1755,#1756,#1757,#1758));
#398=EDGE_LOOP('',(#1759,#1760,#1761,#1762));
#399=EDGE_LOOP('',(#1763,#1764,#1765,#1766));
#400=EDGE_LOOP('',(#1767,#1768,#1769,#1770,#1771,#1772));
#401=EDGE_LOOP('',(#1773,#1774,#1775,#1776));
#402=EDGE_LOOP('',(#1777,#1778,#1779,#1780));
#403=EDGE_LOOP('',(#1781,#1782,#1783,#1784));
#404=EDGE_LOOP('',(#1785,#1786,#1787,#1788));
#405=EDGE_LOOP('',(#1789,#1790,#1791,#1792));
#406=EDGE_LOOP('',(#1793,#1794,#1795,#1796));
#407=EDGE_LOOP('',(#1797,#1798,#1799,#1800));
#408=EDGE_LOOP('',(#1801,#1802,#1803,#1804));
#409=EDGE_LOOP('',(#1805,#1806,#1807,#1808));
#410=EDGE_LOOP('',(#1809,#1810,#1811,#1812));
#411=EDGE_LOOP('',(#1813,#1814,#1815,#1816));
#412=EDGE_LOOP('',(#1817,#1818,#1819,#1820,#1821,#1822));
#413=EDGE_LOOP('',(#1823,#1824,#1825,#1826));
#414=EDGE_LOOP('',(#1827,#1828,#1829,#1830));
#415=EDGE_LOOP('',(#1831,#1832,#1833,#1834));
#416=EDGE_LOOP('',(#1835,#1836,#1837,#1838));
#417=EDGE_LOOP('',(#1839,#1840,#1841,#1842));
#418=EDGE_LOOP('',(#1843,#1844,#1845,#1846));
#419=EDGE_LOOP('',(#1847));
#420=EDGE_LOOP('',(#1848,#1849,#1850,#1851));
#421=EDGE_LOOP('',(#1852));
#422=EDGE_LOOP('',(#1853,#1854,#1855,#1856));
#423=EDGE_LOOP('',(#1857));
#424=EDGE_LOOP('',(#1858,#1859,#1860,#1861));
#425=EDGE_LOOP('',(#1862));
#426=EDGE_LOOP('',(#1863,#1864,#1865,#1866));
#427=EDGE_LOOP('',(#1867));
#428=EDGE_LOOP('',(#1868,#1869,#1870,#1871));
#429=EDGE_LOOP('',(#1872));
#430=EDGE_LOOP('',(#1873,#1874,#1875,#1876));
#431=EDGE_LOOP('',(#1877));
#432=EDGE_LOOP('',(#1878,#1879,#1880,#1881));
#433=EDGE_LOOP('',(#1882));
#434=EDGE_LOOP('',(#1883,#1884,#1885,#1886));
#435=EDGE_LOOP('',(#1887));
#436=EDGE_LOOP('',(#1888,#1889,#1890,#1891));
#437=EDGE_LOOP('',(#1892));
#438=EDGE_LOOP('',(#1893,#1894,#1895,#1896));
#439=EDGE_LOOP('',(#1897));
#440=EDGE_LOOP('',(#1898,#1899,#1900,#1901));
#441=EDGE_LOOP('',(#1902));
#442=EDGE_LOOP('',(#1903,#1904,#1905,#1906));
#443=EDGE_LOOP('',(#1907,#1908,#1909,#1910));
#444=EDGE_LOOP('',(#1911));
#445=EDGE_LOOP('',(#1912,#1913,#1914,#1915));
#446=EDGE_LOOP('',(#1916));
#447=EDGE_LOOP('',(#1917,#1918,#1919,#1920));
#448=EDGE_LOOP('',(#1921));
#449=EDGE_LOOP('',(#1922,#1923,#1924,#1925));
#450=EDGE_LOOP('',(#1926));
#451=EDGE_LOOP('',(#1927,#1928,#1929,#1930));
#452=EDGE_LOOP('',(#1931));
#453=EDGE_LOOP('',(#1932,#1933,#1934,#1935));
#454=EDGE_LOOP('',(#1936));
#455=EDGE_LOOP('',(#1937,#1938,#1939,#1940));
#456=EDGE_LOOP('',(#1941));
#457=EDGE_LOOP('',(#1942,#1943,#1944,#1945));
#458=EDGE_LOOP('',(#1946,#1947,#1948,#1949));
#459=EDGE_LOOP('',(#1950));
#460=EDGE_LOOP('',(#1951,#1952,#1953,#1954));
#461=EDGE_LOOP('',(#1955));
#462=EDGE_LOOP('',(#1956,#1957,#1958,#1959));
#463=EDGE_LOOP('',(#1960));
#464=EDGE_LOOP('',(#1961,#1962,#1963,#1964));
#465=EDGE_LOOP('',(#1965));
#466=EDGE_LOOP('',(#1966,#1967,#1968,#1969));
#467=EDGE_LOOP('',(#1970));
#468=EDGE_LOOP('',(#1971,#1972,#1973,#1974));
#469=EDGE_LOOP('',(#1975));
#470=EDGE_LOOP('',(#1976,#1977,#1978,#1979));
#471=EDGE_LOOP('',(#1980));
#472=EDGE_LOOP('',(#1981,#1982,#1983,#1984));
#473=EDGE_LOOP('',(#1985));
#474=EDGE_LOOP('',(#1986,#1987,#1988,#1989));
#475=EDGE_LOOP('',(#1990));
#476=EDGE_LOOP('',(#1991,#1992,#1993,#1994));
#477=EDGE_LOOP('',(#1995));
#478=EDGE_LOOP('',(#1996,#1997,#1998,#1999));
#479=EDGE_LOOP('',(#2000));
#480=EDGE_LOOP('',(#2001,#2002,#2003,#2004));
#481=EDGE_LOOP('',(#2005));
#482=EDGE_LOOP('',(#2006,#2007,#2008,#2009));
#483=EDGE_LOOP('',(#2010));
#484=EDGE_LOOP('',(#2011,#2012,#2013,#2014));
#485=EDGE_LOOP('',(#2015));
#486=EDGE_LOOP('',(#2016,#2017,#2018,#2019));
#487=EDGE_LOOP('',(#2020));
#488=EDGE_LOOP('',(#2021,#2022,#2023,#2024));
#489=EDGE_LOOP('',(#2025));
#490=EDGE_LOOP('',(#2026,#2027,#2028,#2029));
#491=EDGE_LOOP('',(#2030));
#492=EDGE_LOOP('',(#2031,#2032,#2033,#2034));
#493=EDGE_LOOP('',(#2035));
#494=EDGE_LOOP('',(#2036,#2037,#2038,#2039));
#495=EDGE_LOOP('',(#2040));
#496=EDGE_LOOP('',(#2041,#2042,#2043,#2044));
#497=EDGE_LOOP('',(#2045));
#498=EDGE_LOOP('',(#2046,#2047,#2048,#2049));
#499=EDGE_LOOP('',(#2050));
#500=EDGE_LOOP('',(#2051,#2052,#2053,#2054));
#501=EDGE_LOOP('',(#2055));
#502=EDGE_LOOP('',(#2056,#2057,#2058,#2059));
#503=EDGE_LOOP('',(#2060));
#504=EDGE_LOOP('',(#2061,#2062,#2063,#2064));
#505=EDGE_LOOP('',(#2065));
#506=EDGE_LOOP('',(#2066,#2067,#2068,#2069));
#507=EDGE_LOOP('',(#2070));
#508=EDGE_LOOP('',(#2071,#2072,#2073,#2074));
#509=EDGE_LOOP('',(#2075));
#510=EDGE_LOOP('',(#2076,#2077,#2078,#2079));
#511=EDGE_LOOP('',(#2080));
#512=EDGE_LOOP('',(#2081,#2082,#2083,#2084));
#513=EDGE_LOOP('',(#2085));
#514=EDGE_LOOP('',(#2086,#2087,#2088,#2089));
#515=EDGE_LOOP('',(#2090));
#516=EDGE_LOOP('',(#2091,#2092,#2093,#2094));
#517=EDGE_LOOP('',(#2095));
#518=EDGE_LOOP('',(#2096,#2097,#2098,#2099));
#519=EDGE_LOOP('',(#2100));
#520=EDGE_LOOP('',(#2101,#2102,#2103,#2104));
#521=EDGE_LOOP('',(#2105));
#522=EDGE_LOOP('',(#2106,#2107,#2108,#2109));
#523=EDGE_LOOP('',(#2110));
#524=EDGE_LOOP('',(#2111,#2112,#2113,#2114));
#525=EDGE_LOOP('',(#2115));
#526=EDGE_LOOP('',(#2116,#2117,#2118,#2119));
#527=EDGE_LOOP('',(#2120));
#528=EDGE_LOOP('',(#2121,#2122,#2123,#2124));
#529=EDGE_LOOP('',(#2125));
#530=EDGE_LOOP('',(#2126,#2127,#2128,#2129));
#531=EDGE_LOOP('',(#2130));
#532=EDGE_LOOP('',(#2131,#2132,#2133,#2134));
#533=EDGE_LOOP('',(#2135));
#534=EDGE_LOOP('',(#2136,#2137,#2138,#2139));
#535=EDGE_LOOP('',(#2140));
#536=EDGE_LOOP('',(#2141,#2142,#2143,#2144));
#537=EDGE_LOOP('',(#2145));
#538=EDGE_LOOP('',(#2146,#2147,#2148,#2149));
#539=EDGE_LOOP('',(#2150));
#540=EDGE_LOOP('',(#2151,#2152,#2153,#2154));
#541=EDGE_LOOP('',(#2155));
#542=EDGE_LOOP('',(#2156,#2157,#2158,#2159));
#543=EDGE_LOOP('',(#2160));
#544=EDGE_LOOP('',(#2161,#2162,#2163,#2164));
#545=EDGE_LOOP('',(#2165));
#546=EDGE_LOOP('',(#2166,#2167,#2168,#2169));
#547=EDGE_LOOP('',(#2170));
#548=EDGE_LOOP('',(#2171,#2172,#2173,#2174));
#549=EDGE_LOOP('',(#2175));
#550=EDGE_LOOP('',(#2176,#2177,#2178,#2179));
#551=EDGE_LOOP('',(#2180));
#552=EDGE_LOOP('',(#2181,#2182,#2183,#2184));
#553=EDGE_LOOP('',(#2185));
#554=EDGE_LOOP('',(#2186,#2187,#2188,#2189));
#555=EDGE_LOOP('',(#2190,#2191,#2192,#2193));
#556=EDGE_LOOP('',(#2194,#2195,#2196,#2197));
#557=EDGE_LOOP('',(#2198,#2199,#2200,#2201));
#558=EDGE_LOOP('',(#2202,#2203,#2204,#2205));
#559=EDGE_LOOP('',(#2206,#2207,#2208,#2209));
#560=EDGE_LOOP('',(#2210,#2211,#2212,#2213));
#561=EDGE_LOOP('',(#2214,#2215,#2216,#2217));
#562=EDGE_LOOP('',(#2218,#2219,#2220,#2221,#2222,#2223,#2224,#2225));
#563=EDGE_LOOP('',(#2226));
#564=EDGE_LOOP('',(#2227));
#565=EDGE_LOOP('',(#2228));
#566=EDGE_LOOP('',(#2229));
#567=EDGE_LOOP('',(#2230));
#568=EDGE_LOOP('',(#2231));
#569=EDGE_LOOP('',(#2232));
#570=EDGE_LOOP('',(#2233));
#571=EDGE_LOOP('',(#2234));
#572=EDGE_LOOP('',(#2235));
#573=EDGE_LOOP('',(#2236));
#574=EDGE_LOOP('',(#2237));
#575=EDGE_LOOP('',(#2238));
#576=EDGE_LOOP('',(#2239));
#577=EDGE_LOOP('',(#2240));
#578=EDGE_LOOP('',(#2241));
#579=EDGE_LOOP('',(#2242));
#580=EDGE_LOOP('',(#2243));
#581=EDGE_LOOP('',(#2244));
#582=EDGE_LOOP('',(#2245));
#583=EDGE_LOOP('',(#2246));
#584=EDGE_LOOP('',(#2247));
#585=EDGE_LOOP('',(#2248));
#586=EDGE_LOOP('',(#2249));
#587=EDGE_LOOP('',(#2250));
#588=EDGE_LOOP('',(#2251));
#589=EDGE_LOOP('',(#2252));
#590=EDGE_LOOP('',(#2253));
#591=EDGE_LOOP('',(#2254));
#592=EDGE_LOOP('',(#2255));
#593=EDGE_LOOP('',(#2256));
#594=EDGE_LOOP('',(#2257));
#595=EDGE_LOOP('',(#2258));
#596=EDGE_LOOP('',(#2259));
#597=EDGE_LOOP('',(#2260));
#598=EDGE_LOOP('',(#2261));
#599=EDGE_LOOP('',(#2262));
#600=EDGE_LOOP('',(#2263));
#601=EDGE_LOOP('',(#2264));
#602=EDGE_LOOP('',(#2265));
#603=EDGE_LOOP('',(#2266));
#604=EDGE_LOOP('',(#2267));
#605=EDGE_LOOP('',(#2268));
#606=EDGE_LOOP('',(#2269));
#607=EDGE_LOOP('',(#2270));
#608=EDGE_LOOP('',(#2271));
#609=EDGE_LOOP('',(#2272));
#610=EDGE_LOOP('',(#2273));
#611=EDGE_LOOP('',(#2274));
#612=EDGE_LOOP('',(#2275));
#613=EDGE_LOOP('',(#2276));
#614=EDGE_LOOP('',(#2277));
#615=EDGE_LOOP('',(#2278));
#616=EDGE_LOOP('',(#2279));
#617=EDGE_LOOP('',(#2280));
#618=EDGE_LOOP('',(#2281));
#619=EDGE_LOOP('',(#2282));
#620=EDGE_LOOP('',(#2283));
#621=EDGE_LOOP('',(#2284));
#622=EDGE_LOOP('',(#2285));
#623=EDGE_LOOP('',(#2286));
#624=EDGE_LOOP('',(#2287));
#625=EDGE_LOOP('',(#2288));
#626=EDGE_LOOP('',(#2289));
#627=EDGE_LOOP('',(#2290));
#628=EDGE_LOOP('',(#2291));
#629=EDGE_LOOP('',(#2292));
#630=EDGE_LOOP('',(#2293,#2294,#2295,#2296));
#631=EDGE_LOOP('',(#2297,#2298,#2299,#2300));
#632=EDGE_LOOP('',(#2301,#2302,#2303,#2304));
#633=EDGE_LOOP('',(#2305,#2306,#2307,#2308,#2309,#2310));
#634=EDGE_LOOP('',(#2311,#2312,#2313,#2314,#2315,#2316));
#635=EDGE_LOOP('',(#2317,#2318,#2319,#2320,#2321,#2322));
#636=EDGE_LOOP('',(#2323,#2324,#2325,#2326,#2327,#2328,#2329,#2330));
#637=EDGE_LOOP('',(#2331,#2332,#2333,#2334));
#638=EDGE_LOOP('',(#2335,#2336,#2337,#2338));
#639=EDGE_LOOP('',(#2339,#2340,#2341,#2342,#2343,#2344,#2345,#2346,#2347));
#640=EDGE_LOOP('',(#2348,#2349,#2350,#2351));
#641=EDGE_LOOP('',(#2352,#2353,#2354,#2355));
#642=EDGE_LOOP('',(#2356,#2357,#2358,#2359));
#643=EDGE_LOOP('',(#2360,#2361,#2362,#2363));
#644=EDGE_LOOP('',(#2364,#2365,#2366,#2367,#2368,#2369,#2370,#2371));
#645=EDGE_LOOP('',(#2372));
#646=EDGE_LOOP('',(#2373,#2374,#2375,#2376));
#647=LINE('',#3946,#803);
#648=LINE('',#3954,#804);
#649=LINE('',#3957,#805);
#650=LINE('',#3962,#806);
#651=LINE('',#3965,#807);
#652=LINE('',#3971,#808);
#653=LINE('',#3973,#809);
#654=LINE('',#4004,#810);
#655=LINE('',#4006,#811);
#656=LINE('',#4008,#812);
#657=LINE('',#4010,#813);
#658=LINE('',#4012,#814);
#659=LINE('',#4014,#815);
#660=LINE('',#4015,#816);
#661=LINE('',#4018,#817);
#662=LINE('',#4022,#818);
#663=LINE('',#4023,#819);
#664=LINE('',#4026,#820);
#665=LINE('',#4033,#821);
#666=LINE('',#4036,#822);
#667=LINE('',#4039,#823);
#668=LINE('',#4041,#824);
#669=LINE('',#4042,#825);
#670=LINE('',#4048,#826);
#671=LINE('',#4051,#827);
#672=LINE('',#4053,#828);
#673=LINE('',#4054,#829);
#674=LINE('',#4057,#830);
#675=LINE('',#4059,#831);
#676=LINE('',#4060,#832);
#677=LINE('',#4071,#833);
#678=LINE('',#4074,#834);
#679=LINE('',#4077,#835);
#680=LINE('',#4081,#836);
#681=LINE('',#4087,#837);
#682=LINE('',#4089,#838);
#683=LINE('',#4090,#839);
#684=LINE('',#4092,#840);
#685=LINE('',#4093,#841);
#686=LINE('',#4097,#842);
#687=LINE('',#4099,#843);
#688=LINE('',#4101,#844);
#689=LINE('',#4102,#845);
#690=LINE('',#4105,#846);
#691=LINE('',#4107,#847);
#692=LINE('',#4108,#848);
#693=LINE('',#4111,#849);
#694=LINE('',#4113,#850);
#695=LINE('',#4114,#851);
#696=LINE('',#4116,#852);
#697=LINE('',#4117,#853);
#698=LINE('',#4122,#854);
#699=LINE('',#4124,#855);
#700=LINE('',#4126,#856);
#701=LINE('',#4127,#857);
#702=LINE('',#4131,#858);
#703=LINE('',#4133,#859);
#704=LINE('',#4135,#860);
#705=LINE('',#4136,#861);
#706=LINE('',#4144,#862);
#707=LINE('',#4151,#863);
#708=LINE('',#4158,#864);
#709=LINE('',#4165,#865);
#710=LINE('',#4172,#866);
#711=LINE('',#4179,#867);
#712=LINE('',#4186,#868);
#713=LINE('',#4193,#869);
#714=LINE('',#4200,#870);
#715=LINE('',#4207,#871);
#716=LINE('',#4214,#872);
#717=LINE('',#4221,#873);
#718=LINE('',#4230,#874);
#719=LINE('',#4237,#875);
#720=LINE('',#4244,#876);
#721=LINE('',#4251,#877);
#722=LINE('',#4258,#878);
#723=LINE('',#4265,#879);
#724=LINE('',#4272,#880);
#725=LINE('',#4281,#881);
#726=LINE('',#4288,#882);
#727=LINE('',#4295,#883);
#728=LINE('',#4302,#884);
#729=LINE('',#4309,#885);
#730=LINE('',#4316,#886);
#731=LINE('',#4323,#887);
#732=LINE('',#4330,#888);
#733=LINE('',#4337,#889);
#734=LINE('',#4344,#890);
#735=LINE('',#4351,#891);
#736=LINE('',#4358,#892);
#737=LINE('',#4365,#893);
#738=LINE('',#4372,#894);
#739=LINE('',#4379,#895);
#740=LINE('',#4386,#896);
#741=LINE('',#4393,#897);
#742=LINE('',#4400,#898);
#743=LINE('',#4407,#899);
#744=LINE('',#4414,#900);
#745=LINE('',#4421,#901);
#746=LINE('',#4428,#902);
#747=LINE('',#4435,#903);
#748=LINE('',#4442,#904);
#749=LINE('',#4449,#905);
#750=LINE('',#4456,#906);
#751=LINE('',#4463,#907);
#752=LINE('',#4470,#908);
#753=LINE('',#4477,#909);
#754=LINE('',#4484,#910);
#755=LINE('',#4491,#911);
#756=LINE('',#4498,#912);
#757=LINE('',#4505,#913);
#758=LINE('',#4512,#914);
#759=LINE('',#4519,#915);
#760=LINE('',#4526,#916);
#761=LINE('',#4533,#917);
#762=LINE('',#4540,#918);
#763=LINE('',#4547,#919);
#764=LINE('',#4554,#920);
#765=LINE('',#4561,#921);
#766=LINE('',#4568,#922);
#767=LINE('',#4575,#923);
#768=LINE('',#4582,#924);
#769=LINE('',#4589,#925);
#770=LINE('',#4596,#926);
#771=LINE('',#4603,#927);
#772=LINE('',#4610,#928);
#773=LINE('',#4618,#929);
#774=LINE('',#4621,#930);
#775=LINE('',#4624,#931);
#776=LINE('',#4626,#932);
#777=LINE('',#4627,#933);
#778=LINE('',#4633,#934);
#779=LINE('',#4636,#935);
#780=LINE('',#4638,#936);
#781=LINE('',#4639,#937);
#782=LINE('',#4645,#938);
#783=LINE('',#4648,#939);
#784=LINE('',#4650,#940);
#785=LINE('',#4651,#941);
#786=LINE('',#4657,#942);
#787=LINE('',#4659,#943);
#788=LINE('',#4660,#944);
#789=LINE('',#4665,#945);
#790=LINE('',#4670,#946);
#791=LINE('',#4671,#947);
#792=LINE('',#4674,#948);
#793=LINE('',#4678,#949);
#794=LINE('',#4683,#950);
#795=LINE('',#4684,#951);
#796=LINE('',#4685,#952);
#797=LINE('',#4689,#953);
#798=LINE('',#4692,#954);
#799=LINE('',#4693,#955);
#800=LINE('',#4697,#956);
#801=LINE('',#4700,#957);
#802=LINE('',#4701,#958);
#803=VECTOR('',#3048,1.05);
#804=VECTOR('',#3057,10.);
#805=VECTOR('',#3060,10.);
#806=VECTOR('',#3065,10.);
#807=VECTOR('',#3068,10.);
#808=VECTOR('',#3073,10.);
#809=VECTOR('',#3076,10.);
#810=VECTOR('',#3095,10.);
#811=VECTOR('',#3096,10.);
#812=VECTOR('',#3097,10.);
#813=VECTOR('',#3098,10.);
#814=VECTOR('',#3099,10.);
#815=VECTOR('',#3100,10.);
#816=VECTOR('',#3101,10.);
#817=VECTOR('',#3104,10.);
#818=VECTOR('',#3109,10.);
#819=VECTOR('',#3110,10.);
#820=VECTOR('',#3113,10.);
#821=VECTOR('',#3120,10.);
#822=VECTOR('',#3123,10.);
#823=VECTOR('',#3126,10.);
#824=VECTOR('',#3127,10.);
#825=VECTOR('',#3128,10.);
#826=VECTOR('',#3133,10.);
#827=VECTOR('',#3136,10.);
#828=VECTOR('',#3139,10.);
#829=VECTOR('',#3140,10.);
#830=VECTOR('',#3143,10.);
#831=VECTOR('',#3144,10.);
#832=VECTOR('',#3145,10.);
#833=VECTOR('',#3156,10.);
#834=VECTOR('',#3159,10.);
#835=VECTOR('',#3162,10.);
#836=VECTOR('',#3167,10.);
#837=VECTOR('',#3176,10.);
#838=VECTOR('',#3177,10.);
#839=VECTOR('',#3178,10.);
#840=VECTOR('',#3181,10.);
#841=VECTOR('',#3182,10.);
#842=VECTOR('',#3185,10.);
#843=VECTOR('',#3186,10.);
#844=VECTOR('',#3187,10.);
#845=VECTOR('',#3188,10.);
#846=VECTOR('',#3191,10.);
#847=VECTOR('',#3192,10.);
#848=VECTOR('',#3193,10.);
#849=VECTOR('',#3196,10.);
#850=VECTOR('',#3197,10.);
#851=VECTOR('',#3198,10.);
#852=VECTOR('',#3201,10.);
#853=VECTOR('',#3202,10.);
#854=VECTOR('',#3207,10.);
#855=VECTOR('',#3208,10.);
#856=VECTOR('',#3209,10.);
#857=VECTOR('',#3210,10.);
#858=VECTOR('',#3213,10.);
#859=VECTOR('',#3214,10.);
#860=VECTOR('',#3215,10.);
#861=VECTOR('',#3216,10.);
#862=VECTOR('',#3227,1.6032);
#863=VECTOR('',#3236,1.6032);
#864=VECTOR('',#3245,1.6032);
#865=VECTOR('',#3254,1.6032);
#866=VECTOR('',#3263,1.6032);
#867=VECTOR('',#3272,1.6032);
#868=VECTOR('',#3281,1.6032);
#869=VECTOR('',#3290,1.6032);
#870=VECTOR('',#3299,1.6032);
#871=VECTOR('',#3308,1.6032);
#872=VECTOR('',#3317,1.6032);
#873=VECTOR('',#3326,1.6032);
#874=VECTOR('',#3339,1.6032);
#875=VECTOR('',#3348,1.6032);
#876=VECTOR('',#3357,1.6032);
#877=VECTOR('',#3366,1.6032);
#878=VECTOR('',#3375,1.6032);
#879=VECTOR('',#3384,1.6032);
#880=VECTOR('',#3393,1.6032);
#881=VECTOR('',#3406,1.6032);
#882=VECTOR('',#3415,1.6032);
#883=VECTOR('',#3424,1.6032);
#884=VECTOR('',#3433,1.6032);
#885=VECTOR('',#3442,1.6032);
#886=VECTOR('',#3451,1.6032);
#887=VECTOR('',#3460,1.6032);
#888=VECTOR('',#3469,1.6032);
#889=VECTOR('',#3478,1.6032);
#890=VECTOR('',#3487,1.6032);
#891=VECTOR('',#3496,1.6032);
#892=VECTOR('',#3505,1.6032);
#893=VECTOR('',#3514,1.6032);
#894=VECTOR('',#3523,1.6032);
#895=VECTOR('',#3532,1.6032);
#896=VECTOR('',#3541,1.6032);
#897=VECTOR('',#3550,1.6032);
#898=VECTOR('',#3559,1.6032);
#899=VECTOR('',#3568,1.6032);
#900=VECTOR('',#3577,1.6032);
#901=VECTOR('',#3586,1.6032);
#902=VECTOR('',#3595,1.6032);
#903=VECTOR('',#3604,1.6032);
#904=VECTOR('',#3613,1.6032);
#905=VECTOR('',#3622,1.6032);
#906=VECTOR('',#3631,1.6032);
#907=VECTOR('',#3640,1.6032);
#908=VECTOR('',#3649,1.6032);
#909=VECTOR('',#3658,1.6032);
#910=VECTOR('',#3667,1.6032);
#911=VECTOR('',#3676,1.6032);
#912=VECTOR('',#3685,1.6032);
#913=VECTOR('',#3694,1.6032);
#914=VECTOR('',#3703,1.6032);
#915=VECTOR('',#3712,1.6032);
#916=VECTOR('',#3721,1.6032);
#917=VECTOR('',#3730,1.6032);
#918=VECTOR('',#3739,1.6032);
#919=VECTOR('',#3748,1.6032);
#920=VECTOR('',#3757,1.6032);
#921=VECTOR('',#3766,1.6032);
#922=VECTOR('',#3775,1.6032);
#923=VECTOR('',#3784,1.6032);
#924=VECTOR('',#3793,1.6032);
#925=VECTOR('',#3802,1.6032);
#926=VECTOR('',#3811,1.6032);
#927=VECTOR('',#3820,1.6032);
#928=VECTOR('',#3829,1.6032);
#929=VECTOR('',#3838,10.);
#930=VECTOR('',#3841,10.);
#931=VECTOR('',#3844,10.);
#932=VECTOR('',#3845,10.);
#933=VECTOR('',#3846,10.);
#934=VECTOR('',#3851,10.);
#935=VECTOR('',#3854,10.);
#936=VECTOR('',#3857,10.);
#937=VECTOR('',#3858,10.);
#938=VECTOR('',#3863,10.);
#939=VECTOR('',#3866,10.);
#940=VECTOR('',#3869,10.);
#941=VECTOR('',#3870,10.);
#942=VECTOR('',#3877,10.);
#943=VECTOR('',#3880,10.);
#944=VECTOR('',#3881,10.);
#945=VECTOR('',#3888,10.);
#946=VECTOR('',#3895,10.);
#947=VECTOR('',#3896,10.);
#948=VECTOR('',#3899,10.);
#949=VECTOR('',#3902,10.);
#950=VECTOR('',#3907,10.);
#951=VECTOR('',#3908,10.);
#952=VECTOR('',#3909,10.);
#953=VECTOR('',#3914,10.);
#954=VECTOR('',#3917,10.);
#955=VECTOR('',#3918,10.);
#956=VECTOR('',#3923,10.);
#957=VECTOR('',#3926,10.);
#958=VECTOR('',#3927,10.);
#959=CIRCLE('',#2671,1.05);
#960=CIRCLE('',#2672,1.05);
#961=CIRCLE('',#2675,3.);
#962=CIRCLE('',#2676,3.);
#963=CIRCLE('',#2678,3.);
#964=CIRCLE('',#2679,3.);
#965=CIRCLE('',#2681,3.00000000000002);
#966=CIRCLE('',#2682,3.00000000000001);
#967=CIRCLE('',#2683,3.);
#968=CIRCLE('',#2684,3.);
#969=CIRCLE('',#2686,3.);
#970=CIRCLE('',#2688,3.);
#971=CIRCLE('',#2689,3.);
#972=CIRCLE('',#2690,3.);
#973=CIRCLE('',#2693,3.);
#974=CIRCLE('',#2696,3.);
#975=CIRCLE('',#2698,1.5);
#976=CIRCLE('',#2699,1.5);
#977=CIRCLE('',#2702,1.5);
#978=CIRCLE('',#2703,1.5);
#979=CIRCLE('',#2706,5.00000000000001);
#980=CIRCLE('',#2707,5.);
#981=CIRCLE('',#2708,4.99999999999999);
#982=CIRCLE('',#2709,4.99999999999999);
#983=CIRCLE('',#2711,5.00000000000001);
#984=CIRCLE('',#2713,4.99999999999999);
#985=CIRCLE('',#2715,4.99999999999999);
#986=CIRCLE('',#2717,5.);
#987=CIRCLE('',#2728,1.6032);
#988=CIRCLE('',#2729,1.6032);
#989=CIRCLE('',#2731,1.6032);
#990=CIRCLE('',#2732,1.6032);
#991=CIRCLE('',#2735,1.6032);
#992=CIRCLE('',#2736,1.6032);
#993=CIRCLE('',#2739,1.6032);
#994=CIRCLE('',#2740,1.6032);
#995=CIRCLE('',#2743,1.6032);
#996=CIRCLE('',#2744,1.6032);
#997=CIRCLE('',#2747,1.6032);
#998=CIRCLE('',#2748,1.6032);
#999=CIRCLE('',#2751,1.6032);
#1000=CIRCLE('',#2752,1.6032);
#1001=CIRCLE('',#2755,1.6032);
#1002=CIRCLE('',#2756,1.6032);
#1003=CIRCLE('',#2759,1.6032);
#1004=CIRCLE('',#2760,1.6032);
#1005=CIRCLE('',#2763,1.6032);
#1006=CIRCLE('',#2764,1.6032);
#1007=CIRCLE('',#2767,1.6032);
#1008=CIRCLE('',#2768,1.6032);
#1009=CIRCLE('',#2771,1.6032);
#1010=CIRCLE('',#2772,1.6032);
#1011=CIRCLE('',#2775,1.6032);
#1012=CIRCLE('',#2776,1.6032);
#1013=CIRCLE('',#2779,1.6032);
#1014=CIRCLE('',#2781,1.6032);
#1015=CIRCLE('',#2782,1.6032);
#1016=CIRCLE('',#2785,1.6032);
#1017=CIRCLE('',#2786,1.6032);
#1018=CIRCLE('',#2789,1.6032);
#1019=CIRCLE('',#2790,1.6032);
#1020=CIRCLE('',#2793,1.6032);
#1021=CIRCLE('',#2794,1.6032);
#1022=CIRCLE('',#2797,1.6032);
#1023=CIRCLE('',#2798,1.6032);
#1024=CIRCLE('',#2801,1.6032);
#1025=CIRCLE('',#2802,1.6032);
#1026=CIRCLE('',#2805,1.6032);
#1027=CIRCLE('',#2806,1.6032);
#1028=CIRCLE('',#2809,1.6032);
#1029=CIRCLE('',#2811,1.6032);
#1030=CIRCLE('',#2812,1.6032);
#1031=CIRCLE('',#2815,1.6032);
#1032=CIRCLE('',#2816,1.6032);
#1033=CIRCLE('',#2819,1.6032);
#1034=CIRCLE('',#2820,1.6032);
#1035=CIRCLE('',#2823,1.6032);
#1036=CIRCLE('',#2824,1.6032);
#1037=CIRCLE('',#2827,1.6032);
#1038=CIRCLE('',#2828,1.6032);
#1039=CIRCLE('',#2831,1.6032);
#1040=CIRCLE('',#2832,1.6032);
#1041=CIRCLE('',#2835,1.6032);
#1042=CIRCLE('',#2836,1.6032);
#1043=CIRCLE('',#2839,1.6032);
#1044=CIRCLE('',#2840,1.6032);
#1045=CIRCLE('',#2843,1.6032);
#1046=CIRCLE('',#2844,1.6032);
#1047=CIRCLE('',#2847,1.6032);
#1048=CIRCLE('',#2848,1.6032);
#1049=CIRCLE('',#2851,1.6032);
#1050=CIRCLE('',#2852,1.6032);
#1051=CIRCLE('',#2855,1.6032);
#1052=CIRCLE('',#2856,1.6032);
#1053=CIRCLE('',#2859,1.6032);
#1054=CIRCLE('',#2860,1.6032);
#1055=CIRCLE('',#2863,1.6032);
#1056=CIRCLE('',#2864,1.6032);
#1057=CIRCLE('',#2867,1.6032);
#1058=CIRCLE('',#2868,1.6032);
#1059=CIRCLE('',#2871,1.6032);
#1060=CIRCLE('',#2872,1.6032);
#1061=CIRCLE('',#2875,1.6032);
#1062=CIRCLE('',#2876,1.6032);
#1063=CIRCLE('',#2879,1.6032);
#1064=CIRCLE('',#2880,1.6032);
#1065=CIRCLE('',#2883,1.6032);
#1066=CIRCLE('',#2884,1.6032);
#1067=CIRCLE('',#2887,1.6032);
#1068=CIRCLE('',#2888,1.6032);
#1069=CIRCLE('',#2891,1.6032);
#1070=CIRCLE('',#2892,1.6032);
#1071=CIRCLE('',#2895,1.6032);
#1072=CIRCLE('',#2896,1.6032);
#1073=CIRCLE('',#2899,1.6032);
#1074=CIRCLE('',#2900,1.6032);
#1075=CIRCLE('',#2903,1.6032);
#1076=CIRCLE('',#2904,1.6032);
#1077=CIRCLE('',#2907,1.6032);
#1078=CIRCLE('',#2908,1.6032);
#1079=CIRCLE('',#2911,1.6032);
#1080=CIRCLE('',#2912,1.6032);
#1081=CIRCLE('',#2915,1.6032);
#1082=CIRCLE('',#2916,1.6032);
#1083=CIRCLE('',#2919,1.6032);
#1084=CIRCLE('',#2920,1.6032);
#1085=CIRCLE('',#2923,1.6032);
#1086=CIRCLE('',#2924,1.6032);
#1087=CIRCLE('',#2927,1.6032);
#1088=CIRCLE('',#2928,1.6032);
#1089=CIRCLE('',#2931,1.6032);
#1090=CIRCLE('',#2932,1.6032);
#1091=CIRCLE('',#2935,1.6032);
#1092=CIRCLE('',#2936,1.6032);
#1093=CIRCLE('',#2939,1.6032);
#1094=CIRCLE('',#2940,1.6032);
#1095=CIRCLE('',#2943,1.6032);
#1096=CIRCLE('',#2944,1.6032);
#1097=CIRCLE('',#2947,1.6032);
#1098=CIRCLE('',#2948,1.6032);
#1099=CIRCLE('',#2951,1.6032);
#1100=CIRCLE('',#2952,1.6032);
#1101=CIRCLE('',#2955,1.6032);
#1102=CIRCLE('',#2956,1.6032);
#1103=CIRCLE('',#2959,1.6032);
#1104=CIRCLE('',#2960,1.6032);
#1105=CIRCLE('',#2963,1.6032);
#1106=CIRCLE('',#2964,1.6032);
#1107=CIRCLE('',#2967,1.6032);
#1108=CIRCLE('',#2968,1.6032);
#1109=CIRCLE('',#2971,1.6032);
#1110=CIRCLE('',#2972,1.6032);
#1111=CIRCLE('',#2975,1.6032);
#1112=CIRCLE('',#2976,1.6032);
#1113=CIRCLE('',#2979,1.6032);
#1114=CIRCLE('',#2980,1.6032);
#1115=CIRCLE('',#2983,1.6032);
#1116=CIRCLE('',#2984,1.6032);
#1117=CIRCLE('',#2987,1.6032);
#1118=CIRCLE('',#2988,1.6032);
#1119=CIRCLE('',#2991,1.6032);
#1120=CIRCLE('',#2992,1.6032);
#1121=CIRCLE('',#2995,1.6032);
#1122=CIRCLE('',#2996,1.6032);
#1123=CIRCLE('',#2999,1.6032);
#1124=CIRCLE('',#3000,1.6032);
#1125=CIRCLE('',#3003,2.1032);
#1126=CIRCLE('',#3004,2.1032);
#1127=CIRCLE('',#3007,2.1032);
#1128=CIRCLE('',#3008,2.1032);
#1129=CIRCLE('',#3011,2.1032);
#1130=CIRCLE('',#3012,2.1032);
#1131=CIRCLE('',#3015,2.1032);
#1132=CIRCLE('',#3016,2.1032);
#1133=CIRCLE('',#3020,3.10000000000002);
#1134=CIRCLE('',#3022,3.1);
#1135=CIRCLE('',#3025,3.1);
#1136=CIRCLE('',#3026,3.1);
#1137=CIRCLE('',#3029,3.1);
#1138=CIRCLE('',#3032,3.10000000000002);
#1139=CIRCLE('',#3035,3.1);
#1140=CIRCLE('',#3037,3.1);
#1141=VERTEX_POINT('',#3943);
#1142=VERTEX_POINT('',#3945);
#1143=VERTEX_POINT('',#3950);
#1144=VERTEX_POINT('',#3951);
#1145=VERTEX_POINT('',#3953);
#1146=VERTEX_POINT('',#3955);
#1147=VERTEX_POINT('',#3959);
#1148=VERTEX_POINT('',#3961);
#1149=VERTEX_POINT('',#3963);
#1150=VERTEX_POINT('',#3967);
#1151=VERTEX_POINT('',#3968);
#1152=VERTEX_POINT('',#3970);
#1153=VERTEX_POINT('',#3983);
#1154=VERTEX_POINT('',#3999);
#1155=VERTEX_POINT('',#4003);
#1156=VERTEX_POINT('',#4005);
#1157=VERTEX_POINT('',#4007);
#1158=VERTEX_POINT('',#4009);
#1159=VERTEX_POINT('',#4011);
#1160=VERTEX_POINT('',#4013);
#1161=VERTEX_POINT('',#4017);
#1162=VERTEX_POINT('',#4021);
#1163=VERTEX_POINT('',#4025);
#1164=VERTEX_POINT('',#4029);
#1165=VERTEX_POINT('',#4030);
#1166=VERTEX_POINT('',#4032);
#1167=VERTEX_POINT('',#4034);
#1168=VERTEX_POINT('',#4038);
#1169=VERTEX_POINT('',#4040);
#1170=VERTEX_POINT('',#4044);
#1171=VERTEX_POINT('',#4045);
#1172=VERTEX_POINT('',#4047);
#1173=VERTEX_POINT('',#4049);
#1174=VERTEX_POINT('',#4056);
#1175=VERTEX_POINT('',#4058);
#1176=VERTEX_POINT('',#4061);
#1177=VERTEX_POINT('',#4062);
#1178=VERTEX_POINT('',#4064);
#1179=VERTEX_POINT('',#4066);
#1180=VERTEX_POINT('',#4070);
#1181=VERTEX_POINT('',#4072);
#1182=VERTEX_POINT('',#4076);
#1183=VERTEX_POINT('',#4080);
#1184=VERTEX_POINT('',#4086);
#1185=VERTEX_POINT('',#4088);
#1186=VERTEX_POINT('',#4095);
#1187=VERTEX_POINT('',#4096);
#1188=VERTEX_POINT('',#4098);
#1189=VERTEX_POINT('',#4100);
#1190=VERTEX_POINT('',#4104);
#1191=VERTEX_POINT('',#4106);
#1192=VERTEX_POINT('',#4110);
#1193=VERTEX_POINT('',#4112);
#1194=VERTEX_POINT('',#4120);
#1195=VERTEX_POINT('',#4121);
#1196=VERTEX_POINT('',#4123);
#1197=VERTEX_POINT('',#4125);
#1198=VERTEX_POINT('',#4129);
#1199=VERTEX_POINT('',#4130);
#1200=VERTEX_POINT('',#4132);
#1201=VERTEX_POINT('',#4134);
#1202=VERTEX_POINT('',#4141);
#1203=VERTEX_POINT('',#4143);
#1204=VERTEX_POINT('',#4148);
#1205=VERTEX_POINT('',#4150);
#1206=VERTEX_POINT('',#4155);
#1207=VERTEX_POINT('',#4157);
#1208=VERTEX_POINT('',#4162);
#1209=VERTEX_POINT('',#4164);
#1210=VERTEX_POINT('',#4169);
#1211=VERTEX_POINT('',#4171);
#1212=VERTEX_POINT('',#4176);
#1213=VERTEX_POINT('',#4178);
#1214=VERTEX_POINT('',#4183);
#1215=VERTEX_POINT('',#4185);
#1216=VERTEX_POINT('',#4190);
#1217=VERTEX_POINT('',#4192);
#1218=VERTEX_POINT('',#4197);
#1219=VERTEX_POINT('',#4199);
#1220=VERTEX_POINT('',#4204);
#1221=VERTEX_POINT('',#4206);
#1222=VERTEX_POINT('',#4211);
#1223=VERTEX_POINT('',#4213);
#1224=VERTEX_POINT('',#4218);
#1225=VERTEX_POINT('',#4220);
#1226=VERTEX_POINT('',#4227);
#1227=VERTEX_POINT('',#4229);
#1228=VERTEX_POINT('',#4234);
#1229=VERTEX_POINT('',#4236);
#1230=VERTEX_POINT('',#4241);
#1231=VERTEX_POINT('',#4243);
#1232=VERTEX_POINT('',#4248);
#1233=VERTEX_POINT('',#4250);
#1234=VERTEX_POINT('',#4255);
#1235=VERTEX_POINT('',#4257);
#1236=VERTEX_POINT('',#4262);
#1237=VERTEX_POINT('',#4264);
#1238=VERTEX_POINT('',#4269);
#1239=VERTEX_POINT('',#4271);
#1240=VERTEX_POINT('',#4278);
#1241=VERTEX_POINT('',#4280);
#1242=VERTEX_POINT('',#4285);
#1243=VERTEX_POINT('',#4287);
#1244=VERTEX_POINT('',#4292);
#1245=VERTEX_POINT('',#4294);
#1246=VERTEX_POINT('',#4299);
#1247=VERTEX_POINT('',#4301);
#1248=VERTEX_POINT('',#4306);
#1249=VERTEX_POINT('',#4308);
#1250=VERTEX_POINT('',#4313);
#1251=VERTEX_POINT('',#4315);
#1252=VERTEX_POINT('',#4320);
#1253=VERTEX_POINT('',#4322);
#1254=VERTEX_POINT('',#4327);
#1255=VERTEX_POINT('',#4329);
#1256=VERTEX_POINT('',#4334);
#1257=VERTEX_POINT('',#4336);
#1258=VERTEX_POINT('',#4341);
#1259=VERTEX_POINT('',#4343);
#1260=VERTEX_POINT('',#4348);
#1261=VERTEX_POINT('',#4350);
#1262=VERTEX_POINT('',#4355);
#1263=VERTEX_POINT('',#4357);
#1264=VERTEX_POINT('',#4362);
#1265=VERTEX_POINT('',#4364);
#1266=VERTEX_POINT('',#4369);
#1267=VERTEX_POINT('',#4371);
#1268=VERTEX_POINT('',#4376);
#1269=VERTEX_POINT('',#4378);
#1270=VERTEX_POINT('',#4383);
#1271=VERTEX_POINT('',#4385);
#1272=VERTEX_POINT('',#4390);
#1273=VERTEX_POINT('',#4392);
#1274=VERTEX_POINT('',#4397);
#1275=VERTEX_POINT('',#4399);
#1276=VERTEX_POINT('',#4404);
#1277=VERTEX_POINT('',#4406);
#1278=VERTEX_POINT('',#4411);
#1279=VERTEX_POINT('',#4413);
#1280=VERTEX_POINT('',#4418);
#1281=VERTEX_POINT('',#4420);
#1282=VERTEX_POINT('',#4425);
#1283=VERTEX_POINT('',#4427);
#1284=VERTEX_POINT('',#4432);
#1285=VERTEX_POINT('',#4434);
#1286=VERTEX_POINT('',#4439);
#1287=VERTEX_POINT('',#4441);
#1288=VERTEX_POINT('',#4446);
#1289=VERTEX_POINT('',#4448);
#1290=VERTEX_POINT('',#4453);
#1291=VERTEX_POINT('',#4455);
#1292=VERTEX_POINT('',#4460);
#1293=VERTEX_POINT('',#4462);
#1294=VERTEX_POINT('',#4467);
#1295=VERTEX_POINT('',#4469);
#1296=VERTEX_POINT('',#4474);
#1297=VERTEX_POINT('',#4476);
#1298=VERTEX_POINT('',#4481);
#1299=VERTEX_POINT('',#4483);
#1300=VERTEX_POINT('',#4488);
#1301=VERTEX_POINT('',#4490);
#1302=VERTEX_POINT('',#4495);
#1303=VERTEX_POINT('',#4497);
#1304=VERTEX_POINT('',#4502);
#1305=VERTEX_POINT('',#4504);
#1306=VERTEX_POINT('',#4509);
#1307=VERTEX_POINT('',#4511);
#1308=VERTEX_POINT('',#4516);
#1309=VERTEX_POINT('',#4518);
#1310=VERTEX_POINT('',#4523);
#1311=VERTEX_POINT('',#4525);
#1312=VERTEX_POINT('',#4530);
#1313=VERTEX_POINT('',#4532);
#1314=VERTEX_POINT('',#4537);
#1315=VERTEX_POINT('',#4539);
#1316=VERTEX_POINT('',#4544);
#1317=VERTEX_POINT('',#4546);
#1318=VERTEX_POINT('',#4551);
#1319=VERTEX_POINT('',#4553);
#1320=VERTEX_POINT('',#4558);
#1321=VERTEX_POINT('',#4560);
#1322=VERTEX_POINT('',#4565);
#1323=VERTEX_POINT('',#4567);
#1324=VERTEX_POINT('',#4572);
#1325=VERTEX_POINT('',#4574);
#1326=VERTEX_POINT('',#4579);
#1327=VERTEX_POINT('',#4581);
#1328=VERTEX_POINT('',#4586);
#1329=VERTEX_POINT('',#4588);
#1330=VERTEX_POINT('',#4593);
#1331=VERTEX_POINT('',#4595);
#1332=VERTEX_POINT('',#4600);
#1333=VERTEX_POINT('',#4602);
#1334=VERTEX_POINT('',#4607);
#1335=VERTEX_POINT('',#4609);
#1336=VERTEX_POINT('',#4614);
#1337=VERTEX_POINT('',#4615);
#1338=VERTEX_POINT('',#4617);
#1339=VERTEX_POINT('',#4619);
#1340=VERTEX_POINT('',#4623);
#1341=VERTEX_POINT('',#4625);
#1342=VERTEX_POINT('',#4629);
#1343=VERTEX_POINT('',#4630);
#1344=VERTEX_POINT('',#4632);
#1345=VERTEX_POINT('',#4634);
#1346=VERTEX_POINT('',#4641);
#1347=VERTEX_POINT('',#4642);
#1348=VERTEX_POINT('',#4644);
#1349=VERTEX_POINT('',#4646);
#1350=VERTEX_POINT('',#4653);
#1351=VERTEX_POINT('',#4655);
#1352=VERTEX_POINT('',#4663);
#1353=VERTEX_POINT('',#4669);
#1354=VERTEX_POINT('',#4673);
#1355=VERTEX_POINT('',#4675);
#1356=VERTEX_POINT('',#4677);
#1357=VERTEX_POINT('',#4681);
#1358=VERTEX_POINT('',#4682);
#1359=VERTEX_POINT('',#4687);
#1360=VERTEX_POINT('',#4691);
#1361=VERTEX_POINT('',#4695);
#1362=VERTEX_POINT('',#4699);
#1363=EDGE_CURVE('',#1141,#1141,#959,.T.);
#1364=EDGE_CURVE('',#1141,#1142,#647,.T.);
#1365=EDGE_CURVE('',#1142,#1142,#960,.T.);
#1366=EDGE_CURVE('',#1143,#1144,#961,.T.);
#1367=EDGE_CURVE('',#1144,#1145,#648,.T.);
#1368=EDGE_CURVE('',#1145,#1146,#962,.T.);
#1369=EDGE_CURVE('',#1146,#1143,#649,.T.);
#1370=EDGE_CURVE('',#1147,#1145,#963,.T.);
#1371=EDGE_CURVE('',#1145,#1148,#650,.T.);
#1372=EDGE_CURVE('',#1148,#1149,#964,.T.);
#1373=EDGE_CURVE('',#1149,#1147,#651,.T.);
#1374=EDGE_CURVE('',#1150,#1151,#965,.T.);
#1375=EDGE_CURVE('',#1151,#1152,#652,.T.);
#1376=EDGE_CURVE('',#1152,#1148,#966,.T.);
#1377=EDGE_CURVE('',#1148,#1150,#653,.T.);
#1378=EDGE_CURVE('',#1150,#1153,#967,.T.);
#1379=EDGE_CURVE('',#1153,#1151,#968,.T.);
#1380=EDGE_CURVE('',#1152,#1149,#969,.T.);
#1381=EDGE_CURVE('',#1147,#1146,#970,.T.);
#1382=EDGE_CURVE('',#1154,#1144,#971,.T.);
#1383=EDGE_CURVE('',#1143,#1154,#972,.T.);
#1384=EDGE_CURVE('',#1155,#1146,#654,.T.);
#1385=EDGE_CURVE('',#1156,#1155,#655,.T.);
#1386=EDGE_CURVE('',#1157,#1156,#656,.T.);
#1387=EDGE_CURVE('',#1158,#1157,#657,.T.);
#1388=EDGE_CURVE('',#1158,#1159,#658,.T.);
#1389=EDGE_CURVE('',#1159,#1160,#659,.T.);
#1390=EDGE_CURVE('',#1154,#1160,#660,.T.);
#1391=EDGE_CURVE('',#1147,#1161,#661,.T.);
#1392=EDGE_CURVE('',#1161,#1155,#973,.T.);
#1393=EDGE_CURVE('',#1162,#1149,#662,.T.);
#1394=EDGE_CURVE('',#1161,#1162,#663,.T.);
#1395=EDGE_CURVE('',#1152,#1163,#664,.T.);
#1396=EDGE_CURVE('',#1163,#1162,#974,.T.);
#1397=EDGE_CURVE('',#1164,#1165,#975,.T.);
#1398=EDGE_CURVE('',#1165,#1166,#665,.T.);
#1399=EDGE_CURVE('',#1166,#1167,#976,.T.);
#1400=EDGE_CURVE('',#1167,#1164,#666,.T.);
#1401=EDGE_CURVE('',#1168,#1165,#667,.T.);
#1402=EDGE_CURVE('',#1168,#1169,#668,.T.);
#1403=EDGE_CURVE('',#1166,#1169,#669,.T.);
#1404=EDGE_CURVE('',#1170,#1171,#977,.T.);
#1405=EDGE_CURVE('',#1171,#1172,#670,.T.);
#1406=EDGE_CURVE('',#1172,#1173,#978,.T.);
#1407=EDGE_CURVE('',#1173,#1170,#671,.T.);
#1408=EDGE_CURVE('',#1172,#1167,#672,.T.);
#1409=EDGE_CURVE('',#1164,#1171,#673,.T.);
#1410=EDGE_CURVE('',#1144,#1174,#674,.T.);
#1411=EDGE_CURVE('',#1174,#1175,#675,.T.);
#1412=EDGE_CURVE('',#1175,#1150,#676,.T.);
#1413=EDGE_CURVE('',#1176,#1177,#979,.T.);
#1414=EDGE_CURVE('',#1177,#1178,#980,.T.);
#1415=EDGE_CURVE('',#1178,#1179,#981,.T.);
#1416=EDGE_CURVE('',#1179,#1176,#982,.T.);
#1417=EDGE_CURVE('',#1176,#1180,#677,.T.);
#1418=EDGE_CURVE('',#1181,#1180,#983,.T.);
#1419=EDGE_CURVE('',#1177,#1181,#678,.T.);
#1420=EDGE_CURVE('',#1179,#1182,#679,.T.);
#1421=EDGE_CURVE('',#1180,#1182,#984,.T.);
#1422=EDGE_CURVE('',#1178,#1183,#680,.T.);
#1423=EDGE_CURVE('',#1182,#1183,#985,.T.);
#1424=EDGE_CURVE('',#1183,#1181,#986,.T.);
#1425=EDGE_CURVE('',#1169,#1184,#681,.T.);
#1426=EDGE_CURVE('',#1185,#1168,#682,.T.);
#1427=EDGE_CURVE('',#1185,#1184,#683,.T.);
#1428=EDGE_CURVE('',#1184,#1173,#684,.T.);
#1429=EDGE_CURVE('',#1170,#1185,#685,.T.);
#1430=EDGE_CURVE('',#1186,#1187,#686,.T.);
#1431=EDGE_CURVE('',#1188,#1186,#687,.T.);
#1432=EDGE_CURVE('',#1188,#1189,#688,.T.);
#1433=EDGE_CURVE('',#1189,#1187,#689,.T.);
#1434=EDGE_CURVE('',#1187,#1190,#690,.T.);
#1435=EDGE_CURVE('',#1189,#1191,#691,.T.);
#1436=EDGE_CURVE('',#1191,#1190,#692,.T.);
#1437=EDGE_CURVE('',#1190,#1192,#693,.T.);
#1438=EDGE_CURVE('',#1191,#1193,#694,.T.);
#1439=EDGE_CURVE('',#1193,#1192,#695,.T.);
#1440=EDGE_CURVE('',#1192,#1186,#696,.T.);
#1441=EDGE_CURVE('',#1193,#1188,#697,.T.);
#1442=EDGE_CURVE('',#1194,#1195,#698,.T.);
#1443=EDGE_CURVE('',#1196,#1195,#699,.T.);
#1444=EDGE_CURVE('',#1197,#1196,#700,.T.);
#1445=EDGE_CURVE('',#1197,#1194,#701,.T.);
#1446=EDGE_CURVE('',#1198,#1199,#702,.T.);
#1447=EDGE_CURVE('',#1200,#1199,#703,.T.);
#1448=EDGE_CURVE('',#1201,#1200,#704,.T.);
#1449=EDGE_CURVE('',#1201,#1198,#705,.T.);
#1450=EDGE_CURVE('',#1200,#1197,#987,.T.);
#1451=EDGE_CURVE('',#1199,#1194,#988,.T.);
#1452=EDGE_CURVE('',#1202,#1202,#989,.T.);
#1453=EDGE_CURVE('',#1202,#1203,#706,.T.);
#1454=EDGE_CURVE('',#1203,#1203,#990,.T.);
#1455=EDGE_CURVE('',#1204,#1204,#991,.T.);
#1456=EDGE_CURVE('',#1204,#1205,#707,.T.);
#1457=EDGE_CURVE('',#1205,#1205,#992,.T.);
#1458=EDGE_CURVE('',#1206,#1206,#993,.T.);
#1459=EDGE_CURVE('',#1206,#1207,#708,.T.);
#1460=EDGE_CURVE('',#1207,#1207,#994,.T.);
#1461=EDGE_CURVE('',#1208,#1208,#995,.T.);
#1462=EDGE_CURVE('',#1208,#1209,#709,.T.);
#1463=EDGE_CURVE('',#1209,#1209,#996,.T.);
#1464=EDGE_CURVE('',#1210,#1210,#997,.T.);
#1465=EDGE_CURVE('',#1210,#1211,#710,.T.);
#1466=EDGE_CURVE('',#1211,#1211,#998,.T.);
#1467=EDGE_CURVE('',#1212,#1212,#999,.T.);
#1468=EDGE_CURVE('',#1212,#1213,#711,.T.);
#1469=EDGE_CURVE('',#1213,#1213,#1000,.T.);
#1470=EDGE_CURVE('',#1214,#1214,#1001,.T.);
#1471=EDGE_CURVE('',#1214,#1215,#712,.T.);
#1472=EDGE_CURVE('',#1215,#1215,#1002,.T.);
#1473=EDGE_CURVE('',#1216,#1216,#1003,.T.);
#1474=EDGE_CURVE('',#1216,#1217,#713,.T.);
#1475=EDGE_CURVE('',#1217,#1217,#1004,.T.);
#1476=EDGE_CURVE('',#1218,#1218,#1005,.T.);
#1477=EDGE_CURVE('',#1218,#1219,#714,.T.);
#1478=EDGE_CURVE('',#1219,#1219,#1006,.T.);
#1479=EDGE_CURVE('',#1220,#1220,#1007,.T.);
#1480=EDGE_CURVE('',#1220,#1221,#715,.T.);
#1481=EDGE_CURVE('',#1221,#1221,#1008,.T.);
#1482=EDGE_CURVE('',#1222,#1222,#1009,.T.);
#1483=EDGE_CURVE('',#1222,#1223,#716,.T.);
#1484=EDGE_CURVE('',#1223,#1223,#1010,.T.);
#1485=EDGE_CURVE('',#1224,#1224,#1011,.T.);
#1486=EDGE_CURVE('',#1224,#1225,#717,.T.);
#1487=EDGE_CURVE('',#1225,#1225,#1012,.T.);
#1488=EDGE_CURVE('',#1195,#1198,#1013,.T.);
#1489=EDGE_CURVE('',#1226,#1226,#1014,.T.);
#1490=EDGE_CURVE('',#1226,#1227,#718,.T.);
#1491=EDGE_CURVE('',#1227,#1227,#1015,.T.);
#1492=EDGE_CURVE('',#1228,#1228,#1016,.T.);
#1493=EDGE_CURVE('',#1228,#1229,#719,.T.);
#1494=EDGE_CURVE('',#1229,#1229,#1017,.T.);
#1495=EDGE_CURVE('',#1230,#1230,#1018,.T.);
#1496=EDGE_CURVE('',#1230,#1231,#720,.T.);
#1497=EDGE_CURVE('',#1231,#1231,#1019,.T.);
#1498=EDGE_CURVE('',#1232,#1232,#1020,.T.);
#1499=EDGE_CURVE('',#1232,#1233,#721,.T.);
#1500=EDGE_CURVE('',#1233,#1233,#1021,.T.);
#1501=EDGE_CURVE('',#1234,#1234,#1022,.T.);
#1502=EDGE_CURVE('',#1234,#1235,#722,.T.);
#1503=EDGE_CURVE('',#1235,#1235,#1023,.T.);
#1504=EDGE_CURVE('',#1236,#1236,#1024,.T.);
#1505=EDGE_CURVE('',#1236,#1237,#723,.T.);
#1506=EDGE_CURVE('',#1237,#1237,#1025,.T.);
#1507=EDGE_CURVE('',#1238,#1238,#1026,.T.);
#1508=EDGE_CURVE('',#1238,#1239,#724,.T.);
#1509=EDGE_CURVE('',#1239,#1239,#1027,.T.);
#1510=EDGE_CURVE('',#1196,#1201,#1028,.T.);
#1511=EDGE_CURVE('',#1240,#1240,#1029,.T.);
#1512=EDGE_CURVE('',#1240,#1241,#725,.T.);
#1513=EDGE_CURVE('',#1241,#1241,#1030,.T.);
#1514=EDGE_CURVE('',#1242,#1242,#1031,.T.);
#1515=EDGE_CURVE('',#1242,#1243,#726,.T.);
#1516=EDGE_CURVE('',#1243,#1243,#1032,.T.);
#1517=EDGE_CURVE('',#1244,#1244,#1033,.T.);
#1518=EDGE_CURVE('',#1244,#1245,#727,.T.);
#1519=EDGE_CURVE('',#1245,#1245,#1034,.T.);
#1520=EDGE_CURVE('',#1246,#1246,#1035,.T.);
#1521=EDGE_CURVE('',#1246,#1247,#728,.T.);
#1522=EDGE_CURVE('',#1247,#1247,#1036,.T.);
#1523=EDGE_CURVE('',#1248,#1248,#1037,.T.);
#1524=EDGE_CURVE('',#1248,#1249,#729,.T.);
#1525=EDGE_CURVE('',#1249,#1249,#1038,.T.);
#1526=EDGE_CURVE('',#1250,#1250,#1039,.T.);
#1527=EDGE_CURVE('',#1250,#1251,#730,.T.);
#1528=EDGE_CURVE('',#1251,#1251,#1040,.T.);
#1529=EDGE_CURVE('',#1252,#1252,#1041,.T.);
#1530=EDGE_CURVE('',#1252,#1253,#731,.T.);
#1531=EDGE_CURVE('',#1253,#1253,#1042,.T.);
#1532=EDGE_CURVE('',#1254,#1254,#1043,.T.);
#1533=EDGE_CURVE('',#1254,#1255,#732,.T.);
#1534=EDGE_CURVE('',#1255,#1255,#1044,.T.);
#1535=EDGE_CURVE('',#1256,#1256,#1045,.T.);
#1536=EDGE_CURVE('',#1256,#1257,#733,.T.);
#1537=EDGE_CURVE('',#1257,#1257,#1046,.T.);
#1538=EDGE_CURVE('',#1258,#1258,#1047,.T.);
#1539=EDGE_CURVE('',#1258,#1259,#734,.T.);
#1540=EDGE_CURVE('',#1259,#1259,#1048,.T.);
#1541=EDGE_CURVE('',#1260,#1260,#1049,.T.);
#1542=EDGE_CURVE('',#1260,#1261,#735,.T.);
#1543=EDGE_CURVE('',#1261,#1261,#1050,.T.);
#1544=EDGE_CURVE('',#1262,#1262,#1051,.T.);
#1545=EDGE_CURVE('',#1262,#1263,#736,.T.);
#1546=EDGE_CURVE('',#1263,#1263,#1052,.T.);
#1547=EDGE_CURVE('',#1264,#1264,#1053,.T.);
#1548=EDGE_CURVE('',#1264,#1265,#737,.T.);
#1549=EDGE_CURVE('',#1265,#1265,#1054,.T.);
#1550=EDGE_CURVE('',#1266,#1266,#1055,.T.);
#1551=EDGE_CURVE('',#1266,#1267,#738,.T.);
#1552=EDGE_CURVE('',#1267,#1267,#1056,.T.);
#1553=EDGE_CURVE('',#1268,#1268,#1057,.T.);
#1554=EDGE_CURVE('',#1268,#1269,#739,.T.);
#1555=EDGE_CURVE('',#1269,#1269,#1058,.T.);
#1556=EDGE_CURVE('',#1270,#1270,#1059,.T.);
#1557=EDGE_CURVE('',#1270,#1271,#740,.T.);
#1558=EDGE_CURVE('',#1271,#1271,#1060,.T.);
#1559=EDGE_CURVE('',#1272,#1272,#1061,.T.);
#1560=EDGE_CURVE('',#1272,#1273,#741,.T.);
#1561=EDGE_CURVE('',#1273,#1273,#1062,.T.);
#1562=EDGE_CURVE('',#1274,#1274,#1063,.T.);
#1563=EDGE_CURVE('',#1274,#1275,#742,.T.);
#1564=EDGE_CURVE('',#1275,#1275,#1064,.T.);
#1565=EDGE_CURVE('',#1276,#1276,#1065,.T.);
#1566=EDGE_CURVE('',#1276,#1277,#743,.T.);
#1567=EDGE_CURVE('',#1277,#1277,#1066,.T.);
#1568=EDGE_CURVE('',#1278,#1278,#1067,.T.);
#1569=EDGE_CURVE('',#1278,#1279,#744,.T.);
#1570=EDGE_CURVE('',#1279,#1279,#1068,.T.);
#1571=EDGE_CURVE('',#1280,#1280,#1069,.T.);
#1572=EDGE_CURVE('',#1280,#1281,#745,.T.);
#1573=EDGE_CURVE('',#1281,#1281,#1070,.T.);
#1574=EDGE_CURVE('',#1282,#1282,#1071,.T.);
#1575=EDGE_CURVE('',#1282,#1283,#746,.T.);
#1576=EDGE_CURVE('',#1283,#1283,#1072,.T.);
#1577=EDGE_CURVE('',#1284,#1284,#1073,.T.);
#1578=EDGE_CURVE('',#1284,#1285,#747,.T.);
#1579=EDGE_CURVE('',#1285,#1285,#1074,.T.);
#1580=EDGE_CURVE('',#1286,#1286,#1075,.T.);
#1581=EDGE_CURVE('',#1286,#1287,#748,.T.);
#1582=EDGE_CURVE('',#1287,#1287,#1076,.T.);
#1583=EDGE_CURVE('',#1288,#1288,#1077,.T.);
#1584=EDGE_CURVE('',#1288,#1289,#749,.T.);
#1585=EDGE_CURVE('',#1289,#1289,#1078,.T.);
#1586=EDGE_CURVE('',#1290,#1290,#1079,.T.);
#1587=EDGE_CURVE('',#1290,#1291,#750,.T.);
#1588=EDGE_CURVE('',#1291,#1291,#1080,.T.);
#1589=EDGE_CURVE('',#1292,#1292,#1081,.T.);
#1590=EDGE_CURVE('',#1292,#1293,#751,.T.);
#1591=EDGE_CURVE('',#1293,#1293,#1082,.T.);
#1592=EDGE_CURVE('',#1294,#1294,#1083,.T.);
#1593=EDGE_CURVE('',#1294,#1295,#752,.T.);
#1594=EDGE_CURVE('',#1295,#1295,#1084,.T.);
#1595=EDGE_CURVE('',#1296,#1296,#1085,.T.);
#1596=EDGE_CURVE('',#1296,#1297,#753,.T.);
#1597=EDGE_CURVE('',#1297,#1297,#1086,.T.);
#1598=EDGE_CURVE('',#1298,#1298,#1087,.T.);
#1599=EDGE_CURVE('',#1298,#1299,#754,.T.);
#1600=EDGE_CURVE('',#1299,#1299,#1088,.T.);
#1601=EDGE_CURVE('',#1300,#1300,#1089,.T.);
#1602=EDGE_CURVE('',#1300,#1301,#755,.T.);
#1603=EDGE_CURVE('',#1301,#1301,#1090,.T.);
#1604=EDGE_CURVE('',#1302,#1302,#1091,.T.);
#1605=EDGE_CURVE('',#1302,#1303,#756,.T.);
#1606=EDGE_CURVE('',#1303,#1303,#1092,.T.);
#1607=EDGE_CURVE('',#1304,#1304,#1093,.T.);
#1608=EDGE_CURVE('',#1304,#1305,#757,.T.);
#1609=EDGE_CURVE('',#1305,#1305,#1094,.T.);
#1610=EDGE_CURVE('',#1306,#1306,#1095,.T.);
#1611=EDGE_CURVE('',#1306,#1307,#758,.T.);
#1612=EDGE_CURVE('',#1307,#1307,#1096,.T.);
#1613=EDGE_CURVE('',#1308,#1308,#1097,.T.);
#1614=EDGE_CURVE('',#1308,#1309,#759,.T.);
#1615=EDGE_CURVE('',#1309,#1309,#1098,.T.);
#1616=EDGE_CURVE('',#1310,#1310,#1099,.T.);
#1617=EDGE_CURVE('',#1310,#1311,#760,.T.);
#1618=EDGE_CURVE('',#1311,#1311,#1100,.T.);
#1619=EDGE_CURVE('',#1312,#1312,#1101,.T.);
#1620=EDGE_CURVE('',#1312,#1313,#761,.T.);
#1621=EDGE_CURVE('',#1313,#1313,#1102,.T.);
#1622=EDGE_CURVE('',#1314,#1314,#1103,.T.);
#1623=EDGE_CURVE('',#1314,#1315,#762,.T.);
#1624=EDGE_CURVE('',#1315,#1315,#1104,.T.);
#1625=EDGE_CURVE('',#1316,#1316,#1105,.T.);
#1626=EDGE_CURVE('',#1316,#1317,#763,.T.);
#1627=EDGE_CURVE('',#1317,#1317,#1106,.T.);
#1628=EDGE_CURVE('',#1318,#1318,#1107,.T.);
#1629=EDGE_CURVE('',#1318,#1319,#764,.T.);
#1630=EDGE_CURVE('',#1319,#1319,#1108,.T.);
#1631=EDGE_CURVE('',#1320,#1320,#1109,.T.);
#1632=EDGE_CURVE('',#1320,#1321,#765,.T.);
#1633=EDGE_CURVE('',#1321,#1321,#1110,.T.);
#1634=EDGE_CURVE('',#1322,#1322,#1111,.T.);
#1635=EDGE_CURVE('',#1322,#1323,#766,.T.);
#1636=EDGE_CURVE('',#1323,#1323,#1112,.T.);
#1637=EDGE_CURVE('',#1324,#1324,#1113,.T.);
#1638=EDGE_CURVE('',#1324,#1325,#767,.T.);
#1639=EDGE_CURVE('',#1325,#1325,#1114,.T.);
#1640=EDGE_CURVE('',#1326,#1326,#1115,.T.);
#1641=EDGE_CURVE('',#1326,#1327,#768,.T.);
#1642=EDGE_CURVE('',#1327,#1327,#1116,.T.);
#1643=EDGE_CURVE('',#1328,#1328,#1117,.T.);
#1644=EDGE_CURVE('',#1328,#1329,#769,.T.);
#1645=EDGE_CURVE('',#1329,#1329,#1118,.T.);
#1646=EDGE_CURVE('',#1330,#1330,#1119,.T.);
#1647=EDGE_CURVE('',#1330,#1331,#770,.T.);
#1648=EDGE_CURVE('',#1331,#1331,#1120,.T.);
#1649=EDGE_CURVE('',#1332,#1332,#1121,.T.);
#1650=EDGE_CURVE('',#1332,#1333,#771,.T.);
#1651=EDGE_CURVE('',#1333,#1333,#1122,.T.);
#1652=EDGE_CURVE('',#1334,#1334,#1123,.T.);
#1653=EDGE_CURVE('',#1334,#1335,#772,.T.);
#1654=EDGE_CURVE('',#1335,#1335,#1124,.T.);
#1655=EDGE_CURVE('',#1336,#1337,#1125,.T.);
#1656=EDGE_CURVE('',#1336,#1338,#773,.T.);
#1657=EDGE_CURVE('',#1338,#1339,#1126,.T.);
#1658=EDGE_CURVE('',#1339,#1337,#774,.T.);
#1659=EDGE_CURVE('',#1340,#1339,#775,.T.);
#1660=EDGE_CURVE('',#1341,#1340,#776,.T.);
#1661=EDGE_CURVE('',#1341,#1337,#777,.T.);
#1662=EDGE_CURVE('',#1342,#1343,#1127,.T.);
#1663=EDGE_CURVE('',#1342,#1344,#778,.T.);
#1664=EDGE_CURVE('',#1344,#1345,#1128,.T.);
#1665=EDGE_CURVE('',#1345,#1343,#779,.T.);
#1666=EDGE_CURVE('',#1336,#1343,#780,.T.);
#1667=EDGE_CURVE('',#1338,#1345,#781,.T.);
#1668=EDGE_CURVE('',#1346,#1347,#1129,.T.);
#1669=EDGE_CURVE('',#1346,#1348,#782,.T.);
#1670=EDGE_CURVE('',#1348,#1349,#1130,.T.);
#1671=EDGE_CURVE('',#1349,#1347,#783,.T.);
#1672=EDGE_CURVE('',#1342,#1347,#784,.T.);
#1673=EDGE_CURVE('',#1344,#1349,#785,.T.);
#1674=EDGE_CURVE('',#1341,#1350,#1131,.T.);
#1675=EDGE_CURVE('',#1340,#1351,#1132,.T.);
#1676=EDGE_CURVE('',#1351,#1350,#786,.T.);
#1677=EDGE_CURVE('',#1346,#1350,#787,.T.);
#1678=EDGE_CURVE('',#1348,#1351,#788,.T.);
#1679=EDGE_CURVE('',#1175,#1352,#1133,.T.);
#1680=EDGE_CURVE('',#1352,#1153,#789,.T.);
#1681=EDGE_CURVE('',#1160,#1174,#1134,.T.);
#1682=EDGE_CURVE('',#1163,#1353,#790,.T.);
#1683=EDGE_CURVE('',#1156,#1353,#791,.T.);
#1684=EDGE_CURVE('',#1353,#1354,#792,.T.);
#1685=EDGE_CURVE('',#1354,#1355,#1135,.T.);
#1686=EDGE_CURVE('',#1355,#1356,#793,.T.);
#1687=EDGE_CURVE('',#1356,#1157,#1136,.T.);
#1688=EDGE_CURVE('',#1357,#1358,#794,.T.);
#1689=EDGE_CURVE('',#1358,#1356,#795,.T.);
#1690=EDGE_CURVE('',#1357,#1355,#796,.T.);
#1691=EDGE_CURVE('',#1359,#1357,#1137,.T.);
#1692=EDGE_CURVE('',#1359,#1354,#797,.T.);
#1693=EDGE_CURVE('',#1360,#1352,#798,.T.);
#1694=EDGE_CURVE('',#1360,#1359,#799,.T.);
#1695=EDGE_CURVE('',#1361,#1360,#1138,.T.);
#1696=EDGE_CURVE('',#1361,#1175,#800,.T.);
#1697=EDGE_CURVE('',#1362,#1361,#801,.T.);
#1698=EDGE_CURVE('',#1362,#1174,#802,.T.);
#1699=EDGE_CURVE('',#1159,#1362,#1139,.T.);
#1700=EDGE_CURVE('',#1358,#1158,#1140,.T.);
#1701=ORIENTED_EDGE('',*,*,#1363,.F.);
#1702=ORIENTED_EDGE('',*,*,#1364,.T.);
#1703=ORIENTED_EDGE('',*,*,#1365,.T.);
#1704=ORIENTED_EDGE('',*,*,#1364,.F.);
#1705=ORIENTED_EDGE('',*,*,#1365,.F.);
#1706=ORIENTED_EDGE('',*,*,#1366,.T.);
#1707=ORIENTED_EDGE('',*,*,#1367,.T.);
#1708=ORIENTED_EDGE('',*,*,#1368,.T.);
#1709=ORIENTED_EDGE('',*,*,#1369,.T.);
#1710=ORIENTED_EDGE('',*,*,#1370,.T.);
#1711=ORIENTED_EDGE('',*,*,#1371,.T.);
#1712=ORIENTED_EDGE('',*,*,#1372,.T.);
#1713=ORIENTED_EDGE('',*,*,#1373,.T.);
#1714=ORIENTED_EDGE('',*,*,#1374,.T.);
#1715=ORIENTED_EDGE('',*,*,#1375,.T.);
#1716=ORIENTED_EDGE('',*,*,#1376,.T.);
#1717=ORIENTED_EDGE('',*,*,#1377,.T.);
#1718=ORIENTED_EDGE('',*,*,#1378,.T.);
#1719=ORIENTED_EDGE('',*,*,#1379,.T.);
#1720=ORIENTED_EDGE('',*,*,#1374,.F.);
#1721=ORIENTED_EDGE('',*,*,#1376,.F.);
#1722=ORIENTED_EDGE('',*,*,#1380,.T.);
#1723=ORIENTED_EDGE('',*,*,#1372,.F.);
#1724=ORIENTED_EDGE('',*,*,#1370,.F.);
#1725=ORIENTED_EDGE('',*,*,#1381,.T.);
#1726=ORIENTED_EDGE('',*,*,#1368,.F.);
#1727=ORIENTED_EDGE('',*,*,#1382,.T.);
#1728=ORIENTED_EDGE('',*,*,#1366,.F.);
#1729=ORIENTED_EDGE('',*,*,#1383,.T.);
#1730=ORIENTED_EDGE('',*,*,#1383,.F.);
#1731=ORIENTED_EDGE('',*,*,#1369,.F.);
#1732=ORIENTED_EDGE('',*,*,#1384,.F.);
#1733=ORIENTED_EDGE('',*,*,#1385,.F.);
#1734=ORIENTED_EDGE('',*,*,#1386,.F.);
#1735=ORIENTED_EDGE('',*,*,#1387,.F.);
#1736=ORIENTED_EDGE('',*,*,#1388,.T.);
#1737=ORIENTED_EDGE('',*,*,#1389,.T.);
#1738=ORIENTED_EDGE('',*,*,#1390,.F.);
#1739=ORIENTED_EDGE('',*,*,#1381,.F.);
#1740=ORIENTED_EDGE('',*,*,#1391,.T.);
#1741=ORIENTED_EDGE('',*,*,#1392,.T.);
#1742=ORIENTED_EDGE('',*,*,#1384,.T.);
#1743=ORIENTED_EDGE('',*,*,#1373,.F.);
#1744=ORIENTED_EDGE('',*,*,#1393,.F.);
#1745=ORIENTED_EDGE('',*,*,#1394,.F.);
#1746=ORIENTED_EDGE('',*,*,#1391,.F.);
#1747=ORIENTED_EDGE('',*,*,#1380,.F.);
#1748=ORIENTED_EDGE('',*,*,#1395,.T.);
#1749=ORIENTED_EDGE('',*,*,#1396,.T.);
#1750=ORIENTED_EDGE('',*,*,#1393,.T.);
#1751=ORIENTED_EDGE('',*,*,#1397,.T.);
#1752=ORIENTED_EDGE('',*,*,#1398,.T.);
#1753=ORIENTED_EDGE('',*,*,#1399,.T.);
#1754=ORIENTED_EDGE('',*,*,#1400,.T.);
#1755=ORIENTED_EDGE('',*,*,#1398,.F.);
#1756=ORIENTED_EDGE('',*,*,#1401,.F.);
#1757=ORIENTED_EDGE('',*,*,#1402,.T.);
#1758=ORIENTED_EDGE('',*,*,#1403,.F.);
#1759=ORIENTED_EDGE('',*,*,#1404,.T.);
#1760=ORIENTED_EDGE('',*,*,#1405,.T.);
#1761=ORIENTED_EDGE('',*,*,#1406,.T.);
#1762=ORIENTED_EDGE('',*,*,#1407,.T.);
#1763=ORIENTED_EDGE('',*,*,#1400,.F.);
#1764=ORIENTED_EDGE('',*,*,#1408,.F.);
#1765=ORIENTED_EDGE('',*,*,#1405,.F.);
#1766=ORIENTED_EDGE('',*,*,#1409,.F.);
#1767=ORIENTED_EDGE('',*,*,#1367,.F.);
#1768=ORIENTED_EDGE('',*,*,#1410,.T.);
#1769=ORIENTED_EDGE('',*,*,#1411,.T.);
#1770=ORIENTED_EDGE('',*,*,#1412,.T.);
#1771=ORIENTED_EDGE('',*,*,#1377,.F.);
#1772=ORIENTED_EDGE('',*,*,#1371,.F.);
#1773=ORIENTED_EDGE('',*,*,#1413,.T.);
#1774=ORIENTED_EDGE('',*,*,#1414,.T.);
#1775=ORIENTED_EDGE('',*,*,#1415,.T.);
#1776=ORIENTED_EDGE('',*,*,#1416,.T.);
#1777=ORIENTED_EDGE('',*,*,#1413,.F.);
#1778=ORIENTED_EDGE('',*,*,#1417,.T.);
#1779=ORIENTED_EDGE('',*,*,#1418,.F.);
#1780=ORIENTED_EDGE('',*,*,#1419,.F.);
#1781=ORIENTED_EDGE('',*,*,#1416,.F.);
#1782=ORIENTED_EDGE('',*,*,#1420,.T.);
#1783=ORIENTED_EDGE('',*,*,#1421,.F.);
#1784=ORIENTED_EDGE('',*,*,#1417,.F.);
#1785=ORIENTED_EDGE('',*,*,#1415,.F.);
#1786=ORIENTED_EDGE('',*,*,#1422,.T.);
#1787=ORIENTED_EDGE('',*,*,#1423,.F.);
#1788=ORIENTED_EDGE('',*,*,#1420,.F.);
#1789=ORIENTED_EDGE('',*,*,#1414,.F.);
#1790=ORIENTED_EDGE('',*,*,#1419,.T.);
#1791=ORIENTED_EDGE('',*,*,#1424,.F.);
#1792=ORIENTED_EDGE('',*,*,#1422,.F.);
#1793=ORIENTED_EDGE('',*,*,#1425,.F.);
#1794=ORIENTED_EDGE('',*,*,#1402,.F.);
#1795=ORIENTED_EDGE('',*,*,#1426,.F.);
#1796=ORIENTED_EDGE('',*,*,#1427,.T.);
#1797=ORIENTED_EDGE('',*,*,#1407,.F.);
#1798=ORIENTED_EDGE('',*,*,#1428,.F.);
#1799=ORIENTED_EDGE('',*,*,#1427,.F.);
#1800=ORIENTED_EDGE('',*,*,#1429,.F.);
#1801=ORIENTED_EDGE('',*,*,#1430,.F.);
#1802=ORIENTED_EDGE('',*,*,#1431,.F.);
#1803=ORIENTED_EDGE('',*,*,#1432,.T.);
#1804=ORIENTED_EDGE('',*,*,#1433,.T.);
#1805=ORIENTED_EDGE('',*,*,#1418,.T.);
#1806=ORIENTED_EDGE('',*,*,#1421,.T.);
#1807=ORIENTED_EDGE('',*,*,#1423,.T.);
#1808=ORIENTED_EDGE('',*,*,#1424,.T.);
#1809=ORIENTED_EDGE('',*,*,#1434,.F.);
#1810=ORIENTED_EDGE('',*,*,#1433,.F.);
#1811=ORIENTED_EDGE('',*,*,#1435,.T.);
#1812=ORIENTED_EDGE('',*,*,#1436,.T.);
#1813=ORIENTED_EDGE('',*,*,#1437,.F.);
#1814=ORIENTED_EDGE('',*,*,#1436,.F.);
#1815=ORIENTED_EDGE('',*,*,#1438,.T.);
#1816=ORIENTED_EDGE('',*,*,#1439,.T.);
#1817=ORIENTED_EDGE('',*,*,#1425,.T.);
#1818=ORIENTED_EDGE('',*,*,#1428,.T.);
#1819=ORIENTED_EDGE('',*,*,#1406,.F.);
#1820=ORIENTED_EDGE('',*,*,#1408,.T.);
#1821=ORIENTED_EDGE('',*,*,#1399,.F.);
#1822=ORIENTED_EDGE('',*,*,#1403,.T.);
#1823=ORIENTED_EDGE('',*,*,#1440,.F.);
#1824=ORIENTED_EDGE('',*,*,#1439,.F.);
#1825=ORIENTED_EDGE('',*,*,#1441,.T.);
#1826=ORIENTED_EDGE('',*,*,#1431,.T.);
#1827=ORIENTED_EDGE('',*,*,#1435,.F.);
#1828=ORIENTED_EDGE('',*,*,#1432,.F.);
#1829=ORIENTED_EDGE('',*,*,#1441,.F.);
#1830=ORIENTED_EDGE('',*,*,#1438,.F.);
#1831=ORIENTED_EDGE('',*,*,#1442,.T.);
#1832=ORIENTED_EDGE('',*,*,#1443,.F.);
#1833=ORIENTED_EDGE('',*,*,#1444,.F.);
#1834=ORIENTED_EDGE('',*,*,#1445,.T.);
#1835=ORIENTED_EDGE('',*,*,#1446,.T.);
#1836=ORIENTED_EDGE('',*,*,#1447,.F.);
#1837=ORIENTED_EDGE('',*,*,#1448,.F.);
#1838=ORIENTED_EDGE('',*,*,#1449,.T.);
#1839=ORIENTED_EDGE('',*,*,#1445,.F.);
#1840=ORIENTED_EDGE('',*,*,#1450,.F.);
#1841=ORIENTED_EDGE('',*,*,#1447,.T.);
#1842=ORIENTED_EDGE('',*,*,#1451,.T.);
#1843=ORIENTED_EDGE('',*,*,#1452,.T.);
#1844=ORIENTED_EDGE('',*,*,#1453,.T.);
#1845=ORIENTED_EDGE('',*,*,#1454,.F.);
#1846=ORIENTED_EDGE('',*,*,#1453,.F.);
#1847=ORIENTED_EDGE('',*,*,#1452,.F.);
#1848=ORIENTED_EDGE('',*,*,#1455,.T.);
#1849=ORIENTED_EDGE('',*,*,#1456,.T.);
#1850=ORIENTED_EDGE('',*,*,#1457,.F.);
#1851=ORIENTED_EDGE('',*,*,#1456,.F.);
#1852=ORIENTED_EDGE('',*,*,#1455,.F.);
#1853=ORIENTED_EDGE('',*,*,#1458,.T.);
#1854=ORIENTED_EDGE('',*,*,#1459,.T.);
#1855=ORIENTED_EDGE('',*,*,#1460,.F.);
#1856=ORIENTED_EDGE('',*,*,#1459,.F.);
#1857=ORIENTED_EDGE('',*,*,#1458,.F.);
#1858=ORIENTED_EDGE('',*,*,#1461,.T.);
#1859=ORIENTED_EDGE('',*,*,#1462,.T.);
#1860=ORIENTED_EDGE('',*,*,#1463,.F.);
#1861=ORIENTED_EDGE('',*,*,#1462,.F.);
#1862=ORIENTED_EDGE('',*,*,#1461,.F.);
#1863=ORIENTED_EDGE('',*,*,#1464,.T.);
#1864=ORIENTED_EDGE('',*,*,#1465,.T.);
#1865=ORIENTED_EDGE('',*,*,#1466,.F.);
#1866=ORIENTED_EDGE('',*,*,#1465,.F.);
#1867=ORIENTED_EDGE('',*,*,#1464,.F.);
#1868=ORIENTED_EDGE('',*,*,#1467,.T.);
#1869=ORIENTED_EDGE('',*,*,#1468,.T.);
#1870=ORIENTED_EDGE('',*,*,#1469,.F.);
#1871=ORIENTED_EDGE('',*,*,#1468,.F.);
#1872=ORIENTED_EDGE('',*,*,#1467,.F.);
#1873=ORIENTED_EDGE('',*,*,#1470,.T.);
#1874=ORIENTED_EDGE('',*,*,#1471,.T.);
#1875=ORIENTED_EDGE('',*,*,#1472,.F.);
#1876=ORIENTED_EDGE('',*,*,#1471,.F.);
#1877=ORIENTED_EDGE('',*,*,#1470,.F.);
#1878=ORIENTED_EDGE('',*,*,#1473,.T.);
#1879=ORIENTED_EDGE('',*,*,#1474,.T.);
#1880=ORIENTED_EDGE('',*,*,#1475,.F.);
#1881=ORIENTED_EDGE('',*,*,#1474,.F.);
#1882=ORIENTED_EDGE('',*,*,#1473,.F.);
#1883=ORIENTED_EDGE('',*,*,#1476,.T.);
#1884=ORIENTED_EDGE('',*,*,#1477,.T.);
#1885=ORIENTED_EDGE('',*,*,#1478,.F.);
#1886=ORIENTED_EDGE('',*,*,#1477,.F.);
#1887=ORIENTED_EDGE('',*,*,#1476,.F.);
#1888=ORIENTED_EDGE('',*,*,#1479,.T.);
#1889=ORIENTED_EDGE('',*,*,#1480,.T.);
#1890=ORIENTED_EDGE('',*,*,#1481,.F.);
#1891=ORIENTED_EDGE('',*,*,#1480,.F.);
#1892=ORIENTED_EDGE('',*,*,#1479,.F.);
#1893=ORIENTED_EDGE('',*,*,#1482,.T.);
#1894=ORIENTED_EDGE('',*,*,#1483,.T.);
#1895=ORIENTED_EDGE('',*,*,#1484,.F.);
#1896=ORIENTED_EDGE('',*,*,#1483,.F.);
#1897=ORIENTED_EDGE('',*,*,#1482,.F.);
#1898=ORIENTED_EDGE('',*,*,#1485,.T.);
#1899=ORIENTED_EDGE('',*,*,#1486,.T.);
#1900=ORIENTED_EDGE('',*,*,#1487,.F.);
#1901=ORIENTED_EDGE('',*,*,#1486,.F.);
#1902=ORIENTED_EDGE('',*,*,#1485,.F.);
#1903=ORIENTED_EDGE('',*,*,#1451,.F.);
#1904=ORIENTED_EDGE('',*,*,#1446,.F.);
#1905=ORIENTED_EDGE('',*,*,#1488,.F.);
#1906=ORIENTED_EDGE('',*,*,#1442,.F.);
#1907=ORIENTED_EDGE('',*,*,#1489,.T.);
#1908=ORIENTED_EDGE('',*,*,#1490,.T.);
#1909=ORIENTED_EDGE('',*,*,#1491,.F.);
#1910=ORIENTED_EDGE('',*,*,#1490,.F.);
#1911=ORIENTED_EDGE('',*,*,#1489,.F.);
#1912=ORIENTED_EDGE('',*,*,#1492,.T.);
#1913=ORIENTED_EDGE('',*,*,#1493,.T.);
#1914=ORIENTED_EDGE('',*,*,#1494,.F.);
#1915=ORIENTED_EDGE('',*,*,#1493,.F.);
#1916=ORIENTED_EDGE('',*,*,#1492,.F.);
#1917=ORIENTED_EDGE('',*,*,#1495,.T.);
#1918=ORIENTED_EDGE('',*,*,#1496,.T.);
#1919=ORIENTED_EDGE('',*,*,#1497,.F.);
#1920=ORIENTED_EDGE('',*,*,#1496,.F.);
#1921=ORIENTED_EDGE('',*,*,#1495,.F.);
#1922=ORIENTED_EDGE('',*,*,#1498,.T.);
#1923=ORIENTED_EDGE('',*,*,#1499,.T.);
#1924=ORIENTED_EDGE('',*,*,#1500,.F.);
#1925=ORIENTED_EDGE('',*,*,#1499,.F.);
#1926=ORIENTED_EDGE('',*,*,#1498,.F.);
#1927=ORIENTED_EDGE('',*,*,#1501,.T.);
#1928=ORIENTED_EDGE('',*,*,#1502,.T.);
#1929=ORIENTED_EDGE('',*,*,#1503,.F.);
#1930=ORIENTED_EDGE('',*,*,#1502,.F.);
#1931=ORIENTED_EDGE('',*,*,#1501,.F.);
#1932=ORIENTED_EDGE('',*,*,#1504,.T.);
#1933=ORIENTED_EDGE('',*,*,#1505,.T.);
#1934=ORIENTED_EDGE('',*,*,#1506,.F.);
#1935=ORIENTED_EDGE('',*,*,#1505,.F.);
#1936=ORIENTED_EDGE('',*,*,#1504,.F.);
#1937=ORIENTED_EDGE('',*,*,#1507,.T.);
#1938=ORIENTED_EDGE('',*,*,#1508,.T.);
#1939=ORIENTED_EDGE('',*,*,#1509,.F.);
#1940=ORIENTED_EDGE('',*,*,#1508,.F.);
#1941=ORIENTED_EDGE('',*,*,#1507,.F.);
#1942=ORIENTED_EDGE('',*,*,#1443,.T.);
#1943=ORIENTED_EDGE('',*,*,#1488,.T.);
#1944=ORIENTED_EDGE('',*,*,#1449,.F.);
#1945=ORIENTED_EDGE('',*,*,#1510,.F.);
#1946=ORIENTED_EDGE('',*,*,#1511,.T.);
#1947=ORIENTED_EDGE('',*,*,#1512,.T.);
#1948=ORIENTED_EDGE('',*,*,#1513,.F.);
#1949=ORIENTED_EDGE('',*,*,#1512,.F.);
#1950=ORIENTED_EDGE('',*,*,#1511,.F.);
#1951=ORIENTED_EDGE('',*,*,#1514,.T.);
#1952=ORIENTED_EDGE('',*,*,#1515,.T.);
#1953=ORIENTED_EDGE('',*,*,#1516,.F.);
#1954=ORIENTED_EDGE('',*,*,#1515,.F.);
#1955=ORIENTED_EDGE('',*,*,#1514,.F.);
#1956=ORIENTED_EDGE('',*,*,#1517,.T.);
#1957=ORIENTED_EDGE('',*,*,#1518,.T.);
#1958=ORIENTED_EDGE('',*,*,#1519,.F.);
#1959=ORIENTED_EDGE('',*,*,#1518,.F.);
#1960=ORIENTED_EDGE('',*,*,#1517,.F.);
#1961=ORIENTED_EDGE('',*,*,#1520,.T.);
#1962=ORIENTED_EDGE('',*,*,#1521,.T.);
#1963=ORIENTED_EDGE('',*,*,#1522,.F.);
#1964=ORIENTED_EDGE('',*,*,#1521,.F.);
#1965=ORIENTED_EDGE('',*,*,#1520,.F.);
#1966=ORIENTED_EDGE('',*,*,#1523,.T.);
#1967=ORIENTED_EDGE('',*,*,#1524,.T.);
#1968=ORIENTED_EDGE('',*,*,#1525,.F.);
#1969=ORIENTED_EDGE('',*,*,#1524,.F.);
#1970=ORIENTED_EDGE('',*,*,#1523,.F.);
#1971=ORIENTED_EDGE('',*,*,#1526,.T.);
#1972=ORIENTED_EDGE('',*,*,#1527,.T.);
#1973=ORIENTED_EDGE('',*,*,#1528,.F.);
#1974=ORIENTED_EDGE('',*,*,#1527,.F.);
#1975=ORIENTED_EDGE('',*,*,#1526,.F.);
#1976=ORIENTED_EDGE('',*,*,#1529,.T.);
#1977=ORIENTED_EDGE('',*,*,#1530,.T.);
#1978=ORIENTED_EDGE('',*,*,#1531,.F.);
#1979=ORIENTED_EDGE('',*,*,#1530,.F.);
#1980=ORIENTED_EDGE('',*,*,#1529,.F.);
#1981=ORIENTED_EDGE('',*,*,#1532,.T.);
#1982=ORIENTED_EDGE('',*,*,#1533,.T.);
#1983=ORIENTED_EDGE('',*,*,#1534,.F.);
#1984=ORIENTED_EDGE('',*,*,#1533,.F.);
#1985=ORIENTED_EDGE('',*,*,#1532,.F.);
#1986=ORIENTED_EDGE('',*,*,#1535,.T.);
#1987=ORIENTED_EDGE('',*,*,#1536,.T.);
#1988=ORIENTED_EDGE('',*,*,#1537,.F.);
#1989=ORIENTED_EDGE('',*,*,#1536,.F.);
#1990=ORIENTED_EDGE('',*,*,#1535,.F.);
#1991=ORIENTED_EDGE('',*,*,#1538,.T.);
#1992=ORIENTED_EDGE('',*,*,#1539,.T.);
#1993=ORIENTED_EDGE('',*,*,#1540,.F.);
#1994=ORIENTED_EDGE('',*,*,#1539,.F.);
#1995=ORIENTED_EDGE('',*,*,#1538,.F.);
#1996=ORIENTED_EDGE('',*,*,#1541,.T.);
#1997=ORIENTED_EDGE('',*,*,#1542,.T.);
#1998=ORIENTED_EDGE('',*,*,#1543,.F.);
#1999=ORIENTED_EDGE('',*,*,#1542,.F.);
#2000=ORIENTED_EDGE('',*,*,#1541,.F.);
#2001=ORIENTED_EDGE('',*,*,#1544,.T.);
#2002=ORIENTED_EDGE('',*,*,#1545,.T.);
#2003=ORIENTED_EDGE('',*,*,#1546,.F.);
#2004=ORIENTED_EDGE('',*,*,#1545,.F.);
#2005=ORIENTED_EDGE('',*,*,#1544,.F.);
#2006=ORIENTED_EDGE('',*,*,#1547,.T.);
#2007=ORIENTED_EDGE('',*,*,#1548,.T.);
#2008=ORIENTED_EDGE('',*,*,#1549,.F.);
#2009=ORIENTED_EDGE('',*,*,#1548,.F.);
#2010=ORIENTED_EDGE('',*,*,#1547,.F.);
#2011=ORIENTED_EDGE('',*,*,#1550,.T.);
#2012=ORIENTED_EDGE('',*,*,#1551,.T.);
#2013=ORIENTED_EDGE('',*,*,#1552,.F.);
#2014=ORIENTED_EDGE('',*,*,#1551,.F.);
#2015=ORIENTED_EDGE('',*,*,#1550,.F.);
#2016=ORIENTED_EDGE('',*,*,#1553,.T.);
#2017=ORIENTED_EDGE('',*,*,#1554,.T.);
#2018=ORIENTED_EDGE('',*,*,#1555,.F.);
#2019=ORIENTED_EDGE('',*,*,#1554,.F.);
#2020=ORIENTED_EDGE('',*,*,#1553,.F.);
#2021=ORIENTED_EDGE('',*,*,#1556,.T.);
#2022=ORIENTED_EDGE('',*,*,#1557,.T.);
#2023=ORIENTED_EDGE('',*,*,#1558,.F.);
#2024=ORIENTED_EDGE('',*,*,#1557,.F.);
#2025=ORIENTED_EDGE('',*,*,#1556,.F.);
#2026=ORIENTED_EDGE('',*,*,#1559,.T.);
#2027=ORIENTED_EDGE('',*,*,#1560,.T.);
#2028=ORIENTED_EDGE('',*,*,#1561,.F.);
#2029=ORIENTED_EDGE('',*,*,#1560,.F.);
#2030=ORIENTED_EDGE('',*,*,#1559,.F.);
#2031=ORIENTED_EDGE('',*,*,#1562,.T.);
#2032=ORIENTED_EDGE('',*,*,#1563,.T.);
#2033=ORIENTED_EDGE('',*,*,#1564,.F.);
#2034=ORIENTED_EDGE('',*,*,#1563,.F.);
#2035=ORIENTED_EDGE('',*,*,#1562,.F.);
#2036=ORIENTED_EDGE('',*,*,#1565,.T.);
#2037=ORIENTED_EDGE('',*,*,#1566,.T.);
#2038=ORIENTED_EDGE('',*,*,#1567,.F.);
#2039=ORIENTED_EDGE('',*,*,#1566,.F.);
#2040=ORIENTED_EDGE('',*,*,#1565,.F.);
#2041=ORIENTED_EDGE('',*,*,#1568,.T.);
#2042=ORIENTED_EDGE('',*,*,#1569,.T.);
#2043=ORIENTED_EDGE('',*,*,#1570,.F.);
#2044=ORIENTED_EDGE('',*,*,#1569,.F.);
#2045=ORIENTED_EDGE('',*,*,#1568,.F.);
#2046=ORIENTED_EDGE('',*,*,#1571,.T.);
#2047=ORIENTED_EDGE('',*,*,#1572,.T.);
#2048=ORIENTED_EDGE('',*,*,#1573,.F.);
#2049=ORIENTED_EDGE('',*,*,#1572,.F.);
#2050=ORIENTED_EDGE('',*,*,#1571,.F.);
#2051=ORIENTED_EDGE('',*,*,#1574,.T.);
#2052=ORIENTED_EDGE('',*,*,#1575,.T.);
#2053=ORIENTED_EDGE('',*,*,#1576,.F.);
#2054=ORIENTED_EDGE('',*,*,#1575,.F.);
#2055=ORIENTED_EDGE('',*,*,#1574,.F.);
#2056=ORIENTED_EDGE('',*,*,#1577,.T.);
#2057=ORIENTED_EDGE('',*,*,#1578,.T.);
#2058=ORIENTED_EDGE('',*,*,#1579,.F.);
#2059=ORIENTED_EDGE('',*,*,#1578,.F.);
#2060=ORIENTED_EDGE('',*,*,#1577,.F.);
#2061=ORIENTED_EDGE('',*,*,#1580,.T.);
#2062=ORIENTED_EDGE('',*,*,#1581,.T.);
#2063=ORIENTED_EDGE('',*,*,#1582,.F.);
#2064=ORIENTED_EDGE('',*,*,#1581,.F.);
#2065=ORIENTED_EDGE('',*,*,#1580,.F.);
#2066=ORIENTED_EDGE('',*,*,#1583,.T.);
#2067=ORIENTED_EDGE('',*,*,#1584,.T.);
#2068=ORIENTED_EDGE('',*,*,#1585,.F.);
#2069=ORIENTED_EDGE('',*,*,#1584,.F.);
#2070=ORIENTED_EDGE('',*,*,#1583,.F.);
#2071=ORIENTED_EDGE('',*,*,#1586,.T.);
#2072=ORIENTED_EDGE('',*,*,#1587,.T.);
#2073=ORIENTED_EDGE('',*,*,#1588,.F.);
#2074=ORIENTED_EDGE('',*,*,#1587,.F.);
#2075=ORIENTED_EDGE('',*,*,#1586,.F.);
#2076=ORIENTED_EDGE('',*,*,#1589,.T.);
#2077=ORIENTED_EDGE('',*,*,#1590,.T.);
#2078=ORIENTED_EDGE('',*,*,#1591,.F.);
#2079=ORIENTED_EDGE('',*,*,#1590,.F.);
#2080=ORIENTED_EDGE('',*,*,#1589,.F.);
#2081=ORIENTED_EDGE('',*,*,#1592,.T.);
#2082=ORIENTED_EDGE('',*,*,#1593,.T.);
#2083=ORIENTED_EDGE('',*,*,#1594,.F.);
#2084=ORIENTED_EDGE('',*,*,#1593,.F.);
#2085=ORIENTED_EDGE('',*,*,#1592,.F.);
#2086=ORIENTED_EDGE('',*,*,#1595,.T.);
#2087=ORIENTED_EDGE('',*,*,#1596,.T.);
#2088=ORIENTED_EDGE('',*,*,#1597,.F.);
#2089=ORIENTED_EDGE('',*,*,#1596,.F.);
#2090=ORIENTED_EDGE('',*,*,#1595,.F.);
#2091=ORIENTED_EDGE('',*,*,#1598,.T.);
#2092=ORIENTED_EDGE('',*,*,#1599,.T.);
#2093=ORIENTED_EDGE('',*,*,#1600,.F.);
#2094=ORIENTED_EDGE('',*,*,#1599,.F.);
#2095=ORIENTED_EDGE('',*,*,#1598,.F.);
#2096=ORIENTED_EDGE('',*,*,#1601,.T.);
#2097=ORIENTED_EDGE('',*,*,#1602,.T.);
#2098=ORIENTED_EDGE('',*,*,#1603,.F.);
#2099=ORIENTED_EDGE('',*,*,#1602,.F.);
#2100=ORIENTED_EDGE('',*,*,#1601,.F.);
#2101=ORIENTED_EDGE('',*,*,#1604,.T.);
#2102=ORIENTED_EDGE('',*,*,#1605,.T.);
#2103=ORIENTED_EDGE('',*,*,#1606,.F.);
#2104=ORIENTED_EDGE('',*,*,#1605,.F.);
#2105=ORIENTED_EDGE('',*,*,#1604,.F.);
#2106=ORIENTED_EDGE('',*,*,#1607,.T.);
#2107=ORIENTED_EDGE('',*,*,#1608,.T.);
#2108=ORIENTED_EDGE('',*,*,#1609,.F.);
#2109=ORIENTED_EDGE('',*,*,#1608,.F.);
#2110=ORIENTED_EDGE('',*,*,#1607,.F.);
#2111=ORIENTED_EDGE('',*,*,#1610,.T.);
#2112=ORIENTED_EDGE('',*,*,#1611,.T.);
#2113=ORIENTED_EDGE('',*,*,#1612,.F.);
#2114=ORIENTED_EDGE('',*,*,#1611,.F.);
#2115=ORIENTED_EDGE('',*,*,#1610,.F.);
#2116=ORIENTED_EDGE('',*,*,#1613,.T.);
#2117=ORIENTED_EDGE('',*,*,#1614,.T.);
#2118=ORIENTED_EDGE('',*,*,#1615,.F.);
#2119=ORIENTED_EDGE('',*,*,#1614,.F.);
#2120=ORIENTED_EDGE('',*,*,#1613,.F.);
#2121=ORIENTED_EDGE('',*,*,#1616,.T.);
#2122=ORIENTED_EDGE('',*,*,#1617,.T.);
#2123=ORIENTED_EDGE('',*,*,#1618,.F.);
#2124=ORIENTED_EDGE('',*,*,#1617,.F.);
#2125=ORIENTED_EDGE('',*,*,#1616,.F.);
#2126=ORIENTED_EDGE('',*,*,#1619,.T.);
#2127=ORIENTED_EDGE('',*,*,#1620,.T.);
#2128=ORIENTED_EDGE('',*,*,#1621,.F.);
#2129=ORIENTED_EDGE('',*,*,#1620,.F.);
#2130=ORIENTED_EDGE('',*,*,#1619,.F.);
#2131=ORIENTED_EDGE('',*,*,#1622,.T.);
#2132=ORIENTED_EDGE('',*,*,#1623,.T.);
#2133=ORIENTED_EDGE('',*,*,#1624,.F.);
#2134=ORIENTED_EDGE('',*,*,#1623,.F.);
#2135=ORIENTED_EDGE('',*,*,#1622,.F.);
#2136=ORIENTED_EDGE('',*,*,#1625,.T.);
#2137=ORIENTED_EDGE('',*,*,#1626,.T.);
#2138=ORIENTED_EDGE('',*,*,#1627,.F.);
#2139=ORIENTED_EDGE('',*,*,#1626,.F.);
#2140=ORIENTED_EDGE('',*,*,#1625,.F.);
#2141=ORIENTED_EDGE('',*,*,#1628,.T.);
#2142=ORIENTED_EDGE('',*,*,#1629,.T.);
#2143=ORIENTED_EDGE('',*,*,#1630,.F.);
#2144=ORIENTED_EDGE('',*,*,#1629,.F.);
#2145=ORIENTED_EDGE('',*,*,#1628,.F.);
#2146=ORIENTED_EDGE('',*,*,#1631,.T.);
#2147=ORIENTED_EDGE('',*,*,#1632,.T.);
#2148=ORIENTED_EDGE('',*,*,#1633,.F.);
#2149=ORIENTED_EDGE('',*,*,#1632,.F.);
#2150=ORIENTED_EDGE('',*,*,#1631,.F.);
#2151=ORIENTED_EDGE('',*,*,#1634,.T.);
#2152=ORIENTED_EDGE('',*,*,#1635,.T.);
#2153=ORIENTED_EDGE('',*,*,#1636,.F.);
#2154=ORIENTED_EDGE('',*,*,#1635,.F.);
#2155=ORIENTED_EDGE('',*,*,#1634,.F.);
#2156=ORIENTED_EDGE('',*,*,#1637,.T.);
#2157=ORIENTED_EDGE('',*,*,#1638,.T.);
#2158=ORIENTED_EDGE('',*,*,#1639,.F.);
#2159=ORIENTED_EDGE('',*,*,#1638,.F.);
#2160=ORIENTED_EDGE('',*,*,#1637,.F.);
#2161=ORIENTED_EDGE('',*,*,#1640,.T.);
#2162=ORIENTED_EDGE('',*,*,#1641,.T.);
#2163=ORIENTED_EDGE('',*,*,#1642,.F.);
#2164=ORIENTED_EDGE('',*,*,#1641,.F.);
#2165=ORIENTED_EDGE('',*,*,#1640,.F.);
#2166=ORIENTED_EDGE('',*,*,#1643,.T.);
#2167=ORIENTED_EDGE('',*,*,#1644,.T.);
#2168=ORIENTED_EDGE('',*,*,#1645,.F.);
#2169=ORIENTED_EDGE('',*,*,#1644,.F.);
#2170=ORIENTED_EDGE('',*,*,#1643,.F.);
#2171=ORIENTED_EDGE('',*,*,#1646,.T.);
#2172=ORIENTED_EDGE('',*,*,#1647,.T.);
#2173=ORIENTED_EDGE('',*,*,#1648,.F.);
#2174=ORIENTED_EDGE('',*,*,#1647,.F.);
#2175=ORIENTED_EDGE('',*,*,#1646,.F.);
#2176=ORIENTED_EDGE('',*,*,#1649,.T.);
#2177=ORIENTED_EDGE('',*,*,#1650,.T.);
#2178=ORIENTED_EDGE('',*,*,#1651,.F.);
#2179=ORIENTED_EDGE('',*,*,#1650,.F.);
#2180=ORIENTED_EDGE('',*,*,#1649,.F.);
#2181=ORIENTED_EDGE('',*,*,#1652,.T.);
#2182=ORIENTED_EDGE('',*,*,#1653,.T.);
#2183=ORIENTED_EDGE('',*,*,#1654,.F.);
#2184=ORIENTED_EDGE('',*,*,#1653,.F.);
#2185=ORIENTED_EDGE('',*,*,#1652,.F.);
#2186=ORIENTED_EDGE('',*,*,#1655,.F.);
#2187=ORIENTED_EDGE('',*,*,#1656,.T.);
#2188=ORIENTED_EDGE('',*,*,#1657,.T.);
#2189=ORIENTED_EDGE('',*,*,#1658,.T.);
#2190=ORIENTED_EDGE('',*,*,#1658,.F.);
#2191=ORIENTED_EDGE('',*,*,#1659,.F.);
#2192=ORIENTED_EDGE('',*,*,#1660,.F.);
#2193=ORIENTED_EDGE('',*,*,#1661,.T.);
#2194=ORIENTED_EDGE('',*,*,#1662,.F.);
#2195=ORIENTED_EDGE('',*,*,#1663,.T.);
#2196=ORIENTED_EDGE('',*,*,#1664,.T.);
#2197=ORIENTED_EDGE('',*,*,#1665,.T.);
#2198=ORIENTED_EDGE('',*,*,#1656,.F.);
#2199=ORIENTED_EDGE('',*,*,#1666,.T.);
#2200=ORIENTED_EDGE('',*,*,#1665,.F.);
#2201=ORIENTED_EDGE('',*,*,#1667,.F.);
#2202=ORIENTED_EDGE('',*,*,#1668,.F.);
#2203=ORIENTED_EDGE('',*,*,#1669,.T.);
#2204=ORIENTED_EDGE('',*,*,#1670,.T.);
#2205=ORIENTED_EDGE('',*,*,#1671,.T.);
#2206=ORIENTED_EDGE('',*,*,#1663,.F.);
#2207=ORIENTED_EDGE('',*,*,#1672,.T.);
#2208=ORIENTED_EDGE('',*,*,#1671,.F.);
#2209=ORIENTED_EDGE('',*,*,#1673,.F.);
#2210=ORIENTED_EDGE('',*,*,#1674,.F.);
#2211=ORIENTED_EDGE('',*,*,#1660,.T.);
#2212=ORIENTED_EDGE('',*,*,#1675,.T.);
#2213=ORIENTED_EDGE('',*,*,#1676,.T.);
#2214=ORIENTED_EDGE('',*,*,#1669,.F.);
#2215=ORIENTED_EDGE('',*,*,#1677,.T.);
#2216=ORIENTED_EDGE('',*,*,#1676,.F.);
#2217=ORIENTED_EDGE('',*,*,#1678,.F.);
#2218=ORIENTED_EDGE('',*,*,#1655,.T.);
#2219=ORIENTED_EDGE('',*,*,#1661,.F.);
#2220=ORIENTED_EDGE('',*,*,#1674,.T.);
#2221=ORIENTED_EDGE('',*,*,#1677,.F.);
#2222=ORIENTED_EDGE('',*,*,#1668,.T.);
#2223=ORIENTED_EDGE('',*,*,#1672,.F.);
#2224=ORIENTED_EDGE('',*,*,#1662,.T.);
#2225=ORIENTED_EDGE('',*,*,#1666,.F.);
#2226=ORIENTED_EDGE('',*,*,#1454,.T.);
#2227=ORIENTED_EDGE('',*,*,#1457,.T.);
#2228=ORIENTED_EDGE('',*,*,#1460,.T.);
#2229=ORIENTED_EDGE('',*,*,#1463,.T.);
#2230=ORIENTED_EDGE('',*,*,#1466,.T.);
#2231=ORIENTED_EDGE('',*,*,#1469,.T.);
#2232=ORIENTED_EDGE('',*,*,#1472,.T.);
#2233=ORIENTED_EDGE('',*,*,#1475,.T.);
#2234=ORIENTED_EDGE('',*,*,#1478,.T.);
#2235=ORIENTED_EDGE('',*,*,#1481,.T.);
#2236=ORIENTED_EDGE('',*,*,#1484,.T.);
#2237=ORIENTED_EDGE('',*,*,#1487,.T.);
#2238=ORIENTED_EDGE('',*,*,#1491,.T.);
#2239=ORIENTED_EDGE('',*,*,#1494,.T.);
#2240=ORIENTED_EDGE('',*,*,#1497,.T.);
#2241=ORIENTED_EDGE('',*,*,#1500,.T.);
#2242=ORIENTED_EDGE('',*,*,#1503,.T.);
#2243=ORIENTED_EDGE('',*,*,#1506,.T.);
#2244=ORIENTED_EDGE('',*,*,#1509,.T.);
#2245=ORIENTED_EDGE('',*,*,#1513,.T.);
#2246=ORIENTED_EDGE('',*,*,#1516,.T.);
#2247=ORIENTED_EDGE('',*,*,#1519,.T.);
#2248=ORIENTED_EDGE('',*,*,#1522,.T.);
#2249=ORIENTED_EDGE('',*,*,#1525,.T.);
#2250=ORIENTED_EDGE('',*,*,#1528,.T.);
#2251=ORIENTED_EDGE('',*,*,#1531,.T.);
#2252=ORIENTED_EDGE('',*,*,#1534,.T.);
#2253=ORIENTED_EDGE('',*,*,#1537,.T.);
#2254=ORIENTED_EDGE('',*,*,#1540,.T.);
#2255=ORIENTED_EDGE('',*,*,#1543,.T.);
#2256=ORIENTED_EDGE('',*,*,#1549,.T.);
#2257=ORIENTED_EDGE('',*,*,#1552,.T.);
#2258=ORIENTED_EDGE('',*,*,#1555,.T.);
#2259=ORIENTED_EDGE('',*,*,#1558,.T.);
#2260=ORIENTED_EDGE('',*,*,#1561,.T.);
#2261=ORIENTED_EDGE('',*,*,#1564,.T.);
#2262=ORIENTED_EDGE('',*,*,#1567,.T.);
#2263=ORIENTED_EDGE('',*,*,#1570,.T.);
#2264=ORIENTED_EDGE('',*,*,#1573,.T.);
#2265=ORIENTED_EDGE('',*,*,#1576,.T.);
#2266=ORIENTED_EDGE('',*,*,#1579,.T.);
#2267=ORIENTED_EDGE('',*,*,#1582,.T.);
#2268=ORIENTED_EDGE('',*,*,#1585,.T.);
#2269=ORIENTED_EDGE('',*,*,#1588,.T.);
#2270=ORIENTED_EDGE('',*,*,#1591,.T.);
#2271=ORIENTED_EDGE('',*,*,#1594,.T.);
#2272=ORIENTED_EDGE('',*,*,#1597,.T.);
#2273=ORIENTED_EDGE('',*,*,#1600,.T.);
#2274=ORIENTED_EDGE('',*,*,#1603,.T.);
#2275=ORIENTED_EDGE('',*,*,#1606,.T.);
#2276=ORIENTED_EDGE('',*,*,#1609,.T.);
#2277=ORIENTED_EDGE('',*,*,#1612,.T.);
#2278=ORIENTED_EDGE('',*,*,#1615,.T.);
#2279=ORIENTED_EDGE('',*,*,#1618,.T.);
#2280=ORIENTED_EDGE('',*,*,#1621,.T.);
#2281=ORIENTED_EDGE('',*,*,#1624,.T.);
#2282=ORIENTED_EDGE('',*,*,#1627,.T.);
#2283=ORIENTED_EDGE('',*,*,#1630,.T.);
#2284=ORIENTED_EDGE('',*,*,#1633,.T.);
#2285=ORIENTED_EDGE('',*,*,#1636,.T.);
#2286=ORIENTED_EDGE('',*,*,#1639,.T.);
#2287=ORIENTED_EDGE('',*,*,#1642,.T.);
#2288=ORIENTED_EDGE('',*,*,#1645,.T.);
#2289=ORIENTED_EDGE('',*,*,#1648,.T.);
#2290=ORIENTED_EDGE('',*,*,#1651,.T.);
#2291=ORIENTED_EDGE('',*,*,#1654,.T.);
#2292=ORIENTED_EDGE('',*,*,#1546,.T.);
#2293=ORIENTED_EDGE('',*,*,#1444,.T.);
#2294=ORIENTED_EDGE('',*,*,#1510,.T.);
#2295=ORIENTED_EDGE('',*,*,#1448,.T.);
#2296=ORIENTED_EDGE('',*,*,#1450,.T.);
#2297=ORIENTED_EDGE('',*,*,#1378,.F.);
#2298=ORIENTED_EDGE('',*,*,#1412,.F.);
#2299=ORIENTED_EDGE('',*,*,#1679,.T.);
#2300=ORIENTED_EDGE('',*,*,#1680,.T.);
#2301=ORIENTED_EDGE('',*,*,#1382,.F.);
#2302=ORIENTED_EDGE('',*,*,#1390,.T.);
#2303=ORIENTED_EDGE('',*,*,#1681,.T.);
#2304=ORIENTED_EDGE('',*,*,#1410,.F.);
#2305=ORIENTED_EDGE('',*,*,#1396,.F.);
#2306=ORIENTED_EDGE('',*,*,#1682,.T.);
#2307=ORIENTED_EDGE('',*,*,#1683,.F.);
#2308=ORIENTED_EDGE('',*,*,#1385,.T.);
#2309=ORIENTED_EDGE('',*,*,#1392,.F.);
#2310=ORIENTED_EDGE('',*,*,#1394,.T.);
#2311=ORIENTED_EDGE('',*,*,#1426,.T.);
#2312=ORIENTED_EDGE('',*,*,#1401,.T.);
#2313=ORIENTED_EDGE('',*,*,#1397,.F.);
#2314=ORIENTED_EDGE('',*,*,#1409,.T.);
#2315=ORIENTED_EDGE('',*,*,#1404,.F.);
#2316=ORIENTED_EDGE('',*,*,#1429,.T.);
#2317=ORIENTED_EDGE('',*,*,#1683,.T.);
#2318=ORIENTED_EDGE('',*,*,#1684,.T.);
#2319=ORIENTED_EDGE('',*,*,#1685,.T.);
#2320=ORIENTED_EDGE('',*,*,#1686,.T.);
#2321=ORIENTED_EDGE('',*,*,#1687,.T.);
#2322=ORIENTED_EDGE('',*,*,#1386,.T.);
#2323=ORIENTED_EDGE('',*,*,#1667,.T.);
#2324=ORIENTED_EDGE('',*,*,#1664,.F.);
#2325=ORIENTED_EDGE('',*,*,#1673,.T.);
#2326=ORIENTED_EDGE('',*,*,#1670,.F.);
#2327=ORIENTED_EDGE('',*,*,#1678,.T.);
#2328=ORIENTED_EDGE('',*,*,#1675,.F.);
#2329=ORIENTED_EDGE('',*,*,#1659,.T.);
#2330=ORIENTED_EDGE('',*,*,#1657,.F.);
#2331=ORIENTED_EDGE('',*,*,#1688,.T.);
#2332=ORIENTED_EDGE('',*,*,#1689,.T.);
#2333=ORIENTED_EDGE('',*,*,#1686,.F.);
#2334=ORIENTED_EDGE('',*,*,#1690,.F.);
#2335=ORIENTED_EDGE('',*,*,#1691,.T.);
#2336=ORIENTED_EDGE('',*,*,#1690,.T.);
#2337=ORIENTED_EDGE('',*,*,#1685,.F.);
#2338=ORIENTED_EDGE('',*,*,#1692,.F.);
#2339=ORIENTED_EDGE('',*,*,#1379,.F.);
#2340=ORIENTED_EDGE('',*,*,#1680,.F.);
#2341=ORIENTED_EDGE('',*,*,#1693,.F.);
#2342=ORIENTED_EDGE('',*,*,#1694,.T.);
#2343=ORIENTED_EDGE('',*,*,#1692,.T.);
#2344=ORIENTED_EDGE('',*,*,#1684,.F.);
#2345=ORIENTED_EDGE('',*,*,#1682,.F.);
#2346=ORIENTED_EDGE('',*,*,#1395,.F.);
#2347=ORIENTED_EDGE('',*,*,#1375,.F.);
#2348=ORIENTED_EDGE('',*,*,#1695,.T.);
#2349=ORIENTED_EDGE('',*,*,#1693,.T.);
#2350=ORIENTED_EDGE('',*,*,#1679,.F.);
#2351=ORIENTED_EDGE('',*,*,#1696,.F.);
#2352=ORIENTED_EDGE('',*,*,#1697,.T.);
#2353=ORIENTED_EDGE('',*,*,#1696,.T.);
#2354=ORIENTED_EDGE('',*,*,#1411,.F.);
#2355=ORIENTED_EDGE('',*,*,#1698,.F.);
#2356=ORIENTED_EDGE('',*,*,#1699,.T.);
#2357=ORIENTED_EDGE('',*,*,#1698,.T.);
#2358=ORIENTED_EDGE('',*,*,#1681,.F.);
#2359=ORIENTED_EDGE('',*,*,#1389,.F.);
#2360=ORIENTED_EDGE('',*,*,#1700,.T.);
#2361=ORIENTED_EDGE('',*,*,#1387,.T.);
#2362=ORIENTED_EDGE('',*,*,#1687,.F.);
#2363=ORIENTED_EDGE('',*,*,#1689,.F.);
#2364=ORIENTED_EDGE('',*,*,#1700,.F.);
#2365=ORIENTED_EDGE('',*,*,#1688,.F.);
#2366=ORIENTED_EDGE('',*,*,#1691,.F.);
#2367=ORIENTED_EDGE('',*,*,#1694,.F.);
#2368=ORIENTED_EDGE('',*,*,#1695,.F.);
#2369=ORIENTED_EDGE('',*,*,#1697,.F.);
#2370=ORIENTED_EDGE('',*,*,#1699,.F.);
#2371=ORIENTED_EDGE('',*,*,#1388,.F.);
#2372=ORIENTED_EDGE('',*,*,#1363,.T.);
#2373=ORIENTED_EDGE('',*,*,#1430,.T.);
#2374=ORIENTED_EDGE('',*,*,#1434,.T.);
#2375=ORIENTED_EDGE('',*,*,#1437,.T.);
#2376=ORIENTED_EDGE('',*,*,#1440,.T.);
#2377=CYLINDRICAL_SURFACE('',#2670,1.05);
#2378=CYLINDRICAL_SURFACE('',#2674,3.);
#2379=CYLINDRICAL_SURFACE('',#2677,3.);
#2380=CYLINDRICAL_SURFACE('',#2680,3.);
#2381=CYLINDRICAL_SURFACE('',#2692,3.);
#2382=CYLINDRICAL_SURFACE('',#2695,3.);
#2383=CYLINDRICAL_SURFACE('',#2697,1.5);
#2384=CYLINDRICAL_SURFACE('',#2701,1.5);
#2385=CYLINDRICAL_SURFACE('',#2710,5.00000000000001);
#2386=CYLINDRICAL_SURFACE('',#2712,4.99999999999999);
#2387=CYLINDRICAL_SURFACE('',#2714,4.99999999999999);
#2388=CYLINDRICAL_SURFACE('',#2716,5.);
#2389=CYLINDRICAL_SURFACE('',#2727,1.6032);
#2390=CYLINDRICAL_SURFACE('',#2730,1.6032);
#2391=CYLINDRICAL_SURFACE('',#2734,1.6032);
#2392=CYLINDRICAL_SURFACE('',#2738,1.6032);
#2393=CYLINDRICAL_SURFACE('',#2742,1.6032);
#2394=CYLINDRICAL_SURFACE('',#2746,1.6032);
#2395=CYLINDRICAL_SURFACE('',#2750,1.6032);
#2396=CYLINDRICAL_SURFACE('',#2754,1.6032);
#2397=CYLINDRICAL_SURFACE('',#2758,1.6032);
#2398=CYLINDRICAL_SURFACE('',#2762,1.6032);
#2399=CYLINDRICAL_SURFACE('',#2766,1.6032);
#2400=CYLINDRICAL_SURFACE('',#2770,1.6032);
#2401=CYLINDRICAL_SURFACE('',#2774,1.6032);
#2402=CYLINDRICAL_SURFACE('',#2780,1.6032);
#2403=CYLINDRICAL_SURFACE('',#2784,1.6032);
#2404=CYLINDRICAL_SURFACE('',#2788,1.6032);
#2405=CYLINDRICAL_SURFACE('',#2792,1.6032);
#2406=CYLINDRICAL_SURFACE('',#2796,1.6032);
#2407=CYLINDRICAL_SURFACE('',#2800,1.6032);
#2408=CYLINDRICAL_SURFACE('',#2804,1.6032);
#2409=CYLINDRICAL_SURFACE('',#2808,1.6032);
#2410=CYLINDRICAL_SURFACE('',#2810,1.6032);
#2411=CYLINDRICAL_SURFACE('',#2814,1.6032);
#2412=CYLINDRICAL_SURFACE('',#2818,1.6032);
#2413=CYLINDRICAL_SURFACE('',#2822,1.6032);
#2414=CYLINDRICAL_SURFACE('',#2826,1.6032);
#2415=CYLINDRICAL_SURFACE('',#2830,1.6032);
#2416=CYLINDRICAL_SURFACE('',#2834,1.6032);
#2417=CYLINDRICAL_SURFACE('',#2838,1.6032);
#2418=CYLINDRICAL_SURFACE('',#2842,1.6032);
#2419=CYLINDRICAL_SURFACE('',#2846,1.6032);
#2420=CYLINDRICAL_SURFACE('',#2850,1.6032);
#2421=CYLINDRICAL_SURFACE('',#2854,1.6032);
#2422=CYLINDRICAL_SURFACE('',#2858,1.6032);
#2423=CYLINDRICAL_SURFACE('',#2862,1.6032);
#2424=CYLINDRICAL_SURFACE('',#2866,1.6032);
#2425=CYLINDRICAL_SURFACE('',#2870,1.6032);
#2426=CYLINDRICAL_SURFACE('',#2874,1.6032);
#2427=CYLINDRICAL_SURFACE('',#2878,1.6032);
#2428=CYLINDRICAL_SURFACE('',#2882,1.6032);
#2429=CYLINDRICAL_SURFACE('',#2886,1.6032);
#2430=CYLINDRICAL_SURFACE('',#2890,1.6032);
#2431=CYLINDRICAL_SURFACE('',#2894,1.6032);
#2432=CYLINDRICAL_SURFACE('',#2898,1.6032);
#2433=CYLINDRICAL_SURFACE('',#2902,1.6032);
#2434=CYLINDRICAL_SURFACE('',#2906,1.6032);
#2435=CYLINDRICAL_SURFACE('',#2910,1.6032);
#2436=CYLINDRICAL_SURFACE('',#2914,1.6032);
#2437=CYLINDRICAL_SURFACE('',#2918,1.6032);
#2438=CYLINDRICAL_SURFACE('',#2922,1.6032);
#2439=CYLINDRICAL_SURFACE('',#2926,1.6032);
#2440=CYLINDRICAL_SURFACE('',#2930,1.6032);
#2441=CYLINDRICAL_SURFACE('',#2934,1.6032);
#2442=CYLINDRICAL_SURFACE('',#2938,1.6032);
#2443=CYLINDRICAL_SURFACE('',#2942,1.6032);
#2444=CYLINDRICAL_SURFACE('',#2946,1.6032);
#2445=CYLINDRICAL_SURFACE('',#2950,1.6032);
#2446=CYLINDRICAL_SURFACE('',#2954,1.6032);
#2447=CYLINDRICAL_SURFACE('',#2958,1.6032);
#2448=CYLINDRICAL_SURFACE('',#2962,1.6032);
#2449=CYLINDRICAL_SURFACE('',#2966,1.6032);
#2450=CYLINDRICAL_SURFACE('',#2970,1.6032);
#2451=CYLINDRICAL_SURFACE('',#2974,1.6032);
#2452=CYLINDRICAL_SURFACE('',#2978,1.6032);
#2453=CYLINDRICAL_SURFACE('',#2982,1.6032);
#2454=CYLINDRICAL_SURFACE('',#2986,1.6032);
#2455=CYLINDRICAL_SURFACE('',#2990,1.6032);
#2456=CYLINDRICAL_SURFACE('',#2994,1.6032);
#2457=CYLINDRICAL_SURFACE('',#2998,1.6032);
#2458=CYLINDRICAL_SURFACE('',#3002,2.1032);
#2459=CYLINDRICAL_SURFACE('',#3006,2.1032);
#2460=CYLINDRICAL_SURFACE('',#3010,2.1032);
#2461=CYLINDRICAL_SURFACE('',#3014,2.1032);
#2462=CYLINDRICAL_SURFACE('',#3028,3.1);
#2463=CYLINDRICAL_SURFACE('',#3031,3.10000000000002);
#2464=CYLINDRICAL_SURFACE('',#3034,3.1);
#2465=CYLINDRICAL_SURFACE('',#3036,3.1);
#2466=ADVANCED_FACE('',(#194),#2377,.F.);
#2467=ADVANCED_FACE('',(#195),#98,.F.);
#2468=ADVANCED_FACE('',(#196),#2378,.T.);
#2469=ADVANCED_FACE('',(#197),#2379,.T.);
#2470=ADVANCED_FACE('',(#198),#2380,.T.);
#2471=ADVANCED_FACE('',(#199),#96,.T.);
#2472=ADVANCED_FACE('',(#200),#94,.T.);
#2473=ADVANCED_FACE('',(#201),#95,.T.);
#2474=ADVANCED_FACE('',(#202),#97,.T.);
#2475=ADVANCED_FACE('',(#203),#99,.T.);
#2476=ADVANCED_FACE('',(#204),#2381,.T.);
#2477=ADVANCED_FACE('',(#205),#100,.T.);
#2478=ADVANCED_FACE('',(#206),#2382,.T.);
#2479=ADVANCED_FACE('',(#207),#2383,.F.);
#2480=ADVANCED_FACE('',(#208),#101,.F.);
#2481=ADVANCED_FACE('',(#209),#2384,.F.);
#2482=ADVANCED_FACE('',(#210),#102,.F.);
#2483=ADVANCED_FACE('',(#211,#19),#103,.T.);
#2484=ADVANCED_FACE('',(#212),#2385,.T.);
#2485=ADVANCED_FACE('',(#213),#2386,.T.);
#2486=ADVANCED_FACE('',(#214),#2387,.T.);
#2487=ADVANCED_FACE('',(#215),#2388,.T.);
#2488=ADVANCED_FACE('',(#216),#104,.F.);
#2489=ADVANCED_FACE('',(#217),#105,.F.);
#2490=ADVANCED_FACE('',(#218,#20),#106,.F.);
#2491=ADVANCED_FACE('',(#219),#107,.F.);
#2492=ADVANCED_FACE('',(#220,#21),#108,.F.);
#2493=ADVANCED_FACE('',(#221),#109,.F.);
#2494=ADVANCED_FACE('',(#222),#110,.F.);
#2495=ADVANCED_FACE('',(#223),#111,.T.);
#2496=ADVANCED_FACE('',(#224),#112,.T.);
#2497=ADVANCED_FACE('',(#225),#2389,.T.);
#2498=ADVANCED_FACE('',(#226),#2390,.T.);
#2499=ADVANCED_FACE('',(#227),#113,.T.);
#2500=ADVANCED_FACE('',(#228),#2391,.T.);
#2501=ADVANCED_FACE('',(#229),#114,.T.);
#2502=ADVANCED_FACE('',(#230),#2392,.T.);
#2503=ADVANCED_FACE('',(#231),#115,.T.);
#2504=ADVANCED_FACE('',(#232),#2393,.T.);
#2505=ADVANCED_FACE('',(#233),#116,.T.);
#2506=ADVANCED_FACE('',(#234),#2394,.T.);
#2507=ADVANCED_FACE('',(#235),#117,.T.);
#2508=ADVANCED_FACE('',(#236),#2395,.T.);
#2509=ADVANCED_FACE('',(#237),#118,.T.);
#2510=ADVANCED_FACE('',(#238),#2396,.T.);
#2511=ADVANCED_FACE('',(#239),#119,.T.);
#2512=ADVANCED_FACE('',(#240),#2397,.T.);
#2513=ADVANCED_FACE('',(#241),#120,.T.);
#2514=ADVANCED_FACE('',(#242),#2398,.T.);
#2515=ADVANCED_FACE('',(#243),#121,.T.);
#2516=ADVANCED_FACE('',(#244),#2399,.T.);
#2517=ADVANCED_FACE('',(#245),#122,.T.);
#2518=ADVANCED_FACE('',(#246),#2400,.T.);
#2519=ADVANCED_FACE('',(#247),#123,.T.);
#2520=ADVANCED_FACE('',(#248),#2401,.T.);
#2521=ADVANCED_FACE('',(#249),#124,.T.);
#2522=ADVANCED_FACE('',(#250),#125,.T.);
#2523=ADVANCED_FACE('',(#251),#2402,.T.);
#2524=ADVANCED_FACE('',(#252),#126,.T.);
#2525=ADVANCED_FACE('',(#253),#2403,.T.);
#2526=ADVANCED_FACE('',(#254),#127,.T.);
#2527=ADVANCED_FACE('',(#255),#2404,.T.);
#2528=ADVANCED_FACE('',(#256),#128,.T.);
#2529=ADVANCED_FACE('',(#257),#2405,.T.);
#2530=ADVANCED_FACE('',(#258),#129,.T.);
#2531=ADVANCED_FACE('',(#259),#2406,.T.);
#2532=ADVANCED_FACE('',(#260),#130,.T.);
#2533=ADVANCED_FACE('',(#261),#2407,.T.);
#2534=ADVANCED_FACE('',(#262),#131,.T.);
#2535=ADVANCED_FACE('',(#263),#2408,.T.);
#2536=ADVANCED_FACE('',(#264),#132,.T.);
#2537=ADVANCED_FACE('',(#265),#2409,.T.);
#2538=ADVANCED_FACE('',(#266),#2410,.T.);
#2539=ADVANCED_FACE('',(#267),#133,.T.);
#2540=ADVANCED_FACE('',(#268),#2411,.T.);
#2541=ADVANCED_FACE('',(#269),#134,.T.);
#2542=ADVANCED_FACE('',(#270),#2412,.T.);
#2543=ADVANCED_FACE('',(#271),#135,.T.);
#2544=ADVANCED_FACE('',(#272),#2413,.T.);
#2545=ADVANCED_FACE('',(#273),#136,.T.);
#2546=ADVANCED_FACE('',(#274),#2414,.T.);
#2547=ADVANCED_FACE('',(#275),#137,.T.);
#2548=ADVANCED_FACE('',(#276),#2415,.T.);
#2549=ADVANCED_FACE('',(#277),#138,.T.);
#2550=ADVANCED_FACE('',(#278),#2416,.T.);
#2551=ADVANCED_FACE('',(#279),#139,.T.);
#2552=ADVANCED_FACE('',(#280),#2417,.T.);
#2553=ADVANCED_FACE('',(#281),#140,.T.);
#2554=ADVANCED_FACE('',(#282),#2418,.T.);
#2555=ADVANCED_FACE('',(#283),#141,.T.);
#2556=ADVANCED_FACE('',(#284),#2419,.T.);
#2557=ADVANCED_FACE('',(#285),#142,.T.);
#2558=ADVANCED_FACE('',(#286),#2420,.T.);
#2559=ADVANCED_FACE('',(#287),#143,.T.);
#2560=ADVANCED_FACE('',(#288),#2421,.T.);
#2561=ADVANCED_FACE('',(#289),#144,.T.);
#2562=ADVANCED_FACE('',(#290),#2422,.T.);
#2563=ADVANCED_FACE('',(#291),#145,.T.);
#2564=ADVANCED_FACE('',(#292),#2423,.T.);
#2565=ADVANCED_FACE('',(#293),#146,.T.);
#2566=ADVANCED_FACE('',(#294),#2424,.T.);
#2567=ADVANCED_FACE('',(#295),#147,.T.);
#2568=ADVANCED_FACE('',(#296),#2425,.T.);
#2569=ADVANCED_FACE('',(#297),#148,.T.);
#2570=ADVANCED_FACE('',(#298),#2426,.T.);
#2571=ADVANCED_FACE('',(#299),#149,.T.);
#2572=ADVANCED_FACE('',(#300),#2427,.T.);
#2573=ADVANCED_FACE('',(#301),#150,.T.);
#2574=ADVANCED_FACE('',(#302),#2428,.T.);
#2575=ADVANCED_FACE('',(#303),#151,.T.);
#2576=ADVANCED_FACE('',(#304),#2429,.T.);
#2577=ADVANCED_FACE('',(#305),#152,.T.);
#2578=ADVANCED_FACE('',(#306),#2430,.T.);
#2579=ADVANCED_FACE('',(#307),#153,.T.);
#2580=ADVANCED_FACE('',(#308),#2431,.T.);
#2581=ADVANCED_FACE('',(#309),#154,.T.);
#2582=ADVANCED_FACE('',(#310),#2432,.T.);
#2583=ADVANCED_FACE('',(#311),#155,.T.);
#2584=ADVANCED_FACE('',(#312),#2433,.T.);
#2585=ADVANCED_FACE('',(#313),#156,.T.);
#2586=ADVANCED_FACE('',(#314),#2434,.T.);
#2587=ADVANCED_FACE('',(#315),#157,.T.);
#2588=ADVANCED_FACE('',(#316),#2435,.T.);
#2589=ADVANCED_FACE('',(#317),#158,.T.);
#2590=ADVANCED_FACE('',(#318),#2436,.T.);
#2591=ADVANCED_FACE('',(#319),#159,.T.);
#2592=ADVANCED_FACE('',(#320),#2437,.T.);
#2593=ADVANCED_FACE('',(#321),#160,.T.);
#2594=ADVANCED_FACE('',(#322),#2438,.T.);
#2595=ADVANCED_FACE('',(#323),#161,.T.);
#2596=ADVANCED_FACE('',(#324),#2439,.T.);
#2597=ADVANCED_FACE('',(#325),#162,.T.);
#2598=ADVANCED_FACE('',(#326),#2440,.T.);
#2599=ADVANCED_FACE('',(#327),#163,.T.);
#2600=ADVANCED_FACE('',(#328),#2441,.T.);
#2601=ADVANCED_FACE('',(#329),#164,.T.);
#2602=ADVANCED_FACE('',(#330),#2442,.T.);
#2603=ADVANCED_FACE('',(#331),#165,.T.);
#2604=ADVANCED_FACE('',(#332),#2443,.T.);
#2605=ADVANCED_FACE('',(#333),#166,.T.);
#2606=ADVANCED_FACE('',(#334),#2444,.T.);
#2607=ADVANCED_FACE('',(#335),#167,.T.);
#2608=ADVANCED_FACE('',(#336),#2445,.T.);
#2609=ADVANCED_FACE('',(#337),#168,.T.);
#2610=ADVANCED_FACE('',(#338),#2446,.T.);
#2611=ADVANCED_FACE('',(#339),#169,.T.);
#2612=ADVANCED_FACE('',(#340),#2447,.T.);
#2613=ADVANCED_FACE('',(#341),#170,.T.);
#2614=ADVANCED_FACE('',(#342),#2448,.T.);
#2615=ADVANCED_FACE('',(#343),#171,.T.);
#2616=ADVANCED_FACE('',(#344),#2449,.T.);
#2617=ADVANCED_FACE('',(#345),#172,.T.);
#2618=ADVANCED_FACE('',(#346),#2450,.T.);
#2619=ADVANCED_FACE('',(#347),#173,.T.);
#2620=ADVANCED_FACE('',(#348),#2451,.T.);
#2621=ADVANCED_FACE('',(#349),#174,.T.);
#2622=ADVANCED_FACE('',(#350),#2452,.T.);
#2623=ADVANCED_FACE('',(#351),#175,.T.);
#2624=ADVANCED_FACE('',(#352),#2453,.T.);
#2625=ADVANCED_FACE('',(#353),#176,.T.);
#2626=ADVANCED_FACE('',(#354),#2454,.T.);
#2627=ADVANCED_FACE('',(#355),#177,.T.);
#2628=ADVANCED_FACE('',(#356),#2455,.T.);
#2629=ADVANCED_FACE('',(#357),#178,.T.);
#2630=ADVANCED_FACE('',(#358),#2456,.T.);
#2631=ADVANCED_FACE('',(#359),#179,.T.);
#2632=ADVANCED_FACE('',(#360),#2457,.T.);
#2633=ADVANCED_FACE('',(#361),#180,.T.);
#2634=ADVANCED_FACE('',(#362),#2458,.F.);
#2635=ADVANCED_FACE('',(#363),#181,.F.);
#2636=ADVANCED_FACE('',(#364),#2459,.F.);
#2637=ADVANCED_FACE('',(#365),#182,.F.);
#2638=ADVANCED_FACE('',(#366),#2460,.F.);
#2639=ADVANCED_FACE('',(#367),#183,.F.);
#2640=ADVANCED_FACE('',(#368),#2461,.F.);
#2641=ADVANCED_FACE('',(#369),#184,.F.);
#2642=ADVANCED_FACE('',(#370,#22,#23,#24,#25,#26,#27,#28,#29,#30,#31,#32,
#33,#34,#35,#36,#37,#38,#39,#40,#41,#42,#43,#44,#45,#46,#47,#48,#49,#50,
#51,#52,#53,#54,#55,#56,#57,#58,#59,#60,#61,#62,#63,#64,#65,#66,#67,#68,
#69,#70,#71,#72,#73,#74,#75,#76,#77,#78,#79,#80,#81,#82,#83,#84,#85,#86,
#87,#88,#89),#185,.F.);
#2643=ADVANCED_FACE('',(#371),#186,.T.);
#2644=ADVANCED_FACE('',(#372),#187,.T.);
#2645=ADVANCED_FACE('',(#373,#90),#188,.T.);
#2646=ADVANCED_FACE('',(#374,#91),#189,.T.);
#2647=ADVANCED_FACE('',(#375),#190,.T.);
#2648=ADVANCED_FACE('',(#376),#2462,.T.);
#2649=ADVANCED_FACE('',(#377),#191,.T.);
#2650=ADVANCED_FACE('',(#378),#2463,.T.);
#2651=ADVANCED_FACE('',(#379),#192,.T.);
#2652=ADVANCED_FACE('',(#380),#2464,.T.);
#2653=ADVANCED_FACE('',(#381),#2465,.T.);
#2654=ADVANCED_FACE('',(#382,#92,#93),#193,.F.);
#2655=CLOSED_SHELL('',(#2466,#2467,#2468,#2469,#2470,#2471,#2472,#2473,
#2474,#2475,#2476,#2477,#2478,#2479,#2480,#2481,#2482,#2483,#2484,#2485,
#2486,#2487,#2488,#2489,#2490,#2491,#2492,#2493,#2494,#2495,#2496,#2497,
#2498,#2499,#2500,#2501,#2502,#2503,#2504,#2505,#2506,#2507,#2508,#2509,
#2510,#2511,#2512,#2513,#2514,#2515,#2516,#2517,#2518,#2519,#2520,#2521,
#2522,#2523,#2524,#2525,#2526,#2527,#2528,#2529,#2530,#2531,#2532,#2533,
#2534,#2535,#2536,#2537,#2538,#2539,#2540,#2541,#2542,#2543,#2544,#2545,
#2546,#2547,#2548,#2549,#2550,#2551,#2552,#2553,#2554,#2555,#2556,#2557,
#2558,#2559,#2560,#2561,#2562,#2563,#2564,#2565,#2566,#2567,#2568,#2569,
#2570,#2571,#2572,#2573,#2574,#2575,#2576,#2577,#2578,#2579,#2580,#2581,
#2582,#2583,#2584,#2585,#2586,#2587,#2588,#2589,#2590,#2591,#2592,#2593,
#2594,#2595,#2596,#2597,#2598,#2599,#2600,#2601,#2602,#2603,#2604,#2605,
#2606,#2607,#2608,#2609,#2610,#2611,#2612,#2613,#2614,#2615,#2616,#2617,
#2618,#2619,#2620,#2621,#2622,#2623,#2624,#2625,#2626,#2627,#2628,#2629,
#2630,#2631,#2632,#2633,#2634,#2635,#2636,#2637,#2638,#2639,#2640,#2641,
#2642,#2643,#2644,#2645,#2646,#2647,#2648,#2649,#2650,#2651,#2652,#2653,
#2654));
#2656=DERIVED_UNIT_ELEMENT(#2658,1.);
#2657=DERIVED_UNIT_ELEMENT(#4715,-3.);
#2658=(
MASS_UNIT()
NAMED_UNIT(*)
SI_UNIT(.KILO.,.GRAM.)
);
#2659=DERIVED_UNIT((#2656,#2657));
#2660=MEASURE_REPRESENTATION_ITEM('density measure',
POSITIVE_RATIO_MEASURE(7850.),#2659);
#2661=PROPERTY_DEFINITION_REPRESENTATION(#2666,#2663);
#2662=PROPERTY_DEFINITION_REPRESENTATION(#2667,#2664);
#2663=REPRESENTATION('material name',(#2665),#4712);
#2664=REPRESENTATION('density',(#2660),#4712);
#2665=DESCRIPTIVE_REPRESENTATION_ITEM('Steel','Steel');
#2666=PROPERTY_DEFINITION('material property','material name',#4727);
#2667=PROPERTY_DEFINITION('material property','density of part',#4727);
#2668=AXIS2_PLACEMENT_3D('',#3940,#3040,#3041);
#2669=AXIS2_PLACEMENT_3D('',#3941,#3042,#3043);
#2670=AXIS2_PLACEMENT_3D('',#3942,#3044,#3045);
#2671=AXIS2_PLACEMENT_3D('',#3944,#3046,#3047);
#2672=AXIS2_PLACEMENT_3D('',#3947,#3049,#3050);
#2673=AXIS2_PLACEMENT_3D('',#3948,#3051,#3052);
#2674=AXIS2_PLACEMENT_3D('',#3949,#3053,#3054);
#2675=AXIS2_PLACEMENT_3D('',#3952,#3055,#3056);
#2676=AXIS2_PLACEMENT_3D('',#3956,#3058,#3059);
#2677=AXIS2_PLACEMENT_3D('',#3958,#3061,#3062);
#2678=AXIS2_PLACEMENT_3D('',#3960,#3063,#3064);
#2679=AXIS2_PLACEMENT_3D('',#3964,#3066,#3067);
#2680=AXIS2_PLACEMENT_3D('',#3966,#3069,#3070);
#2681=AXIS2_PLACEMENT_3D('',#3969,#3071,#3072);
#2682=AXIS2_PLACEMENT_3D('',#3972,#3074,#3075);
#2683=AXIS2_PLACEMENT_3D('',#3984,#3077,#3078);
#2684=AXIS2_PLACEMENT_3D('',#3985,#3079,#3080);
#2685=AXIS2_PLACEMENT_3D('',#3986,#3081,#3082);
#2686=AXIS2_PLACEMENT_3D('',#3987,#3083,#3084);
#2687=AXIS2_PLACEMENT_3D('',#3988,#3085,#3086);
#2688=AXIS2_PLACEMENT_3D('',#3989,#3087,#3088);
#2689=AXIS2_PLACEMENT_3D('',#4000,#3089,#3090);
#2690=AXIS2_PLACEMENT_3D('',#4001,#3091,#3092);
#2691=AXIS2_PLACEMENT_3D('',#4002,#3093,#3094);
#2692=AXIS2_PLACEMENT_3D('',#4016,#3102,#3103);
#2693=AXIS2_PLACEMENT_3D('',#4019,#3105,#3106);
#2694=AXIS2_PLACEMENT_3D('',#4020,#3107,#3108);
#2695=AXIS2_PLACEMENT_3D('',#4024,#3111,#3112);
#2696=AXIS2_PLACEMENT_3D('',#4027,#3114,#3115);
#2697=AXIS2_PLACEMENT_3D('',#4028,#3116,#3117);
#2698=AXIS2_PLACEMENT_3D('',#4031,#3118,#3119);
#2699=AXIS2_PLACEMENT_3D('',#4035,#3121,#3122);
#2700=AXIS2_PLACEMENT_3D('',#4037,#3124,#3125);
#2701=AXIS2_PLACEMENT_3D('',#4043,#3129,#3130);
#2702=AXIS2_PLACEMENT_3D('',#4046,#3131,#3132);
#2703=AXIS2_PLACEMENT_3D('',#4050,#3134,#3135);
#2704=AXIS2_PLACEMENT_3D('',#4052,#3137,#3138);
#2705=AXIS2_PLACEMENT_3D('',#4055,#3141,#3142);
#2706=AXIS2_PLACEMENT_3D('',#4063,#3146,#3147);
#2707=AXIS2_PLACEMENT_3D('',#4065,#3148,#3149);
#2708=AXIS2_PLACEMENT_3D('',#4067,#3150,#3151);
#2709=AXIS2_PLACEMENT_3D('',#4068,#3152,#3153);
#2710=AXIS2_PLACEMENT_3D('',#4069,#3154,#3155);
#2711=AXIS2_PLACEMENT_3D('',#4073,#3157,#3158);
#2712=AXIS2_PLACEMENT_3D('',#4075,#3160,#3161);
#2713=AXIS2_PLACEMENT_3D('',#4078,#3163,#3164);
#2714=AXIS2_PLACEMENT_3D('',#4079,#3165,#3166);
#2715=AXIS2_PLACEMENT_3D('',#4082,#3168,#3169);
#2716=AXIS2_PLACEMENT_3D('',#4083,#3170,#3171);
#2717=AXIS2_PLACEMENT_3D('',#4084,#3172,#3173);
#2718=AXIS2_PLACEMENT_3D('',#4085,#3174,#3175);
#2719=AXIS2_PLACEMENT_3D('',#4091,#3179,#3180);
#2720=AXIS2_PLACEMENT_3D('',#4094,#3183,#3184);
#2721=AXIS2_PLACEMENT_3D('',#4103,#3189,#3190);
#2722=AXIS2_PLACEMENT_3D('',#4109,#3194,#3195);
#2723=AXIS2_PLACEMENT_3D('',#4115,#3199,#3200);
#2724=AXIS2_PLACEMENT_3D('',#4118,#3203,#3204);
#2725=AXIS2_PLACEMENT_3D('',#4119,#3205,#3206);
#2726=AXIS2_PLACEMENT_3D('',#4128,#3211,#3212);
#2727=AXIS2_PLACEMENT_3D('',#4137,#3217,#3218);
#2728=AXIS2_PLACEMENT_3D('',#4138,#3219,#3220);
#2729=AXIS2_PLACEMENT_3D('',#4139,#3221,#3222);
#2730=AXIS2_PLACEMENT_3D('',#4140,#3223,#3224);
#2731=AXIS2_PLACEMENT_3D('',#4142,#3225,#3226);
#2732=AXIS2_PLACEMENT_3D('',#4145,#3228,#3229);
#2733=AXIS2_PLACEMENT_3D('',#4146,#3230,#3231);
#2734=AXIS2_PLACEMENT_3D('',#4147,#3232,#3233);
#2735=AXIS2_PLACEMENT_3D('',#4149,#3234,#3235);
#2736=AXIS2_PLACEMENT_3D('',#4152,#3237,#3238);
#2737=AXIS2_PLACEMENT_3D('',#4153,#3239,#3240);
#2738=AXIS2_PLACEMENT_3D('',#4154,#3241,#3242);
#2739=AXIS2_PLACEMENT_3D('',#4156,#3243,#3244);
#2740=AXIS2_PLACEMENT_3D('',#4159,#3246,#3247);
#2741=AXIS2_PLACEMENT_3D('',#4160,#3248,#3249);
#2742=AXIS2_PLACEMENT_3D('',#4161,#3250,#3251);
#2743=AXIS2_PLACEMENT_3D('',#4163,#3252,#3253);
#2744=AXIS2_PLACEMENT_3D('',#4166,#3255,#3256);
#2745=AXIS2_PLACEMENT_3D('',#4167,#3257,#3258);
#2746=AXIS2_PLACEMENT_3D('',#4168,#3259,#3260);
#2747=AXIS2_PLACEMENT_3D('',#4170,#3261,#3262);
#2748=AXIS2_PLACEMENT_3D('',#4173,#3264,#3265);
#2749=AXIS2_PLACEMENT_3D('',#4174,#3266,#3267);
#2750=AXIS2_PLACEMENT_3D('',#4175,#3268,#3269);
#2751=AXIS2_PLACEMENT_3D('',#4177,#3270,#3271);
#2752=AXIS2_PLACEMENT_3D('',#4180,#3273,#3274);
#2753=AXIS2_PLACEMENT_3D('',#4181,#3275,#3276);
#2754=AXIS2_PLACEMENT_3D('',#4182,#3277,#3278);
#2755=AXIS2_PLACEMENT_3D('',#4184,#3279,#3280);
#2756=AXIS2_PLACEMENT_3D('',#4187,#3282,#3283);
#2757=AXIS2_PLACEMENT_3D('',#4188,#3284,#3285);
#2758=AXIS2_PLACEMENT_3D('',#4189,#3286,#3287);
#2759=AXIS2_PLACEMENT_3D('',#4191,#3288,#3289);
#2760=AXIS2_PLACEMENT_3D('',#4194,#3291,#3292);
#2761=AXIS2_PLACEMENT_3D('',#4195,#3293,#3294);
#2762=AXIS2_PLACEMENT_3D('',#4196,#3295,#3296);
#2763=AXIS2_PLACEMENT_3D('',#4198,#3297,#3298);
#2764=AXIS2_PLACEMENT_3D('',#4201,#3300,#3301);
#2765=AXIS2_PLACEMENT_3D('',#4202,#3302,#3303);
#2766=AXIS2_PLACEMENT_3D('',#4203,#3304,#3305);
#2767=AXIS2_PLACEMENT_3D('',#4205,#3306,#3307);
#2768=AXIS2_PLACEMENT_3D('',#4208,#3309,#3310);
#2769=AXIS2_PLACEMENT_3D('',#4209,#3311,#3312);
#2770=AXIS2_PLACEMENT_3D('',#4210,#3313,#3314);
#2771=AXIS2_PLACEMENT_3D('',#4212,#3315,#3316);
#2772=AXIS2_PLACEMENT_3D('',#4215,#3318,#3319);
#2773=AXIS2_PLACEMENT_3D('',#4216,#3320,#3321);
#2774=AXIS2_PLACEMENT_3D('',#4217,#3322,#3323);
#2775=AXIS2_PLACEMENT_3D('',#4219,#3324,#3325);
#2776=AXIS2_PLACEMENT_3D('',#4222,#3327,#3328);
#2777=AXIS2_PLACEMENT_3D('',#4223,#3329,#3330);
#2778=AXIS2_PLACEMENT_3D('',#4224,#3331,#3332);
#2779=AXIS2_PLACEMENT_3D('',#4225,#3333,#3334);
#2780=AXIS2_PLACEMENT_3D('',#4226,#3335,#3336);
#2781=AXIS2_PLACEMENT_3D('',#4228,#3337,#3338);
#2782=AXIS2_PLACEMENT_3D('',#4231,#3340,#3341);
#2783=AXIS2_PLACEMENT_3D('',#4232,#3342,#3343);
#2784=AXIS2_PLACEMENT_3D('',#4233,#3344,#3345);
#2785=AXIS2_PLACEMENT_3D('',#4235,#3346,#3347);
#2786=AXIS2_PLACEMENT_3D('',#4238,#3349,#3350);
#2787=AXIS2_PLACEMENT_3D('',#4239,#3351,#3352);
#2788=AXIS2_PLACEMENT_3D('',#4240,#3353,#3354);
#2789=AXIS2_PLACEMENT_3D('',#4242,#3355,#3356);
#2790=AXIS2_PLACEMENT_3D('',#4245,#3358,#3359);
#2791=AXIS2_PLACEMENT_3D('',#4246,#3360,#3361);
#2792=AXIS2_PLACEMENT_3D('',#4247,#3362,#3363);
#2793=AXIS2_PLACEMENT_3D('',#4249,#3364,#3365);
#2794=AXIS2_PLACEMENT_3D('',#4252,#3367,#3368);
#2795=AXIS2_PLACEMENT_3D('',#4253,#3369,#3370);
#2796=AXIS2_PLACEMENT_3D('',#4254,#3371,#3372);
#2797=AXIS2_PLACEMENT_3D('',#4256,#3373,#3374);
#2798=AXIS2_PLACEMENT_3D('',#4259,#3376,#3377);
#2799=AXIS2_PLACEMENT_3D('',#4260,#3378,#3379);
#2800=AXIS2_PLACEMENT_3D('',#4261,#3380,#3381);
#2801=AXIS2_PLACEMENT_3D('',#4263,#3382,#3383);
#2802=AXIS2_PLACEMENT_3D('',#4266,#3385,#3386);
#2803=AXIS2_PLACEMENT_3D('',#4267,#3387,#3388);
#2804=AXIS2_PLACEMENT_3D('',#4268,#3389,#3390);
#2805=AXIS2_PLACEMENT_3D('',#4270,#3391,#3392);
#2806=AXIS2_PLACEMENT_3D('',#4273,#3394,#3395);
#2807=AXIS2_PLACEMENT_3D('',#4274,#3396,#3397);
#2808=AXIS2_PLACEMENT_3D('',#4275,#3398,#3399);
#2809=AXIS2_PLACEMENT_3D('',#4276,#3400,#3401);
#2810=AXIS2_PLACEMENT_3D('',#4277,#3402,#3403);
#2811=AXIS2_PLACEMENT_3D('',#4279,#3404,#3405);
#2812=AXIS2_PLACEMENT_3D('',#4282,#3407,#3408);
#2813=AXIS2_PLACEMENT_3D('',#4283,#3409,#3410);
#2814=AXIS2_PLACEMENT_3D('',#4284,#3411,#3412);
#2815=AXIS2_PLACEMENT_3D('',#4286,#3413,#3414);
#2816=AXIS2_PLACEMENT_3D('',#4289,#3416,#3417);
#2817=AXIS2_PLACEMENT_3D('',#4290,#3418,#3419);
#2818=AXIS2_PLACEMENT_3D('',#4291,#3420,#3421);
#2819=AXIS2_PLACEMENT_3D('',#4293,#3422,#3423);
#2820=AXIS2_PLACEMENT_3D('',#4296,#3425,#3426);
#2821=AXIS2_PLACEMENT_3D('',#4297,#3427,#3428);
#2822=AXIS2_PLACEMENT_3D('',#4298,#3429,#3430);
#2823=AXIS2_PLACEMENT_3D('',#4300,#3431,#3432);
#2824=AXIS2_PLACEMENT_3D('',#4303,#3434,#3435);
#2825=AXIS2_PLACEMENT_3D('',#4304,#3436,#3437);
#2826=AXIS2_PLACEMENT_3D('',#4305,#3438,#3439);
#2827=AXIS2_PLACEMENT_3D('',#4307,#3440,#3441);
#2828=AXIS2_PLACEMENT_3D('',#4310,#3443,#3444);
#2829=AXIS2_PLACEMENT_3D('',#4311,#3445,#3446);
#2830=AXIS2_PLACEMENT_3D('',#4312,#3447,#3448);
#2831=AXIS2_PLACEMENT_3D('',#4314,#3449,#3450);
#2832=AXIS2_PLACEMENT_3D('',#4317,#3452,#3453);
#2833=AXIS2_PLACEMENT_3D('',#4318,#3454,#3455);
#2834=AXIS2_PLACEMENT_3D('',#4319,#3456,#3457);
#2835=AXIS2_PLACEMENT_3D('',#4321,#3458,#3459);
#2836=AXIS2_PLACEMENT_3D('',#4324,#3461,#3462);
#2837=AXIS2_PLACEMENT_3D('',#4325,#3463,#3464);
#2838=AXIS2_PLACEMENT_3D('',#4326,#3465,#3466);
#2839=AXIS2_PLACEMENT_3D('',#4328,#3467,#3468);
#2840=AXIS2_PLACEMENT_3D('',#4331,#3470,#3471);
#2841=AXIS2_PLACEMENT_3D('',#4332,#3472,#3473);
#2842=AXIS2_PLACEMENT_3D('',#4333,#3474,#3475);
#2843=AXIS2_PLACEMENT_3D('',#4335,#3476,#3477);
#2844=AXIS2_PLACEMENT_3D('',#4338,#3479,#3480);
#2845=AXIS2_PLACEMENT_3D('',#4339,#3481,#3482);
#2846=AXIS2_PLACEMENT_3D('',#4340,#3483,#3484);
#2847=AXIS2_PLACEMENT_3D('',#4342,#3485,#3486);
#2848=AXIS2_PLACEMENT_3D('',#4345,#3488,#3489);
#2849=AXIS2_PLACEMENT_3D('',#4346,#3490,#3491);
#2850=AXIS2_PLACEMENT_3D('',#4347,#3492,#3493);
#2851=AXIS2_PLACEMENT_3D('',#4349,#3494,#3495);
#2852=AXIS2_PLACEMENT_3D('',#4352,#3497,#3498);
#2853=AXIS2_PLACEMENT_3D('',#4353,#3499,#3500);
#2854=AXIS2_PLACEMENT_3D('',#4354,#3501,#3502);
#2855=AXIS2_PLACEMENT_3D('',#4356,#3503,#3504);
#2856=AXIS2_PLACEMENT_3D('',#4359,#3506,#3507);
#2857=AXIS2_PLACEMENT_3D('',#4360,#3508,#3509);
#2858=AXIS2_PLACEMENT_3D('',#4361,#3510,#3511);
#2859=AXIS2_PLACEMENT_3D('',#4363,#3512,#3513);
#2860=AXIS2_PLACEMENT_3D('',#4366,#3515,#3516);
#2861=AXIS2_PLACEMENT_3D('',#4367,#3517,#3518);
#2862=AXIS2_PLACEMENT_3D('',#4368,#3519,#3520);
#2863=AXIS2_PLACEMENT_3D('',#4370,#3521,#3522);
#2864=AXIS2_PLACEMENT_3D('',#4373,#3524,#3525);
#2865=AXIS2_PLACEMENT_3D('',#4374,#3526,#3527);
#2866=AXIS2_PLACEMENT_3D('',#4375,#3528,#3529);
#2867=AXIS2_PLACEMENT_3D('',#4377,#3530,#3531);
#2868=AXIS2_PLACEMENT_3D('',#4380,#3533,#3534);
#2869=AXIS2_PLACEMENT_3D('',#4381,#3535,#3536);
#2870=AXIS2_PLACEMENT_3D('',#4382,#3537,#3538);
#2871=AXIS2_PLACEMENT_3D('',#4384,#3539,#3540);
#2872=AXIS2_PLACEMENT_3D('',#4387,#3542,#3543);
#2873=AXIS2_PLACEMENT_3D('',#4388,#3544,#3545);
#2874=AXIS2_PLACEMENT_3D('',#4389,#3546,#3547);
#2875=AXIS2_PLACEMENT_3D('',#4391,#3548,#3549);
#2876=AXIS2_PLACEMENT_3D('',#4394,#3551,#3552);
#2877=AXIS2_PLACEMENT_3D('',#4395,#3553,#3554);
#2878=AXIS2_PLACEMENT_3D('',#4396,#3555,#3556);
#2879=AXIS2_PLACEMENT_3D('',#4398,#3557,#3558);
#2880=AXIS2_PLACEMENT_3D('',#4401,#3560,#3561);
#2881=AXIS2_PLACEMENT_3D('',#4402,#3562,#3563);
#2882=AXIS2_PLACEMENT_3D('',#4403,#3564,#3565);
#2883=AXIS2_PLACEMENT_3D('',#4405,#3566,#3567);
#2884=AXIS2_PLACEMENT_3D('',#4408,#3569,#3570);
#2885=AXIS2_PLACEMENT_3D('',#4409,#3571,#3572);
#2886=AXIS2_PLACEMENT_3D('',#4410,#3573,#3574);
#2887=AXIS2_PLACEMENT_3D('',#4412,#3575,#3576);
#2888=AXIS2_PLACEMENT_3D('',#4415,#3578,#3579);
#2889=AXIS2_PLACEMENT_3D('',#4416,#3580,#3581);
#2890=AXIS2_PLACEMENT_3D('',#4417,#3582,#3583);
#2891=AXIS2_PLACEMENT_3D('',#4419,#3584,#3585);
#2892=AXIS2_PLACEMENT_3D('',#4422,#3587,#3588);
#2893=AXIS2_PLACEMENT_3D('',#4423,#3589,#3590);
#2894=AXIS2_PLACEMENT_3D('',#4424,#3591,#3592);
#2895=AXIS2_PLACEMENT_3D('',#4426,#3593,#3594);
#2896=AXIS2_PLACEMENT_3D('',#4429,#3596,#3597);
#2897=AXIS2_PLACEMENT_3D('',#4430,#3598,#3599);
#2898=AXIS2_PLACEMENT_3D('',#4431,#3600,#3601);
#2899=AXIS2_PLACEMENT_3D('',#4433,#3602,#3603);
#2900=AXIS2_PLACEMENT_3D('',#4436,#3605,#3606);
#2901=AXIS2_PLACEMENT_3D('',#4437,#3607,#3608);
#2902=AXIS2_PLACEMENT_3D('',#4438,#3609,#3610);
#2903=AXIS2_PLACEMENT_3D('',#4440,#3611,#3612);
#2904=AXIS2_PLACEMENT_3D('',#4443,#3614,#3615);
#2905=AXIS2_PLACEMENT_3D('',#4444,#3616,#3617);
#2906=AXIS2_PLACEMENT_3D('',#4445,#3618,#3619);
#2907=AXIS2_PLACEMENT_3D('',#4447,#3620,#3621);
#2908=AXIS2_PLACEMENT_3D('',#4450,#3623,#3624);
#2909=AXIS2_PLACEMENT_3D('',#4451,#3625,#3626);
#2910=AXIS2_PLACEMENT_3D('',#4452,#3627,#3628);
#2911=AXIS2_PLACEMENT_3D('',#4454,#3629,#3630);
#2912=AXIS2_PLACEMENT_3D('',#4457,#3632,#3633);
#2913=AXIS2_PLACEMENT_3D('',#4458,#3634,#3635);
#2914=AXIS2_PLACEMENT_3D('',#4459,#3636,#3637);
#2915=AXIS2_PLACEMENT_3D('',#4461,#3638,#3639);
#2916=AXIS2_PLACEMENT_3D('',#4464,#3641,#3642);
#2917=AXIS2_PLACEMENT_3D('',#4465,#3643,#3644);
#2918=AXIS2_PLACEMENT_3D('',#4466,#3645,#3646);
#2919=AXIS2_PLACEMENT_3D('',#4468,#3647,#3648);
#2920=AXIS2_PLACEMENT_3D('',#4471,#3650,#3651);
#2921=AXIS2_PLACEMENT_3D('',#4472,#3652,#3653);
#2922=AXIS2_PLACEMENT_3D('',#4473,#3654,#3655);
#2923=AXIS2_PLACEMENT_3D('',#4475,#3656,#3657);
#2924=AXIS2_PLACEMENT_3D('',#4478,#3659,#3660);
#2925=AXIS2_PLACEMENT_3D('',#4479,#3661,#3662);
#2926=AXIS2_PLACEMENT_3D('',#4480,#3663,#3664);
#2927=AXIS2_PLACEMENT_3D('',#4482,#3665,#3666);
#2928=AXIS2_PLACEMENT_3D('',#4485,#3668,#3669);
#2929=AXIS2_PLACEMENT_3D('',#4486,#3670,#3671);
#2930=AXIS2_PLACEMENT_3D('',#4487,#3672,#3673);
#2931=AXIS2_PLACEMENT_3D('',#4489,#3674,#3675);
#2932=AXIS2_PLACEMENT_3D('',#4492,#3677,#3678);
#2933=AXIS2_PLACEMENT_3D('',#4493,#3679,#3680);
#2934=AXIS2_PLACEMENT_3D('',#4494,#3681,#3682);
#2935=AXIS2_PLACEMENT_3D('',#4496,#3683,#3684);
#2936=AXIS2_PLACEMENT_3D('',#4499,#3686,#3687);
#2937=AXIS2_PLACEMENT_3D('',#4500,#3688,#3689);
#2938=AXIS2_PLACEMENT_3D('',#4501,#3690,#3691);
#2939=AXIS2_PLACEMENT_3D('',#4503,#3692,#3693);
#2940=AXIS2_PLACEMENT_3D('',#4506,#3695,#3696);
#2941=AXIS2_PLACEMENT_3D('',#4507,#3697,#3698);
#2942=AXIS2_PLACEMENT_3D('',#4508,#3699,#3700);
#2943=AXIS2_PLACEMENT_3D('',#4510,#3701,#3702);
#2944=AXIS2_PLACEMENT_3D('',#4513,#3704,#3705);
#2945=AXIS2_PLACEMENT_3D('',#4514,#3706,#3707);
#2946=AXIS2_PLACEMENT_3D('',#4515,#3708,#3709);
#2947=AXIS2_PLACEMENT_3D('',#4517,#3710,#3711);
#2948=AXIS2_PLACEMENT_3D('',#4520,#3713,#3714);
#2949=AXIS2_PLACEMENT_3D('',#4521,#3715,#3716);
#2950=AXIS2_PLACEMENT_3D('',#4522,#3717,#3718);
#2951=AXIS2_PLACEMENT_3D('',#4524,#3719,#3720);
#2952=AXIS2_PLACEMENT_3D('',#4527,#3722,#3723);
#2953=AXIS2_PLACEMENT_3D('',#4528,#3724,#3725);
#2954=AXIS2_PLACEMENT_3D('',#4529,#3726,#3727);
#2955=AXIS2_PLACEMENT_3D('',#4531,#3728,#3729);
#2956=AXIS2_PLACEMENT_3D('',#4534,#3731,#3732);
#2957=AXIS2_PLACEMENT_3D('',#4535,#3733,#3734);
#2958=AXIS2_PLACEMENT_3D('',#4536,#3735,#3736);
#2959=AXIS2_PLACEMENT_3D('',#4538,#3737,#3738);
#2960=AXIS2_PLACEMENT_3D('',#4541,#3740,#3741);
#2961=AXIS2_PLACEMENT_3D('',#4542,#3742,#3743);
#2962=AXIS2_PLACEMENT_3D('',#4543,#3744,#3745);
#2963=AXIS2_PLACEMENT_3D('',#4545,#3746,#3747);
#2964=AXIS2_PLACEMENT_3D('',#4548,#3749,#3750);
#2965=AXIS2_PLACEMENT_3D('',#4549,#3751,#3752);
#2966=AXIS2_PLACEMENT_3D('',#4550,#3753,#3754);
#2967=AXIS2_PLACEMENT_3D('',#4552,#3755,#3756);
#2968=AXIS2_PLACEMENT_3D('',#4555,#3758,#3759);
#2969=AXIS2_PLACEMENT_3D('',#4556,#3760,#3761);
#2970=AXIS2_PLACEMENT_3D('',#4557,#3762,#3763);
#2971=AXIS2_PLACEMENT_3D('',#4559,#3764,#3765);
#2972=AXIS2_PLACEMENT_3D('',#4562,#3767,#3768);
#2973=AXIS2_PLACEMENT_3D('',#4563,#3769,#3770);
#2974=AXIS2_PLACEMENT_3D('',#4564,#3771,#3772);
#2975=AXIS2_PLACEMENT_3D('',#4566,#3773,#3774);
#2976=AXIS2_PLACEMENT_3D('',#4569,#3776,#3777);
#2977=AXIS2_PLACEMENT_3D('',#4570,#3778,#3779);
#2978=AXIS2_PLACEMENT_3D('',#4571,#3780,#3781);
#2979=AXIS2_PLACEMENT_3D('',#4573,#3782,#3783);
#2980=AXIS2_PLACEMENT_3D('',#4576,#3785,#3786);
#2981=AXIS2_PLACEMENT_3D('',#4577,#3787,#3788);
#2982=AXIS2_PLACEMENT_3D('',#4578,#3789,#3790);
#2983=AXIS2_PLACEMENT_3D('',#4580,#3791,#3792);
#2984=AXIS2_PLACEMENT_3D('',#4583,#3794,#3795);
#2985=AXIS2_PLACEMENT_3D('',#4584,#3796,#3797);
#2986=AXIS2_PLACEMENT_3D('',#4585,#3798,#3799);
#2987=AXIS2_PLACEMENT_3D('',#4587,#3800,#3801);
#2988=AXIS2_PLACEMENT_3D('',#4590,#3803,#3804);
#2989=AXIS2_PLACEMENT_3D('',#4591,#3805,#3806);
#2990=AXIS2_PLACEMENT_3D('',#4592,#3807,#3808);
#2991=AXIS2_PLACEMENT_3D('',#4594,#3809,#3810);
#2992=AXIS2_PLACEMENT_3D('',#4597,#3812,#3813);
#2993=AXIS2_PLACEMENT_3D('',#4598,#3814,#3815);
#2994=AXIS2_PLACEMENT_3D('',#4599,#3816,#3817);
#2995=AXIS2_PLACEMENT_3D('',#4601,#3818,#3819);
#2996=AXIS2_PLACEMENT_3D('',#4604,#3821,#3822);
#2997=AXIS2_PLACEMENT_3D('',#4605,#3823,#3824);
#2998=AXIS2_PLACEMENT_3D('',#4606,#3825,#3826);
#2999=AXIS2_PLACEMENT_3D('',#4608,#3827,#3828);
#3000=AXIS2_PLACEMENT_3D('',#4611,#3830,#3831);
#3001=AXIS2_PLACEMENT_3D('',#4612,#3832,#3833);
#3002=AXIS2_PLACEMENT_3D('',#4613,#3834,#3835);
#3003=AXIS2_PLACEMENT_3D('',#4616,#3836,#3837);
#3004=AXIS2_PLACEMENT_3D('',#4620,#3839,#3840);
#3005=AXIS2_PLACEMENT_3D('',#4622,#3842,#3843);
#3006=AXIS2_PLACEMENT_3D('',#4628,#3847,#3848);
#3007=AXIS2_PLACEMENT_3D('',#4631,#3849,#3850);
#3008=AXIS2_PLACEMENT_3D('',#4635,#3852,#3853);
#3009=AXIS2_PLACEMENT_3D('',#4637,#3855,#3856);
#3010=AXIS2_PLACEMENT_3D('',#4640,#3859,#3860);
#3011=AXIS2_PLACEMENT_3D('',#4643,#3861,#3862);
#3012=AXIS2_PLACEMENT_3D('',#4647,#3864,#3865);
#3013=AXIS2_PLACEMENT_3D('',#4649,#3867,#3868);
#3014=AXIS2_PLACEMENT_3D('',#4652,#3871,#3872);
#3015=AXIS2_PLACEMENT_3D('',#4654,#3873,#3874);
#3016=AXIS2_PLACEMENT_3D('',#4656,#3875,#3876);
#3017=AXIS2_PLACEMENT_3D('',#4658,#3878,#3879);
#3018=AXIS2_PLACEMENT_3D('',#4661,#3882,#3883);
#3019=AXIS2_PLACEMENT_3D('',#4662,#3884,#3885);
#3020=AXIS2_PLACEMENT_3D('',#4664,#3886,#3887);
#3021=AXIS2_PLACEMENT_3D('',#4666,#3889,#3890);
#3022=AXIS2_PLACEMENT_3D('',#4667,#3891,#3892);
#3023=AXIS2_PLACEMENT_3D('',#4668,#3893,#3894);
#3024=AXIS2_PLACEMENT_3D('',#4672,#3897,#3898);
#3025=AXIS2_PLACEMENT_3D('',#4676,#3900,#3901);
#3026=AXIS2_PLACEMENT_3D('',#4679,#3903,#3904);
#3027=AXIS2_PLACEMENT_3D('',#4680,#3905,#3906);
#3028=AXIS2_PLACEMENT_3D('',#4686,#3910,#3911);
#3029=AXIS2_PLACEMENT_3D('',#4688,#3912,#3913);
#3030=AXIS2_PLACEMENT_3D('',#4690,#3915,#3916);
#3031=AXIS2_PLACEMENT_3D('',#4694,#3919,#3920);
#3032=AXIS2_PLACEMENT_3D('',#4696,#3921,#3922);
#3033=AXIS2_PLACEMENT_3D('',#4698,#3924,#3925);
#3034=AXIS2_PLACEMENT_3D('',#4702,#3928,#3929);
#3035=AXIS2_PLACEMENT_3D('',#4703,#3930,#3931);
#3036=AXIS2_PLACEMENT_3D('',#4704,#3932,#3933);
#3037=AXIS2_PLACEMENT_3D('',#4705,#3934,#3935);
#3038=AXIS2_PLACEMENT_3D('',#4706,#3936,#3937);
#3039=AXIS2_PLACEMENT_3D('',#4707,#3938,#3939);
#3040=DIRECTION('axis',(0.,0.,1.));
#3041=DIRECTION('refdir',(1.,0.,0.));
#3042=DIRECTION('axis',(0.,0.,1.));
#3043=DIRECTION('refdir',(1.,0.,0.));
#3044=DIRECTION('center_axis',(0.,1.7106907672478E-15,1.));
#3045=DIRECTION('ref_axis',(-1.,1.72658934346376E-30,0.));
#3046=DIRECTION('center_axis',(-1.00929365874906E-15,1.71069076724781E-15,
1.));
#3047=DIRECTION('ref_axis',(-1.,1.72658934346376E-30,0.));
#3048=DIRECTION('',(0.,1.7106907672478E-15,1.));
#3049=DIRECTION('center_axis',(-1.00929365874906E-15,1.71069076724781E-15,
1.));
#3050=DIRECTION('ref_axis',(-1.,3.06840108170113E-58,-1.00929365874906E-15));
#3051=DIRECTION('center_axis',(-1.00929365874906E-15,1.71069076724781E-15,
1.));
#3052=DIRECTION('ref_axis',(-1.,3.06840108170113E-58,-1.00929365874906E-15));
#3053=DIRECTION('center_axis',(0.573576436351045,-1.53717974981475E-15,
-0.819152044288993));
#3054=DIRECTION('ref_axis',(-0.579227965339571,0.707106781186547,-0.405579787672638));
#3055=DIRECTION('center_axis',(-0.573576436351045,1.21258861365121E-15,
0.819152044288993));
#3056=DIRECTION('ref_axis',(0.,1.,-1.48029736616687E-15));
#3057=DIRECTION('',(-0.573576436351045,1.53717974981475E-15,0.819152044288993));
#3058=DIRECTION('center_axis',(0.573576436351045,-6.06294306825602E-16,
-0.819152044288993));
#3059=DIRECTION('ref_axis',(-0.819152044288993,-1.48029736616687E-15,-0.573576436351045));
#3060=DIRECTION('',(0.573576436351045,-1.53717974981475E-15,-0.819152044288993));
#3061=DIRECTION('center_axis',(1.52807518357327E-16,-1.,1.75728646110926E-15));
#3062=DIRECTION('ref_axis',(-0.984807753012207,0.,0.173648177666935));
#3063=DIRECTION('center_axis',(3.63524925625377E-16,-1.,2.06165230167704E-15));
#3064=DIRECTION('ref_axis',(-0.573576436351041,1.48029736616687E-15,0.819152044288995));
#3065=DIRECTION('',(1.52807518357327E-16,-1.,1.75728646110926E-15));
#3066=DIRECTION('center_axis',(4.85538762400456E-16,1.,-3.27424091532824E-15));
#3067=DIRECTION('ref_axis',(-0.819152044288993,-1.48029736616687E-15,-0.573576436351045));
#3068=DIRECTION('',(-1.52807518357327E-16,1.,-1.75728646110926E-15));
#3069=DIRECTION('center_axis',(-0.573576436351045,1.29095950951485E-15,
0.819152044288993));
#3070=DIRECTION('ref_axis',(-0.57922796533957,-0.707106781186548,-0.405579787672636));
#3071=DIRECTION('center_axis',(-0.573576436351044,1.21258861365121E-15,
0.819152044288993));
#3072=DIRECTION('ref_axis',(-0.819152044288993,-4.4408920985006E-15,-0.573576436351044));
#3073=DIRECTION('',(-0.573576436351045,1.29095950951485E-15,0.819152044288993));
#3074=DIRECTION('center_axis',(0.573576436351044,-1.21258861365121E-15,
-0.819152044288993));
#3075=DIRECTION('ref_axis',(0.,-1.,1.48029736616687E-15));
#3076=DIRECTION('',(0.573576436351045,-1.29095950951485E-15,-0.819152044288993));
#3077=DIRECTION('center_axis',(-1.42657483958968E-15,1.75728646110926E-15,
1.));
#3078=DIRECTION('ref_axis',(1.,2.86181259311952E-16,1.42657483958968E-15));
#3079=DIRECTION('center_axis',(2.86181259311949E-16,-1.,1.77635683940025E-15));
#3080=DIRECTION('ref_axis',(-0.819152044288994,-1.29526019539602E-15,-0.573576436351044));
#3081=DIRECTION('center_axis',(0.,0.,1.));
#3082=DIRECTION('ref_axis',(1.,0.,0.));
#3083=DIRECTION('center_axis',(-0.819152044288996,-1.25330238923358E-15,
-0.57357643635104));
#3084=DIRECTION('ref_axis',(-0.405579787672634,-0.707106781186547,0.579227965339573));
#3085=DIRECTION('center_axis',(0.,0.,1.));
#3086=DIRECTION('ref_axis',(1.,0.,0.));
#3087=DIRECTION('center_axis',(-0.819152044288996,-9.016634438297E-16,-0.57357643635104));
#3088=DIRECTION('ref_axis',(-0.405579787672634,0.707106781186549,0.579227965339571));
#3089=DIRECTION('center_axis',(-1.42657483958968E-15,1.75728646110926E-15,
1.));
#3090=DIRECTION('ref_axis',(1.,-1.43090629655975E-16,1.42657483958968E-15));
#3091=DIRECTION('center_axis',(1.43090629655977E-16,1.,-1.77635683940025E-15));
#3092=DIRECTION('ref_axis',(-0.819152044288992,-9.25185853854296E-16,-0.573576436351046));
#3093=DIRECTION('center_axis',(1.43090629655977E-16,1.,-1.77635683940025E-15));
#3094=DIRECTION('ref_axis',(-1.,1.43090629655976E-16,-1.00929365874906E-15));
#3095=DIRECTION('',(-0.819152044288996,-9.016634438297E-16,-0.57357643635104));
#3096=DIRECTION('',(-0.573576436351042,1.37303292294815E-15,0.819152044288995));
#3097=DIRECTION('',(-1.,1.43090629655976E-16,-1.00929365874906E-15));
#3098=DIRECTION('',(-1.77635683940025E-15,1.77635683940025E-15,1.));
#3099=DIRECTION('',(-1.,1.43090629655976E-16,-1.00929365874906E-15));
#3100=DIRECTION('',(-1.77635683940025E-15,1.77635683940025E-15,1.));
#3101=DIRECTION('',(1.,1.43090629655978E-16,1.42657483958968E-15));
#3102=DIRECTION('center_axis',(-0.819152044288996,-9.016634438297E-16,-0.57357643635104));
#3103=DIRECTION('ref_axis',(-0.405579787672635,0.707106781186549,0.57922796533957));
#3104=DIRECTION('',(0.819152044288996,9.016634438297E-16,0.57357643635104));
#3105=DIRECTION('center_axis',(-0.819152044288995,-1.13311069705611E-15,
-0.573576436351042));
#3106=DIRECTION('ref_axis',(-0.405579787672635,0.707106781186549,0.57922796533957));
#3107=DIRECTION('center_axis',(-0.57357643635104,1.35183800519198E-15,0.819152044288996));
#3108=DIRECTION('ref_axis',(-0.819152044288996,-1.13608940743229E-15,-0.57357643635104));
#3109=DIRECTION('',(-0.819152044288996,-1.25330238923358E-15,-0.57357643635104));
#3110=DIRECTION('',(1.52807518357327E-16,-1.,1.75728646110926E-15));
#3111=DIRECTION('center_axis',(0.819152044288996,1.25330238923358E-15,0.57357643635104));
#3112=DIRECTION('ref_axis',(-0.405579787672634,-0.707106781186547,0.579227965339573));
#3113=DIRECTION('',(0.819152044288996,1.25330238923358E-15,0.57357643635104));
#3114=DIRECTION('center_axis',(-0.819152044288995,-1.13311069705611E-15,
-0.573576436351042));
#3115=DIRECTION('ref_axis',(-0.405579787672634,-0.707106781186547,0.579227965339573));
#3116=DIRECTION('center_axis',(-0.819152044288994,-1.12143739861127E-15,
-0.573576436351042));
#3117=DIRECTION('ref_axis',(-0.405579787672635,-0.707106781186547,0.579227965339572));
#3118=DIRECTION('center_axis',(0.819152044288995,1.13311069705611E-15,0.573576436351042));
#3119=DIRECTION('ref_axis',(-0.405579787672635,-0.707106781186547,0.579227965339572));
#3120=DIRECTION('',(-0.819152044288994,-1.12143739861127E-15,-0.573576436351042));
#3121=DIRECTION('center_axis',(-0.819152044288994,-1.07292680777916E-15,
-0.573576436351042));
#3122=DIRECTION('ref_axis',(-0.405579787672635,-0.707106781186547,0.579227965339572));
#3123=DIRECTION('',(0.819152044288994,1.12143739861127E-15,0.573576436351042));
#3124=DIRECTION('center_axis',(1.26919175481554E-16,-1.,1.77390707161715E-15));
#3125=DIRECTION('ref_axis',(-0.573576436351042,1.38030175571657E-15,0.819152044288994));
#3126=DIRECTION('',(-0.573576436351042,1.38030175571657E-15,0.819152044288995));
#3127=DIRECTION('',(-0.819152044288994,-1.12143739861127E-15,-0.573576436351042));
#3128=DIRECTION('',(0.573576436351042,-1.38030175571657E-15,-0.819152044288994));
#3129=DIRECTION('center_axis',(-0.819152044288994,-1.12143739861127E-15,
-0.573576436351042));
#3130=DIRECTION('ref_axis',(-0.405579787672634,0.707106781186549,0.579227965339571));
#3131=DIRECTION('center_axis',(0.819152044288995,1.13311069705611E-15,0.573576436351042));
#3132=DIRECTION('ref_axis',(-0.405579787672634,0.707106781186549,0.579227965339571));
#3133=DIRECTION('',(-0.819152044288994,-1.12143739861127E-15,-0.573576436351042));
#3134=DIRECTION('center_axis',(-0.819152044288994,-1.07292680777916E-15,
-0.573576436351042));
#3135=DIRECTION('ref_axis',(-0.405579787672634,0.707106781186549,0.579227965339571));
#3136=DIRECTION('',(0.819152044288994,1.12143739861127E-15,0.573576436351042));
#3137=DIRECTION('center_axis',(-0.573576436351042,8.64841425179992E-16,
0.819152044288994));
#3138=DIRECTION('ref_axis',(-3.22404657548444E-16,1.,-1.28152660673731E-15));
#3139=DIRECTION('',(3.82837525301266E-16,-1.,1.32384215629347E-15));
#3140=DIRECTION('',(-4.32137281235746E-16,1.,-1.35836221703069E-15));
#3141=DIRECTION('center_axis',(-0.819152044288993,-1.13311069705612E-15,
-0.573576436351045));
#3142=DIRECTION('ref_axis',(0.573576436351045,-1.37303292294815E-15,-0.819152044288993));
#3143=DIRECTION('',(1.52807518357327E-16,-1.,1.75728646110926E-15));
#3144=DIRECTION('',(-4.76081914504786E-16,-1.,1.71069076724781E-15));
#3145=DIRECTION('',(1.52807518357327E-16,-1.,1.75728646110926E-15));
#3146=DIRECTION('center_axis',(-0.819152044288993,-1.13311069705612E-15,
-0.573576436351045));
#3147=DIRECTION('ref_axis',(1.31425212704529E-15,-1.,5.86682191111721E-17));
#3148=DIRECTION('center_axis',(-0.819152044288993,-1.13311069705612E-15,
-0.573576436351045));
#3149=DIRECTION('ref_axis',(0.573576436351045,2.26007809435293E-15,-0.819152044288993));
#3150=DIRECTION('center_axis',(-0.819152044288993,-1.13311069705612E-15,
-0.573576436351045));
#3151=DIRECTION('ref_axis',(-1.31425212704529E-15,1.,-5.86682191111721E-17));
#3152=DIRECTION('center_axis',(-0.819152044288993,-1.13311069705612E-15,
-0.573576436351045));
#3153=DIRECTION('ref_axis',(-0.573576436351045,-7.05765859877707E-16,0.819152044288993));
#3154=DIRECTION('center_axis',(0.819152044288993,1.11022302462515E-15,0.573576436351045));
#3155=DIRECTION('ref_axis',(1.31425212704529E-15,-1.,5.86682191111721E-17));
#3156=DIRECTION('',(0.819152044288993,1.11022302462515E-15,0.573576436351045));
#3157=DIRECTION('center_axis',(0.819152044288994,1.04922435208691E-15,0.573576436351042));
#3158=DIRECTION('ref_axis',(1.31425212704529E-15,-1.,5.86682191111721E-17));
#3159=DIRECTION('',(0.819152044288993,1.11022302462515E-15,0.573576436351045));
#3160=DIRECTION('center_axis',(0.819152044288993,1.11022302462515E-15,0.573576436351045));
#3161=DIRECTION('ref_axis',(-0.573576436351045,-7.05765859877707E-16,0.819152044288993));
#3162=DIRECTION('',(0.819152044288993,1.11022302462515E-15,0.573576436351045));
#3163=DIRECTION('center_axis',(0.819152044288994,1.04922435208691E-15,0.573576436351042));
#3164=DIRECTION('ref_axis',(-0.573576436351045,-7.05765859877707E-16,0.819152044288993));
#3165=DIRECTION('center_axis',(0.819152044288993,1.11022302462515E-15,0.573576436351045));
#3166=DIRECTION('ref_axis',(-1.31425212704529E-15,1.,-5.86682191111721E-17));
#3167=DIRECTION('',(0.819152044288993,1.11022302462515E-15,0.573576436351045));
#3168=DIRECTION('center_axis',(0.819152044288994,1.04922435208691E-15,0.573576436351042));
#3169=DIRECTION('ref_axis',(-1.31425212704529E-15,1.,-5.86682191111721E-17));
#3170=DIRECTION('center_axis',(0.819152044288993,1.11022302462515E-15,0.573576436351045));
#3171=DIRECTION('ref_axis',(0.573576436351045,2.26007809435293E-15,-0.819152044288993));
#3172=DIRECTION('center_axis',(0.819152044288994,1.04922435208691E-15,0.573576436351042));
#3173=DIRECTION('ref_axis',(0.573576436351045,2.26007809435293E-15,-0.819152044288993));
#3174=DIRECTION('center_axis',(0.573576436351042,-1.25749324644441E-15,
-0.819152044288994));
#3175=DIRECTION('ref_axis',(9.718882518085E-17,-1.,1.60316814881986E-15));
#3176=DIRECTION('',(-1.57621692933672E-16,1.,-1.64548369837602E-15));
#3177=DIRECTION('',(2.06921448868152E-16,-1.,1.68000375911324E-15));
#3178=DIRECTION('',(-0.819152044288994,-1.12143739861127E-15,-0.573576436351042));
#3179=DIRECTION('center_axis',(-3.44468126197896E-16,1.,-1.46321497128276E-15));
#3180=DIRECTION('ref_axis',(0.573576436351042,-1.00101673469943E-15,-0.819152044288994));
#3181=DIRECTION('',(-0.573576436351042,1.00101673469943E-15,0.819152044288994));
#3182=DIRECTION('',(0.573576436351042,-1.00101673469943E-15,-0.819152044288995));
#3183=DIRECTION('center_axis',(-0.819152044288994,-1.04922435208691E-15,
-0.573576436351042));
#3184=DIRECTION('ref_axis',(-8.21126363757445E-17,1.,-1.71199783656519E-15));
#3185=DIRECTION('',(8.30278561647325E-17,-1.,1.71069076724781E-15));
#3186=DIRECTION('',(0.573576436351042,-1.37133071068022E-15,-0.819152044288994));
#3187=DIRECTION('',(8.21126363757445E-17,-1.,1.71199783656519E-15));
#3188=DIRECTION('',(0.573576436351042,-1.37133071068022E-15,-0.819152044288994));
#3189=DIRECTION('center_axis',(9.93965317403162E-16,-1.,2.37006769235129E-15));
#3190=DIRECTION('ref_axis',(-0.819152044288994,-2.17362370259275E-15,-0.573576436351042));
#3191=DIRECTION('',(1.,9.93965317403165E-16,1.00929365874905E-15));
#3192=DIRECTION('',(0.819152044288994,2.17362370259275E-15,0.573576436351042));
#3193=DIRECTION('',(0.573576436351042,-1.37133071068022E-15,-0.819152044288994));
#3194=DIRECTION('center_axis',(0.819152044288994,1.07292680777916E-15,0.573576436351042));
#3195=DIRECTION('ref_axis',(9.81598286511776E-17,-1.,1.73040404132823E-15));
#3196=DIRECTION('',(-1.1196321176508E-16,1.,-1.71069076724781E-15));
#3197=DIRECTION('',(-9.81598286511776E-17,1.,-1.73040404132823E-15));
#3198=DIRECTION('',(0.573576436351042,-1.37133071068022E-15,-0.819152044288994));
#3199=DIRECTION('center_axis',(-6.19077366162263E-15,1.,-6.00891206960485E-15));
#3200=DIRECTION('ref_axis',(0.819152044288994,8.51775527187935E-15,0.573576436351042));
#3201=DIRECTION('',(-1.,-6.19077366162263E-15,-1.00929365874904E-15));
#3202=DIRECTION('',(-0.819152044288994,-8.51775527187935E-15,-0.573576436351042));
#3203=DIRECTION('center_axis',(-0.573576436351042,1.36116184318939E-15,
0.819152044288994));
#3204=DIRECTION('ref_axis',(-2.46474095596603E-15,-1.,-6.41584077442962E-17));
#3205=DIRECTION('center_axis',(1.,-1.07056312707822E-12,0.));
#3206=DIRECTION('ref_axis',(1.07056312707822E-12,1.,0.));
#3207=DIRECTION('',(-1.07056312707822E-12,-1.,1.71069076724673E-15));
#3208=DIRECTION('',(0.,0.,1.));
#3209=DIRECTION('',(-1.07056312707822E-12,-1.,0.));
#3210=DIRECTION('',(0.,0.,1.));
#3211=DIRECTION('center_axis',(-1.,-1.19816862056398E-15,0.));
#3212=DIRECTION('ref_axis',(1.19816862056398E-15,-1.,0.));
#3213=DIRECTION('',(-1.19816862056398E-15,1.,-1.71069076724782E-15));
#3214=DIRECTION('',(0.,0.,1.));
#3215=DIRECTION('',(-1.19816862056398E-15,1.,0.));
#3216=DIRECTION('',(0.,0.,1.));
#3217=DIRECTION('center_axis',(0.,0.,1.));
#3218=DIRECTION('ref_axis',(-1.,0.,0.));
#3219=DIRECTION('center_axis',(0.,0.,-1.));
#3220=DIRECTION('ref_axis',(-1.,0.,0.));
#3221=DIRECTION('center_axis',(1.00929365874906E-15,-1.71069076724781E-15,
-1.));
#3222=DIRECTION('ref_axis',(-1.,0.,0.));
#3223=DIRECTION('center_axis',(0.,0.,1.));
#3224=DIRECTION('ref_axis',(-1.,0.,0.));
#3225=DIRECTION('center_axis',(1.00929365874906E-15,-1.71069076724781E-15,
-1.));
#3226=DIRECTION('ref_axis',(-1.,0.,0.));
#3227=DIRECTION('',(0.,0.,-1.));
#3228=DIRECTION('center_axis',(0.,0.,-1.));
#3229=DIRECTION('ref_axis',(-1.,0.,0.));
#3230=DIRECTION('center_axis',(-1.00929365874906E-15,1.71069076724781E-15,
1.));
#3231=DIRECTION('ref_axis',(1.,0.,1.00929365874906E-15));
#3232=DIRECTION('center_axis',(0.,0.,1.));
#3233=DIRECTION('ref_axis',(-1.,0.,0.));
#3234=DIRECTION('center_axis',(1.00929365874906E-15,-1.71069076724781E-15,
-1.));
#3235=DIRECTION('ref_axis',(-1.,0.,0.));
#3236=DIRECTION('',(0.,0.,-1.));
#3237=DIRECTION('center_axis',(0.,0.,-1.));
#3238=DIRECTION('ref_axis',(-1.,0.,0.));
#3239=DIRECTION('center_axis',(-1.00929365874906E-15,1.71069076724781E-15,
1.));
#3240=DIRECTION('ref_axis',(1.,0.,1.00929365874906E-15));
#3241=DIRECTION('center_axis',(0.,0.,1.));
#3242=DIRECTION('ref_axis',(-1.,0.,0.));
#3243=DIRECTION('center_axis',(1.00929365874906E-15,-1.71069076724781E-15,
-1.));
#3244=DIRECTION('ref_axis',(-1.,0.,0.));
#3245=DIRECTION('',(0.,0.,-1.));
#3246=DIRECTION('center_axis',(0.,0.,-1.));
#3247=DIRECTION('ref_axis',(-1.,0.,0.));
#3248=DIRECTION('center_axis',(-1.00929365874906E-15,1.71069076724781E-15,
1.));
#3249=DIRECTION('ref_axis',(1.,0.,1.00929365874906E-15));
#3250=DIRECTION('center_axis',(0.,0.,1.));
#3251=DIRECTION('ref_axis',(-1.,0.,0.));
#3252=DIRECTION('center_axis',(1.00929365874906E-15,-1.71069076724781E-15,
-1.));
#3253=DIRECTION('ref_axis',(-1.,0.,0.));
#3254=DIRECTION('',(0.,0.,-1.));
#3255=DIRECTION('center_axis',(0.,0.,-1.));
#3256=DIRECTION('ref_axis',(-1.,0.,0.));
#3257=DIRECTION('center_axis',(-1.00929365874906E-15,1.71069076724781E-15,
1.));
#3258=DIRECTION('ref_axis',(1.,0.,1.00929365874906E-15));
#3259=DIRECTION('center_axis',(0.,0.,1.));
#3260=DIRECTION('ref_axis',(-1.,0.,0.));
#3261=DIRECTION('center_axis',(1.00929365874906E-15,-1.71069076724781E-15,
-1.));
#3262=DIRECTION('ref_axis',(-1.,0.,0.));
#3263=DIRECTION('',(0.,0.,-1.));
#3264=DIRECTION('center_axis',(0.,0.,-1.));
#3265=DIRECTION('ref_axis',(-1.,0.,0.));
#3266=DIRECTION('center_axis',(-1.00929365874906E-15,1.71069076724781E-15,
1.));
#3267=DIRECTION('ref_axis',(1.,0.,1.00929365874906E-15));
#3268=DIRECTION('center_axis',(0.,0.,1.));
#3269=DIRECTION('ref_axis',(-1.,0.,0.));
#3270=DIRECTION('center_axis',(1.00929365874906E-15,-1.71069076724781E-15,
-1.));
#3271=DIRECTION('ref_axis',(-1.,0.,0.));
#3272=DIRECTION('',(0.,0.,-1.));
#3273=DIRECTION('center_axis',(0.,0.,-1.));
#3274=DIRECTION('ref_axis',(-1.,0.,0.));
#3275=DIRECTION('center_axis',(-1.00929365874906E-15,1.71069076724781E-15,
1.));
#3276=DIRECTION('ref_axis',(1.,0.,1.00929365874906E-15));
#3277=DIRECTION('center_axis',(0.,0.,1.));
#3278=DIRECTION('ref_axis',(-1.,0.,0.));
#3279=DIRECTION('center_axis',(1.00929365874906E-15,-1.71069076724781E-15,
-1.));
#3280=DIRECTION('ref_axis',(-1.,0.,0.));
#3281=DIRECTION('',(0.,0.,-1.));
#3282=DIRECTION('center_axis',(0.,0.,-1.));
#3283=DIRECTION('ref_axis',(-1.,0.,0.));
#3284=DIRECTION('center_axis',(-1.00929365874906E-15,1.71069076724781E-15,
1.));
#3285=DIRECTION('ref_axis',(1.,0.,1.00929365874906E-15));
#3286=DIRECTION('center_axis',(0.,0.,1.));
#3287=DIRECTION('ref_axis',(-1.,0.,0.));
#3288=DIRECTION('center_axis',(1.00929365874906E-15,-1.71069076724781E-15,
-1.));
#3289=DIRECTION('ref_axis',(-1.,0.,0.));
#3290=DIRECTION('',(0.,0.,-1.));
#3291=DIRECTION('center_axis',(0.,0.,-1.));
#3292=DIRECTION('ref_axis',(-1.,0.,0.));
#3293=DIRECTION('center_axis',(-1.00929365874906E-15,1.71069076724781E-15,
1.));
#3294=DIRECTION('ref_axis',(1.,0.,1.00929365874906E-15));
#3295=DIRECTION('center_axis',(0.,0.,1.));
#3296=DIRECTION('ref_axis',(-1.,0.,0.));
#3297=DIRECTION('center_axis',(1.00929365874906E-15,-1.71069076724781E-15,
-1.));
#3298=DIRECTION('ref_axis',(-1.,0.,0.));
#3299=DIRECTION('',(0.,0.,-1.));
#3300=DIRECTION('center_axis',(0.,0.,-1.));
#3301=DIRECTION('ref_axis',(-1.,0.,0.));
#3302=DIRECTION('center_axis',(-1.00929365874906E-15,1.71069076724781E-15,
1.));
#3303=DIRECTION('ref_axis',(1.,0.,1.00929365874906E-15));
#3304=DIRECTION('center_axis',(0.,0.,1.));
#3305=DIRECTION('ref_axis',(-1.,0.,0.));
#3306=DIRECTION('center_axis',(1.00929365874906E-15,-1.71069076724781E-15,
-1.));
#3307=DIRECTION('ref_axis',(-1.,0.,0.));
#3308=DIRECTION('',(0.,0.,-1.));
#3309=DIRECTION('center_axis',(0.,0.,-1.));
#3310=DIRECTION('ref_axis',(-1.,0.,0.));
#3311=DIRECTION('center_axis',(-1.00929365874906E-15,1.71069076724781E-15,
1.));
#3312=DIRECTION('ref_axis',(1.,0.,1.00929365874906E-15));
#3313=DIRECTION('center_axis',(0.,0.,1.));
#3314=DIRECTION('ref_axis',(-1.,0.,0.));
#3315=DIRECTION('center_axis',(1.00929365874906E-15,-1.71069076724781E-15,
-1.));
#3316=DIRECTION('ref_axis',(-1.,0.,0.));
#3317=DIRECTION('',(0.,0.,-1.));
#3318=DIRECTION('center_axis',(0.,0.,-1.));
#3319=DIRECTION('ref_axis',(-1.,0.,0.));
#3320=DIRECTION('center_axis',(-1.00929365874906E-15,1.71069076724781E-15,
1.));
#3321=DIRECTION('ref_axis',(1.,0.,1.00929365874906E-15));
#3322=DIRECTION('center_axis',(0.,0.,1.));
#3323=DIRECTION('ref_axis',(-1.,0.,0.));
#3324=DIRECTION('center_axis',(1.00929365874906E-15,-1.71069076724781E-15,
-1.));
#3325=DIRECTION('ref_axis',(-1.,0.,0.));
#3326=DIRECTION('',(0.,0.,-1.));
#3327=DIRECTION('center_axis',(0.,0.,-1.));
#3328=DIRECTION('ref_axis',(-1.,0.,0.));
#3329=DIRECTION('center_axis',(-1.00929365874906E-15,1.71069076724781E-15,
1.));
#3330=DIRECTION('ref_axis',(1.,0.,1.00929365874906E-15));
#3331=DIRECTION('center_axis',(-1.00929365874906E-15,1.71069076724781E-15,
1.));
#3332=DIRECTION('ref_axis',(1.,0.,1.00929365874906E-15));
#3333=DIRECTION('center_axis',(1.00929365874906E-15,-1.71069076724781E-15,
-1.));
#3334=DIRECTION('ref_axis',(-1.,0.,0.));
#3335=DIRECTION('center_axis',(0.,0.,1.));
#3336=DIRECTION('ref_axis',(-1.,0.,0.));
#3337=DIRECTION('center_axis',(1.00929365874906E-15,-1.71069076724781E-15,
-1.));
#3338=DIRECTION('ref_axis',(-1.,0.,0.));
#3339=DIRECTION('',(0.,0.,-1.));
#3340=DIRECTION('center_axis',(0.,0.,-1.));
#3341=DIRECTION('ref_axis',(-1.,0.,0.));
#3342=DIRECTION('center_axis',(-1.00929365874906E-15,1.71069076724781E-15,
1.));
#3343=DIRECTION('ref_axis',(1.,0.,1.00929365874906E-15));
#3344=DIRECTION('center_axis',(0.,0.,1.));
#3345=DIRECTION('ref_axis',(-1.,0.,0.));
#3346=DIRECTION('center_axis',(1.00929365874906E-15,-1.71069076724781E-15,
-1.));
#3347=DIRECTION('ref_axis',(-1.,0.,0.));
#3348=DIRECTION('',(0.,0.,-1.));
#3349=DIRECTION('center_axis',(0.,0.,-1.));
#3350=DIRECTION('ref_axis',(-1.,0.,0.));
#3351=DIRECTION('center_axis',(-1.00929365874906E-15,1.71069076724781E-15,
1.));
#3352=DIRECTION('ref_axis',(1.,0.,1.00929365874906E-15));
#3353=DIRECTION('center_axis',(0.,0.,1.));
#3354=DIRECTION('ref_axis',(-1.,0.,0.));
#3355=DIRECTION('center_axis',(1.00929365874906E-15,-1.71069076724781E-15,
-1.));
#3356=DIRECTION('ref_axis',(-1.,0.,0.));
#3357=DIRECTION('',(0.,0.,-1.));
#3358=DIRECTION('center_axis',(0.,0.,-1.));
#3359=DIRECTION('ref_axis',(-1.,0.,0.));
#3360=DIRECTION('center_axis',(-1.00929365874906E-15,1.71069076724781E-15,
1.));
#3361=DIRECTION('ref_axis',(1.,0.,1.00929365874906E-15));
#3362=DIRECTION('center_axis',(0.,0.,1.));
#3363=DIRECTION('ref_axis',(-1.,0.,0.));
#3364=DIRECTION('center_axis',(1.00929365874906E-15,-1.71069076724781E-15,
-1.));
#3365=DIRECTION('ref_axis',(-1.,0.,0.));
#3366=DIRECTION('',(0.,0.,-1.));
#3367=DIRECTION('center_axis',(0.,0.,-1.));
#3368=DIRECTION('ref_axis',(-1.,0.,0.));
#3369=DIRECTION('center_axis',(-1.00929365874906E-15,1.71069076724781E-15,
1.));
#3370=DIRECTION('ref_axis',(1.,0.,1.00929365874906E-15));
#3371=DIRECTION('center_axis',(0.,0.,1.));
#3372=DIRECTION('ref_axis',(-1.,0.,0.));
#3373=DIRECTION('center_axis',(1.00929365874906E-15,-1.71069076724781E-15,
-1.));
#3374=DIRECTION('ref_axis',(-1.,0.,0.));
#3375=DIRECTION('',(0.,0.,-1.));
#3376=DIRECTION('center_axis',(0.,0.,-1.));
#3377=DIRECTION('ref_axis',(-1.,0.,0.));
#3378=DIRECTION('center_axis',(-1.00929365874906E-15,1.71069076724781E-15,
1.));
#3379=DIRECTION('ref_axis',(1.,0.,1.00929365874906E-15));
#3380=DIRECTION('center_axis',(0.,0.,1.));
#3381=DIRECTION('ref_axis',(-1.,0.,0.));
#3382=DIRECTION('center_axis',(1.00929365874906E-15,-1.71069076724781E-15,
-1.));
#3383=DIRECTION('ref_axis',(-1.,0.,0.));
#3384=DIRECTION('',(0.,0.,-1.));
#3385=DIRECTION('center_axis',(0.,0.,-1.));
#3386=DIRECTION('ref_axis',(-1.,0.,0.));
#3387=DIRECTION('center_axis',(-1.00929365874906E-15,1.71069076724781E-15,
1.));
#3388=DIRECTION('ref_axis',(1.,0.,1.00929365874906E-15));
#3389=DIRECTION('center_axis',(0.,0.,1.));
#3390=DIRECTION('ref_axis',(-1.,0.,0.));
#3391=DIRECTION('center_axis',(1.00929365874906E-15,-1.71069076724781E-15,
-1.));
#3392=DIRECTION('ref_axis',(-1.,0.,0.));
#3393=DIRECTION('',(0.,0.,-1.));
#3394=DIRECTION('center_axis',(0.,0.,-1.));
#3395=DIRECTION('ref_axis',(-1.,0.,0.));
#3396=DIRECTION('center_axis',(-1.00929365874906E-15,1.71069076724781E-15,
1.));
#3397=DIRECTION('ref_axis',(1.,0.,1.00929365874906E-15));
#3398=DIRECTION('center_axis',(0.,0.,1.));
#3399=DIRECTION('ref_axis',(-1.,0.,0.));
#3400=DIRECTION('center_axis',(0.,0.,-1.));
#3401=DIRECTION('ref_axis',(-1.,0.,0.));
#3402=DIRECTION('center_axis',(0.,0.,1.));
#3403=DIRECTION('ref_axis',(-1.,0.,0.));
#3404=DIRECTION('center_axis',(1.00929365874906E-15,-1.71069076724781E-15,
-1.));
#3405=DIRECTION('ref_axis',(-1.,0.,0.));
#3406=DIRECTION('',(0.,0.,-1.));
#3407=DIRECTION('center_axis',(0.,0.,-1.));
#3408=DIRECTION('ref_axis',(-1.,0.,0.));
#3409=DIRECTION('center_axis',(-1.00929365874906E-15,1.71069076724781E-15,
1.));
#3410=DIRECTION('ref_axis',(1.,0.,1.00929365874906E-15));
#3411=DIRECTION('center_axis',(0.,0.,1.));
#3412=DIRECTION('ref_axis',(-1.,0.,0.));
#3413=DIRECTION('center_axis',(1.00929365874906E-15,-1.71069076724781E-15,
-1.));
#3414=DIRECTION('ref_axis',(-1.,0.,0.));
#3415=DIRECTION('',(0.,0.,-1.));
#3416=DIRECTION('center_axis',(0.,0.,-1.));
#3417=DIRECTION('ref_axis',(-1.,0.,0.));
#3418=DIRECTION('center_axis',(-1.00929365874906E-15,1.71069076724781E-15,
1.));
#3419=DIRECTION('ref_axis',(1.,0.,1.00929365874906E-15));
#3420=DIRECTION('center_axis',(0.,0.,1.));
#3421=DIRECTION('ref_axis',(-1.,0.,0.));
#3422=DIRECTION('center_axis',(1.00929365874906E-15,-1.71069076724781E-15,
-1.));
#3423=DIRECTION('ref_axis',(-1.,0.,0.));
#3424=DIRECTION('',(0.,0.,-1.));
#3425=DIRECTION('center_axis',(0.,0.,-1.));
#3426=DIRECTION('ref_axis',(-1.,0.,0.));
#3427=DIRECTION('center_axis',(-1.00929365874906E-15,1.71069076724781E-15,
1.));
#3428=DIRECTION('ref_axis',(1.,0.,1.00929365874906E-15));
#3429=DIRECTION('center_axis',(0.,0.,1.));
#3430=DIRECTION('ref_axis',(-1.,0.,0.));
#3431=DIRECTION('center_axis',(1.00929365874906E-15,-1.71069076724781E-15,
-1.));
#3432=DIRECTION('ref_axis',(-1.,0.,0.));
#3433=DIRECTION('',(0.,0.,-1.));
#3434=DIRECTION('center_axis',(0.,0.,-1.));
#3435=DIRECTION('ref_axis',(-1.,0.,0.));
#3436=DIRECTION('center_axis',(-1.00929365874906E-15,1.71069076724781E-15,
1.));
#3437=DIRECTION('ref_axis',(1.,0.,1.00929365874906E-15));
#3438=DIRECTION('center_axis',(0.,0.,1.));
#3439=DIRECTION('ref_axis',(-1.,0.,0.));
#3440=DIRECTION('center_axis',(1.00929365874906E-15,-1.71069076724781E-15,
-1.));
#3441=DIRECTION('ref_axis',(-1.,0.,0.));
#3442=DIRECTION('',(0.,0.,-1.));
#3443=DIRECTION('center_axis',(0.,0.,-1.));
#3444=DIRECTION('ref_axis',(-1.,0.,0.));
#3445=DIRECTION('center_axis',(-1.00929365874906E-15,1.71069076724781E-15,
1.));
#3446=DIRECTION('ref_axis',(1.,0.,1.00929365874906E-15));
#3447=DIRECTION('center_axis',(0.,0.,1.));
#3448=DIRECTION('ref_axis',(-1.,0.,0.));
#3449=DIRECTION('center_axis',(1.00929365874906E-15,-1.71069076724781E-15,
-1.));
#3450=DIRECTION('ref_axis',(-1.,0.,0.));
#3451=DIRECTION('',(0.,0.,-1.));
#3452=DIRECTION('center_axis',(0.,0.,-1.));
#3453=DIRECTION('ref_axis',(-1.,0.,0.));
#3454=DIRECTION('center_axis',(-1.00929365874906E-15,1.71069076724781E-15,
1.));
#3455=DIRECTION('ref_axis',(1.,0.,1.00929365874906E-15));
#3456=DIRECTION('center_axis',(0.,0.,1.));
#3457=DIRECTION('ref_axis',(-1.,0.,0.));
#3458=DIRECTION('center_axis',(1.00929365874906E-15,-1.71069076724781E-15,
-1.));
#3459=DIRECTION('ref_axis',(-1.,0.,0.));
#3460=DIRECTION('',(0.,0.,-1.));
#3461=DIRECTION('center_axis',(0.,0.,-1.));
#3462=DIRECTION('ref_axis',(-1.,0.,0.));
#3463=DIRECTION('center_axis',(-1.00929365874906E-15,1.71069076724781E-15,
1.));
#3464=DIRECTION('ref_axis',(1.,0.,1.00929365874906E-15));
#3465=DIRECTION('center_axis',(0.,0.,1.));
#3466=DIRECTION('ref_axis',(-1.,0.,0.));
#3467=DIRECTION('center_axis',(1.00929365874906E-15,-1.71069076724781E-15,
-1.));
#3468=DIRECTION('ref_axis',(-1.,0.,0.));
#3469=DIRECTION('',(0.,0.,-1.));
#3470=DIRECTION('center_axis',(0.,0.,-1.));
#3471=DIRECTION('ref_axis',(-1.,0.,0.));
#3472=DIRECTION('center_axis',(-1.00929365874906E-15,1.71069076724781E-15,
1.));
#3473=DIRECTION('ref_axis',(1.,0.,1.00929365874906E-15));
#3474=DIRECTION('center_axis',(0.,0.,1.));
#3475=DIRECTION('ref_axis',(-1.,0.,0.));
#3476=DIRECTION('center_axis',(1.00929365874906E-15,-1.71069076724781E-15,
-1.));
#3477=DIRECTION('ref_axis',(-1.,0.,0.));
#3478=DIRECTION('',(0.,0.,-1.));
#3479=DIRECTION('center_axis',(0.,0.,-1.));
#3480=DIRECTION('ref_axis',(-1.,0.,0.));
#3481=DIRECTION('center_axis',(-1.00929365874906E-15,1.71069076724781E-15,
1.));
#3482=DIRECTION('ref_axis',(1.,0.,1.00929365874906E-15));
#3483=DIRECTION('center_axis',(0.,0.,1.));
#3484=DIRECTION('ref_axis',(-1.,0.,0.));
#3485=DIRECTION('center_axis',(1.00929365874906E-15,-1.71069076724781E-15,
-1.));
#3486=DIRECTION('ref_axis',(-1.,0.,0.));
#3487=DIRECTION('',(0.,0.,-1.));
#3488=DIRECTION('center_axis',(0.,0.,-1.));
#3489=DIRECTION('ref_axis',(-1.,0.,0.));
#3490=DIRECTION('center_axis',(-1.00929365874906E-15,1.71069076724781E-15,
1.));
#3491=DIRECTION('ref_axis',(1.,0.,1.00929365874906E-15));
#3492=DIRECTION('center_axis',(0.,0.,1.));
#3493=DIRECTION('ref_axis',(-1.,0.,0.));
#3494=DIRECTION('center_axis',(1.00929365874906E-15,-1.71069076724781E-15,
-1.));
#3495=DIRECTION('ref_axis',(-1.,0.,0.));
#3496=DIRECTION('',(0.,0.,-1.));
#3497=DIRECTION('center_axis',(0.,0.,-1.));
#3498=DIRECTION('ref_axis',(-1.,0.,0.));
#3499=DIRECTION('center_axis',(-1.00929365874906E-15,1.71069076724781E-15,
1.));
#3500=DIRECTION('ref_axis',(1.,0.,1.00929365874906E-15));
#3501=DIRECTION('center_axis',(0.,0.,1.));
#3502=DIRECTION('ref_axis',(-1.,0.,0.));
#3503=DIRECTION('center_axis',(1.00929365874906E-15,-1.71069076724781E-15,
-1.));
#3504=DIRECTION('ref_axis',(-1.,0.,0.));
#3505=DIRECTION('',(0.,0.,-1.));
#3506=DIRECTION('center_axis',(0.,0.,-1.));
#3507=DIRECTION('ref_axis',(-1.,0.,0.));
#3508=DIRECTION('center_axis',(-1.00929365874906E-15,1.71069076724781E-15,
1.));
#3509=DIRECTION('ref_axis',(1.,0.,1.00929365874906E-15));
#3510=DIRECTION('center_axis',(0.,0.,1.));
#3511=DIRECTION('ref_axis',(-1.,0.,0.));
#3512=DIRECTION('center_axis',(1.00929365874906E-15,-1.71069076724781E-15,
-1.));
#3513=DIRECTION('ref_axis',(-1.,0.,0.));
#3514=DIRECTION('',(0.,0.,-1.));
#3515=DIRECTION('center_axis',(0.,0.,-1.));
#3516=DIRECTION('ref_axis',(-1.,0.,0.));
#3517=DIRECTION('center_axis',(-1.00929365874906E-15,1.71069076724781E-15,
1.));
#3518=DIRECTION('ref_axis',(1.,0.,1.00929365874906E-15));
#3519=DIRECTION('center_axis',(0.,0.,1.));
#3520=DIRECTION('ref_axis',(-1.,0.,0.));
#3521=DIRECTION('center_axis',(1.00929365874906E-15,-1.71069076724781E-15,
-1.));
#3522=DIRECTION('ref_axis',(-1.,0.,0.));
#3523=DIRECTION('',(0.,0.,-1.));
#3524=DIRECTION('center_axis',(0.,0.,-1.));
#3525=DIRECTION('ref_axis',(-1.,0.,0.));
#3526=DIRECTION('center_axis',(-1.00929365874906E-15,1.71069076724781E-15,
1.));
#3527=DIRECTION('ref_axis',(1.,0.,1.00929365874906E-15));
#3528=DIRECTION('center_axis',(0.,0.,1.));
#3529=DIRECTION('ref_axis',(-1.,0.,0.));
#3530=DIRECTION('center_axis',(1.00929365874906E-15,-1.71069076724781E-15,
-1.));
#3531=DIRECTION('ref_axis',(-1.,0.,0.));
#3532=DIRECTION('',(0.,0.,-1.));
#3533=DIRECTION('center_axis',(0.,0.,-1.));
#3534=DIRECTION('ref_axis',(-1.,0.,0.));
#3535=DIRECTION('center_axis',(-1.00929365874906E-15,1.71069076724781E-15,
1.));
#3536=DIRECTION('ref_axis',(1.,0.,1.00929365874906E-15));
#3537=DIRECTION('center_axis',(0.,0.,1.));
#3538=DIRECTION('ref_axis',(-1.,0.,0.));
#3539=DIRECTION('center_axis',(1.00929365874906E-15,-1.71069076724781E-15,
-1.));
#3540=DIRECTION('ref_axis',(-1.,0.,0.));
#3541=DIRECTION('',(0.,0.,-1.));
#3542=DIRECTION('center_axis',(0.,0.,-1.));
#3543=DIRECTION('ref_axis',(-1.,0.,0.));
#3544=DIRECTION('center_axis',(-1.00929365874906E-15,1.71069076724781E-15,
1.));
#3545=DIRECTION('ref_axis',(1.,0.,1.00929365874906E-15));
#3546=DIRECTION('center_axis',(0.,0.,1.));
#3547=DIRECTION('ref_axis',(-1.,0.,0.));
#3548=DIRECTION('center_axis',(1.00929365874906E-15,-1.71069076724781E-15,
-1.));
#3549=DIRECTION('ref_axis',(-1.,0.,0.));
#3550=DIRECTION('',(0.,0.,-1.));
#3551=DIRECTION('center_axis',(0.,0.,-1.));
#3552=DIRECTION('ref_axis',(-1.,0.,0.));
#3553=DIRECTION('center_axis',(-1.00929365874906E-15,1.71069076724781E-15,
1.));
#3554=DIRECTION('ref_axis',(1.,0.,1.00929365874906E-15));
#3555=DIRECTION('center_axis',(0.,0.,1.));
#3556=DIRECTION('ref_axis',(-1.,0.,0.));
#3557=DIRECTION('center_axis',(1.00929365874906E-15,-1.71069076724781E-15,
-1.));
#3558=DIRECTION('ref_axis',(-1.,0.,0.));
#3559=DIRECTION('',(0.,0.,-1.));
#3560=DIRECTION('center_axis',(0.,0.,-1.));
#3561=DIRECTION('ref_axis',(-1.,0.,0.));
#3562=DIRECTION('center_axis',(-1.00929365874906E-15,1.71069076724781E-15,
1.));
#3563=DIRECTION('ref_axis',(1.,0.,1.00929365874906E-15));
#3564=DIRECTION('center_axis',(0.,0.,1.));
#3565=DIRECTION('ref_axis',(-1.,0.,0.));
#3566=DIRECTION('center_axis',(1.00929365874906E-15,-1.71069076724781E-15,
-1.));
#3567=DIRECTION('ref_axis',(-1.,0.,0.));
#3568=DIRECTION('',(0.,0.,-1.));
#3569=DIRECTION('center_axis',(0.,0.,-1.));
#3570=DIRECTION('ref_axis',(-1.,0.,0.));
#3571=DIRECTION('center_axis',(-1.00929365874906E-15,1.71069076724781E-15,
1.));
#3572=DIRECTION('ref_axis',(1.,0.,1.00929365874906E-15));
#3573=DIRECTION('center_axis',(0.,0.,1.));
#3574=DIRECTION('ref_axis',(-1.,0.,0.));
#3575=DIRECTION('center_axis',(1.00929365874906E-15,-1.71069076724781E-15,
-1.));
#3576=DIRECTION('ref_axis',(-1.,0.,0.));
#3577=DIRECTION('',(0.,0.,-1.));
#3578=DIRECTION('center_axis',(0.,0.,-1.));
#3579=DIRECTION('ref_axis',(-1.,0.,0.));
#3580=DIRECTION('center_axis',(-1.00929365874906E-15,1.71069076724781E-15,
1.));
#3581=DIRECTION('ref_axis',(1.,0.,1.00929365874906E-15));
#3582=DIRECTION('center_axis',(0.,0.,1.));
#3583=DIRECTION('ref_axis',(-1.,0.,0.));
#3584=DIRECTION('center_axis',(1.00929365874906E-15,-1.71069076724781E-15,
-1.));
#3585=DIRECTION('ref_axis',(-1.,0.,0.));
#3586=DIRECTION('',(0.,0.,-1.));
#3587=DIRECTION('center_axis',(0.,0.,-1.));
#3588=DIRECTION('ref_axis',(-1.,0.,0.));
#3589=DIRECTION('center_axis',(-1.00929365874906E-15,1.71069076724781E-15,
1.));
#3590=DIRECTION('ref_axis',(1.,0.,1.00929365874906E-15));
#3591=DIRECTION('center_axis',(0.,0.,1.));
#3592=DIRECTION('ref_axis',(-1.,0.,0.));
#3593=DIRECTION('center_axis',(1.00929365874906E-15,-1.71069076724781E-15,
-1.));
#3594=DIRECTION('ref_axis',(-1.,0.,0.));
#3595=DIRECTION('',(0.,0.,-1.));
#3596=DIRECTION('center_axis',(0.,0.,-1.));
#3597=DIRECTION('ref_axis',(-1.,0.,0.));
#3598=DIRECTION('center_axis',(-1.00929365874906E-15,1.71069076724781E-15,
1.));
#3599=DIRECTION('ref_axis',(1.,0.,1.00929365874906E-15));
#3600=DIRECTION('center_axis',(0.,0.,1.));
#3601=DIRECTION('ref_axis',(-1.,0.,0.));
#3602=DIRECTION('center_axis',(1.00929365874906E-15,-1.71069076724781E-15,
-1.));
#3603=DIRECTION('ref_axis',(-1.,0.,0.));
#3604=DIRECTION('',(0.,0.,-1.));
#3605=DIRECTION('center_axis',(0.,0.,-1.));
#3606=DIRECTION('ref_axis',(-1.,0.,0.));
#3607=DIRECTION('center_axis',(-1.00929365874906E-15,1.71069076724781E-15,
1.));
#3608=DIRECTION('ref_axis',(1.,0.,1.00929365874906E-15));
#3609=DIRECTION('center_axis',(0.,0.,1.));
#3610=DIRECTION('ref_axis',(-1.,0.,0.));
#3611=DIRECTION('center_axis',(1.00929365874906E-15,-1.71069076724781E-15,
-1.));
#3612=DIRECTION('ref_axis',(-1.,0.,0.));
#3613=DIRECTION('',(0.,0.,-1.));
#3614=DIRECTION('center_axis',(0.,0.,-1.));
#3615=DIRECTION('ref_axis',(-1.,0.,0.));
#3616=DIRECTION('center_axis',(-1.00929365874906E-15,1.71069076724781E-15,
1.));
#3617=DIRECTION('ref_axis',(1.,0.,1.00929365874906E-15));
#3618=DIRECTION('center_axis',(0.,0.,1.));
#3619=DIRECTION('ref_axis',(-1.,0.,0.));
#3620=DIRECTION('center_axis',(1.00929365874906E-15,-1.71069076724781E-15,
-1.));
#3621=DIRECTION('ref_axis',(-1.,0.,0.));
#3622=DIRECTION('',(0.,0.,-1.));
#3623=DIRECTION('center_axis',(0.,0.,-1.));
#3624=DIRECTION('ref_axis',(-1.,0.,0.));
#3625=DIRECTION('center_axis',(-1.00929365874906E-15,1.71069076724781E-15,
1.));
#3626=DIRECTION('ref_axis',(1.,0.,1.00929365874906E-15));
#3627=DIRECTION('center_axis',(0.,0.,1.));
#3628=DIRECTION('ref_axis',(-1.,0.,0.));
#3629=DIRECTION('center_axis',(1.00929365874906E-15,-1.71069076724781E-15,
-1.));
#3630=DIRECTION('ref_axis',(-1.,0.,0.));
#3631=DIRECTION('',(0.,0.,-1.));
#3632=DIRECTION('center_axis',(0.,0.,-1.));
#3633=DIRECTION('ref_axis',(-1.,0.,0.));
#3634=DIRECTION('center_axis',(-1.00929365874906E-15,1.71069076724781E-15,
1.));
#3635=DIRECTION('ref_axis',(1.,0.,1.00929365874906E-15));
#3636=DIRECTION('center_axis',(0.,0.,1.));
#3637=DIRECTION('ref_axis',(-1.,0.,0.));
#3638=DIRECTION('center_axis',(1.00929365874906E-15,-1.71069076724781E-15,
-1.));
#3639=DIRECTION('ref_axis',(-1.,0.,0.));
#3640=DIRECTION('',(0.,0.,-1.));
#3641=DIRECTION('center_axis',(0.,0.,-1.));
#3642=DIRECTION('ref_axis',(-1.,0.,0.));
#3643=DIRECTION('center_axis',(-1.00929365874906E-15,1.71069076724781E-15,
1.));
#3644=DIRECTION('ref_axis',(1.,0.,1.00929365874906E-15));
#3645=DIRECTION('center_axis',(0.,0.,1.));
#3646=DIRECTION('ref_axis',(-1.,0.,0.));
#3647=DIRECTION('center_axis',(1.00929365874906E-15,-1.71069076724781E-15,
-1.));
#3648=DIRECTION('ref_axis',(-1.,0.,0.));
#3649=DIRECTION('',(0.,0.,-1.));
#3650=DIRECTION('center_axis',(0.,0.,-1.));
#3651=DIRECTION('ref_axis',(-1.,0.,0.));
#3652=DIRECTION('center_axis',(-1.00929365874906E-15,1.71069076724781E-15,
1.));
#3653=DIRECTION('ref_axis',(1.,0.,1.00929365874906E-15));
#3654=DIRECTION('center_axis',(0.,0.,1.));
#3655=DIRECTION('ref_axis',(-1.,0.,0.));
#3656=DIRECTION('center_axis',(1.00929365874906E-15,-1.71069076724781E-15,
-1.));
#3657=DIRECTION('ref_axis',(-1.,0.,0.));
#3658=DIRECTION('',(0.,0.,-1.));
#3659=DIRECTION('center_axis',(0.,0.,-1.));
#3660=DIRECTION('ref_axis',(-1.,0.,0.));
#3661=DIRECTION('center_axis',(-1.00929365874906E-15,1.71069076724781E-15,
1.));
#3662=DIRECTION('ref_axis',(1.,0.,1.00929365874906E-15));
#3663=DIRECTION('center_axis',(0.,0.,1.));
#3664=DIRECTION('ref_axis',(-1.,0.,0.));
#3665=DIRECTION('center_axis',(1.00929365874906E-15,-1.71069076724781E-15,
-1.));
#3666=DIRECTION('ref_axis',(-1.,0.,0.));
#3667=DIRECTION('',(0.,0.,-1.));
#3668=DIRECTION('center_axis',(0.,0.,-1.));
#3669=DIRECTION('ref_axis',(-1.,0.,0.));
#3670=DIRECTION('center_axis',(-1.00929365874906E-15,1.71069076724781E-15,
1.));
#3671=DIRECTION('ref_axis',(1.,0.,1.00929365874906E-15));
#3672=DIRECTION('center_axis',(0.,0.,1.));
#3673=DIRECTION('ref_axis',(-1.,0.,0.));
#3674=DIRECTION('center_axis',(1.00929365874906E-15,-1.71069076724781E-15,
-1.));
#3675=DIRECTION('ref_axis',(-1.,0.,0.));
#3676=DIRECTION('',(0.,0.,-1.));
#3677=DIRECTION('center_axis',(0.,0.,-1.));
#3678=DIRECTION('ref_axis',(-1.,0.,0.));
#3679=DIRECTION('center_axis',(-1.00929365874906E-15,1.71069076724781E-15,
1.));
#3680=DIRECTION('ref_axis',(1.,0.,1.00929365874906E-15));
#3681=DIRECTION('center_axis',(0.,0.,1.));
#3682=DIRECTION('ref_axis',(-1.,0.,0.));
#3683=DIRECTION('center_axis',(1.00929365874906E-15,-1.71069076724781E-15,
-1.));
#3684=DIRECTION('ref_axis',(-1.,0.,0.));
#3685=DIRECTION('',(0.,0.,-1.));
#3686=DIRECTION('center_axis',(0.,0.,-1.));
#3687=DIRECTION('ref_axis',(-1.,0.,0.));
#3688=DIRECTION('center_axis',(-1.00929365874906E-15,1.71069076724781E-15,
1.));
#3689=DIRECTION('ref_axis',(1.,0.,1.00929365874906E-15));
#3690=DIRECTION('center_axis',(0.,0.,1.));
#3691=DIRECTION('ref_axis',(-1.,0.,0.));
#3692=DIRECTION('center_axis',(1.00929365874906E-15,-1.71069076724781E-15,
-1.));
#3693=DIRECTION('ref_axis',(-1.,0.,0.));
#3694=DIRECTION('',(0.,0.,-1.));
#3695=DIRECTION('center_axis',(0.,0.,-1.));
#3696=DIRECTION('ref_axis',(-1.,0.,0.));
#3697=DIRECTION('center_axis',(-1.00929365874906E-15,1.71069076724781E-15,
1.));
#3698=DIRECTION('ref_axis',(1.,0.,1.00929365874906E-15));
#3699=DIRECTION('center_axis',(0.,0.,1.));
#3700=DIRECTION('ref_axis',(-1.,0.,0.));
#3701=DIRECTION('center_axis',(1.00929365874906E-15,-1.71069076724781E-15,
-1.));
#3702=DIRECTION('ref_axis',(-1.,0.,0.));
#3703=DIRECTION('',(0.,0.,-1.));
#3704=DIRECTION('center_axis',(0.,0.,-1.));
#3705=DIRECTION('ref_axis',(-1.,0.,0.));
#3706=DIRECTION('center_axis',(-1.00929365874906E-15,1.71069076724781E-15,
1.));
#3707=DIRECTION('ref_axis',(1.,0.,1.00929365874906E-15));
#3708=DIRECTION('center_axis',(0.,0.,1.));
#3709=DIRECTION('ref_axis',(-1.,0.,0.));
#3710=DIRECTION('center_axis',(1.00929365874906E-15,-1.71069076724781E-15,
-1.));
#3711=DIRECTION('ref_axis',(-1.,0.,0.));
#3712=DIRECTION('',(0.,0.,-1.));
#3713=DIRECTION('center_axis',(0.,0.,-1.));
#3714=DIRECTION('ref_axis',(-1.,0.,0.));
#3715=DIRECTION('center_axis',(-1.00929365874906E-15,1.71069076724781E-15,
1.));
#3716=DIRECTION('ref_axis',(1.,0.,1.00929365874906E-15));
#3717=DIRECTION('center_axis',(0.,0.,1.));
#3718=DIRECTION('ref_axis',(-1.,0.,0.));
#3719=DIRECTION('center_axis',(1.00929365874906E-15,-1.71069076724781E-15,
-1.));
#3720=DIRECTION('ref_axis',(-1.,0.,0.));
#3721=DIRECTION('',(0.,0.,-1.));
#3722=DIRECTION('center_axis',(0.,0.,-1.));
#3723=DIRECTION('ref_axis',(-1.,0.,0.));
#3724=DIRECTION('center_axis',(-1.00929365874906E-15,1.71069076724781E-15,
1.));
#3725=DIRECTION('ref_axis',(1.,0.,1.00929365874906E-15));
#3726=DIRECTION('center_axis',(0.,0.,1.));
#3727=DIRECTION('ref_axis',(-1.,0.,0.));
#3728=DIRECTION('center_axis',(1.00929365874906E-15,-1.71069076724781E-15,
-1.));
#3729=DIRECTION('ref_axis',(-1.,0.,0.));
#3730=DIRECTION('',(0.,0.,-1.));
#3731=DIRECTION('center_axis',(0.,0.,-1.));
#3732=DIRECTION('ref_axis',(-1.,0.,0.));
#3733=DIRECTION('center_axis',(-1.00929365874906E-15,1.71069076724781E-15,
1.));
#3734=DIRECTION('ref_axis',(1.,0.,1.00929365874906E-15));
#3735=DIRECTION('center_axis',(0.,0.,1.));
#3736=DIRECTION('ref_axis',(-1.,0.,0.));
#3737=DIRECTION('center_axis',(1.00929365874906E-15,-1.71069076724781E-15,
-1.));
#3738=DIRECTION('ref_axis',(-1.,0.,0.));
#3739=DIRECTION('',(0.,0.,-1.));
#3740=DIRECTION('center_axis',(0.,0.,-1.));
#3741=DIRECTION('ref_axis',(-1.,0.,0.));
#3742=DIRECTION('center_axis',(-1.00929365874906E-15,1.71069076724781E-15,
1.));
#3743=DIRECTION('ref_axis',(1.,0.,1.00929365874906E-15));
#3744=DIRECTION('center_axis',(0.,0.,1.));
#3745=DIRECTION('ref_axis',(-1.,0.,0.));
#3746=DIRECTION('center_axis',(1.00929365874906E-15,-1.71069076724781E-15,
-1.));
#3747=DIRECTION('ref_axis',(-1.,0.,0.));
#3748=DIRECTION('',(0.,0.,-1.));
#3749=DIRECTION('center_axis',(0.,0.,-1.));
#3750=DIRECTION('ref_axis',(-1.,0.,0.));
#3751=DIRECTION('center_axis',(-1.00929365874906E-15,1.71069076724781E-15,
1.));
#3752=DIRECTION('ref_axis',(1.,0.,1.00929365874906E-15));
#3753=DIRECTION('center_axis',(0.,0.,1.));
#3754=DIRECTION('ref_axis',(-1.,0.,0.));
#3755=DIRECTION('center_axis',(1.00929365874906E-15,-1.71069076724781E-15,
-1.));
#3756=DIRECTION('ref_axis',(-1.,0.,0.));
#3757=DIRECTION('',(0.,0.,-1.));
#3758=DIRECTION('center_axis',(0.,0.,-1.));
#3759=DIRECTION('ref_axis',(-1.,0.,0.));
#3760=DIRECTION('center_axis',(-1.00929365874906E-15,1.71069076724781E-15,
1.));
#3761=DIRECTION('ref_axis',(1.,0.,1.00929365874906E-15));
#3762=DIRECTION('center_axis',(0.,0.,1.));
#3763=DIRECTION('ref_axis',(-1.,0.,0.));
#3764=DIRECTION('center_axis',(1.00929365874906E-15,-1.71069076724781E-15,
-1.));
#3765=DIRECTION('ref_axis',(-1.,0.,0.));
#3766=DIRECTION('',(0.,0.,-1.));
#3767=DIRECTION('center_axis',(0.,0.,-1.));
#3768=DIRECTION('ref_axis',(-1.,0.,0.));
#3769=DIRECTION('center_axis',(-1.00929365874906E-15,1.71069076724781E-15,
1.));
#3770=DIRECTION('ref_axis',(1.,0.,1.00929365874906E-15));
#3771=DIRECTION('center_axis',(0.,0.,1.));
#3772=DIRECTION('ref_axis',(-1.,0.,0.));
#3773=DIRECTION('center_axis',(1.00929365874906E-15,-1.71069076724781E-15,
-1.));
#3774=DIRECTION('ref_axis',(-1.,0.,0.));
#3775=DIRECTION('',(0.,0.,-1.));
#3776=DIRECTION('center_axis',(0.,0.,-1.));
#3777=DIRECTION('ref_axis',(-1.,0.,0.));
#3778=DIRECTION('center_axis',(-1.00929365874906E-15,1.71069076724781E-15,
1.));
#3779=DIRECTION('ref_axis',(1.,0.,1.00929365874906E-15));
#3780=DIRECTION('center_axis',(0.,0.,1.));
#3781=DIRECTION('ref_axis',(-1.,0.,0.));
#3782=DIRECTION('center_axis',(1.00929365874906E-15,-1.71069076724781E-15,
-1.));
#3783=DIRECTION('ref_axis',(-1.,0.,0.));
#3784=DIRECTION('',(0.,0.,-1.));
#3785=DIRECTION('center_axis',(0.,0.,-1.));
#3786=DIRECTION('ref_axis',(-1.,0.,0.));
#3787=DIRECTION('center_axis',(-1.00929365874906E-15,1.71069076724781E-15,
1.));
#3788=DIRECTION('ref_axis',(1.,0.,1.00929365874906E-15));
#3789=DIRECTION('center_axis',(0.,0.,1.));
#3790=DIRECTION('ref_axis',(-1.,0.,0.));
#3791=DIRECTION('center_axis',(1.00929365874906E-15,-1.71069076724781E-15,
-1.));
#3792=DIRECTION('ref_axis',(-1.,0.,0.));
#3793=DIRECTION('',(0.,0.,-1.));
#3794=DIRECTION('center_axis',(0.,0.,-1.));
#3795=DIRECTION('ref_axis',(-1.,0.,0.));
#3796=DIRECTION('center_axis',(-1.00929365874906E-15,1.71069076724781E-15,
1.));
#3797=DIRECTION('ref_axis',(1.,0.,1.00929365874906E-15));
#3798=DIRECTION('center_axis',(0.,0.,1.));
#3799=DIRECTION('ref_axis',(-1.,0.,0.));
#3800=DIRECTION('center_axis',(1.00929365874906E-15,-1.71069076724781E-15,
-1.));
#3801=DIRECTION('ref_axis',(-1.,0.,0.));
#3802=DIRECTION('',(0.,0.,-1.));
#3803=DIRECTION('center_axis',(0.,0.,-1.));
#3804=DIRECTION('ref_axis',(-1.,0.,0.));
#3805=DIRECTION('center_axis',(-1.00929365874906E-15,1.71069076724781E-15,
1.));
#3806=DIRECTION('ref_axis',(1.,0.,1.00929365874906E-15));
#3807=DIRECTION('center_axis',(0.,0.,1.));
#3808=DIRECTION('ref_axis',(-1.,0.,0.));
#3809=DIRECTION('center_axis',(1.00929365874906E-15,-1.71069076724781E-15,
-1.));
#3810=DIRECTION('ref_axis',(-1.,0.,0.));
#3811=DIRECTION('',(0.,0.,-1.));
#3812=DIRECTION('center_axis',(0.,0.,-1.));
#3813=DIRECTION('ref_axis',(-1.,0.,0.));
#3814=DIRECTION('center_axis',(-1.00929365874906E-15,1.71069076724781E-15,
1.));
#3815=DIRECTION('ref_axis',(1.,0.,1.00929365874906E-15));
#3816=DIRECTION('center_axis',(0.,0.,1.));
#3817=DIRECTION('ref_axis',(-1.,0.,0.));
#3818=DIRECTION('center_axis',(1.00929365874906E-15,-1.71069076724781E-15,
-1.));
#3819=DIRECTION('ref_axis',(-1.,0.,0.));
#3820=DIRECTION('',(0.,0.,-1.));
#3821=DIRECTION('center_axis',(0.,0.,-1.));
#3822=DIRECTION('ref_axis',(-1.,0.,0.));
#3823=DIRECTION('center_axis',(-1.00929365874906E-15,1.71069076724781E-15,
1.));
#3824=DIRECTION('ref_axis',(1.,0.,1.00929365874906E-15));
#3825=DIRECTION('center_axis',(0.,0.,1.));
#3826=DIRECTION('ref_axis',(-1.,0.,0.));
#3827=DIRECTION('center_axis',(1.00929365874906E-15,-1.71069076724781E-15,
-1.));
#3828=DIRECTION('ref_axis',(-1.,0.,0.));
#3829=DIRECTION('',(0.,0.,-1.));
#3830=DIRECTION('center_axis',(0.,0.,-1.));
#3831=DIRECTION('ref_axis',(-1.,0.,0.));
#3832=DIRECTION('center_axis',(-1.00929365874906E-15,1.71069076724781E-15,
1.));
#3833=DIRECTION('ref_axis',(1.,0.,1.00929365874906E-15));
#3834=DIRECTION('center_axis',(0.,0.,-1.));
#3835=DIRECTION('ref_axis',(0.707106781186546,0.707106781186549,0.));
#3836=DIRECTION('center_axis',(0.,0.,1.));
#3837=DIRECTION('ref_axis',(0.707106781186546,0.707106781186549,0.));
#3838=DIRECTION('',(0.,0.,1.));
#3839=DIRECTION('center_axis',(-1.00929365874906E-15,1.71069076724781E-15,
1.));
#3840=DIRECTION('ref_axis',(0.707106781186546,0.707106781186549,0.));
#3841=DIRECTION('',(0.,0.,-1.));
#3842=DIRECTION('center_axis',(0.,1.,0.));
#3843=DIRECTION('ref_axis',(1.,0.,-1.42092842400503E-27));
#3844=DIRECTION('',(1.,0.,1.00929365874906E-15));
#3845=DIRECTION('',(0.,0.,1.));
#3846=DIRECTION('',(1.,0.,-1.42092842400503E-27));
#3847=DIRECTION('center_axis',(0.,0.,-1.));
#3848=DIRECTION('ref_axis',(0.707106781186546,-0.707106781186549,0.));
#3849=DIRECTION('center_axis',(0.,0.,1.));
#3850=DIRECTION('ref_axis',(0.707106781186546,-0.707106781186549,0.));
#3851=DIRECTION('',(0.,0.,1.));
#3852=DIRECTION('center_axis',(-1.00929365874906E-15,1.71069076724781E-15,
1.));
#3853=DIRECTION('ref_axis',(0.707106781186546,-0.707106781186549,0.));
#3854=DIRECTION('',(0.,0.,-1.));
#3855=DIRECTION('center_axis',(1.,2.81441832930771E-42,0.));
#3856=DIRECTION('ref_axis',(2.81441832930771E-42,-1.,1.98068972494406E-15));
#3857=DIRECTION('',(2.81441832930771E-42,-1.,1.98068972494406E-15));
#3858=DIRECTION('',(2.81441832930771E-42,-1.,1.71069076724781E-15));
#3859=DIRECTION('center_axis',(0.,0.,-1.));
#3860=DIRECTION('ref_axis',(-0.707106781186546,-0.707106781186549,0.));
#3861=DIRECTION('center_axis',(0.,0.,1.));
#3862=DIRECTION('ref_axis',(-0.707106781186546,-0.707106781186549,0.));
#3863=DIRECTION('',(0.,0.,1.));
#3864=DIRECTION('center_axis',(-1.00929365874906E-15,1.71069076724781E-15,
1.));
#3865=DIRECTION('ref_axis',(-0.707106781186546,-0.707106781186549,0.));
#3866=DIRECTION('',(0.,0.,-1.));
#3867=DIRECTION('center_axis',(0.,-1.,0.));
#3868=DIRECTION('ref_axis',(-1.,0.,1.42092842400503E-27));
#3869=DIRECTION('',(-1.,0.,1.42092842400503E-27));
#3870=DIRECTION('',(-1.,0.,-1.00929365874906E-15));
#3871=DIRECTION('center_axis',(0.,0.,-1.));
#3872=DIRECTION('ref_axis',(-0.707106781186546,0.707106781186549,0.));
#3873=DIRECTION('center_axis',(0.,0.,1.));
#3874=DIRECTION('ref_axis',(-0.707106781186546,0.707106781186549,0.));
#3875=DIRECTION('center_axis',(-1.00929365874906E-15,1.71069076724781E-15,
1.));
#3876=DIRECTION('ref_axis',(-0.707106781186546,0.707106781186549,0.));
#3877=DIRECTION('',(0.,0.,-1.));
#3878=DIRECTION('center_axis',(-1.,-2.81441832930771E-42,0.));
#3879=DIRECTION('ref_axis',(-2.81441832930771E-42,1.,-1.98068972494406E-15));
#3880=DIRECTION('',(-2.81441832930771E-42,1.,-1.98068972494406E-15));
#3881=DIRECTION('',(-2.81441832930771E-42,1.,-1.71069076724781E-15));
#3882=DIRECTION('center_axis',(0.,0.,-1.));
#3883=DIRECTION('ref_axis',(-1.,0.,0.));
#3884=DIRECTION('center_axis',(1.42657483958968E-15,-1.75728646110926E-15,
-1.));
#3885=DIRECTION('ref_axis',(1.,1.43090629655978E-16,1.42657483958968E-15));
#3886=DIRECTION('center_axis',(-1.00929365874906E-15,1.71069076724781E-15,
1.));
#3887=DIRECTION('ref_axis',(-1.,0.,-1.00929365874906E-15));
#3888=DIRECTION('',(-1.,-2.86181259311952E-16,-1.42657483958968E-15));
#3889=DIRECTION('center_axis',(1.42657483958968E-15,-1.75728646110926E-15,
-1.));
#3890=DIRECTION('ref_axis',(1.,1.43090629655978E-16,1.42657483958968E-15));
#3891=DIRECTION('center_axis',(-1.00929365874906E-15,1.71069076724781E-15,
1.));
#3892=DIRECTION('ref_axis',(1.72658934346378E-30,1.,-1.71069076724781E-15));
#3893=DIRECTION('center_axis',(0.819152044288995,1.13311069705611E-15,0.573576436351042));
#3894=DIRECTION('ref_axis',(-0.573576436351042,1.37303292294815E-15,0.819152044288995));
#3895=DIRECTION('',(0.573576436351042,-1.29095950951485E-15,-0.819152044288995));
#3896=DIRECTION('',(1.85434174447219E-16,-1.,1.71069076724781E-15));
#3897=DIRECTION('center_axis',(-1.00929365874906E-15,1.71069076724781E-15,
1.));
#3898=DIRECTION('ref_axis',(-1.,0.,-1.00929365874906E-15));
#3899=DIRECTION('',(1.,2.86181259311951E-16,1.00929365874905E-15));
#3900=DIRECTION('center_axis',(-1.00929365874906E-15,1.71069076724781E-15,
1.));
#3901=DIRECTION('ref_axis',(-1.72658934346378E-30,-1.,1.71069076724781E-15));
#3902=DIRECTION('',(-3.80865531603825E-16,1.,-1.71069076724781E-15));
#3903=DIRECTION('center_axis',(-1.00929365874906E-15,1.71069076724781E-15,
1.));
#3904=DIRECTION('ref_axis',(1.,0.,1.00929365874906E-15));
#3905=DIRECTION('center_axis',(1.,3.80865531603829E-16,1.77635683940025E-15));
#3906=DIRECTION('ref_axis',(-3.80865531603825E-16,1.,-1.71069076724781E-15));
#3907=DIRECTION('',(-3.80865531603825E-16,1.,-1.71069076724781E-15));
#3908=DIRECTION('',(-1.77635683940025E-15,1.77635683940025E-15,1.));
#3909=DIRECTION('',(-1.77635683940025E-15,1.77635683940025E-15,1.));
#3910=DIRECTION('center_axis',(-1.77635683940025E-15,1.77635683940025E-15,
1.));
#3911=DIRECTION('ref_axis',(-1.84323571984831E-30,-1.,1.77635683940025E-15));
#3912=DIRECTION('center_axis',(-1.00929365874906E-15,1.71069076724781E-15,
1.));
#3913=DIRECTION('ref_axis',(-1.72658934346378E-30,-1.,1.71069076724781E-15));
#3914=DIRECTION('',(-1.77635683940025E-15,1.77635683940025E-15,1.));
#3915=DIRECTION('center_axis',(2.86181259311949E-16,-1.,1.77635683940025E-15));
#3916=DIRECTION('ref_axis',(1.,2.86181259311951E-16,1.00929365874905E-15));
#3917=DIRECTION('',(-1.77635683940025E-15,1.77635683940025E-15,1.));
#3918=DIRECTION('',(1.,2.86181259311951E-16,1.00929365874905E-15));
#3919=DIRECTION('center_axis',(-1.77635683940025E-15,1.77635683940025E-15,
1.));
#3920=DIRECTION('ref_axis',(-1.,-1.36257792720186E-30,-1.77635683940025E-15));
#3921=DIRECTION('center_axis',(-1.00929365874906E-15,1.71069076724781E-15,
1.));
#3922=DIRECTION('ref_axis',(-1.,0.,-1.00929365874906E-15));
#3923=DIRECTION('',(-1.77635683940025E-15,1.77635683940025E-15,1.));
#3924=DIRECTION('center_axis',(-1.,4.76081914504783E-16,-1.77635683940025E-15));
#3925=DIRECTION('ref_axis',(-4.76081914504786E-16,-1.,1.71069076724781E-15));
#3926=DIRECTION('',(-4.76081914504786E-16,-1.,1.71069076724781E-15));
#3927=DIRECTION('',(-1.77635683940025E-15,1.77635683940025E-15,1.));
#3928=DIRECTION('center_axis',(-1.77635683940025E-15,1.77635683940025E-15,
1.));
#3929=DIRECTION('ref_axis',(1.84323571984831E-30,1.,-1.77635683940025E-15));
#3930=DIRECTION('center_axis',(-1.00929365874906E-15,1.71069076724781E-15,
1.));
#3931=DIRECTION('ref_axis',(1.72658934346378E-30,1.,-1.71069076724781E-15));
#3932=DIRECTION('center_axis',(-1.77635683940025E-15,1.77635683940025E-15,
1.));
#3933=DIRECTION('ref_axis',(1.,1.36257792720186E-30,1.77635683940025E-15));
#3934=DIRECTION('center_axis',(-1.00929365874906E-15,1.71069076724781E-15,
1.));
#3935=DIRECTION('ref_axis',(1.,0.,1.00929365874906E-15));
#3936=DIRECTION('center_axis',(-1.00929365874906E-15,1.71069076724781E-15,
1.));
#3937=DIRECTION('ref_axis',(-1.,0.,-1.00929365874906E-15));
#3938=DIRECTION('',(0.,0.,1.));
#3939=DIRECTION('',(-1.,1.22464679914735E-16,0.));
#3940=CARTESIAN_POINT('',(0.,0.,0.));
#3941=CARTESIAN_POINT('',(0.,0.,0.));
#3942=CARTESIAN_POINT('Origin',(49.4999999999187,-2.35467514184928E-12,
-43.4000000000001));
#3943=CARTESIAN_POINT('',(50.5499999999187,-2.35454655393536E-12,-43.4000000000001));
#3944=CARTESIAN_POINT('Origin',(49.4999999999187,-2.35467514184928E-12,
-43.4000000000001));
#3945=CARTESIAN_POINT('',(50.5499999999187,-2.34941448163362E-12,-40.4000000000001));
#3946=CARTESIAN_POINT('',(50.5499999999187,-2.35454655393536E-12,-43.4000000000001));
#3947=CARTESIAN_POINT('Origin',(49.4999999999187,-2.34954306954753E-12,
-40.4000000000001));
#3948=CARTESIAN_POINT('Origin',(49.4999999999187,-2.34950999957688E-12,
-40.4000000000001));
#3949=CARTESIAN_POINT('Origin',(32.2582098186651,23.4199999999977,-35.1347481671168));
#3950=CARTESIAN_POINT('',(33.3396961327857,26.4199999999977,-36.679270690947));
#3951=CARTESIAN_POINT('',(30.8822399999187,23.4199999999976,-38.4000000000002));
#3952=CARTESIAN_POINT('Origin',(33.3396961327857,23.4199999999977,-36.679270690947));
#3953=CARTESIAN_POINT('',(16.8605228502141,23.4199999999977,-18.3749126015477));
#3954=CARTESIAN_POINT('',(29.8007536857981,23.4199999999977,-36.85547747617));
#3955=CARTESIAN_POINT('',(19.3179789830811,26.4199999999977,-16.6541832924946));
#3956=CARTESIAN_POINT('Origin',(19.3179789830811,23.4199999999977,-16.6541832924946));
#3957=CARTESIAN_POINT('',(32.2582098186651,26.4199999999977,-35.1347481671168));
#3958=CARTESIAN_POINT('Origin',(19.3179789830811,26.4199999999977,-16.6541832924946));
#3959=CARTESIAN_POINT('',(17.597249674028,23.4199999999977,-14.1967271596276));
#3960=CARTESIAN_POINT('Origin',(19.3179789830811,23.4199999999977,-16.6541832924946));
#3961=CARTESIAN_POINT('',(16.8605228502141,-23.4200000000023,-18.3749126015476));
#3962=CARTESIAN_POINT('',(16.8605228502141,26.4199999999977,-18.3749126015477));
#3963=CARTESIAN_POINT('',(17.597249674028,-23.4200000000023,-14.1967271596275));
#3964=CARTESIAN_POINT('Origin',(19.3179789830811,-23.4200000000023,-16.6541832924945));
#3965=CARTESIAN_POINT('',(17.597249674028,26.4199999999977,-14.1967271596276));
#3966=CARTESIAN_POINT('Origin',(27.1530230683118,-23.4200000000023,-27.8437858855534));
#3967=CARTESIAN_POINT('',(30.8822399999187,-23.4200000000024,-38.4000000000001));
#3968=CARTESIAN_POINT('',(33.3396961327857,-26.4200000000024,-36.6792706909469));
#3969=CARTESIAN_POINT('Origin',(33.3396961327857,-23.4200000000024,-36.6792706909469));
#3970=CARTESIAN_POINT('',(19.3179789830811,-26.4200000000023,-16.6541832924945));
#3971=CARTESIAN_POINT('',(27.1530230683118,-26.4200000000023,-27.8437858855534));
#3972=CARTESIAN_POINT('Origin',(19.3179789830811,-23.4200000000023,-16.6541832924945));
#3973=CARTESIAN_POINT('',(24.6955669354448,-23.4200000000023,-29.5645151946065));
#3974=CARTESIAN_POINT('Ctrl Pts',(30.8822399999187,-23.4200000000024,-38.4000000000001));
#3975=CARTESIAN_POINT('Ctrl Pts',(30.8822399999187,-23.4200000000024,-38.4000000000001));
#3976=CARTESIAN_POINT('Ctrl Pts',(30.8822399999187,-23.4200000000024,-38.4000000000001));
#3977=CARTESIAN_POINT('Ctrl Pts',(30.8822399999187,-26.4200000000024,-38.4000000000001));
#3978=CARTESIAN_POINT('Ctrl Pts',(30.8822399999187,-26.4200000000024,-38.4000000000001));
#3979=CARTESIAN_POINT('Ctrl Pts',(30.8822399999187,-26.4200000000024,-38.4000000000001));
#3980=CARTESIAN_POINT('Ctrl Pts',(33.8822399999187,-26.4200000000024,-38.4000000000001));
#3981=CARTESIAN_POINT('Ctrl Pts',(33.8822399999187,-26.4200000000024,-37.4541036333631));
#3982=CARTESIAN_POINT('Ctrl Pts',(33.3396961327857,-26.4200000000024,-36.679270690947));
#3983=CARTESIAN_POINT('',(33.8822399999187,-26.4200000000024,-38.4000000000001));
#3984=CARTESIAN_POINT('Origin',(33.8822399999187,-23.4200000000024,-38.4000000000001));
#3985=CARTESIAN_POINT('Origin',(30.8822399999187,-26.4200000000024,-38.4000000000001));
#3986=CARTESIAN_POINT('Origin',(19.3179789830811,-23.4200000000023,-16.6541832924945));
#3987=CARTESIAN_POINT('Origin',(19.3179789830811,-23.4200000000023,-16.6541832924945));
#3988=CARTESIAN_POINT('Origin',(19.3179789830811,23.4199999999977,-16.6541832924946));
#3989=CARTESIAN_POINT('Origin',(19.3179789830811,23.4199999999977,-16.6541832924946));
#3990=CARTESIAN_POINT('Ctrl Pts',(30.8822399999187,23.4199999999977,-38.4000000000002));
#3991=CARTESIAN_POINT('Ctrl Pts',(30.8822399999187,23.4199999999977,-38.4000000000002));
#3992=CARTESIAN_POINT('Ctrl Pts',(30.8822399999187,23.4199999999977,-38.4000000000002));
#3993=CARTESIAN_POINT('Ctrl Pts',(30.8822399999187,26.4199999999977,-38.4000000000002));
#3994=CARTESIAN_POINT('Ctrl Pts',(30.8822399999187,26.4199999999977,-38.4000000000002));
#3995=CARTESIAN_POINT('Ctrl Pts',(30.8822399999187,26.4199999999977,-38.4000000000002));
#3996=CARTESIAN_POINT('Ctrl Pts',(33.3396961327857,26.4199999999977,-36.679270690947));
#3997=CARTESIAN_POINT('Ctrl Pts',(33.8822399999187,26.4199999999977,-37.4541036333632));
#3998=CARTESIAN_POINT('Ctrl Pts',(33.8822399999187,26.4199999999977,-38.4000000000002));
#3999=CARTESIAN_POINT('',(33.8822399999187,26.4199999999977,-38.4000000000002));
#4000=CARTESIAN_POINT('Origin',(33.8822399999187,23.4199999999977,-38.4000000000002));
#4001=CARTESIAN_POINT('Origin',(30.8822399999187,26.4199999999977,-38.4000000000002));
#4002=CARTESIAN_POINT('Origin',(65.0177599999187,26.4199999999976,-43.4000000000001));
#4003=CARTESIAN_POINT('',(21.038198276088,26.4199999999977,-15.4496727761574));
#4004=CARTESIAN_POINT('',(29.2273836478929,26.4199999999977,-9.71554344702299));
#4005=CARTESIAN_POINT('',(37.108190402602,26.4199999999977,-38.4000000000002));
#4006=CARTESIAN_POINT('',(37.108190402602,26.4199999999977,-38.4000000000002));
#4007=CARTESIAN_POINT('',(65.0177599999187,26.4199999999977,-38.4000000000001));
#4008=CARTESIAN_POINT('',(65.0177599999187,26.4199999999977,-38.4000000000001));
#4009=CARTESIAN_POINT('',(65.0177599999187,26.4199999999976,-43.4000000000001));
#4010=CARTESIAN_POINT('',(65.0177599999187,26.4199999999976,-43.4000000000001));
#4011=CARTESIAN_POINT('',(33.9822399999187,26.4199999999976,-43.4000000000002));
#4012=CARTESIAN_POINT('',(65.0177599999187,26.4199999999976,-43.4000000000001));
#4013=CARTESIAN_POINT('',(33.9822399999187,26.4199999999977,-38.4000000000002));
#4014=CARTESIAN_POINT('',(33.9822399999187,26.4199999999976,-43.4000000000002));
#4015=CARTESIAN_POINT('',(30.8822399999187,26.4199999999977,-38.4000000000002));
#4016=CARTESIAN_POINT('Origin',(29.2273836478929,23.4199999999977,-9.71554344702299));
#4017=CARTESIAN_POINT('',(19.3174689670348,23.4199999999977,-12.9922166432904));
#4018=CARTESIAN_POINT('',(27.5066543388398,23.4199999999977,-7.258087314156));
#4019=CARTESIAN_POINT('Origin',(21.038198276088,23.4199999999977,-15.4496727761574));
#4020=CARTESIAN_POINT('Origin',(19.3174689670348,26.4199999999977,-12.9922166432904));
#4021=CARTESIAN_POINT('',(19.3174689670348,-23.4200000000023,-12.9922166432903));
#4022=CARTESIAN_POINT('',(17.094081089193,-23.4200000000023,-14.5490495957193));
#4023=CARTESIAN_POINT('',(19.3174689670348,26.4199999999977,-12.9922166432904));
#4024=CARTESIAN_POINT('Origin',(18.8148103982461,-23.4200000000023,-17.0065057285862));
#4025=CARTESIAN_POINT('',(21.038198276088,-26.4200000000023,-15.4496727761573));
#4026=CARTESIAN_POINT('',(18.8148103982461,-26.4200000000023,-17.0065057285862));
#4027=CARTESIAN_POINT('Origin',(21.038198276088,-23.4200000000023,-15.4496727761573));
#4028=CARTESIAN_POINT('Origin',(22.3574240796954,-21.1200000000023,-17.333722478022));
#4029=CARTESIAN_POINT('',(21.4970594251688,-21.1200000000023,-16.1049944115885));
#4030=CARTESIAN_POINT('',(22.3574240796954,-22.6200000000023,-17.333722478022));
#4031=CARTESIAN_POINT('Origin',(22.3574240796954,-21.1200000000023,-17.333722478022));
#4032=CARTESIAN_POINT('',(21.1286960132619,-22.6200000000023,-18.1940871325486));
#4033=CARTESIAN_POINT('',(22.3574240796954,-22.6200000000023,-17.333722478022));
#4034=CARTESIAN_POINT('',(20.2683313587353,-21.1200000000023,-16.9653590661151));
#4035=CARTESIAN_POINT('Origin',(21.1286960132619,-21.1200000000023,-18.1940871325486));
#4036=CARTESIAN_POINT('',(21.4970594251688,-21.1200000000023,-16.1049944115885));
#4037=CARTESIAN_POINT('Origin',(34.9285999444681,-22.6200000000024,-35.2872222317019));
#4038=CARTESIAN_POINT('',(34.9285999444681,-22.6200000000024,-35.2872222317019));
#4039=CARTESIAN_POINT('',(36.018395173535,-22.6200000000024,-36.843611115851));
#4040=CARTESIAN_POINT('',(33.6998718780346,-22.6200000000024,-36.1475868862285));
#4041=CARTESIAN_POINT('',(34.9285999444681,-22.6200000000024,-35.2872222317019));
#4042=CARTESIAN_POINT('',(26.3244887165813,-22.6200000000023,-25.6144481252394));
#4043=CARTESIAN_POINT('Origin',(22.3574240796954,21.1199999999977,-17.3337224780221));
#4044=CARTESIAN_POINT('',(22.3574240796954,22.6199999999977,-17.3337224780221));
#4045=CARTESIAN_POINT('',(21.4970594251688,21.1199999999977,-16.1049944115886));
#4046=CARTESIAN_POINT('Origin',(22.3574240796953,21.1199999999977,-17.3337224780221));
#4047=CARTESIAN_POINT('',(20.2683313587353,21.1199999999977,-16.9653590661151));
#4048=CARTESIAN_POINT('',(21.4970594251688,21.1199999999977,-16.1049944115886));
#4049=CARTESIAN_POINT('',(21.1286960132619,22.6199999999977,-18.1940871325486));
#4050=CARTESIAN_POINT('Origin',(21.1286960132619,21.1199999999977,-18.1940871325486));
#4051=CARTESIAN_POINT('',(22.3574240796954,22.6199999999977,-17.3337224780221));
#4052=CARTESIAN_POINT('Origin',(21.4970594251688,-22.6200000000023,-16.1049944115885));
#4053=CARTESIAN_POINT('',(20.2683313587353,0.399999999997685,-16.9653590661151));
#4054=CARTESIAN_POINT('',(21.4970594251688,1.89999999999768,-16.1049944115886));
#4055=CARTESIAN_POINT('Origin',(15.139793541161,26.4199999999977,-15.9174564686807));
#4056=CARTESIAN_POINT('',(30.8822399999187,23.3199999999977,-38.4000000000002));
#4057=CARTESIAN_POINT('',(30.8822399999187,26.4199999999977,-38.4000000000002));
#4058=CARTESIAN_POINT('',(30.8822399999187,-23.3200000000024,-38.4000000000001));
#4059=CARTESIAN_POINT('',(30.8822399999187,23.3199999999977,-38.4000000000002));
#4060=CARTESIAN_POINT('',(30.8822399999187,26.4199999999977,-38.4000000000002));
#4061=CARTESIAN_POINT('',(26.4237965668286,-2.33114863210142E-12,-32.0326828978599));
#4062=CARTESIAN_POINT('',(23.5559143850733,4.99999999999766,-27.9369226764149));
#4063=CARTESIAN_POINT('Origin',(26.4237965668286,4.99999999999767,-32.0326828978599));
#4064=CARTESIAN_POINT('',(20.6880322033181,-2.34209207128638E-12,-23.84116245497));
#4065=CARTESIAN_POINT('Origin',(20.6880322033181,4.99999999999765,-23.84116245497));
#4066=CARTESIAN_POINT('',(23.5559143850733,-5.00000000000233,-27.9369226764149));
#4067=CARTESIAN_POINT('Origin',(20.6880322033181,-5.00000000000233,-23.84116245497));
#4068=CARTESIAN_POINT('Origin',(26.4237965668286,-5.00000000000232,-32.0326828978599));
#4069=CARTESIAN_POINT('Origin',(26.4237965668285,4.99999999999767,-32.0326828978599));
#4070=CARTESIAN_POINT('',(27.652524633262,-2.32924790566358E-12,-31.1723182433333));
#4071=CARTESIAN_POINT('',(26.4237965668286,-2.33114863210142E-12,-32.0326828978599));
#4072=CARTESIAN_POINT('',(24.7846424515068,4.99999999999766,-27.0765580218883));
#4073=CARTESIAN_POINT('Origin',(27.652524633262,4.99999999999767,-31.1723182433333));
#4074=CARTESIAN_POINT('',(23.5559143850733,4.99999999999766,-27.9369226764149));
#4075=CARTESIAN_POINT('Origin',(26.4237965668286,-5.00000000000232,-32.0326828978599));
#4076=CARTESIAN_POINT('',(24.7846424515068,-5.00000000000233,-27.0765580218883));
#4077=CARTESIAN_POINT('',(23.5559143850733,-5.00000000000233,-27.9369226764149));
#4078=CARTESIAN_POINT('Origin',(27.652524633262,-5.00000000000232,-31.1723182433333));
#4079=CARTESIAN_POINT('Origin',(20.6880322033181,-5.00000000000233,-23.84116245497));
#4080=CARTESIAN_POINT('',(21.9167602697516,-2.34035013590983E-12,-22.9807978004434));
#4081=CARTESIAN_POINT('',(20.6880322033181,-2.34209207128638E-12,-23.84116245497));
#4082=CARTESIAN_POINT('Origin',(21.9167602697516,-5.00000000000233,-22.9807978004434));
#4083=CARTESIAN_POINT('Origin',(20.6880322033181,4.99999999999765,-23.84116245497));
#4084=CARTESIAN_POINT('Origin',(21.9167602697516,4.99999999999765,-22.9807978004434));
#4085=CARTESIAN_POINT('Origin',(34.9285999444681,22.6199999999977,-35.287222231702));
#4086=CARTESIAN_POINT('',(33.6998718780346,22.6199999999977,-36.1475868862285));
#4087=CARTESIAN_POINT('',(33.6998718780346,23.0199999999977,-36.1475868862285));
#4088=CARTESIAN_POINT('',(34.9285999444681,22.6199999999977,-35.287222231702));
#4089=CARTESIAN_POINT('',(34.9285999444681,24.5199999999977,-35.287222231702));
#4090=CARTESIAN_POINT('',(34.9285999444681,22.6199999999977,-35.287222231702));
#4091=CARTESIAN_POINT('Origin',(21.4970594251688,22.6199999999977,-16.1049944115886));
#4092=CARTESIAN_POINT('',(19.6087184569316,22.6199999999977,-16.0233342151828));
#4093=CARTESIAN_POINT('',(29.3026249138854,22.6199999999977,-27.2524972057944));
#4094=CARTESIAN_POINT('Origin',(17.228886262121,-23.4200000000023,-16.2858198805876));
#4095=CARTESIAN_POINT('',(36.2144395741093,23.4199999999976,-43.4000000000002));
#4096=CARTESIAN_POINT('',(36.2144395741093,-23.4200000000024,-43.4000000000001));
#4097=CARTESIAN_POINT('',(36.2144395741093,-11.7100000000024,-43.4000000000001));
#4098=CARTESIAN_POINT('',(17.228886262121,23.4199999999977,-16.2858198805876));
#4099=CARTESIAN_POINT('',(17.228886262121,23.4199999999977,-16.2858198805876));
#4100=CARTESIAN_POINT('',(17.228886262121,-23.4200000000023,-16.2858198805876));
#4101=CARTESIAN_POINT('',(17.228886262121,23.4199999999977,-16.2858198805876));
#4102=CARTESIAN_POINT('',(17.228886262121,-23.4200000000023,-16.2858198805876));
#4103=CARTESIAN_POINT('Origin',(18.9491055551279,-23.4200000000023,-15.0813093642504));
#4104=CARTESIAN_POINT('',(38.7780662105084,-23.4200000000024,-43.4000000000001));
#4105=CARTESIAN_POINT('',(34.2245527775233,-23.4200000000024,-43.4000000000001));
#4106=CARTESIAN_POINT('',(18.9491055551279,-23.4200000000023,-15.0813093642504));
#4107=CARTESIAN_POINT('',(17.228886262121,-23.4200000000023,-16.2858198805876));
#4108=CARTESIAN_POINT('',(18.9491055551279,-23.4200000000023,-15.0813093642504));
#4109=CARTESIAN_POINT('Origin',(18.9491055551279,23.4199999999977,-15.0813093642504));
#4110=CARTESIAN_POINT('',(38.7780662105084,23.4199999999976,-43.4000000000002));
#4111=CARTESIAN_POINT('',(38.7780662105084,11.7099999999976,-43.4000000000001));
#4112=CARTESIAN_POINT('',(18.9491055551279,23.4199999999977,-15.0813093642504));
#4113=CARTESIAN_POINT('',(18.9491055551279,-23.4200000000023,-15.0813093642504));
#4114=CARTESIAN_POINT('',(18.9491055551279,23.4199999999977,-15.0813093642504));
#4115=CARTESIAN_POINT('Origin',(17.228886262121,23.4199999999977,-16.2858198805876));
#4116=CARTESIAN_POINT('',(33.3644431310198,23.4199999999976,-43.4000000000002));
#4117=CARTESIAN_POINT('',(18.9491055551279,23.4199999999977,-15.0813093642504));
#4118=CARTESIAN_POINT('Origin',(18.0889959086245,-2.31460565977857E-12,
-15.683564622419));
#4119=CARTESIAN_POINT('Origin',(61.4837752012449,-8.3394071581256,-39.4000000000001));
#4120=CARTESIAN_POINT('',(61.4837752012604,6.48620000000506,-38.4000000000001));
#4121=CARTESIAN_POINT('',(61.4837752012604,-8.33939999999494,-38.4000000000001));
#4122=CARTESIAN_POINT('',(61.4837752012489,-4.63300357906108,-38.4000000000001));
#4123=CARTESIAN_POINT('',(61.4837752012604,-8.33939999999494,-39.4000000000001));
#4124=CARTESIAN_POINT('',(61.4837752012449,-8.33939999999666,-39.4000000000001));
#4125=CARTESIAN_POINT('',(61.4837752012604,6.48620000000506,-39.4000000000001));
#4126=CARTESIAN_POINT('',(61.4837752012494,-4.16970357906586,-39.4000000000001));
#4127=CARTESIAN_POINT('',(61.4837752012608,6.48620000000334,-39.4000000000001));
#4128=CARTESIAN_POINT('Origin',(58.2773752012608,6.48620000000477,-39.4000000000001));
#4129=CARTESIAN_POINT('',(58.2773752012608,-8.33939974374507,-38.4000000000001));
#4130=CARTESIAN_POINT('',(58.2773752012608,6.48620000000477,-38.4000000000001));
#4131=CARTESIAN_POINT('',(58.2773752012608,2.77980000000496,-38.4000000000001));
#4132=CARTESIAN_POINT('',(58.2773752012608,6.48620000000477,-39.4000000000001));
#4133=CARTESIAN_POINT('',(58.2773752012608,6.48620000000505,-39.4000000000001));
#4134=CARTESIAN_POINT('',(58.2773752012608,-8.33939974374507,-39.4000000000001));
#4135=CARTESIAN_POINT('',(58.2773752012608,3.24310000000491,-39.4000000000001));
#4136=CARTESIAN_POINT('',(58.2773752012608,-8.33939999999495,-39.4000000000001));
#4137=CARTESIAN_POINT('Origin',(59.8805752012604,6.48620000000506,-39.4000000000001));
#4138=CARTESIAN_POINT('Origin',(59.8805752012604,6.48620000000506,-39.4000000000001));
#4139=CARTESIAN_POINT('Origin',(59.8805752012604,6.48620000000506,-38.4000000000001));
#4140=CARTESIAN_POINT('Origin',(59.8805752012604,21.3118000000051,-39.4000000000001));
#4141=CARTESIAN_POINT('',(61.4837752012604,21.3118000000051,-38.4000000000001));
#4142=CARTESIAN_POINT('Origin',(59.8805752012604,21.3118000000051,-38.4000000000001));
#4143=CARTESIAN_POINT('',(61.4837752012604,21.3118000000051,-39.4000000000001));
#4144=CARTESIAN_POINT('',(61.4837752012604,21.3118000000051,-39.4000000000001));
#4145=CARTESIAN_POINT('Origin',(59.8805752012604,21.3118000000051,-39.4000000000001));
#4146=CARTESIAN_POINT('Origin',(59.8805752012604,21.3118000000051,-38.4000000000001));
#4147=CARTESIAN_POINT('Origin',(52.8264952012604,21.3118000000051,-39.4000000000001));
#4148=CARTESIAN_POINT('',(54.4296952012604,21.3118000000051,-38.4000000000001));
#4149=CARTESIAN_POINT('Origin',(52.8264952012604,21.3118000000051,-38.4000000000001));
#4150=CARTESIAN_POINT('',(54.4296952012604,21.3118000000051,-39.4000000000001));
#4151=CARTESIAN_POINT('',(54.4296952012604,21.3118000000051,-39.4000000000001));
#4152=CARTESIAN_POINT('Origin',(52.8264952012604,21.3118000000051,-39.4000000000001));
#4153=CARTESIAN_POINT('Origin',(52.8264952012604,21.3118000000051,-38.4000000000001));
#4154=CARTESIAN_POINT('Origin',(45.7724152012604,21.3118000000051,-39.4000000000001));
#4155=CARTESIAN_POINT('',(47.3756152012604,21.3118000000051,-38.4000000000001));
#4156=CARTESIAN_POINT('Origin',(45.7724152012604,21.3118000000051,-38.4000000000001));
#4157=CARTESIAN_POINT('',(47.3756152012604,21.3118000000051,-39.4000000000001));
#4158=CARTESIAN_POINT('',(47.3756152012604,21.3118000000051,-39.4000000000001));
#4159=CARTESIAN_POINT('Origin',(45.7724152012604,21.3118000000051,-39.4000000000001));
#4160=CARTESIAN_POINT('Origin',(45.7724152012604,21.3118000000051,-38.4000000000001));
#4161=CARTESIAN_POINT('Origin',(59.8805752012604,17.6054000000051,-39.4000000000001));
#4162=CARTESIAN_POINT('',(61.4837752012604,17.6054000000051,-38.4000000000001));
#4163=CARTESIAN_POINT('Origin',(59.8805752012604,17.6054000000051,-38.4000000000001));
#4164=CARTESIAN_POINT('',(61.4837752012604,17.6054000000051,-39.4000000000001));
#4165=CARTESIAN_POINT('',(61.4837752012604,17.6054000000051,-39.4000000000001));
#4166=CARTESIAN_POINT('Origin',(59.8805752012604,17.6054000000051,-39.4000000000001));
#4167=CARTESIAN_POINT('Origin',(59.8805752012604,17.6054000000051,-38.4000000000001));
#4168=CARTESIAN_POINT('Origin',(52.8264952012604,17.6054000000051,-39.4000000000001));
#4169=CARTESIAN_POINT('',(54.4296952012604,17.6054000000051,-38.4000000000001));
#4170=CARTESIAN_POINT('Origin',(52.8264952012604,17.6054000000051,-38.4000000000001));
#4171=CARTESIAN_POINT('',(54.4296952012604,17.6054000000051,-39.4000000000001));
#4172=CARTESIAN_POINT('',(54.4296952012604,17.6054000000051,-39.4000000000001));
#4173=CARTESIAN_POINT('Origin',(52.8264952012604,17.6054000000051,-39.4000000000001));
#4174=CARTESIAN_POINT('Origin',(52.8264952012604,17.6054000000051,-38.4000000000001));
#4175=CARTESIAN_POINT('Origin',(45.7724152012604,17.6054000000051,-39.4000000000001));
#4176=CARTESIAN_POINT('',(47.3756152012604,17.6054000000051,-38.4000000000001));
#4177=CARTESIAN_POINT('Origin',(45.7724152012604,17.6054000000051,-38.4000000000001));
#4178=CARTESIAN_POINT('',(47.3756152012604,17.6054000000051,-39.4000000000001));
#4179=CARTESIAN_POINT('',(47.3756152012604,17.6054000000051,-39.4000000000001));
#4180=CARTESIAN_POINT('Origin',(45.7724152012604,17.6054000000051,-39.4000000000001));
#4181=CARTESIAN_POINT('Origin',(45.7724152012604,17.6054000000051,-38.4000000000001));
#4182=CARTESIAN_POINT('Origin',(59.8805752012604,13.8990000000051,-39.4000000000001));
#4183=CARTESIAN_POINT('',(61.4837752012604,13.8990000000051,-38.4000000000001));
#4184=CARTESIAN_POINT('Origin',(59.8805752012604,13.8990000000051,-38.4000000000001));
#4185=CARTESIAN_POINT('',(61.4837752012604,13.8990000000051,-39.4000000000001));
#4186=CARTESIAN_POINT('',(61.4837752012604,13.8990000000051,-39.4000000000001));
#4187=CARTESIAN_POINT('Origin',(59.8805752012604,13.8990000000051,-39.4000000000001));
#4188=CARTESIAN_POINT('Origin',(59.8805752012604,13.8990000000051,-38.4000000000001));
#4189=CARTESIAN_POINT('Origin',(52.8264952012604,13.8990000000051,-39.4000000000001));
#4190=CARTESIAN_POINT('',(54.4296952012604,13.8990000000051,-38.4000000000001));
#4191=CARTESIAN_POINT('Origin',(52.8264952012604,13.8990000000051,-38.4000000000001));
#4192=CARTESIAN_POINT('',(54.4296952012604,13.8990000000051,-39.4000000000001));
#4193=CARTESIAN_POINT('',(54.4296952012604,13.8990000000051,-39.4000000000001));
#4194=CARTESIAN_POINT('Origin',(52.8264952012604,13.8990000000051,-39.4000000000001));
#4195=CARTESIAN_POINT('Origin',(52.8264952012604,13.8990000000051,-38.4000000000001));
#4196=CARTESIAN_POINT('Origin',(45.7724152012604,13.8990000000051,-39.4000000000001));
#4197=CARTESIAN_POINT('',(47.3756152012604,13.8990000000051,-38.4000000000001));
#4198=CARTESIAN_POINT('Origin',(45.7724152012604,13.8990000000051,-38.4000000000001));
#4199=CARTESIAN_POINT('',(47.3756152012604,13.8990000000051,-39.4000000000001));
#4200=CARTESIAN_POINT('',(47.3756152012604,13.8990000000051,-39.4000000000001));
#4201=CARTESIAN_POINT('Origin',(45.7724152012604,13.8990000000051,-39.4000000000001));
#4202=CARTESIAN_POINT('Origin',(45.7724152012604,13.8990000000051,-38.4000000000001));
#4203=CARTESIAN_POINT('Origin',(59.8805752012604,10.1926000000051,-39.4000000000001));
#4204=CARTESIAN_POINT('',(61.4837752012604,10.1926000000051,-38.4000000000001));
#4205=CARTESIAN_POINT('Origin',(59.8805752012604,10.1926000000051,-38.4000000000001));
#4206=CARTESIAN_POINT('',(61.4837752012604,10.1926000000051,-39.4000000000001));
#4207=CARTESIAN_POINT('',(61.4837752012604,10.1926000000051,-39.4000000000001));
#4208=CARTESIAN_POINT('Origin',(59.8805752012604,10.1926000000051,-39.4000000000001));
#4209=CARTESIAN_POINT('Origin',(59.8805752012604,10.1926000000051,-38.4000000000001));
#4210=CARTESIAN_POINT('Origin',(52.8264952012604,10.1926000000051,-39.4000000000001));
#4211=CARTESIAN_POINT('',(54.4296952012604,10.1926000000051,-38.4000000000001));
#4212=CARTESIAN_POINT('Origin',(52.8264952012604,10.1926000000051,-38.4000000000001));
#4213=CARTESIAN_POINT('',(54.4296952012604,10.1926000000051,-39.4000000000001));
#4214=CARTESIAN_POINT('',(54.4296952012604,10.1926000000051,-39.4000000000001));
#4215=CARTESIAN_POINT('Origin',(52.8264952012604,10.1926000000051,-39.4000000000001));
#4216=CARTESIAN_POINT('Origin',(52.8264952012604,10.1926000000051,-38.4000000000001));
#4217=CARTESIAN_POINT('Origin',(45.7724152012604,10.1926000000051,-39.4000000000001));
#4218=CARTESIAN_POINT('',(47.3756152012604,10.1926000000051,-38.4000000000001));
#4219=CARTESIAN_POINT('Origin',(45.7724152012604,10.1926000000051,-38.4000000000001));
#4220=CARTESIAN_POINT('',(47.3756152012604,10.1926000000051,-39.4000000000001));
#4221=CARTESIAN_POINT('',(47.3756152012604,10.1926000000051,-39.4000000000001));
#4222=CARTESIAN_POINT('Origin',(45.7724152012604,10.1926000000051,-39.4000000000001));
#4223=CARTESIAN_POINT('Origin',(45.7724152012604,10.1926000000051,-38.4000000000001));
#4224=CARTESIAN_POINT('Origin',(59.8805752012604,6.48620000000506,-38.4000000000001));
#4225=CARTESIAN_POINT('Origin',(59.8805752012604,-8.33939999999494,-38.4000000000001));
#4226=CARTESIAN_POINT('Origin',(52.8264952012604,6.48620000000506,-39.4000000000001));
#4227=CARTESIAN_POINT('',(54.4296952012604,6.48620000000506,-38.4000000000001));
#4228=CARTESIAN_POINT('Origin',(52.8264952012604,6.48620000000506,-38.4000000000001));
#4229=CARTESIAN_POINT('',(54.4296952012604,6.48620000000506,-39.4000000000001));
#4230=CARTESIAN_POINT('',(54.4296952012604,6.48620000000506,-39.4000000000001));
#4231=CARTESIAN_POINT('Origin',(52.8264952012604,6.48620000000506,-39.4000000000001));
#4232=CARTESIAN_POINT('Origin',(52.8264952012604,6.48620000000506,-38.4000000000001));
#4233=CARTESIAN_POINT('Origin',(45.7724152012604,6.48620000000506,-39.4000000000001));
#4234=CARTESIAN_POINT('',(47.3756152012604,6.48620000000506,-38.4000000000001));
#4235=CARTESIAN_POINT('Origin',(45.7724152012604,6.48620000000506,-38.4000000000001));
#4236=CARTESIAN_POINT('',(47.3756152012604,6.48620000000506,-39.4000000000001));
#4237=CARTESIAN_POINT('',(47.3756152012604,6.48620000000506,-39.4000000000001));
#4238=CARTESIAN_POINT('Origin',(45.7724152012604,6.48620000000506,-39.4000000000001));
#4239=CARTESIAN_POINT('Origin',(45.7724152012604,6.48620000000506,-38.4000000000001));
#4240=CARTESIAN_POINT('Origin',(52.8264952012604,2.77980000000505,-39.4000000000001));
#4241=CARTESIAN_POINT('',(54.4296952012604,2.77980000000505,-38.4000000000001));
#4242=CARTESIAN_POINT('Origin',(52.8264952012604,2.77980000000505,-38.4000000000001));
#4243=CARTESIAN_POINT('',(54.4296952012604,2.77980000000505,-39.4000000000001));
#4244=CARTESIAN_POINT('',(54.4296952012604,2.77980000000505,-39.4000000000001));
#4245=CARTESIAN_POINT('Origin',(52.8264952012604,2.77980000000505,-39.4000000000001));
#4246=CARTESIAN_POINT('Origin',(52.8264952012604,2.77980000000505,-38.4000000000001));
#4247=CARTESIAN_POINT('Origin',(45.7724152012604,2.77980000000505,-39.4000000000001));
#4248=CARTESIAN_POINT('',(47.3756152012604,2.77980000000505,-38.4000000000001));
#4249=CARTESIAN_POINT('Origin',(45.7724152012604,2.77980000000505,-38.4000000000001));
#4250=CARTESIAN_POINT('',(47.3756152012604,2.77980000000505,-39.4000000000001));
#4251=CARTESIAN_POINT('',(47.3756152012604,2.77980000000505,-39.4000000000001));
#4252=CARTESIAN_POINT('Origin',(45.7724152012604,2.77980000000505,-39.4000000000001));
#4253=CARTESIAN_POINT('Origin',(45.7724152012604,2.77980000000505,-38.4000000000001));
#4254=CARTESIAN_POINT('Origin',(52.8264952012604,-0.926599999994944,-39.4000000000001));
#4255=CARTESIAN_POINT('',(54.4296952012604,-0.926599999994946,-38.4000000000001));
#4256=CARTESIAN_POINT('Origin',(52.8264952012604,-0.926599999994944,-38.4000000000001));
#4257=CARTESIAN_POINT('',(54.4296952012604,-0.926599999994944,-39.4000000000001));
#4258=CARTESIAN_POINT('',(54.4296952012604,-0.926599999994944,-39.4000000000001));
#4259=CARTESIAN_POINT('Origin',(52.8264952012604,-0.926599999994944,-39.4000000000001));
#4260=CARTESIAN_POINT('Origin',(52.8264952012604,-0.926599999994946,-38.4000000000001));
#4261=CARTESIAN_POINT('Origin',(52.8264952012604,-4.63299999999494,-39.4000000000001));
#4262=CARTESIAN_POINT('',(54.4296952012604,-4.63299999999494,-38.4000000000001));
#4263=CARTESIAN_POINT('Origin',(52.8264952012604,-4.63299999999494,-38.4000000000001));
#4264=CARTESIAN_POINT('',(54.4296952012604,-4.63299999999494,-39.4000000000001));
#4265=CARTESIAN_POINT('',(54.4296952012604,-4.63299999999494,-39.4000000000001));
#4266=CARTESIAN_POINT('Origin',(52.8264952012604,-4.63299999999494,-39.4000000000001));
#4267=CARTESIAN_POINT('Origin',(52.8264952012604,-4.63299999999494,-38.4000000000001));
#4268=CARTESIAN_POINT('Origin',(45.7724152012604,-4.63299999999494,-39.4000000000001));
#4269=CARTESIAN_POINT('',(47.3756152012604,-4.63299999999494,-38.4000000000001));
#4270=CARTESIAN_POINT('Origin',(45.7724152012604,-4.63299999999494,-38.4000000000001));
#4271=CARTESIAN_POINT('',(47.3756152012604,-4.63299999999494,-39.4000000000001));
#4272=CARTESIAN_POINT('',(47.3756152012604,-4.63299999999494,-39.4000000000001));
#4273=CARTESIAN_POINT('Origin',(45.7724152012604,-4.63299999999494,-39.4000000000001));
#4274=CARTESIAN_POINT('Origin',(45.7724152012604,-4.63299999999494,-38.4000000000001));
#4275=CARTESIAN_POINT('Origin',(59.8805752012604,-8.33939999999494,-39.4000000000001));
#4276=CARTESIAN_POINT('Origin',(59.8805752012604,-8.33939999999494,-39.4000000000001));
#4277=CARTESIAN_POINT('Origin',(52.8264952012604,-8.33939999999494,-39.4000000000001));
#4278=CARTESIAN_POINT('',(54.4296952012604,-8.33939999999494,-38.4000000000001));
#4279=CARTESIAN_POINT('Origin',(52.8264952012604,-8.33939999999494,-38.4000000000001));
#4280=CARTESIAN_POINT('',(54.4296952012604,-8.33939999999494,-39.4000000000001));
#4281=CARTESIAN_POINT('',(54.4296952012604,-8.33939999999494,-39.4000000000001));
#4282=CARTESIAN_POINT('Origin',(52.8264952012604,-8.33939999999494,-39.4000000000001));
#4283=CARTESIAN_POINT('Origin',(52.8264952012604,-8.33939999999494,-38.4000000000001));
#4284=CARTESIAN_POINT('Origin',(45.7724152012604,-8.33939999999494,-39.4000000000001));
#4285=CARTESIAN_POINT('',(47.3756152012604,-8.33939999999494,-38.4000000000001));
#4286=CARTESIAN_POINT('Origin',(45.7724152012604,-8.33939999999494,-38.4000000000001));
#4287=CARTESIAN_POINT('',(47.3756152012604,-8.33939999999494,-39.4000000000001));
#4288=CARTESIAN_POINT('',(47.3756152012604,-8.33939999999494,-39.4000000000001));
#4289=CARTESIAN_POINT('Origin',(45.7724152012604,-8.33939999999494,-39.4000000000001));
#4290=CARTESIAN_POINT('Origin',(45.7724152012604,-8.33939999999494,-38.4000000000001));
#4291=CARTESIAN_POINT('Origin',(59.8805752012604,-12.0457999999949,-39.4000000000001));
#4292=CARTESIAN_POINT('',(61.4837752012604,-12.0457999999949,-38.4000000000001));
#4293=CARTESIAN_POINT('Origin',(59.8805752012604,-12.0457999999949,-38.4000000000001));
#4294=CARTESIAN_POINT('',(61.4837752012604,-12.0457999999949,-39.4000000000001));
#4295=CARTESIAN_POINT('',(61.4837752012604,-12.0457999999949,-39.4000000000001));
#4296=CARTESIAN_POINT('Origin',(59.8805752012604,-12.0457999999949,-39.4000000000001));
#4297=CARTESIAN_POINT('Origin',(59.8805752012604,-12.0457999999949,-38.4000000000001));
#4298=CARTESIAN_POINT('Origin',(52.8264952012604,-12.0457999999949,-39.4000000000001));
#4299=CARTESIAN_POINT('',(54.4296952012604,-12.0457999999949,-38.4000000000001));
#4300=CARTESIAN_POINT('Origin',(52.8264952012604,-12.0457999999949,-38.4000000000001));
#4301=CARTESIAN_POINT('',(54.4296952012604,-12.0457999999949,-39.4000000000001));
#4302=CARTESIAN_POINT('',(54.4296952012604,-12.0457999999949,-39.4000000000001));
#4303=CARTESIAN_POINT('Origin',(52.8264952012604,-12.0457999999949,-39.4000000000001));
#4304=CARTESIAN_POINT('Origin',(52.8264952012604,-12.0457999999949,-38.4000000000001));
#4305=CARTESIAN_POINT('Origin',(45.7724152012604,-12.0457999999949,-39.4000000000001));
#4306=CARTESIAN_POINT('',(47.3756152012604,-12.0457999999949,-38.4000000000001));
#4307=CARTESIAN_POINT('Origin',(45.7724152012604,-12.0457999999949,-38.4000000000001));
#4308=CARTESIAN_POINT('',(47.3756152012604,-12.0457999999949,-39.4000000000001));
#4309=CARTESIAN_POINT('',(47.3756152012604,-12.0457999999949,-39.4000000000001));
#4310=CARTESIAN_POINT('Origin',(45.7724152012604,-12.0457999999949,-39.4000000000001));
#4311=CARTESIAN_POINT('Origin',(45.7724152012604,-12.0457999999949,-38.4000000000001));
#4312=CARTESIAN_POINT('Origin',(59.8805752012604,-15.7521999999949,-39.4000000000001));
#4313=CARTESIAN_POINT('',(61.4837752012604,-15.7521999999949,-38.4000000000001));
#4314=CARTESIAN_POINT('Origin',(59.8805752012604,-15.7521999999949,-38.4000000000001));
#4315=CARTESIAN_POINT('',(61.4837752012604,-15.7521999999949,-39.4000000000001));
#4316=CARTESIAN_POINT('',(61.4837752012604,-15.7521999999949,-39.4000000000001));
#4317=CARTESIAN_POINT('Origin',(59.8805752012604,-15.7521999999949,-39.4000000000001));
#4318=CARTESIAN_POINT('Origin',(59.8805752012604,-15.7521999999949,-38.4000000000001));
#4319=CARTESIAN_POINT('Origin',(52.8264952012604,-15.7521999999949,-39.4000000000001));
#4320=CARTESIAN_POINT('',(54.4296952012604,-15.7521999999949,-38.4000000000001));
#4321=CARTESIAN_POINT('Origin',(52.8264952012604,-15.7521999999949,-38.4000000000001));
#4322=CARTESIAN_POINT('',(54.4296952012604,-15.7521999999949,-39.4000000000001));
#4323=CARTESIAN_POINT('',(54.4296952012604,-15.7521999999949,-39.4000000000001));
#4324=CARTESIAN_POINT('Origin',(52.8264952012604,-15.7521999999949,-39.4000000000001));
#4325=CARTESIAN_POINT('Origin',(52.8264952012604,-15.7521999999949,-38.4000000000001));
#4326=CARTESIAN_POINT('Origin',(45.7724152012604,-15.7521999999949,-39.4000000000001));
#4327=CARTESIAN_POINT('',(47.3756152012604,-15.7521999999949,-38.4000000000001));
#4328=CARTESIAN_POINT('Origin',(45.7724152012604,-15.7521999999949,-38.4000000000001));
#4329=CARTESIAN_POINT('',(47.3756152012604,-15.7521999999949,-39.4000000000001));
#4330=CARTESIAN_POINT('',(47.3756152012604,-15.7521999999949,-39.4000000000001));
#4331=CARTESIAN_POINT('Origin',(45.7724152012604,-15.7521999999949,-39.4000000000001));
#4332=CARTESIAN_POINT('Origin',(45.7724152012604,-15.7521999999949,-38.4000000000001));
#4333=CARTESIAN_POINT('Origin',(59.8805752012604,-19.4585999999949,-39.4000000000001));
#4334=CARTESIAN_POINT('',(61.4837752012604,-19.4585999999949,-38.4000000000001));
#4335=CARTESIAN_POINT('Origin',(59.8805752012604,-19.4585999999949,-38.4000000000001));
#4336=CARTESIAN_POINT('',(61.4837752012604,-19.4585999999949,-39.4000000000001));
#4337=CARTESIAN_POINT('',(61.4837752012604,-19.4585999999949,-39.4000000000001));
#4338=CARTESIAN_POINT('Origin',(59.8805752012604,-19.4585999999949,-39.4000000000001));
#4339=CARTESIAN_POINT('Origin',(59.8805752012604,-19.4585999999949,-38.4000000000001));
#4340=CARTESIAN_POINT('Origin',(52.8264952012604,-19.4585999999949,-39.4000000000001));
#4341=CARTESIAN_POINT('',(54.4296952012604,-19.4585999999949,-38.4000000000001));
#4342=CARTESIAN_POINT('Origin',(52.8264952012604,-19.4585999999949,-38.4000000000001));
#4343=CARTESIAN_POINT('',(54.4296952012604,-19.4585999999949,-39.4000000000001));
#4344=CARTESIAN_POINT('',(54.4296952012604,-19.4585999999949,-39.4000000000001));
#4345=CARTESIAN_POINT('Origin',(52.8264952012604,-19.4585999999949,-39.4000000000001));
#4346=CARTESIAN_POINT('Origin',(52.8264952012604,-19.4585999999949,-38.4000000000001));
#4347=CARTESIAN_POINT('Origin',(45.7724152012604,-19.4585999999949,-39.4000000000001));
#4348=CARTESIAN_POINT('',(47.3756152012604,-19.4585999999949,-38.4000000000001));
#4349=CARTESIAN_POINT('Origin',(45.7724152012604,-19.4585999999949,-38.4000000000001));
#4350=CARTESIAN_POINT('',(47.3756152012604,-19.4585999999949,-39.4000000000001));
#4351=CARTESIAN_POINT('',(47.3756152012604,-19.4585999999949,-39.4000000000001));
#4352=CARTESIAN_POINT('Origin',(45.7724152012604,-19.4585999999949,-39.4000000000001));
#4353=CARTESIAN_POINT('Origin',(45.7724152012604,-19.4585999999949,-38.4000000000001));
#4354=CARTESIAN_POINT('Origin',(45.7724152012604,-0.926599999994945,-39.4000000000001));
#4355=CARTESIAN_POINT('',(47.3756152012604,-0.926599999994945,-38.4000000000001));
#4356=CARTESIAN_POINT('Origin',(45.7724152012604,-0.926599999994945,-38.4000000000001));
#4357=CARTESIAN_POINT('',(47.3756152012604,-0.926599999994945,-39.4000000000001));
#4358=CARTESIAN_POINT('',(47.3756152012604,-0.926599999994945,-39.4000000000001));
#4359=CARTESIAN_POINT('Origin',(45.7724152012604,-0.926599999994945,-39.4000000000001));
#4360=CARTESIAN_POINT('Origin',(45.7724152012604,-0.926599999994945,-38.4000000000001));
#4361=CARTESIAN_POINT('Origin',(56.3535352012604,-21.311799999995,-39.4000000000001));
#4362=CARTESIAN_POINT('',(57.9567352012604,-21.311799999995,-38.4000000000001));
#4363=CARTESIAN_POINT('Origin',(56.3535352012604,-21.311799999995,-38.4000000000001));
#4364=CARTESIAN_POINT('',(57.9567352012604,-21.311799999995,-39.4000000000001));
#4365=CARTESIAN_POINT('',(57.9567352012604,-21.311799999995,-39.4000000000001));
#4366=CARTESIAN_POINT('Origin',(56.3535352012604,-21.311799999995,-39.4000000000001));
#4367=CARTESIAN_POINT('Origin',(56.3535352012604,-21.311799999995,-38.4000000000001));
#4368=CARTESIAN_POINT('Origin',(56.3535352012604,-17.605399999995,-39.4000000000001));
#4369=CARTESIAN_POINT('',(57.9567352012604,-17.605399999995,-38.4000000000001));
#4370=CARTESIAN_POINT('Origin',(56.3535352012604,-17.605399999995,-38.4000000000001));
#4371=CARTESIAN_POINT('',(57.9567352012604,-17.605399999995,-39.4000000000001));
#4372=CARTESIAN_POINT('',(57.9567352012604,-17.605399999995,-39.4000000000001));
#4373=CARTESIAN_POINT('Origin',(56.3535352012604,-17.605399999995,-39.4000000000001));
#4374=CARTESIAN_POINT('Origin',(56.3535352012604,-17.605399999995,-38.4000000000001));
#4375=CARTESIAN_POINT('Origin',(56.3535352012604,-13.898999999995,-39.4000000000001));
#4376=CARTESIAN_POINT('',(57.9567352012604,-13.898999999995,-38.4000000000001));
#4377=CARTESIAN_POINT('Origin',(56.3535352012604,-13.898999999995,-38.4000000000001));
#4378=CARTESIAN_POINT('',(57.9567352012604,-13.898999999995,-39.4000000000001));
#4379=CARTESIAN_POINT('',(57.9567352012604,-13.898999999995,-39.4000000000001));
#4380=CARTESIAN_POINT('Origin',(56.3535352012604,-13.898999999995,-39.4000000000001));
#4381=CARTESIAN_POINT('Origin',(56.3535352012604,-13.898999999995,-38.4000000000001));
#4382=CARTESIAN_POINT('Origin',(56.3535352012604,-10.192599999995,-39.4000000000001));
#4383=CARTESIAN_POINT('',(57.9567352012604,-10.192599999995,-38.4000000000001));
#4384=CARTESIAN_POINT('Origin',(56.3535352012604,-10.192599999995,-38.4000000000001));
#4385=CARTESIAN_POINT('',(57.9567352012604,-10.192599999995,-39.4000000000001));
#4386=CARTESIAN_POINT('',(57.9567352012604,-10.192599999995,-39.4000000000001));
#4387=CARTESIAN_POINT('Origin',(56.3535352012604,-10.192599999995,-39.4000000000001));
#4388=CARTESIAN_POINT('Origin',(56.3535352012604,-10.192599999995,-38.4000000000001));
#4389=CARTESIAN_POINT('Origin',(56.3535352012604,-6.48619999999495,-39.4000000000001));
#4390=CARTESIAN_POINT('',(57.9567352012604,-6.48619999999495,-38.4000000000001));
#4391=CARTESIAN_POINT('Origin',(56.3535352012604,-6.48619999999495,-38.4000000000001));
#4392=CARTESIAN_POINT('',(57.9567352012604,-6.48619999999495,-39.4000000000001));
#4393=CARTESIAN_POINT('',(57.9567352012604,-6.48619999999495,-39.4000000000001));
#4394=CARTESIAN_POINT('Origin',(56.3535352012604,-6.48619999999495,-39.4000000000001));
#4395=CARTESIAN_POINT('Origin',(56.3535352012604,-6.48619999999495,-38.4000000000001));
#4396=CARTESIAN_POINT('Origin',(56.3535352012604,-2.77979999999495,-39.4000000000001));
#4397=CARTESIAN_POINT('',(57.9567352012604,-2.77979999999495,-38.4000000000001));
#4398=CARTESIAN_POINT('Origin',(56.3535352012604,-2.77979999999495,-38.4000000000001));
#4399=CARTESIAN_POINT('',(57.9567352012604,-2.77979999999495,-39.4000000000001));
#4400=CARTESIAN_POINT('',(57.9567352012604,-2.77979999999495,-39.4000000000001));
#4401=CARTESIAN_POINT('Origin',(56.3535352012604,-2.77979999999495,-39.4000000000001));
#4402=CARTESIAN_POINT('Origin',(56.3535352012604,-2.77979999999495,-38.4000000000001));
#4403=CARTESIAN_POINT('Origin',(56.3535352012604,0.926600000005051,-39.4000000000001));
#4404=CARTESIAN_POINT('',(57.9567352012604,0.926600000005051,-38.4000000000001));
#4405=CARTESIAN_POINT('Origin',(56.3535352012604,0.926600000005051,-38.4000000000001));
#4406=CARTESIAN_POINT('',(57.9567352012604,0.926600000005051,-39.4000000000001));
#4407=CARTESIAN_POINT('',(57.9567352012604,0.926600000005051,-39.4000000000001));
#4408=CARTESIAN_POINT('Origin',(56.3535352012604,0.926600000005051,-39.4000000000001));
#4409=CARTESIAN_POINT('Origin',(56.3535352012604,0.926600000005051,-38.4000000000001));
#4410=CARTESIAN_POINT('Origin',(56.3535352012604,4.63300000000505,-39.4000000000001));
#4411=CARTESIAN_POINT('',(57.9567352012604,4.63300000000505,-38.4000000000001));
#4412=CARTESIAN_POINT('Origin',(56.3535352012604,4.63300000000505,-38.4000000000001));
#4413=CARTESIAN_POINT('',(57.9567352012604,4.63300000000505,-39.4000000000001));
#4414=CARTESIAN_POINT('',(57.9567352012604,4.63300000000505,-39.4000000000001));
#4415=CARTESIAN_POINT('Origin',(56.3535352012604,4.63300000000505,-39.4000000000001));
#4416=CARTESIAN_POINT('Origin',(56.3535352012604,4.63300000000505,-38.4000000000001));
#4417=CARTESIAN_POINT('Origin',(56.3535352012604,8.33940000000505,-39.4000000000001));
#4418=CARTESIAN_POINT('',(57.9567352012604,8.33940000000505,-38.4000000000001));
#4419=CARTESIAN_POINT('Origin',(56.3535352012604,8.33940000000505,-38.4000000000001));
#4420=CARTESIAN_POINT('',(57.9567352012604,8.33940000000505,-39.4000000000001));
#4421=CARTESIAN_POINT('',(57.9567352012604,8.33940000000505,-39.4000000000001));
#4422=CARTESIAN_POINT('Origin',(56.3535352012604,8.33940000000505,-39.4000000000001));
#4423=CARTESIAN_POINT('Origin',(56.3535352012604,8.33940000000505,-38.4000000000001));
#4424=CARTESIAN_POINT('Origin',(56.3535352012604,12.0458000000051,-39.4000000000001));
#4425=CARTESIAN_POINT('',(57.9567352012604,12.0458000000051,-38.4000000000001));
#4426=CARTESIAN_POINT('Origin',(56.3535352012604,12.0458000000051,-38.4000000000001));
#4427=CARTESIAN_POINT('',(57.9567352012604,12.0458000000051,-39.4000000000001));
#4428=CARTESIAN_POINT('',(57.9567352012604,12.0458000000051,-39.4000000000001));
#4429=CARTESIAN_POINT('Origin',(56.3535352012604,12.0458000000051,-39.4000000000001));
#4430=CARTESIAN_POINT('Origin',(56.3535352012604,12.0458000000051,-38.4000000000001));
#4431=CARTESIAN_POINT('Origin',(56.3535352012604,15.7522000000051,-39.4000000000001));
#4432=CARTESIAN_POINT('',(57.9567352012604,15.7522000000051,-38.4000000000001));
#4433=CARTESIAN_POINT('Origin',(56.3535352012604,15.7522000000051,-38.4000000000001));
#4434=CARTESIAN_POINT('',(57.9567352012604,15.7522000000051,-39.4000000000001));
#4435=CARTESIAN_POINT('',(57.9567352012604,15.7522000000051,-39.4000000000001));
#4436=CARTESIAN_POINT('Origin',(56.3535352012604,15.7522000000051,-39.4000000000001));
#4437=CARTESIAN_POINT('Origin',(56.3535352012604,15.7522000000051,-38.4000000000001));
#4438=CARTESIAN_POINT('Origin',(56.3535352012604,19.4586000000051,-39.4000000000001));
#4439=CARTESIAN_POINT('',(57.9567352012604,19.4586000000051,-38.4000000000001));
#4440=CARTESIAN_POINT('Origin',(56.3535352012604,19.4586000000051,-38.4000000000001));
#4441=CARTESIAN_POINT('',(57.9567352012604,19.4586000000051,-39.4000000000001));
#4442=CARTESIAN_POINT('',(57.9567352012604,19.4586000000051,-39.4000000000001));
#4443=CARTESIAN_POINT('Origin',(56.3535352012604,19.4586000000051,-39.4000000000001));
#4444=CARTESIAN_POINT('Origin',(56.3535352012604,19.4586000000051,-38.4000000000001));
#4445=CARTESIAN_POINT('Origin',(49.2994552012604,-21.311799999995,-39.4000000000001));
#4446=CARTESIAN_POINT('',(50.9026552012604,-21.311799999995,-38.4000000000001));
#4447=CARTESIAN_POINT('Origin',(49.2994552012604,-21.311799999995,-38.4000000000001));
#4448=CARTESIAN_POINT('',(50.9026552012604,-21.311799999995,-39.4000000000001));
#4449=CARTESIAN_POINT('',(50.9026552012604,-21.311799999995,-39.4000000000001));
#4450=CARTESIAN_POINT('Origin',(49.2994552012604,-21.311799999995,-39.4000000000001));
#4451=CARTESIAN_POINT('Origin',(49.2994552012604,-21.311799999995,-38.4000000000001));
#4452=CARTESIAN_POINT('Origin',(49.2994552012604,-17.605399999995,-39.4000000000001));
#4453=CARTESIAN_POINT('',(50.9026552012604,-17.605399999995,-38.4000000000001));
#4454=CARTESIAN_POINT('Origin',(49.2994552012604,-17.605399999995,-38.4000000000001));
#4455=CARTESIAN_POINT('',(50.9026552012604,-17.605399999995,-39.4000000000001));
#4456=CARTESIAN_POINT('',(50.9026552012604,-17.605399999995,-39.4000000000001));
#4457=CARTESIAN_POINT('Origin',(49.2994552012604,-17.605399999995,-39.4000000000001));
#4458=CARTESIAN_POINT('Origin',(49.2994552012604,-17.605399999995,-38.4000000000001));
#4459=CARTESIAN_POINT('Origin',(49.2994552012604,-13.898999999995,-39.4000000000001));
#4460=CARTESIAN_POINT('',(50.9026552012604,-13.898999999995,-38.4000000000001));
#4461=CARTESIAN_POINT('Origin',(49.2994552012604,-13.898999999995,-38.4000000000001));
#4462=CARTESIAN_POINT('',(50.9026552012604,-13.898999999995,-39.4000000000001));
#4463=CARTESIAN_POINT('',(50.9026552012604,-13.898999999995,-39.4000000000001));
#4464=CARTESIAN_POINT('Origin',(49.2994552012604,-13.898999999995,-39.4000000000001));
#4465=CARTESIAN_POINT('Origin',(49.2994552012604,-13.898999999995,-38.4000000000001));
#4466=CARTESIAN_POINT('Origin',(49.2994552012604,-10.192599999995,-39.4000000000001));
#4467=CARTESIAN_POINT('',(50.9026552012604,-10.192599999995,-38.4000000000001));
#4468=CARTESIAN_POINT('Origin',(49.2994552012604,-10.192599999995,-38.4000000000001));
#4469=CARTESIAN_POINT('',(50.9026552012604,-10.192599999995,-39.4000000000001));
#4470=CARTESIAN_POINT('',(50.9026552012604,-10.192599999995,-39.4000000000001));
#4471=CARTESIAN_POINT('Origin',(49.2994552012604,-10.192599999995,-39.4000000000001));
#4472=CARTESIAN_POINT('Origin',(49.2994552012604,-10.192599999995,-38.4000000000001));
#4473=CARTESIAN_POINT('Origin',(49.2994552012604,-6.48619999999495,-39.4000000000001));
#4474=CARTESIAN_POINT('',(50.9026552012604,-6.48619999999495,-38.4000000000001));
#4475=CARTESIAN_POINT('Origin',(49.2994552012604,-6.48619999999495,-38.4000000000001));
#4476=CARTESIAN_POINT('',(50.9026552012604,-6.48619999999495,-39.4000000000001));
#4477=CARTESIAN_POINT('',(50.9026552012604,-6.48619999999495,-39.4000000000001));
#4478=CARTESIAN_POINT('Origin',(49.2994552012604,-6.48619999999495,-39.4000000000001));
#4479=CARTESIAN_POINT('Origin',(49.2994552012604,-6.48619999999495,-38.4000000000001));
#4480=CARTESIAN_POINT('Origin',(49.2994552012604,-2.77979999999495,-39.4000000000001));
#4481=CARTESIAN_POINT('',(50.9026552012604,-2.77979999999495,-38.4000000000001));
#4482=CARTESIAN_POINT('Origin',(49.2994552012604,-2.77979999999495,-38.4000000000001));
#4483=CARTESIAN_POINT('',(50.9026552012604,-2.77979999999495,-39.4000000000001));
#4484=CARTESIAN_POINT('',(50.9026552012604,-2.77979999999495,-39.4000000000001));
#4485=CARTESIAN_POINT('Origin',(49.2994552012604,-2.77979999999495,-39.4000000000001));
#4486=CARTESIAN_POINT('Origin',(49.2994552012604,-2.77979999999495,-38.4000000000001));
#4487=CARTESIAN_POINT('Origin',(49.2994552012604,0.926600000005051,-39.4000000000001));
#4488=CARTESIAN_POINT('',(50.9026552012604,0.926600000005051,-38.4000000000001));
#4489=CARTESIAN_POINT('Origin',(49.2994552012604,0.926600000005051,-38.4000000000001));
#4490=CARTESIAN_POINT('',(50.9026552012604,0.926600000005051,-39.4000000000001));
#4491=CARTESIAN_POINT('',(50.9026552012604,0.926600000005051,-39.4000000000001));
#4492=CARTESIAN_POINT('Origin',(49.2994552012604,0.926600000005051,-39.4000000000001));
#4493=CARTESIAN_POINT('Origin',(49.2994552012604,0.926600000005051,-38.4000000000001));
#4494=CARTESIAN_POINT('Origin',(49.2994552012604,4.63300000000505,-39.4000000000001));
#4495=CARTESIAN_POINT('',(50.9026552012604,4.63300000000505,-38.4000000000001));
#4496=CARTESIAN_POINT('Origin',(49.2994552012604,4.63300000000505,-38.4000000000001));
#4497=CARTESIAN_POINT('',(50.9026552012604,4.63300000000505,-39.4000000000001));
#4498=CARTESIAN_POINT('',(50.9026552012604,4.63300000000505,-39.4000000000001));
#4499=CARTESIAN_POINT('Origin',(49.2994552012604,4.63300000000505,-39.4000000000001));
#4500=CARTESIAN_POINT('Origin',(49.2994552012604,4.63300000000505,-38.4000000000001));
#4501=CARTESIAN_POINT('Origin',(49.2994552012604,8.33940000000505,-39.4000000000001));
#4502=CARTESIAN_POINT('',(50.9026552012604,8.33940000000505,-38.4000000000001));
#4503=CARTESIAN_POINT('Origin',(49.2994552012604,8.33940000000505,-38.4000000000001));
#4504=CARTESIAN_POINT('',(50.9026552012604,8.33940000000505,-39.4000000000001));
#4505=CARTESIAN_POINT('',(50.9026552012604,8.33940000000505,-39.4000000000001));
#4506=CARTESIAN_POINT('Origin',(49.2994552012604,8.33940000000505,-39.4000000000001));
#4507=CARTESIAN_POINT('Origin',(49.2994552012604,8.33940000000505,-38.4000000000001));
#4508=CARTESIAN_POINT('Origin',(49.2994552012604,12.0458000000051,-39.4000000000001));
#4509=CARTESIAN_POINT('',(50.9026552012604,12.0458000000051,-38.4000000000001));
#4510=CARTESIAN_POINT('Origin',(49.2994552012604,12.0458000000051,-38.4000000000001));
#4511=CARTESIAN_POINT('',(50.9026552012604,12.0458000000051,-39.4000000000001));
#4512=CARTESIAN_POINT('',(50.9026552012604,12.0458000000051,-39.4000000000001));
#4513=CARTESIAN_POINT('Origin',(49.2994552012604,12.0458000000051,-39.4000000000001));
#4514=CARTESIAN_POINT('Origin',(49.2994552012604,12.0458000000051,-38.4000000000001));
#4515=CARTESIAN_POINT('Origin',(49.2994552012604,15.7522000000051,-39.4000000000001));
#4516=CARTESIAN_POINT('',(50.9026552012604,15.7522000000051,-38.4000000000001));
#4517=CARTESIAN_POINT('Origin',(49.2994552012604,15.7522000000051,-38.4000000000001));
#4518=CARTESIAN_POINT('',(50.9026552012604,15.7522000000051,-39.4000000000001));
#4519=CARTESIAN_POINT('',(50.9026552012604,15.7522000000051,-39.4000000000001));
#4520=CARTESIAN_POINT('Origin',(49.2994552012604,15.7522000000051,-39.4000000000001));
#4521=CARTESIAN_POINT('Origin',(49.2994552012604,15.7522000000051,-38.4000000000001));
#4522=CARTESIAN_POINT('Origin',(49.2994552012604,19.4586000000051,-39.4000000000001));
#4523=CARTESIAN_POINT('',(50.9026552012604,19.4586000000051,-38.4000000000001));
#4524=CARTESIAN_POINT('Origin',(49.2994552012604,19.4586000000051,-38.4000000000001));
#4525=CARTESIAN_POINT('',(50.9026552012604,19.4586000000051,-39.4000000000001));
#4526=CARTESIAN_POINT('',(50.9026552012604,19.4586000000051,-39.4000000000001));
#4527=CARTESIAN_POINT('Origin',(49.2994552012604,19.4586000000051,-39.4000000000001));
#4528=CARTESIAN_POINT('Origin',(49.2994552012604,19.4586000000051,-38.4000000000001));
#4529=CARTESIAN_POINT('Origin',(42.2453752012604,-21.311799999995,-39.4000000000001));
#4530=CARTESIAN_POINT('',(43.8485752012604,-21.311799999995,-38.4000000000001));
#4531=CARTESIAN_POINT('Origin',(42.2453752012604,-21.311799999995,-38.4000000000001));
#4532=CARTESIAN_POINT('',(43.8485752012604,-21.311799999995,-39.4000000000001));
#4533=CARTESIAN_POINT('',(43.8485752012604,-21.311799999995,-39.4000000000001));
#4534=CARTESIAN_POINT('Origin',(42.2453752012604,-21.311799999995,-39.4000000000001));
#4535=CARTESIAN_POINT('Origin',(42.2453752012604,-21.311799999995,-38.4000000000001));
#4536=CARTESIAN_POINT('Origin',(42.2453752012604,-17.605399999995,-39.4000000000001));
#4537=CARTESIAN_POINT('',(43.8485752012604,-17.605399999995,-38.4000000000001));
#4538=CARTESIAN_POINT('Origin',(42.2453752012604,-17.605399999995,-38.4000000000001));
#4539=CARTESIAN_POINT('',(43.8485752012604,-17.605399999995,-39.4000000000001));
#4540=CARTESIAN_POINT('',(43.8485752012604,-17.605399999995,-39.4000000000001));
#4541=CARTESIAN_POINT('Origin',(42.2453752012604,-17.605399999995,-39.4000000000001));
#4542=CARTESIAN_POINT('Origin',(42.2453752012604,-17.605399999995,-38.4000000000001));
#4543=CARTESIAN_POINT('Origin',(42.2453752012604,-13.898999999995,-39.4000000000001));
#4544=CARTESIAN_POINT('',(43.8485752012604,-13.898999999995,-38.4000000000001));
#4545=CARTESIAN_POINT('Origin',(42.2453752012604,-13.898999999995,-38.4000000000001));
#4546=CARTESIAN_POINT('',(43.8485752012604,-13.898999999995,-39.4000000000001));
#4547=CARTESIAN_POINT('',(43.8485752012604,-13.898999999995,-39.4000000000001));
#4548=CARTESIAN_POINT('Origin',(42.2453752012604,-13.898999999995,-39.4000000000001));
#4549=CARTESIAN_POINT('Origin',(42.2453752012604,-13.898999999995,-38.4000000000001));
#4550=CARTESIAN_POINT('Origin',(42.2453752012604,-10.192599999995,-39.4000000000001));
#4551=CARTESIAN_POINT('',(43.8485752012604,-10.192599999995,-38.4000000000001));
#4552=CARTESIAN_POINT('Origin',(42.2453752012604,-10.192599999995,-38.4000000000001));
#4553=CARTESIAN_POINT('',(43.8485752012604,-10.192599999995,-39.4000000000001));
#4554=CARTESIAN_POINT('',(43.8485752012604,-10.192599999995,-39.4000000000001));
#4555=CARTESIAN_POINT('Origin',(42.2453752012604,-10.192599999995,-39.4000000000001));
#4556=CARTESIAN_POINT('Origin',(42.2453752012604,-10.192599999995,-38.4000000000001));
#4557=CARTESIAN_POINT('Origin',(42.2453752012604,-6.48619999999495,-39.4000000000001));
#4558=CARTESIAN_POINT('',(43.8485752012604,-6.48619999999495,-38.4000000000001));
#4559=CARTESIAN_POINT('Origin',(42.2453752012604,-6.48619999999495,-38.4000000000001));
#4560=CARTESIAN_POINT('',(43.8485752012604,-6.48619999999495,-39.4000000000001));
#4561=CARTESIAN_POINT('',(43.8485752012604,-6.48619999999495,-39.4000000000001));
#4562=CARTESIAN_POINT('Origin',(42.2453752012604,-6.48619999999495,-39.4000000000001));
#4563=CARTESIAN_POINT('Origin',(42.2453752012604,-6.48619999999495,-38.4000000000001));
#4564=CARTESIAN_POINT('Origin',(42.2453752012604,-2.77979999999495,-39.4000000000001));
#4565=CARTESIAN_POINT('',(43.8485752012604,-2.77979999999495,-38.4000000000001));
#4566=CARTESIAN_POINT('Origin',(42.2453752012604,-2.77979999999495,-38.4000000000001));
#4567=CARTESIAN_POINT('',(43.8485752012604,-2.77979999999495,-39.4000000000001));
#4568=CARTESIAN_POINT('',(43.8485752012604,-2.77979999999495,-39.4000000000001));
#4569=CARTESIAN_POINT('Origin',(42.2453752012604,-2.77979999999495,-39.4000000000001));
#4570=CARTESIAN_POINT('Origin',(42.2453752012604,-2.77979999999495,-38.4000000000001));
#4571=CARTESIAN_POINT('Origin',(42.2453752012604,4.63300000000505,-39.4000000000001));
#4572=CARTESIAN_POINT('',(43.8485752012604,4.63300000000505,-38.4000000000001));
#4573=CARTESIAN_POINT('Origin',(42.2453752012604,4.63300000000505,-38.4000000000001));
#4574=CARTESIAN_POINT('',(43.8485752012604,4.63300000000505,-39.4000000000001));
#4575=CARTESIAN_POINT('',(43.8485752012604,4.63300000000505,-39.4000000000001));
#4576=CARTESIAN_POINT('Origin',(42.2453752012604,4.63300000000505,-39.4000000000001));
#4577=CARTESIAN_POINT('Origin',(42.2453752012604,4.63300000000505,-38.4000000000001));
#4578=CARTESIAN_POINT('Origin',(42.2453752012604,8.33940000000505,-39.4000000000001));
#4579=CARTESIAN_POINT('',(43.8485752012604,8.33940000000505,-38.4000000000001));
#4580=CARTESIAN_POINT('Origin',(42.2453752012604,8.33940000000505,-38.4000000000001));
#4581=CARTESIAN_POINT('',(43.8485752012604,8.33940000000505,-39.4000000000001));
#4582=CARTESIAN_POINT('',(43.8485752012604,8.33940000000505,-39.4000000000001));
#4583=CARTESIAN_POINT('Origin',(42.2453752012604,8.33940000000505,-39.4000000000001));
#4584=CARTESIAN_POINT('Origin',(42.2453752012604,8.33940000000505,-38.4000000000001));
#4585=CARTESIAN_POINT('Origin',(42.2453752012604,12.0458000000051,-39.4000000000001));
#4586=CARTESIAN_POINT('',(43.8485752012604,12.0458000000051,-38.4000000000001));
#4587=CARTESIAN_POINT('Origin',(42.2453752012604,12.0458000000051,-38.4000000000001));
#4588=CARTESIAN_POINT('',(43.8485752012604,12.0458000000051,-39.4000000000001));
#4589=CARTESIAN_POINT('',(43.8485752012604,12.0458000000051,-39.4000000000001));
#4590=CARTESIAN_POINT('Origin',(42.2453752012604,12.0458000000051,-39.4000000000001));
#4591=CARTESIAN_POINT('Origin',(42.2453752012604,12.0458000000051,-38.4000000000001));
#4592=CARTESIAN_POINT('Origin',(42.2453752012604,15.7522000000051,-39.4000000000001));
#4593=CARTESIAN_POINT('',(43.8485752012604,15.7522000000051,-38.4000000000001));
#4594=CARTESIAN_POINT('Origin',(42.2453752012604,15.7522000000051,-38.4000000000001));
#4595=CARTESIAN_POINT('',(43.8485752012604,15.7522000000051,-39.4000000000001));
#4596=CARTESIAN_POINT('',(43.8485752012604,15.7522000000051,-39.4000000000001));
#4597=CARTESIAN_POINT('Origin',(42.2453752012604,15.7522000000051,-39.4000000000001));
#4598=CARTESIAN_POINT('Origin',(42.2453752012604,15.7522000000051,-38.4000000000001));
#4599=CARTESIAN_POINT('Origin',(42.2453752012604,19.4586000000051,-39.4000000000001));
#4600=CARTESIAN_POINT('',(43.8485752012604,19.4586000000051,-38.4000000000001));
#4601=CARTESIAN_POINT('Origin',(42.2453752012604,19.4586000000051,-38.4000000000001));
#4602=CARTESIAN_POINT('',(43.8485752012604,19.4586000000051,-39.4000000000001));
#4603=CARTESIAN_POINT('',(43.8485752012604,19.4586000000051,-39.4000000000001));
#4604=CARTESIAN_POINT('Origin',(42.2453752012604,19.4586000000051,-39.4000000000001));
#4605=CARTESIAN_POINT('Origin',(42.2453752012604,19.4586000000051,-38.4000000000001));
#4606=CARTESIAN_POINT('Origin',(42.2453752012604,0.926600000005051,-39.4000000000001));
#4607=CARTESIAN_POINT('',(43.8485752012604,0.926600000005051,-38.4000000000001));
#4608=CARTESIAN_POINT('Origin',(42.2453752012604,0.926600000005051,-38.4000000000001));
#4609=CARTESIAN_POINT('',(43.8485752012604,0.926600000005051,-39.4000000000001));
#4610=CARTESIAN_POINT('',(43.8485752012604,0.926600000005051,-39.4000000000001));
#4611=CARTESIAN_POINT('Origin',(42.2453752012604,0.926600000005051,-39.4000000000001));
#4612=CARTESIAN_POINT('Origin',(42.2453752012604,0.926600000005051,-38.4000000000001));
#4613=CARTESIAN_POINT('Origin',(59.8805752012604,21.311800000005,-38.4000000000002));
#4614=CARTESIAN_POINT('',(61.9837752012604,21.311800000005,-39.4000000000002));
#4615=CARTESIAN_POINT('',(59.8805752012604,23.415000000005,-39.4000000000002));
#4616=CARTESIAN_POINT('Origin',(59.8805752012604,21.311800000005,-39.4000000000001));
#4617=CARTESIAN_POINT('',(61.9837752012604,21.311800000005,-38.4000000000001));
#4618=CARTESIAN_POINT('',(61.9837752012604,21.311800000005,-38.4000000000002));
#4619=CARTESIAN_POINT('',(59.8805752012604,23.415000000005,-38.4000000000001));
#4620=CARTESIAN_POINT('Origin',(59.8805752012604,21.311800000005,-38.4000000000001));
#4621=CARTESIAN_POINT('',(59.8805752012604,23.415000000005,-38.4000000000002));
#4622=CARTESIAN_POINT('Origin',(40.1421752012604,23.415000000005,-38.4000000000002));
#4623=CARTESIAN_POINT('',(42.2453752012604,23.415000000005,-38.4000000000002));
#4624=CARTESIAN_POINT('',(44.8210876005895,23.415000000005,-38.4000000000001));
#4625=CARTESIAN_POINT('',(42.2453752012604,23.415000000005,-39.4000000000002));
#4626=CARTESIAN_POINT('',(42.2453752012604,23.415000000005,-38.4000000000002));
#4627=CARTESIAN_POINT('',(40.1421752012604,23.415000000005,-39.4000000000002));
#4628=CARTESIAN_POINT('Origin',(59.8805752012604,-21.311799999995,-38.4000000000002));
#4629=CARTESIAN_POINT('',(59.8805752012604,-23.414999999995,-39.4000000000001));
#4630=CARTESIAN_POINT('',(61.9837752012604,-21.311799999995,-39.4000000000001));
#4631=CARTESIAN_POINT('Origin',(59.8805752012604,-21.311799999995,-39.4000000000001));
#4632=CARTESIAN_POINT('',(59.8805752012604,-23.414999999995,-38.4000000000001));
#4633=CARTESIAN_POINT('',(59.8805752012604,-23.414999999995,-38.4000000000002));
#4634=CARTESIAN_POINT('',(61.9837752012604,-21.311799999995,-38.4000000000001));
#4635=CARTESIAN_POINT('Origin',(59.8805752012604,-21.311799999995,-38.4000000000001));
#4636=CARTESIAN_POINT('',(61.9837752012604,-21.311799999995,-38.4000000000002));
#4637=CARTESIAN_POINT('Origin',(61.9837752012604,23.415000000005,-38.4000000000002));
#4638=CARTESIAN_POINT('',(61.9837752012604,23.415000000005,-39.4000000000002));
#4639=CARTESIAN_POINT('',(61.9837752012604,11.7075000000013,-38.4000000000001));
#4640=CARTESIAN_POINT('Origin',(42.2453752012604,-21.311799999995,-38.4000000000001));
#4641=CARTESIAN_POINT('',(40.1421752012604,-21.311799999995,-39.4000000000001));
#4642=CARTESIAN_POINT('',(42.2453752012604,-23.414999999995,-39.4000000000001));
#4643=CARTESIAN_POINT('Origin',(42.2453752012604,-21.311799999995,-39.4000000000001));
#4644=CARTESIAN_POINT('',(40.1421752012604,-21.311799999995,-38.4000000000001));
#4645=CARTESIAN_POINT('',(40.1421752012604,-21.311799999995,-38.4000000000001));
#4646=CARTESIAN_POINT('',(42.2453752012604,-23.414999999995,-38.4000000000001));
#4647=CARTESIAN_POINT('Origin',(42.2453752012604,-21.311799999995,-38.4000000000001));
#4648=CARTESIAN_POINT('',(42.2453752012604,-23.414999999995,-38.4000000000001));
#4649=CARTESIAN_POINT('Origin',(61.9837752012604,-23.414999999995,-38.4000000000001));
#4650=CARTESIAN_POINT('',(61.9837752012604,-23.414999999995,-39.4000000000001));
#4651=CARTESIAN_POINT('',(55.7418876005895,-23.414999999995,-38.4000000000001));
#4652=CARTESIAN_POINT('Origin',(42.2453752012604,21.311800000005,-38.4000000000002));
#4653=CARTESIAN_POINT('',(40.1421752012604,21.311800000005,-39.4000000000002));
#4654=CARTESIAN_POINT('Origin',(42.2453752012604,21.311800000005,-39.4000000000001));
#4655=CARTESIAN_POINT('',(40.1421752012604,21.311800000005,-38.4000000000002));
#4656=CARTESIAN_POINT('Origin',(42.2453752012604,21.311800000005,-38.4000000000001));
#4657=CARTESIAN_POINT('',(40.1421752012604,21.311800000005,-38.4000000000002));
#4658=CARTESIAN_POINT('Origin',(40.1421752012604,-23.414999999995,-38.4000000000001));
#4659=CARTESIAN_POINT('',(40.1421752012604,-23.414999999995,-39.4000000000001));
#4660=CARTESIAN_POINT('',(40.1421752012604,-11.7074999999987,-38.4000000000001));
#4661=CARTESIAN_POINT('Origin',(51.0629752012604,5.04041253179821E-12,-39.4000000000001));
#4662=CARTESIAN_POINT('Origin',(30.8822399999187,26.4199999999977,-38.4000000000002));
#4663=CARTESIAN_POINT('',(33.9822399999187,-26.4200000000024,-38.4000000000001));
#4664=CARTESIAN_POINT('Origin',(33.9822399999187,-23.3200000000024,-38.4000000000001));
#4665=CARTESIAN_POINT('',(28.5031159859001,-26.4200000000024,-38.4000000000001));
#4666=CARTESIAN_POINT('Origin',(30.8822399999187,26.4199999999977,-38.4000000000002));
#4667=CARTESIAN_POINT('Origin',(33.9822399999187,23.3199999999977,-38.4000000000002));
#4668=CARTESIAN_POINT('Origin',(37.108190402602,26.4199999999977,-38.4000000000002));
#4669=CARTESIAN_POINT('',(37.108190402602,-26.4200000000024,-38.4000000000001));
#4670=CARTESIAN_POINT('',(32.3169067589667,-26.4200000000023,-31.5573378146061));
#4671=CARTESIAN_POINT('',(37.108190402602,13.2099999999977,-38.4000000000001));
#4672=CARTESIAN_POINT('Origin',(49.4999999999187,-2.35242162582938E-12,
-38.4000000000001));
#4673=CARTESIAN_POINT('',(65.0177599999187,-26.4200000000024,-38.4));
#4674=CARTESIAN_POINT('',(33.9822399999187,-26.4200000000024,-38.4000000000001));
#4675=CARTESIAN_POINT('',(68.1177599999187,-23.3200000000024,-38.4));
#4676=CARTESIAN_POINT('Origin',(65.0177599999187,-23.3200000000024,-38.4));
#4677=CARTESIAN_POINT('',(68.1177599999187,23.3199999999977,-38.4000000000001));
#4678=CARTESIAN_POINT('',(68.1177599999187,-23.3200000000024,-38.4));
#4679=CARTESIAN_POINT('Origin',(65.0177599999187,23.3199999999977,-38.4000000000001));
#4680=CARTESIAN_POINT('Origin',(68.1177599999187,-23.3200000000024,-43.4));
#4681=CARTESIAN_POINT('',(68.1177599999187,-23.3200000000024,-43.4));
#4682=CARTESIAN_POINT('',(68.1177599999187,23.3199999999976,-43.4000000000001));
#4683=CARTESIAN_POINT('',(68.1177599999187,-23.3200000000024,-43.4));
#4684=CARTESIAN_POINT('',(68.1177599999187,23.3199999999976,-43.4000000000001));
#4685=CARTESIAN_POINT('',(68.1177599999187,-23.3200000000024,-43.4));
#4686=CARTESIAN_POINT('Origin',(65.0177599999187,-23.3200000000024,-43.4));
#4687=CARTESIAN_POINT('',(65.0177599999187,-26.4200000000024,-43.4));
#4688=CARTESIAN_POINT('Origin',(65.0177599999187,-23.3200000000024,-43.4));
#4689=CARTESIAN_POINT('',(65.0177599999187,-26.4200000000024,-43.4));
#4690=CARTESIAN_POINT('Origin',(33.9822399999187,-26.4200000000024,-43.4000000000001));
#4691=CARTESIAN_POINT('',(33.9822399999187,-26.4200000000024,-43.4000000000001));
#4692=CARTESIAN_POINT('',(33.9822399999187,-26.4200000000024,-43.4000000000001));
#4693=CARTESIAN_POINT('',(33.9822399999187,-26.4200000000024,-43.4000000000001));
#4694=CARTESIAN_POINT('Origin',(33.9822399999187,-23.3200000000024,-43.4000000000001));
#4695=CARTESIAN_POINT('',(30.8822399999187,-23.3200000000024,-43.4000000000001));
#4696=CARTESIAN_POINT('Origin',(33.9822399999187,-23.3200000000024,-43.4000000000001));
#4697=CARTESIAN_POINT('',(30.8822399999187,-23.3200000000024,-43.4000000000001));
#4698=CARTESIAN_POINT('Origin',(30.8822399999187,23.3199999999977,-43.4000000000002));
#4699=CARTESIAN_POINT('',(30.8822399999187,23.3199999999977,-43.4000000000002));
#4700=CARTESIAN_POINT('',(30.8822399999187,23.3199999999977,-43.4000000000002));
#4701=CARTESIAN_POINT('',(30.8822399999187,23.3199999999977,-43.4000000000002));
#4702=CARTESIAN_POINT('Origin',(33.9822399999187,23.3199999999977,-43.4000000000002));
#4703=CARTESIAN_POINT('Origin',(33.9822399999187,23.3199999999977,-43.4000000000002));
#4704=CARTESIAN_POINT('Origin',(65.0177599999187,23.3199999999976,-43.4000000000001));
#4705=CARTESIAN_POINT('Origin',(65.0177599999187,23.3199999999976,-43.4000000000001));
#4706=CARTESIAN_POINT('Origin',(49.4999999999187,-2.36130341002638E-12,
-43.4000000000001));
#4707=CARTESIAN_POINT('',(49.4999999999187,-2.38031816479634E-12,43.4000000000001));
#4708=UNCERTAINTY_MEASURE_WITH_UNIT(LENGTH_MEASURE(0.01),#4714,
'DISTANCE_ACCURACY_VALUE',
'Maximum model space distance between geometric entities at asserted c
onnectivities');
#4709=UNCERTAINTY_MEASURE_WITH_UNIT(LENGTH_MEASURE(0.01),#4714,
'DISTANCE_ACCURACY_VALUE',
'Maximum model space distance between geometric entities at asserted c
onnectivities');
#4710=UNCERTAINTY_MEASURE_WITH_UNIT(LENGTH_MEASURE(0.01),#4714,
'DISTANCE_ACCURACY_VALUE',
'Maximum model space distance between geometric entities at asserted c
onnectivities');
#4711=(
GEOMETRIC_REPRESENTATION_CONTEXT(3)
GLOBAL_UNCERTAINTY_ASSIGNED_CONTEXT((#4708))
GLOBAL_UNIT_ASSIGNED_CONTEXT((#4714,#4716,#4717))
REPRESENTATION_CONTEXT('','3D')
);
#4712=(
GEOMETRIC_REPRESENTATION_CONTEXT(3)
GLOBAL_UNCERTAINTY_ASSIGNED_CONTEXT((#4709))
GLOBAL_UNIT_ASSIGNED_CONTEXT((#4714,#4716,#4717))
REPRESENTATION_CONTEXT('','3D')
);
#4713=(
GEOMETRIC_REPRESENTATION_CONTEXT(3)
GLOBAL_UNCERTAINTY_ASSIGNED_CONTEXT((#4710))
GLOBAL_UNIT_ASSIGNED_CONTEXT((#4714,#4716,#4717))
REPRESENTATION_CONTEXT('','3D')
);
#4714=(
LENGTH_UNIT()
NAMED_UNIT(*)
SI_UNIT(.MILLI.,.METRE.)
);
#4715=(
LENGTH_UNIT()
NAMED_UNIT(*)
SI_UNIT($,.METRE.)
);
#4716=(
NAMED_UNIT(*)
PLANE_ANGLE_UNIT()
SI_UNIT($,.RADIAN.)
);
#4717=(
NAMED_UNIT(*)
SI_UNIT($,.STERADIAN.)
SOLID_ANGLE_UNIT()
);
#4718=SHAPE_DEFINITION_REPRESENTATION(#4720,#4723);
#4719=SHAPE_DEFINITION_REPRESENTATION(#4721,#4724);
#4720=PRODUCT_DEFINITION_SHAPE('',$,#4726);
#4721=PRODUCT_DEFINITION_SHAPE('',$,#4727);
#4722=PRODUCT_DEFINITION_SHAPE($,$,#14);
#4723=SHAPE_REPRESENTATION('',(#2668,#3039),#4711);
#4724=SHAPE_REPRESENTATION('',(#2669),#4712);
#4725=PRODUCT_DEFINITION_CONTEXT('part definition',#4733,'design');
#4726=PRODUCT_DEFINITION('2026-10-03-08-07-32-812','PRINT_LAYOUT',#4728,
#4725);
#4727=PRODUCT_DEFINITION('2026-10-03-08-07-32-807','LaptopCase',#4729,#4725);
#4728=PRODUCT_DEFINITION_FORMATION('',$,#4735);
#4729=PRODUCT_DEFINITION_FORMATION('',$,#4736);
#4730=PRODUCT_RELATED_PRODUCT_CATEGORY('PRINT_LAYOUT','PRINT_LAYOUT',(#4735));
#4731=PRODUCT_RELATED_PRODUCT_CATEGORY('LaptopCase','LaptopCase',(#4736));
#4732=APPLICATION_PROTOCOL_DEFINITION('international standard',
'automotive_design',2009,#4733);
#4733=APPLICATION_CONTEXT(
'Core Data for Automotive Mechanical Design Process');
#4734=PRODUCT_CONTEXT('part definition',#4733,'mechanical');
#4735=PRODUCT('2026-10-03-08-07-32-812','PRINT_LAYOUT',$,(#4734));
#4736=PRODUCT('2026-10-03-08-07-32-807','LaptopCase',$,(#4734));
#4737=PRESENTATION_STYLE_ASSIGNMENT((#4740));
#4738=PRESENTATION_STYLE_ASSIGNMENT((#4741));
#4739=PRESENTATION_STYLE_ASSIGNMENT((#4742));
#4740=SURFACE_STYLE_USAGE(.BOTH.,#4743);
#4741=SURFACE_STYLE_USAGE(.BOTH.,#4744);
#4742=SURFACE_STYLE_USAGE(.BOTH.,#4745);
#4743=SURFACE_SIDE_STYLE('',(#4746));
#4744=SURFACE_SIDE_STYLE('',(#4747));
#4745=SURFACE_SIDE_STYLE('',(#4748));
#4746=SURFACE_STYLE_FILL_AREA(#4749);
#4747=SURFACE_STYLE_FILL_AREA(#4750);
#4748=SURFACE_STYLE_FILL_AREA(#4751);
#4749=FILL_AREA_STYLE('Plastic - Matte (Black)',(#4752));
#4750=FILL_AREA_STYLE('Steel - Satin',(#4753));
#4751=FILL_AREA_STYLE('Brass - Old',(#4754));
#4752=FILL_AREA_STYLE_COLOUR('Plastic - Matte (Black)',#4755);
#4753=FILL_AREA_STYLE_COLOUR('Steel - Satin',#4756);
#4754=FILL_AREA_STYLE_COLOUR('Brass - Old',#4757);
#4755=COLOUR_RGB('Plastic - Matte (Black)',0.0980392156862745,0.0980392156862745,
0.0980392156862745);
#4756=COLOUR_RGB('Steel - Satin',0.627450980392157,0.627450980392157,0.627450980392157);
#4757=COLOUR_RGB('Brass - Old',0.,0.,0.);
ENDSEC;
END-ISO-10303-21;
