ISO-10303-21;
HEADER;
/* Generated by software containing ST-Developer
 * from STEP Tools, Inc. (www.steptools.com) 
 */

FILE_DESCRIPTION(
/* description */ (''),
/* implementation_level */ '2;1');

FILE_NAME(
/* name */ 'Desk.step',
/* time_stamp */ '2026-10-05T11:45:42+02:00',
/* author */ (''),
/* organization */ (''),
/* preprocessor_version */ 'ST-DEVELOPER v20.2',
/* originating_system */ 'Autodesk Translation Framework v15.15.0.0',
/* authorisation */ '');

FILE_SCHEMA (('AUTOMOTIVE_DESIGN { 1 0 10303 214 3 1 1 }'));
ENDSEC;

DATA;
#10=MECHANICAL_DESIGN_GEOMETRIC_PRESENTATION_REPRESENTATION('',(#17),#9284);
#11=ITEM_DEFINED_TRANSFORMATION($,$,#5694,#6136);
#12=(
REPRESENTATION_RELATIONSHIP($,$,#9295,#9294)
REPRESENTATION_RELATIONSHIP_WITH_TRANSFORMATION(#11)
SHAPE_REPRESENTATION_RELATIONSHIP()
);
#13=CONTEXT_DEPENDENT_SHAPE_REPRESENTATION(#12,#9293);
#14=NEXT_ASSEMBLY_USAGE_OCCURRENCE('Desk:1','Desk:1','Desk:1',#9297,#9298,
'Desk:1');
#15=SHAPE_REPRESENTATION_RELATIONSHIP('SRR','None',#9295,#16);
#16=ADVANCED_BREP_SHAPE_REPRESENTATION('',(#18),#9283);
#17=STYLED_ITEM('',(#9308),#18);
#18=MANIFOLD_SOLID_BREP('vent_pattern (1)',#5680);
#19=B_SPLINE_CURVE_WITH_KNOTS('',3,(#8133,#8134,#8135,#8136),
 .UNSPECIFIED.,.F.,.F.,(4,4),(1.30240739345628,1.87980999837767),
 .UNSPECIFIED.);
#20=B_SPLINE_CURVE_WITH_KNOTS('',3,(#8178,#8179,#8180,#8181),
 .UNSPECIFIED.,.F.,.F.,(4,4),(0.0225060140838506,0.577402604921389),
 .UNSPECIFIED.);
#21=B_SPLINE_CURVE_WITH_KNOTS('',3,(#8182,#8183,#8184,#8185),
 .UNSPECIFIED.,.F.,.F.,(4,4),(0.,0.0225060140838506),.UNSPECIFIED.);
#22=B_SPLINE_CURVE_WITH_KNOTS('',3,(#8243,#8244,#8245,#8246,#8247,#8248,
#8249,#8250,#8251,#8252),.UNSPECIFIED.,.F.,.F.,(4,2,2,2,4),(0.,0.122945052688575,
0.24589010537715,0.364960984386476,0.468142082951524),.UNSPECIFIED.);
#23=B_SPLINE_CURVE_WITH_KNOTS('',3,(#8256,#8257,#8258,#8259,#8260,#8261,
#8262,#8263,#8264,#8265),.UNSPECIFIED.,.F.,.F.,(4,2,2,2,4),(1.25186517403627,
1.35504627260132,1.47411715161065,1.59706220429922,1.7200072569878),
 .UNSPECIFIED.);
#24=TOROIDAL_SURFACE('',#5791,9.,2.);
#25=TOROIDAL_SURFACE('',#5808,9.,2.);
#26=TOROIDAL_SURFACE('',#5830,4.55,2.55);
#27=TOROIDAL_SURFACE('',#5838,4.55,2.55);
#28=ELLIPSE('',#5718,1.41421356237317,1.);
#29=ELLIPSE('',#5725,1.41421356237317,1.);
#30=ELLIPSE('',#5744,5.65685424949268,4.);
#31=ELLIPSE('',#5750,5.65685424949268,4.);
#32=FACE_BOUND('',#623,.T.);
#33=FACE_BOUND('',#624,.T.);
#34=FACE_BOUND('',#625,.T.);
#35=FACE_BOUND('',#626,.T.);
#36=FACE_BOUND('',#634,.T.);
#37=FACE_BOUND('',#635,.T.);
#38=FACE_BOUND('',#636,.T.);
#39=FACE_BOUND('',#648,.T.);
#40=FACE_BOUND('',#649,.T.);
#41=FACE_BOUND('',#650,.T.);
#42=FACE_BOUND('',#653,.T.);
#43=FACE_BOUND('',#654,.T.);
#44=FACE_BOUND('',#655,.T.);
#45=FACE_BOUND('',#656,.T.);
#46=FACE_BOUND('',#657,.T.);
#47=FACE_BOUND('',#658,.T.);
#48=FACE_BOUND('',#659,.T.);
#49=FACE_BOUND('',#660,.T.);
#50=FACE_BOUND('',#661,.T.);
#51=FACE_BOUND('',#662,.T.);
#52=FACE_BOUND('',#663,.T.);
#53=FACE_BOUND('',#664,.T.);
#54=FACE_BOUND('',#667,.T.);
#55=FACE_BOUND('',#668,.T.);
#56=FACE_BOUND('',#669,.T.);
#57=FACE_BOUND('',#670,.T.);
#58=FACE_BOUND('',#671,.T.);
#59=FACE_BOUND('',#672,.T.);
#60=FACE_BOUND('',#673,.T.);
#61=FACE_BOUND('',#674,.T.);
#62=FACE_BOUND('',#675,.T.);
#63=FACE_BOUND('',#676,.T.);
#64=FACE_BOUND('',#677,.T.);
#65=FACE_BOUND('',#678,.T.);
#66=FACE_BOUND('',#681,.T.);
#67=FACE_BOUND('',#682,.T.);
#68=FACE_BOUND('',#686,.T.);
#69=FACE_BOUND('',#693,.T.);
#70=FACE_BOUND('',#694,.T.);
#71=FACE_BOUND('',#703,.T.);
#72=FACE_BOUND('',#704,.T.);
#73=FACE_BOUND('',#705,.T.);
#74=FACE_BOUND('',#706,.T.);
#75=FACE_BOUND('',#707,.T.);
#76=FACE_BOUND('',#708,.T.);
#77=FACE_BOUND('',#709,.T.);
#78=FACE_BOUND('',#710,.T.);
#79=FACE_BOUND('',#714,.T.);
#80=FACE_BOUND('',#761,.T.);
#81=FACE_BOUND('',#763,.T.);
#82=FACE_BOUND('',#764,.T.);
#83=FACE_BOUND('',#765,.T.);
#84=FACE_BOUND('',#766,.T.);
#85=FACE_BOUND('',#767,.T.);
#86=FACE_BOUND('',#768,.T.);
#87=FACE_BOUND('',#769,.T.);
#88=FACE_BOUND('',#770,.T.);
#89=FACE_BOUND('',#771,.T.);
#90=FACE_BOUND('',#772,.T.);
#91=FACE_BOUND('',#773,.T.);
#92=FACE_BOUND('',#774,.T.);
#93=FACE_BOUND('',#776,.T.);
#94=FACE_BOUND('',#777,.T.);
#95=FACE_BOUND('',#778,.T.);
#96=FACE_BOUND('',#779,.T.);
#97=FACE_BOUND('',#780,.T.);
#98=FACE_BOUND('',#781,.T.);
#99=FACE_BOUND('',#782,.T.);
#100=FACE_BOUND('',#783,.T.);
#101=FACE_BOUND('',#784,.T.);
#102=FACE_BOUND('',#785,.T.);
#103=FACE_BOUND('',#786,.T.);
#104=FACE_BOUND('',#787,.T.);
#105=FACE_BOUND('',#797,.T.);
#106=FACE_BOUND('',#803,.T.);
#107=FACE_BOUND('',#804,.T.);
#108=FACE_BOUND('',#813,.T.);
#109=FACE_BOUND('',#814,.T.);
#110=FACE_BOUND('',#835,.T.);
#111=FACE_BOUND('',#849,.T.);
#112=FACE_BOUND('',#856,.T.);
#113=FACE_BOUND('',#859,.T.);
#114=FACE_BOUND('',#862,.T.);
#115=FACE_BOUND('',#871,.T.);
#116=FACE_BOUND('',#874,.T.);
#117=FACE_BOUND('',#877,.T.);
#118=FACE_BOUND('',#879,.T.);
#119=FACE_BOUND('',#880,.T.);
#120=FACE_BOUND('',#881,.T.);
#121=FACE_BOUND('',#890,.T.);
#122=FACE_BOUND('',#891,.T.);
#123=FACE_BOUND('',#892,.T.);
#124=FACE_BOUND('',#894,.T.);
#125=FACE_BOUND('',#895,.T.);
#126=FACE_BOUND('',#896,.T.);
#127=FACE_BOUND('',#897,.T.);
#128=FACE_BOUND('',#898,.T.);
#129=FACE_BOUND('',#901,.T.);
#130=FACE_BOUND('',#952,.T.);
#131=FACE_BOUND('',#953,.T.);
#132=FACE_BOUND('',#954,.T.);
#133=FACE_BOUND('',#955,.T.);
#134=FACE_BOUND('',#968,.T.);
#135=FACE_BOUND('',#969,.T.);
#136=FACE_BOUND('',#979,.T.);
#137=FACE_BOUND('',#980,.T.);
#138=FACE_BOUND('',#981,.T.);
#139=FACE_BOUND('',#982,.T.);
#140=FACE_BOUND('',#983,.T.);
#141=PLANE('',#5698);
#142=PLANE('',#5699);
#143=PLANE('',#5716);
#144=PLANE('',#5720);
#145=PLANE('',#5726);
#146=PLANE('',#5733);
#147=PLANE('',#5739);
#148=PLANE('',#5745);
#149=PLANE('',#5747);
#150=PLANE('',#5752);
#151=PLANE('',#5753);
#152=PLANE('',#5760);
#153=PLANE('',#5776);
#154=PLANE('',#5778);
#155=PLANE('',#5783);
#156=PLANE('',#5799);
#157=PLANE('',#5800);
#158=PLANE('',#5810);
#159=PLANE('',#5813);
#160=PLANE('',#5816);
#161=PLANE('',#5817);
#162=PLANE('',#5825);
#163=PLANE('',#5827);
#164=PLANE('',#5834);
#165=PLANE('',#5842);
#166=PLANE('',#5843);
#167=PLANE('',#5845);
#168=PLANE('',#5849);
#169=PLANE('',#5852);
#170=PLANE('',#5853);
#171=PLANE('',#5856);
#172=PLANE('',#5859);
#173=PLANE('',#5860);
#174=PLANE('',#5862);
#175=PLANE('',#5863);
#176=PLANE('',#5864);
#177=PLANE('',#5865);
#178=PLANE('',#5866);
#179=PLANE('',#5867);
#180=PLANE('',#5868);
#181=PLANE('',#5869);
#182=PLANE('',#5872);
#183=PLANE('',#5873);
#184=PLANE('',#5874);
#185=PLANE('',#5875);
#186=PLANE('',#5883);
#187=PLANE('',#5885);
#188=PLANE('',#5888);
#189=PLANE('',#5893);
#190=PLANE('',#5894);
#191=PLANE('',#5895);
#192=PLANE('',#5896);
#193=PLANE('',#5897);
#194=PLANE('',#5898);
#195=PLANE('',#5905);
#196=PLANE('',#5906);
#197=PLANE('',#5907);
#198=PLANE('',#5914);
#199=PLANE('',#5915);
#200=PLANE('',#5916);
#201=PLANE('',#5917);
#202=PLANE('',#5918);
#203=PLANE('',#5919);
#204=PLANE('',#5926);
#205=PLANE('',#5927);
#206=PLANE('',#5928);
#207=PLANE('',#5929);
#208=PLANE('',#5930);
#209=PLANE('',#5931);
#210=PLANE('',#5934);
#211=PLANE('',#5937);
#212=PLANE('',#5940);
#213=PLANE('',#5943);
#214=PLANE('',#5946);
#215=PLANE('',#5949);
#216=PLANE('',#5952);
#217=PLANE('',#5955);
#218=PLANE('',#5956);
#219=PLANE('',#5960);
#220=PLANE('',#5964);
#221=PLANE('',#5968);
#222=PLANE('',#5972);
#223=PLANE('',#5973);
#224=PLANE('',#5974);
#225=PLANE('',#5975);
#226=PLANE('',#5976);
#227=PLANE('',#5977);
#228=PLANE('',#5992);
#229=PLANE('',#5996);
#230=PLANE('',#6000);
#231=PLANE('',#6002);
#232=PLANE('',#6003);
#233=PLANE('',#6011);
#234=PLANE('',#6016);
#235=PLANE('',#6021);
#236=PLANE('',#6023);
#237=PLANE('',#6031);
#238=PLANE('',#6032);
#239=PLANE('',#6035);
#240=PLANE('',#6036);
#241=PLANE('',#6037);
#242=PLANE('',#6038);
#243=PLANE('',#6039);
#244=PLANE('',#6040);
#245=PLANE('',#6041);
#246=PLANE('',#6042);
#247=PLANE('',#6043);
#248=PLANE('',#6044);
#249=PLANE('',#6045);
#250=PLANE('',#6046);
#251=PLANE('',#6047);
#252=PLANE('',#6048);
#253=PLANE('',#6049);
#254=PLANE('',#6050);
#255=PLANE('',#6051);
#256=PLANE('',#6052);
#257=PLANE('',#6053);
#258=PLANE('',#6054);
#259=PLANE('',#6055);
#260=PLANE('',#6056);
#261=PLANE('',#6057);
#262=PLANE('',#6058);
#263=PLANE('',#6059);
#264=PLANE('',#6060);
#265=PLANE('',#6061);
#266=PLANE('',#6062);
#267=PLANE('',#6063);
#268=PLANE('',#6064);
#269=PLANE('',#6065);
#270=PLANE('',#6066);
#271=PLANE('',#6067);
#272=PLANE('',#6068);
#273=PLANE('',#6069);
#274=PLANE('',#6070);
#275=PLANE('',#6071);
#276=PLANE('',#6072);
#277=PLANE('',#6073);
#278=PLANE('',#6074);
#279=PLANE('',#6075);
#280=PLANE('',#6076);
#281=PLANE('',#6077);
#282=PLANE('',#6078);
#283=PLANE('',#6079);
#284=PLANE('',#6080);
#285=PLANE('',#6081);
#286=PLANE('',#6082);
#287=PLANE('',#6083);
#288=PLANE('',#6084);
#289=PLANE('',#6085);
#290=PLANE('',#6086);
#291=PLANE('',#6087);
#292=PLANE('',#6088);
#293=PLANE('',#6089);
#294=PLANE('',#6090);
#295=PLANE('',#6091);
#296=PLANE('',#6092);
#297=PLANE('',#6093);
#298=PLANE('',#6094);
#299=PLANE('',#6095);
#300=PLANE('',#6096);
#301=PLANE('',#6097);
#302=PLANE('',#6098);
#303=PLANE('',#6099);
#304=PLANE('',#6100);
#305=PLANE('',#6101);
#306=PLANE('',#6102);
#307=PLANE('',#6103);
#308=PLANE('',#6104);
#309=PLANE('',#6105);
#310=PLANE('',#6106);
#311=PLANE('',#6107);
#312=PLANE('',#6108);
#313=PLANE('',#6109);
#314=PLANE('',#6110);
#315=PLANE('',#6111);
#316=PLANE('',#6112);
#317=PLANE('',#6113);
#318=PLANE('',#6114);
#319=PLANE('',#6115);
#320=PLANE('',#6116);
#321=PLANE('',#6117);
#322=PLANE('',#6118);
#323=PLANE('',#6119);
#324=PLANE('',#6120);
#325=PLANE('',#6121);
#326=PLANE('',#6122);
#327=PLANE('',#6123);
#328=PLANE('',#6124);
#329=PLANE('',#6125);
#330=PLANE('',#6126);
#331=PLANE('',#6127);
#332=PLANE('',#6128);
#333=PLANE('',#6129);
#334=PLANE('',#6130);
#335=PLANE('',#6131);
#336=PLANE('',#6132);
#337=PLANE('',#6133);
#338=PLANE('',#6134);
#339=PLANE('',#6135);
#340=FACE_OUTER_BOUND('',#620,.T.);
#341=FACE_OUTER_BOUND('',#621,.T.);
#342=FACE_OUTER_BOUND('',#622,.T.);
#343=FACE_OUTER_BOUND('',#627,.T.);
#344=FACE_OUTER_BOUND('',#628,.T.);
#345=FACE_OUTER_BOUND('',#629,.T.);
#346=FACE_OUTER_BOUND('',#630,.T.);
#347=FACE_OUTER_BOUND('',#631,.T.);
#348=FACE_OUTER_BOUND('',#632,.T.);
#349=FACE_OUTER_BOUND('',#633,.T.);
#350=FACE_OUTER_BOUND('',#637,.T.);
#351=FACE_OUTER_BOUND('',#638,.T.);
#352=FACE_OUTER_BOUND('',#639,.T.);
#353=FACE_OUTER_BOUND('',#640,.T.);
#354=FACE_OUTER_BOUND('',#641,.T.);
#355=FACE_OUTER_BOUND('',#642,.T.);
#356=FACE_OUTER_BOUND('',#643,.T.);
#357=FACE_OUTER_BOUND('',#644,.T.);
#358=FACE_OUTER_BOUND('',#645,.T.);
#359=FACE_OUTER_BOUND('',#646,.T.);
#360=FACE_OUTER_BOUND('',#647,.T.);
#361=FACE_OUTER_BOUND('',#651,.T.);
#362=FACE_OUTER_BOUND('',#652,.T.);
#363=FACE_OUTER_BOUND('',#665,.T.);
#364=FACE_OUTER_BOUND('',#666,.T.);
#365=FACE_OUTER_BOUND('',#679,.T.);
#366=FACE_OUTER_BOUND('',#680,.T.);
#367=FACE_OUTER_BOUND('',#683,.T.);
#368=FACE_OUTER_BOUND('',#684,.T.);
#369=FACE_OUTER_BOUND('',#685,.T.);
#370=FACE_OUTER_BOUND('',#687,.T.);
#371=FACE_OUTER_BOUND('',#688,.T.);
#372=FACE_OUTER_BOUND('',#689,.T.);
#373=FACE_OUTER_BOUND('',#690,.T.);
#374=FACE_OUTER_BOUND('',#691,.T.);
#375=FACE_OUTER_BOUND('',#692,.T.);
#376=FACE_OUTER_BOUND('',#695,.T.);
#377=FACE_OUTER_BOUND('',#696,.T.);
#378=FACE_OUTER_BOUND('',#697,.T.);
#379=FACE_OUTER_BOUND('',#698,.T.);
#380=FACE_OUTER_BOUND('',#699,.T.);
#381=FACE_OUTER_BOUND('',#700,.T.);
#382=FACE_OUTER_BOUND('',#701,.T.);
#383=FACE_OUTER_BOUND('',#702,.T.);
#384=FACE_OUTER_BOUND('',#711,.T.);
#385=FACE_OUTER_BOUND('',#712,.T.);
#386=FACE_OUTER_BOUND('',#713,.T.);
#387=FACE_OUTER_BOUND('',#715,.T.);
#388=FACE_OUTER_BOUND('',#716,.T.);
#389=FACE_OUTER_BOUND('',#717,.T.);
#390=FACE_OUTER_BOUND('',#718,.T.);
#391=FACE_OUTER_BOUND('',#719,.T.);
#392=FACE_OUTER_BOUND('',#720,.T.);
#393=FACE_OUTER_BOUND('',#721,.T.);
#394=FACE_OUTER_BOUND('',#722,.T.);
#395=FACE_OUTER_BOUND('',#723,.T.);
#396=FACE_OUTER_BOUND('',#724,.T.);
#397=FACE_OUTER_BOUND('',#725,.T.);
#398=FACE_OUTER_BOUND('',#726,.T.);
#399=FACE_OUTER_BOUND('',#727,.T.);
#400=FACE_OUTER_BOUND('',#728,.T.);
#401=FACE_OUTER_BOUND('',#729,.T.);
#402=FACE_OUTER_BOUND('',#730,.T.);
#403=FACE_OUTER_BOUND('',#731,.T.);
#404=FACE_OUTER_BOUND('',#732,.T.);
#405=FACE_OUTER_BOUND('',#733,.T.);
#406=FACE_OUTER_BOUND('',#734,.T.);
#407=FACE_OUTER_BOUND('',#735,.T.);
#408=FACE_OUTER_BOUND('',#736,.T.);
#409=FACE_OUTER_BOUND('',#737,.T.);
#410=FACE_OUTER_BOUND('',#738,.T.);
#411=FACE_OUTER_BOUND('',#739,.T.);
#412=FACE_OUTER_BOUND('',#740,.T.);
#413=FACE_OUTER_BOUND('',#741,.T.);
#414=FACE_OUTER_BOUND('',#742,.T.);
#415=FACE_OUTER_BOUND('',#743,.T.);
#416=FACE_OUTER_BOUND('',#744,.T.);
#417=FACE_OUTER_BOUND('',#745,.T.);
#418=FACE_OUTER_BOUND('',#746,.T.);
#419=FACE_OUTER_BOUND('',#747,.T.);
#420=FACE_OUTER_BOUND('',#748,.T.);
#421=FACE_OUTER_BOUND('',#749,.T.);
#422=FACE_OUTER_BOUND('',#750,.T.);
#423=FACE_OUTER_BOUND('',#751,.T.);
#424=FACE_OUTER_BOUND('',#752,.T.);
#425=FACE_OUTER_BOUND('',#753,.T.);
#426=FACE_OUTER_BOUND('',#754,.T.);
#427=FACE_OUTER_BOUND('',#755,.T.);
#428=FACE_OUTER_BOUND('',#756,.T.);
#429=FACE_OUTER_BOUND('',#757,.T.);
#430=FACE_OUTER_BOUND('',#758,.T.);
#431=FACE_OUTER_BOUND('',#759,.T.);
#432=FACE_OUTER_BOUND('',#760,.T.);
#433=FACE_OUTER_BOUND('',#762,.T.);
#434=FACE_OUTER_BOUND('',#775,.T.);
#435=FACE_OUTER_BOUND('',#788,.T.);
#436=FACE_OUTER_BOUND('',#789,.T.);
#437=FACE_OUTER_BOUND('',#790,.T.);
#438=FACE_OUTER_BOUND('',#791,.T.);
#439=FACE_OUTER_BOUND('',#792,.T.);
#440=FACE_OUTER_BOUND('',#793,.T.);
#441=FACE_OUTER_BOUND('',#794,.T.);
#442=FACE_OUTER_BOUND('',#795,.T.);
#443=FACE_OUTER_BOUND('',#796,.T.);
#444=FACE_OUTER_BOUND('',#798,.T.);
#445=FACE_OUTER_BOUND('',#799,.T.);
#446=FACE_OUTER_BOUND('',#800,.T.);
#447=FACE_OUTER_BOUND('',#801,.T.);
#448=FACE_OUTER_BOUND('',#802,.T.);
#449=FACE_OUTER_BOUND('',#805,.T.);
#450=FACE_OUTER_BOUND('',#806,.T.);
#451=FACE_OUTER_BOUND('',#807,.T.);
#452=FACE_OUTER_BOUND('',#808,.T.);
#453=FACE_OUTER_BOUND('',#809,.T.);
#454=FACE_OUTER_BOUND('',#810,.T.);
#455=FACE_OUTER_BOUND('',#811,.T.);
#456=FACE_OUTER_BOUND('',#812,.T.);
#457=FACE_OUTER_BOUND('',#815,.T.);
#458=FACE_OUTER_BOUND('',#816,.T.);
#459=FACE_OUTER_BOUND('',#817,.T.);
#460=FACE_OUTER_BOUND('',#818,.T.);
#461=FACE_OUTER_BOUND('',#819,.T.);
#462=FACE_OUTER_BOUND('',#820,.T.);
#463=FACE_OUTER_BOUND('',#821,.T.);
#464=FACE_OUTER_BOUND('',#822,.T.);
#465=FACE_OUTER_BOUND('',#823,.T.);
#466=FACE_OUTER_BOUND('',#824,.T.);
#467=FACE_OUTER_BOUND('',#825,.T.);
#468=FACE_OUTER_BOUND('',#826,.T.);
#469=FACE_OUTER_BOUND('',#827,.T.);
#470=FACE_OUTER_BOUND('',#828,.T.);
#471=FACE_OUTER_BOUND('',#829,.T.);
#472=FACE_OUTER_BOUND('',#830,.T.);
#473=FACE_OUTER_BOUND('',#831,.T.);
#474=FACE_OUTER_BOUND('',#832,.T.);
#475=FACE_OUTER_BOUND('',#833,.T.);
#476=FACE_OUTER_BOUND('',#834,.T.);
#477=FACE_OUTER_BOUND('',#836,.T.);
#478=FACE_OUTER_BOUND('',#837,.T.);
#479=FACE_OUTER_BOUND('',#838,.T.);
#480=FACE_OUTER_BOUND('',#839,.T.);
#481=FACE_OUTER_BOUND('',#840,.T.);
#482=FACE_OUTER_BOUND('',#841,.T.);
#483=FACE_OUTER_BOUND('',#842,.T.);
#484=FACE_OUTER_BOUND('',#843,.T.);
#485=FACE_OUTER_BOUND('',#844,.T.);
#486=FACE_OUTER_BOUND('',#845,.T.);
#487=FACE_OUTER_BOUND('',#846,.T.);
#488=FACE_OUTER_BOUND('',#847,.T.);
#489=FACE_OUTER_BOUND('',#848,.T.);
#490=FACE_OUTER_BOUND('',#850,.T.);
#491=FACE_OUTER_BOUND('',#851,.T.);
#492=FACE_OUTER_BOUND('',#852,.T.);
#493=FACE_OUTER_BOUND('',#853,.T.);
#494=FACE_OUTER_BOUND('',#854,.T.);
#495=FACE_OUTER_BOUND('',#855,.T.);
#496=FACE_OUTER_BOUND('',#857,.T.);
#497=FACE_OUTER_BOUND('',#858,.T.);
#498=FACE_OUTER_BOUND('',#860,.T.);
#499=FACE_OUTER_BOUND('',#861,.T.);
#500=FACE_OUTER_BOUND('',#863,.T.);
#501=FACE_OUTER_BOUND('',#864,.T.);
#502=FACE_OUTER_BOUND('',#865,.T.);
#503=FACE_OUTER_BOUND('',#866,.T.);
#504=FACE_OUTER_BOUND('',#867,.T.);
#505=FACE_OUTER_BOUND('',#868,.T.);
#506=FACE_OUTER_BOUND('',#869,.T.);
#507=FACE_OUTER_BOUND('',#870,.T.);
#508=FACE_OUTER_BOUND('',#872,.T.);
#509=FACE_OUTER_BOUND('',#873,.T.);
#510=FACE_OUTER_BOUND('',#875,.T.);
#511=FACE_OUTER_BOUND('',#876,.T.);
#512=FACE_OUTER_BOUND('',#878,.T.);
#513=FACE_OUTER_BOUND('',#882,.T.);
#514=FACE_OUTER_BOUND('',#883,.T.);
#515=FACE_OUTER_BOUND('',#884,.T.);
#516=FACE_OUTER_BOUND('',#885,.T.);
#517=FACE_OUTER_BOUND('',#886,.T.);
#518=FACE_OUTER_BOUND('',#887,.T.);
#519=FACE_OUTER_BOUND('',#888,.T.);
#520=FACE_OUTER_BOUND('',#889,.T.);
#521=FACE_OUTER_BOUND('',#893,.T.);
#522=FACE_OUTER_BOUND('',#899,.T.);
#523=FACE_OUTER_BOUND('',#900,.T.);
#524=FACE_OUTER_BOUND('',#902,.T.);
#525=FACE_OUTER_BOUND('',#903,.T.);
#526=FACE_OUTER_BOUND('',#904,.T.);
#527=FACE_OUTER_BOUND('',#905,.T.);
#528=FACE_OUTER_BOUND('',#906,.T.);
#529=FACE_OUTER_BOUND('',#907,.T.);
#530=FACE_OUTER_BOUND('',#908,.T.);
#531=FACE_OUTER_BOUND('',#909,.T.);
#532=FACE_OUTER_BOUND('',#910,.T.);
#533=FACE_OUTER_BOUND('',#911,.T.);
#534=FACE_OUTER_BOUND('',#912,.T.);
#535=FACE_OUTER_BOUND('',#913,.T.);
#536=FACE_OUTER_BOUND('',#914,.T.);
#537=FACE_OUTER_BOUND('',#915,.T.);
#538=FACE_OUTER_BOUND('',#916,.T.);
#539=FACE_OUTER_BOUND('',#917,.T.);
#540=FACE_OUTER_BOUND('',#918,.T.);
#541=FACE_OUTER_BOUND('',#919,.T.);
#542=FACE_OUTER_BOUND('',#920,.T.);
#543=FACE_OUTER_BOUND('',#921,.T.);
#544=FACE_OUTER_BOUND('',#922,.T.);
#545=FACE_OUTER_BOUND('',#923,.T.);
#546=FACE_OUTER_BOUND('',#924,.T.);
#547=FACE_OUTER_BOUND('',#925,.T.);
#548=FACE_OUTER_BOUND('',#926,.T.);
#549=FACE_OUTER_BOUND('',#927,.T.);
#550=FACE_OUTER_BOUND('',#928,.T.);
#551=FACE_OUTER_BOUND('',#929,.T.);
#552=FACE_OUTER_BOUND('',#930,.T.);
#553=FACE_OUTER_BOUND('',#931,.T.);
#554=FACE_OUTER_BOUND('',#932,.T.);
#555=FACE_OUTER_BOUND('',#933,.T.);
#556=FACE_OUTER_BOUND('',#934,.T.);
#557=FACE_OUTER_BOUND('',#935,.T.);
#558=FACE_OUTER_BOUND('',#936,.T.);
#559=FACE_OUTER_BOUND('',#937,.T.);
#560=FACE_OUTER_BOUND('',#938,.T.);
#561=FACE_OUTER_BOUND('',#939,.T.);
#562=FACE_OUTER_BOUND('',#940,.T.);
#563=FACE_OUTER_BOUND('',#941,.T.);
#564=FACE_OUTER_BOUND('',#942,.T.);
#565=FACE_OUTER_BOUND('',#943,.T.);
#566=FACE_OUTER_BOUND('',#944,.T.);
#567=FACE_OUTER_BOUND('',#945,.T.);
#568=FACE_OUTER_BOUND('',#946,.T.);
#569=FACE_OUTER_BOUND('',#947,.T.);
#570=FACE_OUTER_BOUND('',#948,.T.);
#571=FACE_OUTER_BOUND('',#949,.T.);
#572=FACE_OUTER_BOUND('',#950,.T.);
#573=FACE_OUTER_BOUND('',#951,.T.);
#574=FACE_OUTER_BOUND('',#956,.T.);
#575=FACE_OUTER_BOUND('',#957,.T.);
#576=FACE_OUTER_BOUND('',#958,.T.);
#577=FACE_OUTER_BOUND('',#959,.T.);
#578=FACE_OUTER_BOUND('',#960,.T.);
#579=FACE_OUTER_BOUND('',#961,.T.);
#580=FACE_OUTER_BOUND('',#962,.T.);
#581=FACE_OUTER_BOUND('',#963,.T.);
#582=FACE_OUTER_BOUND('',#964,.T.);
#583=FACE_OUTER_BOUND('',#965,.T.);
#584=FACE_OUTER_BOUND('',#966,.T.);
#585=FACE_OUTER_BOUND('',#967,.T.);
#586=FACE_OUTER_BOUND('',#970,.T.);
#587=FACE_OUTER_BOUND('',#971,.T.);
#588=FACE_OUTER_BOUND('',#972,.T.);
#589=FACE_OUTER_BOUND('',#973,.T.);
#590=FACE_OUTER_BOUND('',#974,.T.);
#591=FACE_OUTER_BOUND('',#975,.T.);
#592=FACE_OUTER_BOUND('',#976,.T.);
#593=FACE_OUTER_BOUND('',#977,.T.);
#594=FACE_OUTER_BOUND('',#978,.T.);
#595=FACE_OUTER_BOUND('',#984,.T.);
#596=FACE_OUTER_BOUND('',#985,.T.);
#597=FACE_OUTER_BOUND('',#986,.T.);
#598=FACE_OUTER_BOUND('',#987,.T.);
#599=FACE_OUTER_BOUND('',#988,.T.);
#600=FACE_OUTER_BOUND('',#989,.T.);
#601=FACE_OUTER_BOUND('',#990,.T.);
#602=FACE_OUTER_BOUND('',#991,.T.);
#603=FACE_OUTER_BOUND('',#992,.T.);
#604=FACE_OUTER_BOUND('',#993,.T.);
#605=FACE_OUTER_BOUND('',#994,.T.);
#606=FACE_OUTER_BOUND('',#995,.T.);
#607=FACE_OUTER_BOUND('',#996,.T.);
#608=FACE_OUTER_BOUND('',#997,.T.);
#609=FACE_OUTER_BOUND('',#998,.T.);
#610=FACE_OUTER_BOUND('',#999,.T.);
#611=FACE_OUTER_BOUND('',#1000,.T.);
#612=FACE_OUTER_BOUND('',#1001,.T.);
#613=FACE_OUTER_BOUND('',#1002,.T.);
#614=FACE_OUTER_BOUND('',#1003,.T.);
#615=FACE_OUTER_BOUND('',#1004,.T.);
#616=FACE_OUTER_BOUND('',#1005,.T.);
#617=FACE_OUTER_BOUND('',#1006,.T.);
#618=FACE_OUTER_BOUND('',#1007,.T.);
#619=FACE_OUTER_BOUND('',#1008,.T.);
#620=EDGE_LOOP('',(#3737,#3738,#3739,#3740));
#621=EDGE_LOOP('',(#3741,#3742,#3743,#3744));
#622=EDGE_LOOP('',(#3745,#3746,#3747,#3748,#3749,#3750,#3751,#3752,#3753,
#3754,#3755,#3756,#3757,#3758,#3759,#3760,#3761,#3762,#3763,#3764,#3765,
#3766,#3767,#3768,#3769,#3770,#3771,#3772,#3773,#3774,#3775,#3776,#3777,
#3778,#3779,#3780,#3781,#3782,#3783,#3784,#3785,#3786,#3787));
#623=EDGE_LOOP('',(#3788));
#624=EDGE_LOOP('',(#3789));
#625=EDGE_LOOP('',(#3790));
#626=EDGE_LOOP('',(#3791));
#627=EDGE_LOOP('',(#3792,#3793,#3794,#3795));
#628=EDGE_LOOP('',(#3796,#3797,#3798,#3799));
#629=EDGE_LOOP('',(#3800,#3801,#3802,#3803));
#630=EDGE_LOOP('',(#3804,#3805,#3806,#3807,#3808,#3809,#3810,#3811,#3812,
#3813,#3814,#3815,#3816,#3817));
#631=EDGE_LOOP('',(#3818,#3819,#3820,#3821));
#632=EDGE_LOOP('',(#3822,#3823,#3824,#3825));
#633=EDGE_LOOP('',(#3826,#3827,#3828,#3829,#3830,#3831));
#634=EDGE_LOOP('',(#3832));
#635=EDGE_LOOP('',(#3833));
#636=EDGE_LOOP('',(#3834));
#637=EDGE_LOOP('',(#3835,#3836,#3837,#3838));
#638=EDGE_LOOP('',(#3839,#3840,#3841,#3842));
#639=EDGE_LOOP('',(#3843,#3844,#3845,#3846));
#640=EDGE_LOOP('',(#3847,#3848,#3849,#3850));
#641=EDGE_LOOP('',(#3851,#3852,#3853,#3854,#3855,#3856,#3857));
#642=EDGE_LOOP('',(#3858,#3859,#3860,#3861,#3862,#3863));
#643=EDGE_LOOP('',(#3864,#3865,#3866,#3867,#3868,#3869,#3870));
#644=EDGE_LOOP('',(#3871,#3872,#3873,#3874,#3875,#3876,#3877,#3878,#3879,
#3880,#3881,#3882,#3883,#3884,#3885));
#645=EDGE_LOOP('',(#3886,#3887,#3888,#3889,#3890,#3891));
#646=EDGE_LOOP('',(#3892,#3893,#3894,#3895,#3896,#3897));
#647=EDGE_LOOP('',(#3898,#3899,#3900,#3901,#3902,#3903));
#648=EDGE_LOOP('',(#3904));
#649=EDGE_LOOP('',(#3905));
#650=EDGE_LOOP('',(#3906));
#651=EDGE_LOOP('',(#3907,#3908,#3909,#3910));
#652=EDGE_LOOP('',(#3911,#3912,#3913,#3914,#3915,#3916,#3917,#3918,#3919,
#3920,#3921,#3922,#3923,#3924,#3925,#3926));
#653=EDGE_LOOP('',(#3927));
#654=EDGE_LOOP('',(#3928,#3929,#3930,#3931));
#655=EDGE_LOOP('',(#3932,#3933,#3934,#3935));
#656=EDGE_LOOP('',(#3936));
#657=EDGE_LOOP('',(#3937));
#658=EDGE_LOOP('',(#3938,#3939,#3940,#3941));
#659=EDGE_LOOP('',(#3942));
#660=EDGE_LOOP('',(#3943));
#661=EDGE_LOOP('',(#3944));
#662=EDGE_LOOP('',(#3945));
#663=EDGE_LOOP('',(#3946));
#664=EDGE_LOOP('',(#3947));
#665=EDGE_LOOP('',(#3948,#3949,#3950,#3951));
#666=EDGE_LOOP('',(#3952,#3953,#3954,#3955));
#667=EDGE_LOOP('',(#3956,#3957,#3958));
#668=EDGE_LOOP('',(#3959,#3960,#3961,#3962));
#669=EDGE_LOOP('',(#3963,#3964,#3965));
#670=EDGE_LOOP('',(#3966,#3967,#3968,#3969));
#671=EDGE_LOOP('',(#3970,#3971,#3972,#3973));
#672=EDGE_LOOP('',(#3974,#3975,#3976,#3977,#3978));
#673=EDGE_LOOP('',(#3979,#3980,#3981,#3982));
#674=EDGE_LOOP('',(#3983,#3984,#3985,#3986));
#675=EDGE_LOOP('',(#3987,#3988,#3989,#3990,#3991));
#676=EDGE_LOOP('',(#3992,#3993,#3994,#3995));
#677=EDGE_LOOP('',(#3996,#3997,#3998,#3999));
#678=EDGE_LOOP('',(#4000,#4001,#4002,#4003));
#679=EDGE_LOOP('',(#4004,#4005,#4006,#4007));
#680=EDGE_LOOP('',(#4008,#4009,#4010,#4011));
#681=EDGE_LOOP('',(#4012));
#682=EDGE_LOOP('',(#4013));
#683=EDGE_LOOP('',(#4014,#4015,#4016,#4017));
#684=EDGE_LOOP('',(#4018,#4019,#4020,#4021));
#685=EDGE_LOOP('',(#4022,#4023,#4024,#4025,#4026,#4027,#4028,#4029,#4030,
#4031));
#686=EDGE_LOOP('',(#4032,#4033,#4034,#4035,#4036,#4037,#4038,#4039));
#687=EDGE_LOOP('',(#4040,#4041,#4042,#4043));
#688=EDGE_LOOP('',(#4044,#4045,#4046,#4047));
#689=EDGE_LOOP('',(#4048,#4049,#4050,#4051));
#690=EDGE_LOOP('',(#4052,#4053,#4054,#4055));
#691=EDGE_LOOP('',(#4056,#4057,#4058,#4059));
#692=EDGE_LOOP('',(#4060,#4061,#4062,#4063,#4064,#4065,#4066,#4067));
#693=EDGE_LOOP('',(#4068));
#694=EDGE_LOOP('',(#4069));
#695=EDGE_LOOP('',(#4070,#4071,#4072,#4073));
#696=EDGE_LOOP('',(#4074,#4075,#4076,#4077,#4078));
#697=EDGE_LOOP('',(#4079,#4080,#4081,#4082,#4083));
#698=EDGE_LOOP('',(#4084,#4085,#4086,#4087));
#699=EDGE_LOOP('',(#4088,#4089,#4090,#4091,#4092));
#700=EDGE_LOOP('',(#4093,#4094,#4095,#4096));
#701=EDGE_LOOP('',(#4097,#4098,#4099,#4100));
#702=EDGE_LOOP('',(#4101,#4102,#4103,#4104,#4105,#4106,#4107,#4108,#4109,
#4110,#4111,#4112,#4113,#4114,#4115,#4116,#4117,#4118,#4119,#4120,#4121,
#4122,#4123,#4124,#4125,#4126,#4127,#4128,#4129,#4130,#4131,#4132));
#703=EDGE_LOOP('',(#4133,#4134,#4135,#4136,#4137,#4138,#4139,#4140,#4141));
#704=EDGE_LOOP('',(#4142));
#705=EDGE_LOOP('',(#4143));
#706=EDGE_LOOP('',(#4144,#4145,#4146,#4147));
#707=EDGE_LOOP('',(#4148));
#708=EDGE_LOOP('',(#4149));
#709=EDGE_LOOP('',(#4150,#4151,#4152,#4153));
#710=EDGE_LOOP('',(#4154,#4155,#4156,#4157));
#711=EDGE_LOOP('',(#4158,#4159,#4160,#4161));
#712=EDGE_LOOP('',(#4162,#4163,#4164,#4165,#4166,#4167,#4168));
#713=EDGE_LOOP('',(#4169,#4170,#4171,#4172));
#714=EDGE_LOOP('',(#4173));
#715=EDGE_LOOP('',(#4174,#4175,#4176,#4177));
#716=EDGE_LOOP('',(#4178,#4179,#4180));
#717=EDGE_LOOP('',(#4181,#4182,#4183,#4184,#4185));
#718=EDGE_LOOP('',(#4186,#4187,#4188,#4189));
#719=EDGE_LOOP('',(#4190,#4191,#4192,#4193));
#720=EDGE_LOOP('',(#4194,#4195,#4196,#4197));
#721=EDGE_LOOP('',(#4198,#4199,#4200,#4201));
#722=EDGE_LOOP('',(#4202,#4203,#4204,#4205));
#723=EDGE_LOOP('',(#4206,#4207,#4208,#4209,#4210,#4211,#4212));
#724=EDGE_LOOP('',(#4213,#4214,#4215,#4216));
#725=EDGE_LOOP('',(#4217,#4218,#4219,#4220));
#726=EDGE_LOOP('',(#4221,#4222,#4223,#4224));
#727=EDGE_LOOP('',(#4225,#4226,#4227,#4228));
#728=EDGE_LOOP('',(#4229,#4230,#4231,#4232));
#729=EDGE_LOOP('',(#4233,#4234,#4235,#4236));
#730=EDGE_LOOP('',(#4237,#4238,#4239,#4240));
#731=EDGE_LOOP('',(#4241));
#732=EDGE_LOOP('',(#4242,#4243,#4244,#4245));
#733=EDGE_LOOP('',(#4246,#4247,#4248,#4249));
#734=EDGE_LOOP('',(#4250));
#735=EDGE_LOOP('',(#4251,#4252,#4253,#4254));
#736=EDGE_LOOP('',(#4255,#4256,#4257,#4258));
#737=EDGE_LOOP('',(#4259,#4260,#4261,#4262));
#738=EDGE_LOOP('',(#4263,#4264,#4265,#4266));
#739=EDGE_LOOP('',(#4267,#4268,#4269,#4270));
#740=EDGE_LOOP('',(#4271,#4272,#4273,#4274));
#741=EDGE_LOOP('',(#4275,#4276,#4277,#4278));
#742=EDGE_LOOP('',(#4279,#4280,#4281,#4282));
#743=EDGE_LOOP('',(#4283,#4284,#4285,#4286));
#744=EDGE_LOOP('',(#4287,#4288,#4289,#4290));
#745=EDGE_LOOP('',(#4291,#4292,#4293,#4294));
#746=EDGE_LOOP('',(#4295,#4296,#4297,#4298));
#747=EDGE_LOOP('',(#4299,#4300,#4301,#4302));
#748=EDGE_LOOP('',(#4303,#4304,#4305,#4306));
#749=EDGE_LOOP('',(#4307,#4308,#4309,#4310));
#750=EDGE_LOOP('',(#4311,#4312,#4313,#4314));
#751=EDGE_LOOP('',(#4315,#4316,#4317,#4318));
#752=EDGE_LOOP('',(#4319,#4320,#4321,#4322));
#753=EDGE_LOOP('',(#4323,#4324,#4325,#4326));
#754=EDGE_LOOP('',(#4327,#4328,#4329,#4330));
#755=EDGE_LOOP('',(#4331,#4332,#4333,#4334));
#756=EDGE_LOOP('',(#4335,#4336,#4337,#4338));
#757=EDGE_LOOP('',(#4339,#4340,#4341,#4342));
#758=EDGE_LOOP('',(#4343,#4344,#4345,#4346));
#759=EDGE_LOOP('',(#4347,#4348,#4349,#4350));
#760=EDGE_LOOP('',(#4351,#4352,#4353,#4354,#4355,#4356,#4357,#4358,#4359,
#4360));
#761=EDGE_LOOP('',(#4361,#4362,#4363,#4364,#4365,#4366,#4367,#4368));
#762=EDGE_LOOP('',(#4369,#4370,#4371,#4372));
#763=EDGE_LOOP('',(#4373,#4374,#4375));
#764=EDGE_LOOP('',(#4376,#4377,#4378,#4379));
#765=EDGE_LOOP('',(#4380,#4381,#4382,#4383));
#766=EDGE_LOOP('',(#4384,#4385,#4386,#4387));
#767=EDGE_LOOP('',(#4388,#4389,#4390,#4391,#4392));
#768=EDGE_LOOP('',(#4393,#4394,#4395,#4396));
#769=EDGE_LOOP('',(#4397,#4398,#4399));
#770=EDGE_LOOP('',(#4400,#4401,#4402,#4403));
#771=EDGE_LOOP('',(#4404,#4405,#4406,#4407));
#772=EDGE_LOOP('',(#4408,#4409,#4410,#4411));
#773=EDGE_LOOP('',(#4412,#4413,#4414,#4415,#4416));
#774=EDGE_LOOP('',(#4417,#4418,#4419,#4420));
#775=EDGE_LOOP('',(#4421,#4422,#4423,#4424));
#776=EDGE_LOOP('',(#4425,#4426,#4427,#4428));
#777=EDGE_LOOP('',(#4429,#4430,#4431,#4432,#4433));
#778=EDGE_LOOP('',(#4434,#4435,#4436,#4437));
#779=EDGE_LOOP('',(#4438,#4439,#4440,#4441,#4442));
#780=EDGE_LOOP('',(#4443,#4444,#4445,#4446));
#781=EDGE_LOOP('',(#4447,#4448,#4449));
#782=EDGE_LOOP('',(#4450,#4451,#4452,#4453));
#783=EDGE_LOOP('',(#4454,#4455,#4456,#4457));
#784=EDGE_LOOP('',(#4458,#4459,#4460,#4461));
#785=EDGE_LOOP('',(#4462,#4463,#4464,#4465));
#786=EDGE_LOOP('',(#4466,#4467,#4468,#4469));
#787=EDGE_LOOP('',(#4470,#4471,#4472));
#788=EDGE_LOOP('',(#4473,#4474,#4475,#4476));
#789=EDGE_LOOP('',(#4477,#4478,#4479,#4480));
#790=EDGE_LOOP('',(#4481,#4482,#4483,#4484));
#791=EDGE_LOOP('',(#4485,#4486,#4487,#4488,#4489));
#792=EDGE_LOOP('',(#4490,#4491,#4492,#4493));
#793=EDGE_LOOP('',(#4494,#4495,#4496,#4497));
#794=EDGE_LOOP('',(#4498,#4499,#4500,#4501));
#795=EDGE_LOOP('',(#4502));
#796=EDGE_LOOP('',(#4503,#4504,#4505,#4506));
#797=EDGE_LOOP('',(#4507));
#798=EDGE_LOOP('',(#4508,#4509,#4510,#4511));
#799=EDGE_LOOP('',(#4512,#4513,#4514,#4515));
#800=EDGE_LOOP('',(#4516,#4517,#4518,#4519));
#801=EDGE_LOOP('',(#4520,#4521,#4522,#4523));
#802=EDGE_LOOP('',(#4524,#4525,#4526,#4527));
#803=EDGE_LOOP('',(#4528));
#804=EDGE_LOOP('',(#4529));
#805=EDGE_LOOP('',(#4530));
#806=EDGE_LOOP('',(#4531,#4532,#4533,#4534));
#807=EDGE_LOOP('',(#4535));
#808=EDGE_LOOP('',(#4536,#4537,#4538,#4539));
#809=EDGE_LOOP('',(#4540,#4541,#4542,#4543));
#810=EDGE_LOOP('',(#4544,#4545,#4546,#4547));
#811=EDGE_LOOP('',(#4548,#4549,#4550,#4551));
#812=EDGE_LOOP('',(#4552,#4553,#4554,#4555));
#813=EDGE_LOOP('',(#4556));
#814=EDGE_LOOP('',(#4557));
#815=EDGE_LOOP('',(#4558));
#816=EDGE_LOOP('',(#4559));
#817=EDGE_LOOP('',(#4560));
#818=EDGE_LOOP('',(#4561,#4562,#4563,#4564));
#819=EDGE_LOOP('',(#4565,#4566,#4567,#4568));
#820=EDGE_LOOP('',(#4569,#4570,#4571,#4572));
#821=EDGE_LOOP('',(#4573,#4574,#4575,#4576));
#822=EDGE_LOOP('',(#4577,#4578,#4579,#4580));
#823=EDGE_LOOP('',(#4581,#4582,#4583,#4584));
#824=EDGE_LOOP('',(#4585,#4586,#4587,#4588));
#825=EDGE_LOOP('',(#4589,#4590,#4591,#4592));
#826=EDGE_LOOP('',(#4593,#4594,#4595,#4596));
#827=EDGE_LOOP('',(#4597,#4598,#4599,#4600));
#828=EDGE_LOOP('',(#4601,#4602,#4603,#4604));
#829=EDGE_LOOP('',(#4605,#4606,#4607,#4608));
#830=EDGE_LOOP('',(#4609,#4610,#4611,#4612));
#831=EDGE_LOOP('',(#4613,#4614,#4615,#4616));
#832=EDGE_LOOP('',(#4617,#4618,#4619,#4620));
#833=EDGE_LOOP('',(#4621,#4622,#4623,#4624));
#834=EDGE_LOOP('',(#4625,#4626,#4627,#4628,#4629,#4630,#4631,#4632));
#835=EDGE_LOOP('',(#4633,#4634,#4635,#4636,#4637,#4638,#4639,#4640));
#836=EDGE_LOOP('',(#4641,#4642,#4643,#4644));
#837=EDGE_LOOP('',(#4645,#4646,#4647,#4648));
#838=EDGE_LOOP('',(#4649,#4650,#4651,#4652));
#839=EDGE_LOOP('',(#4653,#4654,#4655,#4656));
#840=EDGE_LOOP('',(#4657,#4658,#4659,#4660));
#841=EDGE_LOOP('',(#4661,#4662,#4663,#4664));
#842=EDGE_LOOP('',(#4665,#4666,#4667,#4668));
#843=EDGE_LOOP('',(#4669,#4670,#4671,#4672));
#844=EDGE_LOOP('',(#4673,#4674,#4675,#4676));
#845=EDGE_LOOP('',(#4677,#4678,#4679,#4680));
#846=EDGE_LOOP('',(#4681,#4682,#4683,#4684));
#847=EDGE_LOOP('',(#4685,#4686,#4687,#4688));
#848=EDGE_LOOP('',(#4689,#4690,#4691,#4692));
#849=EDGE_LOOP('',(#4693,#4694,#4695,#4696,#4697,#4698,#4699,#4700));
#850=EDGE_LOOP('',(#4701,#4702,#4703,#4704));
#851=EDGE_LOOP('',(#4705,#4706,#4707,#4708));
#852=EDGE_LOOP('',(#4709,#4710,#4711,#4712));
#853=EDGE_LOOP('',(#4713,#4714,#4715,#4716));
#854=EDGE_LOOP('',(#4717,#4718,#4719,#4720));
#855=EDGE_LOOP('',(#4721));
#856=EDGE_LOOP('',(#4722));
#857=EDGE_LOOP('',(#4723,#4724,#4725,#4726));
#858=EDGE_LOOP('',(#4727));
#859=EDGE_LOOP('',(#4728));
#860=EDGE_LOOP('',(#4729,#4730,#4731,#4732));
#861=EDGE_LOOP('',(#4733));
#862=EDGE_LOOP('',(#4734));
#863=EDGE_LOOP('',(#4735,#4736,#4737,#4738));
#864=EDGE_LOOP('',(#4739,#4740,#4741,#4742));
#865=EDGE_LOOP('',(#4743,#4744,#4745,#4746));
#866=EDGE_LOOP('',(#4747,#4748,#4749,#4750));
#867=EDGE_LOOP('',(#4751,#4752,#4753,#4754));
#868=EDGE_LOOP('',(#4755,#4756,#4757,#4758));
#869=EDGE_LOOP('',(#4759,#4760,#4761,#4762));
#870=EDGE_LOOP('',(#4763));
#871=EDGE_LOOP('',(#4764));
#872=EDGE_LOOP('',(#4765,#4766,#4767,#4768));
#873=EDGE_LOOP('',(#4769));
#874=EDGE_LOOP('',(#4770));
#875=EDGE_LOOP('',(#4771,#4772,#4773,#4774));
#876=EDGE_LOOP('',(#4775));
#877=EDGE_LOOP('',(#4776));
#878=EDGE_LOOP('',(#4777,#4778,#4779,#4780,#4781,#4782));
#879=EDGE_LOOP('',(#4783));
#880=EDGE_LOOP('',(#4784));
#881=EDGE_LOOP('',(#4785));
#882=EDGE_LOOP('',(#4786,#4787,#4788,#4789));
#883=EDGE_LOOP('',(#4790,#4791,#4792,#4793));
#884=EDGE_LOOP('',(#4794,#4795,#4796,#4797));
#885=EDGE_LOOP('',(#4798,#4799,#4800,#4801));
#886=EDGE_LOOP('',(#4802,#4803,#4804,#4805,#4806,#4807));
#887=EDGE_LOOP('',(#4808,#4809,#4810,#4811));
#888=EDGE_LOOP('',(#4812,#4813,#4814,#4815));
#889=EDGE_LOOP('',(#4816,#4817,#4818,#4819,#4820,#4821));
#890=EDGE_LOOP('',(#4822));
#891=EDGE_LOOP('',(#4823));
#892=EDGE_LOOP('',(#4824));
#893=EDGE_LOOP('',(#4825,#4826,#4827,#4828,#4829,#4830,#4831,#4832,#4833,
#4834,#4835,#4836));
#894=EDGE_LOOP('',(#4837,#4838,#4839,#4840));
#895=EDGE_LOOP('',(#4841));
#896=EDGE_LOOP('',(#4842));
#897=EDGE_LOOP('',(#4843));
#898=EDGE_LOOP('',(#4844));
#899=EDGE_LOOP('',(#4845,#4846,#4847,#4848));
#900=EDGE_LOOP('',(#4849,#4850,#4851,#4852));
#901=EDGE_LOOP('',(#4853));
#902=EDGE_LOOP('',(#4854,#4855,#4856,#4857));
#903=EDGE_LOOP('',(#4858,#4859,#4860,#4861));
#904=EDGE_LOOP('',(#4862,#4863,#4864,#4865));
#905=EDGE_LOOP('',(#4866,#4867,#4868,#4869));
#906=EDGE_LOOP('',(#4870,#4871,#4872,#4873));
#907=EDGE_LOOP('',(#4874,#4875,#4876,#4877));
#908=EDGE_LOOP('',(#4878,#4879,#4880,#4881));
#909=EDGE_LOOP('',(#4882,#4883,#4884,#4885));
#910=EDGE_LOOP('',(#4886,#4887,#4888,#4889));
#911=EDGE_LOOP('',(#4890,#4891,#4892,#4893));
#912=EDGE_LOOP('',(#4894,#4895,#4896,#4897));
#913=EDGE_LOOP('',(#4898,#4899,#4900,#4901));
#914=EDGE_LOOP('',(#4902,#4903,#4904,#4905));
#915=EDGE_LOOP('',(#4906,#4907,#4908,#4909));
#916=EDGE_LOOP('',(#4910,#4911,#4912,#4913));
#917=EDGE_LOOP('',(#4914,#4915,#4916,#4917));
#918=EDGE_LOOP('',(#4918,#4919,#4920,#4921));
#919=EDGE_LOOP('',(#4922,#4923,#4924,#4925));
#920=EDGE_LOOP('',(#4926,#4927,#4928,#4929));
#921=EDGE_LOOP('',(#4930,#4931,#4932,#4933));
#922=EDGE_LOOP('',(#4934,#4935,#4936,#4937));
#923=EDGE_LOOP('',(#4938,#4939,#4940,#4941));
#924=EDGE_LOOP('',(#4942,#4943,#4944,#4945));
#925=EDGE_LOOP('',(#4946,#4947,#4948,#4949));
#926=EDGE_LOOP('',(#4950,#4951,#4952,#4953));
#927=EDGE_LOOP('',(#4954,#4955,#4956,#4957));
#928=EDGE_LOOP('',(#4958,#4959,#4960,#4961));
#929=EDGE_LOOP('',(#4962,#4963,#4964,#4965));
#930=EDGE_LOOP('',(#4966,#4967,#4968,#4969));
#931=EDGE_LOOP('',(#4970,#4971,#4972,#4973));
#932=EDGE_LOOP('',(#4974,#4975,#4976,#4977));
#933=EDGE_LOOP('',(#4978,#4979,#4980,#4981));
#934=EDGE_LOOP('',(#4982,#4983,#4984,#4985));
#935=EDGE_LOOP('',(#4986,#4987,#4988,#4989));
#936=EDGE_LOOP('',(#4990,#4991,#4992,#4993));
#937=EDGE_LOOP('',(#4994,#4995,#4996,#4997));
#938=EDGE_LOOP('',(#4998,#4999,#5000,#5001));
#939=EDGE_LOOP('',(#5002,#5003,#5004,#5005));
#940=EDGE_LOOP('',(#5006,#5007,#5008,#5009));
#941=EDGE_LOOP('',(#5010,#5011,#5012,#5013));
#942=EDGE_LOOP('',(#5014,#5015,#5016,#5017));
#943=EDGE_LOOP('',(#5018,#5019,#5020,#5021));
#944=EDGE_LOOP('',(#5022,#5023,#5024,#5025));
#945=EDGE_LOOP('',(#5026,#5027,#5028,#5029));
#946=EDGE_LOOP('',(#5030,#5031,#5032,#5033));
#947=EDGE_LOOP('',(#5034,#5035,#5036,#5037));
#948=EDGE_LOOP('',(#5038,#5039,#5040,#5041));
#949=EDGE_LOOP('',(#5042,#5043,#5044,#5045));
#950=EDGE_LOOP('',(#5046,#5047,#5048,#5049));
#951=EDGE_LOOP('',(#5050,#5051,#5052,#5053,#5054,#5055,#5056,#5057,#5058,
#5059,#5060,#5061,#5062,#5063,#5064,#5065,#5066,#5067,#5068,#5069,#5070,
#5071,#5072,#5073,#5074,#5075,#5076,#5077,#5078,#5079,#5080,#5081,#5082,
#5083,#5084));
#952=EDGE_LOOP('',(#5085,#5086,#5087,#5088));
#953=EDGE_LOOP('',(#5089,#5090,#5091,#5092));
#954=EDGE_LOOP('',(#5093,#5094,#5095,#5096));
#955=EDGE_LOOP('',(#5097,#5098,#5099,#5100));
#956=EDGE_LOOP('',(#5101,#5102,#5103,#5104));
#957=EDGE_LOOP('',(#5105,#5106,#5107,#5108));
#958=EDGE_LOOP('',(#5109,#5110,#5111,#5112));
#959=EDGE_LOOP('',(#5113,#5114,#5115,#5116));
#960=EDGE_LOOP('',(#5117,#5118,#5119,#5120));
#961=EDGE_LOOP('',(#5121,#5122,#5123,#5124));
#962=EDGE_LOOP('',(#5125,#5126,#5127,#5128));
#963=EDGE_LOOP('',(#5129,#5130,#5131,#5132));
#964=EDGE_LOOP('',(#5133,#5134,#5135,#5136));
#965=EDGE_LOOP('',(#5137,#5138,#5139,#5140));
#966=EDGE_LOOP('',(#5141,#5142,#5143,#5144));
#967=EDGE_LOOP('',(#5145,#5146,#5147,#5148,#5149,#5150,#5151,#5152,#5153,
#5154,#5155,#5156,#5157,#5158,#5159,#5160,#5161,#5162,#5163,#5164));
#968=EDGE_LOOP('',(#5165));
#969=EDGE_LOOP('',(#5166));
#970=EDGE_LOOP('',(#5167,#5168,#5169,#5170));
#971=EDGE_LOOP('',(#5171,#5172,#5173,#5174));
#972=EDGE_LOOP('',(#5175,#5176,#5177,#5178));
#973=EDGE_LOOP('',(#5179,#5180,#5181,#5182,#5183));
#974=EDGE_LOOP('',(#5184,#5185,#5186,#5187));
#975=EDGE_LOOP('',(#5188,#5189,#5190,#5191));
#976=EDGE_LOOP('',(#5192,#5193,#5194,#5195));
#977=EDGE_LOOP('',(#5196,#5197,#5198,#5199));
#978=EDGE_LOOP('',(#5200,#5201,#5202,#5203));
#979=EDGE_LOOP('',(#5204));
#980=EDGE_LOOP('',(#5205));
#981=EDGE_LOOP('',(#5206));
#982=EDGE_LOOP('',(#5207));
#983=EDGE_LOOP('',(#5208,#5209,#5210,#5211,#5212,#5213,#5214,#5215));
#984=EDGE_LOOP('',(#5216,#5217,#5218,#5219));
#985=EDGE_LOOP('',(#5220,#5221,#5222,#5223));
#986=EDGE_LOOP('',(#5224,#5225,#5226,#5227));
#987=EDGE_LOOP('',(#5228,#5229,#5230,#5231));
#988=EDGE_LOOP('',(#5232,#5233,#5234,#5235));
#989=EDGE_LOOP('',(#5236,#5237,#5238,#5239));
#990=EDGE_LOOP('',(#5240,#5241,#5242,#5243,#5244));
#991=EDGE_LOOP('',(#5245,#5246,#5247,#5248,#5249));
#992=EDGE_LOOP('',(#5250,#5251,#5252,#5253));
#993=EDGE_LOOP('',(#5254,#5255,#5256,#5257));
#994=EDGE_LOOP('',(#5258,#5259,#5260,#5261));
#995=EDGE_LOOP('',(#5262,#5263,#5264,#5265));
#996=EDGE_LOOP('',(#5266,#5267,#5268,#5269,#5270));
#997=EDGE_LOOP('',(#5271,#5272,#5273,#5274,#5275));
#998=EDGE_LOOP('',(#5276,#5277,#5278,#5279,#5280));
#999=EDGE_LOOP('',(#5281,#5282,#5283,#5284,#5285));
#1000=EDGE_LOOP('',(#5286,#5287,#5288,#5289,#5290));
#1001=EDGE_LOOP('',(#5291,#5292,#5293,#5294));
#1002=EDGE_LOOP('',(#5295,#5296,#5297,#5298));
#1003=EDGE_LOOP('',(#5299,#5300,#5301,#5302));
#1004=EDGE_LOOP('',(#5303,#5304,#5305,#5306));
#1005=EDGE_LOOP('',(#5307,#5308,#5309,#5310));
#1006=EDGE_LOOP('',(#5311,#5312,#5313,#5314));
#1007=EDGE_LOOP('',(#5315,#5316,#5317,#5318));
#1008=EDGE_LOOP('',(#5319,#5320,#5321,#5322));
#1009=LINE('',#7659,#1636);
#1010=LINE('',#7662,#1637);
#1011=LINE('',#7665,#1638);
#1012=LINE('',#7667,#1639);
#1013=LINE('',#7668,#1640);
#1014=LINE('',#7671,#1641);
#1015=LINE('',#7673,#1642);
#1016=LINE('',#7675,#1643);
#1017=LINE('',#7677,#1644);
#1018=LINE('',#7681,#1645);
#1019=LINE('',#7685,#1646);
#1020=LINE('',#7689,#1647);
#1021=LINE('',#7693,#1648);
#1022=LINE('',#7697,#1649);
#1023=LINE('',#7701,#1650);
#1024=LINE('',#7705,#1651);
#1025=LINE('',#7707,#1652);
#1026=LINE('',#7709,#1653);
#1027=LINE('',#7713,#1654);
#1028=LINE('',#7717,#1655);
#1029=LINE('',#7719,#1656);
#1030=LINE('',#7721,#1657);
#1031=LINE('',#7723,#1658);
#1032=LINE('',#7725,#1659);
#1033=LINE('',#7727,#1660);
#1034=LINE('',#7729,#1661);
#1035=LINE('',#7731,#1662);
#1036=LINE('',#7733,#1663);
#1037=LINE('',#7735,#1664);
#1038=LINE('',#7737,#1665);
#1039=LINE('',#7739,#1666);
#1040=LINE('',#7741,#1667);
#1041=LINE('',#7743,#1668);
#1042=LINE('',#7745,#1669);
#1043=LINE('',#7749,#1670);
#1044=LINE('',#7750,#1671);
#1045=LINE('',#7761,#1672);
#1046=LINE('',#7764,#1673);
#1047=LINE('',#7767,#1674);
#1048=LINE('',#7768,#1675);
#1049=LINE('',#7774,#1676);
#1050=LINE('',#7777,#1677);
#1051=LINE('',#7780,#1678);
#1052=LINE('',#7782,#1679);
#1053=LINE('',#7784,#1680);
#1054=LINE('',#7786,#1681);
#1055=LINE('',#7788,#1682);
#1056=LINE('',#7790,#1683);
#1057=LINE('',#7792,#1684);
#1058=LINE('',#7793,#1685);
#1059=LINE('',#7795,#1686);
#1060=LINE('',#7797,#1687);
#1061=LINE('',#7799,#1688);
#1062=LINE('',#7800,#1689);
#1063=LINE('',#7806,#1690);
#1064=LINE('',#7810,#1691);
#1065=LINE('',#7813,#1692);
#1066=LINE('',#7817,#1693);
#1067=LINE('',#7818,#1694);
#1068=LINE('',#7827,#1695);
#1069=LINE('',#7831,#1696);
#1070=LINE('',#7832,#1697);
#1071=LINE('',#7838,#1698);
#1072=LINE('',#7841,#1699);
#1073=LINE('',#7844,#1700);
#1074=LINE('',#7847,#1701);
#1075=LINE('',#7850,#1702);
#1076=LINE('',#7852,#1703);
#1077=LINE('',#7854,#1704);
#1078=LINE('',#7857,#1705);
#1079=LINE('',#7863,#1706);
#1080=LINE('',#7867,#1707);
#1081=LINE('',#7870,#1708);
#1082=LINE('',#7874,#1709);
#1083=LINE('',#7875,#1710);
#1084=LINE('',#7876,#1711);
#1085=LINE('',#7879,#1712);
#1086=LINE('',#7881,#1713);
#1087=LINE('',#7882,#1714);
#1088=LINE('',#7884,#1715);
#1089=LINE('',#7888,#1716);
#1090=LINE('',#7890,#1717);
#1091=LINE('',#7892,#1718);
#1092=LINE('',#7893,#1719);
#1093=LINE('',#7896,#1720);
#1094=LINE('',#7901,#1721);
#1095=LINE('',#7902,#1722);
#1096=LINE('',#7905,#1723);
#1097=LINE('',#7907,#1724);
#1098=LINE('',#7918,#1725);
#1099=LINE('',#7921,#1726);
#1100=LINE('',#7925,#1727);
#1101=LINE('',#7929,#1728);
#1102=LINE('',#7933,#1729);
#1103=LINE('',#7937,#1730);
#1104=LINE('',#7940,#1731);
#1105=LINE('',#7945,#1732);
#1106=LINE('',#7947,#1733);
#1107=LINE('',#7949,#1734);
#1108=LINE('',#7950,#1735);
#1109=LINE('',#7953,#1736);
#1110=LINE('',#7955,#1737);
#1111=LINE('',#7957,#1738);
#1112=LINE('',#7958,#1739);
#1113=LINE('',#7965,#1740);
#1114=LINE('',#7967,#1741);
#1115=LINE('',#7969,#1742);
#1116=LINE('',#7970,#1743);
#1117=LINE('',#7984,#1744);
#1118=LINE('',#7985,#1745);
#1119=LINE('',#7987,#1746);
#1120=LINE('',#7990,#1747);
#1121=LINE('',#7992,#1748);
#1122=LINE('',#7993,#1749);
#1123=LINE('',#7996,#1750);
#1124=LINE('',#7998,#1751);
#1125=LINE('',#8000,#1752);
#1126=LINE('',#8001,#1753);
#1127=LINE('',#8004,#1754);
#1128=LINE('',#8006,#1755);
#1129=LINE('',#8007,#1756);
#1130=LINE('',#8010,#1757);
#1131=LINE('',#8012,#1758);
#1132=LINE('',#8014,#1759);
#1133=LINE('',#8015,#1760);
#1134=LINE('',#8018,#1761);
#1135=LINE('',#8020,#1762);
#1136=LINE('',#8022,#1763);
#1137=LINE('',#8023,#1764);
#1138=LINE('',#8026,#1765);
#1139=LINE('',#8028,#1766);
#1140=LINE('',#8030,#1767);
#1141=LINE('',#8032,#1768);
#1142=LINE('',#8033,#1769);
#1143=LINE('',#8036,#1770);
#1144=LINE('',#8038,#1771);
#1145=LINE('',#8040,#1772);
#1146=LINE('',#8041,#1773);
#1147=LINE('',#8044,#1774);
#1148=LINE('',#8046,#1775);
#1149=LINE('',#8048,#1776);
#1150=LINE('',#8049,#1777);
#1151=LINE('',#8052,#1778);
#1152=LINE('',#8054,#1779);
#1153=LINE('',#8056,#1780);
#1154=LINE('',#8058,#1781);
#1155=LINE('',#8059,#1782);
#1156=LINE('',#8062,#1783);
#1157=LINE('',#8064,#1784);
#1158=LINE('',#8066,#1785);
#1159=LINE('',#8067,#1786);
#1160=LINE('',#8070,#1787);
#1161=LINE('',#8072,#1788);
#1162=LINE('',#8074,#1789);
#1163=LINE('',#8075,#1790);
#1164=LINE('',#8078,#1791);
#1165=LINE('',#8080,#1792);
#1166=LINE('',#8082,#1793);
#1167=LINE('',#8083,#1794);
#1168=LINE('',#8085,#1795);
#1169=LINE('',#8087,#1796);
#1170=LINE('',#8093,#1797);
#1171=LINE('',#8095,#1798);
#1172=LINE('',#8096,#1799);
#1173=LINE('',#8098,#1800);
#1174=LINE('',#8100,#1801);
#1175=LINE('',#8104,#1802);
#1176=LINE('',#8107,#1803);
#1177=LINE('',#8110,#1804);
#1178=LINE('',#8114,#1805);
#1179=LINE('',#8118,#1806);
#1180=LINE('',#8122,#1807);
#1181=LINE('',#8125,#1808);
#1182=LINE('',#8142,#1809);
#1183=LINE('',#8143,#1810);
#1184=LINE('',#8146,#1811);
#1185=LINE('',#8149,#1812);
#1186=LINE('',#8152,#1813);
#1187=LINE('',#8153,#1814);
#1188=LINE('',#8156,#1815);
#1189=LINE('',#8160,#1816);
#1190=LINE('',#8164,#1817);
#1191=LINE('',#8172,#1818);
#1192=LINE('',#8188,#1819);
#1193=LINE('',#8189,#1820);
#1194=LINE('',#8192,#1821);
#1195=LINE('',#8195,#1822);
#1196=LINE('',#8197,#1823);
#1197=LINE('',#8200,#1824);
#1198=LINE('',#8204,#1825);
#1199=LINE('',#8205,#1826);
#1200=LINE('',#8208,#1827);
#1201=LINE('',#8209,#1828);
#1202=LINE('',#8211,#1829);
#1203=LINE('',#8212,#1830);
#1204=LINE('',#8214,#1831);
#1205=LINE('',#8216,#1832);
#1206=LINE('',#8218,#1833);
#1207=LINE('',#8220,#1834);
#1208=LINE('',#8222,#1835);
#1209=LINE('',#8224,#1836);
#1210=LINE('',#8226,#1837);
#1211=LINE('',#8228,#1838);
#1212=LINE('',#8230,#1839);
#1213=LINE('',#8232,#1840);
#1214=LINE('',#8234,#1841);
#1215=LINE('',#8236,#1842);
#1216=LINE('',#8238,#1843);
#1217=LINE('',#8239,#1844);
#1218=LINE('',#8241,#1845);
#1219=LINE('',#8254,#1846);
#1220=LINE('',#8266,#1847);
#1221=LINE('',#8267,#1848);
#1222=LINE('',#8274,#1849);
#1223=LINE('',#8276,#1850);
#1224=LINE('',#8278,#1851);
#1225=LINE('',#8279,#1852);
#1226=LINE('',#8286,#1853);
#1227=LINE('',#8288,#1854);
#1228=LINE('',#8290,#1855);
#1229=LINE('',#8291,#1856);
#1230=LINE('',#8294,#1857);
#1231=LINE('',#8296,#1858);
#1232=LINE('',#8298,#1859);
#1233=LINE('',#8299,#1860);
#1234=LINE('',#8305,#1861);
#1235=LINE('',#8308,#1862);
#1236=LINE('',#8311,#1863);
#1237=LINE('',#8313,#1864);
#1238=LINE('',#8314,#1865);
#1239=LINE('',#8315,#1866);
#1240=LINE('',#8319,#1867);
#1241=LINE('',#8332,#1868);
#1242=LINE('',#8340,#1869);
#1243=LINE('',#8342,#1870);
#1244=LINE('',#8349,#1871);
#1245=LINE('',#8350,#1872);
#1246=LINE('',#8353,#1873);
#1247=LINE('',#8354,#1874);
#1248=LINE('',#8358,#1875);
#1249=LINE('',#8360,#1876);
#1250=LINE('',#8362,#1877);
#1251=LINE('',#8365,#1878);
#1252=LINE('',#8370,#1879);
#1253=LINE('',#8375,#1880);
#1254=LINE('',#8377,#1881);
#1255=LINE('',#8378,#1882);
#1256=LINE('',#8380,#1883);
#1257=LINE('',#8382,#1884);
#1258=LINE('',#8385,#1885);
#1259=LINE('',#8386,#1886);
#1260=LINE('',#8388,#1887);
#1261=LINE('',#8390,#1888);
#1262=LINE('',#8393,#1889);
#1263=LINE('',#8395,#1890);
#1264=LINE('',#8397,#1891);
#1265=LINE('',#8398,#1892);
#1266=LINE('',#8400,#1893);
#1267=LINE('',#8402,#1894);
#1268=LINE('',#8405,#1895);
#1269=LINE('',#8407,#1896);
#1270=LINE('',#8410,#1897);
#1271=LINE('',#8414,#1898);
#1272=LINE('',#8417,#1899);
#1273=LINE('',#8419,#1900);
#1274=LINE('',#8421,#1901);
#1275=LINE('',#8423,#1902);
#1276=LINE('',#8425,#1903);
#1277=LINE('',#8427,#1904);
#1278=LINE('',#8431,#1905);
#1279=LINE('',#8435,#1906);
#1280=LINE('',#8439,#1907);
#1281=LINE('',#8443,#1908);
#1282=LINE('',#8448,#1909);
#1283=LINE('',#8450,#1910);
#1284=LINE('',#8451,#1911);
#1285=LINE('',#8454,#1912);
#1286=LINE('',#8456,#1913);
#1287=LINE('',#8458,#1914);
#1288=LINE('',#8459,#1915);
#1289=LINE('',#8462,#1916);
#1290=LINE('',#8464,#1917);
#1291=LINE('',#8466,#1918);
#1292=LINE('',#8467,#1919);
#1293=LINE('',#8470,#1920);
#1294=LINE('',#8472,#1921);
#1295=LINE('',#8474,#1922);
#1296=LINE('',#8475,#1923);
#1297=LINE('',#8478,#1924);
#1298=LINE('',#8480,#1925);
#1299=LINE('',#8482,#1926);
#1300=LINE('',#8484,#1927);
#1301=LINE('',#8485,#1928);
#1302=LINE('',#8488,#1929);
#1303=LINE('',#8490,#1930);
#1304=LINE('',#8492,#1931);
#1305=LINE('',#8493,#1932);
#1306=LINE('',#8496,#1933);
#1307=LINE('',#8498,#1934);
#1308=LINE('',#8499,#1935);
#1309=LINE('',#8502,#1936);
#1310=LINE('',#8504,#1937);
#1311=LINE('',#8506,#1938);
#1312=LINE('',#8507,#1939);
#1313=LINE('',#8510,#1940);
#1314=LINE('',#8512,#1941);
#1315=LINE('',#8514,#1942);
#1316=LINE('',#8515,#1943);
#1317=LINE('',#8518,#1944);
#1318=LINE('',#8520,#1945);
#1319=LINE('',#8522,#1946);
#1320=LINE('',#8523,#1947);
#1321=LINE('',#8526,#1948);
#1322=LINE('',#8528,#1949);
#1323=LINE('',#8530,#1950);
#1324=LINE('',#8532,#1951);
#1325=LINE('',#8533,#1952);
#1326=LINE('',#8536,#1953);
#1327=LINE('',#8538,#1954);
#1328=LINE('',#8540,#1955);
#1329=LINE('',#8541,#1956);
#1330=LINE('',#8545,#1957);
#1331=LINE('',#8547,#1958);
#1332=LINE('',#8549,#1959);
#1333=LINE('',#8550,#1960);
#1334=LINE('',#8553,#1961);
#1335=LINE('',#8555,#1962);
#1336=LINE('',#8557,#1963);
#1337=LINE('',#8559,#1964);
#1338=LINE('',#8560,#1965);
#1339=LINE('',#8563,#1966);
#1340=LINE('',#8565,#1967);
#1341=LINE('',#8567,#1968);
#1342=LINE('',#8568,#1969);
#1343=LINE('',#8571,#1970);
#1344=LINE('',#8573,#1971);
#1345=LINE('',#8575,#1972);
#1346=LINE('',#8577,#1973);
#1347=LINE('',#8578,#1974);
#1348=LINE('',#8581,#1975);
#1349=LINE('',#8583,#1976);
#1350=LINE('',#8585,#1977);
#1351=LINE('',#8586,#1978);
#1352=LINE('',#8589,#1979);
#1353=LINE('',#8591,#1980);
#1354=LINE('',#8592,#1981);
#1355=LINE('',#8595,#1982);
#1356=LINE('',#8597,#1983);
#1357=LINE('',#8599,#1984);
#1358=LINE('',#8600,#1985);
#1359=LINE('',#8603,#1986);
#1360=LINE('',#8605,#1987);
#1361=LINE('',#8607,#1988);
#1362=LINE('',#8608,#1989);
#1363=LINE('',#8611,#1990);
#1364=LINE('',#8613,#1991);
#1365=LINE('',#8615,#1992);
#1366=LINE('',#8616,#1993);
#1367=LINE('',#8619,#1994);
#1368=LINE('',#8621,#1995);
#1369=LINE('',#8623,#1996);
#1370=LINE('',#8624,#1997);
#1371=LINE('',#8627,#1998);
#1372=LINE('',#8629,#1999);
#1373=LINE('',#8631,#2000);
#1374=LINE('',#8632,#2001);
#1375=LINE('',#8635,#2002);
#1376=LINE('',#8637,#2003);
#1377=LINE('',#8638,#2004);
#1378=LINE('',#8642,#2005);
#1379=LINE('',#8644,#2006);
#1380=LINE('',#8646,#2007);
#1381=LINE('',#8647,#2008);
#1382=LINE('',#8651,#2009);
#1383=LINE('',#8653,#2010);
#1384=LINE('',#8655,#2011);
#1385=LINE('',#8656,#2012);
#1386=LINE('',#8660,#2013);
#1387=LINE('',#8662,#2014);
#1388=LINE('',#8664,#2015);
#1389=LINE('',#8665,#2016);
#1390=LINE('',#8669,#2017);
#1391=LINE('',#8671,#2018);
#1392=LINE('',#8673,#2019);
#1393=LINE('',#8675,#2020);
#1394=LINE('',#8676,#2021);
#1395=LINE('',#8681,#2022);
#1396=LINE('',#8687,#2023);
#1397=LINE('',#8690,#2024);
#1398=LINE('',#8691,#2025);
#1399=LINE('',#8694,#2026);
#1400=LINE('',#8699,#2027);
#1401=LINE('',#8705,#2028);
#1402=LINE('',#8708,#2029);
#1403=LINE('',#8709,#2030);
#1404=LINE('',#8711,#2031);
#1405=LINE('',#8715,#2032);
#1406=LINE('',#8721,#2033);
#1407=LINE('',#8727,#2034);
#1408=LINE('',#8730,#2035);
#1409=LINE('',#8731,#2036);
#1410=LINE('',#8733,#2037);
#1411=LINE('',#8742,#2038);
#1412=LINE('',#8743,#2039);
#1413=LINE('',#8746,#2040);
#1414=LINE('',#8747,#2041);
#1415=LINE('',#8752,#2042);
#1416=LINE('',#8753,#2043);
#1417=LINE('',#8755,#2044);
#1418=LINE('',#8760,#2045);
#1419=LINE('',#8761,#2046);
#1420=LINE('',#8763,#2047);
#1421=LINE('',#8767,#2048);
#1422=LINE('',#8769,#2049);
#1423=LINE('',#8774,#2050);
#1424=LINE('',#8775,#2051);
#1425=LINE('',#8778,#2052);
#1426=LINE('',#8779,#2053);
#1427=LINE('',#8784,#2054);
#1428=LINE('',#8785,#2055);
#1429=LINE('',#8788,#2056);
#1430=LINE('',#8789,#2057);
#1431=LINE('',#8793,#2058);
#1432=LINE('',#8795,#2059);
#1433=LINE('',#8799,#2060);
#1434=LINE('',#8801,#2061);
#1435=LINE('',#8808,#2062);
#1436=LINE('',#8811,#2063);
#1437=LINE('',#8814,#2064);
#1438=LINE('',#8816,#2065);
#1439=LINE('',#8817,#2066);
#1440=LINE('',#8822,#2067);
#1441=LINE('',#8826,#2068);
#1442=LINE('',#8828,#2069);
#1443=LINE('',#8829,#2070);
#1444=LINE('',#8835,#2071);
#1445=LINE('',#8838,#2072);
#1446=LINE('',#8840,#2073);
#1447=LINE('',#8841,#2074);
#1448=LINE('',#8846,#2075);
#1449=LINE('',#8849,#2076);
#1450=LINE('',#8850,#2077);
#1451=LINE('',#8854,#2078);
#1452=LINE('',#8856,#2079);
#1453=LINE('',#8858,#2080);
#1454=LINE('',#8859,#2081);
#1455=LINE('',#8862,#2082);
#1456=LINE('',#8864,#2083);
#1457=LINE('',#8865,#2084);
#1458=LINE('',#8868,#2085);
#1459=LINE('',#8870,#2086);
#1460=LINE('',#8871,#2087);
#1461=LINE('',#8873,#2088);
#1462=LINE('',#8874,#2089);
#1463=LINE('',#8880,#2090);
#1464=LINE('',#8886,#2091);
#1465=LINE('',#8892,#2092);
#1466=LINE('',#8898,#2093);
#1467=LINE('',#8902,#2094);
#1468=LINE('',#8909,#2095);
#1469=LINE('',#8916,#2096);
#1470=LINE('',#8922,#2097);
#1471=LINE('',#8923,#2098);
#1472=LINE('',#8927,#2099);
#1473=LINE('',#8929,#2100);
#1474=LINE('',#8931,#2101);
#1475=LINE('',#8936,#2102);
#1476=LINE('',#8945,#2103);
#1477=LINE('',#8954,#2104);
#1478=LINE('',#8961,#2105);
#1479=LINE('',#8963,#2106);
#1480=LINE('',#8966,#2107);
#1481=LINE('',#8970,#2108);
#1482=LINE('',#8974,#2109);
#1483=LINE('',#8978,#2110);
#1484=LINE('',#8981,#2111);
#1485=LINE('',#8982,#2112);
#1486=LINE('',#8985,#2113);
#1487=LINE('',#8986,#2114);
#1488=LINE('',#8990,#2115);
#1489=LINE('',#8992,#2116);
#1490=LINE('',#8995,#2117);
#1491=LINE('',#8996,#2118);
#1492=LINE('',#8997,#2119);
#1493=LINE('',#8998,#2120);
#1494=LINE('',#8999,#2121);
#1495=LINE('',#9000,#2122);
#1496=LINE('',#9005,#2123);
#1497=LINE('',#9006,#2124);
#1498=LINE('',#9008,#2125);
#1499=LINE('',#9009,#2126);
#1500=LINE('',#9011,#2127);
#1501=LINE('',#9012,#2128);
#1502=LINE('',#9014,#2129);
#1503=LINE('',#9015,#2130);
#1504=LINE('',#9017,#2131);
#1505=LINE('',#9018,#2132);
#1506=LINE('',#9020,#2133);
#1507=LINE('',#9021,#2134);
#1508=LINE('',#9023,#2135);
#1509=LINE('',#9024,#2136);
#1510=LINE('',#9026,#2137);
#1511=LINE('',#9027,#2138);
#1512=LINE('',#9029,#2139);
#1513=LINE('',#9030,#2140);
#1514=LINE('',#9032,#2141);
#1515=LINE('',#9033,#2142);
#1516=LINE('',#9035,#2143);
#1517=LINE('',#9036,#2144);
#1518=LINE('',#9038,#2145);
#1519=LINE('',#9040,#2146);
#1520=LINE('',#9041,#2147);
#1521=LINE('',#9043,#2148);
#1522=LINE('',#9044,#2149);
#1523=LINE('',#9046,#2150);
#1524=LINE('',#9047,#2151);
#1525=LINE('',#9049,#2152);
#1526=LINE('',#9051,#2153);
#1527=LINE('',#9052,#2154);
#1528=LINE('',#9054,#2155);
#1529=LINE('',#9055,#2156);
#1530=LINE('',#9057,#2157);
#1531=LINE('',#9059,#2158);
#1532=LINE('',#9060,#2159);
#1533=LINE('',#9062,#2160);
#1534=LINE('',#9063,#2161);
#1535=LINE('',#9065,#2162);
#1536=LINE('',#9066,#2163);
#1537=LINE('',#9068,#2164);
#1538=LINE('',#9069,#2165);
#1539=LINE('',#9071,#2166);
#1540=LINE('',#9073,#2167);
#1541=LINE('',#9074,#2168);
#1542=LINE('',#9076,#2169);
#1543=LINE('',#9077,#2170);
#1544=LINE('',#9103,#2171);
#1545=LINE('',#9105,#2172);
#1546=LINE('',#9106,#2173);
#1547=LINE('',#9108,#2174);
#1548=LINE('',#9109,#2175);
#1549=LINE('',#9111,#2176);
#1550=LINE('',#9113,#2177);
#1551=LINE('',#9114,#2178);
#1552=LINE('',#9116,#2179);
#1553=LINE('',#9118,#2180);
#1554=LINE('',#9119,#2181);
#1555=LINE('',#9121,#2182);
#1556=LINE('',#9123,#2183);
#1557=LINE('',#9124,#2184);
#1558=LINE('',#9126,#2185);
#1559=LINE('',#9128,#2186);
#1560=LINE('',#9130,#2187);
#1561=LINE('',#9132,#2188);
#1562=LINE('',#9134,#2189);
#1563=LINE('',#9136,#2190);
#1564=LINE('',#9138,#2191);
#1565=LINE('',#9140,#2192);
#1566=LINE('',#9142,#2193);
#1567=LINE('',#9144,#2194);
#1568=LINE('',#9146,#2195);
#1569=LINE('',#9148,#2196);
#1570=LINE('',#9150,#2197);
#1571=LINE('',#9151,#2198);
#1572=LINE('',#9154,#2199);
#1573=LINE('',#9156,#2200);
#1574=LINE('',#9158,#2201);
#1575=LINE('',#9159,#2202);
#1576=LINE('',#9162,#2203);
#1577=LINE('',#9164,#2204);
#1578=LINE('',#9166,#2205);
#1579=LINE('',#9167,#2206);
#1580=LINE('',#9170,#2207);
#1581=LINE('',#9172,#2208);
#1582=LINE('',#9174,#2209);
#1583=LINE('',#9175,#2210);
#1584=LINE('',#9178,#2211);
#1585=LINE('',#9180,#2212);
#1586=LINE('',#9182,#2213);
#1587=LINE('',#9183,#2214);
#1588=LINE('',#9185,#2215);
#1589=LINE('',#9186,#2216);
#1590=LINE('',#9188,#2217);
#1591=LINE('',#9189,#2218);
#1592=LINE('',#9191,#2219);
#1593=LINE('',#9192,#2220);
#1594=LINE('',#9194,#2221);
#1595=LINE('',#9195,#2222);
#1596=LINE('',#9197,#2223);
#1597=LINE('',#9198,#2224);
#1598=LINE('',#9200,#2225);
#1599=LINE('',#9201,#2226);
#1600=LINE('',#9203,#2227);
#1601=LINE('',#9204,#2228);
#1602=LINE('',#9206,#2229);
#1603=LINE('',#9207,#2230);
#1604=LINE('',#9209,#2231);
#1605=LINE('',#9210,#2232);
#1606=LINE('',#9212,#2233);
#1607=LINE('',#9213,#2234);
#1608=LINE('',#9215,#2235);
#1609=LINE('',#9216,#2236);
#1610=LINE('',#9218,#2237);
#1611=LINE('',#9219,#2238);
#1612=LINE('',#9220,#2239);
#1613=LINE('',#9221,#2240);
#1614=LINE('',#9222,#2241);
#1615=LINE('',#9223,#2242);
#1616=LINE('',#9224,#2243);
#1617=LINE('',#9226,#2244);
#1618=LINE('',#9228,#2245);
#1619=LINE('',#9229,#2246);
#1620=LINE('',#9231,#2247);
#1621=LINE('',#9232,#2248);
#1622=LINE('',#9234,#2249);
#1623=LINE('',#9236,#2250);
#1624=LINE('',#9237,#2251);
#1625=LINE('',#9239,#2252);
#1626=LINE('',#9240,#2253);
#1627=LINE('',#9242,#2254);
#1628=LINE('',#9243,#2255);
#1629=LINE('',#9245,#2256);
#1630=LINE('',#9246,#2257);
#1631=LINE('',#9249,#2258);
#1632=LINE('',#9251,#2259);
#1633=LINE('',#9252,#2260);
#1634=LINE('',#9254,#2261);
#1635=LINE('',#9255,#2262);
#1636=VECTOR('',#6145,10.);
#1637=VECTOR('',#6148,10.);
#1638=VECTOR('',#6151,10.);
#1639=VECTOR('',#6152,10.);
#1640=VECTOR('',#6153,10.);
#1641=VECTOR('',#6156,10.);
#1642=VECTOR('',#6157,10.);
#1643=VECTOR('',#6158,10.);
#1644=VECTOR('',#6159,10.);
#1645=VECTOR('',#6162,10.);
#1646=VECTOR('',#6165,10.);
#1647=VECTOR('',#6168,10.);
#1648=VECTOR('',#6171,10.);
#1649=VECTOR('',#6174,10.);
#1650=VECTOR('',#6177,10.);
#1651=VECTOR('',#6180,10.);
#1652=VECTOR('',#6181,10.);
#1653=VECTOR('',#6182,10.);
#1654=VECTOR('',#6185,10.);
#1655=VECTOR('',#6188,10.);
#1656=VECTOR('',#6189,10.);
#1657=VECTOR('',#6190,10.);
#1658=VECTOR('',#6191,10.);
#1659=VECTOR('',#6192,10.);
#1660=VECTOR('',#6193,10.);
#1661=VECTOR('',#6194,10.);
#1662=VECTOR('',#6195,10.);
#1663=VECTOR('',#6196,10.);
#1664=VECTOR('',#6197,10.);
#1665=VECTOR('',#6198,10.);
#1666=VECTOR('',#6199,10.);
#1667=VECTOR('',#6200,10.);
#1668=VECTOR('',#6201,10.);
#1669=VECTOR('',#6202,10.);
#1670=VECTOR('',#6205,10.);
#1671=VECTOR('',#6206,10.);
#1672=VECTOR('',#6217,10.);
#1673=VECTOR('',#6220,10.);
#1674=VECTOR('',#6223,10.);
#1675=VECTOR('',#6224,10.);
#1676=VECTOR('',#6229,10.);
#1677=VECTOR('',#6232,10.);
#1678=VECTOR('',#6235,10.);
#1679=VECTOR('',#6236,10.);
#1680=VECTOR('',#6237,10.);
#1681=VECTOR('',#6238,10.);
#1682=VECTOR('',#6239,10.);
#1683=VECTOR('',#6240,10.);
#1684=VECTOR('',#6241,10.);
#1685=VECTOR('',#6242,10.);
#1686=VECTOR('',#6243,10.);
#1687=VECTOR('',#6244,10.);
#1688=VECTOR('',#6245,10.);
#1689=VECTOR('',#6246,10.);
#1690=VECTOR('',#6253,10.);
#1691=VECTOR('',#6258,10.);
#1692=VECTOR('',#6261,10.);
#1693=VECTOR('',#6264,10.);
#1694=VECTOR('',#6265,10.);
#1695=VECTOR('',#6274,10.);
#1696=VECTOR('',#6279,10.);
#1697=VECTOR('',#6280,10.);
#1698=VECTOR('',#6285,10.);
#1699=VECTOR('',#6288,10.);
#1700=VECTOR('',#6291,10.);
#1701=VECTOR('',#6294,10.);
#1702=VECTOR('',#6297,10.);
#1703=VECTOR('',#6298,10.);
#1704=VECTOR('',#6299,10.);
#1705=VECTOR('',#6302,10.);
#1706=VECTOR('',#6307,10.);
#1707=VECTOR('',#6312,10.);
#1708=VECTOR('',#6315,10.);
#1709=VECTOR('',#6318,10.);
#1710=VECTOR('',#6319,10.);
#1711=VECTOR('',#6320,10.);
#1712=VECTOR('',#6323,10.);
#1713=VECTOR('',#6324,10.);
#1714=VECTOR('',#6325,10.);
#1715=VECTOR('',#6326,10.);
#1716=VECTOR('',#6329,10.);
#1717=VECTOR('',#6330,10.);
#1718=VECTOR('',#6331,10.);
#1719=VECTOR('',#6332,10.);
#1720=VECTOR('',#6335,10.);
#1721=VECTOR('',#6342,10.);
#1722=VECTOR('',#6343,10.);
#1723=VECTOR('',#6346,10.);
#1724=VECTOR('',#6347,10.);
#1725=VECTOR('',#6360,10.);
#1726=VECTOR('',#6363,10.);
#1727=VECTOR('',#6366,10.);
#1728=VECTOR('',#6369,10.);
#1729=VECTOR('',#6372,10.);
#1730=VECTOR('',#6375,10.);
#1731=VECTOR('',#6378,10.);
#1732=VECTOR('',#6381,10.);
#1733=VECTOR('',#6382,10.);
#1734=VECTOR('',#6383,10.);
#1735=VECTOR('',#6384,10.);
#1736=VECTOR('',#6385,10.);
#1737=VECTOR('',#6386,10.);
#1738=VECTOR('',#6387,10.);
#1739=VECTOR('',#6388,10.);
#1740=VECTOR('',#6393,10.);
#1741=VECTOR('',#6394,10.);
#1742=VECTOR('',#6395,10.);
#1743=VECTOR('',#6396,10.);
#1744=VECTOR('',#6411,10.);
#1745=VECTOR('',#6412,10.);
#1746=VECTOR('',#6415,10.);
#1747=VECTOR('',#6416,10.);
#1748=VECTOR('',#6417,10.);
#1749=VECTOR('',#6418,10.);
#1750=VECTOR('',#6419,10.);
#1751=VECTOR('',#6420,10.);
#1752=VECTOR('',#6421,10.);
#1753=VECTOR('',#6422,10.);
#1754=VECTOR('',#6423,10.);
#1755=VECTOR('',#6424,10.);
#1756=VECTOR('',#6425,10.);
#1757=VECTOR('',#6426,10.);
#1758=VECTOR('',#6427,10.);
#1759=VECTOR('',#6428,10.);
#1760=VECTOR('',#6429,10.);
#1761=VECTOR('',#6430,10.);
#1762=VECTOR('',#6431,10.);
#1763=VECTOR('',#6432,10.);
#1764=VECTOR('',#6433,10.);
#1765=VECTOR('',#6434,10.);
#1766=VECTOR('',#6435,10.);
#1767=VECTOR('',#6436,10.);
#1768=VECTOR('',#6437,10.);
#1769=VECTOR('',#6438,10.);
#1770=VECTOR('',#6439,10.);
#1771=VECTOR('',#6440,10.);
#1772=VECTOR('',#6441,10.);
#1773=VECTOR('',#6442,10.);
#1774=VECTOR('',#6443,10.);
#1775=VECTOR('',#6444,10.);
#1776=VECTOR('',#6445,10.);
#1777=VECTOR('',#6446,10.);
#1778=VECTOR('',#6447,10.);
#1779=VECTOR('',#6448,10.);
#1780=VECTOR('',#6449,10.);
#1781=VECTOR('',#6450,10.);
#1782=VECTOR('',#6451,10.);
#1783=VECTOR('',#6452,10.);
#1784=VECTOR('',#6453,10.);
#1785=VECTOR('',#6454,10.);
#1786=VECTOR('',#6455,10.);
#1787=VECTOR('',#6456,10.);
#1788=VECTOR('',#6457,10.);
#1789=VECTOR('',#6458,10.);
#1790=VECTOR('',#6459,10.);
#1791=VECTOR('',#6460,10.);
#1792=VECTOR('',#6461,10.);
#1793=VECTOR('',#6462,10.);
#1794=VECTOR('',#6463,10.);
#1795=VECTOR('',#6466,10.);
#1796=VECTOR('',#6469,10.);
#1797=VECTOR('',#6476,10.);
#1798=VECTOR('',#6479,10.);
#1799=VECTOR('',#6480,10.);
#1800=VECTOR('',#6483,10.);
#1801=VECTOR('',#6484,10.);
#1802=VECTOR('',#6487,10.);
#1803=VECTOR('',#6490,10.);
#1804=VECTOR('',#6491,10.);
#1805=VECTOR('',#6494,10.);
#1806=VECTOR('',#6497,10.);
#1807=VECTOR('',#6500,10.);
#1808=VECTOR('',#6505,10.);
#1809=VECTOR('',#6518,10.);
#1810=VECTOR('',#6519,10.);
#1811=VECTOR('',#6522,10.);
#1812=VECTOR('',#6525,10.);
#1813=VECTOR('',#6528,10.);
#1814=VECTOR('',#6529,10.);
#1815=VECTOR('',#6532,10.);
#1816=VECTOR('',#6535,10.);
#1817=VECTOR('',#6538,10.);
#1818=VECTOR('',#6547,10.);
#1819=VECTOR('',#6556,10.);
#1820=VECTOR('',#6557,10.);
#1821=VECTOR('',#6560,10.);
#1822=VECTOR('',#6563,10.);
#1823=VECTOR('',#6566,10.);
#1824=VECTOR('',#6569,10.);
#1825=VECTOR('',#6574,10.);
#1826=VECTOR('',#6575,10.);
#1827=VECTOR('',#6578,10.);
#1828=VECTOR('',#6579,10.);
#1829=VECTOR('',#6580,10.);
#1830=VECTOR('',#6581,10.);
#1831=VECTOR('',#6582,10.);
#1832=VECTOR('',#6583,10.);
#1833=VECTOR('',#6584,10.);
#1834=VECTOR('',#6585,10.);
#1835=VECTOR('',#6586,10.);
#1836=VECTOR('',#6587,10.);
#1837=VECTOR('',#6588,10.);
#1838=VECTOR('',#6589,10.);
#1839=VECTOR('',#6590,10.);
#1840=VECTOR('',#6591,10.);
#1841=VECTOR('',#6592,10.);
#1842=VECTOR('',#6593,10.);
#1843=VECTOR('',#6594,10.);
#1844=VECTOR('',#6595,10.);
#1845=VECTOR('',#6596,10.);
#1846=VECTOR('',#6597,10.);
#1847=VECTOR('',#6598,10.);
#1848=VECTOR('',#6599,10.);
#1849=VECTOR('',#6604,10.);
#1850=VECTOR('',#6605,10.);
#1851=VECTOR('',#6606,10.);
#1852=VECTOR('',#6607,10.);
#1853=VECTOR('',#6612,10.);
#1854=VECTOR('',#6613,10.);
#1855=VECTOR('',#6614,10.);
#1856=VECTOR('',#6615,10.);
#1857=VECTOR('',#6616,10.);
#1858=VECTOR('',#6617,10.);
#1859=VECTOR('',#6618,10.);
#1860=VECTOR('',#6619,10.);
#1861=VECTOR('',#6624,4.);
#1862=VECTOR('',#6627,4.);
#1863=VECTOR('',#6630,10.);
#1864=VECTOR('',#6631,10.);
#1865=VECTOR('',#6632,10.);
#1866=VECTOR('',#6633,10.);
#1867=VECTOR('',#6638,10.);
#1868=VECTOR('',#6657,10.);
#1869=VECTOR('',#6672,10.);
#1870=VECTOR('',#6675,10.);
#1871=VECTOR('',#6684,10.);
#1872=VECTOR('',#6685,10.);
#1873=VECTOR('',#6688,10.);
#1874=VECTOR('',#6689,10.);
#1875=VECTOR('',#6694,10.);
#1876=VECTOR('',#6697,10.);
#1877=VECTOR('',#6700,10.);
#1878=VECTOR('',#6703,1.05);
#1879=VECTOR('',#6710,1.05);
#1880=VECTOR('',#6719,1.05);
#1881=VECTOR('',#6722,10.);
#1882=VECTOR('',#6723,10.);
#1883=VECTOR('',#6726,10.);
#1884=VECTOR('',#6729,10.);
#1885=VECTOR('',#6734,10.);
#1886=VECTOR('',#6735,10.);
#1887=VECTOR('',#6738,10.);
#1888=VECTOR('',#6741,10.);
#1889=VECTOR('',#6746,1.05);
#1890=VECTOR('',#6749,1.05);
#1891=VECTOR('',#6752,10.);
#1892=VECTOR('',#6753,10.);
#1893=VECTOR('',#6756,10.);
#1894=VECTOR('',#6759,10.);
#1895=VECTOR('',#6764,1.05);
#1896=VECTOR('',#6767,1.05);
#1897=VECTOR('',#6770,1.05);
#1898=VECTOR('',#6775,1.05);
#1899=VECTOR('',#6780,1.05);
#1900=VECTOR('',#6783,10.);
#1901=VECTOR('',#6786,1.05);
#1902=VECTOR('',#6789,10.);
#1903=VECTOR('',#6792,1.05);
#1904=VECTOR('',#6795,1.05);
#1905=VECTOR('',#6798,10.);
#1906=VECTOR('',#6801,10.);
#1907=VECTOR('',#6804,10.);
#1908=VECTOR('',#6807,10.);
#1909=VECTOR('',#6812,10.);
#1910=VECTOR('',#6813,10.);
#1911=VECTOR('',#6814,10.);
#1912=VECTOR('',#6815,10.);
#1913=VECTOR('',#6816,10.);
#1914=VECTOR('',#6817,10.);
#1915=VECTOR('',#6818,10.);
#1916=VECTOR('',#6819,10.);
#1917=VECTOR('',#6820,10.);
#1918=VECTOR('',#6821,10.);
#1919=VECTOR('',#6822,10.);
#1920=VECTOR('',#6823,10.);
#1921=VECTOR('',#6824,10.);
#1922=VECTOR('',#6825,10.);
#1923=VECTOR('',#6826,10.);
#1924=VECTOR('',#6827,10.);
#1925=VECTOR('',#6828,10.);
#1926=VECTOR('',#6829,10.);
#1927=VECTOR('',#6830,10.);
#1928=VECTOR('',#6831,10.);
#1929=VECTOR('',#6832,10.);
#1930=VECTOR('',#6833,10.);
#1931=VECTOR('',#6834,10.);
#1932=VECTOR('',#6835,10.);
#1933=VECTOR('',#6836,10.);
#1934=VECTOR('',#6837,10.);
#1935=VECTOR('',#6838,10.);
#1936=VECTOR('',#6839,10.);
#1937=VECTOR('',#6840,10.);
#1938=VECTOR('',#6841,10.);
#1939=VECTOR('',#6842,10.);
#1940=VECTOR('',#6843,10.);
#1941=VECTOR('',#6844,10.);
#1942=VECTOR('',#6845,10.);
#1943=VECTOR('',#6846,10.);
#1944=VECTOR('',#6847,10.);
#1945=VECTOR('',#6848,10.);
#1946=VECTOR('',#6849,10.);
#1947=VECTOR('',#6850,10.);
#1948=VECTOR('',#6851,10.);
#1949=VECTOR('',#6852,10.);
#1950=VECTOR('',#6853,10.);
#1951=VECTOR('',#6854,10.);
#1952=VECTOR('',#6855,10.);
#1953=VECTOR('',#6856,10.);
#1954=VECTOR('',#6857,10.);
#1955=VECTOR('',#6858,10.);
#1956=VECTOR('',#6859,10.);
#1957=VECTOR('',#6862,10.);
#1958=VECTOR('',#6863,10.);
#1959=VECTOR('',#6864,10.);
#1960=VECTOR('',#6865,10.);
#1961=VECTOR('',#6866,10.);
#1962=VECTOR('',#6867,10.);
#1963=VECTOR('',#6868,10.);
#1964=VECTOR('',#6869,10.);
#1965=VECTOR('',#6870,10.);
#1966=VECTOR('',#6871,10.);
#1967=VECTOR('',#6872,10.);
#1968=VECTOR('',#6873,10.);
#1969=VECTOR('',#6874,10.);
#1970=VECTOR('',#6875,10.);
#1971=VECTOR('',#6876,10.);
#1972=VECTOR('',#6877,10.);
#1973=VECTOR('',#6878,10.);
#1974=VECTOR('',#6879,10.);
#1975=VECTOR('',#6880,10.);
#1976=VECTOR('',#6881,10.);
#1977=VECTOR('',#6882,10.);
#1978=VECTOR('',#6883,10.);
#1979=VECTOR('',#6884,10.);
#1980=VECTOR('',#6885,10.);
#1981=VECTOR('',#6886,10.);
#1982=VECTOR('',#6887,10.);
#1983=VECTOR('',#6888,10.);
#1984=VECTOR('',#6889,10.);
#1985=VECTOR('',#6890,10.);
#1986=VECTOR('',#6891,10.);
#1987=VECTOR('',#6892,10.);
#1988=VECTOR('',#6893,10.);
#1989=VECTOR('',#6894,10.);
#1990=VECTOR('',#6895,10.);
#1991=VECTOR('',#6896,10.);
#1992=VECTOR('',#6897,10.);
#1993=VECTOR('',#6898,10.);
#1994=VECTOR('',#6899,10.);
#1995=VECTOR('',#6900,10.);
#1996=VECTOR('',#6901,10.);
#1997=VECTOR('',#6902,10.);
#1998=VECTOR('',#6903,10.);
#1999=VECTOR('',#6904,10.);
#2000=VECTOR('',#6905,10.);
#2001=VECTOR('',#6906,10.);
#2002=VECTOR('',#6907,10.);
#2003=VECTOR('',#6908,10.);
#2004=VECTOR('',#6909,10.);
#2005=VECTOR('',#6912,10.);
#2006=VECTOR('',#6913,10.);
#2007=VECTOR('',#6914,10.);
#2008=VECTOR('',#6915,10.);
#2009=VECTOR('',#6918,10.);
#2010=VECTOR('',#6919,10.);
#2011=VECTOR('',#6920,10.);
#2012=VECTOR('',#6921,10.);
#2013=VECTOR('',#6924,10.);
#2014=VECTOR('',#6925,10.);
#2015=VECTOR('',#6926,10.);
#2016=VECTOR('',#6927,10.);
#2017=VECTOR('',#6930,10.);
#2018=VECTOR('',#6931,10.);
#2019=VECTOR('',#6932,10.);
#2020=VECTOR('',#6933,10.);
#2021=VECTOR('',#6934,10.);
#2022=VECTOR('',#6939,1.05);
#2023=VECTOR('',#6946,1.05);
#2024=VECTOR('',#6951,10.);
#2025=VECTOR('',#6952,10.);
#2026=VECTOR('',#6957,10.);
#2027=VECTOR('',#6962,1.05);
#2028=VECTOR('',#6969,1.05);
#2029=VECTOR('',#6974,10.);
#2030=VECTOR('',#6975,10.);
#2031=VECTOR('',#6978,10.);
#2032=VECTOR('',#6985,10.);
#2033=VECTOR('',#6992,1.05);
#2034=VECTOR('',#6999,1.05);
#2035=VECTOR('',#7004,10.);
#2036=VECTOR('',#7005,10.);
#2037=VECTOR('',#7008,10.);
#2038=VECTOR('',#7021,10.);
#2039=VECTOR('',#7022,10.);
#2040=VECTOR('',#7025,10.);
#2041=VECTOR('',#7026,10.);
#2042=VECTOR('',#7031,10.);
#2043=VECTOR('',#7032,10.);
#2044=VECTOR('',#7035,10.);
#2045=VECTOR('',#7040,10.);
#2046=VECTOR('',#7041,10.);
#2047=VECTOR('',#7044,10.);
#2048=VECTOR('',#7049,10.);
#2049=VECTOR('',#7052,10.);
#2050=VECTOR('',#7057,10.);
#2051=VECTOR('',#7058,10.);
#2052=VECTOR('',#7061,10.);
#2053=VECTOR('',#7062,10.);
#2054=VECTOR('',#7067,10.);
#2055=VECTOR('',#7068,10.);
#2056=VECTOR('',#7071,10.);
#2057=VECTOR('',#7072,10.);
#2058=VECTOR('',#7077,10.);
#2059=VECTOR('',#7080,10.);
#2060=VECTOR('',#7085,10.);
#2061=VECTOR('',#7088,10.);
#2062=VECTOR('',#7095,10.);
#2063=VECTOR('',#7098,10.);
#2064=VECTOR('',#7101,10.);
#2065=VECTOR('',#7102,10.);
#2066=VECTOR('',#7103,10.);
#2067=VECTOR('',#7108,10.);
#2068=VECTOR('',#7113,10.);
#2069=VECTOR('',#7114,10.);
#2070=VECTOR('',#7115,10.);
#2071=VECTOR('',#7120,10.);
#2072=VECTOR('',#7123,10.);
#2073=VECTOR('',#7126,10.);
#2074=VECTOR('',#7127,10.);
#2075=VECTOR('',#7132,10.);
#2076=VECTOR('',#7137,10.);
#2077=VECTOR('',#7138,10.);
#2078=VECTOR('',#7141,10.);
#2079=VECTOR('',#7142,10.);
#2080=VECTOR('',#7143,10.);
#2081=VECTOR('',#7144,10.);
#2082=VECTOR('',#7147,10.);
#2083=VECTOR('',#7148,10.);
#2084=VECTOR('',#7149,10.);
#2085=VECTOR('',#7152,10.);
#2086=VECTOR('',#7153,10.);
#2087=VECTOR('',#7154,10.);
#2088=VECTOR('',#7157,10.);
#2089=VECTOR('',#7158,10.);
#2090=VECTOR('',#7165,1.05);
#2091=VECTOR('',#7172,1.05);
#2092=VECTOR('',#7179,1.05);
#2093=VECTOR('',#7186,1.05);
#2094=VECTOR('',#7191,2.);
#2095=VECTOR('',#7200,2.);
#2096=VECTOR('',#7209,2.);
#2097=VECTOR('',#7218,10.);
#2098=VECTOR('',#7219,10.);
#2099=VECTOR('',#7226,1.05);
#2100=VECTOR('',#7229,1.05);
#2101=VECTOR('',#7232,1.05);
#2102=VECTOR('',#7237,2.);
#2103=VECTOR('',#7248,2.);
#2104=VECTOR('',#7259,2.);
#2105=VECTOR('',#7268,10.);
#2106=VECTOR('',#7269,10.);
#2107=VECTOR('',#7272,10.);
#2108=VECTOR('',#7277,1.05);
#2109=VECTOR('',#7282,1.05);
#2110=VECTOR('',#7287,1.05);
#2111=VECTOR('',#7290,10.);
#2112=VECTOR('',#7291,10.);
#2113=VECTOR('',#7294,10.);
#2114=VECTOR('',#7295,10.);
#2115=VECTOR('',#7300,10.);
#2116=VECTOR('',#7303,10.);
#2117=VECTOR('',#7308,10.);
#2118=VECTOR('',#7309,10.);
#2119=VECTOR('',#7310,10.);
#2120=VECTOR('',#7311,10.);
#2121=VECTOR('',#7312,10.);
#2122=VECTOR('',#7313,10.);
#2123=VECTOR('',#7322,10.);
#2124=VECTOR('',#7323,10.);
#2125=VECTOR('',#7326,10.);
#2126=VECTOR('',#7327,10.);
#2127=VECTOR('',#7330,10.);
#2128=VECTOR('',#7331,10.);
#2129=VECTOR('',#7334,10.);
#2130=VECTOR('',#7335,10.);
#2131=VECTOR('',#7338,10.);
#2132=VECTOR('',#7339,10.);
#2133=VECTOR('',#7342,10.);
#2134=VECTOR('',#7343,10.);
#2135=VECTOR('',#7346,10.);
#2136=VECTOR('',#7347,10.);
#2137=VECTOR('',#7350,10.);
#2138=VECTOR('',#7351,10.);
#2139=VECTOR('',#7354,10.);
#2140=VECTOR('',#7355,10.);
#2141=VECTOR('',#7358,10.);
#2142=VECTOR('',#7359,10.);
#2143=VECTOR('',#7362,10.);
#2144=VECTOR('',#7363,10.);
#2145=VECTOR('',#7366,10.);
#2146=VECTOR('',#7369,10.);
#2147=VECTOR('',#7370,10.);
#2148=VECTOR('',#7373,10.);
#2149=VECTOR('',#7374,10.);
#2150=VECTOR('',#7377,10.);
#2151=VECTOR('',#7378,10.);
#2152=VECTOR('',#7381,10.);
#2153=VECTOR('',#7384,10.);
#2154=VECTOR('',#7385,10.);
#2155=VECTOR('',#7388,10.);
#2156=VECTOR('',#7389,10.);
#2157=VECTOR('',#7392,10.);
#2158=VECTOR('',#7395,10.);
#2159=VECTOR('',#7396,10.);
#2160=VECTOR('',#7399,10.);
#2161=VECTOR('',#7400,10.);
#2162=VECTOR('',#7403,10.);
#2163=VECTOR('',#7404,10.);
#2164=VECTOR('',#7407,10.);
#2165=VECTOR('',#7408,10.);
#2166=VECTOR('',#7411,10.);
#2167=VECTOR('',#7414,10.);
#2168=VECTOR('',#7415,10.);
#2169=VECTOR('',#7418,10.);
#2170=VECTOR('',#7419,10.);
#2171=VECTOR('',#7466,10.);
#2172=VECTOR('',#7467,10.);
#2173=VECTOR('',#7468,10.);
#2174=VECTOR('',#7469,10.);
#2175=VECTOR('',#7470,10.);
#2176=VECTOR('',#7471,10.);
#2177=VECTOR('',#7472,10.);
#2178=VECTOR('',#7473,10.);
#2179=VECTOR('',#7474,10.);
#2180=VECTOR('',#7475,10.);
#2181=VECTOR('',#7476,10.);
#2182=VECTOR('',#7477,10.);
#2183=VECTOR('',#7478,10.);
#2184=VECTOR('',#7479,10.);
#2185=VECTOR('',#7480,10.);
#2186=VECTOR('',#7481,10.);
#2187=VECTOR('',#7482,10.);
#2188=VECTOR('',#7483,10.);
#2189=VECTOR('',#7484,10.);
#2190=VECTOR('',#7485,10.);
#2191=VECTOR('',#7486,10.);
#2192=VECTOR('',#7487,10.);
#2193=VECTOR('',#7488,10.);
#2194=VECTOR('',#7489,10.);
#2195=VECTOR('',#7490,10.);
#2196=VECTOR('',#7491,10.);
#2197=VECTOR('',#7492,10.);
#2198=VECTOR('',#7493,10.);
#2199=VECTOR('',#7494,10.);
#2200=VECTOR('',#7495,10.);
#2201=VECTOR('',#7496,10.);
#2202=VECTOR('',#7497,10.);
#2203=VECTOR('',#7498,10.);
#2204=VECTOR('',#7499,10.);
#2205=VECTOR('',#7500,10.);
#2206=VECTOR('',#7501,10.);
#2207=VECTOR('',#7502,10.);
#2208=VECTOR('',#7503,10.);
#2209=VECTOR('',#7504,10.);
#2210=VECTOR('',#7505,10.);
#2211=VECTOR('',#7506,10.);
#2212=VECTOR('',#7507,10.);
#2213=VECTOR('',#7508,10.);
#2214=VECTOR('',#7509,10.);
#2215=VECTOR('',#7512,10.);
#2216=VECTOR('',#7513,10.);
#2217=VECTOR('',#7516,10.);
#2218=VECTOR('',#7517,10.);
#2219=VECTOR('',#7520,10.);
#2220=VECTOR('',#7521,10.);
#2221=VECTOR('',#7524,10.);
#2222=VECTOR('',#7525,10.);
#2223=VECTOR('',#7528,10.);
#2224=VECTOR('',#7529,10.);
#2225=VECTOR('',#7532,10.);
#2226=VECTOR('',#7533,10.);
#2227=VECTOR('',#7536,10.);
#2228=VECTOR('',#7537,10.);
#2229=VECTOR('',#7540,10.);
#2230=VECTOR('',#7541,10.);
#2231=VECTOR('',#7544,10.);
#2232=VECTOR('',#7545,10.);
#2233=VECTOR('',#7548,10.);
#2234=VECTOR('',#7549,10.);
#2235=VECTOR('',#7552,10.);
#2236=VECTOR('',#7553,10.);
#2237=VECTOR('',#7556,10.);
#2238=VECTOR('',#7557,10.);
#2239=VECTOR('',#7558,10.);
#2240=VECTOR('',#7559,10.);
#2241=VECTOR('',#7560,10.);
#2242=VECTOR('',#7561,10.);
#2243=VECTOR('',#7562,10.);
#2244=VECTOR('',#7565,10.);
#2245=VECTOR('',#7568,10.);
#2246=VECTOR('',#7569,10.);
#2247=VECTOR('',#7572,10.);
#2248=VECTOR('',#7573,10.);
#2249=VECTOR('',#7576,10.);
#2250=VECTOR('',#7579,10.);
#2251=VECTOR('',#7580,10.);
#2252=VECTOR('',#7583,10.);
#2253=VECTOR('',#7584,10.);
#2254=VECTOR('',#7587,10.);
#2255=VECTOR('',#7588,10.);
#2256=VECTOR('',#7591,10.);
#2257=VECTOR('',#7592,10.);
#2258=VECTOR('',#7597,10.);
#2259=VECTOR('',#7600,10.);
#2260=VECTOR('',#7601,10.);
#2261=VECTOR('',#7604,10.);
#2262=VECTOR('',#7605,10.);
#2263=CIRCLE('',#5696,3.);
#2264=CIRCLE('',#5697,3.);
#2265=CIRCLE('',#5700,3.);
#2266=CIRCLE('',#5701,3.);
#2267=CIRCLE('',#5702,3.);
#2268=CIRCLE('',#5703,3.);
#2269=CIRCLE('',#5704,3.);
#2270=CIRCLE('',#5705,1.);
#2271=CIRCLE('',#5706,1.);
#2272=CIRCLE('',#5707,4.);
#2273=CIRCLE('',#5708,3.);
#2274=CIRCLE('',#5709,3.);
#2275=CIRCLE('',#5710,1.05);
#2276=CIRCLE('',#5711,1.05);
#2277=CIRCLE('',#5712,1.05);
#2278=CIRCLE('',#5713,1.05);
#2279=CIRCLE('',#5715,3.);
#2280=CIRCLE('',#5719,1.);
#2281=CIRCLE('',#5722,1.);
#2282=CIRCLE('',#5723,1.);
#2283=CIRCLE('',#5727,4.);
#2284=CIRCLE('',#5728,2.);
#2285=CIRCLE('',#5729,2.);
#2286=CIRCLE('',#5730,2.);
#2287=CIRCLE('',#5732,1.);
#2288=CIRCLE('',#5735,3.);
#2289=CIRCLE('',#5736,3.);
#2290=CIRCLE('',#5738,3.);
#2291=CIRCLE('',#5740,2.);
#2292=CIRCLE('',#5742,4.);
#2293=CIRCLE('',#5743,4.);
#2294=CIRCLE('',#5746,2.);
#2295=CIRCLE('',#5748,3.);
#2296=CIRCLE('',#5751,4.);
#2297=CIRCLE('',#5754,4.);
#2298=CIRCLE('',#5755,1.05);
#2299=CIRCLE('',#5756,1.05);
#2300=CIRCLE('',#5757,1.05);
#2301=CIRCLE('',#5759,3.);
#2302=CIRCLE('',#5761,3.);
#2303=CIRCLE('',#5762,3.);
#2304=CIRCLE('',#5763,3.);
#2305=CIRCLE('',#5764,3.);
#2306=CIRCLE('',#5765,3.);
#2307=CIRCLE('',#5766,1.05);
#2308=CIRCLE('',#5767,1.05);
#2309=CIRCLE('',#5768,1.05);
#2310=CIRCLE('',#5769,1.05);
#2311=CIRCLE('',#5770,1.05);
#2312=CIRCLE('',#5771,1.05);
#2313=CIRCLE('',#5772,1.05);
#2314=CIRCLE('',#5773,1.05);
#2315=CIRCLE('',#5774,1.05);
#2316=CIRCLE('',#5779,1.05);
#2317=CIRCLE('',#5780,1.05);
#2318=CIRCLE('',#5784,1.);
#2319=CIRCLE('',#5785,1.);
#2320=CIRCLE('',#5786,3.);
#2321=CIRCLE('',#5787,3.);
#2322=CIRCLE('',#5788,3.);
#2323=CIRCLE('',#5789,3.);
#2324=CIRCLE('',#5792,2.00000000000026);
#2325=CIRCLE('',#5793,7.);
#2326=CIRCLE('',#5794,9.);
#2327=CIRCLE('',#5796,2.);
#2328=CIRCLE('',#5798,7.);
#2329=CIRCLE('',#5801,1.);
#2330=CIRCLE('',#5802,1.);
#2331=CIRCLE('',#5803,2.);
#2332=CIRCLE('',#5804,1.05);
#2333=CIRCLE('',#5805,1.05);
#2334=CIRCLE('',#5807,2.);
#2335=CIRCLE('',#5809,9.);
#2336=CIRCLE('',#5812,1.);
#2337=CIRCLE('',#5815,1.);
#2338=CIRCLE('',#5818,1.05);
#2339=CIRCLE('',#5819,1.05);
#2340=CIRCLE('',#5820,1.05);
#2341=CIRCLE('',#5821,1.05);
#2342=CIRCLE('',#5823,4.);
#2343=CIRCLE('',#5824,4.);
#2344=CIRCLE('',#5826,4.);
#2345=CIRCLE('',#5828,2.55);
#2346=CIRCLE('',#5829,1.05);
#2347=CIRCLE('',#5831,2.55);
#2348=CIRCLE('',#5832,2.);
#2349=CIRCLE('',#5833,4.55);
#2350=CIRCLE('',#5835,4.55);
#2351=CIRCLE('',#5837,2.55);
#2352=CIRCLE('',#5839,2.);
#2353=CIRCLE('',#5841,4.);
#2354=CIRCLE('',#5848,1.);
#2355=CIRCLE('',#5851,1.);
#2356=CIRCLE('',#5855,1.05);
#2357=CIRCLE('',#5858,1.05);
#2358=CIRCLE('',#5879,1.05);
#2359=CIRCLE('',#5881,1.05);
#2360=CIRCLE('',#5889,1.5);
#2361=CIRCLE('',#5890,1.5);
#2362=CIRCLE('',#5891,1.5);
#2363=CIRCLE('',#5892,1.5);
#2364=CIRCLE('',#5900,1.05);
#2365=CIRCLE('',#5901,1.05);
#2366=CIRCLE('',#5903,1.05);
#2367=CIRCLE('',#5904,1.05);
#2368=CIRCLE('',#5909,1.05);
#2369=CIRCLE('',#5910,1.05);
#2370=CIRCLE('',#5912,1.05);
#2371=CIRCLE('',#5913,1.05);
#2372=CIRCLE('',#5921,1.05);
#2373=CIRCLE('',#5922,1.05);
#2374=CIRCLE('',#5924,1.05);
#2375=CIRCLE('',#5925,1.05);
#2376=CIRCLE('',#5933,3.);
#2377=CIRCLE('',#5936,3.);
#2378=CIRCLE('',#5939,3.);
#2379=CIRCLE('',#5942,3.);
#2380=CIRCLE('',#5945,1.5);
#2381=CIRCLE('',#5948,1.5);
#2382=CIRCLE('',#5951,1.5);
#2383=CIRCLE('',#5954,1.5);
#2384=CIRCLE('',#5958,1.1);
#2385=CIRCLE('',#5959,1.1);
#2386=CIRCLE('',#5962,1.1);
#2387=CIRCLE('',#5963,1.1);
#2388=CIRCLE('',#5966,1.1);
#2389=CIRCLE('',#5967,1.1);
#2390=CIRCLE('',#5970,1.1);
#2391=CIRCLE('',#5971,1.1);
#2392=CIRCLE('',#5979,1.05);
#2393=CIRCLE('',#5980,1.05);
#2394=CIRCLE('',#5982,1.05);
#2395=CIRCLE('',#5983,1.05);
#2396=CIRCLE('',#5985,1.05);
#2397=CIRCLE('',#5986,1.05);
#2398=CIRCLE('',#5988,1.05);
#2399=CIRCLE('',#5989,1.05);
#2400=CIRCLE('',#5991,2.);
#2401=CIRCLE('',#5993,1.05);
#2402=CIRCLE('',#5995,2.);
#2403=CIRCLE('',#5997,1.05);
#2404=CIRCLE('',#5999,2.);
#2405=CIRCLE('',#6001,1.05);
#2406=CIRCLE('',#6009,2.);
#2407=CIRCLE('',#6010,2.);
#2408=CIRCLE('',#6012,1.05);
#2409=CIRCLE('',#6014,2.);
#2410=CIRCLE('',#6015,2.);
#2411=CIRCLE('',#6017,1.05);
#2412=CIRCLE('',#6019,2.);
#2413=CIRCLE('',#6020,2.);
#2414=CIRCLE('',#6022,1.05);
#2415=CIRCLE('',#6024,4.);
#2416=CIRCLE('',#6026,1.05);
#2417=CIRCLE('',#6028,1.05);
#2418=CIRCLE('',#6030,1.05);
#2419=CIRCLE('',#6034,4.);
#2420=VERTEX_POINT('',#7655);
#2421=VERTEX_POINT('',#7656);
#2422=VERTEX_POINT('',#7658);
#2423=VERTEX_POINT('',#7660);
#2424=VERTEX_POINT('',#7664);
#2425=VERTEX_POINT('',#7666);
#2426=VERTEX_POINT('',#7670);
#2427=VERTEX_POINT('',#7672);
#2428=VERTEX_POINT('',#7674);
#2429=VERTEX_POINT('',#7676);
#2430=VERTEX_POINT('',#7678);
#2431=VERTEX_POINT('',#7680);
#2432=VERTEX_POINT('',#7682);
#2433=VERTEX_POINT('',#7684);
#2434=VERTEX_POINT('',#7686);
#2435=VERTEX_POINT('',#7688);
#2436=VERTEX_POINT('',#7690);
#2437=VERTEX_POINT('',#7692);
#2438=VERTEX_POINT('',#7694);
#2439=VERTEX_POINT('',#7696);
#2440=VERTEX_POINT('',#7698);
#2441=VERTEX_POINT('',#7700);
#2442=VERTEX_POINT('',#7702);
#2443=VERTEX_POINT('',#7704);
#2444=VERTEX_POINT('',#7706);
#2445=VERTEX_POINT('',#7708);
#2446=VERTEX_POINT('',#7710);
#2447=VERTEX_POINT('',#7712);
#2448=VERTEX_POINT('',#7714);
#2449=VERTEX_POINT('',#7716);
#2450=VERTEX_POINT('',#7718);
#2451=VERTEX_POINT('',#7720);
#2452=VERTEX_POINT('',#7722);
#2453=VERTEX_POINT('',#7724);
#2454=VERTEX_POINT('',#7726);
#2455=VERTEX_POINT('',#7728);
#2456=VERTEX_POINT('',#7730);
#2457=VERTEX_POINT('',#7732);
#2458=VERTEX_POINT('',#7734);
#2459=VERTEX_POINT('',#7736);
#2460=VERTEX_POINT('',#7738);
#2461=VERTEX_POINT('',#7740);
#2462=VERTEX_POINT('',#7742);
#2463=VERTEX_POINT('',#7744);
#2464=VERTEX_POINT('',#7746);
#2465=VERTEX_POINT('',#7748);
#2466=VERTEX_POINT('',#7751);
#2467=VERTEX_POINT('',#7753);
#2468=VERTEX_POINT('',#7755);
#2469=VERTEX_POINT('',#7757);
#2470=VERTEX_POINT('',#7760);
#2471=VERTEX_POINT('',#7762);
#2472=VERTEX_POINT('',#7766);
#2473=VERTEX_POINT('',#7770);
#2474=VERTEX_POINT('',#7771);
#2475=VERTEX_POINT('',#7773);
#2476=VERTEX_POINT('',#7775);
#2477=VERTEX_POINT('',#7779);
#2478=VERTEX_POINT('',#7781);
#2479=VERTEX_POINT('',#7783);
#2480=VERTEX_POINT('',#7785);
#2481=VERTEX_POINT('',#7787);
#2482=VERTEX_POINT('',#7789);
#2483=VERTEX_POINT('',#7791);
#2484=VERTEX_POINT('',#7794);
#2485=VERTEX_POINT('',#7796);
#2486=VERTEX_POINT('',#7798);
#2487=VERTEX_POINT('',#7802);
#2488=VERTEX_POINT('',#7804);
#2489=VERTEX_POINT('',#7808);
#2490=VERTEX_POINT('',#7812);
#2491=VERTEX_POINT('',#7814);
#2492=VERTEX_POINT('',#7816);
#2493=VERTEX_POINT('',#7819);
#2494=VERTEX_POINT('',#7821);
#2495=VERTEX_POINT('',#7823);
#2496=VERTEX_POINT('',#7826);
#2497=VERTEX_POINT('',#7830);
#2498=VERTEX_POINT('',#7834);
#2499=VERTEX_POINT('',#7835);
#2500=VERTEX_POINT('',#7837);
#2501=VERTEX_POINT('',#7839);
#2502=VERTEX_POINT('',#7843);
#2503=VERTEX_POINT('',#7845);
#2504=VERTEX_POINT('',#7849);
#2505=VERTEX_POINT('',#7851);
#2506=VERTEX_POINT('',#7853);
#2507=VERTEX_POINT('',#7855);
#2508=VERTEX_POINT('',#7859);
#2509=VERTEX_POINT('',#7860);
#2510=VERTEX_POINT('',#7862);
#2511=VERTEX_POINT('',#7865);
#2512=VERTEX_POINT('',#7869);
#2513=VERTEX_POINT('',#7871);
#2514=VERTEX_POINT('',#7873);
#2515=VERTEX_POINT('',#7878);
#2516=VERTEX_POINT('',#7880);
#2517=VERTEX_POINT('',#7883);
#2518=VERTEX_POINT('',#7885);
#2519=VERTEX_POINT('',#7887);
#2520=VERTEX_POINT('',#7889);
#2521=VERTEX_POINT('',#7891);
#2522=VERTEX_POINT('',#7895);
#2523=VERTEX_POINT('',#7900);
#2524=VERTEX_POINT('',#7904);
#2525=VERTEX_POINT('',#7906);
#2526=VERTEX_POINT('',#7909);
#2527=VERTEX_POINT('',#7911);
#2528=VERTEX_POINT('',#7913);
#2529=VERTEX_POINT('',#7916);
#2530=VERTEX_POINT('',#7920);
#2531=VERTEX_POINT('',#7922);
#2532=VERTEX_POINT('',#7924);
#2533=VERTEX_POINT('',#7926);
#2534=VERTEX_POINT('',#7928);
#2535=VERTEX_POINT('',#7930);
#2536=VERTEX_POINT('',#7932);
#2537=VERTEX_POINT('',#7934);
#2538=VERTEX_POINT('',#7936);
#2539=VERTEX_POINT('',#7938);
#2540=VERTEX_POINT('',#7941);
#2541=VERTEX_POINT('',#7943);
#2542=VERTEX_POINT('',#7944);
#2543=VERTEX_POINT('',#7946);
#2544=VERTEX_POINT('',#7948);
#2545=VERTEX_POINT('',#7951);
#2546=VERTEX_POINT('',#7952);
#2547=VERTEX_POINT('',#7954);
#2548=VERTEX_POINT('',#7956);
#2549=VERTEX_POINT('',#7959);
#2550=VERTEX_POINT('',#7961);
#2551=VERTEX_POINT('',#7963);
#2552=VERTEX_POINT('',#7964);
#2553=VERTEX_POINT('',#7966);
#2554=VERTEX_POINT('',#7968);
#2555=VERTEX_POINT('',#7971);
#2556=VERTEX_POINT('',#7973);
#2557=VERTEX_POINT('',#7975);
#2558=VERTEX_POINT('',#7977);
#2559=VERTEX_POINT('',#7979);
#2560=VERTEX_POINT('',#7981);
#2561=VERTEX_POINT('',#7988);
#2562=VERTEX_POINT('',#7989);
#2563=VERTEX_POINT('',#7991);
#2564=VERTEX_POINT('',#7994);
#2565=VERTEX_POINT('',#7995);
#2566=VERTEX_POINT('',#7997);
#2567=VERTEX_POINT('',#7999);
#2568=VERTEX_POINT('',#8002);
#2569=VERTEX_POINT('',#8003);
#2570=VERTEX_POINT('',#8005);
#2571=VERTEX_POINT('',#8008);
#2572=VERTEX_POINT('',#8009);
#2573=VERTEX_POINT('',#8011);
#2574=VERTEX_POINT('',#8013);
#2575=VERTEX_POINT('',#8016);
#2576=VERTEX_POINT('',#8017);
#2577=VERTEX_POINT('',#8019);
#2578=VERTEX_POINT('',#8021);
#2579=VERTEX_POINT('',#8024);
#2580=VERTEX_POINT('',#8025);
#2581=VERTEX_POINT('',#8027);
#2582=VERTEX_POINT('',#8029);
#2583=VERTEX_POINT('',#8031);
#2584=VERTEX_POINT('',#8034);
#2585=VERTEX_POINT('',#8035);
#2586=VERTEX_POINT('',#8037);
#2587=VERTEX_POINT('',#8039);
#2588=VERTEX_POINT('',#8042);
#2589=VERTEX_POINT('',#8043);
#2590=VERTEX_POINT('',#8045);
#2591=VERTEX_POINT('',#8047);
#2592=VERTEX_POINT('',#8050);
#2593=VERTEX_POINT('',#8051);
#2594=VERTEX_POINT('',#8053);
#2595=VERTEX_POINT('',#8055);
#2596=VERTEX_POINT('',#8057);
#2597=VERTEX_POINT('',#8060);
#2598=VERTEX_POINT('',#8061);
#2599=VERTEX_POINT('',#8063);
#2600=VERTEX_POINT('',#8065);
#2601=VERTEX_POINT('',#8068);
#2602=VERTEX_POINT('',#8069);
#2603=VERTEX_POINT('',#8071);
#2604=VERTEX_POINT('',#8073);
#2605=VERTEX_POINT('',#8076);
#2606=VERTEX_POINT('',#8077);
#2607=VERTEX_POINT('',#8079);
#2608=VERTEX_POINT('',#8081);
#2609=VERTEX_POINT('',#8088);
#2610=VERTEX_POINT('',#8090);
#2611=VERTEX_POINT('',#8099);
#2612=VERTEX_POINT('',#8101);
#2613=VERTEX_POINT('',#8103);
#2614=VERTEX_POINT('',#8105);
#2615=VERTEX_POINT('',#8108);
#2616=VERTEX_POINT('',#8109);
#2617=VERTEX_POINT('',#8111);
#2618=VERTEX_POINT('',#8113);
#2619=VERTEX_POINT('',#8115);
#2620=VERTEX_POINT('',#8117);
#2621=VERTEX_POINT('',#8119);
#2622=VERTEX_POINT('',#8121);
#2623=VERTEX_POINT('',#8127);
#2624=VERTEX_POINT('',#8128);
#2625=VERTEX_POINT('',#8130);
#2626=VERTEX_POINT('',#8132);
#2627=VERTEX_POINT('',#8139);
#2628=VERTEX_POINT('',#8140);
#2629=VERTEX_POINT('',#8145);
#2630=VERTEX_POINT('',#8147);
#2631=VERTEX_POINT('',#8151);
#2632=VERTEX_POINT('',#8155);
#2633=VERTEX_POINT('',#8157);
#2634=VERTEX_POINT('',#8159);
#2635=VERTEX_POINT('',#8161);
#2636=VERTEX_POINT('',#8163);
#2637=VERTEX_POINT('',#8166);
#2638=VERTEX_POINT('',#8168);
#2639=VERTEX_POINT('',#8171);
#2640=VERTEX_POINT('',#8175);
#2641=VERTEX_POINT('',#8177);
#2642=VERTEX_POINT('',#8187);
#2643=VERTEX_POINT('',#8191);
#2644=VERTEX_POINT('',#8193);
#2645=VERTEX_POINT('',#8199);
#2646=VERTEX_POINT('',#8203);
#2647=VERTEX_POINT('',#8207);
#2648=VERTEX_POINT('',#8210);
#2649=VERTEX_POINT('',#8213);
#2650=VERTEX_POINT('',#8215);
#2651=VERTEX_POINT('',#8217);
#2652=VERTEX_POINT('',#8219);
#2653=VERTEX_POINT('',#8221);
#2654=VERTEX_POINT('',#8223);
#2655=VERTEX_POINT('',#8225);
#2656=VERTEX_POINT('',#8227);
#2657=VERTEX_POINT('',#8229);
#2658=VERTEX_POINT('',#8231);
#2659=VERTEX_POINT('',#8233);
#2660=VERTEX_POINT('',#8235);
#2661=VERTEX_POINT('',#8237);
#2662=VERTEX_POINT('',#8240);
#2663=VERTEX_POINT('',#8242);
#2664=VERTEX_POINT('',#8253);
#2665=VERTEX_POINT('',#8255);
#2666=VERTEX_POINT('',#8268);
#2667=VERTEX_POINT('',#8270);
#2668=VERTEX_POINT('',#8272);
#2669=VERTEX_POINT('',#8273);
#2670=VERTEX_POINT('',#8275);
#2671=VERTEX_POINT('',#8277);
#2672=VERTEX_POINT('',#8280);
#2673=VERTEX_POINT('',#8282);
#2674=VERTEX_POINT('',#8284);
#2675=VERTEX_POINT('',#8285);
#2676=VERTEX_POINT('',#8287);
#2677=VERTEX_POINT('',#8289);
#2678=VERTEX_POINT('',#8292);
#2679=VERTEX_POINT('',#8293);
#2680=VERTEX_POINT('',#8295);
#2681=VERTEX_POINT('',#8297);
#2682=VERTEX_POINT('',#8301);
#2683=VERTEX_POINT('',#8302);
#2684=VERTEX_POINT('',#8304);
#2685=VERTEX_POINT('',#8306);
#2686=VERTEX_POINT('',#8310);
#2687=VERTEX_POINT('',#8312);
#2688=VERTEX_POINT('',#8318);
#2689=VERTEX_POINT('',#8321);
#2690=VERTEX_POINT('',#8324);
#2691=VERTEX_POINT('',#8325);
#2692=VERTEX_POINT('',#8346);
#2693=VERTEX_POINT('',#8347);
#2694=VERTEX_POINT('',#8352);
#2695=VERTEX_POINT('',#8356);
#2696=VERTEX_POINT('',#8364);
#2697=VERTEX_POINT('',#8369);
#2698=VERTEX_POINT('',#8409);
#2699=VERTEX_POINT('',#8413);
#2700=VERTEX_POINT('',#8429);
#2701=VERTEX_POINT('',#8430);
#2702=VERTEX_POINT('',#8432);
#2703=VERTEX_POINT('',#8434);
#2704=VERTEX_POINT('',#8436);
#2705=VERTEX_POINT('',#8438);
#2706=VERTEX_POINT('',#8440);
#2707=VERTEX_POINT('',#8442);
#2708=VERTEX_POINT('',#8446);
#2709=VERTEX_POINT('',#8447);
#2710=VERTEX_POINT('',#8449);
#2711=VERTEX_POINT('',#8452);
#2712=VERTEX_POINT('',#8453);
#2713=VERTEX_POINT('',#8455);
#2714=VERTEX_POINT('',#8457);
#2715=VERTEX_POINT('',#8460);
#2716=VERTEX_POINT('',#8461);
#2717=VERTEX_POINT('',#8463);
#2718=VERTEX_POINT('',#8465);
#2719=VERTEX_POINT('',#8468);
#2720=VERTEX_POINT('',#8469);
#2721=VERTEX_POINT('',#8471);
#2722=VERTEX_POINT('',#8473);
#2723=VERTEX_POINT('',#8476);
#2724=VERTEX_POINT('',#8477);
#2725=VERTEX_POINT('',#8479);
#2726=VERTEX_POINT('',#8481);
#2727=VERTEX_POINT('',#8483);
#2728=VERTEX_POINT('',#8486);
#2729=VERTEX_POINT('',#8487);
#2730=VERTEX_POINT('',#8489);
#2731=VERTEX_POINT('',#8491);
#2732=VERTEX_POINT('',#8494);
#2733=VERTEX_POINT('',#8495);
#2734=VERTEX_POINT('',#8497);
#2735=VERTEX_POINT('',#8500);
#2736=VERTEX_POINT('',#8501);
#2737=VERTEX_POINT('',#8503);
#2738=VERTEX_POINT('',#8505);
#2739=VERTEX_POINT('',#8508);
#2740=VERTEX_POINT('',#8509);
#2741=VERTEX_POINT('',#8511);
#2742=VERTEX_POINT('',#8513);
#2743=VERTEX_POINT('',#8516);
#2744=VERTEX_POINT('',#8517);
#2745=VERTEX_POINT('',#8519);
#2746=VERTEX_POINT('',#8521);
#2747=VERTEX_POINT('',#8524);
#2748=VERTEX_POINT('',#8525);
#2749=VERTEX_POINT('',#8527);
#2750=VERTEX_POINT('',#8529);
#2751=VERTEX_POINT('',#8531);
#2752=VERTEX_POINT('',#8534);
#2753=VERTEX_POINT('',#8535);
#2754=VERTEX_POINT('',#8537);
#2755=VERTEX_POINT('',#8539);
#2756=VERTEX_POINT('',#8543);
#2757=VERTEX_POINT('',#8544);
#2758=VERTEX_POINT('',#8546);
#2759=VERTEX_POINT('',#8548);
#2760=VERTEX_POINT('',#8551);
#2761=VERTEX_POINT('',#8552);
#2762=VERTEX_POINT('',#8554);
#2763=VERTEX_POINT('',#8556);
#2764=VERTEX_POINT('',#8558);
#2765=VERTEX_POINT('',#8561);
#2766=VERTEX_POINT('',#8562);
#2767=VERTEX_POINT('',#8564);
#2768=VERTEX_POINT('',#8566);
#2769=VERTEX_POINT('',#8569);
#2770=VERTEX_POINT('',#8570);
#2771=VERTEX_POINT('',#8572);
#2772=VERTEX_POINT('',#8574);
#2773=VERTEX_POINT('',#8576);
#2774=VERTEX_POINT('',#8579);
#2775=VERTEX_POINT('',#8580);
#2776=VERTEX_POINT('',#8582);
#2777=VERTEX_POINT('',#8584);
#2778=VERTEX_POINT('',#8587);
#2779=VERTEX_POINT('',#8588);
#2780=VERTEX_POINT('',#8590);
#2781=VERTEX_POINT('',#8593);
#2782=VERTEX_POINT('',#8594);
#2783=VERTEX_POINT('',#8596);
#2784=VERTEX_POINT('',#8598);
#2785=VERTEX_POINT('',#8601);
#2786=VERTEX_POINT('',#8602);
#2787=VERTEX_POINT('',#8604);
#2788=VERTEX_POINT('',#8606);
#2789=VERTEX_POINT('',#8609);
#2790=VERTEX_POINT('',#8610);
#2791=VERTEX_POINT('',#8612);
#2792=VERTEX_POINT('',#8614);
#2793=VERTEX_POINT('',#8617);
#2794=VERTEX_POINT('',#8618);
#2795=VERTEX_POINT('',#8620);
#2796=VERTEX_POINT('',#8622);
#2797=VERTEX_POINT('',#8625);
#2798=VERTEX_POINT('',#8626);
#2799=VERTEX_POINT('',#8628);
#2800=VERTEX_POINT('',#8630);
#2801=VERTEX_POINT('',#8633);
#2802=VERTEX_POINT('',#8634);
#2803=VERTEX_POINT('',#8636);
#2804=VERTEX_POINT('',#8640);
#2805=VERTEX_POINT('',#8641);
#2806=VERTEX_POINT('',#8643);
#2807=VERTEX_POINT('',#8645);
#2808=VERTEX_POINT('',#8649);
#2809=VERTEX_POINT('',#8650);
#2810=VERTEX_POINT('',#8652);
#2811=VERTEX_POINT('',#8654);
#2812=VERTEX_POINT('',#8658);
#2813=VERTEX_POINT('',#8659);
#2814=VERTEX_POINT('',#8661);
#2815=VERTEX_POINT('',#8663);
#2816=VERTEX_POINT('',#8667);
#2817=VERTEX_POINT('',#8668);
#2818=VERTEX_POINT('',#8670);
#2819=VERTEX_POINT('',#8672);
#2820=VERTEX_POINT('',#8674);
#2821=VERTEX_POINT('',#8678);
#2822=VERTEX_POINT('',#8680);
#2823=VERTEX_POINT('',#8684);
#2824=VERTEX_POINT('',#8686);
#2825=VERTEX_POINT('',#8696);
#2826=VERTEX_POINT('',#8698);
#2827=VERTEX_POINT('',#8702);
#2828=VERTEX_POINT('',#8704);
#2829=VERTEX_POINT('',#8718);
#2830=VERTEX_POINT('',#8720);
#2831=VERTEX_POINT('',#8724);
#2832=VERTEX_POINT('',#8726);
#2833=VERTEX_POINT('',#8739);
#2834=VERTEX_POINT('',#8740);
#2835=VERTEX_POINT('',#8745);
#2836=VERTEX_POINT('',#8749);
#2837=VERTEX_POINT('',#8750);
#2838=VERTEX_POINT('',#8757);
#2839=VERTEX_POINT('',#8758);
#2840=VERTEX_POINT('',#8765);
#2841=VERTEX_POINT('',#8771);
#2842=VERTEX_POINT('',#8772);
#2843=VERTEX_POINT('',#8777);
#2844=VERTEX_POINT('',#8781);
#2845=VERTEX_POINT('',#8782);
#2846=VERTEX_POINT('',#8787);
#2847=VERTEX_POINT('',#8791);
#2848=VERTEX_POINT('',#8797);
#2849=VERTEX_POINT('',#8804);
#2850=VERTEX_POINT('',#8805);
#2851=VERTEX_POINT('',#8807);
#2852=VERTEX_POINT('',#8809);
#2853=VERTEX_POINT('',#8813);
#2854=VERTEX_POINT('',#8815);
#2855=VERTEX_POINT('',#8819);
#2856=VERTEX_POINT('',#8821);
#2857=VERTEX_POINT('',#8825);
#2858=VERTEX_POINT('',#8827);
#2859=VERTEX_POINT('',#8831);
#2860=VERTEX_POINT('',#8832);
#2861=VERTEX_POINT('',#8834);
#2862=VERTEX_POINT('',#8836);
#2863=VERTEX_POINT('',#8843);
#2864=VERTEX_POINT('',#8845);
#2865=VERTEX_POINT('',#8852);
#2866=VERTEX_POINT('',#8853);
#2867=VERTEX_POINT('',#8855);
#2868=VERTEX_POINT('',#8857);
#2869=VERTEX_POINT('',#8861);
#2870=VERTEX_POINT('',#8863);
#2871=VERTEX_POINT('',#8867);
#2872=VERTEX_POINT('',#8869);
#2873=VERTEX_POINT('',#8877);
#2874=VERTEX_POINT('',#8879);
#2875=VERTEX_POINT('',#8883);
#2876=VERTEX_POINT('',#8885);
#2877=VERTEX_POINT('',#8889);
#2878=VERTEX_POINT('',#8891);
#2879=VERTEX_POINT('',#8895);
#2880=VERTEX_POINT('',#8897);
#2881=VERTEX_POINT('',#8901);
#2882=VERTEX_POINT('',#8905);
#2883=VERTEX_POINT('',#8908);
#2884=VERTEX_POINT('',#8912);
#2885=VERTEX_POINT('',#8915);
#2886=VERTEX_POINT('',#8919);
#2887=VERTEX_POINT('',#8933);
#2888=VERTEX_POINT('',#8935);
#2889=VERTEX_POINT('',#8939);
#2890=VERTEX_POINT('',#8942);
#2891=VERTEX_POINT('',#8944);
#2892=VERTEX_POINT('',#8948);
#2893=VERTEX_POINT('',#8951);
#2894=VERTEX_POINT('',#8953);
#2895=VERTEX_POINT('',#8957);
#2896=VERTEX_POINT('',#8960);
#2897=VERTEX_POINT('',#8962);
#2898=VERTEX_POINT('',#8964);
#2899=VERTEX_POINT('',#8968);
#2900=VERTEX_POINT('',#8972);
#2901=VERTEX_POINT('',#8976);
#2902=VERTEX_POINT('',#8980);
#2903=VERTEX_POINT('',#8984);
#2904=VERTEX_POINT('',#8988);
#2905=VERTEX_POINT('',#9101);
#2906=VERTEX_POINT('',#9102);
#2907=VERTEX_POINT('',#9104);
#2908=VERTEX_POINT('',#9107);
#2909=VERTEX_POINT('',#9110);
#2910=VERTEX_POINT('',#9112);
#2911=VERTEX_POINT('',#9115);
#2912=VERTEX_POINT('',#9117);
#2913=VERTEX_POINT('',#9120);
#2914=VERTEX_POINT('',#9122);
#2915=VERTEX_POINT('',#9125);
#2916=VERTEX_POINT('',#9127);
#2917=VERTEX_POINT('',#9129);
#2918=VERTEX_POINT('',#9131);
#2919=VERTEX_POINT('',#9133);
#2920=VERTEX_POINT('',#9135);
#2921=VERTEX_POINT('',#9137);
#2922=VERTEX_POINT('',#9139);
#2923=VERTEX_POINT('',#9141);
#2924=VERTEX_POINT('',#9143);
#2925=VERTEX_POINT('',#9145);
#2926=VERTEX_POINT('',#9147);
#2927=VERTEX_POINT('',#9149);
#2928=VERTEX_POINT('',#9152);
#2929=VERTEX_POINT('',#9153);
#2930=VERTEX_POINT('',#9155);
#2931=VERTEX_POINT('',#9157);
#2932=VERTEX_POINT('',#9160);
#2933=VERTEX_POINT('',#9161);
#2934=VERTEX_POINT('',#9163);
#2935=VERTEX_POINT('',#9165);
#2936=VERTEX_POINT('',#9168);
#2937=VERTEX_POINT('',#9169);
#2938=VERTEX_POINT('',#9171);
#2939=VERTEX_POINT('',#9173);
#2940=VERTEX_POINT('',#9176);
#2941=VERTEX_POINT('',#9177);
#2942=VERTEX_POINT('',#9179);
#2943=VERTEX_POINT('',#9181);
#2944=EDGE_CURVE('',#2420,#2421,#2263,.T.);
#2945=EDGE_CURVE('',#2421,#2422,#1009,.T.);
#2946=EDGE_CURVE('',#2422,#2423,#2264,.F.);
#2947=EDGE_CURVE('',#2423,#2420,#1010,.T.);
#2948=EDGE_CURVE('',#2421,#2424,#1011,.T.);
#2949=EDGE_CURVE('',#2425,#2424,#1012,.T.);
#2950=EDGE_CURVE('',#2422,#2425,#1013,.T.);
#2951=EDGE_CURVE('',#2426,#2420,#1014,.T.);
#2952=EDGE_CURVE('',#2426,#2427,#1015,.T.);
#2953=EDGE_CURVE('',#2427,#2428,#1016,.T.);
#2954=EDGE_CURVE('',#2429,#2428,#1017,.T.);
#2955=EDGE_CURVE('',#2430,#2429,#2265,.T.);
#2956=EDGE_CURVE('',#2431,#2430,#1018,.T.);
#2957=EDGE_CURVE('',#2432,#2431,#2266,.T.);
#2958=EDGE_CURVE('',#2433,#2432,#1019,.T.);
#2959=EDGE_CURVE('',#2434,#2433,#2267,.T.);
#2960=EDGE_CURVE('',#2434,#2435,#1020,.T.);
#2961=EDGE_CURVE('',#2436,#2435,#2268,.T.);
#2962=EDGE_CURVE('',#2436,#2437,#1021,.T.);
#2963=EDGE_CURVE('',#2438,#2437,#2269,.T.);
#2964=EDGE_CURVE('',#2439,#2438,#1022,.T.);
#2965=EDGE_CURVE('',#2440,#2439,#2270,.T.);
#2966=EDGE_CURVE('',#2441,#2440,#1023,.T.);
#2967=EDGE_CURVE('',#2442,#2441,#2271,.T.);
#2968=EDGE_CURVE('',#2443,#2442,#1024,.T.);
#2969=EDGE_CURVE('',#2444,#2443,#1025,.T.);
#2970=EDGE_CURVE('',#2444,#2445,#1026,.T.);
#2971=EDGE_CURVE('',#2446,#2445,#2272,.T.);
#2972=EDGE_CURVE('',#2446,#2447,#1027,.T.);
#2973=EDGE_CURVE('',#2448,#2447,#2273,.T.);
#2974=EDGE_CURVE('',#2448,#2449,#1028,.T.);
#2975=EDGE_CURVE('',#2450,#2449,#1029,.T.);
#2976=EDGE_CURVE('',#2450,#2451,#1030,.T.);
#2977=EDGE_CURVE('',#2452,#2451,#1031,.T.);
#2978=EDGE_CURVE('',#2453,#2452,#1032,.T.);
#2979=EDGE_CURVE('',#2453,#2454,#1033,.T.);
#2980=EDGE_CURVE('',#2454,#2455,#1034,.T.);
#2981=EDGE_CURVE('',#2456,#2455,#1035,.T.);
#2982=EDGE_CURVE('',#2457,#2456,#1036,.T.);
#2983=EDGE_CURVE('',#2457,#2458,#1037,.T.);
#2984=EDGE_CURVE('',#2458,#2459,#1038,.T.);
#2985=EDGE_CURVE('',#2460,#2459,#1039,.T.);
#2986=EDGE_CURVE('',#2461,#2460,#1040,.T.);
#2987=EDGE_CURVE('',#2461,#2462,#1041,.T.);
#2988=EDGE_CURVE('',#2462,#2463,#1042,.T.);
#2989=EDGE_CURVE('',#2464,#2463,#2274,.T.);
#2990=EDGE_CURVE('',#2464,#2465,#1043,.T.);
#2991=EDGE_CURVE('',#2424,#2465,#1044,.T.);
#2992=EDGE_CURVE('',#2466,#2466,#2275,.T.);
#2993=EDGE_CURVE('',#2467,#2467,#2276,.T.);
#2994=EDGE_CURVE('',#2468,#2468,#2277,.T.);
#2995=EDGE_CURVE('',#2469,#2469,#2278,.T.);
#2996=EDGE_CURVE('',#2463,#2470,#1045,.T.);
#2997=EDGE_CURVE('',#2470,#2471,#2279,.F.);
#2998=EDGE_CURVE('',#2471,#2464,#1046,.T.);
#2999=EDGE_CURVE('',#2472,#2462,#1047,.T.);
#3000=EDGE_CURVE('',#2470,#2472,#1048,.T.);
#3001=EDGE_CURVE('',#2473,#2474,#28,.T.);
#3002=EDGE_CURVE('',#2474,#2475,#1049,.T.);
#3003=EDGE_CURVE('',#2475,#2476,#2280,.T.);
#3004=EDGE_CURVE('',#2476,#2473,#1050,.T.);
#3005=EDGE_CURVE('',#2474,#2477,#1051,.T.);
#3006=EDGE_CURVE('',#2478,#2477,#1052,.T.);
#3007=EDGE_CURVE('',#2479,#2478,#1053,.T.);
#3008=EDGE_CURVE('',#2479,#2480,#1054,.T.);
#3009=EDGE_CURVE('',#2481,#2480,#1055,.T.);
#3010=EDGE_CURVE('',#2482,#2481,#1056,.T.);
#3011=EDGE_CURVE('',#2482,#2483,#1057,.T.);
#3012=EDGE_CURVE('',#2441,#2483,#1058,.T.);
#3013=EDGE_CURVE('',#2484,#2440,#1059,.T.);
#3014=EDGE_CURVE('',#2484,#2485,#1060,.T.);
#3015=EDGE_CURVE('',#2486,#2485,#1061,.T.);
#3016=EDGE_CURVE('',#2486,#2475,#1062,.T.);
#3017=EDGE_CURVE('',#2487,#2486,#2281,.T.);
#3018=EDGE_CURVE('',#2485,#2488,#2282,.T.);
#3019=EDGE_CURVE('',#2488,#2487,#1063,.T.);
#3020=EDGE_CURVE('',#2483,#2489,#29,.T.);
#3021=EDGE_CURVE('',#2489,#2442,#1064,.T.);
#3022=EDGE_CURVE('',#2489,#2490,#1065,.T.);
#3023=EDGE_CURVE('',#2491,#2490,#2283,.T.);
#3024=EDGE_CURVE('',#2491,#2492,#1066,.T.);
#3025=EDGE_CURVE('',#2492,#2443,#1067,.T.);
#3026=EDGE_CURVE('',#2493,#2493,#2284,.T.);
#3027=EDGE_CURVE('',#2494,#2494,#2285,.T.);
#3028=EDGE_CURVE('',#2495,#2495,#2286,.T.);
#3029=EDGE_CURVE('',#2439,#2496,#1068,.T.);
#3030=EDGE_CURVE('',#2496,#2484,#2287,.T.);
#3031=EDGE_CURVE('',#2497,#2438,#1069,.T.);
#3032=EDGE_CURVE('',#2497,#2496,#1070,.T.);
#3033=EDGE_CURVE('',#2498,#2499,#2288,.T.);
#3034=EDGE_CURVE('',#2498,#2500,#1071,.T.);
#3035=EDGE_CURVE('',#2500,#2501,#2289,.T.);
#3036=EDGE_CURVE('',#2501,#2499,#1072,.T.);
#3037=EDGE_CURVE('',#2447,#2502,#1073,.T.);
#3038=EDGE_CURVE('',#2502,#2503,#2290,.F.);
#3039=EDGE_CURVE('',#2503,#2448,#1074,.T.);
#3040=EDGE_CURVE('',#2504,#2446,#1075,.T.);
#3041=EDGE_CURVE('',#2505,#2504,#1076,.T.);
#3042=EDGE_CURVE('',#2505,#2506,#1077,.T.);
#3043=EDGE_CURVE('',#2506,#2507,#2291,.T.);
#3044=EDGE_CURVE('',#2502,#2507,#1078,.T.);
#3045=EDGE_CURVE('',#2508,#2509,#2292,.T.);
#3046=EDGE_CURVE('',#2509,#2510,#1079,.T.);
#3047=EDGE_CURVE('',#2510,#2478,#2293,.F.);
#3048=EDGE_CURVE('',#2477,#2511,#30,.T.);
#3049=EDGE_CURVE('',#2511,#2508,#1080,.T.);
#3050=EDGE_CURVE('',#2498,#2512,#1081,.F.);
#3051=EDGE_CURVE('',#2512,#2513,#2294,.T.);
#3052=EDGE_CURVE('',#2513,#2514,#1082,.T.);
#3053=EDGE_CURVE('',#2510,#2514,#1083,.T.);
#3054=EDGE_CURVE('',#2500,#2509,#1084,.T.);
#3055=EDGE_CURVE('',#2508,#2515,#1085,.T.);
#3056=EDGE_CURVE('',#2516,#2515,#1086,.T.);
#3057=EDGE_CURVE('',#2516,#2476,#1087,.F.);
#3058=EDGE_CURVE('',#2487,#2517,#1088,.T.);
#3059=EDGE_CURVE('',#2518,#2517,#2295,.T.);
#3060=EDGE_CURVE('',#2519,#2518,#1089,.T.);
#3061=EDGE_CURVE('',#2519,#2520,#1090,.T.);
#3062=EDGE_CURVE('',#2520,#2521,#1091,.T.);
#3063=EDGE_CURVE('',#2521,#2501,#1092,.T.);
#3064=EDGE_CURVE('',#2445,#2522,#1093,.T.);
#3065=EDGE_CURVE('',#2522,#2482,#31,.T.);
#3066=EDGE_CURVE('',#2504,#2481,#2296,.T.);
#3067=EDGE_CURVE('',#2522,#2523,#1094,.T.);
#3068=EDGE_CURVE('',#2490,#2523,#1095,.T.);
#3069=EDGE_CURVE('',#2524,#2444,#1096,.T.);
#3070=EDGE_CURVE('',#2525,#2524,#1097,.T.);
#3071=EDGE_CURVE('',#2523,#2525,#2297,.T.);
#3072=EDGE_CURVE('',#2526,#2526,#2298,.T.);
#3073=EDGE_CURVE('',#2527,#2527,#2299,.T.);
#3074=EDGE_CURVE('',#2528,#2528,#2300,.T.);
#3075=EDGE_CURVE('',#2529,#2497,#2301,.T.);
#3076=EDGE_CURVE('',#2437,#2529,#1098,.T.);
#3077=EDGE_CURVE('',#2530,#2529,#1099,.T.);
#3078=EDGE_CURVE('',#2531,#2530,#2302,.T.);
#3079=EDGE_CURVE('',#2531,#2532,#1100,.T.);
#3080=EDGE_CURVE('',#2533,#2532,#2303,.T.);
#3081=EDGE_CURVE('',#2533,#2534,#1101,.T.);
#3082=EDGE_CURVE('',#2535,#2534,#2304,.T.);
#3083=EDGE_CURVE('',#2536,#2535,#1102,.T.);
#3084=EDGE_CURVE('',#2537,#2536,#2305,.T.);
#3085=EDGE_CURVE('',#2537,#2538,#1103,.T.);
#3086=EDGE_CURVE('',#2539,#2538,#2306,.T.);
#3087=EDGE_CURVE('',#2488,#2539,#1104,.T.);
#3088=EDGE_CURVE('',#2540,#2540,#2307,.T.);
#3089=EDGE_CURVE('',#2541,#2542,#1105,.T.);
#3090=EDGE_CURVE('',#2542,#2543,#1106,.T.);
#3091=EDGE_CURVE('',#2543,#2544,#1107,.T.);
#3092=EDGE_CURVE('',#2544,#2541,#1108,.T.);
#3093=EDGE_CURVE('',#2545,#2546,#1109,.T.);
#3094=EDGE_CURVE('',#2546,#2547,#1110,.T.);
#3095=EDGE_CURVE('',#2547,#2548,#1111,.T.);
#3096=EDGE_CURVE('',#2548,#2545,#1112,.T.);
#3097=EDGE_CURVE('',#2549,#2549,#2308,.T.);
#3098=EDGE_CURVE('',#2550,#2550,#2309,.T.);
#3099=EDGE_CURVE('',#2551,#2552,#1113,.T.);
#3100=EDGE_CURVE('',#2552,#2553,#1114,.T.);
#3101=EDGE_CURVE('',#2553,#2554,#1115,.T.);
#3102=EDGE_CURVE('',#2554,#2551,#1116,.T.);
#3103=EDGE_CURVE('',#2555,#2555,#2310,.T.);
#3104=EDGE_CURVE('',#2556,#2556,#2311,.T.);
#3105=EDGE_CURVE('',#2557,#2557,#2312,.T.);
#3106=EDGE_CURVE('',#2558,#2558,#2313,.T.);
#3107=EDGE_CURVE('',#2559,#2559,#2314,.T.);
#3108=EDGE_CURVE('',#2560,#2560,#2315,.T.);
#3109=EDGE_CURVE('',#2435,#2531,#1117,.T.);
#3110=EDGE_CURVE('',#2530,#2436,#1118,.T.);
#3111=EDGE_CURVE('',#2532,#2434,#1119,.T.);
#3112=EDGE_CURVE('',#2561,#2562,#1120,.T.);
#3113=EDGE_CURVE('',#2563,#2561,#1121,.T.);
#3114=EDGE_CURVE('',#2562,#2563,#1122,.T.);
#3115=EDGE_CURVE('',#2564,#2565,#1123,.T.);
#3116=EDGE_CURVE('',#2566,#2565,#1124,.T.);
#3117=EDGE_CURVE('',#2567,#2566,#1125,.T.);
#3118=EDGE_CURVE('',#2564,#2567,#1126,.T.);
#3119=EDGE_CURVE('',#2568,#2569,#1127,.T.);
#3120=EDGE_CURVE('',#2570,#2569,#1128,.T.);
#3121=EDGE_CURVE('',#2568,#2570,#1129,.T.);
#3122=EDGE_CURVE('',#2571,#2572,#1130,.T.);
#3123=EDGE_CURVE('',#2573,#2572,#1131,.T.);
#3124=EDGE_CURVE('',#2574,#2573,#1132,.T.);
#3125=EDGE_CURVE('',#2571,#2574,#1133,.T.);
#3126=EDGE_CURVE('',#2575,#2576,#1134,.T.);
#3127=EDGE_CURVE('',#2575,#2577,#1135,.T.);
#3128=EDGE_CURVE('',#2578,#2577,#1136,.T.);
#3129=EDGE_CURVE('',#2576,#2578,#1137,.T.);
#3130=EDGE_CURVE('',#2579,#2580,#1138,.T.);
#3131=EDGE_CURVE('',#2581,#2580,#1139,.T.);
#3132=EDGE_CURVE('',#2582,#2581,#1140,.T.);
#3133=EDGE_CURVE('',#2583,#2582,#1141,.T.);
#3134=EDGE_CURVE('',#2579,#2583,#1142,.T.);
#3135=EDGE_CURVE('',#2584,#2585,#1143,.T.);
#3136=EDGE_CURVE('',#2584,#2586,#1144,.T.);
#3137=EDGE_CURVE('',#2587,#2586,#1145,.T.);
#3138=EDGE_CURVE('',#2585,#2587,#1146,.T.);
#3139=EDGE_CURVE('',#2588,#2589,#1147,.T.);
#3140=EDGE_CURVE('',#2590,#2589,#1148,.T.);
#3141=EDGE_CURVE('',#2591,#2590,#1149,.T.);
#3142=EDGE_CURVE('',#2588,#2591,#1150,.T.);
#3143=EDGE_CURVE('',#2592,#2593,#1151,.T.);
#3144=EDGE_CURVE('',#2592,#2594,#1152,.T.);
#3145=EDGE_CURVE('',#2595,#2594,#1153,.T.);
#3146=EDGE_CURVE('',#2596,#2595,#1154,.T.);
#3147=EDGE_CURVE('',#2593,#2596,#1155,.T.);
#3148=EDGE_CURVE('',#2597,#2598,#1156,.T.);
#3149=EDGE_CURVE('',#2599,#2598,#1157,.T.);
#3150=EDGE_CURVE('',#2600,#2599,#1158,.T.);
#3151=EDGE_CURVE('',#2597,#2600,#1159,.T.);
#3152=EDGE_CURVE('',#2601,#2602,#1160,.T.);
#3153=EDGE_CURVE('',#2601,#2603,#1161,.T.);
#3154=EDGE_CURVE('',#2604,#2603,#1162,.T.);
#3155=EDGE_CURVE('',#2602,#2604,#1163,.T.);
#3156=EDGE_CURVE('',#2605,#2606,#1164,.T.);
#3157=EDGE_CURVE('',#2607,#2606,#1165,.T.);
#3158=EDGE_CURVE('',#2608,#2607,#1166,.T.);
#3159=EDGE_CURVE('',#2605,#2608,#1167,.T.);
#3160=EDGE_CURVE('',#2433,#2533,#1168,.T.);
#3161=EDGE_CURVE('',#2534,#2432,#1169,.T.);
#3162=EDGE_CURVE('',#2609,#2609,#2316,.T.);
#3163=EDGE_CURVE('',#2610,#2610,#2317,.T.);
#3164=EDGE_CURVE('',#2431,#2535,#1170,.T.);
#3165=EDGE_CURVE('',#2538,#2518,#1171,.T.);
#3166=EDGE_CURVE('',#2517,#2539,#1172,.T.);
#3167=EDGE_CURVE('',#2429,#2537,#1173,.T.);
#3168=EDGE_CURVE('',#2428,#2611,#1174,.T.);
#3169=EDGE_CURVE('',#2612,#2611,#2318,.T.);
#3170=EDGE_CURVE('',#2612,#2613,#1175,.T.);
#3171=EDGE_CURVE('',#2614,#2613,#2319,.T.);
#3172=EDGE_CURVE('',#2614,#2519,#1176,.T.);
#3173=EDGE_CURVE('',#2615,#2616,#1177,.T.);
#3174=EDGE_CURVE('',#2617,#2616,#2320,.T.);
#3175=EDGE_CURVE('',#2617,#2618,#1178,.T.);
#3176=EDGE_CURVE('',#2619,#2618,#2321,.T.);
#3177=EDGE_CURVE('',#2619,#2620,#1179,.T.);
#3178=EDGE_CURVE('',#2621,#2620,#2322,.T.);
#3179=EDGE_CURVE('',#2621,#2622,#1180,.T.);
#3180=EDGE_CURVE('',#2615,#2622,#2323,.T.);
#3181=EDGE_CURVE('',#2536,#2430,#1181,.T.);
#3182=EDGE_CURVE('',#2623,#2624,#2324,.T.);
#3183=EDGE_CURVE('',#2624,#2625,#2325,.T.);
#3184=EDGE_CURVE('',#2625,#2626,#19,.F.);
#3185=EDGE_CURVE('',#2626,#2623,#2326,.T.);
#3186=EDGE_CURVE('',#2627,#2628,#2327,.T.);
#3187=EDGE_CURVE('',#2628,#2624,#1182,.T.);
#3188=EDGE_CURVE('',#2623,#2627,#1183,.T.);
#3189=EDGE_CURVE('',#2624,#2629,#1184,.T.);
#3190=EDGE_CURVE('',#2630,#2629,#2328,.T.);
#3191=EDGE_CURVE('',#2630,#2625,#1185,.T.);
#3192=EDGE_CURVE('',#2631,#2628,#1186,.T.);
#3193=EDGE_CURVE('',#2629,#2631,#1187,.T.);
#3194=EDGE_CURVE('',#2627,#2632,#1188,.T.);
#3195=EDGE_CURVE('',#2633,#2632,#2329,.T.);
#3196=EDGE_CURVE('',#2633,#2634,#1189,.T.);
#3197=EDGE_CURVE('',#2635,#2634,#2330,.T.);
#3198=EDGE_CURVE('',#2635,#2636,#1190,.T.);
#3199=EDGE_CURVE('',#2631,#2636,#2331,.T.);
#3200=EDGE_CURVE('',#2637,#2637,#2332,.T.);
#3201=EDGE_CURVE('',#2638,#2638,#2333,.T.);
#3202=EDGE_CURVE('',#2636,#2639,#1191,.T.);
#3203=EDGE_CURVE('',#2639,#2629,#2334,.T.);
#3204=EDGE_CURVE('',#2639,#2640,#2335,.T.);
#3205=EDGE_CURVE('',#2640,#2641,#20,.F.);
#3206=EDGE_CURVE('',#2641,#2630,#21,.F.);
#3207=EDGE_CURVE('',#2642,#2635,#1192,.T.);
#3208=EDGE_CURVE('',#2640,#2642,#1193,.T.);
#3209=EDGE_CURVE('',#2632,#2643,#1194,.T.);
#3210=EDGE_CURVE('',#2643,#2644,#2336,.F.);
#3211=EDGE_CURVE('',#2644,#2633,#1195,.T.);
#3212=EDGE_CURVE('',#2643,#2626,#1196,.T.);
#3213=EDGE_CURVE('',#2634,#2645,#1197,.T.);
#3214=EDGE_CURVE('',#2645,#2642,#2337,.F.);
#3215=EDGE_CURVE('',#2521,#2646,#1198,.F.);
#3216=EDGE_CURVE('',#2499,#2646,#1199,.T.);
#3217=EDGE_CURVE('',#2646,#2647,#1200,.T.);
#3218=EDGE_CURVE('',#2647,#2423,#1201,.T.);
#3219=EDGE_CURVE('',#2648,#2425,#1202,.T.);
#3220=EDGE_CURVE('',#2648,#2471,#1203,.T.);
#3221=EDGE_CURVE('',#2472,#2649,#1204,.T.);
#3222=EDGE_CURVE('',#2649,#2650,#1205,.T.);
#3223=EDGE_CURVE('',#2650,#2651,#1206,.T.);
#3224=EDGE_CURVE('',#2651,#2652,#1207,.T.);
#3225=EDGE_CURVE('',#2652,#2653,#1208,.T.);
#3226=EDGE_CURVE('',#2653,#2654,#1209,.T.);
#3227=EDGE_CURVE('',#2654,#2655,#1210,.T.);
#3228=EDGE_CURVE('',#2655,#2656,#1211,.T.);
#3229=EDGE_CURVE('',#2656,#2657,#1212,.T.);
#3230=EDGE_CURVE('',#2657,#2658,#1213,.T.);
#3231=EDGE_CURVE('',#2658,#2659,#1214,.T.);
#3232=EDGE_CURVE('',#2660,#2659,#1215,.T.);
#3233=EDGE_CURVE('',#2660,#2661,#1216,.T.);
#3234=EDGE_CURVE('',#2661,#2503,#1217,.T.);
#3235=EDGE_CURVE('',#2662,#2507,#1218,.T.);
#3236=EDGE_CURVE('',#2663,#2662,#22,.F.);
#3237=EDGE_CURVE('',#2663,#2664,#1219,.T.);
#3238=EDGE_CURVE('',#2665,#2664,#23,.F.);
#3239=EDGE_CURVE('',#2512,#2665,#1220,.T.);
#3240=EDGE_CURVE('',#2645,#2644,#1221,.T.);
#3241=EDGE_CURVE('',#2666,#2666,#2338,.T.);
#3242=EDGE_CURVE('',#2667,#2667,#2339,.T.);
#3243=EDGE_CURVE('',#2668,#2669,#1222,.T.);
#3244=EDGE_CURVE('',#2669,#2670,#1223,.T.);
#3245=EDGE_CURVE('',#2670,#2671,#1224,.T.);
#3246=EDGE_CURVE('',#2671,#2668,#1225,.T.);
#3247=EDGE_CURVE('',#2672,#2672,#2340,.T.);
#3248=EDGE_CURVE('',#2673,#2673,#2341,.T.);
#3249=EDGE_CURVE('',#2674,#2675,#1226,.T.);
#3250=EDGE_CURVE('',#2675,#2676,#1227,.T.);
#3251=EDGE_CURVE('',#2676,#2677,#1228,.T.);
#3252=EDGE_CURVE('',#2677,#2674,#1229,.T.);
#3253=EDGE_CURVE('',#2678,#2679,#1230,.T.);
#3254=EDGE_CURVE('',#2679,#2680,#1231,.T.);
#3255=EDGE_CURVE('',#2680,#2681,#1232,.T.);
#3256=EDGE_CURVE('',#2681,#2678,#1233,.T.);
#3257=EDGE_CURVE('',#2682,#2683,#2342,.T.);
#3258=EDGE_CURVE('',#2683,#2684,#1234,.T.);
#3259=EDGE_CURVE('',#2684,#2685,#2343,.T.);
#3260=EDGE_CURVE('',#2685,#2682,#1235,.T.);
#3261=EDGE_CURVE('',#2686,#2682,#1236,.T.);
#3262=EDGE_CURVE('',#2687,#2686,#1237,.T.);
#3263=EDGE_CURVE('',#2506,#2687,#1238,.T.);
#3264=EDGE_CURVE('',#2480,#2505,#1239,.T.);
#3265=EDGE_CURVE('',#2480,#2683,#2344,.F.);
#3266=EDGE_CURVE('',#2685,#2688,#1240,.T.);
#3267=EDGE_CURVE('',#2686,#2688,#2345,.T.);
#3268=EDGE_CURVE('',#2689,#2689,#2346,.T.);
#3269=EDGE_CURVE('',#2690,#2691,#2347,.T.);
#3270=EDGE_CURVE('',#2691,#2665,#2348,.T.);
#3271=EDGE_CURVE('',#2664,#2690,#2349,.T.);
#3272=EDGE_CURVE('',#2690,#2663,#2350,.T.);
#3273=EDGE_CURVE('',#2688,#2691,#1241,.T.);
#3274=EDGE_CURVE('',#2690,#2687,#2351,.T.);
#3275=EDGE_CURVE('',#2662,#2687,#2352,.T.);
#3276=EDGE_CURVE('',#2479,#2684,#2353,.T.);
#3277=EDGE_CURVE('',#2514,#2479,#1242,.T.);
#3278=EDGE_CURVE('',#2691,#2513,#1243,.T.);
#3279=EDGE_CURVE('',#2692,#2693,#2354,.T.);
#3280=EDGE_CURVE('',#2693,#2612,#1244,.T.);
#3281=EDGE_CURVE('',#2611,#2692,#1245,.T.);
#3282=EDGE_CURVE('',#2694,#2693,#1246,.T.);
#3283=EDGE_CURVE('',#2613,#2694,#1247,.T.);
#3284=EDGE_CURVE('',#2694,#2695,#2355,.T.);
#3285=EDGE_CURVE('',#2695,#2614,#1248,.T.);
#3286=EDGE_CURVE('',#2520,#2695,#1249,.T.);
#3287=EDGE_CURVE('',#2692,#2427,#1250,.T.);
#3288=EDGE_CURVE('',#2689,#2696,#1251,.T.);
#3289=EDGE_CURVE('',#2696,#2696,#2356,.T.);
#3290=EDGE_CURVE('',#2638,#2697,#1252,.T.);
#3291=EDGE_CURVE('',#2697,#2697,#2357,.T.);
#3292=EDGE_CURVE('',#2540,#2637,#1253,.T.);
#3293=EDGE_CURVE('',#2542,#2678,#1254,.T.);
#3294=EDGE_CURVE('',#2541,#2679,#1255,.T.);
#3295=EDGE_CURVE('',#2544,#2680,#1256,.T.);
#3296=EDGE_CURVE('',#2543,#2681,#1257,.T.);
#3297=EDGE_CURVE('',#2546,#2674,#1258,.T.);
#3298=EDGE_CURVE('',#2545,#2675,#1259,.T.);
#3299=EDGE_CURVE('',#2548,#2676,#1260,.T.);
#3300=EDGE_CURVE('',#2547,#2677,#1261,.T.);
#3301=EDGE_CURVE('',#2549,#2673,#1262,.T.);
#3302=EDGE_CURVE('',#2550,#2672,#1263,.T.);
#3303=EDGE_CURVE('',#2552,#2668,#1264,.T.);
#3304=EDGE_CURVE('',#2551,#2669,#1265,.T.);
#3305=EDGE_CURVE('',#2554,#2670,#1266,.T.);
#3306=EDGE_CURVE('',#2553,#2671,#1267,.T.);
#3307=EDGE_CURVE('',#2555,#2667,#1268,.T.);
#3308=EDGE_CURVE('',#2556,#2666,#1269,.T.);
#3309=EDGE_CURVE('',#2609,#2698,#1270,.T.);
#3310=EDGE_CURVE('',#2698,#2698,#2358,.T.);
#3311=EDGE_CURVE('',#2610,#2699,#1271,.T.);
#3312=EDGE_CURVE('',#2699,#2699,#2359,.T.);
#3313=EDGE_CURVE('',#2469,#2557,#1272,.T.);
#3314=EDGE_CURVE('',#2426,#2647,#1273,.T.);
#3315=EDGE_CURVE('',#2466,#2558,#1274,.T.);
#3316=EDGE_CURVE('',#2465,#2648,#1275,.T.);
#3317=EDGE_CURVE('',#2467,#2559,#1276,.T.);
#3318=EDGE_CURVE('',#2468,#2560,#1277,.T.);
#3319=EDGE_CURVE('',#2700,#2701,#1278,.T.);
#3320=EDGE_CURVE('',#2702,#2701,#2360,.T.);
#3321=EDGE_CURVE('',#2702,#2703,#1279,.T.);
#3322=EDGE_CURVE('',#2704,#2703,#2361,.T.);
#3323=EDGE_CURVE('',#2704,#2705,#1280,.T.);
#3324=EDGE_CURVE('',#2706,#2705,#2362,.T.);
#3325=EDGE_CURVE('',#2706,#2707,#1281,.T.);
#3326=EDGE_CURVE('',#2700,#2707,#2363,.T.);
#3327=EDGE_CURVE('',#2708,#2709,#1282,.T.);
#3328=EDGE_CURVE('',#2709,#2710,#1283,.T.);
#3329=EDGE_CURVE('',#2710,#2708,#1284,.T.);
#3330=EDGE_CURVE('',#2711,#2712,#1285,.T.);
#3331=EDGE_CURVE('',#2712,#2713,#1286,.T.);
#3332=EDGE_CURVE('',#2713,#2714,#1287,.T.);
#3333=EDGE_CURVE('',#2711,#2714,#1288,.T.);
#3334=EDGE_CURVE('',#2715,#2716,#1289,.T.);
#3335=EDGE_CURVE('',#2716,#2717,#1290,.T.);
#3336=EDGE_CURVE('',#2717,#2718,#1291,.T.);
#3337=EDGE_CURVE('',#2715,#2718,#1292,.T.);
#3338=EDGE_CURVE('',#2719,#2720,#1293,.T.);
#3339=EDGE_CURVE('',#2720,#2721,#1294,.T.);
#3340=EDGE_CURVE('',#2721,#2722,#1295,.T.);
#3341=EDGE_CURVE('',#2719,#2722,#1296,.T.);
#3342=EDGE_CURVE('',#2723,#2724,#1297,.T.);
#3343=EDGE_CURVE('',#2724,#2725,#1298,.T.);
#3344=EDGE_CURVE('',#2725,#2726,#1299,.T.);
#3345=EDGE_CURVE('',#2726,#2727,#1300,.T.);
#3346=EDGE_CURVE('',#2723,#2727,#1301,.T.);
#3347=EDGE_CURVE('',#2728,#2729,#1302,.T.);
#3348=EDGE_CURVE('',#2729,#2730,#1303,.T.);
#3349=EDGE_CURVE('',#2730,#2731,#1304,.T.);
#3350=EDGE_CURVE('',#2728,#2731,#1305,.T.);
#3351=EDGE_CURVE('',#2732,#2733,#1306,.T.);
#3352=EDGE_CURVE('',#2733,#2734,#1307,.T.);
#3353=EDGE_CURVE('',#2732,#2734,#1308,.T.);
#3354=EDGE_CURVE('',#2735,#2736,#1309,.T.);
#3355=EDGE_CURVE('',#2736,#2737,#1310,.T.);
#3356=EDGE_CURVE('',#2737,#2738,#1311,.T.);
#3357=EDGE_CURVE('',#2735,#2738,#1312,.T.);
#3358=EDGE_CURVE('',#2739,#2740,#1313,.T.);
#3359=EDGE_CURVE('',#2740,#2741,#1314,.T.);
#3360=EDGE_CURVE('',#2741,#2742,#1315,.T.);
#3361=EDGE_CURVE('',#2739,#2742,#1316,.T.);
#3362=EDGE_CURVE('',#2743,#2744,#1317,.T.);
#3363=EDGE_CURVE('',#2744,#2745,#1318,.T.);
#3364=EDGE_CURVE('',#2745,#2746,#1319,.T.);
#3365=EDGE_CURVE('',#2743,#2746,#1320,.T.);
#3366=EDGE_CURVE('',#2747,#2748,#1321,.T.);
#3367=EDGE_CURVE('',#2748,#2749,#1322,.T.);
#3368=EDGE_CURVE('',#2749,#2750,#1323,.T.);
#3369=EDGE_CURVE('',#2750,#2751,#1324,.T.);
#3370=EDGE_CURVE('',#2747,#2751,#1325,.T.);
#3371=EDGE_CURVE('',#2752,#2753,#1326,.T.);
#3372=EDGE_CURVE('',#2753,#2754,#1327,.T.);
#3373=EDGE_CURVE('',#2754,#2755,#1328,.T.);
#3374=EDGE_CURVE('',#2752,#2755,#1329,.T.);
#3375=EDGE_CURVE('',#2756,#2757,#1330,.T.);
#3376=EDGE_CURVE('',#2757,#2758,#1331,.T.);
#3377=EDGE_CURVE('',#2758,#2759,#1332,.T.);
#3378=EDGE_CURVE('',#2759,#2756,#1333,.T.);
#3379=EDGE_CURVE('',#2760,#2761,#1334,.T.);
#3380=EDGE_CURVE('',#2761,#2762,#1335,.T.);
#3381=EDGE_CURVE('',#2762,#2763,#1336,.T.);
#3382=EDGE_CURVE('',#2763,#2764,#1337,.T.);
#3383=EDGE_CURVE('',#2764,#2760,#1338,.T.);
#3384=EDGE_CURVE('',#2765,#2766,#1339,.T.);
#3385=EDGE_CURVE('',#2766,#2767,#1340,.T.);
#3386=EDGE_CURVE('',#2767,#2768,#1341,.T.);
#3387=EDGE_CURVE('',#2768,#2765,#1342,.T.);
#3388=EDGE_CURVE('',#2769,#2770,#1343,.T.);
#3389=EDGE_CURVE('',#2770,#2771,#1344,.T.);
#3390=EDGE_CURVE('',#2771,#2772,#1345,.T.);
#3391=EDGE_CURVE('',#2772,#2773,#1346,.T.);
#3392=EDGE_CURVE('',#2773,#2769,#1347,.T.);
#3393=EDGE_CURVE('',#2774,#2775,#1348,.T.);
#3394=EDGE_CURVE('',#2775,#2776,#1349,.T.);
#3395=EDGE_CURVE('',#2776,#2777,#1350,.T.);
#3396=EDGE_CURVE('',#2777,#2774,#1351,.T.);
#3397=EDGE_CURVE('',#2778,#2779,#1352,.T.);
#3398=EDGE_CURVE('',#2779,#2780,#1353,.T.);
#3399=EDGE_CURVE('',#2780,#2778,#1354,.T.);
#3400=EDGE_CURVE('',#2781,#2782,#1355,.T.);
#3401=EDGE_CURVE('',#2782,#2783,#1356,.T.);
#3402=EDGE_CURVE('',#2783,#2784,#1357,.T.);
#3403=EDGE_CURVE('',#2784,#2781,#1358,.T.);
#3404=EDGE_CURVE('',#2785,#2786,#1359,.T.);
#3405=EDGE_CURVE('',#2786,#2787,#1360,.T.);
#3406=EDGE_CURVE('',#2787,#2788,#1361,.T.);
#3407=EDGE_CURVE('',#2788,#2785,#1362,.T.);
#3408=EDGE_CURVE('',#2789,#2790,#1363,.T.);
#3409=EDGE_CURVE('',#2790,#2791,#1364,.T.);
#3410=EDGE_CURVE('',#2791,#2792,#1365,.T.);
#3411=EDGE_CURVE('',#2792,#2789,#1366,.T.);
#3412=EDGE_CURVE('',#2793,#2794,#1367,.T.);
#3413=EDGE_CURVE('',#2794,#2795,#1368,.T.);
#3414=EDGE_CURVE('',#2795,#2796,#1369,.T.);
#3415=EDGE_CURVE('',#2796,#2793,#1370,.T.);
#3416=EDGE_CURVE('',#2797,#2798,#1371,.T.);
#3417=EDGE_CURVE('',#2798,#2799,#1372,.T.);
#3418=EDGE_CURVE('',#2799,#2800,#1373,.T.);
#3419=EDGE_CURVE('',#2800,#2797,#1374,.T.);
#3420=EDGE_CURVE('',#2801,#2802,#1375,.T.);
#3421=EDGE_CURVE('',#2802,#2803,#1376,.T.);
#3422=EDGE_CURVE('',#2803,#2801,#1377,.T.);
#3423=EDGE_CURVE('',#2804,#2805,#1378,.T.);
#3424=EDGE_CURVE('',#2806,#2804,#1379,.T.);
#3425=EDGE_CURVE('',#2807,#2806,#1380,.T.);
#3426=EDGE_CURVE('',#2807,#2805,#1381,.T.);
#3427=EDGE_CURVE('',#2808,#2809,#1382,.T.);
#3428=EDGE_CURVE('',#2810,#2808,#1383,.T.);
#3429=EDGE_CURVE('',#2811,#2810,#1384,.T.);
#3430=EDGE_CURVE('',#2811,#2809,#1385,.T.);
#3431=EDGE_CURVE('',#2812,#2813,#1386,.T.);
#3432=EDGE_CURVE('',#2814,#2812,#1387,.T.);
#3433=EDGE_CURVE('',#2815,#2814,#1388,.T.);
#3434=EDGE_CURVE('',#2815,#2813,#1389,.T.);
#3435=EDGE_CURVE('',#2816,#2817,#1390,.T.);
#3436=EDGE_CURVE('',#2818,#2816,#1391,.T.);
#3437=EDGE_CURVE('',#2819,#2818,#1392,.T.);
#3438=EDGE_CURVE('',#2820,#2819,#1393,.T.);
#3439=EDGE_CURVE('',#2820,#2817,#1394,.T.);
#3440=EDGE_CURVE('',#2821,#2821,#2364,.T.);
#3441=EDGE_CURVE('',#2821,#2822,#1395,.T.);
#3442=EDGE_CURVE('',#2822,#2822,#2365,.T.);
#3443=EDGE_CURVE('',#2823,#2823,#2366,.T.);
#3444=EDGE_CURVE('',#2823,#2824,#1396,.T.);
#3445=EDGE_CURVE('',#2824,#2824,#2367,.T.);
#3446=EDGE_CURVE('',#2453,#2657,#1397,.T.);
#3447=EDGE_CURVE('',#2658,#2452,#1398,.T.);
#3448=EDGE_CURVE('',#2656,#2454,#1399,.T.);
#3449=EDGE_CURVE('',#2825,#2825,#2368,.T.);
#3450=EDGE_CURVE('',#2825,#2826,#1400,.T.);
#3451=EDGE_CURVE('',#2826,#2826,#2369,.T.);
#3452=EDGE_CURVE('',#2827,#2827,#2370,.T.);
#3453=EDGE_CURVE('',#2827,#2828,#1401,.T.);
#3454=EDGE_CURVE('',#2828,#2828,#2371,.T.);
#3455=EDGE_CURVE('',#2457,#2653,#1402,.T.);
#3456=EDGE_CURVE('',#2654,#2456,#1403,.T.);
#3457=EDGE_CURVE('',#2455,#2655,#1404,.T.);
#3458=EDGE_CURVE('',#2652,#2458,#1405,.T.);
#3459=EDGE_CURVE('',#2829,#2829,#2372,.T.);
#3460=EDGE_CURVE('',#2829,#2830,#1406,.T.);
#3461=EDGE_CURVE('',#2830,#2830,#2373,.T.);
#3462=EDGE_CURVE('',#2831,#2831,#2374,.T.);
#3463=EDGE_CURVE('',#2831,#2832,#1407,.T.);
#3464=EDGE_CURVE('',#2832,#2832,#2375,.T.);
#3465=EDGE_CURVE('',#2461,#2649,#1408,.T.);
#3466=EDGE_CURVE('',#2650,#2460,#1409,.T.);
#3467=EDGE_CURVE('',#2459,#2651,#1410,.T.);
#3468=EDGE_CURVE('',#2833,#2834,#2376,.T.);
#3469=EDGE_CURVE('',#2833,#2621,#1411,.T.);
#3470=EDGE_CURVE('',#2620,#2834,#1412,.T.);
#3471=EDGE_CURVE('',#2835,#2619,#1413,.T.);
#3472=EDGE_CURVE('',#2834,#2835,#1414,.T.);
#3473=EDGE_CURVE('',#2836,#2837,#2377,.T.);
#3474=EDGE_CURVE('',#2836,#2615,#1415,.T.);
#3475=EDGE_CURVE('',#2622,#2837,#1416,.T.);
#3476=EDGE_CURVE('',#2837,#2833,#1417,.T.);
#3477=EDGE_CURVE('',#2838,#2839,#2378,.T.);
#3478=EDGE_CURVE('',#2838,#2617,#1418,.T.);
#3479=EDGE_CURVE('',#2616,#2839,#1419,.T.);
#3480=EDGE_CURVE('',#2839,#2836,#1420,.T.);
#3481=EDGE_CURVE('',#2835,#2840,#2379,.T.);
#3482=EDGE_CURVE('',#2618,#2840,#1421,.T.);
#3483=EDGE_CURVE('',#2840,#2838,#1422,.T.);
#3484=EDGE_CURVE('',#2841,#2842,#2380,.T.);
#3485=EDGE_CURVE('',#2842,#2702,#1423,.T.);
#3486=EDGE_CURVE('',#2701,#2841,#1424,.T.);
#3487=EDGE_CURVE('',#2842,#2843,#1425,.T.);
#3488=EDGE_CURVE('',#2703,#2843,#1426,.T.);
#3489=EDGE_CURVE('',#2844,#2845,#2381,.T.);
#3490=EDGE_CURVE('',#2845,#2706,#1427,.T.);
#3491=EDGE_CURVE('',#2705,#2844,#1428,.T.);
#3492=EDGE_CURVE('',#2845,#2846,#1429,.T.);
#3493=EDGE_CURVE('',#2707,#2846,#1430,.T.);
#3494=EDGE_CURVE('',#2843,#2847,#2382,.T.);
#3495=EDGE_CURVE('',#2847,#2704,#1431,.T.);
#3496=EDGE_CURVE('',#2847,#2844,#1432,.T.);
#3497=EDGE_CURVE('',#2846,#2848,#2383,.T.);
#3498=EDGE_CURVE('',#2848,#2700,#1433,.T.);
#3499=EDGE_CURVE('',#2848,#2841,#1434,.T.);
#3500=EDGE_CURVE('',#2849,#2850,#2384,.T.);
#3501=EDGE_CURVE('',#2850,#2851,#1435,.T.);
#3502=EDGE_CURVE('',#2851,#2852,#2385,.T.);
#3503=EDGE_CURVE('',#2852,#2849,#1436,.T.);
#3504=EDGE_CURVE('',#2850,#2853,#1437,.T.);
#3505=EDGE_CURVE('',#2854,#2853,#1438,.T.);
#3506=EDGE_CURVE('',#2851,#2854,#1439,.T.);
#3507=EDGE_CURVE('',#2853,#2855,#2386,.T.);
#3508=EDGE_CURVE('',#2855,#2856,#1440,.T.);
#3509=EDGE_CURVE('',#2856,#2854,#2387,.T.);
#3510=EDGE_CURVE('',#2855,#2857,#1441,.T.);
#3511=EDGE_CURVE('',#2858,#2857,#1442,.T.);
#3512=EDGE_CURVE('',#2856,#2858,#1443,.T.);
#3513=EDGE_CURVE('',#2859,#2860,#2388,.T.);
#3514=EDGE_CURVE('',#2860,#2861,#1444,.T.);
#3515=EDGE_CURVE('',#2861,#2862,#2389,.T.);
#3516=EDGE_CURVE('',#2862,#2859,#1445,.T.);
#3517=EDGE_CURVE('',#2861,#2852,#1446,.T.);
#3518=EDGE_CURVE('',#2860,#2849,#1447,.T.);
#3519=EDGE_CURVE('',#2857,#2863,#2390,.T.);
#3520=EDGE_CURVE('',#2863,#2864,#1448,.T.);
#3521=EDGE_CURVE('',#2864,#2858,#2391,.T.);
#3522=EDGE_CURVE('',#2864,#2862,#1449,.T.);
#3523=EDGE_CURVE('',#2863,#2859,#1450,.T.);
#3524=EDGE_CURVE('',#2865,#2866,#1451,.T.);
#3525=EDGE_CURVE('',#2865,#2867,#1452,.T.);
#3526=EDGE_CURVE('',#2867,#2868,#1453,.T.);
#3527=EDGE_CURVE('',#2866,#2868,#1454,.T.);
#3528=EDGE_CURVE('',#2869,#2865,#1455,.T.);
#3529=EDGE_CURVE('',#2869,#2870,#1456,.T.);
#3530=EDGE_CURVE('',#2870,#2867,#1457,.T.);
#3531=EDGE_CURVE('',#2871,#2869,#1458,.T.);
#3532=EDGE_CURVE('',#2871,#2872,#1459,.T.);
#3533=EDGE_CURVE('',#2872,#2870,#1460,.T.);
#3534=EDGE_CURVE('',#2866,#2871,#1461,.T.);
#3535=EDGE_CURVE('',#2868,#2872,#1462,.T.);
#3536=EDGE_CURVE('',#2873,#2873,#2392,.T.);
#3537=EDGE_CURVE('',#2873,#2874,#1463,.T.);
#3538=EDGE_CURVE('',#2874,#2874,#2393,.T.);
#3539=EDGE_CURVE('',#2875,#2875,#2394,.T.);
#3540=EDGE_CURVE('',#2875,#2876,#1464,.T.);
#3541=EDGE_CURVE('',#2876,#2876,#2395,.T.);
#3542=EDGE_CURVE('',#2877,#2877,#2396,.T.);
#3543=EDGE_CURVE('',#2877,#2878,#1465,.T.);
#3544=EDGE_CURVE('',#2878,#2878,#2397,.T.);
#3545=EDGE_CURVE('',#2879,#2879,#2398,.T.);
#3546=EDGE_CURVE('',#2879,#2880,#1466,.T.);
#3547=EDGE_CURVE('',#2880,#2880,#2399,.T.);
#3548=EDGE_CURVE('',#2493,#2881,#1467,.T.);
#3549=EDGE_CURVE('',#2881,#2881,#2400,.T.);
#3550=EDGE_CURVE('',#2882,#2882,#2401,.T.);
#3551=EDGE_CURVE('',#2494,#2883,#1468,.T.);
#3552=EDGE_CURVE('',#2883,#2883,#2402,.T.);
#3553=EDGE_CURVE('',#2884,#2884,#2403,.T.);
#3554=EDGE_CURVE('',#2495,#2885,#1469,.T.);
#3555=EDGE_CURVE('',#2885,#2885,#2404,.T.);
#3556=EDGE_CURVE('',#2886,#2886,#2405,.T.);
#3557=EDGE_CURVE('',#2524,#2492,#1470,.T.);
#3558=EDGE_CURVE('',#2525,#2491,#1471,.T.);
#3559=EDGE_CURVE('',#2886,#2526,#1472,.T.);
#3560=EDGE_CURVE('',#2884,#2527,#1473,.T.);
#3561=EDGE_CURVE('',#2882,#2528,#1474,.T.);
#3562=EDGE_CURVE('',#2887,#2887,#2406,.T.);
#3563=EDGE_CURVE('',#2887,#2888,#1475,.T.);
#3564=EDGE_CURVE('',#2888,#2888,#2407,.T.);
#3565=EDGE_CURVE('',#2889,#2889,#2408,.T.);
#3566=EDGE_CURVE('',#2890,#2890,#2409,.T.);
#3567=EDGE_CURVE('',#2890,#2891,#1476,.T.);
#3568=EDGE_CURVE('',#2891,#2891,#2410,.T.);
#3569=EDGE_CURVE('',#2892,#2892,#2411,.T.);
#3570=EDGE_CURVE('',#2893,#2893,#2412,.T.);
#3571=EDGE_CURVE('',#2893,#2894,#1477,.T.);
#3572=EDGE_CURVE('',#2894,#2894,#2413,.T.);
#3573=EDGE_CURVE('',#2895,#2895,#2414,.T.);
#3574=EDGE_CURVE('',#2896,#2516,#1478,.F.);
#3575=EDGE_CURVE('',#2897,#2896,#1479,.F.);
#3576=EDGE_CURVE('',#2898,#2897,#2415,.T.);
#3577=EDGE_CURVE('',#2473,#2898,#1480,.F.);
#3578=EDGE_CURVE('',#2899,#2899,#2416,.T.);
#3579=EDGE_CURVE('',#2899,#2889,#1481,.T.);
#3580=EDGE_CURVE('',#2900,#2900,#2417,.T.);
#3581=EDGE_CURVE('',#2900,#2892,#1482,.T.);
#3582=EDGE_CURVE('',#2901,#2901,#2418,.T.);
#3583=EDGE_CURVE('',#2901,#2895,#1483,.T.);
#3584=EDGE_CURVE('',#2515,#2902,#1484,.T.);
#3585=EDGE_CURVE('',#2896,#2902,#1485,.T.);
#3586=EDGE_CURVE('',#2903,#2898,#1486,.T.);
#3587=EDGE_CURVE('',#2903,#2511,#1487,.T.);
#3588=EDGE_CURVE('',#2904,#2903,#2419,.T.);
#3589=EDGE_CURVE('',#2897,#2904,#1488,.T.);
#3590=EDGE_CURVE('',#2902,#2904,#1489,.T.);
#3591=EDGE_CURVE('',#2817,#2660,#1490,.T.);
#3592=EDGE_CURVE('',#2813,#2820,#1491,.T.);
#3593=EDGE_CURVE('',#2809,#2815,#1492,.T.);
#3594=EDGE_CURVE('',#2805,#2811,#1493,.T.);
#3595=EDGE_CURVE('',#2450,#2807,#1494,.T.);
#3596=EDGE_CURVE('',#2661,#2449,#1495,.T.);
#3597=EDGE_CURVE('',#2708,#2801,#1496,.T.);
#3598=EDGE_CURVE('',#2710,#2802,#1497,.T.);
#3599=EDGE_CURVE('',#2753,#2759,#1498,.T.);
#3600=EDGE_CURVE('',#2756,#2752,#1499,.T.);
#3601=EDGE_CURVE('',#2712,#2800,#1500,.T.);
#3602=EDGE_CURVE('',#2797,#2711,#1501,.T.);
#3603=EDGE_CURVE('',#2748,#2764,#1502,.T.);
#3604=EDGE_CURVE('',#2760,#2747,#1503,.T.);
#3605=EDGE_CURVE('',#2716,#2796,#1504,.T.);
#3606=EDGE_CURVE('',#2793,#2715,#1505,.T.);
#3607=EDGE_CURVE('',#2744,#2792,#1506,.T.);
#3608=EDGE_CURVE('',#2789,#2743,#1507,.T.);
#3609=EDGE_CURVE('',#2720,#2768,#1508,.T.);
#3610=EDGE_CURVE('',#2765,#2719,#1509,.T.);
#3611=EDGE_CURVE('',#2740,#2788,#1510,.T.);
#3612=EDGE_CURVE('',#2785,#2739,#1511,.T.);
#3613=EDGE_CURVE('',#2725,#2772,#1512,.T.);
#3614=EDGE_CURVE('',#2724,#2773,#1513,.T.);
#3615=EDGE_CURVE('',#2729,#2784,#1514,.T.);
#3616=EDGE_CURVE('',#2781,#2728,#1515,.T.);
#3617=EDGE_CURVE('',#2778,#2732,#1516,.T.);
#3618=EDGE_CURVE('',#2733,#2780,#1517,.T.);
#3619=EDGE_CURVE('',#2803,#2709,#1518,.T.);
#3620=EDGE_CURVE('',#2758,#2754,#1519,.T.);
#3621=EDGE_CURVE('',#2755,#2757,#1520,.T.);
#3622=EDGE_CURVE('',#2799,#2713,#1521,.T.);
#3623=EDGE_CURVE('',#2714,#2798,#1522,.T.);
#3624=EDGE_CURVE('',#2751,#2761,#1523,.T.);
#3625=EDGE_CURVE('',#2750,#2762,#1524,.T.);
#3626=EDGE_CURVE('',#2763,#2749,#1525,.T.);
#3627=EDGE_CURVE('',#2795,#2717,#1526,.T.);
#3628=EDGE_CURVE('',#2718,#2794,#1527,.T.);
#3629=EDGE_CURVE('',#2791,#2745,#1528,.T.);
#3630=EDGE_CURVE('',#2746,#2790,#1529,.T.);
#3631=EDGE_CURVE('',#2734,#2779,#1530,.T.);
#3632=EDGE_CURVE('',#2767,#2721,#1531,.T.);
#3633=EDGE_CURVE('',#2722,#2766,#1532,.T.);
#3634=EDGE_CURVE('',#2731,#2782,#1533,.T.);
#3635=EDGE_CURVE('',#2783,#2730,#1534,.T.);
#3636=EDGE_CURVE('',#2787,#2741,#1535,.T.);
#3637=EDGE_CURVE('',#2742,#2786,#1536,.T.);
#3638=EDGE_CURVE('',#2738,#2775,#1537,.T.);
#3639=EDGE_CURVE('',#2776,#2737,#1538,.T.);
#3640=EDGE_CURVE('',#2769,#2723,#1539,.T.);
#3641=EDGE_CURVE('',#2774,#2735,#1540,.T.);
#3642=EDGE_CURVE('',#2736,#2777,#1541,.T.);
#3643=EDGE_CURVE('',#2771,#2726,#1542,.T.);
#3644=EDGE_CURVE('',#2727,#2770,#1543,.T.);
#3645=EDGE_CURVE('',#2905,#2906,#1544,.T.);
#3646=EDGE_CURVE('',#2907,#2905,#1545,.T.);
#3647=EDGE_CURVE('',#2907,#2451,#1546,.T.);
#3648=EDGE_CURVE('',#2908,#2807,#1547,.T.);
#3649=EDGE_CURVE('',#2805,#2908,#1548,.T.);
#3650=EDGE_CURVE('',#2909,#2811,#1549,.T.);
#3651=EDGE_CURVE('',#2910,#2909,#1550,.T.);
#3652=EDGE_CURVE('',#2809,#2910,#1551,.T.);
#3653=EDGE_CURVE('',#2911,#2815,#1552,.T.);
#3654=EDGE_CURVE('',#2912,#2911,#1553,.T.);
#3655=EDGE_CURVE('',#2813,#2912,#1554,.T.);
#3656=EDGE_CURVE('',#2913,#2820,#1555,.T.);
#3657=EDGE_CURVE('',#2914,#2913,#1556,.T.);
#3658=EDGE_CURVE('',#2817,#2914,#1557,.T.);
#3659=EDGE_CURVE('',#2659,#2915,#1558,.T.);
#3660=EDGE_CURVE('',#2916,#2915,#1559,.T.);
#3661=EDGE_CURVE('',#2917,#2916,#1560,.T.);
#3662=EDGE_CURVE('',#2917,#2918,#1561,.T.);
#3663=EDGE_CURVE('',#2919,#2918,#1562,.T.);
#3664=EDGE_CURVE('',#2920,#2919,#1563,.T.);
#3665=EDGE_CURVE('',#2921,#2920,#1564,.T.);
#3666=EDGE_CURVE('',#2921,#2922,#1565,.T.);
#3667=EDGE_CURVE('',#2923,#2922,#1566,.T.);
#3668=EDGE_CURVE('',#2924,#2923,#1567,.T.);
#3669=EDGE_CURVE('',#2925,#2924,#1568,.T.);
#3670=EDGE_CURVE('',#2925,#2926,#1569,.T.);
#3671=EDGE_CURVE('',#2927,#2926,#1570,.T.);
#3672=EDGE_CURVE('',#2906,#2927,#1571,.T.);
#3673=EDGE_CURVE('',#2928,#2929,#1572,.T.);
#3674=EDGE_CURVE('',#2930,#2928,#1573,.T.);
#3675=EDGE_CURVE('',#2931,#2930,#1574,.T.);
#3676=EDGE_CURVE('',#2929,#2931,#1575,.T.);
#3677=EDGE_CURVE('',#2932,#2933,#1576,.T.);
#3678=EDGE_CURVE('',#2934,#2932,#1577,.T.);
#3679=EDGE_CURVE('',#2935,#2934,#1578,.T.);
#3680=EDGE_CURVE('',#2933,#2935,#1579,.T.);
#3681=EDGE_CURVE('',#2936,#2937,#1580,.T.);
#3682=EDGE_CURVE('',#2938,#2936,#1581,.T.);
#3683=EDGE_CURVE('',#2939,#2938,#1582,.T.);
#3684=EDGE_CURVE('',#2937,#2939,#1583,.T.);
#3685=EDGE_CURVE('',#2940,#2941,#1584,.T.);
#3686=EDGE_CURVE('',#2942,#2940,#1585,.T.);
#3687=EDGE_CURVE('',#2943,#2942,#1586,.T.);
#3688=EDGE_CURVE('',#2941,#2943,#1587,.T.);
#3689=EDGE_CURVE('',#2562,#2916,#1588,.T.);
#3690=EDGE_CURVE('',#2561,#2915,#1589,.T.);
#3691=EDGE_CURVE('',#2576,#2920,#1590,.T.);
#3692=EDGE_CURVE('',#2919,#2575,#1591,.T.);
#3693=EDGE_CURVE('',#2585,#2924,#1592,.T.);
#3694=EDGE_CURVE('',#2923,#2584,#1593,.T.);
#3695=EDGE_CURVE('',#2593,#2906,#1594,.T.);
#3696=EDGE_CURVE('',#2927,#2592,#1595,.T.);
#3697=EDGE_CURVE('',#2602,#2929,#1596,.T.);
#3698=EDGE_CURVE('',#2931,#2601,#1597,.T.);
#3699=EDGE_CURVE('',#2608,#2932,#1598,.T.);
#3700=EDGE_CURVE('',#2933,#2605,#1599,.T.);
#3701=EDGE_CURVE('',#2600,#2936,#1600,.T.);
#3702=EDGE_CURVE('',#2937,#2597,#1601,.T.);
#3703=EDGE_CURVE('',#2591,#2940,#1602,.T.);
#3704=EDGE_CURVE('',#2941,#2588,#1603,.T.);
#3705=EDGE_CURVE('',#2582,#2819,#1604,.T.);
#3706=EDGE_CURVE('',#2583,#2818,#1605,.T.);
#3707=EDGE_CURVE('',#2567,#2810,#1606,.T.);
#3708=EDGE_CURVE('',#2808,#2564,#1607,.T.);
#3709=EDGE_CURVE('',#2804,#2568,#1608,.T.);
#3710=EDGE_CURVE('',#2570,#2806,#1609,.T.);
#3711=EDGE_CURVE('',#2917,#2563,#1610,.T.);
#3712=EDGE_CURVE('',#2595,#2907,#1611,.T.);
#3713=EDGE_CURVE('',#2594,#2926,#1612,.T.);
#3714=EDGE_CURVE('',#2925,#2587,#1613,.T.);
#3715=EDGE_CURVE('',#2586,#2922,#1614,.T.);
#3716=EDGE_CURVE('',#2921,#2578,#1615,.T.);
#3717=EDGE_CURVE('',#2577,#2918,#1616,.T.);
#3718=EDGE_CURVE('',#2905,#2596,#1617,.T.);
#3719=EDGE_CURVE('',#2928,#2604,#1618,.T.);
#3720=EDGE_CURVE('',#2603,#2930,#1619,.T.);
#3721=EDGE_CURVE('',#2934,#2607,#1620,.T.);
#3722=EDGE_CURVE('',#2606,#2935,#1621,.T.);
#3723=EDGE_CURVE('',#2569,#2908,#1622,.T.);
#3724=EDGE_CURVE('',#2938,#2599,#1623,.T.);
#3725=EDGE_CURVE('',#2598,#2939,#1624,.T.);
#3726=EDGE_CURVE('',#2565,#2910,#1625,.T.);
#3727=EDGE_CURVE('',#2909,#2566,#1626,.T.);
#3728=EDGE_CURVE('',#2942,#2590,#1627,.T.);
#3729=EDGE_CURVE('',#2589,#2943,#1628,.T.);
#3730=EDGE_CURVE('',#2572,#2912,#1629,.T.);
#3731=EDGE_CURVE('',#2911,#2573,#1630,.T.);
#3732=EDGE_CURVE('',#2816,#2579,#1631,.T.);
#3733=EDGE_CURVE('',#2812,#2571,#1632,.T.);
#3734=EDGE_CURVE('',#2574,#2814,#1633,.T.);
#3735=EDGE_CURVE('',#2913,#2581,#1634,.T.);
#3736=EDGE_CURVE('',#2580,#2914,#1635,.T.);
#3737=ORIENTED_EDGE('',*,*,#2944,.T.);
#3738=ORIENTED_EDGE('',*,*,#2945,.T.);
#3739=ORIENTED_EDGE('',*,*,#2946,.T.);
#3740=ORIENTED_EDGE('',*,*,#2947,.T.);
#3741=ORIENTED_EDGE('',*,*,#2945,.F.);
#3742=ORIENTED_EDGE('',*,*,#2948,.T.);
#3743=ORIENTED_EDGE('',*,*,#2949,.F.);
#3744=ORIENTED_EDGE('',*,*,#2950,.F.);
#3745=ORIENTED_EDGE('',*,*,#2944,.F.);
#3746=ORIENTED_EDGE('',*,*,#2951,.F.);
#3747=ORIENTED_EDGE('',*,*,#2952,.T.);
#3748=ORIENTED_EDGE('',*,*,#2953,.T.);
#3749=ORIENTED_EDGE('',*,*,#2954,.F.);
#3750=ORIENTED_EDGE('',*,*,#2955,.F.);
#3751=ORIENTED_EDGE('',*,*,#2956,.F.);
#3752=ORIENTED_EDGE('',*,*,#2957,.F.);
#3753=ORIENTED_EDGE('',*,*,#2958,.F.);
#3754=ORIENTED_EDGE('',*,*,#2959,.F.);
#3755=ORIENTED_EDGE('',*,*,#2960,.T.);
#3756=ORIENTED_EDGE('',*,*,#2961,.F.);
#3757=ORIENTED_EDGE('',*,*,#2962,.T.);
#3758=ORIENTED_EDGE('',*,*,#2963,.F.);
#3759=ORIENTED_EDGE('',*,*,#2964,.F.);
#3760=ORIENTED_EDGE('',*,*,#2965,.F.);
#3761=ORIENTED_EDGE('',*,*,#2966,.F.);
#3762=ORIENTED_EDGE('',*,*,#2967,.F.);
#3763=ORIENTED_EDGE('',*,*,#2968,.F.);
#3764=ORIENTED_EDGE('',*,*,#2969,.F.);
#3765=ORIENTED_EDGE('',*,*,#2970,.T.);
#3766=ORIENTED_EDGE('',*,*,#2971,.F.);
#3767=ORIENTED_EDGE('',*,*,#2972,.T.);
#3768=ORIENTED_EDGE('',*,*,#2973,.F.);
#3769=ORIENTED_EDGE('',*,*,#2974,.T.);
#3770=ORIENTED_EDGE('',*,*,#2975,.F.);
#3771=ORIENTED_EDGE('',*,*,#2976,.T.);
#3772=ORIENTED_EDGE('',*,*,#2977,.F.);
#3773=ORIENTED_EDGE('',*,*,#2978,.F.);
#3774=ORIENTED_EDGE('',*,*,#2979,.T.);
#3775=ORIENTED_EDGE('',*,*,#2980,.T.);
#3776=ORIENTED_EDGE('',*,*,#2981,.F.);
#3777=ORIENTED_EDGE('',*,*,#2982,.F.);
#3778=ORIENTED_EDGE('',*,*,#2983,.T.);
#3779=ORIENTED_EDGE('',*,*,#2984,.T.);
#3780=ORIENTED_EDGE('',*,*,#2985,.F.);
#3781=ORIENTED_EDGE('',*,*,#2986,.F.);
#3782=ORIENTED_EDGE('',*,*,#2987,.T.);
#3783=ORIENTED_EDGE('',*,*,#2988,.T.);
#3784=ORIENTED_EDGE('',*,*,#2989,.F.);
#3785=ORIENTED_EDGE('',*,*,#2990,.T.);
#3786=ORIENTED_EDGE('',*,*,#2991,.F.);
#3787=ORIENTED_EDGE('',*,*,#2948,.F.);
#3788=ORIENTED_EDGE('',*,*,#2992,.T.);
#3789=ORIENTED_EDGE('',*,*,#2993,.T.);
#3790=ORIENTED_EDGE('',*,*,#2994,.F.);
#3791=ORIENTED_EDGE('',*,*,#2995,.F.);
#3792=ORIENTED_EDGE('',*,*,#2989,.T.);
#3793=ORIENTED_EDGE('',*,*,#2996,.T.);
#3794=ORIENTED_EDGE('',*,*,#2997,.T.);
#3795=ORIENTED_EDGE('',*,*,#2998,.T.);
#3796=ORIENTED_EDGE('',*,*,#2996,.F.);
#3797=ORIENTED_EDGE('',*,*,#2988,.F.);
#3798=ORIENTED_EDGE('',*,*,#2999,.F.);
#3799=ORIENTED_EDGE('',*,*,#3000,.F.);
#3800=ORIENTED_EDGE('',*,*,#3001,.T.);
#3801=ORIENTED_EDGE('',*,*,#3002,.T.);
#3802=ORIENTED_EDGE('',*,*,#3003,.T.);
#3803=ORIENTED_EDGE('',*,*,#3004,.T.);
#3804=ORIENTED_EDGE('',*,*,#3002,.F.);
#3805=ORIENTED_EDGE('',*,*,#3005,.T.);
#3806=ORIENTED_EDGE('',*,*,#3006,.F.);
#3807=ORIENTED_EDGE('',*,*,#3007,.F.);
#3808=ORIENTED_EDGE('',*,*,#3008,.T.);
#3809=ORIENTED_EDGE('',*,*,#3009,.F.);
#3810=ORIENTED_EDGE('',*,*,#3010,.F.);
#3811=ORIENTED_EDGE('',*,*,#3011,.T.);
#3812=ORIENTED_EDGE('',*,*,#3012,.F.);
#3813=ORIENTED_EDGE('',*,*,#2966,.T.);
#3814=ORIENTED_EDGE('',*,*,#3013,.F.);
#3815=ORIENTED_EDGE('',*,*,#3014,.T.);
#3816=ORIENTED_EDGE('',*,*,#3015,.F.);
#3817=ORIENTED_EDGE('',*,*,#3016,.T.);
#3818=ORIENTED_EDGE('',*,*,#3017,.T.);
#3819=ORIENTED_EDGE('',*,*,#3015,.T.);
#3820=ORIENTED_EDGE('',*,*,#3018,.T.);
#3821=ORIENTED_EDGE('',*,*,#3019,.T.);
#3822=ORIENTED_EDGE('',*,*,#3020,.T.);
#3823=ORIENTED_EDGE('',*,*,#3021,.T.);
#3824=ORIENTED_EDGE('',*,*,#2967,.T.);
#3825=ORIENTED_EDGE('',*,*,#3012,.T.);
#3826=ORIENTED_EDGE('',*,*,#3021,.F.);
#3827=ORIENTED_EDGE('',*,*,#3022,.T.);
#3828=ORIENTED_EDGE('',*,*,#3023,.F.);
#3829=ORIENTED_EDGE('',*,*,#3024,.T.);
#3830=ORIENTED_EDGE('',*,*,#3025,.T.);
#3831=ORIENTED_EDGE('',*,*,#2968,.T.);
#3832=ORIENTED_EDGE('',*,*,#3026,.T.);
#3833=ORIENTED_EDGE('',*,*,#3027,.T.);
#3834=ORIENTED_EDGE('',*,*,#3028,.T.);
#3835=ORIENTED_EDGE('',*,*,#2965,.T.);
#3836=ORIENTED_EDGE('',*,*,#3029,.T.);
#3837=ORIENTED_EDGE('',*,*,#3030,.T.);
#3838=ORIENTED_EDGE('',*,*,#3013,.T.);
#3839=ORIENTED_EDGE('',*,*,#3029,.F.);
#3840=ORIENTED_EDGE('',*,*,#2964,.T.);
#3841=ORIENTED_EDGE('',*,*,#3031,.F.);
#3842=ORIENTED_EDGE('',*,*,#3032,.T.);
#3843=ORIENTED_EDGE('',*,*,#3033,.F.);
#3844=ORIENTED_EDGE('',*,*,#3034,.T.);
#3845=ORIENTED_EDGE('',*,*,#3035,.T.);
#3846=ORIENTED_EDGE('',*,*,#3036,.T.);
#3847=ORIENTED_EDGE('',*,*,#2973,.T.);
#3848=ORIENTED_EDGE('',*,*,#3037,.T.);
#3849=ORIENTED_EDGE('',*,*,#3038,.T.);
#3850=ORIENTED_EDGE('',*,*,#3039,.T.);
#3851=ORIENTED_EDGE('',*,*,#3037,.F.);
#3852=ORIENTED_EDGE('',*,*,#2972,.F.);
#3853=ORIENTED_EDGE('',*,*,#3040,.F.);
#3854=ORIENTED_EDGE('',*,*,#3041,.F.);
#3855=ORIENTED_EDGE('',*,*,#3042,.T.);
#3856=ORIENTED_EDGE('',*,*,#3043,.T.);
#3857=ORIENTED_EDGE('',*,*,#3044,.F.);
#3858=ORIENTED_EDGE('',*,*,#3045,.T.);
#3859=ORIENTED_EDGE('',*,*,#3046,.T.);
#3860=ORIENTED_EDGE('',*,*,#3047,.T.);
#3861=ORIENTED_EDGE('',*,*,#3006,.T.);
#3862=ORIENTED_EDGE('',*,*,#3048,.T.);
#3863=ORIENTED_EDGE('',*,*,#3049,.T.);
#3864=ORIENTED_EDGE('',*,*,#3034,.F.);
#3865=ORIENTED_EDGE('',*,*,#3050,.T.);
#3866=ORIENTED_EDGE('',*,*,#3051,.T.);
#3867=ORIENTED_EDGE('',*,*,#3052,.T.);
#3868=ORIENTED_EDGE('',*,*,#3053,.F.);
#3869=ORIENTED_EDGE('',*,*,#3046,.F.);
#3870=ORIENTED_EDGE('',*,*,#3054,.F.);
#3871=ORIENTED_EDGE('',*,*,#3035,.F.);
#3872=ORIENTED_EDGE('',*,*,#3054,.T.);
#3873=ORIENTED_EDGE('',*,*,#3045,.F.);
#3874=ORIENTED_EDGE('',*,*,#3055,.T.);
#3875=ORIENTED_EDGE('',*,*,#3056,.F.);
#3876=ORIENTED_EDGE('',*,*,#3057,.T.);
#3877=ORIENTED_EDGE('',*,*,#3003,.F.);
#3878=ORIENTED_EDGE('',*,*,#3016,.F.);
#3879=ORIENTED_EDGE('',*,*,#3017,.F.);
#3880=ORIENTED_EDGE('',*,*,#3058,.T.);
#3881=ORIENTED_EDGE('',*,*,#3059,.F.);
#3882=ORIENTED_EDGE('',*,*,#3060,.F.);
#3883=ORIENTED_EDGE('',*,*,#3061,.T.);
#3884=ORIENTED_EDGE('',*,*,#3062,.T.);
#3885=ORIENTED_EDGE('',*,*,#3063,.T.);
#3886=ORIENTED_EDGE('',*,*,#2971,.T.);
#3887=ORIENTED_EDGE('',*,*,#3064,.T.);
#3888=ORIENTED_EDGE('',*,*,#3065,.T.);
#3889=ORIENTED_EDGE('',*,*,#3010,.T.);
#3890=ORIENTED_EDGE('',*,*,#3066,.F.);
#3891=ORIENTED_EDGE('',*,*,#3040,.T.);
#3892=ORIENTED_EDGE('',*,*,#3065,.F.);
#3893=ORIENTED_EDGE('',*,*,#3067,.T.);
#3894=ORIENTED_EDGE('',*,*,#3068,.F.);
#3895=ORIENTED_EDGE('',*,*,#3022,.F.);
#3896=ORIENTED_EDGE('',*,*,#3020,.F.);
#3897=ORIENTED_EDGE('',*,*,#3011,.F.);
#3898=ORIENTED_EDGE('',*,*,#3064,.F.);
#3899=ORIENTED_EDGE('',*,*,#2970,.F.);
#3900=ORIENTED_EDGE('',*,*,#3069,.F.);
#3901=ORIENTED_EDGE('',*,*,#3070,.F.);
#3902=ORIENTED_EDGE('',*,*,#3071,.F.);
#3903=ORIENTED_EDGE('',*,*,#3067,.F.);
#3904=ORIENTED_EDGE('',*,*,#3072,.F.);
#3905=ORIENTED_EDGE('',*,*,#3073,.F.);
#3906=ORIENTED_EDGE('',*,*,#3074,.F.);
#3907=ORIENTED_EDGE('',*,*,#3075,.T.);
#3908=ORIENTED_EDGE('',*,*,#3031,.T.);
#3909=ORIENTED_EDGE('',*,*,#2963,.T.);
#3910=ORIENTED_EDGE('',*,*,#3076,.T.);
#3911=ORIENTED_EDGE('',*,*,#3075,.F.);
#3912=ORIENTED_EDGE('',*,*,#3077,.F.);
#3913=ORIENTED_EDGE('',*,*,#3078,.F.);
#3914=ORIENTED_EDGE('',*,*,#3079,.T.);
#3915=ORIENTED_EDGE('',*,*,#3080,.F.);
#3916=ORIENTED_EDGE('',*,*,#3081,.T.);
#3917=ORIENTED_EDGE('',*,*,#3082,.F.);
#3918=ORIENTED_EDGE('',*,*,#3083,.F.);
#3919=ORIENTED_EDGE('',*,*,#3084,.F.);
#3920=ORIENTED_EDGE('',*,*,#3085,.T.);
#3921=ORIENTED_EDGE('',*,*,#3086,.F.);
#3922=ORIENTED_EDGE('',*,*,#3087,.F.);
#3923=ORIENTED_EDGE('',*,*,#3018,.F.);
#3924=ORIENTED_EDGE('',*,*,#3014,.F.);
#3925=ORIENTED_EDGE('',*,*,#3030,.F.);
#3926=ORIENTED_EDGE('',*,*,#3032,.F.);
#3927=ORIENTED_EDGE('',*,*,#3088,.T.);
#3928=ORIENTED_EDGE('',*,*,#3089,.T.);
#3929=ORIENTED_EDGE('',*,*,#3090,.T.);
#3930=ORIENTED_EDGE('',*,*,#3091,.T.);
#3931=ORIENTED_EDGE('',*,*,#3092,.T.);
#3932=ORIENTED_EDGE('',*,*,#3093,.T.);
#3933=ORIENTED_EDGE('',*,*,#3094,.T.);
#3934=ORIENTED_EDGE('',*,*,#3095,.T.);
#3935=ORIENTED_EDGE('',*,*,#3096,.T.);
#3936=ORIENTED_EDGE('',*,*,#3097,.T.);
#3937=ORIENTED_EDGE('',*,*,#3098,.T.);
#3938=ORIENTED_EDGE('',*,*,#3099,.T.);
#3939=ORIENTED_EDGE('',*,*,#3100,.T.);
#3940=ORIENTED_EDGE('',*,*,#3101,.T.);
#3941=ORIENTED_EDGE('',*,*,#3102,.T.);
#3942=ORIENTED_EDGE('',*,*,#3103,.T.);
#3943=ORIENTED_EDGE('',*,*,#3104,.T.);
#3944=ORIENTED_EDGE('',*,*,#3105,.T.);
#3945=ORIENTED_EDGE('',*,*,#3106,.F.);
#3946=ORIENTED_EDGE('',*,*,#3107,.F.);
#3947=ORIENTED_EDGE('',*,*,#3108,.T.);
#3948=ORIENTED_EDGE('',*,*,#2961,.T.);
#3949=ORIENTED_EDGE('',*,*,#3109,.T.);
#3950=ORIENTED_EDGE('',*,*,#3078,.T.);
#3951=ORIENTED_EDGE('',*,*,#3110,.T.);
#3952=ORIENTED_EDGE('',*,*,#3109,.F.);
#3953=ORIENTED_EDGE('',*,*,#2960,.F.);
#3954=ORIENTED_EDGE('',*,*,#3111,.F.);
#3955=ORIENTED_EDGE('',*,*,#3079,.F.);
#3956=ORIENTED_EDGE('',*,*,#3112,.F.);
#3957=ORIENTED_EDGE('',*,*,#3113,.F.);
#3958=ORIENTED_EDGE('',*,*,#3114,.F.);
#3959=ORIENTED_EDGE('',*,*,#3115,.T.);
#3960=ORIENTED_EDGE('',*,*,#3116,.F.);
#3961=ORIENTED_EDGE('',*,*,#3117,.F.);
#3962=ORIENTED_EDGE('',*,*,#3118,.F.);
#3963=ORIENTED_EDGE('',*,*,#3119,.T.);
#3964=ORIENTED_EDGE('',*,*,#3120,.F.);
#3965=ORIENTED_EDGE('',*,*,#3121,.F.);
#3966=ORIENTED_EDGE('',*,*,#3122,.T.);
#3967=ORIENTED_EDGE('',*,*,#3123,.F.);
#3968=ORIENTED_EDGE('',*,*,#3124,.F.);
#3969=ORIENTED_EDGE('',*,*,#3125,.F.);
#3970=ORIENTED_EDGE('',*,*,#3126,.F.);
#3971=ORIENTED_EDGE('',*,*,#3127,.T.);
#3972=ORIENTED_EDGE('',*,*,#3128,.F.);
#3973=ORIENTED_EDGE('',*,*,#3129,.F.);
#3974=ORIENTED_EDGE('',*,*,#3130,.T.);
#3975=ORIENTED_EDGE('',*,*,#3131,.F.);
#3976=ORIENTED_EDGE('',*,*,#3132,.F.);
#3977=ORIENTED_EDGE('',*,*,#3133,.F.);
#3978=ORIENTED_EDGE('',*,*,#3134,.F.);
#3979=ORIENTED_EDGE('',*,*,#3135,.F.);
#3980=ORIENTED_EDGE('',*,*,#3136,.T.);
#3981=ORIENTED_EDGE('',*,*,#3137,.F.);
#3982=ORIENTED_EDGE('',*,*,#3138,.F.);
#3983=ORIENTED_EDGE('',*,*,#3139,.T.);
#3984=ORIENTED_EDGE('',*,*,#3140,.F.);
#3985=ORIENTED_EDGE('',*,*,#3141,.F.);
#3986=ORIENTED_EDGE('',*,*,#3142,.F.);
#3987=ORIENTED_EDGE('',*,*,#3143,.F.);
#3988=ORIENTED_EDGE('',*,*,#3144,.T.);
#3989=ORIENTED_EDGE('',*,*,#3145,.F.);
#3990=ORIENTED_EDGE('',*,*,#3146,.F.);
#3991=ORIENTED_EDGE('',*,*,#3147,.F.);
#3992=ORIENTED_EDGE('',*,*,#3148,.T.);
#3993=ORIENTED_EDGE('',*,*,#3149,.F.);
#3994=ORIENTED_EDGE('',*,*,#3150,.F.);
#3995=ORIENTED_EDGE('',*,*,#3151,.F.);
#3996=ORIENTED_EDGE('',*,*,#3152,.F.);
#3997=ORIENTED_EDGE('',*,*,#3153,.T.);
#3998=ORIENTED_EDGE('',*,*,#3154,.F.);
#3999=ORIENTED_EDGE('',*,*,#3155,.F.);
#4000=ORIENTED_EDGE('',*,*,#3156,.T.);
#4001=ORIENTED_EDGE('',*,*,#3157,.F.);
#4002=ORIENTED_EDGE('',*,*,#3158,.F.);
#4003=ORIENTED_EDGE('',*,*,#3159,.F.);
#4004=ORIENTED_EDGE('',*,*,#2959,.T.);
#4005=ORIENTED_EDGE('',*,*,#3160,.T.);
#4006=ORIENTED_EDGE('',*,*,#3080,.T.);
#4007=ORIENTED_EDGE('',*,*,#3111,.T.);
#4008=ORIENTED_EDGE('',*,*,#3160,.F.);
#4009=ORIENTED_EDGE('',*,*,#2958,.T.);
#4010=ORIENTED_EDGE('',*,*,#3161,.F.);
#4011=ORIENTED_EDGE('',*,*,#3081,.F.);
#4012=ORIENTED_EDGE('',*,*,#3162,.T.);
#4013=ORIENTED_EDGE('',*,*,#3163,.T.);
#4014=ORIENTED_EDGE('',*,*,#2957,.T.);
#4015=ORIENTED_EDGE('',*,*,#3164,.T.);
#4016=ORIENTED_EDGE('',*,*,#3082,.T.);
#4017=ORIENTED_EDGE('',*,*,#3161,.T.);
#4018=ORIENTED_EDGE('',*,*,#3086,.T.);
#4019=ORIENTED_EDGE('',*,*,#3165,.T.);
#4020=ORIENTED_EDGE('',*,*,#3059,.T.);
#4021=ORIENTED_EDGE('',*,*,#3166,.T.);
#4022=ORIENTED_EDGE('',*,*,#3165,.F.);
#4023=ORIENTED_EDGE('',*,*,#3085,.F.);
#4024=ORIENTED_EDGE('',*,*,#3167,.F.);
#4025=ORIENTED_EDGE('',*,*,#2954,.T.);
#4026=ORIENTED_EDGE('',*,*,#3168,.T.);
#4027=ORIENTED_EDGE('',*,*,#3169,.F.);
#4028=ORIENTED_EDGE('',*,*,#3170,.T.);
#4029=ORIENTED_EDGE('',*,*,#3171,.F.);
#4030=ORIENTED_EDGE('',*,*,#3172,.T.);
#4031=ORIENTED_EDGE('',*,*,#3060,.T.);
#4032=ORIENTED_EDGE('',*,*,#3173,.T.);
#4033=ORIENTED_EDGE('',*,*,#3174,.F.);
#4034=ORIENTED_EDGE('',*,*,#3175,.T.);
#4035=ORIENTED_EDGE('',*,*,#3176,.F.);
#4036=ORIENTED_EDGE('',*,*,#3177,.T.);
#4037=ORIENTED_EDGE('',*,*,#3178,.F.);
#4038=ORIENTED_EDGE('',*,*,#3179,.T.);
#4039=ORIENTED_EDGE('',*,*,#3180,.F.);
#4040=ORIENTED_EDGE('',*,*,#2955,.T.);
#4041=ORIENTED_EDGE('',*,*,#3167,.T.);
#4042=ORIENTED_EDGE('',*,*,#3084,.T.);
#4043=ORIENTED_EDGE('',*,*,#3181,.T.);
#4044=ORIENTED_EDGE('',*,*,#3182,.T.);
#4045=ORIENTED_EDGE('',*,*,#3183,.T.);
#4046=ORIENTED_EDGE('',*,*,#3184,.T.);
#4047=ORIENTED_EDGE('',*,*,#3185,.T.);
#4048=ORIENTED_EDGE('',*,*,#3186,.T.);
#4049=ORIENTED_EDGE('',*,*,#3187,.T.);
#4050=ORIENTED_EDGE('',*,*,#3182,.F.);
#4051=ORIENTED_EDGE('',*,*,#3188,.T.);
#4052=ORIENTED_EDGE('',*,*,#3183,.F.);
#4053=ORIENTED_EDGE('',*,*,#3189,.T.);
#4054=ORIENTED_EDGE('',*,*,#3190,.F.);
#4055=ORIENTED_EDGE('',*,*,#3191,.T.);
#4056=ORIENTED_EDGE('',*,*,#3187,.F.);
#4057=ORIENTED_EDGE('',*,*,#3192,.F.);
#4058=ORIENTED_EDGE('',*,*,#3193,.F.);
#4059=ORIENTED_EDGE('',*,*,#3189,.F.);
#4060=ORIENTED_EDGE('',*,*,#3186,.F.);
#4061=ORIENTED_EDGE('',*,*,#3194,.T.);
#4062=ORIENTED_EDGE('',*,*,#3195,.F.);
#4063=ORIENTED_EDGE('',*,*,#3196,.T.);
#4064=ORIENTED_EDGE('',*,*,#3197,.F.);
#4065=ORIENTED_EDGE('',*,*,#3198,.T.);
#4066=ORIENTED_EDGE('',*,*,#3199,.F.);
#4067=ORIENTED_EDGE('',*,*,#3192,.T.);
#4068=ORIENTED_EDGE('',*,*,#3200,.T.);
#4069=ORIENTED_EDGE('',*,*,#3201,.T.);
#4070=ORIENTED_EDGE('',*,*,#3199,.T.);
#4071=ORIENTED_EDGE('',*,*,#3202,.T.);
#4072=ORIENTED_EDGE('',*,*,#3203,.T.);
#4073=ORIENTED_EDGE('',*,*,#3193,.T.);
#4074=ORIENTED_EDGE('',*,*,#3190,.T.);
#4075=ORIENTED_EDGE('',*,*,#3203,.F.);
#4076=ORIENTED_EDGE('',*,*,#3204,.T.);
#4077=ORIENTED_EDGE('',*,*,#3205,.T.);
#4078=ORIENTED_EDGE('',*,*,#3206,.T.);
#4079=ORIENTED_EDGE('',*,*,#3204,.F.);
#4080=ORIENTED_EDGE('',*,*,#3202,.F.);
#4081=ORIENTED_EDGE('',*,*,#3198,.F.);
#4082=ORIENTED_EDGE('',*,*,#3207,.F.);
#4083=ORIENTED_EDGE('',*,*,#3208,.F.);
#4084=ORIENTED_EDGE('',*,*,#3195,.T.);
#4085=ORIENTED_EDGE('',*,*,#3209,.T.);
#4086=ORIENTED_EDGE('',*,*,#3210,.T.);
#4087=ORIENTED_EDGE('',*,*,#3211,.T.);
#4088=ORIENTED_EDGE('',*,*,#3185,.F.);
#4089=ORIENTED_EDGE('',*,*,#3212,.F.);
#4090=ORIENTED_EDGE('',*,*,#3209,.F.);
#4091=ORIENTED_EDGE('',*,*,#3194,.F.);
#4092=ORIENTED_EDGE('',*,*,#3188,.F.);
#4093=ORIENTED_EDGE('',*,*,#3197,.T.);
#4094=ORIENTED_EDGE('',*,*,#3213,.T.);
#4095=ORIENTED_EDGE('',*,*,#3214,.T.);
#4096=ORIENTED_EDGE('',*,*,#3207,.T.);
#4097=ORIENTED_EDGE('',*,*,#3036,.F.);
#4098=ORIENTED_EDGE('',*,*,#3063,.F.);
#4099=ORIENTED_EDGE('',*,*,#3215,.T.);
#4100=ORIENTED_EDGE('',*,*,#3216,.F.);
#4101=ORIENTED_EDGE('',*,*,#3033,.T.);
#4102=ORIENTED_EDGE('',*,*,#3216,.T.);
#4103=ORIENTED_EDGE('',*,*,#3217,.T.);
#4104=ORIENTED_EDGE('',*,*,#3218,.T.);
#4105=ORIENTED_EDGE('',*,*,#2946,.F.);
#4106=ORIENTED_EDGE('',*,*,#2950,.T.);
#4107=ORIENTED_EDGE('',*,*,#3219,.F.);
#4108=ORIENTED_EDGE('',*,*,#3220,.T.);
#4109=ORIENTED_EDGE('',*,*,#2997,.F.);
#4110=ORIENTED_EDGE('',*,*,#3000,.T.);
#4111=ORIENTED_EDGE('',*,*,#3221,.T.);
#4112=ORIENTED_EDGE('',*,*,#3222,.T.);
#4113=ORIENTED_EDGE('',*,*,#3223,.T.);
#4114=ORIENTED_EDGE('',*,*,#3224,.T.);
#4115=ORIENTED_EDGE('',*,*,#3225,.T.);
#4116=ORIENTED_EDGE('',*,*,#3226,.T.);
#4117=ORIENTED_EDGE('',*,*,#3227,.T.);
#4118=ORIENTED_EDGE('',*,*,#3228,.T.);
#4119=ORIENTED_EDGE('',*,*,#3229,.T.);
#4120=ORIENTED_EDGE('',*,*,#3230,.T.);
#4121=ORIENTED_EDGE('',*,*,#3231,.T.);
#4122=ORIENTED_EDGE('',*,*,#3232,.F.);
#4123=ORIENTED_EDGE('',*,*,#3233,.T.);
#4124=ORIENTED_EDGE('',*,*,#3234,.T.);
#4125=ORIENTED_EDGE('',*,*,#3038,.F.);
#4126=ORIENTED_EDGE('',*,*,#3044,.T.);
#4127=ORIENTED_EDGE('',*,*,#3235,.F.);
#4128=ORIENTED_EDGE('',*,*,#3236,.F.);
#4129=ORIENTED_EDGE('',*,*,#3237,.T.);
#4130=ORIENTED_EDGE('',*,*,#3238,.F.);
#4131=ORIENTED_EDGE('',*,*,#3239,.F.);
#4132=ORIENTED_EDGE('',*,*,#3050,.F.);
#4133=ORIENTED_EDGE('',*,*,#3205,.F.);
#4134=ORIENTED_EDGE('',*,*,#3208,.T.);
#4135=ORIENTED_EDGE('',*,*,#3214,.F.);
#4136=ORIENTED_EDGE('',*,*,#3240,.T.);
#4137=ORIENTED_EDGE('',*,*,#3210,.F.);
#4138=ORIENTED_EDGE('',*,*,#3212,.T.);
#4139=ORIENTED_EDGE('',*,*,#3184,.F.);
#4140=ORIENTED_EDGE('',*,*,#3191,.F.);
#4141=ORIENTED_EDGE('',*,*,#3206,.F.);
#4142=ORIENTED_EDGE('',*,*,#3241,.T.);
#4143=ORIENTED_EDGE('',*,*,#3242,.T.);
#4144=ORIENTED_EDGE('',*,*,#3243,.T.);
#4145=ORIENTED_EDGE('',*,*,#3244,.T.);
#4146=ORIENTED_EDGE('',*,*,#3245,.T.);
#4147=ORIENTED_EDGE('',*,*,#3246,.T.);
#4148=ORIENTED_EDGE('',*,*,#3247,.T.);
#4149=ORIENTED_EDGE('',*,*,#3248,.T.);
#4150=ORIENTED_EDGE('',*,*,#3249,.T.);
#4151=ORIENTED_EDGE('',*,*,#3250,.T.);
#4152=ORIENTED_EDGE('',*,*,#3251,.T.);
#4153=ORIENTED_EDGE('',*,*,#3252,.T.);
#4154=ORIENTED_EDGE('',*,*,#3253,.T.);
#4155=ORIENTED_EDGE('',*,*,#3254,.T.);
#4156=ORIENTED_EDGE('',*,*,#3255,.T.);
#4157=ORIENTED_EDGE('',*,*,#3256,.T.);
#4158=ORIENTED_EDGE('',*,*,#3257,.T.);
#4159=ORIENTED_EDGE('',*,*,#3258,.T.);
#4160=ORIENTED_EDGE('',*,*,#3259,.T.);
#4161=ORIENTED_EDGE('',*,*,#3260,.T.);
#4162=ORIENTED_EDGE('',*,*,#3257,.F.);
#4163=ORIENTED_EDGE('',*,*,#3261,.F.);
#4164=ORIENTED_EDGE('',*,*,#3262,.F.);
#4165=ORIENTED_EDGE('',*,*,#3263,.F.);
#4166=ORIENTED_EDGE('',*,*,#3042,.F.);
#4167=ORIENTED_EDGE('',*,*,#3264,.F.);
#4168=ORIENTED_EDGE('',*,*,#3265,.T.);
#4169=ORIENTED_EDGE('',*,*,#3260,.F.);
#4170=ORIENTED_EDGE('',*,*,#3266,.T.);
#4171=ORIENTED_EDGE('',*,*,#3267,.F.);
#4172=ORIENTED_EDGE('',*,*,#3261,.T.);
#4173=ORIENTED_EDGE('',*,*,#3268,.T.);
#4174=ORIENTED_EDGE('',*,*,#3269,.T.);
#4175=ORIENTED_EDGE('',*,*,#3270,.T.);
#4176=ORIENTED_EDGE('',*,*,#3238,.T.);
#4177=ORIENTED_EDGE('',*,*,#3271,.T.);
#4178=ORIENTED_EDGE('',*,*,#3271,.F.);
#4179=ORIENTED_EDGE('',*,*,#3237,.F.);
#4180=ORIENTED_EDGE('',*,*,#3272,.F.);
#4181=ORIENTED_EDGE('',*,*,#3267,.T.);
#4182=ORIENTED_EDGE('',*,*,#3273,.T.);
#4183=ORIENTED_EDGE('',*,*,#3269,.F.);
#4184=ORIENTED_EDGE('',*,*,#3274,.T.);
#4185=ORIENTED_EDGE('',*,*,#3262,.T.);
#4186=ORIENTED_EDGE('',*,*,#3236,.T.);
#4187=ORIENTED_EDGE('',*,*,#3275,.T.);
#4188=ORIENTED_EDGE('',*,*,#3274,.F.);
#4189=ORIENTED_EDGE('',*,*,#3272,.T.);
#4190=ORIENTED_EDGE('',*,*,#3258,.F.);
#4191=ORIENTED_EDGE('',*,*,#3265,.F.);
#4192=ORIENTED_EDGE('',*,*,#3008,.F.);
#4193=ORIENTED_EDGE('',*,*,#3276,.T.);
#4194=ORIENTED_EDGE('',*,*,#3264,.T.);
#4195=ORIENTED_EDGE('',*,*,#3041,.T.);
#4196=ORIENTED_EDGE('',*,*,#3066,.T.);
#4197=ORIENTED_EDGE('',*,*,#3009,.T.);
#4198=ORIENTED_EDGE('',*,*,#3277,.T.);
#4199=ORIENTED_EDGE('',*,*,#3007,.T.);
#4200=ORIENTED_EDGE('',*,*,#3047,.F.);
#4201=ORIENTED_EDGE('',*,*,#3053,.T.);
#4202=ORIENTED_EDGE('',*,*,#3270,.F.);
#4203=ORIENTED_EDGE('',*,*,#3278,.T.);
#4204=ORIENTED_EDGE('',*,*,#3051,.F.);
#4205=ORIENTED_EDGE('',*,*,#3239,.T.);
#4206=ORIENTED_EDGE('',*,*,#3259,.F.);
#4207=ORIENTED_EDGE('',*,*,#3276,.F.);
#4208=ORIENTED_EDGE('',*,*,#3277,.F.);
#4209=ORIENTED_EDGE('',*,*,#3052,.F.);
#4210=ORIENTED_EDGE('',*,*,#3278,.F.);
#4211=ORIENTED_EDGE('',*,*,#3273,.F.);
#4212=ORIENTED_EDGE('',*,*,#3266,.F.);
#4213=ORIENTED_EDGE('',*,*,#3275,.F.);
#4214=ORIENTED_EDGE('',*,*,#3235,.T.);
#4215=ORIENTED_EDGE('',*,*,#3043,.F.);
#4216=ORIENTED_EDGE('',*,*,#3263,.T.);
#4217=ORIENTED_EDGE('',*,*,#3279,.T.);
#4218=ORIENTED_EDGE('',*,*,#3280,.T.);
#4219=ORIENTED_EDGE('',*,*,#3169,.T.);
#4220=ORIENTED_EDGE('',*,*,#3281,.T.);
#4221=ORIENTED_EDGE('',*,*,#3280,.F.);
#4222=ORIENTED_EDGE('',*,*,#3282,.F.);
#4223=ORIENTED_EDGE('',*,*,#3283,.F.);
#4224=ORIENTED_EDGE('',*,*,#3170,.F.);
#4225=ORIENTED_EDGE('',*,*,#3171,.T.);
#4226=ORIENTED_EDGE('',*,*,#3283,.T.);
#4227=ORIENTED_EDGE('',*,*,#3284,.T.);
#4228=ORIENTED_EDGE('',*,*,#3285,.T.);
#4229=ORIENTED_EDGE('',*,*,#3285,.F.);
#4230=ORIENTED_EDGE('',*,*,#3286,.F.);
#4231=ORIENTED_EDGE('',*,*,#3061,.F.);
#4232=ORIENTED_EDGE('',*,*,#3172,.F.);
#4233=ORIENTED_EDGE('',*,*,#3281,.F.);
#4234=ORIENTED_EDGE('',*,*,#3168,.F.);
#4235=ORIENTED_EDGE('',*,*,#2953,.F.);
#4236=ORIENTED_EDGE('',*,*,#3287,.F.);
#4237=ORIENTED_EDGE('',*,*,#3268,.F.);
#4238=ORIENTED_EDGE('',*,*,#3288,.T.);
#4239=ORIENTED_EDGE('',*,*,#3289,.F.);
#4240=ORIENTED_EDGE('',*,*,#3288,.F.);
#4241=ORIENTED_EDGE('',*,*,#3289,.T.);
#4242=ORIENTED_EDGE('',*,*,#3201,.F.);
#4243=ORIENTED_EDGE('',*,*,#3290,.T.);
#4244=ORIENTED_EDGE('',*,*,#3291,.F.);
#4245=ORIENTED_EDGE('',*,*,#3290,.F.);
#4246=ORIENTED_EDGE('',*,*,#3211,.F.);
#4247=ORIENTED_EDGE('',*,*,#3240,.F.);
#4248=ORIENTED_EDGE('',*,*,#3213,.F.);
#4249=ORIENTED_EDGE('',*,*,#3196,.F.);
#4250=ORIENTED_EDGE('',*,*,#3291,.T.);
#4251=ORIENTED_EDGE('',*,*,#3088,.F.);
#4252=ORIENTED_EDGE('',*,*,#3292,.T.);
#4253=ORIENTED_EDGE('',*,*,#3200,.F.);
#4254=ORIENTED_EDGE('',*,*,#3292,.F.);
#4255=ORIENTED_EDGE('',*,*,#3253,.F.);
#4256=ORIENTED_EDGE('',*,*,#3293,.F.);
#4257=ORIENTED_EDGE('',*,*,#3089,.F.);
#4258=ORIENTED_EDGE('',*,*,#3294,.T.);
#4259=ORIENTED_EDGE('',*,*,#3254,.F.);
#4260=ORIENTED_EDGE('',*,*,#3294,.F.);
#4261=ORIENTED_EDGE('',*,*,#3092,.F.);
#4262=ORIENTED_EDGE('',*,*,#3295,.T.);
#4263=ORIENTED_EDGE('',*,*,#3255,.F.);
#4264=ORIENTED_EDGE('',*,*,#3295,.F.);
#4265=ORIENTED_EDGE('',*,*,#3091,.F.);
#4266=ORIENTED_EDGE('',*,*,#3296,.T.);
#4267=ORIENTED_EDGE('',*,*,#3256,.F.);
#4268=ORIENTED_EDGE('',*,*,#3296,.F.);
#4269=ORIENTED_EDGE('',*,*,#3090,.F.);
#4270=ORIENTED_EDGE('',*,*,#3293,.T.);
#4271=ORIENTED_EDGE('',*,*,#3249,.F.);
#4272=ORIENTED_EDGE('',*,*,#3297,.F.);
#4273=ORIENTED_EDGE('',*,*,#3093,.F.);
#4274=ORIENTED_EDGE('',*,*,#3298,.T.);
#4275=ORIENTED_EDGE('',*,*,#3250,.F.);
#4276=ORIENTED_EDGE('',*,*,#3298,.F.);
#4277=ORIENTED_EDGE('',*,*,#3096,.F.);
#4278=ORIENTED_EDGE('',*,*,#3299,.T.);
#4279=ORIENTED_EDGE('',*,*,#3251,.F.);
#4280=ORIENTED_EDGE('',*,*,#3299,.F.);
#4281=ORIENTED_EDGE('',*,*,#3095,.F.);
#4282=ORIENTED_EDGE('',*,*,#3300,.T.);
#4283=ORIENTED_EDGE('',*,*,#3252,.F.);
#4284=ORIENTED_EDGE('',*,*,#3300,.F.);
#4285=ORIENTED_EDGE('',*,*,#3094,.F.);
#4286=ORIENTED_EDGE('',*,*,#3297,.T.);
#4287=ORIENTED_EDGE('',*,*,#3097,.F.);
#4288=ORIENTED_EDGE('',*,*,#3301,.T.);
#4289=ORIENTED_EDGE('',*,*,#3248,.F.);
#4290=ORIENTED_EDGE('',*,*,#3301,.F.);
#4291=ORIENTED_EDGE('',*,*,#3098,.F.);
#4292=ORIENTED_EDGE('',*,*,#3302,.T.);
#4293=ORIENTED_EDGE('',*,*,#3247,.F.);
#4294=ORIENTED_EDGE('',*,*,#3302,.F.);
#4295=ORIENTED_EDGE('',*,*,#3243,.F.);
#4296=ORIENTED_EDGE('',*,*,#3303,.F.);
#4297=ORIENTED_EDGE('',*,*,#3099,.F.);
#4298=ORIENTED_EDGE('',*,*,#3304,.T.);
#4299=ORIENTED_EDGE('',*,*,#3244,.F.);
#4300=ORIENTED_EDGE('',*,*,#3304,.F.);
#4301=ORIENTED_EDGE('',*,*,#3102,.F.);
#4302=ORIENTED_EDGE('',*,*,#3305,.T.);
#4303=ORIENTED_EDGE('',*,*,#3245,.F.);
#4304=ORIENTED_EDGE('',*,*,#3305,.F.);
#4305=ORIENTED_EDGE('',*,*,#3101,.F.);
#4306=ORIENTED_EDGE('',*,*,#3306,.T.);
#4307=ORIENTED_EDGE('',*,*,#3246,.F.);
#4308=ORIENTED_EDGE('',*,*,#3306,.F.);
#4309=ORIENTED_EDGE('',*,*,#3100,.F.);
#4310=ORIENTED_EDGE('',*,*,#3303,.T.);
#4311=ORIENTED_EDGE('',*,*,#3103,.F.);
#4312=ORIENTED_EDGE('',*,*,#3307,.T.);
#4313=ORIENTED_EDGE('',*,*,#3242,.F.);
#4314=ORIENTED_EDGE('',*,*,#3307,.F.);
#4315=ORIENTED_EDGE('',*,*,#3104,.F.);
#4316=ORIENTED_EDGE('',*,*,#3308,.T.);
#4317=ORIENTED_EDGE('',*,*,#3241,.F.);
#4318=ORIENTED_EDGE('',*,*,#3308,.F.);
#4319=ORIENTED_EDGE('',*,*,#3162,.F.);
#4320=ORIENTED_EDGE('',*,*,#3309,.T.);
#4321=ORIENTED_EDGE('',*,*,#3310,.F.);
#4322=ORIENTED_EDGE('',*,*,#3309,.F.);
#4323=ORIENTED_EDGE('',*,*,#3163,.F.);
#4324=ORIENTED_EDGE('',*,*,#3311,.T.);
#4325=ORIENTED_EDGE('',*,*,#3312,.F.);
#4326=ORIENTED_EDGE('',*,*,#3311,.F.);
#4327=ORIENTED_EDGE('',*,*,#2995,.T.);
#4328=ORIENTED_EDGE('',*,*,#3313,.T.);
#4329=ORIENTED_EDGE('',*,*,#3105,.F.);
#4330=ORIENTED_EDGE('',*,*,#3313,.F.);
#4331=ORIENTED_EDGE('',*,*,#2947,.F.);
#4332=ORIENTED_EDGE('',*,*,#3218,.F.);
#4333=ORIENTED_EDGE('',*,*,#3314,.F.);
#4334=ORIENTED_EDGE('',*,*,#2951,.T.);
#4335=ORIENTED_EDGE('',*,*,#2992,.F.);
#4336=ORIENTED_EDGE('',*,*,#3315,.T.);
#4337=ORIENTED_EDGE('',*,*,#3106,.T.);
#4338=ORIENTED_EDGE('',*,*,#3315,.F.);
#4339=ORIENTED_EDGE('',*,*,#2998,.F.);
#4340=ORIENTED_EDGE('',*,*,#3220,.F.);
#4341=ORIENTED_EDGE('',*,*,#3316,.F.);
#4342=ORIENTED_EDGE('',*,*,#2990,.F.);
#4343=ORIENTED_EDGE('',*,*,#2993,.F.);
#4344=ORIENTED_EDGE('',*,*,#3317,.T.);
#4345=ORIENTED_EDGE('',*,*,#3107,.T.);
#4346=ORIENTED_EDGE('',*,*,#3317,.F.);
#4347=ORIENTED_EDGE('',*,*,#2994,.T.);
#4348=ORIENTED_EDGE('',*,*,#3318,.T.);
#4349=ORIENTED_EDGE('',*,*,#3108,.F.);
#4350=ORIENTED_EDGE('',*,*,#3318,.F.);
#4351=ORIENTED_EDGE('',*,*,#3287,.T.);
#4352=ORIENTED_EDGE('',*,*,#2952,.F.);
#4353=ORIENTED_EDGE('',*,*,#3314,.T.);
#4354=ORIENTED_EDGE('',*,*,#3217,.F.);
#4355=ORIENTED_EDGE('',*,*,#3215,.F.);
#4356=ORIENTED_EDGE('',*,*,#3062,.F.);
#4357=ORIENTED_EDGE('',*,*,#3286,.T.);
#4358=ORIENTED_EDGE('',*,*,#3284,.F.);
#4359=ORIENTED_EDGE('',*,*,#3282,.T.);
#4360=ORIENTED_EDGE('',*,*,#3279,.F.);
#4361=ORIENTED_EDGE('',*,*,#3319,.T.);
#4362=ORIENTED_EDGE('',*,*,#3320,.F.);
#4363=ORIENTED_EDGE('',*,*,#3321,.T.);
#4364=ORIENTED_EDGE('',*,*,#3322,.F.);
#4365=ORIENTED_EDGE('',*,*,#3323,.T.);
#4366=ORIENTED_EDGE('',*,*,#3324,.F.);
#4367=ORIENTED_EDGE('',*,*,#3325,.T.);
#4368=ORIENTED_EDGE('',*,*,#3326,.F.);
#4369=ORIENTED_EDGE('',*,*,#3164,.F.);
#4370=ORIENTED_EDGE('',*,*,#2956,.T.);
#4371=ORIENTED_EDGE('',*,*,#3181,.F.);
#4372=ORIENTED_EDGE('',*,*,#3083,.T.);
#4373=ORIENTED_EDGE('',*,*,#3327,.T.);
#4374=ORIENTED_EDGE('',*,*,#3328,.T.);
#4375=ORIENTED_EDGE('',*,*,#3329,.T.);
#4376=ORIENTED_EDGE('',*,*,#3330,.T.);
#4377=ORIENTED_EDGE('',*,*,#3331,.T.);
#4378=ORIENTED_EDGE('',*,*,#3332,.T.);
#4379=ORIENTED_EDGE('',*,*,#3333,.F.);
#4380=ORIENTED_EDGE('',*,*,#3334,.T.);
#4381=ORIENTED_EDGE('',*,*,#3335,.T.);
#4382=ORIENTED_EDGE('',*,*,#3336,.T.);
#4383=ORIENTED_EDGE('',*,*,#3337,.F.);
#4384=ORIENTED_EDGE('',*,*,#3338,.T.);
#4385=ORIENTED_EDGE('',*,*,#3339,.T.);
#4386=ORIENTED_EDGE('',*,*,#3340,.T.);
#4387=ORIENTED_EDGE('',*,*,#3341,.F.);
#4388=ORIENTED_EDGE('',*,*,#3342,.T.);
#4389=ORIENTED_EDGE('',*,*,#3343,.T.);
#4390=ORIENTED_EDGE('',*,*,#3344,.T.);
#4391=ORIENTED_EDGE('',*,*,#3345,.T.);
#4392=ORIENTED_EDGE('',*,*,#3346,.F.);
#4393=ORIENTED_EDGE('',*,*,#3347,.T.);
#4394=ORIENTED_EDGE('',*,*,#3348,.T.);
#4395=ORIENTED_EDGE('',*,*,#3349,.T.);
#4396=ORIENTED_EDGE('',*,*,#3350,.F.);
#4397=ORIENTED_EDGE('',*,*,#3351,.T.);
#4398=ORIENTED_EDGE('',*,*,#3352,.T.);
#4399=ORIENTED_EDGE('',*,*,#3353,.F.);
#4400=ORIENTED_EDGE('',*,*,#3354,.T.);
#4401=ORIENTED_EDGE('',*,*,#3355,.T.);
#4402=ORIENTED_EDGE('',*,*,#3356,.T.);
#4403=ORIENTED_EDGE('',*,*,#3357,.F.);
#4404=ORIENTED_EDGE('',*,*,#3358,.T.);
#4405=ORIENTED_EDGE('',*,*,#3359,.T.);
#4406=ORIENTED_EDGE('',*,*,#3360,.T.);
#4407=ORIENTED_EDGE('',*,*,#3361,.F.);
#4408=ORIENTED_EDGE('',*,*,#3362,.T.);
#4409=ORIENTED_EDGE('',*,*,#3363,.T.);
#4410=ORIENTED_EDGE('',*,*,#3364,.T.);
#4411=ORIENTED_EDGE('',*,*,#3365,.F.);
#4412=ORIENTED_EDGE('',*,*,#3366,.T.);
#4413=ORIENTED_EDGE('',*,*,#3367,.T.);
#4414=ORIENTED_EDGE('',*,*,#3368,.T.);
#4415=ORIENTED_EDGE('',*,*,#3369,.T.);
#4416=ORIENTED_EDGE('',*,*,#3370,.F.);
#4417=ORIENTED_EDGE('',*,*,#3371,.T.);
#4418=ORIENTED_EDGE('',*,*,#3372,.T.);
#4419=ORIENTED_EDGE('',*,*,#3373,.T.);
#4420=ORIENTED_EDGE('',*,*,#3374,.F.);
#4421=ORIENTED_EDGE('',*,*,#2949,.T.);
#4422=ORIENTED_EDGE('',*,*,#2991,.T.);
#4423=ORIENTED_EDGE('',*,*,#3316,.T.);
#4424=ORIENTED_EDGE('',*,*,#3219,.T.);
#4425=ORIENTED_EDGE('',*,*,#3375,.T.);
#4426=ORIENTED_EDGE('',*,*,#3376,.T.);
#4427=ORIENTED_EDGE('',*,*,#3377,.T.);
#4428=ORIENTED_EDGE('',*,*,#3378,.T.);
#4429=ORIENTED_EDGE('',*,*,#3379,.T.);
#4430=ORIENTED_EDGE('',*,*,#3380,.T.);
#4431=ORIENTED_EDGE('',*,*,#3381,.T.);
#4432=ORIENTED_EDGE('',*,*,#3382,.T.);
#4433=ORIENTED_EDGE('',*,*,#3383,.T.);
#4434=ORIENTED_EDGE('',*,*,#3384,.T.);
#4435=ORIENTED_EDGE('',*,*,#3385,.T.);
#4436=ORIENTED_EDGE('',*,*,#3386,.T.);
#4437=ORIENTED_EDGE('',*,*,#3387,.T.);
#4438=ORIENTED_EDGE('',*,*,#3388,.T.);
#4439=ORIENTED_EDGE('',*,*,#3389,.T.);
#4440=ORIENTED_EDGE('',*,*,#3390,.T.);
#4441=ORIENTED_EDGE('',*,*,#3391,.T.);
#4442=ORIENTED_EDGE('',*,*,#3392,.T.);
#4443=ORIENTED_EDGE('',*,*,#3393,.T.);
#4444=ORIENTED_EDGE('',*,*,#3394,.T.);
#4445=ORIENTED_EDGE('',*,*,#3395,.T.);
#4446=ORIENTED_EDGE('',*,*,#3396,.T.);
#4447=ORIENTED_EDGE('',*,*,#3397,.T.);
#4448=ORIENTED_EDGE('',*,*,#3398,.T.);
#4449=ORIENTED_EDGE('',*,*,#3399,.T.);
#4450=ORIENTED_EDGE('',*,*,#3400,.T.);
#4451=ORIENTED_EDGE('',*,*,#3401,.T.);
#4452=ORIENTED_EDGE('',*,*,#3402,.T.);
#4453=ORIENTED_EDGE('',*,*,#3403,.T.);
#4454=ORIENTED_EDGE('',*,*,#3404,.T.);
#4455=ORIENTED_EDGE('',*,*,#3405,.T.);
#4456=ORIENTED_EDGE('',*,*,#3406,.T.);
#4457=ORIENTED_EDGE('',*,*,#3407,.T.);
#4458=ORIENTED_EDGE('',*,*,#3408,.T.);
#4459=ORIENTED_EDGE('',*,*,#3409,.T.);
#4460=ORIENTED_EDGE('',*,*,#3410,.T.);
#4461=ORIENTED_EDGE('',*,*,#3411,.T.);
#4462=ORIENTED_EDGE('',*,*,#3412,.T.);
#4463=ORIENTED_EDGE('',*,*,#3413,.T.);
#4464=ORIENTED_EDGE('',*,*,#3414,.T.);
#4465=ORIENTED_EDGE('',*,*,#3415,.T.);
#4466=ORIENTED_EDGE('',*,*,#3416,.T.);
#4467=ORIENTED_EDGE('',*,*,#3417,.T.);
#4468=ORIENTED_EDGE('',*,*,#3418,.T.);
#4469=ORIENTED_EDGE('',*,*,#3419,.T.);
#4470=ORIENTED_EDGE('',*,*,#3420,.T.);
#4471=ORIENTED_EDGE('',*,*,#3421,.T.);
#4472=ORIENTED_EDGE('',*,*,#3422,.T.);
#4473=ORIENTED_EDGE('',*,*,#3423,.F.);
#4474=ORIENTED_EDGE('',*,*,#3424,.F.);
#4475=ORIENTED_EDGE('',*,*,#3425,.F.);
#4476=ORIENTED_EDGE('',*,*,#3426,.T.);
#4477=ORIENTED_EDGE('',*,*,#3427,.F.);
#4478=ORIENTED_EDGE('',*,*,#3428,.F.);
#4479=ORIENTED_EDGE('',*,*,#3429,.F.);
#4480=ORIENTED_EDGE('',*,*,#3430,.T.);
#4481=ORIENTED_EDGE('',*,*,#3431,.F.);
#4482=ORIENTED_EDGE('',*,*,#3432,.F.);
#4483=ORIENTED_EDGE('',*,*,#3433,.F.);
#4484=ORIENTED_EDGE('',*,*,#3434,.T.);
#4485=ORIENTED_EDGE('',*,*,#3435,.F.);
#4486=ORIENTED_EDGE('',*,*,#3436,.F.);
#4487=ORIENTED_EDGE('',*,*,#3437,.F.);
#4488=ORIENTED_EDGE('',*,*,#3438,.F.);
#4489=ORIENTED_EDGE('',*,*,#3439,.T.);
#4490=ORIENTED_EDGE('',*,*,#3440,.F.);
#4491=ORIENTED_EDGE('',*,*,#3441,.T.);
#4492=ORIENTED_EDGE('',*,*,#3442,.F.);
#4493=ORIENTED_EDGE('',*,*,#3441,.F.);
#4494=ORIENTED_EDGE('',*,*,#3443,.F.);
#4495=ORIENTED_EDGE('',*,*,#3444,.T.);
#4496=ORIENTED_EDGE('',*,*,#3445,.F.);
#4497=ORIENTED_EDGE('',*,*,#3444,.F.);
#4498=ORIENTED_EDGE('',*,*,#3446,.F.);
#4499=ORIENTED_EDGE('',*,*,#2978,.T.);
#4500=ORIENTED_EDGE('',*,*,#3447,.F.);
#4501=ORIENTED_EDGE('',*,*,#3230,.F.);
#4502=ORIENTED_EDGE('',*,*,#3445,.T.);
#4503=ORIENTED_EDGE('',*,*,#3446,.T.);
#4504=ORIENTED_EDGE('',*,*,#3229,.F.);
#4505=ORIENTED_EDGE('',*,*,#3448,.T.);
#4506=ORIENTED_EDGE('',*,*,#2979,.F.);
#4507=ORIENTED_EDGE('',*,*,#3312,.T.);
#4508=ORIENTED_EDGE('',*,*,#3449,.F.);
#4509=ORIENTED_EDGE('',*,*,#3450,.T.);
#4510=ORIENTED_EDGE('',*,*,#3451,.F.);
#4511=ORIENTED_EDGE('',*,*,#3450,.F.);
#4512=ORIENTED_EDGE('',*,*,#3452,.F.);
#4513=ORIENTED_EDGE('',*,*,#3453,.T.);
#4514=ORIENTED_EDGE('',*,*,#3454,.F.);
#4515=ORIENTED_EDGE('',*,*,#3453,.F.);
#4516=ORIENTED_EDGE('',*,*,#3455,.F.);
#4517=ORIENTED_EDGE('',*,*,#2982,.T.);
#4518=ORIENTED_EDGE('',*,*,#3456,.F.);
#4519=ORIENTED_EDGE('',*,*,#3226,.F.);
#4520=ORIENTED_EDGE('',*,*,#3448,.F.);
#4521=ORIENTED_EDGE('',*,*,#3228,.F.);
#4522=ORIENTED_EDGE('',*,*,#3457,.F.);
#4523=ORIENTED_EDGE('',*,*,#2980,.F.);
#4524=ORIENTED_EDGE('',*,*,#3457,.T.);
#4525=ORIENTED_EDGE('',*,*,#3227,.F.);
#4526=ORIENTED_EDGE('',*,*,#3456,.T.);
#4527=ORIENTED_EDGE('',*,*,#2981,.T.);
#4528=ORIENTED_EDGE('',*,*,#3452,.T.);
#4529=ORIENTED_EDGE('',*,*,#3449,.T.);
#4530=ORIENTED_EDGE('',*,*,#3454,.T.);
#4531=ORIENTED_EDGE('',*,*,#3455,.T.);
#4532=ORIENTED_EDGE('',*,*,#3225,.F.);
#4533=ORIENTED_EDGE('',*,*,#3458,.T.);
#4534=ORIENTED_EDGE('',*,*,#2983,.F.);
#4535=ORIENTED_EDGE('',*,*,#3451,.T.);
#4536=ORIENTED_EDGE('',*,*,#3459,.F.);
#4537=ORIENTED_EDGE('',*,*,#3460,.T.);
#4538=ORIENTED_EDGE('',*,*,#3461,.F.);
#4539=ORIENTED_EDGE('',*,*,#3460,.F.);
#4540=ORIENTED_EDGE('',*,*,#3462,.F.);
#4541=ORIENTED_EDGE('',*,*,#3463,.T.);
#4542=ORIENTED_EDGE('',*,*,#3464,.F.);
#4543=ORIENTED_EDGE('',*,*,#3463,.F.);
#4544=ORIENTED_EDGE('',*,*,#3465,.F.);
#4545=ORIENTED_EDGE('',*,*,#2986,.T.);
#4546=ORIENTED_EDGE('',*,*,#3466,.F.);
#4547=ORIENTED_EDGE('',*,*,#3222,.F.);
#4548=ORIENTED_EDGE('',*,*,#3458,.F.);
#4549=ORIENTED_EDGE('',*,*,#3224,.F.);
#4550=ORIENTED_EDGE('',*,*,#3467,.F.);
#4551=ORIENTED_EDGE('',*,*,#2984,.F.);
#4552=ORIENTED_EDGE('',*,*,#3467,.T.);
#4553=ORIENTED_EDGE('',*,*,#3223,.F.);
#4554=ORIENTED_EDGE('',*,*,#3466,.T.);
#4555=ORIENTED_EDGE('',*,*,#2985,.T.);
#4556=ORIENTED_EDGE('',*,*,#3462,.T.);
#4557=ORIENTED_EDGE('',*,*,#3459,.T.);
#4558=ORIENTED_EDGE('',*,*,#3464,.T.);
#4559=ORIENTED_EDGE('',*,*,#3442,.T.);
#4560=ORIENTED_EDGE('',*,*,#3461,.T.);
#4561=ORIENTED_EDGE('',*,*,#3468,.F.);
#4562=ORIENTED_EDGE('',*,*,#3469,.T.);
#4563=ORIENTED_EDGE('',*,*,#3178,.T.);
#4564=ORIENTED_EDGE('',*,*,#3470,.T.);
#4565=ORIENTED_EDGE('',*,*,#3470,.F.);
#4566=ORIENTED_EDGE('',*,*,#3177,.F.);
#4567=ORIENTED_EDGE('',*,*,#3471,.F.);
#4568=ORIENTED_EDGE('',*,*,#3472,.F.);
#4569=ORIENTED_EDGE('',*,*,#3473,.F.);
#4570=ORIENTED_EDGE('',*,*,#3474,.T.);
#4571=ORIENTED_EDGE('',*,*,#3180,.T.);
#4572=ORIENTED_EDGE('',*,*,#3475,.T.);
#4573=ORIENTED_EDGE('',*,*,#3469,.F.);
#4574=ORIENTED_EDGE('',*,*,#3476,.F.);
#4575=ORIENTED_EDGE('',*,*,#3475,.F.);
#4576=ORIENTED_EDGE('',*,*,#3179,.F.);
#4577=ORIENTED_EDGE('',*,*,#3477,.F.);
#4578=ORIENTED_EDGE('',*,*,#3478,.T.);
#4579=ORIENTED_EDGE('',*,*,#3174,.T.);
#4580=ORIENTED_EDGE('',*,*,#3479,.T.);
#4581=ORIENTED_EDGE('',*,*,#3474,.F.);
#4582=ORIENTED_EDGE('',*,*,#3480,.F.);
#4583=ORIENTED_EDGE('',*,*,#3479,.F.);
#4584=ORIENTED_EDGE('',*,*,#3173,.F.);
#4585=ORIENTED_EDGE('',*,*,#3481,.F.);
#4586=ORIENTED_EDGE('',*,*,#3471,.T.);
#4587=ORIENTED_EDGE('',*,*,#3176,.T.);
#4588=ORIENTED_EDGE('',*,*,#3482,.T.);
#4589=ORIENTED_EDGE('',*,*,#3478,.F.);
#4590=ORIENTED_EDGE('',*,*,#3483,.F.);
#4591=ORIENTED_EDGE('',*,*,#3482,.F.);
#4592=ORIENTED_EDGE('',*,*,#3175,.F.);
#4593=ORIENTED_EDGE('',*,*,#3484,.T.);
#4594=ORIENTED_EDGE('',*,*,#3485,.T.);
#4595=ORIENTED_EDGE('',*,*,#3320,.T.);
#4596=ORIENTED_EDGE('',*,*,#3486,.T.);
#4597=ORIENTED_EDGE('',*,*,#3485,.F.);
#4598=ORIENTED_EDGE('',*,*,#3487,.T.);
#4599=ORIENTED_EDGE('',*,*,#3488,.F.);
#4600=ORIENTED_EDGE('',*,*,#3321,.F.);
#4601=ORIENTED_EDGE('',*,*,#3489,.T.);
#4602=ORIENTED_EDGE('',*,*,#3490,.T.);
#4603=ORIENTED_EDGE('',*,*,#3324,.T.);
#4604=ORIENTED_EDGE('',*,*,#3491,.T.);
#4605=ORIENTED_EDGE('',*,*,#3490,.F.);
#4606=ORIENTED_EDGE('',*,*,#3492,.T.);
#4607=ORIENTED_EDGE('',*,*,#3493,.F.);
#4608=ORIENTED_EDGE('',*,*,#3325,.F.);
#4609=ORIENTED_EDGE('',*,*,#3494,.T.);
#4610=ORIENTED_EDGE('',*,*,#3495,.T.);
#4611=ORIENTED_EDGE('',*,*,#3322,.T.);
#4612=ORIENTED_EDGE('',*,*,#3488,.T.);
#4613=ORIENTED_EDGE('',*,*,#3491,.F.);
#4614=ORIENTED_EDGE('',*,*,#3323,.F.);
#4615=ORIENTED_EDGE('',*,*,#3495,.F.);
#4616=ORIENTED_EDGE('',*,*,#3496,.T.);
#4617=ORIENTED_EDGE('',*,*,#3497,.T.);
#4618=ORIENTED_EDGE('',*,*,#3498,.T.);
#4619=ORIENTED_EDGE('',*,*,#3326,.T.);
#4620=ORIENTED_EDGE('',*,*,#3493,.T.);
#4621=ORIENTED_EDGE('',*,*,#3486,.F.);
#4622=ORIENTED_EDGE('',*,*,#3319,.F.);
#4623=ORIENTED_EDGE('',*,*,#3498,.F.);
#4624=ORIENTED_EDGE('',*,*,#3499,.T.);
#4625=ORIENTED_EDGE('',*,*,#3468,.T.);
#4626=ORIENTED_EDGE('',*,*,#3472,.T.);
#4627=ORIENTED_EDGE('',*,*,#3481,.T.);
#4628=ORIENTED_EDGE('',*,*,#3483,.T.);
#4629=ORIENTED_EDGE('',*,*,#3477,.T.);
#4630=ORIENTED_EDGE('',*,*,#3480,.T.);
#4631=ORIENTED_EDGE('',*,*,#3473,.T.);
#4632=ORIENTED_EDGE('',*,*,#3476,.T.);
#4633=ORIENTED_EDGE('',*,*,#3497,.F.);
#4634=ORIENTED_EDGE('',*,*,#3492,.F.);
#4635=ORIENTED_EDGE('',*,*,#3489,.F.);
#4636=ORIENTED_EDGE('',*,*,#3496,.F.);
#4637=ORIENTED_EDGE('',*,*,#3494,.F.);
#4638=ORIENTED_EDGE('',*,*,#3487,.F.);
#4639=ORIENTED_EDGE('',*,*,#3484,.F.);
#4640=ORIENTED_EDGE('',*,*,#3499,.F.);
#4641=ORIENTED_EDGE('',*,*,#3500,.T.);
#4642=ORIENTED_EDGE('',*,*,#3501,.T.);
#4643=ORIENTED_EDGE('',*,*,#3502,.T.);
#4644=ORIENTED_EDGE('',*,*,#3503,.T.);
#4645=ORIENTED_EDGE('',*,*,#3501,.F.);
#4646=ORIENTED_EDGE('',*,*,#3504,.T.);
#4647=ORIENTED_EDGE('',*,*,#3505,.F.);
#4648=ORIENTED_EDGE('',*,*,#3506,.F.);
#4649=ORIENTED_EDGE('',*,*,#3507,.T.);
#4650=ORIENTED_EDGE('',*,*,#3508,.T.);
#4651=ORIENTED_EDGE('',*,*,#3509,.T.);
#4652=ORIENTED_EDGE('',*,*,#3505,.T.);
#4653=ORIENTED_EDGE('',*,*,#3508,.F.);
#4654=ORIENTED_EDGE('',*,*,#3510,.T.);
#4655=ORIENTED_EDGE('',*,*,#3511,.F.);
#4656=ORIENTED_EDGE('',*,*,#3512,.F.);
#4657=ORIENTED_EDGE('',*,*,#3513,.T.);
#4658=ORIENTED_EDGE('',*,*,#3514,.T.);
#4659=ORIENTED_EDGE('',*,*,#3515,.T.);
#4660=ORIENTED_EDGE('',*,*,#3516,.T.);
#4661=ORIENTED_EDGE('',*,*,#3503,.F.);
#4662=ORIENTED_EDGE('',*,*,#3517,.F.);
#4663=ORIENTED_EDGE('',*,*,#3514,.F.);
#4664=ORIENTED_EDGE('',*,*,#3518,.T.);
#4665=ORIENTED_EDGE('',*,*,#3519,.T.);
#4666=ORIENTED_EDGE('',*,*,#3520,.T.);
#4667=ORIENTED_EDGE('',*,*,#3521,.T.);
#4668=ORIENTED_EDGE('',*,*,#3511,.T.);
#4669=ORIENTED_EDGE('',*,*,#3516,.F.);
#4670=ORIENTED_EDGE('',*,*,#3522,.F.);
#4671=ORIENTED_EDGE('',*,*,#3520,.F.);
#4672=ORIENTED_EDGE('',*,*,#3523,.T.);
#4673=ORIENTED_EDGE('',*,*,#3524,.F.);
#4674=ORIENTED_EDGE('',*,*,#3525,.T.);
#4675=ORIENTED_EDGE('',*,*,#3526,.T.);
#4676=ORIENTED_EDGE('',*,*,#3527,.F.);
#4677=ORIENTED_EDGE('',*,*,#3528,.F.);
#4678=ORIENTED_EDGE('',*,*,#3529,.T.);
#4679=ORIENTED_EDGE('',*,*,#3530,.T.);
#4680=ORIENTED_EDGE('',*,*,#3525,.F.);
#4681=ORIENTED_EDGE('',*,*,#3531,.F.);
#4682=ORIENTED_EDGE('',*,*,#3532,.T.);
#4683=ORIENTED_EDGE('',*,*,#3533,.T.);
#4684=ORIENTED_EDGE('',*,*,#3529,.F.);
#4685=ORIENTED_EDGE('',*,*,#3534,.F.);
#4686=ORIENTED_EDGE('',*,*,#3527,.T.);
#4687=ORIENTED_EDGE('',*,*,#3535,.T.);
#4688=ORIENTED_EDGE('',*,*,#3532,.F.);
#4689=ORIENTED_EDGE('',*,*,#3535,.F.);
#4690=ORIENTED_EDGE('',*,*,#3526,.F.);
#4691=ORIENTED_EDGE('',*,*,#3530,.F.);
#4692=ORIENTED_EDGE('',*,*,#3533,.F.);
#4693=ORIENTED_EDGE('',*,*,#3507,.F.);
#4694=ORIENTED_EDGE('',*,*,#3504,.F.);
#4695=ORIENTED_EDGE('',*,*,#3500,.F.);
#4696=ORIENTED_EDGE('',*,*,#3518,.F.);
#4697=ORIENTED_EDGE('',*,*,#3513,.F.);
#4698=ORIENTED_EDGE('',*,*,#3523,.F.);
#4699=ORIENTED_EDGE('',*,*,#3519,.F.);
#4700=ORIENTED_EDGE('',*,*,#3510,.F.);
#4701=ORIENTED_EDGE('',*,*,#3536,.F.);
#4702=ORIENTED_EDGE('',*,*,#3537,.T.);
#4703=ORIENTED_EDGE('',*,*,#3538,.F.);
#4704=ORIENTED_EDGE('',*,*,#3537,.F.);
#4705=ORIENTED_EDGE('',*,*,#3539,.F.);
#4706=ORIENTED_EDGE('',*,*,#3540,.T.);
#4707=ORIENTED_EDGE('',*,*,#3541,.F.);
#4708=ORIENTED_EDGE('',*,*,#3540,.F.);
#4709=ORIENTED_EDGE('',*,*,#3542,.F.);
#4710=ORIENTED_EDGE('',*,*,#3543,.T.);
#4711=ORIENTED_EDGE('',*,*,#3544,.F.);
#4712=ORIENTED_EDGE('',*,*,#3543,.F.);
#4713=ORIENTED_EDGE('',*,*,#3545,.F.);
#4714=ORIENTED_EDGE('',*,*,#3546,.T.);
#4715=ORIENTED_EDGE('',*,*,#3547,.F.);
#4716=ORIENTED_EDGE('',*,*,#3546,.F.);
#4717=ORIENTED_EDGE('',*,*,#3026,.F.);
#4718=ORIENTED_EDGE('',*,*,#3548,.T.);
#4719=ORIENTED_EDGE('',*,*,#3549,.T.);
#4720=ORIENTED_EDGE('',*,*,#3548,.F.);
#4721=ORIENTED_EDGE('',*,*,#3549,.F.);
#4722=ORIENTED_EDGE('',*,*,#3550,.F.);
#4723=ORIENTED_EDGE('',*,*,#3027,.F.);
#4724=ORIENTED_EDGE('',*,*,#3551,.T.);
#4725=ORIENTED_EDGE('',*,*,#3552,.T.);
#4726=ORIENTED_EDGE('',*,*,#3551,.F.);
#4727=ORIENTED_EDGE('',*,*,#3552,.F.);
#4728=ORIENTED_EDGE('',*,*,#3553,.F.);
#4729=ORIENTED_EDGE('',*,*,#3028,.F.);
#4730=ORIENTED_EDGE('',*,*,#3554,.T.);
#4731=ORIENTED_EDGE('',*,*,#3555,.T.);
#4732=ORIENTED_EDGE('',*,*,#3554,.F.);
#4733=ORIENTED_EDGE('',*,*,#3555,.F.);
#4734=ORIENTED_EDGE('',*,*,#3556,.F.);
#4735=ORIENTED_EDGE('',*,*,#3070,.T.);
#4736=ORIENTED_EDGE('',*,*,#3557,.T.);
#4737=ORIENTED_EDGE('',*,*,#3024,.F.);
#4738=ORIENTED_EDGE('',*,*,#3558,.F.);
#4739=ORIENTED_EDGE('',*,*,#3069,.T.);
#4740=ORIENTED_EDGE('',*,*,#2969,.T.);
#4741=ORIENTED_EDGE('',*,*,#3025,.F.);
#4742=ORIENTED_EDGE('',*,*,#3557,.F.);
#4743=ORIENTED_EDGE('',*,*,#3071,.T.);
#4744=ORIENTED_EDGE('',*,*,#3558,.T.);
#4745=ORIENTED_EDGE('',*,*,#3023,.T.);
#4746=ORIENTED_EDGE('',*,*,#3068,.T.);
#4747=ORIENTED_EDGE('',*,*,#3556,.T.);
#4748=ORIENTED_EDGE('',*,*,#3559,.T.);
#4749=ORIENTED_EDGE('',*,*,#3072,.T.);
#4750=ORIENTED_EDGE('',*,*,#3559,.F.);
#4751=ORIENTED_EDGE('',*,*,#3553,.T.);
#4752=ORIENTED_EDGE('',*,*,#3560,.T.);
#4753=ORIENTED_EDGE('',*,*,#3073,.T.);
#4754=ORIENTED_EDGE('',*,*,#3560,.F.);
#4755=ORIENTED_EDGE('',*,*,#3550,.T.);
#4756=ORIENTED_EDGE('',*,*,#3561,.T.);
#4757=ORIENTED_EDGE('',*,*,#3074,.T.);
#4758=ORIENTED_EDGE('',*,*,#3561,.F.);
#4759=ORIENTED_EDGE('',*,*,#3562,.F.);
#4760=ORIENTED_EDGE('',*,*,#3563,.T.);
#4761=ORIENTED_EDGE('',*,*,#3564,.T.);
#4762=ORIENTED_EDGE('',*,*,#3563,.F.);
#4763=ORIENTED_EDGE('',*,*,#3564,.F.);
#4764=ORIENTED_EDGE('',*,*,#3565,.F.);
#4765=ORIENTED_EDGE('',*,*,#3566,.F.);
#4766=ORIENTED_EDGE('',*,*,#3567,.T.);
#4767=ORIENTED_EDGE('',*,*,#3568,.T.);
#4768=ORIENTED_EDGE('',*,*,#3567,.F.);
#4769=ORIENTED_EDGE('',*,*,#3568,.F.);
#4770=ORIENTED_EDGE('',*,*,#3569,.F.);
#4771=ORIENTED_EDGE('',*,*,#3570,.F.);
#4772=ORIENTED_EDGE('',*,*,#3571,.T.);
#4773=ORIENTED_EDGE('',*,*,#3572,.T.);
#4774=ORIENTED_EDGE('',*,*,#3571,.F.);
#4775=ORIENTED_EDGE('',*,*,#3572,.F.);
#4776=ORIENTED_EDGE('',*,*,#3573,.F.);
#4777=ORIENTED_EDGE('',*,*,#3004,.F.);
#4778=ORIENTED_EDGE('',*,*,#3057,.F.);
#4779=ORIENTED_EDGE('',*,*,#3574,.F.);
#4780=ORIENTED_EDGE('',*,*,#3575,.F.);
#4781=ORIENTED_EDGE('',*,*,#3576,.F.);
#4782=ORIENTED_EDGE('',*,*,#3577,.F.);
#4783=ORIENTED_EDGE('',*,*,#3570,.T.);
#4784=ORIENTED_EDGE('',*,*,#3566,.T.);
#4785=ORIENTED_EDGE('',*,*,#3562,.T.);
#4786=ORIENTED_EDGE('',*,*,#3578,.T.);
#4787=ORIENTED_EDGE('',*,*,#3579,.T.);
#4788=ORIENTED_EDGE('',*,*,#3565,.T.);
#4789=ORIENTED_EDGE('',*,*,#3579,.F.);
#4790=ORIENTED_EDGE('',*,*,#3580,.T.);
#4791=ORIENTED_EDGE('',*,*,#3581,.T.);
#4792=ORIENTED_EDGE('',*,*,#3569,.T.);
#4793=ORIENTED_EDGE('',*,*,#3581,.F.);
#4794=ORIENTED_EDGE('',*,*,#3582,.T.);
#4795=ORIENTED_EDGE('',*,*,#3583,.T.);
#4796=ORIENTED_EDGE('',*,*,#3573,.T.);
#4797=ORIENTED_EDGE('',*,*,#3583,.F.);
#4798=ORIENTED_EDGE('',*,*,#3584,.T.);
#4799=ORIENTED_EDGE('',*,*,#3585,.F.);
#4800=ORIENTED_EDGE('',*,*,#3574,.T.);
#4801=ORIENTED_EDGE('',*,*,#3056,.T.);
#4802=ORIENTED_EDGE('',*,*,#3048,.F.);
#4803=ORIENTED_EDGE('',*,*,#3005,.F.);
#4804=ORIENTED_EDGE('',*,*,#3001,.F.);
#4805=ORIENTED_EDGE('',*,*,#3577,.T.);
#4806=ORIENTED_EDGE('',*,*,#3586,.F.);
#4807=ORIENTED_EDGE('',*,*,#3587,.T.);
#4808=ORIENTED_EDGE('',*,*,#3588,.T.);
#4809=ORIENTED_EDGE('',*,*,#3586,.T.);
#4810=ORIENTED_EDGE('',*,*,#3576,.T.);
#4811=ORIENTED_EDGE('',*,*,#3589,.T.);
#4812=ORIENTED_EDGE('',*,*,#3590,.T.);
#4813=ORIENTED_EDGE('',*,*,#3589,.F.);
#4814=ORIENTED_EDGE('',*,*,#3575,.T.);
#4815=ORIENTED_EDGE('',*,*,#3585,.T.);
#4816=ORIENTED_EDGE('',*,*,#3049,.F.);
#4817=ORIENTED_EDGE('',*,*,#3587,.F.);
#4818=ORIENTED_EDGE('',*,*,#3588,.F.);
#4819=ORIENTED_EDGE('',*,*,#3590,.F.);
#4820=ORIENTED_EDGE('',*,*,#3584,.F.);
#4821=ORIENTED_EDGE('',*,*,#3055,.F.);
#4822=ORIENTED_EDGE('',*,*,#3582,.F.);
#4823=ORIENTED_EDGE('',*,*,#3580,.F.);
#4824=ORIENTED_EDGE('',*,*,#3578,.F.);
#4825=ORIENTED_EDGE('',*,*,#3233,.F.);
#4826=ORIENTED_EDGE('',*,*,#3591,.F.);
#4827=ORIENTED_EDGE('',*,*,#3439,.F.);
#4828=ORIENTED_EDGE('',*,*,#3592,.F.);
#4829=ORIENTED_EDGE('',*,*,#3434,.F.);
#4830=ORIENTED_EDGE('',*,*,#3593,.F.);
#4831=ORIENTED_EDGE('',*,*,#3430,.F.);
#4832=ORIENTED_EDGE('',*,*,#3594,.F.);
#4833=ORIENTED_EDGE('',*,*,#3426,.F.);
#4834=ORIENTED_EDGE('',*,*,#3595,.F.);
#4835=ORIENTED_EDGE('',*,*,#2975,.T.);
#4836=ORIENTED_EDGE('',*,*,#3596,.F.);
#4837=ORIENTED_EDGE('',*,*,#3524,.T.);
#4838=ORIENTED_EDGE('',*,*,#3534,.T.);
#4839=ORIENTED_EDGE('',*,*,#3531,.T.);
#4840=ORIENTED_EDGE('',*,*,#3528,.T.);
#4841=ORIENTED_EDGE('',*,*,#3545,.T.);
#4842=ORIENTED_EDGE('',*,*,#3542,.T.);
#4843=ORIENTED_EDGE('',*,*,#3539,.T.);
#4844=ORIENTED_EDGE('',*,*,#3536,.T.);
#4845=ORIENTED_EDGE('',*,*,#3039,.F.);
#4846=ORIENTED_EDGE('',*,*,#3234,.F.);
#4847=ORIENTED_EDGE('',*,*,#3596,.T.);
#4848=ORIENTED_EDGE('',*,*,#2974,.F.);
#4849=ORIENTED_EDGE('',*,*,#2999,.T.);
#4850=ORIENTED_EDGE('',*,*,#2987,.F.);
#4851=ORIENTED_EDGE('',*,*,#3465,.T.);
#4852=ORIENTED_EDGE('',*,*,#3221,.F.);
#4853=ORIENTED_EDGE('',*,*,#3310,.T.);
#4854=ORIENTED_EDGE('',*,*,#3019,.F.);
#4855=ORIENTED_EDGE('',*,*,#3087,.T.);
#4856=ORIENTED_EDGE('',*,*,#3166,.F.);
#4857=ORIENTED_EDGE('',*,*,#3058,.F.);
#4858=ORIENTED_EDGE('',*,*,#3597,.F.);
#4859=ORIENTED_EDGE('',*,*,#3329,.F.);
#4860=ORIENTED_EDGE('',*,*,#3598,.T.);
#4861=ORIENTED_EDGE('',*,*,#3420,.F.);
#4862=ORIENTED_EDGE('',*,*,#3599,.F.);
#4863=ORIENTED_EDGE('',*,*,#3371,.F.);
#4864=ORIENTED_EDGE('',*,*,#3600,.F.);
#4865=ORIENTED_EDGE('',*,*,#3378,.F.);
#4866=ORIENTED_EDGE('',*,*,#3601,.F.);
#4867=ORIENTED_EDGE('',*,*,#3330,.F.);
#4868=ORIENTED_EDGE('',*,*,#3602,.F.);
#4869=ORIENTED_EDGE('',*,*,#3419,.F.);
#4870=ORIENTED_EDGE('',*,*,#3603,.F.);
#4871=ORIENTED_EDGE('',*,*,#3366,.F.);
#4872=ORIENTED_EDGE('',*,*,#3604,.F.);
#4873=ORIENTED_EDGE('',*,*,#3383,.F.);
#4874=ORIENTED_EDGE('',*,*,#3605,.F.);
#4875=ORIENTED_EDGE('',*,*,#3334,.F.);
#4876=ORIENTED_EDGE('',*,*,#3606,.F.);
#4877=ORIENTED_EDGE('',*,*,#3415,.F.);
#4878=ORIENTED_EDGE('',*,*,#3607,.F.);
#4879=ORIENTED_EDGE('',*,*,#3362,.F.);
#4880=ORIENTED_EDGE('',*,*,#3608,.F.);
#4881=ORIENTED_EDGE('',*,*,#3411,.F.);
#4882=ORIENTED_EDGE('',*,*,#3609,.F.);
#4883=ORIENTED_EDGE('',*,*,#3338,.F.);
#4884=ORIENTED_EDGE('',*,*,#3610,.F.);
#4885=ORIENTED_EDGE('',*,*,#3387,.F.);
#4886=ORIENTED_EDGE('',*,*,#3611,.F.);
#4887=ORIENTED_EDGE('',*,*,#3358,.F.);
#4888=ORIENTED_EDGE('',*,*,#3612,.F.);
#4889=ORIENTED_EDGE('',*,*,#3407,.F.);
#4890=ORIENTED_EDGE('',*,*,#3613,.F.);
#4891=ORIENTED_EDGE('',*,*,#3343,.F.);
#4892=ORIENTED_EDGE('',*,*,#3614,.T.);
#4893=ORIENTED_EDGE('',*,*,#3391,.F.);
#4894=ORIENTED_EDGE('',*,*,#3615,.F.);
#4895=ORIENTED_EDGE('',*,*,#3347,.F.);
#4896=ORIENTED_EDGE('',*,*,#3616,.F.);
#4897=ORIENTED_EDGE('',*,*,#3403,.F.);
#4898=ORIENTED_EDGE('',*,*,#3617,.F.);
#4899=ORIENTED_EDGE('',*,*,#3399,.F.);
#4900=ORIENTED_EDGE('',*,*,#3618,.F.);
#4901=ORIENTED_EDGE('',*,*,#3351,.F.);
#4902=ORIENTED_EDGE('',*,*,#3619,.F.);
#4903=ORIENTED_EDGE('',*,*,#3421,.F.);
#4904=ORIENTED_EDGE('',*,*,#3598,.F.);
#4905=ORIENTED_EDGE('',*,*,#3328,.F.);
#4906=ORIENTED_EDGE('',*,*,#3620,.F.);
#4907=ORIENTED_EDGE('',*,*,#3376,.F.);
#4908=ORIENTED_EDGE('',*,*,#3621,.F.);
#4909=ORIENTED_EDGE('',*,*,#3373,.F.);
#4910=ORIENTED_EDGE('',*,*,#3622,.F.);
#4911=ORIENTED_EDGE('',*,*,#3417,.F.);
#4912=ORIENTED_EDGE('',*,*,#3623,.F.);
#4913=ORIENTED_EDGE('',*,*,#3332,.F.);
#4914=ORIENTED_EDGE('',*,*,#3624,.F.);
#4915=ORIENTED_EDGE('',*,*,#3369,.F.);
#4916=ORIENTED_EDGE('',*,*,#3625,.T.);
#4917=ORIENTED_EDGE('',*,*,#3380,.F.);
#4918=ORIENTED_EDGE('',*,*,#3626,.F.);
#4919=ORIENTED_EDGE('',*,*,#3381,.F.);
#4920=ORIENTED_EDGE('',*,*,#3625,.F.);
#4921=ORIENTED_EDGE('',*,*,#3368,.F.);
#4922=ORIENTED_EDGE('',*,*,#3627,.F.);
#4923=ORIENTED_EDGE('',*,*,#3413,.F.);
#4924=ORIENTED_EDGE('',*,*,#3628,.F.);
#4925=ORIENTED_EDGE('',*,*,#3336,.F.);
#4926=ORIENTED_EDGE('',*,*,#3629,.F.);
#4927=ORIENTED_EDGE('',*,*,#3409,.F.);
#4928=ORIENTED_EDGE('',*,*,#3630,.F.);
#4929=ORIENTED_EDGE('',*,*,#3364,.F.);
#4930=ORIENTED_EDGE('',*,*,#3631,.F.);
#4931=ORIENTED_EDGE('',*,*,#3352,.F.);
#4932=ORIENTED_EDGE('',*,*,#3618,.T.);
#4933=ORIENTED_EDGE('',*,*,#3398,.F.);
#4934=ORIENTED_EDGE('',*,*,#3632,.F.);
#4935=ORIENTED_EDGE('',*,*,#3385,.F.);
#4936=ORIENTED_EDGE('',*,*,#3633,.F.);
#4937=ORIENTED_EDGE('',*,*,#3340,.F.);
#4938=ORIENTED_EDGE('',*,*,#3634,.F.);
#4939=ORIENTED_EDGE('',*,*,#3349,.F.);
#4940=ORIENTED_EDGE('',*,*,#3635,.F.);
#4941=ORIENTED_EDGE('',*,*,#3401,.F.);
#4942=ORIENTED_EDGE('',*,*,#3636,.F.);
#4943=ORIENTED_EDGE('',*,*,#3405,.F.);
#4944=ORIENTED_EDGE('',*,*,#3637,.F.);
#4945=ORIENTED_EDGE('',*,*,#3360,.F.);
#4946=ORIENTED_EDGE('',*,*,#3638,.F.);
#4947=ORIENTED_EDGE('',*,*,#3356,.F.);
#4948=ORIENTED_EDGE('',*,*,#3639,.F.);
#4949=ORIENTED_EDGE('',*,*,#3394,.F.);
#4950=ORIENTED_EDGE('',*,*,#3640,.F.);
#4951=ORIENTED_EDGE('',*,*,#3392,.F.);
#4952=ORIENTED_EDGE('',*,*,#3614,.F.);
#4953=ORIENTED_EDGE('',*,*,#3342,.F.);
#4954=ORIENTED_EDGE('',*,*,#3641,.F.);
#4955=ORIENTED_EDGE('',*,*,#3396,.F.);
#4956=ORIENTED_EDGE('',*,*,#3642,.F.);
#4957=ORIENTED_EDGE('',*,*,#3354,.F.);
#4958=ORIENTED_EDGE('',*,*,#3643,.F.);
#4959=ORIENTED_EDGE('',*,*,#3389,.F.);
#4960=ORIENTED_EDGE('',*,*,#3644,.F.);
#4961=ORIENTED_EDGE('',*,*,#3345,.F.);
#4962=ORIENTED_EDGE('',*,*,#3604,.T.);
#4963=ORIENTED_EDGE('',*,*,#3370,.T.);
#4964=ORIENTED_EDGE('',*,*,#3624,.T.);
#4965=ORIENTED_EDGE('',*,*,#3379,.F.);
#4966=ORIENTED_EDGE('',*,*,#3602,.T.);
#4967=ORIENTED_EDGE('',*,*,#3333,.T.);
#4968=ORIENTED_EDGE('',*,*,#3623,.T.);
#4969=ORIENTED_EDGE('',*,*,#3416,.F.);
#4970=ORIENTED_EDGE('',*,*,#3600,.T.);
#4971=ORIENTED_EDGE('',*,*,#3374,.T.);
#4972=ORIENTED_EDGE('',*,*,#3621,.T.);
#4973=ORIENTED_EDGE('',*,*,#3375,.F.);
#4974=ORIENTED_EDGE('',*,*,#3641,.T.);
#4975=ORIENTED_EDGE('',*,*,#3357,.T.);
#4976=ORIENTED_EDGE('',*,*,#3638,.T.);
#4977=ORIENTED_EDGE('',*,*,#3393,.F.);
#4978=ORIENTED_EDGE('',*,*,#3640,.T.);
#4979=ORIENTED_EDGE('',*,*,#3346,.T.);
#4980=ORIENTED_EDGE('',*,*,#3644,.T.);
#4981=ORIENTED_EDGE('',*,*,#3388,.F.);
#4982=ORIENTED_EDGE('',*,*,#3612,.T.);
#4983=ORIENTED_EDGE('',*,*,#3361,.T.);
#4984=ORIENTED_EDGE('',*,*,#3637,.T.);
#4985=ORIENTED_EDGE('',*,*,#3404,.F.);
#4986=ORIENTED_EDGE('',*,*,#3610,.T.);
#4987=ORIENTED_EDGE('',*,*,#3341,.T.);
#4988=ORIENTED_EDGE('',*,*,#3633,.T.);
#4989=ORIENTED_EDGE('',*,*,#3384,.F.);
#4990=ORIENTED_EDGE('',*,*,#3608,.T.);
#4991=ORIENTED_EDGE('',*,*,#3365,.T.);
#4992=ORIENTED_EDGE('',*,*,#3630,.T.);
#4993=ORIENTED_EDGE('',*,*,#3408,.F.);
#4994=ORIENTED_EDGE('',*,*,#3606,.T.);
#4995=ORIENTED_EDGE('',*,*,#3337,.T.);
#4996=ORIENTED_EDGE('',*,*,#3628,.T.);
#4997=ORIENTED_EDGE('',*,*,#3412,.F.);
#4998=ORIENTED_EDGE('',*,*,#3617,.T.);
#4999=ORIENTED_EDGE('',*,*,#3353,.T.);
#5000=ORIENTED_EDGE('',*,*,#3631,.T.);
#5001=ORIENTED_EDGE('',*,*,#3397,.F.);
#5002=ORIENTED_EDGE('',*,*,#3615,.T.);
#5003=ORIENTED_EDGE('',*,*,#3402,.F.);
#5004=ORIENTED_EDGE('',*,*,#3635,.T.);
#5005=ORIENTED_EDGE('',*,*,#3348,.F.);
#5006=ORIENTED_EDGE('',*,*,#3616,.T.);
#5007=ORIENTED_EDGE('',*,*,#3350,.T.);
#5008=ORIENTED_EDGE('',*,*,#3634,.T.);
#5009=ORIENTED_EDGE('',*,*,#3400,.F.);
#5010=ORIENTED_EDGE('',*,*,#3642,.T.);
#5011=ORIENTED_EDGE('',*,*,#3395,.F.);
#5012=ORIENTED_EDGE('',*,*,#3639,.T.);
#5013=ORIENTED_EDGE('',*,*,#3355,.F.);
#5014=ORIENTED_EDGE('',*,*,#3613,.T.);
#5015=ORIENTED_EDGE('',*,*,#3390,.F.);
#5016=ORIENTED_EDGE('',*,*,#3643,.T.);
#5017=ORIENTED_EDGE('',*,*,#3344,.F.);
#5018=ORIENTED_EDGE('',*,*,#3611,.T.);
#5019=ORIENTED_EDGE('',*,*,#3406,.F.);
#5020=ORIENTED_EDGE('',*,*,#3636,.T.);
#5021=ORIENTED_EDGE('',*,*,#3359,.F.);
#5022=ORIENTED_EDGE('',*,*,#3609,.T.);
#5023=ORIENTED_EDGE('',*,*,#3386,.F.);
#5024=ORIENTED_EDGE('',*,*,#3632,.T.);
#5025=ORIENTED_EDGE('',*,*,#3339,.F.);
#5026=ORIENTED_EDGE('',*,*,#3607,.T.);
#5027=ORIENTED_EDGE('',*,*,#3410,.F.);
#5028=ORIENTED_EDGE('',*,*,#3629,.T.);
#5029=ORIENTED_EDGE('',*,*,#3363,.F.);
#5030=ORIENTED_EDGE('',*,*,#3605,.T.);
#5031=ORIENTED_EDGE('',*,*,#3414,.F.);
#5032=ORIENTED_EDGE('',*,*,#3627,.T.);
#5033=ORIENTED_EDGE('',*,*,#3335,.F.);
#5034=ORIENTED_EDGE('',*,*,#3603,.T.);
#5035=ORIENTED_EDGE('',*,*,#3382,.F.);
#5036=ORIENTED_EDGE('',*,*,#3626,.T.);
#5037=ORIENTED_EDGE('',*,*,#3367,.F.);
#5038=ORIENTED_EDGE('',*,*,#3601,.T.);
#5039=ORIENTED_EDGE('',*,*,#3418,.F.);
#5040=ORIENTED_EDGE('',*,*,#3622,.T.);
#5041=ORIENTED_EDGE('',*,*,#3331,.F.);
#5042=ORIENTED_EDGE('',*,*,#3599,.T.);
#5043=ORIENTED_EDGE('',*,*,#3377,.F.);
#5044=ORIENTED_EDGE('',*,*,#3620,.T.);
#5045=ORIENTED_EDGE('',*,*,#3372,.F.);
#5046=ORIENTED_EDGE('',*,*,#3597,.T.);
#5047=ORIENTED_EDGE('',*,*,#3422,.F.);
#5048=ORIENTED_EDGE('',*,*,#3619,.T.);
#5049=ORIENTED_EDGE('',*,*,#3327,.F.);
#5050=ORIENTED_EDGE('',*,*,#3645,.F.);
#5051=ORIENTED_EDGE('',*,*,#3646,.F.);
#5052=ORIENTED_EDGE('',*,*,#3647,.T.);
#5053=ORIENTED_EDGE('',*,*,#2976,.F.);
#5054=ORIENTED_EDGE('',*,*,#3595,.T.);
#5055=ORIENTED_EDGE('',*,*,#3648,.F.);
#5056=ORIENTED_EDGE('',*,*,#3649,.F.);
#5057=ORIENTED_EDGE('',*,*,#3594,.T.);
#5058=ORIENTED_EDGE('',*,*,#3650,.F.);
#5059=ORIENTED_EDGE('',*,*,#3651,.F.);
#5060=ORIENTED_EDGE('',*,*,#3652,.F.);
#5061=ORIENTED_EDGE('',*,*,#3593,.T.);
#5062=ORIENTED_EDGE('',*,*,#3653,.F.);
#5063=ORIENTED_EDGE('',*,*,#3654,.F.);
#5064=ORIENTED_EDGE('',*,*,#3655,.F.);
#5065=ORIENTED_EDGE('',*,*,#3592,.T.);
#5066=ORIENTED_EDGE('',*,*,#3656,.F.);
#5067=ORIENTED_EDGE('',*,*,#3657,.F.);
#5068=ORIENTED_EDGE('',*,*,#3658,.F.);
#5069=ORIENTED_EDGE('',*,*,#3591,.T.);
#5070=ORIENTED_EDGE('',*,*,#3232,.T.);
#5071=ORIENTED_EDGE('',*,*,#3659,.T.);
#5072=ORIENTED_EDGE('',*,*,#3660,.F.);
#5073=ORIENTED_EDGE('',*,*,#3661,.F.);
#5074=ORIENTED_EDGE('',*,*,#3662,.T.);
#5075=ORIENTED_EDGE('',*,*,#3663,.F.);
#5076=ORIENTED_EDGE('',*,*,#3664,.F.);
#5077=ORIENTED_EDGE('',*,*,#3665,.F.);
#5078=ORIENTED_EDGE('',*,*,#3666,.T.);
#5079=ORIENTED_EDGE('',*,*,#3667,.F.);
#5080=ORIENTED_EDGE('',*,*,#3668,.F.);
#5081=ORIENTED_EDGE('',*,*,#3669,.F.);
#5082=ORIENTED_EDGE('',*,*,#3670,.T.);
#5083=ORIENTED_EDGE('',*,*,#3671,.F.);
#5084=ORIENTED_EDGE('',*,*,#3672,.F.);
#5085=ORIENTED_EDGE('',*,*,#3673,.F.);
#5086=ORIENTED_EDGE('',*,*,#3674,.F.);
#5087=ORIENTED_EDGE('',*,*,#3675,.F.);
#5088=ORIENTED_EDGE('',*,*,#3676,.F.);
#5089=ORIENTED_EDGE('',*,*,#3677,.F.);
#5090=ORIENTED_EDGE('',*,*,#3678,.F.);
#5091=ORIENTED_EDGE('',*,*,#3679,.F.);
#5092=ORIENTED_EDGE('',*,*,#3680,.F.);
#5093=ORIENTED_EDGE('',*,*,#3681,.F.);
#5094=ORIENTED_EDGE('',*,*,#3682,.F.);
#5095=ORIENTED_EDGE('',*,*,#3683,.F.);
#5096=ORIENTED_EDGE('',*,*,#3684,.F.);
#5097=ORIENTED_EDGE('',*,*,#3685,.F.);
#5098=ORIENTED_EDGE('',*,*,#3686,.F.);
#5099=ORIENTED_EDGE('',*,*,#3687,.F.);
#5100=ORIENTED_EDGE('',*,*,#3688,.F.);
#5101=ORIENTED_EDGE('',*,*,#3689,.T.);
#5102=ORIENTED_EDGE('',*,*,#3660,.T.);
#5103=ORIENTED_EDGE('',*,*,#3690,.F.);
#5104=ORIENTED_EDGE('',*,*,#3112,.T.);
#5105=ORIENTED_EDGE('',*,*,#3691,.T.);
#5106=ORIENTED_EDGE('',*,*,#3664,.T.);
#5107=ORIENTED_EDGE('',*,*,#3692,.T.);
#5108=ORIENTED_EDGE('',*,*,#3126,.T.);
#5109=ORIENTED_EDGE('',*,*,#3693,.T.);
#5110=ORIENTED_EDGE('',*,*,#3668,.T.);
#5111=ORIENTED_EDGE('',*,*,#3694,.T.);
#5112=ORIENTED_EDGE('',*,*,#3135,.T.);
#5113=ORIENTED_EDGE('',*,*,#3695,.T.);
#5114=ORIENTED_EDGE('',*,*,#3672,.T.);
#5115=ORIENTED_EDGE('',*,*,#3696,.T.);
#5116=ORIENTED_EDGE('',*,*,#3143,.T.);
#5117=ORIENTED_EDGE('',*,*,#3697,.T.);
#5118=ORIENTED_EDGE('',*,*,#3676,.T.);
#5119=ORIENTED_EDGE('',*,*,#3698,.T.);
#5120=ORIENTED_EDGE('',*,*,#3152,.T.);
#5121=ORIENTED_EDGE('',*,*,#3699,.T.);
#5122=ORIENTED_EDGE('',*,*,#3677,.T.);
#5123=ORIENTED_EDGE('',*,*,#3700,.T.);
#5124=ORIENTED_EDGE('',*,*,#3159,.T.);
#5125=ORIENTED_EDGE('',*,*,#3701,.T.);
#5126=ORIENTED_EDGE('',*,*,#3681,.T.);
#5127=ORIENTED_EDGE('',*,*,#3702,.T.);
#5128=ORIENTED_EDGE('',*,*,#3151,.T.);
#5129=ORIENTED_EDGE('',*,*,#3703,.T.);
#5130=ORIENTED_EDGE('',*,*,#3685,.T.);
#5131=ORIENTED_EDGE('',*,*,#3704,.T.);
#5132=ORIENTED_EDGE('',*,*,#3142,.T.);
#5133=ORIENTED_EDGE('',*,*,#3705,.T.);
#5134=ORIENTED_EDGE('',*,*,#3437,.T.);
#5135=ORIENTED_EDGE('',*,*,#3706,.F.);
#5136=ORIENTED_EDGE('',*,*,#3133,.T.);
#5137=ORIENTED_EDGE('',*,*,#3707,.T.);
#5138=ORIENTED_EDGE('',*,*,#3428,.T.);
#5139=ORIENTED_EDGE('',*,*,#3708,.T.);
#5140=ORIENTED_EDGE('',*,*,#3118,.T.);
#5141=ORIENTED_EDGE('',*,*,#3709,.T.);
#5142=ORIENTED_EDGE('',*,*,#3121,.T.);
#5143=ORIENTED_EDGE('',*,*,#3710,.T.);
#5144=ORIENTED_EDGE('',*,*,#3424,.T.);
#5145=ORIENTED_EDGE('',*,*,#3711,.T.);
#5146=ORIENTED_EDGE('',*,*,#3113,.T.);
#5147=ORIENTED_EDGE('',*,*,#3690,.T.);
#5148=ORIENTED_EDGE('',*,*,#3659,.F.);
#5149=ORIENTED_EDGE('',*,*,#3231,.F.);
#5150=ORIENTED_EDGE('',*,*,#3447,.T.);
#5151=ORIENTED_EDGE('',*,*,#2977,.T.);
#5152=ORIENTED_EDGE('',*,*,#3647,.F.);
#5153=ORIENTED_EDGE('',*,*,#3712,.F.);
#5154=ORIENTED_EDGE('',*,*,#3145,.T.);
#5155=ORIENTED_EDGE('',*,*,#3713,.T.);
#5156=ORIENTED_EDGE('',*,*,#3670,.F.);
#5157=ORIENTED_EDGE('',*,*,#3714,.T.);
#5158=ORIENTED_EDGE('',*,*,#3137,.T.);
#5159=ORIENTED_EDGE('',*,*,#3715,.T.);
#5160=ORIENTED_EDGE('',*,*,#3666,.F.);
#5161=ORIENTED_EDGE('',*,*,#3716,.T.);
#5162=ORIENTED_EDGE('',*,*,#3128,.T.);
#5163=ORIENTED_EDGE('',*,*,#3717,.T.);
#5164=ORIENTED_EDGE('',*,*,#3662,.F.);
#5165=ORIENTED_EDGE('',*,*,#3440,.T.);
#5166=ORIENTED_EDGE('',*,*,#3443,.T.);
#5167=ORIENTED_EDGE('',*,*,#3718,.T.);
#5168=ORIENTED_EDGE('',*,*,#3146,.T.);
#5169=ORIENTED_EDGE('',*,*,#3712,.T.);
#5170=ORIENTED_EDGE('',*,*,#3646,.T.);
#5171=ORIENTED_EDGE('',*,*,#3719,.T.);
#5172=ORIENTED_EDGE('',*,*,#3154,.T.);
#5173=ORIENTED_EDGE('',*,*,#3720,.T.);
#5174=ORIENTED_EDGE('',*,*,#3674,.T.);
#5175=ORIENTED_EDGE('',*,*,#3721,.T.);
#5176=ORIENTED_EDGE('',*,*,#3157,.T.);
#5177=ORIENTED_EDGE('',*,*,#3722,.T.);
#5178=ORIENTED_EDGE('',*,*,#3679,.T.);
#5179=ORIENTED_EDGE('',*,*,#3723,.T.);
#5180=ORIENTED_EDGE('',*,*,#3648,.T.);
#5181=ORIENTED_EDGE('',*,*,#3425,.T.);
#5182=ORIENTED_EDGE('',*,*,#3710,.F.);
#5183=ORIENTED_EDGE('',*,*,#3120,.T.);
#5184=ORIENTED_EDGE('',*,*,#3724,.T.);
#5185=ORIENTED_EDGE('',*,*,#3149,.T.);
#5186=ORIENTED_EDGE('',*,*,#3725,.T.);
#5187=ORIENTED_EDGE('',*,*,#3683,.T.);
#5188=ORIENTED_EDGE('',*,*,#3726,.T.);
#5189=ORIENTED_EDGE('',*,*,#3651,.T.);
#5190=ORIENTED_EDGE('',*,*,#3727,.T.);
#5191=ORIENTED_EDGE('',*,*,#3116,.T.);
#5192=ORIENTED_EDGE('',*,*,#3728,.T.);
#5193=ORIENTED_EDGE('',*,*,#3140,.T.);
#5194=ORIENTED_EDGE('',*,*,#3729,.T.);
#5195=ORIENTED_EDGE('',*,*,#3687,.T.);
#5196=ORIENTED_EDGE('',*,*,#3730,.T.);
#5197=ORIENTED_EDGE('',*,*,#3654,.T.);
#5198=ORIENTED_EDGE('',*,*,#3731,.T.);
#5199=ORIENTED_EDGE('',*,*,#3123,.T.);
#5200=ORIENTED_EDGE('',*,*,#3076,.F.);
#5201=ORIENTED_EDGE('',*,*,#2962,.F.);
#5202=ORIENTED_EDGE('',*,*,#3110,.F.);
#5203=ORIENTED_EDGE('',*,*,#3077,.T.);
#5204=ORIENTED_EDGE('',*,*,#3538,.T.);
#5205=ORIENTED_EDGE('',*,*,#3541,.T.);
#5206=ORIENTED_EDGE('',*,*,#3544,.T.);
#5207=ORIENTED_EDGE('',*,*,#3547,.T.);
#5208=ORIENTED_EDGE('',*,*,#3506,.T.);
#5209=ORIENTED_EDGE('',*,*,#3509,.F.);
#5210=ORIENTED_EDGE('',*,*,#3512,.T.);
#5211=ORIENTED_EDGE('',*,*,#3521,.F.);
#5212=ORIENTED_EDGE('',*,*,#3522,.T.);
#5213=ORIENTED_EDGE('',*,*,#3515,.F.);
#5214=ORIENTED_EDGE('',*,*,#3517,.T.);
#5215=ORIENTED_EDGE('',*,*,#3502,.F.);
#5216=ORIENTED_EDGE('',*,*,#3732,.T.);
#5217=ORIENTED_EDGE('',*,*,#3134,.T.);
#5218=ORIENTED_EDGE('',*,*,#3706,.T.);
#5219=ORIENTED_EDGE('',*,*,#3436,.T.);
#5220=ORIENTED_EDGE('',*,*,#3733,.T.);
#5221=ORIENTED_EDGE('',*,*,#3125,.T.);
#5222=ORIENTED_EDGE('',*,*,#3734,.T.);
#5223=ORIENTED_EDGE('',*,*,#3432,.T.);
#5224=ORIENTED_EDGE('',*,*,#3735,.T.);
#5225=ORIENTED_EDGE('',*,*,#3131,.T.);
#5226=ORIENTED_EDGE('',*,*,#3736,.T.);
#5227=ORIENTED_EDGE('',*,*,#3657,.T.);
#5228=ORIENTED_EDGE('',*,*,#3696,.F.);
#5229=ORIENTED_EDGE('',*,*,#3671,.T.);
#5230=ORIENTED_EDGE('',*,*,#3713,.F.);
#5231=ORIENTED_EDGE('',*,*,#3144,.F.);
#5232=ORIENTED_EDGE('',*,*,#3694,.F.);
#5233=ORIENTED_EDGE('',*,*,#3667,.T.);
#5234=ORIENTED_EDGE('',*,*,#3715,.F.);
#5235=ORIENTED_EDGE('',*,*,#3136,.F.);
#5236=ORIENTED_EDGE('',*,*,#3692,.F.);
#5237=ORIENTED_EDGE('',*,*,#3663,.T.);
#5238=ORIENTED_EDGE('',*,*,#3717,.F.);
#5239=ORIENTED_EDGE('',*,*,#3127,.F.);
#5240=ORIENTED_EDGE('',*,*,#3733,.F.);
#5241=ORIENTED_EDGE('',*,*,#3431,.T.);
#5242=ORIENTED_EDGE('',*,*,#3655,.T.);
#5243=ORIENTED_EDGE('',*,*,#3730,.F.);
#5244=ORIENTED_EDGE('',*,*,#3122,.F.);
#5245=ORIENTED_EDGE('',*,*,#3732,.F.);
#5246=ORIENTED_EDGE('',*,*,#3435,.T.);
#5247=ORIENTED_EDGE('',*,*,#3658,.T.);
#5248=ORIENTED_EDGE('',*,*,#3736,.F.);
#5249=ORIENTED_EDGE('',*,*,#3130,.F.);
#5250=ORIENTED_EDGE('',*,*,#3704,.F.);
#5251=ORIENTED_EDGE('',*,*,#3688,.T.);
#5252=ORIENTED_EDGE('',*,*,#3729,.F.);
#5253=ORIENTED_EDGE('',*,*,#3139,.F.);
#5254=ORIENTED_EDGE('',*,*,#3702,.F.);
#5255=ORIENTED_EDGE('',*,*,#3684,.T.);
#5256=ORIENTED_EDGE('',*,*,#3725,.F.);
#5257=ORIENTED_EDGE('',*,*,#3148,.F.);
#5258=ORIENTED_EDGE('',*,*,#3700,.F.);
#5259=ORIENTED_EDGE('',*,*,#3680,.T.);
#5260=ORIENTED_EDGE('',*,*,#3722,.F.);
#5261=ORIENTED_EDGE('',*,*,#3156,.F.);
#5262=ORIENTED_EDGE('',*,*,#3698,.F.);
#5263=ORIENTED_EDGE('',*,*,#3675,.T.);
#5264=ORIENTED_EDGE('',*,*,#3720,.F.);
#5265=ORIENTED_EDGE('',*,*,#3153,.F.);
#5266=ORIENTED_EDGE('',*,*,#3709,.F.);
#5267=ORIENTED_EDGE('',*,*,#3423,.T.);
#5268=ORIENTED_EDGE('',*,*,#3649,.T.);
#5269=ORIENTED_EDGE('',*,*,#3723,.F.);
#5270=ORIENTED_EDGE('',*,*,#3119,.F.);
#5271=ORIENTED_EDGE('',*,*,#3707,.F.);
#5272=ORIENTED_EDGE('',*,*,#3117,.T.);
#5273=ORIENTED_EDGE('',*,*,#3727,.F.);
#5274=ORIENTED_EDGE('',*,*,#3650,.T.);
#5275=ORIENTED_EDGE('',*,*,#3429,.T.);
#5276=ORIENTED_EDGE('',*,*,#3708,.F.);
#5277=ORIENTED_EDGE('',*,*,#3427,.T.);
#5278=ORIENTED_EDGE('',*,*,#3652,.T.);
#5279=ORIENTED_EDGE('',*,*,#3726,.F.);
#5280=ORIENTED_EDGE('',*,*,#3115,.F.);
#5281=ORIENTED_EDGE('',*,*,#3734,.F.);
#5282=ORIENTED_EDGE('',*,*,#3124,.T.);
#5283=ORIENTED_EDGE('',*,*,#3731,.F.);
#5284=ORIENTED_EDGE('',*,*,#3653,.T.);
#5285=ORIENTED_EDGE('',*,*,#3433,.T.);
#5286=ORIENTED_EDGE('',*,*,#3705,.F.);
#5287=ORIENTED_EDGE('',*,*,#3132,.T.);
#5288=ORIENTED_EDGE('',*,*,#3735,.F.);
#5289=ORIENTED_EDGE('',*,*,#3656,.T.);
#5290=ORIENTED_EDGE('',*,*,#3438,.T.);
#5291=ORIENTED_EDGE('',*,*,#3703,.F.);
#5292=ORIENTED_EDGE('',*,*,#3141,.T.);
#5293=ORIENTED_EDGE('',*,*,#3728,.F.);
#5294=ORIENTED_EDGE('',*,*,#3686,.T.);
#5295=ORIENTED_EDGE('',*,*,#3701,.F.);
#5296=ORIENTED_EDGE('',*,*,#3150,.T.);
#5297=ORIENTED_EDGE('',*,*,#3724,.F.);
#5298=ORIENTED_EDGE('',*,*,#3682,.T.);
#5299=ORIENTED_EDGE('',*,*,#3699,.F.);
#5300=ORIENTED_EDGE('',*,*,#3158,.T.);
#5301=ORIENTED_EDGE('',*,*,#3721,.F.);
#5302=ORIENTED_EDGE('',*,*,#3678,.T.);
#5303=ORIENTED_EDGE('',*,*,#3697,.F.);
#5304=ORIENTED_EDGE('',*,*,#3155,.T.);
#5305=ORIENTED_EDGE('',*,*,#3719,.F.);
#5306=ORIENTED_EDGE('',*,*,#3673,.T.);
#5307=ORIENTED_EDGE('',*,*,#3695,.F.);
#5308=ORIENTED_EDGE('',*,*,#3147,.T.);
#5309=ORIENTED_EDGE('',*,*,#3718,.F.);
#5310=ORIENTED_EDGE('',*,*,#3645,.T.);
#5311=ORIENTED_EDGE('',*,*,#3693,.F.);
#5312=ORIENTED_EDGE('',*,*,#3138,.T.);
#5313=ORIENTED_EDGE('',*,*,#3714,.F.);
#5314=ORIENTED_EDGE('',*,*,#3669,.T.);
#5315=ORIENTED_EDGE('',*,*,#3691,.F.);
#5316=ORIENTED_EDGE('',*,*,#3129,.T.);
#5317=ORIENTED_EDGE('',*,*,#3716,.F.);
#5318=ORIENTED_EDGE('',*,*,#3665,.T.);
#5319=ORIENTED_EDGE('',*,*,#3689,.F.);
#5320=ORIENTED_EDGE('',*,*,#3114,.T.);
#5321=ORIENTED_EDGE('',*,*,#3711,.F.);
#5322=ORIENTED_EDGE('',*,*,#3661,.T.);
#5323=CYLINDRICAL_SURFACE('',#5695,3.);
#5324=CYLINDRICAL_SURFACE('',#5714,3.);
#5325=CYLINDRICAL_SURFACE('',#5717,1.);
#5326=CYLINDRICAL_SURFACE('',#5721,1.);
#5327=CYLINDRICAL_SURFACE('',#5724,1.);
#5328=CYLINDRICAL_SURFACE('',#5731,1.);
#5329=CYLINDRICAL_SURFACE('',#5734,3.);
#5330=CYLINDRICAL_SURFACE('',#5737,3.);
#5331=CYLINDRICAL_SURFACE('',#5741,4.);
#5332=CYLINDRICAL_SURFACE('',#5749,4.);
#5333=CYLINDRICAL_SURFACE('',#5758,3.);
#5334=CYLINDRICAL_SURFACE('',#5775,3.);
#5335=CYLINDRICAL_SURFACE('',#5777,3.);
#5336=CYLINDRICAL_SURFACE('',#5781,3.);
#5337=CYLINDRICAL_SURFACE('',#5782,3.);
#5338=CYLINDRICAL_SURFACE('',#5790,3.);
#5339=CYLINDRICAL_SURFACE('',#5795,2.);
#5340=CYLINDRICAL_SURFACE('',#5797,7.);
#5341=CYLINDRICAL_SURFACE('',#5806,2.);
#5342=CYLINDRICAL_SURFACE('',#5811,1.);
#5343=CYLINDRICAL_SURFACE('',#5814,1.);
#5344=CYLINDRICAL_SURFACE('',#5822,4.);
#5345=CYLINDRICAL_SURFACE('',#5836,2.55);
#5346=CYLINDRICAL_SURFACE('',#5840,4.);
#5347=CYLINDRICAL_SURFACE('',#5844,2.);
#5348=CYLINDRICAL_SURFACE('',#5846,2.);
#5349=CYLINDRICAL_SURFACE('',#5847,1.);
#5350=CYLINDRICAL_SURFACE('',#5850,1.);
#5351=CYLINDRICAL_SURFACE('',#5854,1.05);
#5352=CYLINDRICAL_SURFACE('',#5857,1.05);
#5353=CYLINDRICAL_SURFACE('',#5861,1.05);
#5354=CYLINDRICAL_SURFACE('',#5870,1.05);
#5355=CYLINDRICAL_SURFACE('',#5871,1.05);
#5356=CYLINDRICAL_SURFACE('',#5876,1.05);
#5357=CYLINDRICAL_SURFACE('',#5877,1.05);
#5358=CYLINDRICAL_SURFACE('',#5878,1.05);
#5359=CYLINDRICAL_SURFACE('',#5880,1.05);
#5360=CYLINDRICAL_SURFACE('',#5882,1.05);
#5361=CYLINDRICAL_SURFACE('',#5884,1.05);
#5362=CYLINDRICAL_SURFACE('',#5886,1.05);
#5363=CYLINDRICAL_SURFACE('',#5887,1.05);
#5364=CYLINDRICAL_SURFACE('',#5899,1.05);
#5365=CYLINDRICAL_SURFACE('',#5902,1.05);
#5366=CYLINDRICAL_SURFACE('',#5908,1.05);
#5367=CYLINDRICAL_SURFACE('',#5911,1.05);
#5368=CYLINDRICAL_SURFACE('',#5920,1.05);
#5369=CYLINDRICAL_SURFACE('',#5923,1.05);
#5370=CYLINDRICAL_SURFACE('',#5932,3.);
#5371=CYLINDRICAL_SURFACE('',#5935,3.);
#5372=CYLINDRICAL_SURFACE('',#5938,3.);
#5373=CYLINDRICAL_SURFACE('',#5941,3.);
#5374=CYLINDRICAL_SURFACE('',#5944,1.5);
#5375=CYLINDRICAL_SURFACE('',#5947,1.5);
#5376=CYLINDRICAL_SURFACE('',#5950,1.5);
#5377=CYLINDRICAL_SURFACE('',#5953,1.5);
#5378=CYLINDRICAL_SURFACE('',#5957,1.1);
#5379=CYLINDRICAL_SURFACE('',#5961,1.1);
#5380=CYLINDRICAL_SURFACE('',#5965,1.1);
#5381=CYLINDRICAL_SURFACE('',#5969,1.1);
#5382=CYLINDRICAL_SURFACE('',#5978,1.05);
#5383=CYLINDRICAL_SURFACE('',#5981,1.05);
#5384=CYLINDRICAL_SURFACE('',#5984,1.05);
#5385=CYLINDRICAL_SURFACE('',#5987,1.05);
#5386=CYLINDRICAL_SURFACE('',#5990,2.);
#5387=CYLINDRICAL_SURFACE('',#5994,2.);
#5388=CYLINDRICAL_SURFACE('',#5998,2.);
#5389=CYLINDRICAL_SURFACE('',#6004,4.);
#5390=CYLINDRICAL_SURFACE('',#6005,1.05);
#5391=CYLINDRICAL_SURFACE('',#6006,1.05);
#5392=CYLINDRICAL_SURFACE('',#6007,1.05);
#5393=CYLINDRICAL_SURFACE('',#6008,2.);
#5394=CYLINDRICAL_SURFACE('',#6013,2.);
#5395=CYLINDRICAL_SURFACE('',#6018,2.);
#5396=CYLINDRICAL_SURFACE('',#6025,1.05);
#5397=CYLINDRICAL_SURFACE('',#6027,1.05);
#5398=CYLINDRICAL_SURFACE('',#6029,1.05);
#5399=CYLINDRICAL_SURFACE('',#6033,4.);
#5400=ADVANCED_FACE('',(#340),#5323,.T.);
#5401=ADVANCED_FACE('',(#341),#141,.T.);
#5402=ADVANCED_FACE('',(#342,#32,#33,#34,#35),#142,.F.);
#5403=ADVANCED_FACE('',(#343),#5324,.T.);
#5404=ADVANCED_FACE('',(#344),#143,.F.);
#5405=ADVANCED_FACE('',(#345),#5325,.F.);
#5406=ADVANCED_FACE('',(#346),#144,.T.);
#5407=ADVANCED_FACE('',(#347),#5326,.F.);
#5408=ADVANCED_FACE('',(#348),#5327,.F.);
#5409=ADVANCED_FACE('',(#349,#36,#37,#38),#145,.T.);
#5410=ADVANCED_FACE('',(#350),#5328,.F.);
#5411=ADVANCED_FACE('',(#351),#146,.T.);
#5412=ADVANCED_FACE('',(#352),#5329,.T.);
#5413=ADVANCED_FACE('',(#353),#5330,.T.);
#5414=ADVANCED_FACE('',(#354),#147,.F.);
#5415=ADVANCED_FACE('',(#355),#5331,.T.);
#5416=ADVANCED_FACE('',(#356),#148,.F.);
#5417=ADVANCED_FACE('',(#357),#149,.F.);
#5418=ADVANCED_FACE('',(#358),#5332,.T.);
#5419=ADVANCED_FACE('',(#359),#150,.T.);
#5420=ADVANCED_FACE('',(#360,#39,#40,#41),#151,.F.);
#5421=ADVANCED_FACE('',(#361),#5333,.T.);
#5422=ADVANCED_FACE('',(#362,#42,#43,#44,#45,#46,#47,#48,#49,#50,#51,#52,
#53),#152,.F.);
#5423=ADVANCED_FACE('',(#363),#5334,.T.);
#5424=ADVANCED_FACE('',(#364,#54,#55,#56,#57,#58,#59,#60,#61,#62,#63,#64,
#65),#153,.F.);
#5425=ADVANCED_FACE('',(#365),#5335,.T.);
#5426=ADVANCED_FACE('',(#366,#66,#67),#154,.F.);
#5427=ADVANCED_FACE('',(#367),#5336,.T.);
#5428=ADVANCED_FACE('',(#368),#5337,.T.);
#5429=ADVANCED_FACE('',(#369,#68),#155,.T.);
#5430=ADVANCED_FACE('',(#370),#5338,.T.);
#5431=ADVANCED_FACE('',(#371),#24,.T.);
#5432=ADVANCED_FACE('',(#372),#5339,.T.);
#5433=ADVANCED_FACE('',(#373),#5340,.F.);
#5434=ADVANCED_FACE('',(#374),#156,.T.);
#5435=ADVANCED_FACE('',(#375,#69,#70),#157,.T.);
#5436=ADVANCED_FACE('',(#376),#5341,.T.);
#5437=ADVANCED_FACE('',(#377),#25,.T.);
#5438=ADVANCED_FACE('',(#378),#158,.T.);
#5439=ADVANCED_FACE('',(#379),#5342,.T.);
#5440=ADVANCED_FACE('',(#380),#159,.T.);
#5441=ADVANCED_FACE('',(#381),#5343,.T.);
#5442=ADVANCED_FACE('',(#382),#160,.F.);
#5443=ADVANCED_FACE('',(#383,#71,#72,#73,#74,#75,#76,#77,#78),#161,.F.);
#5444=ADVANCED_FACE('',(#384),#5344,.T.);
#5445=ADVANCED_FACE('',(#385),#162,.T.);
#5446=ADVANCED_FACE('',(#386,#79),#163,.T.);
#5447=ADVANCED_FACE('',(#387),#26,.T.);
#5448=ADVANCED_FACE('',(#388),#164,.T.);
#5449=ADVANCED_FACE('',(#389),#5345,.T.);
#5450=ADVANCED_FACE('',(#390),#27,.T.);
#5451=ADVANCED_FACE('',(#391),#5346,.F.);
#5452=ADVANCED_FACE('',(#392),#165,.F.);
#5453=ADVANCED_FACE('',(#393),#166,.F.);
#5454=ADVANCED_FACE('',(#394),#5347,.F.);
#5455=ADVANCED_FACE('',(#395),#167,.T.);
#5456=ADVANCED_FACE('',(#396),#5348,.F.);
#5457=ADVANCED_FACE('',(#397),#5349,.F.);
#5458=ADVANCED_FACE('',(#398),#168,.F.);
#5459=ADVANCED_FACE('',(#399),#5350,.F.);
#5460=ADVANCED_FACE('',(#400),#169,.F.);
#5461=ADVANCED_FACE('',(#401),#170,.F.);
#5462=ADVANCED_FACE('',(#402),#5351,.F.);
#5463=ADVANCED_FACE('',(#403),#171,.F.);
#5464=ADVANCED_FACE('',(#404),#5352,.F.);
#5465=ADVANCED_FACE('',(#405),#172,.T.);
#5466=ADVANCED_FACE('',(#406),#173,.F.);
#5467=ADVANCED_FACE('',(#407),#5353,.F.);
#5468=ADVANCED_FACE('',(#408),#174,.F.);
#5469=ADVANCED_FACE('',(#409),#175,.F.);
#5470=ADVANCED_FACE('',(#410),#176,.F.);
#5471=ADVANCED_FACE('',(#411),#177,.F.);
#5472=ADVANCED_FACE('',(#412),#178,.F.);
#5473=ADVANCED_FACE('',(#413),#179,.F.);
#5474=ADVANCED_FACE('',(#414),#180,.F.);
#5475=ADVANCED_FACE('',(#415),#181,.F.);
#5476=ADVANCED_FACE('',(#416),#5354,.F.);
#5477=ADVANCED_FACE('',(#417),#5355,.F.);
#5478=ADVANCED_FACE('',(#418),#182,.F.);
#5479=ADVANCED_FACE('',(#419),#183,.F.);
#5480=ADVANCED_FACE('',(#420),#184,.F.);
#5481=ADVANCED_FACE('',(#421),#185,.F.);
#5482=ADVANCED_FACE('',(#422),#5356,.F.);
#5483=ADVANCED_FACE('',(#423),#5357,.F.);
#5484=ADVANCED_FACE('',(#424),#5358,.F.);
#5485=ADVANCED_FACE('',(#425),#5359,.F.);
#5486=ADVANCED_FACE('',(#426),#5360,.F.);
#5487=ADVANCED_FACE('',(#427),#186,.T.);
#5488=ADVANCED_FACE('',(#428),#5361,.F.);
#5489=ADVANCED_FACE('',(#429),#187,.F.);
#5490=ADVANCED_FACE('',(#430),#5362,.F.);
#5491=ADVANCED_FACE('',(#431),#5363,.F.);
#5492=ADVANCED_FACE('',(#432,#80),#188,.F.);
#5493=ADVANCED_FACE('',(#433,#81,#82,#83,#84,#85,#86,#87,#88,#89,#90,#91,
#92),#189,.T.);
#5494=ADVANCED_FACE('',(#434,#93,#94,#95,#96,#97,#98,#99,#100,#101,#102,
#103,#104),#190,.T.);
#5495=ADVANCED_FACE('',(#435),#191,.T.);
#5496=ADVANCED_FACE('',(#436),#192,.T.);
#5497=ADVANCED_FACE('',(#437),#193,.T.);
#5498=ADVANCED_FACE('',(#438),#194,.T.);
#5499=ADVANCED_FACE('',(#439),#5364,.F.);
#5500=ADVANCED_FACE('',(#440),#5365,.F.);
#5501=ADVANCED_FACE('',(#441),#195,.T.);
#5502=ADVANCED_FACE('',(#442),#196,.F.);
#5503=ADVANCED_FACE('',(#443,#105),#197,.F.);
#5504=ADVANCED_FACE('',(#444),#5366,.F.);
#5505=ADVANCED_FACE('',(#445),#5367,.F.);
#5506=ADVANCED_FACE('',(#446),#198,.T.);
#5507=ADVANCED_FACE('',(#447),#199,.T.);
#5508=ADVANCED_FACE('',(#448,#106,#107),#200,.T.);
#5509=ADVANCED_FACE('',(#449),#201,.F.);
#5510=ADVANCED_FACE('',(#450),#202,.F.);
#5511=ADVANCED_FACE('',(#451),#203,.F.);
#5512=ADVANCED_FACE('',(#452),#5368,.F.);
#5513=ADVANCED_FACE('',(#453),#5369,.F.);
#5514=ADVANCED_FACE('',(#454),#204,.T.);
#5515=ADVANCED_FACE('',(#455),#205,.T.);
#5516=ADVANCED_FACE('',(#456,#108,#109),#206,.T.);
#5517=ADVANCED_FACE('',(#457),#207,.F.);
#5518=ADVANCED_FACE('',(#458),#208,.F.);
#5519=ADVANCED_FACE('',(#459),#209,.F.);
#5520=ADVANCED_FACE('',(#460),#5370,.F.);
#5521=ADVANCED_FACE('',(#461),#210,.F.);
#5522=ADVANCED_FACE('',(#462),#5371,.F.);
#5523=ADVANCED_FACE('',(#463),#211,.F.);
#5524=ADVANCED_FACE('',(#464),#5372,.F.);
#5525=ADVANCED_FACE('',(#465),#212,.F.);
#5526=ADVANCED_FACE('',(#466),#5373,.F.);
#5527=ADVANCED_FACE('',(#467),#213,.F.);
#5528=ADVANCED_FACE('',(#468),#5374,.F.);
#5529=ADVANCED_FACE('',(#469),#214,.F.);
#5530=ADVANCED_FACE('',(#470),#5375,.F.);
#5531=ADVANCED_FACE('',(#471),#215,.F.);
#5532=ADVANCED_FACE('',(#472),#5376,.F.);
#5533=ADVANCED_FACE('',(#473),#216,.F.);
#5534=ADVANCED_FACE('',(#474),#5377,.F.);
#5535=ADVANCED_FACE('',(#475),#217,.F.);
#5536=ADVANCED_FACE('',(#476,#110),#218,.F.);
#5537=ADVANCED_FACE('',(#477),#5378,.F.);
#5538=ADVANCED_FACE('',(#478),#219,.F.);
#5539=ADVANCED_FACE('',(#479),#5379,.F.);
#5540=ADVANCED_FACE('',(#480),#220,.F.);
#5541=ADVANCED_FACE('',(#481),#5380,.F.);
#5542=ADVANCED_FACE('',(#482),#221,.F.);
#5543=ADVANCED_FACE('',(#483),#5381,.F.);
#5544=ADVANCED_FACE('',(#484),#222,.F.);
#5545=ADVANCED_FACE('',(#485),#223,.F.);
#5546=ADVANCED_FACE('',(#486),#224,.F.);
#5547=ADVANCED_FACE('',(#487),#225,.F.);
#5548=ADVANCED_FACE('',(#488),#226,.F.);
#5549=ADVANCED_FACE('',(#489,#111),#227,.F.);
#5550=ADVANCED_FACE('',(#490),#5382,.F.);
#5551=ADVANCED_FACE('',(#491),#5383,.F.);
#5552=ADVANCED_FACE('',(#492),#5384,.F.);
#5553=ADVANCED_FACE('',(#493),#5385,.F.);
#5554=ADVANCED_FACE('',(#494),#5386,.F.);
#5555=ADVANCED_FACE('',(#495,#112),#228,.T.);
#5556=ADVANCED_FACE('',(#496),#5387,.F.);
#5557=ADVANCED_FACE('',(#497,#113),#229,.T.);
#5558=ADVANCED_FACE('',(#498),#5388,.F.);
#5559=ADVANCED_FACE('',(#499,#114),#230,.T.);
#5560=ADVANCED_FACE('',(#500),#231,.T.);
#5561=ADVANCED_FACE('',(#501),#232,.T.);
#5562=ADVANCED_FACE('',(#502),#5389,.T.);
#5563=ADVANCED_FACE('',(#503),#5390,.F.);
#5564=ADVANCED_FACE('',(#504),#5391,.F.);
#5565=ADVANCED_FACE('',(#505),#5392,.F.);
#5566=ADVANCED_FACE('',(#506),#5393,.F.);
#5567=ADVANCED_FACE('',(#507,#115),#233,.T.);
#5568=ADVANCED_FACE('',(#508),#5394,.F.);
#5569=ADVANCED_FACE('',(#509,#116),#234,.T.);
#5570=ADVANCED_FACE('',(#510),#5395,.F.);
#5571=ADVANCED_FACE('',(#511,#117),#235,.T.);
#5572=ADVANCED_FACE('',(#512,#118,#119,#120),#236,.T.);
#5573=ADVANCED_FACE('',(#513),#5396,.F.);
#5574=ADVANCED_FACE('',(#514),#5397,.F.);
#5575=ADVANCED_FACE('',(#515),#5398,.F.);
#5576=ADVANCED_FACE('',(#516),#237,.T.);
#5577=ADVANCED_FACE('',(#517),#238,.T.);
#5578=ADVANCED_FACE('',(#518),#5399,.T.);
#5579=ADVANCED_FACE('',(#519),#239,.T.);
#5580=ADVANCED_FACE('',(#520,#121,#122,#123),#240,.F.);
#5581=ADVANCED_FACE('',(#521,#124,#125,#126,#127,#128),#241,.T.);
#5582=ADVANCED_FACE('',(#522),#242,.F.);
#5583=ADVANCED_FACE('',(#523,#129),#243,.F.);
#5584=ADVANCED_FACE('',(#524),#244,.T.);
#5585=ADVANCED_FACE('',(#525),#245,.T.);
#5586=ADVANCED_FACE('',(#526),#246,.T.);
#5587=ADVANCED_FACE('',(#527),#247,.T.);
#5588=ADVANCED_FACE('',(#528),#248,.T.);
#5589=ADVANCED_FACE('',(#529),#249,.T.);
#5590=ADVANCED_FACE('',(#530),#250,.T.);
#5591=ADVANCED_FACE('',(#531),#251,.T.);
#5592=ADVANCED_FACE('',(#532),#252,.T.);
#5593=ADVANCED_FACE('',(#533),#253,.T.);
#5594=ADVANCED_FACE('',(#534),#254,.T.);
#5595=ADVANCED_FACE('',(#535),#255,.T.);
#5596=ADVANCED_FACE('',(#536),#256,.T.);
#5597=ADVANCED_FACE('',(#537),#257,.T.);
#5598=ADVANCED_FACE('',(#538),#258,.T.);
#5599=ADVANCED_FACE('',(#539),#259,.T.);
#5600=ADVANCED_FACE('',(#540),#260,.T.);
#5601=ADVANCED_FACE('',(#541),#261,.T.);
#5602=ADVANCED_FACE('',(#542),#262,.T.);
#5603=ADVANCED_FACE('',(#543),#263,.T.);
#5604=ADVANCED_FACE('',(#544),#264,.T.);
#5605=ADVANCED_FACE('',(#545),#265,.T.);
#5606=ADVANCED_FACE('',(#546),#266,.T.);
#5607=ADVANCED_FACE('',(#547),#267,.T.);
#5608=ADVANCED_FACE('',(#548),#268,.T.);
#5609=ADVANCED_FACE('',(#549),#269,.T.);
#5610=ADVANCED_FACE('',(#550),#270,.T.);
#5611=ADVANCED_FACE('',(#551),#271,.T.);
#5612=ADVANCED_FACE('',(#552),#272,.T.);
#5613=ADVANCED_FACE('',(#553),#273,.T.);
#5614=ADVANCED_FACE('',(#554),#274,.T.);
#5615=ADVANCED_FACE('',(#555),#275,.T.);
#5616=ADVANCED_FACE('',(#556),#276,.T.);
#5617=ADVANCED_FACE('',(#557),#277,.T.);
#5618=ADVANCED_FACE('',(#558),#278,.T.);
#5619=ADVANCED_FACE('',(#559),#279,.T.);
#5620=ADVANCED_FACE('',(#560),#280,.T.);
#5621=ADVANCED_FACE('',(#561),#281,.T.);
#5622=ADVANCED_FACE('',(#562),#282,.T.);
#5623=ADVANCED_FACE('',(#563),#283,.T.);
#5624=ADVANCED_FACE('',(#564),#284,.T.);
#5625=ADVANCED_FACE('',(#565),#285,.T.);
#5626=ADVANCED_FACE('',(#566),#286,.T.);
#5627=ADVANCED_FACE('',(#567),#287,.T.);
#5628=ADVANCED_FACE('',(#568),#288,.T.);
#5629=ADVANCED_FACE('',(#569),#289,.T.);
#5630=ADVANCED_FACE('',(#570),#290,.T.);
#5631=ADVANCED_FACE('',(#571),#291,.T.);
#5632=ADVANCED_FACE('',(#572),#292,.T.);
#5633=ADVANCED_FACE('',(#573,#130,#131,#132,#133),#293,.F.);
#5634=ADVANCED_FACE('',(#574),#294,.F.);
#5635=ADVANCED_FACE('',(#575),#295,.F.);
#5636=ADVANCED_FACE('',(#576),#296,.F.);
#5637=ADVANCED_FACE('',(#577),#297,.F.);
#5638=ADVANCED_FACE('',(#578),#298,.F.);
#5639=ADVANCED_FACE('',(#579),#299,.F.);
#5640=ADVANCED_FACE('',(#580),#300,.F.);
#5641=ADVANCED_FACE('',(#581),#301,.F.);
#5642=ADVANCED_FACE('',(#582),#302,.F.);
#5643=ADVANCED_FACE('',(#583),#303,.F.);
#5644=ADVANCED_FACE('',(#584),#304,.F.);
#5645=ADVANCED_FACE('',(#585,#134,#135),#305,.F.);
#5646=ADVANCED_FACE('',(#586),#306,.F.);
#5647=ADVANCED_FACE('',(#587),#307,.F.);
#5648=ADVANCED_FACE('',(#588),#308,.F.);
#5649=ADVANCED_FACE('',(#589),#309,.F.);
#5650=ADVANCED_FACE('',(#590),#310,.F.);
#5651=ADVANCED_FACE('',(#591),#311,.F.);
#5652=ADVANCED_FACE('',(#592),#312,.F.);
#5653=ADVANCED_FACE('',(#593),#313,.F.);
#5654=ADVANCED_FACE('',(#594,#136,#137,#138,#139,#140),#314,.F.);
#5655=ADVANCED_FACE('',(#595),#315,.F.);
#5656=ADVANCED_FACE('',(#596),#316,.F.);
#5657=ADVANCED_FACE('',(#597),#317,.F.);
#5658=ADVANCED_FACE('',(#598),#318,.F.);
#5659=ADVANCED_FACE('',(#599),#319,.F.);
#5660=ADVANCED_FACE('',(#600),#320,.F.);
#5661=ADVANCED_FACE('',(#601),#321,.F.);
#5662=ADVANCED_FACE('',(#602),#322,.F.);
#5663=ADVANCED_FACE('',(#603),#323,.F.);
#5664=ADVANCED_FACE('',(#604),#324,.F.);
#5665=ADVANCED_FACE('',(#605),#325,.F.);
#5666=ADVANCED_FACE('',(#606),#326,.F.);
#5667=ADVANCED_FACE('',(#607),#327,.F.);
#5668=ADVANCED_FACE('',(#608),#328,.F.);
#5669=ADVANCED_FACE('',(#609),#329,.F.);
#5670=ADVANCED_FACE('',(#610),#330,.F.);
#5671=ADVANCED_FACE('',(#611),#331,.F.);
#5672=ADVANCED_FACE('',(#612),#332,.F.);
#5673=ADVANCED_FACE('',(#613),#333,.F.);
#5674=ADVANCED_FACE('',(#614),#334,.F.);
#5675=ADVANCED_FACE('',(#615),#335,.F.);
#5676=ADVANCED_FACE('',(#616),#336,.F.);
#5677=ADVANCED_FACE('',(#617),#337,.F.);
#5678=ADVANCED_FACE('',(#618),#338,.F.);
#5679=ADVANCED_FACE('',(#619),#339,.F.);
#5680=CLOSED_SHELL('',(#5400,#5401,#5402,#5403,#5404,#5405,#5406,#5407,
#5408,#5409,#5410,#5411,#5412,#5413,#5414,#5415,#5416,#5417,#5418,#5419,
#5420,#5421,#5422,#5423,#5424,#5425,#5426,#5427,#5428,#5429,#5430,#5431,
#5432,#5433,#5434,#5435,#5436,#5437,#5438,#5439,#5440,#5441,#5442,#5443,
#5444,#5445,#5446,#5447,#5448,#5449,#5450,#5451,#5452,#5453,#5454,#5455,
#5456,#5457,#5458,#5459,#5460,#5461,#5462,#5463,#5464,#5465,#5466,#5467,
#5468,#5469,#5470,#5471,#5472,#5473,#5474,#5475,#5476,#5477,#5478,#5479,
#5480,#5481,#5482,#5483,#5484,#5485,#5486,#5487,#5488,#5489,#5490,#5491,
#5492,#5493,#5494,#5495,#5496,#5497,#5498,#5499,#5500,#5501,#5502,#5503,
#5504,#5505,#5506,#5507,#5508,#5509,#5510,#5511,#5512,#5513,#5514,#5515,
#5516,#5517,#5518,#5519,#5520,#5521,#5522,#5523,#5524,#5525,#5526,#5527,
#5528,#5529,#5530,#5531,#5532,#5533,#5534,#5535,#5536,#5537,#5538,#5539,
#5540,#5541,#5542,#5543,#5544,#5545,#5546,#5547,#5548,#5549,#5550,#5551,
#5552,#5553,#5554,#5555,#5556,#5557,#5558,#5559,#5560,#5561,#5562,#5563,
#5564,#5565,#5566,#5567,#5568,#5569,#5570,#5571,#5572,#5573,#5574,#5575,
#5576,#5577,#5578,#5579,#5580,#5581,#5582,#5583,#5584,#5585,#5586,#5587,
#5588,#5589,#5590,#5591,#5592,#5593,#5594,#5595,#5596,#5597,#5598,#5599,
#5600,#5601,#5602,#5603,#5604,#5605,#5606,#5607,#5608,#5609,#5610,#5611,
#5612,#5613,#5614,#5615,#5616,#5617,#5618,#5619,#5620,#5621,#5622,#5623,
#5624,#5625,#5626,#5627,#5628,#5629,#5630,#5631,#5632,#5633,#5634,#5635,
#5636,#5637,#5638,#5639,#5640,#5641,#5642,#5643,#5644,#5645,#5646,#5647,
#5648,#5649,#5650,#5651,#5652,#5653,#5654,#5655,#5656,#5657,#5658,#5659,
#5660,#5661,#5662,#5663,#5664,#5665,#5666,#5667,#5668,#5669,#5670,#5671,
#5672,#5673,#5674,#5675,#5676,#5677,#5678,#5679));
#5681=DERIVED_UNIT_ELEMENT(#5683,1.);
#5682=DERIVED_UNIT_ELEMENT(#9286,-3.);
#5683=(
MASS_UNIT()
NAMED_UNIT(*)
SI_UNIT(.KILO.,.GRAM.)
);
#5684=DERIVED_UNIT((#5681,#5682));
#5685=MEASURE_REPRESENTATION_ITEM('density measure',
POSITIVE_RATIO_MEASURE(7850.),#5684);
#5686=PROPERTY_DEFINITION_REPRESENTATION(#5691,#5688);
#5687=PROPERTY_DEFINITION_REPRESENTATION(#5692,#5689);
#5688=REPRESENTATION('material name',(#5690),#9283);
#5689=REPRESENTATION('density',(#5685),#9283);
#5690=DESCRIPTIVE_REPRESENTATION_ITEM('Steel','Steel');
#5691=PROPERTY_DEFINITION('material property','material name',#9298);
#5692=PROPERTY_DEFINITION('material property','density of part',#9298);
#5693=AXIS2_PLACEMENT_3D('',#7652,#6137,#6138);
#5694=AXIS2_PLACEMENT_3D('',#7653,#6139,#6140);
#5695=AXIS2_PLACEMENT_3D('',#7654,#6141,#6142);
#5696=AXIS2_PLACEMENT_3D('',#7657,#6143,#6144);
#5697=AXIS2_PLACEMENT_3D('',#7661,#6146,#6147);
#5698=AXIS2_PLACEMENT_3D('',#7663,#6149,#6150);
#5699=AXIS2_PLACEMENT_3D('',#7669,#6154,#6155);
#5700=AXIS2_PLACEMENT_3D('',#7679,#6160,#6161);
#5701=AXIS2_PLACEMENT_3D('',#7683,#6163,#6164);
#5702=AXIS2_PLACEMENT_3D('',#7687,#6166,#6167);
#5703=AXIS2_PLACEMENT_3D('',#7691,#6169,#6170);
#5704=AXIS2_PLACEMENT_3D('',#7695,#6172,#6173);
#5705=AXIS2_PLACEMENT_3D('',#7699,#6175,#6176);
#5706=AXIS2_PLACEMENT_3D('',#7703,#6178,#6179);
#5707=AXIS2_PLACEMENT_3D('',#7711,#6183,#6184);
#5708=AXIS2_PLACEMENT_3D('',#7715,#6186,#6187);
#5709=AXIS2_PLACEMENT_3D('',#7747,#6203,#6204);
#5710=AXIS2_PLACEMENT_3D('',#7752,#6207,#6208);
#5711=AXIS2_PLACEMENT_3D('',#7754,#6209,#6210);
#5712=AXIS2_PLACEMENT_3D('',#7756,#6211,#6212);
#5713=AXIS2_PLACEMENT_3D('',#7758,#6213,#6214);
#5714=AXIS2_PLACEMENT_3D('',#7759,#6215,#6216);
#5715=AXIS2_PLACEMENT_3D('',#7763,#6218,#6219);
#5716=AXIS2_PLACEMENT_3D('',#7765,#6221,#6222);
#5717=AXIS2_PLACEMENT_3D('',#7769,#6225,#6226);
#5718=AXIS2_PLACEMENT_3D('',#7772,#6227,#6228);
#5719=AXIS2_PLACEMENT_3D('',#7776,#6230,#6231);
#5720=AXIS2_PLACEMENT_3D('',#7778,#6233,#6234);
#5721=AXIS2_PLACEMENT_3D('',#7801,#6247,#6248);
#5722=AXIS2_PLACEMENT_3D('',#7803,#6249,#6250);
#5723=AXIS2_PLACEMENT_3D('',#7805,#6251,#6252);
#5724=AXIS2_PLACEMENT_3D('',#7807,#6254,#6255);
#5725=AXIS2_PLACEMENT_3D('',#7809,#6256,#6257);
#5726=AXIS2_PLACEMENT_3D('',#7811,#6259,#6260);
#5727=AXIS2_PLACEMENT_3D('',#7815,#6262,#6263);
#5728=AXIS2_PLACEMENT_3D('',#7820,#6266,#6267);
#5729=AXIS2_PLACEMENT_3D('',#7822,#6268,#6269);
#5730=AXIS2_PLACEMENT_3D('',#7824,#6270,#6271);
#5731=AXIS2_PLACEMENT_3D('',#7825,#6272,#6273);
#5732=AXIS2_PLACEMENT_3D('',#7828,#6275,#6276);
#5733=AXIS2_PLACEMENT_3D('',#7829,#6277,#6278);
#5734=AXIS2_PLACEMENT_3D('',#7833,#6281,#6282);
#5735=AXIS2_PLACEMENT_3D('',#7836,#6283,#6284);
#5736=AXIS2_PLACEMENT_3D('',#7840,#6286,#6287);
#5737=AXIS2_PLACEMENT_3D('',#7842,#6289,#6290);
#5738=AXIS2_PLACEMENT_3D('',#7846,#6292,#6293);
#5739=AXIS2_PLACEMENT_3D('',#7848,#6295,#6296);
#5740=AXIS2_PLACEMENT_3D('',#7856,#6300,#6301);
#5741=AXIS2_PLACEMENT_3D('',#7858,#6303,#6304);
#5742=AXIS2_PLACEMENT_3D('',#7861,#6305,#6306);
#5743=AXIS2_PLACEMENT_3D('',#7864,#6308,#6309);
#5744=AXIS2_PLACEMENT_3D('',#7866,#6310,#6311);
#5745=AXIS2_PLACEMENT_3D('',#7868,#6313,#6314);
#5746=AXIS2_PLACEMENT_3D('',#7872,#6316,#6317);
#5747=AXIS2_PLACEMENT_3D('',#7877,#6321,#6322);
#5748=AXIS2_PLACEMENT_3D('',#7886,#6327,#6328);
#5749=AXIS2_PLACEMENT_3D('',#7894,#6333,#6334);
#5750=AXIS2_PLACEMENT_3D('',#7897,#6336,#6337);
#5751=AXIS2_PLACEMENT_3D('',#7898,#6338,#6339);
#5752=AXIS2_PLACEMENT_3D('',#7899,#6340,#6341);
#5753=AXIS2_PLACEMENT_3D('',#7903,#6344,#6345);
#5754=AXIS2_PLACEMENT_3D('',#7908,#6348,#6349);
#5755=AXIS2_PLACEMENT_3D('',#7910,#6350,#6351);
#5756=AXIS2_PLACEMENT_3D('',#7912,#6352,#6353);
#5757=AXIS2_PLACEMENT_3D('',#7914,#6354,#6355);
#5758=AXIS2_PLACEMENT_3D('',#7915,#6356,#6357);
#5759=AXIS2_PLACEMENT_3D('',#7917,#6358,#6359);
#5760=AXIS2_PLACEMENT_3D('',#7919,#6361,#6362);
#5761=AXIS2_PLACEMENT_3D('',#7923,#6364,#6365);
#5762=AXIS2_PLACEMENT_3D('',#7927,#6367,#6368);
#5763=AXIS2_PLACEMENT_3D('',#7931,#6370,#6371);
#5764=AXIS2_PLACEMENT_3D('',#7935,#6373,#6374);
#5765=AXIS2_PLACEMENT_3D('',#7939,#6376,#6377);
#5766=AXIS2_PLACEMENT_3D('',#7942,#6379,#6380);
#5767=AXIS2_PLACEMENT_3D('',#7960,#6389,#6390);
#5768=AXIS2_PLACEMENT_3D('',#7962,#6391,#6392);
#5769=AXIS2_PLACEMENT_3D('',#7972,#6397,#6398);
#5770=AXIS2_PLACEMENT_3D('',#7974,#6399,#6400);
#5771=AXIS2_PLACEMENT_3D('',#7976,#6401,#6402);
#5772=AXIS2_PLACEMENT_3D('',#7978,#6403,#6404);
#5773=AXIS2_PLACEMENT_3D('',#7980,#6405,#6406);
#5774=AXIS2_PLACEMENT_3D('',#7982,#6407,#6408);
#5775=AXIS2_PLACEMENT_3D('',#7983,#6409,#6410);
#5776=AXIS2_PLACEMENT_3D('',#7986,#6413,#6414);
#5777=AXIS2_PLACEMENT_3D('',#8084,#6464,#6465);
#5778=AXIS2_PLACEMENT_3D('',#8086,#6467,#6468);
#5779=AXIS2_PLACEMENT_3D('',#8089,#6470,#6471);
#5780=AXIS2_PLACEMENT_3D('',#8091,#6472,#6473);
#5781=AXIS2_PLACEMENT_3D('',#8092,#6474,#6475);
#5782=AXIS2_PLACEMENT_3D('',#8094,#6477,#6478);
#5783=AXIS2_PLACEMENT_3D('',#8097,#6481,#6482);
#5784=AXIS2_PLACEMENT_3D('',#8102,#6485,#6486);
#5785=AXIS2_PLACEMENT_3D('',#8106,#6488,#6489);
#5786=AXIS2_PLACEMENT_3D('',#8112,#6492,#6493);
#5787=AXIS2_PLACEMENT_3D('',#8116,#6495,#6496);
#5788=AXIS2_PLACEMENT_3D('',#8120,#6498,#6499);
#5789=AXIS2_PLACEMENT_3D('',#8123,#6501,#6502);
#5790=AXIS2_PLACEMENT_3D('',#8124,#6503,#6504);
#5791=AXIS2_PLACEMENT_3D('',#8126,#6506,#6507);
#5792=AXIS2_PLACEMENT_3D('',#8129,#6508,#6509);
#5793=AXIS2_PLACEMENT_3D('',#8131,#6510,#6511);
#5794=AXIS2_PLACEMENT_3D('',#8137,#6512,#6513);
#5795=AXIS2_PLACEMENT_3D('',#8138,#6514,#6515);
#5796=AXIS2_PLACEMENT_3D('',#8141,#6516,#6517);
#5797=AXIS2_PLACEMENT_3D('',#8144,#6520,#6521);
#5798=AXIS2_PLACEMENT_3D('',#8148,#6523,#6524);
#5799=AXIS2_PLACEMENT_3D('',#8150,#6526,#6527);
#5800=AXIS2_PLACEMENT_3D('',#8154,#6530,#6531);
#5801=AXIS2_PLACEMENT_3D('',#8158,#6533,#6534);
#5802=AXIS2_PLACEMENT_3D('',#8162,#6536,#6537);
#5803=AXIS2_PLACEMENT_3D('',#8165,#6539,#6540);
#5804=AXIS2_PLACEMENT_3D('',#8167,#6541,#6542);
#5805=AXIS2_PLACEMENT_3D('',#8169,#6543,#6544);
#5806=AXIS2_PLACEMENT_3D('',#8170,#6545,#6546);
#5807=AXIS2_PLACEMENT_3D('',#8173,#6548,#6549);
#5808=AXIS2_PLACEMENT_3D('',#8174,#6550,#6551);
#5809=AXIS2_PLACEMENT_3D('',#8176,#6552,#6553);
#5810=AXIS2_PLACEMENT_3D('',#8186,#6554,#6555);
#5811=AXIS2_PLACEMENT_3D('',#8190,#6558,#6559);
#5812=AXIS2_PLACEMENT_3D('',#8194,#6561,#6562);
#5813=AXIS2_PLACEMENT_3D('',#8196,#6564,#6565);
#5814=AXIS2_PLACEMENT_3D('',#8198,#6567,#6568);
#5815=AXIS2_PLACEMENT_3D('',#8201,#6570,#6571);
#5816=AXIS2_PLACEMENT_3D('',#8202,#6572,#6573);
#5817=AXIS2_PLACEMENT_3D('',#8206,#6576,#6577);
#5818=AXIS2_PLACEMENT_3D('',#8269,#6600,#6601);
#5819=AXIS2_PLACEMENT_3D('',#8271,#6602,#6603);
#5820=AXIS2_PLACEMENT_3D('',#8281,#6608,#6609);
#5821=AXIS2_PLACEMENT_3D('',#8283,#6610,#6611);
#5822=AXIS2_PLACEMENT_3D('',#8300,#6620,#6621);
#5823=AXIS2_PLACEMENT_3D('',#8303,#6622,#6623);
#5824=AXIS2_PLACEMENT_3D('',#8307,#6625,#6626);
#5825=AXIS2_PLACEMENT_3D('',#8309,#6628,#6629);
#5826=AXIS2_PLACEMENT_3D('',#8316,#6634,#6635);
#5827=AXIS2_PLACEMENT_3D('',#8317,#6636,#6637);
#5828=AXIS2_PLACEMENT_3D('',#8320,#6639,#6640);
#5829=AXIS2_PLACEMENT_3D('',#8322,#6641,#6642);
#5830=AXIS2_PLACEMENT_3D('',#8323,#6643,#6644);
#5831=AXIS2_PLACEMENT_3D('',#8326,#6645,#6646);
#5832=AXIS2_PLACEMENT_3D('',#8327,#6647,#6648);
#5833=AXIS2_PLACEMENT_3D('',#8328,#6649,#6650);
#5834=AXIS2_PLACEMENT_3D('',#8329,#6651,#6652);
#5835=AXIS2_PLACEMENT_3D('',#8330,#6653,#6654);
#5836=AXIS2_PLACEMENT_3D('',#8331,#6655,#6656);
#5837=AXIS2_PLACEMENT_3D('',#8333,#6658,#6659);
#5838=AXIS2_PLACEMENT_3D('',#8334,#6660,#6661);
#5839=AXIS2_PLACEMENT_3D('',#8335,#6662,#6663);
#5840=AXIS2_PLACEMENT_3D('',#8336,#6664,#6665);
#5841=AXIS2_PLACEMENT_3D('',#8337,#6666,#6667);
#5842=AXIS2_PLACEMENT_3D('',#8338,#6668,#6669);
#5843=AXIS2_PLACEMENT_3D('',#8339,#6670,#6671);
#5844=AXIS2_PLACEMENT_3D('',#8341,#6673,#6674);
#5845=AXIS2_PLACEMENT_3D('',#8343,#6676,#6677);
#5846=AXIS2_PLACEMENT_3D('',#8344,#6678,#6679);
#5847=AXIS2_PLACEMENT_3D('',#8345,#6680,#6681);
#5848=AXIS2_PLACEMENT_3D('',#8348,#6682,#6683);
#5849=AXIS2_PLACEMENT_3D('',#8351,#6686,#6687);
#5850=AXIS2_PLACEMENT_3D('',#8355,#6690,#6691);
#5851=AXIS2_PLACEMENT_3D('',#8357,#6692,#6693);
#5852=AXIS2_PLACEMENT_3D('',#8359,#6695,#6696);
#5853=AXIS2_PLACEMENT_3D('',#8361,#6698,#6699);
#5854=AXIS2_PLACEMENT_3D('',#8363,#6701,#6702);
#5855=AXIS2_PLACEMENT_3D('',#8366,#6704,#6705);
#5856=AXIS2_PLACEMENT_3D('',#8367,#6706,#6707);
#5857=AXIS2_PLACEMENT_3D('',#8368,#6708,#6709);
#5858=AXIS2_PLACEMENT_3D('',#8371,#6711,#6712);
#5859=AXIS2_PLACEMENT_3D('',#8372,#6713,#6714);
#5860=AXIS2_PLACEMENT_3D('',#8373,#6715,#6716);
#5861=AXIS2_PLACEMENT_3D('',#8374,#6717,#6718);
#5862=AXIS2_PLACEMENT_3D('',#8376,#6720,#6721);
#5863=AXIS2_PLACEMENT_3D('',#8379,#6724,#6725);
#5864=AXIS2_PLACEMENT_3D('',#8381,#6727,#6728);
#5865=AXIS2_PLACEMENT_3D('',#8383,#6730,#6731);
#5866=AXIS2_PLACEMENT_3D('',#8384,#6732,#6733);
#5867=AXIS2_PLACEMENT_3D('',#8387,#6736,#6737);
#5868=AXIS2_PLACEMENT_3D('',#8389,#6739,#6740);
#5869=AXIS2_PLACEMENT_3D('',#8391,#6742,#6743);
#5870=AXIS2_PLACEMENT_3D('',#8392,#6744,#6745);
#5871=AXIS2_PLACEMENT_3D('',#8394,#6747,#6748);
#5872=AXIS2_PLACEMENT_3D('',#8396,#6750,#6751);
#5873=AXIS2_PLACEMENT_3D('',#8399,#6754,#6755);
#5874=AXIS2_PLACEMENT_3D('',#8401,#6757,#6758);
#5875=AXIS2_PLACEMENT_3D('',#8403,#6760,#6761);
#5876=AXIS2_PLACEMENT_3D('',#8404,#6762,#6763);
#5877=AXIS2_PLACEMENT_3D('',#8406,#6765,#6766);
#5878=AXIS2_PLACEMENT_3D('',#8408,#6768,#6769);
#5879=AXIS2_PLACEMENT_3D('',#8411,#6771,#6772);
#5880=AXIS2_PLACEMENT_3D('',#8412,#6773,#6774);
#5881=AXIS2_PLACEMENT_3D('',#8415,#6776,#6777);
#5882=AXIS2_PLACEMENT_3D('',#8416,#6778,#6779);
#5883=AXIS2_PLACEMENT_3D('',#8418,#6781,#6782);
#5884=AXIS2_PLACEMENT_3D('',#8420,#6784,#6785);
#5885=AXIS2_PLACEMENT_3D('',#8422,#6787,#6788);
#5886=AXIS2_PLACEMENT_3D('',#8424,#6790,#6791);
#5887=AXIS2_PLACEMENT_3D('',#8426,#6793,#6794);
#5888=AXIS2_PLACEMENT_3D('',#8428,#6796,#6797);
#5889=AXIS2_PLACEMENT_3D('',#8433,#6799,#6800);
#5890=AXIS2_PLACEMENT_3D('',#8437,#6802,#6803);
#5891=AXIS2_PLACEMENT_3D('',#8441,#6805,#6806);
#5892=AXIS2_PLACEMENT_3D('',#8444,#6808,#6809);
#5893=AXIS2_PLACEMENT_3D('',#8445,#6810,#6811);
#5894=AXIS2_PLACEMENT_3D('',#8542,#6860,#6861);
#5895=AXIS2_PLACEMENT_3D('',#8639,#6910,#6911);
#5896=AXIS2_PLACEMENT_3D('',#8648,#6916,#6917);
#5897=AXIS2_PLACEMENT_3D('',#8657,#6922,#6923);
#5898=AXIS2_PLACEMENT_3D('',#8666,#6928,#6929);
#5899=AXIS2_PLACEMENT_3D('',#8677,#6935,#6936);
#5900=AXIS2_PLACEMENT_3D('',#8679,#6937,#6938);
#5901=AXIS2_PLACEMENT_3D('',#8682,#6940,#6941);
#5902=AXIS2_PLACEMENT_3D('',#8683,#6942,#6943);
#5903=AXIS2_PLACEMENT_3D('',#8685,#6944,#6945);
#5904=AXIS2_PLACEMENT_3D('',#8688,#6947,#6948);
#5905=AXIS2_PLACEMENT_3D('',#8689,#6949,#6950);
#5906=AXIS2_PLACEMENT_3D('',#8692,#6953,#6954);
#5907=AXIS2_PLACEMENT_3D('',#8693,#6955,#6956);
#5908=AXIS2_PLACEMENT_3D('',#8695,#6958,#6959);
#5909=AXIS2_PLACEMENT_3D('',#8697,#6960,#6961);
#5910=AXIS2_PLACEMENT_3D('',#8700,#6963,#6964);
#5911=AXIS2_PLACEMENT_3D('',#8701,#6965,#6966);
#5912=AXIS2_PLACEMENT_3D('',#8703,#6967,#6968);
#5913=AXIS2_PLACEMENT_3D('',#8706,#6970,#6971);
#5914=AXIS2_PLACEMENT_3D('',#8707,#6972,#6973);
#5915=AXIS2_PLACEMENT_3D('',#8710,#6976,#6977);
#5916=AXIS2_PLACEMENT_3D('',#8712,#6979,#6980);
#5917=AXIS2_PLACEMENT_3D('',#8713,#6981,#6982);
#5918=AXIS2_PLACEMENT_3D('',#8714,#6983,#6984);
#5919=AXIS2_PLACEMENT_3D('',#8716,#6986,#6987);
#5920=AXIS2_PLACEMENT_3D('',#8717,#6988,#6989);
#5921=AXIS2_PLACEMENT_3D('',#8719,#6990,#6991);
#5922=AXIS2_PLACEMENT_3D('',#8722,#6993,#6994);
#5923=AXIS2_PLACEMENT_3D('',#8723,#6995,#6996);
#5924=AXIS2_PLACEMENT_3D('',#8725,#6997,#6998);
#5925=AXIS2_PLACEMENT_3D('',#8728,#7000,#7001);
#5926=AXIS2_PLACEMENT_3D('',#8729,#7002,#7003);
#5927=AXIS2_PLACEMENT_3D('',#8732,#7006,#7007);
#5928=AXIS2_PLACEMENT_3D('',#8734,#7009,#7010);
#5929=AXIS2_PLACEMENT_3D('',#8735,#7011,#7012);
#5930=AXIS2_PLACEMENT_3D('',#8736,#7013,#7014);
#5931=AXIS2_PLACEMENT_3D('',#8737,#7015,#7016);
#5932=AXIS2_PLACEMENT_3D('',#8738,#7017,#7018);
#5933=AXIS2_PLACEMENT_3D('',#8741,#7019,#7020);
#5934=AXIS2_PLACEMENT_3D('',#8744,#7023,#7024);
#5935=AXIS2_PLACEMENT_3D('',#8748,#7027,#7028);
#5936=AXIS2_PLACEMENT_3D('',#8751,#7029,#7030);
#5937=AXIS2_PLACEMENT_3D('',#8754,#7033,#7034);
#5938=AXIS2_PLACEMENT_3D('',#8756,#7036,#7037);
#5939=AXIS2_PLACEMENT_3D('',#8759,#7038,#7039);
#5940=AXIS2_PLACEMENT_3D('',#8762,#7042,#7043);
#5941=AXIS2_PLACEMENT_3D('',#8764,#7045,#7046);
#5942=AXIS2_PLACEMENT_3D('',#8766,#7047,#7048);
#5943=AXIS2_PLACEMENT_3D('',#8768,#7050,#7051);
#5944=AXIS2_PLACEMENT_3D('',#8770,#7053,#7054);
#5945=AXIS2_PLACEMENT_3D('',#8773,#7055,#7056);
#5946=AXIS2_PLACEMENT_3D('',#8776,#7059,#7060);
#5947=AXIS2_PLACEMENT_3D('',#8780,#7063,#7064);
#5948=AXIS2_PLACEMENT_3D('',#8783,#7065,#7066);
#5949=AXIS2_PLACEMENT_3D('',#8786,#7069,#7070);
#5950=AXIS2_PLACEMENT_3D('',#8790,#7073,#7074);
#5951=AXIS2_PLACEMENT_3D('',#8792,#7075,#7076);
#5952=AXIS2_PLACEMENT_3D('',#8794,#7078,#7079);
#5953=AXIS2_PLACEMENT_3D('',#8796,#7081,#7082);
#5954=AXIS2_PLACEMENT_3D('',#8798,#7083,#7084);
#5955=AXIS2_PLACEMENT_3D('',#8800,#7086,#7087);
#5956=AXIS2_PLACEMENT_3D('',#8802,#7089,#7090);
#5957=AXIS2_PLACEMENT_3D('',#8803,#7091,#7092);
#5958=AXIS2_PLACEMENT_3D('',#8806,#7093,#7094);
#5959=AXIS2_PLACEMENT_3D('',#8810,#7096,#7097);
#5960=AXIS2_PLACEMENT_3D('',#8812,#7099,#7100);
#5961=AXIS2_PLACEMENT_3D('',#8818,#7104,#7105);
#5962=AXIS2_PLACEMENT_3D('',#8820,#7106,#7107);
#5963=AXIS2_PLACEMENT_3D('',#8823,#7109,#7110);
#5964=AXIS2_PLACEMENT_3D('',#8824,#7111,#7112);
#5965=AXIS2_PLACEMENT_3D('',#8830,#7116,#7117);
#5966=AXIS2_PLACEMENT_3D('',#8833,#7118,#7119);
#5967=AXIS2_PLACEMENT_3D('',#8837,#7121,#7122);
#5968=AXIS2_PLACEMENT_3D('',#8839,#7124,#7125);
#5969=AXIS2_PLACEMENT_3D('',#8842,#7128,#7129);
#5970=AXIS2_PLACEMENT_3D('',#8844,#7130,#7131);
#5971=AXIS2_PLACEMENT_3D('',#8847,#7133,#7134);
#5972=AXIS2_PLACEMENT_3D('',#8848,#7135,#7136);
#5973=AXIS2_PLACEMENT_3D('',#8851,#7139,#7140);
#5974=AXIS2_PLACEMENT_3D('',#8860,#7145,#7146);
#5975=AXIS2_PLACEMENT_3D('',#8866,#7150,#7151);
#5976=AXIS2_PLACEMENT_3D('',#8872,#7155,#7156);
#5977=AXIS2_PLACEMENT_3D('',#8875,#7159,#7160);
#5978=AXIS2_PLACEMENT_3D('',#8876,#7161,#7162);
#5979=AXIS2_PLACEMENT_3D('',#8878,#7163,#7164);
#5980=AXIS2_PLACEMENT_3D('',#8881,#7166,#7167);
#5981=AXIS2_PLACEMENT_3D('',#8882,#7168,#7169);
#5982=AXIS2_PLACEMENT_3D('',#8884,#7170,#7171);
#5983=AXIS2_PLACEMENT_3D('',#8887,#7173,#7174);
#5984=AXIS2_PLACEMENT_3D('',#8888,#7175,#7176);
#5985=AXIS2_PLACEMENT_3D('',#8890,#7177,#7178);
#5986=AXIS2_PLACEMENT_3D('',#8893,#7180,#7181);
#5987=AXIS2_PLACEMENT_3D('',#8894,#7182,#7183);
#5988=AXIS2_PLACEMENT_3D('',#8896,#7184,#7185);
#5989=AXIS2_PLACEMENT_3D('',#8899,#7187,#7188);
#5990=AXIS2_PLACEMENT_3D('',#8900,#7189,#7190);
#5991=AXIS2_PLACEMENT_3D('',#8903,#7192,#7193);
#5992=AXIS2_PLACEMENT_3D('',#8904,#7194,#7195);
#5993=AXIS2_PLACEMENT_3D('',#8906,#7196,#7197);
#5994=AXIS2_PLACEMENT_3D('',#8907,#7198,#7199);
#5995=AXIS2_PLACEMENT_3D('',#8910,#7201,#7202);
#5996=AXIS2_PLACEMENT_3D('',#8911,#7203,#7204);
#5997=AXIS2_PLACEMENT_3D('',#8913,#7205,#7206);
#5998=AXIS2_PLACEMENT_3D('',#8914,#7207,#7208);
#5999=AXIS2_PLACEMENT_3D('',#8917,#7210,#7211);
#6000=AXIS2_PLACEMENT_3D('',#8918,#7212,#7213);
#6001=AXIS2_PLACEMENT_3D('',#8920,#7214,#7215);
#6002=AXIS2_PLACEMENT_3D('',#8921,#7216,#7217);
#6003=AXIS2_PLACEMENT_3D('',#8924,#7220,#7221);
#6004=AXIS2_PLACEMENT_3D('',#8925,#7222,#7223);
#6005=AXIS2_PLACEMENT_3D('',#8926,#7224,#7225);
#6006=AXIS2_PLACEMENT_3D('',#8928,#7227,#7228);
#6007=AXIS2_PLACEMENT_3D('',#8930,#7230,#7231);
#6008=AXIS2_PLACEMENT_3D('',#8932,#7233,#7234);
#6009=AXIS2_PLACEMENT_3D('',#8934,#7235,#7236);
#6010=AXIS2_PLACEMENT_3D('',#8937,#7238,#7239);
#6011=AXIS2_PLACEMENT_3D('',#8938,#7240,#7241);
#6012=AXIS2_PLACEMENT_3D('',#8940,#7242,#7243);
#6013=AXIS2_PLACEMENT_3D('',#8941,#7244,#7245);
#6014=AXIS2_PLACEMENT_3D('',#8943,#7246,#7247);
#6015=AXIS2_PLACEMENT_3D('',#8946,#7249,#7250);
#6016=AXIS2_PLACEMENT_3D('',#8947,#7251,#7252);
#6017=AXIS2_PLACEMENT_3D('',#8949,#7253,#7254);
#6018=AXIS2_PLACEMENT_3D('',#8950,#7255,#7256);
#6019=AXIS2_PLACEMENT_3D('',#8952,#7257,#7258);
#6020=AXIS2_PLACEMENT_3D('',#8955,#7260,#7261);
#6021=AXIS2_PLACEMENT_3D('',#8956,#7262,#7263);
#6022=AXIS2_PLACEMENT_3D('',#8958,#7264,#7265);
#6023=AXIS2_PLACEMENT_3D('',#8959,#7266,#7267);
#6024=AXIS2_PLACEMENT_3D('',#8965,#7270,#7271);
#6025=AXIS2_PLACEMENT_3D('',#8967,#7273,#7274);
#6026=AXIS2_PLACEMENT_3D('',#8969,#7275,#7276);
#6027=AXIS2_PLACEMENT_3D('',#8971,#7278,#7279);
#6028=AXIS2_PLACEMENT_3D('',#8973,#7280,#7281);
#6029=AXIS2_PLACEMENT_3D('',#8975,#7283,#7284);
#6030=AXIS2_PLACEMENT_3D('',#8977,#7285,#7286);
#6031=AXIS2_PLACEMENT_3D('',#8979,#7288,#7289);
#6032=AXIS2_PLACEMENT_3D('',#8983,#7292,#7293);
#6033=AXIS2_PLACEMENT_3D('',#8987,#7296,#7297);
#6034=AXIS2_PLACEMENT_3D('',#8989,#7298,#7299);
#6035=AXIS2_PLACEMENT_3D('',#8991,#7301,#7302);
#6036=AXIS2_PLACEMENT_3D('',#8993,#7304,#7305);
#6037=AXIS2_PLACEMENT_3D('',#8994,#7306,#7307);
#6038=AXIS2_PLACEMENT_3D('',#9001,#7314,#7315);
#6039=AXIS2_PLACEMENT_3D('',#9002,#7316,#7317);
#6040=AXIS2_PLACEMENT_3D('',#9003,#7318,#7319);
#6041=AXIS2_PLACEMENT_3D('',#9004,#7320,#7321);
#6042=AXIS2_PLACEMENT_3D('',#9007,#7324,#7325);
#6043=AXIS2_PLACEMENT_3D('',#9010,#7328,#7329);
#6044=AXIS2_PLACEMENT_3D('',#9013,#7332,#7333);
#6045=AXIS2_PLACEMENT_3D('',#9016,#7336,#7337);
#6046=AXIS2_PLACEMENT_3D('',#9019,#7340,#7341);
#6047=AXIS2_PLACEMENT_3D('',#9022,#7344,#7345);
#6048=AXIS2_PLACEMENT_3D('',#9025,#7348,#7349);
#6049=AXIS2_PLACEMENT_3D('',#9028,#7352,#7353);
#6050=AXIS2_PLACEMENT_3D('',#9031,#7356,#7357);
#6051=AXIS2_PLACEMENT_3D('',#9034,#7360,#7361);
#6052=AXIS2_PLACEMENT_3D('',#9037,#7364,#7365);
#6053=AXIS2_PLACEMENT_3D('',#9039,#7367,#7368);
#6054=AXIS2_PLACEMENT_3D('',#9042,#7371,#7372);
#6055=AXIS2_PLACEMENT_3D('',#9045,#7375,#7376);
#6056=AXIS2_PLACEMENT_3D('',#9048,#7379,#7380);
#6057=AXIS2_PLACEMENT_3D('',#9050,#7382,#7383);
#6058=AXIS2_PLACEMENT_3D('',#9053,#7386,#7387);
#6059=AXIS2_PLACEMENT_3D('',#9056,#7390,#7391);
#6060=AXIS2_PLACEMENT_3D('',#9058,#7393,#7394);
#6061=AXIS2_PLACEMENT_3D('',#9061,#7397,#7398);
#6062=AXIS2_PLACEMENT_3D('',#9064,#7401,#7402);
#6063=AXIS2_PLACEMENT_3D('',#9067,#7405,#7406);
#6064=AXIS2_PLACEMENT_3D('',#9070,#7409,#7410);
#6065=AXIS2_PLACEMENT_3D('',#9072,#7412,#7413);
#6066=AXIS2_PLACEMENT_3D('',#9075,#7416,#7417);
#6067=AXIS2_PLACEMENT_3D('',#9078,#7420,#7421);
#6068=AXIS2_PLACEMENT_3D('',#9079,#7422,#7423);
#6069=AXIS2_PLACEMENT_3D('',#9080,#7424,#7425);
#6070=AXIS2_PLACEMENT_3D('',#9081,#7426,#7427);
#6071=AXIS2_PLACEMENT_3D('',#9082,#7428,#7429);
#6072=AXIS2_PLACEMENT_3D('',#9083,#7430,#7431);
#6073=AXIS2_PLACEMENT_3D('',#9084,#7432,#7433);
#6074=AXIS2_PLACEMENT_3D('',#9085,#7434,#7435);
#6075=AXIS2_PLACEMENT_3D('',#9086,#7436,#7437);
#6076=AXIS2_PLACEMENT_3D('',#9087,#7438,#7439);
#6077=AXIS2_PLACEMENT_3D('',#9088,#7440,#7441);
#6078=AXIS2_PLACEMENT_3D('',#9089,#7442,#7443);
#6079=AXIS2_PLACEMENT_3D('',#9090,#7444,#7445);
#6080=AXIS2_PLACEMENT_3D('',#9091,#7446,#7447);
#6081=AXIS2_PLACEMENT_3D('',#9092,#7448,#7449);
#6082=AXIS2_PLACEMENT_3D('',#9093,#7450,#7451);
#6083=AXIS2_PLACEMENT_3D('',#9094,#7452,#7453);
#6084=AXIS2_PLACEMENT_3D('',#9095,#7454,#7455);
#6085=AXIS2_PLACEMENT_3D('',#9096,#7456,#7457);
#6086=AXIS2_PLACEMENT_3D('',#9097,#7458,#7459);
#6087=AXIS2_PLACEMENT_3D('',#9098,#7460,#7461);
#6088=AXIS2_PLACEMENT_3D('',#9099,#7462,#7463);
#6089=AXIS2_PLACEMENT_3D('',#9100,#7464,#7465);
#6090=AXIS2_PLACEMENT_3D('',#9184,#7510,#7511);
#6091=AXIS2_PLACEMENT_3D('',#9187,#7514,#7515);
#6092=AXIS2_PLACEMENT_3D('',#9190,#7518,#7519);
#6093=AXIS2_PLACEMENT_3D('',#9193,#7522,#7523);
#6094=AXIS2_PLACEMENT_3D('',#9196,#7526,#7527);
#6095=AXIS2_PLACEMENT_3D('',#9199,#7530,#7531);
#6096=AXIS2_PLACEMENT_3D('',#9202,#7534,#7535);
#6097=AXIS2_PLACEMENT_3D('',#9205,#7538,#7539);
#6098=AXIS2_PLACEMENT_3D('',#9208,#7542,#7543);
#6099=AXIS2_PLACEMENT_3D('',#9211,#7546,#7547);
#6100=AXIS2_PLACEMENT_3D('',#9214,#7550,#7551);
#6101=AXIS2_PLACEMENT_3D('',#9217,#7554,#7555);
#6102=AXIS2_PLACEMENT_3D('',#9225,#7563,#7564);
#6103=AXIS2_PLACEMENT_3D('',#9227,#7566,#7567);
#6104=AXIS2_PLACEMENT_3D('',#9230,#7570,#7571);
#6105=AXIS2_PLACEMENT_3D('',#9233,#7574,#7575);
#6106=AXIS2_PLACEMENT_3D('',#9235,#7577,#7578);
#6107=AXIS2_PLACEMENT_3D('',#9238,#7581,#7582);
#6108=AXIS2_PLACEMENT_3D('',#9241,#7585,#7586);
#6109=AXIS2_PLACEMENT_3D('',#9244,#7589,#7590);
#6110=AXIS2_PLACEMENT_3D('',#9247,#7593,#7594);
#6111=AXIS2_PLACEMENT_3D('',#9248,#7595,#7596);
#6112=AXIS2_PLACEMENT_3D('',#9250,#7598,#7599);
#6113=AXIS2_PLACEMENT_3D('',#9253,#7602,#7603);
#6114=AXIS2_PLACEMENT_3D('',#9256,#7606,#7607);
#6115=AXIS2_PLACEMENT_3D('',#9257,#7608,#7609);
#6116=AXIS2_PLACEMENT_3D('',#9258,#7610,#7611);
#6117=AXIS2_PLACEMENT_3D('',#9259,#7612,#7613);
#6118=AXIS2_PLACEMENT_3D('',#9260,#7614,#7615);
#6119=AXIS2_PLACEMENT_3D('',#9261,#7616,#7617);
#6120=AXIS2_PLACEMENT_3D('',#9262,#7618,#7619);
#6121=AXIS2_PLACEMENT_3D('',#9263,#7620,#7621);
#6122=AXIS2_PLACEMENT_3D('',#9264,#7622,#7623);
#6123=AXIS2_PLACEMENT_3D('',#9265,#7624,#7625);
#6124=AXIS2_PLACEMENT_3D('',#9266,#7626,#7627);
#6125=AXIS2_PLACEMENT_3D('',#9267,#7628,#7629);
#6126=AXIS2_PLACEMENT_3D('',#9268,#7630,#7631);
#6127=AXIS2_PLACEMENT_3D('',#9269,#7632,#7633);
#6128=AXIS2_PLACEMENT_3D('',#9270,#7634,#7635);
#6129=AXIS2_PLACEMENT_3D('',#9271,#7636,#7637);
#6130=AXIS2_PLACEMENT_3D('',#9272,#7638,#7639);
#6131=AXIS2_PLACEMENT_3D('',#9273,#7640,#7641);
#6132=AXIS2_PLACEMENT_3D('',#9274,#7642,#7643);
#6133=AXIS2_PLACEMENT_3D('',#9275,#7644,#7645);
#6134=AXIS2_PLACEMENT_3D('',#9276,#7646,#7647);
#6135=AXIS2_PLACEMENT_3D('',#9277,#7648,#7649);
#6136=AXIS2_PLACEMENT_3D('',#9278,#7650,#7651);
#6137=DIRECTION('axis',(0.,0.,1.));
#6138=DIRECTION('refdir',(1.,0.,0.));
#6139=DIRECTION('axis',(0.,0.,1.));
#6140=DIRECTION('refdir',(1.,0.,0.));
#6141=DIRECTION('center_axis',(-1.4977346415704E-27,1.89156119808557E-16,
-1.));
#6142=DIRECTION('ref_axis',(0.70710678118756,-0.707106781185535,0.));
#6143=DIRECTION('center_axis',(-1.37963714527806E-12,1.71069076921917E-15,
1.));
#6144=DIRECTION('ref_axis',(0.70710678118756,-0.707106781185535,0.));
#6145=DIRECTION('',(1.4977346415704E-27,-1.89156119808557E-16,1.));
#6146=DIRECTION('center_axis',(-1.01894273770657E-15,1.67580833905603E-15,
1.));
#6147=DIRECTION('ref_axis',(0.70710678118756,-0.707106781185535,0.));
#6148=DIRECTION('',(-1.4977346415704E-27,1.89156119808557E-16,-1.));
#6149=DIRECTION('center_axis',(1.,1.42846865267996E-12,-1.2275310539613E-27));
#6150=DIRECTION('ref_axis',(1.42846865267996E-12,-1.,-2.69998957697701E-16));
#6151=DIRECTION('',(-1.42846865267996E-12,1.,1.96464171558915E-24));
#6152=DIRECTION('',(-1.2275310539613E-27,-5.45133295820086E-42,-1.));
#6153=DIRECTION('',(-1.42846865267996E-12,1.,-1.67580833905749E-15));
#6154=DIRECTION('center_axis',(-1.37963714527806E-12,1.71069076921917E-15,
1.));
#6155=DIRECTION('ref_axis',(1.,-1.42791504553489E-12,1.37963714527806E-12));
#6156=DIRECTION('',(1.,1.43438984214463E-12,-1.37963714527806E-12));
#6157=DIRECTION('',(-2.56205313375036E-16,-1.,0.));
#6158=DIRECTION('',(-1.,0.,-1.37963714527806E-12));
#6159=DIRECTION('',(2.22044604925031E-15,-1.,-3.06340984863165E-27));
#6160=DIRECTION('center_axis',(-1.37963714527806E-12,1.71069076921917E-15,
1.));
#6161=DIRECTION('ref_axis',(-0.70710678118655,0.707106781186545,0.));
#6162=DIRECTION('',(-1.,-2.40698758726432E-15,-1.37963714527806E-12));
#6163=DIRECTION('center_axis',(-1.37963714527806E-12,1.71069076921917E-15,
1.));
#6164=DIRECTION('ref_axis',(0.707106781187054,0.707106781186041,-4.18691322315975E-15));
#6165=DIRECTION('',(-1.48029736616688E-15,1.,-1.71069076922121E-15));
#6166=DIRECTION('center_axis',(-1.37963714527806E-12,1.71069076921917E-15,
1.));
#6167=DIRECTION('ref_axis',(0.707106781185538,-0.707106781187556,0.));
#6168=DIRECTION('',(-1.,2.86137819745842E-12,1.37963714527806E-12));
#6169=DIRECTION('center_axis',(-1.37963714527806E-12,1.71069076921917E-15,
1.));
#6170=DIRECTION('ref_axis',(-0.70710678118756,-0.707106781185535,0.));
#6171=DIRECTION('',(1.42772850399688E-12,1.,-1.71069076724943E-15));
#6172=DIRECTION('center_axis',(-1.37963714527806E-12,1.71069076921917E-15,
1.));
#6173=DIRECTION('ref_axis',(-0.707106781186044,0.707106781187052,0.));
#6174=DIRECTION('',(-1.,-9.32587340685131E-15,0.));
#6175=DIRECTION('center_axis',(1.37963714527806E-12,-1.71069076921917E-15,
-1.));
#6176=DIRECTION('ref_axis',(0.707106781186552,-0.707106781186543,0.));
#6177=DIRECTION('',(0.,-1.,0.));
#6178=DIRECTION('center_axis',(1.37963714527806E-12,-1.71069076921917E-15,
-1.));
#6179=DIRECTION('ref_axis',(0.707106781186266,0.707106781186829,0.));
#6180=DIRECTION('',(1.,7.93804036297399E-13,-1.69823789617539E-16));
#6181=DIRECTION('',(7.93809462606987E-13,-1.,1.67580833905684E-15));
#6182=DIRECTION('',(1.,0.,0.));
#6183=DIRECTION('center_axis',(-1.37963714527806E-12,1.71069076921917E-15,
1.));
#6184=DIRECTION('ref_axis',(0.707106781186547,0.707106781186548,0.));
#6185=DIRECTION('',(0.,-1.,0.));
#6186=DIRECTION('center_axis',(-1.37963714527806E-12,1.71069076921917E-15,
1.));
#6187=DIRECTION('ref_axis',(0.707106781186551,-0.707106781186544,0.));
#6188=DIRECTION('',(-1.,-9.32587340685131E-15,0.));
#6189=DIRECTION('',(-9.9066054505014E-15,1.,0.));
#6190=DIRECTION('',(1.,-1.42791504553489E-12,1.37963714527806E-12));
#6191=DIRECTION('',(2.44340693177678E-15,-1.,-1.81401533815569E-73));
#6192=DIRECTION('',(-1.,-1.77635683940025E-15,0.));
#6193=DIRECTION('',(-2.47480055024817E-15,1.,0.));
#6194=DIRECTION('',(-1.,-2.44249065417534E-15,0.));
#6195=DIRECTION('',(2.44340693177678E-15,-1.,0.));
#6196=DIRECTION('',(-1.,-2.44249065417534E-15,0.));
#6197=DIRECTION('',(-2.47480055024817E-15,1.,0.));
#6198=DIRECTION('',(-1.,-2.66453525910038E-15,0.));
#6199=DIRECTION('',(2.44340693177678E-15,-1.,0.));
#6200=DIRECTION('',(-1.,-2.66453525910038E-15,0.));
#6201=DIRECTION('',(-2.47480055024817E-15,1.,0.));
#6202=DIRECTION('',(-1.,1.42550805794763E-12,-1.37963714527806E-12));
#6203=DIRECTION('center_axis',(-1.37963714527806E-12,1.71069076921917E-15,
1.));
#6204=DIRECTION('ref_axis',(-0.707106781187552,-0.707106781185543,0.));
#6205=DIRECTION('',(1.41958686848296E-12,1.,1.96464171558915E-24));
#6206=DIRECTION('',(1.,2.40698758726432E-15,1.37963714527806E-12));
#6207=DIRECTION('center_axis',(-1.37963714527806E-12,-6.12688543562529E-27,
1.));
#6208=DIRECTION('ref_axis',(-1.,1.42550805794763E-12,-1.21930173668315E-27));
#6209=DIRECTION('center_axis',(1.37963714527806E-12,1.71069076527355E-15,
1.));
#6210=DIRECTION('ref_axis',(1.,-2.85989790009226E-12,2.44668817153442E-27));
#6211=DIRECTION('center_axis',(1.37963714527806E-12,-1.71069076921917E-15,
-1.));
#6212=DIRECTION('ref_axis',(-1.,-2.68203396688027E-42,0.));
#6213=DIRECTION('center_axis',(-1.37963714527806E-12,-6.12668822039899E-27,
-1.));
#6214=DIRECTION('ref_axis',(1.,1.43438984214463E-12,-1.22641102473751E-27));
#6215=DIRECTION('center_axis',(1.48894530968035E-27,1.89156119808557E-16,
-1.));
#6216=DIRECTION('ref_axis',(-0.707106781187552,-0.707106781185543,0.));
#6217=DIRECTION('',(-1.48894530968035E-27,-1.89156119808557E-16,1.));
#6218=DIRECTION('center_axis',(-1.01894273770657E-15,1.67580833905603E-15,
1.));
#6219=DIRECTION('ref_axis',(-0.707106781187552,-0.707106781185543,0.));
#6220=DIRECTION('',(1.48894530968035E-27,1.89156119808557E-16,-1.));
#6221=DIRECTION('center_axis',(1.42550805794763E-12,1.,1.89156119808557E-16));
#6222=DIRECTION('ref_axis',(1.,-1.42550805794763E-12,-1.92408851762152E-28));
#6223=DIRECTION('',(-4.68123669385027E-31,1.89156119808558E-16,-1.));
#6224=DIRECTION('',(1.,-1.42550805794763E-12,1.01894273770896E-15));
#6225=DIRECTION('center_axis',(0.,8.55345383623181E-16,1.));
#6226=DIRECTION('ref_axis',(0.707106781186293,-0.707106781186802,0.));
#6227=DIRECTION('center_axis',(0.707106781186584,5.62493029419995E-13,0.707106781186511));
#6228=DIRECTION('ref_axis',(0.707106781186511,5.61406184758088E-13,-0.707106781186584));
#6229=DIRECTION('',(0.,-8.55345383623181E-16,-1.));
#6230=DIRECTION('center_axis',(1.37963714527806E-12,-1.71069076921917E-15,
-1.));
#6231=DIRECTION('ref_axis',(0.707106781186293,-0.707106781186802,0.));
#6232=DIRECTION('',(0.,8.55345383623181E-16,1.));
#6233=DIRECTION('center_axis',(-1.,0.,0.));
#6234=DIRECTION('ref_axis',(0.,-1.,0.));
#6235=DIRECTION('',(0.,-1.,7.95485270946127E-13));
#6236=DIRECTION('',(0.,0.,-1.));
#6237=DIRECTION('',(0.,1.,0.));
#6238=DIRECTION('',(0.,-1.,0.));
#6239=DIRECTION('',(0.,1.,0.));
#6240=DIRECTION('',(0.,0.,1.));
#6241=DIRECTION('',(0.,-1.,7.95485270946127E-13));
#6242=DIRECTION('',(0.,9.90344862472031E-16,1.));
#6243=DIRECTION('',(0.,0.,-1.));
#6244=DIRECTION('',(0.,1.,-1.67580833905603E-15));
#6245=DIRECTION('',(0.,0.,1.));
#6246=DIRECTION('',(0.,-1.,0.));
#6247=DIRECTION('center_axis',(0.,0.,1.));
#6248=DIRECTION('ref_axis',(0.707106781186546,0.707106781186549,0.));
#6249=DIRECTION('center_axis',(1.37963714527806E-12,-1.71069076921917E-15,
-1.));
#6250=DIRECTION('ref_axis',(0.707106781186546,0.707106781186549,0.));
#6251=DIRECTION('center_axis',(-1.14603667057871E-15,1.710690767248E-15,
1.));
#6252=DIRECTION('ref_axis',(0.707106781186546,0.707106781186549,0.));
#6253=DIRECTION('',(0.,0.,-1.));
#6254=DIRECTION('center_axis',(0.,-9.90344862472031E-16,-1.));
#6255=DIRECTION('ref_axis',(0.707106781186266,0.707106781186829,0.));
#6256=DIRECTION('center_axis',(0.707106781186584,5.62493029419995E-13,0.707106781186511));
#6257=DIRECTION('ref_axis',(0.70710678118651,5.61160857811419E-13,-0.707106781186584));
#6258=DIRECTION('',(0.,-9.90344862472031E-16,-1.));
#6259=DIRECTION('center_axis',(7.93804036297399E-13,-1.,9.90344862472031E-16));
#6260=DIRECTION('ref_axis',(1.,7.93804036297399E-13,-2.55400520287852E-62));
#6261=DIRECTION('',(-0.707106781186511,-5.60603937431146E-13,0.707106781186584));
#6262=DIRECTION('center_axis',(-7.93804036297399E-13,1.,-9.90344862472031E-16));
#6263=DIRECTION('ref_axis',(0.382683432365114,3.06432669322025E-13,0.923879532511277));
#6264=DIRECTION('',(-1.,-7.93804036297399E-13,-1.01894273770524E-15));
#6265=DIRECTION('',(7.86139749156691E-28,-9.90344862472031E-16,-1.));
#6266=DIRECTION('center_axis',(-7.93804036297399E-13,1.,-9.90344862472031E-16));
#6267=DIRECTION('ref_axis',(1.,7.93809462606986E-13,-2.27726324616295E-32));
#6268=DIRECTION('center_axis',(-7.93804036297399E-13,1.,-9.90344862472031E-16));
#6269=DIRECTION('ref_axis',(1.,7.92699239582361E-13,1.22285920702094E-31));
#6270=DIRECTION('center_axis',(-7.93804036297399E-13,1.,-9.90344862472031E-16));
#6271=DIRECTION('ref_axis',(1.,7.92699239582361E-13,1.22285920702094E-31));
#6272=DIRECTION('center_axis',(0.,0.,1.));
#6273=DIRECTION('ref_axis',(0.707106781186552,-0.707106781186543,0.));
#6274=DIRECTION('',(0.,0.,1.));
#6275=DIRECTION('center_axis',(-1.14603667057871E-15,1.710690767248E-15,
1.));
#6276=DIRECTION('ref_axis',(0.707106781186552,-0.707106781186543,0.));
#6277=DIRECTION('center_axis',(-9.32587340685131E-15,1.,0.));
#6278=DIRECTION('ref_axis',(-1.,-9.32587340685131E-15,0.));
#6279=DIRECTION('',(1.22334408576721E-27,1.14087520768853E-41,-1.));
#6280=DIRECTION('',(1.,9.32587340685131E-15,1.01894273770655E-15));
#6281=DIRECTION('center_axis',(0.,0.,1.));
#6282=DIRECTION('ref_axis',(0.707106781186548,0.707106781186547,0.));
#6283=DIRECTION('center_axis',(-1.01894273770657E-15,1.67580833905603E-15,
1.));
#6284=DIRECTION('ref_axis',(0.707106781186548,0.707106781186547,0.));
#6285=DIRECTION('',(0.,0.,-1.));
#6286=DIRECTION('center_axis',(-1.37963714527806E-12,1.71069076921917E-15,
1.));
#6287=DIRECTION('ref_axis',(0.707106781186548,0.707106781186547,0.));
#6288=DIRECTION('',(0.,0.,1.));
#6289=DIRECTION('center_axis',(0.,0.,1.));
#6290=DIRECTION('ref_axis',(0.707106781186551,-0.707106781186544,0.));
#6291=DIRECTION('',(0.,0.,1.));
#6292=DIRECTION('center_axis',(-1.01894273770657E-15,1.67580833905603E-15,
1.));
#6293=DIRECTION('ref_axis',(0.707106781186551,-0.707106781186544,0.));
#6294=DIRECTION('',(0.,0.,-1.));
#6295=DIRECTION('center_axis',(-1.,0.,0.));
#6296=DIRECTION('ref_axis',(0.,-1.,0.));
#6297=DIRECTION('',(0.,0.,-1.));
#6298=DIRECTION('',(0.,-1.,0.));
#6299=DIRECTION('',(0.,0.,1.));
#6300=DIRECTION('center_axis',(1.,0.,0.));
#6301=DIRECTION('ref_axis',(0.,0.707106781186549,0.707106781186546));
#6302=DIRECTION('',(0.,1.,-1.67580833905603E-15));
#6303=DIRECTION('center_axis',(0.,0.,-1.));
#6304=DIRECTION('ref_axis',(0.707106781186548,-0.707106781186547,0.));
#6305=DIRECTION('center_axis',(-1.37963714527806E-12,1.71069076921917E-15,
1.));
#6306=DIRECTION('ref_axis',(0.707106781186548,-0.707106781186547,0.));
#6307=DIRECTION('',(0.,0.,1.));
#6308=DIRECTION('center_axis',(0.,0.,1.));
#6309=DIRECTION('ref_axis',(0.707106781186548,-0.707106781186547,0.));
#6310=DIRECTION('center_axis',(-0.707106781186584,-5.62493029419995E-13,
-0.707106781186511));
#6311=DIRECTION('ref_axis',(0.707106781186511,5.62436557934099E-13,-0.707106781186584));
#6312=DIRECTION('',(0.,0.,-1.));
#6313=DIRECTION('center_axis',(-1.,0.,0.));
#6314=DIRECTION('ref_axis',(0.,-1.,0.));
#6315=DIRECTION('',(0.,1.,-1.67580833905603E-15));
#6316=DIRECTION('center_axis',(1.,0.,0.));
#6317=DIRECTION('ref_axis',(0.,-0.707106781186545,0.70710678118655));
#6318=DIRECTION('',(0.,-1.45669579677714E-73,-1.));
#6319=DIRECTION('',(0.,-1.,0.));
#6320=DIRECTION('',(0.,-1.,0.));
#6321=DIRECTION('center_axis',(-1.37963714527806E-12,1.71069076921917E-15,
1.));
#6322=DIRECTION('ref_axis',(1.,-1.42791504553489E-12,1.37963714527806E-12));
#6323=DIRECTION('',(-1.,0.,0.));
#6324=DIRECTION('',(7.93809462606987E-13,-1.,1.67580833905684E-15));
#6325=DIRECTION('',(-1.,7.12754028973813E-13,1.69823789616052E-16));
#6326=DIRECTION('',(-1.,0.,0.));
#6327=DIRECTION('center_axis',(-1.37963714527806E-12,1.71069076921917E-15,
1.));
#6328=DIRECTION('ref_axis',(-0.707106781186545,-0.70710678118655,0.));
#6329=DIRECTION('',(2.22044604925031E-15,-1.,-3.06340984863165E-27));
#6330=DIRECTION('',(1.,0.,1.37963714527806E-12));
#6331=DIRECTION('',(-2.56205313375036E-16,-1.,0.));
#6332=DIRECTION('',(1.,0.,0.));
#6333=DIRECTION('center_axis',(0.,0.,1.));
#6334=DIRECTION('ref_axis',(0.707106781186547,0.707106781186548,0.));
#6335=DIRECTION('',(0.,0.,1.));
#6336=DIRECTION('center_axis',(-0.707106781186584,-5.62493029419995E-13,
-0.707106781186511));
#6337=DIRECTION('ref_axis',(0.707106781186511,5.62485623323433E-13,-0.707106781186584));
#6338=DIRECTION('center_axis',(0.,0.,1.));
#6339=DIRECTION('ref_axis',(0.707106781186547,0.707106781186548,0.));
#6340=DIRECTION('center_axis',(0.707106781186584,5.62493029419995E-13,0.707106781186511));
#6341=DIRECTION('ref_axis',(-0.707106781186511,-5.60603937431146E-13,0.707106781186584));
#6342=DIRECTION('',(-0.707106781186511,0.,0.707106781186584));
#6343=DIRECTION('',(-7.93809462606987E-13,1.,-1.67580833905679E-15));
#6344=DIRECTION('center_axis',(0.,-1.,0.));
#6345=DIRECTION('ref_axis',(1.,0.,0.));
#6346=DIRECTION('',(-5.37391782315401E-33,0.,-1.));
#6347=DIRECTION('',(-1.,0.,-1.01894273770657E-15));
#6348=DIRECTION('center_axis',(0.,-1.,0.));
#6349=DIRECTION('ref_axis',(0.382683432365114,3.06432669322025E-13,0.923879532511277));
#6350=DIRECTION('center_axis',(0.,1.,0.));
#6351=DIRECTION('ref_axis',(1.,7.93809462606987E-13,-9.09345485857323E-33));
#6352=DIRECTION('center_axis',(0.,1.,0.));
#6353=DIRECTION('ref_axis',(1.,7.93809462606987E-13,-9.09345485857323E-33));
#6354=DIRECTION('center_axis',(0.,1.,0.));
#6355=DIRECTION('ref_axis',(1.,7.93809462606987E-13,-9.09345485856073E-33));
#6356=DIRECTION('center_axis',(-1.22334408576721E-27,-1.14087520768853E-41,
1.));
#6357=DIRECTION('ref_axis',(-0.707106781186044,0.707106781187052,0.));
#6358=DIRECTION('center_axis',(1.14603667057871E-15,-1.710690767248E-15,
-1.));
#6359=DIRECTION('ref_axis',(-0.707106781186044,0.707106781187052,0.));
#6360=DIRECTION('',(-1.22334408576721E-27,-1.14087520768853E-41,1.));
#6361=DIRECTION('center_axis',(1.14603667057871E-15,-1.710690767248E-15,
-1.));
#6362=DIRECTION('ref_axis',(-1.,1.42791504553489E-12,-1.14603667058115E-15));
#6363=DIRECTION('',(-9.9066054505014E-15,1.,-1.67580833905604E-15));
#6364=DIRECTION('center_axis',(1.14603667057871E-15,-1.710690767248E-15,
-1.));
#6365=DIRECTION('ref_axis',(-0.70710678118756,-0.707106781185535,0.));
#6366=DIRECTION('',(1.,-1.42791504553489E-12,1.14603667058115E-15));
#6367=DIRECTION('center_axis',(1.14603667057871E-15,-1.710690767248E-15,
-1.));
#6368=DIRECTION('ref_axis',(0.707106781185538,-0.707106781187556,0.));
#6369=DIRECTION('',(1.42994895004613E-12,1.,-1.71069076724636E-15));
#6370=DIRECTION('center_axis',(1.14603667057871E-15,-1.710690767248E-15,
-1.));
#6371=DIRECTION('ref_axis',(0.707106781187054,0.707106781186041,-4.18691322315975E-15));
#6372=DIRECTION('',(1.,-1.42698835531379E-12,-1.92808530508099E-28));
#6373=DIRECTION('center_axis',(1.14603667057871E-15,-1.710690767248E-15,
-1.));
#6374=DIRECTION('ref_axis',(-0.70710678118655,0.707106781186545,0.));
#6375=DIRECTION('',(4.44089209850062E-15,-1.,0.));
#6376=DIRECTION('center_axis',(1.14603667057871E-15,-1.710690767248E-15,
-1.));
#6377=DIRECTION('ref_axis',(-0.707106781186545,-0.70710678118655,0.));
#6378=DIRECTION('',(-1.,0.,-1.01894273770657E-15));
#6379=DIRECTION('center_axis',(1.14603667057871E-15,-1.710690767248E-15,
-1.));
#6380=DIRECTION('ref_axis',(-1.,-2.78610962851142E-42,0.));
#6381=DIRECTION('',(-8.27537272424049E-12,-1.,1.71069076723852E-15));
#6382=DIRECTION('',(-1.,1.19279586208165E-12,-1.14603667058075E-15));
#6383=DIRECTION('',(4.41026525641278E-13,1.,-1.7106907672475E-15));
#6384=DIRECTION('',(1.,-3.44516082328077E-12,1.1460366705846E-15));
#6385=DIRECTION('',(2.79616065712834E-42,-1.,1.710690767248E-15));
#6386=DIRECTION('',(-1.,-1.41169821993042E-13,-1.14603667057847E-15));
#6387=DIRECTION('',(-7.33420058697659E-13,1.,-1.71069076724884E-15));
#6388=DIRECTION('',(1.,1.16257500464847E-13,1.14603667057851E-15));
#6389=DIRECTION('center_axis',(1.14603667057871E-15,-1.710690767248E-15,
-1.));
#6390=DIRECTION('ref_axis',(-1.,-2.78610962851142E-42,0.));
#6391=DIRECTION('center_axis',(1.14603667057871E-15,-1.710690767248E-15,
-1.));
#6392=DIRECTION('ref_axis',(-1.,-2.78610962851142E-42,0.));
#6393=DIRECTION('',(9.04327118232964E-13,-1.,1.71069076724904E-15));
#6394=DIRECTION('',(-1.,1.34309907369247E-12,-1.146036670581E-15));
#6395=DIRECTION('',(-2.79616065712834E-42,1.,-1.710690767248E-15));
#6396=DIRECTION('',(1.,7.95389048210988E-13,1.14603667057735E-15));
#6397=DIRECTION('center_axis',(1.14603667057871E-15,-1.710690767248E-15,
-1.));
#6398=DIRECTION('ref_axis',(-1.,-2.79616065712834E-42,0.));
#6399=DIRECTION('center_axis',(1.14603667057871E-15,-1.710690767248E-15,
-1.));
#6400=DIRECTION('ref_axis',(-1.,-2.78610962851142E-42,0.));
#6401=DIRECTION('center_axis',(-2.01984198603428E-28,2.69998957697701E-16,
-1.));
#6402=DIRECTION('ref_axis',(1.,1.43438984214463E-12,1.85299563707791E-28));
#6403=DIRECTION('center_axis',(-1.92476838073382E-28,-2.69998957697701E-16,
1.));
#6404=DIRECTION('ref_axis',(-1.,1.42550805794763E-12,1.92408851762152E-28));
#6405=DIRECTION('center_axis',(1.80617162512211E-27,1.98068972494406E-15,
1.));
#6406=DIRECTION('ref_axis',(1.,-2.85989790009226E-12,3.85839875997972E-27));
#6407=DIRECTION('center_axis',(-1.4117105884453E-27,-1.98068972494406E-15,
-1.));
#6408=DIRECTION('ref_axis',(-1.,0.,1.4117105884453E-27));
#6409=DIRECTION('center_axis',(1.27625774503509E-27,3.70038799400301E-17,
-1.));
#6410=DIRECTION('ref_axis',(-0.70710678118756,-0.707106781185535,0.));
#6411=DIRECTION('',(-1.27625774503509E-27,-3.70038799400301E-17,1.));
#6412=DIRECTION('',(1.27625774503509E-27,3.70038799400301E-17,-1.));
#6413=DIRECTION('center_axis',(1.42791504553489E-12,1.,3.70038799400301E-17));
#6414=DIRECTION('ref_axis',(-1.,1.42791504553489E-12,-1.22341934812555E-27));
#6415=DIRECTION('',(1.27625774503509E-27,3.70038799400301E-17,-1.));
#6416=DIRECTION('',(-1.,1.42791504553489E-12,-1.22341934812555E-27));
#6417=DIRECTION('',(-1.27625774503509E-27,-3.70038799400301E-17,1.));
#6418=DIRECTION('',(0.707106781186543,-1.00966224596157E-12,-0.707106781186552));
#6419=DIRECTION('',(0.707106781186559,-1.0096622459616E-12,-0.707106781186536));
#6420=DIRECTION('',(1.,-1.42791504553489E-12,1.22341934812555E-27));
#6421=DIRECTION('',(0.707106781186543,-1.00966224596157E-12,-0.707106781186552));
#6422=DIRECTION('',(1.27625774503509E-27,3.70038799400301E-17,-1.));
#6423=DIRECTION('',(0.707106781186559,-1.0096622459616E-12,-0.707106781186536));
#6424=DIRECTION('',(1.,-1.42791504553489E-12,1.22341934812555E-27));
#6425=DIRECTION('',(1.27625774503509E-27,3.70038799400301E-17,-1.));
#6426=DIRECTION('',(0.707106781186559,-1.0096622459616E-12,-0.707106781186536));
#6427=DIRECTION('',(1.,-1.42791504553489E-12,1.22341934812555E-27));
#6428=DIRECTION('',(0.707106781186543,-1.00966224596157E-12,-0.707106781186552));
#6429=DIRECTION('',(1.27625774503509E-27,3.70038799400301E-17,-1.));
#6430=DIRECTION('',(-1.,1.42791504553489E-12,-1.22341934812555E-27));
#6431=DIRECTION('',(0.707106781186559,-1.0096622459616E-12,-0.707106781186536));
#6432=DIRECTION('',(-1.27625774503509E-27,-3.70038799400301E-17,1.));
#6433=DIRECTION('',(0.707106781186543,-1.00966224596157E-12,-0.707106781186552));
#6434=DIRECTION('',(0.707106781186559,-1.0096622459616E-12,-0.707106781186536));
#6435=DIRECTION('',(1.,-1.42791504553489E-12,1.22341934812555E-27));
#6436=DIRECTION('',(0.707106781186543,-1.00966224596157E-12,-0.707106781186552));
#6437=DIRECTION('',(1.27625774503509E-27,3.70038799400301E-17,-1.));
#6438=DIRECTION('',(-1.,1.42791504553489E-12,-1.22341934812555E-27));
#6439=DIRECTION('',(-1.,1.42791504553489E-12,-1.22341934812555E-27));
#6440=DIRECTION('',(0.707106781186559,-1.0096622459616E-12,-0.707106781186536));
#6441=DIRECTION('',(-1.27625774503509E-27,-3.70038799400301E-17,1.));
#6442=DIRECTION('',(0.707106781186543,-1.00966224596157E-12,-0.707106781186552));
#6443=DIRECTION('',(0.707106781186559,-1.0096622459616E-12,-0.707106781186536));
#6444=DIRECTION('',(1.,-1.42791504553489E-12,1.22341934812555E-27));
#6445=DIRECTION('',(0.707106781186543,-1.00966224596157E-12,-0.707106781186552));
#6446=DIRECTION('',(-1.,1.42791504553489E-12,-1.22341934812555E-27));
#6447=DIRECTION('',(-1.,1.42791504553489E-12,-1.22341934812555E-27));
#6448=DIRECTION('',(0.707106781186559,-1.0096622459616E-12,-0.707106781186536));
#6449=DIRECTION('',(-1.27625774503509E-27,-3.70038799400301E-17,1.));
#6450=DIRECTION('',(1.,-1.42791504553489E-12,1.22341934812555E-27));
#6451=DIRECTION('',(0.707106781186543,-1.00966224596158E-12,-0.707106781186552));
#6452=DIRECTION('',(0.707106781186559,-1.0096622459616E-12,-0.707106781186536));
#6453=DIRECTION('',(1.,-1.42791504553489E-12,1.22341934812555E-27));
#6454=DIRECTION('',(0.707106781186543,-1.00966224596157E-12,-0.707106781186552));
#6455=DIRECTION('',(-1.,1.42791504553489E-12,-1.22341934812555E-27));
#6456=DIRECTION('',(-1.,1.42791504553489E-12,-1.22341934812555E-27));
#6457=DIRECTION('',(0.707106781186559,-1.0096622459616E-12,-0.707106781186536));
#6458=DIRECTION('',(1.,-1.42791504553489E-12,1.22341934812555E-27));
#6459=DIRECTION('',(0.707106781186543,-1.00966224596157E-12,-0.707106781186552));
#6460=DIRECTION('',(0.707106781186559,-1.0096622459616E-12,-0.707106781186536));
#6461=DIRECTION('',(1.,-1.42791504553489E-12,1.22341934812555E-27));
#6462=DIRECTION('',(0.707106781186543,-1.00966224596157E-12,-0.707106781186552));
#6463=DIRECTION('',(-1.,1.42791504553489E-12,-1.22341934812555E-27));
#6464=DIRECTION('center_axis',(1.27625774503509E-27,3.70038799400301E-17,
-1.));
#6465=DIRECTION('ref_axis',(0.707106781185538,-0.707106781187556,0.));
#6466=DIRECTION('',(-1.27625774503509E-27,-3.70038799400301E-17,1.));
#6467=DIRECTION('center_axis',(-1.,1.42994895004613E-12,-1.22334408576721E-27));
#6468=DIRECTION('ref_axis',(-1.27625774503509E-27,-3.70038799400301E-17,
1.));
#6469=DIRECTION('',(-1.27577003997821E-27,-1.74769464718639E-15,-1.));
#6470=DIRECTION('center_axis',(-1.,1.42994895004613E-12,-1.22334408576721E-27));
#6471=DIRECTION('ref_axis',(0.,1.,0.));
#6472=DIRECTION('center_axis',(-1.,1.42994895004613E-12,-1.22334408576721E-27));
#6473=DIRECTION('ref_axis',(0.,1.,0.));
#6474=DIRECTION('center_axis',(-1.27577003997821E-27,-1.74769464718639E-15,
-1.));
#6475=DIRECTION('ref_axis',(0.707106781187054,0.707106781186041,-4.18691322315975E-15));
#6476=DIRECTION('',(1.27577003997821E-27,1.74769464718639E-15,1.));
#6477=DIRECTION('center_axis',(3.55464402718015E-30,0.,1.));
#6478=DIRECTION('ref_axis',(-0.707106781186545,-0.70710678118655,0.));
#6479=DIRECTION('',(-3.55464402718015E-30,0.,-1.));
#6480=DIRECTION('',(3.55464402718015E-30,0.,1.));
#6481=DIRECTION('center_axis',(-1.,-4.44089209850062E-15,3.55464402718015E-30));
#6482=DIRECTION('ref_axis',(4.20667932210173E-30,-1.74769464718639E-15,
-1.));
#6483=DIRECTION('',(-4.20667932210173E-30,1.74769464718639E-15,1.));
#6484=DIRECTION('',(3.55464402718015E-30,0.,1.));
#6485=DIRECTION('center_axis',(-1.,-4.44089209850062E-15,3.55464402718015E-30));
#6486=DIRECTION('ref_axis',(0.,0.707106781186548,0.707106781186548));
#6487=DIRECTION('',(4.44089209850062E-15,-1.,0.));
#6488=DIRECTION('center_axis',(-1.,-4.44089209850062E-15,3.55464402718015E-30));
#6489=DIRECTION('ref_axis',(0.,-0.707106781186548,0.707106781186548));
#6490=DIRECTION('',(-3.55464402718015E-30,0.,-1.));
#6491=DIRECTION('',(-2.56205313375036E-16,-1.,0.));
#6492=DIRECTION('center_axis',(-1.,2.56205313375036E-16,0.));
#6493=DIRECTION('ref_axis',(-9.82877879136044E-13,-0.707106781186545,0.70710678118655));
#6494=DIRECTION('',(0.,0.,-1.));
#6495=DIRECTION('center_axis',(-1.,2.56205313375036E-16,0.));
#6496=DIRECTION('ref_axis',(-9.82877879136044E-13,-0.707106781186545,-0.70710678118655));
#6497=DIRECTION('',(2.56205313375036E-16,1.,0.));
#6498=DIRECTION('center_axis',(-1.,2.56205313375036E-16,0.));
#6499=DIRECTION('ref_axis',(9.82877879136044E-13,0.707106781186545,-0.70710678118655));
#6500=DIRECTION('',(0.,0.,1.));
#6501=DIRECTION('center_axis',(-1.,2.56205313375036E-16,0.));
#6502=DIRECTION('ref_axis',(9.82877879136044E-13,0.707106781186545,0.70710678118655));
#6503=DIRECTION('center_axis',(4.20667932210173E-30,-1.74769464718639E-15,
-1.));
#6504=DIRECTION('ref_axis',(-0.70710678118655,0.707106781186545,0.));
#6505=DIRECTION('',(4.20667932210173E-30,-1.74769464718639E-15,-1.));
#6506=DIRECTION('center_axis',(3.47548077282698E-14,1.,3.85855877563454E-29));
#6507=DIRECTION('ref_axis',(0.,0.,1.));
#6508=DIRECTION('center_axis',(0.,0.,1.));
#6509=DIRECTION('ref_axis',(3.55271367880004E-14,1.,0.));
#6510=DIRECTION('center_axis',(-3.47548077282698E-14,-1.,-3.85855877563454E-29));
#6511=DIRECTION('ref_axis',(0.707106781186542,-2.45835098309858E-14,0.707106781186553));
#6512=DIRECTION('center_axis',(3.47548077282698E-14,1.,3.85855877563454E-29));
#6513=DIRECTION('ref_axis',(0.707106781186542,-2.4575360223494E-14,0.707106781186554));
#6514=DIRECTION('center_axis',(1.11022302462516E-15,0.,-1.));
#6515=DIRECTION('ref_axis',(-0.707106781186537,0.707106781186558,0.));
#6516=DIRECTION('center_axis',(-9.49077563348713E-16,-7.53486155040132E-28,
1.));
#6517=DIRECTION('ref_axis',(-0.707106781186537,0.707106781186558,0.));
#6518=DIRECTION('',(-1.11022302462516E-15,0.,1.));
#6519=DIRECTION('',(1.11022302462516E-15,0.,-1.));
#6520=DIRECTION('center_axis',(-1.86052100287897E-30,-1.,1.67580833905603E-15));
#6521=DIRECTION('ref_axis',(0.707106781186547,1.34579353601466E-15,0.707106781186548));
#6522=DIRECTION('',(-1.86052100287897E-30,-1.,1.67580833905603E-15));
#6523=DIRECTION('center_axis',(0.,1.,0.));
#6524=DIRECTION('ref_axis',(0.717137165596317,0.,0.696932052441614));
#6525=DIRECTION('',(1.86052100287897E-30,1.,-1.67580833905603E-15));
#6526=DIRECTION('center_axis',(-1.,1.21420874019356E-43,-1.11022302462516E-15));
#6527=DIRECTION('ref_axis',(-7.15116804042479E-43,1.,7.53486155040132E-28));
#6528=DIRECTION('',(-7.15116804042479E-43,1.,7.53486155040132E-28));
#6529=DIRECTION('',(1.11022302462516E-15,0.,-1.));
#6530=DIRECTION('center_axis',(9.49077563348713E-16,7.53486155040132E-28,
-1.));
#6531=DIRECTION('ref_axis',(1.,0.,9.49077563348713E-16));
#6532=DIRECTION('',(1.,-3.47548077282698E-14,9.49077563348713E-16));
#6533=DIRECTION('center_axis',(-9.49077563348713E-16,-7.53486155040132E-28,
1.));
#6534=DIRECTION('ref_axis',(0.70710678118656,0.707106781186535,0.));
#6535=DIRECTION('',(7.15116804042479E-43,-1.,-7.53486155040132E-28));
#6536=DIRECTION('center_axis',(-9.49077563348713E-16,-7.53486155040132E-28,
1.));
#6537=DIRECTION('ref_axis',(0.707106781186544,-0.707106781186551,0.));
#6538=DIRECTION('',(-1.,0.,-9.49077563348713E-16));
#6539=DIRECTION('center_axis',(-9.49077563348713E-16,-7.53486155040132E-28,
1.));
#6540=DIRECTION('ref_axis',(-0.707106781186548,-0.707106781186548,0.));
#6541=DIRECTION('center_axis',(-9.49077563348713E-16,-7.53486155040132E-28,
1.));
#6542=DIRECTION('ref_axis',(1.,0.,9.49077563348713E-16));
#6543=DIRECTION('center_axis',(-9.49077563348713E-16,-7.53486155040132E-28,
1.));
#6544=DIRECTION('ref_axis',(1.,0.,9.49077563348713E-16));
#6545=DIRECTION('center_axis',(1.11022302462516E-15,0.,-1.));
#6546=DIRECTION('ref_axis',(-0.707106781186548,-0.707106781186548,0.));
#6547=DIRECTION('',(-1.11022302462516E-15,0.,1.));
#6548=DIRECTION('center_axis',(0.,0.,-1.));
#6549=DIRECTION('ref_axis',(0.,-1.,0.));
#6550=DIRECTION('center_axis',(0.,-1.,0.));
#6551=DIRECTION('ref_axis',(0.,0.,-1.));
#6552=DIRECTION('center_axis',(0.,-1.,0.));
#6553=DIRECTION('ref_axis',(0.717137165596317,0.,0.696932052441614));
#6554=DIRECTION('center_axis',(0.,-1.,0.));
#6555=DIRECTION('ref_axis',(-1.,0.,-9.49077563348713E-16));
#6556=DIRECTION('',(1.11022302462516E-15,0.,-1.));
#6557=DIRECTION('',(1.,0.,1.01894273770657E-15));
#6558=DIRECTION('center_axis',(1.11022302462516E-15,0.,-1.));
#6559=DIRECTION('ref_axis',(0.70710678118656,0.707106781186535,0.));
#6560=DIRECTION('',(-1.11022302462516E-15,0.,1.));
#6561=DIRECTION('center_axis',(-1.01894273770657E-15,1.67580833905603E-15,
1.));
#6562=DIRECTION('ref_axis',(0.70710678118656,0.707106781186535,0.));
#6563=DIRECTION('',(1.11022302462516E-15,0.,-1.));
#6564=DIRECTION('center_axis',(3.47548077282698E-14,1.,3.85855877563454E-29));
#6565=DIRECTION('ref_axis',(1.,-3.47548077282698E-14,9.49077563348713E-16));
#6566=DIRECTION('',(-1.,3.47548077282698E-14,-1.01894273770663E-15));
#6567=DIRECTION('center_axis',(1.11022302462516E-15,0.,-1.));
#6568=DIRECTION('ref_axis',(0.707106781186544,-0.707106781186551,0.));
#6569=DIRECTION('',(-1.11022302462516E-15,0.,1.));
#6570=DIRECTION('center_axis',(-1.01894273770657E-15,1.67580833905603E-15,
1.));
#6571=DIRECTION('ref_axis',(0.707106781186544,-0.707106781186551,0.));
#6572=DIRECTION('center_axis',(0.,-1.,0.));
#6573=DIRECTION('ref_axis',(1.,0.,0.));
#6574=DIRECTION('',(0.,0.,-1.));
#6575=DIRECTION('',(-1.,0.,-1.01894273770657E-15));
#6576=DIRECTION('center_axis',(-1.01894273770657E-15,1.67580833905603E-15,
1.));
#6577=DIRECTION('ref_axis',(1.,0.,1.01894273770657E-15));
#6578=DIRECTION('',(2.56205313375036E-16,1.,-1.67580833905603E-15));
#6579=DIRECTION('',(1.,1.43438984214463E-12,1.01894273770416E-15));
#6580=DIRECTION('',(-1.,-4.44089209850062E-15,-1.01894273770656E-15));
#6581=DIRECTION('',(-1.41958686848296E-12,-1.,1.67580833905459E-15));
#6582=DIRECTION('',(2.47480055024817E-15,-1.,1.67580833905603E-15));
#6583=DIRECTION('',(-1.,-2.66453525910038E-15,-1.01894273770656E-15));
#6584=DIRECTION('',(2.44340693177678E-15,-1.,1.67580833905603E-15));
#6585=DIRECTION('',(1.,2.66453525910038E-15,1.01894273770656E-15));
#6586=DIRECTION('',(2.47480055024817E-15,-1.,1.67580833905603E-15));
#6587=DIRECTION('',(-1.,-2.44249065417534E-15,-1.01894273770656E-15));
#6588=DIRECTION('',(2.44340693177678E-15,-1.,1.67580833905603E-15));
#6589=DIRECTION('',(1.,2.44249065417534E-15,1.01894273770656E-15));
#6590=DIRECTION('',(2.47480055024817E-15,-1.,1.67580833905603E-15));
#6591=DIRECTION('',(-1.,-1.77635683940025E-15,-1.01894273770656E-15));
#6592=DIRECTION('',(2.44340693177678E-15,-1.,1.67580833905603E-15));
#6593=DIRECTION('',(1.,-1.42994895004613E-12,1.01894273770896E-15));
#6594=DIRECTION('',(-9.68921912400137E-15,1.,-1.67580833905604E-15));
#6595=DIRECTION('',(1.,9.32587340685131E-15,1.01894273770655E-15));
#6596=DIRECTION('',(-1.,0.,-1.01894273770657E-15));
#6597=DIRECTION('',(1.86052100287897E-30,1.,-1.67580833905603E-15));
#6598=DIRECTION('',(1.,1.31207492951154E-58,1.01894273770657E-15));
#6599=DIRECTION('',(1.86052100287897E-30,1.,-1.67580833905603E-15));
#6600=DIRECTION('center_axis',(-1.01894273770657E-15,1.67580833905603E-15,
1.));
#6601=DIRECTION('ref_axis',(-1.,-2.78610962851142E-42,0.));
#6602=DIRECTION('center_axis',(-1.01894273770657E-15,1.67580833905603E-15,
1.));
#6603=DIRECTION('ref_axis',(-1.,-2.79616065712834E-42,0.));
#6604=DIRECTION('',(-9.04327118232964E-13,1.,-1.67580833905695E-15));
#6605=DIRECTION('',(-1.,-7.95389048210988E-13,-1.01894273770523E-15));
#6606=DIRECTION('',(2.79616065712834E-42,-1.,1.67580833905603E-15));
#6607=DIRECTION('',(1.,-1.34309907369247E-12,1.01894273770882E-15));
#6608=DIRECTION('center_axis',(-1.01894273770657E-15,1.67580833905603E-15,
1.));
#6609=DIRECTION('ref_axis',(-1.,-2.78610962851142E-42,0.));
#6610=DIRECTION('center_axis',(-1.01894273770657E-15,1.67580833905603E-15,
1.));
#6611=DIRECTION('ref_axis',(-1.,-2.78610962851142E-42,0.));
#6612=DIRECTION('',(-2.79616065712834E-42,1.,-1.67580833905603E-15));
#6613=DIRECTION('',(-1.,-1.16257500464847E-13,-1.01894273770637E-15));
#6614=DIRECTION('',(7.33420058697659E-13,-1.,1.67580833905678E-15));
#6615=DIRECTION('',(1.,1.41169821993042E-13,1.01894273770633E-15));
#6616=DIRECTION('',(8.27537272424049E-12,1.,-1.6758083390476E-15));
#6617=DIRECTION('',(-1.,3.44516082328077E-12,-1.01894273771234E-15));
#6618=DIRECTION('',(-4.41026525641278E-13,-1.,1.67580833905558E-15));
#6619=DIRECTION('',(1.,-1.19279586208165E-12,1.01894273770857E-15));
#6620=DIRECTION('center_axis',(0.,1.,0.));
#6621=DIRECTION('ref_axis',(-1.11022302462516E-15,0.,1.));
#6622=DIRECTION('center_axis',(0.,1.,0.));
#6623=DIRECTION('ref_axis',(-1.11022302462516E-15,0.,1.));
#6624=DIRECTION('',(0.,1.,0.));
#6625=DIRECTION('center_axis',(1.31207492951154E-58,-1.,1.45669579677714E-73));
#6626=DIRECTION('ref_axis',(-1.11022302462516E-15,0.,1.));
#6627=DIRECTION('',(0.,-1.,0.));
#6628=DIRECTION('center_axis',(0.,-1.,0.));
#6629=DIRECTION('ref_axis',(-1.,0.,-9.49077563348713E-16));
#6630=DIRECTION('',(-1.,0.,-9.49077563348713E-16));
#6631=DIRECTION('',(1.11022302462516E-15,0.,-1.));
#6632=DIRECTION('',(1.,0.,1.01894273770657E-15));
#6633=DIRECTION('',(1.,0.,0.));
#6634=DIRECTION('center_axis',(0.,-1.,0.));
#6635=DIRECTION('ref_axis',(0.499999999999997,0.,0.86602540378444));
#6636=DIRECTION('center_axis',(9.49077563348713E-16,7.53498174987034E-28,
-1.));
#6637=DIRECTION('ref_axis',(1.,1.31207492951154E-58,9.49077563348713E-16));
#6638=DIRECTION('',(1.,1.31207492951154E-58,9.49077563348713E-16));
#6639=DIRECTION('center_axis',(-9.49077563348713E-16,-7.53498174987034E-28,
1.));
#6640=DIRECTION('ref_axis',(0.707106781186548,-0.707106781186548,0.));
#6641=DIRECTION('center_axis',(-9.49077563348713E-16,-7.53486155040132E-28,
1.));
#6642=DIRECTION('ref_axis',(1.,0.,9.49077563348713E-16));
#6643=DIRECTION('center_axis',(1.,-1.21350446688053E-43,1.11022302462516E-15));
#6644=DIRECTION('ref_axis',(1.00076441656352E-15,0.,-1.));
#6645=DIRECTION('center_axis',(-3.0329138993503E-30,6.96610525255E-15,1.));
#6646=DIRECTION('ref_axis',(1.,4.35381578284375E-16,0.));
#6647=DIRECTION('center_axis',(-1.,1.21350446688053E-43,-1.11022302462516E-15));
#6648=DIRECTION('ref_axis',(-8.32667268468867E-16,-0.707106781186546,0.707106781186549));
#6649=DIRECTION('center_axis',(1.,-1.21350446688053E-43,1.11022302462516E-15));
#6650=DIRECTION('ref_axis',(-7.85046229341889E-16,-0.707106781186546,0.707106781186549));
#6651=DIRECTION('center_axis',(1.,-1.21350446688053E-43,1.11022302462516E-15));
#6652=DIRECTION('ref_axis',(7.14702017305969E-43,-1.,-7.53049113061132E-28));
#6653=DIRECTION('center_axis',(1.,-1.21350446688053E-43,1.11022302462516E-15));
#6654=DIRECTION('ref_axis',(-7.85046229341888E-16,0.707106781186547,0.707106781186548));
#6655=DIRECTION('center_axis',(1.11022302462516E-15,0.,-1.));
#6656=DIRECTION('ref_axis',(0.707106781186548,-0.707106781186548,0.));
#6657=DIRECTION('',(-1.11022302462516E-15,0.,1.));
#6658=DIRECTION('center_axis',(0.,0.,-1.));
#6659=DIRECTION('ref_axis',(1.,0.,0.));
#6660=DIRECTION('center_axis',(1.,-1.21350446688053E-43,1.11022302462516E-15));
#6661=DIRECTION('ref_axis',(1.00076441656352E-15,0.,-1.));
#6662=DIRECTION('center_axis',(-1.,1.21350446688053E-43,-1.11022302462516E-15));
#6663=DIRECTION('ref_axis',(-8.32667268468866E-16,0.707106781186547,0.707106781186548));
#6664=DIRECTION('center_axis',(1.21420874019356E-43,1.,1.348042500064E-58));
#6665=DIRECTION('ref_axis',(0.499999999999997,0.,0.86602540378444));
#6666=DIRECTION('center_axis',(-1.31207492951154E-58,1.,-1.45669579677714E-73));
#6667=DIRECTION('ref_axis',(0.499999999999997,0.,0.86602540378444));
#6668=DIRECTION('center_axis',(0.,0.,1.));
#6669=DIRECTION('ref_axis',(-2.22926653841815E-42,-1.,0.));
#6670=DIRECTION('center_axis',(0.,0.,1.));
#6671=DIRECTION('ref_axis',(-2.22926653841815E-42,-1.,0.));
#6672=DIRECTION('',(-1.,-1.31207492951154E-58,0.));
#6673=DIRECTION('center_axis',(-1.,-1.31207492951154E-58,-1.01894273770657E-15));
#6674=DIRECTION('ref_axis',(0.,-0.707106781186545,0.70710678118655));
#6675=DIRECTION('',(-1.,-1.31207492951154E-58,-1.01894273770657E-15));
#6676=DIRECTION('center_axis',(-1.31207492951154E-58,1.,-1.45669579677714E-73));
#6677=DIRECTION('ref_axis',(1.,1.31207492951154E-58,9.49077563348713E-16));
#6678=DIRECTION('center_axis',(1.,0.,1.01894273770657E-15));
#6679=DIRECTION('ref_axis',(0.,0.707106781186549,0.707106781186546));
#6680=DIRECTION('center_axis',(-1.,0.,0.));
#6681=DIRECTION('ref_axis',(0.,0.707106781186548,0.707106781186548));
#6682=DIRECTION('center_axis',(1.,-2.56205313375036E-16,0.));
#6683=DIRECTION('ref_axis',(0.,0.707106781186548,0.707106781186548));
#6684=DIRECTION('',(-1.,0.,0.));
#6685=DIRECTION('',(1.,0.,0.));
#6686=DIRECTION('center_axis',(0.,0.,1.));
#6687=DIRECTION('ref_axis',(1.,0.,0.));
#6688=DIRECTION('',(2.56205313375036E-16,1.,0.));
#6689=DIRECTION('',(1.,0.,0.));
#6690=DIRECTION('center_axis',(1.,0.,0.));
#6691=DIRECTION('ref_axis',(0.,-0.707106781186548,0.707106781186548));
#6692=DIRECTION('center_axis',(1.,-2.56205313375036E-16,0.));
#6693=DIRECTION('ref_axis',(0.,-0.707106781186548,0.707106781186548));
#6694=DIRECTION('',(-1.,0.,0.));
#6695=DIRECTION('center_axis',(0.,-1.,0.));
#6696=DIRECTION('ref_axis',(1.,0.,0.));
#6697=DIRECTION('',(0.,0.,1.));
#6698=DIRECTION('center_axis',(0.,1.,0.));
#6699=DIRECTION('ref_axis',(-1.,0.,0.));
#6700=DIRECTION('',(0.,0.,-1.));
#6701=DIRECTION('center_axis',(1.11022302462516E-15,0.,-1.));
#6702=DIRECTION('ref_axis',(1.,0.,1.11022302462516E-15));
#6703=DIRECTION('',(-1.11022302462516E-15,0.,1.));
#6704=DIRECTION('center_axis',(1.01894273770657E-15,-1.67580833905603E-15,
-1.));
#6705=DIRECTION('ref_axis',(1.,0.,1.11022302462516E-15));
#6706=DIRECTION('center_axis',(-1.01894273770657E-15,1.67580833905603E-15,
1.));
#6707=DIRECTION('ref_axis',(1.,0.,1.01894273770657E-15));
#6708=DIRECTION('center_axis',(1.11022302462516E-15,0.,-1.));
#6709=DIRECTION('ref_axis',(1.,0.,1.11022302462516E-15));
#6710=DIRECTION('',(-1.11022302462516E-15,0.,1.));
#6711=DIRECTION('center_axis',(1.01894273770657E-15,-1.67580833905603E-15,
-1.));
#6712=DIRECTION('ref_axis',(1.,0.,1.11022302462516E-15));
#6713=DIRECTION('center_axis',(1.,-1.21420874019356E-43,1.11022302462516E-15));
#6714=DIRECTION('ref_axis',(7.15116804042479E-43,-1.,-7.53486155040132E-28));
#6715=DIRECTION('center_axis',(-1.01894273770657E-15,1.67580833905603E-15,
1.));
#6716=DIRECTION('ref_axis',(1.,0.,1.01894273770657E-15));
#6717=DIRECTION('center_axis',(0.,-1.97356997341766E-15,-1.));
#6718=DIRECTION('ref_axis',(-1.,-2.78610962851142E-42,0.));
#6719=DIRECTION('',(0.,-1.97356997341766E-15,-1.));
#6720=DIRECTION('center_axis',(1.,-8.27537272424049E-12,1.63320271274006E-26));
#6721=DIRECTION('ref_axis',(-8.27537272424049E-12,-1.,1.98068972494406E-15));
#6722=DIRECTION('',(0.,-1.97356997341766E-15,-1.));
#6723=DIRECTION('',(0.,-1.97356997341766E-15,-1.));
#6724=DIRECTION('center_axis',(3.44516082328077E-12,1.,-1.97356997341766E-15));
#6725=DIRECTION('ref_axis',(1.,-3.44516082328077E-12,5.41208405500674E-27));
#6726=DIRECTION('',(0.,-1.97356997341766E-15,-1.));
#6727=DIRECTION('center_axis',(-1.,4.41026525641278E-13,-8.70396708486341E-28));
#6728=DIRECTION('ref_axis',(4.41026525641278E-13,1.,-1.98068972494406E-15));
#6729=DIRECTION('',(0.,-1.97356997341766E-15,-1.));
#6730=DIRECTION('center_axis',(-1.19279586208165E-12,-1.,1.97356997341766E-15));
#6731=DIRECTION('ref_axis',(-1.,1.19279586208165E-12,-9.50847919535624E-28));
#6732=DIRECTION('center_axis',(1.,2.79616065712834E-42,-5.5184187137603E-57));
#6733=DIRECTION('ref_axis',(2.79616065712834E-42,-1.,1.98068972494406E-15));
#6734=DIRECTION('',(0.,-1.97356997341766E-15,-1.));
#6735=DIRECTION('',(0.,-1.97356997341766E-15,-1.));
#6736=DIRECTION('center_axis',(-1.16257500464847E-13,1.,-1.97356997341766E-15));
#6737=DIRECTION('ref_axis',(1.,1.16257500464847E-13,-1.6419806250637E-27));
#6738=DIRECTION('',(0.,-1.97356997341766E-15,-1.));
#6739=DIRECTION('center_axis',(-1.,-7.33420058697659E-13,1.44745580574792E-27));
#6740=DIRECTION('ref_axis',(-7.33420058697659E-13,1.,-1.98068972494406E-15));
#6741=DIRECTION('',(0.,-1.97356997341766E-15,-1.));
#6742=DIRECTION('center_axis',(1.41169821993042E-13,-1.,1.97356997341766E-15));
#6743=DIRECTION('ref_axis',(-1.,-1.41169821993042E-13,1.6913242043391E-27));
#6744=DIRECTION('center_axis',(0.,-1.97356997341766E-15,-1.));
#6745=DIRECTION('ref_axis',(-1.,-2.78610962851142E-42,0.));
#6746=DIRECTION('',(0.,-1.97356997341766E-15,-1.));
#6747=DIRECTION('center_axis',(0.,-1.97356997341766E-15,-1.));
#6748=DIRECTION('ref_axis',(-1.,-2.78610962851142E-42,0.));
#6749=DIRECTION('',(0.,-1.97356997341766E-15,-1.));
#6750=DIRECTION('center_axis',(1.,9.04327118232964E-13,-1.7847528466919E-27));
#6751=DIRECTION('ref_axis',(9.04327118232964E-13,-1.,1.98068972494406E-15));
#6752=DIRECTION('',(0.,-1.97356997341766E-15,-1.));
#6753=DIRECTION('',(0.,-1.97356997341766E-15,-1.));
#6754=DIRECTION('center_axis',(-7.95389048210988E-13,1.,-1.97356997341766E-15));
#6755=DIRECTION('ref_axis',(1.,7.95389048210988E-13,-2.98712950356984E-27));
#6756=DIRECTION('',(0.,-1.97356997341766E-15,-1.));
#6757=DIRECTION('center_axis',(-1.,-2.79616065712834E-42,5.5184187137603E-57));
#6758=DIRECTION('ref_axis',(-2.79616065712834E-42,1.,-1.98068972494406E-15));
#6759=DIRECTION('',(0.,-1.97356997341766E-15,-1.));
#6760=DIRECTION('center_axis',(-1.34309907369247E-12,-1.,1.97356997341766E-15));
#6761=DIRECTION('ref_axis',(-1.,1.34309907369247E-12,-1.24855194639927E-27));
#6762=DIRECTION('center_axis',(0.,-1.98068972494406E-15,-1.));
#6763=DIRECTION('ref_axis',(-1.,-2.79616065712834E-42,0.));
#6764=DIRECTION('',(0.,-1.98068972494406E-15,-1.));
#6765=DIRECTION('center_axis',(0.,-1.97356997341766E-15,-1.));
#6766=DIRECTION('ref_axis',(-1.,-2.78610962851142E-42,0.));
#6767=DIRECTION('',(0.,-1.97356997341766E-15,-1.));
#6768=DIRECTION('center_axis',(-1.,0.,0.));
#6769=DIRECTION('ref_axis',(0.,1.,0.));
#6770=DIRECTION('',(-1.,0.,0.));
#6771=DIRECTION('center_axis',(1.,2.47480055024817E-15,0.));
#6772=DIRECTION('ref_axis',(0.,1.,0.));
#6773=DIRECTION('center_axis',(-1.,0.,0.));
#6774=DIRECTION('ref_axis',(0.,1.,0.));
#6775=DIRECTION('',(-1.,0.,0.));
#6776=DIRECTION('center_axis',(1.,2.47480055024817E-15,0.));
#6777=DIRECTION('ref_axis',(0.,1.,0.));
#6778=DIRECTION('center_axis',(-1.4977346415704E-27,1.89156119808557E-16,
-1.));
#6779=DIRECTION('ref_axis',(1.,1.43438984214463E-12,-1.22641102473751E-27));
#6780=DIRECTION('',(1.4977346415704E-27,-1.89156119808557E-16,1.));
#6781=DIRECTION('center_axis',(1.43438984214463E-12,-1.,-1.89156119808557E-16));
#6782=DIRECTION('ref_axis',(-1.,-1.43438984214463E-12,-1.85299563707791E-28));
#6783=DIRECTION('',(-4.84628029523574E-32,-1.89156119808558E-16,1.));
#6784=DIRECTION('center_axis',(-1.48894530968035E-27,-1.89156119808557E-16,
1.));
#6785=DIRECTION('ref_axis',(-1.,1.42550805794763E-12,-1.21930173668315E-27));
#6786=DIRECTION('',(-1.48894530968035E-27,-1.89156119808557E-16,1.));
#6787=DIRECTION('center_axis',(1.,-1.41958686848296E-12,1.22042176590694E-27));
#6788=DIRECTION('ref_axis',(-1.41958686848296E-12,-1.,-2.69998957697701E-16));
#6789=DIRECTION('',(-1.22042176590694E-27,-5.41976137705429E-42,1.));
#6790=DIRECTION('center_axis',(2.98667995125075E-27,1.89984688705492E-15,
1.));
#6791=DIRECTION('ref_axis',(1.,-2.85989790009226E-12,2.44668817153442E-27));
#6792=DIRECTION('',(2.98667995125075E-27,1.89984688705492E-15,1.));
#6793=DIRECTION('center_axis',(0.,-1.89984688705492E-15,-1.));
#6794=DIRECTION('ref_axis',(-1.,-2.68203396688027E-42,0.));
#6795=DIRECTION('',(0.,1.89984688705492E-15,1.));
#6796=DIRECTION('center_axis',(-1.,2.56205313375036E-16,0.));
#6797=DIRECTION('ref_axis',(-2.56205313375036E-16,-1.,0.));
#6798=DIRECTION('',(0.,0.,-1.));
#6799=DIRECTION('center_axis',(1.,-2.56205313375036E-16,0.));
#6800=DIRECTION('ref_axis',(9.81831150830252E-13,0.707106781186548,-0.707106781186548));
#6801=DIRECTION('',(-2.56205313375036E-16,-1.,0.));
#6802=DIRECTION('center_axis',(1.,-2.56205313375036E-16,0.));
#6803=DIRECTION('ref_axis',(-9.81831150830252E-13,-0.707106781186548,-0.707106781186548));
#6804=DIRECTION('',(0.,0.,1.));
#6805=DIRECTION('center_axis',(1.,-2.56205313375036E-16,0.));
#6806=DIRECTION('ref_axis',(-9.81831150830252E-13,-0.707106781186548,0.707106781186548));
#6807=DIRECTION('',(2.56205313375036E-16,1.,0.));
#6808=DIRECTION('center_axis',(1.,-2.56205313375036E-16,0.));
#6809=DIRECTION('ref_axis',(9.81831150830252E-13,0.707106781186548,0.707106781186548));
#6810=DIRECTION('center_axis',(-2.40698758726191E-15,1.,-1.74769464718639E-15));
#6811=DIRECTION('ref_axis',(-1.,-2.40698758726191E-15,0.));
#6812=DIRECTION('',(0.707106781186543,4.66190508715795E-16,-0.707106781186552));
#6813=DIRECTION('',(-4.20667932210173E-30,1.74769464718639E-15,1.));
#6814=DIRECTION('',(-1.,-2.40698758726191E-15,0.));
#6815=DIRECTION('',(-1.,-2.40698758726191E-15,0.));
#6816=DIRECTION('',(0.707106781186543,4.66190508715795E-16,-0.707106781186552));
#6817=DIRECTION('',(-4.20667932210173E-30,1.74769464718639E-15,1.));
#6818=DIRECTION('',(0.707106781186559,4.66190508715865E-16,-0.707106781186536));
#6819=DIRECTION('',(-1.,-2.40698758726191E-15,0.));
#6820=DIRECTION('',(0.707106781186543,4.66190508715795E-16,-0.707106781186552));
#6821=DIRECTION('',(1.,2.40698758726191E-15,0.));
#6822=DIRECTION('',(0.707106781186559,4.66190508715865E-16,-0.707106781186536));
#6823=DIRECTION('',(-1.,-2.40698758726191E-15,0.));
#6824=DIRECTION('',(0.707106781186543,4.66190508715795E-16,-0.707106781186552));
#6825=DIRECTION('',(1.,2.40698758726191E-15,0.));
#6826=DIRECTION('',(0.707106781186559,4.66190508715864E-16,-0.707106781186536));
#6827=DIRECTION('',(-1.,-2.40698758726191E-15,0.));
#6828=DIRECTION('',(4.20667932210173E-30,-1.74769464718639E-15,-1.));
#6829=DIRECTION('',(0.707106781186543,4.66190508715795E-16,-0.707106781186552));
#6830=DIRECTION('',(1.,2.40698758726191E-15,0.));
#6831=DIRECTION('',(0.707106781186559,4.66190508715864E-16,-0.707106781186536));
#6832=DIRECTION('',(4.20667932210173E-30,-1.74769464718639E-15,-1.));
#6833=DIRECTION('',(0.707106781186543,4.66190508715795E-16,-0.707106781186552));
#6834=DIRECTION('',(1.,2.40698758726191E-15,0.));
#6835=DIRECTION('',(0.707106781186559,4.66190508715864E-16,-0.707106781186536));
#6836=DIRECTION('',(4.20667932210173E-30,-1.74769464718639E-15,-1.));
#6837=DIRECTION('',(1.,2.40698758726191E-15,0.));
#6838=DIRECTION('',(0.707106781186559,4.66190508715864E-16,-0.707106781186536));
#6839=DIRECTION('',(4.20667932210173E-30,-1.74769464718639E-15,-1.));
#6840=DIRECTION('',(0.707106781186543,4.66190508715795E-16,-0.707106781186552));
#6841=DIRECTION('',(1.,2.40698758726191E-15,0.));
#6842=DIRECTION('',(0.707106781186559,4.66190508715864E-16,-0.707106781186536));
#6843=DIRECTION('',(-1.,-2.40698758726191E-15,0.));
#6844=DIRECTION('',(0.707106781186543,4.66190508715795E-16,-0.707106781186552));
#6845=DIRECTION('',(1.,2.40698758726191E-15,0.));
#6846=DIRECTION('',(0.707106781186559,4.66190508715864E-16,-0.707106781186536));
#6847=DIRECTION('',(-1.,-2.40698758726191E-15,0.));
#6848=DIRECTION('',(0.707106781186543,4.66190508715795E-16,-0.707106781186552));
#6849=DIRECTION('',(1.,2.40698758726191E-15,0.));
#6850=DIRECTION('',(0.707106781186559,4.66190508715864E-16,-0.707106781186536));
#6851=DIRECTION('',(-1.,-2.40698758726191E-15,0.));
#6852=DIRECTION('',(0.707106781186543,4.66190508715796E-16,-0.707106781186552));
#6853=DIRECTION('',(1.,2.40698758726191E-15,0.));
#6854=DIRECTION('',(-4.20667932210173E-30,1.74769464718639E-15,1.));
#6855=DIRECTION('',(0.707106781186559,4.66190508715864E-16,-0.707106781186536));
#6856=DIRECTION('',(-1.,-2.40698758726191E-15,0.));
#6857=DIRECTION('',(0.707106781186543,4.66190508715795E-16,-0.707106781186552));
#6858=DIRECTION('',(-4.20667932210173E-30,1.74769464718639E-15,1.));
#6859=DIRECTION('',(0.707106781186559,4.66190508715864E-16,-0.707106781186536));
#6860=DIRECTION('center_axis',(4.44089209850062E-15,-1.,0.));
#6861=DIRECTION('ref_axis',(0.,0.,-1.));
#6862=DIRECTION('',(0.707106781186559,4.66190508715864E-16,-0.707106781186536));
#6863=DIRECTION('',(4.20667932210173E-30,-1.74769464718639E-15,-1.));
#6864=DIRECTION('',(-0.707106781186543,-4.66190508715795E-16,0.707106781186552));
#6865=DIRECTION('',(1.,2.40698758726191E-15,0.));
#6866=DIRECTION('',(0.707106781186559,4.66190508715864E-16,-0.707106781186536));
#6867=DIRECTION('',(4.20667932210173E-30,-1.74769464718639E-15,-1.));
#6868=DIRECTION('',(-1.,-2.40698758726191E-15,0.));
#6869=DIRECTION('',(-0.707106781186543,-4.66190508715796E-16,0.707106781186552));
#6870=DIRECTION('',(1.,2.40698758726191E-15,0.));
#6871=DIRECTION('',(0.707106781186559,4.66190508715864E-16,-0.707106781186536));
#6872=DIRECTION('',(-1.,-2.40698758726191E-15,0.));
#6873=DIRECTION('',(-0.707106781186543,-4.66190508715795E-16,0.707106781186552));
#6874=DIRECTION('',(1.,2.40698758726191E-15,0.));
#6875=DIRECTION('',(0.707106781186559,4.66190508715864E-16,-0.707106781186536));
#6876=DIRECTION('',(-1.,-2.40698758726191E-15,0.));
#6877=DIRECTION('',(-0.707106781186543,-4.66190508715795E-16,0.707106781186552));
#6878=DIRECTION('',(-4.20667932210173E-30,1.74769464718639E-15,1.));
#6879=DIRECTION('',(1.,2.40698758726191E-15,0.));
#6880=DIRECTION('',(0.707106781186559,4.66190508715864E-16,-0.707106781186536));
#6881=DIRECTION('',(-1.,-2.40698758726191E-15,0.));
#6882=DIRECTION('',(-0.707106781186543,-4.66190508715795E-16,0.707106781186552));
#6883=DIRECTION('',(-4.20667932210173E-30,1.74769464718639E-15,1.));
#6884=DIRECTION('',(0.707106781186559,4.66190508715864E-16,-0.707106781186536));
#6885=DIRECTION('',(-1.,-2.40698758726191E-15,0.));
#6886=DIRECTION('',(-4.20667932210173E-30,1.74769464718639E-15,1.));
#6887=DIRECTION('',(0.707106781186559,4.66190508715864E-16,-0.707106781186536));
#6888=DIRECTION('',(-1.,-2.40698758726191E-15,0.));
#6889=DIRECTION('',(-0.707106781186543,-4.66190508715795E-16,0.707106781186552));
#6890=DIRECTION('',(-4.20667932210173E-30,1.74769464718639E-15,1.));
#6891=DIRECTION('',(0.707106781186559,4.66190508715864E-16,-0.707106781186536));
#6892=DIRECTION('',(-1.,-2.40698758726191E-15,0.));
#6893=DIRECTION('',(-0.707106781186543,-4.66190508715795E-16,0.707106781186552));
#6894=DIRECTION('',(1.,2.40698758726191E-15,0.));
#6895=DIRECTION('',(0.707106781186559,4.66190508715864E-16,-0.707106781186536));
#6896=DIRECTION('',(-1.,-2.40698758726191E-15,0.));
#6897=DIRECTION('',(-0.707106781186543,-4.66190508715795E-16,0.707106781186552));
#6898=DIRECTION('',(1.,2.40698758726191E-15,0.));
#6899=DIRECTION('',(0.707106781186559,4.66190508715865E-16,-0.707106781186536));
#6900=DIRECTION('',(-1.,-2.40698758726191E-15,0.));
#6901=DIRECTION('',(-0.707106781186543,-4.66190508715795E-16,0.707106781186552));
#6902=DIRECTION('',(1.,2.40698758726191E-15,0.));
#6903=DIRECTION('',(0.707106781186559,4.66190508715865E-16,-0.707106781186536));
#6904=DIRECTION('',(4.20667932210173E-30,-1.74769464718639E-15,-1.));
#6905=DIRECTION('',(-0.707106781186543,-4.66190508715795E-16,0.707106781186552));
#6906=DIRECTION('',(1.,2.40698758726191E-15,0.));
#6907=DIRECTION('',(1.,2.40698758726191E-15,0.));
#6908=DIRECTION('',(4.20667932210173E-30,-1.74769464718639E-15,-1.));
#6909=DIRECTION('',(-0.707106781186543,-4.66190508715795E-16,0.707106781186552));
#6910=DIRECTION('center_axis',(-1.42794338587261E-12,-1.,1.71069076724636E-15));
#6911=DIRECTION('ref_axis',(-1.21930173668315E-27,-1.71069076724636E-15,
-1.));
#6912=DIRECTION('',(0.707106781186559,-1.0096622459616E-12,-0.707106781186536));
#6913=DIRECTION('',(-1.27625774503509E-27,-3.70038799400301E-17,1.));
#6914=DIRECTION('',(-1.,1.42791504553489E-12,-1.22341934812555E-27));
#6915=DIRECTION('',(0.,0.,1.));
#6916=DIRECTION('center_axis',(-1.42794338587261E-12,-1.,1.71069076724636E-15));
#6917=DIRECTION('ref_axis',(-1.21930173668315E-27,-1.71069076724636E-15,
-1.));
#6918=DIRECTION('',(0.707106781186559,-1.0096622459616E-12,-0.707106781186536));
#6919=DIRECTION('',(-1.27625774503509E-27,-3.70038799400301E-17,1.));
#6920=DIRECTION('',(-0.707106781186543,1.00966224596157E-12,0.707106781186552));
#6921=DIRECTION('',(0.,0.,1.));
#6922=DIRECTION('center_axis',(-1.42794338587261E-12,-1.,1.71069076724636E-15));
#6923=DIRECTION('ref_axis',(-1.21930173668315E-27,-1.71069076724636E-15,
-1.));
#6924=DIRECTION('',(0.707106781186559,-1.0096622459616E-12,-0.707106781186536));
#6925=DIRECTION('',(-1.27625774503509E-27,-3.70038799400301E-17,1.));
#6926=DIRECTION('',(-0.707106781186543,1.00966224596157E-12,0.707106781186552));
#6927=DIRECTION('',(0.,0.,1.));
#6928=DIRECTION('center_axis',(-1.42794338587261E-12,-1.,1.71069076724636E-15));
#6929=DIRECTION('ref_axis',(-1.21930173668315E-27,-1.71069076724636E-15,
-1.));
#6930=DIRECTION('',(0.707106781186559,-1.0096622459616E-12,-0.707106781186536));
#6931=DIRECTION('',(1.,-1.42791504553489E-12,1.22341934812555E-27));
#6932=DIRECTION('',(-1.27625774503509E-27,-3.70038799400301E-17,1.));
#6933=DIRECTION('',(-0.707106781186543,1.00966224596157E-12,0.707106781186552));
#6934=DIRECTION('',(0.,0.,1.));
#6935=DIRECTION('center_axis',(-1.,-1.77635683940025E-15,0.));
#6936=DIRECTION('ref_axis',(1.77635683940025E-15,-1.,0.));
#6937=DIRECTION('center_axis',(1.,2.44340693177678E-15,-4.2703292155644E-30));
#6938=DIRECTION('ref_axis',(2.44340693177678E-15,-1.,0.));
#6939=DIRECTION('',(1.,1.77635683940025E-15,0.));
#6940=DIRECTION('center_axis',(-1.,-2.47480055024817E-15,0.));
#6941=DIRECTION('ref_axis',(1.77635683940025E-15,-1.,0.));
#6942=DIRECTION('center_axis',(-1.,-1.77635683940025E-15,0.));
#6943=DIRECTION('ref_axis',(1.77635683940025E-15,-1.,0.));
#6944=DIRECTION('center_axis',(1.,2.44340693177678E-15,-4.2703292155644E-30));
#6945=DIRECTION('ref_axis',(2.44340693177678E-15,-1.,0.));
#6946=DIRECTION('',(1.,1.77635683940025E-15,0.));
#6947=DIRECTION('center_axis',(-1.,-2.47480055024817E-15,0.));
#6948=DIRECTION('ref_axis',(1.77635683940025E-15,-1.,0.));
#6949=DIRECTION('center_axis',(-1.77635683940025E-15,1.,-2.84852349772041E-45));
#6950=DIRECTION('ref_axis',(-4.2703292155644E-30,-1.04341520062789E-44,
-1.));
#6951=DIRECTION('',(-7.0495275195533E-60,2.84852349772041E-45,1.));
#6952=DIRECTION('',(-4.2703292155644E-30,-1.04341520062789E-44,-1.));
#6953=DIRECTION('center_axis',(1.,2.47480055024817E-15,0.));
#6954=DIRECTION('ref_axis',(-2.47480055024817E-15,1.,0.));
#6955=DIRECTION('center_axis',(1.,2.47480055024817E-15,0.));
#6956=DIRECTION('ref_axis',(-2.47480055024817E-15,1.,0.));
#6957=DIRECTION('',(-5.15171353545095E-31,2.08166817117216E-16,-1.));
#6958=DIRECTION('center_axis',(-1.,-2.44249065417534E-15,0.));
#6959=DIRECTION('ref_axis',(2.44249065417534E-15,-1.,0.));
#6960=DIRECTION('center_axis',(1.,2.44340693177678E-15,-4.2703292155644E-30));
#6961=DIRECTION('ref_axis',(2.44340693177678E-15,-1.,0.));
#6962=DIRECTION('',(1.,2.44249065417534E-15,0.));
#6963=DIRECTION('center_axis',(-1.,-2.47480055024817E-15,0.));
#6964=DIRECTION('ref_axis',(2.44249065417534E-15,-1.,0.));
#6965=DIRECTION('center_axis',(-1.,-2.44249065417534E-15,0.));
#6966=DIRECTION('ref_axis',(2.44249065417534E-15,-1.,0.));
#6967=DIRECTION('center_axis',(1.,2.44340693177678E-15,-4.2703292155644E-30));
#6968=DIRECTION('ref_axis',(2.44340693177678E-15,-1.,0.));
#6969=DIRECTION('',(1.,2.44249065417534E-15,0.));
#6970=DIRECTION('center_axis',(-1.,-2.47480055024817E-15,0.));
#6971=DIRECTION('ref_axis',(2.44249065417534E-15,-1.,0.));
#6972=DIRECTION('center_axis',(-2.44249065417534E-15,1.,-3.9128070109644E-48));
#6973=DIRECTION('ref_axis',(-4.2703292155644E-30,-1.04341520062789E-44,
-1.));
#6974=DIRECTION('',(-9.68341694374958E-63,3.9128070109644E-48,1.));
#6975=DIRECTION('',(-4.2703292155644E-30,-1.04341520062789E-44,-1.));
#6976=DIRECTION('center_axis',(2.44249065417534E-15,-1.,-2.08166817117216E-16));
#6977=DIRECTION('ref_axis',(4.77896545947452E-30,-2.08166817117216E-16,
1.));
#6978=DIRECTION('',(4.77896545947452E-30,-2.08166817117216E-16,1.));
#6979=DIRECTION('center_axis',(-1.,-2.44340693177678E-15,4.2703292155644E-30));
#6980=DIRECTION('ref_axis',(2.44340693177678E-15,-1.,-1.51167944846307E-73));
#6981=DIRECTION('center_axis',(1.,2.47480055024817E-15,0.));
#6982=DIRECTION('ref_axis',(-2.47480055024817E-15,1.,0.));
#6983=DIRECTION('center_axis',(1.,2.47480055024817E-15,0.));
#6984=DIRECTION('ref_axis',(-2.47480055024817E-15,1.,0.));
#6985=DIRECTION('',(-2.3369312839261E-60,9.44290756558852E-46,-1.));
#6986=DIRECTION('center_axis',(1.,2.47480055024817E-15,0.));
#6987=DIRECTION('ref_axis',(-2.47480055024817E-15,1.,0.));
#6988=DIRECTION('center_axis',(-1.,-2.66453525910038E-15,0.));
#6989=DIRECTION('ref_axis',(2.66453525910038E-15,-1.,0.));
#6990=DIRECTION('center_axis',(1.,2.44340693177678E-15,-4.2703292155644E-30));
#6991=DIRECTION('ref_axis',(2.44340693177678E-15,-1.,0.));
#6992=DIRECTION('',(1.,2.66453525910038E-15,0.));
#6993=DIRECTION('center_axis',(-1.,-2.47480055024817E-15,0.));
#6994=DIRECTION('ref_axis',(2.66453525910038E-15,-1.,0.));
#6995=DIRECTION('center_axis',(-1.,-2.66453525910038E-15,0.));
#6996=DIRECTION('ref_axis',(2.66453525910038E-15,-1.,0.));
#6997=DIRECTION('center_axis',(1.,2.44340693177678E-15,-4.2703292155644E-30));
#6998=DIRECTION('ref_axis',(2.44340693177678E-15,-1.,0.));
#6999=DIRECTION('',(1.,2.66453525910038E-15,0.));
#7000=DIRECTION('center_axis',(-1.,-2.47480055024817E-15,0.));
#7001=DIRECTION('ref_axis',(2.66453525910038E-15,-1.,0.));
#7002=DIRECTION('center_axis',(-2.66453525910038E-15,1.,9.44290756558851E-46));
#7003=DIRECTION('ref_axis',(-4.2703292155644E-30,-1.04341520062789E-44,
-1.));
#7004=DIRECTION('',(2.3369312839261E-60,-9.44290756558851E-46,1.));
#7005=DIRECTION('',(-4.2703292155644E-30,-1.04341520062789E-44,-1.));
#7006=DIRECTION('center_axis',(2.66453525910038E-15,-1.,-9.44290756558852E-46));
#7007=DIRECTION('ref_axis',(4.2703292155644E-30,1.0434152006279E-44,1.));
#7008=DIRECTION('',(4.2703292155644E-30,1.0434152006279E-44,1.));
#7009=DIRECTION('center_axis',(-1.,-2.44340693177678E-15,4.2703292155644E-30));
#7010=DIRECTION('ref_axis',(2.44340693177678E-15,-1.,-1.51167944846307E-73));
#7011=DIRECTION('center_axis',(1.,2.47480055024817E-15,0.));
#7012=DIRECTION('ref_axis',(-2.47480055024817E-15,1.,0.));
#7013=DIRECTION('center_axis',(1.,2.47480055024817E-15,0.));
#7014=DIRECTION('ref_axis',(-2.47480055024817E-15,1.,0.));
#7015=DIRECTION('center_axis',(1.,2.47480055024817E-15,0.));
#7016=DIRECTION('ref_axis',(-2.47480055024817E-15,1.,0.));
#7017=DIRECTION('center_axis',(-1.,1.3899992268307E-12,0.));
#7018=DIRECTION('ref_axis',(9.82877879136044E-13,0.707106781186545,-0.70710678118655));
#7019=DIRECTION('center_axis',(-1.,2.56205313375036E-16,0.));
#7020=DIRECTION('ref_axis',(9.82877879136044E-13,0.707106781186545,-0.70710678118655));
#7021=DIRECTION('',(-1.,1.3899992268307E-12,0.));
#7022=DIRECTION('',(1.,-1.3899992268307E-12,0.));
#7023=DIRECTION('center_axis',(0.,0.,-1.));
#7024=DIRECTION('ref_axis',(-2.56205313375036E-16,-1.,0.));
#7025=DIRECTION('',(-1.,1.3899992268307E-12,0.));
#7026=DIRECTION('',(-2.56205313375036E-16,-1.,0.));
#7027=DIRECTION('center_axis',(-1.,1.3899992268307E-12,0.));
#7028=DIRECTION('ref_axis',(9.82877879136044E-13,0.707106781186545,0.70710678118655));
#7029=DIRECTION('center_axis',(-1.,2.56205313375036E-16,0.));
#7030=DIRECTION('ref_axis',(9.82877879136044E-13,0.707106781186545,0.70710678118655));
#7031=DIRECTION('',(-1.,1.3899992268307E-12,0.));
#7032=DIRECTION('',(1.,-1.3899992268307E-12,0.));
#7033=DIRECTION('center_axis',(1.3899992268307E-12,1.,0.));
#7034=DIRECTION('ref_axis',(0.,0.,-1.));
#7035=DIRECTION('',(0.,0.,-1.));
#7036=DIRECTION('center_axis',(-1.,1.3899992268307E-12,0.));
#7037=DIRECTION('ref_axis',(-9.82877879136044E-13,-0.707106781186545,0.70710678118655));
#7038=DIRECTION('center_axis',(-1.,2.56205313375036E-16,0.));
#7039=DIRECTION('ref_axis',(-9.82877879136044E-13,-0.707106781186545,0.70710678118655));
#7040=DIRECTION('',(-1.,1.3899992268307E-12,0.));
#7041=DIRECTION('',(1.,-1.3899992268307E-12,0.));
#7042=DIRECTION('center_axis',(0.,0.,1.));
#7043=DIRECTION('ref_axis',(2.56205313375036E-16,1.,0.));
#7044=DIRECTION('',(2.56205313375036E-16,1.,0.));
#7045=DIRECTION('center_axis',(-1.,1.3899992268307E-12,0.));
#7046=DIRECTION('ref_axis',(-9.82877879136044E-13,-0.707106781186545,-0.70710678118655));
#7047=DIRECTION('center_axis',(-1.,2.56205313375036E-16,0.));
#7048=DIRECTION('ref_axis',(-9.82877879136044E-13,-0.707106781186545,-0.70710678118655));
#7049=DIRECTION('',(1.,-1.3899992268307E-12,0.));
#7050=DIRECTION('center_axis',(-1.3899992268307E-12,-1.,0.));
#7051=DIRECTION('ref_axis',(0.,0.,1.));
#7052=DIRECTION('',(0.,0.,1.));
#7053=DIRECTION('center_axis',(1.,-1.38878807448942E-12,0.));
#7054=DIRECTION('ref_axis',(9.81831150830252E-13,0.707106781186548,-0.707106781186548));
#7055=DIRECTION('center_axis',(-1.,2.56205313375036E-16,0.));
#7056=DIRECTION('ref_axis',(9.81831150830252E-13,0.707106781186548,-0.707106781186548));
#7057=DIRECTION('',(1.,-1.38878807448942E-12,0.));
#7058=DIRECTION('',(-1.,1.38878807448942E-12,0.));
#7059=DIRECTION('center_axis',(0.,0.,-1.));
#7060=DIRECTION('ref_axis',(1.39038353480076E-12,1.,0.));
#7061=DIRECTION('',(-2.56205313375036E-16,-1.,0.));
#7062=DIRECTION('',(-1.,1.38878807448942E-12,0.));
#7063=DIRECTION('center_axis',(1.,-1.38878807448942E-12,0.));
#7064=DIRECTION('ref_axis',(-9.81831150830252E-13,-0.707106781186548,0.707106781186548));
#7065=DIRECTION('center_axis',(-1.,2.56205313375036E-16,0.));
#7066=DIRECTION('ref_axis',(-9.81831150830252E-13,-0.707106781186548,0.707106781186548));
#7067=DIRECTION('',(1.,-1.38878807448942E-12,0.));
#7068=DIRECTION('',(-1.,1.38878807448942E-12,0.));
#7069=DIRECTION('center_axis',(0.,0.,1.));
#7070=DIRECTION('ref_axis',(-1.39038353480076E-12,-1.,0.));
#7071=DIRECTION('',(2.56205313375036E-16,1.,0.));
#7072=DIRECTION('',(-1.,1.38878807448942E-12,0.));
#7073=DIRECTION('center_axis',(1.,-1.38878807448942E-12,0.));
#7074=DIRECTION('ref_axis',(-9.81831150830252E-13,-0.707106781186548,-0.707106781186548));
#7075=DIRECTION('center_axis',(-1.,2.56205313375036E-16,0.));
#7076=DIRECTION('ref_axis',(-9.81831150830252E-13,-0.707106781186548,-0.707106781186548));
#7077=DIRECTION('',(1.,-1.38878807448942E-12,0.));
#7078=DIRECTION('center_axis',(-1.38878807448942E-12,-1.,0.));
#7079=DIRECTION('ref_axis',(0.,0.,-1.));
#7080=DIRECTION('',(0.,0.,1.));
#7081=DIRECTION('center_axis',(1.,-1.38878807448942E-12,0.));
#7082=DIRECTION('ref_axis',(9.81831150830252E-13,0.707106781186548,0.707106781186548));
#7083=DIRECTION('center_axis',(-1.,2.56205313375036E-16,0.));
#7084=DIRECTION('ref_axis',(9.81831150830252E-13,0.707106781186548,0.707106781186548));
#7085=DIRECTION('',(1.,-1.38878807448942E-12,0.));
#7086=DIRECTION('center_axis',(1.38878807448942E-12,1.,0.));
#7087=DIRECTION('ref_axis',(0.,0.,1.));
#7088=DIRECTION('',(0.,0.,-1.));
#7089=DIRECTION('center_axis',(1.,-2.56205313375036E-16,0.));
#7090=DIRECTION('ref_axis',(0.,0.,-1.));
#7091=DIRECTION('center_axis',(-1.,-9.7281316506017E-15,0.));
#7092=DIRECTION('ref_axis',(5.70942712248639E-15,-0.707106781186548,-0.707106781186548));
#7093=DIRECTION('center_axis',(1.,8.88178419700125E-15,0.));
#7094=DIRECTION('ref_axis',(5.70942712248639E-15,-0.707106781186548,-0.707106781186548));
#7095=DIRECTION('',(-1.,-9.7281316506017E-15,0.));
#7096=DIRECTION('center_axis',(-1.,-9.9066054505014E-15,0.));
#7097=DIRECTION('ref_axis',(5.70942712248639E-15,-0.707106781186548,-0.707106781186548));
#7098=DIRECTION('',(1.,9.7281316506017E-15,0.));
#7099=DIRECTION('center_axis',(4.93732376918069E-29,-5.07530525542929E-15,
-1.));
#7100=DIRECTION('ref_axis',(9.68921912400137E-15,-1.,5.07530525542929E-15));
#7101=DIRECTION('',(-8.88178419700125E-15,1.,-5.07530525542929E-15));
#7102=DIRECTION('',(1.,9.7281316506017E-15,0.));
#7103=DIRECTION('',(-9.9066054505014E-15,1.,-5.07530525542929E-15));
#7104=DIRECTION('center_axis',(-1.,-9.7281316506017E-15,0.));
#7105=DIRECTION('ref_axis',(-5.70942712248648E-15,0.707106781186547,-0.707106781186547));
#7106=DIRECTION('center_axis',(1.,8.88178419700125E-15,0.));
#7107=DIRECTION('ref_axis',(-5.70942712248648E-15,0.707106781186547,-0.707106781186547));
#7108=DIRECTION('',(-1.,-9.7281316506017E-15,0.));
#7109=DIRECTION('center_axis',(-1.,-9.9066054505014E-15,0.));
#7110=DIRECTION('ref_axis',(-5.70942712248648E-15,0.707106781186547,-0.707106781186547));
#7111=DIRECTION('center_axis',(-9.7281316506017E-15,1.,1.86984930463184E-15));
#7112=DIRECTION('ref_axis',(-1.81173796414395E-29,1.86984930463184E-15,
-1.));
#7113=DIRECTION('',(1.66075980046529E-29,-1.86984930463184E-15,1.));
#7114=DIRECTION('',(1.,9.7281316506017E-15,0.));
#7115=DIRECTION('',(1.85238593128821E-29,-1.86984930463184E-15,1.));
#7116=DIRECTION('center_axis',(-1.,-9.7281316506017E-15,0.));
#7117=DIRECTION('ref_axis',(5.70942712248639E-15,-0.707106781186548,0.707106781186548));
#7118=DIRECTION('center_axis',(1.,8.88178419700125E-15,0.));
#7119=DIRECTION('ref_axis',(5.70942712248639E-15,-0.707106781186548,0.707106781186548));
#7120=DIRECTION('',(-1.,-9.7281316506017E-15,0.));
#7121=DIRECTION('center_axis',(-1.,-9.9066054505014E-15,0.));
#7122=DIRECTION('ref_axis',(5.70942712248639E-15,-0.707106781186548,0.707106781186548));
#7123=DIRECTION('',(1.,9.7281316506017E-15,0.));
#7124=DIRECTION('center_axis',(9.7281316506017E-15,-1.,1.86984930463185E-15));
#7125=DIRECTION('ref_axis',(-1.81173796414395E-29,1.86984930463185E-15,
1.));
#7126=DIRECTION('',(1.85238593128821E-29,-1.86984930463185E-15,-1.));
#7127=DIRECTION('',(1.66075980046529E-29,-1.86984930463185E-15,-1.));
#7128=DIRECTION('center_axis',(-1.,-9.7281316506017E-15,0.));
#7129=DIRECTION('ref_axis',(-8.56414068372959E-15,0.707106781186548,0.707106781186548));
#7130=DIRECTION('center_axis',(1.,8.88178419700125E-15,0.));
#7131=DIRECTION('ref_axis',(-8.56414068372959E-15,0.707106781186548,0.707106781186548));
#7132=DIRECTION('',(-1.,-9.7281316506017E-15,0.));
#7133=DIRECTION('center_axis',(-1.,-9.9066054505014E-15,0.));
#7134=DIRECTION('ref_axis',(-8.56414068372959E-15,0.707106781186548,0.707106781186548));
#7135=DIRECTION('center_axis',(0.,0.,1.));
#7136=DIRECTION('ref_axis',(-9.68921912400137E-15,1.,0.));
#7137=DIRECTION('',(9.9066054505014E-15,-1.,0.));
#7138=DIRECTION('',(8.88178419700125E-15,-1.,0.));
#7139=DIRECTION('center_axis',(0.,0.,1.));
#7140=DIRECTION('ref_axis',(-9.68921912400137E-15,1.,0.));
#7141=DIRECTION('',(-9.68921912400137E-15,1.,0.));
#7142=DIRECTION('',(-1.,-8.88178419700125E-15,0.));
#7143=DIRECTION('',(-9.68921912400137E-15,1.,0.));
#7144=DIRECTION('',(-1.,-8.88178419700125E-15,0.));
#7145=DIRECTION('center_axis',(8.88178419700125E-15,-1.,0.));
#7146=DIRECTION('ref_axis',(0.,0.,1.));
#7147=DIRECTION('',(0.,0.,1.));
#7148=DIRECTION('',(-1.,-8.88178419700125E-15,0.));
#7149=DIRECTION('',(0.,0.,1.));
#7150=DIRECTION('center_axis',(-2.62953635073671E-29,2.96059473233375E-15,
-1.));
#7151=DIRECTION('ref_axis',(9.68921912400137E-15,-1.,-2.96059473233375E-15));
#7152=DIRECTION('',(9.68921912400137E-15,-1.,-2.96059473233375E-15));
#7153=DIRECTION('',(-1.,-8.88178419700125E-15,0.));
#7154=DIRECTION('',(9.68921912400137E-15,-1.,-2.96059473233375E-15));
#7155=DIRECTION('center_axis',(-8.88178419700125E-15,1.,0.));
#7156=DIRECTION('ref_axis',(0.,0.,-1.));
#7157=DIRECTION('',(0.,0.,-1.));
#7158=DIRECTION('',(0.,0.,-1.));
#7159=DIRECTION('center_axis',(-1.,-8.88178419700125E-15,0.));
#7160=DIRECTION('ref_axis',(0.,0.,1.));
#7161=DIRECTION('center_axis',(-1.,-9.7281316506017E-15,0.));
#7162=DIRECTION('ref_axis',(-9.7281316506017E-15,1.,0.));
#7163=DIRECTION('center_axis',(-1.,-9.68921912400137E-15,0.));
#7164=DIRECTION('ref_axis',(-9.7281316506017E-15,1.,0.));
#7165=DIRECTION('',(-1.,-9.7281316506017E-15,0.));
#7166=DIRECTION('center_axis',(1.,9.9066054505014E-15,0.));
#7167=DIRECTION('ref_axis',(-9.7281316506017E-15,1.,0.));
#7168=DIRECTION('center_axis',(-1.,-9.7281316506017E-15,0.));
#7169=DIRECTION('ref_axis',(-9.7281316506017E-15,1.,0.));
#7170=DIRECTION('center_axis',(-1.,-9.68921912400137E-15,0.));
#7171=DIRECTION('ref_axis',(-9.7281316506017E-15,1.,0.));
#7172=DIRECTION('',(-1.,-9.7281316506017E-15,0.));
#7173=DIRECTION('center_axis',(1.,9.9066054505014E-15,0.));
#7174=DIRECTION('ref_axis',(-9.7281316506017E-15,1.,0.));
#7175=DIRECTION('center_axis',(-1.,-9.7281316506017E-15,0.));
#7176=DIRECTION('ref_axis',(-9.7281316506017E-15,1.,0.));
#7177=DIRECTION('center_axis',(-1.,-9.68921912400137E-15,0.));
#7178=DIRECTION('ref_axis',(-9.7281316506017E-15,1.,0.));
#7179=DIRECTION('',(-1.,-9.7281316506017E-15,0.));
#7180=DIRECTION('center_axis',(1.,9.9066054505014E-15,0.));
#7181=DIRECTION('ref_axis',(-9.7281316506017E-15,1.,0.));
#7182=DIRECTION('center_axis',(-1.,-9.7281316506017E-15,0.));
#7183=DIRECTION('ref_axis',(-9.7281316506017E-15,1.,0.));
#7184=DIRECTION('center_axis',(-1.,-9.68921912400137E-15,0.));
#7185=DIRECTION('ref_axis',(-9.7281316506017E-15,1.,0.));
#7186=DIRECTION('',(-1.,-9.7281316506017E-15,0.));
#7187=DIRECTION('center_axis',(1.,9.9066054505014E-15,0.));
#7188=DIRECTION('ref_axis',(-9.7281316506017E-15,1.,0.));
#7189=DIRECTION('center_axis',(-7.93809462606986E-13,1.,0.));
#7190=DIRECTION('ref_axis',(1.,7.93809462606986E-13,-2.27726324616295E-32));
#7191=DIRECTION('',(-7.93809462606986E-13,1.,0.));
#7192=DIRECTION('center_axis',(-7.93804036297399E-13,1.,-9.90344862472031E-16));
#7193=DIRECTION('ref_axis',(1.,7.93818984245278E-13,-2.27726324616295E-32));
#7194=DIRECTION('center_axis',(7.93804036297399E-13,-1.,9.90344862472031E-16));
#7195=DIRECTION('ref_axis',(0.,-9.90344862472031E-16,-1.));
#7196=DIRECTION('center_axis',(7.93804036297399E-13,-1.,9.90344862472031E-16));
#7197=DIRECTION('ref_axis',(1.,7.93809462606987E-13,-9.09345485856073E-33));
#7198=DIRECTION('center_axis',(-7.92699239582361E-13,1.,0.));
#7199=DIRECTION('ref_axis',(1.,7.92699239582361E-13,1.22285920702094E-31));
#7200=DIRECTION('',(-7.92699239582361E-13,1.,0.));
#7201=DIRECTION('center_axis',(-7.93804036297399E-13,1.,-9.90344862472031E-16));
#7202=DIRECTION('ref_axis',(1.,7.93723767862377E-13,1.22285920702094E-31));
#7203=DIRECTION('center_axis',(7.93804036297399E-13,-1.,9.90344862472031E-16));
#7204=DIRECTION('ref_axis',(0.,-9.90344862472031E-16,-1.));
#7205=DIRECTION('center_axis',(7.93804036297399E-13,-1.,9.90344862472031E-16));
#7206=DIRECTION('ref_axis',(1.,7.93809462606987E-13,-9.09345485857323E-33));
#7207=DIRECTION('center_axis',(-7.92699239582361E-13,1.,0.));
#7208=DIRECTION('ref_axis',(1.,7.92699239582361E-13,1.22285920702094E-31));
#7209=DIRECTION('',(-7.92699239582361E-13,1.,0.));
#7210=DIRECTION('center_axis',(-7.93804036297399E-13,1.,-9.90344862472031E-16));
#7211=DIRECTION('ref_axis',(1.,7.93723767862377E-13,1.22285920702094E-31));
#7212=DIRECTION('center_axis',(7.93804036297399E-13,-1.,9.90344862472031E-16));
#7213=DIRECTION('ref_axis',(0.,-9.90344862472031E-16,-1.));
#7214=DIRECTION('center_axis',(7.93804036297399E-13,-1.,9.90344862472031E-16));
#7215=DIRECTION('ref_axis',(1.,7.93809462606987E-13,-9.09345485857323E-33));
#7216=DIRECTION('center_axis',(-1.01894273770657E-15,1.67580833905603E-15,
1.));
#7217=DIRECTION('ref_axis',(-1.,-7.93804036297399E-13,-1.01894273770524E-15));
#7218=DIRECTION('',(7.93809462606987E-13,-1.,1.67580833905684E-15));
#7219=DIRECTION('',(7.93809462606987E-13,-1.,1.67580833905684E-15));
#7220=DIRECTION('center_axis',(-1.,-7.93809462606987E-13,5.37391782315401E-33));
#7221=DIRECTION('ref_axis',(7.86139749156691E-28,-9.90344862472031E-16,
-1.));
#7222=DIRECTION('center_axis',(7.93809462606987E-13,-1.,1.67580833905684E-15));
#7223=DIRECTION('ref_axis',(0.382683432365114,3.06432669322025E-13,0.923879532511277));
#7224=DIRECTION('center_axis',(7.93809462606987E-13,-1.,1.67580833905684E-15));
#7225=DIRECTION('ref_axis',(1.,7.93809462606987E-13,-9.09345485857323E-33));
#7226=DIRECTION('',(-7.93809462606987E-13,1.,-1.67580833905684E-15));
#7227=DIRECTION('center_axis',(7.93809462606987E-13,-1.,1.67580833905684E-15));
#7228=DIRECTION('ref_axis',(1.,7.93809462606987E-13,-9.09345485857323E-33));
#7229=DIRECTION('',(-7.93809462606987E-13,1.,-1.67580833905684E-15));
#7230=DIRECTION('center_axis',(7.93809462606987E-13,-1.,1.67580833905684E-15));
#7231=DIRECTION('ref_axis',(1.,7.93809462606987E-13,-9.09345485856073E-33));
#7232=DIRECTION('',(-7.93809462606987E-13,1.,-1.67580833905684E-15));
#7233=DIRECTION('center_axis',(7.93809462606986E-13,-1.,0.));
#7234=DIRECTION('ref_axis',(1.,7.93809462606986E-13,-6.45677071205484E-35));
#7235=DIRECTION('center_axis',(-7.12754028973813E-13,-1.,8.55345383623181E-16));
#7236=DIRECTION('ref_axis',(1.,7.93809462606986E-13,-6.45677071205484E-35));
#7237=DIRECTION('',(7.93809462606986E-13,-1.,0.));
#7238=DIRECTION('center_axis',(-7.12754028973813E-13,-1.,8.55345383623181E-16));
#7239=DIRECTION('ref_axis',(1.,7.93804102169764E-13,-6.45677071205484E-35));
#7240=DIRECTION('center_axis',(7.12754028973813E-13,1.,-8.55345383623181E-16));
#7241=DIRECTION('ref_axis',(0.,8.55345383623181E-16,1.));
#7242=DIRECTION('center_axis',(7.12754028973813E-13,1.,-8.55345383623181E-16));
#7243=DIRECTION('ref_axis',(1.,7.93809462606987E-13,-9.09345485856073E-33));
#7244=DIRECTION('center_axis',(7.92699239582361E-13,-1.,0.));
#7245=DIRECTION('ref_axis',(1.,7.92699239582361E-13,2.99598248561046E-32));
#7246=DIRECTION('center_axis',(-7.12754028973813E-13,-1.,8.55345383623181E-16));
#7247=DIRECTION('ref_axis',(1.,7.92699239582361E-13,2.99598248561046E-32));
#7248=DIRECTION('',(7.92699239582361E-13,-1.,0.));
#7249=DIRECTION('center_axis',(-7.12754028973813E-13,-1.,8.55345383623181E-16));
#7250=DIRECTION('ref_axis',(1.,7.93773471102731E-13,2.99598248561046E-32));
#7251=DIRECTION('center_axis',(7.12754028973813E-13,1.,-8.55345383623181E-16));
#7252=DIRECTION('ref_axis',(0.,8.55345383623181E-16,1.));
#7253=DIRECTION('center_axis',(7.12754028973813E-13,1.,-8.55345383623181E-16));
#7254=DIRECTION('ref_axis',(1.,7.93809462606987E-13,-9.09345485857323E-33));
#7255=DIRECTION('center_axis',(7.92699239582361E-13,-1.,0.));
#7256=DIRECTION('ref_axis',(1.,7.92699239582361E-13,2.99598248561046E-32));
#7257=DIRECTION('center_axis',(-7.12754028973813E-13,-1.,8.55345383623181E-16));
#7258=DIRECTION('ref_axis',(1.,7.92699239582361E-13,2.99598248561046E-32));
#7259=DIRECTION('',(7.92699239582361E-13,-1.,0.));
#7260=DIRECTION('center_axis',(-7.12754028973813E-13,-1.,8.55345383623181E-16));
#7261=DIRECTION('ref_axis',(1.,7.93773471102731E-13,2.99598248561046E-32));
#7262=DIRECTION('center_axis',(7.12754028973813E-13,1.,-8.55345383623181E-16));
#7263=DIRECTION('ref_axis',(0.,8.55345383623181E-16,1.));
#7264=DIRECTION('center_axis',(7.12754028973813E-13,1.,-8.55345383623181E-16));
#7265=DIRECTION('ref_axis',(1.,7.93809462606987E-13,-9.09345485857323E-33));
#7266=DIRECTION('center_axis',(7.12754028973813E-13,1.,-8.55345383623181E-16));
#7267=DIRECTION('ref_axis',(0.,8.55345383623181E-16,1.));
#7268=DIRECTION('',(-6.78976718526417E-28,8.55345383623181E-16,1.));
#7269=DIRECTION('',(1.,-7.12754028973813E-13,1.01894273770672E-15));
#7270=DIRECTION('center_axis',(-7.12754028973813E-13,-1.,8.55345383623181E-16));
#7271=DIRECTION('ref_axis',(0.382683432365114,3.06432669322025E-13,0.923879532511277));
#7272=DIRECTION('',(0.707106781186511,-5.04598027726407E-13,-0.707106781186584));
#7273=DIRECTION('center_axis',(7.93809462606987E-13,-1.,1.67580833905684E-15));
#7274=DIRECTION('ref_axis',(1.,7.93809462606987E-13,-9.09345485856073E-33));
#7275=DIRECTION('center_axis',(0.,-1.,0.));
#7276=DIRECTION('ref_axis',(1.,7.93809462606987E-13,-9.09345485856073E-33));
#7277=DIRECTION('',(-7.93809462606987E-13,1.,-1.67580833905684E-15));
#7278=DIRECTION('center_axis',(7.93809462606987E-13,-1.,1.67580833905684E-15));
#7279=DIRECTION('ref_axis',(1.,7.93809462606987E-13,-9.09345485857323E-33));
#7280=DIRECTION('center_axis',(0.,-1.,0.));
#7281=DIRECTION('ref_axis',(1.,7.93809462606987E-13,-9.09345485857323E-33));
#7282=DIRECTION('',(-7.93809462606987E-13,1.,-1.67580833905684E-15));
#7283=DIRECTION('center_axis',(7.93809462606987E-13,-1.,1.67580833905684E-15));
#7284=DIRECTION('ref_axis',(1.,7.93809462606987E-13,-9.09345485857323E-33));
#7285=DIRECTION('center_axis',(0.,-1.,0.));
#7286=DIRECTION('ref_axis',(1.,7.93809462606987E-13,-9.09345485857323E-33));
#7287=DIRECTION('',(-7.93809462606987E-13,1.,-1.67580833905684E-15));
#7288=DIRECTION('center_axis',(-1.,-7.93809462606987E-13,5.37391782315401E-33));
#7289=DIRECTION('ref_axis',(7.86139749156691E-28,-9.90344862472031E-16,
-1.));
#7290=DIRECTION('',(5.37391782315401E-33,0.,1.));
#7291=DIRECTION('',(7.93809462606987E-13,-1.,1.67580833905684E-15));
#7292=DIRECTION('center_axis',(0.707106781186584,5.62493029419995E-13,0.707106781186511));
#7293=DIRECTION('ref_axis',(-0.707106781186511,-5.60603937431146E-13,0.707106781186584));
#7294=DIRECTION('',(-7.93809462606987E-13,1.,-1.67580833905679E-15));
#7295=DIRECTION('',(0.707106781186511,0.,-0.707106781186584));
#7296=DIRECTION('center_axis',(7.93809462606987E-13,-1.,1.67580833905684E-15));
#7297=DIRECTION('ref_axis',(0.382683432365114,3.06432669322025E-13,0.923879532511277));
#7298=DIRECTION('center_axis',(0.,1.,0.));
#7299=DIRECTION('ref_axis',(0.382683432365114,3.06432669322025E-13,0.923879532511277));
#7300=DIRECTION('',(7.93809462606987E-13,-1.,1.67580833905684E-15));
#7301=DIRECTION('center_axis',(-1.01894273770657E-15,1.67580833905603E-15,
1.));
#7302=DIRECTION('ref_axis',(-1.,-7.93804036297399E-13,-1.01894273770524E-15));
#7303=DIRECTION('',(1.,0.,1.01894273770657E-15));
#7304=DIRECTION('center_axis',(0.,1.,0.));
#7305=DIRECTION('ref_axis',(-1.,0.,0.));
#7306=DIRECTION('center_axis',(1.,9.68921912400137E-15,0.));
#7307=DIRECTION('ref_axis',(0.,0.,-1.));
#7308=DIRECTION('',(-1.6575257697256E-29,1.71069076724636E-15,1.));
#7309=DIRECTION('',(-1.6575257697256E-29,1.71069076724636E-15,1.));
#7310=DIRECTION('',(-1.6575257697256E-29,1.71069076724636E-15,1.));
#7311=DIRECTION('',(-1.6575257697256E-29,1.71069076724636E-15,1.));
#7312=DIRECTION('',(-1.6575257697256E-29,1.71069076724636E-15,1.));
#7313=DIRECTION('',(0.,0.,-1.));
#7314=DIRECTION('center_axis',(-9.32587340685131E-15,1.,0.));
#7315=DIRECTION('ref_axis',(-1.,-9.32587340685131E-15,0.));
#7316=DIRECTION('center_axis',(1.,2.47480055024817E-15,0.));
#7317=DIRECTION('ref_axis',(-2.47480055024817E-15,1.,0.));
#7318=DIRECTION('center_axis',(0.,-1.,0.));
#7319=DIRECTION('ref_axis',(1.,0.,0.));
#7320=DIRECTION('center_axis',(0.,0.,-1.));
#7321=DIRECTION('ref_axis',(1.,2.40698758726191E-15,0.));
#7322=DIRECTION('',(4.44089209850062E-15,-1.,0.));
#7323=DIRECTION('',(4.44089209850062E-15,-1.,0.));
#7324=DIRECTION('center_axis',(0.,0.,-1.));
#7325=DIRECTION('ref_axis',(1.,2.40698758726191E-15,0.));
#7326=DIRECTION('',(4.44089209850062E-15,-1.,0.));
#7327=DIRECTION('',(-4.44089209850062E-15,1.,0.));
#7328=DIRECTION('center_axis',(0.,0.,-1.));
#7329=DIRECTION('ref_axis',(1.,2.40698758726191E-15,0.));
#7330=DIRECTION('',(4.44089209850062E-15,-1.,0.));
#7331=DIRECTION('',(-4.44089209850062E-15,1.,0.));
#7332=DIRECTION('center_axis',(0.,0.,-1.));
#7333=DIRECTION('ref_axis',(1.,2.40698758726191E-15,0.));
#7334=DIRECTION('',(4.44089209850062E-15,-1.,0.));
#7335=DIRECTION('',(-4.44089209850062E-15,1.,0.));
#7336=DIRECTION('center_axis',(0.,0.,-1.));
#7337=DIRECTION('ref_axis',(1.,2.40698758726191E-15,0.));
#7338=DIRECTION('',(4.44089209850062E-15,-1.,0.));
#7339=DIRECTION('',(-4.44089209850062E-15,1.,0.));
#7340=DIRECTION('center_axis',(0.,0.,-1.));
#7341=DIRECTION('ref_axis',(1.,2.40698758726191E-15,0.));
#7342=DIRECTION('',(4.44089209850062E-15,-1.,0.));
#7343=DIRECTION('',(-4.44089209850062E-15,1.,0.));
#7344=DIRECTION('center_axis',(0.,0.,-1.));
#7345=DIRECTION('ref_axis',(1.,2.40698758726191E-15,0.));
#7346=DIRECTION('',(4.44089209850062E-15,-1.,0.));
#7347=DIRECTION('',(-4.44089209850062E-15,1.,0.));
#7348=DIRECTION('center_axis',(0.,0.,-1.));
#7349=DIRECTION('ref_axis',(1.,2.40698758726191E-15,0.));
#7350=DIRECTION('',(4.44089209850062E-15,-1.,0.));
#7351=DIRECTION('',(-4.44089209850062E-15,1.,0.));
#7352=DIRECTION('center_axis',(1.,4.44089209850062E-15,-3.55464402718015E-30));
#7353=DIRECTION('ref_axis',(-4.20667932210173E-30,1.74769464718639E-15,
1.));
#7354=DIRECTION('',(4.44089209850062E-15,-1.,0.));
#7355=DIRECTION('',(4.44089209850062E-15,-1.,0.));
#7356=DIRECTION('center_axis',(1.,4.44089209850062E-15,-3.55464402718015E-30));
#7357=DIRECTION('ref_axis',(-4.20667932210173E-30,1.74769464718639E-15,
1.));
#7358=DIRECTION('',(4.44089209850062E-15,-1.,0.));
#7359=DIRECTION('',(-4.44089209850062E-15,1.,0.));
#7360=DIRECTION('center_axis',(1.,4.44089209850062E-15,-3.55464402718015E-30));
#7361=DIRECTION('ref_axis',(-4.20667932210173E-30,1.74769464718639E-15,
1.));
#7362=DIRECTION('',(-4.44089209850062E-15,1.,0.));
#7363=DIRECTION('',(4.44089209850062E-15,-1.,0.));
#7364=DIRECTION('center_axis',(-1.,-4.44089209850062E-15,3.55464402718015E-30));
#7365=DIRECTION('ref_axis',(4.20667932210173E-30,-1.74769464718639E-15,
-1.));
#7366=DIRECTION('',(-4.44089209850062E-15,1.,0.));
#7367=DIRECTION('center_axis',(-1.,-4.44089209850062E-15,3.55464402718015E-30));
#7368=DIRECTION('ref_axis',(4.20667932210173E-30,-1.74769464718639E-15,
-1.));
#7369=DIRECTION('',(-4.44089209850062E-15,1.,0.));
#7370=DIRECTION('',(4.44089209850062E-15,-1.,0.));
#7371=DIRECTION('center_axis',(-1.,-4.44089209850062E-15,3.55464402718015E-30));
#7372=DIRECTION('ref_axis',(4.20667932210173E-30,-1.74769464718639E-15,
-1.));
#7373=DIRECTION('',(-4.44089209850062E-15,1.,0.));
#7374=DIRECTION('',(4.44089209850062E-15,-1.,0.));
#7375=DIRECTION('center_axis',(-1.,-4.44089209850062E-15,3.55464402718015E-30));
#7376=DIRECTION('ref_axis',(4.20667932210173E-30,-1.74769464718639E-15,
-1.));
#7377=DIRECTION('',(4.44089209850062E-15,-1.,0.));
#7378=DIRECTION('',(4.44089209850062E-15,-1.,0.));
#7379=DIRECTION('center_axis',(0.,0.,1.));
#7380=DIRECTION('ref_axis',(-1.,-2.40698758726191E-15,0.));
#7381=DIRECTION('',(-4.44089209850062E-15,1.,0.));
#7382=DIRECTION('center_axis',(0.,0.,1.));
#7383=DIRECTION('ref_axis',(-1.,-2.40698758726191E-15,0.));
#7384=DIRECTION('',(-4.44089209850062E-15,1.,0.));
#7385=DIRECTION('',(4.44089209850062E-15,-1.,0.));
#7386=DIRECTION('center_axis',(0.,0.,1.));
#7387=DIRECTION('ref_axis',(-1.,-2.40698758726191E-15,0.));
#7388=DIRECTION('',(-4.44089209850062E-15,1.,0.));
#7389=DIRECTION('',(4.44089209850062E-15,-1.,0.));
#7390=DIRECTION('center_axis',(0.,0.,1.));
#7391=DIRECTION('ref_axis',(-1.,-2.40698758726191E-15,0.));
#7392=DIRECTION('',(4.44089209850062E-15,-1.,0.));
#7393=DIRECTION('center_axis',(0.,0.,1.));
#7394=DIRECTION('ref_axis',(-1.,-2.40698758726191E-15,0.));
#7395=DIRECTION('',(-4.44089209850062E-15,1.,0.));
#7396=DIRECTION('',(4.44089209850062E-15,-1.,0.));
#7397=DIRECTION('center_axis',(0.,0.,1.));
#7398=DIRECTION('ref_axis',(-1.,-2.40698758726191E-15,0.));
#7399=DIRECTION('',(4.44089209850062E-15,-1.,0.));
#7400=DIRECTION('',(-4.44089209850062E-15,1.,0.));
#7401=DIRECTION('center_axis',(0.,0.,1.));
#7402=DIRECTION('ref_axis',(-1.,-2.40698758726191E-15,0.));
#7403=DIRECTION('',(-4.44089209850062E-15,1.,0.));
#7404=DIRECTION('',(4.44089209850062E-15,-1.,0.));
#7405=DIRECTION('center_axis',(0.,0.,1.));
#7406=DIRECTION('ref_axis',(-1.,-2.40698758726191E-15,0.));
#7407=DIRECTION('',(4.44089209850062E-15,-1.,0.));
#7408=DIRECTION('',(-4.44089209850062E-15,1.,0.));
#7409=DIRECTION('center_axis',(0.,0.,-1.));
#7410=DIRECTION('ref_axis',(1.,2.40698758726191E-15,0.));
#7411=DIRECTION('',(-4.44089209850062E-15,1.,0.));
#7412=DIRECTION('center_axis',(1.,4.44089209850062E-15,-3.55464402718015E-30));
#7413=DIRECTION('ref_axis',(-4.20667932210173E-30,1.74769464718639E-15,
1.));
#7414=DIRECTION('',(-4.44089209850062E-15,1.,0.));
#7415=DIRECTION('',(4.44089209850062E-15,-1.,0.));
#7416=DIRECTION('center_axis',(0.,0.,1.));
#7417=DIRECTION('ref_axis',(-1.,-2.40698758726191E-15,0.));
#7418=DIRECTION('',(-4.44089209850062E-15,1.,0.));
#7419=DIRECTION('',(4.44089209850062E-15,-1.,0.));
#7420=DIRECTION('center_axis',(-0.707106781186536,-3.1401849173675E-15,
-0.707106781186559));
#7421=DIRECTION('ref_axis',(0.707106781186559,4.66190508715864E-16,-0.707106781186536));
#7422=DIRECTION('center_axis',(-0.707106781186536,-3.1401849173675E-15,
-0.707106781186559));
#7423=DIRECTION('ref_axis',(0.707106781186559,4.66190508715864E-16,-0.707106781186536));
#7424=DIRECTION('center_axis',(-0.707106781186536,-3.1401849173675E-15,
-0.707106781186559));
#7425=DIRECTION('ref_axis',(0.707106781186559,4.66190508715864E-16,-0.707106781186536));
#7426=DIRECTION('center_axis',(-0.707106781186536,-3.1401849173675E-15,
-0.707106781186559));
#7427=DIRECTION('ref_axis',(0.707106781186559,4.66190508715864E-16,-0.707106781186536));
#7428=DIRECTION('center_axis',(-0.707106781186536,-3.1401849173675E-15,
-0.707106781186559));
#7429=DIRECTION('ref_axis',(0.707106781186559,4.66190508715864E-16,-0.707106781186536));
#7430=DIRECTION('center_axis',(-0.707106781186536,-3.1401849173675E-15,
-0.707106781186559));
#7431=DIRECTION('ref_axis',(0.707106781186559,4.66190508715864E-16,-0.707106781186536));
#7432=DIRECTION('center_axis',(-0.707106781186536,-3.1401849173675E-15,
-0.707106781186559));
#7433=DIRECTION('ref_axis',(0.707106781186559,4.66190508715864E-16,-0.707106781186536));
#7434=DIRECTION('center_axis',(-0.707106781186536,-3.1401849173675E-15,
-0.707106781186559));
#7435=DIRECTION('ref_axis',(0.707106781186559,4.66190508715864E-16,-0.707106781186536));
#7436=DIRECTION('center_axis',(-0.707106781186536,-3.14018491736749E-15,
-0.707106781186559));
#7437=DIRECTION('ref_axis',(0.707106781186559,4.66190508715865E-16,-0.707106781186536));
#7438=DIRECTION('center_axis',(-0.707106781186536,-3.1401849173675E-15,
-0.707106781186559));
#7439=DIRECTION('ref_axis',(0.707106781186559,4.66190508715864E-16,-0.707106781186536));
#7440=DIRECTION('center_axis',(0.707106781186552,3.14018491736757E-15,0.707106781186543));
#7441=DIRECTION('ref_axis',(-0.707106781186543,-4.66190508715795E-16,0.707106781186552));
#7442=DIRECTION('center_axis',(-0.707106781186536,-3.1401849173675E-15,
-0.707106781186559));
#7443=DIRECTION('ref_axis',(0.707106781186559,4.66190508715864E-16,-0.707106781186536));
#7444=DIRECTION('center_axis',(0.707106781186552,3.14018491736757E-15,0.707106781186543));
#7445=DIRECTION('ref_axis',(-0.707106781186543,-4.66190508715795E-16,0.707106781186552));
#7446=DIRECTION('center_axis',(0.707106781186552,3.14018491736757E-15,0.707106781186543));
#7447=DIRECTION('ref_axis',(-0.707106781186543,-4.66190508715795E-16,0.707106781186552));
#7448=DIRECTION('center_axis',(0.707106781186552,3.14018491736757E-15,0.707106781186543));
#7449=DIRECTION('ref_axis',(-0.707106781186543,-4.66190508715795E-16,0.707106781186552));
#7450=DIRECTION('center_axis',(0.707106781186552,3.14018491736757E-15,0.707106781186543));
#7451=DIRECTION('ref_axis',(-0.707106781186543,-4.66190508715795E-16,0.707106781186552));
#7452=DIRECTION('center_axis',(0.707106781186552,3.14018491736757E-15,0.707106781186543));
#7453=DIRECTION('ref_axis',(-0.707106781186543,-4.66190508715795E-16,0.707106781186552));
#7454=DIRECTION('center_axis',(0.707106781186552,3.14018491736757E-15,0.707106781186543));
#7455=DIRECTION('ref_axis',(-0.707106781186543,-4.66190508715795E-16,0.707106781186552));
#7456=DIRECTION('center_axis',(0.707106781186552,3.14018491736757E-15,0.707106781186543));
#7457=DIRECTION('ref_axis',(-0.707106781186543,-4.66190508715796E-16,0.707106781186552));
#7458=DIRECTION('center_axis',(0.707106781186552,3.14018491736757E-15,0.707106781186543));
#7459=DIRECTION('ref_axis',(-0.707106781186543,-4.66190508715795E-16,0.707106781186552));
#7460=DIRECTION('center_axis',(0.707106781186552,3.14018491736757E-15,0.707106781186543));
#7461=DIRECTION('ref_axis',(-0.707106781186543,-4.66190508715795E-16,0.707106781186552));
#7462=DIRECTION('center_axis',(0.707106781186552,3.14018491736757E-15,0.707106781186543));
#7463=DIRECTION('ref_axis',(-0.707106781186543,-4.66190508715795E-16,0.707106781186552));
#7464=DIRECTION('center_axis',(-1.42994895004613E-12,-1.,1.71069076724636E-15));
#7465=DIRECTION('ref_axis',(-1.21930173668315E-27,-1.71069076724636E-15,
-1.));
#7466=DIRECTION('',(-0.707106781186543,1.00966224596158E-12,0.707106781186552));
#7467=DIRECTION('',(-1.,1.42791504553489E-12,-1.22341934812555E-27));
#7468=DIRECTION('',(-9.04155367481051E-32,-1.71069076724636E-15,-1.));
#7469=DIRECTION('',(-1.,1.42791504553489E-12,-1.22341934812555E-27));
#7470=DIRECTION('',(0.707106781186559,-1.0096622459616E-12,-0.707106781186536));
#7471=DIRECTION('',(-0.707106781186543,1.00966224596157E-12,0.707106781186552));
#7472=DIRECTION('',(-1.,1.42791504553489E-12,-1.22341934812555E-27));
#7473=DIRECTION('',(0.707106781186559,-1.0096622459616E-12,-0.707106781186536));
#7474=DIRECTION('',(-0.707106781186543,1.00966224596157E-12,0.707106781186552));
#7475=DIRECTION('',(-1.,1.42791504553489E-12,-1.22341934812555E-27));
#7476=DIRECTION('',(0.707106781186559,-1.0096622459616E-12,-0.707106781186536));
#7477=DIRECTION('',(-0.707106781186543,1.00966224596157E-12,0.707106781186552));
#7478=DIRECTION('',(-1.,1.42791504553489E-12,-1.22341934812555E-27));
#7479=DIRECTION('',(0.707106781186559,-1.0096622459616E-12,-0.707106781186536));
#7480=DIRECTION('',(-9.04155367481051E-32,-1.71069076724636E-15,-1.));
#7481=DIRECTION('',(1.,-1.42791504553489E-12,1.22341934812555E-27));
#7482=DIRECTION('',(-0.707106781186543,1.00966224596157E-12,0.707106781186552));
#7483=DIRECTION('',(-9.04155367481051E-32,-1.71069076724636E-15,-1.));
#7484=DIRECTION('',(0.707106781186559,-1.0096622459616E-12,-0.707106781186536));
#7485=DIRECTION('',(1.,-1.42791504553489E-12,1.22341934812555E-27));
#7486=DIRECTION('',(-0.707106781186543,1.00966224596157E-12,0.707106781186552));
#7487=DIRECTION('',(-9.04155367481051E-32,-1.71069076724636E-15,-1.));
#7488=DIRECTION('',(0.707106781186559,-1.0096622459616E-12,-0.707106781186536));
#7489=DIRECTION('',(1.,-1.42791504553489E-12,1.22341934812555E-27));
#7490=DIRECTION('',(-0.707106781186543,1.00966224596157E-12,0.707106781186552));
#7491=DIRECTION('',(-9.04155367481051E-32,-1.71069076724636E-15,-1.));
#7492=DIRECTION('',(0.707106781186559,-1.0096622459616E-12,-0.707106781186536));
#7493=DIRECTION('',(1.,-1.42791504553489E-12,1.22341934812555E-27));
#7494=DIRECTION('',(-0.707106781186543,1.00966224596157E-12,0.707106781186552));
#7495=DIRECTION('',(-1.,1.42791504553489E-12,-1.22341934812555E-27));
#7496=DIRECTION('',(0.707106781186559,-1.0096622459616E-12,-0.707106781186536));
#7497=DIRECTION('',(1.,-1.42791504553489E-12,1.22341934812555E-27));
#7498=DIRECTION('',(1.,-1.42791504553489E-12,1.22341934812555E-27));
#7499=DIRECTION('',(-0.707106781186543,1.00966224596157E-12,0.707106781186552));
#7500=DIRECTION('',(-1.,1.42791504553489E-12,-1.22341934812555E-27));
#7501=DIRECTION('',(0.707106781186559,-1.0096622459616E-12,-0.707106781186536));
#7502=DIRECTION('',(1.,-1.42791504553489E-12,1.22341934812555E-27));
#7503=DIRECTION('',(-0.707106781186543,1.00966224596157E-12,0.707106781186552));
#7504=DIRECTION('',(-1.,1.42791504553489E-12,-1.22341934812555E-27));
#7505=DIRECTION('',(0.707106781186559,-1.0096622459616E-12,-0.707106781186536));
#7506=DIRECTION('',(1.,-1.42791504553489E-12,1.22341934812555E-27));
#7507=DIRECTION('',(-0.707106781186543,1.00966224596157E-12,0.707106781186552));
#7508=DIRECTION('',(-1.,1.42791504553489E-12,-1.22341934812555E-27));
#7509=DIRECTION('',(0.707106781186559,-1.0096622459616E-12,-0.707106781186536));
#7510=DIRECTION('center_axis',(1.21930173668315E-27,1.71069076724636E-15,
1.));
#7511=DIRECTION('ref_axis',(1.,-1.42791504553489E-12,1.22341934812555E-27));
#7512=DIRECTION('',(1.42994895004613E-12,1.,-1.71069076724636E-15));
#7513=DIRECTION('',(1.42994895004613E-12,1.,-1.71069076724636E-15));
#7514=DIRECTION('center_axis',(1.21930173668315E-27,1.71069076724636E-15,
1.));
#7515=DIRECTION('ref_axis',(1.,-1.42791504553489E-12,1.22341934812555E-27));
#7516=DIRECTION('',(1.42994895004613E-12,1.,-1.71069076724636E-15));
#7517=DIRECTION('',(-1.42994895004613E-12,-1.,1.71069076724636E-15));
#7518=DIRECTION('center_axis',(1.21930173668315E-27,1.71069076724636E-15,
1.));
#7519=DIRECTION('ref_axis',(1.,-1.42791504553489E-12,1.22341934812555E-27));
#7520=DIRECTION('',(1.42994895004613E-12,1.,-1.71069076724636E-15));
#7521=DIRECTION('',(-1.42994895004613E-12,-1.,1.71069076724636E-15));
#7522=DIRECTION('center_axis',(1.21930173668315E-27,1.71069076724636E-15,
1.));
#7523=DIRECTION('ref_axis',(1.,-1.42791504553489E-12,1.22341934812555E-27));
#7524=DIRECTION('',(1.42994895004613E-12,1.,-1.71069076724636E-15));
#7525=DIRECTION('',(-1.42994895004613E-12,-1.,1.71069076724636E-15));
#7526=DIRECTION('center_axis',(1.21930173668315E-27,1.71069076724636E-15,
1.));
#7527=DIRECTION('ref_axis',(1.,-1.42791504553489E-12,1.22341934812555E-27));
#7528=DIRECTION('',(1.42994895004613E-12,1.,-1.71069076724636E-15));
#7529=DIRECTION('',(-1.42994895004613E-12,-1.,1.71069076724636E-15));
#7530=DIRECTION('center_axis',(1.21930173668315E-27,1.71069076724636E-15,
1.));
#7531=DIRECTION('ref_axis',(1.,-1.42791504553489E-12,1.22341934812555E-27));
#7532=DIRECTION('',(1.42994895004613E-12,1.,-1.71069076724636E-15));
#7533=DIRECTION('',(-1.42994895004613E-12,-1.,1.71069076724636E-15));
#7534=DIRECTION('center_axis',(1.21930173668315E-27,1.71069076724636E-15,
1.));
#7535=DIRECTION('ref_axis',(1.,-1.42791504553489E-12,1.22341934812555E-27));
#7536=DIRECTION('',(1.42994895004613E-12,1.,-1.71069076724636E-15));
#7537=DIRECTION('',(-1.42994895004613E-12,-1.,1.71069076724636E-15));
#7538=DIRECTION('center_axis',(1.21930173668315E-27,1.71069076724636E-15,
1.));
#7539=DIRECTION('ref_axis',(1.,-1.42791504553489E-12,1.22341934812555E-27));
#7540=DIRECTION('',(1.42994895004613E-12,1.,-1.71069076724636E-15));
#7541=DIRECTION('',(-1.42994895004613E-12,-1.,1.71069076724636E-15));
#7542=DIRECTION('center_axis',(-1.,1.42994895004613E-12,-1.22334408576721E-27));
#7543=DIRECTION('ref_axis',(-1.27625774503509E-27,-3.70038799400301E-17,
1.));
#7544=DIRECTION('',(1.42994895004613E-12,1.,-1.71069076724636E-15));
#7545=DIRECTION('',(1.42994895004613E-12,1.,-1.71069076724636E-15));
#7546=DIRECTION('center_axis',(-1.,1.42994895004613E-12,-1.22334408576721E-27));
#7547=DIRECTION('ref_axis',(-1.27625774503509E-27,-3.70038799400301E-17,
1.));
#7548=DIRECTION('',(1.42994895004613E-12,1.,-1.71069076724636E-15));
#7549=DIRECTION('',(-1.42994895004613E-12,-1.,1.71069076724636E-15));
#7550=DIRECTION('center_axis',(-1.,1.42994895004613E-12,-1.22334408576721E-27));
#7551=DIRECTION('ref_axis',(-1.27625774503509E-27,-3.70038799400301E-17,
1.));
#7552=DIRECTION('',(-1.42994895004613E-12,-1.,1.71069076724636E-15));
#7553=DIRECTION('',(1.42994895004613E-12,1.,-1.71069076724636E-15));
#7554=DIRECTION('center_axis',(1.,-1.42994895004613E-12,1.22334408576721E-27));
#7555=DIRECTION('ref_axis',(1.27625774503509E-27,3.70038799400301E-17,-1.));
#7556=DIRECTION('',(-1.42994895004613E-12,-1.,1.71069076724636E-15));
#7557=DIRECTION('',(1.42994895004613E-12,1.,-1.71069076724636E-15));
#7558=DIRECTION('',(1.42994895004613E-12,1.,-1.71069076724636E-15));
#7559=DIRECTION('',(-1.42994895004613E-12,-1.,1.71069076724636E-15));
#7560=DIRECTION('',(1.42994895004613E-12,1.,-1.71069076724636E-15));
#7561=DIRECTION('',(-1.42994895004613E-12,-1.,1.71069076724636E-15));
#7562=DIRECTION('',(1.42994895004613E-12,1.,-1.71069076724636E-15));
#7563=DIRECTION('center_axis',(-1.21930173668315E-27,-1.71069076724636E-15,
-1.));
#7564=DIRECTION('ref_axis',(-1.,1.42791504553489E-12,-1.22341934812555E-27));
#7565=DIRECTION('',(-1.42994895004613E-12,-1.,1.71069076724636E-15));
#7566=DIRECTION('center_axis',(-1.21930173668315E-27,-1.71069076724636E-15,
-1.));
#7567=DIRECTION('ref_axis',(-1.,1.42791504553489E-12,-1.22341934812555E-27));
#7568=DIRECTION('',(-1.42994895004613E-12,-1.,1.71069076724636E-15));
#7569=DIRECTION('',(1.42994895004613E-12,1.,-1.71069076724636E-15));
#7570=DIRECTION('center_axis',(-1.21930173668315E-27,-1.71069076724636E-15,
-1.));
#7571=DIRECTION('ref_axis',(-1.,1.42791504553489E-12,-1.22341934812555E-27));
#7572=DIRECTION('',(-1.42994895004613E-12,-1.,1.71069076724636E-15));
#7573=DIRECTION('',(1.42994895004613E-12,1.,-1.71069076724636E-15));
#7574=DIRECTION('center_axis',(-1.21930173668315E-27,-1.71069076724636E-15,
-1.));
#7575=DIRECTION('ref_axis',(-1.,1.42791504553489E-12,-1.22341934812555E-27));
#7576=DIRECTION('',(1.42994895004613E-12,1.,-1.71069076724636E-15));
#7577=DIRECTION('center_axis',(-1.21930173668315E-27,-1.71069076724636E-15,
-1.));
#7578=DIRECTION('ref_axis',(-1.,1.42791504553489E-12,-1.22341934812555E-27));
#7579=DIRECTION('',(-1.42994895004613E-12,-1.,1.71069076724636E-15));
#7580=DIRECTION('',(1.42994895004613E-12,1.,-1.71069076724636E-15));
#7581=DIRECTION('center_axis',(-1.21930173668315E-27,-1.71069076724636E-15,
-1.));
#7582=DIRECTION('ref_axis',(-1.,1.42791504553489E-12,-1.22341934812555E-27));
#7583=DIRECTION('',(1.42994895004613E-12,1.,-1.71069076724636E-15));
#7584=DIRECTION('',(-1.42994895004613E-12,-1.,1.71069076724636E-15));
#7585=DIRECTION('center_axis',(-1.21930173668315E-27,-1.71069076724636E-15,
-1.));
#7586=DIRECTION('ref_axis',(-1.,1.42791504553489E-12,-1.22341934812555E-27));
#7587=DIRECTION('',(-1.42994895004613E-12,-1.,1.71069076724636E-15));
#7588=DIRECTION('',(1.42994895004613E-12,1.,-1.71069076724636E-15));
#7589=DIRECTION('center_axis',(-1.21930173668315E-27,-1.71069076724636E-15,
-1.));
#7590=DIRECTION('ref_axis',(-1.,1.42791504553489E-12,-1.22341934812555E-27));
#7591=DIRECTION('',(1.42994895004613E-12,1.,-1.71069076724636E-15));
#7592=DIRECTION('',(-1.42994895004613E-12,-1.,1.71069076724636E-15));
#7593=DIRECTION('center_axis',(1.,-1.42994895004613E-12,1.22334408576721E-27));
#7594=DIRECTION('ref_axis',(1.27625774503509E-27,3.70038799400301E-17,-1.));
#7595=DIRECTION('center_axis',(1.21930173668315E-27,1.71069076724636E-15,
1.));
#7596=DIRECTION('ref_axis',(1.,-1.42791504553489E-12,1.22341934812555E-27));
#7597=DIRECTION('',(-1.42994895004613E-12,-1.,1.71069076724636E-15));
#7598=DIRECTION('center_axis',(-1.,1.42994895004613E-12,-1.22334408576721E-27));
#7599=DIRECTION('ref_axis',(-1.27625774503509E-27,-3.70038799400301E-17,
1.));
#7600=DIRECTION('',(-1.42994895004613E-12,-1.,1.71069076724636E-15));
#7601=DIRECTION('',(1.42994895004613E-12,1.,-1.71069076724636E-15));
#7602=DIRECTION('center_axis',(-1.21930173668315E-27,-1.71069076724636E-15,
-1.));
#7603=DIRECTION('ref_axis',(-1.,1.42791504553489E-12,-1.22341934812555E-27));
#7604=DIRECTION('',(-1.42994895004613E-12,-1.,1.71069076724636E-15));
#7605=DIRECTION('',(1.42994895004613E-12,1.,-1.71069076724636E-15));
#7606=DIRECTION('center_axis',(0.707106781186536,-1.00991695828615E-12,
0.707106781186559));
#7607=DIRECTION('ref_axis',(0.707106781186559,-1.0096622459616E-12,-0.707106781186536));
#7608=DIRECTION('center_axis',(0.707106781186536,-1.00991695828615E-12,
0.707106781186559));
#7609=DIRECTION('ref_axis',(0.707106781186559,-1.0096622459616E-12,-0.707106781186536));
#7610=DIRECTION('center_axis',(0.707106781186536,-1.00991695828615E-12,
0.707106781186559));
#7611=DIRECTION('ref_axis',(0.707106781186559,-1.0096622459616E-12,-0.707106781186536));
#7612=DIRECTION('center_axis',(0.707106781186536,-1.00991695828615E-12,
0.707106781186559));
#7613=DIRECTION('ref_axis',(0.707106781186559,-1.0096622459616E-12,-0.707106781186536));
#7614=DIRECTION('center_axis',(0.707106781186536,-1.00991695828615E-12,
0.707106781186559));
#7615=DIRECTION('ref_axis',(0.707106781186559,-1.0096622459616E-12,-0.707106781186536));
#7616=DIRECTION('center_axis',(0.707106781186536,-1.00991695828615E-12,
0.707106781186559));
#7617=DIRECTION('ref_axis',(0.707106781186559,-1.0096622459616E-12,-0.707106781186536));
#7618=DIRECTION('center_axis',(0.707106781186536,-1.00991695828615E-12,
0.707106781186559));
#7619=DIRECTION('ref_axis',(0.707106781186559,-1.0096622459616E-12,-0.707106781186536));
#7620=DIRECTION('center_axis',(0.707106781186536,-1.00991695828615E-12,
0.707106781186559));
#7621=DIRECTION('ref_axis',(0.707106781186559,-1.0096622459616E-12,-0.707106781186536));
#7622=DIRECTION('center_axis',(0.707106781186536,-1.00991695828615E-12,
0.707106781186559));
#7623=DIRECTION('ref_axis',(0.707106781186559,-1.0096622459616E-12,-0.707106781186536));
#7624=DIRECTION('center_axis',(0.707106781186536,-1.00991695828615E-12,
0.707106781186559));
#7625=DIRECTION('ref_axis',(0.707106781186559,-1.0096622459616E-12,-0.707106781186536));
#7626=DIRECTION('center_axis',(-0.707106781186552,1.00991695828617E-12,
-0.707106781186543));
#7627=DIRECTION('ref_axis',(-0.707106781186543,1.00966224596157E-12,0.707106781186552));
#7628=DIRECTION('center_axis',(0.707106781186536,-1.00991695828615E-12,
0.707106781186559));
#7629=DIRECTION('ref_axis',(0.707106781186559,-1.0096622459616E-12,-0.707106781186536));
#7630=DIRECTION('center_axis',(-0.707106781186552,1.00991695828617E-12,
-0.707106781186543));
#7631=DIRECTION('ref_axis',(-0.707106781186543,1.00966224596157E-12,0.707106781186552));
#7632=DIRECTION('center_axis',(-0.707106781186552,1.00991695828617E-12,
-0.707106781186543));
#7633=DIRECTION('ref_axis',(-0.707106781186543,1.00966224596157E-12,0.707106781186552));
#7634=DIRECTION('center_axis',(-0.707106781186552,1.00991695828617E-12,
-0.707106781186543));
#7635=DIRECTION('ref_axis',(-0.707106781186543,1.00966224596157E-12,0.707106781186552));
#7636=DIRECTION('center_axis',(-0.707106781186552,1.00991695828617E-12,
-0.707106781186543));
#7637=DIRECTION('ref_axis',(-0.707106781186543,1.00966224596157E-12,0.707106781186552));
#7638=DIRECTION('center_axis',(-0.707106781186552,1.00991695828617E-12,
-0.707106781186543));
#7639=DIRECTION('ref_axis',(-0.707106781186543,1.00966224596157E-12,0.707106781186552));
#7640=DIRECTION('center_axis',(-0.707106781186552,1.00991695828617E-12,
-0.707106781186543));
#7641=DIRECTION('ref_axis',(-0.707106781186543,1.00966224596157E-12,0.707106781186552));
#7642=DIRECTION('center_axis',(-0.707106781186552,1.00991695828617E-12,
-0.707106781186543));
#7643=DIRECTION('ref_axis',(-0.707106781186543,1.00966224596158E-12,0.707106781186552));
#7644=DIRECTION('center_axis',(-0.707106781186552,1.00991695828617E-12,
-0.707106781186543));
#7645=DIRECTION('ref_axis',(-0.707106781186543,1.00966224596157E-12,0.707106781186552));
#7646=DIRECTION('center_axis',(-0.707106781186552,1.00991695828617E-12,
-0.707106781186543));
#7647=DIRECTION('ref_axis',(-0.707106781186543,1.00966224596157E-12,0.707106781186552));
#7648=DIRECTION('center_axis',(-0.707106781186552,1.00991695828617E-12,
-0.707106781186543));
#7649=DIRECTION('ref_axis',(-0.707106781186543,1.00966224596157E-12,0.707106781186552));
#7650=DIRECTION('',(7.0014487341539E-29,1.31727963787603E-71,-1.));
#7651=DIRECTION('',(1.,0.,7.0014487341539E-29));
#7652=CARTESIAN_POINT('',(0.,0.,0.));
#7653=CARTESIAN_POINT('',(0.,0.,0.));
#7654=CARTESIAN_POINT('Origin',(12.2999999998728,61.5999999999962,-40.6999999999995));
#7655=CARTESIAN_POINT('',(12.2999999998771,58.5999999999962,-74.7000000000742));
#7656=CARTESIAN_POINT('',(15.2999999998728,61.6000000000005,-74.7000000000783));
#7657=CARTESIAN_POINT('Origin',(12.2999999998728,61.5999999999962,-74.7000000002279));
#7658=CARTESIAN_POINT('',(15.2999999998728,61.6000000000005,-42.6999999999995));
#7659=CARTESIAN_POINT('',(15.2999999998728,61.6000000000005,-40.6999999999995));
#7660=CARTESIAN_POINT('',(12.2999999998771,58.5999999999962,-42.6999999999995));
#7661=CARTESIAN_POINT('Origin',(12.2999999998728,61.5999999999962,-42.6999999999994));
#7662=CARTESIAN_POINT('',(12.2999999998771,58.5999999999962,-40.6999999999995));
#7663=CARTESIAN_POINT('Origin',(15.2999999998685,64.6000000000005,-40.6999999999995));
#7664=CARTESIAN_POINT('',(15.2999999998713,62.599999999992,-74.7000000001473));
#7665=CARTESIAN_POINT('',(15.2999999998706,63.1000000000005,-74.7000000000783));
#7666=CARTESIAN_POINT('',(15.2999999998713,62.5999999999922,-42.6999999999995));
#7667=CARTESIAN_POINT('',(15.2999999998713,62.5999999999922,-50.8750000000061));
#7668=CARTESIAN_POINT('',(15.2999999999146,32.2999999999803,-42.6999999999994));
#7669=CARTESIAN_POINT('Origin',(-43.2500000001292,-64.5999999999506,-74.7000000002279));
#7670=CARTESIAN_POINT('',(11.2999999999424,58.5999999999948,-74.6999999999994));
#7671=CARTESIAN_POINT('',(13.7999999998536,58.5999999999984,-74.7000000000762));
#7672=CARTESIAN_POINT('',(11.2999999999314,55.599999999992,-74.7000000001684));
#7673=CARTESIAN_POINT('',(11.2999999999424,32.2999999999939,-74.6999999999994));
#7674=CARTESIAN_POINT('',(9.29999999989763,55.599999999992,-74.7000000001684));
#7675=CARTESIAN_POINT('',(-15.9750000000989,55.599999999992,-74.7000000001905));
#7676=CARTESIAN_POINT('',(9.29999999994246,61.5999999999919,-74.7000000001556));
#7677=CARTESIAN_POINT('',(9.29999999994245,64.599999999992,-74.7000000001556));
#7678=CARTESIAN_POINT('',(12.2999999999425,64.599999999992,-74.7000000001514));
#7679=CARTESIAN_POINT('Origin',(12.2999999999425,61.599999999992,-74.7000000002282));
#7680=CARTESIAN_POINT('',(68.3000000000784,64.5999999999921,-74.7000000000742));
#7681=CARTESIAN_POINT('',(106.749999999963,64.5999999999922,-74.7000000000211));
#7682=CARTESIAN_POINT('',(71.2999999998978,61.5999999999878,-74.7000000000701));
#7683=CARTESIAN_POINT('Origin',(68.3000000000784,61.5999999999921,-74.7000000002282));
#7684=CARTESIAN_POINT('',(71.299999999898,-61.6000000001142,-74.7000000000699));
#7685=CARTESIAN_POINT('',(71.299999999898,-60.1000000001143,-74.7000000000699));
#7686=CARTESIAN_POINT('',(68.299999999898,-64.6000000001945,-74.7000000001513));
#7687=CARTESIAN_POINT('Origin',(68.2999999999023,-61.6000000001099,-74.7000000002279));
#7688=CARTESIAN_POINT('',(12.2999999998504,-64.6000000000342,-74.7000000000741));
#7689=CARTESIAN_POINT('',(10.7999999997529,-64.6000000000299,-74.700000000072));
#7690=CARTESIAN_POINT('',(9.29999999985464,-61.6000000000257,-74.7000000001555));
#7691=CARTESIAN_POINT('Origin',(12.2999999998547,-61.60000000003,-74.7000000002279));
#7692=CARTESIAN_POINT('',(9.2999999998832,-41.5999999999965,-74.7000000001555));
#7693=CARTESIAN_POINT('',(9.29999999985036,-64.6000000000257,-74.7000000001554));
#7694=CARTESIAN_POINT('',(12.2999999998832,-38.6000000000007,-74.6999999999994));
#7695=CARTESIAN_POINT('Origin',(12.2999999998833,-41.6000000000007,-74.7000000002279));
#7696=CARTESIAN_POINT('',(18.3000000000183,-38.6000000000007,-74.6999999999994));
#7697=CARTESIAN_POINT('',(19.3000000000183,-38.6000000000007,-74.6999999999994));
#7698=CARTESIAN_POINT('',(19.3000000000183,-37.6000000000007,-74.6999999999994));
#7699=CARTESIAN_POINT('Origin',(18.3000000000183,-37.6000000000007,-74.7000000002279));
#7700=CARTESIAN_POINT('',(19.3000000000183,-36.6000000000015,-74.6999999999994));
#7701=CARTESIAN_POINT('',(19.3000000000183,-35.6000000000007,-74.6999999999994));
#7702=CARTESIAN_POINT('',(18.3000000000175,-35.6000000000015,-74.6999999999993));
#7703=CARTESIAN_POINT('Origin',(18.3000000000183,-36.6000000000015,-74.700000000228));
#7704=CARTESIAN_POINT('',(-33.0000000000049,-35.6000000000422,-74.6999999999993));
#7705=CARTESIAN_POINT('',(19.3000000000183,-35.6000000000007,-74.6999999999993));
#7706=CARTESIAN_POINT('',(-33.0000000000614,-30.6000000000007,-74.6999999999994));
#7707=CARTESIAN_POINT('',(-33.0000000000091,-30.3000000000422,-74.6999999999993));
#7708=CARTESIAN_POINT('',(17.3000000000183,-30.6000000000007,-74.6999999999994));
#7709=CARTESIAN_POINT('',(29.7999999999924,-30.6000000000007,-74.6999999999994));
#7710=CARTESIAN_POINT('',(21.3000000000183,-34.6000000000007,-74.6999999999994));
#7711=CARTESIAN_POINT('Origin',(17.3000000000183,-34.6000000000007,-74.7000000002279));
#7712=CARTESIAN_POINT('',(21.3000000000183,-37.6000000000007,-74.6999999999994));
#7713=CARTESIAN_POINT('',(21.3000000000183,19.2999999999939,-74.6999999999994));
#7714=CARTESIAN_POINT('',(18.3000000000183,-40.6000000000007,-74.6999999999994));
#7715=CARTESIAN_POINT('Origin',(18.3000000000183,-37.6000000000007,-74.7000000002279));
#7716=CARTESIAN_POINT('',(16.8000000000183,-40.6000000000007,-74.6999999999994));
#7717=CARTESIAN_POINT('',(29.7999999999926,-40.6000000000006,-74.6999999999994));
#7718=CARTESIAN_POINT('',(16.8000000000185,-62.6000000000007,-74.6999999999994));
#7719=CARTESIAN_POINT('',(16.8000000000181,-19.3000000000026,-74.6999999999994));
#7720=CARTESIAN_POINT('',(64.2999999999904,-62.6000000000005,-74.6999999999994));
#7721=CARTESIAN_POINT('',(106.749999999874,-62.6000000001648,-74.700000000021));
#7722=CARTESIAN_POINT('',(64.2999999999903,-52.6000000000005,-74.6999999999994));
#7723=CARTESIAN_POINT('',(64.2999999999903,-52.6000000000005,-74.6999999999994));
#7724=CARTESIAN_POINT('',(69.2999999999903,-52.6000000000005,-74.6999999999994));
#7725=CARTESIAN_POINT('',(69.2999999999903,-52.6000000000005,-74.6999999999994));
#7726=CARTESIAN_POINT('',(69.2999999999902,-2.60000000000047,-74.6999999999994));
#7727=CARTESIAN_POINT('',(69.2999999999903,-32.3000000000023,-74.6999999999994));
#7728=CARTESIAN_POINT('',(64.2999999999902,-2.60000000000049,-74.6999999999994));
#7729=CARTESIAN_POINT('',(69.2999999999902,-2.60000000000047,-74.6999999999994));
#7730=CARTESIAN_POINT('',(64.2999999999902,3.39999999999952,-74.6999999999994));
#7731=CARTESIAN_POINT('',(64.2999999999902,3.39999999999952,-74.6999999999994));
#7732=CARTESIAN_POINT('',(69.2999999999902,3.39999999999953,-74.6999999999994));
#7733=CARTESIAN_POINT('',(69.2999999999902,3.39999999999953,-74.6999999999994));
#7734=CARTESIAN_POINT('',(69.2999999999902,13.3999999999995,-74.6999999999994));
#7735=CARTESIAN_POINT('',(69.2999999999903,-32.3000000000023,-74.6999999999994));
#7736=CARTESIAN_POINT('',(64.2999999999902,13.3999999999995,-74.6999999999994));
#7737=CARTESIAN_POINT('',(69.2999999999902,13.3999999999995,-74.6999999999994));
#7738=CARTESIAN_POINT('',(64.2999999999902,19.3999999999995,-74.6999999999994));
#7739=CARTESIAN_POINT('',(64.2999999999902,19.3999999999995,-74.6999999999994));
#7740=CARTESIAN_POINT('',(69.2999999999902,19.3999999999995,-74.6999999999994));
#7741=CARTESIAN_POINT('',(69.2999999999902,19.3999999999995,-74.6999999999994));
#7742=CARTESIAN_POINT('',(69.2999999999901,58.599999999995,-74.6999999999994));
#7743=CARTESIAN_POINT('',(69.2999999999903,-32.3000000000023,-74.6999999999994));
#7744=CARTESIAN_POINT('',(68.2999999999815,58.5999999999964,-74.7000000000742));
#7745=CARTESIAN_POINT('',(66.8000000000049,58.5999999999986,-74.7000000000762));
#7746=CARTESIAN_POINT('',(65.2999999999857,61.6000000000007,-74.7000000000783));
#7747=CARTESIAN_POINT('Origin',(68.2999999999857,61.5999999999964,-74.7000000002279));
#7748=CARTESIAN_POINT('',(65.2999999999872,62.5999999999921,-74.7000000000783));
#7749=CARTESIAN_POINT('',(65.2999999999879,63.1000000000007,-74.7000000000783));
#7750=CARTESIAN_POINT('',(106.749999999963,62.5999999999922,-74.7000000000211));
#7751=CARTESIAN_POINT('',(69.3499999999858,61.599999999995,-74.7000000000742));
#7752=CARTESIAN_POINT('Origin',(68.2999999999858,61.5999999999965,-74.7000000000742));
#7753=CARTESIAN_POINT('',(11.2499999997849,-61.6000000000312,-74.7000000000741));
#7754=CARTESIAN_POINT('Origin',(12.2999999997849,-61.6000000000342,-74.7000000000741));
#7755=CARTESIAN_POINT('',(69.349999999898,-61.6000000001143,-74.7000000000741));
#7756=CARTESIAN_POINT('Origin',(68.299999999898,-61.6000000001143,-74.7000000000741));
#7757=CARTESIAN_POINT('',(11.2499999998728,61.5999999999947,-74.7000000000742));
#7758=CARTESIAN_POINT('Origin',(12.2999999998728,61.5999999999962,-74.7000000000742));
#7759=CARTESIAN_POINT('Origin',(68.2999999999857,61.5999999999964,-40.6999999999995));
#7760=CARTESIAN_POINT('',(68.2999999999815,58.5999999999964,-42.6999999999994));
#7761=CARTESIAN_POINT('',(68.2999999999815,58.5999999999964,-40.6999999999995));
#7762=CARTESIAN_POINT('',(65.2999999999857,61.6000000000007,-42.6999999999994));
#7763=CARTESIAN_POINT('Origin',(68.2999999999857,61.5999999999964,-42.6999999999994));
#7764=CARTESIAN_POINT('',(65.2999999999857,61.6000000000007,-40.6999999999995));
#7765=CARTESIAN_POINT('Origin',(65.2999999999815,58.6000000000007,-40.6999999999995));
#7766=CARTESIAN_POINT('',(69.2999999999901,58.599999999995,-42.6999999999994));
#7767=CARTESIAN_POINT('',(69.2999999999901,58.599999999995,-57.6999999999994));
#7768=CARTESIAN_POINT('',(52.8000000000157,58.6000000000185,-42.6999999999995));
#7769=CARTESIAN_POINT('Origin',(18.3000000000183,36.5999999999928,-66.1999999999994));
#7770=CARTESIAN_POINT('',(18.3000000000176,35.5999999999928,-49.0500000000551));
#7771=CARTESIAN_POINT('',(19.3000000000183,36.5999999999928,-50.0500000000568));
#7772=CARTESIAN_POINT('Origin',(18.3000000000183,36.5999999999928,-49.0500000000567));
#7773=CARTESIAN_POINT('',(19.3000000000183,36.5999999999928,-74.6999999999994));
#7774=CARTESIAN_POINT('',(19.3000000000183,36.5999999999928,-66.1999999999994));
#7775=CARTESIAN_POINT('',(18.3000000000176,35.5999999999928,-74.6999999999994));
#7776=CARTESIAN_POINT('Origin',(18.3000000000183,36.5999999999928,-74.700000000228));
#7777=CARTESIAN_POINT('',(18.3000000000176,35.5999999999928,-66.1999999999994));
#7778=CARTESIAN_POINT('Origin',(19.3000000000183,38.5999999999921,-74.6999999999994));
#7779=CARTESIAN_POINT('',(19.3000000000183,31.1358983848895,-50.0500000000525));
#7780=CARTESIAN_POINT('',(19.3000000000183,4.15000000000551,-50.050000000031));
#7781=CARTESIAN_POINT('',(19.3000000000183,31.1358983848895,-45.6999999999993));
#7782=CARTESIAN_POINT('',(19.3000000000183,31.1358983848895,-74.6999999999994));
#7783=CARTESIAN_POINT('',(19.3000000000183,-2.20000000000792,-45.6999999999993));
#7784=CARTESIAN_POINT('',(19.3000000000183,34.6000000000097,-45.6999999999993));
#7785=CARTESIAN_POINT('',(19.3000000000183,-7.30000000000791,-45.6999999999993));
#7786=CARTESIAN_POINT('',(19.3000000000183,34.6000000000097,-45.6999999999993));
#7787=CARTESIAN_POINT('',(19.3000000000183,-31.1358983848629,-45.6999999999993));
#7788=CARTESIAN_POINT('',(19.3000000000183,34.6000000000097,-45.6999999999993));
#7789=CARTESIAN_POINT('',(19.3000000000183,-31.1358983848629,-50.0500000000029));
#7790=CARTESIAN_POINT('',(19.3000000000183,-31.1358983848629,-74.6999999999994));
#7791=CARTESIAN_POINT('',(19.3000000000183,-36.6000000000014,-50.0499999999986));
#7792=CARTESIAN_POINT('',(19.3000000000183,4.15000000000551,-50.050000000031));
#7793=CARTESIAN_POINT('',(19.3000000000183,-36.6000000000015,-66.1999999999993));
#7794=CARTESIAN_POINT('',(19.3000000000183,-37.6000000000007,-40.6999999999993));
#7795=CARTESIAN_POINT('',(19.3000000000183,-37.6000000000007,-74.6999999999994));
#7796=CARTESIAN_POINT('',(19.3000000000183,37.5999999999921,-40.6999999999994));
#7797=CARTESIAN_POINT('',(19.3000000000183,19.2999999999939,-40.6999999999994));
#7798=CARTESIAN_POINT('',(19.3000000000183,37.5999999999921,-74.6999999999994));
#7799=CARTESIAN_POINT('',(19.3000000000183,37.5999999999921,-74.6999999999994));
#7800=CARTESIAN_POINT('',(19.3000000000183,-35.6000000000007,-74.6999999999994));
#7801=CARTESIAN_POINT('Origin',(18.3000000000183,37.5999999999921,-74.6999999999994));
#7802=CARTESIAN_POINT('',(18.3000000000183,38.5999999999921,-74.6999999999994));
#7803=CARTESIAN_POINT('Origin',(18.3000000000183,37.5999999999921,-74.7000000002279));
#7804=CARTESIAN_POINT('',(18.3000000000183,38.5999999999921,-40.6999999999994));
#7805=CARTESIAN_POINT('Origin',(18.3000000000183,37.5999999999921,-40.6999999999993));
#7806=CARTESIAN_POINT('',(18.3000000000183,38.5999999999921,-74.6999999999994));
#7807=CARTESIAN_POINT('Origin',(18.3000000000183,-36.6000000000015,-66.1999999999993));
#7808=CARTESIAN_POINT('',(18.3000000000175,-35.6000000000014,-49.0499999999985));
#7809=CARTESIAN_POINT('Origin',(18.3000000000183,-36.6000000000014,-49.0499999999985));
#7810=CARTESIAN_POINT('',(18.3000000000175,-35.6000000000015,-66.1999999999993));
#7811=CARTESIAN_POINT('Origin',(-6.8499999999933,-35.6000000000214,-57.6999999999993));
#7812=CARTESIAN_POINT('',(11.1215728752731,-35.6000000000071,-41.8715728752533));
#7813=CARTESIAN_POINT('',(19.3000000000183,-35.6000000000006,-50.0499999999994));
#7814=CARTESIAN_POINT('',(8.29314575052678,-35.6000000000094,-40.6999999999993));
#7815=CARTESIAN_POINT('Origin',(8.29314575052677,-35.6000000000094,-44.6999999999993));
#7816=CARTESIAN_POINT('',(-33.0000000000049,-35.6000000000422,-40.6999999999994));
#7817=CARTESIAN_POINT('',(-33.0000000000049,-35.6000000000422,-40.6999999999994));
#7818=CARTESIAN_POINT('',(-33.0000000000049,-35.6000000000422,-74.6999999999993));
#7819=CARTESIAN_POINT('',(3.30000000001585,-35.6000000000134,-72.1999999999994));
#7820=CARTESIAN_POINT('Origin',(5.30000000001586,-35.6000000000118,-72.1999999999994));
#7821=CARTESIAN_POINT('',(-32.5000000000049,-35.6000000000418,-72.1999999999994));
#7822=CARTESIAN_POINT('Origin',(-30.5000000000049,-35.6000000000402,-72.1999999999994));
#7823=CARTESIAN_POINT('',(-32.5000000000049,-35.6000000000417,-43.1999999999994));
#7824=CARTESIAN_POINT('Origin',(-30.5000000000049,-35.6000000000402,-43.1999999999994));
#7825=CARTESIAN_POINT('Origin',(18.3000000000183,-37.6000000000007,-74.6999999999994));
#7826=CARTESIAN_POINT('',(18.3000000000183,-38.6000000000007,-40.6999999999993));
#7827=CARTESIAN_POINT('',(18.3000000000183,-38.6000000000007,-74.6999999999994));
#7828=CARTESIAN_POINT('Origin',(18.3000000000183,-37.6000000000007,-40.6999999999993));
#7829=CARTESIAN_POINT('Origin',(19.3000000000183,-38.6000000000007,-74.6999999999994));
#7830=CARTESIAN_POINT('',(12.2999999998832,-38.6000000000007,-40.6999999999993));
#7831=CARTESIAN_POINT('',(12.2999999998832,-38.6000000000007,-57.6999999999994));
#7832=CARTESIAN_POINT('',(29.7999999999925,-38.6000000000006,-40.6999999999993));
#7833=CARTESIAN_POINT('Origin',(18.3000000000183,37.5999999999921,-74.6999999999994));
#7834=CARTESIAN_POINT('',(21.3000000000183,37.5999999999921,-42.6999999999994));
#7835=CARTESIAN_POINT('',(18.3000000000183,40.5999999999921,-42.6999999999995));
#7836=CARTESIAN_POINT('Origin',(18.3000000000183,37.5999999999921,-42.6999999999994));
#7837=CARTESIAN_POINT('',(21.3000000000183,37.5999999999921,-74.6999999999994));
#7838=CARTESIAN_POINT('',(21.3000000000183,37.5999999999921,-74.6999999999994));
#7839=CARTESIAN_POINT('',(18.3000000000183,40.5999999999921,-74.6999999999994));
#7840=CARTESIAN_POINT('Origin',(18.3000000000183,37.5999999999921,-74.7000000002279));
#7841=CARTESIAN_POINT('',(18.3000000000183,40.5999999999921,-74.6999999999994));
#7842=CARTESIAN_POINT('Origin',(18.3000000000183,-37.6000000000007,-74.6999999999994));
#7843=CARTESIAN_POINT('',(21.3000000000183,-37.6000000000007,-42.6999999999993));
#7844=CARTESIAN_POINT('',(21.3000000000183,-37.6000000000007,-74.6999999999994));
#7845=CARTESIAN_POINT('',(18.3000000000183,-40.6000000000007,-42.6999999999993));
#7846=CARTESIAN_POINT('Origin',(18.3000000000183,-37.6000000000007,-42.6999999999994));
#7847=CARTESIAN_POINT('',(18.3000000000183,-40.6000000000007,-74.6999999999994));
#7848=CARTESIAN_POINT('Origin',(21.3000000000183,38.5999999999921,-74.6999999999994));
#7849=CARTESIAN_POINT('',(21.3000000000183,-34.6000000000007,-45.6999999999993));
#7850=CARTESIAN_POINT('',(21.3000000000183,-34.6000000000007,-74.6999999999994));
#7851=CARTESIAN_POINT('',(21.3000000000183,-7.30000000000792,-45.6999999999993));
#7852=CARTESIAN_POINT('',(21.3000000000183,34.6000000000097,-45.6999999999993));
#7853=CARTESIAN_POINT('',(21.3000000000183,-7.30000000000792,-44.6999999999994));
#7854=CARTESIAN_POINT('',(21.3000000000183,-7.30000000000792,-58.6999999999994));
#7855=CARTESIAN_POINT('',(21.3000000000183,-9.30000000000791,-42.6999999999994));
#7856=CARTESIAN_POINT('Origin',(21.3000000000183,-9.30000000000792,-44.6999999999994));
#7857=CARTESIAN_POINT('',(21.3000000000183,19.2999999999939,-42.6999999999994));
#7858=CARTESIAN_POINT('Origin',(17.3000000000183,34.6000000000272,-74.6999999999994));
#7859=CARTESIAN_POINT('',(17.3000000000183,30.6000000000272,-74.6999999999994));
#7860=CARTESIAN_POINT('',(21.3000000000183,34.6000000000272,-74.6999999999994));
#7861=CARTESIAN_POINT('Origin',(17.3000000000183,34.6000000000272,-74.7000000002279));
#7862=CARTESIAN_POINT('',(21.3000000000183,34.6000000000272,-45.6999999999993));
#7863=CARTESIAN_POINT('',(21.3000000000183,34.6000000000272,-74.6999999999994));
#7864=CARTESIAN_POINT('Origin',(17.3000000000183,34.6000000000272,-45.6999999999993));
#7865=CARTESIAN_POINT('',(17.3000000000183,30.6000000000272,-48.0500000000518));
#7866=CARTESIAN_POINT('Origin',(17.3000000000183,34.6000000000272,-48.050000000055));
#7867=CARTESIAN_POINT('',(17.3000000000183,30.6000000000272,-74.6999999999994));
#7868=CARTESIAN_POINT('Origin',(21.3000000000183,38.5999999999921,-74.6999999999994));
#7869=CARTESIAN_POINT('',(21.3000000000183,-0.200000000007914,-42.6999999999994));
#7870=CARTESIAN_POINT('',(21.3000000000183,19.2999999999939,-42.6999999999994));
#7871=CARTESIAN_POINT('',(21.3000000000183,-2.20000000000792,-44.6999999999994));
#7872=CARTESIAN_POINT('Origin',(21.3000000000183,-0.200000000007917,-44.6999999999994));
#7873=CARTESIAN_POINT('',(21.3000000000183,-2.20000000000792,-45.6999999999993));
#7874=CARTESIAN_POINT('',(21.3000000000183,-2.20000000000792,-58.6999999999994));
#7875=CARTESIAN_POINT('',(21.3000000000183,34.6000000000097,-45.6999999999993));
#7876=CARTESIAN_POINT('',(21.3000000000183,19.2999999999939,-74.6999999999994));
#7877=CARTESIAN_POINT('Origin',(-43.2500000001292,-64.5999999999506,-74.7000000002279));
#7878=CARTESIAN_POINT('',(-33.0000000000614,30.6000000000272,-74.6999999999994));
#7879=CARTESIAN_POINT('',(29.7999999999924,30.6000000000272,-74.6999999999994));
#7880=CARTESIAN_POINT('',(-33.0000000000614,35.6000000000294,-74.6999999999994));
#7881=CARTESIAN_POINT('',(-33.0000000000091,-30.3000000000422,-74.6999999999993));
#7882=CARTESIAN_POINT('',(6.22500000000962,35.6000000000014,-74.6999999999994));
#7883=CARTESIAN_POINT('',(12.2999999999426,38.5999999999921,-74.6999999999994));
#7884=CARTESIAN_POINT('',(19.2999999999424,38.5999999999921,-74.6999999999994));
#7885=CARTESIAN_POINT('',(9.2999999999425,41.5999999999921,-74.7000000001556));
#7886=CARTESIAN_POINT('Origin',(12.2999999999426,41.5999999999921,-74.7000000002279));
#7887=CARTESIAN_POINT('',(9.29999999989416,47.599999999992,-74.7000000001684));
#7888=CARTESIAN_POINT('',(9.29999999994245,64.599999999992,-74.7000000001556));
#7889=CARTESIAN_POINT('',(11.2999999999229,47.599999999992,-74.7000000001684));
#7890=CARTESIAN_POINT('',(-16.9750000001175,47.599999999992,-74.7000000001919));
#7891=CARTESIAN_POINT('',(11.2999999999424,40.5999999999921,-74.6999999999994));
#7892=CARTESIAN_POINT('',(11.2999999999424,32.2999999999939,-74.6999999999994));
#7893=CARTESIAN_POINT('',(24.7999999999544,40.5999999999921,-74.6999999999994));
#7894=CARTESIAN_POINT('Origin',(17.3000000000183,-34.6000000000007,-74.6999999999994));
#7895=CARTESIAN_POINT('',(17.3000000000183,-30.6000000000007,-48.0500000000031));
#7896=CARTESIAN_POINT('',(17.3000000000183,-30.6000000000007,-74.6999999999994));
#7897=CARTESIAN_POINT('Origin',(17.3000000000183,-34.6000000000007,-48.0499999999999));
#7898=CARTESIAN_POINT('Origin',(17.3000000000183,-34.6000000000007,-45.6999999999993));
#7899=CARTESIAN_POINT('Origin',(19.3000000000141,-30.3000000000007,-50.0499999999994));
#7900=CARTESIAN_POINT('',(11.1215728752691,-30.6000000000007,-41.8715728752533));
#7901=CARTESIAN_POINT('',(12.3874999999967,-30.6000000000007,-43.137499999981));
#7902=CARTESIAN_POINT('',(11.1215728752689,-30.3000000000071,-41.8715728752533));
#7903=CARTESIAN_POINT('Origin',(-33.0000000000614,-30.6000000000007,-74.6999999999994));
#7904=CARTESIAN_POINT('',(-33.0000000000614,-30.6000000000007,-40.6999999999994));
#7905=CARTESIAN_POINT('',(-33.0000000000089,-30.6000000000007,-57.6999999999994));
#7906=CARTESIAN_POINT('',(8.2931457505228,-30.6000000000007,-40.6999999999993));
#7907=CARTESIAN_POINT('',(-11.5250000000232,-30.6000000000007,-40.6999999999994));
#7908=CARTESIAN_POINT('Origin',(8.2931457505228,-30.5999999999678,-44.6999999999993));
#7909=CARTESIAN_POINT('',(-31.5500000000089,-30.5999999999995,-43.1999999999994));
#7910=CARTESIAN_POINT('Origin',(-30.5000000000089,-30.5999999999986,-43.1999999999994));
#7911=CARTESIAN_POINT('',(-31.5500000000089,-30.5999999999995,-72.1999999999994));
#7912=CARTESIAN_POINT('Origin',(-30.5000000000089,-30.5999999999987,-72.1999999999994));
#7913=CARTESIAN_POINT('',(4.25000000001189,-30.5999999999711,-72.1999999999994));
#7914=CARTESIAN_POINT('Origin',(5.30000000001189,-30.5999999999703,-72.1999999999994));
#7915=CARTESIAN_POINT('Origin',(12.2999999998833,-41.6000000000007,-57.6999999999994));
#7916=CARTESIAN_POINT('',(9.30000000001833,-41.5999999999965,-40.6999999999993));
#7917=CARTESIAN_POINT('Origin',(12.2999999998833,-41.6000000000007,-40.6999999999993));
#7918=CARTESIAN_POINT('',(9.29999999988325,-41.5999999999965,-57.6999999999994));
#7919=CARTESIAN_POINT('Origin',(71.299999999898,-64.6000000001142,-40.6999999999993));
#7920=CARTESIAN_POINT('',(9.30000000001853,-61.6000000000257,-40.6999999999993));
#7921=CARTESIAN_POINT('',(9.30000000001811,-19.3000000000026,-40.6999999999994));
#7922=CARTESIAN_POINT('',(12.2999999998504,-64.60000000003,-40.6999999999994));
#7923=CARTESIAN_POINT('Origin',(12.2999999998547,-61.60000000003,-40.6999999999993));
#7924=CARTESIAN_POINT('',(68.299999999898,-64.6000000001099,-40.6999999999993));
#7925=CARTESIAN_POINT('',(9.29999999985036,-64.6000000000257,-40.6999999999994));
#7926=CARTESIAN_POINT('',(71.2999999999023,-61.6000000001142,-40.6999999999993));
#7927=CARTESIAN_POINT('Origin',(68.2999999999023,-61.6000000001099,-40.6999999999993));
#7928=CARTESIAN_POINT('',(71.3000000000784,61.5999999999879,-40.6999999999995));
#7929=CARTESIAN_POINT('',(71.299999999898,-64.6000000001142,-40.6999999999993));
#7930=CARTESIAN_POINT('',(68.3000000000784,64.5999999999964,-40.6999999999995));
#7931=CARTESIAN_POINT('Origin',(68.3000000000784,61.5999999999922,-40.6999999999995));
#7932=CARTESIAN_POINT('',(12.2999999999425,64.6000000000763,-40.6999999999995));
#7933=CARTESIAN_POINT('',(65.29999999999,64.6000000000007,-40.6999999999995));
#7934=CARTESIAN_POINT('',(9.29999999994246,61.599999999992,-40.6999999999995));
#7935=CARTESIAN_POINT('Origin',(12.2999999999425,61.599999999992,-40.6999999999995));
#7936=CARTESIAN_POINT('',(9.29999999994255,41.5999999999921,-40.6999999999995));
#7937=CARTESIAN_POINT('',(9.29999999994245,64.599999999992,-40.6999999999995));
#7938=CARTESIAN_POINT('',(12.2999999999426,38.5999999999921,-40.6999999999994));
#7939=CARTESIAN_POINT('Origin',(12.2999999999426,41.5999999999921,-40.6999999999993));
#7940=CARTESIAN_POINT('',(24.7999999999544,38.5999999999921,-40.6999999999994));
#7941=CARTESIAN_POINT('',(33.8499999999232,47.8500000000239,-40.6999999999996));
#7942=CARTESIAN_POINT('Origin',(32.7999999999232,47.8500000000239,-40.6999999999995));
#7943=CARTESIAN_POINT('',(60.8999999999952,52.1999999999684,-40.6999999999996));
#7944=CARTESIAN_POINT('',(60.8999999999233,43.4999999999684,-40.6999999999996));
#7945=CARTESIAN_POINT('',(60.899999999512,-6.20000000002987,-40.6999999999994));
#7946=CARTESIAN_POINT('',(35.2999999999232,43.499999999999,-40.6999999999996));
#7947=CARTESIAN_POINT('',(66.0999999999751,43.4999999999622,-40.6999999999995));
#7948=CARTESIAN_POINT('',(35.2999999999271,52.2000000000566,-40.6999999999996));
#7949=CARTESIAN_POINT('',(35.2999999998994,-10.5500000000497,-40.6999999999994));
#7950=CARTESIAN_POINT('',(53.3000000001137,52.1999999999946,-40.6999999999995));
#7951=CARTESIAN_POINT('',(59.8999999999329,41.8999999999684,-40.6999999999996));
#7952=CARTESIAN_POINT('',(59.8999999999329,38.5999999999955,-40.6999999999996));
#7953=CARTESIAN_POINT('',(59.8999999999329,-11.3500000000729,-40.6999999999994));
#7954=CARTESIAN_POINT('',(35.2999999999424,38.5999999999921,-40.6999999999996));
#7955=CARTESIAN_POINT('',(65.5999999999082,38.5999999999963,-40.6999999999995));
#7956=CARTESIAN_POINT('',(35.29999999994,41.8999999999656,-40.6999999999996));
#7957=CARTESIAN_POINT('',(35.2999999999803,-13.0000000000743,-40.6999999999994));
#7958=CARTESIAN_POINT('',(53.2999999999128,41.8999999999677,-40.6999999999995));
#7959=CARTESIAN_POINT('',(64.4499999999612,47.8499999999655,-40.6999999999996));
#7960=CARTESIAN_POINT('Origin',(63.3999999999612,47.8499999999655,-40.6999999999995));
#7961=CARTESIAN_POINT('',(26.1455549577429,-33.2383600799007,-40.6999999999994));
#7962=CARTESIAN_POINT('Origin',(25.0955549577429,-33.2383600799007,-40.6999999999994));
#7963=CARTESIAN_POINT('',(59.8999999999373,57.0999999999946,-40.6999999999996));
#7964=CARTESIAN_POINT('',(59.8999999999402,53.7999999999684,-40.6999999999996));
#7965=CARTESIAN_POINT('',(59.8999999999923,-3.75000000006499,-40.6999999999994));
#7966=CARTESIAN_POINT('',(35.2999999999329,53.8000000000015,-40.6999999999996));
#7967=CARTESIAN_POINT('',(65.5999999999986,53.7999999999607,-40.6999999999995));
#7968=CARTESIAN_POINT('',(35.2999999999329,57.099999999975,-40.6999999999996));
#7969=CARTESIAN_POINT('',(35.2999999999329,-5.40000000005639,-40.6999999999995));
#7970=CARTESIAN_POINT('',(53.299999999867,57.0999999999893,-40.6999999999995));
#7971=CARTESIAN_POINT('',(43.3499999999622,-2.80814831326611E-12,-40.6999999999995));
#7972=CARTESIAN_POINT('Origin',(42.2999999999622,-2.80827690118002E-12,
-40.6999999999994));
#7973=CARTESIAN_POINT('',(57.8611126055777,-41.7365181391655,-40.6999999999994));
#7974=CARTESIAN_POINT('Origin',(56.8111126055777,-41.7365181391655,-40.6999999999994));
#7975=CARTESIAN_POINT('',(11.2499999998728,61.5999999999947,-40.6999999999995));
#7976=CARTESIAN_POINT('Origin',(12.2999999998728,61.5999999999962,-40.6999999999995));
#7977=CARTESIAN_POINT('',(69.3499999999858,61.599999999995,-40.6999999999995));
#7978=CARTESIAN_POINT('Origin',(68.2999999999858,61.5999999999965,-40.6999999999995));
#7979=CARTESIAN_POINT('',(11.2499999997849,-61.6000000000312,-40.6999999999994));
#7980=CARTESIAN_POINT('Origin',(12.2999999997849,-61.6000000000342,-40.6999999999994));
#7981=CARTESIAN_POINT('',(69.349999999898,-61.6000000001143,-40.6999999999994));
#7982=CARTESIAN_POINT('Origin',(68.299999999898,-61.6000000001143,-40.6999999999994));
#7983=CARTESIAN_POINT('Origin',(12.2999999998547,-61.60000000003,-50.875000000006));
#7984=CARTESIAN_POINT('',(12.2999999998504,-64.60000000003,-50.875000000006));
#7985=CARTESIAN_POINT('',(9.29999999985465,-61.6000000000257,-50.875000000006));
#7986=CARTESIAN_POINT('Origin',(19.5999999998604,-64.6000000000404,-61.0500000000126));
#7987=CARTESIAN_POINT('',(68.299999999898,-64.6000000001099,-67.8750000000059));
#7988=CARTESIAN_POINT('',(64.299999999898,-64.6000000001042,-47.6999999999994));
#7989=CARTESIAN_POINT('',(61.7499999998495,-64.6000000001006,-47.6999999999994));
#7990=CARTESIAN_POINT('',(16.2999999998504,-64.6000000000357,-47.6999999999994));
#7991=CARTESIAN_POINT('',(64.299999999898,-64.6000000001042,-50.2500000000479));
#7992=CARTESIAN_POINT('',(64.299999999898,-64.6000000001042,-47.6999999999994));
#7993=CARTESIAN_POINT('',(61.4499999998501,-64.6000000001002,-47.4000000000001));
#7994=CARTESIAN_POINT('',(16.2999999998504,-64.6000000000357,-59.2499999999999));
#7995=CARTESIAN_POINT('',(24.74999999985,-64.6000000000477,-67.6999999999993));
#7996=CARTESIAN_POINT('',(4.44999999985012,-64.6000000000188,-47.4000000000001));
#7997=CARTESIAN_POINT('',(21.7499999998491,-64.6000000000435,-67.6999999999993));
#7998=CARTESIAN_POINT('',(64.299999999898,-64.6000000001042,-67.6999999999993));
#7999=CARTESIAN_POINT('',(16.2999999998504,-64.6000000000357,-62.2500000000005));
#8000=CARTESIAN_POINT('',(1.44999999985013,-64.6000000000145,-47.4000000000001));
#8001=CARTESIAN_POINT('',(16.2999999998504,-64.6000000000357,-67.6999999999993));
#8002=CARTESIAN_POINT('',(16.2999999998504,-64.6000000000357,-65.2499999999997));
#8003=CARTESIAN_POINT('',(18.74999999985,-64.6000000000392,-67.6999999999993));
#8004=CARTESIAN_POINT('',(-1.55000000014988,-64.6000000000102,-47.4000000000001));
#8005=CARTESIAN_POINT('',(16.2999999998504,-64.6000000000357,-67.6999999999993));
#8006=CARTESIAN_POINT('',(64.299999999898,-64.6000000001042,-67.6999999999993));
#8007=CARTESIAN_POINT('',(16.2999999998504,-64.6000000000357,-67.6999999999993));
#8008=CARTESIAN_POINT('',(16.2999999998504,-64.6000000000357,-53.2500000000001));
#8009=CARTESIAN_POINT('',(30.74999999985,-64.6000000000563,-67.6999999999993));
#8010=CARTESIAN_POINT('',(10.4499999998501,-64.6000000000273,-47.4000000000001));
#8011=CARTESIAN_POINT('',(27.7499999998491,-64.600000000052,-67.6999999999993));
#8012=CARTESIAN_POINT('',(64.299999999898,-64.6000000001042,-67.6999999999993));
#8013=CARTESIAN_POINT('',(16.2999999998504,-64.6000000000357,-56.2500000000004));
#8014=CARTESIAN_POINT('',(7.44999999985012,-64.600000000023,-47.4000000000001));
#8015=CARTESIAN_POINT('',(16.2999999998504,-64.6000000000357,-67.6999999999993));
#8016=CARTESIAN_POINT('',(58.7499999998495,-64.6000000000963,-47.6999999999994));
#8017=CARTESIAN_POINT('',(55.7499999998495,-64.600000000092,-47.6999999999994));
#8018=CARTESIAN_POINT('',(16.2999999998504,-64.6000000000357,-47.6999999999994));
#8019=CARTESIAN_POINT('',(64.299999999898,-64.6000000001042,-53.2500000000477));
#8020=CARTESIAN_POINT('',(58.4499999998501,-64.6000000000959,-47.4000000000001));
#8021=CARTESIAN_POINT('',(64.299999999898,-64.6000000001042,-56.250000000048));
#8022=CARTESIAN_POINT('',(64.299999999898,-64.6000000001042,-47.6999999999994));
#8023=CARTESIAN_POINT('',(55.4499999998501,-64.6000000000916,-47.4000000000001));
#8024=CARTESIAN_POINT('',(16.7499999998495,-64.6000000000363,-47.6999999999994));
#8025=CARTESIAN_POINT('',(36.74999999985,-64.6000000000649,-67.6999999999993));
#8026=CARTESIAN_POINT('',(16.4499999998501,-64.6000000000359,-47.4000000000001));
#8027=CARTESIAN_POINT('',(33.7499999998491,-64.6000000000606,-67.6999999999993));
#8028=CARTESIAN_POINT('',(64.299999999898,-64.6000000001042,-67.6999999999993));
#8029=CARTESIAN_POINT('',(16.2999999998504,-64.6000000000357,-50.2500000000004));
#8030=CARTESIAN_POINT('',(13.4499999998501,-64.6000000000316,-47.4000000000001));
#8031=CARTESIAN_POINT('',(16.2999999998504,-64.6000000000357,-47.6999999999994));
#8032=CARTESIAN_POINT('',(16.2999999998504,-64.6000000000357,-67.6999999999993));
#8033=CARTESIAN_POINT('',(16.2999999998504,-64.6000000000357,-47.6999999999994));
#8034=CARTESIAN_POINT('',(52.7499999998495,-64.6000000000877,-47.6999999999994));
#8035=CARTESIAN_POINT('',(49.7499999998495,-64.6000000000834,-47.6999999999994));
#8036=CARTESIAN_POINT('',(16.2999999998504,-64.6000000000357,-47.6999999999994));
#8037=CARTESIAN_POINT('',(64.299999999898,-64.6000000001042,-59.2500000000475));
#8038=CARTESIAN_POINT('',(52.4499999998501,-64.6000000000873,-47.4000000000001));
#8039=CARTESIAN_POINT('',(64.299999999898,-64.6000000001042,-62.2500000000481));
#8040=CARTESIAN_POINT('',(64.299999999898,-64.6000000001042,-47.6999999999994));
#8041=CARTESIAN_POINT('',(49.4499999998501,-64.600000000083,-47.4000000000001));
#8042=CARTESIAN_POINT('',(22.7499999998495,-64.6000000000449,-47.6999999999994));
#8043=CARTESIAN_POINT('',(42.74999999985,-64.6000000000734,-67.6999999999993));
#8044=CARTESIAN_POINT('',(22.4499999998501,-64.6000000000445,-47.4000000000001));
#8045=CARTESIAN_POINT('',(39.7499999998491,-64.6000000000692,-67.6999999999993));
#8046=CARTESIAN_POINT('',(64.299999999898,-64.6000000001042,-67.6999999999993));
#8047=CARTESIAN_POINT('',(19.7499999998495,-64.6000000000406,-47.6999999999994));
#8048=CARTESIAN_POINT('',(19.4499999998501,-64.6000000000402,-47.4000000000001));
#8049=CARTESIAN_POINT('',(16.2999999998504,-64.6000000000357,-47.6999999999994));
#8050=CARTESIAN_POINT('',(46.7499999998495,-64.6000000000791,-47.6999999999994));
#8051=CARTESIAN_POINT('',(43.7499999998495,-64.6000000000749,-47.6999999999994));
#8052=CARTESIAN_POINT('',(16.2999999998504,-64.6000000000357,-47.6999999999994));
#8053=CARTESIAN_POINT('',(64.299999999898,-64.6000000001042,-65.2500000000473));
#8054=CARTESIAN_POINT('',(46.4499999998501,-64.6000000000787,-47.4000000000001));
#8055=CARTESIAN_POINT('',(64.299999999898,-64.6000000001042,-67.6999999999993));
#8056=CARTESIAN_POINT('',(64.299999999898,-64.6000000001042,-47.6999999999994));
#8057=CARTESIAN_POINT('',(63.7499999998491,-64.6000000001034,-67.6999999999993));
#8058=CARTESIAN_POINT('',(64.299999999898,-64.6000000001042,-67.6999999999993));
#8059=CARTESIAN_POINT('',(43.4499999998501,-64.6000000000744,-47.4000000000001));
#8060=CARTESIAN_POINT('',(28.7499999998495,-64.6000000000535,-47.6999999999994));
#8061=CARTESIAN_POINT('',(48.74999999985,-64.600000000082,-67.6999999999993));
#8062=CARTESIAN_POINT('',(28.4499999998501,-64.600000000053,-47.4000000000001));
#8063=CARTESIAN_POINT('',(45.7499999998491,-64.6000000000777,-67.6999999999993));
#8064=CARTESIAN_POINT('',(64.299999999898,-64.6000000001042,-67.6999999999993));
#8065=CARTESIAN_POINT('',(25.7499999998495,-64.6000000000492,-47.6999999999994));
#8066=CARTESIAN_POINT('',(25.4499999998501,-64.6000000000488,-47.4000000000001));
#8067=CARTESIAN_POINT('',(16.2999999998504,-64.6000000000357,-47.6999999999994));
#8068=CARTESIAN_POINT('',(40.7499999998495,-64.6000000000706,-47.6999999999994));
#8069=CARTESIAN_POINT('',(37.7499999998495,-64.6000000000663,-47.6999999999994));
#8070=CARTESIAN_POINT('',(16.2999999998504,-64.6000000000357,-47.6999999999994));
#8071=CARTESIAN_POINT('',(60.74999999985,-64.6000000000991,-67.6999999999993));
#8072=CARTESIAN_POINT('',(40.4499999998501,-64.6000000000702,-47.4000000000001));
#8073=CARTESIAN_POINT('',(57.7499999998491,-64.6000000000949,-67.6999999999993));
#8074=CARTESIAN_POINT('',(64.299999999898,-64.6000000001042,-67.6999999999993));
#8075=CARTESIAN_POINT('',(37.4499999998501,-64.6000000000659,-47.4000000000001));
#8076=CARTESIAN_POINT('',(34.7499999998495,-64.600000000062,-47.6999999999994));
#8077=CARTESIAN_POINT('',(54.74999999985,-64.6000000000906,-67.6999999999993));
#8078=CARTESIAN_POINT('',(34.4499999998501,-64.6000000000616,-47.4000000000001));
#8079=CARTESIAN_POINT('',(51.7499999998491,-64.6000000000863,-67.6999999999993));
#8080=CARTESIAN_POINT('',(64.299999999898,-64.6000000001042,-67.6999999999993));
#8081=CARTESIAN_POINT('',(31.7499999998495,-64.6000000000577,-47.6999999999994));
#8082=CARTESIAN_POINT('',(31.4499999998501,-64.6000000000573,-47.4000000000001));
#8083=CARTESIAN_POINT('',(16.2999999998504,-64.6000000000357,-47.6999999999994));
#8084=CARTESIAN_POINT('Origin',(68.2999999999023,-61.6000000001099,-67.8750000000059));
#8085=CARTESIAN_POINT('',(71.2999999999023,-61.6000000001142,-67.8750000000059));
#8086=CARTESIAN_POINT('Origin',(71.299999999898,-64.6000000001142,-74.6999999999993));
#8087=CARTESIAN_POINT('',(71.3000000000784,61.5999999999878,-67.8750000000061));
#8088=CARTESIAN_POINT('',(71.2999999999903,31.949999999939,-54.7000000000347));
#8089=CARTESIAN_POINT('Origin',(71.299999999898,32.999999999939,-54.7000000000347));
#8090=CARTESIAN_POINT('',(71.2999999999903,-34.050000000061,-54.7000000000347));
#8091=CARTESIAN_POINT('Origin',(71.299999999898,-33.000000000061,-54.7000000000347));
#8092=CARTESIAN_POINT('Origin',(68.3000000000784,61.5999999999921,-67.8750000000061));
#8093=CARTESIAN_POINT('',(68.3000000000784,64.5999999999921,-67.8750000000061));
#8094=CARTESIAN_POINT('Origin',(12.2999999999426,41.5999999999921,-57.6999999999994));
#8095=CARTESIAN_POINT('',(9.29999999994255,41.5999999999921,-57.6999999999994));
#8096=CARTESIAN_POINT('',(12.2999999999426,38.5999999999921,-57.6999999999994));
#8097=CARTESIAN_POINT('Origin',(9.29999999994245,64.599999999992,-40.6999999999995));
#8098=CARTESIAN_POINT('',(9.29999999994246,61.599999999992,-50.8750000000061));
#8099=CARTESIAN_POINT('',(9.29999999994249,55.599999999992,-73.7000000001684));
#8100=CARTESIAN_POINT('',(9.29999999994249,55.599999999992,-57.7000000000839));
#8101=CARTESIAN_POINT('',(9.29999999994249,54.599999999992,-72.7000000001684));
#8102=CARTESIAN_POINT('Origin',(9.29999999994245,54.599999999992,-73.7000000001684));
#8103=CARTESIAN_POINT('',(9.29999999994252,48.599999999992,-72.7000000001684));
#8104=CARTESIAN_POINT('',(9.29999999994248,58.099999999992,-72.7000000001684));
#8105=CARTESIAN_POINT('',(9.29999999994252,47.599999999992,-73.7000000001684));
#8106=CARTESIAN_POINT('Origin',(9.29999999994245,48.599999999992,-73.7000000001684));
#8107=CARTESIAN_POINT('',(9.29999999994252,47.599999999992,-57.7000000000839));
#8108=CARTESIAN_POINT('',(9.29999999994245,54.9999999999921,-50.3999999999995));
#8109=CARTESIAN_POINT('',(9.29999999994244,46.9999999999921,-50.3999999999995));
#8110=CARTESIAN_POINT('',(9.29999999994245,54.2999999999917,-50.3999999999995));
#8111=CARTESIAN_POINT('',(9.29999999994244,43.9999999999921,-53.3999999999995));
#8112=CARTESIAN_POINT('Origin',(9.29999999991798,46.9999999999921,-53.3999999999995));
#8113=CARTESIAN_POINT('',(9.29999999994244,43.9999999999921,-55.3999999999995));
#8114=CARTESIAN_POINT('',(9.29999999994244,43.9999999999921,-66.5499999999995));
#8115=CARTESIAN_POINT('',(9.29999999994244,46.9999999999921,-58.3999999999995));
#8116=CARTESIAN_POINT('Origin',(9.29999999991798,46.9999999999921,-55.3999999999995));
#8117=CARTESIAN_POINT('',(9.29999999994245,54.9999999999921,-58.3999999999995));
#8118=CARTESIAN_POINT('',(9.29999999994245,61.2999999999917,-58.3999999999995));
#8119=CARTESIAN_POINT('',(9.29999999994245,57.9999999999921,-55.3999999999995));
#8120=CARTESIAN_POINT('Origin',(9.2999999999291,54.9999999999921,-55.3999999999995));
#8121=CARTESIAN_POINT('',(9.29999999994245,57.9999999999921,-53.3999999999995));
#8122=CARTESIAN_POINT('',(9.29999999994245,57.9999999999921,-62.5499999999995));
#8123=CARTESIAN_POINT('Origin',(9.2999999999291,54.9999999999921,-53.3999999999995));
#8124=CARTESIAN_POINT('Origin',(12.2999999999425,61.599999999992,-50.8750000000061));
#8125=CARTESIAN_POINT('',(12.2999999999425,64.599999999992,-50.8750000000061));
#8126=CARTESIAN_POINT('Origin',(21.100000000105,55.099999999976,-49.6999999999995));
#8127=CARTESIAN_POINT('',(30.1000000001051,57.099999999976,-49.6999999999995));
#8128=CARTESIAN_POINT('',(28.100000000105,55.0999999999758,-49.6999999999995));
#8129=CARTESIAN_POINT('Origin',(30.100000000105,55.0999999999757,-49.6999999999995));
#8130=CARTESIAN_POINT('',(21.100000000105,55.099999999976,-42.6999999999995));
#8131=CARTESIAN_POINT('Origin',(21.100000000105,55.099999999976,-49.6999999999995));
#8132=CARTESIAN_POINT('',(26.7568542495975,57.0999999999761,-42.6999999999995));
#8133=CARTESIAN_POINT('Ctrl Pts',(26.7568542495975,57.0999999999759,-42.6999999999995));
#8134=CARTESIAN_POINT('Ctrl Pts',(24.8321788998595,57.0999999999759,-42.6999999999995));
#8135=CARTESIAN_POINT('Ctrl Pts',(22.797404110086,56.0073006608975,-42.6999999999995));
#8136=CARTESIAN_POINT('Ctrl Pts',(21.100000000105,55.099999999976,-42.6999999999995));
#8137=CARTESIAN_POINT('Origin',(21.1000000001051,57.0999999999763,-49.6999999999995));
#8138=CARTESIAN_POINT('Origin',(30.100000000105,55.099999999976,-42.6999999999994));
#8139=CARTESIAN_POINT('',(30.1000000001051,57.099999999976,-50.6999999999994));
#8140=CARTESIAN_POINT('',(28.100000000105,55.099999999976,-50.6999999999994));
#8141=CARTESIAN_POINT('Origin',(30.100000000105,55.099999999976,-50.6999999999994));
#8142=CARTESIAN_POINT('',(28.100000000105,55.099999999976,-42.6999999999994));
#8143=CARTESIAN_POINT('',(30.1000000001051,57.099999999976,-42.6999999999994));
#8144=CARTESIAN_POINT('Origin',(21.100000000105,19.299999999994,-49.6999999999994));
#8145=CARTESIAN_POINT('',(28.100000000105,40.5999999999922,-49.6999999999994));
#8146=CARTESIAN_POINT('',(28.100000000105,19.299999999994,-49.6999999999994));
#8147=CARTESIAN_POINT('',(21.100000000105,40.5999999999921,-42.6999999999994));
#8148=CARTESIAN_POINT('Origin',(21.100000000105,40.5999999999922,-49.6999999999995));
#8149=CARTESIAN_POINT('',(21.100000000105,19.299999999994,-42.6999999999994));
#8150=CARTESIAN_POINT('Origin',(28.100000000105,38.5999999999922,-42.6999999999994));
#8151=CARTESIAN_POINT('',(28.100000000105,40.5999999999922,-50.6999999999994));
#8152=CARTESIAN_POINT('',(28.100000000105,38.5999999999922,-50.6999999999994));
#8153=CARTESIAN_POINT('',(28.100000000105,40.5999999999922,-42.6999999999994));
#8154=CARTESIAN_POINT('Origin',(31.5500000000183,47.8499999999841,-50.6999999999994));
#8155=CARTESIAN_POINT('',(33.9999999999316,57.0999999999759,-50.6999999999994));
#8156=CARTESIAN_POINT('',(28.100000000105,57.0999999999761,-50.6999999999994));
#8157=CARTESIAN_POINT('',(34.9999999999316,56.0999999999759,-50.6999999999994));
#8158=CARTESIAN_POINT('Origin',(33.9999999999316,56.0999999999759,-50.6999999999994));
#8159=CARTESIAN_POINT('',(34.9999999999316,39.5999999999922,-50.6999999999994));
#8160=CARTESIAN_POINT('',(34.9999999999316,57.0999999999758,-50.6999999999994));
#8161=CARTESIAN_POINT('',(33.9999999999316,38.5999999999922,-50.6999999999994));
#8162=CARTESIAN_POINT('Origin',(33.9999999999316,39.5999999999922,-50.6999999999994));
#8163=CARTESIAN_POINT('',(30.100000000105,38.5999999999922,-50.6999999999994));
#8164=CARTESIAN_POINT('',(34.9999999999316,38.5999999999922,-50.6999999999994));
#8165=CARTESIAN_POINT('Origin',(30.100000000105,40.5999999999922,-50.6999999999994));
#8166=CARTESIAN_POINT('',(33.8499999999232,47.8500000000239,-50.6999999999994));
#8167=CARTESIAN_POINT('Origin',(32.7999999999233,47.8500000000239,-50.6999999999994));
#8168=CARTESIAN_POINT('',(30.5000000000183,42.2499999999921,-50.6999999999994));
#8169=CARTESIAN_POINT('Origin',(31.5500000000183,42.2499999999921,-50.6999999999994));
#8170=CARTESIAN_POINT('Origin',(30.100000000105,40.5999999999922,-42.6999999999994));
#8171=CARTESIAN_POINT('',(30.100000000105,38.5999999999922,-49.6999999999994));
#8172=CARTESIAN_POINT('',(30.100000000105,38.5999999999922,-42.6999999999994));
#8173=CARTESIAN_POINT('Origin',(30.100000000105,40.5999999999922,-49.6999999999994));
#8174=CARTESIAN_POINT('Origin',(21.100000000105,40.5999999999922,-49.6999999999995));
#8175=CARTESIAN_POINT('',(26.7568542495974,38.5999999999922,-42.6999999999994));
#8176=CARTESIAN_POINT('Origin',(21.100000000105,38.5999999999922,-49.6999999999995));
#8177=CARTESIAN_POINT('',(21.3000000000187,40.4931445833131,-42.6999999999995));
#8178=CARTESIAN_POINT('Ctrl Pts',(21.3000000000187,40.4931445833131,-42.6999999999995));
#8179=CARTESIAN_POINT('Ctrl Pts',(22.9558981646964,39.6092487116388,-42.6999999999995));
#8180=CARTESIAN_POINT('Ctrl Pts',(24.9071989468056,38.5999999999922,-42.6999999999994));
#8181=CARTESIAN_POINT('Ctrl Pts',(26.7568542495974,38.5999999999922,-42.6999999999994));
#8182=CARTESIAN_POINT('Ctrl Pts',(21.100000000105,40.5999999999922,-42.6999999999995));
#8183=CARTESIAN_POINT('Ctrl Pts',(21.1661614626263,40.5646352107118,-42.6999999999995));
#8184=CARTESIAN_POINT('Ctrl Pts',(21.2328385360072,40.5289944574429,-42.6999999999995));
#8185=CARTESIAN_POINT('Ctrl Pts',(21.3000000000187,40.4931445833131,-42.6999999999995));
#8186=CARTESIAN_POINT('Origin',(34.9999999999316,38.5999999999922,-42.6999999999994));
#8187=CARTESIAN_POINT('',(33.9999999999316,38.5999999999922,-42.6999999999994));
#8188=CARTESIAN_POINT('',(33.9999999999316,38.5999999999922,-42.6999999999994));
#8189=CARTESIAN_POINT('',(37.649999999949,38.5999999999922,-42.6999999999994));
#8190=CARTESIAN_POINT('Origin',(33.9999999999316,56.0999999999759,-42.6999999999994));
#8191=CARTESIAN_POINT('',(33.9999999999316,57.0999999999759,-42.6999999999995));
#8192=CARTESIAN_POINT('',(33.9999999999316,57.0999999999759,-42.6999999999994));
#8193=CARTESIAN_POINT('',(34.9999999999316,56.0999999999759,-42.6999999999995));
#8194=CARTESIAN_POINT('Origin',(33.9999999999316,56.0999999999759,-42.6999999999994));
#8195=CARTESIAN_POINT('',(34.9999999999316,56.0999999999759,-42.6999999999994));
#8196=CARTESIAN_POINT('Origin',(28.100000000105,57.0999999999761,-42.6999999999994));
#8197=CARTESIAN_POINT('',(34.2000000000367,57.0999999999759,-42.6999999999995));
#8198=CARTESIAN_POINT('Origin',(33.9999999999316,39.5999999999922,-42.6999999999994));
#8199=CARTESIAN_POINT('',(34.9999999999316,39.5999999999922,-42.6999999999994));
#8200=CARTESIAN_POINT('',(34.9999999999316,39.5999999999922,-42.6999999999994));
#8201=CARTESIAN_POINT('Origin',(33.9999999999316,39.5999999999922,-42.6999999999994));
#8202=CARTESIAN_POINT('Origin',(9.29999999994244,40.5999999999921,-74.6999999999994));
#8203=CARTESIAN_POINT('',(11.2999999999424,40.5999999999921,-42.6999999999995));
#8204=CARTESIAN_POINT('',(11.2999999999424,40.5999999999921,-74.6999999999994));
#8205=CARTESIAN_POINT('',(24.7999999999544,40.5999999999921,-42.6999999999994));
#8206=CARTESIAN_POINT('Origin',(40.2999999999664,-4.27104892333721E-12,
-42.6999999999994));
#8207=CARTESIAN_POINT('',(11.2999999999424,58.5999999999948,-42.6999999999995));
#8208=CARTESIAN_POINT('',(11.2999999999424,32.2999999999939,-42.6999999999994));
#8209=CARTESIAN_POINT('',(27.7999999998797,58.6000000000184,-42.6999999999995));
#8210=CARTESIAN_POINT('',(65.2999999999872,62.5999999999924,-42.6999999999995));
#8211=CARTESIAN_POINT('',(29.9499999999593,62.5999999999922,-42.6999999999995));
#8212=CARTESIAN_POINT('',(65.2999999999441,32.2999999999805,-42.6999999999994));
#8213=CARTESIAN_POINT('',(69.2999999999902,19.3999999999995,-42.6999999999992));
#8214=CARTESIAN_POINT('',(69.2999999999903,-32.3000000000023,-42.6999999999993));
#8215=CARTESIAN_POINT('',(64.2999999999902,19.3999999999995,-42.6999999999992));
#8216=CARTESIAN_POINT('',(54.7999999999783,19.3999999999995,-42.6999999999994));
#8217=CARTESIAN_POINT('',(64.2999999999902,13.3999999999995,-42.6999999999992));
#8218=CARTESIAN_POINT('',(64.2999999999902,8.19999999999767,-42.6999999999994));
#8219=CARTESIAN_POINT('',(69.2999999999902,13.3999999999995,-42.6999999999992));
#8220=CARTESIAN_POINT('',(54.7999999999783,13.3999999999995,-42.6999999999994));
#8221=CARTESIAN_POINT('',(69.2999999999902,3.39999999999953,-42.6999999999992));
#8222=CARTESIAN_POINT('',(69.2999999999903,-32.3000000000023,-42.6999999999993));
#8223=CARTESIAN_POINT('',(64.2999999999902,3.39999999999952,-42.6999999999992));
#8224=CARTESIAN_POINT('',(54.7999999999783,3.39999999999949,-42.6999999999994));
#8225=CARTESIAN_POINT('',(64.2999999999902,-2.60000000000049,-42.6999999999992));
#8226=CARTESIAN_POINT('',(64.2999999999902,0.199999999997663,-42.6999999999993));
#8227=CARTESIAN_POINT('',(69.2999999999902,-2.60000000000048,-42.6999999999992));
#8228=CARTESIAN_POINT('',(54.7999999999783,-2.60000000000052,-42.6999999999993));
#8229=CARTESIAN_POINT('',(69.2999999999903,-52.6000000000005,-42.6999999999992));
#8230=CARTESIAN_POINT('',(69.2999999999903,-32.3000000000023,-42.6999999999993));
#8231=CARTESIAN_POINT('',(64.2999999999903,-52.6000000000005,-42.6999999999992));
#8232=CARTESIAN_POINT('',(54.7999999999784,-52.6000000000005,-42.6999999999993));
#8233=CARTESIAN_POINT('',(64.2999999999904,-62.6000000000005,-42.6999999999992));
#8234=CARTESIAN_POINT('',(64.2999999999903,-28.8000000000023,-42.6999999999993));
#8235=CARTESIAN_POINT('',(16.8000000000185,-62.6000000000007,-42.6999999999993));
#8236=CARTESIAN_POINT('',(29.9499999998701,-62.6000000000554,-42.6999999999993));
#8237=CARTESIAN_POINT('',(16.8000000000183,-40.6000000000007,-42.6999999999993));
#8238=CARTESIAN_POINT('',(16.8000000000181,-19.3000000000026,-42.6999999999994));
#8239=CARTESIAN_POINT('',(29.7999999999925,-40.6000000000006,-42.6999999999993));
#8240=CARTESIAN_POINT('',(31.5500000000183,-9.30000000000791,-42.6999999999994));
#8241=CARTESIAN_POINT('',(37.1999999999924,-9.30000000000791,-42.6999999999994));
#8242=CARTESIAN_POINT('',(34.1000000000183,-5.21313078262402,-42.6999999999994));
#8243=CARTESIAN_POINT('Ctrl Pts',(31.5500000000183,-9.30000000000791,-42.6999999999994));
#8244=CARTESIAN_POINT('Ctrl Pts',(31.856799180062,-9.02829407928968,-42.6999999999994));
#8245=CARTESIAN_POINT('Ctrl Pts',(32.1949211250725,-8.72979074188155,-42.6999999999994));
#8246=CARTESIAN_POINT('Ctrl Pts',(32.8282995701137,-8.09426853833266,-42.6999999999994));
#8247=CARTESIAN_POINT('Ctrl Pts',(33.1214150555776,-7.75511946802086,-42.6999999999994));
#8248=CARTESIAN_POINT('Ctrl Pts',(33.5775281035471,-7.08971907837995,-42.6999999999994));
#8249=CARTESIAN_POINT('Ctrl Pts',(33.797834522727,-6.66745012461116,-42.6999999999994));
#8250=CARTESIAN_POINT('Ctrl Pts',(34.0292608962462,-5.9636848025889,-42.6999999999994));
#8251=CARTESIAN_POINT('Ctrl Pts',(34.1000000000183,-5.55706777784085,-42.6999999999994));
#8252=CARTESIAN_POINT('Ctrl Pts',(34.1000000000183,-5.21313078262403,-42.6999999999994));
#8253=CARTESIAN_POINT('',(34.1000000000183,-4.2868692173918,-42.6999999999994));
#8254=CARTESIAN_POINT('',(34.1000000000183,-1.10000000000609,-42.6999999999994));
#8255=CARTESIAN_POINT('',(31.5500000000183,-0.200000000007913,-42.6999999999994));
#8256=CARTESIAN_POINT('Ctrl Pts',(34.1000000000183,-4.2868692173918,-42.6999999999994));
#8257=CARTESIAN_POINT('Ctrl Pts',(34.1000000000183,-3.94293222217498,-42.6999999999994));
#8258=CARTESIAN_POINT('Ctrl Pts',(34.0292608962462,-3.53631519742693,-42.6999999999994));
#8259=CARTESIAN_POINT('Ctrl Pts',(33.797834522727,-2.83254987540466,-42.6999999999994));
#8260=CARTESIAN_POINT('Ctrl Pts',(33.5775281035471,-2.41028092163587,-42.6999999999994));
#8261=CARTESIAN_POINT('Ctrl Pts',(33.1214150555776,-1.74488053199497,-42.6999999999994));
#8262=CARTESIAN_POINT('Ctrl Pts',(32.8282995701136,-1.40573146168317,-42.6999999999994));
#8263=CARTESIAN_POINT('Ctrl Pts',(32.1949211250725,-0.770209258134279,-42.6999999999994));
#8264=CARTESIAN_POINT('Ctrl Pts',(31.856799180062,-0.471705920726142,-42.6999999999994));
#8265=CARTESIAN_POINT('Ctrl Pts',(31.5500000000183,-0.200000000007913,-42.6999999999994));
#8266=CARTESIAN_POINT('',(30.7999999999924,-0.200000000007913,-42.6999999999994));
#8267=CARTESIAN_POINT('',(34.9999999999316,28.5499999999858,-42.6999999999994));
#8268=CARTESIAN_POINT('',(57.8611126055777,-41.7365181391655,-42.6999999999993));
#8269=CARTESIAN_POINT('Origin',(56.8111126055777,-41.7365181391655,-42.6999999999993));
#8270=CARTESIAN_POINT('',(43.3499999999622,-2.812109692716E-12,-42.6999999999994));
#8271=CARTESIAN_POINT('Origin',(42.2999999999622,-2.81223828062991E-12,
-42.6999999999994));
#8272=CARTESIAN_POINT('',(59.8999999999402,53.7999999999684,-42.6999999999994));
#8273=CARTESIAN_POINT('',(59.8999999999373,57.0999999999946,-42.6999999999994));
#8274=CARTESIAN_POINT('',(59.8999999999631,28.550000000004,-42.6999999999994));
#8275=CARTESIAN_POINT('',(35.2999999999329,57.099999999975,-42.6999999999995));
#8276=CARTESIAN_POINT('',(37.799999999927,57.099999999977,-42.6999999999995));
#8277=CARTESIAN_POINT('',(35.2999999999329,53.8000000000015,-42.6999999999995));
#8278=CARTESIAN_POINT('',(35.2999999999329,26.8999999999986,-42.6999999999994));
#8279=CARTESIAN_POINT('',(50.0999999999895,53.7999999999816,-42.6999999999994));
#8280=CARTESIAN_POINT('',(26.1455549577429,-33.2383600799007,-42.6999999999993));
#8281=CARTESIAN_POINT('Origin',(25.0955549577429,-33.2383600799007,-42.6999999999993));
#8282=CARTESIAN_POINT('',(64.4499999999612,47.8499999999655,-42.6999999999995));
#8283=CARTESIAN_POINT('Origin',(63.3999999999612,47.8499999999655,-42.6999999999995));
#8284=CARTESIAN_POINT('',(59.8999999999329,38.5999999999955,-42.6999999999994));
#8285=CARTESIAN_POINT('',(59.8999999999329,41.8999999999684,-42.6999999999994));
#8286=CARTESIAN_POINT('',(59.8999999999329,20.9499999999821,-42.6999999999994));
#8287=CARTESIAN_POINT('',(35.29999999994,41.8999999999656,-42.6999999999994));
#8288=CARTESIAN_POINT('',(37.7999999999508,41.8999999999659,-42.6999999999994));
#8289=CARTESIAN_POINT('',(35.2999999999424,38.5999999999921,-42.6999999999994));
#8290=CARTESIAN_POINT('',(35.2999999999566,19.2999999999921,-42.6999999999994));
#8291=CARTESIAN_POINT('',(50.0999999999469,38.5999999999942,-42.6999999999994));
#8292=CARTESIAN_POINT('',(60.8999999999233,43.4999999999684,-42.6999999999994));
#8293=CARTESIAN_POINT('',(60.8999999999952,52.1999999999684,-42.6999999999994));
#8294=CARTESIAN_POINT('',(60.8999999997793,26.0999999998968,-42.6999999999994));
#8295=CARTESIAN_POINT('',(35.2999999999271,52.2000000000566,-42.6999999999995));
#8296=CARTESIAN_POINT('',(37.8000000000367,52.200000000048,-42.6999999999995));
#8297=CARTESIAN_POINT('',(35.2999999999232,43.499999999999,-42.6999999999994));
#8298=CARTESIAN_POINT('',(35.2999999999137,21.7499999999984,-42.6999999999994));
#8299=CARTESIAN_POINT('',(50.5999999999708,43.4999999999807,-42.6999999999994));
#8300=CARTESIAN_POINT('Origin',(24.9110579573772,34.6000000000097,-46.6999999999994));
#8301=CARTESIAN_POINT('',(24.9110579573772,-7.30000000000792,-50.6999999999994));
#8302=CARTESIAN_POINT('',(21.1055289786978,-7.30000000000791,-47.9320508075682));
#8303=CARTESIAN_POINT('Origin',(24.9110579573772,-7.30000000000791,-46.6999999999994));
#8304=CARTESIAN_POINT('',(21.1055289786978,-2.20000000000792,-47.9320508075682));
#8305=CARTESIAN_POINT('',(21.1055289786977,34.6000000000097,-47.9320508075682));
#8306=CARTESIAN_POINT('',(24.9110579573772,-2.20000000000792,-50.6999999999994));
#8307=CARTESIAN_POINT('Origin',(24.9110579573772,-2.20000000000792,-46.6999999999994));
#8308=CARTESIAN_POINT('',(24.9110579573772,34.6000000000097,-50.6999999999994));
#8309=CARTESIAN_POINT('Origin',(34.1000000000183,-7.30000000000792,-42.6999999999994));
#8310=CARTESIAN_POINT('',(31.5500000000183,-7.30000000000792,-50.6999999999994));
#8311=CARTESIAN_POINT('',(21.3000000000183,-7.30000000000792,-50.6999999999994));
#8312=CARTESIAN_POINT('',(31.5500000000183,-7.30000000000792,-44.6999999999994));
#8313=CARTESIAN_POINT('',(31.5500000000183,-7.30000000000792,-42.6999999999994));
#8314=CARTESIAN_POINT('',(37.1999999999924,-7.30000000000792,-44.6999999999993));
#8315=CARTESIAN_POINT('',(26.7000000000183,-7.30000000000792,-45.6999999999993));
#8316=CARTESIAN_POINT('Origin',(17.3000000000183,-7.30000000000791,-49.1641016151371));
#8317=CARTESIAN_POINT('Origin',(27.7000000000183,-4.75000000000792,-50.6999999999994));
#8318=CARTESIAN_POINT('',(31.5500000000183,-2.20000000000792,-50.6999999999994));
#8319=CARTESIAN_POINT('',(34.1000000000183,-2.20000000000792,-50.6999999999994));
#8320=CARTESIAN_POINT('Origin',(31.5500000000183,-4.75000000000792,-50.6999999999994));
#8321=CARTESIAN_POINT('',(30.5000000000183,-4.75000000000792,-50.6999999999994));
#8322=CARTESIAN_POINT('Origin',(31.5500000000183,-4.75000000000792,-50.6999999999994));
#8323=CARTESIAN_POINT('Origin',(31.5500000000183,-0.200000000007917,-44.6999999999994));
#8324=CARTESIAN_POINT('',(34.1000000000183,-4.75000000000792,-44.6999999999994));
#8325=CARTESIAN_POINT('',(31.5500000000183,-2.20000000000792,-44.6999999999994));
#8326=CARTESIAN_POINT('Origin',(31.5500000000183,-4.75000000000792,-44.6999999999994));
#8327=CARTESIAN_POINT('Origin',(31.5500000000183,-0.200000000007917,-44.6999999999994));
#8328=CARTESIAN_POINT('Origin',(34.1000000000183,-0.200000000007917,-44.6999999999994));
#8329=CARTESIAN_POINT('Origin',(34.1000000000183,-2.20000000000792,-42.6999999999994));
#8330=CARTESIAN_POINT('Origin',(34.1000000000183,-9.30000000000792,-44.6999999999994));
#8331=CARTESIAN_POINT('Origin',(31.5500000000183,-4.75000000000792,-42.6999999999994));
#8332=CARTESIAN_POINT('',(31.5500000000183,-2.20000000000792,-42.6999999999994));
#8333=CARTESIAN_POINT('Origin',(31.5500000000183,-4.75000000000792,-44.6999999999994));
#8334=CARTESIAN_POINT('Origin',(31.5500000000183,-9.30000000000792,-44.6999999999994));
#8335=CARTESIAN_POINT('Origin',(31.5500000000183,-9.30000000000792,-44.6999999999994));
#8336=CARTESIAN_POINT('Origin',(17.3000000000183,34.6000000000097,-49.1641016151371));
#8337=CARTESIAN_POINT('Origin',(17.3000000000183,-2.20000000000792,-49.1641016151371));
#8338=CARTESIAN_POINT('Origin',(19.3000000000183,30.6000000000272,-45.6999999999993));
#8339=CARTESIAN_POINT('Origin',(19.3000000000183,30.6000000000272,-45.6999999999993));
#8340=CARTESIAN_POINT('',(20.3000000000183,-2.20000000000792,-45.6999999999993));
#8341=CARTESIAN_POINT('Origin',(30.7999999999924,-0.200000000007917,-44.6999999999994));
#8342=CARTESIAN_POINT('',(30.7999999999924,-2.20000000000792,-44.6999999999994));
#8343=CARTESIAN_POINT('Origin',(21.3000000000183,-2.20000000000792,-42.6999999999994));
#8344=CARTESIAN_POINT('Origin',(37.1999999999924,-9.30000000000792,-44.6999999999993));
#8345=CARTESIAN_POINT('Origin',(10.7999999999221,54.599999999992,-73.7000000001684));
#8346=CARTESIAN_POINT('',(11.2999999999424,55.599999999992,-73.7000000001684));
#8347=CARTESIAN_POINT('',(11.2999999999424,54.599999999992,-72.7000000001684));
#8348=CARTESIAN_POINT('Origin',(11.2999999999425,54.599999999992,-73.7000000001684));
#8349=CARTESIAN_POINT('',(10.7999999999221,54.599999999992,-72.7000000001684));
#8350=CARTESIAN_POINT('',(10.7999999999221,55.599999999992,-73.7000000001684));
#8351=CARTESIAN_POINT('Origin',(10.2999999999128,51.599999999992,-72.7000000001684));
#8352=CARTESIAN_POINT('',(11.2999999999424,48.599999999992,-72.7000000001684));
#8353=CARTESIAN_POINT('',(11.2999999999424,58.099999999992,-72.7000000001684));
#8354=CARTESIAN_POINT('',(9.79999999990348,48.599999999992,-72.7000000001684));
#8355=CARTESIAN_POINT('Origin',(9.79999999990348,48.599999999992,-73.7000000001684));
#8356=CARTESIAN_POINT('',(11.2999999999424,47.599999999992,-73.7000000001684));
#8357=CARTESIAN_POINT('Origin',(11.2999999999425,48.599999999992,-73.7000000001684));
#8358=CARTESIAN_POINT('',(9.79999999990348,47.599999999992,-73.7000000001684));
#8359=CARTESIAN_POINT('Origin',(9.29999999989416,47.599999999992,-74.7000000001684));
#8360=CARTESIAN_POINT('',(11.2999999999424,47.599999999992,-74.7000000000839));
#8361=CARTESIAN_POINT('Origin',(11.2999999999314,55.599999999992,-74.7000000001684));
#8362=CARTESIAN_POINT('',(11.2999999999424,55.599999999992,-74.7000000000839));
#8363=CARTESIAN_POINT('Origin',(31.5500000000183,-4.75000000000792,-42.6999999999994));
#8364=CARTESIAN_POINT('',(30.5000000000183,-4.75000000000792,-42.6999999999994));
#8365=CARTESIAN_POINT('',(30.5000000000183,-4.75000000000792,-42.6999999999994));
#8366=CARTESIAN_POINT('Origin',(31.5500000000183,-4.75000000000792,-42.6999999999994));
#8367=CARTESIAN_POINT('Origin',(40.2999999999664,-4.27104892333721E-12,
-42.6999999999994));
#8368=CARTESIAN_POINT('Origin',(31.5500000000183,42.2499999999921,-42.6999999999994));
#8369=CARTESIAN_POINT('',(30.5000000000183,42.2499999999921,-42.6999999999994));
#8370=CARTESIAN_POINT('',(30.5000000000183,42.2499999999921,-42.6999999999994));
#8371=CARTESIAN_POINT('Origin',(31.5500000000183,42.2499999999921,-42.6999999999994));
#8372=CARTESIAN_POINT('Origin',(34.9999999999316,57.0999999999758,-42.6999999999994));
#8373=CARTESIAN_POINT('Origin',(40.2999999999664,-4.27104892333721E-12,
-42.6999999999994));
#8374=CARTESIAN_POINT('Origin',(32.7999999999232,47.8500000000239,-40.6999999999996));
#8375=CARTESIAN_POINT('',(33.8499999999232,47.8500000000239,-40.6999999999996));
#8376=CARTESIAN_POINT('Origin',(60.8999999999952,52.1999999999684,-40.6999999999996));
#8377=CARTESIAN_POINT('',(60.8999999999233,43.4999999999684,-40.6999999999996));
#8378=CARTESIAN_POINT('',(60.8999999999952,52.1999999999684,-40.6999999999996));
#8379=CARTESIAN_POINT('Origin',(35.2999999999271,52.2000000000566,-40.6999999999996));
#8380=CARTESIAN_POINT('',(35.2999999999271,52.2000000000566,-40.6999999999996));
#8381=CARTESIAN_POINT('Origin',(35.2999999999232,43.499999999999,-40.6999999999996));
#8382=CARTESIAN_POINT('',(35.2999999999232,43.499999999999,-40.6999999999996));
#8383=CARTESIAN_POINT('Origin',(60.8999999999233,43.4999999999684,-40.6999999999996));
#8384=CARTESIAN_POINT('Origin',(59.8999999999329,41.8999999999684,-40.6999999999996));
#8385=CARTESIAN_POINT('',(59.8999999999329,38.5999999999955,-40.6999999999996));
#8386=CARTESIAN_POINT('',(59.8999999999329,41.8999999999684,-40.6999999999996));
#8387=CARTESIAN_POINT('Origin',(35.29999999994,41.8999999999656,-40.6999999999996));
#8388=CARTESIAN_POINT('',(35.29999999994,41.8999999999656,-40.6999999999996));
#8389=CARTESIAN_POINT('Origin',(35.2999999999424,38.5999999999921,-40.6999999999996));
#8390=CARTESIAN_POINT('',(35.2999999999424,38.5999999999921,-40.6999999999996));
#8391=CARTESIAN_POINT('Origin',(59.8999999999329,38.5999999999955,-40.6999999999996));
#8392=CARTESIAN_POINT('Origin',(63.3999999999612,47.8499999999655,-40.6999999999996));
#8393=CARTESIAN_POINT('',(64.4499999999612,47.8499999999655,-40.6999999999996));
#8394=CARTESIAN_POINT('Origin',(25.0955549577429,-33.2383600799007,-40.6999999999994));
#8395=CARTESIAN_POINT('',(26.1455549577429,-33.2383600799007,-40.6999999999994));
#8396=CARTESIAN_POINT('Origin',(59.8999999999373,57.0999999999946,-40.6999999999996));
#8397=CARTESIAN_POINT('',(59.8999999999402,53.7999999999684,-40.6999999999996));
#8398=CARTESIAN_POINT('',(59.8999999999373,57.0999999999946,-40.6999999999996));
#8399=CARTESIAN_POINT('Origin',(35.2999999999329,57.099999999975,-40.6999999999996));
#8400=CARTESIAN_POINT('',(35.2999999999329,57.099999999975,-40.6999999999996));
#8401=CARTESIAN_POINT('Origin',(35.2999999999329,53.8000000000015,-40.6999999999996));
#8402=CARTESIAN_POINT('',(35.2999999999329,53.8000000000015,-40.6999999999996));
#8403=CARTESIAN_POINT('Origin',(59.8999999999402,53.7999999999684,-40.6999999999996));
#8404=CARTESIAN_POINT('Origin',(42.2999999999622,-2.80827690118002E-12,
-40.6999999999995));
#8405=CARTESIAN_POINT('',(43.3499999999622,-2.80840548909393E-12,-40.6999999999995));
#8406=CARTESIAN_POINT('Origin',(56.8111126055777,-41.7365181391655,-40.6999999999994));
#8407=CARTESIAN_POINT('',(57.8611126055777,-41.7365181391655,-40.6999999999994));
#8408=CARTESIAN_POINT('Origin',(71.2999999999903,32.999999999939,-54.7000000000347));
#8409=CARTESIAN_POINT('',(69.2999999999902,31.949999999939,-54.7000000000347));
#8410=CARTESIAN_POINT('',(71.2999999999903,31.949999999939,-54.7000000000347));
#8411=CARTESIAN_POINT('Origin',(69.2999999999904,32.999999999939,-54.7000000000347));
#8412=CARTESIAN_POINT('Origin',(71.2999999999903,-33.000000000061,-54.7000000000347));
#8413=CARTESIAN_POINT('',(69.2999999999902,-34.050000000061,-54.7000000000347));
#8414=CARTESIAN_POINT('',(71.2999999999903,-34.050000000061,-54.7000000000347));
#8415=CARTESIAN_POINT('Origin',(69.2999999999904,-33.000000000061,-54.7000000000347));
#8416=CARTESIAN_POINT('Origin',(12.2999999998728,61.5999999999962,-40.6999999999995));
#8417=CARTESIAN_POINT('',(11.2499999998728,61.5999999999947,-40.6999999999995));
#8418=CARTESIAN_POINT('Origin',(15.2999999998771,58.6000000000005,-40.6999999999995));
#8419=CARTESIAN_POINT('',(11.2999999999424,58.5999999999948,-57.6999999999994));
#8420=CARTESIAN_POINT('Origin',(68.2999999999858,61.5999999999965,-40.6999999999995));
#8421=CARTESIAN_POINT('',(69.3499999999858,61.599999999995,-40.6999999999995));
#8422=CARTESIAN_POINT('Origin',(65.29999999999,64.6000000000007,-40.6999999999995));
#8423=CARTESIAN_POINT('',(65.2999999999872,62.5999999999924,-50.8750000000061));
#8424=CARTESIAN_POINT('Origin',(12.2999999997849,-61.6000000000342,-40.6999999999994));
#8425=CARTESIAN_POINT('',(11.2499999997849,-61.6000000000312,-40.6999999999994));
#8426=CARTESIAN_POINT('Origin',(68.299999999898,-61.6000000001143,-40.6999999999994));
#8427=CARTESIAN_POINT('',(69.349999999898,-61.6000000001143,-40.6999999999994));
#8428=CARTESIAN_POINT('Origin',(11.2999999999425,64.5999999999921,-74.6999999999994));
#8429=CARTESIAN_POINT('',(11.2999999999424,55.9999999999893,-53.8999999999995));
#8430=CARTESIAN_POINT('',(11.2999999999424,55.9999999999893,-54.8999999999995));
#8431=CARTESIAN_POINT('',(11.2999999999424,55.9999999999893,-65.5499999999995));
#8432=CARTESIAN_POINT('',(11.2999999999424,54.4999999999893,-56.3999999999995));
#8433=CARTESIAN_POINT('Origin',(11.2999999999284,54.4999999999893,-54.8999999999995));
#8434=CARTESIAN_POINT('',(11.2999999999424,47.4999999999893,-56.3999999999995));
#8435=CARTESIAN_POINT('',(11.2999999999424,55.2999999999921,-56.3999999999995));
#8436=CARTESIAN_POINT('',(11.2999999999424,45.9999999999893,-54.8999999999995));
#8437=CARTESIAN_POINT('Origin',(11.2999999999187,47.4999999999893,-54.8999999999995));
#8438=CARTESIAN_POINT('',(11.2999999999424,45.9999999999893,-53.8999999999995));
#8439=CARTESIAN_POINT('',(11.2999999999424,45.9999999999893,-63.5499999999995));
#8440=CARTESIAN_POINT('',(11.2999999999424,47.4999999999893,-52.3999999999995));
#8441=CARTESIAN_POINT('Origin',(11.2999999999187,47.4999999999893,-53.8999999999995));
#8442=CARTESIAN_POINT('',(11.2999999999424,54.4999999999893,-52.3999999999995));
#8443=CARTESIAN_POINT('',(11.2999999999425,60.2999999999921,-52.3999999999995));
#8444=CARTESIAN_POINT('Origin',(11.2999999999284,54.4999999999893,-53.8999999999995));
#8445=CARTESIAN_POINT('Origin',(19.5999999999525,64.599999999992,-61.0500000000127));
#8446=CARTESIAN_POINT('',(61.7499999999416,64.5999999999921,-47.6999999999995));
#8447=CARTESIAN_POINT('',(64.2999999999901,64.5999999999921,-50.250000000048));
#8448=CARTESIAN_POINT('',(61.4499999999422,64.5999999999921,-47.4000000000002));
#8449=CARTESIAN_POINT('',(64.2999999999901,64.5999999999921,-47.6999999999995));
#8450=CARTESIAN_POINT('',(64.2999999999901,64.5999999999921,-47.6999999999995));
#8451=CARTESIAN_POINT('',(16.2999999999425,64.599999999992,-47.6999999999995));
#8452=CARTESIAN_POINT('',(52.7499999999416,64.5999999999921,-47.6999999999995));
#8453=CARTESIAN_POINT('',(49.7499999999416,64.5999999999921,-47.6999999999995));
#8454=CARTESIAN_POINT('',(16.2999999999425,64.599999999992,-47.6999999999995));
#8455=CARTESIAN_POINT('',(64.2999999999901,64.5999999999921,-62.2500000000482));
#8456=CARTESIAN_POINT('',(49.4499999999422,64.5999999999921,-47.4000000000002));
#8457=CARTESIAN_POINT('',(64.2999999999901,64.5999999999921,-59.2500000000476));
#8458=CARTESIAN_POINT('',(64.2999999999901,64.5999999999921,-47.6999999999995));
#8459=CARTESIAN_POINT('',(52.4499999999422,64.5999999999921,-47.4000000000002));
#8460=CARTESIAN_POINT('',(40.7499999999416,64.5999999999921,-47.6999999999995));
#8461=CARTESIAN_POINT('',(37.7499999999415,64.5999999999921,-47.6999999999995));
#8462=CARTESIAN_POINT('',(16.2999999999425,64.599999999992,-47.6999999999995));
#8463=CARTESIAN_POINT('',(57.7499999999412,64.5999999999921,-67.6999999999994));
#8464=CARTESIAN_POINT('',(37.4499999999422,64.5999999999921,-47.4000000000002));
#8465=CARTESIAN_POINT('',(60.7499999999421,64.5999999999921,-67.6999999999994));
#8466=CARTESIAN_POINT('',(64.2999999999901,64.5999999999921,-67.6999999999994));
#8467=CARTESIAN_POINT('',(40.4499999999422,64.5999999999921,-47.4000000000002));
#8468=CARTESIAN_POINT('',(28.7499999999416,64.599999999992,-47.6999999999995));
#8469=CARTESIAN_POINT('',(25.7499999999415,64.599999999992,-47.6999999999995));
#8470=CARTESIAN_POINT('',(16.2999999999425,64.599999999992,-47.6999999999995));
#8471=CARTESIAN_POINT('',(45.7499999999412,64.5999999999921,-67.6999999999994));
#8472=CARTESIAN_POINT('',(25.4499999999422,64.599999999992,-47.4000000000002));
#8473=CARTESIAN_POINT('',(48.7499999999421,64.5999999999921,-67.6999999999994));
#8474=CARTESIAN_POINT('',(64.2999999999901,64.5999999999921,-67.6999999999994));
#8475=CARTESIAN_POINT('',(28.4499999999422,64.599999999992,-47.4000000000002));
#8476=CARTESIAN_POINT('',(16.7499999999416,64.599999999992,-47.6999999999995));
#8477=CARTESIAN_POINT('',(16.2999999999425,64.599999999992,-47.6999999999995));
#8478=CARTESIAN_POINT('',(16.2999999999425,64.599999999992,-47.6999999999995));
#8479=CARTESIAN_POINT('',(16.2999999999425,64.599999999992,-50.2500000000005));
#8480=CARTESIAN_POINT('',(16.2999999999425,64.599999999992,-67.6999999999994));
#8481=CARTESIAN_POINT('',(33.7499999999412,64.599999999992,-67.6999999999994));
#8482=CARTESIAN_POINT('',(13.4499999999422,64.599999999992,-47.4000000000002));
#8483=CARTESIAN_POINT('',(36.7499999999421,64.599999999992,-67.6999999999994));
#8484=CARTESIAN_POINT('',(64.2999999999901,64.5999999999921,-67.6999999999994));
#8485=CARTESIAN_POINT('',(16.4499999999422,64.599999999992,-47.4000000000002));
#8486=CARTESIAN_POINT('',(16.2999999999425,64.599999999992,-59.25));
#8487=CARTESIAN_POINT('',(16.2999999999425,64.599999999992,-62.2500000000006));
#8488=CARTESIAN_POINT('',(16.2999999999425,64.599999999992,-67.6999999999994));
#8489=CARTESIAN_POINT('',(21.7499999999412,64.599999999992,-67.6999999999994));
#8490=CARTESIAN_POINT('',(1.44999999994222,64.599999999992,-47.4000000000002));
#8491=CARTESIAN_POINT('',(24.7499999999421,64.599999999992,-67.6999999999994));
#8492=CARTESIAN_POINT('',(64.2999999999901,64.5999999999921,-67.6999999999994));
#8493=CARTESIAN_POINT('',(4.4499999999422,64.599999999992,-47.4000000000002));
#8494=CARTESIAN_POINT('',(16.2999999999425,64.599999999992,-65.2499999999998));
#8495=CARTESIAN_POINT('',(16.2999999999425,64.599999999992,-67.6999999999994));
#8496=CARTESIAN_POINT('',(16.2999999999425,64.599999999992,-67.6999999999994));
#8497=CARTESIAN_POINT('',(18.7499999999421,64.599999999992,-67.6999999999994));
#8498=CARTESIAN_POINT('',(64.2999999999901,64.5999999999921,-67.6999999999994));
#8499=CARTESIAN_POINT('',(-1.55000000005779,64.599999999992,-47.4000000000002));
#8500=CARTESIAN_POINT('',(16.2999999999425,64.599999999992,-53.2500000000002));
#8501=CARTESIAN_POINT('',(16.2999999999425,64.599999999992,-56.2500000000005));
#8502=CARTESIAN_POINT('',(16.2999999999425,64.599999999992,-67.6999999999994));
#8503=CARTESIAN_POINT('',(27.7499999999412,64.599999999992,-67.6999999999994));
#8504=CARTESIAN_POINT('',(7.44999999994221,64.599999999992,-47.4000000000002));
#8505=CARTESIAN_POINT('',(30.7499999999421,64.599999999992,-67.6999999999994));
#8506=CARTESIAN_POINT('',(64.2999999999901,64.5999999999921,-67.6999999999994));
#8507=CARTESIAN_POINT('',(10.4499999999422,64.599999999992,-47.4000000000002));
#8508=CARTESIAN_POINT('',(22.7499999999416,64.599999999992,-47.6999999999995));
#8509=CARTESIAN_POINT('',(19.7499999999415,64.599999999992,-47.6999999999995));
#8510=CARTESIAN_POINT('',(16.2999999999425,64.599999999992,-47.6999999999995));
#8511=CARTESIAN_POINT('',(39.7499999999412,64.599999999992,-67.6999999999994));
#8512=CARTESIAN_POINT('',(19.4499999999422,64.599999999992,-47.4000000000002));
#8513=CARTESIAN_POINT('',(42.7499999999421,64.599999999992,-67.6999999999994));
#8514=CARTESIAN_POINT('',(64.2999999999901,64.5999999999921,-67.6999999999994));
#8515=CARTESIAN_POINT('',(22.4499999999422,64.599999999992,-47.4000000000002));
#8516=CARTESIAN_POINT('',(34.7499999999416,64.5999999999921,-47.6999999999995));
#8517=CARTESIAN_POINT('',(31.7499999999415,64.5999999999921,-47.6999999999995));
#8518=CARTESIAN_POINT('',(16.2999999999425,64.599999999992,-47.6999999999995));
#8519=CARTESIAN_POINT('',(51.7499999999412,64.5999999999921,-67.6999999999994));
#8520=CARTESIAN_POINT('',(31.4499999999422,64.5999999999921,-47.4000000000002));
#8521=CARTESIAN_POINT('',(54.7499999999421,64.5999999999921,-67.6999999999994));
#8522=CARTESIAN_POINT('',(64.2999999999901,64.5999999999921,-67.6999999999994));
#8523=CARTESIAN_POINT('',(34.4499999999422,64.5999999999921,-47.4000000000002));
#8524=CARTESIAN_POINT('',(46.7499999999416,64.5999999999921,-47.6999999999995));
#8525=CARTESIAN_POINT('',(43.7499999999416,64.5999999999921,-47.6999999999995));
#8526=CARTESIAN_POINT('',(16.2999999999425,64.599999999992,-47.6999999999995));
#8527=CARTESIAN_POINT('',(63.7499999999412,64.5999999999921,-67.6999999999994));
#8528=CARTESIAN_POINT('',(43.4499999999422,64.5999999999921,-47.4000000000002));
#8529=CARTESIAN_POINT('',(64.2999999999901,64.5999999999921,-67.6999999999994));
#8530=CARTESIAN_POINT('',(64.2999999999901,64.5999999999921,-67.6999999999994));
#8531=CARTESIAN_POINT('',(64.2999999999901,64.5999999999921,-65.2500000000474));
#8532=CARTESIAN_POINT('',(64.2999999999901,64.5999999999921,-47.6999999999995));
#8533=CARTESIAN_POINT('',(46.4499999999422,64.5999999999921,-47.4000000000002));
#8534=CARTESIAN_POINT('',(58.7499999999416,64.5999999999921,-47.6999999999995));
#8535=CARTESIAN_POINT('',(55.7499999999416,64.5999999999921,-47.6999999999995));
#8536=CARTESIAN_POINT('',(16.2999999999425,64.599999999992,-47.6999999999995));
#8537=CARTESIAN_POINT('',(64.2999999999901,64.5999999999921,-56.2500000000481));
#8538=CARTESIAN_POINT('',(55.4499999999422,64.5999999999921,-47.4000000000002));
#8539=CARTESIAN_POINT('',(64.2999999999901,64.5999999999921,-53.2500000000478));
#8540=CARTESIAN_POINT('',(64.2999999999901,64.5999999999921,-47.6999999999995));
#8541=CARTESIAN_POINT('',(58.4499999999422,64.5999999999921,-47.4000000000002));
#8542=CARTESIAN_POINT('Origin',(19.5999999999525,62.5999999999922,-61.0500000000127));
#8543=CARTESIAN_POINT('',(58.7499999999416,62.5999999999921,-47.6999999999995));
#8544=CARTESIAN_POINT('',(64.2999999999901,62.5999999999921,-53.2500000000478));
#8545=CARTESIAN_POINT('',(58.4499999999422,62.5999999999921,-47.4000000000002));
#8546=CARTESIAN_POINT('',(64.2999999999901,62.5999999999921,-56.2500000000481));
#8547=CARTESIAN_POINT('',(64.2999999999901,62.5999999999921,-47.6999999999995));
#8548=CARTESIAN_POINT('',(55.7499999999416,62.5999999999921,-47.6999999999995));
#8549=CARTESIAN_POINT('',(55.4499999999422,62.5999999999921,-47.4000000000002));
#8550=CARTESIAN_POINT('',(16.2999999999425,62.599999999992,-47.6999999999995));
#8551=CARTESIAN_POINT('',(46.7499999999416,62.5999999999921,-47.6999999999995));
#8552=CARTESIAN_POINT('',(64.2999999999901,62.5999999999921,-65.2500000000474));
#8553=CARTESIAN_POINT('',(46.4499999999422,62.5999999999921,-47.4000000000002));
#8554=CARTESIAN_POINT('',(64.2999999999901,62.5999999999921,-67.6999999999994));
#8555=CARTESIAN_POINT('',(64.2999999999901,62.5999999999921,-47.6999999999995));
#8556=CARTESIAN_POINT('',(63.7499999999412,62.5999999999921,-67.6999999999994));
#8557=CARTESIAN_POINT('',(64.2999999999901,62.5999999999921,-67.6999999999994));
#8558=CARTESIAN_POINT('',(43.7499999999416,62.5999999999921,-47.6999999999995));
#8559=CARTESIAN_POINT('',(43.4499999999422,62.5999999999921,-47.4000000000002));
#8560=CARTESIAN_POINT('',(16.2999999999425,62.599999999992,-47.6999999999995));
#8561=CARTESIAN_POINT('',(28.7499999999416,62.599999999992,-47.6999999999995));
#8562=CARTESIAN_POINT('',(48.7499999999421,62.5999999999921,-67.6999999999994));
#8563=CARTESIAN_POINT('',(28.4499999999422,62.599999999992,-47.4000000000002));
#8564=CARTESIAN_POINT('',(45.7499999999412,62.5999999999921,-67.6999999999994));
#8565=CARTESIAN_POINT('',(64.2999999999901,62.5999999999921,-67.6999999999994));
#8566=CARTESIAN_POINT('',(25.7499999999416,62.599999999992,-47.6999999999995));
#8567=CARTESIAN_POINT('',(25.4499999999422,62.599999999992,-47.4000000000002));
#8568=CARTESIAN_POINT('',(16.2999999999425,62.599999999992,-47.6999999999995));
#8569=CARTESIAN_POINT('',(16.7499999999416,62.599999999992,-47.6999999999995));
#8570=CARTESIAN_POINT('',(36.7499999999421,62.599999999992,-67.6999999999994));
#8571=CARTESIAN_POINT('',(16.4499999999422,62.599999999992,-47.4000000000002));
#8572=CARTESIAN_POINT('',(33.7499999999412,62.599999999992,-67.6999999999994));
#8573=CARTESIAN_POINT('',(64.2999999999901,62.5999999999921,-67.6999999999994));
#8574=CARTESIAN_POINT('',(16.2999999999425,62.599999999992,-50.2500000000005));
#8575=CARTESIAN_POINT('',(13.4499999999422,62.599999999992,-47.4000000000002));
#8576=CARTESIAN_POINT('',(16.2999999999425,62.599999999992,-47.6999999999995));
#8577=CARTESIAN_POINT('',(16.2999999999425,62.599999999992,-67.6999999999994));
#8578=CARTESIAN_POINT('',(16.2999999999425,62.599999999992,-47.6999999999995));
#8579=CARTESIAN_POINT('',(16.2999999999425,62.599999999992,-53.2500000000002));
#8580=CARTESIAN_POINT('',(30.7499999999421,62.599999999992,-67.6999999999994));
#8581=CARTESIAN_POINT('',(10.4499999999422,62.599999999992,-47.4000000000002));
#8582=CARTESIAN_POINT('',(27.7499999999412,62.599999999992,-67.6999999999994));
#8583=CARTESIAN_POINT('',(64.2999999999901,62.5999999999921,-67.6999999999994));
#8584=CARTESIAN_POINT('',(16.2999999999425,62.599999999992,-56.2500000000005));
#8585=CARTESIAN_POINT('',(7.44999999994222,62.599999999992,-47.4000000000002));
#8586=CARTESIAN_POINT('',(16.2999999999425,62.599999999992,-67.6999999999994));
#8587=CARTESIAN_POINT('',(16.2999999999425,62.599999999992,-65.2499999999998));
#8588=CARTESIAN_POINT('',(18.7499999999421,62.599999999992,-67.6999999999994));
#8589=CARTESIAN_POINT('',(-1.55000000005778,62.599999999992,-47.4000000000002));
#8590=CARTESIAN_POINT('',(16.2999999999425,62.599999999992,-67.6999999999994));
#8591=CARTESIAN_POINT('',(64.2999999999901,62.5999999999921,-67.6999999999994));
#8592=CARTESIAN_POINT('',(16.2999999999425,62.599999999992,-67.6999999999994));
#8593=CARTESIAN_POINT('',(16.2999999999425,62.599999999992,-59.25));
#8594=CARTESIAN_POINT('',(24.7499999999421,62.599999999992,-67.6999999999994));
#8595=CARTESIAN_POINT('',(4.44999999994221,62.599999999992,-47.4000000000002));
#8596=CARTESIAN_POINT('',(21.7499999999412,62.599999999992,-67.6999999999994));
#8597=CARTESIAN_POINT('',(64.2999999999901,62.5999999999921,-67.6999999999994));
#8598=CARTESIAN_POINT('',(16.2999999999425,62.599999999992,-62.2500000000006));
#8599=CARTESIAN_POINT('',(1.44999999994222,62.599999999992,-47.4000000000002));
#8600=CARTESIAN_POINT('',(16.2999999999425,62.599999999992,-67.6999999999994));
#8601=CARTESIAN_POINT('',(22.7499999999416,62.599999999992,-47.6999999999995));
#8602=CARTESIAN_POINT('',(42.7499999999421,62.599999999992,-67.6999999999994));
#8603=CARTESIAN_POINT('',(22.4499999999422,62.599999999992,-47.4000000000002));
#8604=CARTESIAN_POINT('',(39.7499999999412,62.599999999992,-67.6999999999994));
#8605=CARTESIAN_POINT('',(64.2999999999901,62.5999999999921,-67.6999999999994));
#8606=CARTESIAN_POINT('',(19.7499999999416,62.599999999992,-47.6999999999995));
#8607=CARTESIAN_POINT('',(19.4499999999422,62.599999999992,-47.4000000000002));
#8608=CARTESIAN_POINT('',(16.2999999999425,62.599999999992,-47.6999999999995));
#8609=CARTESIAN_POINT('',(34.7499999999416,62.5999999999921,-47.6999999999995));
#8610=CARTESIAN_POINT('',(54.7499999999421,62.5999999999921,-67.6999999999994));
#8611=CARTESIAN_POINT('',(34.4499999999422,62.5999999999921,-47.4000000000002));
#8612=CARTESIAN_POINT('',(51.7499999999412,62.5999999999921,-67.6999999999994));
#8613=CARTESIAN_POINT('',(64.2999999999901,62.5999999999921,-67.6999999999994));
#8614=CARTESIAN_POINT('',(31.7499999999415,62.5999999999921,-47.6999999999995));
#8615=CARTESIAN_POINT('',(31.4499999999422,62.5999999999921,-47.4000000000002));
#8616=CARTESIAN_POINT('',(16.2999999999425,62.599999999992,-47.6999999999995));
#8617=CARTESIAN_POINT('',(40.7499999999416,62.5999999999921,-47.6999999999995));
#8618=CARTESIAN_POINT('',(60.7499999999421,62.5999999999921,-67.6999999999994));
#8619=CARTESIAN_POINT('',(40.4499999999422,62.5999999999921,-47.4000000000002));
#8620=CARTESIAN_POINT('',(57.7499999999412,62.5999999999921,-67.6999999999994));
#8621=CARTESIAN_POINT('',(64.2999999999901,62.5999999999921,-67.6999999999994));
#8622=CARTESIAN_POINT('',(37.7499999999416,62.5999999999921,-47.6999999999995));
#8623=CARTESIAN_POINT('',(37.4499999999422,62.5999999999921,-47.4000000000002));
#8624=CARTESIAN_POINT('',(16.2999999999425,62.599999999992,-47.6999999999995));
#8625=CARTESIAN_POINT('',(52.7499999999416,62.5999999999921,-47.6999999999995));
#8626=CARTESIAN_POINT('',(64.2999999999901,62.5999999999921,-59.2500000000476));
#8627=CARTESIAN_POINT('',(52.4499999999422,62.5999999999921,-47.4000000000002));
#8628=CARTESIAN_POINT('',(64.2999999999901,62.5999999999921,-62.2500000000482));
#8629=CARTESIAN_POINT('',(64.2999999999901,62.5999999999921,-47.6999999999995));
#8630=CARTESIAN_POINT('',(49.7499999999416,62.5999999999921,-47.6999999999995));
#8631=CARTESIAN_POINT('',(49.4499999999422,62.5999999999921,-47.4000000000002));
#8632=CARTESIAN_POINT('',(16.2999999999425,62.599999999992,-47.6999999999995));
#8633=CARTESIAN_POINT('',(61.7499999999416,62.5999999999921,-47.6999999999995));
#8634=CARTESIAN_POINT('',(64.2999999999901,62.5999999999921,-47.6999999999995));
#8635=CARTESIAN_POINT('',(16.2999999999425,62.599999999992,-47.6999999999995));
#8636=CARTESIAN_POINT('',(64.2999999999901,62.5999999999921,-50.250000000048));
#8637=CARTESIAN_POINT('',(64.2999999999901,62.5999999999921,-47.6999999999995));
#8638=CARTESIAN_POINT('',(61.4499999999422,62.5999999999921,-47.4000000000002));
#8639=CARTESIAN_POINT('Origin',(40.299999999877,-62.6000000000701,-57.6999999999993));
#8640=CARTESIAN_POINT('',(16.2999999998532,-62.6000000000357,-65.2499999999997));
#8641=CARTESIAN_POINT('',(16.8000000000185,-62.6000000000007,-65.750000000165));
#8642=CARTESIAN_POINT('',(-1.55000000014702,-62.6000000000102,-47.4000000000001));
#8643=CARTESIAN_POINT('',(16.2999999998532,-62.6000000000357,-67.6999999999993));
#8644=CARTESIAN_POINT('',(16.2999999998532,-62.6000000000357,-67.6999999999993));
#8645=CARTESIAN_POINT('',(16.8000000000185,-62.6000000000365,-67.6999999999993));
#8646=CARTESIAN_POINT('',(64.2999999999008,-62.6000000001042,-67.6999999999993));
#8647=CARTESIAN_POINT('',(16.8000000000185,-62.6000000000007,-74.6999999999994));
#8648=CARTESIAN_POINT('Origin',(40.299999999877,-62.6000000000701,-57.6999999999993));
#8649=CARTESIAN_POINT('',(16.2999999998532,-62.6000000000357,-59.2499999999999));
#8650=CARTESIAN_POINT('',(16.8000000000185,-62.6000000000007,-59.7500000001652));
#8651=CARTESIAN_POINT('',(4.44999999985298,-62.6000000000188,-47.4000000000001));
#8652=CARTESIAN_POINT('',(16.2999999998532,-62.6000000000357,-62.2500000000005));
#8653=CARTESIAN_POINT('',(16.2999999998532,-62.6000000000357,-67.6999999999993));
#8654=CARTESIAN_POINT('',(16.8000000000185,-62.6000000000007,-62.7500000001658));
#8655=CARTESIAN_POINT('',(1.44999999985299,-62.6000000000145,-47.4000000000001));
#8656=CARTESIAN_POINT('',(16.8000000000185,-62.6000000000007,-74.6999999999994));
#8657=CARTESIAN_POINT('Origin',(40.299999999877,-62.6000000000701,-57.6999999999993));
#8658=CARTESIAN_POINT('',(16.2999999998532,-62.6000000000357,-53.2500000000001));
#8659=CARTESIAN_POINT('',(16.8000000000185,-62.6000000000007,-53.7500000001654));
#8660=CARTESIAN_POINT('',(10.449999999853,-62.6000000000273,-47.4000000000001));
#8661=CARTESIAN_POINT('',(16.2999999998532,-62.6000000000357,-56.2500000000004));
#8662=CARTESIAN_POINT('',(16.2999999998532,-62.6000000000357,-67.6999999999993));
#8663=CARTESIAN_POINT('',(16.8000000000185,-62.6000000000007,-56.7500000001657));
#8664=CARTESIAN_POINT('',(7.44999999985298,-62.600000000023,-47.4000000000001));
#8665=CARTESIAN_POINT('',(16.8000000000185,-62.6000000000007,-74.6999999999994));
#8666=CARTESIAN_POINT('Origin',(40.299999999877,-62.6000000000701,-57.6999999999993));
#8667=CARTESIAN_POINT('',(16.7499999998523,-62.6000000000363,-47.6999999999994));
#8668=CARTESIAN_POINT('',(16.8000000000185,-62.6000000000007,-47.7500000001656));
#8669=CARTESIAN_POINT('',(16.449999999853,-62.6000000000359,-47.4000000000001));
#8670=CARTESIAN_POINT('',(16.2999999998532,-62.6000000000357,-47.6999999999994));
#8671=CARTESIAN_POINT('',(16.2999999998532,-62.6000000000357,-47.6999999999994));
#8672=CARTESIAN_POINT('',(16.2999999998532,-62.6000000000357,-50.2500000000003));
#8673=CARTESIAN_POINT('',(16.2999999998532,-62.6000000000357,-67.6999999999993));
#8674=CARTESIAN_POINT('',(16.8000000000185,-62.6000000000007,-50.7500000001657));
#8675=CARTESIAN_POINT('',(13.449999999853,-62.6000000000316,-47.4000000000001));
#8676=CARTESIAN_POINT('',(16.8000000000185,-62.6000000000007,-74.6999999999994));
#8677=CARTESIAN_POINT('Origin',(69.2999999999903,-55.6000000000005,-69.6999999999987));
#8678=CARTESIAN_POINT('',(64.2999999999903,-54.5500000000005,-69.6999999999987));
#8679=CARTESIAN_POINT('Origin',(64.2999999999903,-55.6000000000005,-69.6999999999987));
#8680=CARTESIAN_POINT('',(69.2999999999903,-54.5500000000005,-69.6999999999987));
#8681=CARTESIAN_POINT('',(69.2999999999903,-54.5500000000005,-69.6999999999987));
#8682=CARTESIAN_POINT('Origin',(69.2999999999904,-55.6000000000005,-69.6999999999987));
#8683=CARTESIAN_POINT('Origin',(69.2999999999903,-55.6000000000005,-50.3999999999987));
#8684=CARTESIAN_POINT('',(64.2999999999903,-54.5500000000005,-50.3999999999987));
#8685=CARTESIAN_POINT('Origin',(64.2999999999903,-55.6000000000005,-50.3999999999987));
#8686=CARTESIAN_POINT('',(69.2999999999903,-54.5500000000005,-50.3999999999987));
#8687=CARTESIAN_POINT('',(69.2999999999903,-54.5500000000005,-50.3999999999987));
#8688=CARTESIAN_POINT('Origin',(69.2999999999904,-55.6000000000005,-50.3999999999987));
#8689=CARTESIAN_POINT('Origin',(69.2999999999903,-52.6000000000005,-42.6999999999992));
#8690=CARTESIAN_POINT('',(69.2999999999903,-52.6000000000005,-58.6999999999993));
#8691=CARTESIAN_POINT('',(64.2999999999903,-52.6000000000005,-42.6999999999992));
#8692=CARTESIAN_POINT('Origin',(69.2999999999904,-64.6000000000005,-74.6999999999994));
#8693=CARTESIAN_POINT('Origin',(69.2999999999904,-64.6000000000005,-74.6999999999994));
#8694=CARTESIAN_POINT('',(69.2999999999902,-2.60000000000048,-74.6999999999994));
#8695=CARTESIAN_POINT('Origin',(69.2999999999902,0.399999999999528,-69.6999999999958));
#8696=CARTESIAN_POINT('',(64.2999999999902,1.44999999999952,-69.6999999999958));
#8697=CARTESIAN_POINT('Origin',(64.2999999999902,0.399999999999515,-69.6999999999958));
#8698=CARTESIAN_POINT('',(69.2999999999902,1.44999999999953,-69.6999999999958));
#8699=CARTESIAN_POINT('',(69.2999999999902,1.44999999999953,-69.6999999999958));
#8700=CARTESIAN_POINT('Origin',(69.2999999999902,0.399999999999528,-69.6999999999958));
#8701=CARTESIAN_POINT('Origin',(69.2999999999902,0.399999999999526,-50.3999999999954));
#8702=CARTESIAN_POINT('',(64.2999999999902,1.44999999999951,-50.3999999999954));
#8703=CARTESIAN_POINT('Origin',(64.2999999999902,0.399999999999514,-50.3999999999954));
#8704=CARTESIAN_POINT('',(69.2999999999902,1.44999999999953,-50.3999999999954));
#8705=CARTESIAN_POINT('',(69.2999999999902,1.44999999999953,-50.3999999999954));
#8706=CARTESIAN_POINT('Origin',(69.2999999999902,0.399999999999526,-50.3999999999954));
#8707=CARTESIAN_POINT('Origin',(69.2999999999902,3.39999999999953,-42.6999999999992));
#8708=CARTESIAN_POINT('',(69.2999999999902,3.39999999999953,-58.6999999999993));
#8709=CARTESIAN_POINT('',(64.2999999999902,3.39999999999952,-42.6999999999992));
#8710=CARTESIAN_POINT('Origin',(69.2999999999902,-2.60000000000047,-74.6999999999994));
#8711=CARTESIAN_POINT('',(64.2999999999902,-2.60000000000049,-74.6999999999994));
#8712=CARTESIAN_POINT('Origin',(64.2999999999902,0.399999999999513,-58.6999999999993));
#8713=CARTESIAN_POINT('Origin',(69.2999999999904,-64.6000000000005,-74.6999999999994));
#8714=CARTESIAN_POINT('Origin',(69.2999999999904,-64.6000000000005,-74.6999999999994));
#8715=CARTESIAN_POINT('',(69.2999999999902,13.3999999999995,-74.6999999999994));
#8716=CARTESIAN_POINT('Origin',(69.2999999999904,-64.6000000000005,-74.6999999999994));
#8717=CARTESIAN_POINT('Origin',(69.2999999999902,16.3999999999995,-69.6999999999949));
#8718=CARTESIAN_POINT('',(64.2999999999902,17.4499999999995,-69.6999999999949));
#8719=CARTESIAN_POINT('Origin',(64.2999999999902,16.3999999999995,-69.6999999999949));
#8720=CARTESIAN_POINT('',(69.2999999999902,17.4499999999995,-69.6999999999949));
#8721=CARTESIAN_POINT('',(69.2999999999902,17.4499999999995,-69.6999999999949));
#8722=CARTESIAN_POINT('Origin',(69.2999999999902,16.3999999999995,-69.6999999999949));
#8723=CARTESIAN_POINT('Origin',(69.2999999999902,16.3999999999995,-56.8999999999949));
#8724=CARTESIAN_POINT('',(64.2999999999902,17.4499999999995,-56.8999999999949));
#8725=CARTESIAN_POINT('Origin',(64.2999999999902,16.3999999999995,-56.8999999999949));
#8726=CARTESIAN_POINT('',(69.2999999999902,17.4499999999995,-56.8999999999949));
#8727=CARTESIAN_POINT('',(69.2999999999902,17.4499999999995,-56.8999999999949));
#8728=CARTESIAN_POINT('Origin',(69.2999999999902,16.3999999999995,-56.8999999999949));
#8729=CARTESIAN_POINT('Origin',(69.2999999999902,19.3999999999995,-42.6999999999992));
#8730=CARTESIAN_POINT('',(69.2999999999902,19.3999999999995,-58.6999999999993));
#8731=CARTESIAN_POINT('',(64.2999999999902,19.3999999999995,-42.6999999999992));
#8732=CARTESIAN_POINT('Origin',(69.2999999999902,13.3999999999995,-74.6999999999994));
#8733=CARTESIAN_POINT('',(64.2999999999902,13.3999999999995,-74.6999999999994));
#8734=CARTESIAN_POINT('Origin',(64.2999999999902,16.3999999999995,-58.6999999999993));
#8735=CARTESIAN_POINT('Origin',(69.2999999999904,-64.6000000000005,-74.6999999999994));
#8736=CARTESIAN_POINT('Origin',(69.2999999999904,-64.6000000000005,-74.6999999999994));
#8737=CARTESIAN_POINT('Origin',(69.2999999999904,-64.6000000000005,-74.6999999999994));
#8738=CARTESIAN_POINT('Origin',(9.79999999993828,54.9999999999914,-55.3999999999995));
#8739=CARTESIAN_POINT('',(9.79999999994245,57.9999999999914,-55.3999999999995));
#8740=CARTESIAN_POINT('',(9.79999999994245,54.9999999999914,-58.3999999999995));
#8741=CARTESIAN_POINT('Origin',(9.799999999948,54.9999999999914,-55.3999999999995));
#8742=CARTESIAN_POINT('',(9.79999999994245,57.9999999999914,-55.3999999999995));
#8743=CARTESIAN_POINT('',(9.79999999993828,54.9999999999914,-58.3999999999995));
#8744=CARTESIAN_POINT('Origin',(9.79999999994245,57.9999999999914,-58.3999999999995));
#8745=CARTESIAN_POINT('',(9.79999999994244,46.9999999999914,-58.3999999999995));
#8746=CARTESIAN_POINT('',(9.79999999993688,46.9999999999914,-58.3999999999995));
#8747=CARTESIAN_POINT('',(9.79999999994244,47.4999999999907,-58.3999999999995));
#8748=CARTESIAN_POINT('Origin',(9.79999999994801,54.9999999999914,-53.3999999999995));
#8749=CARTESIAN_POINT('',(9.79999999994245,54.9999999999914,-50.3999999999995));
#8750=CARTESIAN_POINT('',(9.79999999994245,57.9999999999914,-53.3999999999995));
#8751=CARTESIAN_POINT('Origin',(9.799999999948,54.9999999999914,-53.3999999999995));
#8752=CARTESIAN_POINT('',(9.79999999994801,54.9999999999914,-50.3999999999995));
#8753=CARTESIAN_POINT('',(9.79999999995218,57.9999999999914,-53.3999999999995));
#8754=CARTESIAN_POINT('Origin',(9.79999999994245,57.9999999999914,-50.3999999999995));
#8755=CARTESIAN_POINT('',(9.79999999994245,57.9999999999914,-56.3999999999995));
#8756=CARTESIAN_POINT('Origin',(9.79999999994661,46.9999999999914,-53.3999999999995));
#8757=CARTESIAN_POINT('',(9.79999999994244,43.9999999999914,-53.3999999999995));
#8758=CARTESIAN_POINT('',(9.79999999994244,46.9999999999914,-50.3999999999995));
#8759=CARTESIAN_POINT('Origin',(9.79999999993688,46.9999999999914,-53.3999999999995));
#8760=CARTESIAN_POINT('',(9.79999999994244,43.9999999999914,-53.3999999999995));
#8761=CARTESIAN_POINT('',(9.79999999994661,46.9999999999914,-50.3999999999995));
#8762=CARTESIAN_POINT('Origin',(9.79999999994244,43.9999999999914,-50.3999999999995));
#8763=CARTESIAN_POINT('',(9.79999999994245,54.4999999999907,-50.3999999999995));
#8764=CARTESIAN_POINT('Origin',(9.79999999993688,46.9999999999914,-55.3999999999995));
#8765=CARTESIAN_POINT('',(9.79999999994244,43.9999999999914,-55.3999999999995));
#8766=CARTESIAN_POINT('Origin',(9.79999999993688,46.9999999999914,-55.3999999999995));
#8767=CARTESIAN_POINT('',(9.79999999993271,43.9999999999914,-55.3999999999995));
#8768=CARTESIAN_POINT('Origin',(9.79999999994244,43.9999999999914,-58.3999999999995));
#8769=CARTESIAN_POINT('',(9.79999999994244,43.9999999999914,-52.3999999999995));
#8770=CARTESIAN_POINT('Origin',(9.3000000000182,54.4999999999921,-54.8999999999995));
#8771=CARTESIAN_POINT('',(9.79999999994245,55.9999999999914,-54.8999999999995));
#8772=CARTESIAN_POINT('',(9.79999999994244,54.4999999999914,-56.3999999999995));
#8773=CARTESIAN_POINT('Origin',(9.79999999994731,54.4999999999914,-54.8999999999995));
#8774=CARTESIAN_POINT('',(9.3000000000182,54.4999999999921,-56.3999999999995));
#8775=CARTESIAN_POINT('',(9.30000000002028,55.9999999999921,-54.8999999999995));
#8776=CARTESIAN_POINT('Origin',(9.30000000000639,45.9999999999921,-56.3999999999995));
#8777=CARTESIAN_POINT('',(9.79999999994244,47.4999999999914,-56.3999999999995));
#8778=CARTESIAN_POINT('',(9.79999999994244,48.4999999999907,-56.3999999999995));
#8779=CARTESIAN_POINT('',(9.30000000000847,47.4999999999921,-56.3999999999995));
#8780=CARTESIAN_POINT('Origin',(9.30000000000848,47.4999999999921,-53.8999999999995));
#8781=CARTESIAN_POINT('',(9.79999999994244,45.9999999999914,-53.8999999999995));
#8782=CARTESIAN_POINT('',(9.79999999994244,47.4999999999914,-52.3999999999995));
#8783=CARTESIAN_POINT('Origin',(9.79999999993758,47.4999999999914,-53.8999999999995));
#8784=CARTESIAN_POINT('',(9.30000000000848,47.4999999999921,-52.3999999999995));
#8785=CARTESIAN_POINT('',(9.3000000000064,45.9999999999921,-53.8999999999995));
#8786=CARTESIAN_POINT('Origin',(9.30000000002029,55.9999999999921,-52.3999999999995));
#8787=CARTESIAN_POINT('',(9.79999999994245,54.4999999999914,-52.3999999999995));
#8788=CARTESIAN_POINT('',(9.79999999994245,53.4999999999907,-52.3999999999995));
#8789=CARTESIAN_POINT('',(9.30000000001821,54.4999999999921,-52.3999999999995));
#8790=CARTESIAN_POINT('Origin',(9.30000000000847,47.4999999999921,-54.8999999999995));
#8791=CARTESIAN_POINT('',(9.79999999994244,45.9999999999914,-54.8999999999995));
#8792=CARTESIAN_POINT('Origin',(9.79999999993758,47.4999999999914,-54.8999999999995));
#8793=CARTESIAN_POINT('',(9.30000000000639,45.9999999999921,-54.8999999999995));
#8794=CARTESIAN_POINT('Origin',(9.30000000000639,45.9999999999921,-52.3999999999995));
#8795=CARTESIAN_POINT('',(9.79999999994244,45.9999999999914,-53.3999999999995));
#8796=CARTESIAN_POINT('Origin',(9.30000000001821,54.4999999999921,-53.8999999999995));
#8797=CARTESIAN_POINT('',(9.79999999994245,55.9999999999914,-53.8999999999995));
#8798=CARTESIAN_POINT('Origin',(9.79999999994731,54.4999999999914,-53.8999999999995));
#8799=CARTESIAN_POINT('',(9.30000000002029,55.9999999999921,-53.8999999999995));
#8800=CARTESIAN_POINT('Origin',(9.30000000002029,55.9999999999921,-56.3999999999995));
#8801=CARTESIAN_POINT('',(9.79999999994245,55.9999999999914,-55.3999999999995));
#8802=CARTESIAN_POINT('Origin',(9.79999999994244,50.9999999999893,-54.3999999999995));
#8803=CARTESIAN_POINT('Origin',(16.8000000000184,-52.2500000000007,-62.3499999999994));
#8804=CARTESIAN_POINT('',(14.8000000000184,-53.3500000000007,-62.3499999999994));
#8805=CARTESIAN_POINT('',(14.8000000000184,-52.2500000000007,-63.4499999999994));
#8806=CARTESIAN_POINT('Origin',(14.8000000000184,-52.2500000000007,-62.3499999999994));
#8807=CARTESIAN_POINT('',(9.30000000001844,-52.2500000000008,-63.4499999999994));
#8808=CARTESIAN_POINT('',(16.8000000000184,-52.2500000000007,-63.4499999999994));
#8809=CARTESIAN_POINT('',(9.30000000001845,-53.3500000000008,-62.3499999999994));
#8810=CARTESIAN_POINT('Origin',(9.30000000001843,-52.2500000000008,-62.3499999999994));
#8811=CARTESIAN_POINT('',(16.8000000000184,-53.3500000000007,-62.3499999999994));
#8812=CARTESIAN_POINT('Origin',(16.8000000000184,-49.8500000000007,-63.4499999999994));
#8813=CARTESIAN_POINT('',(14.8000000000184,-50.9500000000007,-63.4499999999994));
#8814=CARTESIAN_POINT('',(14.8000000000184,-50.7250000000007,-63.4499999999994));
#8815=CARTESIAN_POINT('',(9.30000000001842,-50.9500000000008,-63.4499999999994));
#8816=CARTESIAN_POINT('',(16.8000000000184,-50.9500000000007,-63.4499999999994));
#8817=CARTESIAN_POINT('',(9.30000000001836,-44.2250000000007,-63.4499999999994));
#8818=CARTESIAN_POINT('Origin',(16.8000000000184,-50.9500000000007,-62.3499999999994));
#8819=CARTESIAN_POINT('',(14.8000000000184,-49.8500000000007,-62.3499999999994));
#8820=CARTESIAN_POINT('Origin',(14.8000000000184,-50.9500000000007,-62.3499999999994));
#8821=CARTESIAN_POINT('',(9.30000000001841,-49.8500000000008,-62.3499999999994));
#8822=CARTESIAN_POINT('',(16.8000000000184,-49.8500000000007,-62.3499999999994));
#8823=CARTESIAN_POINT('Origin',(9.30000000001842,-50.9500000000008,-62.3499999999994));
#8824=CARTESIAN_POINT('Origin',(16.8000000000184,-49.8500000000007,-53.9499999999994));
#8825=CARTESIAN_POINT('',(14.8000000000184,-49.8500000000007,-55.0499999999994));
#8826=CARTESIAN_POINT('',(14.8000000000184,-49.8500000000007,-56.3249999999994));
#8827=CARTESIAN_POINT('',(9.30000000001841,-49.8500000000008,-55.0499999999994));
#8828=CARTESIAN_POINT('',(16.8000000000184,-49.8500000000007,-55.0499999999994));
#8829=CARTESIAN_POINT('',(9.30000000001841,-49.8500000000008,-64.3249999999994));
#8830=CARTESIAN_POINT('Origin',(16.8000000000184,-52.2500000000007,-55.0499999999994));
#8831=CARTESIAN_POINT('',(14.8000000000184,-52.2500000000007,-53.9499999999994));
#8832=CARTESIAN_POINT('',(14.8000000000184,-53.3500000000007,-55.0499999999994));
#8833=CARTESIAN_POINT('Origin',(14.8000000000184,-52.2500000000007,-55.0499999999994));
#8834=CARTESIAN_POINT('',(9.30000000001845,-53.3500000000007,-55.0499999999994));
#8835=CARTESIAN_POINT('',(16.8000000000184,-53.3500000000007,-55.0499999999994));
#8836=CARTESIAN_POINT('',(9.30000000001844,-52.2500000000007,-53.9499999999994));
#8837=CARTESIAN_POINT('Origin',(9.30000000001843,-52.2500000000007,-55.0499999999994));
#8838=CARTESIAN_POINT('',(16.8000000000184,-52.2500000000007,-53.9499999999994));
#8839=CARTESIAN_POINT('Origin',(16.8000000000184,-53.3500000000007,-63.4499999999994));
#8840=CARTESIAN_POINT('',(9.30000000001845,-53.3500000000008,-69.0749999999994));
#8841=CARTESIAN_POINT('',(14.8000000000184,-53.3500000000007,-61.0749999999994));
#8842=CARTESIAN_POINT('Origin',(16.8000000000184,-50.9500000000007,-55.0499999999994));
#8843=CARTESIAN_POINT('',(14.8000000000184,-50.9500000000007,-53.9499999999994));
#8844=CARTESIAN_POINT('Origin',(14.8000000000184,-50.9500000000007,-55.0499999999994));
#8845=CARTESIAN_POINT('',(9.30000000001842,-50.9500000000008,-53.9499999999994));
#8846=CARTESIAN_POINT('',(16.8000000000184,-50.9500000000007,-53.9499999999994));
#8847=CARTESIAN_POINT('Origin',(9.30000000001842,-50.9500000000008,-55.0499999999994));
#8848=CARTESIAN_POINT('Origin',(16.8000000000184,-53.3500000000007,-53.9499999999994));
#8849=CARTESIAN_POINT('',(9.30000000001837,-45.9750000000007,-53.9499999999994));
#8850=CARTESIAN_POINT('',(14.8000000000184,-52.4750000000007,-53.9499999999994));
#8851=CARTESIAN_POINT('Origin',(16.8000000000185,-54.6000000000007,-51.9499999999994));
#8852=CARTESIAN_POINT('',(16.8000000000185,-54.6000000000007,-51.9499999999994));
#8853=CARTESIAN_POINT('',(16.8000000000184,-48.6000000000007,-51.9499999999994));
#8854=CARTESIAN_POINT('',(16.8000000000184,-46.6000000000007,-51.9499999999994));
#8855=CARTESIAN_POINT('',(14.8000000000185,-54.6000000000007,-51.9499999999994));
#8856=CARTESIAN_POINT('',(16.8000000000185,-54.6000000000007,-51.9499999999994));
#8857=CARTESIAN_POINT('',(14.8000000000184,-48.6000000000007,-51.9499999999994));
#8858=CARTESIAN_POINT('',(14.8000000000184,-48.6000000000007,-51.9499999999994));
#8859=CARTESIAN_POINT('',(16.8000000000184,-48.6000000000007,-51.9499999999994));
#8860=CARTESIAN_POINT('Origin',(16.8000000000185,-54.6000000000007,-65.4499999999994));
#8861=CARTESIAN_POINT('',(16.8000000000185,-54.6000000000007,-65.4499999999994));
#8862=CARTESIAN_POINT('',(16.8000000000185,-54.6000000000007,-70.0749999999994));
#8863=CARTESIAN_POINT('',(14.8000000000185,-54.6000000000007,-65.4499999999994));
#8864=CARTESIAN_POINT('',(16.8000000000185,-54.6000000000007,-65.4499999999994));
#8865=CARTESIAN_POINT('',(14.8000000000185,-54.6000000000007,-51.9499999999994));
#8866=CARTESIAN_POINT('Origin',(16.8000000000184,-48.6000000000007,-65.4499999999994));
#8867=CARTESIAN_POINT('',(16.8000000000184,-48.6000000000007,-65.4499999999994));
#8868=CARTESIAN_POINT('',(16.8000000000184,-43.6000000000007,-65.4499999999993));
#8869=CARTESIAN_POINT('',(14.8000000000184,-48.6000000000007,-65.4499999999994));
#8870=CARTESIAN_POINT('',(16.8000000000184,-48.6000000000007,-65.4499999999994));
#8871=CARTESIAN_POINT('',(14.8000000000185,-54.6000000000007,-65.4499999999994));
#8872=CARTESIAN_POINT('Origin',(16.8000000000184,-48.6000000000007,-51.9499999999994));
#8873=CARTESIAN_POINT('',(16.8000000000184,-48.6000000000007,-63.3249999999994));
#8874=CARTESIAN_POINT('',(14.8000000000184,-48.6000000000007,-65.4499999999994));
#8875=CARTESIAN_POINT('Origin',(14.8000000000184,-51.6000000000007,-58.6999999999994));
#8876=CARTESIAN_POINT('Origin',(16.8000000000185,-56.9000000000007,-45.7999999999994));
#8877=CARTESIAN_POINT('',(16.8000000000185,-57.9500000000007,-45.7999999999994));
#8878=CARTESIAN_POINT('Origin',(16.8000000000185,-56.9000000000007,-45.7999999999994));
#8879=CARTESIAN_POINT('',(9.30000000001849,-57.9500000000008,-45.7999999999994));
#8880=CARTESIAN_POINT('',(16.8000000000185,-57.9500000000007,-45.7999999999994));
#8881=CARTESIAN_POINT('Origin',(9.30000000001848,-56.9000000000008,-45.7999999999994));
#8882=CARTESIAN_POINT('Origin',(16.8000000000184,-46.3000000000007,-45.7999999999994));
#8883=CARTESIAN_POINT('',(16.8000000000184,-47.3500000000007,-45.7999999999994));
#8884=CARTESIAN_POINT('Origin',(16.8000000000184,-46.3000000000007,-45.7999999999994));
#8885=CARTESIAN_POINT('',(9.30000000001838,-47.3500000000008,-45.7999999999994));
#8886=CARTESIAN_POINT('',(16.8000000000184,-47.3500000000007,-45.7999999999994));
#8887=CARTESIAN_POINT('Origin',(9.30000000001838,-46.3000000000008,-45.7999999999994));
#8888=CARTESIAN_POINT('Origin',(16.8000000000184,-46.3000000000007,-71.5999999999993));
#8889=CARTESIAN_POINT('',(16.8000000000184,-47.3500000000007,-71.5999999999993));
#8890=CARTESIAN_POINT('Origin',(16.8000000000184,-46.3000000000007,-71.5999999999993));
#8891=CARTESIAN_POINT('',(9.30000000001838,-47.3500000000008,-71.5999999999993));
#8892=CARTESIAN_POINT('',(16.8000000000184,-47.3500000000007,-71.5999999999993));
#8893=CARTESIAN_POINT('Origin',(9.30000000001838,-46.3000000000008,-71.5999999999993));
#8894=CARTESIAN_POINT('Origin',(16.8000000000185,-56.9000000000007,-71.5999999999994));
#8895=CARTESIAN_POINT('',(16.8000000000185,-57.9500000000007,-71.5999999999994));
#8896=CARTESIAN_POINT('Origin',(16.8000000000185,-56.9000000000007,-71.5999999999994));
#8897=CARTESIAN_POINT('',(9.30000000001849,-57.9500000000008,-71.5999999999994));
#8898=CARTESIAN_POINT('',(16.8000000000185,-57.9500000000007,-71.5999999999994));
#8899=CARTESIAN_POINT('Origin',(9.30000000001848,-56.9000000000008,-71.5999999999994));
#8900=CARTESIAN_POINT('Origin',(5.30000000001586,-35.6000000000118,-72.1999999999994));
#8901=CARTESIAN_POINT('',(3.30000000001427,-33.6000000000134,-72.1999999999994));
#8902=CARTESIAN_POINT('',(3.30000000001585,-35.6000000000134,-72.1999999999994));
#8903=CARTESIAN_POINT('Origin',(5.30000000001427,-33.6000000000118,-72.1999999999994));
#8904=CARTESIAN_POINT('Origin',(-12.5999999999961,-33.600000000026,-57.6999999999994));
#8905=CARTESIAN_POINT('',(4.25000000001427,-33.6000000000126,-72.1999999999994));
#8906=CARTESIAN_POINT('Origin',(5.30000000001427,-33.6000000000118,-72.1999999999994));
#8907=CARTESIAN_POINT('Origin',(-30.5000000000049,-35.6000000000402,-72.1999999999994));
#8908=CARTESIAN_POINT('',(-32.5000000000065,-33.6000000000418,-72.1999999999994));
#8909=CARTESIAN_POINT('',(-32.5000000000049,-35.6000000000418,-72.1999999999994));
#8910=CARTESIAN_POINT('Origin',(-30.5000000000065,-33.6000000000402,-72.1999999999994));
#8911=CARTESIAN_POINT('Origin',(-12.5999999999961,-33.600000000026,-57.6999999999994));
#8912=CARTESIAN_POINT('',(-31.5500000000065,-33.600000000041,-72.1999999999994));
#8913=CARTESIAN_POINT('Origin',(-30.5000000000065,-33.6000000000402,-72.1999999999994));
#8914=CARTESIAN_POINT('Origin',(-30.5000000000049,-35.6000000000402,-43.1999999999994));
#8915=CARTESIAN_POINT('',(-32.5000000000065,-33.6000000000417,-43.1999999999994));
#8916=CARTESIAN_POINT('',(-32.5000000000049,-35.6000000000417,-43.1999999999994));
#8917=CARTESIAN_POINT('Origin',(-30.5000000000065,-33.6000000000402,-43.1999999999994));
#8918=CARTESIAN_POINT('Origin',(-12.5999999999961,-33.600000000026,-57.6999999999994));
#8919=CARTESIAN_POINT('',(-31.5500000000065,-33.600000000041,-43.1999999999994));
#8920=CARTESIAN_POINT('Origin',(-30.5000000000065,-33.6000000000402,-43.1999999999994));
#8921=CARTESIAN_POINT('Origin',(9.95000000001505,-30.3000000000081,-40.6999999999993));
#8922=CARTESIAN_POINT('',(-33.0000000000091,-30.3000000000422,-40.6999999999994));
#8923=CARTESIAN_POINT('',(8.29314575052256,-30.3000000000094,-40.6999999999993));
#8924=CARTESIAN_POINT('Origin',(-33.0000000000091,-30.3000000000422,-40.6999999999994));
#8925=CARTESIAN_POINT('Origin',(8.29314575052257,-30.3000000000094,-44.6999999999993));
#8926=CARTESIAN_POINT('Origin',(-30.5000000000091,-30.3000000000402,-43.1999999999994));
#8927=CARTESIAN_POINT('',(-31.5500000000091,-30.300000000041,-43.1999999999994));
#8928=CARTESIAN_POINT('Origin',(-30.5000000000091,-30.3000000000402,-72.1999999999994));
#8929=CARTESIAN_POINT('',(-31.5500000000091,-30.300000000041,-72.1999999999994));
#8930=CARTESIAN_POINT('Origin',(5.30000000001165,-30.3000000000118,-72.1999999999994));
#8931=CARTESIAN_POINT('',(4.25000000001165,-30.3000000000126,-72.1999999999994));
#8932=CARTESIAN_POINT('Origin',(5.29999999995934,35.600000000029,-72.1999999999995));
#8933=CARTESIAN_POINT('',(3.29999999995934,35.6000000000274,-72.1999999999995));
#8934=CARTESIAN_POINT('Origin',(5.29999999995934,35.6000000000204,-72.1999999999995));
#8935=CARTESIAN_POINT('',(3.29999999996092,33.6000000000274,-72.1999999999995));
#8936=CARTESIAN_POINT('',(3.29999999995934,35.6000000000274,-72.1999999999995));
#8937=CARTESIAN_POINT('Origin',(5.29999999996092,33.600000000029,-72.1999999999995));
#8938=CARTESIAN_POINT('Origin',(-12.6000000000495,33.6000000000148,-57.6999999999995));
#8939=CARTESIAN_POINT('',(4.24999999996092,33.6000000000282,-72.1999999999995));
#8940=CARTESIAN_POINT('Origin',(5.29999999996092,33.600000000029,-72.1999999999995));
#8941=CARTESIAN_POINT('Origin',(-30.5000000000614,35.6000000000006,-72.1999999999995));
#8942=CARTESIAN_POINT('',(-32.5000000000614,35.599999999999,-72.1999999999995));
#8943=CARTESIAN_POINT('Origin',(-30.5000000000614,35.599999999992,-72.1999999999995));
#8944=CARTESIAN_POINT('',(-32.5000000000598,33.599999999999,-72.1999999999995));
#8945=CARTESIAN_POINT('',(-32.5000000000614,35.599999999999,-72.1999999999995));
#8946=CARTESIAN_POINT('Origin',(-30.5000000000598,33.6000000000006,-72.1999999999995));
#8947=CARTESIAN_POINT('Origin',(-12.6000000000495,33.6000000000148,-57.6999999999995));
#8948=CARTESIAN_POINT('',(-31.5500000000598,33.5999999999998,-72.1999999999995));
#8949=CARTESIAN_POINT('Origin',(-30.5000000000598,33.6000000000006,-72.1999999999995));
#8950=CARTESIAN_POINT('Origin',(-30.5000000000614,35.6000000000006,-43.1999999999994));
#8951=CARTESIAN_POINT('',(-32.5000000000614,35.599999999999,-43.1999999999994));
#8952=CARTESIAN_POINT('Origin',(-30.5000000000614,35.599999999992,-43.1999999999994));
#8953=CARTESIAN_POINT('',(-32.5000000000598,33.599999999999,-43.1999999999994));
#8954=CARTESIAN_POINT('',(-32.5000000000614,35.599999999999,-43.1999999999994));
#8955=CARTESIAN_POINT('Origin',(-30.5000000000598,33.6000000000006,-43.1999999999994));
#8956=CARTESIAN_POINT('Origin',(-12.6000000000495,33.6000000000148,-57.6999999999995));
#8957=CARTESIAN_POINT('',(-31.5500000000598,33.5999999999998,-43.1999999999994));
#8958=CARTESIAN_POINT('Origin',(-30.5000000000598,33.6000000000006,-43.1999999999995));
#8959=CARTESIAN_POINT('Origin',(-6.85000000004183,35.6000000000107,-57.6999999999994));
#8960=CARTESIAN_POINT('',(-33.0000000000614,35.6000000000294,-40.6999999999994));
#8961=CARTESIAN_POINT('',(-33.0000000000614,35.6000000000294,-66.1999999999994));
#8962=CARTESIAN_POINT('',(8.29314575047025,35.5999999999999,-40.6999999999994));
#8963=CARTESIAN_POINT('',(-19.925000000002,35.6000000000201,-40.6999999999994));
#8964=CARTESIAN_POINT('',(11.1215728752166,35.5999999999979,-41.8715728752534));
#8965=CARTESIAN_POINT('Origin',(8.29314575047025,35.6000000000228,-44.6999999999995));
#8966=CARTESIAN_POINT('',(9.99999999998686,35.5999999999987,-40.7500000000235));
#8967=CARTESIAN_POINT('Origin',(5.30000000001165,-30.3000000000118,-72.1999999999994));
#8968=CARTESIAN_POINT('',(4.2499999999633,30.6000000000153,-72.1999999999995));
#8969=CARTESIAN_POINT('Origin',(5.2999999999633,30.6000000000161,-72.1999999999995));
#8970=CARTESIAN_POINT('',(4.25000000001165,-30.3000000000126,-72.1999999999994));
#8971=CARTESIAN_POINT('Origin',(-30.5000000000091,-30.3000000000402,-72.1999999999994));
#8972=CARTESIAN_POINT('',(-31.5500000000575,30.5999999999869,-72.1999999999995));
#8973=CARTESIAN_POINT('Origin',(-30.5000000000575,30.5999999999877,-72.1999999999995));
#8974=CARTESIAN_POINT('',(-31.5500000000091,-30.300000000041,-72.1999999999994));
#8975=CARTESIAN_POINT('Origin',(-30.5000000000091,-30.3000000000402,-43.1999999999994));
#8976=CARTESIAN_POINT('',(-31.5500000000574,30.5999999999869,-43.1999999999995));
#8977=CARTESIAN_POINT('Origin',(-30.5000000000574,30.5999999999878,-43.1999999999995));
#8978=CARTESIAN_POINT('',(-31.5500000000091,-30.300000000041,-43.1999999999994));
#8979=CARTESIAN_POINT('Origin',(-33.0000000000091,-30.3000000000422,-40.6999999999994));
#8980=CARTESIAN_POINT('',(-33.0000000000614,30.6000000000272,-40.6999999999995));
#8981=CARTESIAN_POINT('',(-33.0000000000574,30.6000000000272,-57.6999999999994));
#8982=CARTESIAN_POINT('',(-33.0000000000091,-30.3000000000422,-40.6999999999994));
#8983=CARTESIAN_POINT('Origin',(19.3000000000141,-30.3000000000007,-50.0499999999994));
#8984=CARTESIAN_POINT('',(11.1215728752206,30.6000000000272,-41.8715728752534));
#8985=CARTESIAN_POINT('',(11.1215728752689,-30.3000000000071,-41.8715728752533));
#8986=CARTESIAN_POINT('',(25.4624999999909,30.6000000000272,-56.2125000000253));
#8987=CARTESIAN_POINT('Origin',(8.29314575052257,-30.3000000000094,-44.6999999999993));
#8988=CARTESIAN_POINT('',(8.29314575047422,30.6000000000272,-40.6999999999994));
#8989=CARTESIAN_POINT('Origin',(8.29314575047422,30.6000000000186,-44.6999999999994));
#8990=CARTESIAN_POINT('',(8.29314575052256,-30.3000000000094,-40.6999999999993));
#8991=CARTESIAN_POINT('Origin',(9.95000000001505,-30.3000000000081,-40.6999999999993));
#8992=CARTESIAN_POINT('',(14.6250000000167,30.6000000000272,-40.6999999999994));
#8993=CARTESIAN_POINT('Origin',(19.3000000000183,30.6000000000272,-74.6999999999994));
#8994=CARTESIAN_POINT('Origin',(16.8000000000183,-38.6000000000007,-74.6999999999994));
#8995=CARTESIAN_POINT('',(16.8000000000185,-62.6000000000366,-67.875000000006));
#8996=CARTESIAN_POINT('',(16.8000000000185,-62.6000000000366,-67.875000000006));
#8997=CARTESIAN_POINT('',(16.8000000000185,-62.6000000000366,-67.875000000006));
#8998=CARTESIAN_POINT('',(16.8000000000185,-62.6000000000366,-67.875000000006));
#8999=CARTESIAN_POINT('',(16.8000000000185,-62.6000000000366,-67.875000000006));
#9000=CARTESIAN_POINT('',(16.8000000000183,-40.6000000000007,-74.6999999999994));
#9001=CARTESIAN_POINT('Origin',(19.3000000000183,-40.6000000000007,-74.6999999999994));
#9002=CARTESIAN_POINT('Origin',(69.2999999999904,-64.6000000000005,-74.6999999999994));
#9003=CARTESIAN_POINT('Origin',(9.29999999994244,38.5999999999921,-74.6999999999994));
#9004=CARTESIAN_POINT('Origin',(16.2999999999425,64.599999999992,-47.6999999999995));
#9005=CARTESIAN_POINT('',(61.7499999999416,64.5999999999921,-47.6999999999995));
#9006=CARTESIAN_POINT('',(64.2999999999901,64.5999999999921,-47.6999999999995));
#9007=CARTESIAN_POINT('Origin',(16.2999999999425,64.599999999992,-47.6999999999995));
#9008=CARTESIAN_POINT('',(55.7499999999416,64.5999999999921,-47.6999999999995));
#9009=CARTESIAN_POINT('',(58.7499999999416,64.5999999999922,-47.6999999999995));
#9010=CARTESIAN_POINT('Origin',(16.2999999999425,64.599999999992,-47.6999999999995));
#9011=CARTESIAN_POINT('',(49.7499999999416,64.5999999999921,-47.6999999999995));
#9012=CARTESIAN_POINT('',(52.7499999999416,64.5999999999921,-47.6999999999995));
#9013=CARTESIAN_POINT('Origin',(16.2999999999425,64.599999999992,-47.6999999999995));
#9014=CARTESIAN_POINT('',(43.7499999999416,64.5999999999921,-47.6999999999995));
#9015=CARTESIAN_POINT('',(46.7499999999416,64.5999999999921,-47.6999999999995));
#9016=CARTESIAN_POINT('Origin',(16.2999999999425,64.599999999992,-47.6999999999995));
#9017=CARTESIAN_POINT('',(37.7499999999416,64.599999999992,-47.6999999999995));
#9018=CARTESIAN_POINT('',(40.7499999999416,64.5999999999921,-47.6999999999995));
#9019=CARTESIAN_POINT('Origin',(16.2999999999425,64.599999999992,-47.6999999999995));
#9020=CARTESIAN_POINT('',(31.7499999999415,64.599999999992,-47.6999999999995));
#9021=CARTESIAN_POINT('',(34.7499999999416,64.5999999999921,-47.6999999999995));
#9022=CARTESIAN_POINT('Origin',(16.2999999999425,64.599999999992,-47.6999999999995));
#9023=CARTESIAN_POINT('',(25.7499999999415,64.599999999992,-47.6999999999995));
#9024=CARTESIAN_POINT('',(28.7499999999416,64.5999999999921,-47.6999999999995));
#9025=CARTESIAN_POINT('Origin',(16.2999999999425,64.599999999992,-47.6999999999995));
#9026=CARTESIAN_POINT('',(19.7499999999415,64.599999999992,-47.6999999999995));
#9027=CARTESIAN_POINT('',(22.7499999999416,64.599999999992,-47.6999999999995));
#9028=CARTESIAN_POINT('Origin',(16.2999999999425,64.599999999992,-67.6999999999994));
#9029=CARTESIAN_POINT('',(16.2999999999425,64.599999999992,-50.2500000000005));
#9030=CARTESIAN_POINT('',(16.2999999999425,64.599999999992,-47.6999999999995));
#9031=CARTESIAN_POINT('Origin',(16.2999999999425,64.599999999992,-67.6999999999994));
#9032=CARTESIAN_POINT('',(16.2999999999425,64.599999999992,-62.2500000000006));
#9033=CARTESIAN_POINT('',(16.2999999999425,64.599999999992,-59.25));
#9034=CARTESIAN_POINT('Origin',(16.2999999999425,64.599999999992,-67.6999999999994));
#9035=CARTESIAN_POINT('',(16.2999999999425,64.599999999992,-65.2499999999998));
#9036=CARTESIAN_POINT('',(16.2999999999425,64.599999999992,-67.6999999999994));
#9037=CARTESIAN_POINT('Origin',(64.2999999999901,64.5999999999921,-47.6999999999995));
#9038=CARTESIAN_POINT('',(64.29999999999,64.5999999999921,-50.250000000048));
#9039=CARTESIAN_POINT('Origin',(64.2999999999901,64.5999999999921,-47.6999999999995));
#9040=CARTESIAN_POINT('',(64.29999999999,64.5999999999921,-56.2500000000481));
#9041=CARTESIAN_POINT('',(64.2999999999901,64.5999999999921,-53.2500000000478));
#9042=CARTESIAN_POINT('Origin',(64.2999999999901,64.5999999999921,-47.6999999999995));
#9043=CARTESIAN_POINT('',(64.2999999999901,64.5999999999921,-62.2500000000482));
#9044=CARTESIAN_POINT('',(64.2999999999901,64.5999999999921,-59.2500000000476));
#9045=CARTESIAN_POINT('Origin',(64.2999999999901,64.5999999999921,-47.6999999999995));
#9046=CARTESIAN_POINT('',(64.2999999999901,64.5999999999921,-65.2500000000474));
#9047=CARTESIAN_POINT('',(64.2999999999901,64.5999999999921,-67.6999999999994));
#9048=CARTESIAN_POINT('Origin',(64.2999999999901,64.5999999999921,-67.6999999999994));
#9049=CARTESIAN_POINT('',(63.7499999999412,64.5999999999921,-67.6999999999994));
#9050=CARTESIAN_POINT('Origin',(64.2999999999901,64.5999999999921,-67.6999999999994));
#9051=CARTESIAN_POINT('',(57.7499999999412,64.5999999999921,-67.6999999999994));
#9052=CARTESIAN_POINT('',(60.7499999999421,64.5999999999921,-67.6999999999994));
#9053=CARTESIAN_POINT('Origin',(64.2999999999901,64.5999999999921,-67.6999999999994));
#9054=CARTESIAN_POINT('',(51.7499999999412,64.5999999999921,-67.6999999999994));
#9055=CARTESIAN_POINT('',(54.7499999999421,64.5999999999921,-67.6999999999994));
#9056=CARTESIAN_POINT('Origin',(64.2999999999901,64.5999999999921,-67.6999999999994));
#9057=CARTESIAN_POINT('',(18.7499999999421,64.599999999992,-67.6999999999994));
#9058=CARTESIAN_POINT('Origin',(64.2999999999901,64.5999999999921,-67.6999999999994));
#9059=CARTESIAN_POINT('',(45.7499999999412,64.599999999992,-67.6999999999994));
#9060=CARTESIAN_POINT('',(48.7499999999421,64.5999999999921,-67.6999999999994));
#9061=CARTESIAN_POINT('Origin',(64.2999999999901,64.5999999999921,-67.6999999999994));
#9062=CARTESIAN_POINT('',(24.7499999999421,64.599999999992,-67.6999999999994));
#9063=CARTESIAN_POINT('',(21.7499999999412,64.599999999992,-67.6999999999994));
#9064=CARTESIAN_POINT('Origin',(64.2999999999901,64.5999999999921,-67.6999999999994));
#9065=CARTESIAN_POINT('',(39.7499999999412,64.599999999992,-67.6999999999994));
#9066=CARTESIAN_POINT('',(42.7499999999421,64.5999999999921,-67.6999999999994));
#9067=CARTESIAN_POINT('Origin',(64.2999999999901,64.5999999999921,-67.6999999999994));
#9068=CARTESIAN_POINT('',(30.7499999999421,64.599999999992,-67.6999999999994));
#9069=CARTESIAN_POINT('',(27.7499999999412,64.599999999992,-67.6999999999994));
#9070=CARTESIAN_POINT('Origin',(16.2999999999425,64.599999999992,-47.6999999999995));
#9071=CARTESIAN_POINT('',(16.7499999999416,64.599999999992,-47.6999999999995));
#9072=CARTESIAN_POINT('Origin',(16.2999999999425,64.599999999992,-67.6999999999994));
#9073=CARTESIAN_POINT('',(16.2999999999425,64.599999999992,-53.2500000000002));
#9074=CARTESIAN_POINT('',(16.2999999999425,64.599999999992,-56.2500000000005));
#9075=CARTESIAN_POINT('Origin',(64.2999999999901,64.5999999999921,-67.6999999999994));
#9076=CARTESIAN_POINT('',(33.7499999999412,64.599999999992,-67.6999999999994));
#9077=CARTESIAN_POINT('',(36.7499999999421,64.599999999992,-67.6999999999994));
#9078=CARTESIAN_POINT('Origin',(46.4499999999422,64.5999999999921,-47.4000000000002));
#9079=CARTESIAN_POINT('Origin',(52.4499999999422,64.5999999999921,-47.4000000000002));
#9080=CARTESIAN_POINT('Origin',(58.4499999999422,64.5999999999921,-47.4000000000002));
#9081=CARTESIAN_POINT('Origin',(10.4499999999422,64.599999999992,-47.4000000000002));
#9082=CARTESIAN_POINT('Origin',(16.4499999999422,64.599999999992,-47.4000000000002));
#9083=CARTESIAN_POINT('Origin',(22.4499999999422,64.599999999992,-47.4000000000002));
#9084=CARTESIAN_POINT('Origin',(28.4499999999422,64.599999999992,-47.4000000000002));
#9085=CARTESIAN_POINT('Origin',(34.4499999999422,64.5999999999921,-47.4000000000002));
#9086=CARTESIAN_POINT('Origin',(40.4499999999422,64.5999999999921,-47.4000000000002));
#9087=CARTESIAN_POINT('Origin',(-1.55000000005779,64.599999999992,-47.4000000000002));
#9088=CARTESIAN_POINT('Origin',(26.7499999999532,64.599999999992,-72.7000000000114));
#9089=CARTESIAN_POINT('Origin',(4.4499999999422,64.599999999992,-47.4000000000002));
#9090=CARTESIAN_POINT('Origin',(32.7499999999531,64.599999999992,-72.7000000000114));
#9091=CARTESIAN_POINT('Origin',(38.7499999999531,64.599999999992,-72.7000000000115));
#9092=CARTESIAN_POINT('Origin',(44.7499999999532,64.599999999992,-72.7000000000115));
#9093=CARTESIAN_POINT('Origin',(50.7499999999531,64.5999999999921,-72.7000000000114));
#9094=CARTESIAN_POINT('Origin',(56.7499999999531,64.5999999999921,-72.7000000000114));
#9095=CARTESIAN_POINT('Origin',(62.7499999999532,64.5999999999921,-72.7000000000115));
#9096=CARTESIAN_POINT('Origin',(68.7499999999532,64.5999999999921,-72.7000000000114));
#9097=CARTESIAN_POINT('Origin',(74.7499999999532,64.5999999999921,-72.7000000000114));
#9098=CARTESIAN_POINT('Origin',(80.7499999999532,64.5999999999921,-72.7000000000114));
#9099=CARTESIAN_POINT('Origin',(86.7499999999531,64.5999999999921,-72.7000000000114));
#9100=CARTESIAN_POINT('Origin',(19.5999999998633,-62.6000000000406,-61.0500000000126));
#9101=CARTESIAN_POINT('',(63.749999999852,-62.6000000001034,-67.6999999999993));
#9102=CARTESIAN_POINT('',(43.7499999998523,-62.6000000000749,-47.6999999999994));
#9103=CARTESIAN_POINT('',(43.449999999853,-62.6000000000744,-47.4000000000001));
#9104=CARTESIAN_POINT('',(64.2999999999008,-62.6000000001042,-67.6999999999993));
#9105=CARTESIAN_POINT('',(64.2999999999008,-62.6000000001042,-67.6999999999993));
#9106=CARTESIAN_POINT('',(64.2999999999904,-62.6000000001045,-59.875000000006));
#9107=CARTESIAN_POINT('',(18.7499999998529,-62.6000000000392,-67.6999999999993));
#9108=CARTESIAN_POINT('',(64.2999999999008,-62.6000000001042,-67.6999999999993));
#9109=CARTESIAN_POINT('',(-1.55000000014702,-62.6000000000102,-47.4000000000001));
#9110=CARTESIAN_POINT('',(21.7499999998519,-62.6000000000435,-67.6999999999993));
#9111=CARTESIAN_POINT('',(1.44999999985299,-62.6000000000145,-47.4000000000001));
#9112=CARTESIAN_POINT('',(24.7499999998529,-62.6000000000477,-67.6999999999993));
#9113=CARTESIAN_POINT('',(64.2999999999008,-62.6000000001042,-67.6999999999993));
#9114=CARTESIAN_POINT('',(4.44999999985298,-62.6000000000188,-47.4000000000001));
#9115=CARTESIAN_POINT('',(27.7499999998519,-62.600000000052,-67.6999999999993));
#9116=CARTESIAN_POINT('',(7.44999999985298,-62.600000000023,-47.4000000000001));
#9117=CARTESIAN_POINT('',(30.7499999998529,-62.6000000000563,-67.6999999999993));
#9118=CARTESIAN_POINT('',(64.2999999999008,-62.6000000001042,-67.6999999999993));
#9119=CARTESIAN_POINT('',(10.449999999853,-62.6000000000273,-47.4000000000001));
#9120=CARTESIAN_POINT('',(33.7499999998519,-62.6000000000606,-67.6999999999993));
#9121=CARTESIAN_POINT('',(13.449999999853,-62.6000000000316,-47.4000000000001));
#9122=CARTESIAN_POINT('',(36.7499999998529,-62.6000000000649,-67.6999999999993));
#9123=CARTESIAN_POINT('',(64.2999999999008,-62.6000000001042,-67.6999999999993));
#9124=CARTESIAN_POINT('',(16.449999999853,-62.6000000000359,-47.4000000000001));
#9125=CARTESIAN_POINT('',(64.2999999999008,-62.6000000001042,-47.6999999999994));
#9126=CARTESIAN_POINT('',(64.2999999999904,-62.6000000001045,-59.875000000006));
#9127=CARTESIAN_POINT('',(61.7499999998523,-62.6000000001006,-47.6999999999994));
#9128=CARTESIAN_POINT('',(16.2999999998532,-62.6000000000357,-47.6999999999994));
#9129=CARTESIAN_POINT('',(64.2999999999008,-62.6000000001042,-50.2500000000479));
#9130=CARTESIAN_POINT('',(61.449999999853,-62.6000000001002,-47.4000000000001));
#9131=CARTESIAN_POINT('',(64.2999999999008,-62.6000000001042,-53.2500000000477));
#9132=CARTESIAN_POINT('',(64.2999999999904,-62.6000000001045,-59.875000000006));
#9133=CARTESIAN_POINT('',(58.7499999998523,-62.6000000000963,-47.6999999999994));
#9134=CARTESIAN_POINT('',(58.449999999853,-62.6000000000959,-47.4000000000001));
#9135=CARTESIAN_POINT('',(55.7499999998523,-62.600000000092,-47.6999999999994));
#9136=CARTESIAN_POINT('',(16.2999999998532,-62.6000000000357,-47.6999999999994));
#9137=CARTESIAN_POINT('',(64.2999999999008,-62.6000000001042,-56.250000000048));
#9138=CARTESIAN_POINT('',(55.449999999853,-62.6000000000916,-47.4000000000001));
#9139=CARTESIAN_POINT('',(64.2999999999008,-62.6000000001042,-59.2500000000475));
#9140=CARTESIAN_POINT('',(64.2999999999904,-62.6000000001045,-59.875000000006));
#9141=CARTESIAN_POINT('',(52.7499999998523,-62.6000000000877,-47.6999999999994));
#9142=CARTESIAN_POINT('',(52.449999999853,-62.6000000000873,-47.4000000000001));
#9143=CARTESIAN_POINT('',(49.7499999998523,-62.6000000000834,-47.6999999999994));
#9144=CARTESIAN_POINT('',(16.2999999998532,-62.6000000000357,-47.6999999999994));
#9145=CARTESIAN_POINT('',(64.2999999999008,-62.6000000001042,-62.2500000000481));
#9146=CARTESIAN_POINT('',(49.449999999853,-62.600000000083,-47.4000000000001));
#9147=CARTESIAN_POINT('',(64.2999999999008,-62.6000000001042,-65.2500000000473));
#9148=CARTESIAN_POINT('',(64.2999999999904,-62.6000000001045,-59.875000000006));
#9149=CARTESIAN_POINT('',(46.7499999998523,-62.6000000000791,-47.6999999999994));
#9150=CARTESIAN_POINT('',(46.449999999853,-62.6000000000787,-47.4000000000001));
#9151=CARTESIAN_POINT('',(16.2999999998532,-62.6000000000357,-47.6999999999994));
#9152=CARTESIAN_POINT('',(57.7499999998519,-62.6000000000949,-67.6999999999993));
#9153=CARTESIAN_POINT('',(37.7499999998523,-62.6000000000663,-47.6999999999994));
#9154=CARTESIAN_POINT('',(37.449999999853,-62.6000000000659,-47.4000000000001));
#9155=CARTESIAN_POINT('',(60.7499999998529,-62.6000000000991,-67.6999999999993));
#9156=CARTESIAN_POINT('',(64.2999999999008,-62.6000000001042,-67.6999999999993));
#9157=CARTESIAN_POINT('',(40.7499999998523,-62.6000000000706,-47.6999999999994));
#9158=CARTESIAN_POINT('',(40.449999999853,-62.6000000000702,-47.4000000000001));
#9159=CARTESIAN_POINT('',(16.2999999998532,-62.6000000000357,-47.6999999999994));
#9160=CARTESIAN_POINT('',(31.7499999998523,-62.6000000000577,-47.6999999999994));
#9161=CARTESIAN_POINT('',(34.7499999998523,-62.600000000062,-47.6999999999994));
#9162=CARTESIAN_POINT('',(16.2999999998532,-62.6000000000357,-47.6999999999994));
#9163=CARTESIAN_POINT('',(51.7499999998519,-62.6000000000863,-67.6999999999993));
#9164=CARTESIAN_POINT('',(31.449999999853,-62.6000000000573,-47.4000000000001));
#9165=CARTESIAN_POINT('',(54.7499999998529,-62.6000000000906,-67.6999999999993));
#9166=CARTESIAN_POINT('',(64.2999999999008,-62.6000000001042,-67.6999999999993));
#9167=CARTESIAN_POINT('',(34.449999999853,-62.6000000000616,-47.4000000000001));
#9168=CARTESIAN_POINT('',(25.7499999998523,-62.6000000000492,-47.6999999999994));
#9169=CARTESIAN_POINT('',(28.7499999998523,-62.6000000000534,-47.6999999999994));
#9170=CARTESIAN_POINT('',(16.2999999998532,-62.6000000000357,-47.6999999999994));
#9171=CARTESIAN_POINT('',(45.7499999998519,-62.6000000000777,-67.6999999999993));
#9172=CARTESIAN_POINT('',(25.449999999853,-62.6000000000488,-47.4000000000001));
#9173=CARTESIAN_POINT('',(48.7499999998529,-62.600000000082,-67.6999999999993));
#9174=CARTESIAN_POINT('',(64.2999999999008,-62.6000000001042,-67.6999999999993));
#9175=CARTESIAN_POINT('',(28.449999999853,-62.600000000053,-47.4000000000001));
#9176=CARTESIAN_POINT('',(19.7499999998523,-62.6000000000406,-47.6999999999994));
#9177=CARTESIAN_POINT('',(22.7499999998523,-62.6000000000449,-47.6999999999994));
#9178=CARTESIAN_POINT('',(16.2999999998532,-62.6000000000357,-47.6999999999994));
#9179=CARTESIAN_POINT('',(39.7499999998519,-62.6000000000692,-67.6999999999993));
#9180=CARTESIAN_POINT('',(19.449999999853,-62.6000000000402,-47.4000000000001));
#9181=CARTESIAN_POINT('',(42.7499999998529,-62.6000000000734,-67.6999999999993));
#9182=CARTESIAN_POINT('',(64.2999999999008,-62.6000000001042,-67.6999999999993));
#9183=CARTESIAN_POINT('',(22.449999999853,-62.6000000000445,-47.4000000000001));
#9184=CARTESIAN_POINT('Origin',(16.2999999998504,-64.6000000000357,-47.6999999999994));
#9185=CARTESIAN_POINT('',(61.7499999998495,-64.6000000001006,-47.6999999999994));
#9186=CARTESIAN_POINT('',(64.299999999898,-64.6000000001042,-47.6999999999994));
#9187=CARTESIAN_POINT('Origin',(16.2999999998504,-64.6000000000357,-47.6999999999994));
#9188=CARTESIAN_POINT('',(55.7499999998495,-64.600000000092,-47.6999999999994));
#9189=CARTESIAN_POINT('',(58.7499999998495,-64.6000000000963,-47.6999999999994));
#9190=CARTESIAN_POINT('Origin',(16.2999999998504,-64.6000000000357,-47.6999999999994));
#9191=CARTESIAN_POINT('',(49.7499999998495,-64.6000000000834,-47.6999999999994));
#9192=CARTESIAN_POINT('',(52.7499999998495,-64.6000000000878,-47.6999999999994));
#9193=CARTESIAN_POINT('Origin',(16.2999999998504,-64.6000000000357,-47.6999999999994));
#9194=CARTESIAN_POINT('',(43.7499999998495,-64.6000000000749,-47.6999999999994));
#9195=CARTESIAN_POINT('',(46.7499999998495,-64.6000000000792,-47.6999999999994));
#9196=CARTESIAN_POINT('Origin',(16.2999999998504,-64.6000000000357,-47.6999999999994));
#9197=CARTESIAN_POINT('',(37.7499999998495,-64.6000000000663,-47.6999999999994));
#9198=CARTESIAN_POINT('',(40.7499999998495,-64.6000000000706,-47.6999999999994));
#9199=CARTESIAN_POINT('Origin',(16.2999999998504,-64.6000000000357,-47.6999999999994));
#9200=CARTESIAN_POINT('',(31.7499999998495,-64.6000000000577,-47.6999999999994));
#9201=CARTESIAN_POINT('',(34.7499999998495,-64.600000000062,-47.6999999999994));
#9202=CARTESIAN_POINT('Origin',(16.2999999998504,-64.6000000000357,-47.6999999999994));
#9203=CARTESIAN_POINT('',(25.7499999998495,-64.6000000000491,-47.6999999999994));
#9204=CARTESIAN_POINT('',(28.7499999998495,-64.6000000000535,-47.6999999999994));
#9205=CARTESIAN_POINT('Origin',(16.2999999998504,-64.6000000000357,-47.6999999999994));
#9206=CARTESIAN_POINT('',(19.7499999998495,-64.6000000000406,-47.6999999999994));
#9207=CARTESIAN_POINT('',(22.7499999998495,-64.6000000000449,-47.6999999999994));
#9208=CARTESIAN_POINT('Origin',(16.2999999998504,-64.6000000000357,-67.6999999999993));
#9209=CARTESIAN_POINT('',(16.2999999998504,-64.6000000000356,-50.2500000000004));
#9210=CARTESIAN_POINT('',(16.2999999998504,-64.6000000000357,-47.6999999999994));
#9211=CARTESIAN_POINT('Origin',(16.2999999998504,-64.6000000000357,-67.6999999999993));
#9212=CARTESIAN_POINT('',(16.2999999998504,-64.6000000000356,-62.2500000000005));
#9213=CARTESIAN_POINT('',(16.2999999998504,-64.6000000000357,-59.2499999999999));
#9214=CARTESIAN_POINT('Origin',(16.2999999998504,-64.6000000000357,-67.6999999999993));
#9215=CARTESIAN_POINT('',(16.2999999998504,-64.6000000000357,-65.2499999999997));
#9216=CARTESIAN_POINT('',(16.2999999998504,-64.6000000000357,-67.6999999999993));
#9217=CARTESIAN_POINT('Origin',(64.299999999898,-64.6000000001042,-47.6999999999994));
#9218=CARTESIAN_POINT('',(64.299999999898,-64.6000000001042,-50.2500000000479));
#9219=CARTESIAN_POINT('',(64.299999999898,-64.6000000001042,-67.6999999999993));
#9220=CARTESIAN_POINT('',(64.299999999898,-64.6000000001043,-65.2500000000473));
#9221=CARTESIAN_POINT('',(64.299999999898,-64.6000000001042,-62.2500000000481));
#9222=CARTESIAN_POINT('',(64.299999999898,-64.6000000001043,-59.2500000000475));
#9223=CARTESIAN_POINT('',(64.299999999898,-64.6000000001042,-56.250000000048));
#9224=CARTESIAN_POINT('',(64.299999999898,-64.6000000001042,-53.2500000000477));
#9225=CARTESIAN_POINT('Origin',(64.299999999898,-64.6000000001042,-67.6999999999993));
#9226=CARTESIAN_POINT('',(63.7499999998491,-64.6000000001034,-67.6999999999993));
#9227=CARTESIAN_POINT('Origin',(64.299999999898,-64.6000000001042,-67.6999999999993));
#9228=CARTESIAN_POINT('',(57.7499999998491,-64.6000000000949,-67.6999999999993));
#9229=CARTESIAN_POINT('',(60.74999999985,-64.6000000000992,-67.6999999999993));
#9230=CARTESIAN_POINT('Origin',(64.299999999898,-64.6000000001042,-67.6999999999993));
#9231=CARTESIAN_POINT('',(51.7499999998491,-64.6000000000863,-67.6999999999993));
#9232=CARTESIAN_POINT('',(54.74999999985,-64.6000000000906,-67.6999999999993));
#9233=CARTESIAN_POINT('Origin',(64.299999999898,-64.6000000001042,-67.6999999999993));
#9234=CARTESIAN_POINT('',(18.74999999985,-64.6000000000392,-67.6999999999993));
#9235=CARTESIAN_POINT('Origin',(64.299999999898,-64.6000000001042,-67.6999999999993));
#9236=CARTESIAN_POINT('',(45.7499999998491,-64.6000000000777,-67.6999999999993));
#9237=CARTESIAN_POINT('',(48.74999999985,-64.600000000082,-67.6999999999993));
#9238=CARTESIAN_POINT('Origin',(64.299999999898,-64.6000000001042,-67.6999999999993));
#9239=CARTESIAN_POINT('',(24.74999999985,-64.6000000000477,-67.6999999999993));
#9240=CARTESIAN_POINT('',(21.7499999998491,-64.6000000000434,-67.6999999999993));
#9241=CARTESIAN_POINT('Origin',(64.299999999898,-64.6000000001042,-67.6999999999993));
#9242=CARTESIAN_POINT('',(39.7499999998491,-64.6000000000691,-67.6999999999993));
#9243=CARTESIAN_POINT('',(42.74999999985,-64.6000000000735,-67.6999999999993));
#9244=CARTESIAN_POINT('Origin',(64.299999999898,-64.6000000001042,-67.6999999999993));
#9245=CARTESIAN_POINT('',(30.74999999985,-64.6000000000563,-67.6999999999993));
#9246=CARTESIAN_POINT('',(27.7499999998491,-64.600000000052,-67.6999999999993));
#9247=CARTESIAN_POINT('Origin',(9.29999999985036,-64.6000000000257,-40.6999999999994));
#9248=CARTESIAN_POINT('Origin',(16.2999999998504,-64.6000000000357,-47.6999999999994));
#9249=CARTESIAN_POINT('',(16.7499999998495,-64.6000000000363,-47.6999999999994));
#9250=CARTESIAN_POINT('Origin',(16.2999999998504,-64.6000000000357,-67.6999999999993));
#9251=CARTESIAN_POINT('',(16.2999999998504,-64.6000000000357,-53.2500000000001));
#9252=CARTESIAN_POINT('',(16.2999999998504,-64.6000000000356,-56.2500000000004));
#9253=CARTESIAN_POINT('Origin',(64.299999999898,-64.6000000001042,-67.6999999999993));
#9254=CARTESIAN_POINT('',(33.7499999998491,-64.6000000000606,-67.6999999999993));
#9255=CARTESIAN_POINT('',(36.74999999985,-64.6000000000649,-67.6999999999993));
#9256=CARTESIAN_POINT('Origin',(46.4499999998501,-64.6000000000787,-47.4000000000001));
#9257=CARTESIAN_POINT('Origin',(52.4499999998501,-64.6000000000873,-47.4000000000001));
#9258=CARTESIAN_POINT('Origin',(58.4499999998501,-64.6000000000959,-47.4000000000001));
#9259=CARTESIAN_POINT('Origin',(10.4499999998501,-64.6000000000273,-47.4000000000001));
#9260=CARTESIAN_POINT('Origin',(16.4499999998501,-64.6000000000359,-47.4000000000001));
#9261=CARTESIAN_POINT('Origin',(22.4499999998501,-64.6000000000445,-47.4000000000001));
#9262=CARTESIAN_POINT('Origin',(28.4499999998501,-64.600000000053,-47.4000000000001));
#9263=CARTESIAN_POINT('Origin',(34.4499999998501,-64.6000000000616,-47.4000000000001));
#9264=CARTESIAN_POINT('Origin',(40.4499999998501,-64.6000000000702,-47.4000000000001));
#9265=CARTESIAN_POINT('Origin',(-1.55000000014988,-64.6000000000102,-47.4000000000001));
#9266=CARTESIAN_POINT('Origin',(26.7499999998611,-64.6000000000506,-72.7000000000113));
#9267=CARTESIAN_POINT('Origin',(4.44999999985012,-64.6000000000188,-47.4000000000001));
#9268=CARTESIAN_POINT('Origin',(32.7499999998611,-64.6000000000592,-72.7000000000113));
#9269=CARTESIAN_POINT('Origin',(38.7499999998611,-64.6000000000677,-72.7000000000113));
#9270=CARTESIAN_POINT('Origin',(44.7499999998611,-64.6000000000763,-72.7000000000113));
#9271=CARTESIAN_POINT('Origin',(50.7499999998611,-64.6000000000849,-72.7000000000113));
#9272=CARTESIAN_POINT('Origin',(56.7499999998611,-64.6000000000934,-72.7000000000113));
#9273=CARTESIAN_POINT('Origin',(62.7499999998611,-64.600000000102,-72.7000000000113));
#9274=CARTESIAN_POINT('Origin',(68.7499999998611,-64.6000000001106,-72.7000000000113));
#9275=CARTESIAN_POINT('Origin',(74.7499999998611,-64.6000000001191,-72.7000000000113));
#9276=CARTESIAN_POINT('Origin',(80.7499999998611,-64.6000000001277,-72.7000000000113));
#9277=CARTESIAN_POINT('Origin',(86.7499999998611,-64.6000000001363,-72.7000000000113));
#9278=CARTESIAN_POINT('',(-42.2999999999622,-2.80886425230165E-12,-40.6999999999995));
#9279=UNCERTAINTY_MEASURE_WITH_UNIT(LENGTH_MEASURE(0.01),#9285,
'DISTANCE_ACCURACY_VALUE',
'Maximum model space distance between geometric entities at asserted c
onnectivities');
#9280=UNCERTAINTY_MEASURE_WITH_UNIT(LENGTH_MEASURE(0.01),#9285,
'DISTANCE_ACCURACY_VALUE',
'Maximum model space distance between geometric entities at asserted c
onnectivities');
#9281=UNCERTAINTY_MEASURE_WITH_UNIT(LENGTH_MEASURE(0.01),#9285,
'DISTANCE_ACCURACY_VALUE',
'Maximum model space distance between geometric entities at asserted c
onnectivities');
#9282=(
GEOMETRIC_REPRESENTATION_CONTEXT(3)
GLOBAL_UNCERTAINTY_ASSIGNED_CONTEXT((#9279))
GLOBAL_UNIT_ASSIGNED_CONTEXT((#9285,#9287,#9288))
REPRESENTATION_CONTEXT('','3D')
);
#9283=(
GEOMETRIC_REPRESENTATION_CONTEXT(3)
GLOBAL_UNCERTAINTY_ASSIGNED_CONTEXT((#9280))
GLOBAL_UNIT_ASSIGNED_CONTEXT((#9285,#9287,#9288))
REPRESENTATION_CONTEXT('','3D')
);
#9284=(
GEOMETRIC_REPRESENTATION_CONTEXT(3)
GLOBAL_UNCERTAINTY_ASSIGNED_CONTEXT((#9281))
GLOBAL_UNIT_ASSIGNED_CONTEXT((#9285,#9287,#9288))
REPRESENTATION_CONTEXT('','3D')
);
#9285=(
LENGTH_UNIT()
NAMED_UNIT(*)
SI_UNIT(.MILLI.,.METRE.)
);
#9286=(
LENGTH_UNIT()
NAMED_UNIT(*)
SI_UNIT($,.METRE.)
);
#9287=(
NAMED_UNIT(*)
PLANE_ANGLE_UNIT()
SI_UNIT($,.RADIAN.)
);
#9288=(
NAMED_UNIT(*)
SI_UNIT($,.STERADIAN.)
SOLID_ANGLE_UNIT()
);
#9289=SHAPE_DEFINITION_REPRESENTATION(#9291,#9294);
#9290=SHAPE_DEFINITION_REPRESENTATION(#9292,#9295);
#9291=PRODUCT_DEFINITION_SHAPE('',$,#9297);
#9292=PRODUCT_DEFINITION_SHAPE('',$,#9298);
#9293=PRODUCT_DEFINITION_SHAPE($,$,#14);
#9294=SHAPE_REPRESENTATION('',(#5693,#6136),#9282);
#9295=SHAPE_REPRESENTATION('',(#5694),#9283);
#9296=PRODUCT_DEFINITION_CONTEXT('part definition',#9304,'design');
#9297=PRODUCT_DEFINITION('2026-10-05-11-45-41-193','PRINT_LAYOUT',#9299,
#9296);
#9298=PRODUCT_DEFINITION('2026-10-05-11-45-41-175','Desk',#9300,#9296);
#9299=PRODUCT_DEFINITION_FORMATION('',$,#9306);
#9300=PRODUCT_DEFINITION_FORMATION('',$,#9307);
#9301=PRODUCT_RELATED_PRODUCT_CATEGORY('PRINT_LAYOUT','PRINT_LAYOUT',(#9306));
#9302=PRODUCT_RELATED_PRODUCT_CATEGORY('Desk','Desk',(#9307));
#9303=APPLICATION_PROTOCOL_DEFINITION('international standard',
'automotive_design',2009,#9304);
#9304=APPLICATION_CONTEXT(
'Core Data for Automotive Mechanical Design Process');
#9305=PRODUCT_CONTEXT('part definition',#9304,'mechanical');
#9306=PRODUCT('2026-10-05-11-45-41-193','PRINT_LAYOUT',$,(#9305));
#9307=PRODUCT('2026-10-05-11-45-41-175','Desk',$,(#9305));
#9308=PRESENTATION_STYLE_ASSIGNMENT((#9311));
#9309=PRESENTATION_STYLE_ASSIGNMENT((#9312));
#9310=PRESENTATION_STYLE_ASSIGNMENT((#9313));
#9311=SURFACE_STYLE_USAGE(.BOTH.,#9314);
#9312=SURFACE_STYLE_USAGE(.BOTH.,#9315);
#9313=SURFACE_STYLE_USAGE(.BOTH.,#9316);
#9314=SURFACE_SIDE_STYLE('',(#9317));
#9315=SURFACE_SIDE_STYLE('',(#9318));
#9316=SURFACE_SIDE_STYLE('',(#9319));
#9317=SURFACE_STYLE_FILL_AREA(#9320);
#9318=SURFACE_STYLE_FILL_AREA(#9321);
#9319=SURFACE_STYLE_FILL_AREA(#9322);
#9320=FILL_AREA_STYLE('Plastic - Matte (Black)',(#9323));
#9321=FILL_AREA_STYLE('Steel - Satin',(#9324));
#9322=FILL_AREA_STYLE('Brass - Old',(#9325));
#9323=FILL_AREA_STYLE_COLOUR('Plastic - Matte (Black)',#9326);
#9324=FILL_AREA_STYLE_COLOUR('Steel - Satin',#9327);
#9325=FILL_AREA_STYLE_COLOUR('Brass - Old',#9328);
#9326=COLOUR_RGB('Plastic - Matte (Black)',0.0980392156862745,0.0980392156862745,
0.0980392156862745);
#9327=COLOUR_RGB('Steel - Satin',0.627450980392157,0.627450980392157,0.627450980392157);
#9328=COLOUR_RGB('Brass - Old',0.,0.,0.);
ENDSEC;
END-ISO-10303-21;
