ISO-10303-21;
HEADER;
/* Generated by software containing ST-Developer
 * from STEP Tools, Inc. (www.steptools.com) 
 */

FILE_DESCRIPTION(
/* description */ (''),
/* implementation_level */ '2;1');

FILE_NAME(
/* name */ 'SeatLeft.step',
/* time_stamp */ '2026-09-18T11:51:57+02:00',
/* author */ (''),
/* organization */ (''),
/* preprocessor_version */ 'ST-DEVELOPER v20.2',
/* originating_system */ 'Autodesk Translation Framework v15.15.0.0',
/* authorisation */ '');

FILE_SCHEMA (('AUTOMOTIVE_DESIGN { 1 0 10303 214 3 1 1 }'));
ENDSEC;

DATA;
#10=MECHANICAL_DESIGN_GEOMETRIC_PRESENTATION_REPRESENTATION('',(#20,#21),
#1743);
#11=CONTEXT_DEPENDENT_OVER_RIDING_STYLED_ITEM('',(#1768),#1754,#21,(#15));
#12=MAPPED_ITEM('',#13,#1061);
#13=REPRESENTATION_MAP(#1061,#1753);
#14=ITEM_DEFINED_TRANSFORMATION($,$,#965,#1060);
#15=(
REPRESENTATION_RELATIONSHIP($,$,#1754,#1753)
REPRESENTATION_RELATIONSHIP_WITH_TRANSFORMATION(#14)
SHAPE_REPRESENTATION_RELATIONSHIP()
);
#16=CONTEXT_DEPENDENT_SHAPE_REPRESENTATION(#15,#1752);
#17=NEXT_ASSEMBLY_USAGE_OCCURRENCE('SeatLeft:1','SeatLeft:1',
'SeatLeft:1',#1756,#1757,'SeatLeft:1');
#18=SHAPE_REPRESENTATION_RELATIONSHIP('SRR','None',#1754,#19);
#19=ADVANCED_BREP_SHAPE_REPRESENTATION('',(#22),#1742);
#20=STYLED_ITEM('',(#1767),#22);
#21=STYLED_ITEM('',(#1770),#12);
#22=MANIFOLD_SOLID_BREP('Body1',#951);
#23=(
BOUNDED_CURVE()
B_SPLINE_CURVE(2,(#1653,#1654,#1655),.UNSPECIFIED.,.F.,.F.)
B_SPLINE_CURVE_WITH_KNOTS((3,3),(0.,0.0602104993184594),.UNSPECIFIED.)
CURVE()
GEOMETRIC_REPRESENTATION_ITEM()
RATIONAL_B_SPLINE_CURVE((1.,1.00011450559191,1.))
REPRESENTATION_ITEM('')
);
#24=(
BOUNDED_CURVE()
B_SPLINE_CURVE(2,(#1706,#1707,#1708),.UNSPECIFIED.,.F.,.F.)
B_SPLINE_CURVE_WITH_KNOTS((3,3),(0.,0.0602104993183905),.UNSPECIFIED.)
CURVE()
GEOMETRIC_REPRESENTATION_ITEM()
RATIONAL_B_SPLINE_CURVE((1.,1.00011450551881,1.))
REPRESENTATION_ITEM('')
);
#25=CONICAL_SURFACE('',#1038,14.4393398282193,0.785398163397324);
#26=CONICAL_SURFACE('',#1057,14.4393398282173,0.785398163397248);
#27=B_SPLINE_SURFACE_WITH_KNOTS('',3,3,((#1495,#1496,#1497,#1498,#1499,
#1500),(#1501,#1502,#1503,#1504,#1505,#1506),(#1507,#1508,#1509,#1510,#1511,
#1512),(#1513,#1514,#1515,#1516,#1517,#1518),(#1519,#1520,#1521,#1522,#1523,
#1524),(#1525,#1526,#1527,#1528,#1529,#1530),(#1531,#1532,#1533,#1534,#1535,
#1536)),.UNSPECIFIED.,.F.,.F.,.F.,(4,1,1,1,4),(4,1,1,4),(0.,0.285714285714286,
0.571428571428571,0.785714285714286,1.),(0.,0.285714285714286,0.571428571428571,
1.),.UNSPECIFIED.);
#28=B_SPLINE_CURVE_WITH_KNOTS('',3,(#1389,#1390,#1391,#1392,#1393,#1394,
#1395,#1396,#1397,#1398),.UNSPECIFIED.,.F.,.F.,(4,2,2,2,4),(0.315219359409761,
0.333082487263903,0.351960185682955,0.372200283708566,0.393774228104648),
 .UNSPECIFIED.);
#29=B_SPLINE_CURVE_WITH_KNOTS('',3,(#1407,#1408,#1409,#1410,#1411,#1412,
#1413,#1414,#1415,#1416),.UNSPECIFIED.,.F.,.F.,(4,2,2,2,4),(0.0791398104398454,
0.101290478608313,0.122131362060297,0.141234921983928,0.15889143871385),
 .UNSPECIFIED.);
#30=B_SPLINE_CURVE_WITH_KNOTS('',3,(#1430,#1431,#1432,#1433,#1434,#1435,
#1436,#1437,#1438,#1439),.UNSPECIFIED.,.F.,.F.,(4,2,2,2,4),(0.791809940209921,
0.841006448994512,0.94097739856154,1.04094834812857,1.09014485691317),
 .UNSPECIFIED.);
#31=B_SPLINE_CURVE_WITH_KNOTS('',3,(#1539,#1540,#1541,#1542,#1543,#1544),
 .UNSPECIFIED.,.F.,.F.,(4,1,1,4),(0.,0.285714285714286,0.571428571428571,
1.),.UNSPECIFIED.);
#32=B_SPLINE_CURVE_WITH_KNOTS('',3,(#1548,#1549,#1550,#1551,#1552,#1553),
 .UNSPECIFIED.,.F.,.F.,(4,1,1,4),(-1.,-0.571428571428571,-0.285714285714286,
0.),.UNSPECIFIED.);
#33=B_SPLINE_CURVE_WITH_KNOTS('',3,(#1660,#1661,#1662,#1663,#1664,#1665,
#1666,#1667),.UNSPECIFIED.,.F.,.F.,(4,2,2,4),(0.569915030951374,0.572507084764745,
0.666337124128442,0.75725783445434),.UNSPECIFIED.);
#34=B_SPLINE_CURVE_WITH_KNOTS('',3,(#1676,#1677,#1678,#1679,#1680,#1681,
#1682,#1683,#1684,#1685),.UNSPECIFIED.,.F.,.F.,(4,2,2,2,4),(1.44199010324077,
1.46279680746152,1.48858904512972,1.51438128279793,1.53518798701868),
 .UNSPECIFIED.);
#35=B_SPLINE_CURVE_WITH_KNOTS('',3,(#1688,#1689,#1690,#1691,#1692,#1693,
#1694,#1695),.UNSPECIFIED.,.F.,.F.,(4,2,2,4),(0.0412793406179084,0.0546096571130807,
0.110609048223452,0.1122486943804),.UNSPECIFIED.);
#36=B_SPLINE_CURVE_WITH_KNOTS('',3,(#1697,#1698,#1699,#1700,#1701,#1702,
#1703,#1704),.UNSPECIFIED.,.F.,.F.,(4,2,2,4),(-0.112248694380398,-0.110609048223452,
-0.0546096571130815,-0.0412793406179075),.UNSPECIFIED.);
#37=B_SPLINE_CURVE_WITH_KNOTS('',3,(#1710,#1711,#1712,#1713,#1714,#1715,
#1716,#1717),.UNSPECIFIED.,.F.,.F.,(4,2,2,4),(0.757257834455518,0.848178544781556,
0.942008584145399,0.944600637958749),.UNSPECIFIED.);
#38=TOROIDAL_SURFACE('',#978,10.,0.5);
#39=TOROIDAL_SURFACE('',#983,9.50000000000001,0.5);
#40=TOROIDAL_SURFACE('',#985,6.99999999999999,2.);
#41=TOROIDAL_SURFACE('',#1010,15.,2.);
#42=TOROIDAL_SURFACE('',#1041,16.,2.5);
#43=TOROIDAL_SURFACE('',#1055,16.,2.50000000000389);
#44=TOROIDAL_SURFACE('',#1059,13.5857864376269,1.49999999999601);
#45=FACE_BOUND('',#131,.T.);
#46=FACE_BOUND('',#152,.T.);
#47=FACE_BOUND('',#154,.T.);
#48=FACE_BOUND('',#171,.T.);
#49=FACE_BOUND('',#173,.T.);
#50=PLANE('',#969);
#51=PLANE('',#973);
#52=PLANE('',#974);
#53=PLANE('',#981);
#54=PLANE('',#996);
#55=PLANE('',#998);
#56=PLANE('',#1006);
#57=PLANE('',#1015);
#58=PLANE('',#1017);
#59=PLANE('',#1024);
#60=PLANE('',#1026);
#61=PLANE('',#1031);
#62=PLANE('',#1032);
#63=PLANE('',#1033);
#64=PLANE('',#1034);
#65=PLANE('',#1035);
#66=PLANE('',#1036);
#67=PLANE('',#1037);
#68=PLANE('',#1044);
#69=PLANE('',#1045);
#70=PLANE('',#1046);
#71=PLANE('',#1047);
#72=PLANE('',#1048);
#73=PLANE('',#1049);
#74=PLANE('',#1050);
#75=PLANE('',#1051);
#76=FACE_OUTER_BOUND('',#126,.T.);
#77=FACE_OUTER_BOUND('',#127,.T.);
#78=FACE_OUTER_BOUND('',#128,.T.);
#79=FACE_OUTER_BOUND('',#129,.T.);
#80=FACE_OUTER_BOUND('',#130,.T.);
#81=FACE_OUTER_BOUND('',#132,.T.);
#82=FACE_OUTER_BOUND('',#133,.T.);
#83=FACE_OUTER_BOUND('',#134,.T.);
#84=FACE_OUTER_BOUND('',#135,.T.);
#85=FACE_OUTER_BOUND('',#136,.T.);
#86=FACE_OUTER_BOUND('',#137,.T.);
#87=FACE_OUTER_BOUND('',#138,.T.);
#88=FACE_OUTER_BOUND('',#139,.T.);
#89=FACE_OUTER_BOUND('',#140,.T.);
#90=FACE_OUTER_BOUND('',#141,.T.);
#91=FACE_OUTER_BOUND('',#142,.T.);
#92=FACE_OUTER_BOUND('',#143,.T.);
#93=FACE_OUTER_BOUND('',#144,.T.);
#94=FACE_OUTER_BOUND('',#145,.T.);
#95=FACE_OUTER_BOUND('',#146,.T.);
#96=FACE_OUTER_BOUND('',#147,.T.);
#97=FACE_OUTER_BOUND('',#148,.T.);
#98=FACE_OUTER_BOUND('',#149,.T.);
#99=FACE_OUTER_BOUND('',#150,.T.);
#100=FACE_OUTER_BOUND('',#151,.T.);
#101=FACE_OUTER_BOUND('',#153,.T.);
#102=FACE_OUTER_BOUND('',#155,.T.);
#103=FACE_OUTER_BOUND('',#156,.T.);
#104=FACE_OUTER_BOUND('',#157,.T.);
#105=FACE_OUTER_BOUND('',#158,.T.);
#106=FACE_OUTER_BOUND('',#159,.T.);
#107=FACE_OUTER_BOUND('',#160,.T.);
#108=FACE_OUTER_BOUND('',#161,.T.);
#109=FACE_OUTER_BOUND('',#162,.T.);
#110=FACE_OUTER_BOUND('',#163,.T.);
#111=FACE_OUTER_BOUND('',#164,.T.);
#112=FACE_OUTER_BOUND('',#165,.T.);
#113=FACE_OUTER_BOUND('',#166,.T.);
#114=FACE_OUTER_BOUND('',#167,.T.);
#115=FACE_OUTER_BOUND('',#168,.T.);
#116=FACE_OUTER_BOUND('',#169,.T.);
#117=FACE_OUTER_BOUND('',#170,.T.);
#118=FACE_OUTER_BOUND('',#172,.T.);
#119=FACE_OUTER_BOUND('',#174,.T.);
#120=FACE_OUTER_BOUND('',#175,.T.);
#121=FACE_OUTER_BOUND('',#176,.T.);
#122=FACE_OUTER_BOUND('',#177,.T.);
#123=FACE_OUTER_BOUND('',#178,.T.);
#124=FACE_OUTER_BOUND('',#179,.T.);
#125=FACE_OUTER_BOUND('',#180,.T.);
#126=EDGE_LOOP('',(#613,#614,#615,#616));
#127=EDGE_LOOP('',(#617,#618,#619,#620));
#128=EDGE_LOOP('',(#621,#622,#623,#624));
#129=EDGE_LOOP('',(#625,#626,#627,#628));
#130=EDGE_LOOP('',(#629,#630,#631,#632,#633,#634,#635,#636,#637));
#131=EDGE_LOOP('',(#638));
#132=EDGE_LOOP('',(#639,#640,#641,#642));
#133=EDGE_LOOP('',(#643,#644,#645,#646));
#134=EDGE_LOOP('',(#647,#648,#649,#650));
#135=EDGE_LOOP('',(#651,#652,#653,#654));
#136=EDGE_LOOP('',(#655,#656,#657,#658,#659,#660));
#137=EDGE_LOOP('',(#661,#662,#663,#664));
#138=EDGE_LOOP('',(#665,#666,#667,#668));
#139=EDGE_LOOP('',(#669,#670,#671,#672,#673,#674,#675,#676));
#140=EDGE_LOOP('',(#677,#678,#679,#680,#681,#682,#683,#684,#685,#686,#687,
#688,#689,#690,#691,#692));
#141=EDGE_LOOP('',(#693,#694,#695,#696,#697,#698));
#142=EDGE_LOOP('',(#699,#700,#701,#702,#703,#704,#705));
#143=EDGE_LOOP('',(#706,#707,#708,#709));
#144=EDGE_LOOP('',(#710,#711,#712,#713));
#145=EDGE_LOOP('',(#714,#715,#716,#717));
#146=EDGE_LOOP('',(#718,#719,#720,#721));
#147=EDGE_LOOP('',(#722,#723,#724,#725));
#148=EDGE_LOOP('',(#726,#727,#728,#729));
#149=EDGE_LOOP('',(#730,#731,#732,#733,#734,#735,#736,#737,#738,#739,#740));
#150=EDGE_LOOP('',(#741,#742,#743,#744));
#151=EDGE_LOOP('',(#745));
#152=EDGE_LOOP('',(#746));
#153=EDGE_LOOP('',(#747));
#154=EDGE_LOOP('',(#748));
#155=EDGE_LOOP('',(#749,#750,#751,#752));
#156=EDGE_LOOP('',(#753,#754,#755,#756));
#157=EDGE_LOOP('',(#757,#758,#759,#760));
#158=EDGE_LOOP('',(#761,#762,#763,#764));
#159=EDGE_LOOP('',(#765,#766,#767,#768));
#160=EDGE_LOOP('',(#769,#770,#771,#772));
#161=EDGE_LOOP('',(#773,#774,#775,#776,#777,#778,#779,#780,#781,#782,#783,
#784,#785,#786,#787,#788,#789));
#162=EDGE_LOOP('',(#790,#791,#792,#793));
#163=EDGE_LOOP('',(#794,#795,#796,#797));
#164=EDGE_LOOP('',(#798,#799,#800,#801));
#165=EDGE_LOOP('',(#802,#803,#804,#805));
#166=EDGE_LOOP('',(#806,#807,#808,#809));
#167=EDGE_LOOP('',(#810,#811,#812,#813));
#168=EDGE_LOOP('',(#814,#815));
#169=EDGE_LOOP('',(#816,#817,#818,#819,#820,#821,#822,#823,#824,#825,#826,
#827,#828,#829,#830,#831,#832,#833,#834,#835,#836,#837));
#170=EDGE_LOOP('',(#838,#839,#840,#841));
#171=EDGE_LOOP('',(#842));
#172=EDGE_LOOP('',(#843,#844,#845,#846,#847,#848));
#173=EDGE_LOOP('',(#849));
#174=EDGE_LOOP('',(#850,#851,#852,#853,#854,#855));
#175=EDGE_LOOP('',(#856,#857,#858,#859));
#176=EDGE_LOOP('',(#860,#861,#862,#863,#864,#865,#866,#867,#868));
#177=EDGE_LOOP('',(#869,#870,#871,#872));
#178=EDGE_LOOP('',(#873,#874,#875,#876));
#179=EDGE_LOOP('',(#877,#878,#879,#880));
#180=EDGE_LOOP('',(#881,#882,#883,#884,#885,#886));
#181=LINE('',#1345,#261);
#182=LINE('',#1348,#262);
#183=LINE('',#1351,#263);
#184=LINE('',#1353,#264);
#185=LINE('',#1354,#265);
#186=LINE('',#1360,#266);
#187=LINE('',#1363,#267);
#188=LINE('',#1366,#268);
#189=LINE('',#1368,#269);
#190=LINE('',#1369,#270);
#191=LINE('',#1372,#271);
#192=LINE('',#1376,#272);
#193=LINE('',#1380,#273);
#194=LINE('',#1382,#274);
#195=LINE('',#1383,#275);
#196=LINE('',#1403,#276);
#197=LINE('',#1441,#277);
#198=LINE('',#1444,#278);
#199=LINE('',#1445,#279);
#200=LINE('',#1450,#280);
#201=LINE('',#1451,#281);
#202=LINE('',#1456,#282);
#203=LINE('',#1457,#283);
#204=LINE('',#1460,#284);
#205=LINE('',#1462,#285);
#206=LINE('',#1464,#286);
#207=LINE('',#1466,#287);
#208=LINE('',#1470,#288);
#209=LINE('',#1471,#289);
#210=LINE('',#1473,#290);
#211=LINE('',#1475,#291);
#212=LINE('',#1481,#292);
#213=LINE('',#1484,#293);
#214=LINE('',#1485,#294);
#215=LINE('',#1490,#295);
#216=LINE('',#1494,#296);
#217=LINE('',#1556,#297);
#218=LINE('',#1557,#298);
#219=LINE('',#1565,#299);
#220=LINE('',#1566,#300);
#221=LINE('',#1569,#301);
#222=LINE('',#1572,#302);
#223=LINE('',#1574,#303);
#224=LINE('',#1578,#304);
#225=LINE('',#1582,#305);
#226=LINE('',#1585,#306);
#227=LINE('',#1590,#307);
#228=LINE('',#1599,#308);
#229=LINE('',#1602,#309);
#230=LINE('',#1607,#310);
#231=LINE('',#1609,#311);
#232=LINE('',#1611,#312);
#233=LINE('',#1612,#313);
#234=LINE('',#1616,#314);
#235=LINE('',#1618,#315);
#236=LINE('',#1620,#316);
#237=LINE('',#1621,#317);
#238=LINE('',#1623,#318);
#239=LINE('',#1624,#319);
#240=LINE('',#1626,#320);
#241=LINE('',#1629,#321);
#242=LINE('',#1631,#322);
#243=LINE('',#1632,#323);
#244=LINE('',#1634,#324);
#245=LINE('',#1635,#325);
#246=LINE('',#1636,#326);
#247=LINE('',#1638,#327);
#248=LINE('',#1639,#328);
#249=LINE('',#1642,#329);
#250=LINE('',#1644,#330);
#251=LINE('',#1645,#331);
#252=LINE('',#1648,#332);
#253=LINE('',#1649,#333);
#254=LINE('',#1670,#334);
#255=LINE('',#1672,#335);
#256=LINE('',#1686,#336);
#257=LINE('',#1719,#337);
#258=LINE('',#1720,#338);
#259=LINE('',#1722,#339);
#260=LINE('',#1725,#340);
#261=VECTOR('',#1070,10.);
#262=VECTOR('',#1073,10.);
#263=VECTOR('',#1076,10.);
#264=VECTOR('',#1077,10.);
#265=VECTOR('',#1078,10.);
#266=VECTOR('',#1083,10.);
#267=VECTOR('',#1086,10.);
#268=VECTOR('',#1089,10.);
#269=VECTOR('',#1090,10.);
#270=VECTOR('',#1091,10.);
#271=VECTOR('',#1094,10.);
#272=VECTOR('',#1097,10.);
#273=VECTOR('',#1100,10.);
#274=VECTOR('',#1101,10.);
#275=VECTOR('',#1102,10.);
#276=VECTOR('',#1113,10.);
#277=VECTOR('',#1132,10.);
#278=VECTOR('',#1135,10.);
#279=VECTOR('',#1136,10.);
#280=VECTOR('',#1141,10.);
#281=VECTOR('',#1142,10.);
#282=VECTOR('',#1147,10.);
#283=VECTOR('',#1148,10.);
#284=VECTOR('',#1151,10.);
#285=VECTOR('',#1152,10.);
#286=VECTOR('',#1153,10.);
#287=VECTOR('',#1154,10.);
#288=VECTOR('',#1157,10.);
#289=VECTOR('',#1158,10.);
#290=VECTOR('',#1161,10.);
#291=VECTOR('',#1162,10.);
#292=VECTOR('',#1167,10.);
#293=VECTOR('',#1170,10.);
#294=VECTOR('',#1171,10.);
#295=VECTOR('',#1176,2.);
#296=VECTOR('',#1183,10.);
#297=VECTOR('',#1190,10.);
#298=VECTOR('',#1191,10.);
#299=VECTOR('',#1202,10.);
#300=VECTOR('',#1203,10.);
#301=VECTOR('',#1208,10.);
#302=VECTOR('',#1211,10.);
#303=VECTOR('',#1212,10.);
#304=VECTOR('',#1215,10.);
#305=VECTOR('',#1218,10.);
#306=VECTOR('',#1221,10.);
#307=VECTOR('',#1226,2.);
#308=VECTOR('',#1239,1.05);
#309=VECTOR('',#1242,1.05);
#310=VECTOR('',#1247,10.);
#311=VECTOR('',#1248,10.);
#312=VECTOR('',#1249,10.);
#313=VECTOR('',#1250,10.);
#314=VECTOR('',#1253,10.);
#315=VECTOR('',#1254,10.);
#316=VECTOR('',#1255,10.);
#317=VECTOR('',#1256,10.);
#318=VECTOR('',#1259,10.);
#319=VECTOR('',#1260,10.);
#320=VECTOR('',#1263,10.);
#321=VECTOR('',#1266,10.);
#322=VECTOR('',#1267,10.);
#323=VECTOR('',#1268,10.);
#324=VECTOR('',#1269,10.);
#325=VECTOR('',#1270,10.);
#326=VECTOR('',#1271,10.);
#327=VECTOR('',#1272,10.);
#328=VECTOR('',#1273,10.);
#329=VECTOR('',#1276,10.);
#330=VECTOR('',#1277,10.);
#331=VECTOR('',#1278,10.);
#332=VECTOR('',#1281,10.);
#333=VECTOR('',#1282,10.);
#334=VECTOR('',#1295,10.);
#335=VECTOR('',#1298,10.);
#336=VECTOR('',#1301,10.);
#337=VECTOR('',#1304,10.);
#338=VECTOR('',#1305,10.);
#339=VECTOR('',#1308,10.);
#340=VECTOR('',#1313,10.);
#341=CIRCLE('',#967,2.);
#342=CIRCLE('',#968,2.);
#343=CIRCLE('',#971,2.);
#344=CIRCLE('',#972,2.);
#345=CIRCLE('',#975,0.5);
#346=CIRCLE('',#976,0.5);
#347=CIRCLE('',#977,1.05);
#348=CIRCLE('',#979,10.);
#349=CIRCLE('',#980,10.5);
#350=CIRCLE('',#982,9.50000000000001);
#351=CIRCLE('',#984,9.00000000000001);
#352=CIRCLE('',#986,7.);
#353=CIRCLE('',#987,2.);
#354=CIRCLE('',#988,5.00000000000001);
#355=CIRCLE('',#989,2.00000000000001);
#356=CIRCLE('',#991,2.);
#357=CIRCLE('',#993,2.);
#358=CIRCLE('',#995,5.);
#359=CIRCLE('',#997,1.5);
#360=CIRCLE('',#999,6.);
#361=CIRCLE('',#1000,17.);
#362=CIRCLE('',#1001,13.5);
#363=CIRCLE('',#1003,2.);
#364=CIRCLE('',#1004,2.);
#365=CIRCLE('',#1005,2.);
#366=CIRCLE('',#1007,1.5);
#367=CIRCLE('',#1008,2.);
#368=CIRCLE('',#1011,2.);
#369=CIRCLE('',#1012,17.);
#370=CIRCLE('',#1013,15.);
#371=CIRCLE('',#1018,2.50000000000389);
#372=CIRCLE('',#1019,1.49999999999601);
#373=CIRCLE('',#1020,2.5);
#374=CIRCLE('',#1022,2.);
#375=CIRCLE('',#1023,2.);
#376=CIRCLE('',#1025,1.05);
#377=CIRCLE('',#1027,1.05);
#378=CIRCLE('',#1030,1.05);
#379=CIRCLE('',#1039,14.2322330470331);
#380=CIRCLE('',#1040,14.6464466094062);
#381=CIRCLE('',#1042,13.5);
#382=CIRCLE('',#1052,13.4999999999999);
#383=CIRCLE('',#1054,13.5);
#384=CIRCLE('',#1056,14.2322330470302);
#385=CIRCLE('',#1058,14.6464466094043);
#386=VERTEX_POINT('',#1341);
#387=VERTEX_POINT('',#1342);
#388=VERTEX_POINT('',#1344);
#389=VERTEX_POINT('',#1346);
#390=VERTEX_POINT('',#1350);
#391=VERTEX_POINT('',#1352);
#392=VERTEX_POINT('',#1356);
#393=VERTEX_POINT('',#1357);
#394=VERTEX_POINT('',#1359);
#395=VERTEX_POINT('',#1361);
#396=VERTEX_POINT('',#1365);
#397=VERTEX_POINT('',#1367);
#398=VERTEX_POINT('',#1371);
#399=VERTEX_POINT('',#1373);
#400=VERTEX_POINT('',#1375);
#401=VERTEX_POINT('',#1377);
#402=VERTEX_POINT('',#1379);
#403=VERTEX_POINT('',#1381);
#404=VERTEX_POINT('',#1384);
#405=VERTEX_POINT('',#1387);
#406=VERTEX_POINT('',#1388);
#407=VERTEX_POINT('',#1402);
#408=VERTEX_POINT('',#1406);
#409=VERTEX_POINT('',#1419);
#410=VERTEX_POINT('',#1420);
#411=VERTEX_POINT('',#1422);
#412=VERTEX_POINT('',#1424);
#413=VERTEX_POINT('',#1428);
#414=VERTEX_POINT('',#1429);
#415=VERTEX_POINT('',#1440);
#416=VERTEX_POINT('',#1442);
#417=VERTEX_POINT('',#1447);
#418=VERTEX_POINT('',#1448);
#419=VERTEX_POINT('',#1453);
#420=VERTEX_POINT('',#1454);
#421=VERTEX_POINT('',#1459);
#422=VERTEX_POINT('',#1461);
#423=VERTEX_POINT('',#1463);
#424=VERTEX_POINT('',#1465);
#425=VERTEX_POINT('',#1467);
#426=VERTEX_POINT('',#1469);
#427=VERTEX_POINT('',#1474);
#428=VERTEX_POINT('',#1476);
#429=VERTEX_POINT('',#1478);
#430=VERTEX_POINT('',#1480);
#431=VERTEX_POINT('',#1482);
#432=VERTEX_POINT('',#1487);
#433=VERTEX_POINT('',#1489);
#434=VERTEX_POINT('',#1537);
#435=VERTEX_POINT('',#1538);
#436=VERTEX_POINT('',#1545);
#437=VERTEX_POINT('',#1547);
#438=VERTEX_POINT('',#1559);
#439=VERTEX_POINT('',#1560);
#440=VERTEX_POINT('',#1571);
#441=VERTEX_POINT('',#1573);
#442=VERTEX_POINT('',#1575);
#443=VERTEX_POINT('',#1577);
#444=VERTEX_POINT('',#1579);
#445=VERTEX_POINT('',#1581);
#446=VERTEX_POINT('',#1583);
#447=VERTEX_POINT('',#1587);
#448=VERTEX_POINT('',#1589);
#449=VERTEX_POINT('',#1593);
#450=VERTEX_POINT('',#1596);
#451=VERTEX_POINT('',#1601);
#452=VERTEX_POINT('',#1605);
#453=VERTEX_POINT('',#1606);
#454=VERTEX_POINT('',#1608);
#455=VERTEX_POINT('',#1610);
#456=VERTEX_POINT('',#1614);
#457=VERTEX_POINT('',#1615);
#458=VERTEX_POINT('',#1617);
#459=VERTEX_POINT('',#1619);
#460=VERTEX_POINT('',#1628);
#461=VERTEX_POINT('',#1630);
#462=VERTEX_POINT('',#1633);
#463=VERTEX_POINT('',#1637);
#464=VERTEX_POINT('',#1641);
#465=VERTEX_POINT('',#1643);
#466=VERTEX_POINT('',#1647);
#467=VERTEX_POINT('',#1651);
#468=VERTEX_POINT('',#1652);
#469=VERTEX_POINT('',#1659);
#470=VERTEX_POINT('',#1674);
#471=VERTEX_POINT('',#1675);
#472=VERTEX_POINT('',#1696);
#473=VERTEX_POINT('',#1705);
#474=VERTEX_POINT('',#1709);
#475=VERTEX_POINT('',#1718);
#476=EDGE_CURVE('',#386,#387,#341,.T.);
#477=EDGE_CURVE('',#387,#388,#181,.T.);
#478=EDGE_CURVE('',#388,#389,#342,.F.);
#479=EDGE_CURVE('',#389,#386,#182,.T.);
#480=EDGE_CURVE('',#389,#390,#183,.T.);
#481=EDGE_CURVE('',#391,#390,#184,.T.);
#482=EDGE_CURVE('',#386,#391,#185,.T.);
#483=EDGE_CURVE('',#392,#393,#343,.T.);
#484=EDGE_CURVE('',#393,#394,#186,.T.);
#485=EDGE_CURVE('',#394,#395,#344,.T.);
#486=EDGE_CURVE('',#395,#392,#187,.T.);
#487=EDGE_CURVE('',#395,#396,#188,.T.);
#488=EDGE_CURVE('',#397,#396,#189,.T.);
#489=EDGE_CURVE('',#392,#397,#190,.T.);
#490=EDGE_CURVE('',#394,#398,#191,.T.);
#491=EDGE_CURVE('',#399,#398,#345,.T.);
#492=EDGE_CURVE('',#400,#399,#192,.T.);
#493=EDGE_CURVE('',#401,#400,#346,.T.);
#494=EDGE_CURVE('',#401,#402,#193,.T.);
#495=EDGE_CURVE('',#402,#403,#194,.T.);
#496=EDGE_CURVE('',#396,#403,#195,.T.);
#497=EDGE_CURVE('',#404,#404,#347,.T.);
#498=EDGE_CURVE('',#405,#406,#28,.T.);
#499=EDGE_CURVE('',#406,#399,#348,.T.);
#500=EDGE_CURVE('',#405,#398,#349,.T.);
#501=EDGE_CURVE('',#406,#407,#196,.T.);
#502=EDGE_CURVE('',#400,#407,#350,.T.);
#503=EDGE_CURVE('',#407,#408,#29,.T.);
#504=EDGE_CURVE('',#401,#408,#351,.T.);
#505=EDGE_CURVE('',#409,#410,#352,.T.);
#506=EDGE_CURVE('',#411,#410,#353,.T.);
#507=EDGE_CURVE('',#412,#411,#354,.F.);
#508=EDGE_CURVE('',#409,#412,#355,.T.);
#509=EDGE_CURVE('',#413,#414,#30,.T.);
#510=EDGE_CURVE('',#414,#415,#197,.T.);
#511=EDGE_CURVE('',#415,#416,#356,.T.);
#512=EDGE_CURVE('',#416,#409,#198,.T.);
#513=EDGE_CURVE('',#412,#413,#199,.T.);
#514=EDGE_CURVE('',#417,#418,#357,.T.);
#515=EDGE_CURVE('',#418,#411,#200,.T.);
#516=EDGE_CURVE('',#410,#417,#201,.T.);
#517=EDGE_CURVE('',#419,#420,#358,.T.);
#518=EDGE_CURVE('',#420,#412,#202,.T.);
#519=EDGE_CURVE('',#411,#419,#203,.T.);
#520=EDGE_CURVE('',#415,#421,#204,.T.);
#521=EDGE_CURVE('',#422,#421,#205,.T.);
#522=EDGE_CURVE('',#423,#422,#206,.T.);
#523=EDGE_CURVE('',#423,#424,#207,.T.);
#524=EDGE_CURVE('',#425,#424,#359,.T.);
#525=EDGE_CURVE('',#426,#425,#208,.T.);
#526=EDGE_CURVE('',#416,#426,#209,.T.);
#527=EDGE_CURVE('',#387,#417,#210,.T.);
#528=EDGE_CURVE('',#426,#427,#211,.T.);
#529=EDGE_CURVE('',#427,#428,#360,.T.);
#530=EDGE_CURVE('',#429,#428,#361,.T.);
#531=EDGE_CURVE('',#430,#429,#212,.T.);
#532=EDGE_CURVE('',#430,#431,#362,.T.);
#533=EDGE_CURVE('',#431,#405,#213,.T.);
#534=EDGE_CURVE('',#388,#393,#214,.T.);
#535=EDGE_CURVE('',#432,#413,#363,.T.);
#536=EDGE_CURVE('',#432,#433,#215,.T.);
#537=EDGE_CURVE('',#433,#433,#364,.F.);
#538=EDGE_CURVE('',#414,#432,#365,.T.);
#539=EDGE_CURVE('',#421,#420,#216,.T.);
#540=EDGE_CURVE('',#434,#435,#31,.F.);
#541=EDGE_CURVE('',#436,#434,#366,.T.);
#542=EDGE_CURVE('',#436,#437,#32,.T.);
#543=EDGE_CURVE('',#435,#437,#367,.T.);
#544=EDGE_CURVE('',#424,#436,#217,.T.);
#545=EDGE_CURVE('',#434,#425,#218,.T.);
#546=EDGE_CURVE('',#438,#439,#368,.T.);
#547=EDGE_CURVE('',#439,#435,#369,.T.);
#548=EDGE_CURVE('',#437,#438,#370,.T.);
#549=EDGE_CURVE('',#427,#434,#219,.T.);
#550=EDGE_CURVE('',#435,#428,#220,.T.);
#551=EDGE_CURVE('',#429,#439,#221,.T.);
#552=EDGE_CURVE('',#438,#440,#222,.T.);
#553=EDGE_CURVE('',#440,#441,#223,.T.);
#554=EDGE_CURVE('',#441,#442,#371,.T.);
#555=EDGE_CURVE('',#442,#443,#224,.T.);
#556=EDGE_CURVE('',#443,#444,#372,.T.);
#557=EDGE_CURVE('',#444,#445,#225,.T.);
#558=EDGE_CURVE('',#445,#446,#373,.T.);
#559=EDGE_CURVE('',#446,#430,#226,.T.);
#560=EDGE_CURVE('',#447,#447,#374,.T.);
#561=EDGE_CURVE('',#447,#448,#227,.T.);
#562=EDGE_CURVE('',#448,#448,#375,.F.);
#563=EDGE_CURVE('',#449,#449,#376,.T.);
#564=EDGE_CURVE('',#450,#450,#377,.T.);
#565=EDGE_CURVE('',#449,#404,#228,.T.);
#566=EDGE_CURVE('',#450,#451,#229,.T.);
#567=EDGE_CURVE('',#451,#451,#378,.T.);
#568=EDGE_CURVE('',#452,#453,#230,.T.);
#569=EDGE_CURVE('',#454,#452,#231,.T.);
#570=EDGE_CURVE('',#454,#455,#232,.T.);
#571=EDGE_CURVE('',#453,#455,#233,.T.);
#572=EDGE_CURVE('',#456,#457,#234,.T.);
#573=EDGE_CURVE('',#456,#458,#235,.T.);
#574=EDGE_CURVE('',#458,#459,#236,.T.);
#575=EDGE_CURVE('',#457,#459,#237,.T.);
#576=EDGE_CURVE('',#453,#456,#238,.T.);
#577=EDGE_CURVE('',#455,#458,#239,.T.);
#578=EDGE_CURVE('',#459,#454,#240,.T.);
#579=EDGE_CURVE('',#452,#460,#241,.T.);
#580=EDGE_CURVE('',#460,#461,#242,.T.);
#581=EDGE_CURVE('',#461,#422,#243,.T.);
#582=EDGE_CURVE('',#419,#462,#244,.T.);
#583=EDGE_CURVE('',#462,#391,#245,.T.);
#584=EDGE_CURVE('',#390,#397,#246,.T.);
#585=EDGE_CURVE('',#403,#463,#247,.T.);
#586=EDGE_CURVE('',#463,#457,#248,.T.);
#587=EDGE_CURVE('',#464,#460,#249,.T.);
#588=EDGE_CURVE('',#465,#464,#250,.T.);
#589=EDGE_CURVE('',#461,#465,#251,.T.);
#590=EDGE_CURVE('',#466,#402,#252,.T.);
#591=EDGE_CURVE('',#466,#463,#253,.T.);
#592=EDGE_CURVE('',#467,#468,#23,.T.);
#593=EDGE_CURVE('',#445,#468,#379,.T.);
#594=EDGE_CURVE('',#444,#467,#380,.T.);
#595=EDGE_CURVE('',#468,#469,#33,.T.);
#596=EDGE_CURVE('',#469,#446,#381,.T.);
#597=EDGE_CURVE('',#469,#431,#254,.T.);
#598=EDGE_CURVE('',#408,#466,#255,.T.);
#599=EDGE_CURVE('',#470,#471,#34,.T.);
#600=EDGE_CURVE('',#471,#470,#256,.T.);
#601=EDGE_CURVE('',#471,#467,#35,.T.);
#602=EDGE_CURVE('',#472,#470,#36,.T.);
#603=EDGE_CURVE('',#473,#472,#24,.T.);
#604=EDGE_CURVE('',#474,#473,#37,.T.);
#605=EDGE_CURVE('',#475,#474,#257,.T.);
#606=EDGE_CURVE('',#464,#475,#258,.T.);
#607=EDGE_CURVE('',#465,#423,#259,.T.);
#608=EDGE_CURVE('',#418,#462,#260,.T.);
#609=EDGE_CURVE('',#440,#475,#382,.T.);
#610=EDGE_CURVE('',#441,#474,#383,.T.);
#611=EDGE_CURVE('',#442,#473,#384,.T.);
#612=EDGE_CURVE('',#443,#472,#385,.T.);
#613=ORIENTED_EDGE('',*,*,#476,.T.);
#614=ORIENTED_EDGE('',*,*,#477,.T.);
#615=ORIENTED_EDGE('',*,*,#478,.T.);
#616=ORIENTED_EDGE('',*,*,#479,.T.);
#617=ORIENTED_EDGE('',*,*,#479,.F.);
#618=ORIENTED_EDGE('',*,*,#480,.T.);
#619=ORIENTED_EDGE('',*,*,#481,.F.);
#620=ORIENTED_EDGE('',*,*,#482,.F.);
#621=ORIENTED_EDGE('',*,*,#483,.T.);
#622=ORIENTED_EDGE('',*,*,#484,.T.);
#623=ORIENTED_EDGE('',*,*,#485,.T.);
#624=ORIENTED_EDGE('',*,*,#486,.T.);
#625=ORIENTED_EDGE('',*,*,#486,.F.);
#626=ORIENTED_EDGE('',*,*,#487,.T.);
#627=ORIENTED_EDGE('',*,*,#488,.F.);
#628=ORIENTED_EDGE('',*,*,#489,.F.);
#629=ORIENTED_EDGE('',*,*,#485,.F.);
#630=ORIENTED_EDGE('',*,*,#490,.T.);
#631=ORIENTED_EDGE('',*,*,#491,.F.);
#632=ORIENTED_EDGE('',*,*,#492,.F.);
#633=ORIENTED_EDGE('',*,*,#493,.F.);
#634=ORIENTED_EDGE('',*,*,#494,.T.);
#635=ORIENTED_EDGE('',*,*,#495,.T.);
#636=ORIENTED_EDGE('',*,*,#496,.F.);
#637=ORIENTED_EDGE('',*,*,#487,.F.);
#638=ORIENTED_EDGE('',*,*,#497,.T.);
#639=ORIENTED_EDGE('',*,*,#498,.T.);
#640=ORIENTED_EDGE('',*,*,#499,.T.);
#641=ORIENTED_EDGE('',*,*,#491,.T.);
#642=ORIENTED_EDGE('',*,*,#500,.F.);
#643=ORIENTED_EDGE('',*,*,#499,.F.);
#644=ORIENTED_EDGE('',*,*,#501,.T.);
#645=ORIENTED_EDGE('',*,*,#502,.F.);
#646=ORIENTED_EDGE('',*,*,#492,.T.);
#647=ORIENTED_EDGE('',*,*,#493,.T.);
#648=ORIENTED_EDGE('',*,*,#502,.T.);
#649=ORIENTED_EDGE('',*,*,#503,.T.);
#650=ORIENTED_EDGE('',*,*,#504,.F.);
#651=ORIENTED_EDGE('',*,*,#505,.T.);
#652=ORIENTED_EDGE('',*,*,#506,.F.);
#653=ORIENTED_EDGE('',*,*,#507,.F.);
#654=ORIENTED_EDGE('',*,*,#508,.F.);
#655=ORIENTED_EDGE('',*,*,#509,.T.);
#656=ORIENTED_EDGE('',*,*,#510,.T.);
#657=ORIENTED_EDGE('',*,*,#511,.T.);
#658=ORIENTED_EDGE('',*,*,#512,.T.);
#659=ORIENTED_EDGE('',*,*,#508,.T.);
#660=ORIENTED_EDGE('',*,*,#513,.T.);
#661=ORIENTED_EDGE('',*,*,#514,.T.);
#662=ORIENTED_EDGE('',*,*,#515,.T.);
#663=ORIENTED_EDGE('',*,*,#506,.T.);
#664=ORIENTED_EDGE('',*,*,#516,.T.);
#665=ORIENTED_EDGE('',*,*,#517,.T.);
#666=ORIENTED_EDGE('',*,*,#518,.T.);
#667=ORIENTED_EDGE('',*,*,#507,.T.);
#668=ORIENTED_EDGE('',*,*,#519,.T.);
#669=ORIENTED_EDGE('',*,*,#511,.F.);
#670=ORIENTED_EDGE('',*,*,#520,.T.);
#671=ORIENTED_EDGE('',*,*,#521,.F.);
#672=ORIENTED_EDGE('',*,*,#522,.F.);
#673=ORIENTED_EDGE('',*,*,#523,.T.);
#674=ORIENTED_EDGE('',*,*,#524,.F.);
#675=ORIENTED_EDGE('',*,*,#525,.F.);
#676=ORIENTED_EDGE('',*,*,#526,.F.);
#677=ORIENTED_EDGE('',*,*,#477,.F.);
#678=ORIENTED_EDGE('',*,*,#527,.T.);
#679=ORIENTED_EDGE('',*,*,#516,.F.);
#680=ORIENTED_EDGE('',*,*,#505,.F.);
#681=ORIENTED_EDGE('',*,*,#512,.F.);
#682=ORIENTED_EDGE('',*,*,#526,.T.);
#683=ORIENTED_EDGE('',*,*,#528,.T.);
#684=ORIENTED_EDGE('',*,*,#529,.T.);
#685=ORIENTED_EDGE('',*,*,#530,.F.);
#686=ORIENTED_EDGE('',*,*,#531,.F.);
#687=ORIENTED_EDGE('',*,*,#532,.T.);
#688=ORIENTED_EDGE('',*,*,#533,.T.);
#689=ORIENTED_EDGE('',*,*,#500,.T.);
#690=ORIENTED_EDGE('',*,*,#490,.F.);
#691=ORIENTED_EDGE('',*,*,#484,.F.);
#692=ORIENTED_EDGE('',*,*,#534,.F.);
#693=ORIENTED_EDGE('',*,*,#509,.F.);
#694=ORIENTED_EDGE('',*,*,#535,.F.);
#695=ORIENTED_EDGE('',*,*,#536,.T.);
#696=ORIENTED_EDGE('',*,*,#537,.F.);
#697=ORIENTED_EDGE('',*,*,#536,.F.);
#698=ORIENTED_EDGE('',*,*,#538,.F.);
#699=ORIENTED_EDGE('',*,*,#510,.F.);
#700=ORIENTED_EDGE('',*,*,#538,.T.);
#701=ORIENTED_EDGE('',*,*,#535,.T.);
#702=ORIENTED_EDGE('',*,*,#513,.F.);
#703=ORIENTED_EDGE('',*,*,#518,.F.);
#704=ORIENTED_EDGE('',*,*,#539,.F.);
#705=ORIENTED_EDGE('',*,*,#520,.F.);
#706=ORIENTED_EDGE('',*,*,#540,.F.);
#707=ORIENTED_EDGE('',*,*,#541,.F.);
#708=ORIENTED_EDGE('',*,*,#542,.T.);
#709=ORIENTED_EDGE('',*,*,#543,.F.);
#710=ORIENTED_EDGE('',*,*,#524,.T.);
#711=ORIENTED_EDGE('',*,*,#544,.T.);
#712=ORIENTED_EDGE('',*,*,#541,.T.);
#713=ORIENTED_EDGE('',*,*,#545,.T.);
#714=ORIENTED_EDGE('',*,*,#546,.T.);
#715=ORIENTED_EDGE('',*,*,#547,.T.);
#716=ORIENTED_EDGE('',*,*,#543,.T.);
#717=ORIENTED_EDGE('',*,*,#548,.T.);
#718=ORIENTED_EDGE('',*,*,#529,.F.);
#719=ORIENTED_EDGE('',*,*,#549,.T.);
#720=ORIENTED_EDGE('',*,*,#540,.T.);
#721=ORIENTED_EDGE('',*,*,#550,.T.);
#722=ORIENTED_EDGE('',*,*,#545,.F.);
#723=ORIENTED_EDGE('',*,*,#549,.F.);
#724=ORIENTED_EDGE('',*,*,#528,.F.);
#725=ORIENTED_EDGE('',*,*,#525,.T.);
#726=ORIENTED_EDGE('',*,*,#550,.F.);
#727=ORIENTED_EDGE('',*,*,#547,.F.);
#728=ORIENTED_EDGE('',*,*,#551,.F.);
#729=ORIENTED_EDGE('',*,*,#530,.T.);
#730=ORIENTED_EDGE('',*,*,#546,.F.);
#731=ORIENTED_EDGE('',*,*,#552,.T.);
#732=ORIENTED_EDGE('',*,*,#553,.T.);
#733=ORIENTED_EDGE('',*,*,#554,.T.);
#734=ORIENTED_EDGE('',*,*,#555,.T.);
#735=ORIENTED_EDGE('',*,*,#556,.T.);
#736=ORIENTED_EDGE('',*,*,#557,.T.);
#737=ORIENTED_EDGE('',*,*,#558,.T.);
#738=ORIENTED_EDGE('',*,*,#559,.T.);
#739=ORIENTED_EDGE('',*,*,#531,.T.);
#740=ORIENTED_EDGE('',*,*,#551,.T.);
#741=ORIENTED_EDGE('',*,*,#560,.F.);
#742=ORIENTED_EDGE('',*,*,#561,.T.);
#743=ORIENTED_EDGE('',*,*,#562,.F.);
#744=ORIENTED_EDGE('',*,*,#561,.F.);
#745=ORIENTED_EDGE('',*,*,#562,.T.);
#746=ORIENTED_EDGE('',*,*,#563,.F.);
#747=ORIENTED_EDGE('',*,*,#537,.T.);
#748=ORIENTED_EDGE('',*,*,#564,.F.);
#749=ORIENTED_EDGE('',*,*,#563,.T.);
#750=ORIENTED_EDGE('',*,*,#565,.T.);
#751=ORIENTED_EDGE('',*,*,#497,.F.);
#752=ORIENTED_EDGE('',*,*,#565,.F.);
#753=ORIENTED_EDGE('',*,*,#564,.T.);
#754=ORIENTED_EDGE('',*,*,#566,.T.);
#755=ORIENTED_EDGE('',*,*,#567,.F.);
#756=ORIENTED_EDGE('',*,*,#566,.F.);
#757=ORIENTED_EDGE('',*,*,#568,.F.);
#758=ORIENTED_EDGE('',*,*,#569,.F.);
#759=ORIENTED_EDGE('',*,*,#570,.T.);
#760=ORIENTED_EDGE('',*,*,#571,.F.);
#761=ORIENTED_EDGE('',*,*,#572,.F.);
#762=ORIENTED_EDGE('',*,*,#573,.T.);
#763=ORIENTED_EDGE('',*,*,#574,.T.);
#764=ORIENTED_EDGE('',*,*,#575,.F.);
#765=ORIENTED_EDGE('',*,*,#576,.F.);
#766=ORIENTED_EDGE('',*,*,#571,.T.);
#767=ORIENTED_EDGE('',*,*,#577,.T.);
#768=ORIENTED_EDGE('',*,*,#573,.F.);
#769=ORIENTED_EDGE('',*,*,#577,.F.);
#770=ORIENTED_EDGE('',*,*,#570,.F.);
#771=ORIENTED_EDGE('',*,*,#578,.F.);
#772=ORIENTED_EDGE('',*,*,#574,.F.);
#773=ORIENTED_EDGE('',*,*,#575,.T.);
#774=ORIENTED_EDGE('',*,*,#578,.T.);
#775=ORIENTED_EDGE('',*,*,#569,.T.);
#776=ORIENTED_EDGE('',*,*,#579,.T.);
#777=ORIENTED_EDGE('',*,*,#580,.T.);
#778=ORIENTED_EDGE('',*,*,#581,.T.);
#779=ORIENTED_EDGE('',*,*,#521,.T.);
#780=ORIENTED_EDGE('',*,*,#539,.T.);
#781=ORIENTED_EDGE('',*,*,#517,.F.);
#782=ORIENTED_EDGE('',*,*,#582,.T.);
#783=ORIENTED_EDGE('',*,*,#583,.T.);
#784=ORIENTED_EDGE('',*,*,#481,.T.);
#785=ORIENTED_EDGE('',*,*,#584,.T.);
#786=ORIENTED_EDGE('',*,*,#488,.T.);
#787=ORIENTED_EDGE('',*,*,#496,.T.);
#788=ORIENTED_EDGE('',*,*,#585,.T.);
#789=ORIENTED_EDGE('',*,*,#586,.T.);
#790=ORIENTED_EDGE('',*,*,#580,.F.);
#791=ORIENTED_EDGE('',*,*,#587,.F.);
#792=ORIENTED_EDGE('',*,*,#588,.F.);
#793=ORIENTED_EDGE('',*,*,#589,.F.);
#794=ORIENTED_EDGE('',*,*,#585,.F.);
#795=ORIENTED_EDGE('',*,*,#495,.F.);
#796=ORIENTED_EDGE('',*,*,#590,.F.);
#797=ORIENTED_EDGE('',*,*,#591,.T.);
#798=ORIENTED_EDGE('',*,*,#592,.T.);
#799=ORIENTED_EDGE('',*,*,#593,.F.);
#800=ORIENTED_EDGE('',*,*,#557,.F.);
#801=ORIENTED_EDGE('',*,*,#594,.T.);
#802=ORIENTED_EDGE('',*,*,#595,.T.);
#803=ORIENTED_EDGE('',*,*,#596,.T.);
#804=ORIENTED_EDGE('',*,*,#558,.F.);
#805=ORIENTED_EDGE('',*,*,#593,.T.);
#806=ORIENTED_EDGE('',*,*,#597,.T.);
#807=ORIENTED_EDGE('',*,*,#532,.F.);
#808=ORIENTED_EDGE('',*,*,#559,.F.);
#809=ORIENTED_EDGE('',*,*,#596,.F.);
#810=ORIENTED_EDGE('',*,*,#598,.T.);
#811=ORIENTED_EDGE('',*,*,#590,.T.);
#812=ORIENTED_EDGE('',*,*,#494,.F.);
#813=ORIENTED_EDGE('',*,*,#504,.T.);
#814=ORIENTED_EDGE('',*,*,#599,.F.);
#815=ORIENTED_EDGE('',*,*,#600,.F.);
#816=ORIENTED_EDGE('',*,*,#498,.F.);
#817=ORIENTED_EDGE('',*,*,#533,.F.);
#818=ORIENTED_EDGE('',*,*,#597,.F.);
#819=ORIENTED_EDGE('',*,*,#595,.F.);
#820=ORIENTED_EDGE('',*,*,#592,.F.);
#821=ORIENTED_EDGE('',*,*,#601,.F.);
#822=ORIENTED_EDGE('',*,*,#600,.T.);
#823=ORIENTED_EDGE('',*,*,#602,.F.);
#824=ORIENTED_EDGE('',*,*,#603,.F.);
#825=ORIENTED_EDGE('',*,*,#604,.F.);
#826=ORIENTED_EDGE('',*,*,#605,.F.);
#827=ORIENTED_EDGE('',*,*,#606,.F.);
#828=ORIENTED_EDGE('',*,*,#587,.T.);
#829=ORIENTED_EDGE('',*,*,#579,.F.);
#830=ORIENTED_EDGE('',*,*,#568,.T.);
#831=ORIENTED_EDGE('',*,*,#576,.T.);
#832=ORIENTED_EDGE('',*,*,#572,.T.);
#833=ORIENTED_EDGE('',*,*,#586,.F.);
#834=ORIENTED_EDGE('',*,*,#591,.F.);
#835=ORIENTED_EDGE('',*,*,#598,.F.);
#836=ORIENTED_EDGE('',*,*,#503,.F.);
#837=ORIENTED_EDGE('',*,*,#501,.F.);
#838=ORIENTED_EDGE('',*,*,#589,.T.);
#839=ORIENTED_EDGE('',*,*,#607,.T.);
#840=ORIENTED_EDGE('',*,*,#522,.T.);
#841=ORIENTED_EDGE('',*,*,#581,.F.);
#842=ORIENTED_EDGE('',*,*,#567,.T.);
#843=ORIENTED_EDGE('',*,*,#483,.F.);
#844=ORIENTED_EDGE('',*,*,#489,.T.);
#845=ORIENTED_EDGE('',*,*,#584,.F.);
#846=ORIENTED_EDGE('',*,*,#480,.F.);
#847=ORIENTED_EDGE('',*,*,#478,.F.);
#848=ORIENTED_EDGE('',*,*,#534,.T.);
#849=ORIENTED_EDGE('',*,*,#560,.T.);
#850=ORIENTED_EDGE('',*,*,#476,.F.);
#851=ORIENTED_EDGE('',*,*,#482,.T.);
#852=ORIENTED_EDGE('',*,*,#583,.F.);
#853=ORIENTED_EDGE('',*,*,#608,.F.);
#854=ORIENTED_EDGE('',*,*,#514,.F.);
#855=ORIENTED_EDGE('',*,*,#527,.F.);
#856=ORIENTED_EDGE('',*,*,#515,.F.);
#857=ORIENTED_EDGE('',*,*,#608,.T.);
#858=ORIENTED_EDGE('',*,*,#582,.F.);
#859=ORIENTED_EDGE('',*,*,#519,.F.);
#860=ORIENTED_EDGE('',*,*,#544,.F.);
#861=ORIENTED_EDGE('',*,*,#523,.F.);
#862=ORIENTED_EDGE('',*,*,#607,.F.);
#863=ORIENTED_EDGE('',*,*,#588,.T.);
#864=ORIENTED_EDGE('',*,*,#606,.T.);
#865=ORIENTED_EDGE('',*,*,#609,.F.);
#866=ORIENTED_EDGE('',*,*,#552,.F.);
#867=ORIENTED_EDGE('',*,*,#548,.F.);
#868=ORIENTED_EDGE('',*,*,#542,.F.);
#869=ORIENTED_EDGE('',*,*,#605,.T.);
#870=ORIENTED_EDGE('',*,*,#610,.F.);
#871=ORIENTED_EDGE('',*,*,#553,.F.);
#872=ORIENTED_EDGE('',*,*,#609,.T.);
#873=ORIENTED_EDGE('',*,*,#604,.T.);
#874=ORIENTED_EDGE('',*,*,#611,.F.);
#875=ORIENTED_EDGE('',*,*,#554,.F.);
#876=ORIENTED_EDGE('',*,*,#610,.T.);
#877=ORIENTED_EDGE('',*,*,#603,.T.);
#878=ORIENTED_EDGE('',*,*,#612,.F.);
#879=ORIENTED_EDGE('',*,*,#555,.F.);
#880=ORIENTED_EDGE('',*,*,#611,.T.);
#881=ORIENTED_EDGE('',*,*,#602,.T.);
#882=ORIENTED_EDGE('',*,*,#599,.T.);
#883=ORIENTED_EDGE('',*,*,#601,.T.);
#884=ORIENTED_EDGE('',*,*,#594,.F.);
#885=ORIENTED_EDGE('',*,*,#556,.F.);
#886=ORIENTED_EDGE('',*,*,#612,.T.);
#887=CYLINDRICAL_SURFACE('',#966,2.);
#888=CYLINDRICAL_SURFACE('',#970,2.);
#889=CYLINDRICAL_SURFACE('',#990,2.);
#890=CYLINDRICAL_SURFACE('',#992,2.);
#891=CYLINDRICAL_SURFACE('',#994,5.);
#892=CYLINDRICAL_SURFACE('',#1002,2.);
#893=CYLINDRICAL_SURFACE('',#1009,1.5);
#894=CYLINDRICAL_SURFACE('',#1014,6.);
#895=CYLINDRICAL_SURFACE('',#1016,17.);
#896=CYLINDRICAL_SURFACE('',#1021,2.);
#897=CYLINDRICAL_SURFACE('',#1028,1.05);
#898=CYLINDRICAL_SURFACE('',#1029,1.05);
#899=CYLINDRICAL_SURFACE('',#1043,13.5);
#900=CYLINDRICAL_SURFACE('',#1053,13.5);
#901=ADVANCED_FACE('',(#76),#887,.T.);
#902=ADVANCED_FACE('',(#77),#50,.T.);
#903=ADVANCED_FACE('',(#78),#888,.T.);
#904=ADVANCED_FACE('',(#79),#51,.T.);
#905=ADVANCED_FACE('',(#80,#45),#52,.T.);
#906=ADVANCED_FACE('',(#81),#38,.T.);
#907=ADVANCED_FACE('',(#82),#53,.F.);
#908=ADVANCED_FACE('',(#83),#39,.T.);
#909=ADVANCED_FACE('',(#84),#40,.T.);
#910=ADVANCED_FACE('',(#85),#889,.T.);
#911=ADVANCED_FACE('',(#86),#890,.T.);
#912=ADVANCED_FACE('',(#87),#891,.F.);
#913=ADVANCED_FACE('',(#88),#54,.T.);
#914=ADVANCED_FACE('',(#89),#55,.F.);
#915=ADVANCED_FACE('',(#90),#892,.F.);
#916=ADVANCED_FACE('',(#91),#56,.T.);
#917=ADVANCED_FACE('',(#92),#27,.T.);
#918=ADVANCED_FACE('',(#93),#893,.T.);
#919=ADVANCED_FACE('',(#94),#41,.T.);
#920=ADVANCED_FACE('',(#95),#894,.F.);
#921=ADVANCED_FACE('',(#96),#57,.T.);
#922=ADVANCED_FACE('',(#97),#895,.T.);
#923=ADVANCED_FACE('',(#98),#58,.F.);
#924=ADVANCED_FACE('',(#99),#896,.F.);
#925=ADVANCED_FACE('',(#100,#46),#59,.F.);
#926=ADVANCED_FACE('',(#101,#47),#60,.F.);
#927=ADVANCED_FACE('',(#102),#897,.F.);
#928=ADVANCED_FACE('',(#103),#898,.F.);
#929=ADVANCED_FACE('',(#104),#61,.F.);
#930=ADVANCED_FACE('',(#105),#62,.F.);
#931=ADVANCED_FACE('',(#106),#63,.F.);
#932=ADVANCED_FACE('',(#107),#64,.F.);
#933=ADVANCED_FACE('',(#108),#65,.T.);
#934=ADVANCED_FACE('',(#109),#66,.F.);
#935=ADVANCED_FACE('',(#110),#67,.F.);
#936=ADVANCED_FACE('',(#111),#25,.F.);
#937=ADVANCED_FACE('',(#112),#42,.T.);
#938=ADVANCED_FACE('',(#113),#899,.F.);
#939=ADVANCED_FACE('',(#114),#68,.F.);
#940=ADVANCED_FACE('',(#115),#69,.T.);
#941=ADVANCED_FACE('',(#116),#70,.T.);
#942=ADVANCED_FACE('',(#117,#48),#71,.T.);
#943=ADVANCED_FACE('',(#118,#49),#72,.T.);
#944=ADVANCED_FACE('',(#119),#73,.T.);
#945=ADVANCED_FACE('',(#120),#74,.T.);
#946=ADVANCED_FACE('',(#121),#75,.T.);
#947=ADVANCED_FACE('',(#122),#900,.F.);
#948=ADVANCED_FACE('',(#123),#43,.T.);
#949=ADVANCED_FACE('',(#124),#26,.F.);
#950=ADVANCED_FACE('',(#125),#44,.F.);
#951=CLOSED_SHELL('',(#901,#902,#903,#904,#905,#906,#907,#908,#909,#910,
#911,#912,#913,#914,#915,#916,#917,#918,#919,#920,#921,#922,#923,#924,#925,
#926,#927,#928,#929,#930,#931,#932,#933,#934,#935,#936,#937,#938,#939,#940,
#941,#942,#943,#944,#945,#946,#947,#948,#949,#950));
#952=DERIVED_UNIT_ELEMENT(#954,1.);
#953=DERIVED_UNIT_ELEMENT(#1745,-3.);
#954=(
MASS_UNIT()
NAMED_UNIT(*)
SI_UNIT(.KILO.,.GRAM.)
);
#955=DERIVED_UNIT((#952,#953));
#956=MEASURE_REPRESENTATION_ITEM('density measure',
POSITIVE_RATIO_MEASURE(7850.),#955);
#957=PROPERTY_DEFINITION_REPRESENTATION(#962,#959);
#958=PROPERTY_DEFINITION_REPRESENTATION(#963,#960);
#959=REPRESENTATION('material name',(#961),#1742);
#960=REPRESENTATION('density',(#956),#1742);
#961=DESCRIPTIVE_REPRESENTATION_ITEM('Steel','Steel');
#962=PROPERTY_DEFINITION('material property','material name',#1757);
#963=PROPERTY_DEFINITION('material property','density of part',#1757);
#964=AXIS2_PLACEMENT_3D('',#1338,#1062,#1063);
#965=AXIS2_PLACEMENT_3D('',#1339,#1064,#1065);
#966=AXIS2_PLACEMENT_3D('',#1340,#1066,#1067);
#967=AXIS2_PLACEMENT_3D('',#1343,#1068,#1069);
#968=AXIS2_PLACEMENT_3D('',#1347,#1071,#1072);
#969=AXIS2_PLACEMENT_3D('',#1349,#1074,#1075);
#970=AXIS2_PLACEMENT_3D('',#1355,#1079,#1080);
#971=AXIS2_PLACEMENT_3D('',#1358,#1081,#1082);
#972=AXIS2_PLACEMENT_3D('',#1362,#1084,#1085);
#973=AXIS2_PLACEMENT_3D('',#1364,#1087,#1088);
#974=AXIS2_PLACEMENT_3D('',#1370,#1092,#1093);
#975=AXIS2_PLACEMENT_3D('',#1374,#1095,#1096);
#976=AXIS2_PLACEMENT_3D('',#1378,#1098,#1099);
#977=AXIS2_PLACEMENT_3D('',#1385,#1103,#1104);
#978=AXIS2_PLACEMENT_3D('',#1386,#1105,#1106);
#979=AXIS2_PLACEMENT_3D('',#1399,#1107,#1108);
#980=AXIS2_PLACEMENT_3D('',#1400,#1109,#1110);
#981=AXIS2_PLACEMENT_3D('',#1401,#1111,#1112);
#982=AXIS2_PLACEMENT_3D('',#1404,#1114,#1115);
#983=AXIS2_PLACEMENT_3D('',#1405,#1116,#1117);
#984=AXIS2_PLACEMENT_3D('',#1417,#1118,#1119);
#985=AXIS2_PLACEMENT_3D('',#1418,#1120,#1121);
#986=AXIS2_PLACEMENT_3D('',#1421,#1122,#1123);
#987=AXIS2_PLACEMENT_3D('',#1423,#1124,#1125);
#988=AXIS2_PLACEMENT_3D('',#1425,#1126,#1127);
#989=AXIS2_PLACEMENT_3D('',#1426,#1128,#1129);
#990=AXIS2_PLACEMENT_3D('',#1427,#1130,#1131);
#991=AXIS2_PLACEMENT_3D('',#1443,#1133,#1134);
#992=AXIS2_PLACEMENT_3D('',#1446,#1137,#1138);
#993=AXIS2_PLACEMENT_3D('',#1449,#1139,#1140);
#994=AXIS2_PLACEMENT_3D('',#1452,#1143,#1144);
#995=AXIS2_PLACEMENT_3D('',#1455,#1145,#1146);
#996=AXIS2_PLACEMENT_3D('',#1458,#1149,#1150);
#997=AXIS2_PLACEMENT_3D('',#1468,#1155,#1156);
#998=AXIS2_PLACEMENT_3D('',#1472,#1159,#1160);
#999=AXIS2_PLACEMENT_3D('',#1477,#1163,#1164);
#1000=AXIS2_PLACEMENT_3D('',#1479,#1165,#1166);
#1001=AXIS2_PLACEMENT_3D('',#1483,#1168,#1169);
#1002=AXIS2_PLACEMENT_3D('',#1486,#1172,#1173);
#1003=AXIS2_PLACEMENT_3D('',#1488,#1174,#1175);
#1004=AXIS2_PLACEMENT_3D('',#1491,#1177,#1178);
#1005=AXIS2_PLACEMENT_3D('',#1492,#1179,#1180);
#1006=AXIS2_PLACEMENT_3D('',#1493,#1181,#1182);
#1007=AXIS2_PLACEMENT_3D('',#1546,#1184,#1185);
#1008=AXIS2_PLACEMENT_3D('',#1554,#1186,#1187);
#1009=AXIS2_PLACEMENT_3D('',#1555,#1188,#1189);
#1010=AXIS2_PLACEMENT_3D('',#1558,#1192,#1193);
#1011=AXIS2_PLACEMENT_3D('',#1561,#1194,#1195);
#1012=AXIS2_PLACEMENT_3D('',#1562,#1196,#1197);
#1013=AXIS2_PLACEMENT_3D('',#1563,#1198,#1199);
#1014=AXIS2_PLACEMENT_3D('',#1564,#1200,#1201);
#1015=AXIS2_PLACEMENT_3D('',#1567,#1204,#1205);
#1016=AXIS2_PLACEMENT_3D('',#1568,#1206,#1207);
#1017=AXIS2_PLACEMENT_3D('',#1570,#1209,#1210);
#1018=AXIS2_PLACEMENT_3D('',#1576,#1213,#1214);
#1019=AXIS2_PLACEMENT_3D('',#1580,#1216,#1217);
#1020=AXIS2_PLACEMENT_3D('',#1584,#1219,#1220);
#1021=AXIS2_PLACEMENT_3D('',#1586,#1222,#1223);
#1022=AXIS2_PLACEMENT_3D('',#1588,#1224,#1225);
#1023=AXIS2_PLACEMENT_3D('',#1591,#1227,#1228);
#1024=AXIS2_PLACEMENT_3D('',#1592,#1229,#1230);
#1025=AXIS2_PLACEMENT_3D('',#1594,#1231,#1232);
#1026=AXIS2_PLACEMENT_3D('',#1595,#1233,#1234);
#1027=AXIS2_PLACEMENT_3D('',#1597,#1235,#1236);
#1028=AXIS2_PLACEMENT_3D('',#1598,#1237,#1238);
#1029=AXIS2_PLACEMENT_3D('',#1600,#1240,#1241);
#1030=AXIS2_PLACEMENT_3D('',#1603,#1243,#1244);
#1031=AXIS2_PLACEMENT_3D('',#1604,#1245,#1246);
#1032=AXIS2_PLACEMENT_3D('',#1613,#1251,#1252);
#1033=AXIS2_PLACEMENT_3D('',#1622,#1257,#1258);
#1034=AXIS2_PLACEMENT_3D('',#1625,#1261,#1262);
#1035=AXIS2_PLACEMENT_3D('',#1627,#1264,#1265);
#1036=AXIS2_PLACEMENT_3D('',#1640,#1274,#1275);
#1037=AXIS2_PLACEMENT_3D('',#1646,#1279,#1280);
#1038=AXIS2_PLACEMENT_3D('',#1650,#1283,#1284);
#1039=AXIS2_PLACEMENT_3D('',#1656,#1285,#1286);
#1040=AXIS2_PLACEMENT_3D('',#1657,#1287,#1288);
#1041=AXIS2_PLACEMENT_3D('',#1658,#1289,#1290);
#1042=AXIS2_PLACEMENT_3D('',#1668,#1291,#1292);
#1043=AXIS2_PLACEMENT_3D('',#1669,#1293,#1294);
#1044=AXIS2_PLACEMENT_3D('',#1671,#1296,#1297);
#1045=AXIS2_PLACEMENT_3D('',#1673,#1299,#1300);
#1046=AXIS2_PLACEMENT_3D('',#1687,#1302,#1303);
#1047=AXIS2_PLACEMENT_3D('',#1721,#1306,#1307);
#1048=AXIS2_PLACEMENT_3D('',#1723,#1309,#1310);
#1049=AXIS2_PLACEMENT_3D('',#1724,#1311,#1312);
#1050=AXIS2_PLACEMENT_3D('',#1726,#1314,#1315);
#1051=AXIS2_PLACEMENT_3D('',#1727,#1316,#1317);
#1052=AXIS2_PLACEMENT_3D('',#1728,#1318,#1319);
#1053=AXIS2_PLACEMENT_3D('',#1729,#1320,#1321);
#1054=AXIS2_PLACEMENT_3D('',#1730,#1322,#1323);
#1055=AXIS2_PLACEMENT_3D('',#1731,#1324,#1325);
#1056=AXIS2_PLACEMENT_3D('',#1732,#1326,#1327);
#1057=AXIS2_PLACEMENT_3D('',#1733,#1328,#1329);
#1058=AXIS2_PLACEMENT_3D('',#1734,#1330,#1331);
#1059=AXIS2_PLACEMENT_3D('',#1735,#1332,#1333);
#1060=AXIS2_PLACEMENT_3D('',#1736,#1334,#1335);
#1061=AXIS2_PLACEMENT_3D('',#1737,#1336,#1337);
#1062=DIRECTION('axis',(0.,0.,1.));
#1063=DIRECTION('refdir',(1.,0.,0.));
#1064=DIRECTION('axis',(0.,0.,1.));
#1065=DIRECTION('refdir',(1.,0.,0.));
#1066=DIRECTION('center_axis',(7.66053886992008E-13,-1.,9.34804229523694E-16));
#1067=DIRECTION('ref_axis',(0.707106781186545,5.40111805787218E-13,0.70710678118655));
#1068=DIRECTION('center_axis',(3.25400405682417E-13,-1.,9.34804229523727E-16));
#1069=DIRECTION('ref_axis',(0.707106781186545,5.40111805787218E-13,0.70710678118655));
#1070=DIRECTION('',(7.66053886992008E-13,-1.,9.34804229523694E-16));
#1071=DIRECTION('center_axis',(-1.70058411797956E-12,-1.,9.34804229523727E-16));
#1072=DIRECTION('ref_axis',(0.707106781186545,5.40111805787218E-13,0.70710678118655));
#1073=DIRECTION('',(-7.66053886992008E-13,1.,-9.34804229523694E-16));
#1074=DIRECTION('center_axis',(1.,7.66053886992008E-13,-7.1611041360322E-28));
#1075=DIRECTION('ref_axis',(7.66053886992008E-13,-1.,9.34804229523694E-16));
#1076=DIRECTION('',(0.,-9.34804229523727E-16,-1.));
#1077=DIRECTION('',(7.66053886992008E-13,-1.,9.34804229523694E-16));
#1078=DIRECTION('',(0.,-9.34804229523727E-16,-1.));
#1079=DIRECTION('center_axis',(2.16622418927346E-12,1.,-9.34804229523694E-16));
#1080=DIRECTION('ref_axis',(0.707106781186548,-1.53084014721668E-12,0.707106781186547));
#1081=DIRECTION('center_axis',(-1.70058411797956E-12,-1.,9.34804229523727E-16));
#1082=DIRECTION('ref_axis',(0.707106781186548,-1.53084014721668E-12,0.707106781186547));
#1083=DIRECTION('',(-2.16622418927346E-12,-1.,9.34804229523694E-16));
#1084=DIRECTION('center_axis',(-1.22464679914735E-16,1.,-8.9507480657343E-16));
#1085=DIRECTION('ref_axis',(0.707106781186548,-1.53084014721668E-12,0.707106781186547));
#1086=DIRECTION('',(2.16622418927346E-12,1.,-9.34804229523694E-16));
#1087=DIRECTION('center_axis',(1.,-2.16622418927346E-12,2.02499553422944E-27));
#1088=DIRECTION('ref_axis',(-2.16622418927346E-12,-1.,9.34804229523694E-16));
#1089=DIRECTION('',(0.,-9.34804229523727E-16,-1.));
#1090=DIRECTION('',(-2.16622418927346E-12,-1.,9.34804229523694E-16));
#1091=DIRECTION('',(0.,-9.34804229523727E-16,-1.));
#1092=DIRECTION('center_axis',(1.22464679914735E-16,-1.,8.9507480657343E-16));
#1093=DIRECTION('ref_axis',(1.,1.22464679914735E-16,-4.28918890764736E-16));
#1094=DIRECTION('',(-1.,6.96133334773819E-16,-7.81501996849371E-31));
#1095=DIRECTION('center_axis',(-1.22464679914735E-16,1.,-8.9507480657343E-16));
#1096=DIRECTION('ref_axis',(1.,1.22464679914735E-16,1.62731104388115E-32));
#1097=DIRECTION('',(1.,-2.19695756670852E-13,2.05503276155511E-28));
#1098=DIRECTION('center_axis',(-1.22464679914735E-16,1.,-8.9507480657343E-16));
#1099=DIRECTION('ref_axis',(1.,1.22464679914735E-16,1.62731104388115E-32));
#1100=DIRECTION('',(-1.,6.96133334773819E-16,-7.81501996849371E-31));
#1101=DIRECTION('',(-3.49991518299477E-31,-8.9507480657343E-16,-1.));
#1102=DIRECTION('',(-1.,6.96133334773819E-16,-7.81501996849371E-31));
#1103=DIRECTION('center_axis',(-1.22464679914735E-16,1.,-8.9507480657343E-16));
#1104=DIRECTION('ref_axis',(-1.,-3.25318136717115E-13,-1.89986153631235E-33));
#1105=DIRECTION('center_axis',(-1.30753611190372E-31,9.34804229523694E-16,
1.));
#1106=DIRECTION('ref_axis',(1.,0.,0.));
#1107=DIRECTION('center_axis',(1.30753611190372E-31,-9.34804229523694E-16,
-1.));
#1108=DIRECTION('ref_axis',(0.224801508507403,0.974404578074629,-9.10877520851414E-16));
#1109=DIRECTION('center_axis',(1.30753611190372E-31,-9.34804229523694E-16,
-1.));
#1110=DIRECTION('ref_axis',(-0.898928563545644,0.438095238095285,-4.09533281505637E-16));
#1111=DIRECTION('center_axis',(1.30753611190372E-31,-9.34804229523694E-16,
-1.));
#1112=DIRECTION('ref_axis',(1.,0.,1.30753611190372E-31));
#1113=DIRECTION('',(1.,-3.51660448333939E-14,3.30041210570669E-29));
#1114=DIRECTION('center_axis',(-1.30753611190372E-31,9.34804229523694E-16,
1.));
#1115=DIRECTION('ref_axis',(0.265033347762885,0.964239246542889,-9.01374925941033E-16));
#1116=DIRECTION('center_axis',(1.30753611190372E-31,-9.34804229523694E-16,
-1.));
#1117=DIRECTION('ref_axis',(-1.,0.,0.));
#1118=DIRECTION('center_axis',(-1.30753611190372E-31,9.34804229523694E-16,
1.));
#1119=DIRECTION('ref_axis',(-0.859514649147248,0.511111111111159,-4.77788828423236E-16));
#1120=DIRECTION('center_axis',(1.94750035976436E-28,-4.41080586934739E-41,
-1.));
#1121=DIRECTION('ref_axis',(-1.,0.,0.));
#1122=DIRECTION('center_axis',(-1.30753611190372E-31,9.34804229523694E-16,
1.));
#1123=DIRECTION('ref_axis',(0.707106781186406,-0.707106781186689,0.));
#1124=DIRECTION('center_axis',(2.26485497023532E-13,1.,0.));
#1125=DIRECTION('ref_axis',(-1.,2.26485497023532E-13,0.));
#1126=DIRECTION('center_axis',(-4.02319061662716E-28,-1.77635683940025E-15,
-1.));
#1127=DIRECTION('ref_axis',(-1.74971148680924E-13,-1.,1.77635683940025E-15));
#1128=DIRECTION('center_axis',(-1.,1.75415237890775E-13,-1.94750035976436E-28));
#1129=DIRECTION('ref_axis',(0.,1.11022302462515E-15,1.));
#1130=DIRECTION('center_axis',(-1.,1.74675089207712E-13,-1.63417765794988E-28));
#1131=DIRECTION('ref_axis',(1.22467211777334E-13,0.707106781186546,0.707106781186549));
#1132=DIRECTION('',(-1.,1.74675089207712E-13,-1.63417765794988E-28));
#1133=DIRECTION('center_axis',(1.,2.73616255101355E-14,-2.55777632535189E-29));
#1134=DIRECTION('ref_axis',(1.22467211777334E-13,0.707106781186546,0.707106781186549));
#1135=DIRECTION('',(1.,-1.74675089207712E-13,1.63417765794988E-28));
#1136=DIRECTION('',(-1.,1.74675089207712E-13,-1.63417765794988E-28));
#1137=DIRECTION('center_axis',(-2.26300459852736E-13,-1.,9.34804229523694E-16));
#1138=DIRECTION('ref_axis',(-0.707106781186546,1.61719523244428E-13,0.707106781186549));
#1139=DIRECTION('center_axis',(3.25400405682417E-13,-1.,9.34804229523727E-16));
#1140=DIRECTION('ref_axis',(-0.707106781186546,1.61719523244428E-13,0.707106781186549));
#1141=DIRECTION('',(-2.26300459852736E-13,-1.,9.34804229523694E-16));
#1142=DIRECTION('',(2.26300459852736E-13,1.,-9.34804229523694E-16));
#1143=DIRECTION('center_axis',(0.,-9.34804229523727E-16,-1.));
#1144=DIRECTION('ref_axis',(0.707106781186405,-0.70710678118669,0.));
#1145=DIRECTION('center_axis',(0.,-9.34804229523727E-16,-1.));
#1146=DIRECTION('ref_axis',(0.707106781186405,-0.70710678118669,0.));
#1147=DIRECTION('',(0.,9.34804229523727E-16,1.));
#1148=DIRECTION('',(0.,-9.34804229523727E-16,-1.));
#1149=DIRECTION('center_axis',(-1.,-2.73616255101355E-14,2.55777632535189E-29));
#1150=DIRECTION('ref_axis',(-2.73616255101355E-14,1.,-9.34804229523694E-16));
#1151=DIRECTION('',(0.,-9.34804229523727E-16,-1.));
#1152=DIRECTION('',(-2.73616255101355E-14,1.,-9.34804229523694E-16));
#1153=DIRECTION('',(0.,-9.34804229523727E-16,-1.));
#1154=DIRECTION('',(-2.73616255101355E-14,1.,-9.34804229523694E-16));
#1155=DIRECTION('center_axis',(1.,2.73616255101355E-14,-2.55777632535189E-29));
#1156=DIRECTION('ref_axis',(-1.57009245868377E-14,0.707106781186547,0.707106781186548));
#1157=DIRECTION('',(0.,9.65627909395484E-16,1.));
#1158=DIRECTION('',(2.73616255101355E-14,-1.,9.34804229523694E-16));
#1159=DIRECTION('center_axis',(1.30753611190372E-31,-9.34804229523694E-16,
-1.));
#1160=DIRECTION('ref_axis',(1.,0.,1.30753611190372E-31));
#1161=DIRECTION('',(-1.,-3.25400405682417E-13,3.04054921909459E-28));
#1162=DIRECTION('',(1.,2.20239364234599E-14,-2.04573153082209E-29));
#1163=DIRECTION('center_axis',(-1.30753611190372E-31,9.34804229523694E-16,
1.));
#1164=DIRECTION('ref_axis',(0.486781800953083,-0.873523599143648,1.69462778981364E-15));
#1165=DIRECTION('center_axis',(-3.694335196903E-16,8.91891413631549E-16,
1.));
#1166=DIRECTION('ref_axis',(3.34699588306113E-16,1.,-1.0449157878825E-15));
#1167=DIRECTION('',(0.5,0.866025403784439,-2.57705931942874E-16));
#1168=DIRECTION('center_axis',(-4.65212580350748E-16,1.12312252086936E-15,
1.));
#1169=DIRECTION('ref_axis',(-1.02798428206033E-16,1.,-1.31581988103722E-15));
#1170=DIRECTION('',(1.,-3.51660448333939E-14,3.30041210570669E-29));
#1171=DIRECTION('',(1.,-1.70058411797956E-12,1.5898439797593E-27));
#1172=DIRECTION('center_axis',(3.25341267848867E-13,-1.,8.6440722111954E-16));
#1173=DIRECTION('ref_axis',(-1.,-3.25341267848867E-13,1.84184331732754E-32));
#1174=DIRECTION('center_axis',(-1.74675089207712E-13,-1.,9.34804229523727E-16));
#1175=DIRECTION('ref_axis',(-1.,-3.25341267848867E-13,1.84184331732754E-32));
#1176=DIRECTION('',(3.25341267848867E-13,-1.,8.6440722111954E-16));
#1177=DIRECTION('center_axis',(1.22464679914735E-16,-1.,8.9507480657343E-16));
#1178=DIRECTION('ref_axis',(-1.,-3.25341267848867E-13,1.84184331732754E-32));
#1179=DIRECTION('center_axis',(-1.74675089207712E-13,-1.,9.34804229523727E-16));
#1180=DIRECTION('ref_axis',(-1.,-3.25341267848867E-13,1.84184331732754E-32));
#1181=DIRECTION('center_axis',(1.74675089207712E-13,1.,-9.34804229523727E-16));
#1182=DIRECTION('ref_axis',(1.,-1.74675089207712E-13,1.63417765794988E-28));
#1183=DIRECTION('',(1.,-1.74675089207712E-13,1.63417765794988E-28));
#1184=DIRECTION('center_axis',(-1.,-2.368475785867E-14,2.6295363507367E-29));
#1185=DIRECTION('ref_axis',(0.,1.11022302462515E-15,1.));
#1186=DIRECTION('center_axis',(0.526086956521765,0.850430781532317,-4.72083917253572E-16));
#1187=DIRECTION('ref_axis',(-0.850430781532317,0.526086956521765,0.));
#1188=DIRECTION('center_axis',(1.,2.20239364234599E-14,-2.0457138746368E-29));
#1189=DIRECTION('ref_axis',(-1.57009245868377E-14,0.707106781186547,0.707106781186548));
#1190=DIRECTION('',(1.,2.20239364234599E-14,-2.0457138746368E-29));
#1191=DIRECTION('',(-1.,-2.20239364234599E-14,2.0457138746368E-29));
#1192=DIRECTION('center_axis',(-1.30930173043321E-31,9.34804229523694E-16,
1.));
#1193=DIRECTION('ref_axis',(1.,0.,0.));
#1194=DIRECTION('center_axis',(-0.866025403784439,0.5,-4.47537403286715E-16));
#1195=DIRECTION('ref_axis',(0.5,0.866025403784439,-8.09564210332658E-16));
#1196=DIRECTION('center_axis',(-1.30930173043321E-31,9.34804229523694E-16,
1.));
#1197=DIRECTION('ref_axis',(-0.333576826945215,0.942722918213598,-8.81647696025859E-16));
#1198=DIRECTION('center_axis',(1.30930173043321E-31,-9.34804229523694E-16,
-1.));
#1199=DIRECTION('ref_axis',(-0.333576826945215,0.942722918213598,-8.81261371214991E-16));
#1200=DIRECTION('center_axis',(-1.30930173043321E-31,9.34804229523694E-16,
1.));
#1201=DIRECTION('ref_axis',(0.486781800953083,-0.873523599143648,1.69462778981364E-15));
#1202=DIRECTION('',(-8.09788938876699E-31,9.65627909395484E-16,1.));
#1203=DIRECTION('',(1.30930173043321E-31,-9.34804229523694E-16,-1.));
#1204=DIRECTION('center_axis',(-2.20239364234599E-14,1.,-9.65627909395484E-16));
#1205=DIRECTION('ref_axis',(-1.,-2.20239364234599E-14,2.04573153082209E-29));
#1206=DIRECTION('center_axis',(-1.30930173043321E-31,9.34804229523694E-16,
1.));
#1207=DIRECTION('ref_axis',(-1.83083483162747E-16,1.,-8.9507480657343E-16));
#1208=DIRECTION('',(-1.70209902723993E-16,6.00262607104118E-16,1.));
#1209=DIRECTION('center_axis',(-0.866025403784439,0.5,-4.47537403286715E-16));
#1210=DIRECTION('ref_axis',(-0.5,-0.866025403784439,2.57705931942874E-16));
#1211=DIRECTION('',(-0.5,-0.866025403784439,7.87066381508664E-15));
#1212=DIRECTION('',(1.80222941884211E-14,3.03204543967252E-14,-1.));
#1213=DIRECTION('center_axis',(0.866025403784439,-0.5,4.47537403286715E-16));
#1214=DIRECTION('ref_axis',(-0.35355339059341,-0.612372435696032,-0.707106781186274));
#1215=DIRECTION('',(0.353553390593203,0.612372435695671,-0.70710678118669));
#1216=DIRECTION('center_axis',(-0.866025403784439,0.5,-4.47537403286715E-16));
#1217=DIRECTION('ref_axis',(0.35355339059341,0.612372435696032,0.707106781186273));
#1218=DIRECTION('',(-0.35355339059323,-0.612372435695719,-0.707106781186635));
#1219=DIRECTION('center_axis',(0.866025403784439,-0.5,4.47537403286715E-16));
#1220=DIRECTION('ref_axis',(-0.5,-0.866025403784439,2.57705931942874E-16));
#1221=DIRECTION('',(2.5872579441858E-16,-4.4694858541183E-16,-1.));
#1222=DIRECTION('center_axis',(3.25341267848867E-13,-1.,8.6440722111954E-16));
#1223=DIRECTION('ref_axis',(-1.,-3.25341267848867E-13,1.84184331732208E-32));
#1224=DIRECTION('center_axis',(-1.70058411797956E-12,-1.,9.34804229523727E-16));
#1225=DIRECTION('ref_axis',(-1.,-3.25341267848867E-13,1.84184331732208E-32));
#1226=DIRECTION('',(3.25341267848867E-13,-1.,8.6440722111954E-16));
#1227=DIRECTION('center_axis',(1.22464679914735E-16,-1.,8.9507480657343E-16));
#1228=DIRECTION('ref_axis',(-1.,-3.25341267848867E-13,1.84184331732208E-32));
#1229=DIRECTION('center_axis',(1.22464679914735E-16,-1.,8.9507480657343E-16));
#1230=DIRECTION('ref_axis',(0.,-8.9507480657343E-16,-1.));
#1231=DIRECTION('center_axis',(-1.22464679914735E-16,1.,-8.9507480657343E-16));
#1232=DIRECTION('ref_axis',(-1.,-3.25318136717115E-13,-1.89986153631235E-33));
#1233=DIRECTION('center_axis',(1.22464679914735E-16,-1.,8.9507480657343E-16));
#1234=DIRECTION('ref_axis',(0.,-8.9507480657343E-16,-1.));
#1235=DIRECTION('center_axis',(-1.22464679914735E-16,1.,-8.9507480657343E-16));
#1236=DIRECTION('ref_axis',(-1.,-3.25318136717115E-13,-1.89986153631235E-33));
#1237=DIRECTION('center_axis',(3.25318136717115E-13,-1.,1.04185151870974E-15));
#1238=DIRECTION('ref_axis',(-1.,-3.25318136717115E-13,-1.89986153631235E-33));
#1239=DIRECTION('',(3.25318136717115E-13,-1.,1.04185151870974E-15));
#1240=DIRECTION('center_axis',(3.25318136717115E-13,-1.,1.04185151870974E-15));
#1241=DIRECTION('ref_axis',(-1.,-3.25318136717115E-13,-1.89986153631235E-33));
#1242=DIRECTION('',(3.25318136717115E-13,-1.,1.04185151870974E-15));
#1243=DIRECTION('center_axis',(-1.22464679914735E-16,1.,-8.9507480657343E-16));
#1244=DIRECTION('ref_axis',(-1.,-3.25318136717115E-13,-1.89986153631235E-33));
#1245=DIRECTION('center_axis',(-0.943599982132883,3.28888685881388E-14,
-0.331087713029076));
#1246=DIRECTION('ref_axis',(-0.331087713029076,1.25538672164826E-14,0.943599982132883));
#1247=DIRECTION('',(-0.331087713029076,1.25542118382189E-14,0.943599982132883));
#1248=DIRECTION('',(-3.51826742382733E-14,-1.,9.34804229523727E-16));
#1249=DIRECTION('',(-0.331087713029075,1.25538672164826E-14,0.943599982132883));
#1250=DIRECTION('',(3.51663143050018E-14,1.,-8.88178419700125E-16));
#1251=DIRECTION('center_axis',(0.943599982132881,-3.34769985116193E-14,
-0.33108771302908));
#1252=DIRECTION('ref_axis',(-0.33108771302908,1.07315342603776E-14,-0.943599982132881));
#1253=DIRECTION('',(-0.33108771302908,1.07318788821139E-14,-0.943599982132881));
#1254=DIRECTION('',(3.51663143050018E-14,1.,-8.88178419700125E-16));
#1255=DIRECTION('',(-0.33108771302908,1.07315342603776E-14,-0.943599982132881));
#1256=DIRECTION('',(3.51499543717304E-14,1.,-9.34804229523727E-16));
#1257=DIRECTION('center_axis',(2.22044604925034E-15,8.88178419700047E-16,
1.));
#1258=DIRECTION('ref_axis',(1.,-3.51650039559384E-14,-2.22044604925031E-15));
#1259=DIRECTION('',(1.,-3.51660448333939E-14,-2.22044604925031E-15));
#1260=DIRECTION('',(1.,-3.51650039559384E-14,-2.22044604925031E-15));
#1261=DIRECTION('center_axis',(3.51663143050018E-14,1.,-8.88178419700125E-16));
#1262=DIRECTION('ref_axis',(0.,8.88178419700125E-16,1.));
#1263=DIRECTION('',(-1.,3.51663143050018E-14,-3.28736193490765E-29));
#1264=DIRECTION('center_axis',(0.,-9.34804229523727E-16,-1.));
#1265=DIRECTION('ref_axis',(-1.,0.,0.));
#1266=DIRECTION('',(-1.,3.51660448333939E-14,-3.28733674458776E-29));
#1267=DIRECTION('',(9.65411325761481E-15,-1.,9.34804229523727E-16));
#1268=DIRECTION('',(-1.,6.96133334773819E-16,-7.81501996849371E-31));
#1269=DIRECTION('',(2.26300459852736E-13,1.,-9.34804229523694E-16));
#1270=DIRECTION('',(1.,3.25400405682417E-13,-3.04054921909459E-28));
#1271=DIRECTION('',(1.,-1.70058411797956E-12,1.5898439797593E-27));
#1272=DIRECTION('',(-8.80937834756918E-15,1.,-9.34804229523727E-16));
#1273=DIRECTION('',(-1.,3.51660448333939E-14,-3.28733674458776E-29));
#1274=DIRECTION('center_axis',(-1.,-9.65411325761481E-15,9.0247059055191E-30));
#1275=DIRECTION('ref_axis',(-9.65411325761481E-15,1.,-9.34804229523694E-16));
#1276=DIRECTION('',(0.,-9.34804229523694E-16,-1.));
#1277=DIRECTION('',(-9.65411325761481E-15,1.,-9.34804229523694E-16));
#1278=DIRECTION('',(3.83552348821533E-31,8.9507480657343E-16,1.));
#1279=DIRECTION('center_axis',(1.,8.80937834756918E-15,-8.23504413878212E-30));
#1280=DIRECTION('ref_axis',(8.80937834756918E-15,-1.,9.34804229523694E-16));
#1281=DIRECTION('',(8.80937834756918E-15,-1.,9.34804229523694E-16));
#1282=DIRECTION('',(0.,-9.34804229523694E-16,-1.));
#1283=DIRECTION('center_axis',(-1.30930173043321E-31,9.34804229523694E-16,
1.));
#1284=DIRECTION('ref_axis',(-1.83083483162747E-16,1.,-8.9507480657343E-16));
#1285=DIRECTION('center_axis',(-4.41277894619939E-16,1.0653390779669E-15,
1.));
#1286=DIRECTION('ref_axis',(-4.97298755479611E-16,1.,-1.24812236669393E-15));
#1287=DIRECTION('center_axis',(-4.28798192641602E-16,1.03521041219643E-15,
1.));
#1288=DIRECTION('ref_axis',(1.23177482097074E-16,1.,-1.21282443910965E-15));
#1289=DIRECTION('center_axis',(-1.30930173043321E-31,9.34804229523694E-16,
1.));
#1290=DIRECTION('ref_axis',(1.,0.,0.));
#1291=DIRECTION('center_axis',(0.,0.,-1.));
#1292=DIRECTION('ref_axis',(-8.22387425648262E-17,1.,0.));
#1293=DIRECTION('center_axis',(-1.30930173043321E-31,9.34804229523694E-16,
1.));
#1294=DIRECTION('ref_axis',(-1.83083483162747E-16,1.,-8.9507480657343E-16));
#1295=DIRECTION('',(1.30930173043321E-31,-9.34804229523694E-16,-1.));
#1296=DIRECTION('center_axis',(1.30753611190372E-31,-9.34804229523694E-16,
-1.));
#1297=DIRECTION('ref_axis',(1.,0.,1.30753611190372E-31));
#1298=DIRECTION('',(1.,-3.51660448333939E-14,3.30041210570669E-29));
#1299=DIRECTION('center_axis',(1.,-1.22229028766256E-46,1.18027761515E-61));
#1300=DIRECTION('ref_axis',(1.22229028766256E-46,1.,-9.34804229523694E-16));
#1301=DIRECTION('',(0.,9.65627909395484E-16,1.));
#1302=DIRECTION('center_axis',(-3.51660448333939E-14,-1.,9.65627909395484E-16));
#1303=DIRECTION('ref_axis',(1.,-3.51660448333939E-14,3.30041210570669E-29));
#1304=DIRECTION('',(1.30930173043321E-31,-9.34804229523694E-16,-1.));
#1305=DIRECTION('',(1.,-3.51660448333939E-14,3.30042976189198E-29));
#1306=DIRECTION('center_axis',(1.22464679914735E-16,-1.,8.9507480657343E-16));
#1307=DIRECTION('ref_axis',(1.,1.22464679914735E-16,-4.28918890764736E-16));
#1308=DIRECTION('',(-1.,-1.22464679914742E-16,-7.18403899237903E-15));
#1309=DIRECTION('center_axis',(1.70058411797956E-12,1.,-9.34804229523727E-16));
#1310=DIRECTION('ref_axis',(1.,-1.70058411797956E-12,1.5898439797593E-27));
#1311=DIRECTION('center_axis',(-3.25400405682417E-13,1.,-9.34804229523727E-16));
#1312=DIRECTION('ref_axis',(1.,3.25400405682417E-13,-3.04054921909459E-28));
#1313=DIRECTION('',(0.,-9.34804229523727E-16,-1.));
#1314=DIRECTION('center_axis',(-1.,2.26300459852736E-13,-2.11546627013502E-28));
#1315=DIRECTION('ref_axis',(2.26300459852736E-13,1.,-9.34804229523694E-16));
#1316=DIRECTION('center_axis',(-1.30930173043321E-31,9.34804229523694E-16,
1.));
#1317=DIRECTION('ref_axis',(1.,0.,1.30930173043321E-31));
#1318=DIRECTION('center_axis',(-4.65212580350751E-16,1.12312252086937E-15,
1.));
#1319=DIRECTION('ref_axis',(-1.02798428206034E-16,1.,-1.31581988103723E-15));
#1320=DIRECTION('center_axis',(-1.30930173043321E-31,9.34804229523694E-16,
1.));
#1321=DIRECTION('ref_axis',(-1.83083483162747E-16,1.,-8.9507480657343E-16));
#1322=DIRECTION('center_axis',(-4.65212580350748E-16,1.12312252086936E-15,
1.));
#1323=DIRECTION('ref_axis',(6.16790569236198E-17,1.,-1.31581988103722E-15));
#1324=DIRECTION('center_axis',(-1.30930173043321E-31,9.34804229523694E-16,
1.));
#1325=DIRECTION('ref_axis',(1.,0.,0.));
#1326=DIRECTION('center_axis',(-4.4127789462003E-16,1.06533907796712E-15,
1.));
#1327=DIRECTION('ref_axis',(-4.97298755479714E-16,1.,-1.24812236669418E-15));
#1328=DIRECTION('center_axis',(1.30930173043321E-31,-9.34804229523694E-16,
-1.));
#1329=DIRECTION('ref_axis',(-1.83083483162747E-16,1.,-8.9507480657343E-16));
#1330=DIRECTION('center_axis',(-4.28798192641657E-16,1.03521041219656E-15,
1.));
#1331=DIRECTION('ref_axis',(-1.80028627680362E-16,1.,-1.21282443910981E-15));
#1332=DIRECTION('center_axis',(-1.30930173043321E-31,9.34804229523694E-16,
1.));
#1333=DIRECTION('ref_axis',(1.,0.,0.));
#1334=DIRECTION('',(5.91577606949845E-32,-2.08705782317449E-45,1.));
#1335=DIRECTION('',(1.,0.,-5.91577607109145E-32));
#1336=DIRECTION('center_axis',(0.,0.,1.));
#1337=DIRECTION('ref_axis',(1.,0.,0.));
#1338=CARTESIAN_POINT('',(0.,0.,0.));
#1339=CARTESIAN_POINT('',(0.,0.,0.));
#1340=CARTESIAN_POINT('Origin',(9.30000000006579,23.250000000001,-56.0999999999996));
#1341=CARTESIAN_POINT('',(11.3000000000599,30.9999999999966,-56.0999999999997));
#1342=CARTESIAN_POINT('',(9.30000000005985,30.9999999999959,-54.0999999999996));
#1343=CARTESIAN_POINT('Origin',(9.30000000005985,31.000000000007,-56.0999999999997));
#1344=CARTESIAN_POINT('',(9.30000000007211,15.0000000000135,-54.0999999999996));
#1345=CARTESIAN_POINT('',(9.30000000006579,23.250000000001,-54.0999999999996));
#1346=CARTESIAN_POINT('',(11.3000000000721,15.0000000000101,-56.0999999999996));
#1347=CARTESIAN_POINT('Origin',(9.30000000007211,15.0000000000086,-56.0999999999996));
#1348=CARTESIAN_POINT('',(11.3000000000658,23.2500000000025,-56.0999999999996));
#1349=CARTESIAN_POINT('Origin',(11.3000000000599,30.9999999999966,-54.0999999999996));
#1350=CARTESIAN_POINT('',(11.3000000000721,15.0000000000101,-60.9999999999996));
#1351=CARTESIAN_POINT('',(11.3000000000721,15.0000000000101,-54.0999999999996));
#1352=CARTESIAN_POINT('',(11.3000000000599,30.9999999999965,-60.9999999999997));
#1353=CARTESIAN_POINT('',(11.3000000000599,30.9999999999965,-60.9999999999997));
#1354=CARTESIAN_POINT('',(11.3000000000599,30.9999999999966,-54.0999999999996));
#1355=CARTESIAN_POINT('Origin',(17.3000000000257,15.2499999999754,-56.0999999999996));
#1356=CARTESIAN_POINT('',(19.3000000000252,14.9999999999965,-56.0999999999996));
#1357=CARTESIAN_POINT('',(17.3000000000252,14.9999999999999,-54.0999999999996));
#1358=CARTESIAN_POINT('Origin',(17.3000000000252,14.9999999999971,-56.0999999999996));
#1359=CARTESIAN_POINT('',(17.2999999999927,-3.23651308210428E-14,-54.0999999999996));
#1360=CARTESIAN_POINT('',(17.3000000000257,15.2499999999754,-54.0999999999996));
#1361=CARTESIAN_POINT('',(19.2999999999927,-3.47392109232607E-12,-56.0999999999996));
#1362=CARTESIAN_POINT('Origin',(17.2999999999927,-7.31326110781083E-11,
-56.0999999999996));
#1363=CARTESIAN_POINT('',(19.3000000000257,15.249999999971,-56.0999999999996));
#1364=CARTESIAN_POINT('Origin',(19.3000000000252,14.9999999999965,-54.0999999999996));
#1365=CARTESIAN_POINT('',(19.2999999999927,-3.47850163305073E-12,-60.9999999999996));
#1366=CARTESIAN_POINT('',(19.2999999999927,-3.47205148386702E-12,-54.0999999999996));
#1367=CARTESIAN_POINT('',(19.3000000000252,14.9999999999965,-60.9999999999996));
#1368=CARTESIAN_POINT('',(19.2999999999927,-3.47850163305073E-12,-60.9999999999996));
#1369=CARTESIAN_POINT('',(19.3000000000252,14.9999999999965,-54.0999999999996));
#1370=CARTESIAN_POINT('Origin',(-16.4500000000054,-1.51267887105178E-14,
-47.82867965644));
#1371=CARTESIAN_POINT('',(9.29999999999271,-1.2718182359049E-12,-54.0999999999996));
#1372=CARTESIAN_POINT('',(3.59999999999269,-2.28281041346415E-14,-54.0999999999996));
#1373=CARTESIAN_POINT('',(8.79999999999271,-1.16477863670831E-12,-53.5999999999996));
#1374=CARTESIAN_POINT('Origin',(8.79999999999271,-1.82620173285798E-14,
-54.0999999999996));
#1375=CARTESIAN_POINT('',(8.29999999999271,-1.05493075837289E-12,-53.5999999999996));
#1376=CARTESIAN_POINT('',(3.59999999999269,-2.23607020198796E-14,-53.5999999999996));
#1377=CARTESIAN_POINT('',(7.79999999999271,-9.47078001202045E-13,-54.0999999999996));
#1378=CARTESIAN_POINT('Origin',(8.29999999999271,-1.83232496685371E-14,
-54.0999999999996));
#1379=CARTESIAN_POINT('',(3.59999999999269,-2.28281041346415E-14,-54.0999999999996));
#1380=CARTESIAN_POINT('',(3.59999999999269,-2.28281041346415E-14,-54.0999999999996));
#1381=CARTESIAN_POINT('',(3.59999999999269,-2.92782533183552E-14,-60.9999999999996));
#1382=CARTESIAN_POINT('',(3.59999999999269,-1.52655665885959E-14,-50.9643398282198));
#1383=CARTESIAN_POINT('',(3.59999999999269,-2.92782533183552E-14,-60.9999999999996));
#1384=CARTESIAN_POINT('',(17.8499999999927,1.1137392735008E-11,-57.5499999999996));
#1385=CARTESIAN_POINT('Origin',(16.7999999999927,1.0795808691455E-11,-57.5499999999996));
#1386=CARTESIAN_POINT('Origin',(-1.20000000000731,-1.94866641277271E-14,
-54.0999999999996));
#1387=CARTESIAN_POINT('',(-10.6387499172366,4.60000000000048,-54.0999999999996));
#1388=CARTESIAN_POINT('',(-10.0791891521763,4.60000000000046,-53.5999999999996));
#1389=CARTESIAN_POINT('Ctrl Pts',(-10.6387499172366,4.60000000000048,-54.0999999999996));
#1390=CARTESIAN_POINT('Ctrl Pts',(-10.6387499172366,4.60000000000048,-54.0404562404858));
#1391=CARTESIAN_POINT('Ctrl Pts',(-10.6237435345434,4.60000000000048,-53.9705973121645));
#1392=CARTESIAN_POINT('Ctrl Pts',(-10.5743885897876,4.60000000000048,-53.8585131987213));
#1393=CARTESIAN_POINT('Ctrl Pts',(-10.5301062940232,4.60000000000047,-53.7973498253395));
#1394=CARTESIAN_POINT('Ctrl Pts',(-10.4349327964081,4.60000000000047,-53.7082193042957));
#1395=CARTESIAN_POINT('Ctrl Pts',(-10.3659544544552,4.60000000000047,-53.6658332991665));
#1396=CARTESIAN_POINT('Ctrl Pts',(-10.2360077236766,4.60000000000046,-53.615428230193));
#1397=CARTESIAN_POINT('Ctrl Pts',(-10.1511023001633,4.60000000000046,-53.5999999999996));
#1398=CARTESIAN_POINT('Ctrl Pts',(-10.0791891521763,4.60000000000046,-53.5999999999996));
#1399=CARTESIAN_POINT('Origin',(-1.20000000000731,-1.90192620129653E-14,
-53.5999999999996));
#1400=CARTESIAN_POINT('Origin',(-1.20000000000731,-1.94866641277271E-14,
-54.0999999999996));
#1401=CARTESIAN_POINT('Origin',(-4.24999999997365,15.4999999999965,-53.5999999999996));
#1402=CARTESIAN_POINT('',(-9.51203946093361,4.60000000000044,-53.5999999999996));
#1403=CARTESIAN_POINT('',(3.59999999999265,4.59999999999998,-53.5999999999996));
#1404=CARTESIAN_POINT('Origin',(-1.20000000000731,-1.90192620129653E-14,
-53.5999999999996));
#1405=CARTESIAN_POINT('Origin',(-1.20000000000731,-1.94866641277271E-14,
-54.0999999999996));
#1406=CARTESIAN_POINT('',(-8.93563184233254,4.60000000000042,-54.0999999999996));
#1407=CARTESIAN_POINT('Ctrl Pts',(-9.5120394609336,4.60000000000044,-53.5999999999996));
#1408=CARTESIAN_POINT('Ctrl Pts',(-9.43820390037204,4.60000000000044,-53.5999999999996));
#1409=CARTESIAN_POINT('Ctrl Pts',(-9.3510101539811,4.60000000000043,-53.6157379857432));
#1410=CARTESIAN_POINT('Ctrl Pts',(-9.2170802761276,4.60000000000043,-53.6667199449017));
#1411=CARTESIAN_POINT('Ctrl Pts',(-9.1455796648541,4.60000000000043,-53.7095818318931));
#1412=CARTESIAN_POINT('Ctrl Pts',(-9.04727801038113,4.60000000000042,-53.7993883635843));
#1413=CARTESIAN_POINT('Ctrl Pts',(-9.0014937373411,4.60000000000042,-53.8605679056738));
#1414=CARTESIAN_POINT('Ctrl Pts',(-8.95098755591983,4.60000000000042,-53.9722084271413));
#1415=CARTESIAN_POINT('Ctrl Pts',(-8.93563184233254,4.60000000000042,-54.0411449442332));
#1416=CARTESIAN_POINT('Ctrl Pts',(-8.93563184233254,4.60000000000042,-54.0999999999996));
#1417=CARTESIAN_POINT('Origin',(-1.20000000000731,-1.94866641277271E-14,
-54.0999999999996));
#1418=CARTESIAN_POINT('Origin',(-20.8000000000071,23.9999999999873,-56.0999999999997));
#1419=CARTESIAN_POINT('',(-20.8000000000083,16.9999999999873,-54.0999999999996));
#1420=CARTESIAN_POINT('',(-13.8000000000071,23.9999999999857,-54.0999999999996));
#1421=CARTESIAN_POINT('Origin',(-20.8000000000071,23.9999999999873,-54.0999999999996));
#1422=CARTESIAN_POINT('',(-15.8000000000071,23.9999999999861,-56.0999999999997));
#1423=CARTESIAN_POINT('Origin',(-13.8000000000071,23.9999999999857,-56.0999999999997));
#1424=CARTESIAN_POINT('',(-20.800000000008,18.9999999999872,-56.0999999999996));
#1425=CARTESIAN_POINT('Origin',(-20.8000000000071,23.9999999999873,-56.0999999999997));
#1426=CARTESIAN_POINT('Origin',(-20.8000000000083,16.9999999999872,-56.0999999999996));
#1427=CARTESIAN_POINT('Origin',(-16.0249999999989,16.9999999999864,-56.0999999999996));
#1428=CARTESIAN_POINT('',(-23.9225022686169,18.999999999989,-56.0999999999996));
#1429=CARTESIAN_POINT('',(-26.6774977314081,18.9999999999895,-56.0999999999996));
#1430=CARTESIAN_POINT('Ctrl Pts',(-23.9225022686169,18.9999999999878,-56.0999999999996));
#1431=CARTESIAN_POINT('Ctrl Pts',(-24.0430948766061,18.9999999999878,-55.9854372110836));
#1432=CARTESIAN_POINT('Ctrl Pts',(-24.1791377125175,18.9901401628543,-55.8851235573098));
#1433=CARTESIAN_POINT('Ctrl Pts',(-24.6233676657297,18.9529776585344,-55.6373086227451));
#1434=CARTESIAN_POINT('Ctrl Pts',(-24.9667635014557,18.9228884522909,-55.5499999999996));
#1435=CARTESIAN_POINT('Ctrl Pts',(-25.6332364985692,18.922888452291,-55.5499999999996));
#1436=CARTESIAN_POINT('Ctrl Pts',(-25.9766323342953,18.9529776585347,-55.6373086227451));
#1437=CARTESIAN_POINT('Ctrl Pts',(-26.4208622875075,18.9901401628547,-55.8851235573098));
#1438=CARTESIAN_POINT('Ctrl Pts',(-26.5569051234189,18.9999999999883,-55.9854372110836));
#1439=CARTESIAN_POINT('Ctrl Pts',(-26.6774977314081,18.9999999999883,-56.0999999999996));
#1440=CARTESIAN_POINT('',(-27.8000000000068,18.9999999999885,-56.0999999999996));
#1441=CARTESIAN_POINT('',(-16.0249999999985,18.9999999999864,-56.0999999999996));
#1442=CARTESIAN_POINT('',(-27.8000000000068,16.9999999999885,-54.0999999999996));
#1443=CARTESIAN_POINT('Origin',(-27.8000000000034,16.9999999999885,-56.0999999999996));
#1444=CARTESIAN_POINT('',(-16.0249999999989,16.9999999999864,-54.0999999999996));
#1445=CARTESIAN_POINT('',(-16.0249999999985,18.9999999999864,-56.0999999999996));
#1446=CARTESIAN_POINT('Origin',(-13.8000000000086,17.2499999999923,-56.0999999999996));
#1447=CARTESIAN_POINT('',(-13.8000000000055,30.9999999999884,-54.0999999999996));
#1448=CARTESIAN_POINT('',(-15.8000000000055,30.9999999999877,-56.0999999999997));
#1449=CARTESIAN_POINT('Origin',(-13.8000000000055,30.9999999999873,-56.0999999999997));
#1450=CARTESIAN_POINT('',(-15.8000000000086,17.2499999999928,-56.0999999999996));
#1451=CARTESIAN_POINT('',(-13.8000000000086,17.2499999999923,-54.0999999999996));
#1452=CARTESIAN_POINT('Origin',(-20.8000000000071,23.9999999999873,-54.0999999999996));
#1453=CARTESIAN_POINT('',(-15.8000000000071,23.9999999999861,-60.9999999999996));
#1454=CARTESIAN_POINT('',(-20.800000000008,18.9999999999872,-60.9999999999996));
#1455=CARTESIAN_POINT('Origin',(-20.8000000000071,23.9999999999872,-60.9999999999997));
#1456=CARTESIAN_POINT('',(-20.800000000008,18.9999999999872,-54.0999999999996));
#1457=CARTESIAN_POINT('',(-15.8000000000071,23.9999999999861,-54.0999999999996));
#1458=CARTESIAN_POINT('Origin',(-27.8000000000063,5.01376717920721E-12,
-54.0999999999996));
#1459=CARTESIAN_POINT('',(-27.8000000000068,18.9999999999885,-60.9999999999996));
#1460=CARTESIAN_POINT('',(-27.8000000000068,18.9999999999885,-54.0999999999996));
#1461=CARTESIAN_POINT('',(-27.8000000000063,5.00430036974322E-12,-60.9999999999996));
#1462=CARTESIAN_POINT('',(-27.8000000000072,30.9999999999838,-60.9999999999997));
#1463=CARTESIAN_POINT('',(-27.8000000000063,5.02286204283194E-12,-41.5573593128804));
#1464=CARTESIAN_POINT('',(-27.8000000000063,5.01075051892694E-12,-54.0999999999996));
#1465=CARTESIAN_POINT('',(-27.8000000000064,4.60000000000044,-41.5573593128804));
#1466=CARTESIAN_POINT('',(-27.8000000000064,4.57500000000031,-41.5573593128804));
#1467=CARTESIAN_POINT('',(-27.8000000000065,6.10000000000044,-43.0573593128804));
#1468=CARTESIAN_POINT('Origin',(-27.8000000000064,4.60000000000044,-43.0573593128804));
#1469=CARTESIAN_POINT('',(-27.8000000000065,6.10000000000043,-54.0999999999996));
#1470=CARTESIAN_POINT('',(-27.8000000000065,6.10000000000043,-54.0999999999996));
#1471=CARTESIAN_POINT('',(-27.8000000000072,30.9999999999838,-54.0999999999996));
#1472=CARTESIAN_POINT('Origin',(-4.24999999999082,15.4999999999965,-54.0999999999996));
#1473=CARTESIAN_POINT('',(11.3000000000599,30.9999999999966,-54.0999999999996));
#1474=CARTESIAN_POINT('',(-20.7599079752504,6.10000000000058,-54.0999999999996));
#1475=CARTESIAN_POINT('',(-9.87499999999898,6.10000000000082,-54.0999999999996));
#1476=CARTESIAN_POINT('',(-15.6573232860567,8.94347826087,-54.0999999999996));
#1477=CARTESIAN_POINT('Origin',(-20.7599079752506,12.1000000000006,-54.0999999999996));
#1478=CARTESIAN_POINT('',(7.29999999999269,14.7224318643354,-54.0999999999996));
#1479=CARTESIAN_POINT('Origin',(-1.20000000000732,-1.99840144432528E-14,
-54.0999999999996));
#1480=CARTESIAN_POINT('',(5.5499999999927,11.6913429510899,-54.0999999999996));
#1481=CARTESIAN_POINT('',(5.54999999999269,11.6913429510899,-54.0999999999996));
#1482=CARTESIAN_POINT('',(-13.8921235417947,4.60000000000059,-54.0999999999996));
#1483=CARTESIAN_POINT('Origin',(-1.20000000000731,-1.88737914186277E-14,
-54.0999999999996));
#1484=CARTESIAN_POINT('',(-10.6249999999993,4.60000000000048,-54.0999999999996));
#1485=CARTESIAN_POINT('',(11.3000000000721,15.0000000000101,-54.0999999999996));
#1486=CARTESIAN_POINT('Origin',(-25.3000000000164,30.9999999999846,-57.5499999999996));
#1487=CARTESIAN_POINT('',(-23.3000000000125,18.9999999999899,-57.5499999999996));
#1488=CARTESIAN_POINT('Origin',(-25.3000000000125,18.9999999999893,-57.5499999999996));
#1489=CARTESIAN_POINT('',(-23.3000000000086,6.99999999999378,-57.5499999999996));
#1490=CARTESIAN_POINT('',(-23.3000000000164,30.9999999999853,-57.5499999999996));
#1491=CARTESIAN_POINT('Origin',(-25.3000000000086,6.99999999999313,-57.5499999999996));
#1492=CARTESIAN_POINT('Origin',(-25.3000000000125,18.9999999999893,-57.5499999999996));
#1493=CARTESIAN_POINT('Origin',(-27.8000000000068,18.9999999999885,-54.0999999999996));
#1494=CARTESIAN_POINT('',(-15.8000000000082,18.9999999999864,-60.9999999999996));
#1495=CARTESIAN_POINT('Ctrl Pts',(-13.9564617229921,7.89130434782647,-41.5573593128804));
#1496=CARTESIAN_POINT('Ctrl Pts',(-14.3359593062161,7.27783841355464,-41.5573593128804));
#1497=CARTESIAN_POINT('Ctrl Pts',(-15.3304529493128,6.19073591130371,-41.5573593128804));
#1498=CARTESIAN_POINT('Ctrl Pts',(-17.7206053842466,4.86972371367204,-41.5573593128804));
#1499=CARTESIAN_POINT('Ctrl Pts',(-19.6778694115125,4.60000000000062,-41.5573593128804));
#1500=CARTESIAN_POINT('Ctrl Pts',(-20.7599079752504,4.60000000000059,-41.5573593128804));
#1501=CARTESIAN_POINT('Ctrl Pts',(-14.1855456744402,8.03301850190279,-41.5573593128804));
#1502=CARTESIAN_POINT('Ctrl Pts',(-14.5470577598255,7.44862650834292,-41.5573593128804));
#1503=CARTESIAN_POINT('Ctrl Pts',(-15.4885009208455,6.4005747429913,-41.557385086276));
#1504=CARTESIAN_POINT('Ctrl Pts',(-17.7840449451683,5.08827487643742,-41.5573499446496));
#1505=CARTESIAN_POINT('Ctrl Pts',(-19.695469329301,4.80203050891106,-41.5573593128804));
#1506=CARTESIAN_POINT('Ctrl Pts',(-20.7599079752504,4.80203050891104,-41.5573593128804));
#1507=CARTESIAN_POINT('Ctrl Pts',(-14.6878215172105,8.34373252495511,-41.6698051635875));
#1508=CARTESIAN_POINT('Ctrl Pts',(-15.0116522538228,7.82025323506315,-41.6698051635875));
#1509=CARTESIAN_POINT('Ctrl Pts',(-15.8435610283322,6.85583307804198,-41.6651923483064));
#1510=CARTESIAN_POINT('Ctrl Pts',(-17.9307305412988,5.56698034796925,-41.6503428126604));
#1511=CARTESIAN_POINT('Ctrl Pts',(-19.7392008304835,5.2449905830972,-41.6416937009107));
#1512=CARTESIAN_POINT('Ctrl Pts',(-20.7599079752504,5.24499058309717,-41.6416937009107));
#1513=CARTESIAN_POINT('Ctrl Pts',(-15.292228663271,8.71762623021128,-42.2244378423263));
#1514=CARTESIAN_POINT('Ctrl Pts',(-15.5793035231376,8.2535635987241,-42.2244378423263));
#1515=CARTESIAN_POINT('Ctrl Pts',(-16.2989477102506,7.37863806834844,-42.1983498797627));
#1516=CARTESIAN_POINT('Ctrl Pts',(-18.1422955864301,6.13247621094722,-42.1100711590559));
#1517=CARTESIAN_POINT('Ctrl Pts',(-19.8094556254235,5.77802086538385,-42.0576682099648));
#1518=CARTESIAN_POINT('Ctrl Pts',(-20.7599079752504,5.77802086538383,-42.0576682099648));
#1519=CARTESIAN_POINT('Ctrl Pts',(-15.6043993986444,8.91073889223394,-42.9245682532103));
#1520=CARTESIAN_POINT('Ctrl Pts',(-15.8806639950179,8.46415128216097,-42.9245682532103));
#1521=CARTESIAN_POINT('Ctrl Pts',(-16.5605157926318,7.62323181223567,-42.8703745598504));
#1522=CARTESIAN_POINT('Ctrl Pts',(-18.2844445199849,6.41245650906946,-42.6892665062487));
#1523=CARTESIAN_POINT('Ctrl Pts',(-19.8633338460674,6.05332610669714,-42.5827660181278));
#1524=CARTESIAN_POINT('Ctrl Pts',(-20.7599079752504,6.05332610669712,-42.5827660181278));
#1525=CARTESIAN_POINT('Ctrl Pts',(-15.6573232860567,8.94347826087,-43.3553288039699));
#1526=CARTESIAN_POINT('Ctrl Pts',(-15.9379275331406,8.4898755129012,-43.3553288039699));
#1527=CARTESIAN_POINT('Ctrl Pts',(-16.6245410142072,7.64545181383415,-43.282661750202));
#1528=CARTESIAN_POINT('Ctrl Pts',(-18.3332318484591,6.45061975145202,-43.0443038595736));
#1529=CARTESIAN_POINT('Ctrl Pts',(-19.8857029346455,6.10000000000062,-42.9058364311975));
#1530=CARTESIAN_POINT('Ctrl Pts',(-20.7599079752504,6.1000000000006,-42.9058364311975));
#1531=CARTESIAN_POINT('Ctrl Pts',(-15.6573232860567,8.94347826087,-43.5573593128804));
#1532=CARTESIAN_POINT('Ctrl Pts',(-15.9419464734747,8.48337881016612,-43.5573593128804));
#1533=CARTESIAN_POINT('Ctrl Pts',(-16.6373440790038,7.63300254664948,-43.4757266598191));
#1534=CARTESIAN_POINT('Ctrl Pts',(-18.3492991930375,6.44465212281474,-43.2104205373702));
#1535=CARTESIAN_POINT('Ctrl Pts',(-19.8942771242601,6.10000000000062,-43.0573593128804));
#1536=CARTESIAN_POINT('Ctrl Pts',(-20.7599079752504,6.1000000000006,-43.0573593128804));
#1537=CARTESIAN_POINT('',(-20.7599079752504,6.10000000000059,-43.0573593128804));
#1538=CARTESIAN_POINT('',(-15.6573232860567,8.94347826087001,-43.5573593128804));
#1539=CARTESIAN_POINT('Ctrl Pts',(-15.6573232860567,8.94347826087,-43.5573593128804));
#1540=CARTESIAN_POINT('Ctrl Pts',(-15.9419464734747,8.48337881016612,-43.5573593128804));
#1541=CARTESIAN_POINT('Ctrl Pts',(-16.6373440790038,7.63300254664948,-43.4757266598191));
#1542=CARTESIAN_POINT('Ctrl Pts',(-18.3492991930375,6.44465212281474,-43.2104205373702));
#1543=CARTESIAN_POINT('Ctrl Pts',(-19.8942771242601,6.10000000000062,-43.0573593128804));
#1544=CARTESIAN_POINT('Ctrl Pts',(-20.7599079752504,6.1000000000006,-43.0573593128804));
#1545=CARTESIAN_POINT('',(-20.7599079752504,4.6000000000006,-41.5573593128804));
#1546=CARTESIAN_POINT('Origin',(-20.7599079752504,4.60000000000059,-43.0573593128804));
#1547=CARTESIAN_POINT('',(-13.9564617229921,7.89130434782647,-41.5573593128804));
#1548=CARTESIAN_POINT('Ctrl Pts',(-20.7599079752504,4.60000000000059,-41.5573593128804));
#1549=CARTESIAN_POINT('Ctrl Pts',(-19.6778694115125,4.60000000000062,-41.5573593128804));
#1550=CARTESIAN_POINT('Ctrl Pts',(-17.7206053842466,4.86972371367204,-41.5573593128804));
#1551=CARTESIAN_POINT('Ctrl Pts',(-15.3304529493128,6.19073591130371,-41.5573593128804));
#1552=CARTESIAN_POINT('Ctrl Pts',(-14.3359593062161,7.27783841355464,-41.5573593128804));
#1553=CARTESIAN_POINT('Ctrl Pts',(-13.9564617229921,7.89130434782647,-41.5573593128804));
#1554=CARTESIAN_POINT('Origin',(-13.9564617229921,7.89130434782647,-43.5573593128804));
#1555=CARTESIAN_POINT('Origin',(-8.35000000000721,4.60000000000087,-43.0573593128804));
#1556=CARTESIAN_POINT('',(-8.35000000000721,4.60000000000087,-41.5573593128804));
#1557=CARTESIAN_POINT('',(-8.35000000000725,6.10000000000087,-43.0573593128804));
#1558=CARTESIAN_POINT('Origin',(-1.20000000000731,-9.34941628944604E-15,
-43.5573593128804));
#1559=CARTESIAN_POINT('',(6.29999999999269,12.9903810567666,-41.5573593128804));
#1560=CARTESIAN_POINT('',(7.29999999999269,14.7224318643355,-43.5573593128804));
#1561=CARTESIAN_POINT('Origin',(6.29999999999269,12.9903810567666,-43.5573593128804));
#1562=CARTESIAN_POINT('Origin',(-1.20000000000731,-9.34941628944604E-15,
-43.5573593128804));
#1563=CARTESIAN_POINT('Origin',(-1.20000000000731,-7.47980783039865E-15,
-41.5573593128804));
#1564=CARTESIAN_POINT('Origin',(-20.7599079752506,12.1000000000006,-47.82867965644));
#1565=CARTESIAN_POINT('',(-20.7599079752504,6.10000000000059,-47.82867965644));
#1566=CARTESIAN_POINT('',(-15.6573232860567,8.94347826087,-47.82867965644));
#1567=CARTESIAN_POINT('Origin',(-15.5000000000073,6.1000000000007,-54.0999999999996));
#1568=CARTESIAN_POINT('Origin',(-1.20000000000731,-1.33422646122562E-14,
-47.82867965644));
#1569=CARTESIAN_POINT('',(7.29999999999269,14.7224318643354,-54.0999999999996));
#1570=CARTESIAN_POINT('Origin',(6.42499999999172,13.206887407711,-47.82867965644));
#1571=CARTESIAN_POINT('',(5.54999999999266,11.6913429510899,-41.5573593128804));
#1572=CARTESIAN_POINT('',(7.29999999999269,14.7224318643355,-41.5573593128804));
#1573=CARTESIAN_POINT('',(5.54999999999269,11.6913429510899,-43.5573593128804));
#1574=CARTESIAN_POINT('',(5.54999999999269,11.6913429510899,-43.5573593128804));
#1575=CARTESIAN_POINT('',(5.91611652350779,12.3254753713086,-45.3251262658488));
#1576=CARTESIAN_POINT('Origin',(6.79999999999269,13.856406460551,-43.5573593128804));
#1577=CARTESIAN_POINT('',(6.12322330469485,12.6841948389166,-45.7393398282231));
#1578=CARTESIAN_POINT('',(5.91611652350779,12.3254753713086,-45.3251262658488));
#1579=CARTESIAN_POINT('',(6.12322330469579,12.6841948389182,-47.8606601717783));
#1580=CARTESIAN_POINT('Origin',(5.59289321880614,11.765636185375,-46.7999999999997));
#1581=CARTESIAN_POINT('',(5.91611652350926,12.3254753713111,-48.2748737341531));
#1582=CARTESIAN_POINT('',(5.91611652350887,12.3254753713104,-48.2748737341523));
#1583=CARTESIAN_POINT('',(5.54999999999269,11.6913429510899,-50.0426406871189));
#1584=CARTESIAN_POINT('Origin',(6.79999999999269,13.856406460551,-50.0426406871189));
#1585=CARTESIAN_POINT('',(5.54999999999269,11.6913429510899,-53.5999999999996));
#1586=CARTESIAN_POINT('Origin',(16.7999999999826,30.9999999999983,-57.5499999999996));
#1587=CARTESIAN_POINT('',(18.7999999999878,15.0000000000126,-57.5499999999996));
#1588=CARTESIAN_POINT('Origin',(16.7999999999878,15.0000000000119,-57.5499999999996));
#1589=CARTESIAN_POINT('',(18.7999999999904,7.00000000000748,-57.5499999999996));
#1590=CARTESIAN_POINT('',(18.7999999999826,30.999999999999,-57.5499999999996));
#1591=CARTESIAN_POINT('Origin',(16.7999999999904,7.00000000000683,-57.5499999999996));
#1592=CARTESIAN_POINT('Origin',(-4.25000000000681,6.99999999999998,-57.5499999999996));
#1593=CARTESIAN_POINT('',(17.8499999999904,7.00000000000717,-57.5499999999996));
#1594=CARTESIAN_POINT('Origin',(16.7999999999904,7.00000000000683,-57.5499999999996));
#1595=CARTESIAN_POINT('Origin',(-4.25000000000681,6.99999999999998,-57.5499999999996));
#1596=CARTESIAN_POINT('',(-24.2500000000086,6.99999999999347,-57.5499999999996));
#1597=CARTESIAN_POINT('Origin',(-25.3000000000086,6.99999999999313,-57.5499999999996));
#1598=CARTESIAN_POINT('Origin',(16.7999999999826,30.9999999999983,-57.5499999999996));
#1599=CARTESIAN_POINT('',(17.8499999999826,30.9999999999987,-57.5499999999996));
#1600=CARTESIAN_POINT('Origin',(-25.3000000000164,30.9999999999846,-57.5499999999996));
#1601=CARTESIAN_POINT('',(-24.2500000000063,-2.55831849676794E-12,-57.5499999999996));
#1602=CARTESIAN_POINT('',(-24.2500000000164,30.999999999985,-57.5499999999996));
#1603=CARTESIAN_POINT('Origin',(-25.3000000000063,-2.89990254032091E-12,
-57.5499999999996));
#1604=CARTESIAN_POINT('Origin',(-10.7000000000074,4.60000000000047,-60.9999999999996));
#1605=CARTESIAN_POINT('',(-10.7000000000074,4.60000000000047,-60.9999999999996));
#1606=CARTESIAN_POINT('',(-12.7000000000073,4.60000000000055,-55.2999999999996));
#1607=CARTESIAN_POINT('',(-12.123129624562,4.60000000000053,-56.9440805700188));
#1608=CARTESIAN_POINT('',(-10.700000000007,14.6000000000005,-60.9999999999996));
#1609=CARTESIAN_POINT('',(-10.7000000000072,10.0499999999986,-60.9999999999996));
#1610=CARTESIAN_POINT('',(-12.700000000007,14.6000000000005,-55.2999999999996));
#1611=CARTESIAN_POINT('',(-12.700000000007,14.6000000000005,-55.2999999999996));
#1612=CARTESIAN_POINT('',(-12.7000000000073,4.60000000000055,-55.2999999999996));
#1613=CARTESIAN_POINT('Origin',(-0.700000000007334,4.60000000000013,-55.2999999999996));
#1614=CARTESIAN_POINT('',(-0.700000000007334,4.60000000000013,-55.2999999999996));
#1615=CARTESIAN_POINT('',(-2.70000000000733,4.60000000000019,-60.9999999999996));
#1616=CARTESIAN_POINT('',(-1.40594683475658,4.60000000000015,-57.311948479035));
#1617=CARTESIAN_POINT('',(-0.700000000006982,14.6000000000001,-55.2999999999996));
#1618=CARTESIAN_POINT('',(-0.700000000007334,4.60000000000013,-55.2999999999996));
#1619=CARTESIAN_POINT('',(-2.70000000000698,14.6000000000002,-60.9999999999996));
#1620=CARTESIAN_POINT('',(-0.700000000006982,14.6000000000001,-55.2999999999996));
#1621=CARTESIAN_POINT('',(-2.70000000000714,10.0499999999983,-60.9999999999996));
#1622=CARTESIAN_POINT('Origin',(-12.7000000000073,4.60000000000055,-55.2999999999996));
#1623=CARTESIAN_POINT('',(-14.8500000000073,4.60000000000062,-55.2999999999996));
#1624=CARTESIAN_POINT('',(-0.700000000006982,14.6000000000001,-55.2999999999996));
#1625=CARTESIAN_POINT('Origin',(-6.70000000000698,14.6000000000003,-58.1499999999996));
#1626=CARTESIAN_POINT('',(-5.47499999999892,14.6000000000003,-60.9999999999996));
#1627=CARTESIAN_POINT('Origin',(-4.24999999999082,15.4999999999965,-60.9999999999996));
#1628=CARTESIAN_POINT('',(-17.0000000000074,4.60000000000069,-60.9999999999996));
#1629=CARTESIAN_POINT('',(-10.6249999999993,4.60000000000047,-60.9999999999996));
#1630=CARTESIAN_POINT('',(-17.0000000000073,-1.49379066220145E-14,-60.9999999999996));
#1631=CARTESIAN_POINT('',(-17.0000000000074,7.74999999999969,-60.9999999999996));
#1632=CARTESIAN_POINT('',(3.59999999999269,-2.92782533183552E-14,-60.9999999999996));
#1633=CARTESIAN_POINT('',(-15.8000000000055,30.9999999999877,-60.9999999999997));
#1634=CARTESIAN_POINT('',(-15.8000000000055,30.9999999999877,-60.9999999999997));
#1635=CARTESIAN_POINT('',(11.3000000000599,30.9999999999965,-60.9999999999997));
#1636=CARTESIAN_POINT('',(11.3000000000721,15.0000000000101,-60.9999999999996));
#1637=CARTESIAN_POINT('',(3.59999999999265,4.59999999999997,-60.9999999999996));
#1638=CARTESIAN_POINT('',(3.59999999999261,10.0499999999983,-60.9999999999996));
#1639=CARTESIAN_POINT('',(-10.6249999999993,4.60000000000047,-60.9999999999996));
#1640=CARTESIAN_POINT('Origin',(-17.0000000000073,2.96818125633536E-12,
-54.0999999999996));
#1641=CARTESIAN_POINT('',(-17.0000000000074,4.60000000000071,-41.5573593128804));
#1642=CARTESIAN_POINT('',(-17.0000000000074,4.6000000000007,-54.0999999999996));
#1643=CARTESIAN_POINT('',(-17.0000000000073,-9.70627172765057E-15,-41.5573593128804));
#1644=CARTESIAN_POINT('',(-17.0000000000074,6.75000000000137,-41.5573593128804));
#1645=CARTESIAN_POINT('',(-17.0000000000073,-1.8000794706207E-14,-50.9643398282198));
#1646=CARTESIAN_POINT('Origin',(3.59999999999265,4.59999999999998,-54.0999999999996));
#1647=CARTESIAN_POINT('',(3.59999999999265,4.59999999999998,-54.0999999999996));
#1648=CARTESIAN_POINT('',(3.59999999999261,10.0499999999983,-54.0999999999996));
#1649=CARTESIAN_POINT('',(3.59999999999265,4.59999999999998,-54.0999999999996));
#1650=CARTESIAN_POINT('Origin',(-1.20000000000731,-1.35657644282734E-14,
-48.0677669529653));
#1651=CARTESIAN_POINT('',(-15.1053370431063,4.60000000000064,-47.8606601717783));
#1652=CARTESIAN_POINT('',(-14.6683502146793,4.60000000000062,-48.2748737341531));
#1653=CARTESIAN_POINT('Ctrl Pts',(-15.1053370431063,4.60000000000064,-47.8606601717783));
#1654=CARTESIAN_POINT('Ctrl Pts',(-14.8837097274465,4.60000000000063,-48.071073154831));
#1655=CARTESIAN_POINT('Ctrl Pts',(-14.6683502146777,4.60000000000062,-48.2748737341531));
#1656=CARTESIAN_POINT('Origin',(-1.2000000000073,-1.99840144432528E-14,
-48.274873734153));
#1657=CARTESIAN_POINT('Origin',(-1.20000000000731,-1.55431223447522E-14,
-47.8606601717783));
#1658=CARTESIAN_POINT('Origin',(-1.20000000000731,-1.54118847477355E-14,
-50.0426406871189));
#1659=CARTESIAN_POINT('',(-13.8921235417947,4.6000000000006,-50.0426406871189));
#1660=CARTESIAN_POINT('Ctrl Pts',(-14.6683502146793,4.60000000000062,-48.2748737341531));
#1661=CARTESIAN_POINT('Ctrl Pts',(-14.6620165835533,4.60000000000062,-48.280867421992));
#1662=CARTESIAN_POINT('Ctrl Pts',(-14.6557413444946,4.60000000000062,-48.286866385907));
#1663=CARTESIAN_POINT('Ctrl Pts',(-14.4245246510144,4.60000000000062,-48.5101180055775));
#1664=CARTESIAN_POINT('Ctrl Pts',(-14.2094676763278,4.60000000000061,-48.8177146866885));
#1665=CARTESIAN_POINT('Ctrl Pts',(-13.9664112448573,4.6000000000006,-49.3835568408833));
#1666=CARTESIAN_POINT('Ctrl Pts',(-13.8921235417947,4.6000000000006,-49.7395716526993));
#1667=CARTESIAN_POINT('Ctrl Pts',(-13.8921235417947,4.6000000000006,-50.0426406871189));
#1668=CARTESIAN_POINT('Origin',(-1.20000000000731,-4.21884749357559E-14,
-50.0426406871189));
#1669=CARTESIAN_POINT('Origin',(-1.20000000000731,-1.73083030709246E-14,
-52.0713203435593));
#1670=CARTESIAN_POINT('',(-13.8921235417947,4.60000000000059,-52.0713203435593));
#1671=CARTESIAN_POINT('Origin',(-4.24999999999082,15.4999999999965,-54.0999999999996));
#1672=CARTESIAN_POINT('',(-10.6249999999993,4.60000000000048,-54.0999999999996));
#1673=CARTESIAN_POINT('Origin',(-15.5000000000073,4.60000000000065,-54.0999999999996));
#1674=CARTESIAN_POINT('',(-15.5000000000073,4.60000000000066,-46.3660727704601));
#1675=CARTESIAN_POINT('',(-15.5000000000073,4.60000000000066,-47.2339272295392));
#1676=CARTESIAN_POINT('Ctrl Pts',(-15.5000000000073,4.60000000000066,-46.3660727704601));
#1677=CARTESIAN_POINT('Ctrl Pts',(-15.5000000000073,4.65300669560539,-46.4197842950876));
#1678=CARTESIAN_POINT('Ctrl Pts',(-15.5000000000073,4.69977825037326,-46.4796675837028));
#1679=CARTESIAN_POINT('Ctrl Pts',(-15.5000000000073,4.77563417221184,-46.6152154639744));
#1680=CARTESIAN_POINT('Ctrl Pts',(-15.5000000000073,4.80530461485702,-46.714025874439));
#1681=CARTESIAN_POINT('Ctrl Pts',(-15.5000000000073,4.80530461485701,-46.8859741255604));
#1682=CARTESIAN_POINT('Ctrl Pts',(-15.5000000000073,4.77563417221183,-46.9847845360249));
#1683=CARTESIAN_POINT('Ctrl Pts',(-15.5000000000073,4.69977825037325,-47.1203324162965));
#1684=CARTESIAN_POINT('Ctrl Pts',(-15.5000000000073,4.65300669560539,-47.1802157049118));
#1685=CARTESIAN_POINT('Ctrl Pts',(-15.5000000000073,4.60000000000066,-47.2339272295392));
#1686=CARTESIAN_POINT('',(-15.5000000000073,4.60000000000065,-54.0999999999996));
#1687=CARTESIAN_POINT('Origin',(-17.0000000000074,4.6000000000007,-54.0999999999996));
#1688=CARTESIAN_POINT('Ctrl Pts',(-15.5000000000073,4.60000000000066,-47.2339272295392));
#1689=CARTESIAN_POINT('Ctrl Pts',(-15.4856670202353,4.60000000000066,-47.2790765733169));
#1690=CARTESIAN_POINT('Ctrl Pts',(-15.4693822687961,4.60000000000065,-47.3225757002238));
#1691=CARTESIAN_POINT('Ctrl Pts',(-15.3788261748487,4.60000000000065,-47.535193557817));
#1692=CARTESIAN_POINT('Ctrl Pts',(-15.2512104618751,4.60000000000065,-47.7192835865474));
#1693=CARTESIAN_POINT('Ctrl Pts',(-15.1133022803213,4.60000000000064,-47.8530569699053));
#1694=CARTESIAN_POINT('Ctrl Pts',(-15.1093392401294,4.60000000000064,-47.8568604857479));
#1695=CARTESIAN_POINT('Ctrl Pts',(-15.1053370431043,4.60000000000064,-47.8606601717762));
#1696=CARTESIAN_POINT('',(-15.1053370431043,4.60000000000064,-45.7393398282231));
#1697=CARTESIAN_POINT('Ctrl Pts',(-15.1053370431043,4.60000000000064,-45.7393398282231));
#1698=CARTESIAN_POINT('Ctrl Pts',(-15.1093392401294,4.60000000000064,-45.7431395142514));
#1699=CARTESIAN_POINT('Ctrl Pts',(-15.1133022803213,4.60000000000064,-45.7469430300941));
#1700=CARTESIAN_POINT('Ctrl Pts',(-15.2512104618751,4.60000000000065,-45.8807164134519));
#1701=CARTESIAN_POINT('Ctrl Pts',(-15.3788261748487,4.60000000000065,-46.0648064421823));
#1702=CARTESIAN_POINT('Ctrl Pts',(-15.4693822687962,4.60000000000066,-46.2774242997755));
#1703=CARTESIAN_POINT('Ctrl Pts',(-15.4856670202353,4.60000000000066,-46.3209234266824));
#1704=CARTESIAN_POINT('Ctrl Pts',(-15.5000000000073,4.60000000000066,-46.3660727704601));
#1705=CARTESIAN_POINT('',(-14.6683502146762,4.60000000000063,-45.3251262658488));
#1706=CARTESIAN_POINT('Ctrl Pts',(-14.6683502146762,4.60000000000063,-45.3251262658488));
#1707=CARTESIAN_POINT('Ctrl Pts',(-14.8837097274465,4.60000000000064,-45.5289268451722));
#1708=CARTESIAN_POINT('Ctrl Pts',(-15.1053370431043,4.60000000000064,-45.7393398282231));
#1709=CARTESIAN_POINT('',(-13.8921235417947,4.6000000000006,-43.5573593128804));
#1710=CARTESIAN_POINT('Ctrl Pts',(-13.8921235417906,4.6000000000006,-43.5573593128804));
#1711=CARTESIAN_POINT('Ctrl Pts',(-13.8921235417906,4.6000000000006,-43.8604283473005));
#1712=CARTESIAN_POINT('Ctrl Pts',(-13.9664112448533,4.6000000000006,-44.216443159117));
#1713=CARTESIAN_POINT('Ctrl Pts',(-14.2094676763241,4.60000000000061,-44.7822853133126));
#1714=CARTESIAN_POINT('Ctrl Pts',(-14.4245246510111,4.60000000000062,-45.0898819944242));
#1715=CARTESIAN_POINT('Ctrl Pts',(-14.6557413444916,4.60000000000063,-45.3131336140949));
#1716=CARTESIAN_POINT('Ctrl Pts',(-14.6620165835503,4.60000000000063,-45.3191325780099));
#1717=CARTESIAN_POINT('Ctrl Pts',(-14.6683502146762,4.60000000000063,-45.3251262658488));
#1718=CARTESIAN_POINT('',(-13.8921235417946,4.6000000000006,-41.5573593128804));
#1719=CARTESIAN_POINT('',(-13.8921235417947,4.6000000000006,-42.5573593128804));
#1720=CARTESIAN_POINT('',(-9.10000000000749,4.60000000000044,-41.5573593128804));
#1721=CARTESIAN_POINT('Origin',(-16.4500000000054,-1.51267887105178E-14,
-47.82867965644));
#1722=CARTESIAN_POINT('',(-18.2000000000073,-9.85322934354826E-15,-41.5573593128804));
#1723=CARTESIAN_POINT('Origin',(11.3000000000721,15.0000000000101,-54.0999999999996));
#1724=CARTESIAN_POINT('Origin',(-15.8000000000055,30.9999999999877,-54.0999999999996));
#1725=CARTESIAN_POINT('',(-15.8000000000055,30.9999999999877,-54.0999999999996));
#1726=CARTESIAN_POINT('Origin',(-15.8000000000082,18.9999999999864,-54.0999999999996));
#1727=CARTESIAN_POINT('Origin',(-1.20000000000731,13.4999999999999,-41.5573593128804));
#1728=CARTESIAN_POINT('Origin',(-1.20000000000731,-9.99200722162641E-15,
-41.5573593128804));
#1729=CARTESIAN_POINT('Origin',(-1.20000000000731,-8.41461205992234E-15,
-42.5573593128804));
#1730=CARTESIAN_POINT('Origin',(-1.20000000000731,-8.88178419700125E-15,
-43.5573593128804));
#1731=CARTESIAN_POINT('Origin',(-1.20000000000731,-9.34941628944603E-15,
-43.5573593128803));
#1732=CARTESIAN_POINT('Origin',(-1.2000000000073,-1.33226762955019E-14,
-45.3251262658488));
#1733=CARTESIAN_POINT('Origin',(-1.20000000000731,-1.11955366089099E-14,
-45.5322330470359));
#1734=CARTESIAN_POINT('Origin',(-1.20000000000731,-1.33226762955019E-14,
-45.7393398282231));
#1735=CARTESIAN_POINT('Origin',(-1.20000000000731,-1.23806505185908E-14,
-46.7999999999996));
#1736=CARTESIAN_POINT('',(4.24999999999082,-15.4999999999965,60.9999999999996));
#1737=CARTESIAN_POINT('Origin',(0.,0.,0.));
#1738=UNCERTAINTY_MEASURE_WITH_UNIT(LENGTH_MEASURE(0.01),#1744,
'DISTANCE_ACCURACY_VALUE',
'Maximum model space distance between geometric entities at asserted c
onnectivities');
#1739=UNCERTAINTY_MEASURE_WITH_UNIT(LENGTH_MEASURE(0.01),#1744,
'DISTANCE_ACCURACY_VALUE',
'Maximum model space distance between geometric entities at asserted c
onnectivities');
#1740=UNCERTAINTY_MEASURE_WITH_UNIT(LENGTH_MEASURE(0.01),#1744,
'DISTANCE_ACCURACY_VALUE',
'Maximum model space distance between geometric entities at asserted c
onnectivities');
#1741=(
GEOMETRIC_REPRESENTATION_CONTEXT(3)
GLOBAL_UNCERTAINTY_ASSIGNED_CONTEXT((#1738))
GLOBAL_UNIT_ASSIGNED_CONTEXT((#1744,#1746,#1747))
REPRESENTATION_CONTEXT('','3D')
);
#1742=(
GEOMETRIC_REPRESENTATION_CONTEXT(3)
GLOBAL_UNCERTAINTY_ASSIGNED_CONTEXT((#1739))
GLOBAL_UNIT_ASSIGNED_CONTEXT((#1744,#1746,#1747))
REPRESENTATION_CONTEXT('','3D')
);
#1743=(
GEOMETRIC_REPRESENTATION_CONTEXT(3)
GLOBAL_UNCERTAINTY_ASSIGNED_CONTEXT((#1740))
GLOBAL_UNIT_ASSIGNED_CONTEXT((#1744,#1746,#1747))
REPRESENTATION_CONTEXT('','3D')
);
#1744=(
LENGTH_UNIT()
NAMED_UNIT(*)
SI_UNIT(.MILLI.,.METRE.)
);
#1745=(
LENGTH_UNIT()
NAMED_UNIT(*)
SI_UNIT($,.METRE.)
);
#1746=(
NAMED_UNIT(*)
PLANE_ANGLE_UNIT()
SI_UNIT($,.RADIAN.)
);
#1747=(
NAMED_UNIT(*)
SI_UNIT($,.STERADIAN.)
SOLID_ANGLE_UNIT()
);
#1748=SHAPE_DEFINITION_REPRESENTATION(#1750,#1753);
#1749=SHAPE_DEFINITION_REPRESENTATION(#1751,#1754);
#1750=PRODUCT_DEFINITION_SHAPE('',$,#1756);
#1751=PRODUCT_DEFINITION_SHAPE('',$,#1757);
#1752=PRODUCT_DEFINITION_SHAPE($,$,#17);
#1753=SHAPE_REPRESENTATION('',(#964,#1060),#1741);
#1754=SHAPE_REPRESENTATION('',(#965),#1742);
#1755=PRODUCT_DEFINITION_CONTEXT('part definition',#1763,'design');
#1756=PRODUCT_DEFINITION('2026-09-18-11-51-57-171','PRINT_LAYOUT',#1758,
#1755);
#1757=PRODUCT_DEFINITION('2026-09-18-11-51-57-112','SeatLeft',#1759,#1755);
#1758=PRODUCT_DEFINITION_FORMATION('',$,#1765);
#1759=PRODUCT_DEFINITION_FORMATION('',$,#1766);
#1760=PRODUCT_RELATED_PRODUCT_CATEGORY('PRINT_LAYOUT','PRINT_LAYOUT',(#1765));
#1761=PRODUCT_RELATED_PRODUCT_CATEGORY('SeatLeft','SeatLeft',(#1766));
#1762=APPLICATION_PROTOCOL_DEFINITION('international standard',
'automotive_design',2009,#1763);
#1763=APPLICATION_CONTEXT(
'Core Data for Automotive Mechanical Design Process');
#1764=PRODUCT_CONTEXT('part definition',#1763,'mechanical');
#1765=PRODUCT('2026-09-18-11-51-57-171','PRINT_LAYOUT',$,(#1764));
#1766=PRODUCT('2026-09-18-11-51-57-112','SeatLeft',$,(#1764));
#1767=PRESENTATION_STYLE_ASSIGNMENT((#1771));
#1768=PRESENTATION_STYLE_ASSIGNMENT((#1772));
#1769=PRESENTATION_STYLE_ASSIGNMENT((#1773));
#1770=PRESENTATION_STYLE_ASSIGNMENT((NULL_STYLE(.NULL.)));
#1771=SURFACE_STYLE_USAGE(.BOTH.,#1774);
#1772=SURFACE_STYLE_USAGE(.BOTH.,#1775);
#1773=SURFACE_STYLE_USAGE(.BOTH.,#1776);
#1774=SURFACE_SIDE_STYLE('',(#1777));
#1775=SURFACE_SIDE_STYLE('',(#1778));
#1776=SURFACE_SIDE_STYLE('',(#1779));
#1777=SURFACE_STYLE_FILL_AREA(#1780);
#1778=SURFACE_STYLE_FILL_AREA(#1781);
#1779=SURFACE_STYLE_FILL_AREA(#1782);
#1780=FILL_AREA_STYLE('Plastic - Matte (Black)',(#1783));
#1781=FILL_AREA_STYLE('Steel - Satin',(#1784));
#1782=FILL_AREA_STYLE('Brass - Old',(#1785));
#1783=FILL_AREA_STYLE_COLOUR('Plastic - Matte (Black)',#1786);
#1784=FILL_AREA_STYLE_COLOUR('Steel - Satin',#1787);
#1785=FILL_AREA_STYLE_COLOUR('Brass - Old',#1788);
#1786=COLOUR_RGB('Plastic - Matte (Black)',0.0980392156862745,0.0980392156862745,
0.0980392156862745);
#1787=COLOUR_RGB('Steel - Satin',0.627450980392157,0.627450980392157,0.627450980392157);
#1788=COLOUR_RGB('Brass - Old',0.,0.,0.);
ENDSEC;
END-ISO-10303-21;
