ISO-10303-21;
HEADER;
/* Generated by software containing ST-Developer
 * from STEP Tools, Inc. (www.steptools.com) 
 */

FILE_DESCRIPTION(
/* description */ (''),
/* implementation_level */ '2;1');

FILE_NAME(
/* name */ 'PumpkinCover.step',
/* time_stamp */ '2026-09-30T18:07:03+02:00',
/* author */ (''),
/* organization */ (''),
/* preprocessor_version */ 'ST-DEVELOPER v20.2',
/* originating_system */ 'Autodesk Translation Framework v15.15.0.0',
/* authorisation */ '');

FILE_SCHEMA (('AUTOMOTIVE_DESIGN { 1 0 10303 214 3 1 1 }'));
ENDSEC;

DATA;
#10=MECHANICAL_DESIGN_GEOMETRIC_PRESENTATION_REPRESENTATION('',(#17),#9171);
#11=ITEM_DEFINED_TRANSFORMATION($,$,#3684,#4126);
#12=(
REPRESENTATION_RELATIONSHIP($,$,#9182,#9181)
REPRESENTATION_RELATIONSHIP_WITH_TRANSFORMATION(#11)
SHAPE_REPRESENTATION_RELATIONSHIP()
);
#13=CONTEXT_DEPENDENT_SHAPE_REPRESENTATION(#12,#9180);
#14=NEXT_ASSEMBLY_USAGE_OCCURRENCE('PumpkinCover:1','PumpkinCover:1',
'PumpkinCover:1',#9184,#9185,'PumpkinCover:1');
#15=SHAPE_REPRESENTATION_RELATIONSHIP('SRR','None',#9182,#16);
#16=ADVANCED_BREP_SHAPE_REPRESENTATION('',(#18),#9170);
#17=STYLED_ITEM('',(#9196),#18);
#18=MANIFOLD_SOLID_BREP('Body1',#3670);
#19=(
BOUNDED_CURVE()
B_SPLINE_CURVE(2,(#6041,#6042,#6043),.UNSPECIFIED.,.F.,.F.)
B_SPLINE_CURVE_WITH_KNOTS((3,3),(0.846842893799209,2.20634196874957),
 .UNSPECIFIED.)
CURVE()
GEOMETRIC_REPRESENTATION_ITEM()
RATIONAL_B_SPLINE_CURVE((1.,1.,1.))
REPRESENTATION_ITEM('')
);
#20=(
BOUNDED_CURVE()
B_SPLINE_CURVE(2,(#6047,#6048,#6049),.UNSPECIFIED.,.F.,.F.)
B_SPLINE_CURVE_WITH_KNOTS((3,3),(0.84684289379918,2.42533055689714),
 .UNSPECIFIED.)
CURVE()
GEOMETRIC_REPRESENTATION_ITEM()
RATIONAL_B_SPLINE_CURVE((1.,1.,1.))
REPRESENTATION_ITEM('')
);
#21=(
BOUNDED_CURVE()
B_SPLINE_CURVE(2,(#6122,#6123,#6124),.UNSPECIFIED.,.F.,.F.)
B_SPLINE_CURVE_WITH_KNOTS((3,3),(0.846842893799268,2.42533055689726),
 .UNSPECIFIED.)
CURVE()
GEOMETRIC_REPRESENTATION_ITEM()
RATIONAL_B_SPLINE_CURVE((1.,1.,1.))
REPRESENTATION_ITEM('')
);
#22=(
BOUNDED_CURVE()
B_SPLINE_CURVE(2,(#6128,#6129,#6130),.UNSPECIFIED.,.F.,.F.)
B_SPLINE_CURVE_WITH_KNOTS((3,3),(0.846842893799261,2.20634196874963),
 .UNSPECIFIED.)
CURVE()
GEOMETRIC_REPRESENTATION_ITEM()
RATIONAL_B_SPLINE_CURVE((1.,1.,1.))
REPRESENTATION_ITEM('')
);
#23=CONICAL_SURFACE('',#3781,21.53125,0.174532925199433);
#24=CONICAL_SURFACE('',#3782,3.,0.174532925199433);
#25=CONICAL_SURFACE('',#3784,3.00000000000001,0.174532925199433);
#26=CONICAL_SURFACE('',#3786,87.0256250000798,0.174532925199433);
#27=FACE_BOUND('',#488,.T.);
#28=FACE_BOUND('',#490,.T.);
#29=FACE_BOUND('',#672,.T.);
#30=FACE_BOUND('',#680,.T.);
#31=FACE_BOUND('',#681,.T.);
#32=FACE_BOUND('',#693,.T.);
#33=FACE_BOUND('',#694,.T.);
#34=FACE_BOUND('',#701,.T.);
#35=SPHERICAL_SURFACE('',#3707,35.9560423598402);
#36=SPHERICAL_SURFACE('',#3801,35.9560423598402);
#37=SPHERICAL_SURFACE('',#3804,35.9560423598402);
#38=SPHERICAL_SURFACE('',#3812,35.9560423598402);
#39=SPHERICAL_SURFACE('',#3827,35.9560423598402);
#40=SPHERICAL_SURFACE('',#3830,35.9560423598402);
#41=SPHERICAL_SURFACE('',#3848,35.9560423598402);
#42=SPHERICAL_SURFACE('',#3862,35.9560423598402);
#43=SPHERICAL_SURFACE('',#3868,35.9560423598402);
#44=SPHERICAL_SURFACE('',#3880,35.9560423598402);
#45=SPHERICAL_SURFACE('',#3894,35.9560423598402);
#46=SPHERICAL_SURFACE('',#3903,35.9560423598402);
#47=SPHERICAL_SURFACE('',#3910,35.9560423598402);
#48=SPHERICAL_SURFACE('',#3923,35.9560423598402);
#49=SPHERICAL_SURFACE('',#3937,35.9560423598402);
#50=SPHERICAL_SURFACE('',#3948,35.9560423598402);
#51=SPHERICAL_SURFACE('',#3960,35.9560423598402);
#52=SPHERICAL_SURFACE('',#3973,35.9560423598402);
#53=SPHERICAL_SURFACE('',#3983,35.9560423598402);
#54=SPHERICAL_SURFACE('',#3993,35.9560423598402);
#55=SPHERICAL_SURFACE('',#4005,35.9560423598402);
#56=SPHERICAL_SURFACE('',#4022,35.9560423598402);
#57=SPHERICAL_SURFACE('',#4036,35.9560423598402);
#58=SPHERICAL_SURFACE('',#4048,35.9560423598402);
#59=SPHERICAL_SURFACE('',#4060,35.9560423598402);
#60=SPHERICAL_SURFACE('',#4070,35.9560423598402);
#61=SPHERICAL_SURFACE('',#4079,35.9560423598402);
#62=SPHERICAL_SURFACE('',#4087,35.9560423598402);
#63=SPHERICAL_SURFACE('',#4097,35.9560423598402);
#64=TOROIDAL_SURFACE('',#3699,33.8264265243178,2.06654905579286);
#65=TOROIDAL_SURFACE('',#3701,33.8264265243178,2.06654905579286);
#66=TOROIDAL_SURFACE('',#3704,33.8264265243178,2.06654905579286);
#67=TOROIDAL_SURFACE('',#3762,33.8264265243178,2.06654905579286);
#68=TOROIDAL_SURFACE('',#3766,33.8264265243178,2.06654905579286);
#69=TOROIDAL_SURFACE('',#3769,27.0477939382188,6.1527523520295);
#70=TOROIDAL_SURFACE('',#3796,33.8264265243178,2.06654905579286);
#71=TOROIDAL_SURFACE('',#3807,33.8264265243178,2.06654905579286);
#72=TOROIDAL_SURFACE('',#3810,33.8264265243178,2.06654905579286);
#73=TOROIDAL_SURFACE('',#3816,33.8264265243178,2.06654905579286);
#74=TOROIDAL_SURFACE('',#3819,33.8264265243178,2.06654905579286);
#75=TOROIDAL_SURFACE('',#3821,33.8264265243178,2.06654905579286);
#76=TOROIDAL_SURFACE('',#3824,33.8264265243178,2.06654905579286);
#77=TOROIDAL_SURFACE('',#3834,33.8264265243178,2.06654905579286);
#78=TOROIDAL_SURFACE('',#3836,33.8264265243178,2.06654905579286);
#79=TOROIDAL_SURFACE('',#3839,33.8264265243178,2.06654905579286);
#80=TOROIDAL_SURFACE('',#3841,33.8264265243178,2.06654905579286);
#81=TOROIDAL_SURFACE('',#3843,33.8264265243178,2.06654905579286);
#82=TOROIDAL_SURFACE('',#3846,33.8264265243178,2.06654905579286);
#83=TOROIDAL_SURFACE('',#3851,33.8264265243178,2.06654905579286);
#84=TOROIDAL_SURFACE('',#3854,33.8264265243178,2.06654905579286);
#85=TOROIDAL_SURFACE('',#3857,33.8264265243178,2.06654905579286);
#86=TOROIDAL_SURFACE('',#3859,33.8264265243178,2.06654905579286);
#87=TOROIDAL_SURFACE('',#3865,33.8264265243178,2.06654905579286);
#88=TOROIDAL_SURFACE('',#3871,27.0477939382188,6.1527523520295);
#89=TOROIDAL_SURFACE('',#3872,33.8264265243178,2.06654905579286);
#90=TOROIDAL_SURFACE('',#3877,33.8264265243178,2.06654905579286);
#91=TOROIDAL_SURFACE('',#3884,27.0477939382188,6.1527523520295);
#92=TOROIDAL_SURFACE('',#3885,33.8264265243178,2.06654905579286);
#93=TOROIDAL_SURFACE('',#3888,27.0477939382188,6.1527523520295);
#94=TOROIDAL_SURFACE('',#3891,33.8264265243178,2.06654905579286);
#95=TOROIDAL_SURFACE('',#3896,27.0477939382188,6.1527523520295);
#96=TOROIDAL_SURFACE('',#3898,27.0477939382188,6.1527523520295);
#97=TOROIDAL_SURFACE('',#3900,33.8264265243178,2.06654905579286);
#98=TOROIDAL_SURFACE('',#3905,33.8264265243178,2.06654905579286);
#99=TOROIDAL_SURFACE('',#3908,33.8264265243178,2.06654905579286);
#100=TOROIDAL_SURFACE('',#3914,27.0477939382188,6.1527523520295);
#101=TOROIDAL_SURFACE('',#3915,33.8264265243178,2.06654905579286);
#102=TOROIDAL_SURFACE('',#3920,33.8264265243178,2.06654905579286);
#103=TOROIDAL_SURFACE('',#3927,27.0477939382188,6.1527523520295);
#104=TOROIDAL_SURFACE('',#3928,33.8264265243178,2.06654905579286);
#105=TOROIDAL_SURFACE('',#3934,33.8264265243178,2.06654905579286);
#106=TOROIDAL_SURFACE('',#3941,27.0477939382188,6.1527523520295);
#107=TOROIDAL_SURFACE('',#3942,33.8264265243178,2.06654905579286);
#108=TOROIDAL_SURFACE('',#3946,33.8264265243178,2.06654905579286);
#109=TOROIDAL_SURFACE('',#3952,27.0477939382188,6.1527523520295);
#110=TOROIDAL_SURFACE('',#3953,33.8264265243178,2.06654905579286);
#111=TOROIDAL_SURFACE('',#3957,33.8264265243178,2.06654905579286);
#112=TOROIDAL_SURFACE('',#3964,27.0477939382188,6.1527523520295);
#113=TOROIDAL_SURFACE('',#3965,33.8264265243178,2.06654905579286);
#114=TOROIDAL_SURFACE('',#3971,33.8264265243178,2.06654905579286);
#115=TOROIDAL_SURFACE('',#3977,27.0477939382188,6.1527523520295);
#116=TOROIDAL_SURFACE('',#3978,33.8264265243178,2.06654905579286);
#117=TOROIDAL_SURFACE('',#3981,33.8264265243178,2.06654905579286);
#118=TOROIDAL_SURFACE('',#3987,27.0477939382188,6.1527523520295);
#119=TOROIDAL_SURFACE('',#3988,33.8264265243178,2.06654905579286);
#120=TOROIDAL_SURFACE('',#3991,33.8264265243178,2.06654905579286);
#121=TOROIDAL_SURFACE('',#3997,27.0477939382188,6.1527523520295);
#122=TOROIDAL_SURFACE('',#3998,33.8264265243178,2.06654905579286);
#123=TOROIDAL_SURFACE('',#4002,33.8264265243178,2.06654905579286);
#124=TOROIDAL_SURFACE('',#4009,27.0477939382188,6.1527523520295);
#125=TOROIDAL_SURFACE('',#4010,33.8264265243178,2.06654905579286);
#126=TOROIDAL_SURFACE('',#4016,33.8264265243178,2.06654905579286);
#127=TOROIDAL_SURFACE('',#4017,27.0477939382188,6.1527523520295);
#128=TOROIDAL_SURFACE('',#4019,33.8264265243178,2.06654905579286);
#129=TOROIDAL_SURFACE('',#4026,27.0477939382188,6.1527523520295);
#130=TOROIDAL_SURFACE('',#4027,33.8264265243178,2.06654905579286);
#131=TOROIDAL_SURFACE('',#4033,33.8264265243178,2.06654905579286);
#132=TOROIDAL_SURFACE('',#4040,27.0477939382188,6.1527523520295);
#133=TOROIDAL_SURFACE('',#4041,33.8264265243178,2.06654905579286);
#134=TOROIDAL_SURFACE('',#4046,33.8264265243178,2.06654905579286);
#135=TOROIDAL_SURFACE('',#4052,27.0477939382188,6.1527523520295);
#136=TOROIDAL_SURFACE('',#4053,33.8264265243178,2.06654905579286);
#137=TOROIDAL_SURFACE('',#4058,33.8264265243178,2.06654905579286);
#138=TOROIDAL_SURFACE('',#4064,27.0477939382188,6.1527523520295);
#139=TOROIDAL_SURFACE('',#4065,33.8264265243178,2.06654905579286);
#140=TOROIDAL_SURFACE('',#4068,33.8264265243178,2.06654905579286);
#141=TOROIDAL_SURFACE('',#4074,27.0477939382188,6.1527523520295);
#142=TOROIDAL_SURFACE('',#4075,33.8264265243178,2.06654905579286);
#143=TOROIDAL_SURFACE('',#4077,33.8264265243178,2.06654905579286);
#144=TOROIDAL_SURFACE('',#4082,27.0477939382188,6.1527523520295);
#145=TOROIDAL_SURFACE('',#4083,33.8264265243178,2.06654905579286);
#146=TOROIDAL_SURFACE('',#4085,33.8264265243178,2.06654905579286);
#147=TOROIDAL_SURFACE('',#4091,27.0477939382188,6.1527523520295);
#148=TOROIDAL_SURFACE('',#4092,33.8264265243178,2.06654905579286);
#149=TOROIDAL_SURFACE('',#4095,33.8264265243178,2.06654905579286);
#150=TOROIDAL_SURFACE('',#4101,27.0477939382188,6.1527523520295);
#151=TOROIDAL_SURFACE('',#4102,33.8264265243178,2.06654905579286);
#152=B_SPLINE_SURFACE_WITH_KNOTS('',3,3,((#5501,#5502,#5503,#5504),(#5505,
#5506,#5507,#5508),(#5509,#5510,#5511,#5512),(#5513,#5514,#5515,#5516),
(#5517,#5518,#5519,#5520)),.UNSPECIFIED.,.F.,.F.,.F.,(4,1,4),(4,4),(0.154984873345976,
0.517134213340558,1.),(0.181412086696474,0.465554072356047),
 .UNSPECIFIED.);
#153=B_SPLINE_SURFACE_WITH_KNOTS('',3,3,((#5557,#5558,#5559,#5560),(#5561,
#5562,#5563,#5564),(#5565,#5566,#5567,#5568),(#5569,#5570,#5571,#5572),
(#5573,#5574,#5575,#5576)),.UNSPECIFIED.,.F.,.F.,.F.,(4,1,4),(4,4),(0.154984873345474,
0.637850660005203,1.),(0.,0.284141975181009),.UNSPECIFIED.);
#154=B_SPLINE_SURFACE_WITH_KNOTS('',3,3,((#5765,#5766,#5767,#5768),(#5769,
#5770,#5771,#5772),(#5773,#5774,#5775,#5776),(#5777,#5778,#5779,#5780),
(#5781,#5782,#5783,#5784)),.UNSPECIFIED.,.F.,.F.,.F.,(4,1,4),(4,4),(0.,
0.571428571428571,1.),(0.178806231149807,0.465554072356047),
 .UNSPECIFIED.);
#155=B_SPLINE_SURFACE_WITH_KNOTS('',3,3,((#6604,#6605,#6606,#6607),(#6608,
#6609,#6610,#6611),(#6612,#6613,#6614,#6615),(#6616,#6617,#6618,#6619),
(#6620,#6621,#6622,#6623)),.UNSPECIFIED.,.F.,.F.,.F.,(4,1,4),(4,4),(0.,
0.571428571428571,1.),(0.177549016707386,0.465554072356047),
 .UNSPECIFIED.);
#156=B_SPLINE_SURFACE_WITH_KNOTS('',3,3,((#6690,#6691,#6692,#6693),(#6694,
#6695,#6696,#6697),(#6698,#6699,#6700,#6701),(#6702,#6703,#6704,#6705),
(#6706,#6707,#6708,#6709)),.UNSPECIFIED.,.F.,.F.,.F.,(4,1,4),(4,4),(0.,
0.571428571428571,1.),(0.,0.288005044737706),.UNSPECIFIED.);
#157=B_SPLINE_SURFACE_WITH_KNOTS('',3,3,((#6749,#6750,#6751,#6752),(#6753,
#6754,#6755,#6756),(#6757,#6758,#6759,#6760),(#6761,#6762,#6763,#6764),
(#6765,#6766,#6767,#6768)),.UNSPECIFIED.,.F.,.F.,.F.,(4,1,4),(4,4),(0.,
0.571428571428571,1.),(0.177549016707386,0.465554072356047),
 .UNSPECIFIED.);
#158=B_SPLINE_SURFACE_WITH_KNOTS('',3,3,((#6837,#6838,#6839,#6840),(#6841,
#6842,#6843,#6844),(#6845,#6846,#6847,#6848),(#6849,#6850,#6851,#6852),
(#6853,#6854,#6855,#6856)),.UNSPECIFIED.,.F.,.F.,.F.,(4,1,4),(4,4),(0.,
0.571428571428571,1.),(0.,0.288005044737706),.UNSPECIFIED.);
#159=B_SPLINE_SURFACE_WITH_KNOTS('',3,3,((#6868,#6869,#6870,#6871),(#6872,
#6873,#6874,#6875),(#6876,#6877,#6878,#6879),(#6880,#6881,#6882,#6883),
(#6884,#6885,#6886,#6887)),.UNSPECIFIED.,.F.,.F.,.F.,(4,1,4),(4,4),(0.,
0.571428571428571,1.),(0.177549016707386,0.465554072356047),
 .UNSPECIFIED.);
#160=B_SPLINE_SURFACE_WITH_KNOTS('',3,3,((#6914,#6915,#6916,#6917),(#6918,
#6919,#6920,#6921),(#6922,#6923,#6924,#6925),(#6926,#6927,#6928,#6929),
(#6930,#6931,#6932,#6933)),.UNSPECIFIED.,.F.,.F.,.F.,(4,1,4),(4,4),(0.,
0.571428571428571,1.),(0.,0.288005044737706),.UNSPECIFIED.);
#161=B_SPLINE_SURFACE_WITH_KNOTS('',3,3,((#6973,#6974,#6975,#6976),(#6977,
#6978,#6979,#6980),(#6981,#6982,#6983,#6984),(#6985,#6986,#6987,#6988),
(#6989,#6990,#6991,#6992)),.UNSPECIFIED.,.F.,.F.,.F.,(4,1,4),(4,4),(0.,
0.571428571428571,1.),(0.177549016707386,0.465554072356047),
 .UNSPECIFIED.);
#162=B_SPLINE_SURFACE_WITH_KNOTS('',3,3,((#7024,#7025,#7026,#7027),(#7028,
#7029,#7030,#7031),(#7032,#7033,#7034,#7035),(#7036,#7037,#7038,#7039),
(#7040,#7041,#7042,#7043)),.UNSPECIFIED.,.F.,.F.,.F.,(4,1,4),(4,4),(0.,
0.571428571428571,1.),(0.,0.288005044737706),.UNSPECIFIED.);
#163=B_SPLINE_SURFACE_WITH_KNOTS('',3,3,((#7055,#7056,#7057,#7058),(#7059,
#7060,#7061,#7062),(#7063,#7064,#7065,#7066),(#7067,#7068,#7069,#7070),
(#7071,#7072,#7073,#7074)),.UNSPECIFIED.,.F.,.F.,.F.,(4,1,4),(4,4),(0.,
0.571428571428571,1.),(0.177549016707386,0.465554072356047),
 .UNSPECIFIED.);
#164=B_SPLINE_SURFACE_WITH_KNOTS('',3,3,((#7084,#7085,#7086,#7087),(#7088,
#7089,#7090,#7091),(#7092,#7093,#7094,#7095),(#7096,#7097,#7098,#7099),
(#7100,#7101,#7102,#7103)),.UNSPECIFIED.,.F.,.F.,.F.,(4,1,4),(4,4),(0.,
0.571428571428571,1.),(0.,0.288005044737706),.UNSPECIFIED.);
#165=B_SPLINE_SURFACE_WITH_KNOTS('',3,3,((#7154,#7155,#7156,#7157),(#7158,
#7159,#7160,#7161),(#7162,#7163,#7164,#7165),(#7166,#7167,#7168,#7169),
(#7170,#7171,#7172,#7173)),.UNSPECIFIED.,.F.,.F.,.F.,(4,1,4),(4,4),(0.,
0.571428571428571,1.),(0.177549016707386,0.465554072356047),
 .UNSPECIFIED.);
#166=B_SPLINE_SURFACE_WITH_KNOTS('',3,3,((#7211,#7212,#7213,#7214),(#7215,
#7216,#7217,#7218),(#7219,#7220,#7221,#7222),(#7223,#7224,#7225,#7226),
(#7227,#7228,#7229,#7230)),.UNSPECIFIED.,.F.,.F.,.F.,(4,1,4),(4,4),(0.,
0.571428571428571,1.),(0.,0.288005044737706),.UNSPECIFIED.);
#167=B_SPLINE_SURFACE_WITH_KNOTS('',3,3,((#7259,#7260,#7261,#7262),(#7263,
#7264,#7265,#7266),(#7267,#7268,#7269,#7270),(#7271,#7272,#7273,#7274),
(#7275,#7276,#7277,#7278)),.UNSPECIFIED.,.F.,.F.,.F.,(4,1,4),(4,4),(0.,
0.571428571428571,1.),(0.177549016707386,0.465554072356047),
 .UNSPECIFIED.);
#168=B_SPLINE_SURFACE_WITH_KNOTS('',3,3,((#7350,#7351,#7352,#7353),(#7354,
#7355,#7356,#7357),(#7358,#7359,#7360,#7361),(#7362,#7363,#7364,#7365),
(#7366,#7367,#7368,#7369)),.UNSPECIFIED.,.F.,.F.,.F.,(4,1,4),(4,4),(0.,
0.571428571428571,1.),(0.,0.288005044737706),.UNSPECIFIED.);
#169=B_SPLINE_SURFACE_WITH_KNOTS('',3,3,((#7409,#7410,#7411,#7412),(#7413,
#7414,#7415,#7416),(#7417,#7418,#7419,#7420),(#7421,#7422,#7423,#7424),
(#7425,#7426,#7427,#7428)),.UNSPECIFIED.,.F.,.F.,.F.,(4,1,4),(4,4),(0.,
0.571428571428571,1.),(0.177549016707386,0.465554072356047),
 .UNSPECIFIED.);
#170=B_SPLINE_SURFACE_WITH_KNOTS('',3,3,((#7497,#7498,#7499,#7500),(#7501,
#7502,#7503,#7504),(#7505,#7506,#7507,#7508),(#7509,#7510,#7511,#7512),
(#7513,#7514,#7515,#7516)),.UNSPECIFIED.,.F.,.F.,.F.,(4,1,4),(4,4),(0.,
0.571428571428571,1.),(0.,0.288005044737706),.UNSPECIFIED.);
#171=B_SPLINE_SURFACE_WITH_KNOTS('',3,3,((#7528,#7529,#7530,#7531),(#7532,
#7533,#7534,#7535),(#7536,#7537,#7538,#7539),(#7540,#7541,#7542,#7543),
(#7544,#7545,#7546,#7547)),.UNSPECIFIED.,.F.,.F.,.F.,(4,1,4),(4,4),(0.,
0.571428571428571,1.),(0.177549016707386,0.465554072356047),
 .UNSPECIFIED.);
#172=B_SPLINE_SURFACE_WITH_KNOTS('',3,3,((#7599,#7600,#7601,#7602),(#7603,
#7604,#7605,#7606),(#7607,#7608,#7609,#7610),(#7611,#7612,#7613,#7614),
(#7615,#7616,#7617,#7618)),.UNSPECIFIED.,.F.,.F.,.F.,(4,1,4),(4,4),(0.,
0.571428571428571,1.),(0.,0.288005044737706),.UNSPECIFIED.);
#173=B_SPLINE_SURFACE_WITH_KNOTS('',3,3,((#7634,#7635,#7636,#7637),(#7638,
#7639,#7640,#7641),(#7642,#7643,#7644,#7645),(#7646,#7647,#7648,#7649),
(#7650,#7651,#7652,#7653)),.UNSPECIFIED.,.F.,.F.,.F.,(4,1,4),(4,4),(0.,
0.571428571428571,1.),(0.177549016707386,0.465554072356047),
 .UNSPECIFIED.);
#174=B_SPLINE_SURFACE_WITH_KNOTS('',3,3,((#7725,#7726,#7727,#7728),(#7729,
#7730,#7731,#7732),(#7733,#7734,#7735,#7736),(#7737,#7738,#7739,#7740),
(#7741,#7742,#7743,#7744)),.UNSPECIFIED.,.F.,.F.,.F.,(4,1,4),(4,4),(0.,
0.571428571428571,1.),(0.,0.288005044737706),.UNSPECIFIED.);
#175=B_SPLINE_SURFACE_WITH_KNOTS('',3,3,((#7784,#7785,#7786,#7787),(#7788,
#7789,#7790,#7791),(#7792,#7793,#7794,#7795),(#7796,#7797,#7798,#7799),
(#7800,#7801,#7802,#7803)),.UNSPECIFIED.,.F.,.F.,.F.,(4,1,4),(4,4),(0.,
0.571428571428571,1.),(0.177549016707386,0.465554072356047),
 .UNSPECIFIED.);
#176=B_SPLINE_SURFACE_WITH_KNOTS('',3,3,((#7852,#7853,#7854,#7855),(#7856,
#7857,#7858,#7859),(#7860,#7861,#7862,#7863),(#7864,#7865,#7866,#7867),
(#7868,#7869,#7870,#7871)),.UNSPECIFIED.,.F.,.F.,.F.,(4,1,4),(4,4),(0.,
0.571428571428571,1.),(0.,0.288005044737706),.UNSPECIFIED.);
#177=B_SPLINE_SURFACE_WITH_KNOTS('',3,3,((#7872,#7873,#7874,#7875),(#7876,
#7877,#7878,#7879),(#7880,#7881,#7882,#7883),(#7884,#7885,#7886,#7887),
(#7888,#7889,#7890,#7891)),.UNSPECIFIED.,.F.,.F.,.F.,(4,1,4),(4,4),(0.,
0.571428571428571,1.),(0.177549016707386,0.465554072356047),
 .UNSPECIFIED.);
#178=B_SPLINE_SURFACE_WITH_KNOTS('',3,3,((#7940,#7941,#7942,#7943),(#7944,
#7945,#7946,#7947),(#7948,#7949,#7950,#7951),(#7952,#7953,#7954,#7955),
(#7956,#7957,#7958,#7959)),.UNSPECIFIED.,.F.,.F.,.F.,(4,1,4),(4,4),(0.,
0.571428571428571,1.),(0.,0.288005044737706),.UNSPECIFIED.);
#179=B_SPLINE_SURFACE_WITH_KNOTS('',3,3,((#7960,#7961,#7962,#7963),(#7964,
#7965,#7966,#7967),(#7968,#7969,#7970,#7971),(#7972,#7973,#7974,#7975),
(#7976,#7977,#7978,#7979)),.UNSPECIFIED.,.F.,.F.,.F.,(4,1,4),(4,4),(0.,
0.571428571428571,1.),(0.177549016707386,0.465554072356047),
 .UNSPECIFIED.);
#180=B_SPLINE_SURFACE_WITH_KNOTS('',3,3,((#8028,#8029,#8030,#8031),(#8032,
#8033,#8034,#8035),(#8036,#8037,#8038,#8039),(#8040,#8041,#8042,#8043),
(#8044,#8045,#8046,#8047)),.UNSPECIFIED.,.F.,.F.,.F.,(4,1,4),(4,4),(0.,
0.571428571428571,1.),(0.,0.288005044737706),.UNSPECIFIED.);
#181=B_SPLINE_SURFACE_WITH_KNOTS('',3,3,((#8061,#8062,#8063,#8064),(#8065,
#8066,#8067,#8068),(#8069,#8070,#8071,#8072),(#8073,#8074,#8075,#8076),
(#8077,#8078,#8079,#8080)),.UNSPECIFIED.,.F.,.F.,.F.,(4,1,4),(4,4),(0.,
0.571428571428571,1.),(0.177549016707386,0.465554072356047),
 .UNSPECIFIED.);
#182=B_SPLINE_SURFACE_WITH_KNOTS('',3,3,((#8152,#8153,#8154,#8155),(#8156,
#8157,#8158,#8159),(#8160,#8161,#8162,#8163),(#8164,#8165,#8166,#8167),
(#8168,#8169,#8170,#8171)),.UNSPECIFIED.,.F.,.F.,.F.,(4,1,4),(4,4),(0.,
0.571428571428571,1.),(0.,0.288005044737706),.UNSPECIFIED.);
#183=B_SPLINE_SURFACE_WITH_KNOTS('',3,3,((#8211,#8212,#8213,#8214),(#8215,
#8216,#8217,#8218),(#8219,#8220,#8221,#8222),(#8223,#8224,#8225,#8226),
(#8227,#8228,#8229,#8230)),.UNSPECIFIED.,.F.,.F.,.F.,(4,1,4),(4,4),(0.,
0.571428571428571,1.),(0.177549016707386,0.465554072356047),
 .UNSPECIFIED.);
#184=B_SPLINE_SURFACE_WITH_KNOTS('',3,3,((#8255,#8256,#8257,#8258),(#8259,
#8260,#8261,#8262),(#8263,#8264,#8265,#8266),(#8267,#8268,#8269,#8270),
(#8271,#8272,#8273,#8274)),.UNSPECIFIED.,.F.,.F.,.F.,(4,1,4),(4,4),(0.,
0.571428571428571,1.),(0.,0.288005044737706),.UNSPECIFIED.);
#185=B_SPLINE_SURFACE_WITH_KNOTS('',3,3,((#8275,#8276,#8277,#8278),(#8279,
#8280,#8281,#8282),(#8283,#8284,#8285,#8286),(#8287,#8288,#8289,#8290),
(#8291,#8292,#8293,#8294)),.UNSPECIFIED.,.F.,.F.,.F.,(4,1,4),(4,4),(0.,
0.571428571428571,1.),(0.177549016707386,0.465554072356047),
 .UNSPECIFIED.);
#186=B_SPLINE_SURFACE_WITH_KNOTS('',3,3,((#8366,#8367,#8368,#8369),(#8370,
#8371,#8372,#8373),(#8374,#8375,#8376,#8377),(#8378,#8379,#8380,#8381),
(#8382,#8383,#8384,#8385)),.UNSPECIFIED.,.F.,.F.,.F.,(4,1,4),(4,4),(0.,
0.571428571428571,1.),(0.,0.288005044737706),.UNSPECIFIED.);
#187=B_SPLINE_SURFACE_WITH_KNOTS('',3,3,((#8425,#8426,#8427,#8428),(#8429,
#8430,#8431,#8432),(#8433,#8434,#8435,#8436),(#8437,#8438,#8439,#8440),
(#8441,#8442,#8443,#8444)),.UNSPECIFIED.,.F.,.F.,.F.,(4,1,4),(4,4),(0.,
0.571428571428571,1.),(0.177549016707386,0.465554072356047),
 .UNSPECIFIED.);
#188=B_SPLINE_SURFACE_WITH_KNOTS('',3,3,((#8516,#8517,#8518,#8519),(#8520,
#8521,#8522,#8523),(#8524,#8525,#8526,#8527),(#8528,#8529,#8530,#8531),
(#8532,#8533,#8534,#8535)),.UNSPECIFIED.,.F.,.F.,.F.,(4,1,4),(4,4),(0.,
0.571428571428571,1.),(0.,0.288005044737706),.UNSPECIFIED.);
#189=B_SPLINE_SURFACE_WITH_KNOTS('',3,3,((#8620,#8621,#8622,#8623),(#8624,
#8625,#8626,#8627),(#8628,#8629,#8630,#8631),(#8632,#8633,#8634,#8635),
(#8636,#8637,#8638,#8639)),.UNSPECIFIED.,.F.,.F.,.F.,(4,1,4),(4,4),(0.,
0.571428571428571,1.),(0.,0.286747830407927),.UNSPECIFIED.);
#190=B_SPLINE_SURFACE_WITH_KNOTS('',3,3,((#8668,#8669,#8670,#8671),(#8672,
#8673,#8674,#8675),(#8676,#8677,#8678,#8679),(#8680,#8681,#8682,#8683),
(#8684,#8685,#8686,#8687)),.UNSPECIFIED.,.F.,.F.,.F.,(4,1,4),(4,4),(0.,
0.571428571428571,1.),(0.177549016707386,0.465554072356047),
 .UNSPECIFIED.);
#191=B_SPLINE_SURFACE_WITH_KNOTS('',3,3,((#8736,#8737,#8738,#8739),(#8740,
#8741,#8742,#8743),(#8744,#8745,#8746,#8747),(#8748,#8749,#8750,#8751),
(#8752,#8753,#8754,#8755)),.UNSPECIFIED.,.F.,.F.,.F.,(4,1,4),(4,4),(0.,
0.571428571428571,1.),(0.,0.288005044737706),.UNSPECIFIED.);
#192=B_SPLINE_SURFACE_WITH_KNOTS('',3,3,((#8756,#8757,#8758,#8759),(#8760,
#8761,#8762,#8763),(#8764,#8765,#8766,#8767),(#8768,#8769,#8770,#8771),
(#8772,#8773,#8774,#8775)),.UNSPECIFIED.,.F.,.F.,.F.,(4,1,4),(4,4),(0.,
0.571428571428571,1.),(0.177549016707386,0.465554072356047),
 .UNSPECIFIED.);
#193=B_SPLINE_SURFACE_WITH_KNOTS('',3,3,((#8824,#8825,#8826,#8827),(#8828,
#8829,#8830,#8831),(#8832,#8833,#8834,#8835),(#8836,#8837,#8838,#8839),
(#8840,#8841,#8842,#8843)),.UNSPECIFIED.,.F.,.F.,.F.,(4,1,4),(4,4),(0.,
0.571428571428571,1.),(0.,0.288005044737706),.UNSPECIFIED.);
#194=B_SPLINE_SURFACE_WITH_KNOTS('',3,3,((#8844,#8845,#8846,#8847),(#8848,
#8849,#8850,#8851),(#8852,#8853,#8854,#8855),(#8856,#8857,#8858,#8859),
(#8860,#8861,#8862,#8863)),.UNSPECIFIED.,.F.,.F.,.F.,(4,1,4),(4,4),(0.,
0.571428571428571,1.),(0.177549016707386,0.465554072356047),
 .UNSPECIFIED.);
#195=B_SPLINE_SURFACE_WITH_KNOTS('',3,3,((#8893,#8894,#8895,#8896),(#8897,
#8898,#8899,#8900),(#8901,#8902,#8903,#8904),(#8905,#8906,#8907,#8908),
(#8909,#8910,#8911,#8912)),.UNSPECIFIED.,.F.,.F.,.F.,(4,1,4),(4,4),(0.,
0.571428571428571,1.),(0.,0.288005044737706),.UNSPECIFIED.);
#196=B_SPLINE_SURFACE_WITH_KNOTS('',3,3,((#8913,#8914,#8915,#8916),(#8917,
#8918,#8919,#8920),(#8921,#8922,#8923,#8924),(#8925,#8926,#8927,#8928),
(#8929,#8930,#8931,#8932)),.UNSPECIFIED.,.F.,.F.,.F.,(4,1,4),(4,4),(0.,
0.571428571428571,1.),(0.177549016707386,0.465554072356047),
 .UNSPECIFIED.);
#197=B_SPLINE_SURFACE_WITH_KNOTS('',3,3,((#8981,#8982,#8983,#8984),(#8985,
#8986,#8987,#8988),(#8989,#8990,#8991,#8992),(#8993,#8994,#8995,#8996),
(#8997,#8998,#8999,#9000)),.UNSPECIFIED.,.F.,.F.,.F.,(4,1,4),(4,4),(0.,
0.571428571428571,1.),(0.,0.288005044737706),.UNSPECIFIED.);
#198=B_SPLINE_SURFACE_WITH_KNOTS('',3,3,((#9001,#9002,#9003,#9004),(#9005,
#9006,#9007,#9008),(#9009,#9010,#9011,#9012),(#9013,#9014,#9015,#9016),
(#9017,#9018,#9019,#9020)),.UNSPECIFIED.,.F.,.F.,.F.,(4,1,4),(4,4),(0.,
0.571428571428571,1.),(0.177549016707386,0.465554072356047),
 .UNSPECIFIED.);
#199=B_SPLINE_SURFACE_WITH_KNOTS('',3,3,((#9069,#9070,#9071,#9072),(#9073,
#9074,#9075,#9076),(#9077,#9078,#9079,#9080),(#9081,#9082,#9083,#9084),
(#9085,#9086,#9087,#9088)),.UNSPECIFIED.,.F.,.F.,.F.,(4,1,4),(4,4),(0.,
0.571428571428571,1.),(0.,0.288005044737706),.UNSPECIFIED.);
#200=CYLINDRICAL_SURFACE('',#3687,1.49999999999963);
#201=CYLINDRICAL_SURFACE('',#3690,1.05);
#202=CYLINDRICAL_SURFACE('',#3691,1.49999999999964);
#203=CYLINDRICAL_SURFACE('',#3696,29.6316867811055);
#204=CYLINDRICAL_SURFACE('',#3712,29.6316867811055);
#205=CYLINDRICAL_SURFACE('',#3765,29.6316867811055);
#206=CYLINDRICAL_SURFACE('',#3771,1.05);
#207=CYLINDRICAL_SURFACE('',#3774,4.05);
#208=CYLINDRICAL_SURFACE('',#3791,29.2316867811056);
#209=CYLINDRICAL_SURFACE('',#3793,29.2316867811056);
#210=CYLINDRICAL_SURFACE('',#3874,29.6316867811055);
#211=CYLINDRICAL_SURFACE('',#3875,29.6316867811055);
#212=CYLINDRICAL_SURFACE('',#3887,29.6316867811055);
#213=CYLINDRICAL_SURFACE('',#3889,29.6316867811055);
#214=CYLINDRICAL_SURFACE('',#3890,29.6316867811055);
#215=CYLINDRICAL_SURFACE('',#3897,29.6316867811055);
#216=CYLINDRICAL_SURFACE('',#3899,29.6316867811055);
#217=CYLINDRICAL_SURFACE('',#3918,29.6316867811055);
#218=CYLINDRICAL_SURFACE('',#3931,29.6316867811055);
#219=CYLINDRICAL_SURFACE('',#3932,29.6316867811055);
#220=CYLINDRICAL_SURFACE('',#3944,29.6316867811055);
#221=CYLINDRICAL_SURFACE('',#3968,29.6316867811055);
#222=CYLINDRICAL_SURFACE('',#3969,29.6316867811055);
#223=CYLINDRICAL_SURFACE('',#4000,29.6316867811055);
#224=CYLINDRICAL_SURFACE('',#4013,29.6316867811055);
#225=CYLINDRICAL_SURFACE('',#4014,29.6316867811055);
#226=CYLINDRICAL_SURFACE('',#4030,29.6316867811055);
#227=CYLINDRICAL_SURFACE('',#4031,29.6316867811055);
#228=CYLINDRICAL_SURFACE('',#4044,29.6316867811055);
#229=CYLINDRICAL_SURFACE('',#4045,29.6316867811055);
#230=CYLINDRICAL_SURFACE('',#4056,29.6316867811055);
#231=CYLINDRICAL_SURFACE('',#4125,29.2316867811056);
#232=FACE_OUTER_BOUND('',#463,.T.);
#233=FACE_OUTER_BOUND('',#464,.T.);
#234=FACE_OUTER_BOUND('',#465,.T.);
#235=FACE_OUTER_BOUND('',#466,.T.);
#236=FACE_OUTER_BOUND('',#467,.T.);
#237=FACE_OUTER_BOUND('',#468,.T.);
#238=FACE_OUTER_BOUND('',#469,.T.);
#239=FACE_OUTER_BOUND('',#470,.T.);
#240=FACE_OUTER_BOUND('',#471,.T.);
#241=FACE_OUTER_BOUND('',#472,.T.);
#242=FACE_OUTER_BOUND('',#473,.T.);
#243=FACE_OUTER_BOUND('',#474,.T.);
#244=FACE_OUTER_BOUND('',#475,.T.);
#245=FACE_OUTER_BOUND('',#476,.T.);
#246=FACE_OUTER_BOUND('',#477,.T.);
#247=FACE_OUTER_BOUND('',#478,.T.);
#248=FACE_OUTER_BOUND('',#479,.T.);
#249=FACE_OUTER_BOUND('',#480,.T.);
#250=FACE_OUTER_BOUND('',#481,.T.);
#251=FACE_OUTER_BOUND('',#482,.T.);
#252=FACE_OUTER_BOUND('',#483,.T.);
#253=FACE_OUTER_BOUND('',#484,.T.);
#254=FACE_OUTER_BOUND('',#485,.T.);
#255=FACE_OUTER_BOUND('',#486,.T.);
#256=FACE_OUTER_BOUND('',#487,.T.);
#257=FACE_OUTER_BOUND('',#489,.T.);
#258=FACE_OUTER_BOUND('',#491,.T.);
#259=FACE_OUTER_BOUND('',#492,.T.);
#260=FACE_OUTER_BOUND('',#493,.T.);
#261=FACE_OUTER_BOUND('',#494,.T.);
#262=FACE_OUTER_BOUND('',#495,.T.);
#263=FACE_OUTER_BOUND('',#496,.T.);
#264=FACE_OUTER_BOUND('',#497,.T.);
#265=FACE_OUTER_BOUND('',#498,.T.);
#266=FACE_OUTER_BOUND('',#499,.T.);
#267=FACE_OUTER_BOUND('',#500,.T.);
#268=FACE_OUTER_BOUND('',#501,.T.);
#269=FACE_OUTER_BOUND('',#502,.T.);
#270=FACE_OUTER_BOUND('',#503,.T.);
#271=FACE_OUTER_BOUND('',#504,.T.);
#272=FACE_OUTER_BOUND('',#505,.T.);
#273=FACE_OUTER_BOUND('',#506,.T.);
#274=FACE_OUTER_BOUND('',#507,.T.);
#275=FACE_OUTER_BOUND('',#508,.T.);
#276=FACE_OUTER_BOUND('',#509,.T.);
#277=FACE_OUTER_BOUND('',#510,.T.);
#278=FACE_OUTER_BOUND('',#511,.T.);
#279=FACE_OUTER_BOUND('',#512,.T.);
#280=FACE_OUTER_BOUND('',#513,.T.);
#281=FACE_OUTER_BOUND('',#514,.T.);
#282=FACE_OUTER_BOUND('',#515,.T.);
#283=FACE_OUTER_BOUND('',#516,.T.);
#284=FACE_OUTER_BOUND('',#517,.T.);
#285=FACE_OUTER_BOUND('',#518,.T.);
#286=FACE_OUTER_BOUND('',#519,.T.);
#287=FACE_OUTER_BOUND('',#520,.T.);
#288=FACE_OUTER_BOUND('',#521,.T.);
#289=FACE_OUTER_BOUND('',#522,.T.);
#290=FACE_OUTER_BOUND('',#523,.T.);
#291=FACE_OUTER_BOUND('',#524,.T.);
#292=FACE_OUTER_BOUND('',#525,.T.);
#293=FACE_OUTER_BOUND('',#526,.T.);
#294=FACE_OUTER_BOUND('',#527,.T.);
#295=FACE_OUTER_BOUND('',#528,.T.);
#296=FACE_OUTER_BOUND('',#529,.T.);
#297=FACE_OUTER_BOUND('',#530,.T.);
#298=FACE_OUTER_BOUND('',#531,.T.);
#299=FACE_OUTER_BOUND('',#532,.T.);
#300=FACE_OUTER_BOUND('',#533,.T.);
#301=FACE_OUTER_BOUND('',#534,.T.);
#302=FACE_OUTER_BOUND('',#535,.T.);
#303=FACE_OUTER_BOUND('',#536,.T.);
#304=FACE_OUTER_BOUND('',#537,.T.);
#305=FACE_OUTER_BOUND('',#538,.T.);
#306=FACE_OUTER_BOUND('',#539,.T.);
#307=FACE_OUTER_BOUND('',#540,.T.);
#308=FACE_OUTER_BOUND('',#541,.T.);
#309=FACE_OUTER_BOUND('',#542,.T.);
#310=FACE_OUTER_BOUND('',#543,.T.);
#311=FACE_OUTER_BOUND('',#544,.T.);
#312=FACE_OUTER_BOUND('',#545,.T.);
#313=FACE_OUTER_BOUND('',#546,.T.);
#314=FACE_OUTER_BOUND('',#547,.T.);
#315=FACE_OUTER_BOUND('',#548,.T.);
#316=FACE_OUTER_BOUND('',#549,.T.);
#317=FACE_OUTER_BOUND('',#550,.T.);
#318=FACE_OUTER_BOUND('',#551,.T.);
#319=FACE_OUTER_BOUND('',#552,.T.);
#320=FACE_OUTER_BOUND('',#553,.T.);
#321=FACE_OUTER_BOUND('',#554,.T.);
#322=FACE_OUTER_BOUND('',#555,.T.);
#323=FACE_OUTER_BOUND('',#556,.T.);
#324=FACE_OUTER_BOUND('',#557,.T.);
#325=FACE_OUTER_BOUND('',#558,.T.);
#326=FACE_OUTER_BOUND('',#559,.T.);
#327=FACE_OUTER_BOUND('',#560,.T.);
#328=FACE_OUTER_BOUND('',#561,.T.);
#329=FACE_OUTER_BOUND('',#562,.T.);
#330=FACE_OUTER_BOUND('',#563,.T.);
#331=FACE_OUTER_BOUND('',#564,.T.);
#332=FACE_OUTER_BOUND('',#565,.T.);
#333=FACE_OUTER_BOUND('',#566,.T.);
#334=FACE_OUTER_BOUND('',#567,.T.);
#335=FACE_OUTER_BOUND('',#568,.T.);
#336=FACE_OUTER_BOUND('',#569,.T.);
#337=FACE_OUTER_BOUND('',#570,.T.);
#338=FACE_OUTER_BOUND('',#571,.T.);
#339=FACE_OUTER_BOUND('',#572,.T.);
#340=FACE_OUTER_BOUND('',#573,.T.);
#341=FACE_OUTER_BOUND('',#574,.T.);
#342=FACE_OUTER_BOUND('',#575,.T.);
#343=FACE_OUTER_BOUND('',#576,.T.);
#344=FACE_OUTER_BOUND('',#577,.T.);
#345=FACE_OUTER_BOUND('',#578,.T.);
#346=FACE_OUTER_BOUND('',#579,.T.);
#347=FACE_OUTER_BOUND('',#580,.T.);
#348=FACE_OUTER_BOUND('',#581,.T.);
#349=FACE_OUTER_BOUND('',#582,.T.);
#350=FACE_OUTER_BOUND('',#583,.T.);
#351=FACE_OUTER_BOUND('',#584,.T.);
#352=FACE_OUTER_BOUND('',#585,.T.);
#353=FACE_OUTER_BOUND('',#586,.T.);
#354=FACE_OUTER_BOUND('',#587,.T.);
#355=FACE_OUTER_BOUND('',#588,.T.);
#356=FACE_OUTER_BOUND('',#589,.T.);
#357=FACE_OUTER_BOUND('',#590,.T.);
#358=FACE_OUTER_BOUND('',#591,.T.);
#359=FACE_OUTER_BOUND('',#592,.T.);
#360=FACE_OUTER_BOUND('',#593,.T.);
#361=FACE_OUTER_BOUND('',#594,.T.);
#362=FACE_OUTER_BOUND('',#595,.T.);
#363=FACE_OUTER_BOUND('',#596,.T.);
#364=FACE_OUTER_BOUND('',#597,.T.);
#365=FACE_OUTER_BOUND('',#598,.T.);
#366=FACE_OUTER_BOUND('',#599,.T.);
#367=FACE_OUTER_BOUND('',#600,.T.);
#368=FACE_OUTER_BOUND('',#601,.T.);
#369=FACE_OUTER_BOUND('',#602,.T.);
#370=FACE_OUTER_BOUND('',#603,.T.);
#371=FACE_OUTER_BOUND('',#604,.T.);
#372=FACE_OUTER_BOUND('',#605,.T.);
#373=FACE_OUTER_BOUND('',#606,.T.);
#374=FACE_OUTER_BOUND('',#607,.T.);
#375=FACE_OUTER_BOUND('',#608,.T.);
#376=FACE_OUTER_BOUND('',#609,.T.);
#377=FACE_OUTER_BOUND('',#610,.T.);
#378=FACE_OUTER_BOUND('',#611,.T.);
#379=FACE_OUTER_BOUND('',#612,.T.);
#380=FACE_OUTER_BOUND('',#613,.T.);
#381=FACE_OUTER_BOUND('',#614,.T.);
#382=FACE_OUTER_BOUND('',#615,.T.);
#383=FACE_OUTER_BOUND('',#616,.T.);
#384=FACE_OUTER_BOUND('',#617,.T.);
#385=FACE_OUTER_BOUND('',#618,.T.);
#386=FACE_OUTER_BOUND('',#619,.T.);
#387=FACE_OUTER_BOUND('',#620,.T.);
#388=FACE_OUTER_BOUND('',#621,.T.);
#389=FACE_OUTER_BOUND('',#622,.T.);
#390=FACE_OUTER_BOUND('',#623,.T.);
#391=FACE_OUTER_BOUND('',#624,.T.);
#392=FACE_OUTER_BOUND('',#625,.T.);
#393=FACE_OUTER_BOUND('',#626,.T.);
#394=FACE_OUTER_BOUND('',#627,.T.);
#395=FACE_OUTER_BOUND('',#628,.T.);
#396=FACE_OUTER_BOUND('',#629,.T.);
#397=FACE_OUTER_BOUND('',#630,.T.);
#398=FACE_OUTER_BOUND('',#631,.T.);
#399=FACE_OUTER_BOUND('',#632,.T.);
#400=FACE_OUTER_BOUND('',#633,.T.);
#401=FACE_OUTER_BOUND('',#634,.T.);
#402=FACE_OUTER_BOUND('',#635,.T.);
#403=FACE_OUTER_BOUND('',#636,.T.);
#404=FACE_OUTER_BOUND('',#637,.T.);
#405=FACE_OUTER_BOUND('',#638,.T.);
#406=FACE_OUTER_BOUND('',#639,.T.);
#407=FACE_OUTER_BOUND('',#640,.T.);
#408=FACE_OUTER_BOUND('',#641,.T.);
#409=FACE_OUTER_BOUND('',#642,.T.);
#410=FACE_OUTER_BOUND('',#643,.T.);
#411=FACE_OUTER_BOUND('',#644,.T.);
#412=FACE_OUTER_BOUND('',#645,.T.);
#413=FACE_OUTER_BOUND('',#646,.T.);
#414=FACE_OUTER_BOUND('',#647,.T.);
#415=FACE_OUTER_BOUND('',#648,.T.);
#416=FACE_OUTER_BOUND('',#649,.T.);
#417=FACE_OUTER_BOUND('',#650,.T.);
#418=FACE_OUTER_BOUND('',#651,.T.);
#419=FACE_OUTER_BOUND('',#652,.T.);
#420=FACE_OUTER_BOUND('',#653,.T.);
#421=FACE_OUTER_BOUND('',#654,.T.);
#422=FACE_OUTER_BOUND('',#655,.T.);
#423=FACE_OUTER_BOUND('',#656,.T.);
#424=FACE_OUTER_BOUND('',#657,.T.);
#425=FACE_OUTER_BOUND('',#658,.T.);
#426=FACE_OUTER_BOUND('',#659,.T.);
#427=FACE_OUTER_BOUND('',#660,.T.);
#428=FACE_OUTER_BOUND('',#661,.T.);
#429=FACE_OUTER_BOUND('',#662,.T.);
#430=FACE_OUTER_BOUND('',#663,.T.);
#431=FACE_OUTER_BOUND('',#664,.T.);
#432=FACE_OUTER_BOUND('',#665,.T.);
#433=FACE_OUTER_BOUND('',#666,.T.);
#434=FACE_OUTER_BOUND('',#667,.T.);
#435=FACE_OUTER_BOUND('',#668,.T.);
#436=FACE_OUTER_BOUND('',#669,.T.);
#437=FACE_OUTER_BOUND('',#670,.T.);
#438=FACE_OUTER_BOUND('',#671,.T.);
#439=FACE_OUTER_BOUND('',#673,.T.);
#440=FACE_OUTER_BOUND('',#674,.T.);
#441=FACE_OUTER_BOUND('',#675,.T.);
#442=FACE_OUTER_BOUND('',#676,.T.);
#443=FACE_OUTER_BOUND('',#677,.T.);
#444=FACE_OUTER_BOUND('',#678,.T.);
#445=FACE_OUTER_BOUND('',#679,.T.);
#446=FACE_OUTER_BOUND('',#682,.T.);
#447=FACE_OUTER_BOUND('',#683,.T.);
#448=FACE_OUTER_BOUND('',#684,.T.);
#449=FACE_OUTER_BOUND('',#685,.T.);
#450=FACE_OUTER_BOUND('',#686,.T.);
#451=FACE_OUTER_BOUND('',#687,.T.);
#452=FACE_OUTER_BOUND('',#688,.T.);
#453=FACE_OUTER_BOUND('',#689,.T.);
#454=FACE_OUTER_BOUND('',#690,.T.);
#455=FACE_OUTER_BOUND('',#691,.T.);
#456=FACE_OUTER_BOUND('',#692,.T.);
#457=FACE_OUTER_BOUND('',#695,.T.);
#458=FACE_OUTER_BOUND('',#696,.T.);
#459=FACE_OUTER_BOUND('',#697,.T.);
#460=FACE_OUTER_BOUND('',#698,.T.);
#461=FACE_OUTER_BOUND('',#699,.T.);
#462=FACE_OUTER_BOUND('',#700,.T.);
#463=EDGE_LOOP('',(#2261,#2262,#2263,#2264,#2265,#2266,#2267,#2268));
#464=EDGE_LOOP('',(#2269,#2270,#2271,#2272,#2273,#2274));
#465=EDGE_LOOP('',(#2275,#2276,#2277,#2278,#2279,#2280,#2281,#2282));
#466=EDGE_LOOP('',(#2283,#2284,#2285,#2286,#2287,#2288));
#467=EDGE_LOOP('',(#2289,#2290,#2291,#2292,#2293,#2294));
#468=EDGE_LOOP('',(#2295,#2296,#2297,#2298,#2299,#2300,#2301,#2302));
#469=EDGE_LOOP('',(#2303,#2304,#2305,#2306,#2307,#2308,#2309,#2310));
#470=EDGE_LOOP('',(#2311,#2312,#2313,#2314));
#471=EDGE_LOOP('',(#2315,#2316,#2317,#2318));
#472=EDGE_LOOP('',(#2319,#2320,#2321));
#473=EDGE_LOOP('',(#2322,#2323,#2324,#2325));
#474=EDGE_LOOP('',(#2326,#2327,#2328,#2329));
#475=EDGE_LOOP('',(#2330,#2331,#2332,#2333,#2334,#2335,#2336));
#476=EDGE_LOOP('',(#2337,#2338,#2339,#2340));
#477=EDGE_LOOP('',(#2341,#2342,#2343,#2344));
#478=EDGE_LOOP('',(#2345,#2346,#2347,#2348,#2349,#2350,#2351,#2352,#2353,
#2354,#2355,#2356,#2357,#2358,#2359,#2360,#2361,#2362));
#479=EDGE_LOOP('',(#2363,#2364,#2365,#2366,#2367,#2368,#2369,#2370,#2371,
#2372,#2373,#2374,#2375,#2376,#2377,#2378,#2379,#2380,#2381,#2382,#2383,
#2384,#2385,#2386,#2387,#2388,#2389,#2390,#2391,#2392,#2393,#2394,#2395,
#2396,#2397,#2398,#2399,#2400));
#480=EDGE_LOOP('',(#2401,#2402,#2403,#2404));
#481=EDGE_LOOP('',(#2405,#2406,#2407,#2408));
#482=EDGE_LOOP('',(#2409,#2410,#2411,#2412,#2413));
#483=EDGE_LOOP('',(#2414,#2415,#2416,#2417,#2418));
#484=EDGE_LOOP('',(#2419,#2420,#2421));
#485=EDGE_LOOP('',(#2422,#2423,#2424,#2425));
#486=EDGE_LOOP('',(#2426,#2427,#2428,#2429));
#487=EDGE_LOOP('',(#2430));
#488=EDGE_LOOP('',(#2431));
#489=EDGE_LOOP('',(#2432,#2433,#2434,#2435,#2436,#2437,#2438,#2439,#2440,
#2441,#2442));
#490=EDGE_LOOP('',(#2443));
#491=EDGE_LOOP('',(#2444,#2445,#2446,#2447,#2448,#2449,#2450,#2451,#2452,
#2453,#2454,#2455,#2456,#2457,#2458,#2459,#2460,#2461));
#492=EDGE_LOOP('',(#2462,#2463,#2464,#2465,#2466,#2467,#2468,#2469));
#493=EDGE_LOOP('',(#2470,#2471,#2472,#2473,#2474,#2475,#2476,#2477));
#494=EDGE_LOOP('',(#2478,#2479,#2480,#2481,#2482,#2483,#2484,#2485,#2486,
#2487,#2488,#2489,#2490,#2491,#2492,#2493,#2494,#2495));
#495=EDGE_LOOP('',(#2496,#2497,#2498,#2499,#2500,#2501));
#496=EDGE_LOOP('',(#2502,#2503,#2504,#2505,#2506,#2507));
#497=EDGE_LOOP('',(#2508,#2509));
#498=EDGE_LOOP('',(#2510,#2511,#2512,#2513,#2514,#2515,#2516,#2517,#2518,
#2519,#2520,#2521,#2522,#2523));
#499=EDGE_LOOP('',(#2524,#2525,#2526,#2527,#2528,#2529,#2530));
#500=EDGE_LOOP('',(#2531,#2532,#2533,#2534));
#501=EDGE_LOOP('',(#2535,#2536,#2537,#2538));
#502=EDGE_LOOP('',(#2539,#2540,#2541,#2542));
#503=EDGE_LOOP('',(#2543,#2544,#2545,#2546));
#504=EDGE_LOOP('',(#2547,#2548,#2549,#2550));
#505=EDGE_LOOP('',(#2551,#2552,#2553,#2554));
#506=EDGE_LOOP('',(#2555,#2556,#2557,#2558));
#507=EDGE_LOOP('',(#2559,#2560,#2561,#2562));
#508=EDGE_LOOP('',(#2563,#2564,#2565,#2566));
#509=EDGE_LOOP('',(#2567,#2568,#2569,#2570));
#510=EDGE_LOOP('',(#2571,#2572,#2573,#2574,#2575,#2576));
#511=EDGE_LOOP('',(#2577,#2578,#2579,#2580,#2581));
#512=EDGE_LOOP('',(#2582,#2583,#2584,#2585));
#513=EDGE_LOOP('',(#2586,#2587,#2588,#2589));
#514=EDGE_LOOP('',(#2590,#2591,#2592,#2593));
#515=EDGE_LOOP('',(#2594,#2595,#2596,#2597));
#516=EDGE_LOOP('',(#2598,#2599,#2600,#2601));
#517=EDGE_LOOP('',(#2602,#2603,#2604,#2605));
#518=EDGE_LOOP('',(#2606,#2607,#2608,#2609));
#519=EDGE_LOOP('',(#2610,#2611,#2612,#2613));
#520=EDGE_LOOP('',(#2614,#2615,#2616,#2617,#2618));
#521=EDGE_LOOP('',(#2619,#2620,#2621,#2622));
#522=EDGE_LOOP('',(#2623,#2624,#2625,#2626));
#523=EDGE_LOOP('',(#2627,#2628,#2629,#2630));
#524=EDGE_LOOP('',(#2631,#2632,#2633,#2634,#2635,#2636,#2637));
#525=EDGE_LOOP('',(#2638,#2639,#2640,#2641));
#526=EDGE_LOOP('',(#2642,#2643,#2644,#2645));
#527=EDGE_LOOP('',(#2646,#2647,#2648,#2649));
#528=EDGE_LOOP('',(#2650,#2651,#2652,#2653));
#529=EDGE_LOOP('',(#2654,#2655,#2656));
#530=EDGE_LOOP('',(#2657,#2658,#2659));
#531=EDGE_LOOP('',(#2660,#2661,#2662,#2663));
#532=EDGE_LOOP('',(#2664,#2665,#2666,#2667));
#533=EDGE_LOOP('',(#2668,#2669,#2670,#2671));
#534=EDGE_LOOP('',(#2672,#2673,#2674,#2675));
#535=EDGE_LOOP('',(#2676,#2677,#2678,#2679));
#536=EDGE_LOOP('',(#2680,#2681,#2682,#2683));
#537=EDGE_LOOP('',(#2684,#2685,#2686));
#538=EDGE_LOOP('',(#2687,#2688,#2689,#2690));
#539=EDGE_LOOP('',(#2691,#2692,#2693,#2694));
#540=EDGE_LOOP('',(#2695,#2696,#2697,#2698));
#541=EDGE_LOOP('',(#2699,#2700,#2701));
#542=EDGE_LOOP('',(#2702,#2703,#2704));
#543=EDGE_LOOP('',(#2705,#2706,#2707,#2708));
#544=EDGE_LOOP('',(#2709,#2710,#2711,#2712));
#545=EDGE_LOOP('',(#2713,#2714,#2715,#2716,#2717,#2718,#2719,#2720,#2721,
#2722));
#546=EDGE_LOOP('',(#2723,#2724,#2725,#2726));
#547=EDGE_LOOP('',(#2727,#2728,#2729,#2730));
#548=EDGE_LOOP('',(#2731,#2732,#2733));
#549=EDGE_LOOP('',(#2734,#2735,#2736,#2737));
#550=EDGE_LOOP('',(#2738,#2739,#2740,#2741));
#551=EDGE_LOOP('',(#2742,#2743,#2744,#2745));
#552=EDGE_LOOP('',(#2746,#2747,#2748));
#553=EDGE_LOOP('',(#2749,#2750,#2751,#2752));
#554=EDGE_LOOP('',(#2753,#2754,#2755,#2756,#2757));
#555=EDGE_LOOP('',(#2758,#2759,#2760));
#556=EDGE_LOOP('',(#2761,#2762,#2763,#2764));
#557=EDGE_LOOP('',(#2765,#2766,#2767,#2768));
#558=EDGE_LOOP('',(#2769,#2770,#2771,#2772,#2773,#2774,#2775));
#559=EDGE_LOOP('',(#2776,#2777,#2778,#2779));
#560=EDGE_LOOP('',(#2780,#2781,#2782,#2783));
#561=EDGE_LOOP('',(#2784,#2785,#2786,#2787));
#562=EDGE_LOOP('',(#2788,#2789,#2790));
#563=EDGE_LOOP('',(#2791,#2792,#2793,#2794));
#564=EDGE_LOOP('',(#2795,#2796,#2797,#2798));
#565=EDGE_LOOP('',(#2799,#2800,#2801,#2802));
#566=EDGE_LOOP('',(#2803,#2804,#2805,#2806));
#567=EDGE_LOOP('',(#2807,#2808,#2809,#2810));
#568=EDGE_LOOP('',(#2811,#2812,#2813,#2814));
#569=EDGE_LOOP('',(#2815,#2816,#2817));
#570=EDGE_LOOP('',(#2818,#2819,#2820));
#571=EDGE_LOOP('',(#2821,#2822,#2823,#2824));
#572=EDGE_LOOP('',(#2825,#2826,#2827,#2828));
#573=EDGE_LOOP('',(#2829,#2830,#2831,#2832));
#574=EDGE_LOOP('',(#2833,#2834,#2835,#2836));
#575=EDGE_LOOP('',(#2837,#2838,#2839,#2840));
#576=EDGE_LOOP('',(#2841,#2842,#2843,#2844));
#577=EDGE_LOOP('',(#2845,#2846,#2847));
#578=EDGE_LOOP('',(#2848,#2849,#2850,#2851));
#579=EDGE_LOOP('',(#2852,#2853,#2854,#2855));
#580=EDGE_LOOP('',(#2856,#2857,#2858,#2859));
#581=EDGE_LOOP('',(#2860,#2861,#2862,#2863));
#582=EDGE_LOOP('',(#2864,#2865,#2866,#2867));
#583=EDGE_LOOP('',(#2868,#2869,#2870,#2871));
#584=EDGE_LOOP('',(#2872,#2873,#2874,#2875));
#585=EDGE_LOOP('',(#2876,#2877,#2878,#2879));
#586=EDGE_LOOP('',(#2880,#2881,#2882,#2883));
#587=EDGE_LOOP('',(#2884,#2885,#2886,#2887));
#588=EDGE_LOOP('',(#2888,#2889,#2890,#2891));
#589=EDGE_LOOP('',(#2892,#2893,#2894,#2895));
#590=EDGE_LOOP('',(#2896,#2897,#2898));
#591=EDGE_LOOP('',(#2899,#2900,#2901));
#592=EDGE_LOOP('',(#2902,#2903,#2904,#2905));
#593=EDGE_LOOP('',(#2906,#2907,#2908,#2909));
#594=EDGE_LOOP('',(#2910,#2911,#2912,#2913));
#595=EDGE_LOOP('',(#2914,#2915,#2916,#2917));
#596=EDGE_LOOP('',(#2918,#2919,#2920,#2921));
#597=EDGE_LOOP('',(#2922,#2923,#2924,#2925));
#598=EDGE_LOOP('',(#2926,#2927,#2928,#2929));
#599=EDGE_LOOP('',(#2930,#2931,#2932,#2933));
#600=EDGE_LOOP('',(#2934,#2935,#2936,#2937));
#601=EDGE_LOOP('',(#2938,#2939,#2940,#2941));
#602=EDGE_LOOP('',(#2942,#2943,#2944,#2945));
#603=EDGE_LOOP('',(#2946,#2947,#2948,#2949));
#604=EDGE_LOOP('',(#2950,#2951,#2952,#2953));
#605=EDGE_LOOP('',(#2954,#2955,#2956,#2957));
#606=EDGE_LOOP('',(#2958,#2959,#2960,#2961));
#607=EDGE_LOOP('',(#2962,#2963,#2964,#2965));
#608=EDGE_LOOP('',(#2966,#2967,#2968,#2969));
#609=EDGE_LOOP('',(#2970,#2971,#2972,#2973));
#610=EDGE_LOOP('',(#2974,#2975,#2976));
#611=EDGE_LOOP('',(#2977,#2978,#2979,#2980));
#612=EDGE_LOOP('',(#2981,#2982,#2983,#2984));
#613=EDGE_LOOP('',(#2985,#2986,#2987,#2988));
#614=EDGE_LOOP('',(#2989,#2990,#2991,#2992));
#615=EDGE_LOOP('',(#2993,#2994,#2995,#2996));
#616=EDGE_LOOP('',(#2997,#2998,#2999,#3000));
#617=EDGE_LOOP('',(#3001,#3002,#3003));
#618=EDGE_LOOP('',(#3004,#3005,#3006));
#619=EDGE_LOOP('',(#3007,#3008,#3009,#3010));
#620=EDGE_LOOP('',(#3011,#3012,#3013,#3014));
#621=EDGE_LOOP('',(#3015,#3016,#3017,#3018));
#622=EDGE_LOOP('',(#3019,#3020,#3021,#3022));
#623=EDGE_LOOP('',(#3023,#3024,#3025,#3026));
#624=EDGE_LOOP('',(#3027,#3028,#3029,#3030));
#625=EDGE_LOOP('',(#3031,#3032,#3033,#3034));
#626=EDGE_LOOP('',(#3035,#3036,#3037,#3038));
#627=EDGE_LOOP('',(#3039,#3040,#3041,#3042));
#628=EDGE_LOOP('',(#3043,#3044,#3045,#3046));
#629=EDGE_LOOP('',(#3047,#3048,#3049));
#630=EDGE_LOOP('',(#3050,#3051,#3052));
#631=EDGE_LOOP('',(#3053,#3054,#3055,#3056));
#632=EDGE_LOOP('',(#3057,#3058,#3059,#3060));
#633=EDGE_LOOP('',(#3061,#3062,#3063,#3064));
#634=EDGE_LOOP('',(#3065,#3066,#3067,#3068));
#635=EDGE_LOOP('',(#3069,#3070,#3071,#3072));
#636=EDGE_LOOP('',(#3073,#3074,#3075,#3076));
#637=EDGE_LOOP('',(#3077,#3078,#3079));
#638=EDGE_LOOP('',(#3080,#3081,#3082));
#639=EDGE_LOOP('',(#3083,#3084,#3085,#3086,#3087));
#640=EDGE_LOOP('',(#3088,#3089,#3090,#3091,#3092));
#641=EDGE_LOOP('',(#3093,#3094,#3095));
#642=EDGE_LOOP('',(#3096,#3097,#3098,#3099));
#643=EDGE_LOOP('',(#3100,#3101,#3102,#3103,#3104));
#644=EDGE_LOOP('',(#3105,#3106,#3107,#3108));
#645=EDGE_LOOP('',(#3109,#3110,#3111,#3112));
#646=EDGE_LOOP('',(#3113,#3114,#3115,#3116));
#647=EDGE_LOOP('',(#3117,#3118,#3119,#3120));
#648=EDGE_LOOP('',(#3121,#3122,#3123,#3124));
#649=EDGE_LOOP('',(#3125,#3126,#3127,#3128));
#650=EDGE_LOOP('',(#3129,#3130,#3131,#3132));
#651=EDGE_LOOP('',(#3133,#3134,#3135,#3136));
#652=EDGE_LOOP('',(#3137,#3138,#3139,#3140));
#653=EDGE_LOOP('',(#3141,#3142,#3143,#3144));
#654=EDGE_LOOP('',(#3145,#3146,#3147,#3148));
#655=EDGE_LOOP('',(#3149,#3150,#3151,#3152));
#656=EDGE_LOOP('',(#3153,#3154,#3155,#3156));
#657=EDGE_LOOP('',(#3157,#3158,#3159,#3160));
#658=EDGE_LOOP('',(#3161,#3162,#3163,#3164));
#659=EDGE_LOOP('',(#3165,#3166,#3167,#3168,#3169,#3170));
#660=EDGE_LOOP('',(#3171,#3172,#3173,#3174));
#661=EDGE_LOOP('',(#3175,#3176,#3177,#3178));
#662=EDGE_LOOP('',(#3179,#3180,#3181,#3182));
#663=EDGE_LOOP('',(#3183,#3184,#3185,#3186));
#664=EDGE_LOOP('',(#3187,#3188,#3189,#3190));
#665=EDGE_LOOP('',(#3191,#3192,#3193,#3194));
#666=EDGE_LOOP('',(#3195,#3196,#3197,#3198));
#667=EDGE_LOOP('',(#3199,#3200,#3201,#3202));
#668=EDGE_LOOP('',(#3203,#3204,#3205,#3206));
#669=EDGE_LOOP('',(#3207,#3208,#3209,#3210));
#670=EDGE_LOOP('',(#3211,#3212,#3213,#3214));
#671=EDGE_LOOP('',(#3215,#3216,#3217,#3218));
#672=EDGE_LOOP('',(#3219,#3220));
#673=EDGE_LOOP('',(#3221,#3222,#3223,#3224));
#674=EDGE_LOOP('',(#3225,#3226,#3227,#3228));
#675=EDGE_LOOP('',(#3229,#3230,#3231,#3232));
#676=EDGE_LOOP('',(#3233,#3234,#3235,#3236));
#677=EDGE_LOOP('',(#3237,#3238,#3239,#3240));
#678=EDGE_LOOP('',(#3241,#3242,#3243,#3244));
#679=EDGE_LOOP('',(#3245,#3246,#3247,#3248,#3249,#3250,#3251,#3252,#3253,
#3254,#3255,#3256,#3257,#3258,#3259,#3260,#3261,#3262,#3263,#3264,#3265,
#3266,#3267,#3268,#3269,#3270,#3271,#3272,#3273,#3274,#3275,#3276,#3277,
#3278,#3279,#3280,#3281,#3282,#3283,#3284,#3285,#3286,#3287,#3288,#3289,
#3290,#3291,#3292,#3293,#3294,#3295,#3296,#3297,#3298,#3299,#3300,#3301,
#3302,#3303,#3304,#3305,#3306,#3307,#3308,#3309,#3310,#3311,#3312,#3313,
#3314,#3315,#3316));
#680=EDGE_LOOP('',(#3317));
#681=EDGE_LOOP('',(#3318,#3319,#3320,#3321));
#682=EDGE_LOOP('',(#3322,#3323));
#683=EDGE_LOOP('',(#3324,#3325,#3326,#3327,#3328,#3329,#3330));
#684=EDGE_LOOP('',(#3331,#3332,#3333,#3334));
#685=EDGE_LOOP('',(#3335,#3336,#3337));
#686=EDGE_LOOP('',(#3338,#3339,#3340,#3341));
#687=EDGE_LOOP('',(#3342,#3343,#3344,#3345));
#688=EDGE_LOOP('',(#3346,#3347,#3348,#3349));
#689=EDGE_LOOP('',(#3350,#3351,#3352,#3353));
#690=EDGE_LOOP('',(#3354,#3355,#3356,#3357,#3358,#3359,#3360));
#691=EDGE_LOOP('',(#3361,#3362,#3363,#3364));
#692=EDGE_LOOP('',(#3365,#3366,#3367,#3368,#3369,#3370,#3371,#3372));
#693=EDGE_LOOP('',(#3373,#3374));
#694=EDGE_LOOP('',(#3375,#3376));
#695=EDGE_LOOP('',(#3377,#3378,#3379,#3380));
#696=EDGE_LOOP('',(#3381,#3382,#3383,#3384));
#697=EDGE_LOOP('',(#3385,#3386,#3387,#3388));
#698=EDGE_LOOP('',(#3389,#3390,#3391,#3392,#3393,#3394,#3395,#3396,#3397,
#3398));
#699=EDGE_LOOP('',(#3399,#3400,#3401,#3402));
#700=EDGE_LOOP('',(#3403,#3404,#3405,#3406));
#701=EDGE_LOOP('',(#3407,#3408));
#702=B_SPLINE_CURVE_WITH_KNOTS('',3,(#5100,#5101,#5102,#5103,#5104,#5105,
#5106,#5107,#5108,#5109,#5110,#5111,#5112,#5113,#5114,#5115,#5116,#5117,
#5118,#5119),.UNSPECIFIED.,.F.,.F.,(4,2,2,2,2,2,2,2,2,4),(3.86247576085451,
4.00468734165728,4.03524552706117,4.05612713665641,4.07551523073423,4.09729505633178,
4.12756205945018,4.17799862968257,4.41307870781059,4.57820030367517),
 .UNSPECIFIED.);
#703=B_SPLINE_CURVE_WITH_KNOTS('',3,(#5121,#5122,#5123,#5124,#5125,#5126),
 .UNSPECIFIED.,.F.,.F.,(4,2,4),(0.690735388148532,0.696283654468761,0.955233435797556),
 .UNSPECIFIED.);
#704=B_SPLINE_CURVE_WITH_KNOTS('',3,(#5128,#5129,#5130,#5131,#5132,#5133,
#5134,#5135),.UNSPECIFIED.,.F.,.F.,(4,2,2,4),(-0.436050532134394,-0.30673555804317,
-0.173446858182439,0.),.UNSPECIFIED.);
#705=B_SPLINE_CURVE_WITH_KNOTS('',3,(#5141,#5142,#5143,#5144,#5145,#5146,
#5147,#5148,#5149,#5150,#5151,#5152,#5153,#5154,#5155,#5156,#5157,#5158,
#5159,#5160),.UNSPECIFIED.,.F.,.F.,(4,2,2,2,2,2,2,2,2,4),(-0.553296079961957,
-0.525098202768634,-0.496900325575311,-0.440504571188666,-0.3556593387763,
-0.270814106363934,-0.190915725125301,-0.111017343886669,-0.0555086719433344,
0.),.UNSPECIFIED.);
#706=B_SPLINE_CURVE_WITH_KNOTS('',3,(#5164,#5165,#5166,#5167,#5168,#5169,
#5170,#5171,#5172,#5173,#5174,#5175,#5176,#5177,#5178,#5179,#5180,#5181),
 .UNSPECIFIED.,.F.,.F.,(4,2,2,2,2,2,2,2,4),(-0.298547636534024,-0.295491450573661,
-0.267180697649857,-0.245579471215465,-0.219346314338129,-0.166464335033242,
-0.116488500637193,-0.0591693962777227,-0.0153007374004694),
 .UNSPECIFIED.);
#707=B_SPLINE_CURVE_WITH_KNOTS('',3,(#5183,#5184,#5185,#5186,#5187,#5188,
#5189,#5190,#5191,#5192,#5193,#5194,#5195,#5196,#5197,#5198),
 .UNSPECIFIED.,.F.,.F.,(4,2,2,2,2,2,2,4),(-0.569924182511458,-0.538858753939348,
-0.505792881068722,-0.464137749697114,-0.391672996651451,-0.317268620704916,
-0.27265616436687,-0.244779646764438),.UNSPECIFIED.);
#708=B_SPLINE_CURVE_WITH_KNOTS('',3,(#5199,#5200,#5201,#5202,#5203,#5204,
#5205,#5206),.UNSPECIFIED.,.F.,.F.,(4,2,2,4),(0.,0.0556746113482674,0.111349222696535,
0.168034151265139),.UNSPECIFIED.);
#709=B_SPLINE_CURVE_WITH_KNOTS('',3,(#5215,#5216,#5217,#5218,#5219,#5220,
#5221),.UNSPECIFIED.,.F.,.F.,(4,3,4),(-0.0323251413331498,-0.00598571734595543,
-0.00301231652267618),.UNSPECIFIED.);
#710=B_SPLINE_CURVE_WITH_KNOTS('',3,(#5223,#5224,#5225,#5226,#5227,#5228,
#5229,#5230,#5231,#5232),.UNSPECIFIED.,.F.,.F.,(4,2,2,2,4),(2.88378675466519,
2.98225237513959,3.11696730945074,3.25726063708191,3.35886108103299),
 .UNSPECIFIED.);
#711=B_SPLINE_CURVE_WITH_KNOTS('',3,(#5235,#5236,#5237,#5238,#5239,#5240,
#5241,#5242),.UNSPECIFIED.,.F.,.F.,(4,2,2,4),(3.05938226740476,3.53369696403694,
4.10649565149371,4.13788768729221),.UNSPECIFIED.);
#712=B_SPLINE_CURVE_WITH_KNOTS('',3,(#5246,#5247,#5248,#5249,#5250,#5251,
#5252,#5253,#5254,#5255,#5256,#5257,#5258,#5259,#5260,#5261,#5262,#5263),
 .UNSPECIFIED.,.F.,.F.,(4,2,2,2,2,2,2,2,4),(0.,0.0414242842997547,0.0828485685995094,
0.122310938448984,0.161773308298459,0.201235678147934,0.24069804799741,
0.282122332297164,0.323546616596919),.UNSPECIFIED.);
#713=B_SPLINE_CURVE_WITH_KNOTS('',3,(#5264,#5265,#5266,#5267,#5268,#5269,
#5270,#5271,#5272,#5273,#5274,#5275,#5276,#5277,#5278,#5279,#5280,#5281),
 .UNSPECIFIED.,.F.,.F.,(4,2,2,2,2,2,2,2,4),(0.323546616596919,0.364996285665041,
0.406445954733163,0.445911105773811,0.48537625681446,0.524841407855108,
0.564306558895756,0.605756227963878,0.647205897032),.UNSPECIFIED.);
#714=B_SPLINE_CURVE_WITH_KNOTS('',3,(#5285,#5286,#5287,#5288,#5289,#5290,
#5291,#5292,#5293,#5294,#5295,#5296,#5297,#5298,#5299,#5300,#5301,#5302),
 .UNSPECIFIED.,.F.,.F.,(4,2,2,2,2,2,2,2,4),(0.,0.03955575336552,0.07911150673104,
0.118667257873421,0.158223009015801,0.197778760158182,0.237334511300563,
0.276890264666083,0.316446018031603),.UNSPECIFIED.);
#715=B_SPLINE_CURVE_WITH_KNOTS('',3,(#5303,#5304,#5305,#5306,#5307,#5308,
#5309,#5310,#5311,#5312,#5313,#5314,#5315,#5316,#5317,#5318,#5319,#5320),
 .UNSPECIFIED.,.F.,.F.,(4,2,2,2,2,2,2,2,4),(0.316446018031603,0.356001771397123,
0.395557524762643,0.435113275905024,0.474669027047405,0.514224778189786,
0.553780529332166,0.593336282697686,0.632892036063206),.UNSPECIFIED.);
#716=B_SPLINE_CURVE_WITH_KNOTS('',3,(#5324,#5325,#5326,#5327,#5328,#5329,
#5330,#5331,#5332,#5333,#5334,#5335,#5336,#5337,#5338,#5339,#5340,#5341,
#5342,#5343),.UNSPECIFIED.,.F.,.F.,(4,2,2,2,2,2,2,2,2,4),(-0.553296079961936,
-0.497787408018601,-0.442278736075266,-0.362380354836639,-0.282481973598011,
-0.197636741185651,-0.112791508773291,-0.0563957543866456,-0.0281978771933229,
0.),.UNSPECIFIED.);
#717=B_SPLINE_CURVE_WITH_KNOTS('',3,(#5347,#5348,#5349,#5350,#5351,#5352,
#5353,#5354),.UNSPECIFIED.,.F.,.F.,(4,2,2,4),(0.336771736908699,0.393456665477586,
0.449131276825854,0.504805888174122),.UNSPECIFIED.);
#718=B_SPLINE_CURVE_WITH_KNOTS('',3,(#5356,#5357,#5358,#5359,#5360,#5361,
#5362,#5363,#5364,#5365,#5366,#5367,#5368,#5369,#5370,#5371),
 .UNSPECIFIED.,.F.,.F.,(4,2,2,2,2,2,2,4),(-0.314105160348603,-0.313134123644011,
-0.276261540662022,-0.208246387623052,-0.138814587891994,-0.0757029895861468,
-0.0423504649318312,-0.000235782053944755),.UNSPECIFIED.);
#719=B_SPLINE_CURVE_WITH_KNOTS('',3,(#5373,#5374,#5375,#5376,#5377,#5378,
#5379,#5380,#5381,#5382,#5383,#5384,#5385,#5386,#5387,#5388,#5389,#5390),
 .UNSPECIFIED.,.F.,.F.,(4,2,2,2,2,2,2,2,4),(-0.576808658798798,-0.53579074416187,
-0.486346253908184,-0.443150117756142,-0.392043043956801,-0.361299118076917,
-0.339903793308567,-0.316512621283515,-0.30186859441375),.UNSPECIFIED.);
#720=B_SPLINE_CURVE_WITH_KNOTS('',3,(#5396,#5397,#5398,#5399,#5400,#5401,
#5402,#5403),.UNSPECIFIED.,.F.,.F.,(4,2,2,4),(1.78390886586867,1.81530090166777,
2.38809958912474,2.86241428575711),.UNSPECIFIED.);
#721=B_SPLINE_CURVE_WITH_KNOTS('',3,(#5407,#5408,#5409,#5410,#5411,#5412,
#5413,#5414,#5415,#5416,#5417,#5418),.UNSPECIFIED.,.F.,.F.,(4,2,2,2,2,4),
(7.13558397058537,7.13598106810044,7.28550951973589,7.43503797137135,7.55262486351789,
7.61199971794157),.UNSPECIFIED.);
#722=B_SPLINE_CURVE_WITH_KNOTS('',3,(#5420,#5421,#5422,#5423,#5424,#5425,
#5426),.UNSPECIFIED.,.F.,.F.,(4,3,4),(-0.0293165812589076,-0.00298227452001354,
0.),.UNSPECIFIED.);
#723=B_SPLINE_CURVE_WITH_KNOTS('',3,(#5435,#5436,#5437,#5438,#5439,#5440,
#5441,#5442),.UNSPECIFIED.,.F.,.F.,(4,2,2,4),(-0.438120625639333,-0.294998330625599,
-0.144575839274907,-0.00692983608418707),.UNSPECIFIED.);
#724=B_SPLINE_CURVE_WITH_KNOTS('',3,(#5444,#5445,#5446,#5447,#5448,#5449),
 .UNSPECIFIED.,.F.,.F.,(4,2,4),(1.97957635628273,2.23852613761135,2.24407440393102),
 .UNSPECIFIED.);
#725=B_SPLINE_CURVE_WITH_KNOTS('',3,(#5451,#5452,#5453,#5454,#5455,#5456,
#5457,#5458,#5459,#5460,#5461,#5462,#5463,#5464,#5465,#5466,#5467,#5468,
#5469,#5470),.UNSPECIFIED.,.F.,.F.,(4,2,2,2,2,2,2,2,2,4),(0.923689277212888,
1.08881087307665,1.3238909512049,1.37432752143736,1.40459452455581,1.42637435015338,
1.44576244423121,1.46664405382645,1.49720223923034,1.63941382003304),
 .UNSPECIFIED.);
#726=B_SPLINE_CURVE_WITH_KNOTS('',3,(#5477,#5478,#5479,#5480,#5481,#5482,
#5483,#5484,#5485,#5486,#5487,#5488),.UNSPECIFIED.,.F.,.F.,(4,2,2,2,2,4),
(0.0517289982577889,0.0757651500557469,0.154232683665858,0.238058058812661,
0.302272793056677,0.364439035403775),.UNSPECIFIED.);
#727=B_SPLINE_CURVE_WITH_KNOTS('',3,(#5490,#5491,#5492,#5493,#5494,#5495,
#5496,#5497,#5498,#5499),.UNSPECIFIED.,.F.,.F.,(4,2,2,2,4),(0.,0.154435278381481,
0.326434476365913,0.475871220335995,0.624510081844623),.UNSPECIFIED.);
#728=B_SPLINE_CURVE_WITH_KNOTS('',3,(#5523,#5524,#5525,#5526),
 .UNSPECIFIED.,.F.,.F.,(4,4),(-0.465554072356047,-0.289767530957671),
 .UNSPECIFIED.);
#729=B_SPLINE_CURVE_WITH_KNOTS('',3,(#5533,#5534,#5535,#5536,#5537,#5538,
#5539,#5540,#5541,#5542,#5543,#5544,#5545),.UNSPECIFIED.,.F.,.F.,(4,2,2,
2,3,4),(-0.323200830454583,-0.234970994172832,-0.151914382351459,-0.0740419822603466,
0.,0.0122903406506571),.UNSPECIFIED.);
#730=B_SPLINE_CURVE_WITH_KNOTS('',3,(#5578,#5579,#5580,#5581,#5582,#5583,
#5584,#5585,#5586,#5587),.UNSPECIFIED.,.F.,.F.,(4,2,2,2,4),(0.,0.15443527838157,
0.326434476366268,0.475871220336592,0.526682819480045),.UNSPECIFIED.);
#731=B_SPLINE_CURVE_WITH_KNOTS('',3,(#5589,#5590,#5591,#5592),
 .UNSPECIFIED.,.F.,.F.,(4,4),(-0.465554072356047,-0.289767573063748),
 .UNSPECIFIED.);
#732=B_SPLINE_CURVE_WITH_KNOTS('',3,(#5597,#5598,#5599,#5600,#5601,#5602,
#5603,#5604,#5605,#5606,#5607,#5608),.UNSPECIFIED.,.F.,.F.,(4,2,2,2,2,4),
(0.,0.0757651500557474,0.15423268366586,0.238058058812671,0.302272793056687,
0.364439035403775),.UNSPECIFIED.);
#733=B_SPLINE_CURVE_WITH_KNOTS('',3,(#5711,#5712,#5713,#5714,#5715,#5716,
#5717,#5718,#5719,#5720,#5721,#5722,#5723),.UNSPECIFIED.,.F.,.F.,(4,3,2,
2,2,4),(-0.0122903406506575,0.,0.0740419822603468,0.151914382351458,0.234970994172833,
0.323200830454583),.UNSPECIFIED.);
#734=B_SPLINE_CURVE_WITH_KNOTS('',3,(#5727,#5728,#5729,#5730,#5731,#5732,
#5733,#5734,#5735,#5736,#5737,#5738),.UNSPECIFIED.,.F.,.F.,(4,2,2,2,2,4),
(0.0221426732837604,0.0757651500557511,0.154232683665875,0.238058058812697,
0.302272793056721,0.364439035403811),.UNSPECIFIED.);
#735=B_SPLINE_CURVE_WITH_KNOTS('',3,(#5739,#5740,#5741,#5742,#5743,#5744,
#5745,#5746,#5747,#5748),.UNSPECIFIED.,.F.,.F.,(4,2,2,2,4),(0.,0.154435278381457,
0.326434476365808,0.475871220335826,0.62451008184439),.UNSPECIFIED.);
#736=B_SPLINE_CURVE_WITH_KNOTS('',3,(#5751,#5752,#5753,#5754,#5755,#5756,
#5757,#5758,#5759,#5760,#5761,#5762,#5763),.UNSPECIFIED.,.F.,.F.,(4,2,2,
2,3,4),(-0.323200830454583,-0.234970994172832,-0.151914382351459,-0.0740419822603466,
0.,0.0122903406506571),.UNSPECIFIED.);
#737=B_SPLINE_CURVE_WITH_KNOTS('',3,(#5786,#5787,#5788,#5789),
 .UNSPECIFIED.,.F.,.F.,(4,4),(0.19135672736532,0.465554072356047),
 .UNSPECIFIED.);
#738=B_SPLINE_CURVE_WITH_KNOTS('',3,(#5792,#5793,#5794,#5795),
 .UNSPECIFIED.,.F.,.F.,(4,4),(-0.175786496171835,0.),.UNSPECIFIED.);
#739=B_SPLINE_CURVE_WITH_KNOTS('',3,(#5837,#5838,#5839,#5840,#5841,#5842,
#5843,#5844,#5845,#5846,#5847,#5848,#5849,#5850,#5851,#5852,#5853,#5854,
#5855,#5856,#5857,#5858,#5859,#5860,#5861,#5862),.UNSPECIFIED.,.F.,.F.,
(4,2,2,2,2,2,2,2,2,2,2,2,4),(8.04974094051389,8.22204582104079,8.65303856580286,
9.08817926938511,9.52331997296737,9.95846067654962,10.3936013801319,10.8287420837141,
11.2638827872964,11.6990234908786,12.1341641944609,12.565156939223,12.7374618197499),
 .UNSPECIFIED.);
#740=B_SPLINE_CURVE_WITH_KNOTS('',3,(#5864,#5865,#5866,#5867,#5868,#5869),
 .UNSPECIFIED.,.F.,.F.,(4,2,4),(1.66859247711783,2.0345419119395,2.34059532432458),
 .UNSPECIFIED.);
#741=B_SPLINE_CURVE_WITH_KNOTS('',3,(#5871,#5872,#5873,#5874),
 .UNSPECIFIED.,.F.,.F.,(4,4),(-1.04603932080788,-0.931235603321057),
 .UNSPECIFIED.);
#742=B_SPLINE_CURVE_WITH_KNOTS('',3,(#5876,#5877,#5878,#5879,#5880,#5881),
 .UNSPECIFIED.,.F.,.F.,(4,2,4),(7.99332068051575,8.33760881664055,8.79584263206984),
 .UNSPECIFIED.);
#743=B_SPLINE_CURVE_WITH_KNOTS('',3,(#5883,#5884,#5885,#5886,#5887,#5888,
#5889,#5890,#5891,#5892,#5893,#5894),.UNSPECIFIED.,.F.,.F.,(4,2,2,2,2,4),
(-0.657171474593489,-0.608095878623626,-0.510962256083885,-0.397544275139484,
-0.26708209116815,-0.246693791290828),.UNSPECIFIED.);
#744=B_SPLINE_CURVE_WITH_KNOTS('',3,(#5896,#5897,#5898,#5899,#5900,#5901,
#5902,#5903,#5904,#5905,#5906,#5907,#5908,#5909),.UNSPECIFIED.,.F.,.F.,
(4,2,2,2,2,2,4),(-0.888519554447948,-0.852040649426443,-0.760867567860878,
-0.686402781193577,-0.621210619175114,-0.555025574331898,-0.52646627724673),
 .UNSPECIFIED.);
#745=B_SPLINE_CURVE_WITH_KNOTS('',3,(#5911,#5912,#5913,#5914,#5915,#5916),
 .UNSPECIFIED.,.F.,.F.,(4,2,4),(5.53937872916366,5.723380324507,6.03340651593277),
 .UNSPECIFIED.);
#746=B_SPLINE_CURVE_WITH_KNOTS('',3,(#5918,#5919,#5920,#5921,#5922,#5923,
#5924,#5925,#5926,#5927,#5928,#5929),.UNSPECIFIED.,.F.,.F.,(4,2,2,2,2,4),
(-0.425825788735299,-0.347048499302239,-0.260420891412902,-0.172282786922769,
-0.0844711547591213,-0.0743096697603313),.UNSPECIFIED.);
#747=B_SPLINE_CURVE_WITH_KNOTS('',3,(#5931,#5932,#5933,#5934,#5935,#5936,
#5937,#5938,#5939,#5940,#5941,#5942,#5943,#5944),.UNSPECIFIED.,.F.,.F.,
(4,2,2,2,2,2,4),(-0.539202993621711,-0.536485903858236,-0.492342512624047,
-0.412564979655028,-0.333901082563132,-0.2544025337634,-0.19905986176163),
 .UNSPECIFIED.);
#748=B_SPLINE_CURVE_WITH_KNOTS('',3,(#5946,#5947,#5948,#5949,#5950,#5951),
 .UNSPECIFIED.,.F.,.F.,(4,2,4),(4.27420685114319,4.68937196874533,4.70010986413785),
 .UNSPECIFIED.);
#749=B_SPLINE_CURVE_WITH_KNOTS('',3,(#5953,#5954,#5955,#5956,#5957,#5958,
#5959,#5960,#5961,#5962,#5963,#5964),.UNSPECIFIED.,.F.,.F.,(4,2,2,2,2,4),
(-0.38174986006037,-0.3215759428353,-0.242684883548569,-0.163022498068571,
-0.0820070662488652,-0.0415884268838119),.UNSPECIFIED.);
#750=B_SPLINE_CURVE_WITH_KNOTS('',3,(#5966,#5967,#5968,#5969,#5970,#5971,
#5972,#5973,#5974,#5975,#5976,#5977),.UNSPECIFIED.,.F.,.F.,(4,2,2,2,2,4),
(-0.529727947797899,-0.495481855262907,-0.407380407396984,-0.320606895971643,
-0.236140024194448,-0.178586934452374),.UNSPECIFIED.);
#751=B_SPLINE_CURVE_WITH_KNOTS('',3,(#5979,#5980,#5981,#5982,#5983,#5984),
 .UNSPECIFIED.,.F.,.F.,(4,2,4),(3.74407986822787,3.89844407765521,4.2391951365668),
 .UNSPECIFIED.);
#752=B_SPLINE_CURVE_WITH_KNOTS('',3,(#5986,#5987,#5988,#5989,#5990,#5991,
#5992,#5993,#5994,#5995,#5996,#5997),.UNSPECIFIED.,.F.,.F.,(4,2,2,2,2,4),
(-0.515857870447458,-0.451364041598567,-0.384855180535584,-0.309381212423591,
-0.21579002270973,-0.152026375162686),.UNSPECIFIED.);
#753=B_SPLINE_CURVE_WITH_KNOTS('',3,(#5999,#6000,#6001,#6002,#6003,#6004,
#6005,#6006,#6007,#6008,#6009,#6010),.UNSPECIFIED.,.F.,.F.,(4,2,2,2,2,4),
(-0.879162946811155,-0.793345050444599,-0.649407648056019,-0.533700522062529,
-0.441271409518581,-0.401537403533965),.UNSPECIFIED.);
#754=B_SPLINE_CURVE_WITH_KNOTS('',3,(#6012,#6013,#6014,#6015,#6016,#6017,
#6018,#6019),.UNSPECIFIED.,.F.,.F.,(4,2,2,4),(3.80245204027207,3.90009207665622,
4.45516609377979,4.60119405536086),.UNSPECIFIED.);
#755=B_SPLINE_CURVE_WITH_KNOTS('',3,(#6021,#6022,#6023,#6024),
 .UNSPECIFIED.,.F.,.F.,(4,4),(-0.195387369654604,-0.00171075949447452),
 .UNSPECIFIED.);
#756=B_SPLINE_CURVE_WITH_KNOTS('',3,(#6025,#6026,#6027,#6028),
 .UNSPECIFIED.,.F.,.F.,(4,4),(1.59258340456918,2.28365692740244),
 .UNSPECIFIED.);
#757=B_SPLINE_CURVE_WITH_KNOTS('',3,(#6032,#6033,#6034,#6035,#6036,#6037,
#6038,#6039),.UNSPECIFIED.,.F.,.F.,(4,2,2,4),(-0.178330784196532,-0.162249589696437,
-0.0826794075242475,-0.0723988707578138),.UNSPECIFIED.);
#758=B_SPLINE_CURVE_WITH_KNOTS('',3,(#6051,#6052,#6053,#6054,#6055,#6056,
#6057,#6058,#6059,#6060,#6061),.UNSPECIFIED.,.F.,.F.,(4,2,2,3,4),(-0.433075588216042,
-0.403102164241794,-0.201551082120897,0.,0.10512092698354),
 .UNSPECIFIED.);
#759=B_SPLINE_CURVE_WITH_KNOTS('',3,(#6063,#6064,#6065,#6066,#6067,#6068,
#6069,#6070,#6071,#6072,#6073,#6074,#6075,#6076),.UNSPECIFIED.,.F.,.F.,
(4,2,2,2,2,2,4),(-0.506266246530619,-0.450777905762091,-0.363015160415934,
-0.283985376176985,-0.20490378457613,-0.114447361160242,-0.0696531344868964),
 .UNSPECIFIED.);
#760=B_SPLINE_CURVE_WITH_KNOTS('',3,(#6078,#6079,#6080,#6081,#6082,#6083,
#6084,#6085,#6086,#6087,#6088,#6089),.UNSPECIFIED.,.F.,.F.,(4,2,2,2,2,4),
(-0.765978142445423,-0.724978559503144,-0.655080553314396,-0.576854069338988,
-0.484776517128382,-0.414462508296672),.UNSPECIFIED.);
#761=B_SPLINE_CURVE_WITH_KNOTS('',3,(#6090,#6091,#6092,#6093,#6094,#6095,
#6096,#6097,#6098,#6099,#6100,#6101,#6102,#6103,#6104,#6105,#6106,#6107),
 .UNSPECIFIED.,.F.,.F.,(4,2,2,2,2,2,2,2,4),(0.833454443944643,0.959866955039115,
1.14095476409321,1.32546008989416,1.50996541569512,1.70468275661372,1.89940009753231,
2.09941375704472,2.21489565154958),.UNSPECIFIED.);
#762=B_SPLINE_CURVE_WITH_KNOTS('',3,(#6111,#6112,#6113,#6114,#6115,#6116,
#6117,#6118,#6119,#6120),.UNSPECIFIED.,.F.,.F.,(4,2,2,2,4),(1.40484448871159,
1.50996541569512,1.71151649781602,1.91306757993692,1.94304100375889),
 .UNSPECIFIED.);
#763=B_SPLINE_CURVE_WITH_KNOTS('',3,(#6132,#6133,#6134,#6135,#6136,#6137),
 .UNSPECIFIED.,.F.,.F.,(4,2,4),(-0.472512629019079,-0.400991673365972,-0.366668105087024),
 .UNSPECIFIED.);
#764=B_SPLINE_CURVE_WITH_KNOTS('',3,(#6139,#6140,#6141,#6142,#6143,#6144,
#6145,#6146,#6147,#6148,#6149,#6150,#6151,#6152,#6153,#6154,#6155,#6156,
#6157),.UNSPECIFIED.,.F.,.F.,(4,2,2,2,3,2,2,2,4),(-0.704930235854431,-0.589448341349597,
-0.389434681837193,-0.194717340918596,0.,0.184505325800958,0.369010651601916,
0.550098460656008,0.676510971750455),.UNSPECIFIED.);
#765=B_SPLINE_CURVE_WITH_KNOTS('',3,(#6159,#6160,#6161,#6162,#6163,#6164,
#6165,#6166,#6167,#6168,#6169,#6170,#6171,#6172),.UNSPECIFIED.,.F.,.F.,
(4,2,2,2,2,2,4),(-0.426342199735241,-0.382017336394117,-0.293168789798356,
-0.216608255801154,-0.148160192836084,-0.0783965181929805,-0.0750145848141006),
 .UNSPECIFIED.);
#766=B_SPLINE_CURVE_WITH_KNOTS('',3,(#6173,#6174,#6175,#6176,#6177,#6178,
#6179,#6180,#6181,#6182,#6183,#6184,#6185,#6186),.UNSPECIFIED.,.F.,.F.,
(4,2,2,2,2,2,4),(-1.20989215852172,-1.15628756836048,-1.08585893772627,
-1.01775462775811,-0.94526946142955,-0.863638592468631,-0.83888380784949),
 .UNSPECIFIED.);
#767=B_SPLINE_CURVE_WITH_KNOTS('',3,(#6188,#6189,#6190,#6191,#6192,#6193,
#6194,#6195,#6196,#6197,#6198,#6199,#6200,#6201,#6202,#6203,#6204,#6205),
 .UNSPECIFIED.,.F.,.F.,(4,2,2,2,2,2,2,2,4),(11.7222744367613,12.0455434306688,
12.5781380376392,13.1107326446095,13.6433272515799,14.1759218585503,14.7085164655207,
15.2411110724911,15.5643800663986),.UNSPECIFIED.);
#768=B_SPLINE_CURVE_WITH_KNOTS('',3,(#6207,#6208,#6209,#6210,#6211,#6212),
 .UNSPECIFIED.,.F.,.F.,(4,2,4),(-0.689900919230184,-0.637350195745372,-0.596176843798282),
 .UNSPECIFIED.);
#769=B_SPLINE_CURVE_WITH_KNOTS('',3,(#6214,#6215,#6216,#6217),
 .UNSPECIFIED.,.F.,.F.,(4,4),(5.1996103358015,5.68656119551868),
 .UNSPECIFIED.);
#770=B_SPLINE_CURVE_WITH_KNOTS('',3,(#6219,#6220,#6221,#6222,#6223,#6224,
#6225,#6226,#6227,#6228,#6229,#6230),.UNSPECIFIED.,.F.,.F.,(4,2,2,2,2,4),
(-0.549086469327094,-0.485911723767656,-0.402237423723341,-0.319647343092792,
-0.238656339450354,-0.205668748162923),.UNSPECIFIED.);
#771=B_SPLINE_CURVE_WITH_KNOTS('',3,(#6232,#6233,#6234,#6235,#6236,#6237,
#6238,#6239,#6240,#6241,#6242,#6243),.UNSPECIFIED.,.F.,.F.,(4,2,2,2,2,4),
(-0.675000390796326,-0.626902952625156,-0.571690353099613,-0.491718223190183,
-0.410133606841489,-0.334968066663621),.UNSPECIFIED.);
#772=B_SPLINE_CURVE_WITH_KNOTS('',3,(#6245,#6246,#6247,#6248,#6249,#6250),
 .UNSPECIFIED.,.F.,.F.,(4,2,4),(3.98917270347733,4.13747523781548,4.47506551783285),
 .UNSPECIFIED.);
#773=B_SPLINE_CURVE_WITH_KNOTS('',3,(#6252,#6253,#6254,#6255,#6256,#6257,
#6258,#6259,#6260,#6261,#6262,#6263,#6264,#6265),.UNSPECIFIED.,.F.,.F.,
(4,2,2,2,2,2,4),(-0.412627486698144,-0.406007590372931,-0.323323373207416,
-0.24130540669122,-0.160166970026044,-0.0798457777635223,-0.0716002865586187),
 .UNSPECIFIED.);
#774=B_SPLINE_CURVE_WITH_KNOTS('',3,(#6267,#6268,#6269,#6270,#6271,#6272,
#6273,#6274,#6275,#6276,#6277,#6278),.UNSPECIFIED.,.F.,.F.,(4,2,2,2,2,4),
(-0.67454728478528,-0.644040147501237,-0.569199726158331,-0.488350711103163,
-0.40643993223706,-0.334599705294002),.UNSPECIFIED.);
#775=B_SPLINE_CURVE_WITH_KNOTS('',3,(#6280,#6281,#6282,#6283,#6284,#6285),
 .UNSPECIFIED.,.F.,.F.,(4,2,4),(2.84677005889153,3.09588288055394,3.34499570221634),
 .UNSPECIFIED.);
#776=B_SPLINE_CURVE_WITH_KNOTS('',3,(#6287,#6288,#6289,#6290,#6291,#6292,
#6293,#6294,#6295,#6296,#6297,#6298),.UNSPECIFIED.,.F.,.F.,(4,2,2,2,2,4),
(-0.384362265321542,-0.321996572755795,-0.240757529529304,-0.160328259689424,
-0.0802325999792166,-0.0443492270851051),.UNSPECIFIED.);
#777=B_SPLINE_CURVE_WITH_KNOTS('',3,(#6300,#6301,#6302,#6303,#6304,#6305,
#6306,#6307,#6308,#6309,#6310,#6311),.UNSPECIFIED.,.F.,.F.,(4,2,2,2,2,4),
(-0.753214723235071,-0.730934863735421,-0.649842527296527,-0.567854303381632,
-0.485153402076066,-0.412088357741736),.UNSPECIFIED.);
#778=B_SPLINE_CURVE_WITH_KNOTS('',3,(#6313,#6314,#6315,#6316,#6317,#6318),
 .UNSPECIFIED.,.F.,.F.,(4,2,4),(2.14489486267191,2.48248514268929,2.63078767702742),
 .UNSPECIFIED.);
#779=B_SPLINE_CURVE_WITH_KNOTS('',3,(#6320,#6321,#6322,#6323,#6324,#6325,
#6326,#6327,#6328,#6329,#6330,#6331),.UNSPECIFIED.,.F.,.F.,(4,2,2,2,2,4),
(-0.347374890602978,-0.320778669788045,-0.239574003775445,-0.159736317077008,
-0.0801981726872866,-0.00717612601511132),.UNSPECIFIED.);
#780=B_SPLINE_CURVE_WITH_KNOTS('',3,(#6333,#6334,#6335,#6336,#6337,#6338,
#6339,#6340,#6341,#6342,#6343,#6344),.UNSPECIFIED.,.F.,.F.,(4,2,2,2,2,4),
(-0.893164788983532,-0.821155877606269,-0.738061981383931,-0.654121036564235,
-0.570351186397874,-0.549496317893348),.UNSPECIFIED.);
#781=B_SPLINE_CURVE_WITH_KNOTS('',3,(#6346,#6347,#6348,#6349),
 .UNSPECIFIED.,.F.,.F.,(4,4),(1.62295291325077,2.10990377296796),
 .UNSPECIFIED.);
#782=B_SPLINE_CURVE_WITH_KNOTS('',3,(#6350,#6351,#6352,#6353,#6354,#6355),
 .UNSPECIFIED.,.F.,.F.,(4,2,4),(-0.103233540425462,-0.0798728373485904,
-0.00939032904230276),.UNSPECIFIED.);
#783=B_SPLINE_CURVE_WITH_KNOTS('',3,(#6358,#6359,#6360,#6361,#6362,#6363,
#6364,#6365),.UNSPECIFIED.,.F.,.F.,(4,2,2,4),(1.06312780721425,1.13378808543063,
1.21475254220168,1.30408892084237),.UNSPECIFIED.);
#784=B_SPLINE_CURVE_WITH_KNOTS('',3,(#6367,#6368,#6369,#6370,#6371,#6372,
#6373,#6374,#6375,#6376,#6377,#6378,#6379),.UNSPECIFIED.,.F.,.F.,(4,3,2,
2,2,4),(-0.0160361664847985,0.,0.107053975082786,0.201165899815897,0.28188846972346,
0.352513985815818),.UNSPECIFIED.);
#785=B_SPLINE_CURVE_WITH_KNOTS('',3,(#6386,#6387,#6388,#6389,#6390,#6391,
#6392,#6393,#6394,#6395,#6396,#6397,#6398),.UNSPECIFIED.,.F.,.F.,(4,2,2,
2,3,4),(-0.35251398581582,-0.281888469723463,-0.201165899815898,-0.107053975082787,
0.,0.0160361664847977),.UNSPECIFIED.);
#786=B_SPLINE_CURVE_WITH_KNOTS('',3,(#6399,#6400,#6401,#6402,#6403,#6404,
#6405,#6406),.UNSPECIFIED.,.F.,.F.,(4,2,2,4),(0.112088174233238,0.20142455287389,
0.28238900964494,0.353049287861318),.UNSPECIFIED.);
#787=B_SPLINE_CURVE_WITH_KNOTS('',3,(#6427,#6428,#6429,#6430,#6431,#6432,
#6433,#6434,#6435,#6436,#6437,#6438,#6439),.UNSPECIFIED.,.F.,.F.,(4,2,2,
2,3,4),(-0.323200830454583,-0.234970994172832,-0.151914382351459,-0.0740419822603466,
0.,0.0122903406506571),.UNSPECIFIED.);
#788=B_SPLINE_CURVE_WITH_KNOTS('',3,(#6455,#6456,#6457,#6458,#6459,#6460,
#6461,#6462,#6463,#6464,#6465,#6466,#6467),.UNSPECIFIED.,.F.,.F.,(4,3,2,
2,2,4),(-0.0122903406506575,0.,0.0740419822603468,0.151914382351458,0.234970994172833,
0.323200830454583),.UNSPECIFIED.);
#789=B_SPLINE_CURVE_WITH_KNOTS('',3,(#6481,#6482,#6483,#6484,#6485,#6486,
#6487,#6488,#6489,#6490,#6491,#6492,#6493),.UNSPECIFIED.,.F.,.F.,(4,2,2,
2,3,4),(-0.323200830454583,-0.234970994172832,-0.151914382351459,-0.0740419822603466,
0.,0.0122903406506571),.UNSPECIFIED.);
#790=B_SPLINE_CURVE_WITH_KNOTS('',3,(#6514,#6515,#6516,#6517,#6518,#6519,
#6520,#6521,#6522,#6523,#6524,#6525,#6526),.UNSPECIFIED.,.F.,.F.,(4,3,2,
2,2,4),(-0.0122903406506575,0.,0.0740419822603468,0.151914382351458,0.234970994172833,
0.323200830454583),.UNSPECIFIED.);
#791=B_SPLINE_CURVE_WITH_KNOTS('',3,(#6536,#6537,#6538,#6539,#6540,#6541,
#6542,#6543,#6544,#6545,#6546,#6547,#6548),.UNSPECIFIED.,.F.,.F.,(4,2,2,
2,3,4),(-0.323200830454583,-0.234970994172832,-0.151914382351459,-0.0740419822603466,
0.,0.0122903406506571),.UNSPECIFIED.);
#792=B_SPLINE_CURVE_WITH_KNOTS('',3,(#6564,#6565,#6566,#6567,#6568,#6569,
#6570,#6571,#6572,#6573,#6574,#6575,#6576),.UNSPECIFIED.,.F.,.F.,(4,3,2,
2,2,4),(-0.0122903406506575,0.,0.0740419822603468,0.151914382351458,0.234970994172833,
0.323200830454583),.UNSPECIFIED.);
#793=B_SPLINE_CURVE_WITH_KNOTS('',3,(#6584,#6585,#6586,#6587,#6588,#6589,
#6590,#6591,#6592,#6593,#6594,#6595,#6596),.UNSPECIFIED.,.F.,.F.,(4,2,2,
2,3,4),(-0.323200830454583,-0.234970994172832,-0.151914382351459,-0.0740419822603466,
0.,0.0122903406506571),.UNSPECIFIED.);
#794=B_SPLINE_CURVE_WITH_KNOTS('',3,(#6625,#6626,#6627,#6628,#6629,#6630,
#6631,#6632,#6633,#6634,#6635,#6636),.UNSPECIFIED.,.F.,.F.,(4,2,2,2,2,4),
(0.,0.0757651500557485,0.154232683665866,0.238058058812682,0.302272793056704,
0.364439035403799),.UNSPECIFIED.);
#795=B_SPLINE_CURVE_WITH_KNOTS('',3,(#6637,#6638,#6639,#6640),
 .UNSPECIFIED.,.F.,.F.,(4,4),(0.177549016707386,0.465554072356047),
 .UNSPECIFIED.);
#796=B_SPLINE_CURVE_WITH_KNOTS('',3,(#6643,#6644,#6645,#6646),
 .UNSPECIFIED.,.F.,.F.,(4,4),(-0.175786496176904,0.),.UNSPECIFIED.);
#797=B_SPLINE_CURVE_WITH_KNOTS('',3,(#6651,#6652,#6653,#6654,#6655,#6656,
#6657,#6658,#6659,#6660,#6661,#6662,#6663),.UNSPECIFIED.,.F.,.F.,(4,3,2,
2,2,4),(-0.0122903406506575,0.,0.0740419822603468,0.151914382351458,0.234970994172833,
0.323200830454583),.UNSPECIFIED.);
#798=B_SPLINE_CURVE_WITH_KNOTS('',3,(#6670,#6671,#6672,#6673),
 .UNSPECIFIED.,.F.,.F.,(4,4),(0.,0.288005044737706),.UNSPECIFIED.);
#799=B_SPLINE_CURVE_WITH_KNOTS('',3,(#6677,#6678,#6679,#6680,#6681,#6682,
#6683,#6684,#6685,#6686,#6687,#6688,#6689),.UNSPECIFIED.,.F.,.F.,(4,2,2,
2,3,4),(-0.323200830454583,-0.234970994172832,-0.151914382351459,-0.0740419822603466,
0.,0.0122903406506571),.UNSPECIFIED.);
#800=B_SPLINE_CURVE_WITH_KNOTS('',3,(#6711,#6712,#6713,#6714,#6715,#6716,
#6717,#6718,#6719,#6720),.UNSPECIFIED.,.F.,.F.,(4,2,2,2,4),(0.,0.154435278381715,
0.32643447636685,0.475871220337545,0.624510081846786),.UNSPECIFIED.);
#801=B_SPLINE_CURVE_WITH_KNOTS('',3,(#6721,#6722,#6723,#6724),
 .UNSPECIFIED.,.F.,.F.,(4,4),(-0.465554072356047,-0.289767573060014),
 .UNSPECIFIED.);
#802=B_SPLINE_CURVE_WITH_KNOTS('',3,(#6726,#6727,#6728,#6729,#6730,#6731,
#6732,#6733,#6734,#6735),.UNSPECIFIED.,.F.,.F.,(4,2,2,2,4),(0.,0.154435278381373,
0.326434476365449,0.475871220335228,0.624510081843552),.UNSPECIFIED.);
#803=B_SPLINE_CURVE_WITH_KNOTS('',3,(#6737,#6738,#6739,#6740,#6741,#6742,
#6743,#6744,#6745,#6746,#6747,#6748),.UNSPECIFIED.,.F.,.F.,(4,2,2,2,2,4),
(0.,0.075765150055749,0.154232683665865,0.238058058812676,0.302272793056694,
0.364439035403777),.UNSPECIFIED.);
#804=B_SPLINE_CURVE_WITH_KNOTS('',3,(#6770,#6771,#6772,#6773,#6774,#6775,
#6776,#6777,#6778,#6779,#6780,#6781),.UNSPECIFIED.,.F.,.F.,(4,2,2,2,2,4),
(0.,0.0757651500557452,0.154232683665854,0.238058058812666,0.302272793056674,
0.364439035403747),.UNSPECIFIED.);
#805=B_SPLINE_CURVE_WITH_KNOTS('',3,(#6783,#6784,#6785,#6786),
 .UNSPECIFIED.,.F.,.F.,(4,4),(0.177549016707386,0.465554072356047),
 .UNSPECIFIED.);
#806=B_SPLINE_CURVE_WITH_KNOTS('',3,(#6789,#6790,#6791,#6792),
 .UNSPECIFIED.,.F.,.F.,(4,4),(-0.175786496176849,0.),.UNSPECIFIED.);
#807=B_SPLINE_CURVE_WITH_KNOTS('',3,(#6796,#6797,#6798,#6799,#6800,#6801,
#6802,#6803,#6804,#6805,#6806,#6807,#6808),.UNSPECIFIED.,.F.,.F.,(4,3,2,
2,2,4),(-0.0122903406506575,0.,0.0740419822603468,0.151914382351458,0.234970994172833,
0.323200830454583),.UNSPECIFIED.);
#808=B_SPLINE_CURVE_WITH_KNOTS('',3,(#6818,#6819,#6820,#6821),
 .UNSPECIFIED.,.F.,.F.,(4,4),(0.,0.288005044737706),.UNSPECIFIED.);
#809=B_SPLINE_CURVE_WITH_KNOTS('',3,(#6823,#6824,#6825,#6826,#6827,#6828,
#6829,#6830,#6831,#6832,#6833,#6834,#6835),.UNSPECIFIED.,.F.,.F.,(4,2,2,
2,3,4),(-0.323200830454583,-0.234970994172832,-0.151914382351459,-0.0740419822603466,
0.,0.0122903406506571),.UNSPECIFIED.);
#810=B_SPLINE_CURVE_WITH_KNOTS('',3,(#6858,#6859,#6860,#6861,#6862,#6863,
#6864,#6865,#6866,#6867),.UNSPECIFIED.,.F.,.F.,(4,2,2,2,4),(0.,0.154435278381479,
0.326434476365903,0.475871220335985,0.624510081844621),.UNSPECIFIED.);
#811=B_SPLINE_CURVE_WITH_KNOTS('',3,(#6889,#6890,#6891,#6892,#6893,#6894,
#6895,#6896,#6897,#6898,#6899,#6900),.UNSPECIFIED.,.F.,.F.,(4,2,2,2,2,4),
(0.,0.0757651500557512,0.154232683665879,0.238058058812712,0.302272793056743,
0.364439035403845),.UNSPECIFIED.);
#812=B_SPLINE_CURVE_WITH_KNOTS('',3,(#6901,#6902,#6903,#6904),
 .UNSPECIFIED.,.F.,.F.,(4,4),(0.177549016707386,0.465554072356047),
 .UNSPECIFIED.);
#813=B_SPLINE_CURVE_WITH_KNOTS('',3,(#6905,#6906,#6907,#6908),
 .UNSPECIFIED.,.F.,.F.,(4,4),(-0.175786496175651,0.),.UNSPECIFIED.);
#814=B_SPLINE_CURVE_WITH_KNOTS('',3,(#6910,#6911,#6912,#6913),
 .UNSPECIFIED.,.F.,.F.,(4,4),(0.,0.288005044737706),.UNSPECIFIED.);
#815=B_SPLINE_CURVE_WITH_KNOTS('',3,(#6935,#6936,#6937,#6938,#6939,#6940,
#6941,#6942,#6943,#6944),.UNSPECIFIED.,.F.,.F.,(4,2,2,2,4),(0.,0.154435278381413,
0.326434476365627,0.475871220335521,0.624510081843961),.UNSPECIFIED.);
#816=B_SPLINE_CURVE_WITH_KNOTS('',3,(#6945,#6946,#6947,#6948),
 .UNSPECIFIED.,.F.,.F.,(4,4),(-0.465554072356047,-0.289767573062619),
 .UNSPECIFIED.);
#817=B_SPLINE_CURVE_WITH_KNOTS('',3,(#6950,#6951,#6952,#6953,#6954,#6955,
#6956,#6957,#6958,#6959),.UNSPECIFIED.,.F.,.F.,(4,2,2,2,4),(0.,0.154435278381463,
0.32643447636582,0.475871220335843,0.624510081844412),.UNSPECIFIED.);
#818=B_SPLINE_CURVE_WITH_KNOTS('',3,(#6961,#6962,#6963,#6964,#6965,#6966,
#6967,#6968,#6969,#6970,#6971,#6972),.UNSPECIFIED.,.F.,.F.,(4,2,2,2,2,4),
(0.,0.075765150055747,0.154232683665859,0.238058058812668,0.30227279305668,
0.364439035403755),.UNSPECIFIED.);
#819=B_SPLINE_CURVE_WITH_KNOTS('',3,(#6994,#6995,#6996,#6997,#6998,#6999,
#7000,#7001,#7002,#7003,#7004,#7005),.UNSPECIFIED.,.F.,.F.,(4,2,2,2,2,4),
(0.,0.0757651500557493,0.154232683665864,0.238058058812674,0.302272793056694,
0.36443903540379),.UNSPECIFIED.);
#820=B_SPLINE_CURVE_WITH_KNOTS('',3,(#7006,#7007,#7008,#7009),
 .UNSPECIFIED.,.F.,.F.,(4,4),(0.177549016707386,0.465554072356047),
 .UNSPECIFIED.);
#821=B_SPLINE_CURVE_WITH_KNOTS('',3,(#7010,#7011,#7012,#7013),
 .UNSPECIFIED.,.F.,.F.,(4,4),(-0.175786496176343,0.),.UNSPECIFIED.);
#822=B_SPLINE_CURVE_WITH_KNOTS('',3,(#7020,#7021,#7022,#7023),
 .UNSPECIFIED.,.F.,.F.,(4,4),(0.,0.288005044737706),.UNSPECIFIED.);
#823=B_SPLINE_CURVE_WITH_KNOTS('',3,(#7045,#7046,#7047,#7048,#7049,#7050,
#7051,#7052,#7053,#7054),.UNSPECIFIED.,.F.,.F.,(4,2,2,2,4),(0.,0.154435278381455,
0.326434476365792,0.475871220335796,0.624510081844345),.UNSPECIFIED.);
#824=B_SPLINE_CURVE_WITH_KNOTS('',3,(#7075,#7076,#7077,#7078),
 .UNSPECIFIED.,.F.,.F.,(4,4),(0.177549016707386,0.465554072356047),
 .UNSPECIFIED.);
#825=B_SPLINE_CURVE_WITH_KNOTS('',3,(#7080,#7081,#7082,#7083),
 .UNSPECIFIED.,.F.,.F.,(4,4),(0.,0.288005044737706),.UNSPECIFIED.);
#826=B_SPLINE_CURVE_WITH_KNOTS('',3,(#7105,#7106,#7107,#7108,#7109,#7110,
#7111,#7112,#7113,#7114),.UNSPECIFIED.,.F.,.F.,(4,2,2,2,4),(0.,0.154435278381596,
0.326434476366367,0.475871220336744,0.624510081845659),.UNSPECIFIED.);
#827=B_SPLINE_CURVE_WITH_KNOTS('',3,(#7115,#7116,#7117,#7118),
 .UNSPECIFIED.,.F.,.F.,(4,4),(-0.465554072356047,-0.289767573064458),
 .UNSPECIFIED.);
#828=B_SPLINE_CURVE_WITH_KNOTS('',3,(#7120,#7121,#7122,#7123,#7124,#7125,
#7126,#7127,#7128,#7129,#7130,#7131),.UNSPECIFIED.,.F.,.F.,(4,2,2,2,2,4),
(0.,0.0757651500557478,0.154232683665862,0.238058058812675,0.302272793056696,
0.364439035403785),.UNSPECIFIED.);
#829=B_SPLINE_CURVE_WITH_KNOTS('',3,(#7135,#7136,#7137,#7138,#7139,#7140,
#7141,#7142,#7143,#7144,#7145,#7146,#7147),.UNSPECIFIED.,.F.,.F.,(4,3,2,
2,2,4),(-0.0122903406506575,0.,0.0740419822603468,0.151914382351458,0.234970994172833,
0.323200830454583),.UNSPECIFIED.);
#830=B_SPLINE_CURVE_WITH_KNOTS('',3,(#7175,#7176,#7177,#7178),
 .UNSPECIFIED.,.F.,.F.,(4,4),(0.177549016707386,0.465554072356047),
 .UNSPECIFIED.);
#831=B_SPLINE_CURVE_WITH_KNOTS('',3,(#7189,#7190,#7191,#7192),
 .UNSPECIFIED.,.F.,.F.,(4,4),(0.,0.288005044737706),.UNSPECIFIED.);
#832=B_SPLINE_CURVE_WITH_KNOTS('',3,(#7195,#7196,#7197,#7198,#7199,#7200,
#7201,#7202,#7203,#7204,#7205,#7206,#7207),.UNSPECIFIED.,.F.,.F.,(4,2,2,
2,3,4),(-0.323200830454583,-0.234970994172832,-0.151914382351459,-0.0740419822603466,
0.,0.0122903406506571),.UNSPECIFIED.);
#833=B_SPLINE_CURVE_WITH_KNOTS('',3,(#7232,#7233,#7234,#7235,#7236,#7237,
#7238,#7239,#7240,#7241),.UNSPECIFIED.,.F.,.F.,(4,2,2,2,4),(0.,0.154435278381441,
0.326434476365734,0.475871220335707,0.624510081844231),.UNSPECIFIED.);
#834=B_SPLINE_CURVE_WITH_KNOTS('',3,(#7242,#7243,#7244,#7245),
 .UNSPECIFIED.,.F.,.F.,(4,4),(-0.465554072356047,-0.289767573062101),
 .UNSPECIFIED.);
#835=B_SPLINE_CURVE_WITH_KNOTS('',3,(#7247,#7248,#7249,#7250,#7251,#7252,
#7253,#7254,#7255,#7256,#7257,#7258),.UNSPECIFIED.,.F.,.F.,(4,2,2,2,2,4),
(0.,0.0757651500557442,0.154232683665849,0.238058058812657,0.30227279305667,
0.364439035403746),.UNSPECIFIED.);
#836=B_SPLINE_CURVE_WITH_KNOTS('',3,(#7280,#7281,#7282,#7283,#7284,#7285,
#7286,#7287,#7288,#7289,#7290,#7291),.UNSPECIFIED.,.F.,.F.,(4,2,2,2,2,4),
(0.,0.0757651500557484,0.154232683665866,0.238058058812683,0.302272793056702,
0.364439035403789),.UNSPECIFIED.);
#837=B_SPLINE_CURVE_WITH_KNOTS('',3,(#7293,#7294,#7295,#7296),
 .UNSPECIFIED.,.F.,.F.,(4,4),(0.177549016707386,0.465554072356047),
 .UNSPECIFIED.);
#838=B_SPLINE_CURVE_WITH_KNOTS('',3,(#7299,#7300,#7301,#7302),
 .UNSPECIFIED.,.F.,.F.,(4,4),(-0.175786497116536,0.),.UNSPECIFIED.);
#839=B_SPLINE_CURVE_WITH_KNOTS('',3,(#7306,#7307,#7308,#7309,#7310,#7311,
#7312,#7313,#7314,#7315,#7316,#7317,#7318),.UNSPECIFIED.,.F.,.F.,(4,3,2,
2,2,4),(-0.0122903406506575,0.,0.0740419822603468,0.151914382351458,0.234970994172833,
0.323200830454583),.UNSPECIFIED.);
#840=B_SPLINE_CURVE_WITH_KNOTS('',3,(#7328,#7329,#7330,#7331),
 .UNSPECIFIED.,.F.,.F.,(4,4),(0.,0.288005044737706),.UNSPECIFIED.);
#841=B_SPLINE_CURVE_WITH_KNOTS('',3,(#7334,#7335,#7336,#7337,#7338,#7339,
#7340,#7341,#7342,#7343,#7344,#7345,#7346),.UNSPECIFIED.,.F.,.F.,(4,2,2,
2,3,4),(-0.323200830454583,-0.234970994172832,-0.151914382351459,-0.0740419822603466,
0.,0.0122903406506571),.UNSPECIFIED.);
#842=B_SPLINE_CURVE_WITH_KNOTS('',3,(#7371,#7372,#7373,#7374,#7375,#7376,
#7377,#7378,#7379,#7380),.UNSPECIFIED.,.F.,.F.,(4,2,2,2,4),(0.,0.154435278381482,
0.326434476365902,0.475871220335973,0.624510081844581),.UNSPECIFIED.);
#843=B_SPLINE_CURVE_WITH_KNOTS('',3,(#7381,#7382,#7383,#7384),
 .UNSPECIFIED.,.F.,.F.,(4,4),(-0.465554072356047,-0.289767573065119),
 .UNSPECIFIED.);
#844=B_SPLINE_CURVE_WITH_KNOTS('',3,(#7386,#7387,#7388,#7389,#7390,#7391,
#7392,#7393,#7394,#7395),.UNSPECIFIED.,.F.,.F.,(4,2,2,2,4),(0.,0.154435278381254,
0.326434476364981,0.475871220334454,0.624510081842474),.UNSPECIFIED.);
#845=B_SPLINE_CURVE_WITH_KNOTS('',3,(#7397,#7398,#7399,#7400,#7401,#7402,
#7403,#7404,#7405,#7406,#7407,#7408),.UNSPECIFIED.,.F.,.F.,(4,2,2,2,2,4),
(0.,0.0757651500557484,0.154232683665866,0.238058058812686,0.30227279305671,
0.3644390354038),.UNSPECIFIED.);
#846=B_SPLINE_CURVE_WITH_KNOTS('',3,(#7430,#7431,#7432,#7433,#7434,#7435,
#7436,#7437,#7438,#7439,#7440,#7441),.UNSPECIFIED.,.F.,.F.,(4,2,2,2,2,4),
(0.,0.0757651500557467,0.154232683665859,0.238058058812669,0.302272793056683,
0.364439035403772),.UNSPECIFIED.);
#847=B_SPLINE_CURVE_WITH_KNOTS('',3,(#7443,#7444,#7445,#7446),
 .UNSPECIFIED.,.F.,.F.,(4,4),(0.177549016707386,0.465554072356047),
 .UNSPECIFIED.);
#848=B_SPLINE_CURVE_WITH_KNOTS('',3,(#7449,#7450,#7451,#7452),
 .UNSPECIFIED.,.F.,.F.,(4,4),(-0.175786496170249,0.),.UNSPECIFIED.);
#849=B_SPLINE_CURVE_WITH_KNOTS('',3,(#7456,#7457,#7458,#7459,#7460,#7461,
#7462,#7463,#7464,#7465,#7466,#7467,#7468),.UNSPECIFIED.,.F.,.F.,(4,3,2,
2,2,4),(-0.0122903406506575,0.,0.0740419822603468,0.151914382351458,0.234970994172833,
0.323200830454583),.UNSPECIFIED.);
#850=B_SPLINE_CURVE_WITH_KNOTS('',3,(#7478,#7479,#7480,#7481),
 .UNSPECIFIED.,.F.,.F.,(4,4),(0.,0.288005044737706),.UNSPECIFIED.);
#851=B_SPLINE_CURVE_WITH_KNOTS('',3,(#7483,#7484,#7485,#7486,#7487,#7488,
#7489,#7490,#7491,#7492,#7493,#7494,#7495),.UNSPECIFIED.,.F.,.F.,(4,2,2,
2,3,4),(-0.323200830454583,-0.234970994172832,-0.151914382351459,-0.0740419822603466,
0.,0.0122903406506571),.UNSPECIFIED.);
#852=B_SPLINE_CURVE_WITH_KNOTS('',3,(#7518,#7519,#7520,#7521,#7522,#7523,
#7524,#7525,#7526,#7527),.UNSPECIFIED.,.F.,.F.,(4,2,2,2,4),(0.,0.154435278381459,
0.326434476365809,0.475871220335828,0.624510081844384),.UNSPECIFIED.);
#853=B_SPLINE_CURVE_WITH_KNOTS('',3,(#7549,#7550,#7551,#7552),
 .UNSPECIFIED.,.F.,.F.,(4,4),(0.177549016707386,0.465554072356047),
 .UNSPECIFIED.);
#854=B_SPLINE_CURVE_WITH_KNOTS('',3,(#7556,#7557,#7558,#7559,#7560,#7561,
#7562,#7563,#7564,#7565,#7566,#7567,#7568),.UNSPECIFIED.,.F.,.F.,(4,3,2,
2,2,4),(-0.0122903406506575,0.,0.0740419822603468,0.151914382351458,0.234970994172833,
0.323200830454583),.UNSPECIFIED.);
#855=B_SPLINE_CURVE_WITH_KNOTS('',3,(#7577,#7578,#7579,#7580),
 .UNSPECIFIED.,.F.,.F.,(4,4),(0.,0.288005044737706),.UNSPECIFIED.);
#856=B_SPLINE_CURVE_WITH_KNOTS('',3,(#7583,#7584,#7585,#7586,#7587,#7588,
#7589,#7590,#7591,#7592,#7593,#7594,#7595),.UNSPECIFIED.,.F.,.F.,(4,2,2,
2,3,4),(-0.323200830454583,-0.234970994172832,-0.151914382351459,-0.0740419822603466,
0.,0.0122903406506571),.UNSPECIFIED.);
#857=B_SPLINE_CURVE_WITH_KNOTS('',3,(#7620,#7621,#7622,#7623,#7624,#7625,
#7626,#7627,#7628,#7629),.UNSPECIFIED.,.F.,.F.,(4,2,2,2,4),(0.,0.154435278381419,
0.326434476365652,0.475871220335561,0.624510081844022),.UNSPECIFIED.);
#858=B_SPLINE_CURVE_WITH_KNOTS('',3,(#7630,#7631,#7632,#7633),
 .UNSPECIFIED.,.F.,.F.,(4,4),(-0.465554072356047,-0.289767573061007),
 .UNSPECIFIED.);
#859=B_SPLINE_CURVE_WITH_KNOTS('',3,(#7655,#7656,#7657,#7658,#7659,#7660,
#7661,#7662,#7663,#7664,#7665,#7666),.UNSPECIFIED.,.F.,.F.,(4,2,2,2,2,4),
(0.,0.075765150055748,0.154232683665863,0.238058058812677,0.302272793056695,
0.36443903540378),.UNSPECIFIED.);
#860=B_SPLINE_CURVE_WITH_KNOTS('',3,(#7668,#7669,#7670,#7671),
 .UNSPECIFIED.,.F.,.F.,(4,4),(0.177549016707386,0.465554072356047),
 .UNSPECIFIED.);
#861=B_SPLINE_CURVE_WITH_KNOTS('',3,(#7674,#7675,#7676,#7677),
 .UNSPECIFIED.,.F.,.F.,(4,4),(-0.17578649617214,0.),.UNSPECIFIED.);
#862=B_SPLINE_CURVE_WITH_KNOTS('',3,(#7681,#7682,#7683,#7684,#7685,#7686,
#7687,#7688,#7689,#7690,#7691,#7692,#7693),.UNSPECIFIED.,.F.,.F.,(4,3,2,
2,2,4),(-0.0122903406506575,0.,0.0740419822603468,0.151914382351458,0.234970994172833,
0.323200830454583),.UNSPECIFIED.);
#863=B_SPLINE_CURVE_WITH_KNOTS('',3,(#7703,#7704,#7705,#7706),
 .UNSPECIFIED.,.F.,.F.,(4,4),(0.,0.288005044737706),.UNSPECIFIED.);
#864=B_SPLINE_CURVE_WITH_KNOTS('',3,(#7709,#7710,#7711,#7712,#7713,#7714,
#7715,#7716,#7717,#7718,#7719,#7720,#7721),.UNSPECIFIED.,.F.,.F.,(4,2,2,
2,3,4),(-0.323200830454583,-0.234970994172832,-0.151914382351459,-0.0740419822603466,
0.,0.0122903406506571),.UNSPECIFIED.);
#865=B_SPLINE_CURVE_WITH_KNOTS('',3,(#7746,#7747,#7748,#7749,#7750,#7751,
#7752,#7753,#7754,#7755),.UNSPECIFIED.,.F.,.F.,(4,2,2,2,4),(0.,0.154435278381497,
0.326434476365967,0.475871220336088,0.62451008184475),.UNSPECIFIED.);
#866=B_SPLINE_CURVE_WITH_KNOTS('',3,(#7756,#7757,#7758,#7759),
 .UNSPECIFIED.,.F.,.F.,(4,4),(-0.465554072356047,-0.2897675730655),
 .UNSPECIFIED.);
#867=B_SPLINE_CURVE_WITH_KNOTS('',3,(#7761,#7762,#7763,#7764,#7765,#7766,
#7767,#7768,#7769,#7770,#7771,#7772),.UNSPECIFIED.,.F.,.F.,(4,2,2,2,2,4),
(0.,0.0757651500557478,0.154232683665862,0.238058058812677,0.302272793056698,
0.364439035403784),.UNSPECIFIED.);
#868=B_SPLINE_CURVE_WITH_KNOTS('',3,(#7774,#7775,#7776,#7777,#7778,#7779,
#7780,#7781,#7782,#7783),.UNSPECIFIED.,.F.,.F.,(4,2,2,2,4),(0.,0.154435278381613,
0.326434476366428,0.475871220336846,0.62451008184581),.UNSPECIFIED.);
#869=B_SPLINE_CURVE_WITH_KNOTS('',3,(#7805,#7806,#7807,#7808),
 .UNSPECIFIED.,.F.,.F.,(4,4),(0.177549016707386,0.465554072356047),
 .UNSPECIFIED.);
#870=B_SPLINE_CURVE_WITH_KNOTS('',3,(#7812,#7813,#7814,#7815,#7816,#7817,
#7818,#7819,#7820,#7821,#7822,#7823,#7824),.UNSPECIFIED.,.F.,.F.,(4,3,2,
2,2,4),(-0.0122903406506575,0.,0.0740419822603468,0.151914382351458,0.234970994172833,
0.323200830454583),.UNSPECIFIED.);
#871=B_SPLINE_CURVE_WITH_KNOTS('',3,(#7833,#7834,#7835,#7836),
 .UNSPECIFIED.,.F.,.F.,(4,4),(0.,0.288005044737706),.UNSPECIFIED.);
#872=B_SPLINE_CURVE_WITH_KNOTS('',3,(#7838,#7839,#7840,#7841,#7842,#7843,
#7844,#7845,#7846,#7847,#7848,#7849,#7850),.UNSPECIFIED.,.F.,.F.,(4,2,2,
2,3,4),(-0.323200830454583,-0.234970994172832,-0.151914382351459,-0.0740419822603466,
0.,0.0122903406506571),.UNSPECIFIED.);
#873=B_SPLINE_CURVE_WITH_KNOTS('',3,(#7893,#7894,#7895,#7896),
 .UNSPECIFIED.,.F.,.F.,(4,4),(0.177549016707386,0.465554072356047),
 .UNSPECIFIED.);
#874=B_SPLINE_CURVE_WITH_KNOTS('',3,(#7900,#7901,#7902,#7903,#7904,#7905,
#7906,#7907,#7908,#7909,#7910,#7911,#7912),.UNSPECIFIED.,.F.,.F.,(4,3,2,
2,2,4),(-0.0122903406506575,0.,0.0740419822603468,0.151914382351458,0.234970994172833,
0.323200830454583),.UNSPECIFIED.);
#875=B_SPLINE_CURVE_WITH_KNOTS('',3,(#7921,#7922,#7923,#7924),
 .UNSPECIFIED.,.F.,.F.,(4,4),(0.,0.288005044737706),.UNSPECIFIED.);
#876=B_SPLINE_CURVE_WITH_KNOTS('',3,(#7926,#7927,#7928,#7929,#7930,#7931,
#7932,#7933,#7934,#7935,#7936,#7937,#7938),.UNSPECIFIED.,.F.,.F.,(4,2,2,
2,3,4),(-0.323200830454583,-0.234970994172832,-0.151914382351459,-0.0740419822603466,
0.,0.0122903406506571),.UNSPECIFIED.);
#877=B_SPLINE_CURVE_WITH_KNOTS('',3,(#7981,#7982,#7983,#7984),
 .UNSPECIFIED.,.F.,.F.,(4,4),(0.177549016707386,0.465554072356047),
 .UNSPECIFIED.);
#878=B_SPLINE_CURVE_WITH_KNOTS('',3,(#7988,#7989,#7990,#7991,#7992,#7993,
#7994,#7995,#7996,#7997,#7998,#7999,#8000),.UNSPECIFIED.,.F.,.F.,(4,3,2,
2,2,4),(-0.0122903406506575,0.,0.0740419822603468,0.151914382351458,0.234970994172833,
0.323200830454583),.UNSPECIFIED.);
#879=B_SPLINE_CURVE_WITH_KNOTS('',3,(#8009,#8010,#8011,#8012),
 .UNSPECIFIED.,.F.,.F.,(4,4),(0.,0.288005044737706),.UNSPECIFIED.);
#880=B_SPLINE_CURVE_WITH_KNOTS('',3,(#8014,#8015,#8016,#8017,#8018,#8019,
#8020,#8021,#8022,#8023,#8024,#8025,#8026),.UNSPECIFIED.,.F.,.F.,(4,2,2,
2,3,4),(-0.323200830454583,-0.234970994172832,-0.151914382351459,-0.0740419822603466,
0.,0.0122903406506571),.UNSPECIFIED.);
#881=B_SPLINE_CURVE_WITH_KNOTS('',3,(#8049,#8050,#8051,#8052,#8053,#8054,
#8055,#8056,#8057,#8058,#8059,#8060),.UNSPECIFIED.,.F.,.F.,(4,2,2,2,2,4),
(0.,0.0757651500557478,0.154232683665861,0.238058058812672,0.302272793056689,
0.364439035403777),.UNSPECIFIED.);
#882=B_SPLINE_CURVE_WITH_KNOTS('',3,(#8082,#8083,#8084,#8085,#8086,#8087,
#8088,#8089,#8090,#8091,#8092,#8093),.UNSPECIFIED.,.F.,.F.,(4,2,2,2,2,4),
(0.,0.075765150055749,0.154232683665867,0.238058058812683,0.3022727930567,
0.3644390354038),.UNSPECIFIED.);
#883=B_SPLINE_CURVE_WITH_KNOTS('',3,(#8095,#8096,#8097,#8098),
 .UNSPECIFIED.,.F.,.F.,(4,4),(0.177549016707386,0.465554072356047),
 .UNSPECIFIED.);
#884=B_SPLINE_CURVE_WITH_KNOTS('',3,(#8101,#8102,#8103,#8104),
 .UNSPECIFIED.,.F.,.F.,(4,4),(-0.175786496176017,0.),.UNSPECIFIED.);
#885=B_SPLINE_CURVE_WITH_KNOTS('',3,(#8108,#8109,#8110,#8111,#8112,#8113,
#8114,#8115,#8116,#8117,#8118,#8119,#8120),.UNSPECIFIED.,.F.,.F.,(4,3,2,
2,2,4),(-0.0122903406506575,0.,0.0740419822603468,0.151914382351458,0.234970994172833,
0.323200830454583),.UNSPECIFIED.);
#886=B_SPLINE_CURVE_WITH_KNOTS('',3,(#8130,#8131,#8132,#8133),
 .UNSPECIFIED.,.F.,.F.,(4,4),(0.,0.288005044737706),.UNSPECIFIED.);
#887=B_SPLINE_CURVE_WITH_KNOTS('',3,(#8136,#8137,#8138,#8139,#8140,#8141,
#8142,#8143,#8144,#8145,#8146,#8147,#8148),.UNSPECIFIED.,.F.,.F.,(4,2,2,
2,3,4),(-0.323200830454583,-0.234970994172832,-0.151914382351459,-0.0740419822603466,
0.,0.0122903406506571),.UNSPECIFIED.);
#888=B_SPLINE_CURVE_WITH_KNOTS('',3,(#8173,#8174,#8175,#8176,#8177,#8178,
#8179,#8180,#8181,#8182),.UNSPECIFIED.,.F.,.F.,(4,2,2,2,4),(0.,0.154435278381614,
0.326434476366448,0.475871220336878,0.624510081845841),.UNSPECIFIED.);
#889=B_SPLINE_CURVE_WITH_KNOTS('',3,(#8183,#8184,#8185,#8186),
 .UNSPECIFIED.,.F.,.F.,(4,4),(-0.465554072356047,-0.289767573059899),
 .UNSPECIFIED.);
#890=B_SPLINE_CURVE_WITH_KNOTS('',3,(#8188,#8189,#8190,#8191,#8192,#8193,
#8194,#8195,#8196,#8197,#8198,#8199),.UNSPECIFIED.,.F.,.F.,(4,2,2,2,2,4),
(0.,0.0757651500557443,0.15423268366585,0.23805805881266,0.302272793056675,
0.36443903540376),.UNSPECIFIED.);
#891=B_SPLINE_CURVE_WITH_KNOTS('',3,(#8201,#8202,#8203,#8204,#8205,#8206,
#8207,#8208,#8209,#8210),.UNSPECIFIED.,.F.,.F.,(4,2,2,2,4),(0.,0.154435278381871,
0.326434476367495,0.475871220338608,0.624510081848257),.UNSPECIFIED.);
#892=B_SPLINE_CURVE_WITH_KNOTS('',3,(#8231,#8232,#8233,#8234),
 .UNSPECIFIED.,.F.,.F.,(4,4),(0.177549016707386,0.465554072356047),
 .UNSPECIFIED.);
#893=B_SPLINE_CURVE_WITH_KNOTS('',3,(#8237,#8238,#8239,#8240,#8241,#8242,
#8243,#8244,#8245,#8246,#8247,#8248,#8249),.UNSPECIFIED.,.F.,.F.,(4,3,2,
2,2,4),(-0.0122903406506575,0.,0.0740419822603468,0.151914382351458,0.234970994172833,
0.323200830454583),.UNSPECIFIED.);
#894=B_SPLINE_CURVE_WITH_KNOTS('',3,(#8251,#8252,#8253,#8254),
 .UNSPECIFIED.,.F.,.F.,(4,4),(0.,0.288005044737706),.UNSPECIFIED.);
#895=B_SPLINE_CURVE_WITH_KNOTS('',3,(#8296,#8297,#8298,#8299,#8300,#8301,
#8302,#8303,#8304,#8305,#8306,#8307),.UNSPECIFIED.,.F.,.F.,(4,2,2,2,2,4),
(0.,0.0757651500557481,0.154232683665866,0.238058058812686,0.302272793056713,
0.364439035403819),.UNSPECIFIED.);
#896=B_SPLINE_CURVE_WITH_KNOTS('',3,(#8309,#8310,#8311,#8312),
 .UNSPECIFIED.,.F.,.F.,(4,4),(0.177549016707386,0.465554072356047),
 .UNSPECIFIED.);
#897=B_SPLINE_CURVE_WITH_KNOTS('',3,(#8315,#8316,#8317,#8318),
 .UNSPECIFIED.,.F.,.F.,(4,4),(-0.175786496176696,0.),.UNSPECIFIED.);
#898=B_SPLINE_CURVE_WITH_KNOTS('',3,(#8322,#8323,#8324,#8325,#8326,#8327,
#8328,#8329,#8330,#8331,#8332,#8333,#8334),.UNSPECIFIED.,.F.,.F.,(4,3,2,
2,2,4),(-0.0122903406506575,0.,0.0740419822603468,0.151914382351458,0.234970994172833,
0.323200830454583),.UNSPECIFIED.);
#899=B_SPLINE_CURVE_WITH_KNOTS('',3,(#8344,#8345,#8346,#8347),
 .UNSPECIFIED.,.F.,.F.,(4,4),(0.,0.288005044737706),.UNSPECIFIED.);
#900=B_SPLINE_CURVE_WITH_KNOTS('',3,(#8350,#8351,#8352,#8353,#8354,#8355,
#8356,#8357,#8358,#8359,#8360,#8361,#8362),.UNSPECIFIED.,.F.,.F.,(4,2,2,
2,3,4),(-0.323200830454583,-0.234970994172832,-0.151914382351459,-0.0740419822603466,
0.,0.0122903406506571),.UNSPECIFIED.);
#901=B_SPLINE_CURVE_WITH_KNOTS('',3,(#8387,#8388,#8389,#8390,#8391,#8392,
#8393,#8394,#8395,#8396),.UNSPECIFIED.,.F.,.F.,(4,2,2,2,4),(0.,0.154435278381704,
0.326434476366798,0.47587122033746,0.624510081846662),.UNSPECIFIED.);
#902=B_SPLINE_CURVE_WITH_KNOTS('',3,(#8397,#8398,#8399,#8400),
 .UNSPECIFIED.,.F.,.F.,(4,4),(-0.465554072356047,-0.28976757306058),
 .UNSPECIFIED.);
#903=B_SPLINE_CURVE_WITH_KNOTS('',3,(#8402,#8403,#8404,#8405,#8406,#8407,
#8408,#8409,#8410,#8411,#8412,#8413),.UNSPECIFIED.,.F.,.F.,(4,2,2,2,2,4),
(0.,0.0757651500557479,0.154232683665864,0.238058058812685,0.302272793056706,
0.36443903540379),.UNSPECIFIED.);
#904=B_SPLINE_CURVE_WITH_KNOTS('',3,(#8415,#8416,#8417,#8418,#8419,#8420,
#8421,#8422,#8423,#8424),.UNSPECIFIED.,.F.,.F.,(4,2,2,2,4),(0.,0.154435278381397,
0.326434476365536,0.475871220335358,0.624510081843736),.UNSPECIFIED.);
#905=B_SPLINE_CURVE_WITH_KNOTS('',3,(#8446,#8447,#8448,#8449,#8450,#8451,
#8452,#8453,#8454,#8455,#8456,#8457),.UNSPECIFIED.,.F.,.F.,(4,2,2,2,2,4),
(0.,0.0757651500557455,0.154232683665854,0.238058058812663,0.302272793056677,
0.364439035403762),.UNSPECIFIED.);
#906=B_SPLINE_CURVE_WITH_KNOTS('',3,(#8459,#8460,#8461,#8462),
 .UNSPECIFIED.,.F.,.F.,(4,4),(0.177549016707386,0.465554072356047),
 .UNSPECIFIED.);
#907=B_SPLINE_CURVE_WITH_KNOTS('',3,(#8465,#8466,#8467,#8468),
 .UNSPECIFIED.,.F.,.F.,(4,4),(-0.175786496176071,0.),.UNSPECIFIED.);
#908=B_SPLINE_CURVE_WITH_KNOTS('',3,(#8472,#8473,#8474,#8475,#8476,#8477,
#8478,#8479,#8480,#8481,#8482,#8483,#8484),.UNSPECIFIED.,.F.,.F.,(4,3,2,
2,2,4),(-0.0122903406506575,0.,0.0740419822603468,0.151914382351458,0.234970994172833,
0.323200830454583),.UNSPECIFIED.);
#909=B_SPLINE_CURVE_WITH_KNOTS('',3,(#8494,#8495,#8496,#8497),
 .UNSPECIFIED.,.F.,.F.,(4,4),(0.,0.288005044737706),.UNSPECIFIED.);
#910=B_SPLINE_CURVE_WITH_KNOTS('',3,(#8500,#8501,#8502,#8503,#8504,#8505,
#8506,#8507,#8508,#8509,#8510,#8511,#8512),.UNSPECIFIED.,.F.,.F.,(4,2,2,
2,3,4),(-0.323200830454583,-0.234970994172832,-0.151914382351459,-0.0740419822603466,
0.,0.0122903406506571),.UNSPECIFIED.);
#911=B_SPLINE_CURVE_WITH_KNOTS('',3,(#8537,#8538,#8539,#8540,#8541,#8542,
#8543,#8544,#8545,#8546),.UNSPECIFIED.,.F.,.F.,(4,2,2,2,4),(0.,0.154435278381744,
0.326434476366983,0.475871220337775,0.624510081847107),.UNSPECIFIED.);
#912=B_SPLINE_CURVE_WITH_KNOTS('',3,(#8547,#8548,#8549,#8550),
 .UNSPECIFIED.,.F.,.F.,(4,4),(-0.465554072356047,-0.289767573059856),
 .UNSPECIFIED.);
#913=B_SPLINE_CURVE_WITH_KNOTS('',3,(#8552,#8553,#8554,#8555,#8556,#8557,
#8558,#8559,#8560,#8561),.UNSPECIFIED.,.F.,.F.,(4,2,2,2,4),(0.,0.154435278381741,
0.326434476366959,0.475871220337734,0.624510081847024),.UNSPECIFIED.);
#914=B_SPLINE_CURVE_WITH_KNOTS('',3,(#8563,#8564,#8565,#8566,#8567,#8568,
#8569,#8570,#8571,#8572,#8573,#8574),.UNSPECIFIED.,.F.,.F.,(4,2,2,2,2,4),
(0.,0.07576515005575,0.154232683665873,0.238058058812695,0.302272793056716,
0.364439035403809),.UNSPECIFIED.);
#915=B_SPLINE_CURVE_WITH_KNOTS('',3,(#8578,#8579,#8580,#8581,#8582,#8583,
#8584,#8585,#8586,#8587,#8588,#8589,#8590),.UNSPECIFIED.,.F.,.F.,(4,3,2,
2,2,4),(-0.0122903406506575,0.,0.0740419822603468,0.151914382351458,0.234970994172833,
0.323200830454583),.UNSPECIFIED.);
#916=B_SPLINE_CURVE_WITH_KNOTS('',3,(#8598,#8599,#8600,#8601),
 .UNSPECIFIED.,.F.,.F.,(4,4),(0.,0.274197335638276),.UNSPECIFIED.);
#917=B_SPLINE_CURVE_WITH_KNOTS('',3,(#8604,#8605,#8606,#8607,#8608,#8609,
#8610,#8611,#8612,#8613,#8614,#8615,#8616),.UNSPECIFIED.,.F.,.F.,(4,2,2,
2,3,4),(-0.323200830454583,-0.234970994172832,-0.151914382351459,-0.0740419822603466,
0.,0.0122903406506571),.UNSPECIFIED.);
#918=B_SPLINE_CURVE_WITH_KNOTS('',3,(#8641,#8642,#8643,#8644,#8645,#8646,
#8647,#8648,#8649,#8650),.UNSPECIFIED.,.F.,.F.,(4,2,2,2,4),(0.,0.154435278381469,
0.326434476365834,0.475871220335859,0.582641412609429),.UNSPECIFIED.);
#919=B_SPLINE_CURVE_WITH_KNOTS('',3,(#8651,#8652,#8653,#8654),
 .UNSPECIFIED.,.F.,.F.,(4,4),(-0.465554072356047,-0.289767573059791),
 .UNSPECIFIED.);
#920=B_SPLINE_CURVE_WITH_KNOTS('',3,(#8656,#8657,#8658,#8659,#8660,#8661,
#8662,#8663,#8664,#8665,#8666,#8667),.UNSPECIFIED.,.F.,.F.,(4,2,2,2,2,4),
(0.,0.0757651500557475,0.154232683665862,0.238058058812673,0.302272793056679,
0.364439035403758),.UNSPECIFIED.);
#921=B_SPLINE_CURVE_WITH_KNOTS('',3,(#8689,#8690,#8691,#8692),
 .UNSPECIFIED.,.F.,.F.,(4,4),(0.177549016707386,0.465554072356047),
 .UNSPECIFIED.);
#922=B_SPLINE_CURVE_WITH_KNOTS('',3,(#8696,#8697,#8698,#8699,#8700,#8701,
#8702,#8703,#8704,#8705,#8706,#8707,#8708),.UNSPECIFIED.,.F.,.F.,(4,3,2,
2,2,4),(-0.0122903406506575,0.,0.0740419822603468,0.151914382351458,0.234970994172833,
0.323200830454583),.UNSPECIFIED.);
#923=B_SPLINE_CURVE_WITH_KNOTS('',3,(#8717,#8718,#8719,#8720),
 .UNSPECIFIED.,.F.,.F.,(4,4),(0.,0.288005044737706),.UNSPECIFIED.);
#924=B_SPLINE_CURVE_WITH_KNOTS('',3,(#8722,#8723,#8724,#8725,#8726,#8727,
#8728,#8729,#8730,#8731,#8732,#8733,#8734),.UNSPECIFIED.,.F.,.F.,(4,2,2,
2,3,4),(-0.323200830454583,-0.234970994172832,-0.151914382351459,-0.0740419822603466,
0.,0.0122903406506571),.UNSPECIFIED.);
#925=B_SPLINE_CURVE_WITH_KNOTS('',3,(#8777,#8778,#8779,#8780),
 .UNSPECIFIED.,.F.,.F.,(4,4),(0.177549016707386,0.465554072356047),
 .UNSPECIFIED.);
#926=B_SPLINE_CURVE_WITH_KNOTS('',3,(#8784,#8785,#8786,#8787,#8788,#8789,
#8790,#8791,#8792,#8793,#8794,#8795,#8796),.UNSPECIFIED.,.F.,.F.,(4,3,2,
2,2,4),(-0.0122903406506575,0.,0.0740419822603468,0.151914382351458,0.234970994172833,
0.323200830454583),.UNSPECIFIED.);
#927=B_SPLINE_CURVE_WITH_KNOTS('',3,(#8805,#8806,#8807,#8808),
 .UNSPECIFIED.,.F.,.F.,(4,4),(0.,0.288005044737706),.UNSPECIFIED.);
#928=B_SPLINE_CURVE_WITH_KNOTS('',3,(#8810,#8811,#8812,#8813,#8814,#8815,
#8816,#8817,#8818,#8819,#8820,#8821,#8822),.UNSPECIFIED.,.F.,.F.,(4,2,2,
2,3,4),(-0.323200830454583,-0.234970994172832,-0.151914382351459,-0.0740419822603466,
0.,0.0122903406506571),.UNSPECIFIED.);
#929=B_SPLINE_CURVE_WITH_KNOTS('',3,(#8864,#8865,#8866,#8867),
 .UNSPECIFIED.,.F.,.F.,(4,4),(0.177549016707386,0.465554072356047),
 .UNSPECIFIED.);
#930=B_SPLINE_CURVE_WITH_KNOTS('',3,(#8871,#8872,#8873,#8874,#8875,#8876,
#8877,#8878,#8879,#8880,#8881,#8882,#8883),.UNSPECIFIED.,.F.,.F.,(4,3,2,
2,2,4),(-0.0122903406506575,0.,0.0740419822603468,0.151914382351458,0.234970994172833,
0.323200830454583),.UNSPECIFIED.);
#931=B_SPLINE_CURVE_WITH_KNOTS('',3,(#8888,#8889,#8890,#8891),
 .UNSPECIFIED.,.F.,.F.,(4,4),(0.,0.288005044737706),.UNSPECIFIED.);
#932=B_SPLINE_CURVE_WITH_KNOTS('',3,(#8934,#8935,#8936,#8937),
 .UNSPECIFIED.,.F.,.F.,(4,4),(0.177549016707386,0.465554072356047),
 .UNSPECIFIED.);
#933=B_SPLINE_CURVE_WITH_KNOTS('',3,(#8941,#8942,#8943,#8944,#8945,#8946,
#8947,#8948,#8949,#8950,#8951,#8952,#8953),.UNSPECIFIED.,.F.,.F.,(4,3,2,
2,2,4),(-0.0122903406506575,0.,0.0740419822603468,0.151914382351458,0.234970994172833,
0.323200830454583),.UNSPECIFIED.);
#934=B_SPLINE_CURVE_WITH_KNOTS('',3,(#8962,#8963,#8964,#8965),
 .UNSPECIFIED.,.F.,.F.,(4,4),(0.,0.288005044737706),.UNSPECIFIED.);
#935=B_SPLINE_CURVE_WITH_KNOTS('',3,(#8967,#8968,#8969,#8970,#8971,#8972,
#8973,#8974,#8975,#8976,#8977,#8978,#8979),.UNSPECIFIED.,.F.,.F.,(4,2,2,
2,3,4),(-0.323200830454583,-0.234970994172832,-0.151914382351459,-0.0740419822603466,
0.,0.0122903406506571),.UNSPECIFIED.);
#936=B_SPLINE_CURVE_WITH_KNOTS('',3,(#9022,#9023,#9024,#9025),
 .UNSPECIFIED.,.F.,.F.,(4,4),(0.177549016707386,0.465554072356047),
 .UNSPECIFIED.);
#937=B_SPLINE_CURVE_WITH_KNOTS('',3,(#9029,#9030,#9031,#9032,#9033,#9034,
#9035,#9036,#9037,#9038,#9039,#9040,#9041),.UNSPECIFIED.,.F.,.F.,(4,3,2,
2,2,4),(-0.0122903406506575,0.,0.0740419822603468,0.151914382351458,0.234970994172833,
0.323200830454583),.UNSPECIFIED.);
#938=B_SPLINE_CURVE_WITH_KNOTS('',3,(#9050,#9051,#9052,#9053),
 .UNSPECIFIED.,.F.,.F.,(4,4),(0.,0.288005044737706),.UNSPECIFIED.);
#939=B_SPLINE_CURVE_WITH_KNOTS('',3,(#9055,#9056,#9057,#9058,#9059,#9060,
#9061,#9062,#9063,#9064,#9065,#9066,#9067),.UNSPECIFIED.,.F.,.F.,(4,2,2,
2,3,4),(-0.323200830454583,-0.234970994172832,-0.151914382351459,-0.0740419822603466,
0.,0.0122903406506571),.UNSPECIFIED.);
#940=CIRCLE('',#3686,30.3388730825341);
#941=CIRCLE('',#3689,28.2074954925399);
#942=CIRCLE('',#3693,28.207495492541);
#943=CIRCLE('',#3695,30.338873082535);
#944=CIRCLE('',#3697,29.6316867811055);
#945=CIRCLE('',#3698,2.0665490557937);
#946=CIRCLE('',#3700,33.8264265243178);
#947=CIRCLE('',#3702,33.8264265243178);
#948=CIRCLE('',#3703,35.8891298278909);
#949=CIRCLE('',#3705,35.8891298278909);
#950=CIRCLE('',#3706,2.06654905579285);
#951=CIRCLE('',#3708,32.6316867811246);
#952=CIRCLE('',#3709,35.8891298278909);
#953=CIRCLE('',#3710,32.6316867811559);
#954=CIRCLE('',#3711,2.06654905579285);
#955=CIRCLE('',#3713,29.6316867811055);
#956=CIRCLE('',#3715,29.6316867811055);
#957=CIRCLE('',#3716,29.6316867811055);
#958=CIRCLE('',#3717,29.6316867811055);
#959=CIRCLE('',#3718,29.6316867811055);
#960=CIRCLE('',#3719,29.6316867811055);
#961=CIRCLE('',#3720,29.6316867811055);
#962=CIRCLE('',#3721,29.6316867811055);
#963=CIRCLE('',#3722,29.6316867811055);
#964=CIRCLE('',#3723,29.6316867811055);
#965=CIRCLE('',#3724,29.2316867811056);
#966=CIRCLE('',#3726,29.2316867811056);
#967=CIRCLE('',#3727,29.6316867811055);
#968=CIRCLE('',#3728,29.6316867811055);
#969=CIRCLE('',#3729,29.6316867811055);
#970=CIRCLE('',#3730,29.6316867811055);
#971=CIRCLE('',#3731,29.6316867811055);
#972=CIRCLE('',#3732,29.6316867811055);
#973=CIRCLE('',#3733,29.6316867811055);
#974=CIRCLE('',#3734,29.6316867811055);
#975=CIRCLE('',#3735,29.6316867811055);
#976=CIRCLE('',#3736,29.6316867811055);
#977=CIRCLE('',#3737,29.6316867811055);
#978=CIRCLE('',#3738,29.6316867811055);
#979=CIRCLE('',#3739,29.6316867811055);
#980=CIRCLE('',#3740,29.6316867811055);
#981=CIRCLE('',#3741,29.6316867811055);
#982=CIRCLE('',#3742,29.6316867811055);
#983=CIRCLE('',#3743,29.6316867811055);
#984=CIRCLE('',#3744,29.6316867811055);
#985=CIRCLE('',#3745,29.6316867811055);
#986=CIRCLE('',#3746,29.6316867811055);
#987=CIRCLE('',#3747,29.6316867811055);
#988=CIRCLE('',#3748,29.6316867811055);
#989=CIRCLE('',#3749,29.6316867811055);
#990=CIRCLE('',#3750,29.6316867811055);
#991=CIRCLE('',#3751,29.6316867811055);
#992=CIRCLE('',#3752,29.6316867811055);
#993=CIRCLE('',#3753,29.6316867811055);
#994=CIRCLE('',#3754,29.6316867811055);
#995=CIRCLE('',#3755,29.6316867811055);
#996=CIRCLE('',#3756,29.6316867811055);
#997=CIRCLE('',#3757,29.6316867811055);
#998=CIRCLE('',#3758,29.6316867811055);
#999=CIRCLE('',#3759,29.6316867811055);
#1000=CIRCLE('',#3760,29.6316867811055);
#1001=CIRCLE('',#3761,29.6316867811055);
#1002=CIRCLE('',#3763,35.8891298278909);
#1003=CIRCLE('',#3764,33.8264265243178);
#1004=CIRCLE('',#3767,35.8891298278909);
#1005=CIRCLE('',#3768,2.0665490557937);
#1006=CIRCLE('',#3770,32.6316867811559);
#1007=CIRCLE('',#3772,1.05);
#1008=CIRCLE('',#3773,1.05);
#1009=CIRCLE('',#3775,4.05);
#1010=CIRCLE('',#3776,4.05);
#1011=CIRCLE('',#3779,29.2316867811055);
#1012=CIRCLE('',#3780,29.2316867811055);
#1013=CIRCLE('',#3783,3.);
#1014=CIRCLE('',#3785,3.00000000000001);
#1015=CIRCLE('',#3788,35.9558756890737);
#1016=CIRCLE('',#3790,35.9558756890737);
#1017=CIRCLE('',#3792,29.2316867811056);
#1018=CIRCLE('',#3794,29.2316867811056);
#1019=CIRCLE('',#3795,29.2316867811056);
#1020=CIRCLE('',#3797,35.8891298278909);
#1021=CIRCLE('',#3798,2.06654905579285);
#1022=CIRCLE('',#3799,33.8264265243178);
#1023=CIRCLE('',#3800,35.8891298278909);
#1024=CIRCLE('',#3802,35.8891298278909);
#1025=CIRCLE('',#3803,32.6316867811559);
#1026=CIRCLE('',#3805,32.6316867811246);
#1027=CIRCLE('',#3806,35.8891298278909);
#1028=CIRCLE('',#3808,33.8264265243178);
#1029=CIRCLE('',#3809,2.0665490557937);
#1030=CIRCLE('',#3811,33.8264265243178);
#1031=CIRCLE('',#3813,35.8891298278909);
#1032=CIRCLE('',#3814,32.6316867811559);
#1033=CIRCLE('',#3815,35.8891298278909);
#1034=CIRCLE('',#3817,35.8891298278909);
#1035=CIRCLE('',#3818,2.06654905579285);
#1036=CIRCLE('',#3820,35.8891298278909);
#1037=CIRCLE('',#3822,2.06654905579285);
#1038=CIRCLE('',#3823,33.8264265243178);
#1039=CIRCLE('',#3825,2.0665490557937);
#1040=CIRCLE('',#3826,35.8891298278909);
#1041=CIRCLE('',#3828,35.8891298278909);
#1042=CIRCLE('',#3829,32.6316867811559);
#1043=CIRCLE('',#3831,32.6316867811246);
#1044=CIRCLE('',#3832,35.8891298278909);
#1045=CIRCLE('',#3833,35.8891298278909);
#1046=CIRCLE('',#3835,33.8264265243178);
#1047=CIRCLE('',#3837,33.8264265243178);
#1048=CIRCLE('',#3838,2.0665490557937);
#1049=CIRCLE('',#3840,33.8264265243178);
#1050=CIRCLE('',#3842,35.8891298278909);
#1051=CIRCLE('',#3844,35.8891298278909);
#1052=CIRCLE('',#3845,2.06654905579285);
#1053=CIRCLE('',#3847,35.8891298278909);
#1054=CIRCLE('',#3849,35.8891298278909);
#1055=CIRCLE('',#3850,32.6316867811559);
#1056=CIRCLE('',#3852,35.8891298278909);
#1057=CIRCLE('',#3853,33.8264265243178);
#1058=CIRCLE('',#3855,33.8264265243178);
#1059=CIRCLE('',#3856,2.0665490557937);
#1060=CIRCLE('',#3858,35.8891298278909);
#1061=CIRCLE('',#3860,35.8891298278909);
#1062=CIRCLE('',#3861,2.06654905579285);
#1063=CIRCLE('',#3863,32.6316867811559);
#1064=CIRCLE('',#3864,2.0665490557937);
#1065=CIRCLE('',#3866,35.8891298278909);
#1066=CIRCLE('',#3867,33.8264265243178);
#1067=CIRCLE('',#3869,35.8891298278909);
#1068=CIRCLE('',#3870,32.6316867811246);
#1069=CIRCLE('',#3873,33.8264265243178);
#1070=CIRCLE('',#3876,2.0665490557937);
#1071=CIRCLE('',#3878,33.8264265243178);
#1072=CIRCLE('',#3879,35.8891298278909);
#1073=CIRCLE('',#3881,32.6316867811559);
#1074=CIRCLE('',#3882,35.8891298278909);
#1075=CIRCLE('',#3883,32.6316867811246);
#1076=CIRCLE('',#3886,2.06654905579285);
#1077=CIRCLE('',#3892,35.8891298278909);
#1078=CIRCLE('',#3893,33.8264265243178);
#1079=CIRCLE('',#3895,32.6316867811246);
#1080=CIRCLE('',#3901,33.8264265243178);
#1081=CIRCLE('',#3902,35.8891298278909);
#1082=CIRCLE('',#3904,32.6316867811246);
#1083=CIRCLE('',#3906,33.8264265243178);
#1084=CIRCLE('',#3907,2.0665490557937);
#1085=CIRCLE('',#3909,35.8891298278909);
#1086=CIRCLE('',#3911,32.6316867811559);
#1087=CIRCLE('',#3912,35.8891298278909);
#1088=CIRCLE('',#3913,32.6316867811246);
#1089=CIRCLE('',#3916,2.06654905579285);
#1090=CIRCLE('',#3917,33.8264265243178);
#1091=CIRCLE('',#3919,2.0665490557937);
#1092=CIRCLE('',#3921,33.8264265243178);
#1093=CIRCLE('',#3922,35.8891298278909);
#1094=CIRCLE('',#3924,32.6316867811559);
#1095=CIRCLE('',#3925,35.8891298278909);
#1096=CIRCLE('',#3926,32.6316867811246);
#1097=CIRCLE('',#3929,2.06654905579285);
#1098=CIRCLE('',#3930,33.8264265243178);
#1099=CIRCLE('',#3933,2.0665490557937);
#1100=CIRCLE('',#3935,33.8264265243178);
#1101=CIRCLE('',#3936,35.8891298278909);
#1102=CIRCLE('',#3938,32.6316867811559);
#1103=CIRCLE('',#3939,35.8891298278909);
#1104=CIRCLE('',#3940,32.6316867811246);
#1105=CIRCLE('',#3943,2.06654905579285);
#1106=CIRCLE('',#3945,2.0665490557937);
#1107=CIRCLE('',#3947,35.8891298278909);
#1108=CIRCLE('',#3949,32.6316867811559);
#1109=CIRCLE('',#3950,35.8891298278909);
#1110=CIRCLE('',#3951,32.6316867811246);
#1111=CIRCLE('',#3954,2.06654905579285);
#1112=CIRCLE('',#3955,33.8264265243178);
#1113=CIRCLE('',#3956,2.0665490557937);
#1114=CIRCLE('',#3958,33.8264265243178);
#1115=CIRCLE('',#3959,35.8891298278909);
#1116=CIRCLE('',#3961,32.6316867811559);
#1117=CIRCLE('',#3962,35.8891298278909);
#1118=CIRCLE('',#3963,32.6316867811246);
#1119=CIRCLE('',#3966,2.06654905579285);
#1120=CIRCLE('',#3967,33.8264265243178);
#1121=CIRCLE('',#3970,2.0665490557937);
#1122=CIRCLE('',#3972,35.8891298278909);
#1123=CIRCLE('',#3974,32.6316867811559);
#1124=CIRCLE('',#3975,35.8891298278909);
#1125=CIRCLE('',#3976,32.6316867811246);
#1126=CIRCLE('',#3979,2.06654905579285);
#1127=CIRCLE('',#3980,2.0665490557937);
#1128=CIRCLE('',#3982,35.8891298278909);
#1129=CIRCLE('',#3984,32.6316867811559);
#1130=CIRCLE('',#3985,35.8891298278909);
#1131=CIRCLE('',#3986,32.6316867811246);
#1132=CIRCLE('',#3989,2.06654905579285);
#1133=CIRCLE('',#3990,2.0665490557937);
#1134=CIRCLE('',#3992,35.8891298278909);
#1135=CIRCLE('',#3994,32.6316867811559);
#1136=CIRCLE('',#3995,35.8891298278909);
#1137=CIRCLE('',#3996,32.6316867811246);
#1138=CIRCLE('',#3999,2.06654905579285);
#1139=CIRCLE('',#4001,2.0665490557937);
#1140=CIRCLE('',#4003,33.8264265243178);
#1141=CIRCLE('',#4004,35.8891298278909);
#1142=CIRCLE('',#4006,32.6316867811559);
#1143=CIRCLE('',#4007,35.8891298278909);
#1144=CIRCLE('',#4008,32.6316867811246);
#1145=CIRCLE('',#4011,2.06654905579285);
#1146=CIRCLE('',#4012,33.8264265243178);
#1147=CIRCLE('',#4015,2.0665490557937);
#1148=CIRCLE('',#4018,2.0665490557937);
#1149=CIRCLE('',#4020,33.8264265243178);
#1150=CIRCLE('',#4021,35.8891298278909);
#1151=CIRCLE('',#4023,32.6316867811559);
#1152=CIRCLE('',#4024,35.8891298278909);
#1153=CIRCLE('',#4025,32.6316867811246);
#1154=CIRCLE('',#4028,2.06654905579285);
#1155=CIRCLE('',#4029,33.8264265243178);
#1156=CIRCLE('',#4032,2.0665490557937);
#1157=CIRCLE('',#4034,33.8264265243178);
#1158=CIRCLE('',#4035,35.8891298278909);
#1159=CIRCLE('',#4037,32.6316867811559);
#1160=CIRCLE('',#4038,35.8891298278909);
#1161=CIRCLE('',#4039,32.6316867811246);
#1162=CIRCLE('',#4042,2.06654905579285);
#1163=CIRCLE('',#4043,33.8264265243178);
#1164=CIRCLE('',#4047,35.8891298278909);
#1165=CIRCLE('',#4049,32.6316867811559);
#1166=CIRCLE('',#4050,35.8891298278909);
#1167=CIRCLE('',#4051,32.6316867811246);
#1168=CIRCLE('',#4054,2.06654905579285);
#1169=CIRCLE('',#4055,33.8264265243178);
#1170=CIRCLE('',#4057,2.0665490557937);
#1171=CIRCLE('',#4059,35.8891298278909);
#1172=CIRCLE('',#4061,32.6316867811559);
#1173=CIRCLE('',#4062,35.8891298278909);
#1174=CIRCLE('',#4063,32.6316867811246);
#1175=CIRCLE('',#4066,2.06654905579285);
#1176=CIRCLE('',#4067,2.0665490557937);
#1177=CIRCLE('',#4069,35.8891298278909);
#1178=CIRCLE('',#4071,32.6316867811559);
#1179=CIRCLE('',#4072,35.8891298278909);
#1180=CIRCLE('',#4073,32.6316867811246);
#1181=CIRCLE('',#4076,2.06654905579285);
#1182=CIRCLE('',#4078,35.8891298278909);
#1183=CIRCLE('',#4080,35.8891298278909);
#1184=CIRCLE('',#4081,32.6316867811246);
#1185=CIRCLE('',#4084,2.0665490557937);
#1186=CIRCLE('',#4086,35.8891298278909);
#1187=CIRCLE('',#4088,32.6316867811559);
#1188=CIRCLE('',#4089,35.8891298278909);
#1189=CIRCLE('',#4090,32.6316867811246);
#1190=CIRCLE('',#4093,2.06654905579285);
#1191=CIRCLE('',#4094,2.0665490557937);
#1192=CIRCLE('',#4096,35.8891298278909);
#1193=CIRCLE('',#4098,32.6316867811559);
#1194=CIRCLE('',#4099,35.8891298278909);
#1195=CIRCLE('',#4100,32.6316867811246);
#1196=CIRCLE('',#4103,2.06654905579285);
#1197=CIRCLE('',#4111,29.2316867811056);
#1198=LINE('',#5094,#1272);
#1199=LINE('',#5096,#1273);
#1200=LINE('',#5137,#1274);
#1201=LINE('',#5138,#1275);
#1202=LINE('',#5162,#1276);
#1203=LINE('',#5209,#1277);
#1204=LINE('',#5211,#1278);
#1205=LINE('',#5213,#1279);
#1206=LINE('',#5283,#1280);
#1207=LINE('',#5345,#1281);
#1208=LINE('',#5391,#1282);
#1209=LINE('',#5394,#1283);
#1210=LINE('',#5428,#1284);
#1211=LINE('',#5429,#1285);
#1212=LINE('',#5433,#1286);
#1213=LINE('',#5473,#1287);
#1214=LINE('',#5474,#1288);
#1215=LINE('',#5628,#1289);
#1216=LINE('',#5630,#1290);
#1217=LINE('',#5634,#1291);
#1218=LINE('',#5635,#1292);
#1219=LINE('',#5802,#1293);
#1220=LINE('',#5808,#1294);
#1221=LINE('',#5814,#1295);
#1222=LINE('',#5816,#1296);
#1223=LINE('',#5818,#1297);
#1224=LINE('',#5820,#1298);
#1225=LINE('',#5822,#1299);
#1226=LINE('',#5824,#1300);
#1227=LINE('',#5828,#1301);
#1228=LINE('',#5832,#1302);
#1229=LINE('',#5833,#1303);
#1230=LINE('',#6381,#1304);
#1231=LINE('',#6407,#1305);
#1232=LINE('',#6411,#1306);
#1233=LINE('',#6413,#1307);
#1234=LINE('',#6417,#1308);
#1235=LINE('',#6418,#1309);
#1236=LINE('',#9092,#1310);
#1237=LINE('',#9094,#1311);
#1238=LINE('',#9096,#1312);
#1239=LINE('',#9097,#1313);
#1240=LINE('',#9100,#1314);
#1241=LINE('',#9102,#1315);
#1242=LINE('',#9103,#1316);
#1243=LINE('',#9106,#1317);
#1244=LINE('',#9108,#1318);
#1245=LINE('',#9109,#1319);
#1246=LINE('',#9111,#1320);
#1247=LINE('',#9112,#1321);
#1248=LINE('',#9114,#1322);
#1249=LINE('',#9117,#1323);
#1250=LINE('',#9119,#1324);
#1251=LINE('',#9121,#1325);
#1252=LINE('',#9123,#1326);
#1253=LINE('',#9125,#1327);
#1254=LINE('',#9126,#1328);
#1255=LINE('',#9130,#1329);
#1256=LINE('',#9132,#1330);
#1257=LINE('',#9134,#1331);
#1258=LINE('',#9138,#1332);
#1259=LINE('',#9139,#1333);
#1260=LINE('',#9141,#1334);
#1261=LINE('',#9143,#1335);
#1262=LINE('',#9145,#1336);
#1263=LINE('',#9147,#1337);
#1264=LINE('',#9149,#1338);
#1265=LINE('',#9151,#1339);
#1266=LINE('',#9153,#1340);
#1267=LINE('',#9155,#1341);
#1268=LINE('',#9158,#1342);
#1269=LINE('',#9159,#1343);
#1270=LINE('',#9161,#1344);
#1271=LINE('',#9163,#1345);
#1272=VECTOR('',#4133,10.);
#1273=VECTOR('',#4134,10.);
#1274=VECTOR('',#4137,10.);
#1275=VECTOR('',#4138,10.);
#1276=VECTOR('',#4141,10.);
#1277=VECTOR('',#4144,10.);
#1278=VECTOR('',#4145,10.);
#1279=VECTOR('',#4146,10.);
#1280=VECTOR('',#4151,1.05);
#1281=VECTOR('',#4154,10.);
#1282=VECTOR('',#4155,10.);
#1283=VECTOR('',#4158,10.);
#1284=VECTOR('',#4161,10.);
#1285=VECTOR('',#4162,10.);
#1286=VECTOR('',#4165,10.);
#1287=VECTOR('',#4168,10.);
#1288=VECTOR('',#4169,10.);
#1289=VECTOR('',#4226,10.);
#1290=VECTOR('',#4227,10.);
#1291=VECTOR('',#4230,10.);
#1292=VECTOR('',#4231,10.);
#1293=VECTOR('',#4328,1.05);
#1294=VECTOR('',#4335,4.05);
#1295=VECTOR('',#4342,10.);
#1296=VECTOR('',#4343,10.);
#1297=VECTOR('',#4344,10.);
#1298=VECTOR('',#4345,10.);
#1299=VECTOR('',#4346,10.);
#1300=VECTOR('',#4347,10.);
#1301=VECTOR('',#4350,10.);
#1302=VECTOR('',#4353,10.);
#1303=VECTOR('',#4354,10.);
#1304=VECTOR('',#4371,10.);
#1305=VECTOR('',#4376,10.);
#1306=VECTOR('',#4383,10.);
#1307=VECTOR('',#4384,10.);
#1308=VECTOR('',#4389,10.);
#1309=VECTOR('',#4390,10.);
#1310=VECTOR('',#5009,10.);
#1311=VECTOR('',#5010,10.);
#1312=VECTOR('',#5011,10.);
#1313=VECTOR('',#5012,10.);
#1314=VECTOR('',#5015,10.);
#1315=VECTOR('',#5016,10.);
#1316=VECTOR('',#5017,10.);
#1317=VECTOR('',#5020,10.);
#1318=VECTOR('',#5021,10.);
#1319=VECTOR('',#5022,10.);
#1320=VECTOR('',#5025,10.);
#1321=VECTOR('',#5026,10.);
#1322=VECTOR('',#5029,10.);
#1323=VECTOR('',#5032,10.);
#1324=VECTOR('',#5033,10.);
#1325=VECTOR('',#5034,10.);
#1326=VECTOR('',#5035,10.);
#1327=VECTOR('',#5036,10.);
#1328=VECTOR('',#5037,10.);
#1329=VECTOR('',#5040,10.);
#1330=VECTOR('',#5041,10.);
#1331=VECTOR('',#5042,10.);
#1332=VECTOR('',#5047,10.);
#1333=VECTOR('',#5048,10.);
#1334=VECTOR('',#5051,10.);
#1335=VECTOR('',#5054,10.);
#1336=VECTOR('',#5057,10.);
#1337=VECTOR('',#5060,10.);
#1338=VECTOR('',#5063,10.);
#1339=VECTOR('',#5066,10.);
#1340=VECTOR('',#5069,10.);
#1341=VECTOR('',#5072,10.);
#1342=VECTOR('',#5077,10.);
#1343=VECTOR('',#5078,10.);
#1344=VECTOR('',#5081,10.);
#1345=VECTOR('',#5084,10.);
#1346=VERTEX_POINT('',#5092);
#1347=VERTEX_POINT('',#5093);
#1348=VERTEX_POINT('',#5095);
#1349=VERTEX_POINT('',#5097);
#1350=VERTEX_POINT('',#5099);
#1351=VERTEX_POINT('',#5120);
#1352=VERTEX_POINT('',#5127);
#1353=VERTEX_POINT('',#5136);
#1354=VERTEX_POINT('',#5140);
#1355=VERTEX_POINT('',#5161);
#1356=VERTEX_POINT('',#5163);
#1357=VERTEX_POINT('',#5182);
#1358=VERTEX_POINT('',#5208);
#1359=VERTEX_POINT('',#5210);
#1360=VERTEX_POINT('',#5212);
#1361=VERTEX_POINT('',#5214);
#1362=VERTEX_POINT('',#5222);
#1363=VERTEX_POINT('',#5233);
#1364=VERTEX_POINT('',#5244);
#1365=VERTEX_POINT('',#5245);
#1366=VERTEX_POINT('',#5282);
#1367=VERTEX_POINT('',#5284);
#1368=VERTEX_POINT('',#5322);
#1369=VERTEX_POINT('',#5323);
#1370=VERTEX_POINT('',#5344);
#1371=VERTEX_POINT('',#5346);
#1372=VERTEX_POINT('',#5355);
#1373=VERTEX_POINT('',#5372);
#1374=VERTEX_POINT('',#5393);
#1375=VERTEX_POINT('',#5395);
#1376=VERTEX_POINT('',#5404);
#1377=VERTEX_POINT('',#5406);
#1378=VERTEX_POINT('',#5419);
#1379=VERTEX_POINT('',#5427);
#1380=VERTEX_POINT('',#5431);
#1381=VERTEX_POINT('',#5432);
#1382=VERTEX_POINT('',#5434);
#1383=VERTEX_POINT('',#5443);
#1384=VERTEX_POINT('',#5450);
#1385=VERTEX_POINT('',#5472);
#1386=VERTEX_POINT('',#5476);
#1387=VERTEX_POINT('',#5489);
#1388=VERTEX_POINT('',#5521);
#1389=VERTEX_POINT('',#5530);
#1390=VERTEX_POINT('',#5532);
#1391=VERTEX_POINT('',#5548);
#1392=VERTEX_POINT('',#5552);
#1393=VERTEX_POINT('',#5554);
#1394=VERTEX_POINT('',#5577);
#1395=VERTEX_POINT('',#5588);
#1396=VERTEX_POINT('',#5595);
#1397=VERTEX_POINT('',#5610);
#1398=VERTEX_POINT('',#5612);
#1399=VERTEX_POINT('',#5614);
#1400=VERTEX_POINT('',#5616);
#1401=VERTEX_POINT('',#5618);
#1402=VERTEX_POINT('',#5620);
#1403=VERTEX_POINT('',#5622);
#1404=VERTEX_POINT('',#5624);
#1405=VERTEX_POINT('',#5627);
#1406=VERTEX_POINT('',#5629);
#1407=VERTEX_POINT('',#5631);
#1408=VERTEX_POINT('',#5633);
#1409=VERTEX_POINT('',#5638);
#1410=VERTEX_POINT('',#5640);
#1411=VERTEX_POINT('',#5642);
#1412=VERTEX_POINT('',#5644);
#1413=VERTEX_POINT('',#5646);
#1414=VERTEX_POINT('',#5648);
#1415=VERTEX_POINT('',#5650);
#1416=VERTEX_POINT('',#5652);
#1417=VERTEX_POINT('',#5654);
#1418=VERTEX_POINT('',#5656);
#1419=VERTEX_POINT('',#5658);
#1420=VERTEX_POINT('',#5660);
#1421=VERTEX_POINT('',#5662);
#1422=VERTEX_POINT('',#5664);
#1423=VERTEX_POINT('',#5666);
#1424=VERTEX_POINT('',#5668);
#1425=VERTEX_POINT('',#5670);
#1426=VERTEX_POINT('',#5672);
#1427=VERTEX_POINT('',#5674);
#1428=VERTEX_POINT('',#5676);
#1429=VERTEX_POINT('',#5678);
#1430=VERTEX_POINT('',#5680);
#1431=VERTEX_POINT('',#5682);
#1432=VERTEX_POINT('',#5684);
#1433=VERTEX_POINT('',#5686);
#1434=VERTEX_POINT('',#5688);
#1435=VERTEX_POINT('',#5690);
#1436=VERTEX_POINT('',#5692);
#1437=VERTEX_POINT('',#5694);
#1438=VERTEX_POINT('',#5696);
#1439=VERTEX_POINT('',#5698);
#1440=VERTEX_POINT('',#5700);
#1441=VERTEX_POINT('',#5702);
#1442=VERTEX_POINT('',#5704);
#1443=VERTEX_POINT('',#5708);
#1444=VERTEX_POINT('',#5710);
#1445=VERTEX_POINT('',#5726);
#1446=VERTEX_POINT('',#5750);
#1447=VERTEX_POINT('',#5785);
#1448=VERTEX_POINT('',#5790);
#1449=VERTEX_POINT('',#5799);
#1450=VERTEX_POINT('',#5801);
#1451=VERTEX_POINT('',#5805);
#1452=VERTEX_POINT('',#5807);
#1453=VERTEX_POINT('',#5812);
#1454=VERTEX_POINT('',#5813);
#1455=VERTEX_POINT('',#5815);
#1456=VERTEX_POINT('',#5817);
#1457=VERTEX_POINT('',#5819);
#1458=VERTEX_POINT('',#5821);
#1459=VERTEX_POINT('',#5823);
#1460=VERTEX_POINT('',#5825);
#1461=VERTEX_POINT('',#5827);
#1462=VERTEX_POINT('',#5829);
#1463=VERTEX_POINT('',#5831);
#1464=VERTEX_POINT('',#5835);
#1465=VERTEX_POINT('',#5836);
#1466=VERTEX_POINT('',#5863);
#1467=VERTEX_POINT('',#5870);
#1468=VERTEX_POINT('',#5875);
#1469=VERTEX_POINT('',#5882);
#1470=VERTEX_POINT('',#5895);
#1471=VERTEX_POINT('',#5910);
#1472=VERTEX_POINT('',#5917);
#1473=VERTEX_POINT('',#5930);
#1474=VERTEX_POINT('',#5945);
#1475=VERTEX_POINT('',#5952);
#1476=VERTEX_POINT('',#5965);
#1477=VERTEX_POINT('',#5978);
#1478=VERTEX_POINT('',#5985);
#1479=VERTEX_POINT('',#5998);
#1480=VERTEX_POINT('',#6011);
#1481=VERTEX_POINT('',#6020);
#1482=VERTEX_POINT('',#6030);
#1483=VERTEX_POINT('',#6031);
#1484=VERTEX_POINT('',#6040);
#1485=VERTEX_POINT('',#6044);
#1486=VERTEX_POINT('',#6046);
#1487=VERTEX_POINT('',#6050);
#1488=VERTEX_POINT('',#6062);
#1489=VERTEX_POINT('',#6077);
#1490=VERTEX_POINT('',#6109);
#1491=VERTEX_POINT('',#6110);
#1492=VERTEX_POINT('',#6121);
#1493=VERTEX_POINT('',#6125);
#1494=VERTEX_POINT('',#6127);
#1495=VERTEX_POINT('',#6131);
#1496=VERTEX_POINT('',#6138);
#1497=VERTEX_POINT('',#6158);
#1498=VERTEX_POINT('',#6206);
#1499=VERTEX_POINT('',#6213);
#1500=VERTEX_POINT('',#6218);
#1501=VERTEX_POINT('',#6231);
#1502=VERTEX_POINT('',#6244);
#1503=VERTEX_POINT('',#6251);
#1504=VERTEX_POINT('',#6266);
#1505=VERTEX_POINT('',#6279);
#1506=VERTEX_POINT('',#6286);
#1507=VERTEX_POINT('',#6299);
#1508=VERTEX_POINT('',#6312);
#1509=VERTEX_POINT('',#6319);
#1510=VERTEX_POINT('',#6332);
#1511=VERTEX_POINT('',#6345);
#1512=VERTEX_POINT('',#6357);
#1513=VERTEX_POINT('',#6366);
#1514=VERTEX_POINT('',#6383);
#1515=VERTEX_POINT('',#6385);
#1516=VERTEX_POINT('',#6412);
#1517=VERTEX_POINT('',#6415);
#1518=VERTEX_POINT('',#6420);
#1519=VERTEX_POINT('',#6422);
#1520=VERTEX_POINT('',#6424);
#1521=VERTEX_POINT('',#6426);
#1522=VERTEX_POINT('',#6442);
#1523=VERTEX_POINT('',#6446);
#1524=VERTEX_POINT('',#6450);
#1525=VERTEX_POINT('',#6454);
#1526=VERTEX_POINT('',#6470);
#1527=VERTEX_POINT('',#6472);
#1528=VERTEX_POINT('',#6476);
#1529=VERTEX_POINT('',#6480);
#1530=VERTEX_POINT('',#6496);
#1531=VERTEX_POINT('',#6500);
#1532=VERTEX_POINT('',#6504);
#1533=VERTEX_POINT('',#6508);
#1534=VERTEX_POINT('',#6513);
#1535=VERTEX_POINT('',#6529);
#1536=VERTEX_POINT('',#6535);
#1537=VERTEX_POINT('',#6551);
#1538=VERTEX_POINT('',#6557);
#1539=VERTEX_POINT('',#6561);
#1540=VERTEX_POINT('',#6563);
#1541=VERTEX_POINT('',#6579);
#1542=VERTEX_POINT('',#6583);
#1543=VERTEX_POINT('',#6599);
#1544=VERTEX_POINT('',#6624);
#1545=VERTEX_POINT('',#6641);
#1546=VERTEX_POINT('',#6648);
#1547=VERTEX_POINT('',#6650);
#1548=VERTEX_POINT('',#6666);
#1549=VERTEX_POINT('',#6675);
#1550=VERTEX_POINT('',#6710);
#1551=VERTEX_POINT('',#6769);
#1552=VERTEX_POINT('',#6782);
#1553=VERTEX_POINT('',#6787);
#1554=VERTEX_POINT('',#6794);
#1555=VERTEX_POINT('',#6795);
#1556=VERTEX_POINT('',#6812);
#1557=VERTEX_POINT('',#6814);
#1558=VERTEX_POINT('',#6888);
#1559=VERTEX_POINT('',#6934);
#1560=VERTEX_POINT('',#6993);
#1561=VERTEX_POINT('',#7104);
#1562=VERTEX_POINT('',#7133);
#1563=VERTEX_POINT('',#7134);
#1564=VERTEX_POINT('',#7174);
#1565=VERTEX_POINT('',#7183);
#1566=VERTEX_POINT('',#7185);
#1567=VERTEX_POINT('',#7194);
#1568=VERTEX_POINT('',#7208);
#1569=VERTEX_POINT('',#7231);
#1570=VERTEX_POINT('',#7279);
#1571=VERTEX_POINT('',#7292);
#1572=VERTEX_POINT('',#7297);
#1573=VERTEX_POINT('',#7304);
#1574=VERTEX_POINT('',#7305);
#1575=VERTEX_POINT('',#7322);
#1576=VERTEX_POINT('',#7324);
#1577=VERTEX_POINT('',#7333);
#1578=VERTEX_POINT('',#7347);
#1579=VERTEX_POINT('',#7370);
#1580=VERTEX_POINT('',#7429);
#1581=VERTEX_POINT('',#7442);
#1582=VERTEX_POINT('',#7447);
#1583=VERTEX_POINT('',#7454);
#1584=VERTEX_POINT('',#7455);
#1585=VERTEX_POINT('',#7472);
#1586=VERTEX_POINT('',#7474);
#1587=VERTEX_POINT('',#7548);
#1588=VERTEX_POINT('',#7555);
#1589=VERTEX_POINT('',#7571);
#1590=VERTEX_POINT('',#7573);
#1591=VERTEX_POINT('',#7582);
#1592=VERTEX_POINT('',#7596);
#1593=VERTEX_POINT('',#7619);
#1594=VERTEX_POINT('',#7654);
#1595=VERTEX_POINT('',#7667);
#1596=VERTEX_POINT('',#7672);
#1597=VERTEX_POINT('',#7679);
#1598=VERTEX_POINT('',#7680);
#1599=VERTEX_POINT('',#7697);
#1600=VERTEX_POINT('',#7699);
#1601=VERTEX_POINT('',#7708);
#1602=VERTEX_POINT('',#7722);
#1603=VERTEX_POINT('',#7745);
#1604=VERTEX_POINT('',#7804);
#1605=VERTEX_POINT('',#7811);
#1606=VERTEX_POINT('',#7827);
#1607=VERTEX_POINT('',#7829);
#1608=VERTEX_POINT('',#7892);
#1609=VERTEX_POINT('',#7899);
#1610=VERTEX_POINT('',#7915);
#1611=VERTEX_POINT('',#7917);
#1612=VERTEX_POINT('',#7980);
#1613=VERTEX_POINT('',#7987);
#1614=VERTEX_POINT('',#8003);
#1615=VERTEX_POINT('',#8005);
#1616=VERTEX_POINT('',#8081);
#1617=VERTEX_POINT('',#8094);
#1618=VERTEX_POINT('',#8099);
#1619=VERTEX_POINT('',#8106);
#1620=VERTEX_POINT('',#8107);
#1621=VERTEX_POINT('',#8124);
#1622=VERTEX_POINT('',#8126);
#1623=VERTEX_POINT('',#8135);
#1624=VERTEX_POINT('',#8149);
#1625=VERTEX_POINT('',#8172);
#1626=VERTEX_POINT('',#8295);
#1627=VERTEX_POINT('',#8308);
#1628=VERTEX_POINT('',#8313);
#1629=VERTEX_POINT('',#8320);
#1630=VERTEX_POINT('',#8321);
#1631=VERTEX_POINT('',#8338);
#1632=VERTEX_POINT('',#8340);
#1633=VERTEX_POINT('',#8349);
#1634=VERTEX_POINT('',#8363);
#1635=VERTEX_POINT('',#8386);
#1636=VERTEX_POINT('',#8445);
#1637=VERTEX_POINT('',#8458);
#1638=VERTEX_POINT('',#8463);
#1639=VERTEX_POINT('',#8470);
#1640=VERTEX_POINT('',#8471);
#1641=VERTEX_POINT('',#8488);
#1642=VERTEX_POINT('',#8490);
#1643=VERTEX_POINT('',#8499);
#1644=VERTEX_POINT('',#8513);
#1645=VERTEX_POINT('',#8536);
#1646=VERTEX_POINT('',#8576);
#1647=VERTEX_POINT('',#8592);
#1648=VERTEX_POINT('',#8594);
#1649=VERTEX_POINT('',#8603);
#1650=VERTEX_POINT('',#8617);
#1651=VERTEX_POINT('',#8640);
#1652=VERTEX_POINT('',#8688);
#1653=VERTEX_POINT('',#8695);
#1654=VERTEX_POINT('',#8711);
#1655=VERTEX_POINT('',#8713);
#1656=VERTEX_POINT('',#8776);
#1657=VERTEX_POINT('',#8783);
#1658=VERTEX_POINT('',#8799);
#1659=VERTEX_POINT('',#8801);
#1660=VERTEX_POINT('',#8869);
#1661=VERTEX_POINT('',#8933);
#1662=VERTEX_POINT('',#8940);
#1663=VERTEX_POINT('',#8956);
#1664=VERTEX_POINT('',#8958);
#1665=VERTEX_POINT('',#9021);
#1666=VERTEX_POINT('',#9028);
#1667=VERTEX_POINT('',#9044);
#1668=VERTEX_POINT('',#9046);
#1669=VERTEX_POINT('',#9090);
#1670=VERTEX_POINT('',#9091);
#1671=VERTEX_POINT('',#9093);
#1672=VERTEX_POINT('',#9095);
#1673=VERTEX_POINT('',#9099);
#1674=VERTEX_POINT('',#9101);
#1675=VERTEX_POINT('',#9105);
#1676=VERTEX_POINT('',#9107);
#1677=VERTEX_POINT('',#9116);
#1678=VERTEX_POINT('',#9118);
#1679=VERTEX_POINT('',#9120);
#1680=VERTEX_POINT('',#9122);
#1681=VERTEX_POINT('',#9124);
#1682=VERTEX_POINT('',#9128);
#1683=VERTEX_POINT('',#9129);
#1684=VERTEX_POINT('',#9131);
#1685=VERTEX_POINT('',#9133);
#1686=VERTEX_POINT('',#9137);
#1687=EDGE_CURVE('',#1346,#1347,#1198,.T.);
#1688=EDGE_CURVE('',#1348,#1347,#1199,.T.);
#1689=EDGE_CURVE('',#1349,#1348,#940,.T.);
#1690=EDGE_CURVE('',#1350,#1349,#702,.T.);
#1691=EDGE_CURVE('',#1351,#1350,#703,.T.);
#1692=EDGE_CURVE('',#1352,#1351,#704,.T.);
#1693=EDGE_CURVE('',#1353,#1352,#1200,.T.);
#1694=EDGE_CURVE('',#1346,#1353,#1201,.T.);
#1695=EDGE_CURVE('',#1354,#1347,#705,.T.);
#1696=EDGE_CURVE('',#1355,#1354,#1202,.T.);
#1697=EDGE_CURVE('',#1356,#1355,#706,.T.);
#1698=EDGE_CURVE('',#1357,#1356,#707,.T.);
#1699=EDGE_CURVE('',#1348,#1357,#708,.T.);
#1700=EDGE_CURVE('',#1358,#1354,#1203,.T.);
#1701=EDGE_CURVE('',#1359,#1358,#1204,.T.);
#1702=EDGE_CURVE('',#1360,#1359,#1205,.T.);
#1703=EDGE_CURVE('',#1361,#1360,#709,.T.);
#1704=EDGE_CURVE('',#1362,#1361,#710,.T.);
#1705=EDGE_CURVE('',#1363,#1362,#941,.T.);
#1706=EDGE_CURVE('',#1355,#1363,#711,.T.);
#1707=EDGE_CURVE('',#1364,#1365,#712,.T.);
#1708=EDGE_CURVE('',#1365,#1364,#713,.T.);
#1709=EDGE_CURVE('',#1365,#1366,#1206,.T.);
#1710=EDGE_CURVE('',#1367,#1366,#714,.T.);
#1711=EDGE_CURVE('',#1366,#1367,#715,.T.);
#1712=EDGE_CURVE('',#1368,#1369,#716,.T.);
#1713=EDGE_CURVE('',#1370,#1368,#1207,.T.);
#1714=EDGE_CURVE('',#1371,#1370,#717,.T.);
#1715=EDGE_CURVE('',#1372,#1371,#718,.T.);
#1716=EDGE_CURVE('',#1373,#1372,#719,.T.);
#1717=EDGE_CURVE('',#1373,#1369,#1208,.T.);
#1718=EDGE_CURVE('',#1369,#1374,#1209,.T.);
#1719=EDGE_CURVE('',#1375,#1373,#720,.T.);
#1720=EDGE_CURVE('',#1376,#1375,#942,.T.);
#1721=EDGE_CURVE('',#1377,#1376,#721,.T.);
#1722=EDGE_CURVE('',#1378,#1377,#722,.T.);
#1723=EDGE_CURVE('',#1379,#1378,#1210,.T.);
#1724=EDGE_CURVE('',#1374,#1379,#1211,.T.);
#1725=EDGE_CURVE('',#1380,#1381,#1212,.T.);
#1726=EDGE_CURVE('',#1382,#1380,#723,.T.);
#1727=EDGE_CURVE('',#1383,#1382,#724,.T.);
#1728=EDGE_CURVE('',#1384,#1383,#725,.T.);
#1729=EDGE_CURVE('',#1370,#1384,#943,.T.);
#1730=EDGE_CURVE('',#1368,#1385,#1213,.T.);
#1731=EDGE_CURVE('',#1381,#1385,#1214,.T.);
#1732=EDGE_CURVE('',#1352,#1386,#726,.T.);
#1733=EDGE_CURVE('',#1386,#1387,#727,.T.);
#1734=EDGE_CURVE('',#1353,#1387,#944,.T.);
#1735=EDGE_CURVE('',#1351,#1388,#945,.T.);
#1736=EDGE_CURVE('',#1388,#1386,#728,.T.);
#1737=EDGE_CURVE('',#1350,#1388,#946,.T.);
#1738=EDGE_CURVE('',#1389,#1356,#947,.T.);
#1739=EDGE_CURVE('',#1389,#1390,#729,.T.);
#1740=EDGE_CURVE('',#1390,#1357,#948,.T.);
#1741=EDGE_CURVE('',#1349,#1391,#949,.T.);
#1742=EDGE_CURVE('',#1391,#1388,#950,.T.);
#1743=EDGE_CURVE('',#1390,#1392,#951,.T.);
#1744=EDGE_CURVE('',#1393,#1392,#952,.T.);
#1745=EDGE_CURVE('',#1391,#1393,#953,.T.);
#1746=EDGE_CURVE('',#1394,#1380,#730,.T.);
#1747=EDGE_CURVE('',#1395,#1394,#731,.T.);
#1748=EDGE_CURVE('',#1382,#1395,#954,.T.);
#1749=EDGE_CURVE('',#1396,#1381,#955,.T.);
#1750=EDGE_CURVE('',#1396,#1394,#732,.T.);
#1751=EDGE_CURVE('',#1387,#1397,#956,.T.);
#1752=EDGE_CURVE('',#1397,#1398,#957,.T.);
#1753=EDGE_CURVE('',#1398,#1399,#958,.T.);
#1754=EDGE_CURVE('',#1399,#1400,#959,.T.);
#1755=EDGE_CURVE('',#1400,#1401,#960,.T.);
#1756=EDGE_CURVE('',#1401,#1402,#961,.T.);
#1757=EDGE_CURVE('',#1402,#1403,#962,.T.);
#1758=EDGE_CURVE('',#1403,#1404,#963,.T.);
#1759=EDGE_CURVE('',#1404,#1396,#964,.T.);
#1760=EDGE_CURVE('',#1385,#1405,#1215,.T.);
#1761=EDGE_CURVE('',#1405,#1406,#1216,.T.);
#1762=EDGE_CURVE('',#1406,#1407,#965,.T.);
#1763=EDGE_CURVE('',#1407,#1408,#1217,.T.);
#1764=EDGE_CURVE('',#1408,#1346,#1218,.T.);
#1765=EDGE_CURVE('',#1358,#1374,#966,.T.);
#1766=EDGE_CURVE('',#1379,#1409,#967,.T.);
#1767=EDGE_CURVE('',#1409,#1410,#968,.T.);
#1768=EDGE_CURVE('',#1410,#1411,#969,.T.);
#1769=EDGE_CURVE('',#1411,#1412,#970,.T.);
#1770=EDGE_CURVE('',#1412,#1413,#971,.T.);
#1771=EDGE_CURVE('',#1413,#1414,#972,.T.);
#1772=EDGE_CURVE('',#1414,#1415,#973,.T.);
#1773=EDGE_CURVE('',#1415,#1416,#974,.T.);
#1774=EDGE_CURVE('',#1416,#1417,#975,.T.);
#1775=EDGE_CURVE('',#1417,#1418,#976,.T.);
#1776=EDGE_CURVE('',#1418,#1419,#977,.T.);
#1777=EDGE_CURVE('',#1419,#1420,#978,.T.);
#1778=EDGE_CURVE('',#1420,#1421,#979,.T.);
#1779=EDGE_CURVE('',#1421,#1422,#980,.T.);
#1780=EDGE_CURVE('',#1422,#1423,#981,.T.);
#1781=EDGE_CURVE('',#1423,#1424,#982,.T.);
#1782=EDGE_CURVE('',#1424,#1425,#983,.T.);
#1783=EDGE_CURVE('',#1425,#1426,#984,.T.);
#1784=EDGE_CURVE('',#1426,#1427,#985,.T.);
#1785=EDGE_CURVE('',#1427,#1428,#986,.T.);
#1786=EDGE_CURVE('',#1428,#1429,#987,.T.);
#1787=EDGE_CURVE('',#1429,#1430,#988,.T.);
#1788=EDGE_CURVE('',#1430,#1431,#989,.T.);
#1789=EDGE_CURVE('',#1431,#1432,#990,.T.);
#1790=EDGE_CURVE('',#1432,#1433,#991,.T.);
#1791=EDGE_CURVE('',#1433,#1434,#992,.T.);
#1792=EDGE_CURVE('',#1434,#1435,#993,.T.);
#1793=EDGE_CURVE('',#1435,#1436,#994,.T.);
#1794=EDGE_CURVE('',#1436,#1437,#995,.T.);
#1795=EDGE_CURVE('',#1437,#1438,#996,.T.);
#1796=EDGE_CURVE('',#1438,#1439,#997,.T.);
#1797=EDGE_CURVE('',#1439,#1440,#998,.T.);
#1798=EDGE_CURVE('',#1440,#1441,#999,.T.);
#1799=EDGE_CURVE('',#1441,#1442,#1000,.T.);
#1800=EDGE_CURVE('',#1442,#1359,#1001,.T.);
#1801=EDGE_CURVE('',#1371,#1443,#1002,.T.);
#1802=EDGE_CURVE('',#1443,#1444,#733,.T.);
#1803=EDGE_CURVE('',#1444,#1372,#1003,.T.);
#1804=EDGE_CURVE('',#1378,#1445,#734,.T.);
#1805=EDGE_CURVE('',#1445,#1409,#735,.T.);
#1806=EDGE_CURVE('',#1444,#1446,#736,.T.);
#1807=EDGE_CURVE('',#1446,#1375,#1004,.T.);
#1808=EDGE_CURVE('',#1377,#1447,#737,.T.);
#1809=EDGE_CURVE('',#1447,#1448,#1005,.T.);
#1810=EDGE_CURVE('',#1445,#1448,#738,.T.);
#1811=EDGE_CURVE('',#1376,#1447,#1006,.T.);
#1812=EDGE_CURVE('',#1449,#1449,#1007,.T.);
#1813=EDGE_CURVE('',#1449,#1450,#1219,.T.);
#1814=EDGE_CURVE('',#1450,#1450,#1008,.T.);
#1815=EDGE_CURVE('',#1451,#1451,#1009,.T.);
#1816=EDGE_CURVE('',#1451,#1452,#1220,.T.);
#1817=EDGE_CURVE('',#1452,#1452,#1010,.T.);
#1818=EDGE_CURVE('',#1453,#1454,#1221,.T.);
#1819=EDGE_CURVE('',#1454,#1455,#1222,.T.);
#1820=EDGE_CURVE('',#1455,#1456,#1223,.T.);
#1821=EDGE_CURVE('',#1456,#1457,#1224,.T.);
#1822=EDGE_CURVE('',#1457,#1458,#1225,.T.);
#1823=EDGE_CURVE('',#1458,#1459,#1226,.T.);
#1824=EDGE_CURVE('',#1459,#1460,#1011,.T.);
#1825=EDGE_CURVE('',#1460,#1461,#1227,.T.);
#1826=EDGE_CURVE('',#1461,#1462,#1012,.T.);
#1827=EDGE_CURVE('',#1462,#1463,#1228,.T.);
#1828=EDGE_CURVE('',#1463,#1453,#1229,.T.);
#1829=EDGE_CURVE('',#1464,#1465,#739,.T.);
#1830=EDGE_CURVE('',#1464,#1466,#740,.T.);
#1831=EDGE_CURVE('',#1467,#1466,#741,.T.);
#1832=EDGE_CURVE('',#1468,#1467,#742,.T.);
#1833=EDGE_CURVE('',#1469,#1468,#743,.T.);
#1834=EDGE_CURVE('',#1470,#1469,#744,.T.);
#1835=EDGE_CURVE('',#1471,#1470,#745,.T.);
#1836=EDGE_CURVE('',#1472,#1471,#746,.T.);
#1837=EDGE_CURVE('',#1473,#1472,#747,.T.);
#1838=EDGE_CURVE('',#1474,#1473,#748,.T.);
#1839=EDGE_CURVE('',#1475,#1474,#749,.T.);
#1840=EDGE_CURVE('',#1476,#1475,#750,.T.);
#1841=EDGE_CURVE('',#1477,#1476,#751,.T.);
#1842=EDGE_CURVE('',#1478,#1477,#752,.T.);
#1843=EDGE_CURVE('',#1479,#1478,#753,.T.);
#1844=EDGE_CURVE('',#1480,#1479,#754,.T.);
#1845=EDGE_CURVE('',#1481,#1480,#755,.T.);
#1846=EDGE_CURVE('',#1465,#1481,#756,.T.);
#1847=EDGE_CURVE('',#1482,#1483,#757,.T.);
#1848=EDGE_CURVE('',#1484,#1482,#19,.T.);
#1849=EDGE_CURVE('',#1485,#1484,#1013,.T.);
#1850=EDGE_CURVE('',#1485,#1486,#20,.T.);
#1851=EDGE_CURVE('',#1487,#1486,#758,.T.);
#1852=EDGE_CURVE('',#1488,#1487,#759,.T.);
#1853=EDGE_CURVE('',#1489,#1488,#760,.T.);
#1854=EDGE_CURVE('',#1483,#1489,#761,.T.);
#1855=EDGE_CURVE('',#1490,#1491,#762,.T.);
#1856=EDGE_CURVE('',#1492,#1490,#21,.T.);
#1857=EDGE_CURVE('',#1493,#1492,#1014,.T.);
#1858=EDGE_CURVE('',#1493,#1494,#22,.T.);
#1859=EDGE_CURVE('',#1495,#1494,#763,.T.);
#1860=EDGE_CURVE('',#1496,#1495,#764,.T.);
#1861=EDGE_CURVE('',#1497,#1496,#765,.T.);
#1862=EDGE_CURVE('',#1491,#1497,#766,.T.);
#1863=EDGE_CURVE('',#1465,#1464,#767,.T.);
#1864=EDGE_CURVE('',#1498,#1481,#768,.T.);
#1865=EDGE_CURVE('',#1499,#1498,#769,.T.);
#1866=EDGE_CURVE('',#1500,#1499,#770,.T.);
#1867=EDGE_CURVE('',#1501,#1500,#771,.T.);
#1868=EDGE_CURVE('',#1502,#1501,#772,.T.);
#1869=EDGE_CURVE('',#1503,#1502,#773,.T.);
#1870=EDGE_CURVE('',#1504,#1503,#774,.T.);
#1871=EDGE_CURVE('',#1505,#1504,#775,.T.);
#1872=EDGE_CURVE('',#1506,#1505,#776,.T.);
#1873=EDGE_CURVE('',#1507,#1506,#777,.T.);
#1874=EDGE_CURVE('',#1508,#1507,#778,.T.);
#1875=EDGE_CURVE('',#1509,#1508,#779,.T.);
#1876=EDGE_CURVE('',#1510,#1509,#780,.T.);
#1877=EDGE_CURVE('',#1511,#1510,#781,.T.);
#1878=EDGE_CURVE('',#1466,#1511,#782,.T.);
#1879=EDGE_CURVE('',#1512,#1482,#783,.T.);
#1880=EDGE_CURVE('',#1513,#1512,#784,.T.);
#1881=EDGE_CURVE('',#1486,#1513,#1015,.T.);
#1882=EDGE_CURVE('',#1484,#1485,#1230,.T.);
#1883=EDGE_CURVE('',#1514,#1490,#1016,.T.);
#1884=EDGE_CURVE('',#1515,#1514,#785,.T.);
#1885=EDGE_CURVE('',#1494,#1515,#786,.T.);
#1886=EDGE_CURVE('',#1492,#1493,#1231,.T.);
#1887=EDGE_CURVE('',#1464,#1465,#1017,.T.);
#1888=EDGE_CURVE('',#1347,#1460,#1232,.T.);
#1889=EDGE_CURVE('',#1516,#1459,#1233,.T.);
#1890=EDGE_CURVE('',#1516,#1464,#1018,.T.);
#1891=EDGE_CURVE('',#1465,#1517,#1019,.T.);
#1892=EDGE_CURVE('',#1517,#1462,#1234,.T.);
#1893=EDGE_CURVE('',#1461,#1368,#1235,.T.);
#1894=EDGE_CURVE('',#1480,#1518,#1020,.T.);
#1895=EDGE_CURVE('',#1518,#1519,#1021,.T.);
#1896=EDGE_CURVE('',#1520,#1519,#1022,.T.);
#1897=EDGE_CURVE('',#1520,#1521,#787,.T.);
#1898=EDGE_CURVE('',#1521,#1498,#1023,.T.);
#1899=EDGE_CURVE('',#1522,#1479,#1024,.T.);
#1900=EDGE_CURVE('',#1518,#1522,#1025,.T.);
#1901=EDGE_CURVE('',#1521,#1523,#1026,.T.);
#1902=EDGE_CURVE('',#1499,#1523,#1027,.T.);
#1903=EDGE_CURVE('',#1478,#1524,#1028,.T.);
#1904=EDGE_CURVE('',#1522,#1524,#1029,.T.);
#1905=EDGE_CURVE('',#1523,#1525,#788,.T.);
#1906=EDGE_CURVE('',#1525,#1500,#1030,.T.);
#1907=EDGE_CURVE('',#1526,#1467,#1031,.T.);
#1908=EDGE_CURVE('',#1527,#1526,#1032,.T.);
#1909=EDGE_CURVE('',#1468,#1527,#1033,.T.);
#1910=EDGE_CURVE('',#1477,#1528,#1034,.T.);
#1911=EDGE_CURVE('',#1528,#1524,#1035,.T.);
#1912=EDGE_CURVE('',#1525,#1529,#789,.T.);
#1913=EDGE_CURVE('',#1529,#1501,#1036,.T.);
#1914=EDGE_CURVE('',#1527,#1530,#1037,.T.);
#1915=EDGE_CURVE('',#1469,#1530,#1038,.T.);
#1916=EDGE_CURVE('',#1531,#1530,#1039,.T.);
#1917=EDGE_CURVE('',#1531,#1470,#1040,.T.);
#1918=EDGE_CURVE('',#1532,#1476,#1041,.T.);
#1919=EDGE_CURVE('',#1528,#1532,#1042,.T.);
#1920=EDGE_CURVE('',#1529,#1533,#1043,.T.);
#1921=EDGE_CURVE('',#1483,#1533,#1044,.T.);
#1922=EDGE_CURVE('',#1502,#1489,#1045,.T.);
#1923=EDGE_CURVE('',#1533,#1534,#790,.T.);
#1924=EDGE_CURVE('',#1512,#1534,#1046,.T.);
#1925=EDGE_CURVE('',#1535,#1475,#1047,.T.);
#1926=EDGE_CURVE('',#1532,#1535,#1048,.T.);
#1927=EDGE_CURVE('',#1503,#1488,#1049,.T.);
#1928=EDGE_CURVE('',#1534,#1536,#791,.T.);
#1929=EDGE_CURVE('',#1536,#1513,#1050,.T.);
#1930=EDGE_CURVE('',#1474,#1537,#1051,.T.);
#1931=EDGE_CURVE('',#1537,#1535,#1052,.T.);
#1932=EDGE_CURVE('',#1487,#1504,#1053,.T.);
#1933=EDGE_CURVE('',#1538,#1473,#1054,.T.);
#1934=EDGE_CURVE('',#1537,#1538,#1055,.T.);
#1935=EDGE_CURVE('',#1514,#1539,#1056,.T.);
#1936=EDGE_CURVE('',#1539,#1540,#792,.T.);
#1937=EDGE_CURVE('',#1515,#1540,#1057,.T.);
#1938=EDGE_CURVE('',#1541,#1472,#1058,.T.);
#1939=EDGE_CURVE('',#1538,#1541,#1059,.T.);
#1940=EDGE_CURVE('',#1540,#1542,#793,.T.);
#1941=EDGE_CURVE('',#1542,#1495,#1060,.T.);
#1942=EDGE_CURVE('',#1471,#1543,#1061,.T.);
#1943=EDGE_CURVE('',#1543,#1541,#1062,.T.);
#1944=EDGE_CURVE('',#1543,#1531,#1063,.T.);
#1945=EDGE_CURVE('',#1430,#1544,#794,.T.);
#1946=EDGE_CURVE('',#1430,#1526,#795,.T.);
#1947=EDGE_CURVE('',#1526,#1545,#1064,.T.);
#1948=EDGE_CURVE('',#1544,#1545,#796,.T.);
#1949=EDGE_CURVE('',#1511,#1546,#1065,.T.);
#1950=EDGE_CURVE('',#1546,#1547,#797,.T.);
#1951=EDGE_CURVE('',#1545,#1547,#1066,.T.);
#1952=EDGE_CURVE('',#1548,#1510,#1067,.T.);
#1953=EDGE_CURVE('',#1548,#1546,#1068,.T.);
#1954=EDGE_CURVE('',#1527,#1429,#798,.T.);
#1955=EDGE_CURVE('',#1549,#1509,#1069,.T.);
#1956=EDGE_CURVE('',#1549,#1548,#799,.T.);
#1957=EDGE_CURVE('',#1550,#1429,#800,.T.);
#1958=EDGE_CURVE('',#1530,#1550,#801,.T.);
#1959=EDGE_CURVE('',#1544,#1431,#802,.T.);
#1960=EDGE_CURVE('',#1428,#1550,#803,.T.);
#1961=EDGE_CURVE('',#1432,#1551,#804,.T.);
#1962=EDGE_CURVE('',#1432,#1552,#805,.T.);
#1963=EDGE_CURVE('',#1552,#1553,#1070,.T.);
#1964=EDGE_CURVE('',#1551,#1553,#806,.T.);
#1965=EDGE_CURVE('',#1554,#1555,#807,.T.);
#1966=EDGE_CURVE('',#1553,#1555,#1071,.T.);
#1967=EDGE_CURVE('',#1552,#1554,#1072,.T.);
#1968=EDGE_CURVE('',#1556,#1552,#1073,.T.);
#1969=EDGE_CURVE('',#1557,#1556,#1074,.T.);
#1970=EDGE_CURVE('',#1557,#1554,#1075,.T.);
#1971=EDGE_CURVE('',#1556,#1431,#808,.T.);
#1972=EDGE_CURVE('',#1547,#1557,#809,.T.);
#1973=EDGE_CURVE('',#1556,#1545,#1076,.T.);
#1974=EDGE_CURVE('',#1551,#1433,#810,.T.);
#1975=EDGE_CURVE('',#1424,#1558,#811,.T.);
#1976=EDGE_CURVE('',#1424,#1532,#812,.T.);
#1977=EDGE_CURVE('',#1558,#1535,#813,.T.);
#1978=EDGE_CURVE('',#1528,#1423,#814,.T.);
#1979=EDGE_CURVE('',#1559,#1423,#815,.T.);
#1980=EDGE_CURVE('',#1524,#1559,#816,.T.);
#1981=EDGE_CURVE('',#1558,#1425,#817,.T.);
#1982=EDGE_CURVE('',#1422,#1559,#818,.T.);
#1983=EDGE_CURVE('',#1426,#1560,#819,.T.);
#1984=EDGE_CURVE('',#1426,#1538,#820,.T.);
#1985=EDGE_CURVE('',#1560,#1541,#821,.T.);
#1986=EDGE_CURVE('',#1505,#1491,#1077,.T.);
#1987=EDGE_CURVE('',#1506,#1497,#1078,.T.);
#1988=EDGE_CURVE('',#1536,#1539,#1079,.T.);
#1989=EDGE_CURVE('',#1537,#1425,#822,.T.);
#1990=EDGE_CURVE('',#1560,#1427,#823,.T.);
#1991=EDGE_CURVE('',#1422,#1522,#824,.T.);
#1992=EDGE_CURVE('',#1518,#1421,#825,.T.);
#1993=EDGE_CURVE('',#1561,#1421,#826,.T.);
#1994=EDGE_CURVE('',#1519,#1561,#827,.T.);
#1995=EDGE_CURVE('',#1420,#1561,#828,.T.);
#1996=EDGE_CURVE('',#1562,#1563,#829,.T.);
#1997=EDGE_CURVE('',#1448,#1563,#1080,.T.);
#1998=EDGE_CURVE('',#1447,#1562,#1081,.T.);
#1999=EDGE_CURVE('',#1446,#1562,#1082,.T.);
#2000=EDGE_CURVE('',#1383,#1395,#1083,.T.);
#2001=EDGE_CURVE('',#1396,#1564,#830,.T.);
#2002=EDGE_CURVE('',#1564,#1395,#1084,.T.);
#2003=EDGE_CURVE('',#1564,#1384,#1085,.T.);
#2004=EDGE_CURVE('',#1565,#1564,#1086,.T.);
#2005=EDGE_CURVE('',#1566,#1565,#1087,.T.);
#2006=EDGE_CURVE('',#1566,#1443,#1088,.T.);
#2007=EDGE_CURVE('',#1565,#1404,#831,.T.);
#2008=EDGE_CURVE('',#1567,#1566,#832,.T.);
#2009=EDGE_CURVE('',#1565,#1568,#1089,.T.);
#2010=EDGE_CURVE('',#1567,#1568,#1090,.T.);
#2011=EDGE_CURVE('',#1569,#1404,#833,.T.);
#2012=EDGE_CURVE('',#1568,#1569,#834,.T.);
#2013=EDGE_CURVE('',#1403,#1569,#835,.T.);
#2014=EDGE_CURVE('',#1412,#1570,#836,.T.);
#2015=EDGE_CURVE('',#1412,#1571,#837,.T.);
#2016=EDGE_CURVE('',#1571,#1572,#1091,.T.);
#2017=EDGE_CURVE('',#1570,#1572,#838,.T.);
#2018=EDGE_CURVE('',#1573,#1574,#839,.T.);
#2019=EDGE_CURVE('',#1572,#1574,#1092,.T.);
#2020=EDGE_CURVE('',#1571,#1573,#1093,.T.);
#2021=EDGE_CURVE('',#1575,#1571,#1094,.T.);
#2022=EDGE_CURVE('',#1576,#1575,#1095,.T.);
#2023=EDGE_CURVE('',#1576,#1573,#1096,.T.);
#2024=EDGE_CURVE('',#1575,#1411,#840,.T.);
#2025=EDGE_CURVE('',#1577,#1576,#841,.T.);
#2026=EDGE_CURVE('',#1575,#1578,#1097,.T.);
#2027=EDGE_CURVE('',#1577,#1578,#1098,.T.);
#2028=EDGE_CURVE('',#1579,#1411,#842,.T.);
#2029=EDGE_CURVE('',#1578,#1579,#843,.T.);
#2030=EDGE_CURVE('',#1570,#1413,#844,.T.);
#2031=EDGE_CURVE('',#1410,#1579,#845,.T.);
#2032=EDGE_CURVE('',#1414,#1580,#846,.T.);
#2033=EDGE_CURVE('',#1414,#1581,#847,.T.);
#2034=EDGE_CURVE('',#1581,#1582,#1099,.T.);
#2035=EDGE_CURVE('',#1580,#1582,#848,.T.);
#2036=EDGE_CURVE('',#1583,#1584,#849,.T.);
#2037=EDGE_CURVE('',#1582,#1584,#1100,.T.);
#2038=EDGE_CURVE('',#1581,#1583,#1101,.T.);
#2039=EDGE_CURVE('',#1585,#1581,#1102,.T.);
#2040=EDGE_CURVE('',#1586,#1585,#1103,.T.);
#2041=EDGE_CURVE('',#1586,#1583,#1104,.T.);
#2042=EDGE_CURVE('',#1585,#1413,#850,.T.);
#2043=EDGE_CURVE('',#1574,#1586,#851,.T.);
#2044=EDGE_CURVE('',#1585,#1572,#1105,.T.);
#2045=EDGE_CURVE('',#1580,#1415,#852,.T.);
#2046=EDGE_CURVE('',#1403,#1587,#853,.T.);
#2047=EDGE_CURVE('',#1587,#1568,#1106,.T.);
#2048=EDGE_CURVE('',#1588,#1567,#854,.T.);
#2049=EDGE_CURVE('',#1587,#1588,#1107,.T.);
#2050=EDGE_CURVE('',#1589,#1587,#1108,.T.);
#2051=EDGE_CURVE('',#1590,#1589,#1109,.T.);
#2052=EDGE_CURVE('',#1590,#1588,#1110,.T.);
#2053=EDGE_CURVE('',#1589,#1402,#855,.T.);
#2054=EDGE_CURVE('',#1591,#1590,#856,.T.);
#2055=EDGE_CURVE('',#1589,#1592,#1111,.T.);
#2056=EDGE_CURVE('',#1591,#1592,#1112,.T.);
#2057=EDGE_CURVE('',#1593,#1402,#857,.T.);
#2058=EDGE_CURVE('',#1592,#1593,#858,.T.);
#2059=EDGE_CURVE('',#1418,#1594,#859,.T.);
#2060=EDGE_CURVE('',#1418,#1595,#860,.T.);
#2061=EDGE_CURVE('',#1595,#1596,#1113,.T.);
#2062=EDGE_CURVE('',#1594,#1596,#861,.T.);
#2063=EDGE_CURVE('',#1597,#1598,#862,.T.);
#2064=EDGE_CURVE('',#1596,#1598,#1114,.T.);
#2065=EDGE_CURVE('',#1595,#1597,#1115,.T.);
#2066=EDGE_CURVE('',#1599,#1595,#1116,.T.);
#2067=EDGE_CURVE('',#1600,#1599,#1117,.T.);
#2068=EDGE_CURVE('',#1600,#1597,#1118,.T.);
#2069=EDGE_CURVE('',#1599,#1417,#863,.T.);
#2070=EDGE_CURVE('',#1601,#1600,#864,.T.);
#2071=EDGE_CURVE('',#1599,#1602,#1119,.T.);
#2072=EDGE_CURVE('',#1601,#1602,#1120,.T.);
#2073=EDGE_CURVE('',#1603,#1417,#865,.T.);
#2074=EDGE_CURVE('',#1602,#1603,#866,.T.);
#2075=EDGE_CURVE('',#1416,#1603,#867,.T.);
#2076=EDGE_CURVE('',#1594,#1419,#868,.T.);
#2077=EDGE_CURVE('',#1416,#1604,#869,.T.);
#2078=EDGE_CURVE('',#1604,#1602,#1121,.T.);
#2079=EDGE_CURVE('',#1605,#1601,#870,.T.);
#2080=EDGE_CURVE('',#1604,#1605,#1122,.T.);
#2081=EDGE_CURVE('',#1606,#1604,#1123,.T.);
#2082=EDGE_CURVE('',#1607,#1606,#1124,.T.);
#2083=EDGE_CURVE('',#1607,#1605,#1125,.T.);
#2084=EDGE_CURVE('',#1606,#1415,#871,.T.);
#2085=EDGE_CURVE('',#1584,#1607,#872,.T.);
#2086=EDGE_CURVE('',#1606,#1582,#1126,.T.);
#2087=EDGE_CURVE('',#1420,#1608,#873,.T.);
#2088=EDGE_CURVE('',#1608,#1519,#1127,.T.);
#2089=EDGE_CURVE('',#1609,#1520,#874,.T.);
#2090=EDGE_CURVE('',#1608,#1609,#1128,.T.);
#2091=EDGE_CURVE('',#1610,#1608,#1129,.T.);
#2092=EDGE_CURVE('',#1611,#1610,#1130,.T.);
#2093=EDGE_CURVE('',#1611,#1609,#1131,.T.);
#2094=EDGE_CURVE('',#1610,#1419,#875,.T.);
#2095=EDGE_CURVE('',#1598,#1611,#876,.T.);
#2096=EDGE_CURVE('',#1610,#1596,#1132,.T.);
#2097=EDGE_CURVE('',#1410,#1612,#877,.T.);
#2098=EDGE_CURVE('',#1612,#1578,#1133,.T.);
#2099=EDGE_CURVE('',#1613,#1577,#878,.T.);
#2100=EDGE_CURVE('',#1612,#1613,#1134,.T.);
#2101=EDGE_CURVE('',#1614,#1612,#1135,.T.);
#2102=EDGE_CURVE('',#1615,#1614,#1136,.T.);
#2103=EDGE_CURVE('',#1615,#1613,#1137,.T.);
#2104=EDGE_CURVE('',#1614,#1409,#879,.T.);
#2105=EDGE_CURVE('',#1563,#1615,#880,.T.);
#2106=EDGE_CURVE('',#1614,#1448,#1138,.T.);
#2107=EDGE_CURVE('',#1401,#1593,#881,.T.);
#2108=EDGE_CURVE('',#1399,#1616,#882,.T.);
#2109=EDGE_CURVE('',#1399,#1617,#883,.T.);
#2110=EDGE_CURVE('',#1617,#1618,#1139,.T.);
#2111=EDGE_CURVE('',#1616,#1618,#884,.T.);
#2112=EDGE_CURVE('',#1619,#1620,#885,.T.);
#2113=EDGE_CURVE('',#1618,#1620,#1140,.T.);
#2114=EDGE_CURVE('',#1617,#1619,#1141,.T.);
#2115=EDGE_CURVE('',#1621,#1617,#1142,.T.);
#2116=EDGE_CURVE('',#1622,#1621,#1143,.T.);
#2117=EDGE_CURVE('',#1622,#1619,#1144,.T.);
#2118=EDGE_CURVE('',#1621,#1398,#886,.T.);
#2119=EDGE_CURVE('',#1623,#1622,#887,.T.);
#2120=EDGE_CURVE('',#1621,#1624,#1145,.T.);
#2121=EDGE_CURVE('',#1623,#1624,#1146,.T.);
#2122=EDGE_CURVE('',#1625,#1398,#888,.T.);
#2123=EDGE_CURVE('',#1624,#1625,#889,.T.);
#2124=EDGE_CURVE('',#1397,#1625,#890,.T.);
#2125=EDGE_CURVE('',#1616,#1400,#891,.T.);
#2126=EDGE_CURVE('',#1397,#1393,#892,.T.);
#2127=EDGE_CURVE('',#1393,#1624,#1147,.T.);
#2128=EDGE_CURVE('',#1392,#1623,#893,.T.);
#2129=EDGE_CURVE('',#1391,#1387,#894,.T.);
#2130=EDGE_CURVE('',#1440,#1626,#895,.T.);
#2131=EDGE_CURVE('',#1440,#1627,#896,.T.);
#2132=EDGE_CURVE('',#1627,#1628,#1148,.T.);
#2133=EDGE_CURVE('',#1626,#1628,#897,.T.);
#2134=EDGE_CURVE('',#1629,#1630,#898,.T.);
#2135=EDGE_CURVE('',#1628,#1630,#1149,.T.);
#2136=EDGE_CURVE('',#1627,#1629,#1150,.T.);
#2137=EDGE_CURVE('',#1631,#1627,#1151,.T.);
#2138=EDGE_CURVE('',#1632,#1631,#1152,.T.);
#2139=EDGE_CURVE('',#1632,#1629,#1153,.T.);
#2140=EDGE_CURVE('',#1631,#1439,#899,.T.);
#2141=EDGE_CURVE('',#1633,#1632,#900,.T.);
#2142=EDGE_CURVE('',#1631,#1634,#1154,.T.);
#2143=EDGE_CURVE('',#1633,#1634,#1155,.T.);
#2144=EDGE_CURVE('',#1635,#1439,#901,.T.);
#2145=EDGE_CURVE('',#1634,#1635,#902,.T.);
#2146=EDGE_CURVE('',#1438,#1635,#903,.T.);
#2147=EDGE_CURVE('',#1626,#1441,#904,.T.);
#2148=EDGE_CURVE('',#1436,#1636,#905,.T.);
#2149=EDGE_CURVE('',#1436,#1637,#906,.T.);
#2150=EDGE_CURVE('',#1637,#1638,#1156,.T.);
#2151=EDGE_CURVE('',#1636,#1638,#907,.T.);
#2152=EDGE_CURVE('',#1639,#1640,#908,.T.);
#2153=EDGE_CURVE('',#1638,#1640,#1157,.T.);
#2154=EDGE_CURVE('',#1637,#1639,#1158,.T.);
#2155=EDGE_CURVE('',#1641,#1637,#1159,.T.);
#2156=EDGE_CURVE('',#1642,#1641,#1160,.T.);
#2157=EDGE_CURVE('',#1642,#1639,#1161,.T.);
#2158=EDGE_CURVE('',#1641,#1435,#909,.T.);
#2159=EDGE_CURVE('',#1643,#1642,#910,.T.);
#2160=EDGE_CURVE('',#1641,#1644,#1162,.T.);
#2161=EDGE_CURVE('',#1643,#1644,#1163,.T.);
#2162=EDGE_CURVE('',#1645,#1435,#911,.T.);
#2163=EDGE_CURVE('',#1644,#1645,#912,.T.);
#2164=EDGE_CURVE('',#1636,#1437,#913,.T.);
#2165=EDGE_CURVE('',#1434,#1645,#914,.T.);
#2166=EDGE_CURVE('',#1363,#1646,#1164,.T.);
#2167=EDGE_CURVE('',#1646,#1389,#915,.T.);
#2168=EDGE_CURVE('',#1647,#1362,#1165,.T.);
#2169=EDGE_CURVE('',#1648,#1647,#1166,.T.);
#2170=EDGE_CURVE('',#1648,#1646,#1167,.T.);
#2171=EDGE_CURVE('',#1647,#1361,#916,.T.);
#2172=EDGE_CURVE('',#1649,#1648,#917,.T.);
#2173=EDGE_CURVE('',#1647,#1650,#1168,.T.);
#2174=EDGE_CURVE('',#1649,#1650,#1169,.T.);
#2175=EDGE_CURVE('',#1651,#1360,#918,.T.);
#2176=EDGE_CURVE('',#1650,#1651,#919,.T.);
#2177=EDGE_CURVE('',#1442,#1651,#920,.T.);
#2178=EDGE_CURVE('',#1438,#1652,#921,.T.);
#2179=EDGE_CURVE('',#1652,#1634,#1170,.T.);
#2180=EDGE_CURVE('',#1653,#1633,#922,.T.);
#2181=EDGE_CURVE('',#1652,#1653,#1171,.T.);
#2182=EDGE_CURVE('',#1654,#1652,#1172,.T.);
#2183=EDGE_CURVE('',#1655,#1654,#1173,.T.);
#2184=EDGE_CURVE('',#1655,#1653,#1174,.T.);
#2185=EDGE_CURVE('',#1654,#1437,#923,.T.);
#2186=EDGE_CURVE('',#1640,#1655,#924,.T.);
#2187=EDGE_CURVE('',#1654,#1638,#1175,.T.);
#2188=EDGE_CURVE('',#1442,#1656,#925,.T.);
#2189=EDGE_CURVE('',#1656,#1650,#1176,.T.);
#2190=EDGE_CURVE('',#1657,#1649,#926,.T.);
#2191=EDGE_CURVE('',#1656,#1657,#1177,.T.);
#2192=EDGE_CURVE('',#1658,#1656,#1178,.T.);
#2193=EDGE_CURVE('',#1659,#1658,#1179,.T.);
#2194=EDGE_CURVE('',#1659,#1657,#1180,.T.);
#2195=EDGE_CURVE('',#1658,#1441,#927,.T.);
#2196=EDGE_CURVE('',#1630,#1659,#928,.T.);
#2197=EDGE_CURVE('',#1658,#1628,#1181,.T.);
#2198=EDGE_CURVE('',#1428,#1531,#929,.T.);
#2199=EDGE_CURVE('',#1508,#1660,#1182,.T.);
#2200=EDGE_CURVE('',#1660,#1549,#930,.T.);
#2201=EDGE_CURVE('',#1496,#1507,#1183,.T.);
#2202=EDGE_CURVE('',#1542,#1660,#1184,.T.);
#2203=EDGE_CURVE('',#1543,#1427,#931,.T.);
#2204=EDGE_CURVE('',#1434,#1661,#932,.T.);
#2205=EDGE_CURVE('',#1661,#1644,#1185,.T.);
#2206=EDGE_CURVE('',#1662,#1643,#933,.T.);
#2207=EDGE_CURVE('',#1661,#1662,#1186,.T.);
#2208=EDGE_CURVE('',#1663,#1661,#1187,.T.);
#2209=EDGE_CURVE('',#1664,#1663,#1188,.T.);
#2210=EDGE_CURVE('',#1664,#1662,#1189,.T.);
#2211=EDGE_CURVE('',#1663,#1433,#934,.T.);
#2212=EDGE_CURVE('',#1555,#1664,#935,.T.);
#2213=EDGE_CURVE('',#1663,#1553,#1190,.T.);
#2214=EDGE_CURVE('',#1401,#1665,#936,.T.);
#2215=EDGE_CURVE('',#1665,#1592,#1191,.T.);
#2216=EDGE_CURVE('',#1666,#1591,#937,.T.);
#2217=EDGE_CURVE('',#1665,#1666,#1192,.T.);
#2218=EDGE_CURVE('',#1667,#1665,#1193,.T.);
#2219=EDGE_CURVE('',#1668,#1667,#1194,.T.);
#2220=EDGE_CURVE('',#1668,#1666,#1195,.T.);
#2221=EDGE_CURVE('',#1667,#1400,#938,.T.);
#2222=EDGE_CURVE('',#1620,#1668,#939,.T.);
#2223=EDGE_CURVE('',#1667,#1618,#1196,.T.);
#2224=EDGE_CURVE('',#1669,#1670,#1236,.T.);
#2225=EDGE_CURVE('',#1670,#1671,#1237,.T.);
#2226=EDGE_CURVE('',#1671,#1672,#1238,.T.);
#2227=EDGE_CURVE('',#1672,#1669,#1239,.T.);
#2228=EDGE_CURVE('',#1454,#1673,#1240,.T.);
#2229=EDGE_CURVE('',#1674,#1673,#1241,.T.);
#2230=EDGE_CURVE('',#1455,#1674,#1242,.T.);
#2231=EDGE_CURVE('',#1672,#1675,#1243,.T.);
#2232=EDGE_CURVE('',#1676,#1675,#1244,.T.);
#2233=EDGE_CURVE('',#1669,#1676,#1245,.T.);
#2234=EDGE_CURVE('',#1675,#1674,#1246,.T.);
#2235=EDGE_CURVE('',#1673,#1676,#1247,.T.);
#2236=EDGE_CURVE('',#1465,#1464,#1248,.T.);
#2237=EDGE_CURVE('',#1677,#1516,#1249,.T.);
#2238=EDGE_CURVE('',#1678,#1677,#1250,.T.);
#2239=EDGE_CURVE('',#1679,#1678,#1251,.T.);
#2240=EDGE_CURVE('',#1680,#1679,#1252,.T.);
#2241=EDGE_CURVE('',#1681,#1680,#1253,.T.);
#2242=EDGE_CURVE('',#1464,#1681,#1254,.T.);
#2243=EDGE_CURVE('',#1682,#1683,#1255,.T.);
#2244=EDGE_CURVE('',#1684,#1682,#1256,.T.);
#2245=EDGE_CURVE('',#1685,#1684,#1257,.T.);
#2246=EDGE_CURVE('',#1683,#1685,#1197,.T.);
#2247=EDGE_CURVE('',#1686,#1465,#1258,.T.);
#2248=EDGE_CURVE('',#1517,#1686,#1259,.T.);
#2249=EDGE_CURVE('',#1677,#1458,#1260,.T.);
#2250=EDGE_CURVE('',#1678,#1457,#1261,.T.);
#2251=EDGE_CURVE('',#1679,#1456,#1262,.T.);
#2252=EDGE_CURVE('',#1680,#1455,#1263,.T.);
#2253=EDGE_CURVE('',#1681,#1671,#1264,.T.);
#2254=EDGE_CURVE('',#1464,#1670,#1265,.T.);
#2255=EDGE_CURVE('',#1465,#1453,#1266,.T.);
#2256=EDGE_CURVE('',#1686,#1463,#1267,.T.);
#2257=EDGE_CURVE('',#1684,#1408,#1268,.T.);
#2258=EDGE_CURVE('',#1685,#1407,#1269,.T.);
#2259=EDGE_CURVE('',#1682,#1405,#1270,.T.);
#2260=EDGE_CURVE('',#1683,#1406,#1271,.T.);
#2261=ORIENTED_EDGE('',*,*,#1687,.T.);
#2262=ORIENTED_EDGE('',*,*,#1688,.F.);
#2263=ORIENTED_EDGE('',*,*,#1689,.F.);
#2264=ORIENTED_EDGE('',*,*,#1690,.F.);
#2265=ORIENTED_EDGE('',*,*,#1691,.F.);
#2266=ORIENTED_EDGE('',*,*,#1692,.F.);
#2267=ORIENTED_EDGE('',*,*,#1693,.F.);
#2268=ORIENTED_EDGE('',*,*,#1694,.F.);
#2269=ORIENTED_EDGE('',*,*,#1695,.F.);
#2270=ORIENTED_EDGE('',*,*,#1696,.F.);
#2271=ORIENTED_EDGE('',*,*,#1697,.F.);
#2272=ORIENTED_EDGE('',*,*,#1698,.F.);
#2273=ORIENTED_EDGE('',*,*,#1699,.F.);
#2274=ORIENTED_EDGE('',*,*,#1688,.T.);
#2275=ORIENTED_EDGE('',*,*,#1700,.F.);
#2276=ORIENTED_EDGE('',*,*,#1701,.F.);
#2277=ORIENTED_EDGE('',*,*,#1702,.F.);
#2278=ORIENTED_EDGE('',*,*,#1703,.F.);
#2279=ORIENTED_EDGE('',*,*,#1704,.F.);
#2280=ORIENTED_EDGE('',*,*,#1705,.F.);
#2281=ORIENTED_EDGE('',*,*,#1706,.F.);
#2282=ORIENTED_EDGE('',*,*,#1696,.T.);
#2283=ORIENTED_EDGE('',*,*,#1707,.F.);
#2284=ORIENTED_EDGE('',*,*,#1708,.F.);
#2285=ORIENTED_EDGE('',*,*,#1709,.T.);
#2286=ORIENTED_EDGE('',*,*,#1710,.F.);
#2287=ORIENTED_EDGE('',*,*,#1711,.F.);
#2288=ORIENTED_EDGE('',*,*,#1709,.F.);
#2289=ORIENTED_EDGE('',*,*,#1712,.F.);
#2290=ORIENTED_EDGE('',*,*,#1713,.F.);
#2291=ORIENTED_EDGE('',*,*,#1714,.F.);
#2292=ORIENTED_EDGE('',*,*,#1715,.F.);
#2293=ORIENTED_EDGE('',*,*,#1716,.F.);
#2294=ORIENTED_EDGE('',*,*,#1717,.T.);
#2295=ORIENTED_EDGE('',*,*,#1718,.F.);
#2296=ORIENTED_EDGE('',*,*,#1717,.F.);
#2297=ORIENTED_EDGE('',*,*,#1719,.F.);
#2298=ORIENTED_EDGE('',*,*,#1720,.F.);
#2299=ORIENTED_EDGE('',*,*,#1721,.F.);
#2300=ORIENTED_EDGE('',*,*,#1722,.F.);
#2301=ORIENTED_EDGE('',*,*,#1723,.F.);
#2302=ORIENTED_EDGE('',*,*,#1724,.F.);
#2303=ORIENTED_EDGE('',*,*,#1725,.F.);
#2304=ORIENTED_EDGE('',*,*,#1726,.F.);
#2305=ORIENTED_EDGE('',*,*,#1727,.F.);
#2306=ORIENTED_EDGE('',*,*,#1728,.F.);
#2307=ORIENTED_EDGE('',*,*,#1729,.F.);
#2308=ORIENTED_EDGE('',*,*,#1713,.T.);
#2309=ORIENTED_EDGE('',*,*,#1730,.T.);
#2310=ORIENTED_EDGE('',*,*,#1731,.F.);
#2311=ORIENTED_EDGE('',*,*,#1693,.T.);
#2312=ORIENTED_EDGE('',*,*,#1732,.T.);
#2313=ORIENTED_EDGE('',*,*,#1733,.T.);
#2314=ORIENTED_EDGE('',*,*,#1734,.F.);
#2315=ORIENTED_EDGE('',*,*,#1692,.T.);
#2316=ORIENTED_EDGE('',*,*,#1735,.T.);
#2317=ORIENTED_EDGE('',*,*,#1736,.T.);
#2318=ORIENTED_EDGE('',*,*,#1732,.F.);
#2319=ORIENTED_EDGE('',*,*,#1691,.T.);
#2320=ORIENTED_EDGE('',*,*,#1737,.T.);
#2321=ORIENTED_EDGE('',*,*,#1735,.F.);
#2322=ORIENTED_EDGE('',*,*,#1698,.T.);
#2323=ORIENTED_EDGE('',*,*,#1738,.F.);
#2324=ORIENTED_EDGE('',*,*,#1739,.T.);
#2325=ORIENTED_EDGE('',*,*,#1740,.T.);
#2326=ORIENTED_EDGE('',*,*,#1690,.T.);
#2327=ORIENTED_EDGE('',*,*,#1741,.T.);
#2328=ORIENTED_EDGE('',*,*,#1742,.T.);
#2329=ORIENTED_EDGE('',*,*,#1737,.F.);
#2330=ORIENTED_EDGE('',*,*,#1689,.T.);
#2331=ORIENTED_EDGE('',*,*,#1699,.T.);
#2332=ORIENTED_EDGE('',*,*,#1740,.F.);
#2333=ORIENTED_EDGE('',*,*,#1743,.T.);
#2334=ORIENTED_EDGE('',*,*,#1744,.F.);
#2335=ORIENTED_EDGE('',*,*,#1745,.F.);
#2336=ORIENTED_EDGE('',*,*,#1741,.F.);
#2337=ORIENTED_EDGE('',*,*,#1726,.T.);
#2338=ORIENTED_EDGE('',*,*,#1746,.F.);
#2339=ORIENTED_EDGE('',*,*,#1747,.F.);
#2340=ORIENTED_EDGE('',*,*,#1748,.F.);
#2341=ORIENTED_EDGE('',*,*,#1725,.T.);
#2342=ORIENTED_EDGE('',*,*,#1749,.F.);
#2343=ORIENTED_EDGE('',*,*,#1750,.T.);
#2344=ORIENTED_EDGE('',*,*,#1746,.T.);
#2345=ORIENTED_EDGE('',*,*,#1694,.T.);
#2346=ORIENTED_EDGE('',*,*,#1734,.T.);
#2347=ORIENTED_EDGE('',*,*,#1751,.T.);
#2348=ORIENTED_EDGE('',*,*,#1752,.T.);
#2349=ORIENTED_EDGE('',*,*,#1753,.T.);
#2350=ORIENTED_EDGE('',*,*,#1754,.T.);
#2351=ORIENTED_EDGE('',*,*,#1755,.T.);
#2352=ORIENTED_EDGE('',*,*,#1756,.T.);
#2353=ORIENTED_EDGE('',*,*,#1757,.T.);
#2354=ORIENTED_EDGE('',*,*,#1758,.T.);
#2355=ORIENTED_EDGE('',*,*,#1759,.T.);
#2356=ORIENTED_EDGE('',*,*,#1749,.T.);
#2357=ORIENTED_EDGE('',*,*,#1731,.T.);
#2358=ORIENTED_EDGE('',*,*,#1760,.T.);
#2359=ORIENTED_EDGE('',*,*,#1761,.T.);
#2360=ORIENTED_EDGE('',*,*,#1762,.T.);
#2361=ORIENTED_EDGE('',*,*,#1763,.T.);
#2362=ORIENTED_EDGE('',*,*,#1764,.T.);
#2363=ORIENTED_EDGE('',*,*,#1701,.T.);
#2364=ORIENTED_EDGE('',*,*,#1765,.T.);
#2365=ORIENTED_EDGE('',*,*,#1724,.T.);
#2366=ORIENTED_EDGE('',*,*,#1766,.T.);
#2367=ORIENTED_EDGE('',*,*,#1767,.T.);
#2368=ORIENTED_EDGE('',*,*,#1768,.T.);
#2369=ORIENTED_EDGE('',*,*,#1769,.T.);
#2370=ORIENTED_EDGE('',*,*,#1770,.T.);
#2371=ORIENTED_EDGE('',*,*,#1771,.T.);
#2372=ORIENTED_EDGE('',*,*,#1772,.T.);
#2373=ORIENTED_EDGE('',*,*,#1773,.T.);
#2374=ORIENTED_EDGE('',*,*,#1774,.T.);
#2375=ORIENTED_EDGE('',*,*,#1775,.T.);
#2376=ORIENTED_EDGE('',*,*,#1776,.T.);
#2377=ORIENTED_EDGE('',*,*,#1777,.T.);
#2378=ORIENTED_EDGE('',*,*,#1778,.T.);
#2379=ORIENTED_EDGE('',*,*,#1779,.T.);
#2380=ORIENTED_EDGE('',*,*,#1780,.T.);
#2381=ORIENTED_EDGE('',*,*,#1781,.T.);
#2382=ORIENTED_EDGE('',*,*,#1782,.T.);
#2383=ORIENTED_EDGE('',*,*,#1783,.T.);
#2384=ORIENTED_EDGE('',*,*,#1784,.T.);
#2385=ORIENTED_EDGE('',*,*,#1785,.T.);
#2386=ORIENTED_EDGE('',*,*,#1786,.T.);
#2387=ORIENTED_EDGE('',*,*,#1787,.T.);
#2388=ORIENTED_EDGE('',*,*,#1788,.T.);
#2389=ORIENTED_EDGE('',*,*,#1789,.T.);
#2390=ORIENTED_EDGE('',*,*,#1790,.T.);
#2391=ORIENTED_EDGE('',*,*,#1791,.T.);
#2392=ORIENTED_EDGE('',*,*,#1792,.T.);
#2393=ORIENTED_EDGE('',*,*,#1793,.T.);
#2394=ORIENTED_EDGE('',*,*,#1794,.T.);
#2395=ORIENTED_EDGE('',*,*,#1795,.T.);
#2396=ORIENTED_EDGE('',*,*,#1796,.T.);
#2397=ORIENTED_EDGE('',*,*,#1797,.T.);
#2398=ORIENTED_EDGE('',*,*,#1798,.T.);
#2399=ORIENTED_EDGE('',*,*,#1799,.T.);
#2400=ORIENTED_EDGE('',*,*,#1800,.T.);
#2401=ORIENTED_EDGE('',*,*,#1715,.T.);
#2402=ORIENTED_EDGE('',*,*,#1801,.T.);
#2403=ORIENTED_EDGE('',*,*,#1802,.T.);
#2404=ORIENTED_EDGE('',*,*,#1803,.T.);
#2405=ORIENTED_EDGE('',*,*,#1723,.T.);
#2406=ORIENTED_EDGE('',*,*,#1804,.T.);
#2407=ORIENTED_EDGE('',*,*,#1805,.T.);
#2408=ORIENTED_EDGE('',*,*,#1766,.F.);
#2409=ORIENTED_EDGE('',*,*,#1716,.T.);
#2410=ORIENTED_EDGE('',*,*,#1803,.F.);
#2411=ORIENTED_EDGE('',*,*,#1806,.T.);
#2412=ORIENTED_EDGE('',*,*,#1807,.T.);
#2413=ORIENTED_EDGE('',*,*,#1719,.T.);
#2414=ORIENTED_EDGE('',*,*,#1722,.T.);
#2415=ORIENTED_EDGE('',*,*,#1808,.T.);
#2416=ORIENTED_EDGE('',*,*,#1809,.T.);
#2417=ORIENTED_EDGE('',*,*,#1810,.F.);
#2418=ORIENTED_EDGE('',*,*,#1804,.F.);
#2419=ORIENTED_EDGE('',*,*,#1721,.T.);
#2420=ORIENTED_EDGE('',*,*,#1811,.T.);
#2421=ORIENTED_EDGE('',*,*,#1808,.F.);
#2422=ORIENTED_EDGE('',*,*,#1812,.F.);
#2423=ORIENTED_EDGE('',*,*,#1813,.T.);
#2424=ORIENTED_EDGE('',*,*,#1814,.F.);
#2425=ORIENTED_EDGE('',*,*,#1813,.F.);
#2426=ORIENTED_EDGE('',*,*,#1815,.F.);
#2427=ORIENTED_EDGE('',*,*,#1816,.T.);
#2428=ORIENTED_EDGE('',*,*,#1817,.F.);
#2429=ORIENTED_EDGE('',*,*,#1816,.F.);
#2430=ORIENTED_EDGE('',*,*,#1815,.T.);
#2431=ORIENTED_EDGE('',*,*,#1812,.T.);
#2432=ORIENTED_EDGE('',*,*,#1818,.T.);
#2433=ORIENTED_EDGE('',*,*,#1819,.T.);
#2434=ORIENTED_EDGE('',*,*,#1820,.T.);
#2435=ORIENTED_EDGE('',*,*,#1821,.T.);
#2436=ORIENTED_EDGE('',*,*,#1822,.T.);
#2437=ORIENTED_EDGE('',*,*,#1823,.T.);
#2438=ORIENTED_EDGE('',*,*,#1824,.T.);
#2439=ORIENTED_EDGE('',*,*,#1825,.T.);
#2440=ORIENTED_EDGE('',*,*,#1826,.T.);
#2441=ORIENTED_EDGE('',*,*,#1827,.T.);
#2442=ORIENTED_EDGE('',*,*,#1828,.T.);
#2443=ORIENTED_EDGE('',*,*,#1817,.T.);
#2444=ORIENTED_EDGE('',*,*,#1829,.F.);
#2445=ORIENTED_EDGE('',*,*,#1830,.T.);
#2446=ORIENTED_EDGE('',*,*,#1831,.F.);
#2447=ORIENTED_EDGE('',*,*,#1832,.F.);
#2448=ORIENTED_EDGE('',*,*,#1833,.F.);
#2449=ORIENTED_EDGE('',*,*,#1834,.F.);
#2450=ORIENTED_EDGE('',*,*,#1835,.F.);
#2451=ORIENTED_EDGE('',*,*,#1836,.F.);
#2452=ORIENTED_EDGE('',*,*,#1837,.F.);
#2453=ORIENTED_EDGE('',*,*,#1838,.F.);
#2454=ORIENTED_EDGE('',*,*,#1839,.F.);
#2455=ORIENTED_EDGE('',*,*,#1840,.F.);
#2456=ORIENTED_EDGE('',*,*,#1841,.F.);
#2457=ORIENTED_EDGE('',*,*,#1842,.F.);
#2458=ORIENTED_EDGE('',*,*,#1843,.F.);
#2459=ORIENTED_EDGE('',*,*,#1844,.F.);
#2460=ORIENTED_EDGE('',*,*,#1845,.F.);
#2461=ORIENTED_EDGE('',*,*,#1846,.F.);
#2462=ORIENTED_EDGE('',*,*,#1847,.F.);
#2463=ORIENTED_EDGE('',*,*,#1848,.F.);
#2464=ORIENTED_EDGE('',*,*,#1849,.F.);
#2465=ORIENTED_EDGE('',*,*,#1850,.T.);
#2466=ORIENTED_EDGE('',*,*,#1851,.F.);
#2467=ORIENTED_EDGE('',*,*,#1852,.F.);
#2468=ORIENTED_EDGE('',*,*,#1853,.F.);
#2469=ORIENTED_EDGE('',*,*,#1854,.F.);
#2470=ORIENTED_EDGE('',*,*,#1855,.F.);
#2471=ORIENTED_EDGE('',*,*,#1856,.F.);
#2472=ORIENTED_EDGE('',*,*,#1857,.F.);
#2473=ORIENTED_EDGE('',*,*,#1858,.T.);
#2474=ORIENTED_EDGE('',*,*,#1859,.F.);
#2475=ORIENTED_EDGE('',*,*,#1860,.F.);
#2476=ORIENTED_EDGE('',*,*,#1861,.F.);
#2477=ORIENTED_EDGE('',*,*,#1862,.F.);
#2478=ORIENTED_EDGE('',*,*,#1863,.F.);
#2479=ORIENTED_EDGE('',*,*,#1846,.T.);
#2480=ORIENTED_EDGE('',*,*,#1864,.F.);
#2481=ORIENTED_EDGE('',*,*,#1865,.F.);
#2482=ORIENTED_EDGE('',*,*,#1866,.F.);
#2483=ORIENTED_EDGE('',*,*,#1867,.F.);
#2484=ORIENTED_EDGE('',*,*,#1868,.F.);
#2485=ORIENTED_EDGE('',*,*,#1869,.F.);
#2486=ORIENTED_EDGE('',*,*,#1870,.F.);
#2487=ORIENTED_EDGE('',*,*,#1871,.F.);
#2488=ORIENTED_EDGE('',*,*,#1872,.F.);
#2489=ORIENTED_EDGE('',*,*,#1873,.F.);
#2490=ORIENTED_EDGE('',*,*,#1874,.F.);
#2491=ORIENTED_EDGE('',*,*,#1875,.F.);
#2492=ORIENTED_EDGE('',*,*,#1876,.F.);
#2493=ORIENTED_EDGE('',*,*,#1877,.F.);
#2494=ORIENTED_EDGE('',*,*,#1878,.F.);
#2495=ORIENTED_EDGE('',*,*,#1830,.F.);
#2496=ORIENTED_EDGE('',*,*,#1879,.F.);
#2497=ORIENTED_EDGE('',*,*,#1880,.F.);
#2498=ORIENTED_EDGE('',*,*,#1881,.F.);
#2499=ORIENTED_EDGE('',*,*,#1850,.F.);
#2500=ORIENTED_EDGE('',*,*,#1882,.F.);
#2501=ORIENTED_EDGE('',*,*,#1848,.T.);
#2502=ORIENTED_EDGE('',*,*,#1883,.F.);
#2503=ORIENTED_EDGE('',*,*,#1884,.F.);
#2504=ORIENTED_EDGE('',*,*,#1885,.F.);
#2505=ORIENTED_EDGE('',*,*,#1858,.F.);
#2506=ORIENTED_EDGE('',*,*,#1886,.F.);
#2507=ORIENTED_EDGE('',*,*,#1856,.T.);
#2508=ORIENTED_EDGE('',*,*,#1863,.T.);
#2509=ORIENTED_EDGE('',*,*,#1887,.T.);
#2510=ORIENTED_EDGE('',*,*,#1695,.T.);
#2511=ORIENTED_EDGE('',*,*,#1888,.T.);
#2512=ORIENTED_EDGE('',*,*,#1824,.F.);
#2513=ORIENTED_EDGE('',*,*,#1889,.F.);
#2514=ORIENTED_EDGE('',*,*,#1890,.T.);
#2515=ORIENTED_EDGE('',*,*,#1829,.T.);
#2516=ORIENTED_EDGE('',*,*,#1891,.T.);
#2517=ORIENTED_EDGE('',*,*,#1892,.T.);
#2518=ORIENTED_EDGE('',*,*,#1826,.F.);
#2519=ORIENTED_EDGE('',*,*,#1893,.T.);
#2520=ORIENTED_EDGE('',*,*,#1712,.T.);
#2521=ORIENTED_EDGE('',*,*,#1718,.T.);
#2522=ORIENTED_EDGE('',*,*,#1765,.F.);
#2523=ORIENTED_EDGE('',*,*,#1700,.T.);
#2524=ORIENTED_EDGE('',*,*,#1864,.T.);
#2525=ORIENTED_EDGE('',*,*,#1845,.T.);
#2526=ORIENTED_EDGE('',*,*,#1894,.T.);
#2527=ORIENTED_EDGE('',*,*,#1895,.T.);
#2528=ORIENTED_EDGE('',*,*,#1896,.F.);
#2529=ORIENTED_EDGE('',*,*,#1897,.T.);
#2530=ORIENTED_EDGE('',*,*,#1898,.T.);
#2531=ORIENTED_EDGE('',*,*,#1844,.T.);
#2532=ORIENTED_EDGE('',*,*,#1899,.F.);
#2533=ORIENTED_EDGE('',*,*,#1900,.F.);
#2534=ORIENTED_EDGE('',*,*,#1894,.F.);
#2535=ORIENTED_EDGE('',*,*,#1865,.T.);
#2536=ORIENTED_EDGE('',*,*,#1898,.F.);
#2537=ORIENTED_EDGE('',*,*,#1901,.T.);
#2538=ORIENTED_EDGE('',*,*,#1902,.F.);
#2539=ORIENTED_EDGE('',*,*,#1843,.T.);
#2540=ORIENTED_EDGE('',*,*,#1903,.T.);
#2541=ORIENTED_EDGE('',*,*,#1904,.F.);
#2542=ORIENTED_EDGE('',*,*,#1899,.T.);
#2543=ORIENTED_EDGE('',*,*,#1866,.T.);
#2544=ORIENTED_EDGE('',*,*,#1902,.T.);
#2545=ORIENTED_EDGE('',*,*,#1905,.T.);
#2546=ORIENTED_EDGE('',*,*,#1906,.T.);
#2547=ORIENTED_EDGE('',*,*,#1832,.T.);
#2548=ORIENTED_EDGE('',*,*,#1907,.F.);
#2549=ORIENTED_EDGE('',*,*,#1908,.F.);
#2550=ORIENTED_EDGE('',*,*,#1909,.F.);
#2551=ORIENTED_EDGE('',*,*,#1842,.T.);
#2552=ORIENTED_EDGE('',*,*,#1910,.T.);
#2553=ORIENTED_EDGE('',*,*,#1911,.T.);
#2554=ORIENTED_EDGE('',*,*,#1903,.F.);
#2555=ORIENTED_EDGE('',*,*,#1867,.T.);
#2556=ORIENTED_EDGE('',*,*,#1906,.F.);
#2557=ORIENTED_EDGE('',*,*,#1912,.T.);
#2558=ORIENTED_EDGE('',*,*,#1913,.T.);
#2559=ORIENTED_EDGE('',*,*,#1833,.T.);
#2560=ORIENTED_EDGE('',*,*,#1909,.T.);
#2561=ORIENTED_EDGE('',*,*,#1914,.T.);
#2562=ORIENTED_EDGE('',*,*,#1915,.F.);
#2563=ORIENTED_EDGE('',*,*,#1834,.T.);
#2564=ORIENTED_EDGE('',*,*,#1915,.T.);
#2565=ORIENTED_EDGE('',*,*,#1916,.F.);
#2566=ORIENTED_EDGE('',*,*,#1917,.T.);
#2567=ORIENTED_EDGE('',*,*,#1841,.T.);
#2568=ORIENTED_EDGE('',*,*,#1918,.F.);
#2569=ORIENTED_EDGE('',*,*,#1919,.F.);
#2570=ORIENTED_EDGE('',*,*,#1910,.F.);
#2571=ORIENTED_EDGE('',*,*,#1868,.T.);
#2572=ORIENTED_EDGE('',*,*,#1913,.F.);
#2573=ORIENTED_EDGE('',*,*,#1920,.T.);
#2574=ORIENTED_EDGE('',*,*,#1921,.F.);
#2575=ORIENTED_EDGE('',*,*,#1854,.T.);
#2576=ORIENTED_EDGE('',*,*,#1922,.F.);
#2577=ORIENTED_EDGE('',*,*,#1847,.T.);
#2578=ORIENTED_EDGE('',*,*,#1921,.T.);
#2579=ORIENTED_EDGE('',*,*,#1923,.T.);
#2580=ORIENTED_EDGE('',*,*,#1924,.F.);
#2581=ORIENTED_EDGE('',*,*,#1879,.T.);
#2582=ORIENTED_EDGE('',*,*,#1840,.T.);
#2583=ORIENTED_EDGE('',*,*,#1925,.F.);
#2584=ORIENTED_EDGE('',*,*,#1926,.F.);
#2585=ORIENTED_EDGE('',*,*,#1918,.T.);
#2586=ORIENTED_EDGE('',*,*,#1869,.T.);
#2587=ORIENTED_EDGE('',*,*,#1922,.T.);
#2588=ORIENTED_EDGE('',*,*,#1853,.T.);
#2589=ORIENTED_EDGE('',*,*,#1927,.F.);
#2590=ORIENTED_EDGE('',*,*,#1880,.T.);
#2591=ORIENTED_EDGE('',*,*,#1924,.T.);
#2592=ORIENTED_EDGE('',*,*,#1928,.T.);
#2593=ORIENTED_EDGE('',*,*,#1929,.T.);
#2594=ORIENTED_EDGE('',*,*,#1839,.T.);
#2595=ORIENTED_EDGE('',*,*,#1930,.T.);
#2596=ORIENTED_EDGE('',*,*,#1931,.T.);
#2597=ORIENTED_EDGE('',*,*,#1925,.T.);
#2598=ORIENTED_EDGE('',*,*,#1870,.T.);
#2599=ORIENTED_EDGE('',*,*,#1927,.T.);
#2600=ORIENTED_EDGE('',*,*,#1852,.T.);
#2601=ORIENTED_EDGE('',*,*,#1932,.T.);
#2602=ORIENTED_EDGE('',*,*,#1838,.T.);
#2603=ORIENTED_EDGE('',*,*,#1933,.F.);
#2604=ORIENTED_EDGE('',*,*,#1934,.F.);
#2605=ORIENTED_EDGE('',*,*,#1930,.F.);
#2606=ORIENTED_EDGE('',*,*,#1884,.T.);
#2607=ORIENTED_EDGE('',*,*,#1935,.T.);
#2608=ORIENTED_EDGE('',*,*,#1936,.T.);
#2609=ORIENTED_EDGE('',*,*,#1937,.F.);
#2610=ORIENTED_EDGE('',*,*,#1837,.T.);
#2611=ORIENTED_EDGE('',*,*,#1938,.F.);
#2612=ORIENTED_EDGE('',*,*,#1939,.F.);
#2613=ORIENTED_EDGE('',*,*,#1933,.T.);
#2614=ORIENTED_EDGE('',*,*,#1885,.T.);
#2615=ORIENTED_EDGE('',*,*,#1937,.T.);
#2616=ORIENTED_EDGE('',*,*,#1940,.T.);
#2617=ORIENTED_EDGE('',*,*,#1941,.T.);
#2618=ORIENTED_EDGE('',*,*,#1859,.T.);
#2619=ORIENTED_EDGE('',*,*,#1836,.T.);
#2620=ORIENTED_EDGE('',*,*,#1942,.T.);
#2621=ORIENTED_EDGE('',*,*,#1943,.T.);
#2622=ORIENTED_EDGE('',*,*,#1938,.T.);
#2623=ORIENTED_EDGE('',*,*,#1835,.T.);
#2624=ORIENTED_EDGE('',*,*,#1917,.F.);
#2625=ORIENTED_EDGE('',*,*,#1944,.F.);
#2626=ORIENTED_EDGE('',*,*,#1942,.F.);
#2627=ORIENTED_EDGE('',*,*,#1945,.F.);
#2628=ORIENTED_EDGE('',*,*,#1946,.T.);
#2629=ORIENTED_EDGE('',*,*,#1947,.T.);
#2630=ORIENTED_EDGE('',*,*,#1948,.F.);
#2631=ORIENTED_EDGE('',*,*,#1878,.T.);
#2632=ORIENTED_EDGE('',*,*,#1949,.T.);
#2633=ORIENTED_EDGE('',*,*,#1950,.T.);
#2634=ORIENTED_EDGE('',*,*,#1951,.F.);
#2635=ORIENTED_EDGE('',*,*,#1947,.F.);
#2636=ORIENTED_EDGE('',*,*,#1907,.T.);
#2637=ORIENTED_EDGE('',*,*,#1831,.T.);
#2638=ORIENTED_EDGE('',*,*,#1877,.T.);
#2639=ORIENTED_EDGE('',*,*,#1952,.F.);
#2640=ORIENTED_EDGE('',*,*,#1953,.T.);
#2641=ORIENTED_EDGE('',*,*,#1949,.F.);
#2642=ORIENTED_EDGE('',*,*,#1946,.F.);
#2643=ORIENTED_EDGE('',*,*,#1787,.F.);
#2644=ORIENTED_EDGE('',*,*,#1954,.F.);
#2645=ORIENTED_EDGE('',*,*,#1908,.T.);
#2646=ORIENTED_EDGE('',*,*,#1876,.T.);
#2647=ORIENTED_EDGE('',*,*,#1955,.F.);
#2648=ORIENTED_EDGE('',*,*,#1956,.T.);
#2649=ORIENTED_EDGE('',*,*,#1952,.T.);
#2650=ORIENTED_EDGE('',*,*,#1957,.F.);
#2651=ORIENTED_EDGE('',*,*,#1958,.F.);
#2652=ORIENTED_EDGE('',*,*,#1914,.F.);
#2653=ORIENTED_EDGE('',*,*,#1954,.T.);
#2654=ORIENTED_EDGE('',*,*,#1945,.T.);
#2655=ORIENTED_EDGE('',*,*,#1959,.T.);
#2656=ORIENTED_EDGE('',*,*,#1788,.F.);
#2657=ORIENTED_EDGE('',*,*,#1957,.T.);
#2658=ORIENTED_EDGE('',*,*,#1786,.F.);
#2659=ORIENTED_EDGE('',*,*,#1960,.T.);
#2660=ORIENTED_EDGE('',*,*,#1961,.F.);
#2661=ORIENTED_EDGE('',*,*,#1962,.T.);
#2662=ORIENTED_EDGE('',*,*,#1963,.T.);
#2663=ORIENTED_EDGE('',*,*,#1964,.F.);
#2664=ORIENTED_EDGE('',*,*,#1965,.T.);
#2665=ORIENTED_EDGE('',*,*,#1966,.F.);
#2666=ORIENTED_EDGE('',*,*,#1963,.F.);
#2667=ORIENTED_EDGE('',*,*,#1967,.T.);
#2668=ORIENTED_EDGE('',*,*,#1967,.F.);
#2669=ORIENTED_EDGE('',*,*,#1968,.F.);
#2670=ORIENTED_EDGE('',*,*,#1969,.F.);
#2671=ORIENTED_EDGE('',*,*,#1970,.T.);
#2672=ORIENTED_EDGE('',*,*,#1962,.F.);
#2673=ORIENTED_EDGE('',*,*,#1789,.F.);
#2674=ORIENTED_EDGE('',*,*,#1971,.F.);
#2675=ORIENTED_EDGE('',*,*,#1968,.T.);
#2676=ORIENTED_EDGE('',*,*,#1972,.T.);
#2677=ORIENTED_EDGE('',*,*,#1969,.T.);
#2678=ORIENTED_EDGE('',*,*,#1973,.T.);
#2679=ORIENTED_EDGE('',*,*,#1951,.T.);
#2680=ORIENTED_EDGE('',*,*,#1959,.F.);
#2681=ORIENTED_EDGE('',*,*,#1948,.T.);
#2682=ORIENTED_EDGE('',*,*,#1973,.F.);
#2683=ORIENTED_EDGE('',*,*,#1971,.T.);
#2684=ORIENTED_EDGE('',*,*,#1961,.T.);
#2685=ORIENTED_EDGE('',*,*,#1974,.T.);
#2686=ORIENTED_EDGE('',*,*,#1790,.F.);
#2687=ORIENTED_EDGE('',*,*,#1975,.F.);
#2688=ORIENTED_EDGE('',*,*,#1976,.T.);
#2689=ORIENTED_EDGE('',*,*,#1926,.T.);
#2690=ORIENTED_EDGE('',*,*,#1977,.F.);
#2691=ORIENTED_EDGE('',*,*,#1976,.F.);
#2692=ORIENTED_EDGE('',*,*,#1781,.F.);
#2693=ORIENTED_EDGE('',*,*,#1978,.F.);
#2694=ORIENTED_EDGE('',*,*,#1919,.T.);
#2695=ORIENTED_EDGE('',*,*,#1979,.F.);
#2696=ORIENTED_EDGE('',*,*,#1980,.F.);
#2697=ORIENTED_EDGE('',*,*,#1911,.F.);
#2698=ORIENTED_EDGE('',*,*,#1978,.T.);
#2699=ORIENTED_EDGE('',*,*,#1975,.T.);
#2700=ORIENTED_EDGE('',*,*,#1981,.T.);
#2701=ORIENTED_EDGE('',*,*,#1782,.F.);
#2702=ORIENTED_EDGE('',*,*,#1979,.T.);
#2703=ORIENTED_EDGE('',*,*,#1780,.F.);
#2704=ORIENTED_EDGE('',*,*,#1982,.T.);
#2705=ORIENTED_EDGE('',*,*,#1983,.F.);
#2706=ORIENTED_EDGE('',*,*,#1984,.T.);
#2707=ORIENTED_EDGE('',*,*,#1939,.T.);
#2708=ORIENTED_EDGE('',*,*,#1985,.F.);
#2709=ORIENTED_EDGE('',*,*,#1872,.T.);
#2710=ORIENTED_EDGE('',*,*,#1986,.T.);
#2711=ORIENTED_EDGE('',*,*,#1862,.T.);
#2712=ORIENTED_EDGE('',*,*,#1987,.F.);
#2713=ORIENTED_EDGE('',*,*,#1871,.T.);
#2714=ORIENTED_EDGE('',*,*,#1932,.F.);
#2715=ORIENTED_EDGE('',*,*,#1851,.T.);
#2716=ORIENTED_EDGE('',*,*,#1881,.T.);
#2717=ORIENTED_EDGE('',*,*,#1929,.F.);
#2718=ORIENTED_EDGE('',*,*,#1988,.T.);
#2719=ORIENTED_EDGE('',*,*,#1935,.F.);
#2720=ORIENTED_EDGE('',*,*,#1883,.T.);
#2721=ORIENTED_EDGE('',*,*,#1855,.T.);
#2722=ORIENTED_EDGE('',*,*,#1986,.F.);
#2723=ORIENTED_EDGE('',*,*,#1984,.F.);
#2724=ORIENTED_EDGE('',*,*,#1783,.F.);
#2725=ORIENTED_EDGE('',*,*,#1989,.F.);
#2726=ORIENTED_EDGE('',*,*,#1934,.T.);
#2727=ORIENTED_EDGE('',*,*,#1981,.F.);
#2728=ORIENTED_EDGE('',*,*,#1977,.T.);
#2729=ORIENTED_EDGE('',*,*,#1931,.F.);
#2730=ORIENTED_EDGE('',*,*,#1989,.T.);
#2731=ORIENTED_EDGE('',*,*,#1983,.T.);
#2732=ORIENTED_EDGE('',*,*,#1990,.T.);
#2733=ORIENTED_EDGE('',*,*,#1784,.F.);
#2734=ORIENTED_EDGE('',*,*,#1982,.F.);
#2735=ORIENTED_EDGE('',*,*,#1991,.T.);
#2736=ORIENTED_EDGE('',*,*,#1904,.T.);
#2737=ORIENTED_EDGE('',*,*,#1980,.T.);
#2738=ORIENTED_EDGE('',*,*,#1991,.F.);
#2739=ORIENTED_EDGE('',*,*,#1779,.F.);
#2740=ORIENTED_EDGE('',*,*,#1992,.F.);
#2741=ORIENTED_EDGE('',*,*,#1900,.T.);
#2742=ORIENTED_EDGE('',*,*,#1993,.F.);
#2743=ORIENTED_EDGE('',*,*,#1994,.F.);
#2744=ORIENTED_EDGE('',*,*,#1895,.F.);
#2745=ORIENTED_EDGE('',*,*,#1992,.T.);
#2746=ORIENTED_EDGE('',*,*,#1993,.T.);
#2747=ORIENTED_EDGE('',*,*,#1778,.F.);
#2748=ORIENTED_EDGE('',*,*,#1995,.T.);
#2749=ORIENTED_EDGE('',*,*,#1996,.T.);
#2750=ORIENTED_EDGE('',*,*,#1997,.F.);
#2751=ORIENTED_EDGE('',*,*,#1809,.F.);
#2752=ORIENTED_EDGE('',*,*,#1998,.T.);
#2753=ORIENTED_EDGE('',*,*,#1720,.T.);
#2754=ORIENTED_EDGE('',*,*,#1807,.F.);
#2755=ORIENTED_EDGE('',*,*,#1999,.T.);
#2756=ORIENTED_EDGE('',*,*,#1998,.F.);
#2757=ORIENTED_EDGE('',*,*,#1811,.F.);
#2758=ORIENTED_EDGE('',*,*,#1727,.T.);
#2759=ORIENTED_EDGE('',*,*,#1748,.T.);
#2760=ORIENTED_EDGE('',*,*,#2000,.F.);
#2761=ORIENTED_EDGE('',*,*,#1750,.F.);
#2762=ORIENTED_EDGE('',*,*,#2001,.T.);
#2763=ORIENTED_EDGE('',*,*,#2002,.T.);
#2764=ORIENTED_EDGE('',*,*,#1747,.T.);
#2765=ORIENTED_EDGE('',*,*,#1728,.T.);
#2766=ORIENTED_EDGE('',*,*,#2000,.T.);
#2767=ORIENTED_EDGE('',*,*,#2002,.F.);
#2768=ORIENTED_EDGE('',*,*,#2003,.T.);
#2769=ORIENTED_EDGE('',*,*,#1729,.T.);
#2770=ORIENTED_EDGE('',*,*,#2003,.F.);
#2771=ORIENTED_EDGE('',*,*,#2004,.F.);
#2772=ORIENTED_EDGE('',*,*,#2005,.F.);
#2773=ORIENTED_EDGE('',*,*,#2006,.T.);
#2774=ORIENTED_EDGE('',*,*,#1801,.F.);
#2775=ORIENTED_EDGE('',*,*,#1714,.T.);
#2776=ORIENTED_EDGE('',*,*,#2001,.F.);
#2777=ORIENTED_EDGE('',*,*,#1759,.F.);
#2778=ORIENTED_EDGE('',*,*,#2007,.F.);
#2779=ORIENTED_EDGE('',*,*,#2004,.T.);
#2780=ORIENTED_EDGE('',*,*,#2008,.T.);
#2781=ORIENTED_EDGE('',*,*,#2005,.T.);
#2782=ORIENTED_EDGE('',*,*,#2009,.T.);
#2783=ORIENTED_EDGE('',*,*,#2010,.F.);
#2784=ORIENTED_EDGE('',*,*,#2011,.F.);
#2785=ORIENTED_EDGE('',*,*,#2012,.F.);
#2786=ORIENTED_EDGE('',*,*,#2009,.F.);
#2787=ORIENTED_EDGE('',*,*,#2007,.T.);
#2788=ORIENTED_EDGE('',*,*,#2011,.T.);
#2789=ORIENTED_EDGE('',*,*,#1758,.F.);
#2790=ORIENTED_EDGE('',*,*,#2013,.T.);
#2791=ORIENTED_EDGE('',*,*,#2014,.F.);
#2792=ORIENTED_EDGE('',*,*,#2015,.T.);
#2793=ORIENTED_EDGE('',*,*,#2016,.T.);
#2794=ORIENTED_EDGE('',*,*,#2017,.F.);
#2795=ORIENTED_EDGE('',*,*,#2018,.T.);
#2796=ORIENTED_EDGE('',*,*,#2019,.F.);
#2797=ORIENTED_EDGE('',*,*,#2016,.F.);
#2798=ORIENTED_EDGE('',*,*,#2020,.T.);
#2799=ORIENTED_EDGE('',*,*,#2020,.F.);
#2800=ORIENTED_EDGE('',*,*,#2021,.F.);
#2801=ORIENTED_EDGE('',*,*,#2022,.F.);
#2802=ORIENTED_EDGE('',*,*,#2023,.T.);
#2803=ORIENTED_EDGE('',*,*,#2015,.F.);
#2804=ORIENTED_EDGE('',*,*,#1769,.F.);
#2805=ORIENTED_EDGE('',*,*,#2024,.F.);
#2806=ORIENTED_EDGE('',*,*,#2021,.T.);
#2807=ORIENTED_EDGE('',*,*,#2025,.T.);
#2808=ORIENTED_EDGE('',*,*,#2022,.T.);
#2809=ORIENTED_EDGE('',*,*,#2026,.T.);
#2810=ORIENTED_EDGE('',*,*,#2027,.F.);
#2811=ORIENTED_EDGE('',*,*,#2028,.F.);
#2812=ORIENTED_EDGE('',*,*,#2029,.F.);
#2813=ORIENTED_EDGE('',*,*,#2026,.F.);
#2814=ORIENTED_EDGE('',*,*,#2024,.T.);
#2815=ORIENTED_EDGE('',*,*,#2014,.T.);
#2816=ORIENTED_EDGE('',*,*,#2030,.T.);
#2817=ORIENTED_EDGE('',*,*,#1770,.F.);
#2818=ORIENTED_EDGE('',*,*,#2028,.T.);
#2819=ORIENTED_EDGE('',*,*,#1768,.F.);
#2820=ORIENTED_EDGE('',*,*,#2031,.T.);
#2821=ORIENTED_EDGE('',*,*,#2032,.F.);
#2822=ORIENTED_EDGE('',*,*,#2033,.T.);
#2823=ORIENTED_EDGE('',*,*,#2034,.T.);
#2824=ORIENTED_EDGE('',*,*,#2035,.F.);
#2825=ORIENTED_EDGE('',*,*,#2036,.T.);
#2826=ORIENTED_EDGE('',*,*,#2037,.F.);
#2827=ORIENTED_EDGE('',*,*,#2034,.F.);
#2828=ORIENTED_EDGE('',*,*,#2038,.T.);
#2829=ORIENTED_EDGE('',*,*,#2038,.F.);
#2830=ORIENTED_EDGE('',*,*,#2039,.F.);
#2831=ORIENTED_EDGE('',*,*,#2040,.F.);
#2832=ORIENTED_EDGE('',*,*,#2041,.T.);
#2833=ORIENTED_EDGE('',*,*,#2033,.F.);
#2834=ORIENTED_EDGE('',*,*,#1771,.F.);
#2835=ORIENTED_EDGE('',*,*,#2042,.F.);
#2836=ORIENTED_EDGE('',*,*,#2039,.T.);
#2837=ORIENTED_EDGE('',*,*,#2043,.T.);
#2838=ORIENTED_EDGE('',*,*,#2040,.T.);
#2839=ORIENTED_EDGE('',*,*,#2044,.T.);
#2840=ORIENTED_EDGE('',*,*,#2019,.T.);
#2841=ORIENTED_EDGE('',*,*,#2030,.F.);
#2842=ORIENTED_EDGE('',*,*,#2017,.T.);
#2843=ORIENTED_EDGE('',*,*,#2044,.F.);
#2844=ORIENTED_EDGE('',*,*,#2042,.T.);
#2845=ORIENTED_EDGE('',*,*,#2032,.T.);
#2846=ORIENTED_EDGE('',*,*,#2045,.T.);
#2847=ORIENTED_EDGE('',*,*,#1772,.F.);
#2848=ORIENTED_EDGE('',*,*,#2013,.F.);
#2849=ORIENTED_EDGE('',*,*,#2046,.T.);
#2850=ORIENTED_EDGE('',*,*,#2047,.T.);
#2851=ORIENTED_EDGE('',*,*,#2012,.T.);
#2852=ORIENTED_EDGE('',*,*,#2048,.T.);
#2853=ORIENTED_EDGE('',*,*,#2010,.T.);
#2854=ORIENTED_EDGE('',*,*,#2047,.F.);
#2855=ORIENTED_EDGE('',*,*,#2049,.T.);
#2856=ORIENTED_EDGE('',*,*,#2049,.F.);
#2857=ORIENTED_EDGE('',*,*,#2050,.F.);
#2858=ORIENTED_EDGE('',*,*,#2051,.F.);
#2859=ORIENTED_EDGE('',*,*,#2052,.T.);
#2860=ORIENTED_EDGE('',*,*,#2046,.F.);
#2861=ORIENTED_EDGE('',*,*,#1757,.F.);
#2862=ORIENTED_EDGE('',*,*,#2053,.F.);
#2863=ORIENTED_EDGE('',*,*,#2050,.T.);
#2864=ORIENTED_EDGE('',*,*,#2054,.T.);
#2865=ORIENTED_EDGE('',*,*,#2051,.T.);
#2866=ORIENTED_EDGE('',*,*,#2055,.T.);
#2867=ORIENTED_EDGE('',*,*,#2056,.F.);
#2868=ORIENTED_EDGE('',*,*,#2057,.F.);
#2869=ORIENTED_EDGE('',*,*,#2058,.F.);
#2870=ORIENTED_EDGE('',*,*,#2055,.F.);
#2871=ORIENTED_EDGE('',*,*,#2053,.T.);
#2872=ORIENTED_EDGE('',*,*,#2059,.F.);
#2873=ORIENTED_EDGE('',*,*,#2060,.T.);
#2874=ORIENTED_EDGE('',*,*,#2061,.T.);
#2875=ORIENTED_EDGE('',*,*,#2062,.F.);
#2876=ORIENTED_EDGE('',*,*,#2063,.T.);
#2877=ORIENTED_EDGE('',*,*,#2064,.F.);
#2878=ORIENTED_EDGE('',*,*,#2061,.F.);
#2879=ORIENTED_EDGE('',*,*,#2065,.T.);
#2880=ORIENTED_EDGE('',*,*,#2065,.F.);
#2881=ORIENTED_EDGE('',*,*,#2066,.F.);
#2882=ORIENTED_EDGE('',*,*,#2067,.F.);
#2883=ORIENTED_EDGE('',*,*,#2068,.T.);
#2884=ORIENTED_EDGE('',*,*,#2060,.F.);
#2885=ORIENTED_EDGE('',*,*,#1775,.F.);
#2886=ORIENTED_EDGE('',*,*,#2069,.F.);
#2887=ORIENTED_EDGE('',*,*,#2066,.T.);
#2888=ORIENTED_EDGE('',*,*,#2070,.T.);
#2889=ORIENTED_EDGE('',*,*,#2067,.T.);
#2890=ORIENTED_EDGE('',*,*,#2071,.T.);
#2891=ORIENTED_EDGE('',*,*,#2072,.F.);
#2892=ORIENTED_EDGE('',*,*,#2073,.F.);
#2893=ORIENTED_EDGE('',*,*,#2074,.F.);
#2894=ORIENTED_EDGE('',*,*,#2071,.F.);
#2895=ORIENTED_EDGE('',*,*,#2069,.T.);
#2896=ORIENTED_EDGE('',*,*,#2073,.T.);
#2897=ORIENTED_EDGE('',*,*,#1774,.F.);
#2898=ORIENTED_EDGE('',*,*,#2075,.T.);
#2899=ORIENTED_EDGE('',*,*,#2059,.T.);
#2900=ORIENTED_EDGE('',*,*,#2076,.T.);
#2901=ORIENTED_EDGE('',*,*,#1776,.F.);
#2902=ORIENTED_EDGE('',*,*,#2075,.F.);
#2903=ORIENTED_EDGE('',*,*,#2077,.T.);
#2904=ORIENTED_EDGE('',*,*,#2078,.T.);
#2905=ORIENTED_EDGE('',*,*,#2074,.T.);
#2906=ORIENTED_EDGE('',*,*,#2079,.T.);
#2907=ORIENTED_EDGE('',*,*,#2072,.T.);
#2908=ORIENTED_EDGE('',*,*,#2078,.F.);
#2909=ORIENTED_EDGE('',*,*,#2080,.T.);
#2910=ORIENTED_EDGE('',*,*,#2080,.F.);
#2911=ORIENTED_EDGE('',*,*,#2081,.F.);
#2912=ORIENTED_EDGE('',*,*,#2082,.F.);
#2913=ORIENTED_EDGE('',*,*,#2083,.T.);
#2914=ORIENTED_EDGE('',*,*,#2077,.F.);
#2915=ORIENTED_EDGE('',*,*,#1773,.F.);
#2916=ORIENTED_EDGE('',*,*,#2084,.F.);
#2917=ORIENTED_EDGE('',*,*,#2081,.T.);
#2918=ORIENTED_EDGE('',*,*,#2085,.T.);
#2919=ORIENTED_EDGE('',*,*,#2082,.T.);
#2920=ORIENTED_EDGE('',*,*,#2086,.T.);
#2921=ORIENTED_EDGE('',*,*,#2037,.T.);
#2922=ORIENTED_EDGE('',*,*,#2045,.F.);
#2923=ORIENTED_EDGE('',*,*,#2035,.T.);
#2924=ORIENTED_EDGE('',*,*,#2086,.F.);
#2925=ORIENTED_EDGE('',*,*,#2084,.T.);
#2926=ORIENTED_EDGE('',*,*,#1995,.F.);
#2927=ORIENTED_EDGE('',*,*,#2087,.T.);
#2928=ORIENTED_EDGE('',*,*,#2088,.T.);
#2929=ORIENTED_EDGE('',*,*,#1994,.T.);
#2930=ORIENTED_EDGE('',*,*,#2089,.T.);
#2931=ORIENTED_EDGE('',*,*,#1896,.T.);
#2932=ORIENTED_EDGE('',*,*,#2088,.F.);
#2933=ORIENTED_EDGE('',*,*,#2090,.T.);
#2934=ORIENTED_EDGE('',*,*,#2090,.F.);
#2935=ORIENTED_EDGE('',*,*,#2091,.F.);
#2936=ORIENTED_EDGE('',*,*,#2092,.F.);
#2937=ORIENTED_EDGE('',*,*,#2093,.T.);
#2938=ORIENTED_EDGE('',*,*,#2087,.F.);
#2939=ORIENTED_EDGE('',*,*,#1777,.F.);
#2940=ORIENTED_EDGE('',*,*,#2094,.F.);
#2941=ORIENTED_EDGE('',*,*,#2091,.T.);
#2942=ORIENTED_EDGE('',*,*,#2095,.T.);
#2943=ORIENTED_EDGE('',*,*,#2092,.T.);
#2944=ORIENTED_EDGE('',*,*,#2096,.T.);
#2945=ORIENTED_EDGE('',*,*,#2064,.T.);
#2946=ORIENTED_EDGE('',*,*,#2076,.F.);
#2947=ORIENTED_EDGE('',*,*,#2062,.T.);
#2948=ORIENTED_EDGE('',*,*,#2096,.F.);
#2949=ORIENTED_EDGE('',*,*,#2094,.T.);
#2950=ORIENTED_EDGE('',*,*,#2031,.F.);
#2951=ORIENTED_EDGE('',*,*,#2097,.T.);
#2952=ORIENTED_EDGE('',*,*,#2098,.T.);
#2953=ORIENTED_EDGE('',*,*,#2029,.T.);
#2954=ORIENTED_EDGE('',*,*,#2099,.T.);
#2955=ORIENTED_EDGE('',*,*,#2027,.T.);
#2956=ORIENTED_EDGE('',*,*,#2098,.F.);
#2957=ORIENTED_EDGE('',*,*,#2100,.T.);
#2958=ORIENTED_EDGE('',*,*,#2100,.F.);
#2959=ORIENTED_EDGE('',*,*,#2101,.F.);
#2960=ORIENTED_EDGE('',*,*,#2102,.F.);
#2961=ORIENTED_EDGE('',*,*,#2103,.T.);
#2962=ORIENTED_EDGE('',*,*,#2097,.F.);
#2963=ORIENTED_EDGE('',*,*,#1767,.F.);
#2964=ORIENTED_EDGE('',*,*,#2104,.F.);
#2965=ORIENTED_EDGE('',*,*,#2101,.T.);
#2966=ORIENTED_EDGE('',*,*,#2105,.T.);
#2967=ORIENTED_EDGE('',*,*,#2102,.T.);
#2968=ORIENTED_EDGE('',*,*,#2106,.T.);
#2969=ORIENTED_EDGE('',*,*,#1997,.T.);
#2970=ORIENTED_EDGE('',*,*,#1805,.F.);
#2971=ORIENTED_EDGE('',*,*,#1810,.T.);
#2972=ORIENTED_EDGE('',*,*,#2106,.F.);
#2973=ORIENTED_EDGE('',*,*,#2104,.T.);
#2974=ORIENTED_EDGE('',*,*,#2057,.T.);
#2975=ORIENTED_EDGE('',*,*,#1756,.F.);
#2976=ORIENTED_EDGE('',*,*,#2107,.T.);
#2977=ORIENTED_EDGE('',*,*,#2108,.F.);
#2978=ORIENTED_EDGE('',*,*,#2109,.T.);
#2979=ORIENTED_EDGE('',*,*,#2110,.T.);
#2980=ORIENTED_EDGE('',*,*,#2111,.F.);
#2981=ORIENTED_EDGE('',*,*,#2112,.T.);
#2982=ORIENTED_EDGE('',*,*,#2113,.F.);
#2983=ORIENTED_EDGE('',*,*,#2110,.F.);
#2984=ORIENTED_EDGE('',*,*,#2114,.T.);
#2985=ORIENTED_EDGE('',*,*,#2114,.F.);
#2986=ORIENTED_EDGE('',*,*,#2115,.F.);
#2987=ORIENTED_EDGE('',*,*,#2116,.F.);
#2988=ORIENTED_EDGE('',*,*,#2117,.T.);
#2989=ORIENTED_EDGE('',*,*,#2109,.F.);
#2990=ORIENTED_EDGE('',*,*,#1753,.F.);
#2991=ORIENTED_EDGE('',*,*,#2118,.F.);
#2992=ORIENTED_EDGE('',*,*,#2115,.T.);
#2993=ORIENTED_EDGE('',*,*,#2119,.T.);
#2994=ORIENTED_EDGE('',*,*,#2116,.T.);
#2995=ORIENTED_EDGE('',*,*,#2120,.T.);
#2996=ORIENTED_EDGE('',*,*,#2121,.F.);
#2997=ORIENTED_EDGE('',*,*,#2122,.F.);
#2998=ORIENTED_EDGE('',*,*,#2123,.F.);
#2999=ORIENTED_EDGE('',*,*,#2120,.F.);
#3000=ORIENTED_EDGE('',*,*,#2118,.T.);
#3001=ORIENTED_EDGE('',*,*,#2122,.T.);
#3002=ORIENTED_EDGE('',*,*,#1752,.F.);
#3003=ORIENTED_EDGE('',*,*,#2124,.T.);
#3004=ORIENTED_EDGE('',*,*,#2108,.T.);
#3005=ORIENTED_EDGE('',*,*,#2125,.T.);
#3006=ORIENTED_EDGE('',*,*,#1754,.F.);
#3007=ORIENTED_EDGE('',*,*,#2124,.F.);
#3008=ORIENTED_EDGE('',*,*,#2126,.T.);
#3009=ORIENTED_EDGE('',*,*,#2127,.T.);
#3010=ORIENTED_EDGE('',*,*,#2123,.T.);
#3011=ORIENTED_EDGE('',*,*,#2128,.T.);
#3012=ORIENTED_EDGE('',*,*,#2121,.T.);
#3013=ORIENTED_EDGE('',*,*,#2127,.F.);
#3014=ORIENTED_EDGE('',*,*,#1744,.T.);
#3015=ORIENTED_EDGE('',*,*,#2126,.F.);
#3016=ORIENTED_EDGE('',*,*,#1751,.F.);
#3017=ORIENTED_EDGE('',*,*,#2129,.F.);
#3018=ORIENTED_EDGE('',*,*,#1745,.T.);
#3019=ORIENTED_EDGE('',*,*,#1733,.F.);
#3020=ORIENTED_EDGE('',*,*,#1736,.F.);
#3021=ORIENTED_EDGE('',*,*,#1742,.F.);
#3022=ORIENTED_EDGE('',*,*,#2129,.T.);
#3023=ORIENTED_EDGE('',*,*,#2130,.F.);
#3024=ORIENTED_EDGE('',*,*,#2131,.T.);
#3025=ORIENTED_EDGE('',*,*,#2132,.T.);
#3026=ORIENTED_EDGE('',*,*,#2133,.F.);
#3027=ORIENTED_EDGE('',*,*,#2134,.T.);
#3028=ORIENTED_EDGE('',*,*,#2135,.F.);
#3029=ORIENTED_EDGE('',*,*,#2132,.F.);
#3030=ORIENTED_EDGE('',*,*,#2136,.T.);
#3031=ORIENTED_EDGE('',*,*,#2136,.F.);
#3032=ORIENTED_EDGE('',*,*,#2137,.F.);
#3033=ORIENTED_EDGE('',*,*,#2138,.F.);
#3034=ORIENTED_EDGE('',*,*,#2139,.T.);
#3035=ORIENTED_EDGE('',*,*,#2131,.F.);
#3036=ORIENTED_EDGE('',*,*,#1797,.F.);
#3037=ORIENTED_EDGE('',*,*,#2140,.F.);
#3038=ORIENTED_EDGE('',*,*,#2137,.T.);
#3039=ORIENTED_EDGE('',*,*,#2141,.T.);
#3040=ORIENTED_EDGE('',*,*,#2138,.T.);
#3041=ORIENTED_EDGE('',*,*,#2142,.T.);
#3042=ORIENTED_EDGE('',*,*,#2143,.F.);
#3043=ORIENTED_EDGE('',*,*,#2144,.F.);
#3044=ORIENTED_EDGE('',*,*,#2145,.F.);
#3045=ORIENTED_EDGE('',*,*,#2142,.F.);
#3046=ORIENTED_EDGE('',*,*,#2140,.T.);
#3047=ORIENTED_EDGE('',*,*,#2144,.T.);
#3048=ORIENTED_EDGE('',*,*,#1796,.F.);
#3049=ORIENTED_EDGE('',*,*,#2146,.T.);
#3050=ORIENTED_EDGE('',*,*,#2130,.T.);
#3051=ORIENTED_EDGE('',*,*,#2147,.T.);
#3052=ORIENTED_EDGE('',*,*,#1798,.F.);
#3053=ORIENTED_EDGE('',*,*,#2148,.F.);
#3054=ORIENTED_EDGE('',*,*,#2149,.T.);
#3055=ORIENTED_EDGE('',*,*,#2150,.T.);
#3056=ORIENTED_EDGE('',*,*,#2151,.F.);
#3057=ORIENTED_EDGE('',*,*,#2152,.T.);
#3058=ORIENTED_EDGE('',*,*,#2153,.F.);
#3059=ORIENTED_EDGE('',*,*,#2150,.F.);
#3060=ORIENTED_EDGE('',*,*,#2154,.T.);
#3061=ORIENTED_EDGE('',*,*,#2154,.F.);
#3062=ORIENTED_EDGE('',*,*,#2155,.F.);
#3063=ORIENTED_EDGE('',*,*,#2156,.F.);
#3064=ORIENTED_EDGE('',*,*,#2157,.T.);
#3065=ORIENTED_EDGE('',*,*,#2149,.F.);
#3066=ORIENTED_EDGE('',*,*,#1793,.F.);
#3067=ORIENTED_EDGE('',*,*,#2158,.F.);
#3068=ORIENTED_EDGE('',*,*,#2155,.T.);
#3069=ORIENTED_EDGE('',*,*,#2159,.T.);
#3070=ORIENTED_EDGE('',*,*,#2156,.T.);
#3071=ORIENTED_EDGE('',*,*,#2160,.T.);
#3072=ORIENTED_EDGE('',*,*,#2161,.F.);
#3073=ORIENTED_EDGE('',*,*,#2162,.F.);
#3074=ORIENTED_EDGE('',*,*,#2163,.F.);
#3075=ORIENTED_EDGE('',*,*,#2160,.F.);
#3076=ORIENTED_EDGE('',*,*,#2158,.T.);
#3077=ORIENTED_EDGE('',*,*,#2148,.T.);
#3078=ORIENTED_EDGE('',*,*,#2164,.T.);
#3079=ORIENTED_EDGE('',*,*,#1794,.F.);
#3080=ORIENTED_EDGE('',*,*,#2162,.T.);
#3081=ORIENTED_EDGE('',*,*,#1792,.F.);
#3082=ORIENTED_EDGE('',*,*,#2165,.T.);
#3083=ORIENTED_EDGE('',*,*,#1706,.T.);
#3084=ORIENTED_EDGE('',*,*,#2166,.T.);
#3085=ORIENTED_EDGE('',*,*,#2167,.T.);
#3086=ORIENTED_EDGE('',*,*,#1738,.T.);
#3087=ORIENTED_EDGE('',*,*,#1697,.T.);
#3088=ORIENTED_EDGE('',*,*,#1705,.T.);
#3089=ORIENTED_EDGE('',*,*,#2168,.F.);
#3090=ORIENTED_EDGE('',*,*,#2169,.F.);
#3091=ORIENTED_EDGE('',*,*,#2170,.T.);
#3092=ORIENTED_EDGE('',*,*,#2166,.F.);
#3093=ORIENTED_EDGE('',*,*,#1704,.T.);
#3094=ORIENTED_EDGE('',*,*,#2171,.F.);
#3095=ORIENTED_EDGE('',*,*,#2168,.T.);
#3096=ORIENTED_EDGE('',*,*,#2172,.T.);
#3097=ORIENTED_EDGE('',*,*,#2169,.T.);
#3098=ORIENTED_EDGE('',*,*,#2173,.T.);
#3099=ORIENTED_EDGE('',*,*,#2174,.F.);
#3100=ORIENTED_EDGE('',*,*,#1703,.T.);
#3101=ORIENTED_EDGE('',*,*,#2175,.F.);
#3102=ORIENTED_EDGE('',*,*,#2176,.F.);
#3103=ORIENTED_EDGE('',*,*,#2173,.F.);
#3104=ORIENTED_EDGE('',*,*,#2171,.T.);
#3105=ORIENTED_EDGE('',*,*,#1702,.T.);
#3106=ORIENTED_EDGE('',*,*,#1800,.F.);
#3107=ORIENTED_EDGE('',*,*,#2177,.T.);
#3108=ORIENTED_EDGE('',*,*,#2175,.T.);
#3109=ORIENTED_EDGE('',*,*,#2146,.F.);
#3110=ORIENTED_EDGE('',*,*,#2178,.T.);
#3111=ORIENTED_EDGE('',*,*,#2179,.T.);
#3112=ORIENTED_EDGE('',*,*,#2145,.T.);
#3113=ORIENTED_EDGE('',*,*,#2180,.T.);
#3114=ORIENTED_EDGE('',*,*,#2143,.T.);
#3115=ORIENTED_EDGE('',*,*,#2179,.F.);
#3116=ORIENTED_EDGE('',*,*,#2181,.T.);
#3117=ORIENTED_EDGE('',*,*,#2181,.F.);
#3118=ORIENTED_EDGE('',*,*,#2182,.F.);
#3119=ORIENTED_EDGE('',*,*,#2183,.F.);
#3120=ORIENTED_EDGE('',*,*,#2184,.T.);
#3121=ORIENTED_EDGE('',*,*,#2178,.F.);
#3122=ORIENTED_EDGE('',*,*,#1795,.F.);
#3123=ORIENTED_EDGE('',*,*,#2185,.F.);
#3124=ORIENTED_EDGE('',*,*,#2182,.T.);
#3125=ORIENTED_EDGE('',*,*,#2186,.T.);
#3126=ORIENTED_EDGE('',*,*,#2183,.T.);
#3127=ORIENTED_EDGE('',*,*,#2187,.T.);
#3128=ORIENTED_EDGE('',*,*,#2153,.T.);
#3129=ORIENTED_EDGE('',*,*,#2164,.F.);
#3130=ORIENTED_EDGE('',*,*,#2151,.T.);
#3131=ORIENTED_EDGE('',*,*,#2187,.F.);
#3132=ORIENTED_EDGE('',*,*,#2185,.T.);
#3133=ORIENTED_EDGE('',*,*,#2177,.F.);
#3134=ORIENTED_EDGE('',*,*,#2188,.T.);
#3135=ORIENTED_EDGE('',*,*,#2189,.T.);
#3136=ORIENTED_EDGE('',*,*,#2176,.T.);
#3137=ORIENTED_EDGE('',*,*,#2190,.T.);
#3138=ORIENTED_EDGE('',*,*,#2174,.T.);
#3139=ORIENTED_EDGE('',*,*,#2189,.F.);
#3140=ORIENTED_EDGE('',*,*,#2191,.T.);
#3141=ORIENTED_EDGE('',*,*,#2191,.F.);
#3142=ORIENTED_EDGE('',*,*,#2192,.F.);
#3143=ORIENTED_EDGE('',*,*,#2193,.F.);
#3144=ORIENTED_EDGE('',*,*,#2194,.T.);
#3145=ORIENTED_EDGE('',*,*,#2188,.F.);
#3146=ORIENTED_EDGE('',*,*,#1799,.F.);
#3147=ORIENTED_EDGE('',*,*,#2195,.F.);
#3148=ORIENTED_EDGE('',*,*,#2192,.T.);
#3149=ORIENTED_EDGE('',*,*,#2196,.T.);
#3150=ORIENTED_EDGE('',*,*,#2193,.T.);
#3151=ORIENTED_EDGE('',*,*,#2197,.T.);
#3152=ORIENTED_EDGE('',*,*,#2135,.T.);
#3153=ORIENTED_EDGE('',*,*,#2147,.F.);
#3154=ORIENTED_EDGE('',*,*,#2133,.T.);
#3155=ORIENTED_EDGE('',*,*,#2197,.F.);
#3156=ORIENTED_EDGE('',*,*,#2195,.T.);
#3157=ORIENTED_EDGE('',*,*,#1960,.F.);
#3158=ORIENTED_EDGE('',*,*,#2198,.T.);
#3159=ORIENTED_EDGE('',*,*,#1916,.T.);
#3160=ORIENTED_EDGE('',*,*,#1958,.T.);
#3161=ORIENTED_EDGE('',*,*,#1875,.T.);
#3162=ORIENTED_EDGE('',*,*,#2199,.T.);
#3163=ORIENTED_EDGE('',*,*,#2200,.T.);
#3164=ORIENTED_EDGE('',*,*,#1955,.T.);
#3165=ORIENTED_EDGE('',*,*,#1874,.T.);
#3166=ORIENTED_EDGE('',*,*,#2201,.F.);
#3167=ORIENTED_EDGE('',*,*,#1860,.T.);
#3168=ORIENTED_EDGE('',*,*,#1941,.F.);
#3169=ORIENTED_EDGE('',*,*,#2202,.T.);
#3170=ORIENTED_EDGE('',*,*,#2199,.F.);
#3171=ORIENTED_EDGE('',*,*,#2198,.F.);
#3172=ORIENTED_EDGE('',*,*,#1785,.F.);
#3173=ORIENTED_EDGE('',*,*,#2203,.F.);
#3174=ORIENTED_EDGE('',*,*,#1944,.T.);
#3175=ORIENTED_EDGE('',*,*,#1873,.T.);
#3176=ORIENTED_EDGE('',*,*,#1987,.T.);
#3177=ORIENTED_EDGE('',*,*,#1861,.T.);
#3178=ORIENTED_EDGE('',*,*,#2201,.T.);
#3179=ORIENTED_EDGE('',*,*,#1990,.F.);
#3180=ORIENTED_EDGE('',*,*,#1985,.T.);
#3181=ORIENTED_EDGE('',*,*,#1943,.F.);
#3182=ORIENTED_EDGE('',*,*,#2203,.T.);
#3183=ORIENTED_EDGE('',*,*,#2165,.F.);
#3184=ORIENTED_EDGE('',*,*,#2204,.T.);
#3185=ORIENTED_EDGE('',*,*,#2205,.T.);
#3186=ORIENTED_EDGE('',*,*,#2163,.T.);
#3187=ORIENTED_EDGE('',*,*,#2206,.T.);
#3188=ORIENTED_EDGE('',*,*,#2161,.T.);
#3189=ORIENTED_EDGE('',*,*,#2205,.F.);
#3190=ORIENTED_EDGE('',*,*,#2207,.T.);
#3191=ORIENTED_EDGE('',*,*,#2207,.F.);
#3192=ORIENTED_EDGE('',*,*,#2208,.F.);
#3193=ORIENTED_EDGE('',*,*,#2209,.F.);
#3194=ORIENTED_EDGE('',*,*,#2210,.T.);
#3195=ORIENTED_EDGE('',*,*,#2204,.F.);
#3196=ORIENTED_EDGE('',*,*,#1791,.F.);
#3197=ORIENTED_EDGE('',*,*,#2211,.F.);
#3198=ORIENTED_EDGE('',*,*,#2208,.T.);
#3199=ORIENTED_EDGE('',*,*,#2212,.T.);
#3200=ORIENTED_EDGE('',*,*,#2209,.T.);
#3201=ORIENTED_EDGE('',*,*,#2213,.T.);
#3202=ORIENTED_EDGE('',*,*,#1966,.T.);
#3203=ORIENTED_EDGE('',*,*,#1974,.F.);
#3204=ORIENTED_EDGE('',*,*,#1964,.T.);
#3205=ORIENTED_EDGE('',*,*,#2213,.F.);
#3206=ORIENTED_EDGE('',*,*,#2211,.T.);
#3207=ORIENTED_EDGE('',*,*,#2107,.F.);
#3208=ORIENTED_EDGE('',*,*,#2214,.T.);
#3209=ORIENTED_EDGE('',*,*,#2215,.T.);
#3210=ORIENTED_EDGE('',*,*,#2058,.T.);
#3211=ORIENTED_EDGE('',*,*,#2216,.T.);
#3212=ORIENTED_EDGE('',*,*,#2056,.T.);
#3213=ORIENTED_EDGE('',*,*,#2215,.F.);
#3214=ORIENTED_EDGE('',*,*,#2217,.T.);
#3215=ORIENTED_EDGE('',*,*,#2217,.F.);
#3216=ORIENTED_EDGE('',*,*,#2218,.F.);
#3217=ORIENTED_EDGE('',*,*,#2219,.F.);
#3218=ORIENTED_EDGE('',*,*,#2220,.T.);
#3219=ORIENTED_EDGE('',*,*,#1707,.T.);
#3220=ORIENTED_EDGE('',*,*,#1708,.T.);
#3221=ORIENTED_EDGE('',*,*,#2214,.F.);
#3222=ORIENTED_EDGE('',*,*,#1755,.F.);
#3223=ORIENTED_EDGE('',*,*,#2221,.F.);
#3224=ORIENTED_EDGE('',*,*,#2218,.T.);
#3225=ORIENTED_EDGE('',*,*,#2222,.T.);
#3226=ORIENTED_EDGE('',*,*,#2219,.T.);
#3227=ORIENTED_EDGE('',*,*,#2223,.T.);
#3228=ORIENTED_EDGE('',*,*,#2113,.T.);
#3229=ORIENTED_EDGE('',*,*,#2125,.F.);
#3230=ORIENTED_EDGE('',*,*,#2111,.T.);
#3231=ORIENTED_EDGE('',*,*,#2223,.F.);
#3232=ORIENTED_EDGE('',*,*,#2221,.T.);
#3233=ORIENTED_EDGE('',*,*,#2224,.T.);
#3234=ORIENTED_EDGE('',*,*,#2225,.T.);
#3235=ORIENTED_EDGE('',*,*,#2226,.T.);
#3236=ORIENTED_EDGE('',*,*,#2227,.T.);
#3237=ORIENTED_EDGE('',*,*,#1819,.F.);
#3238=ORIENTED_EDGE('',*,*,#2228,.T.);
#3239=ORIENTED_EDGE('',*,*,#2229,.F.);
#3240=ORIENTED_EDGE('',*,*,#2230,.F.);
#3241=ORIENTED_EDGE('',*,*,#2227,.F.);
#3242=ORIENTED_EDGE('',*,*,#2231,.T.);
#3243=ORIENTED_EDGE('',*,*,#2232,.F.);
#3244=ORIENTED_EDGE('',*,*,#2233,.F.);
#3245=ORIENTED_EDGE('',*,*,#2112,.F.);
#3246=ORIENTED_EDGE('',*,*,#2117,.F.);
#3247=ORIENTED_EDGE('',*,*,#2119,.F.);
#3248=ORIENTED_EDGE('',*,*,#2128,.F.);
#3249=ORIENTED_EDGE('',*,*,#1743,.F.);
#3250=ORIENTED_EDGE('',*,*,#1739,.F.);
#3251=ORIENTED_EDGE('',*,*,#2167,.F.);
#3252=ORIENTED_EDGE('',*,*,#2170,.F.);
#3253=ORIENTED_EDGE('',*,*,#2172,.F.);
#3254=ORIENTED_EDGE('',*,*,#2190,.F.);
#3255=ORIENTED_EDGE('',*,*,#2194,.F.);
#3256=ORIENTED_EDGE('',*,*,#2196,.F.);
#3257=ORIENTED_EDGE('',*,*,#2134,.F.);
#3258=ORIENTED_EDGE('',*,*,#2139,.F.);
#3259=ORIENTED_EDGE('',*,*,#2141,.F.);
#3260=ORIENTED_EDGE('',*,*,#2180,.F.);
#3261=ORIENTED_EDGE('',*,*,#2184,.F.);
#3262=ORIENTED_EDGE('',*,*,#2186,.F.);
#3263=ORIENTED_EDGE('',*,*,#2152,.F.);
#3264=ORIENTED_EDGE('',*,*,#2157,.F.);
#3265=ORIENTED_EDGE('',*,*,#2159,.F.);
#3266=ORIENTED_EDGE('',*,*,#2206,.F.);
#3267=ORIENTED_EDGE('',*,*,#2210,.F.);
#3268=ORIENTED_EDGE('',*,*,#2212,.F.);
#3269=ORIENTED_EDGE('',*,*,#1965,.F.);
#3270=ORIENTED_EDGE('',*,*,#1970,.F.);
#3271=ORIENTED_EDGE('',*,*,#1972,.F.);
#3272=ORIENTED_EDGE('',*,*,#1950,.F.);
#3273=ORIENTED_EDGE('',*,*,#1953,.F.);
#3274=ORIENTED_EDGE('',*,*,#1956,.F.);
#3275=ORIENTED_EDGE('',*,*,#2200,.F.);
#3276=ORIENTED_EDGE('',*,*,#2202,.F.);
#3277=ORIENTED_EDGE('',*,*,#1940,.F.);
#3278=ORIENTED_EDGE('',*,*,#1936,.F.);
#3279=ORIENTED_EDGE('',*,*,#1988,.F.);
#3280=ORIENTED_EDGE('',*,*,#1928,.F.);
#3281=ORIENTED_EDGE('',*,*,#1923,.F.);
#3282=ORIENTED_EDGE('',*,*,#1920,.F.);
#3283=ORIENTED_EDGE('',*,*,#1912,.F.);
#3284=ORIENTED_EDGE('',*,*,#1905,.F.);
#3285=ORIENTED_EDGE('',*,*,#1901,.F.);
#3286=ORIENTED_EDGE('',*,*,#1897,.F.);
#3287=ORIENTED_EDGE('',*,*,#2089,.F.);
#3288=ORIENTED_EDGE('',*,*,#2093,.F.);
#3289=ORIENTED_EDGE('',*,*,#2095,.F.);
#3290=ORIENTED_EDGE('',*,*,#2063,.F.);
#3291=ORIENTED_EDGE('',*,*,#2068,.F.);
#3292=ORIENTED_EDGE('',*,*,#2070,.F.);
#3293=ORIENTED_EDGE('',*,*,#2079,.F.);
#3294=ORIENTED_EDGE('',*,*,#2083,.F.);
#3295=ORIENTED_EDGE('',*,*,#2085,.F.);
#3296=ORIENTED_EDGE('',*,*,#2036,.F.);
#3297=ORIENTED_EDGE('',*,*,#2041,.F.);
#3298=ORIENTED_EDGE('',*,*,#2043,.F.);
#3299=ORIENTED_EDGE('',*,*,#2018,.F.);
#3300=ORIENTED_EDGE('',*,*,#2023,.F.);
#3301=ORIENTED_EDGE('',*,*,#2025,.F.);
#3302=ORIENTED_EDGE('',*,*,#2099,.F.);
#3303=ORIENTED_EDGE('',*,*,#2103,.F.);
#3304=ORIENTED_EDGE('',*,*,#2105,.F.);
#3305=ORIENTED_EDGE('',*,*,#1996,.F.);
#3306=ORIENTED_EDGE('',*,*,#1999,.F.);
#3307=ORIENTED_EDGE('',*,*,#1806,.F.);
#3308=ORIENTED_EDGE('',*,*,#1802,.F.);
#3309=ORIENTED_EDGE('',*,*,#2006,.F.);
#3310=ORIENTED_EDGE('',*,*,#2008,.F.);
#3311=ORIENTED_EDGE('',*,*,#2048,.F.);
#3312=ORIENTED_EDGE('',*,*,#2052,.F.);
#3313=ORIENTED_EDGE('',*,*,#2054,.F.);
#3314=ORIENTED_EDGE('',*,*,#2216,.F.);
#3315=ORIENTED_EDGE('',*,*,#2220,.F.);
#3316=ORIENTED_EDGE('',*,*,#2222,.F.);
#3317=ORIENTED_EDGE('',*,*,#1814,.T.);
#3318=ORIENTED_EDGE('',*,*,#2232,.T.);
#3319=ORIENTED_EDGE('',*,*,#2234,.T.);
#3320=ORIENTED_EDGE('',*,*,#2229,.T.);
#3321=ORIENTED_EDGE('',*,*,#2235,.T.);
#3322=ORIENTED_EDGE('',*,*,#1887,.F.);
#3323=ORIENTED_EDGE('',*,*,#2236,.F.);
#3324=ORIENTED_EDGE('',*,*,#1890,.F.);
#3325=ORIENTED_EDGE('',*,*,#2237,.F.);
#3326=ORIENTED_EDGE('',*,*,#2238,.F.);
#3327=ORIENTED_EDGE('',*,*,#2239,.F.);
#3328=ORIENTED_EDGE('',*,*,#2240,.F.);
#3329=ORIENTED_EDGE('',*,*,#2241,.F.);
#3330=ORIENTED_EDGE('',*,*,#2242,.F.);
#3331=ORIENTED_EDGE('',*,*,#2243,.F.);
#3332=ORIENTED_EDGE('',*,*,#2244,.F.);
#3333=ORIENTED_EDGE('',*,*,#2245,.F.);
#3334=ORIENTED_EDGE('',*,*,#2246,.F.);
#3335=ORIENTED_EDGE('',*,*,#1891,.F.);
#3336=ORIENTED_EDGE('',*,*,#2247,.F.);
#3337=ORIENTED_EDGE('',*,*,#2248,.F.);
#3338=ORIENTED_EDGE('',*,*,#2237,.T.);
#3339=ORIENTED_EDGE('',*,*,#1889,.T.);
#3340=ORIENTED_EDGE('',*,*,#1823,.F.);
#3341=ORIENTED_EDGE('',*,*,#2249,.F.);
#3342=ORIENTED_EDGE('',*,*,#2238,.T.);
#3343=ORIENTED_EDGE('',*,*,#2249,.T.);
#3344=ORIENTED_EDGE('',*,*,#1822,.F.);
#3345=ORIENTED_EDGE('',*,*,#2250,.F.);
#3346=ORIENTED_EDGE('',*,*,#2239,.T.);
#3347=ORIENTED_EDGE('',*,*,#2250,.T.);
#3348=ORIENTED_EDGE('',*,*,#1821,.F.);
#3349=ORIENTED_EDGE('',*,*,#2251,.F.);
#3350=ORIENTED_EDGE('',*,*,#2240,.T.);
#3351=ORIENTED_EDGE('',*,*,#2251,.T.);
#3352=ORIENTED_EDGE('',*,*,#1820,.F.);
#3353=ORIENTED_EDGE('',*,*,#2252,.F.);
#3354=ORIENTED_EDGE('',*,*,#2241,.T.);
#3355=ORIENTED_EDGE('',*,*,#2252,.T.);
#3356=ORIENTED_EDGE('',*,*,#2230,.T.);
#3357=ORIENTED_EDGE('',*,*,#2234,.F.);
#3358=ORIENTED_EDGE('',*,*,#2231,.F.);
#3359=ORIENTED_EDGE('',*,*,#2226,.F.);
#3360=ORIENTED_EDGE('',*,*,#2253,.F.);
#3361=ORIENTED_EDGE('',*,*,#2242,.T.);
#3362=ORIENTED_EDGE('',*,*,#2253,.T.);
#3363=ORIENTED_EDGE('',*,*,#2225,.F.);
#3364=ORIENTED_EDGE('',*,*,#2254,.F.);
#3365=ORIENTED_EDGE('',*,*,#2236,.T.);
#3366=ORIENTED_EDGE('',*,*,#2254,.T.);
#3367=ORIENTED_EDGE('',*,*,#2224,.F.);
#3368=ORIENTED_EDGE('',*,*,#2233,.T.);
#3369=ORIENTED_EDGE('',*,*,#2235,.F.);
#3370=ORIENTED_EDGE('',*,*,#2228,.F.);
#3371=ORIENTED_EDGE('',*,*,#1818,.F.);
#3372=ORIENTED_EDGE('',*,*,#2255,.F.);
#3373=ORIENTED_EDGE('',*,*,#1849,.T.);
#3374=ORIENTED_EDGE('',*,*,#1882,.T.);
#3375=ORIENTED_EDGE('',*,*,#1886,.T.);
#3376=ORIENTED_EDGE('',*,*,#1857,.T.);
#3377=ORIENTED_EDGE('',*,*,#2247,.T.);
#3378=ORIENTED_EDGE('',*,*,#2255,.T.);
#3379=ORIENTED_EDGE('',*,*,#1828,.F.);
#3380=ORIENTED_EDGE('',*,*,#2256,.F.);
#3381=ORIENTED_EDGE('',*,*,#2248,.T.);
#3382=ORIENTED_EDGE('',*,*,#2256,.T.);
#3383=ORIENTED_EDGE('',*,*,#1827,.F.);
#3384=ORIENTED_EDGE('',*,*,#1892,.F.);
#3385=ORIENTED_EDGE('',*,*,#2245,.T.);
#3386=ORIENTED_EDGE('',*,*,#2257,.T.);
#3387=ORIENTED_EDGE('',*,*,#1763,.F.);
#3388=ORIENTED_EDGE('',*,*,#2258,.F.);
#3389=ORIENTED_EDGE('',*,*,#2259,.T.);
#3390=ORIENTED_EDGE('',*,*,#1760,.F.);
#3391=ORIENTED_EDGE('',*,*,#1730,.F.);
#3392=ORIENTED_EDGE('',*,*,#1893,.F.);
#3393=ORIENTED_EDGE('',*,*,#1825,.F.);
#3394=ORIENTED_EDGE('',*,*,#1888,.F.);
#3395=ORIENTED_EDGE('',*,*,#1687,.F.);
#3396=ORIENTED_EDGE('',*,*,#1764,.F.);
#3397=ORIENTED_EDGE('',*,*,#2257,.F.);
#3398=ORIENTED_EDGE('',*,*,#2244,.T.);
#3399=ORIENTED_EDGE('',*,*,#2243,.T.);
#3400=ORIENTED_EDGE('',*,*,#2260,.T.);
#3401=ORIENTED_EDGE('',*,*,#1761,.F.);
#3402=ORIENTED_EDGE('',*,*,#2259,.F.);
#3403=ORIENTED_EDGE('',*,*,#2246,.T.);
#3404=ORIENTED_EDGE('',*,*,#2258,.T.);
#3405=ORIENTED_EDGE('',*,*,#1762,.F.);
#3406=ORIENTED_EDGE('',*,*,#2260,.F.);
#3407=ORIENTED_EDGE('',*,*,#1710,.T.);
#3408=ORIENTED_EDGE('',*,*,#1711,.T.);
#3409=PLANE('',#3685);
#3410=PLANE('',#3688);
#3411=PLANE('',#3692);
#3412=PLANE('',#3694);
#3413=PLANE('',#3714);
#3414=PLANE('',#3725);
#3415=PLANE('',#3777);
#3416=PLANE('',#3778);
#3417=PLANE('',#3787);
#3418=PLANE('',#3789);
#3419=PLANE('',#4104);
#3420=PLANE('',#4105);
#3421=PLANE('',#4106);
#3422=PLANE('',#4107);
#3423=PLANE('',#4108);
#3424=PLANE('',#4109);
#3425=PLANE('',#4110);
#3426=PLANE('',#4112);
#3427=PLANE('',#4113);
#3428=PLANE('',#4114);
#3429=PLANE('',#4115);
#3430=PLANE('',#4116);
#3431=PLANE('',#4117);
#3432=PLANE('',#4118);
#3433=PLANE('',#4119);
#3434=PLANE('',#4120);
#3435=PLANE('',#4121);
#3436=PLANE('',#4122);
#3437=PLANE('',#4123);
#3438=PLANE('',#4124);
#3439=ADVANCED_FACE('',(#232),#3409,.F.);
#3440=ADVANCED_FACE('',(#233),#200,.F.);
#3441=ADVANCED_FACE('',(#234),#3410,.F.);
#3442=ADVANCED_FACE('',(#235),#201,.F.);
#3443=ADVANCED_FACE('',(#236),#202,.F.);
#3444=ADVANCED_FACE('',(#237),#3411,.F.);
#3445=ADVANCED_FACE('',(#238),#3412,.F.);
#3446=ADVANCED_FACE('',(#239),#203,.T.);
#3447=ADVANCED_FACE('',(#240),#152,.F.);
#3448=ADVANCED_FACE('',(#241),#64,.T.);
#3449=ADVANCED_FACE('',(#242),#65,.T.);
#3450=ADVANCED_FACE('',(#243),#66,.T.);
#3451=ADVANCED_FACE('',(#244),#35,.T.);
#3452=ADVANCED_FACE('',(#245),#153,.F.);
#3453=ADVANCED_FACE('',(#246),#204,.T.);
#3454=ADVANCED_FACE('',(#247),#3413,.T.);
#3455=ADVANCED_FACE('',(#248),#3414,.T.);
#3456=ADVANCED_FACE('',(#249),#67,.T.);
#3457=ADVANCED_FACE('',(#250),#205,.T.);
#3458=ADVANCED_FACE('',(#251),#68,.T.);
#3459=ADVANCED_FACE('',(#252),#154,.F.);
#3460=ADVANCED_FACE('',(#253),#69,.T.);
#3461=ADVANCED_FACE('',(#254),#206,.F.);
#3462=ADVANCED_FACE('',(#255),#207,.T.);
#3463=ADVANCED_FACE('',(#256,#27),#3415,.F.);
#3464=ADVANCED_FACE('',(#257,#28),#3416,.F.);
#3465=ADVANCED_FACE('',(#258),#23,.F.);
#3466=ADVANCED_FACE('',(#259),#24,.F.);
#3467=ADVANCED_FACE('',(#260),#25,.F.);
#3468=ADVANCED_FACE('',(#261),#26,.T.);
#3469=ADVANCED_FACE('',(#262),#3417,.F.);
#3470=ADVANCED_FACE('',(#263),#3418,.F.);
#3471=ADVANCED_FACE('',(#264),#208,.F.);
#3472=ADVANCED_FACE('',(#265),#209,.F.);
#3473=ADVANCED_FACE('',(#266),#70,.T.);
#3474=ADVANCED_FACE('',(#267),#36,.T.);
#3475=ADVANCED_FACE('',(#268),#37,.T.);
#3476=ADVANCED_FACE('',(#269),#71,.T.);
#3477=ADVANCED_FACE('',(#270),#72,.T.);
#3478=ADVANCED_FACE('',(#271),#38,.T.);
#3479=ADVANCED_FACE('',(#272),#73,.T.);
#3480=ADVANCED_FACE('',(#273),#74,.T.);
#3481=ADVANCED_FACE('',(#274),#75,.T.);
#3482=ADVANCED_FACE('',(#275),#76,.T.);
#3483=ADVANCED_FACE('',(#276),#39,.T.);
#3484=ADVANCED_FACE('',(#277),#40,.T.);
#3485=ADVANCED_FACE('',(#278),#77,.T.);
#3486=ADVANCED_FACE('',(#279),#78,.T.);
#3487=ADVANCED_FACE('',(#280),#79,.T.);
#3488=ADVANCED_FACE('',(#281),#80,.T.);
#3489=ADVANCED_FACE('',(#282),#81,.T.);
#3490=ADVANCED_FACE('',(#283),#82,.T.);
#3491=ADVANCED_FACE('',(#284),#41,.T.);
#3492=ADVANCED_FACE('',(#285),#83,.T.);
#3493=ADVANCED_FACE('',(#286),#84,.T.);
#3494=ADVANCED_FACE('',(#287),#85,.T.);
#3495=ADVANCED_FACE('',(#288),#86,.T.);
#3496=ADVANCED_FACE('',(#289),#42,.T.);
#3497=ADVANCED_FACE('',(#290),#155,.F.);
#3498=ADVANCED_FACE('',(#291),#87,.T.);
#3499=ADVANCED_FACE('',(#292),#43,.T.);
#3500=ADVANCED_FACE('',(#293),#88,.T.);
#3501=ADVANCED_FACE('',(#294),#89,.T.);
#3502=ADVANCED_FACE('',(#295),#156,.F.);
#3503=ADVANCED_FACE('',(#296),#210,.T.);
#3504=ADVANCED_FACE('',(#297),#211,.T.);
#3505=ADVANCED_FACE('',(#298),#157,.F.);
#3506=ADVANCED_FACE('',(#299),#90,.T.);
#3507=ADVANCED_FACE('',(#300),#44,.T.);
#3508=ADVANCED_FACE('',(#301),#91,.T.);
#3509=ADVANCED_FACE('',(#302),#92,.T.);
#3510=ADVANCED_FACE('',(#303),#158,.F.);
#3511=ADVANCED_FACE('',(#304),#212,.T.);
#3512=ADVANCED_FACE('',(#305),#159,.F.);
#3513=ADVANCED_FACE('',(#306),#93,.T.);
#3514=ADVANCED_FACE('',(#307),#160,.F.);
#3515=ADVANCED_FACE('',(#308),#213,.T.);
#3516=ADVANCED_FACE('',(#309),#214,.T.);
#3517=ADVANCED_FACE('',(#310),#161,.F.);
#3518=ADVANCED_FACE('',(#311),#94,.T.);
#3519=ADVANCED_FACE('',(#312),#45,.T.);
#3520=ADVANCED_FACE('',(#313),#95,.T.);
#3521=ADVANCED_FACE('',(#314),#162,.F.);
#3522=ADVANCED_FACE('',(#315),#215,.T.);
#3523=ADVANCED_FACE('',(#316),#163,.F.);
#3524=ADVANCED_FACE('',(#317),#96,.T.);
#3525=ADVANCED_FACE('',(#318),#164,.F.);
#3526=ADVANCED_FACE('',(#319),#216,.T.);
#3527=ADVANCED_FACE('',(#320),#97,.T.);
#3528=ADVANCED_FACE('',(#321),#46,.T.);
#3529=ADVANCED_FACE('',(#322),#98,.T.);
#3530=ADVANCED_FACE('',(#323),#165,.F.);
#3531=ADVANCED_FACE('',(#324),#99,.T.);
#3532=ADVANCED_FACE('',(#325),#47,.T.);
#3533=ADVANCED_FACE('',(#326),#100,.T.);
#3534=ADVANCED_FACE('',(#327),#101,.T.);
#3535=ADVANCED_FACE('',(#328),#166,.F.);
#3536=ADVANCED_FACE('',(#329),#217,.T.);
#3537=ADVANCED_FACE('',(#330),#167,.F.);
#3538=ADVANCED_FACE('',(#331),#102,.T.);
#3539=ADVANCED_FACE('',(#332),#48,.T.);
#3540=ADVANCED_FACE('',(#333),#103,.T.);
#3541=ADVANCED_FACE('',(#334),#104,.T.);
#3542=ADVANCED_FACE('',(#335),#168,.F.);
#3543=ADVANCED_FACE('',(#336),#218,.T.);
#3544=ADVANCED_FACE('',(#337),#219,.T.);
#3545=ADVANCED_FACE('',(#338),#169,.F.);
#3546=ADVANCED_FACE('',(#339),#105,.T.);
#3547=ADVANCED_FACE('',(#340),#49,.T.);
#3548=ADVANCED_FACE('',(#341),#106,.T.);
#3549=ADVANCED_FACE('',(#342),#107,.T.);
#3550=ADVANCED_FACE('',(#343),#170,.F.);
#3551=ADVANCED_FACE('',(#344),#220,.T.);
#3552=ADVANCED_FACE('',(#345),#171,.F.);
#3553=ADVANCED_FACE('',(#346),#108,.T.);
#3554=ADVANCED_FACE('',(#347),#50,.T.);
#3555=ADVANCED_FACE('',(#348),#109,.T.);
#3556=ADVANCED_FACE('',(#349),#110,.T.);
#3557=ADVANCED_FACE('',(#350),#172,.F.);
#3558=ADVANCED_FACE('',(#351),#173,.F.);
#3559=ADVANCED_FACE('',(#352),#111,.T.);
#3560=ADVANCED_FACE('',(#353),#51,.T.);
#3561=ADVANCED_FACE('',(#354),#112,.T.);
#3562=ADVANCED_FACE('',(#355),#113,.T.);
#3563=ADVANCED_FACE('',(#356),#174,.F.);
#3564=ADVANCED_FACE('',(#357),#221,.T.);
#3565=ADVANCED_FACE('',(#358),#222,.T.);
#3566=ADVANCED_FACE('',(#359),#175,.F.);
#3567=ADVANCED_FACE('',(#360),#114,.T.);
#3568=ADVANCED_FACE('',(#361),#52,.T.);
#3569=ADVANCED_FACE('',(#362),#115,.T.);
#3570=ADVANCED_FACE('',(#363),#116,.T.);
#3571=ADVANCED_FACE('',(#364),#176,.F.);
#3572=ADVANCED_FACE('',(#365),#177,.F.);
#3573=ADVANCED_FACE('',(#366),#117,.T.);
#3574=ADVANCED_FACE('',(#367),#53,.T.);
#3575=ADVANCED_FACE('',(#368),#118,.T.);
#3576=ADVANCED_FACE('',(#369),#119,.T.);
#3577=ADVANCED_FACE('',(#370),#178,.F.);
#3578=ADVANCED_FACE('',(#371),#179,.F.);
#3579=ADVANCED_FACE('',(#372),#120,.T.);
#3580=ADVANCED_FACE('',(#373),#54,.T.);
#3581=ADVANCED_FACE('',(#374),#121,.T.);
#3582=ADVANCED_FACE('',(#375),#122,.T.);
#3583=ADVANCED_FACE('',(#376),#180,.F.);
#3584=ADVANCED_FACE('',(#377),#223,.T.);
#3585=ADVANCED_FACE('',(#378),#181,.F.);
#3586=ADVANCED_FACE('',(#379),#123,.T.);
#3587=ADVANCED_FACE('',(#380),#55,.T.);
#3588=ADVANCED_FACE('',(#381),#124,.T.);
#3589=ADVANCED_FACE('',(#382),#125,.T.);
#3590=ADVANCED_FACE('',(#383),#182,.F.);
#3591=ADVANCED_FACE('',(#384),#224,.T.);
#3592=ADVANCED_FACE('',(#385),#225,.T.);
#3593=ADVANCED_FACE('',(#386),#183,.F.);
#3594=ADVANCED_FACE('',(#387),#126,.T.);
#3595=ADVANCED_FACE('',(#388),#127,.T.);
#3596=ADVANCED_FACE('',(#389),#184,.F.);
#3597=ADVANCED_FACE('',(#390),#185,.F.);
#3598=ADVANCED_FACE('',(#391),#128,.T.);
#3599=ADVANCED_FACE('',(#392),#56,.T.);
#3600=ADVANCED_FACE('',(#393),#129,.T.);
#3601=ADVANCED_FACE('',(#394),#130,.T.);
#3602=ADVANCED_FACE('',(#395),#186,.F.);
#3603=ADVANCED_FACE('',(#396),#226,.T.);
#3604=ADVANCED_FACE('',(#397),#227,.T.);
#3605=ADVANCED_FACE('',(#398),#187,.F.);
#3606=ADVANCED_FACE('',(#399),#131,.T.);
#3607=ADVANCED_FACE('',(#400),#57,.T.);
#3608=ADVANCED_FACE('',(#401),#132,.T.);
#3609=ADVANCED_FACE('',(#402),#133,.T.);
#3610=ADVANCED_FACE('',(#403),#188,.F.);
#3611=ADVANCED_FACE('',(#404),#228,.T.);
#3612=ADVANCED_FACE('',(#405),#229,.T.);
#3613=ADVANCED_FACE('',(#406),#134,.T.);
#3614=ADVANCED_FACE('',(#407),#58,.T.);
#3615=ADVANCED_FACE('',(#408),#135,.T.);
#3616=ADVANCED_FACE('',(#409),#136,.T.);
#3617=ADVANCED_FACE('',(#410),#189,.F.);
#3618=ADVANCED_FACE('',(#411),#230,.T.);
#3619=ADVANCED_FACE('',(#412),#190,.F.);
#3620=ADVANCED_FACE('',(#413),#137,.T.);
#3621=ADVANCED_FACE('',(#414),#59,.T.);
#3622=ADVANCED_FACE('',(#415),#138,.T.);
#3623=ADVANCED_FACE('',(#416),#139,.T.);
#3624=ADVANCED_FACE('',(#417),#191,.F.);
#3625=ADVANCED_FACE('',(#418),#192,.F.);
#3626=ADVANCED_FACE('',(#419),#140,.T.);
#3627=ADVANCED_FACE('',(#420),#60,.T.);
#3628=ADVANCED_FACE('',(#421),#141,.T.);
#3629=ADVANCED_FACE('',(#422),#142,.T.);
#3630=ADVANCED_FACE('',(#423),#193,.F.);
#3631=ADVANCED_FACE('',(#424),#194,.F.);
#3632=ADVANCED_FACE('',(#425),#143,.T.);
#3633=ADVANCED_FACE('',(#426),#61,.T.);
#3634=ADVANCED_FACE('',(#427),#144,.T.);
#3635=ADVANCED_FACE('',(#428),#145,.T.);
#3636=ADVANCED_FACE('',(#429),#195,.F.);
#3637=ADVANCED_FACE('',(#430),#196,.F.);
#3638=ADVANCED_FACE('',(#431),#146,.T.);
#3639=ADVANCED_FACE('',(#432),#62,.T.);
#3640=ADVANCED_FACE('',(#433),#147,.T.);
#3641=ADVANCED_FACE('',(#434),#148,.T.);
#3642=ADVANCED_FACE('',(#435),#197,.F.);
#3643=ADVANCED_FACE('',(#436),#198,.F.);
#3644=ADVANCED_FACE('',(#437),#149,.T.);
#3645=ADVANCED_FACE('',(#438,#29),#63,.T.);
#3646=ADVANCED_FACE('',(#439),#150,.T.);
#3647=ADVANCED_FACE('',(#440),#151,.T.);
#3648=ADVANCED_FACE('',(#441),#199,.F.);
#3649=ADVANCED_FACE('',(#442),#3419,.F.);
#3650=ADVANCED_FACE('',(#443),#3420,.T.);
#3651=ADVANCED_FACE('',(#444),#3421,.T.);
#3652=ADVANCED_FACE('',(#445,#30,#31),#3422,.T.);
#3653=ADVANCED_FACE('',(#446),#3423,.F.);
#3654=ADVANCED_FACE('',(#447),#3424,.F.);
#3655=ADVANCED_FACE('',(#448),#3425,.F.);
#3656=ADVANCED_FACE('',(#449),#3426,.F.);
#3657=ADVANCED_FACE('',(#450),#3427,.T.);
#3658=ADVANCED_FACE('',(#451),#3428,.T.);
#3659=ADVANCED_FACE('',(#452),#3429,.T.);
#3660=ADVANCED_FACE('',(#453),#3430,.T.);
#3661=ADVANCED_FACE('',(#454),#3431,.T.);
#3662=ADVANCED_FACE('',(#455),#3432,.T.);
#3663=ADVANCED_FACE('',(#456,#32,#33),#3433,.T.);
#3664=ADVANCED_FACE('',(#457),#3434,.T.);
#3665=ADVANCED_FACE('',(#458),#3435,.T.);
#3666=ADVANCED_FACE('',(#459),#3436,.T.);
#3667=ADVANCED_FACE('',(#460),#3437,.T.);
#3668=ADVANCED_FACE('',(#461),#3438,.T.);
#3669=ADVANCED_FACE('',(#462,#34),#231,.F.);
#3670=CLOSED_SHELL('',(#3439,#3440,#3441,#3442,#3443,#3444,#3445,#3446,
#3447,#3448,#3449,#3450,#3451,#3452,#3453,#3454,#3455,#3456,#3457,#3458,
#3459,#3460,#3461,#3462,#3463,#3464,#3465,#3466,#3467,#3468,#3469,#3470,
#3471,#3472,#3473,#3474,#3475,#3476,#3477,#3478,#3479,#3480,#3481,#3482,
#3483,#3484,#3485,#3486,#3487,#3488,#3489,#3490,#3491,#3492,#3493,#3494,
#3495,#3496,#3497,#3498,#3499,#3500,#3501,#3502,#3503,#3504,#3505,#3506,
#3507,#3508,#3509,#3510,#3511,#3512,#3513,#3514,#3515,#3516,#3517,#3518,
#3519,#3520,#3521,#3522,#3523,#3524,#3525,#3526,#3527,#3528,#3529,#3530,
#3531,#3532,#3533,#3534,#3535,#3536,#3537,#3538,#3539,#3540,#3541,#3542,
#3543,#3544,#3545,#3546,#3547,#3548,#3549,#3550,#3551,#3552,#3553,#3554,
#3555,#3556,#3557,#3558,#3559,#3560,#3561,#3562,#3563,#3564,#3565,#3566,
#3567,#3568,#3569,#3570,#3571,#3572,#3573,#3574,#3575,#3576,#3577,#3578,
#3579,#3580,#3581,#3582,#3583,#3584,#3585,#3586,#3587,#3588,#3589,#3590,
#3591,#3592,#3593,#3594,#3595,#3596,#3597,#3598,#3599,#3600,#3601,#3602,
#3603,#3604,#3605,#3606,#3607,#3608,#3609,#3610,#3611,#3612,#3613,#3614,
#3615,#3616,#3617,#3618,#3619,#3620,#3621,#3622,#3623,#3624,#3625,#3626,
#3627,#3628,#3629,#3630,#3631,#3632,#3633,#3634,#3635,#3636,#3637,#3638,
#3639,#3640,#3641,#3642,#3643,#3644,#3645,#3646,#3647,#3648,#3649,#3650,
#3651,#3652,#3653,#3654,#3655,#3656,#3657,#3658,#3659,#3660,#3661,#3662,
#3663,#3664,#3665,#3666,#3667,#3668,#3669));
#3671=DERIVED_UNIT_ELEMENT(#3673,1.);
#3672=DERIVED_UNIT_ELEMENT(#9173,-3.);
#3673=(
MASS_UNIT()
NAMED_UNIT(*)
SI_UNIT(.KILO.,.GRAM.)
);
#3674=DERIVED_UNIT((#3671,#3672));
#3675=MEASURE_REPRESENTATION_ITEM('density measure',
POSITIVE_RATIO_MEASURE(7850.),#3674);
#3676=PROPERTY_DEFINITION_REPRESENTATION(#3681,#3678);
#3677=PROPERTY_DEFINITION_REPRESENTATION(#3682,#3679);
#3678=REPRESENTATION('material name',(#3680),#9170);
#3679=REPRESENTATION('density',(#3675),#9170);
#3680=DESCRIPTIVE_REPRESENTATION_ITEM('Steel','Steel');
#3681=PROPERTY_DEFINITION('material property','material name',#9185);
#3682=PROPERTY_DEFINITION('material property','density of part',#9185);
#3683=AXIS2_PLACEMENT_3D('',#5089,#4127,#4128);
#3684=AXIS2_PLACEMENT_3D('',#5090,#4129,#4130);
#3685=AXIS2_PLACEMENT_3D('',#5091,#4131,#4132);
#3686=AXIS2_PLACEMENT_3D('',#5098,#4135,#4136);
#3687=AXIS2_PLACEMENT_3D('',#5139,#4139,#4140);
#3688=AXIS2_PLACEMENT_3D('',#5207,#4142,#4143);
#3689=AXIS2_PLACEMENT_3D('',#5234,#4147,#4148);
#3690=AXIS2_PLACEMENT_3D('',#5243,#4149,#4150);
#3691=AXIS2_PLACEMENT_3D('',#5321,#4152,#4153);
#3692=AXIS2_PLACEMENT_3D('',#5392,#4156,#4157);
#3693=AXIS2_PLACEMENT_3D('',#5405,#4159,#4160);
#3694=AXIS2_PLACEMENT_3D('',#5430,#4163,#4164);
#3695=AXIS2_PLACEMENT_3D('',#5471,#4166,#4167);
#3696=AXIS2_PLACEMENT_3D('',#5475,#4170,#4171);
#3697=AXIS2_PLACEMENT_3D('',#5500,#4172,#4173);
#3698=AXIS2_PLACEMENT_3D('',#5522,#4174,#4175);
#3699=AXIS2_PLACEMENT_3D('',#5527,#4176,#4177);
#3700=AXIS2_PLACEMENT_3D('',#5528,#4178,#4179);
#3701=AXIS2_PLACEMENT_3D('',#5529,#4180,#4181);
#3702=AXIS2_PLACEMENT_3D('',#5531,#4182,#4183);
#3703=AXIS2_PLACEMENT_3D('',#5546,#4184,#4185);
#3704=AXIS2_PLACEMENT_3D('',#5547,#4186,#4187);
#3705=AXIS2_PLACEMENT_3D('',#5549,#4188,#4189);
#3706=AXIS2_PLACEMENT_3D('',#5550,#4190,#4191);
#3707=AXIS2_PLACEMENT_3D('',#5551,#4192,#4193);
#3708=AXIS2_PLACEMENT_3D('',#5553,#4194,#4195);
#3709=AXIS2_PLACEMENT_3D('',#5555,#4196,#4197);
#3710=AXIS2_PLACEMENT_3D('',#5556,#4198,#4199);
#3711=AXIS2_PLACEMENT_3D('',#5593,#4200,#4201);
#3712=AXIS2_PLACEMENT_3D('',#5594,#4202,#4203);
#3713=AXIS2_PLACEMENT_3D('',#5596,#4204,#4205);
#3714=AXIS2_PLACEMENT_3D('',#5609,#4206,#4207);
#3715=AXIS2_PLACEMENT_3D('',#5611,#4208,#4209);
#3716=AXIS2_PLACEMENT_3D('',#5613,#4210,#4211);
#3717=AXIS2_PLACEMENT_3D('',#5615,#4212,#4213);
#3718=AXIS2_PLACEMENT_3D('',#5617,#4214,#4215);
#3719=AXIS2_PLACEMENT_3D('',#5619,#4216,#4217);
#3720=AXIS2_PLACEMENT_3D('',#5621,#4218,#4219);
#3721=AXIS2_PLACEMENT_3D('',#5623,#4220,#4221);
#3722=AXIS2_PLACEMENT_3D('',#5625,#4222,#4223);
#3723=AXIS2_PLACEMENT_3D('',#5626,#4224,#4225);
#3724=AXIS2_PLACEMENT_3D('',#5632,#4228,#4229);
#3725=AXIS2_PLACEMENT_3D('',#5636,#4232,#4233);
#3726=AXIS2_PLACEMENT_3D('',#5637,#4234,#4235);
#3727=AXIS2_PLACEMENT_3D('',#5639,#4236,#4237);
#3728=AXIS2_PLACEMENT_3D('',#5641,#4238,#4239);
#3729=AXIS2_PLACEMENT_3D('',#5643,#4240,#4241);
#3730=AXIS2_PLACEMENT_3D('',#5645,#4242,#4243);
#3731=AXIS2_PLACEMENT_3D('',#5647,#4244,#4245);
#3732=AXIS2_PLACEMENT_3D('',#5649,#4246,#4247);
#3733=AXIS2_PLACEMENT_3D('',#5651,#4248,#4249);
#3734=AXIS2_PLACEMENT_3D('',#5653,#4250,#4251);
#3735=AXIS2_PLACEMENT_3D('',#5655,#4252,#4253);
#3736=AXIS2_PLACEMENT_3D('',#5657,#4254,#4255);
#3737=AXIS2_PLACEMENT_3D('',#5659,#4256,#4257);
#3738=AXIS2_PLACEMENT_3D('',#5661,#4258,#4259);
#3739=AXIS2_PLACEMENT_3D('',#5663,#4260,#4261);
#3740=AXIS2_PLACEMENT_3D('',#5665,#4262,#4263);
#3741=AXIS2_PLACEMENT_3D('',#5667,#4264,#4265);
#3742=AXIS2_PLACEMENT_3D('',#5669,#4266,#4267);
#3743=AXIS2_PLACEMENT_3D('',#5671,#4268,#4269);
#3744=AXIS2_PLACEMENT_3D('',#5673,#4270,#4271);
#3745=AXIS2_PLACEMENT_3D('',#5675,#4272,#4273);
#3746=AXIS2_PLACEMENT_3D('',#5677,#4274,#4275);
#3747=AXIS2_PLACEMENT_3D('',#5679,#4276,#4277);
#3748=AXIS2_PLACEMENT_3D('',#5681,#4278,#4279);
#3749=AXIS2_PLACEMENT_3D('',#5683,#4280,#4281);
#3750=AXIS2_PLACEMENT_3D('',#5685,#4282,#4283);
#3751=AXIS2_PLACEMENT_3D('',#5687,#4284,#4285);
#3752=AXIS2_PLACEMENT_3D('',#5689,#4286,#4287);
#3753=AXIS2_PLACEMENT_3D('',#5691,#4288,#4289);
#3754=AXIS2_PLACEMENT_3D('',#5693,#4290,#4291);
#3755=AXIS2_PLACEMENT_3D('',#5695,#4292,#4293);
#3756=AXIS2_PLACEMENT_3D('',#5697,#4294,#4295);
#3757=AXIS2_PLACEMENT_3D('',#5699,#4296,#4297);
#3758=AXIS2_PLACEMENT_3D('',#5701,#4298,#4299);
#3759=AXIS2_PLACEMENT_3D('',#5703,#4300,#4301);
#3760=AXIS2_PLACEMENT_3D('',#5705,#4302,#4303);
#3761=AXIS2_PLACEMENT_3D('',#5706,#4304,#4305);
#3762=AXIS2_PLACEMENT_3D('',#5707,#4306,#4307);
#3763=AXIS2_PLACEMENT_3D('',#5709,#4308,#4309);
#3764=AXIS2_PLACEMENT_3D('',#5724,#4310,#4311);
#3765=AXIS2_PLACEMENT_3D('',#5725,#4312,#4313);
#3766=AXIS2_PLACEMENT_3D('',#5749,#4314,#4315);
#3767=AXIS2_PLACEMENT_3D('',#5764,#4316,#4317);
#3768=AXIS2_PLACEMENT_3D('',#5791,#4318,#4319);
#3769=AXIS2_PLACEMENT_3D('',#5796,#4320,#4321);
#3770=AXIS2_PLACEMENT_3D('',#5797,#4322,#4323);
#3771=AXIS2_PLACEMENT_3D('',#5798,#4324,#4325);
#3772=AXIS2_PLACEMENT_3D('',#5800,#4326,#4327);
#3773=AXIS2_PLACEMENT_3D('',#5803,#4329,#4330);
#3774=AXIS2_PLACEMENT_3D('',#5804,#4331,#4332);
#3775=AXIS2_PLACEMENT_3D('',#5806,#4333,#4334);
#3776=AXIS2_PLACEMENT_3D('',#5809,#4336,#4337);
#3777=AXIS2_PLACEMENT_3D('',#5810,#4338,#4339);
#3778=AXIS2_PLACEMENT_3D('',#5811,#4340,#4341);
#3779=AXIS2_PLACEMENT_3D('',#5826,#4348,#4349);
#3780=AXIS2_PLACEMENT_3D('',#5830,#4351,#4352);
#3781=AXIS2_PLACEMENT_3D('',#5834,#4355,#4356);
#3782=AXIS2_PLACEMENT_3D('',#6029,#4357,#4358);
#3783=AXIS2_PLACEMENT_3D('',#6045,#4359,#4360);
#3784=AXIS2_PLACEMENT_3D('',#6108,#4361,#4362);
#3785=AXIS2_PLACEMENT_3D('',#6126,#4363,#4364);
#3786=AXIS2_PLACEMENT_3D('',#6187,#4365,#4366);
#3787=AXIS2_PLACEMENT_3D('',#6356,#4367,#4368);
#3788=AXIS2_PLACEMENT_3D('',#6380,#4369,#4370);
#3789=AXIS2_PLACEMENT_3D('',#6382,#4372,#4373);
#3790=AXIS2_PLACEMENT_3D('',#6384,#4374,#4375);
#3791=AXIS2_PLACEMENT_3D('',#6408,#4377,#4378);
#3792=AXIS2_PLACEMENT_3D('',#6409,#4379,#4380);
#3793=AXIS2_PLACEMENT_3D('',#6410,#4381,#4382);
#3794=AXIS2_PLACEMENT_3D('',#6414,#4385,#4386);
#3795=AXIS2_PLACEMENT_3D('',#6416,#4387,#4388);
#3796=AXIS2_PLACEMENT_3D('',#6419,#4391,#4392);
#3797=AXIS2_PLACEMENT_3D('',#6421,#4393,#4394);
#3798=AXIS2_PLACEMENT_3D('',#6423,#4395,#4396);
#3799=AXIS2_PLACEMENT_3D('',#6425,#4397,#4398);
#3800=AXIS2_PLACEMENT_3D('',#6440,#4399,#4400);
#3801=AXIS2_PLACEMENT_3D('',#6441,#4401,#4402);
#3802=AXIS2_PLACEMENT_3D('',#6443,#4403,#4404);
#3803=AXIS2_PLACEMENT_3D('',#6444,#4405,#4406);
#3804=AXIS2_PLACEMENT_3D('',#6445,#4407,#4408);
#3805=AXIS2_PLACEMENT_3D('',#6447,#4409,#4410);
#3806=AXIS2_PLACEMENT_3D('',#6448,#4411,#4412);
#3807=AXIS2_PLACEMENT_3D('',#6449,#4413,#4414);
#3808=AXIS2_PLACEMENT_3D('',#6451,#4415,#4416);
#3809=AXIS2_PLACEMENT_3D('',#6452,#4417,#4418);
#3810=AXIS2_PLACEMENT_3D('',#6453,#4419,#4420);
#3811=AXIS2_PLACEMENT_3D('',#6468,#4421,#4422);
#3812=AXIS2_PLACEMENT_3D('',#6469,#4423,#4424);
#3813=AXIS2_PLACEMENT_3D('',#6471,#4425,#4426);
#3814=AXIS2_PLACEMENT_3D('',#6473,#4427,#4428);
#3815=AXIS2_PLACEMENT_3D('',#6474,#4429,#4430);
#3816=AXIS2_PLACEMENT_3D('',#6475,#4431,#4432);
#3817=AXIS2_PLACEMENT_3D('',#6477,#4433,#4434);
#3818=AXIS2_PLACEMENT_3D('',#6478,#4435,#4436);
#3819=AXIS2_PLACEMENT_3D('',#6479,#4437,#4438);
#3820=AXIS2_PLACEMENT_3D('',#6494,#4439,#4440);
#3821=AXIS2_PLACEMENT_3D('',#6495,#4441,#4442);
#3822=AXIS2_PLACEMENT_3D('',#6497,#4443,#4444);
#3823=AXIS2_PLACEMENT_3D('',#6498,#4445,#4446);
#3824=AXIS2_PLACEMENT_3D('',#6499,#4447,#4448);
#3825=AXIS2_PLACEMENT_3D('',#6501,#4449,#4450);
#3826=AXIS2_PLACEMENT_3D('',#6502,#4451,#4452);
#3827=AXIS2_PLACEMENT_3D('',#6503,#4453,#4454);
#3828=AXIS2_PLACEMENT_3D('',#6505,#4455,#4456);
#3829=AXIS2_PLACEMENT_3D('',#6506,#4457,#4458);
#3830=AXIS2_PLACEMENT_3D('',#6507,#4459,#4460);
#3831=AXIS2_PLACEMENT_3D('',#6509,#4461,#4462);
#3832=AXIS2_PLACEMENT_3D('',#6510,#4463,#4464);
#3833=AXIS2_PLACEMENT_3D('',#6511,#4465,#4466);
#3834=AXIS2_PLACEMENT_3D('',#6512,#4467,#4468);
#3835=AXIS2_PLACEMENT_3D('',#6527,#4469,#4470);
#3836=AXIS2_PLACEMENT_3D('',#6528,#4471,#4472);
#3837=AXIS2_PLACEMENT_3D('',#6530,#4473,#4474);
#3838=AXIS2_PLACEMENT_3D('',#6531,#4475,#4476);
#3839=AXIS2_PLACEMENT_3D('',#6532,#4477,#4478);
#3840=AXIS2_PLACEMENT_3D('',#6533,#4479,#4480);
#3841=AXIS2_PLACEMENT_3D('',#6534,#4481,#4482);
#3842=AXIS2_PLACEMENT_3D('',#6549,#4483,#4484);
#3843=AXIS2_PLACEMENT_3D('',#6550,#4485,#4486);
#3844=AXIS2_PLACEMENT_3D('',#6552,#4487,#4488);
#3845=AXIS2_PLACEMENT_3D('',#6553,#4489,#4490);
#3846=AXIS2_PLACEMENT_3D('',#6554,#4491,#4492);
#3847=AXIS2_PLACEMENT_3D('',#6555,#4493,#4494);
#3848=AXIS2_PLACEMENT_3D('',#6556,#4495,#4496);
#3849=AXIS2_PLACEMENT_3D('',#6558,#4497,#4498);
#3850=AXIS2_PLACEMENT_3D('',#6559,#4499,#4500);
#3851=AXIS2_PLACEMENT_3D('',#6560,#4501,#4502);
#3852=AXIS2_PLACEMENT_3D('',#6562,#4503,#4504);
#3853=AXIS2_PLACEMENT_3D('',#6577,#4505,#4506);
#3854=AXIS2_PLACEMENT_3D('',#6578,#4507,#4508);
#3855=AXIS2_PLACEMENT_3D('',#6580,#4509,#4510);
#3856=AXIS2_PLACEMENT_3D('',#6581,#4511,#4512);
#3857=AXIS2_PLACEMENT_3D('',#6582,#4513,#4514);
#3858=AXIS2_PLACEMENT_3D('',#6597,#4515,#4516);
#3859=AXIS2_PLACEMENT_3D('',#6598,#4517,#4518);
#3860=AXIS2_PLACEMENT_3D('',#6600,#4519,#4520);
#3861=AXIS2_PLACEMENT_3D('',#6601,#4521,#4522);
#3862=AXIS2_PLACEMENT_3D('',#6602,#4523,#4524);
#3863=AXIS2_PLACEMENT_3D('',#6603,#4525,#4526);
#3864=AXIS2_PLACEMENT_3D('',#6642,#4527,#4528);
#3865=AXIS2_PLACEMENT_3D('',#6647,#4529,#4530);
#3866=AXIS2_PLACEMENT_3D('',#6649,#4531,#4532);
#3867=AXIS2_PLACEMENT_3D('',#6664,#4533,#4534);
#3868=AXIS2_PLACEMENT_3D('',#6665,#4535,#4536);
#3869=AXIS2_PLACEMENT_3D('',#6667,#4537,#4538);
#3870=AXIS2_PLACEMENT_3D('',#6668,#4539,#4540);
#3871=AXIS2_PLACEMENT_3D('',#6669,#4541,#4542);
#3872=AXIS2_PLACEMENT_3D('',#6674,#4543,#4544);
#3873=AXIS2_PLACEMENT_3D('',#6676,#4545,#4546);
#3874=AXIS2_PLACEMENT_3D('',#6725,#4547,#4548);
#3875=AXIS2_PLACEMENT_3D('',#6736,#4549,#4550);
#3876=AXIS2_PLACEMENT_3D('',#6788,#4551,#4552);
#3877=AXIS2_PLACEMENT_3D('',#6793,#4553,#4554);
#3878=AXIS2_PLACEMENT_3D('',#6809,#4555,#4556);
#3879=AXIS2_PLACEMENT_3D('',#6810,#4557,#4558);
#3880=AXIS2_PLACEMENT_3D('',#6811,#4559,#4560);
#3881=AXIS2_PLACEMENT_3D('',#6813,#4561,#4562);
#3882=AXIS2_PLACEMENT_3D('',#6815,#4563,#4564);
#3883=AXIS2_PLACEMENT_3D('',#6816,#4565,#4566);
#3884=AXIS2_PLACEMENT_3D('',#6817,#4567,#4568);
#3885=AXIS2_PLACEMENT_3D('',#6822,#4569,#4570);
#3886=AXIS2_PLACEMENT_3D('',#6836,#4571,#4572);
#3887=AXIS2_PLACEMENT_3D('',#6857,#4573,#4574);
#3888=AXIS2_PLACEMENT_3D('',#6909,#4575,#4576);
#3889=AXIS2_PLACEMENT_3D('',#6949,#4577,#4578);
#3890=AXIS2_PLACEMENT_3D('',#6960,#4579,#4580);
#3891=AXIS2_PLACEMENT_3D('',#7014,#4581,#4582);
#3892=AXIS2_PLACEMENT_3D('',#7015,#4583,#4584);
#3893=AXIS2_PLACEMENT_3D('',#7016,#4585,#4586);
#3894=AXIS2_PLACEMENT_3D('',#7017,#4587,#4588);
#3895=AXIS2_PLACEMENT_3D('',#7018,#4589,#4590);
#3896=AXIS2_PLACEMENT_3D('',#7019,#4591,#4592);
#3897=AXIS2_PLACEMENT_3D('',#7044,#4593,#4594);
#3898=AXIS2_PLACEMENT_3D('',#7079,#4595,#4596);
#3899=AXIS2_PLACEMENT_3D('',#7119,#4597,#4598);
#3900=AXIS2_PLACEMENT_3D('',#7132,#4599,#4600);
#3901=AXIS2_PLACEMENT_3D('',#7148,#4601,#4602);
#3902=AXIS2_PLACEMENT_3D('',#7149,#4603,#4604);
#3903=AXIS2_PLACEMENT_3D('',#7150,#4605,#4606);
#3904=AXIS2_PLACEMENT_3D('',#7151,#4607,#4608);
#3905=AXIS2_PLACEMENT_3D('',#7152,#4609,#4610);
#3906=AXIS2_PLACEMENT_3D('',#7153,#4611,#4612);
#3907=AXIS2_PLACEMENT_3D('',#7179,#4613,#4614);
#3908=AXIS2_PLACEMENT_3D('',#7180,#4615,#4616);
#3909=AXIS2_PLACEMENT_3D('',#7181,#4617,#4618);
#3910=AXIS2_PLACEMENT_3D('',#7182,#4619,#4620);
#3911=AXIS2_PLACEMENT_3D('',#7184,#4621,#4622);
#3912=AXIS2_PLACEMENT_3D('',#7186,#4623,#4624);
#3913=AXIS2_PLACEMENT_3D('',#7187,#4625,#4626);
#3914=AXIS2_PLACEMENT_3D('',#7188,#4627,#4628);
#3915=AXIS2_PLACEMENT_3D('',#7193,#4629,#4630);
#3916=AXIS2_PLACEMENT_3D('',#7209,#4631,#4632);
#3917=AXIS2_PLACEMENT_3D('',#7210,#4633,#4634);
#3918=AXIS2_PLACEMENT_3D('',#7246,#4635,#4636);
#3919=AXIS2_PLACEMENT_3D('',#7298,#4637,#4638);
#3920=AXIS2_PLACEMENT_3D('',#7303,#4639,#4640);
#3921=AXIS2_PLACEMENT_3D('',#7319,#4641,#4642);
#3922=AXIS2_PLACEMENT_3D('',#7320,#4643,#4644);
#3923=AXIS2_PLACEMENT_3D('',#7321,#4645,#4646);
#3924=AXIS2_PLACEMENT_3D('',#7323,#4647,#4648);
#3925=AXIS2_PLACEMENT_3D('',#7325,#4649,#4650);
#3926=AXIS2_PLACEMENT_3D('',#7326,#4651,#4652);
#3927=AXIS2_PLACEMENT_3D('',#7327,#4653,#4654);
#3928=AXIS2_PLACEMENT_3D('',#7332,#4655,#4656);
#3929=AXIS2_PLACEMENT_3D('',#7348,#4657,#4658);
#3930=AXIS2_PLACEMENT_3D('',#7349,#4659,#4660);
#3931=AXIS2_PLACEMENT_3D('',#7385,#4661,#4662);
#3932=AXIS2_PLACEMENT_3D('',#7396,#4663,#4664);
#3933=AXIS2_PLACEMENT_3D('',#7448,#4665,#4666);
#3934=AXIS2_PLACEMENT_3D('',#7453,#4667,#4668);
#3935=AXIS2_PLACEMENT_3D('',#7469,#4669,#4670);
#3936=AXIS2_PLACEMENT_3D('',#7470,#4671,#4672);
#3937=AXIS2_PLACEMENT_3D('',#7471,#4673,#4674);
#3938=AXIS2_PLACEMENT_3D('',#7473,#4675,#4676);
#3939=AXIS2_PLACEMENT_3D('',#7475,#4677,#4678);
#3940=AXIS2_PLACEMENT_3D('',#7476,#4679,#4680);
#3941=AXIS2_PLACEMENT_3D('',#7477,#4681,#4682);
#3942=AXIS2_PLACEMENT_3D('',#7482,#4683,#4684);
#3943=AXIS2_PLACEMENT_3D('',#7496,#4685,#4686);
#3944=AXIS2_PLACEMENT_3D('',#7517,#4687,#4688);
#3945=AXIS2_PLACEMENT_3D('',#7553,#4689,#4690);
#3946=AXIS2_PLACEMENT_3D('',#7554,#4691,#4692);
#3947=AXIS2_PLACEMENT_3D('',#7569,#4693,#4694);
#3948=AXIS2_PLACEMENT_3D('',#7570,#4695,#4696);
#3949=AXIS2_PLACEMENT_3D('',#7572,#4697,#4698);
#3950=AXIS2_PLACEMENT_3D('',#7574,#4699,#4700);
#3951=AXIS2_PLACEMENT_3D('',#7575,#4701,#4702);
#3952=AXIS2_PLACEMENT_3D('',#7576,#4703,#4704);
#3953=AXIS2_PLACEMENT_3D('',#7581,#4705,#4706);
#3954=AXIS2_PLACEMENT_3D('',#7597,#4707,#4708);
#3955=AXIS2_PLACEMENT_3D('',#7598,#4709,#4710);
#3956=AXIS2_PLACEMENT_3D('',#7673,#4711,#4712);
#3957=AXIS2_PLACEMENT_3D('',#7678,#4713,#4714);
#3958=AXIS2_PLACEMENT_3D('',#7694,#4715,#4716);
#3959=AXIS2_PLACEMENT_3D('',#7695,#4717,#4718);
#3960=AXIS2_PLACEMENT_3D('',#7696,#4719,#4720);
#3961=AXIS2_PLACEMENT_3D('',#7698,#4721,#4722);
#3962=AXIS2_PLACEMENT_3D('',#7700,#4723,#4724);
#3963=AXIS2_PLACEMENT_3D('',#7701,#4725,#4726);
#3964=AXIS2_PLACEMENT_3D('',#7702,#4727,#4728);
#3965=AXIS2_PLACEMENT_3D('',#7707,#4729,#4730);
#3966=AXIS2_PLACEMENT_3D('',#7723,#4731,#4732);
#3967=AXIS2_PLACEMENT_3D('',#7724,#4733,#4734);
#3968=AXIS2_PLACEMENT_3D('',#7760,#4735,#4736);
#3969=AXIS2_PLACEMENT_3D('',#7773,#4737,#4738);
#3970=AXIS2_PLACEMENT_3D('',#7809,#4739,#4740);
#3971=AXIS2_PLACEMENT_3D('',#7810,#4741,#4742);
#3972=AXIS2_PLACEMENT_3D('',#7825,#4743,#4744);
#3973=AXIS2_PLACEMENT_3D('',#7826,#4745,#4746);
#3974=AXIS2_PLACEMENT_3D('',#7828,#4747,#4748);
#3975=AXIS2_PLACEMENT_3D('',#7830,#4749,#4750);
#3976=AXIS2_PLACEMENT_3D('',#7831,#4751,#4752);
#3977=AXIS2_PLACEMENT_3D('',#7832,#4753,#4754);
#3978=AXIS2_PLACEMENT_3D('',#7837,#4755,#4756);
#3979=AXIS2_PLACEMENT_3D('',#7851,#4757,#4758);
#3980=AXIS2_PLACEMENT_3D('',#7897,#4759,#4760);
#3981=AXIS2_PLACEMENT_3D('',#7898,#4761,#4762);
#3982=AXIS2_PLACEMENT_3D('',#7913,#4763,#4764);
#3983=AXIS2_PLACEMENT_3D('',#7914,#4765,#4766);
#3984=AXIS2_PLACEMENT_3D('',#7916,#4767,#4768);
#3985=AXIS2_PLACEMENT_3D('',#7918,#4769,#4770);
#3986=AXIS2_PLACEMENT_3D('',#7919,#4771,#4772);
#3987=AXIS2_PLACEMENT_3D('',#7920,#4773,#4774);
#3988=AXIS2_PLACEMENT_3D('',#7925,#4775,#4776);
#3989=AXIS2_PLACEMENT_3D('',#7939,#4777,#4778);
#3990=AXIS2_PLACEMENT_3D('',#7985,#4779,#4780);
#3991=AXIS2_PLACEMENT_3D('',#7986,#4781,#4782);
#3992=AXIS2_PLACEMENT_3D('',#8001,#4783,#4784);
#3993=AXIS2_PLACEMENT_3D('',#8002,#4785,#4786);
#3994=AXIS2_PLACEMENT_3D('',#8004,#4787,#4788);
#3995=AXIS2_PLACEMENT_3D('',#8006,#4789,#4790);
#3996=AXIS2_PLACEMENT_3D('',#8007,#4791,#4792);
#3997=AXIS2_PLACEMENT_3D('',#8008,#4793,#4794);
#3998=AXIS2_PLACEMENT_3D('',#8013,#4795,#4796);
#3999=AXIS2_PLACEMENT_3D('',#8027,#4797,#4798);
#4000=AXIS2_PLACEMENT_3D('',#8048,#4799,#4800);
#4001=AXIS2_PLACEMENT_3D('',#8100,#4801,#4802);
#4002=AXIS2_PLACEMENT_3D('',#8105,#4803,#4804);
#4003=AXIS2_PLACEMENT_3D('',#8121,#4805,#4806);
#4004=AXIS2_PLACEMENT_3D('',#8122,#4807,#4808);
#4005=AXIS2_PLACEMENT_3D('',#8123,#4809,#4810);
#4006=AXIS2_PLACEMENT_3D('',#8125,#4811,#4812);
#4007=AXIS2_PLACEMENT_3D('',#8127,#4813,#4814);
#4008=AXIS2_PLACEMENT_3D('',#8128,#4815,#4816);
#4009=AXIS2_PLACEMENT_3D('',#8129,#4817,#4818);
#4010=AXIS2_PLACEMENT_3D('',#8134,#4819,#4820);
#4011=AXIS2_PLACEMENT_3D('',#8150,#4821,#4822);
#4012=AXIS2_PLACEMENT_3D('',#8151,#4823,#4824);
#4013=AXIS2_PLACEMENT_3D('',#8187,#4825,#4826);
#4014=AXIS2_PLACEMENT_3D('',#8200,#4827,#4828);
#4015=AXIS2_PLACEMENT_3D('',#8235,#4829,#4830);
#4016=AXIS2_PLACEMENT_3D('',#8236,#4831,#4832);
#4017=AXIS2_PLACEMENT_3D('',#8250,#4833,#4834);
#4018=AXIS2_PLACEMENT_3D('',#8314,#4835,#4836);
#4019=AXIS2_PLACEMENT_3D('',#8319,#4837,#4838);
#4020=AXIS2_PLACEMENT_3D('',#8335,#4839,#4840);
#4021=AXIS2_PLACEMENT_3D('',#8336,#4841,#4842);
#4022=AXIS2_PLACEMENT_3D('',#8337,#4843,#4844);
#4023=AXIS2_PLACEMENT_3D('',#8339,#4845,#4846);
#4024=AXIS2_PLACEMENT_3D('',#8341,#4847,#4848);
#4025=AXIS2_PLACEMENT_3D('',#8342,#4849,#4850);
#4026=AXIS2_PLACEMENT_3D('',#8343,#4851,#4852);
#4027=AXIS2_PLACEMENT_3D('',#8348,#4853,#4854);
#4028=AXIS2_PLACEMENT_3D('',#8364,#4855,#4856);
#4029=AXIS2_PLACEMENT_3D('',#8365,#4857,#4858);
#4030=AXIS2_PLACEMENT_3D('',#8401,#4859,#4860);
#4031=AXIS2_PLACEMENT_3D('',#8414,#4861,#4862);
#4032=AXIS2_PLACEMENT_3D('',#8464,#4863,#4864);
#4033=AXIS2_PLACEMENT_3D('',#8469,#4865,#4866);
#4034=AXIS2_PLACEMENT_3D('',#8485,#4867,#4868);
#4035=AXIS2_PLACEMENT_3D('',#8486,#4869,#4870);
#4036=AXIS2_PLACEMENT_3D('',#8487,#4871,#4872);
#4037=AXIS2_PLACEMENT_3D('',#8489,#4873,#4874);
#4038=AXIS2_PLACEMENT_3D('',#8491,#4875,#4876);
#4039=AXIS2_PLACEMENT_3D('',#8492,#4877,#4878);
#4040=AXIS2_PLACEMENT_3D('',#8493,#4879,#4880);
#4041=AXIS2_PLACEMENT_3D('',#8498,#4881,#4882);
#4042=AXIS2_PLACEMENT_3D('',#8514,#4883,#4884);
#4043=AXIS2_PLACEMENT_3D('',#8515,#4885,#4886);
#4044=AXIS2_PLACEMENT_3D('',#8551,#4887,#4888);
#4045=AXIS2_PLACEMENT_3D('',#8562,#4889,#4890);
#4046=AXIS2_PLACEMENT_3D('',#8575,#4891,#4892);
#4047=AXIS2_PLACEMENT_3D('',#8577,#4893,#4894);
#4048=AXIS2_PLACEMENT_3D('',#8591,#4895,#4896);
#4049=AXIS2_PLACEMENT_3D('',#8593,#4897,#4898);
#4050=AXIS2_PLACEMENT_3D('',#8595,#4899,#4900);
#4051=AXIS2_PLACEMENT_3D('',#8596,#4901,#4902);
#4052=AXIS2_PLACEMENT_3D('',#8597,#4903,#4904);
#4053=AXIS2_PLACEMENT_3D('',#8602,#4905,#4906);
#4054=AXIS2_PLACEMENT_3D('',#8618,#4907,#4908);
#4055=AXIS2_PLACEMENT_3D('',#8619,#4909,#4910);
#4056=AXIS2_PLACEMENT_3D('',#8655,#4911,#4912);
#4057=AXIS2_PLACEMENT_3D('',#8693,#4913,#4914);
#4058=AXIS2_PLACEMENT_3D('',#8694,#4915,#4916);
#4059=AXIS2_PLACEMENT_3D('',#8709,#4917,#4918);
#4060=AXIS2_PLACEMENT_3D('',#8710,#4919,#4920);
#4061=AXIS2_PLACEMENT_3D('',#8712,#4921,#4922);
#4062=AXIS2_PLACEMENT_3D('',#8714,#4923,#4924);
#4063=AXIS2_PLACEMENT_3D('',#8715,#4925,#4926);
#4064=AXIS2_PLACEMENT_3D('',#8716,#4927,#4928);
#4065=AXIS2_PLACEMENT_3D('',#8721,#4929,#4930);
#4066=AXIS2_PLACEMENT_3D('',#8735,#4931,#4932);
#4067=AXIS2_PLACEMENT_3D('',#8781,#4933,#4934);
#4068=AXIS2_PLACEMENT_3D('',#8782,#4935,#4936);
#4069=AXIS2_PLACEMENT_3D('',#8797,#4937,#4938);
#4070=AXIS2_PLACEMENT_3D('',#8798,#4939,#4940);
#4071=AXIS2_PLACEMENT_3D('',#8800,#4941,#4942);
#4072=AXIS2_PLACEMENT_3D('',#8802,#4943,#4944);
#4073=AXIS2_PLACEMENT_3D('',#8803,#4945,#4946);
#4074=AXIS2_PLACEMENT_3D('',#8804,#4947,#4948);
#4075=AXIS2_PLACEMENT_3D('',#8809,#4949,#4950);
#4076=AXIS2_PLACEMENT_3D('',#8823,#4951,#4952);
#4077=AXIS2_PLACEMENT_3D('',#8868,#4953,#4954);
#4078=AXIS2_PLACEMENT_3D('',#8870,#4955,#4956);
#4079=AXIS2_PLACEMENT_3D('',#8884,#4957,#4958);
#4080=AXIS2_PLACEMENT_3D('',#8885,#4959,#4960);
#4081=AXIS2_PLACEMENT_3D('',#8886,#4961,#4962);
#4082=AXIS2_PLACEMENT_3D('',#8887,#4963,#4964);
#4083=AXIS2_PLACEMENT_3D('',#8892,#4965,#4966);
#4084=AXIS2_PLACEMENT_3D('',#8938,#4967,#4968);
#4085=AXIS2_PLACEMENT_3D('',#8939,#4969,#4970);
#4086=AXIS2_PLACEMENT_3D('',#8954,#4971,#4972);
#4087=AXIS2_PLACEMENT_3D('',#8955,#4973,#4974);
#4088=AXIS2_PLACEMENT_3D('',#8957,#4975,#4976);
#4089=AXIS2_PLACEMENT_3D('',#8959,#4977,#4978);
#4090=AXIS2_PLACEMENT_3D('',#8960,#4979,#4980);
#4091=AXIS2_PLACEMENT_3D('',#8961,#4981,#4982);
#4092=AXIS2_PLACEMENT_3D('',#8966,#4983,#4984);
#4093=AXIS2_PLACEMENT_3D('',#8980,#4985,#4986);
#4094=AXIS2_PLACEMENT_3D('',#9026,#4987,#4988);
#4095=AXIS2_PLACEMENT_3D('',#9027,#4989,#4990);
#4096=AXIS2_PLACEMENT_3D('',#9042,#4991,#4992);
#4097=AXIS2_PLACEMENT_3D('',#9043,#4993,#4994);
#4098=AXIS2_PLACEMENT_3D('',#9045,#4995,#4996);
#4099=AXIS2_PLACEMENT_3D('',#9047,#4997,#4998);
#4100=AXIS2_PLACEMENT_3D('',#9048,#4999,#5000);
#4101=AXIS2_PLACEMENT_3D('',#9049,#5001,#5002);
#4102=AXIS2_PLACEMENT_3D('',#9054,#5003,#5004);
#4103=AXIS2_PLACEMENT_3D('',#9068,#5005,#5006);
#4104=AXIS2_PLACEMENT_3D('',#9089,#5007,#5008);
#4105=AXIS2_PLACEMENT_3D('',#9098,#5013,#5014);
#4106=AXIS2_PLACEMENT_3D('',#9104,#5018,#5019);
#4107=AXIS2_PLACEMENT_3D('',#9110,#5023,#5024);
#4108=AXIS2_PLACEMENT_3D('',#9113,#5027,#5028);
#4109=AXIS2_PLACEMENT_3D('',#9115,#5030,#5031);
#4110=AXIS2_PLACEMENT_3D('',#9127,#5038,#5039);
#4111=AXIS2_PLACEMENT_3D('',#9135,#5043,#5044);
#4112=AXIS2_PLACEMENT_3D('',#9136,#5045,#5046);
#4113=AXIS2_PLACEMENT_3D('',#9140,#5049,#5050);
#4114=AXIS2_PLACEMENT_3D('',#9142,#5052,#5053);
#4115=AXIS2_PLACEMENT_3D('',#9144,#5055,#5056);
#4116=AXIS2_PLACEMENT_3D('',#9146,#5058,#5059);
#4117=AXIS2_PLACEMENT_3D('',#9148,#5061,#5062);
#4118=AXIS2_PLACEMENT_3D('',#9150,#5064,#5065);
#4119=AXIS2_PLACEMENT_3D('',#9152,#5067,#5068);
#4120=AXIS2_PLACEMENT_3D('',#9154,#5070,#5071);
#4121=AXIS2_PLACEMENT_3D('',#9156,#5073,#5074);
#4122=AXIS2_PLACEMENT_3D('',#9157,#5075,#5076);
#4123=AXIS2_PLACEMENT_3D('',#9160,#5079,#5080);
#4124=AXIS2_PLACEMENT_3D('',#9162,#5082,#5083);
#4125=AXIS2_PLACEMENT_3D('',#9164,#5085,#5086);
#4126=AXIS2_PLACEMENT_3D('',#9165,#5087,#5088);
#4127=DIRECTION('axis',(0.,0.,1.));
#4128=DIRECTION('refdir',(1.,0.,0.));
#4129=DIRECTION('axis',(0.,0.,1.));
#4130=DIRECTION('refdir',(1.,0.,0.));
#4131=DIRECTION('center_axis',(-1.4210854715202E-14,1.,2.59701292309973E-16));
#4132=DIRECTION('ref_axis',(3.66333845369056E-30,-2.59701292309973E-16,
1.));
#4133=DIRECTION('',(0.,0.,1.));
#4134=DIRECTION('',(1.,1.4210854715202E-14,0.));
#4135=DIRECTION('center_axis',(-1.4210854715202E-14,1.,2.59701292309973E-16));
#4136=DIRECTION('ref_axis',(0.,2.59701292309973E-16,-1.));
#4137=DIRECTION('',(0.,0.,1.));
#4138=DIRECTION('',(-1.,-1.4210854715202E-14,0.));
#4139=DIRECTION('center_axis',(1.,1.4210854715202E-14,0.));
#4140=DIRECTION('ref_axis',(-1.4210854715202E-14,1.,3.70074341541809E-16));
#4141=DIRECTION('',(1.,1.4210854715202E-14,0.));
#4142=DIRECTION('center_axis',(1.4210854715202E-14,-1.,4.25910119388355E-14));
#4143=DIRECTION('ref_axis',(6.00787506405252E-28,-4.25910119388355E-14,
-1.));
#4144=DIRECTION('',(0.,0.,1.));
#4145=DIRECTION('',(1.,1.4210854715202E-14,0.));
#4146=DIRECTION('',(0.,0.,-1.));
#4147=DIRECTION('center_axis',(1.4210854715202E-14,-1.,4.25910119388355E-14));
#4148=DIRECTION('ref_axis',(0.,4.25910119388355E-14,1.));
#4149=DIRECTION('center_axis',(1.,1.4210854715202E-14,0.));
#4150=DIRECTION('ref_axis',(-1.4210854715202E-14,1.,0.));
#4151=DIRECTION('',(1.,1.4210854715202E-14,0.));
#4152=DIRECTION('center_axis',(1.,1.40998324127395E-14,0.));
#4153=DIRECTION('ref_axis',(-1.40998324127395E-14,1.,0.));
#4154=DIRECTION('',(1.,1.40998324127395E-14,0.));
#4155=DIRECTION('',(1.,1.40998324127395E-14,0.));
#4156=DIRECTION('center_axis',(-1.40998324127395E-14,1.,4.23637733080643E-14));
#4157=DIRECTION('ref_axis',(5.97582085258273E-28,-4.23637733080643E-14,
1.));
#4158=DIRECTION('',(0.,0.,-1.));
#4159=DIRECTION('center_axis',(-1.40998324127395E-14,1.,4.23637733080643E-14));
#4160=DIRECTION('ref_axis',(0.,4.23637733080643E-14,-1.));
#4161=DIRECTION('',(0.,0.,1.));
#4162=DIRECTION('',(-1.,-1.40998324127395E-14,0.));
#4163=DIRECTION('center_axis',(1.40998324127395E-14,-1.,-2.02891634617166E-18));
#4164=DIRECTION('ref_axis',(-2.86198316694575E-32,2.02891634617166E-18,
-1.));
#4165=DIRECTION('',(0.,0.,-1.));
#4166=DIRECTION('center_axis',(1.40998324127395E-14,-1.,-2.02891634617166E-18));
#4167=DIRECTION('ref_axis',(0.,-2.02891634617166E-18,1.));
#4168=DIRECTION('',(0.,0.,-1.));
#4169=DIRECTION('',(1.,1.40998324127395E-14,0.));
#4170=DIRECTION('center_axis',(0.,0.,1.));
#4171=DIRECTION('ref_axis',(1.,0.,0.));
#4172=DIRECTION('center_axis',(0.,0.,-1.));
#4173=DIRECTION('ref_axis',(1.,0.,0.));
#4174=DIRECTION('center_axis',(0.333795650544595,0.256130411132862,-0.90718117053344));
#4175=DIRECTION('ref_axis',(-0.681254162464003,-0.599607112997164,-0.419957231356571));
#4176=DIRECTION('center_axis',(-0.608761429008721,0.793353340291235,-2.23677383269776E-17));
#4177=DIRECTION('ref_axis',(1.85588908138398E-17,0.,1.));
#4178=DIRECTION('center_axis',(0.608761429008721,-0.793353340291235,2.23677383269776E-17));
#4179=DIRECTION('ref_axis',(-0.793353340291235,-0.608761429008721,9.82688489559112E-13));
#4180=DIRECTION('center_axis',(0.608761429008721,-0.793353340291235,2.23677383269776E-17));
#4181=DIRECTION('ref_axis',(-1.54657423448665E-17,0.,-1.));
#4182=DIRECTION('center_axis',(0.608761429008721,-0.793353340291235,2.23677383269776E-17));
#4183=DIRECTION('ref_axis',(-0.793353340291235,-0.608761429008721,9.82688489559112E-13));
#4184=DIRECTION('center_axis',(0.608761429008721,-0.793353340291235,2.23677383269776E-17));
#4185=DIRECTION('ref_axis',(-0.793353340291235,-0.608761429008721,9.82666936096638E-13));
#4186=DIRECTION('center_axis',(0.608761429008721,-0.793353340291235,2.23677383269776E-17));
#4187=DIRECTION('ref_axis',(-1.54657423448665E-17,0.,-1.));
#4188=DIRECTION('center_axis',(0.608761429008721,-0.793353340291235,2.23677383269776E-17));
#4189=DIRECTION('ref_axis',(-0.793353340291235,-0.608761429008721,9.82666936096638E-13));
#4190=DIRECTION('center_axis',(-0.333795650544475,-0.256130411132769,0.90718117053351));
#4191=DIRECTION('ref_axis',(-0.755497547871698,-0.502851249368342,-0.41995723135642));
#4192=DIRECTION('center_axis',(-2.00702001289321E-17,0.,1.));
#4193=DIRECTION('ref_axis',(-0.866454114741024,-0.499256714575125,2.47017847740702E-17));
#4194=DIRECTION('center_axis',(-5.70405845297149E-14,-2.8121772695017E-14,
-1.));
#4195=DIRECTION('ref_axis',(-0.866025403784438,-0.500000000000001,6.3452035138814E-14));
#4196=DIRECTION('center_axis',(-0.38268343236509,0.923879532511287,-3.10974482016373E-17));
#4197=DIRECTION('ref_axis',(-0.923879532511287,-0.38268343236509,9.82673369258073E-13));
#4198=DIRECTION('center_axis',(6.42146364074082E-14,3.13846759712739E-14,
-1.));
#4199=DIRECTION('ref_axis',(-0.866025403784439,-0.499999999999999,-7.13124785694307E-14));
#4200=DIRECTION('center_axis',(-0.333795650544475,0.256130411132769,0.90718117053351));
#4201=DIRECTION('ref_axis',(-0.681254162464055,0.599607112997211,-0.41995723135642));
#4202=DIRECTION('center_axis',(0.,0.,1.));
#4203=DIRECTION('ref_axis',(1.,0.,0.));
#4204=DIRECTION('center_axis',(0.,0.,-1.));
#4205=DIRECTION('ref_axis',(1.,0.,0.));
#4206=DIRECTION('center_axis',(0.,0.,-1.));
#4207=DIRECTION('ref_axis',(1.,0.,0.));
#4208=DIRECTION('center_axis',(0.,0.,-1.));
#4209=DIRECTION('ref_axis',(1.,0.,0.));
#4210=DIRECTION('center_axis',(0.,0.,-1.));
#4211=DIRECTION('ref_axis',(1.,0.,0.));
#4212=DIRECTION('center_axis',(0.,0.,-1.));
#4213=DIRECTION('ref_axis',(1.,0.,0.));
#4214=DIRECTION('center_axis',(0.,0.,-1.));
#4215=DIRECTION('ref_axis',(1.,0.,0.));
#4216=DIRECTION('center_axis',(0.,0.,-1.));
#4217=DIRECTION('ref_axis',(1.,0.,0.));
#4218=DIRECTION('center_axis',(0.,0.,-1.));
#4219=DIRECTION('ref_axis',(1.,0.,0.));
#4220=DIRECTION('center_axis',(0.,0.,-1.));
#4221=DIRECTION('ref_axis',(1.,0.,0.));
#4222=DIRECTION('center_axis',(0.,0.,-1.));
#4223=DIRECTION('ref_axis',(1.,0.,0.));
#4224=DIRECTION('center_axis',(0.,0.,-1.));
#4225=DIRECTION('ref_axis',(1.,0.,0.));
#4226=DIRECTION('',(1.3430247475861E-14,-1.,0.));
#4227=DIRECTION('',(-1.,4.11615186379776E-13,0.));
#4228=DIRECTION('center_axis',(0.,0.,1.));
#4229=DIRECTION('ref_axis',(1.,0.,0.));
#4230=DIRECTION('',(1.,0.,0.));
#4231=DIRECTION('',(1.39464140103365E-14,-1.,0.));
#4232=DIRECTION('center_axis',(0.,0.,-1.));
#4233=DIRECTION('ref_axis',(1.,0.,0.));
#4234=DIRECTION('center_axis',(0.,0.,1.));
#4235=DIRECTION('ref_axis',(1.,0.,0.));
#4236=DIRECTION('center_axis',(0.,0.,-1.));
#4237=DIRECTION('ref_axis',(1.,0.,0.));
#4238=DIRECTION('center_axis',(0.,0.,-1.));
#4239=DIRECTION('ref_axis',(1.,0.,0.));
#4240=DIRECTION('center_axis',(0.,0.,-1.));
#4241=DIRECTION('ref_axis',(1.,0.,0.));
#4242=DIRECTION('center_axis',(0.,0.,-1.));
#4243=DIRECTION('ref_axis',(1.,0.,0.));
#4244=DIRECTION('center_axis',(0.,0.,-1.));
#4245=DIRECTION('ref_axis',(1.,0.,0.));
#4246=DIRECTION('center_axis',(0.,0.,-1.));
#4247=DIRECTION('ref_axis',(1.,0.,0.));
#4248=DIRECTION('center_axis',(0.,0.,-1.));
#4249=DIRECTION('ref_axis',(1.,0.,0.));
#4250=DIRECTION('center_axis',(0.,0.,-1.));
#4251=DIRECTION('ref_axis',(1.,0.,0.));
#4252=DIRECTION('center_axis',(0.,0.,-1.));
#4253=DIRECTION('ref_axis',(1.,0.,0.));
#4254=DIRECTION('center_axis',(0.,0.,-1.));
#4255=DIRECTION('ref_axis',(1.,0.,0.));
#4256=DIRECTION('center_axis',(0.,0.,-1.));
#4257=DIRECTION('ref_axis',(1.,0.,0.));
#4258=DIRECTION('center_axis',(0.,0.,-1.));
#4259=DIRECTION('ref_axis',(1.,0.,0.));
#4260=DIRECTION('center_axis',(0.,0.,-1.));
#4261=DIRECTION('ref_axis',(1.,0.,0.));
#4262=DIRECTION('center_axis',(0.,0.,-1.));
#4263=DIRECTION('ref_axis',(1.,0.,0.));
#4264=DIRECTION('center_axis',(0.,0.,-1.));
#4265=DIRECTION('ref_axis',(1.,0.,0.));
#4266=DIRECTION('center_axis',(0.,0.,-1.));
#4267=DIRECTION('ref_axis',(1.,0.,0.));
#4268=DIRECTION('center_axis',(0.,0.,-1.));
#4269=DIRECTION('ref_axis',(1.,0.,0.));
#4270=DIRECTION('center_axis',(0.,0.,-1.));
#4271=DIRECTION('ref_axis',(1.,0.,0.));
#4272=DIRECTION('center_axis',(0.,0.,-1.));
#4273=DIRECTION('ref_axis',(1.,0.,0.));
#4274=DIRECTION('center_axis',(0.,0.,-1.));
#4275=DIRECTION('ref_axis',(1.,0.,0.));
#4276=DIRECTION('center_axis',(0.,0.,-1.));
#4277=DIRECTION('ref_axis',(1.,0.,0.));
#4278=DIRECTION('center_axis',(0.,0.,-1.));
#4279=DIRECTION('ref_axis',(1.,0.,0.));
#4280=DIRECTION('center_axis',(0.,0.,-1.));
#4281=DIRECTION('ref_axis',(1.,0.,0.));
#4282=DIRECTION('center_axis',(0.,0.,-1.));
#4283=DIRECTION('ref_axis',(1.,0.,0.));
#4284=DIRECTION('center_axis',(0.,0.,-1.));
#4285=DIRECTION('ref_axis',(1.,0.,0.));
#4286=DIRECTION('center_axis',(0.,0.,-1.));
#4287=DIRECTION('ref_axis',(1.,0.,0.));
#4288=DIRECTION('center_axis',(0.,0.,-1.));
#4289=DIRECTION('ref_axis',(1.,0.,0.));
#4290=DIRECTION('center_axis',(0.,0.,-1.));
#4291=DIRECTION('ref_axis',(1.,0.,0.));
#4292=DIRECTION('center_axis',(0.,0.,-1.));
#4293=DIRECTION('ref_axis',(1.,0.,0.));
#4294=DIRECTION('center_axis',(0.,0.,-1.));
#4295=DIRECTION('ref_axis',(1.,0.,0.));
#4296=DIRECTION('center_axis',(0.,0.,-1.));
#4297=DIRECTION('ref_axis',(1.,0.,0.));
#4298=DIRECTION('center_axis',(0.,0.,-1.));
#4299=DIRECTION('ref_axis',(1.,0.,0.));
#4300=DIRECTION('center_axis',(0.,0.,-1.));
#4301=DIRECTION('ref_axis',(1.,0.,0.));
#4302=DIRECTION('center_axis',(0.,0.,-1.));
#4303=DIRECTION('ref_axis',(1.,0.,0.));
#4304=DIRECTION('center_axis',(0.,0.,-1.));
#4305=DIRECTION('ref_axis',(1.,0.,0.));
#4306=DIRECTION('center_axis',(0.608761429008721,0.793353340291235,-2.23677383269776E-17));
#4307=DIRECTION('ref_axis',(-1.54657423448665E-17,0.,1.));
#4308=DIRECTION('center_axis',(0.608761429008721,0.793353340291235,-2.23677383269776E-17));
#4309=DIRECTION('ref_axis',(-0.793353340291235,0.608761429008721,9.82607060528389E-13));
#4310=DIRECTION('center_axis',(-0.608761429008721,-0.793353340291235,2.23677383269776E-17));
#4311=DIRECTION('ref_axis',(-0.793353340291235,0.608761429008721,9.82607060528389E-13));
#4312=DIRECTION('center_axis',(0.,0.,1.));
#4313=DIRECTION('ref_axis',(1.,0.,0.));
#4314=DIRECTION('center_axis',(-0.608761429008721,-0.793353340291235,2.23677383269776E-17));
#4315=DIRECTION('ref_axis',(1.85588908138398E-17,0.,-1.));
#4316=DIRECTION('center_axis',(-0.608761429008721,-0.793353340291235,2.23677383269776E-17));
#4317=DIRECTION('ref_axis',(-0.793353340291235,0.608761429008721,9.82585507065916E-13));
#4318=DIRECTION('center_axis',(0.256130411132862,-0.333795650544595,-0.90718117053344));
#4319=DIRECTION('ref_axis',(-0.599607112997164,0.681254162464003,-0.419957231356571));
#4320=DIRECTION('center_axis',(2.18901132818587E-17,-4.49907918160423E-17,
-1.));
#4321=DIRECTION('ref_axis',(-0.707106781186548,0.707106781186547,-2.67519218489788E-17));
#4322=DIRECTION('center_axis',(4.6999841940458E-14,-5.39531947190456E-14,
-1.));
#4323=DIRECTION('ref_axis',(-0.707106781186546,0.707106781186548,-7.13932109635062E-14));
#4324=DIRECTION('center_axis',(0.,0.,-1.));
#4325=DIRECTION('ref_axis',(-1.,0.,0.));
#4326=DIRECTION('center_axis',(0.,0.,1.));
#4327=DIRECTION('ref_axis',(-1.,0.,0.));
#4328=DIRECTION('',(0.,0.,1.));
#4329=DIRECTION('center_axis',(0.,0.,-1.));
#4330=DIRECTION('ref_axis',(-1.,0.,0.));
#4331=DIRECTION('center_axis',(0.,0.,-1.));
#4332=DIRECTION('ref_axis',(-1.,0.,0.));
#4333=DIRECTION('center_axis',(0.,0.,-1.));
#4334=DIRECTION('ref_axis',(-1.,0.,0.));
#4335=DIRECTION('',(0.,0.,1.));
#4336=DIRECTION('center_axis',(0.,0.,1.));
#4337=DIRECTION('ref_axis',(-1.,0.,0.));
#4338=DIRECTION('center_axis',(0.,0.,1.));
#4339=DIRECTION('ref_axis',(-1.,0.,0.));
#4340=DIRECTION('center_axis',(0.,0.,1.));
#4341=DIRECTION('ref_axis',(1.,0.,0.));
#4342=DIRECTION('',(2.27431131729143E-15,-1.,0.));
#4343=DIRECTION('',(-1.,-6.70323335622748E-15,0.));
#4344=DIRECTION('',(-1.,0.,0.));
#4345=DIRECTION('',(-1.1739882345249E-14,1.,0.));
#4346=DIRECTION('',(-1.,-1.40628249785854E-14,0.));
#4347=DIRECTION('',(0.,-1.,0.));
#4348=DIRECTION('center_axis',(0.,0.,-1.));
#4349=DIRECTION('ref_axis',(-0.751130638834796,-0.660153590767808,0.));
#4350=DIRECTION('',(-1.220311225907E-14,1.,0.));
#4351=DIRECTION('center_axis',(0.,0.,-1.));
#4352=DIRECTION('ref_axis',(-0.751130638834796,-0.660153590767808,0.));
#4353=DIRECTION('',(-5.67142107938742E-14,-1.,0.));
#4354=DIRECTION('',(1.,5.37204689334753E-15,0.));
#4355=DIRECTION('center_axis',(1.,2.1538326677728E-15,0.));
#4356=DIRECTION('ref_axis',(-1.85628000633988E-15,0.861538461538462,-0.507692307692308));
#4357=DIRECTION('center_axis',(1.,2.17603712826531E-15,0.));
#4358=DIRECTION('ref_axis',(-1.48124260631975E-15,0.670859968672817,-0.741584049472686));
#4359=DIRECTION('center_axis',(1.,2.27431131729143E-15,0.));
#4360=DIRECTION('ref_axis',(2.15461072164451E-15,-1.,0.));
#4361=DIRECTION('center_axis',(1.,2.1316282072803E-15,0.));
#4362=DIRECTION('ref_axis',(1.45300654672238E-15,-0.670859968672824,-0.74158404947268));
#4363=DIRECTION('center_axis',(1.,2.27431131729143E-15,0.));
#4364=DIRECTION('ref_axis',(2.15461072164451E-15,-1.,0.));
#4365=DIRECTION('center_axis',(-1.,-2.1538326677728E-15,0.));
#4366=DIRECTION('ref_axis',(-4.59267358165701E-16,0.213155607902649,-0.977018263298927));
#4367=DIRECTION('center_axis',(-0.173648177666929,-0.668725808117548,0.722946819586674));
#4368=DIRECTION('ref_axis',(1.58169852328624E-15,-0.734099439586471,-0.679041981617359));
#4369=DIRECTION('center_axis',(-0.173648177666929,-0.668725808117548,0.722946819586674));
#4370=DIRECTION('ref_axis',(0.,0.734099439586471,0.679041981617359));
#4371=DIRECTION('',(1.6695706634688E-15,-0.734099439586471,-0.679041981617359));
#4372=DIRECTION('center_axis',(-0.173648177666932,0.668725808117556,0.722946819586667));
#4373=DIRECTION('ref_axis',(1.58169852328622E-15,-0.734099439586464,0.679041981617367));
#4374=DIRECTION('center_axis',(-0.173648177666932,0.668725808117556,0.722946819586667));
#4375=DIRECTION('ref_axis',(0.,0.734099439586464,-0.679041981617367));
#4376=DIRECTION('',(1.66957066346879E-15,-0.734099439586464,0.679041981617367));
#4377=DIRECTION('center_axis',(0.,0.,1.));
#4378=DIRECTION('ref_axis',(1.,0.,0.));
#4379=DIRECTION('center_axis',(0.,0.,1.));
#4380=DIRECTION('ref_axis',(1.,0.,0.));
#4381=DIRECTION('center_axis',(0.,0.,1.));
#4382=DIRECTION('ref_axis',(1.,0.,0.));
#4383=DIRECTION('',(0.,0.,1.));
#4384=DIRECTION('',(0.,0.,1.));
#4385=DIRECTION('center_axis',(0.,0.,1.));
#4386=DIRECTION('ref_axis',(1.,0.,0.));
#4387=DIRECTION('center_axis',(0.,0.,1.));
#4388=DIRECTION('ref_axis',(1.,0.,0.));
#4389=DIRECTION('',(0.,0.,1.));
#4390=DIRECTION('',(0.,0.,-1.));
#4391=DIRECTION('center_axis',(-0.608761429008721,0.793353340291235,-8.3752640595264E-17));
#4392=DIRECTION('ref_axis',(1.23725938758932E-17,-9.89807510071458E-17,
-1.));
#4393=DIRECTION('center_axis',(-0.608761429008721,0.793353340291235,-8.3752640595264E-17));
#4394=DIRECTION('ref_axis',(0.793353340291235,0.608761429008721,9.82585507065916E-13));
#4395=DIRECTION('center_axis',(0.333795650544475,0.256130411132769,0.90718117053351));
#4396=DIRECTION('ref_axis',(0.755497547871698,0.502851249368342,-0.41995723135642));
#4397=DIRECTION('center_axis',(-0.608761429008721,0.793353340291235,-8.3752640595264E-17));
#4398=DIRECTION('ref_axis',(0.793353340291235,0.608761429008721,9.8260706052839E-13));
#4399=DIRECTION('center_axis',(-0.608761429008721,0.793353340291235,-8.3752640595264E-17));
#4400=DIRECTION('ref_axis',(0.793353340291235,0.608761429008721,9.82585507065916E-13));
#4401=DIRECTION('center_axis',(2.00702001289321E-17,1.97614278192562E-16,
1.));
#4402=DIRECTION('ref_axis',(0.865788180520502,0.500410657831145,-2.47017847740702E-17));
#4403=DIRECTION('center_axis',(0.38268343236509,-0.923879532511287,9.24823504699237E-17));
#4404=DIRECTION('ref_axis',(0.923879532511287,0.38268343236509,9.82622180829428E-13));
#4405=DIRECTION('center_axis',(-6.42146364074082E-14,-3.15184377814697E-14,
-1.));
#4406=DIRECTION('ref_axis',(0.866025403784439,0.499999999999999,-7.13793594745286E-14));
#4407=DIRECTION('center_axis',(2.00702001289321E-17,1.97614278192562E-16,
1.));
#4408=DIRECTION('ref_axis',(0.866036064104629,0.499981535329219,-2.47017847740702E-17));
#4409=DIRECTION('center_axis',(5.70405845297149E-14,2.79880108848212E-14,
-1.));
#4410=DIRECTION('ref_axis',(0.866025403784438,0.500000000000001,6.33851542337161E-14));
#4411=DIRECTION('center_axis',(0.38268343236509,-0.923879532511287,9.24823504699237E-17));
#4412=DIRECTION('ref_axis',(0.923879532511287,0.38268343236509,9.82622180829428E-13));
#4413=DIRECTION('center_axis',(0.38268343236509,-0.923879532511287,9.24823504699237E-17));
#4414=DIRECTION('ref_axis',(-1.54657423448665E-17,9.89807510071458E-17,
1.));
#4415=DIRECTION('center_axis',(-0.38268343236509,0.923879532511287,-9.24823504699237E-17));
#4416=DIRECTION('ref_axis',(0.923879532511287,0.38268343236509,9.82622180829428E-13));
#4417=DIRECTION('center_axis',(-0.388713267995108,-0.161010307477942,-0.90718117053344));
#4418=DIRECTION('ref_axis',(0.813230730213514,0.402854444269538,-0.419957231356571));
#4419=DIRECTION('center_axis',(0.38268343236509,-0.923879532511287,9.24823504699237E-17));
#4420=DIRECTION('ref_axis',(-1.54657423448665E-17,9.89807510071458E-17,
1.));
#4421=DIRECTION('center_axis',(-0.38268343236509,0.923879532511287,-9.24823504699237E-17));
#4422=DIRECTION('ref_axis',(0.923879532511287,0.38268343236509,9.82622180829428E-13));
#4423=DIRECTION('center_axis',(8.64562467092458E-17,9.88071390962809E-17,
1.));
#4424=DIRECTION('ref_axis',(0.865788180520502,-0.500410657831144,2.47017847740702E-17));
#4425=DIRECTION('center_axis',(-0.60876142900872,-0.793353340291235,8.37526405952641E-17));
#4426=DIRECTION('ref_axis',(0.793353340291235,-0.60876142900872,9.82688489559112E-13));
#4427=DIRECTION('center_axis',(-5.93451654472133E-14,3.98188470803128E-14,
-1.));
#4428=DIRECTION('ref_axis',(0.866025403784438,-0.500000000000001,-7.13124785694307E-14));
#4429=DIRECTION('center_axis',(0.38268343236509,0.923879532511287,-9.24823504699237E-17));
#4430=DIRECTION('ref_axis',(0.923879532511287,-0.38268343236509,9.826518157956E-13));
#4431=DIRECTION('center_axis',(-0.38268343236509,0.923879532511287,-9.24823504699237E-17));
#4432=DIRECTION('ref_axis',(6.18629693794661E-18,-9.89807510071458E-17,
-1.));
#4433=DIRECTION('center_axis',(-0.38268343236509,0.923879532511287,-9.24823504699237E-17));
#4434=DIRECTION('ref_axis',(0.923879532511287,0.38268343236509,9.82600627366955E-13));
#4435=DIRECTION('center_axis',(0.388713267994968,0.161010307477883,0.90718117053351));
#4436=DIRECTION('ref_axis',(0.859902073377458,0.290179854629157,-0.41995723135642));
#4437=DIRECTION('center_axis',(-0.38268343236509,0.923879532511287,-9.24823504699237E-17));
#4438=DIRECTION('ref_axis',(6.18629693794661E-18,-9.89807510071458E-17,
-1.));
#4439=DIRECTION('center_axis',(-0.38268343236509,0.923879532511287,-9.24823504699237E-17));
#4440=DIRECTION('ref_axis',(0.923879532511287,0.38268343236509,9.82600627366955E-13));
#4441=DIRECTION('center_axis',(0.38268343236509,0.923879532511287,-9.24823504699237E-17));
#4442=DIRECTION('ref_axis',(-1.54657423448665E-17,-9.89807510071458E-17,
-1.));
#4443=DIRECTION('center_axis',(0.388713267994968,-0.161010307477883,0.90718117053351));
#4444=DIRECTION('ref_axis',(0.813230730213577,-0.402854444269569,-0.41995723135642));
#4445=DIRECTION('center_axis',(0.382683432365089,0.923879532511287,-9.24823504699237E-17));
#4446=DIRECTION('ref_axis',(0.923879532511287,-0.382683432365089,9.82673369258073E-13));
#4447=DIRECTION('center_axis',(-0.382683432365089,-0.923879532511287,9.24823504699237E-17));
#4448=DIRECTION('ref_axis',(6.18629693794661E-18,9.89807510071458E-17,1.));
#4449=DIRECTION('center_axis',(-0.388713267995108,0.161010307477941,-0.90718117053344));
#4450=DIRECTION('ref_axis',(0.859902073377392,-0.290179854629135,-0.419957231356571));
#4451=DIRECTION('center_axis',(-0.382683432365089,-0.923879532511287,9.24823504699237E-17));
#4452=DIRECTION('ref_axis',(0.923879532511287,-0.382683432365089,9.82673369258073E-13));
#4453=DIRECTION('center_axis',(4.16842618062435E-17,9.88071390962809E-17,
1.));
#4454=DIRECTION('ref_axis',(0.965782911791014,0.259351821455855,-2.47017847740702E-17));
#4455=DIRECTION('center_axis',(0.130526192220052,-0.99144486137381,9.70011808174866E-17));
#4456=DIRECTION('ref_axis',(0.99144486137381,0.130526192220052,9.82639045333876E-13));
#4457=DIRECTION('center_axis',(-7.0166837649408E-14,-1.3826781092414E-14,
-1.));
#4458=DIRECTION('ref_axis',(0.965925826289069,0.25881904510252,-7.13632290739727E-14));
#4459=DIRECTION('center_axis',(4.16842618062435E-17,9.88071390962809E-17,
1.));
#4460=DIRECTION('ref_axis',(0.965927971858106,0.258811037597099,-2.47017847740702E-17));
#4461=DIRECTION('center_axis',(6.23581140473977E-14,1.22688740084597E-14,
-1.));
#4462=DIRECTION('ref_axis',(0.965925826289068,0.258819045102522,6.3401284634272E-14));
#4463=DIRECTION('center_axis',(0.130526192220052,-0.99144486137381,9.70011808174866E-17));
#4464=DIRECTION('ref_axis',(0.99144486137381,0.130526192220052,9.82639045333876E-13));
#4465=DIRECTION('center_axis',(0.130526192220052,-0.99144486137381,9.70011808174866E-17));
#4466=DIRECTION('ref_axis',(0.99144486137381,0.130526192220052,9.82639045333876E-13));
#4467=DIRECTION('center_axis',(0.130526192220052,-0.99144486137381,9.70011808174866E-17));
#4468=DIRECTION('ref_axis',(-8.02285384139951E-18,9.89807510071458E-17,
1.));
#4469=DIRECTION('center_axis',(0.130526192220052,-0.99144486137381,9.70011808174866E-17));
#4470=DIRECTION('ref_axis',(0.99144486137381,0.130526192220052,9.82617491871402E-13));
#4471=DIRECTION('center_axis',(0.130526192220052,-0.99144486137381,9.70011808174866E-17));
#4472=DIRECTION('ref_axis',(-8.02285384139951E-18,9.89807510071458E-17,
1.));
#4473=DIRECTION('center_axis',(0.130526192220052,-0.99144486137381,9.70011808174866E-17));
#4474=DIRECTION('ref_axis',(0.99144486137381,0.130526192220052,9.82617491871402E-13));
#4475=DIRECTION('center_axis',(-0.417140718610803,-0.0549176174505137,-0.90718117053344));
#4476=DIRECTION('ref_axis',(0.889786967626299,0.178647910913389,-0.419957231356571));
#4477=DIRECTION('center_axis',(0.130526192220052,-0.99144486137381,9.70011808174866E-17));
#4478=DIRECTION('ref_axis',(-8.02285384139951E-18,9.89807510071458E-17,
1.));
#4479=DIRECTION('center_axis',(0.130526192220052,-0.99144486137381,9.70011808174866E-17));
#4480=DIRECTION('ref_axis',(0.99144486137381,0.130526192220052,9.82617491871402E-13));
#4481=DIRECTION('center_axis',(-0.130526192220052,0.99144486137381,-9.70011808174866E-17));
#4482=DIRECTION('ref_axis',(0.,-9.89807510071458E-17,-1.));
#4483=DIRECTION('center_axis',(-0.130526192220052,0.99144486137381,-9.70011808174866E-17));
#4484=DIRECTION('ref_axis',(0.99144486137381,0.130526192220052,9.82617491871402E-13));
#4485=DIRECTION('center_axis',(-0.130526192220052,0.99144486137381,-9.70011808174866E-17));
#4486=DIRECTION('ref_axis',(0.,-9.89807510071458E-17,-1.));
#4487=DIRECTION('center_axis',(-0.130526192220052,0.99144486137381,-9.70011808174866E-17));
#4488=DIRECTION('ref_axis',(0.99144486137381,0.130526192220052,9.82617491871402E-13));
#4489=DIRECTION('center_axis',(0.417140718610653,0.0549176174504935,0.90718117053351));
#4490=DIRECTION('ref_axis',(0.905705693637911,0.0577331823418789,-0.41995723135642));
#4491=DIRECTION('center_axis',(-0.130526192220052,0.99144486137381,-9.70011808174866E-17));
#4492=DIRECTION('ref_axis',(0.,-9.89807510071458E-17,-1.));
#4493=DIRECTION('center_axis',(-0.130526192220052,0.99144486137381,-9.70011808174866E-17));
#4494=DIRECTION('ref_axis',(0.99144486137381,0.130526192220052,9.82617491871402E-13));
#4495=DIRECTION('center_axis',(6.17544619351756E-17,9.88071390962809E-17,
1.));
#4496=DIRECTION('ref_axis',(1.,1.97614278192562E-16,0.));
#4497=DIRECTION('center_axis',(-0.130526192220052,-0.99144486137381,9.70011808174866E-17));
#4498=DIRECTION('ref_axis',(0.99144486137381,-0.130526192220051,9.82656504753625E-13));
#4499=DIRECTION('center_axis',(-7.13372848617825E-14,4.80259005509707E-15,
-1.));
#4500=DIRECTION('ref_axis',(1.,-1.17040366669244E-15,-7.13459190219796E-14));
#4501=DIRECTION('center_axis',(-0.130526192220052,-0.99144486137381,9.70011808174866E-17));
#4502=DIRECTION('ref_axis',(0.,9.89807510071458E-17,1.));
#4503=DIRECTION('center_axis',(-0.130526192220052,-0.99144486137381,9.70011808174866E-17));
#4504=DIRECTION('ref_axis',(0.99144486137381,-0.130526192220051,9.82656504753625E-13));
#4505=DIRECTION('center_axis',(-0.130526192220051,-0.99144486137381,9.70011808174866E-17));
#4506=DIRECTION('ref_axis',(0.99144486137381,-0.130526192220051,9.82634951291152E-13));
#4507=DIRECTION('center_axis',(-0.130526192220052,-0.99144486137381,9.70011808174866E-17));
#4508=DIRECTION('ref_axis',(0.,9.89807510071458E-17,1.));
#4509=DIRECTION('center_axis',(-0.130526192220051,-0.99144486137381,9.70011808174866E-17));
#4510=DIRECTION('ref_axis',(0.99144486137381,-0.130526192220051,9.82634951291152E-13));
#4511=DIRECTION('center_axis',(-0.417140718610803,0.054917617450513,-0.90718117053344));
#4512=DIRECTION('ref_axis',(0.905705693637841,-0.0577331823418752,-0.419957231356571));
#4513=DIRECTION('center_axis',(0.130526192220051,0.99144486137381,-9.70011808174866E-17));
#4514=DIRECTION('ref_axis',(-8.02285384139951E-18,-9.89807510071458E-17,
-1.));
#4515=DIRECTION('center_axis',(0.130526192220051,0.99144486137381,-9.70011808174866E-17));
#4516=DIRECTION('ref_axis',(0.99144486137381,-0.130526192220051,9.82634951291152E-13));
#4517=DIRECTION('center_axis',(0.130526192220051,0.99144486137381,-9.70011808174866E-17));
#4518=DIRECTION('ref_axis',(-8.02285384139951E-18,-9.89807510071458E-17,
-1.));
#4519=DIRECTION('center_axis',(0.130526192220051,0.99144486137381,-9.70011808174866E-17));
#4520=DIRECTION('ref_axis',(0.99144486137381,-0.130526192220051,9.82634951291152E-13));
#4521=DIRECTION('center_axis',(0.417140718610653,-0.0549176174504934,0.90718117053351));
#4522=DIRECTION('ref_axis',(0.889786967626368,-0.178647910913403,-0.41995723135642));
#4523=DIRECTION('center_axis',(7.71930774189695E-17,9.88071390962809E-17,
1.));
#4524=DIRECTION('ref_axis',(0.965782911791015,-0.259351821455855,2.47017847740702E-17));
#4525=DIRECTION('center_axis',(-6.76462140012638E-14,2.31001148038521E-14,
-1.));
#4526=DIRECTION('ref_axis',(0.965925826289068,-0.258819045102522,-7.13286089699866E-14));
#4527=DIRECTION('center_axis',(-0.333795650544595,0.256130411132861,-0.90718117053344));
#4528=DIRECTION('ref_axis',(0.755497547871639,-0.502851249368304,-0.419957231356571));
#4529=DIRECTION('center_axis',(-0.60876142900872,-0.793353340291235,8.37526405952641E-17));
#4530=DIRECTION('ref_axis',(1.23725938758932E-17,9.89807510071458E-17,1.));
#4531=DIRECTION('center_axis',(-0.60876142900872,-0.793353340291235,8.37526405952641E-17));
#4532=DIRECTION('ref_axis',(0.793353340291235,-0.60876142900872,9.82688489559112E-13));
#4533=DIRECTION('center_axis',(-0.60876142900872,-0.793353340291235,8.37526405952641E-17));
#4534=DIRECTION('ref_axis',(0.793353340291235,-0.60876142900872,9.82666936096638E-13));
#4535=DIRECTION('center_axis',(8.64562467092458E-17,9.88071390962809E-17,
1.));
#4536=DIRECTION('ref_axis',(0.866036064104629,-0.499981535329219,2.47017847740702E-17));
#4537=DIRECTION('center_axis',(0.38268343236509,0.923879532511287,-9.24823504699237E-17));
#4538=DIRECTION('ref_axis',(0.923879532511287,-0.38268343236509,9.826518157956E-13));
#4539=DIRECTION('center_axis',(5.28165412553508E-14,-3.54380302595851E-14,
-1.));
#4540=DIRECTION('ref_axis',(0.866025403784439,-0.499999999999999,6.3452035138814E-14));
#4541=DIRECTION('center_axis',(-1.5478647542544E-17,-9.36907090740384E-17,
-1.));
#4542=DIRECTION('ref_axis',(0.866025403784439,-0.5,2.67519218489788E-17));
#4543=DIRECTION('center_axis',(0.38268343236509,0.923879532511287,-9.24823504699237E-17));
#4544=DIRECTION('ref_axis',(-1.54657423448665E-17,-9.89807510071458E-17,
-1.));
#4545=DIRECTION('center_axis',(0.382683432365089,0.923879532511287,-9.24823504699237E-17));
#4546=DIRECTION('ref_axis',(0.923879532511287,-0.382683432365089,9.82673369258073E-13));
#4547=DIRECTION('center_axis',(0.,0.,1.));
#4548=DIRECTION('ref_axis',(1.,0.,0.));
#4549=DIRECTION('center_axis',(0.,0.,1.));
#4550=DIRECTION('ref_axis',(1.,0.,0.));
#4551=DIRECTION('center_axis',(-0.256130411132862,0.333795650544595,-0.90718117053344));
#4552=DIRECTION('ref_axis',(0.599607112997164,-0.681254162464002,-0.419957231356571));
#4553=DIRECTION('center_axis',(-0.793353340291235,-0.608761429008721,7.14069664949381E-17));
#4554=DIRECTION('ref_axis',(1.85588908138398E-17,9.89807510071458E-17,1.));
#4555=DIRECTION('center_axis',(-0.793353340291235,-0.608761429008721,7.1406966494938E-17));
#4556=DIRECTION('ref_axis',(0.608761429008721,-0.793353340291235,9.82679281770738E-13));
#4557=DIRECTION('center_axis',(-0.793353340291235,-0.608761429008721,7.14069664949381E-17));
#4558=DIRECTION('ref_axis',(0.608761429008721,-0.793353340291235,9.82700835233211E-13));
#4559=DIRECTION('center_axis',(9.1087831354384E-17,9.88071390962809E-17,
1.));
#4560=DIRECTION('ref_axis',(0.707106781186555,-0.70710678118654,4.94035695481405E-17));
#4561=DIRECTION('center_axis',(-4.69998419404581E-14,5.38194329088498E-14,
-1.));
#4562=DIRECTION('ref_axis',(0.707106781186547,-0.707106781186548,-7.1298627080453E-14));
#4563=DIRECTION('center_axis',(0.60876142900872,0.793353340291235,-8.37526405952641E-17));
#4564=DIRECTION('ref_axis',(0.793353340291235,-0.60876142900872,9.82666936096638E-13));
#4565=DIRECTION('center_axis',(4.18621341536984E-14,-4.79027143454528E-14,
-1.));
#4566=DIRECTION('ref_axis',(0.707106781186549,-0.707106781186546,6.34658866277917E-14));
#4567=DIRECTION('center_axis',(-2.18901132818587E-17,-8.87710183797597E-17,
-1.));
#4568=DIRECTION('ref_axis',(0.707106781186548,-0.707106781186547,2.67519218489788E-17));
#4569=DIRECTION('center_axis',(0.60876142900872,0.793353340291235,-8.37526405952641E-17));
#4570=DIRECTION('ref_axis',(-2.16520392828131E-17,-9.89807510071458E-17,
-1.));
#4571=DIRECTION('center_axis',(0.333795650544475,-0.256130411132769,0.90718117053351));
#4572=DIRECTION('ref_axis',(0.681254162464055,-0.59960711299721,-0.419957231356419));
#4573=DIRECTION('center_axis',(0.,0.,1.));
#4574=DIRECTION('ref_axis',(1.,0.,0.));
#4575=DIRECTION('center_axis',(8.01233755287946E-18,-9.67833559326391E-17,
-1.));
#4576=DIRECTION('ref_axis',(0.965925826289068,0.258819045102521,-2.67519218489788E-17));
#4577=DIRECTION('center_axis',(0.,0.,1.));
#4578=DIRECTION('ref_axis',(1.,0.,0.));
#4579=DIRECTION('center_axis',(0.,0.,1.));
#4580=DIRECTION('ref_axis',(1.,0.,0.));
#4581=DIRECTION('center_axis',(-0.130526192220052,-0.99144486137381,9.70011808174866E-17));
#4582=DIRECTION('ref_axis',(0.,9.89807510071458E-17,1.));
#4583=DIRECTION('center_axis',(-0.130526192220052,-0.99144486137381,9.70011808174866E-17));
#4584=DIRECTION('ref_axis',(0.99144486137381,-0.130526192220051,9.82656504753625E-13));
#4585=DIRECTION('center_axis',(-0.130526192220051,-0.99144486137381,9.70011808174866E-17));
#4586=DIRECTION('ref_axis',(0.99144486137381,-0.130526192220051,9.82634951291152E-13));
#4587=DIRECTION('center_axis',(6.17544619351756E-17,9.88071390962809E-17,
1.));
#4588=DIRECTION('ref_axis',(1.,0.,0.));
#4589=DIRECTION('center_axis',(6.34260411444063E-14,-4.29092417946196E-15,
-1.));
#4590=DIRECTION('ref_axis',(1.,1.279241621617E-15,6.3418594686265E-14));
#4591=DIRECTION('center_axis',(1.48027663168146E-32,-9.7838200182989E-17,
-1.));
#4592=DIRECTION('ref_axis',(1.,1.07007687395915E-16,0.));
#4593=DIRECTION('center_axis',(0.,0.,1.));
#4594=DIRECTION('ref_axis',(1.,0.,0.));
#4595=DIRECTION('center_axis',(1.5478647542544E-17,-9.36907090740383E-17,
-1.));
#4596=DIRECTION('ref_axis',(0.866025403784438,0.5,-2.67519218489788E-17));
#4597=DIRECTION('center_axis',(0.,0.,1.));
#4598=DIRECTION('ref_axis',(1.,0.,0.));
#4599=DIRECTION('center_axis',(0.793353340291235,0.608761429008721,-1.00220642266516E-17));
#4600=DIRECTION('ref_axis',(-1.85588908138398E-17,0.,1.));
#4601=DIRECTION('center_axis',(0.793353340291235,0.608761429008721,-1.00220642266516E-17));
#4602=DIRECTION('ref_axis',(-0.608761429008721,0.793353340291235,9.82573161391816E-13));
#4603=DIRECTION('center_axis',(0.793353340291235,0.608761429008721,-1.00220642266516E-17));
#4604=DIRECTION('ref_axis',(-0.608761429008721,0.793353340291235,9.82594714854289E-13));
#4605=DIRECTION('center_axis',(-9.1087831354384E-17,9.88071390962809E-17,
1.));
#4606=DIRECTION('ref_axis',(-0.707063553353222,0.707150006377371,-4.94035695481405E-17));
#4607=DIRECTION('center_axis',(-4.18621341536984E-14,4.7768952535257E-14,
-1.));
#4608=DIRECTION('ref_axis',(-0.707106781186548,0.707106781186547,6.33713027447384E-14));
#4609=DIRECTION('center_axis',(-0.608761429008721,-0.793353340291235,2.23677383269776E-17));
#4610=DIRECTION('ref_axis',(1.85588908138398E-17,0.,-1.));
#4611=DIRECTION('center_axis',(-0.608761429008721,-0.793353340291235,2.23677383269776E-17));
#4612=DIRECTION('ref_axis',(-0.793353340291235,0.608761429008721,9.82607060528389E-13));
#4613=DIRECTION('center_axis',(0.333795650544595,-0.256130411132862,-0.90718117053344));
#4614=DIRECTION('ref_axis',(-0.755497547871639,0.502851249368304,-0.419957231356571));
#4615=DIRECTION('center_axis',(0.608761429008721,0.793353340291235,-2.23677383269776E-17));
#4616=DIRECTION('ref_axis',(-1.54657423448665E-17,0.,1.));
#4617=DIRECTION('center_axis',(0.608761429008721,0.793353340291235,-2.23677383269776E-17));
#4618=DIRECTION('ref_axis',(-0.793353340291235,0.608761429008721,9.82607060528389E-13));
#4619=DIRECTION('center_axis',(-8.64562467092458E-17,0.,1.));
#4620=DIRECTION('ref_axis',(-0.866454114741041,0.499256714575097,-2.47017847740702E-17));
#4621=DIRECTION('center_axis',(5.93451654472132E-14,-3.99526088905086E-14,
-1.));
#4622=DIRECTION('ref_axis',(-0.866025403784438,0.500000000000001,-7.13793594745286E-14));
#4623=DIRECTION('center_axis',(-0.38268343236509,-0.923879532511287,3.10974482016373E-17));
#4624=DIRECTION('ref_axis',(-0.923879532511287,0.38268343236509,9.82600627366954E-13));
#4625=DIRECTION('center_axis',(-5.28165412553508E-14,3.53042684493893E-14,
-1.));
#4626=DIRECTION('ref_axis',(-0.866025403784439,0.499999999999999,6.33851542337161E-14));
#4627=DIRECTION('center_axis',(1.5478647542544E-17,-4.00711011217636E-17,
-1.));
#4628=DIRECTION('ref_axis',(-0.866025403784439,0.5,-2.67519218489788E-17));
#4629=DIRECTION('center_axis',(-0.38268343236509,-0.923879532511287,3.10974482016373E-17));
#4630=DIRECTION('ref_axis',(1.23725938758932E-17,0.,-1.));
#4631=DIRECTION('center_axis',(-0.388713267994968,0.161010307477883,0.90718117053351));
#4632=DIRECTION('ref_axis',(-0.813230730213577,0.402854444269569,-0.41995723135642));
#4633=DIRECTION('center_axis',(-0.38268343236509,-0.923879532511287,3.10974482016373E-17));
#4634=DIRECTION('ref_axis',(-0.923879532511287,0.38268343236509,9.82622180829428E-13));
#4635=DIRECTION('center_axis',(0.,0.,1.));
#4636=DIRECTION('ref_axis',(1.,0.,0.));
#4637=DIRECTION('center_axis',(0.0549176174505136,-0.417140718610803,-0.90718117053344));
#4638=DIRECTION('ref_axis',(-0.178647910913389,0.889786967626299,-0.419957231356571));
#4639=DIRECTION('center_axis',(0.99144486137381,0.130526192220052,2.19627412594835E-17));
#4640=DIRECTION('ref_axis',(-3.09314846897331E-17,9.89807510071458E-17,
1.));
#4641=DIRECTION('center_axis',(0.99144486137381,0.130526192220052,2.19627412594836E-17));
#4642=DIRECTION('ref_axis',(-0.130526192220052,0.99144486137381,9.82559912851594E-13));
#4643=DIRECTION('center_axis',(0.99144486137381,0.130526192220052,2.19627412594835E-17));
#4644=DIRECTION('ref_axis',(-0.130526192220052,0.99144486137381,9.82581466314067E-13));
#4645=DIRECTION('center_axis',(-8.02808005157282E-17,9.88071390962809E-17,
1.));
#4646=DIRECTION('ref_axis',(-0.258819045102544,0.965925826289062,-7.41053543222107E-17));
#4647=DIRECTION('center_axis',(1.37599001873161E-14,-7.02337185545059E-14,
-1.));
#4648=DIRECTION('ref_axis',(-0.25881904510252,0.965925826289069,-7.14105210154993E-14));
#4649=DIRECTION('center_axis',(-0.923879532511287,-0.38268343236509,-5.09823681159462E-18));
#4650=DIRECTION('ref_axis',(-0.38268343236509,0.923879532511287,9.82564431681941E-13));
#4651=DIRECTION('center_axis',(-1.23357549135575E-14,6.22912331422998E-14,
-1.));
#4652=DIRECTION('ref_axis',(-0.258819045102522,0.965925826289068,6.33539926927454E-14));
#4653=DIRECTION('center_axis',(2.99024508347381E-17,-5.88685675450215E-17,
-1.));
#4654=DIRECTION('ref_axis',(-0.258819045102521,0.965925826289068,-5.35038436979576E-17));
#4655=DIRECTION('center_axis',(-0.923879532511287,-0.38268343236509,-5.09823681159462E-18));
#4656=DIRECTION('ref_axis',(2.47451877517865E-17,-9.89807510071458E-17,
-1.));
#4657=DIRECTION('center_axis',(-0.161010307477883,0.388713267994968,0.90718117053351));
#4658=DIRECTION('ref_axis',(-0.290179854629157,0.859902073377458,-0.41995723135642));
#4659=DIRECTION('center_axis',(-0.923879532511287,-0.38268343236509,-5.09823681159462E-18));
#4660=DIRECTION('ref_axis',(-0.38268343236509,0.923879532511287,9.82585985144414E-13));
#4661=DIRECTION('center_axis',(0.,0.,1.));
#4662=DIRECTION('ref_axis',(1.,0.,0.));
#4663=DIRECTION('center_axis',(0.,0.,1.));
#4664=DIRECTION('ref_axis',(1.,0.,0.));
#4665=DIRECTION('center_axis',(-0.0549176174505131,-0.417140718610803,-0.90718117053344));
#4666=DIRECTION('ref_axis',(0.0577331823418753,0.905705693637841,-0.419957231356571));
#4667=DIRECTION('center_axis',(0.99144486137381,-0.130526192220052,3.94221610088029E-17));
#4668=DIRECTION('ref_axis',(-3.09314846897331E-17,9.89807510071458E-17,
1.));
#4669=DIRECTION('center_axis',(0.99144486137381,-0.130526192220052,3.94221610088029E-17));
#4670=DIRECTION('ref_axis',(0.130526192220052,0.99144486137381,9.82559912851594E-13));
#4671=DIRECTION('center_axis',(0.99144486137381,-0.130526192220052,3.94221610088029E-17));
#4672=DIRECTION('ref_axis',(0.130526192220052,0.99144486137381,9.82581466314067E-13));
#4673=DIRECTION('center_axis',(-6.63860465803137E-17,9.88071390962809E-17,
1.));
#4674=DIRECTION('ref_axis',(1.51607204050856E-14,1.,-7.41053543222107E-17));
#4675=DIRECTION('center_axis',(-4.86947096019497E-15,-7.14041657668804E-14,
-1.));
#4676=DIRECTION('ref_axis',(1.2316360066498E-15,1.,-7.14127999270775E-14));
#4677=DIRECTION('center_axis',(-0.99144486137381,-0.130526192220052,-2.19627412594836E-17));
#4678=DIRECTION('ref_axis',(-0.130526192220051,0.99144486137381,9.82559912851594E-13));
#4679=DIRECTION('center_axis',(4.22404327436406E-15,6.33591602393084E-14,
-1.));
#4680=DIRECTION('ref_axis',(-1.21800928165963E-15,1.,6.33517137811671E-14));
#4681=DIRECTION('center_axis',(3.0957295085088E-17,-6.6880905097901E-17,
-1.));
#4682=DIRECTION('ref_axis',(-6.18638192757634E-17,1.,-5.35038436979575E-17));
#4683=DIRECTION('center_axis',(-0.99144486137381,-0.130526192220052,-2.19627412594836E-17));
#4684=DIRECTION('ref_axis',(2.47451877517865E-17,-9.89807510071458E-17,
-1.));
#4685=DIRECTION('center_axis',(-0.0549176174504934,0.417140718610653,0.90718117053351));
#4686=DIRECTION('ref_axis',(-0.0577331823418788,0.905705693637911,-0.41995723135642));
#4687=DIRECTION('center_axis',(0.,0.,1.));
#4688=DIRECTION('ref_axis',(1.,0.,0.));
#4689=DIRECTION('center_axis',(0.388713267995108,-0.161010307477941,-0.90718117053344));
#4690=DIRECTION('ref_axis',(-0.859902073377392,0.290179854629136,-0.419957231356571));
#4691=DIRECTION('center_axis',(0.38268343236509,0.923879532511287,-3.10974482016373E-17));
#4692=DIRECTION('ref_axis',(-7.73287117243327E-18,0.,1.));
#4693=DIRECTION('center_axis',(0.38268343236509,0.923879532511287,-3.10974482016373E-17));
#4694=DIRECTION('ref_axis',(-0.923879532511287,0.38268343236509,9.82622180829428E-13));
#4695=DIRECTION('center_axis',(-7.71930774189695E-17,0.,1.));
#4696=DIRECTION('ref_axis',(-0.965925826289061,0.258819045102549,-2.47017847740702E-17));
#4697=DIRECTION('center_axis',(6.76462140012638E-14,-2.32338766140479E-14,
-1.));
#4698=DIRECTION('ref_axis',(-0.965925826289068,0.258819045102522,-7.13632290739727E-14));
#4699=DIRECTION('center_axis',(-0.130526192220052,-0.99144486137381,3.56162785492002E-17));
#4700=DIRECTION('ref_axis',(-0.99144486137381,0.130526192220052,9.82617491871402E-13));
#4701=DIRECTION('center_axis',(-6.01715883539125E-14,2.04290989886014E-14,
-1.));
#4702=DIRECTION('ref_axis',(-0.965925826289069,0.25881904510252,6.3401284634272E-14));
#4703=DIRECTION('center_axis',(8.01233755287943E-18,-3.69784542631629E-17,
-1.));
#4704=DIRECTION('ref_axis',(-0.965925826289068,0.258819045102521,-2.67519218489788E-17));
#4705=DIRECTION('center_axis',(-0.130526192220052,-0.99144486137381,3.56162785492002E-17));
#4706=DIRECTION('ref_axis',(6.18629693794661E-18,0.,-1.));
#4707=DIRECTION('center_axis',(-0.417140718610653,0.0549176174504937,0.90718117053351));
#4708=DIRECTION('ref_axis',(-0.889786967626368,0.178647910913404,-0.41995723135642));
#4709=DIRECTION('center_axis',(-0.130526192220052,-0.99144486137381,3.56162785492002E-17));
#4710=DIRECTION('ref_axis',(-0.99144486137381,0.130526192220052,9.82639045333876E-13));
#4711=DIRECTION('center_axis',(-0.256130411132861,-0.333795650544595,-0.90718117053344));
#4712=DIRECTION('ref_axis',(0.502851249368304,0.755497547871639,-0.419957231356571));
#4713=DIRECTION('center_axis',(0.793353340291235,-0.608761429008721,7.1406966494938E-17));
#4714=DIRECTION('ref_axis',(-2.47451877517865E-17,9.89807510071458E-17,
1.));
#4715=DIRECTION('center_axis',(0.793353340291235,-0.608761429008721,7.1406966494938E-17));
#4716=DIRECTION('ref_axis',(0.608761429008721,0.793353340291235,9.82573161391816E-13));
#4717=DIRECTION('center_axis',(0.793353340291235,-0.608761429008721,7.1406966494938E-17));
#4718=DIRECTION('ref_axis',(0.608761429008721,0.793353340291235,9.82594714854289E-13));
#4719=DIRECTION('center_axis',(-2.7789507870829E-17,1.97614278192562E-16,
1.));
#4720=DIRECTION('ref_axis',(0.499999999999959,0.866025403784462,-4.94035695481405E-17));
#4721=DIRECTION('center_axis',(-3.98857279854107E-14,-5.94120463523111E-14,
-1.));
#4722=DIRECTION('ref_axis',(0.500000000000001,0.866025403784438,-7.14038395848225E-14));
#4723=DIRECTION('center_axis',(-0.923879532511287,0.38268343236509,-5.62866654566918E-17));
#4724=DIRECTION('ref_axis',(0.38268343236509,0.923879532511287,9.82564431681941E-13));
#4725=DIRECTION('center_axis',(3.53711493544872E-14,5.27496603502529E-14,
-1.));
#4726=DIRECTION('ref_axis',(0.499999999999999,0.866025403784439,6.33606741234222E-14));
#4727=DIRECTION('center_axis',(2.68098039761374E-17,-8.2359552640445E-17,
-1.));
#4728=DIRECTION('ref_axis',(0.5,0.866025403784439,-5.35038436979575E-17));
#4729=DIRECTION('center_axis',(-0.923879532511287,0.38268343236509,-5.62866654566918E-17));
#4730=DIRECTION('ref_axis',(2.47451877517864E-17,-9.89807510071458E-17,
-1.));
#4731=DIRECTION('center_axis',(0.161010307477883,0.388713267994968,0.90718117053351));
#4732=DIRECTION('ref_axis',(0.402854444269569,0.813230730213577,-0.41995723135642));
#4733=DIRECTION('center_axis',(-0.923879532511287,0.38268343236509,-5.62866654566918E-17));
#4734=DIRECTION('ref_axis',(0.38268343236509,0.923879532511287,9.82585985144415E-13));
#4735=DIRECTION('center_axis',(0.,0.,1.));
#4736=DIRECTION('ref_axis',(1.,0.,0.));
#4737=DIRECTION('center_axis',(0.,0.,1.));
#4738=DIRECTION('ref_axis',(1.,0.,0.));
#4739=DIRECTION('center_axis',(-0.161010307477941,-0.388713267995108,-0.90718117053344));
#4740=DIRECTION('ref_axis',(0.290179854629136,0.859902073377392,-0.419957231356571));
#4741=DIRECTION('center_axis',(0.923879532511287,-0.38268343236509,5.62866654566918E-17));
#4742=DIRECTION('ref_axis',(-3.09314846897331E-17,9.89807510071458E-17,
1.));
#4743=DIRECTION('center_axis',(0.923879532511287,-0.38268343236509,5.62866654566918E-17));
#4744=DIRECTION('ref_axis',(0.38268343236509,0.923879532511287,9.82585985144415E-13));
#4745=DIRECTION('center_axis',(-4.94035695481405E-17,9.88071390962809E-17,
1.));
#4746=DIRECTION('ref_axis',(0.25881904510254,0.965925826289063,-7.41053543222107E-17));
#4747=DIRECTION('center_axis',(-2.316699570895E-14,-6.77130949063617E-14,
-1.));
#4748=DIRECTION('ref_axis',(0.258819045102522,0.965925826289068,-7.14105210154993E-14));
#4749=DIRECTION('center_axis',(-0.99144486137381,0.130526192220052,-3.94221610088029E-17));
#4750=DIRECTION('ref_axis',(0.130526192220052,0.99144486137381,9.82559912851594E-13));
#4751=DIRECTION('center_axis',(2.04959798936993E-14,6.01047074488146E-14,
-1.));
#4752=DIRECTION('ref_axis',(0.25881904510252,0.965925826289069,6.33539926927454E-14));
#4753=DIRECTION('center_axis',(2.99024508347381E-17,-7.48932426507804E-17,
-1.));
#4754=DIRECTION('ref_axis',(0.258819045102521,0.965925826289068,-5.35038436979576E-17));
#4755=DIRECTION('center_axis',(-0.99144486137381,0.130526192220052,-3.94221610088029E-17));
#4756=DIRECTION('ref_axis',(2.47451877517865E-17,-9.89807510071458E-17,
-1.));
#4757=DIRECTION('center_axis',(0.0549176174504936,0.417140718610653,0.90718117053351));
#4758=DIRECTION('ref_axis',(0.178647910913404,0.889786967626368,-0.41995723135642));
#4759=DIRECTION('center_axis',(-0.333795650544595,-0.256130411132862,-0.90718117053344));
#4760=DIRECTION('ref_axis',(0.681254162464003,0.599607112997164,-0.419957231356571));
#4761=DIRECTION('center_axis',(0.608761429008721,-0.793353340291235,8.3752640595264E-17));
#4762=DIRECTION('ref_axis',(-2.16520392828131E-17,9.89807510071458E-17,
1.));
#4763=DIRECTION('center_axis',(0.608761429008721,-0.793353340291235,8.3752640595264E-17));
#4764=DIRECTION('ref_axis',(0.793353340291235,0.608761429008721,9.82607060528389E-13));
#4765=DIRECTION('center_axis',(-4.63158464513817E-18,1.97614278192562E-16,
1.));
#4766=DIRECTION('ref_axis',(0.707106781186507,0.707106781186588,-4.94035695481405E-17));
#4767=DIRECTION('center_axis',(-5.38863138139477E-14,-4.70667228455559E-14,
-1.));
#4768=DIRECTION('ref_axis',(0.707106781186548,0.707106781186547,-7.13932109635063E-14));
#4769=DIRECTION('center_axis',(-0.793353340291235,0.608761429008721,-7.1406966494938E-17));
#4770=DIRECTION('ref_axis',(0.608761429008721,0.793353340291235,9.82573161391816E-13));
#4771=DIRECTION('center_axis',(4.78358334403549E-14,4.17952532486005E-14,
-1.));
#4772=DIRECTION('ref_axis',(0.707106781186547,0.707106781186548,6.33713027447384E-14));
#4773=DIRECTION('center_axis',(2.18901132818587E-17,-8.87710183797597E-17,
-1.));
#4774=DIRECTION('ref_axis',(0.707106781186548,0.707106781186548,-2.67519218489788E-17));
#4775=DIRECTION('center_axis',(-0.793353340291235,0.608761429008721,-7.1406966494938E-17));
#4776=DIRECTION('ref_axis',(1.85588908138398E-17,-9.89807510071458E-17,
-1.));
#4777=DIRECTION('center_axis',(0.256130411132769,0.333795650544475,0.90718117053351));
#4778=DIRECTION('ref_axis',(0.599607112997211,0.681254162464055,-0.41995723135642));
#4779=DIRECTION('center_axis',(0.161010307477942,-0.388713267995108,-0.90718117053344));
#4780=DIRECTION('ref_axis',(-0.402854444269537,0.813230730213514,-0.419957231356571));
#4781=DIRECTION('center_axis',(0.923879532511287,0.38268343236509,5.09823681159462E-18));
#4782=DIRECTION('ref_axis',(-2.47451877517865E-17,0.,1.));
#4783=DIRECTION('center_axis',(0.923879532511287,0.38268343236509,5.09823681159462E-18));
#4784=DIRECTION('ref_axis',(-0.38268343236509,0.923879532511287,9.82585985144415E-13));
#4785=DIRECTION('center_axis',(-8.80001082576252E-17,9.88071390962809E-17,
1.));
#4786=DIRECTION('ref_axis',(-0.499999999999937,0.866025403784475,-4.94035695481405E-17));
#4787=DIRECTION('center_axis',(3.14515568763718E-14,-6.42815173125061E-14,
-1.));
#4788=DIRECTION('ref_axis',(-0.499999999999999,0.866025403784439,-7.14038395848225E-14));
#4789=DIRECTION('center_axis',(-0.793353340291235,-0.608761429008721,1.00220642266516E-17));
#4790=DIRECTION('ref_axis',(-0.608761429008721,0.793353340291235,9.82573161391816E-13));
#4791=DIRECTION('center_axis',(-2.80548917899191E-14,5.6973703624617E-14,
-1.));
#4792=DIRECTION('ref_axis',(-0.500000000000001,0.866025403784438,6.33606741234221E-14));
#4793=DIRECTION('center_axis',(2.68098039761373E-17,-5.1402257555357E-17,
-1.));
#4794=DIRECTION('ref_axis',(-0.5,0.866025403784439,-5.35038436979575E-17));
#4795=DIRECTION('center_axis',(-0.793353340291235,-0.608761429008721,1.00220642266516E-17));
#4796=DIRECTION('ref_axis',(2.47451877517865E-17,0.,-1.));
#4797=DIRECTION('center_axis',(-0.256130411132769,0.333795650544475,0.90718117053351));
#4798=DIRECTION('ref_axis',(-0.502851249368342,0.755497547871698,-0.41995723135642));
#4799=DIRECTION('center_axis',(0.,0.,1.));
#4800=DIRECTION('ref_axis',(1.,0.,0.));
#4801=DIRECTION('center_axis',(0.417140718610803,0.0549176174505138,-0.90718117053344));
#4802=DIRECTION('ref_axis',(-0.889786967626299,-0.17864791091339,-0.419957231356571));
#4803=DIRECTION('center_axis',(-0.130526192220052,0.99144486137381,-3.56162785492002E-17));
#4804=DIRECTION('ref_axis',(6.18629693794661E-18,0.,1.));
#4805=DIRECTION('center_axis',(-0.130526192220051,0.99144486137381,-3.56162785492002E-17));
#4806=DIRECTION('ref_axis',(-0.99144486137381,-0.130526192220051,9.82634951291152E-13));
#4807=DIRECTION('center_axis',(-0.130526192220052,0.99144486137381,-3.56162785492002E-17));
#4808=DIRECTION('ref_axis',(-0.99144486137381,-0.130526192220052,9.82656504753625E-13));
#4809=DIRECTION('center_axis',(-4.16842618062435E-17,0.,1.));
#4810=DIRECTION('ref_axis',(-0.965925826289063,-0.25881904510254,2.47017847740702E-17));
#4811=DIRECTION('center_axis',(7.0166837649408E-14,1.36930192822183E-14,
-1.));
#4812=DIRECTION('ref_axis',(-0.965925826289068,-0.25881904510252,-7.13286089699866E-14));
#4813=DIRECTION('center_axis',(0.38268343236509,-0.923879532511287,3.10974482016373E-17));
#4814=DIRECTION('ref_axis',(-0.923879532511287,-0.38268343236509,9.826518157956E-13));
#4815=DIRECTION('center_axis',(-6.23581140473977E-14,-1.24026358186555E-14,
-1.));
#4816=DIRECTION('ref_axis',(-0.965925826289068,-0.258819045102523,6.34359047382581E-14));
#4817=DIRECTION('center_axis',(-8.01233755287947E-18,-3.69784542631629E-17,
-1.));
#4818=DIRECTION('ref_axis',(-0.965925826289068,-0.258819045102522,2.67519218489788E-17));
#4819=DIRECTION('center_axis',(0.38268343236509,-0.923879532511287,3.10974482016373E-17));
#4820=DIRECTION('ref_axis',(-7.73287117243327E-18,0.,-1.));
#4821=DIRECTION('center_axis',(-0.388713267994968,-0.161010307477884,0.90718117053351));
#4822=DIRECTION('ref_axis',(-0.859902073377458,-0.290179854629158,-0.41995723135642));
#4823=DIRECTION('center_axis',(0.38268343236509,-0.923879532511287,3.10974482016373E-17));
#4824=DIRECTION('ref_axis',(-0.923879532511287,-0.38268343236509,9.82673369258073E-13));
#4825=DIRECTION('center_axis',(0.,0.,1.));
#4826=DIRECTION('ref_axis',(1.,0.,0.));
#4827=DIRECTION('center_axis',(0.,0.,1.));
#4828=DIRECTION('ref_axis',(1.,0.,0.));
#4829=DIRECTION('center_axis',(0.388713267995108,0.161010307477942,-0.90718117053344));
#4830=DIRECTION('ref_axis',(-0.813230730213514,-0.402854444269538,-0.419957231356571));
#4831=DIRECTION('center_axis',(-0.38268343236509,0.923879532511287,-3.10974482016373E-17));
#4832=DIRECTION('ref_axis',(1.23725938758932E-17,0.,1.));
#4833=DIRECTION('center_axis',(-1.5478647542544E-17,-4.00711011217636E-17,
-1.));
#4834=DIRECTION('ref_axis',(-0.866025403784438,-0.5,2.67519218489788E-17));
#4835=DIRECTION('center_axis',(0.161010307477941,0.388713267995108,-0.90718117053344));
#4836=DIRECTION('ref_axis',(-0.290179854629135,-0.859902073377392,-0.419957231356571));
#4837=DIRECTION('center_axis',(-0.923879532511287,0.382683432365089,5.09823681159465E-18));
#4838=DIRECTION('ref_axis',(2.47451877517865E-17,9.89807510071458E-17,1.));
#4839=DIRECTION('center_axis',(-0.923879532511287,0.382683432365089,5.09823681159467E-18));
#4840=DIRECTION('ref_axis',(-0.382683432365089,-0.923879532511287,9.82688011480613E-13));
#4841=DIRECTION('center_axis',(-0.923879532511287,0.382683432365089,5.09823681159465E-18));
#4842=DIRECTION('ref_axis',(-0.382683432365089,-0.923879532511287,9.82709564943086E-13));
#4843=DIRECTION('center_axis',(4.94035695481405E-17,0.,1.));
#4844=DIRECTION('ref_axis',(-0.258819045102521,-0.965925826289068,7.41053543222107E-17));
#4845=DIRECTION('center_axis',(2.316699570895E-14,6.75793330961659E-14,
-1.));
#4846=DIRECTION('ref_axis',(-0.258819045102522,-0.965925826289068,-7.128131702846E-14));
#4847=DIRECTION('center_axis',(0.991444861373811,-0.130526192220051,-2.19627412594836E-17));
#4848=DIRECTION('ref_axis',(-0.130526192220051,-0.99144486137381,9.8269253031096E-13));
#4849=DIRECTION('center_axis',(-2.04959798936993E-14,-6.02384692590104E-14,
-1.));
#4850=DIRECTION('ref_axis',(-0.258819045102519,-0.965925826289069,6.34831966797847E-14));
#4851=DIRECTION('center_axis',(-2.99024508347381E-17,-5.88685675450216E-17,
-1.));
#4852=DIRECTION('ref_axis',(-0.25881904510252,-0.965925826289068,5.35038436979576E-17));
#4853=DIRECTION('center_axis',(0.991444861373811,-0.130526192220051,-2.19627412594836E-17));
#4854=DIRECTION('ref_axis',(-3.09314846897331E-17,-9.89807510071458E-17,
-1.));
#4855=DIRECTION('center_axis',(-0.0549176174504934,-0.417140718610653,0.90718117053351));
#4856=DIRECTION('ref_axis',(-0.178647910913403,-0.889786967626368,-0.419957231356419));
#4857=DIRECTION('center_axis',(0.99144486137381,-0.130526192220051,-2.19627412594836E-17));
#4858=DIRECTION('ref_axis',(-0.130526192220051,-0.99144486137381,9.82714083773434E-13));
#4859=DIRECTION('center_axis',(0.,0.,1.));
#4860=DIRECTION('ref_axis',(1.,0.,0.));
#4861=DIRECTION('center_axis',(0.,0.,1.));
#4862=DIRECTION('ref_axis',(1.,0.,0.));
#4863=DIRECTION('center_axis',(-0.0549176174505138,0.417140718610803,-0.90718117053344));
#4864=DIRECTION('ref_axis',(0.17864791091339,-0.889786967626299,-0.419957231356571));
#4865=DIRECTION('center_axis',(-0.99144486137381,-0.130526192220052,3.94221610088029E-17));
#4866=DIRECTION('ref_axis',(2.47451877517865E-17,9.89807510071458E-17,1.));
#4867=DIRECTION('center_axis',(-0.99144486137381,-0.130526192220052,3.94221610088029E-17));
#4868=DIRECTION('ref_axis',(0.130526192220052,-0.99144486137381,9.82692530310961E-13));
#4869=DIRECTION('center_axis',(-0.99144486137381,-0.130526192220052,3.94221610088029E-17));
#4870=DIRECTION('ref_axis',(0.130526192220052,-0.99144486137381,9.82714083773434E-13));
#4871=DIRECTION('center_axis',(8.02808005157282E-17,0.,1.));
#4872=DIRECTION('ref_axis',(0.258819045102571,-0.965925826289055,7.41053543222107E-17));
#4873=DIRECTION('center_axis',(-1.37599001873162E-14,7.00999567443101E-14,
-1.));
#4874=DIRECTION('ref_axis',(0.25881904510252,-0.965925826289068,-7.128131702846E-14));
#4875=DIRECTION('center_axis',(0.923879532511287,0.38268343236509,-5.62866654566918E-17));
#4876=DIRECTION('ref_axis',(0.38268343236509,-0.923879532511287,9.82688011480613E-13));
#4877=DIRECTION('center_axis',(1.23357549135576E-14,-6.24249949524956E-14,
-1.));
#4878=DIRECTION('ref_axis',(0.258819045102523,-0.965925826289068,6.34831966797847E-14));
#4879=DIRECTION('center_axis',(-2.99024508347381E-17,-7.48932426507805E-17,
-1.));
#4880=DIRECTION('ref_axis',(0.258819045102522,-0.965925826289068,5.35038436979575E-17));
#4881=DIRECTION('center_axis',(0.923879532511287,0.38268343236509,-5.62866654566918E-17));
#4882=DIRECTION('ref_axis',(-3.09314846897331E-17,-9.89807510071458E-17,
-1.));
#4883=DIRECTION('center_axis',(0.161010307477884,-0.388713267994968,0.90718117053351));
#4884=DIRECTION('ref_axis',(0.290179854629158,-0.859902073377458,-0.41995723135642));
#4885=DIRECTION('center_axis',(0.923879532511287,0.38268343236509,-5.62866654566918E-17));
#4886=DIRECTION('ref_axis',(0.38268343236509,-0.923879532511287,9.82709564943086E-13));
#4887=DIRECTION('center_axis',(0.,0.,1.));
#4888=DIRECTION('ref_axis',(1.,0.,0.));
#4889=DIRECTION('center_axis',(0.,0.,1.));
#4890=DIRECTION('ref_axis',(1.,0.,0.));
#4891=DIRECTION('center_axis',(-0.608761429008721,0.793353340291235,-2.23677383269776E-17));
#4892=DIRECTION('ref_axis',(1.85588908138398E-17,0.,1.));
#4893=DIRECTION('center_axis',(-0.608761429008721,0.793353340291235,-2.23677383269776E-17));
#4894=DIRECTION('ref_axis',(-0.793353340291235,-0.608761429008721,9.82688489559111E-13));
#4895=DIRECTION('center_axis',(4.63158464513817E-18,0.,1.));
#4896=DIRECTION('ref_axis',(-0.707119282316986,-0.707094279835095,4.94035695481405E-17));
#4897=DIRECTION('center_axis',(5.38863138139477E-14,4.69329610353601E-14,
-1.));
#4898=DIRECTION('ref_axis',(-0.707106781186548,-0.707106781186547,-7.1298627080453E-14));
#4899=DIRECTION('center_axis',(0.793353340291235,-0.608761429008721,1.00220642266516E-17));
#4900=DIRECTION('ref_axis',(-0.608761429008721,-0.793353340291235,9.82679281770738E-13));
#4901=DIRECTION('center_axis',(-4.78358334403549E-14,-4.19290150587963E-14,
-1.));
#4902=DIRECTION('ref_axis',(-0.707106781186547,-0.707106781186549,6.34658866277917E-14));
#4903=DIRECTION('center_axis',(-2.18901132818587E-17,-4.49907918160423E-17,
-1.));
#4904=DIRECTION('ref_axis',(-0.707106781186547,-0.707106781186548,2.67519218489788E-17));
#4905=DIRECTION('center_axis',(0.793353340291235,-0.608761429008721,1.00220642266516E-17));
#4906=DIRECTION('ref_axis',(-1.85588908138398E-17,0.,-1.));
#4907=DIRECTION('center_axis',(-0.256130411132769,-0.333795650544475,0.90718117053351));
#4908=DIRECTION('ref_axis',(-0.599607112997211,-0.681254162464055,-0.41995723135642));
#4909=DIRECTION('center_axis',(0.793353340291236,-0.60876142900872,1.00220642266516E-17));
#4910=DIRECTION('ref_axis',(-0.60876142900872,-0.793353340291235,9.82700835233211E-13));
#4911=DIRECTION('center_axis',(0.,0.,1.));
#4912=DIRECTION('ref_axis',(1.,0.,0.));
#4913=DIRECTION('center_axis',(0.0549176174505131,0.417140718610803,-0.90718117053344));
#4914=DIRECTION('ref_axis',(-0.0577331823418752,-0.905705693637841,-0.419957231356571));
#4915=DIRECTION('center_axis',(-0.99144486137381,0.130526192220051,2.19627412594836E-17));
#4916=DIRECTION('ref_axis',(2.47451877517865E-17,9.89807510071458E-17,1.));
#4917=DIRECTION('center_axis',(-0.99144486137381,0.130526192220051,2.19627412594836E-17));
#4918=DIRECTION('ref_axis',(-0.130526192220051,-0.99144486137381,9.82714083773434E-13));
#4919=DIRECTION('center_axis',(6.63860465803137E-17,0.,1.));
#4920=DIRECTION('ref_axis',(5.37958556532798E-14,-1.,7.41053543222107E-17));
#4921=DIRECTION('center_axis',(4.86947096019497E-15,7.12704039566846E-14,
-1.));
#4922=DIRECTION('ref_axis',(-1.10917132673507E-15,-1.,-7.12790381168817E-14));
#4923=DIRECTION('center_axis',(0.99144486137381,0.130526192220052,-3.94221610088029E-17));
#4924=DIRECTION('ref_axis',(0.130526192220052,-0.99144486137381,9.8269253031096E-13));
#4925=DIRECTION('center_axis',(-4.22404327436405E-15,-6.34929220495042E-14,
-1.));
#4926=DIRECTION('ref_axis',(1.34047396157437E-15,-1.,6.34854755913629E-14));
#4927=DIRECTION('center_axis',(-3.0957295085088E-17,-6.6880905097901E-17,
-1.));
#4928=DIRECTION('ref_axis',(1.83919462711729E-16,-1.,5.35038436979575E-17));
#4929=DIRECTION('center_axis',(0.99144486137381,0.130526192220052,-3.94221610088029E-17));
#4930=DIRECTION('ref_axis',(-3.09314846897331E-17,-9.89807510071458E-17,
-1.));
#4931=DIRECTION('center_axis',(0.0549176174504935,-0.417140718610653,0.90718117053351));
#4932=DIRECTION('ref_axis',(0.0577331823418789,-0.905705693637911,-0.419957231356419));
#4933=DIRECTION('center_axis',(0.256130411132861,0.333795650544595,-0.90718117053344));
#4934=DIRECTION('ref_axis',(-0.502851249368303,-0.755497547871639,-0.419957231356571));
#4935=DIRECTION('center_axis',(-0.793353340291236,0.60876142900872,-1.00220642266516E-17));
#4936=DIRECTION('ref_axis',(2.47451877517865E-17,0.,1.));
#4937=DIRECTION('center_axis',(-0.793353340291236,0.60876142900872,-1.00220642266516E-17));
#4938=DIRECTION('ref_axis',(-0.60876142900872,-0.793353340291236,9.82700835233211E-13));
#4939=DIRECTION('center_axis',(2.7789507870829E-17,0.,1.));
#4940=DIRECTION('ref_axis',(-0.50000000000001,-0.866025403784433,4.94035695481405E-17));
#4941=DIRECTION('center_axis',(3.98857279854107E-14,5.92782845421154E-14,
-1.));
#4942=DIRECTION('ref_axis',(-0.5,-0.866025403784438,-7.12879984591367E-14));
#4943=DIRECTION('center_axis',(0.923879532511287,-0.382683432365089,-5.09823681159467E-18));
#4944=DIRECTION('ref_axis',(-0.382683432365089,-0.923879532511287,9.82688011480613E-13));
#4945=DIRECTION('center_axis',(-3.53711493544872E-14,-5.28834221604488E-14,
-1.));
#4946=DIRECTION('ref_axis',(-0.499999999999998,-0.866025403784439,6.34765152491079E-14));
#4947=DIRECTION('center_axis',(-2.68098039761374E-17,-5.1402257555357E-17,
-1.));
#4948=DIRECTION('ref_axis',(-0.499999999999999,-0.866025403784439,5.35038436979575E-17));
#4949=DIRECTION('center_axis',(0.923879532511287,-0.382683432365089,-5.09823681159467E-18));
#4950=DIRECTION('ref_axis',(-2.47451877517865E-17,0.,-1.));
#4951=DIRECTION('center_axis',(-0.161010307477883,-0.388713267994968,0.90718117053351));
#4952=DIRECTION('ref_axis',(-0.402854444269569,-0.813230730213577,-0.419957231356419));
#4953=DIRECTION('center_axis',(-0.382683432365089,-0.923879532511287,9.24823504699237E-17));
#4954=DIRECTION('ref_axis',(6.18629693794661E-18,9.89807510071458E-17,1.));
#4955=DIRECTION('center_axis',(-0.382683432365089,-0.923879532511287,9.24823504699237E-17));
#4956=DIRECTION('ref_axis',(0.923879532511287,-0.382683432365089,9.82673369258073E-13));
#4957=DIRECTION('center_axis',(7.71930774189695E-17,9.88071390962809E-17,
1.));
#4958=DIRECTION('ref_axis',(0.965927971858106,-0.258811037597099,2.47017847740702E-17));
#4959=DIRECTION('center_axis',(0.130526192220051,0.99144486137381,-9.70011808174866E-17));
#4960=DIRECTION('ref_axis',(0.99144486137381,-0.130526192220051,9.82634951291152E-13));
#4961=DIRECTION('center_axis',(6.01715883539125E-14,-2.05628607987972E-14,
-1.));
#4962=DIRECTION('ref_axis',(0.965925826289069,-0.258819045102519,6.34359047382581E-14));
#4963=DIRECTION('center_axis',(-8.01233755287941E-18,-9.67833559326391E-17,
-1.));
#4964=DIRECTION('ref_axis',(0.965925826289068,-0.25881904510252,2.67519218489788E-17));
#4965=DIRECTION('center_axis',(0.130526192220051,0.99144486137381,-9.70011808174866E-17));
#4966=DIRECTION('ref_axis',(-8.02285384139951E-18,-9.89807510071458E-17,
-1.));
#4967=DIRECTION('center_axis',(-0.161010307477942,0.388713267995108,-0.90718117053344));
#4968=DIRECTION('ref_axis',(0.402854444269538,-0.813230730213514,-0.419957231356571));
#4969=DIRECTION('center_axis',(-0.923879532511287,-0.38268343236509,5.62866654566918E-17));
#4970=DIRECTION('ref_axis',(2.47451877517865E-17,9.89807510071458E-17,1.));
#4971=DIRECTION('center_axis',(-0.923879532511287,-0.38268343236509,5.62866654566918E-17));
#4972=DIRECTION('ref_axis',(0.38268343236509,-0.923879532511287,9.82709564943086E-13));
#4973=DIRECTION('center_axis',(8.80001082576252E-17,0.,1.));
#4974=DIRECTION('ref_axis',(0.499999999999983,-0.866025403784448,4.94035695481405E-17));
#4975=DIRECTION('center_axis',(-3.14515568763718E-14,6.41477555023103E-14,
-1.));
#4976=DIRECTION('ref_axis',(0.499999999999999,-0.866025403784439,-7.12879984591367E-14));
#4977=DIRECTION('center_axis',(0.793353340291235,0.608761429008721,-7.1406966494938E-17));
#4978=DIRECTION('ref_axis',(0.608761429008721,-0.793353340291235,9.82679281770738E-13));
#4979=DIRECTION('center_axis',(2.80548917899191E-14,-5.71074654348128E-14,
-1.));
#4980=DIRECTION('ref_axis',(0.500000000000001,-0.866025403784438,6.34765152491079E-14));
#4981=DIRECTION('center_axis',(-2.68098039761373E-17,-8.2359552640445E-17,
-1.));
#4982=DIRECTION('ref_axis',(0.500000000000001,-0.866025403784438,5.35038436979575E-17));
#4983=DIRECTION('center_axis',(0.793353340291235,0.608761429008721,-7.1406966494938E-17));
#4984=DIRECTION('ref_axis',(-2.47451877517864E-17,-9.89807510071458E-17,
-1.));
#4985=DIRECTION('center_axis',(0.256130411132769,-0.333795650544475,0.90718117053351));
#4986=DIRECTION('ref_axis',(0.502851249368342,-0.755497547871698,-0.41995723135642));
#4987=DIRECTION('center_axis',(0.417140718610803,-0.0549176174505132,-0.90718117053344));
#4988=DIRECTION('ref_axis',(-0.905705693637841,0.0577331823418753,-0.419957231356571));
#4989=DIRECTION('center_axis',(0.130526192220052,0.99144486137381,-3.56162785492002E-17));
#4990=DIRECTION('ref_axis',(0.,0.,1.));
#4991=DIRECTION('center_axis',(0.130526192220052,0.99144486137381,-3.56162785492002E-17));
#4992=DIRECTION('ref_axis',(-0.99144486137381,0.130526192220052,9.82639045333876E-13));
#4993=DIRECTION('center_axis',(-6.17544619351756E-17,0.,1.));
#4994=DIRECTION('ref_axis',(-1.,5.43439265029545E-15,0.));
#4995=DIRECTION('center_axis',(7.13372848617825E-14,-4.93635186529288E-15,
-1.));
#4996=DIRECTION('ref_axis',(-1.,1.29286834660717E-15,-7.13459190219796E-14));
#4997=DIRECTION('center_axis',(0.130526192220051,-0.99144486137381,3.56162785492002E-17));
#4998=DIRECTION('ref_axis',(-0.99144486137381,-0.130526192220051,9.82634951291152E-13));
#4999=DIRECTION('center_axis',(-6.34260411444063E-14,4.15716236926617E-15,
-1.));
#5000=DIRECTION('ref_axis',(-1.,-1.15677694170226E-15,6.3418594686265E-14));
#5001=DIRECTION('center_axis',(-1.10115910831933E-32,-3.5923610012813E-17,
-1.));
#5002=DIRECTION('ref_axis',(-1.,0.,0.));
#5003=DIRECTION('center_axis',(0.130526192220051,-0.99144486137381,3.56162785492002E-17));
#5004=DIRECTION('ref_axis',(0.,0.,-1.));
#5005=DIRECTION('center_axis',(-0.417140718610653,-0.0549176174504934,0.90718117053351));
#5006=DIRECTION('ref_axis',(-0.905705693637911,-0.0577331823418788,-0.41995723135642));
#5007=DIRECTION('center_axis',(0.,0.,1.));
#5008=DIRECTION('ref_axis',(1.,0.,0.));
#5009=DIRECTION('',(2.27431131729143E-15,-1.,0.));
#5010=DIRECTION('',(-1.,-1.0054850034341E-14,0.));
#5011=DIRECTION('',(1.1686558153949E-15,1.,0.));
#5012=DIRECTION('',(1.,1.34064667124548E-14,0.));
#5013=DIRECTION('center_axis',(6.70323335622748E-15,-1.,0.));
#5014=DIRECTION('ref_axis',(1.,6.70323335622748E-15,0.));
#5015=DIRECTION('',(0.,0.,1.));
#5016=DIRECTION('',(1.,6.70323335622748E-15,0.));
#5017=DIRECTION('',(0.,0.,1.));
#5018=DIRECTION('center_axis',(-1.34064667124548E-14,1.,0.));
#5019=DIRECTION('ref_axis',(-1.,-1.34064667124548E-14,0.));
#5020=DIRECTION('',(0.,0.,1.));
#5021=DIRECTION('',(-1.,-1.34064667124548E-14,0.));
#5022=DIRECTION('',(0.,0.,1.));
#5023=DIRECTION('center_axis',(0.,0.,1.));
#5024=DIRECTION('ref_axis',(1.,0.,0.));
#5025=DIRECTION('',(1.1686558153949E-15,1.,0.));
#5026=DIRECTION('',(2.27431131729143E-15,-1.,0.));
#5027=DIRECTION('center_axis',(0.,0.,1.));
#5028=DIRECTION('ref_axis',(-1.,0.,0.));
#5029=DIRECTION('',(2.27431131729143E-15,-1.,0.));
#5030=DIRECTION('center_axis',(0.,0.,1.));
#5031=DIRECTION('ref_axis',(-1.,0.,0.));
#5032=DIRECTION('',(0.,-1.,0.));
#5033=DIRECTION('',(-1.,-1.40628249785854E-14,0.));
#5034=DIRECTION('',(-1.1739882345249E-14,1.,0.));
#5035=DIRECTION('',(-1.,0.,0.));
#5036=DIRECTION('',(1.1686558153949E-15,1.,0.));
#5037=DIRECTION('',(-1.,-1.0054850034341E-14,0.));
#5038=DIRECTION('center_axis',(0.,0.,1.));
#5039=DIRECTION('ref_axis',(-1.,0.,0.));
#5040=DIRECTION('',(-1.,4.11615186379776E-13,0.));
#5041=DIRECTION('',(-1.220311225907E-14,1.,0.));
#5042=DIRECTION('',(1.,0.,0.));
#5043=DIRECTION('center_axis',(0.,0.,1.));
#5044=DIRECTION('ref_axis',(1.,0.,0.));
#5045=DIRECTION('center_axis',(0.,0.,1.));
#5046=DIRECTION('ref_axis',(-1.,0.,0.));
#5047=DIRECTION('',(1.,5.37204689334753E-15,0.));
#5048=DIRECTION('',(-5.67142107938742E-14,-1.,0.));
#5049=DIRECTION('center_axis',(-1.,0.,0.));
#5050=DIRECTION('ref_axis',(0.,-1.,0.));
#5051=DIRECTION('',(0.,0.,1.));
#5052=DIRECTION('center_axis',(-1.40628249785854E-14,1.,0.));
#5053=DIRECTION('ref_axis',(-1.,-1.40628249785854E-14,0.));
#5054=DIRECTION('',(0.,0.,1.));
#5055=DIRECTION('center_axis',(1.,1.1739882345249E-14,0.));
#5056=DIRECTION('ref_axis',(-1.1739882345249E-14,1.,0.));
#5057=DIRECTION('',(0.,0.,1.));
#5058=DIRECTION('center_axis',(0.,1.,0.));
#5059=DIRECTION('ref_axis',(-1.,0.,0.));
#5060=DIRECTION('',(0.,0.,1.));
#5061=DIRECTION('center_axis',(1.,-1.1686558153949E-15,0.));
#5062=DIRECTION('ref_axis',(1.1686558153949E-15,1.,0.));
#5063=DIRECTION('',(0.,0.,1.));
#5064=DIRECTION('center_axis',(-1.0054850034341E-14,1.,0.));
#5065=DIRECTION('ref_axis',(-1.,-1.0054850034341E-14,0.));
#5066=DIRECTION('',(0.,0.,1.));
#5067=DIRECTION('center_axis',(-1.,-2.27431131729143E-15,0.));
#5068=DIRECTION('ref_axis',(2.27431131729143E-15,-1.,0.));
#5069=DIRECTION('',(0.,0.,1.));
#5070=DIRECTION('center_axis',(5.37204689334753E-15,-1.,0.));
#5071=DIRECTION('ref_axis',(1.,5.37204689334753E-15,0.));
#5072=DIRECTION('',(0.,0.,1.));
#5073=DIRECTION('center_axis',(-1.,5.67142107938742E-14,0.));
#5074=DIRECTION('ref_axis',(-5.67142107938742E-14,-1.,0.));
#5075=DIRECTION('center_axis',(0.,1.,0.));
#5076=DIRECTION('ref_axis',(-1.,0.,0.));
#5077=DIRECTION('',(0.,0.,-1.));
#5078=DIRECTION('',(0.,0.,-1.));
#5079=DIRECTION('center_axis',(1.,1.3430247475861E-14,0.));
#5080=DIRECTION('ref_axis',(-1.3430247475861E-14,1.,0.));
#5081=DIRECTION('',(0.,0.,-1.));
#5082=DIRECTION('center_axis',(-4.11615186379776E-13,-1.,0.));
#5083=DIRECTION('ref_axis',(1.,-4.11615186379776E-13,0.));
#5084=DIRECTION('',(0.,0.,-1.));
#5085=DIRECTION('center_axis',(0.,0.,1.));
#5086=DIRECTION('ref_axis',(-1.,7.38412735150251E-14,0.));
#5087=DIRECTION('',(0.,0.,-1.));
#5088=DIRECTION('',(1.,0.,0.));
#5089=CARTESIAN_POINT('',(0.,0.,0.));
#5090=CARTESIAN_POINT('',(0.,0.,0.));
#5091=CARTESIAN_POINT('Origin',(-21.6568155661104,-38.7474029927467,-12.2));
#5092=CARTESIAN_POINT('',(-21.6568155661105,-38.7474029927452,-12.2));
#5093=CARTESIAN_POINT('',(-21.6568155661092,-38.7474029927467,4.90000000000037));
#5094=CARTESIAN_POINT('',(-21.6568155661105,-38.7474029927452,-8.2));
#5095=CARTESIAN_POINT('',(-30.0223880972154,-38.7474029927468,4.90000000000037));
#5096=CARTESIAN_POINT('',(-21.6568155661104,-38.7474029927467,4.90000000000037));
#5097=CARTESIAN_POINT('',(-28.4505474889142,-38.7474029927468,-3.78778813797629));
#5098=CARTESIAN_POINT('Origin',(0.300000000000277,-38.7474029927464,5.89999999997266));
#5099=CARTESIAN_POINT('',(-24.8488652100913,-38.7474029927468,-5.90558968395256));
#5100=CARTESIAN_POINT('Ctrl Pts',(-24.8488652100913,-38.7474029927468,-5.90558968395258));
#5101=CARTESIAN_POINT('Ctrl Pts',(-24.8488652100913,-38.7474029927468,-6.37962828662849));
#5102=CARTESIAN_POINT('Ctrl Pts',(-24.8709774989452,-38.7474029927468,-6.94804467107955));
#5103=CARTESIAN_POINT('Ctrl Pts',(-25.0793209452854,-38.7474029927468,-7.484936578969));
#5104=CARTESIAN_POINT('Ctrl Pts',(-25.1345705673855,-38.7474029927468,-7.59397016269741));
#5105=CARTESIAN_POINT('Ctrl Pts',(-25.2389775469329,-38.7474029927468,-7.72998400780612));
#5106=CARTESIAN_POINT('Ctrl Pts',(-25.298548514249,-38.7474029927468,-7.78853284008848));
#5107=CARTESIAN_POINT('Ctrl Pts',(-25.4112821009331,-38.7474029927468,-7.86139888864611));
#5108=CARTESIAN_POINT('Ctrl Pts',(-25.4834431969352,-38.7474029927468,-7.88980922647065));
#5109=CARTESIAN_POINT('Ctrl Pts',(-25.6187491010058,-38.7474029927468,-7.91268709533159));
#5110=CARTESIAN_POINT('Ctrl Pts',(-25.7057272479331,-38.7474029927468,-7.90772979707113));
#5111=CARTESIAN_POINT('Ctrl Pts',(-25.8751629480107,-38.7474029927468,-7.87044540982396));
#5112=CARTESIAN_POINT('Ctrl Pts',(-25.9857965722589,-38.7474029927468,-7.82127565458739));
#5113=CARTESIAN_POINT('Ctrl Pts',(-26.2180541601345,-38.7474029927468,-7.68554127712483));
#5114=CARTESIAN_POINT('Ctrl Pts',(-26.3728014538258,-38.7474029927468,-7.55610080059551));
#5115=CARTESIAN_POINT('Ctrl Pts',(-27.0508712710996,-38.7474029927468,-6.8882711853313));
#5116=CARTESIAN_POINT('Ctrl Pts',(-27.5049319977867,-38.7474029927468,-6.06484471830269));
#5117=CARTESIAN_POINT('Ctrl Pts',(-28.0642040087852,-38.7474029927468,-4.85373543127728));
#5118=CARTESIAN_POINT('Ctrl Pts',(-28.2680224887114,-38.7474029927468,-4.32946943937558));
#5119=CARTESIAN_POINT('Ctrl Pts',(-28.4505474889142,-38.7474029927468,-3.78778813797629));
#5120=CARTESIAN_POINT('',(-24.5467844042983,-38.7474029927468,-8.69069120530369));
#5121=CARTESIAN_POINT('Ctrl Pts',(-24.5467844042973,-38.7474029927468,-8.69069120530349));
#5122=CARTESIAN_POINT('Ctrl Pts',(-24.5508158211566,-38.7474029927468,-8.67090899364671));
#5123=CARTESIAN_POINT('Ctrl Pts',(-24.5548108044379,-38.7474029927468,-8.6511191200564));
#5124=CARTESIAN_POINT('Ctrl Pts',(-24.7435110577787,-38.7474029927468,-7.70736933928556));
#5125=CARTESIAN_POINT('Ctrl Pts',(-24.8488652100913,-38.7474029927468,-6.76875562171516));
#5126=CARTESIAN_POINT('Ctrl Pts',(-24.8488652100913,-38.7474029927468,-5.90558968395252));
#5127=CARTESIAN_POINT('',(-22.1865982137981,-38.7474029927497,-12.132260724595));
#5128=CARTESIAN_POINT('Ctrl Pts',(-22.1865982137984,-38.7474029927467,-12.1322607245955));
#5129=CARTESIAN_POINT('Ctrl Pts',(-22.5641005103062,-38.7474029927467,-11.9344217872358));
#5130=CARTESIAN_POINT('Ctrl Pts',(-22.9062780788694,-38.7474029927467,-11.67548149095));
#5131=CARTESIAN_POINT('Ctrl Pts',(-23.5137116619835,-38.7474029927468,-11.055182346131));
#5132=CARTESIAN_POINT('Ctrl Pts',(-23.7713581524147,-38.7474029927468,-10.6962719892463));
#5133=CARTESIAN_POINT('Ctrl Pts',(-24.2509973582604,-38.7474029927468,-9.80005182634011));
#5134=CARTESIAN_POINT('Ctrl Pts',(-24.4313348983864,-38.7474029927468,-9.25720333772142));
#5135=CARTESIAN_POINT('Ctrl Pts',(-24.5467844042975,-38.7474029927468,-8.69069120530257));
#5136=CARTESIAN_POINT('',(-22.1865982138032,-38.7474029927467,-12.2));
#5137=CARTESIAN_POINT('',(-22.1865982138032,-38.7474029927467,-8.2));
#5138=CARTESIAN_POINT('',(-10.6784077830551,-38.7474029927466,-12.2));
#5139=CARTESIAN_POINT('Origin',(-21.6568155661104,-40.2474029927464,4.90000000000037));
#5140=CARTESIAN_POINT('',(-18.6028392536063,-41.7474029927459,4.90000000000037));
#5141=CARTESIAN_POINT('Ctrl Pts',(-18.6028392536063,-41.747402992746,4.90000000000037));
#5142=CARTESIAN_POINT('Ctrl Pts',(-18.6028392536063,-41.747402992746,4.99399292397811));
#5143=CARTESIAN_POINT('Ctrl Pts',(-18.6134447844792,-41.7384249307284,5.08879722731859));
#5144=CARTESIAN_POINT('Ctrl Pts',(-18.6547905187026,-41.7032724391266,5.27319139115826));
#5145=CARTESIAN_POINT('Ctrl Pts',(-18.6855302600094,-41.6770943257798,5.36278065297562));
#5146=CARTESIAN_POINT('Ctrl Pts',(-18.800988404894,-41.5781276203285,5.61547521640355));
#5147=CARTESIAN_POINT('Ctrl Pts',(-18.9098490957846,-41.4839600883097,5.76242185409514));
#5148=CARTESIAN_POINT('Ctrl Pts',(-19.189786644886,-41.2373804672669,6.04963117903692));
#5149=CARTESIAN_POINT('Ctrl Pts',(-19.3942079945028,-41.0535647359942,6.18332034933546));
#5150=CARTESIAN_POINT('Ctrl Pts',(-19.8195006748275,-40.6580534332374,6.3588262750273));
#5151=CARTESIAN_POINT('Ctrl Pts',(-20.0404383054907,-40.4461441058655,6.4));
#5152=CARTESIAN_POINT('Ctrl Pts',(-20.4311375433005,-40.0602493628687,6.4));
#5153=CARTESIAN_POINT('Ctrl Pts',(-20.6338620940089,-39.8543842659491,6.36328736702455));
#5154=CARTESIAN_POINT('Ctrl Pts',(-21.009886790481,-39.4613518829641,6.19529819816424));
#5155=CARTESIAN_POINT('Ctrl Pts',(-21.1832897085766,-39.2742647935244,6.06406410408016));
#5156=CARTESIAN_POINT('Ctrl Pts',(-21.416200242933,-39.0182979800406,5.77431132333054));
#5157=CARTESIAN_POINT('Ctrl Pts',(-21.5044798693638,-38.9195761646574,5.62190809585723));
#5158=CARTESIAN_POINT('Ctrl Pts',(-21.624876410688,-38.783895942961,5.27738948998073));
#5159=CARTESIAN_POINT('Ctrl Pts',(-21.6568155661092,-38.7474029927467,5.08502890647815));
#5160=CARTESIAN_POINT('Ctrl Pts',(-21.6568155661092,-38.7474029927467,4.90000000000037));
#5161=CARTESIAN_POINT('',(-27.3323148586551,-41.7474029927461,4.90000000000037));
#5162=CARTESIAN_POINT('',(-21.6568155661104,-41.747402992746,4.90000000000037));
#5163=CARTESIAN_POINT('',(-26.5335429863042,-40.0401017164832,6.38560633441697));
#5164=CARTESIAN_POINT('Ctrl Pts',(-26.5335429863041,-40.0401017164833,6.38560633441691));
#5165=CARTESIAN_POINT('Ctrl Pts',(-26.541585357568,-40.0462728450014,6.3864674527281));
#5166=CARTESIAN_POINT('Ctrl Pts',(-26.5495847458816,-40.0525052202702,6.38729791878394));
#5167=CARTESIAN_POINT('Ctrl Pts',(-26.6312374225684,-40.1170953189048,6.39548421174534));
#5168=CARTESIAN_POINT('Ctrl Pts',(-26.7009932888193,-40.1804690640204,6.4000466792712));
#5169=CARTESIAN_POINT('Ctrl Pts',(-26.8160242095641,-40.3003039384915,6.3999637502861));
#5170=CARTESIAN_POINT('Ctrl Pts',(-26.8630019333223,-40.354655326511,6.39724067721913));
#5171=CARTESIAN_POINT('Ctrl Pts',(-26.9603716137882,-40.4798082691015,6.38349435750823));
#5172=CARTESIAN_POINT('Ctrl Pts',(-27.0089225372182,-40.5511129376337,6.37087533677548));
#5173=CARTESIAN_POINT('Ctrl Pts',(-27.1403702483144,-40.7717706068798,6.31359758813635));
#5174=CARTESIAN_POINT('Ctrl Pts',(-27.2045610528222,-40.9210263408214,6.25093061681904));
#5175=CARTESIAN_POINT('Ctrl Pts',(-27.2921012694025,-41.1979121507777,6.07142552903465));
#5176=CARTESIAN_POINT('Ctrl Pts',(-27.3156739028804,-41.3199336820964,5.96161361549687));
#5177=CARTESIAN_POINT('Ctrl Pts',(-27.3431583072067,-41.5405353959184,5.68344154127916));
#5178=CARTESIAN_POINT('Ctrl Pts',(-27.3436583984704,-41.6295728469056,5.51317630468299));
#5179=CARTESIAN_POINT('Ctrl Pts',(-27.339296143972,-41.7262003526604,5.19063218579561));
#5180=CARTESIAN_POINT('Ctrl Pts',(-27.3356585007097,-41.7474029927461,5.0456044385926));
#5181=CARTESIAN_POINT('Ctrl Pts',(-27.3323148586551,-41.7474029927461,4.90000000000037));
#5182=CARTESIAN_POINT('',(-29.5062923771076,-39.5575045378785,6.23193097492724));
#5183=CARTESIAN_POINT('Ctrl Pts',(-29.5062923771077,-39.5575045378785,6.23193097492726));
#5184=CARTESIAN_POINT('Ctrl Pts',(-29.4514933089227,-39.6380470726774,6.27364948088206));
#5185=CARTESIAN_POINT('Ctrl Pts',(-29.3892179804444,-39.717341115379,6.30549392379443));
#5186=CARTESIAN_POINT('Ctrl Pts',(-29.2451372176719,-39.8744872251718,6.35539017440003));
#5187=CARTESIAN_POINT('Ctrl Pts',(-29.1634756140258,-39.9506675211711,6.37204884626165));
#5188=CARTESIAN_POINT('Ctrl Pts',(-28.9640359452267,-40.1082965764848,6.39617922174951));
#5189=CARTESIAN_POINT('Ctrl Pts',(-28.8436037366327,-40.1850207337963,6.40005968052471));
#5190=CARTESIAN_POINT('Ctrl Pts',(-28.494126377004,-40.3598126622802,6.39989433908356));
#5191=CARTESIAN_POINT('Ctrl Pts',(-28.2398892441725,-40.4371535913474,6.38813153600779));
#5192=CARTESIAN_POINT('Ctrl Pts',(-27.6775388976272,-40.4838078815448,6.38144619289261));
#5193=CARTESIAN_POINT('Ctrl Pts',(-27.4105702822914,-40.4468994471925,6.38854970378034));
#5194=CARTESIAN_POINT('Ctrl Pts',(-27.0310222003365,-40.3278368098707,6.39851131043927));
#5195=CARTESIAN_POINT('Ctrl Pts',(-26.8940725711657,-40.2679726542595,6.40168046296915));
#5196=CARTESIAN_POINT('Ctrl Pts',(-26.6842688561001,-40.1479042851778,6.39740933633497));
#5197=CARTESIAN_POINT('Ctrl Pts',(-26.606916957797,-40.0964035450249,6.39346268279282));
#5198=CARTESIAN_POINT('Ctrl Pts',(-26.5335429863041,-40.0401017164833,6.38560633441691));
#5199=CARTESIAN_POINT('Ctrl Pts',(-30.0223880972154,-38.7474029927468,4.90000000000037));
#5200=CARTESIAN_POINT('Ctrl Pts',(-30.0285050692373,-38.7474029927468,5.08548119963395));
#5201=CARTESIAN_POINT('Ctrl Pts',(-30.0098000888132,-38.7841238968541,5.28115614189016));
#5202=CARTESIAN_POINT('Ctrl Pts',(-29.9238189669742,-38.9262976371268,5.63562639118216));
#5203=CARTESIAN_POINT('Ctrl Pts',(-29.8566947607852,-39.0314725819936,5.79456992458353));
#5204=CARTESIAN_POINT('Ctrl Pts',(-29.7043470106752,-39.2638999294199,6.04565110708929));
#5205=CARTESIAN_POINT('Ctrl Pts',(-29.6100780576834,-39.4049624953538,6.15291898299879));
#5206=CARTESIAN_POINT('Ctrl Pts',(-29.5062923771076,-39.5575045378785,6.23193097492726));
#5207=CARTESIAN_POINT('Origin',(-21.6568155661104,-41.747402992746,4.90000000000037));
#5208=CARTESIAN_POINT('',(-18.6028392536054,-41.7474029927467,-12.2));
#5209=CARTESIAN_POINT('',(-18.6028392536056,-41.7474029927465,-8.2));
#5210=CARTESIAN_POINT('',(-19.2157034531817,-41.7474029927467,-12.2));
#5211=CARTESIAN_POINT('',(-10.678407783055,-41.7474029927466,-12.2));
#5212=CARTESIAN_POINT('',(-19.2157034531914,-41.7474029927425,-12.1874545143016));
#5213=CARTESIAN_POINT('',(-19.2157034531819,-41.7474029927465,-8.2));
#5214=CARTESIAN_POINT('',(-19.4981391263097,-41.7474029927465,-12.1097195384182));
#5215=CARTESIAN_POINT('Ctrl Pts',(-19.4980948214973,-41.7473477465726,-12.1096376315136));
#5216=CARTESIAN_POINT('Ctrl Pts',(-19.4148677270479,-41.7473962306321,-12.1375624104265));
#5217=CARTESIAN_POINT('Ctrl Pts',(-19.3303111404146,-41.7472918017572,-12.1612483457455));
#5218=CARTESIAN_POINT('Ctrl Pts',(-19.244732182629,-41.7471051485612,-12.1804953170315));
#5219=CARTESIAN_POINT('Ctrl Pts',(-19.2350713584721,-41.7470840776841,-12.1826680661507));
#5220=CARTESIAN_POINT('Ctrl Pts',(-19.2253975419761,-41.747061918059,-12.1847842407961));
#5221=CARTESIAN_POINT('Ctrl Pts',(-19.2157112038667,-41.7470387393986,-12.1868435487488));
#5222=CARTESIAN_POINT('',(-23.5254654091465,-41.7474029927466,-9.20000000000001));
#5223=CARTESIAN_POINT('Ctrl Pts',(-23.5254654091465,-41.7474029927466,-9.20000000000001));
#5224=CARTESIAN_POINT('Ctrl Pts',(-23.3428316955708,-41.7474029927466,-9.48816776326825));
#5225=CARTESIAN_POINT('Ctrl Pts',(-23.1241388774339,-41.7474029927467,-9.7711519885001));
#5226=CARTESIAN_POINT('Ctrl Pts',(-22.5501827985012,-41.7474029927467,-10.3906696770694));
#5227=CARTESIAN_POINT('Ctrl Pts',(-22.1734698662093,-41.7474029927467,-10.7082481377135));
#5228=CARTESIAN_POINT('Ctrl Pts',(-21.4239161003643,-41.7474029927467,-11.235976685635));
#5229=CARTESIAN_POINT('Ctrl Pts',(-20.9796534622556,-41.7474029927467,-11.4917542426262));
#5230=CARTESIAN_POINT('Ctrl Pts',(-20.1798225071035,-41.7474029927467,-11.8622862998946));
#5231=CARTESIAN_POINT('Ctrl Pts',(-19.8339051826194,-41.7474029927467,-11.9972844226514));
#5232=CARTESIAN_POINT('Ctrl Pts',(-19.4981391263096,-41.7474029927467,-12.109719538418));
#5233=CARTESIAN_POINT('',(-25.1568590497919,-41.7474029927465,-6.24953206017876));
#5234=CARTESIAN_POINT('Origin',(0.300000000000317,-41.7474029927456,5.89999999997362));
#5235=CARTESIAN_POINT('Ctrl Pts',(-27.3323148586551,-41.7474029927461,4.90000000000037));
#5236=CARTESIAN_POINT('Ctrl Pts',(-27.2949323239978,-41.7474029927462,3.27211553061845));
#5237=CARTESIAN_POINT('Ctrl Pts',(-27.1632859373738,-41.7474029927462,1.54474298707023));
#5238=CARTESIAN_POINT('Ctrl Pts',(-26.5795438827913,-41.7474029927464,-2.20569277944395));
#5239=CARTESIAN_POINT('Ctrl Pts',(-26.073610641125,-41.7474029927465,-4.21678407791073));
#5240=CARTESIAN_POINT('Ctrl Pts',(-25.248665621604,-41.7474029927465,-6.05404757560627));
#5241=CARTESIAN_POINT('Ctrl Pts',(-25.2037583324548,-41.7474029927465,-6.15126420736135));
#5242=CARTESIAN_POINT('Ctrl Pts',(-25.1568590497918,-41.7474029927465,-6.24953206017876));
#5243=CARTESIAN_POINT('Origin',(-21.6568155661107,-19.4499999999996,-4.55000000000001));
#5244=CARTESIAN_POINT('',(-34.0879627512768,-18.3999999999997,-4.55000000000002));
#5245=CARTESIAN_POINT('',(-34.0879627512767,-20.4999999999997,-4.55000000000001));
#5246=CARTESIAN_POINT('Ctrl Pts',(-34.0879627512768,-18.3999999999997,-4.55000000000002));
#5247=CARTESIAN_POINT('Ctrl Pts',(-34.1281107057447,-18.3999999999997,-4.41788455858481));
#5248=CARTESIAN_POINT('Ctrl Pts',(-34.1709837172954,-18.4264213952437,-4.27654666905328));
#5249=CARTESIAN_POINT('Ctrl Pts',(-34.2500183752906,-18.5352094124049,-4.01553942826586));
#5250=CARTESIAN_POINT('Ctrl Pts',(-34.2861800749993,-18.6176061511538,-3.89588264687731));
#5251=CARTESIAN_POINT('Ctrl Pts',(-34.34200357797,-18.8057227644225,-3.71097186691953));
#5252=CARTESIAN_POINT('Ctrl Pts',(-34.365881088738,-18.9222117628895,-3.63176665933936));
#5253=CARTESIAN_POINT('Ctrl Pts',(-34.3976708066239,-19.1785715952309,-3.52626198161763));
#5254=CARTESIAN_POINT('Ctrl Pts',(-34.4055756641946,-19.3184587671682,-3.50000000000002));
#5255=CARTESIAN_POINT('Ctrl Pts',(-34.4055756641946,-19.5815412328313,-3.50000000000002));
#5256=CARTESIAN_POINT('Ctrl Pts',(-34.3976708066239,-19.7214284047686,-3.52626198161763));
#5257=CARTESIAN_POINT('Ctrl Pts',(-34.365881088738,-19.97778823711,-3.63176665933937));
#5258=CARTESIAN_POINT('Ctrl Pts',(-34.3420035779699,-20.094277235577,-3.71097186691953));
#5259=CARTESIAN_POINT('Ctrl Pts',(-34.2861800749993,-20.2823938488457,-3.89588264687731));
#5260=CARTESIAN_POINT('Ctrl Pts',(-34.2500183752905,-20.3647905875946,-4.01553942826586));
#5261=CARTESIAN_POINT('Ctrl Pts',(-34.1709837172953,-20.4735786047557,-4.27654666905328));
#5262=CARTESIAN_POINT('Ctrl Pts',(-34.1281107057447,-20.4999999999997,-4.41788455858481));
#5263=CARTESIAN_POINT('Ctrl Pts',(-34.0879627512767,-20.4999999999997,-4.55000000000001));
#5264=CARTESIAN_POINT('Ctrl Pts',(-34.0879627512767,-20.4999999999997,-4.55000000000001));
#5265=CARTESIAN_POINT('Ctrl Pts',(-34.0477901941742,-20.4999999999997,-4.68219640165231));
#5266=CARTESIAN_POINT('Ctrl Pts',(-34.0047504498028,-20.4735493914629,-4.82357239550019));
#5267=CARTESIAN_POINT('Ctrl Pts',(-33.9251432943864,-20.3647121801729,-5.08459966533707));
#5268=CARTESIAN_POINT('Ctrl Pts',(-33.8885825823053,-20.28229745117,-5.20424125601779));
#5269=CARTESIAN_POINT('Ctrl Pts',(-33.8320365508173,-20.0941936840687,-5.38908247419972));
#5270=CARTESIAN_POINT('Ctrl Pts',(-33.8077805807779,-19.9777420211964,-5.46825585482784));
#5271=CARTESIAN_POINT('Ctrl Pts',(-33.775448655397,-19.7214294605952,-5.57373408919615));
#5272=CARTESIAN_POINT('Ctrl Pts',(-33.7673888371747,-19.5815505034686,-5.60000000000001));
#5273=CARTESIAN_POINT('Ctrl Pts',(-33.7673888371747,-19.3184494965309,-5.60000000000001));
#5274=CARTESIAN_POINT('Ctrl Pts',(-33.7754486553971,-19.1785705394042,-5.57373408919615));
#5275=CARTESIAN_POINT('Ctrl Pts',(-33.807780580778,-18.9222579788031,-5.46825585482784));
#5276=CARTESIAN_POINT('Ctrl Pts',(-33.8320365508173,-18.8058063159308,-5.38908247419972));
#5277=CARTESIAN_POINT('Ctrl Pts',(-33.8885825823054,-18.6177025488295,-5.20424125601779));
#5278=CARTESIAN_POINT('Ctrl Pts',(-33.9251432943864,-18.5352878198265,-5.08459966533707));
#5279=CARTESIAN_POINT('Ctrl Pts',(-34.0047504498029,-18.4264506085366,-4.82357239550019));
#5280=CARTESIAN_POINT('Ctrl Pts',(-34.0477901941743,-18.3999999999997,-4.68219640165231));
#5281=CARTESIAN_POINT('Ctrl Pts',(-34.0879627512768,-18.3999999999997,-4.55000000000001));
#5282=CARTESIAN_POINT('',(-28.9128227336671,-20.4999999999997,-4.55000000000001));
#5283=CARTESIAN_POINT('',(-21.6568155661107,-20.4999999999996,-4.55000000000001));
#5284=CARTESIAN_POINT('',(-28.9128227336672,-18.3999999999997,-4.55000000000002));
#5285=CARTESIAN_POINT('Ctrl Pts',(-28.9128227336672,-18.3999999999997,-4.55000000000002));
#5286=CARTESIAN_POINT('Ctrl Pts',(-28.9128227336672,-18.3999999999997,-4.68185251121842));
#5287=CARTESIAN_POINT('Ctrl Pts',(-28.9138072325165,-18.4263530758189,-4.82248587425878));
#5288=CARTESIAN_POINT('Ctrl Pts',(-28.9173653419478,-18.5335129474088,-5.08118081795667));
#5289=CARTESIAN_POINT('Ctrl Pts',(-28.9198878313878,-18.6143191177801,-5.19924335827218));
#5290=CARTESIAN_POINT('Ctrl Pts',(-28.924624727612,-18.8007566364884,-5.38568087698046));
#5291=CARTESIAN_POINT('Ctrl Pts',(-28.9271465069031,-18.9188191793017,-5.46648705103452));
#5292=CARTESIAN_POINT('Ctrl Pts',(-28.9307029927617,-19.1775141303456,-5.57364692650897));
#5293=CARTESIAN_POINT('Ctrl Pts',(-28.9316867811056,-19.3181474961917,-5.60000000000001));
#5294=CARTESIAN_POINT('Ctrl Pts',(-28.9316867811055,-19.5818525038076,-5.60000000000001));
#5295=CARTESIAN_POINT('Ctrl Pts',(-28.9307029927617,-19.7224858696537,-5.57364692650897));
#5296=CARTESIAN_POINT('Ctrl Pts',(-28.9271465069031,-19.9811808206977,-5.46648705103452));
#5297=CARTESIAN_POINT('Ctrl Pts',(-28.924624727612,-20.099243363511,-5.38568087698046));
#5298=CARTESIAN_POINT('Ctrl Pts',(-28.9198878313878,-20.2856808822193,-5.19924335827218));
#5299=CARTESIAN_POINT('Ctrl Pts',(-28.9173653419477,-20.3664870525905,-5.08118081795667));
#5300=CARTESIAN_POINT('Ctrl Pts',(-28.9138072325164,-20.4736469241804,-4.82248587425878));
#5301=CARTESIAN_POINT('Ctrl Pts',(-28.9128227336671,-20.4999999999997,-4.68185251121842));
#5302=CARTESIAN_POINT('Ctrl Pts',(-28.9128227336671,-20.4999999999997,-4.55000000000001));
#5303=CARTESIAN_POINT('Ctrl Pts',(-28.9128227336671,-20.4999999999997,-4.55000000000001));
#5304=CARTESIAN_POINT('Ctrl Pts',(-28.9128227336671,-20.4999999999997,-4.41814748878162));
#5305=CARTESIAN_POINT('Ctrl Pts',(-28.9138072325164,-20.4736469241804,-4.27751412574125));
#5306=CARTESIAN_POINT('Ctrl Pts',(-28.9173653419477,-20.3664870525905,-4.01881918204337));
#5307=CARTESIAN_POINT('Ctrl Pts',(-28.9198878313878,-20.2856808822193,-3.90075664172785));
#5308=CARTESIAN_POINT('Ctrl Pts',(-28.924624727612,-20.099243363511,-3.71431912301957));
#5309=CARTESIAN_POINT('Ctrl Pts',(-28.9271465069031,-19.9811808206977,-3.63351294896551));
#5310=CARTESIAN_POINT('Ctrl Pts',(-28.9307029927617,-19.7224858696537,-3.52635307349106));
#5311=CARTESIAN_POINT('Ctrl Pts',(-28.9316867811055,-19.5818525038076,-3.50000000000001));
#5312=CARTESIAN_POINT('Ctrl Pts',(-28.9316867811056,-19.3181474961917,-3.50000000000001));
#5313=CARTESIAN_POINT('Ctrl Pts',(-28.9307029927617,-19.1775141303456,-3.52635307349106));
#5314=CARTESIAN_POINT('Ctrl Pts',(-28.9271465069031,-18.9188191793017,-3.6335129489655));
#5315=CARTESIAN_POINT('Ctrl Pts',(-28.924624727612,-18.8007566364884,-3.71431912301957));
#5316=CARTESIAN_POINT('Ctrl Pts',(-28.9198878313878,-18.6143191177801,-3.90075664172785));
#5317=CARTESIAN_POINT('Ctrl Pts',(-28.9173653419478,-18.5335129474088,-4.01881918204336));
#5318=CARTESIAN_POINT('Ctrl Pts',(-28.9138072325165,-18.4263530758189,-4.27751412574125));
#5319=CARTESIAN_POINT('Ctrl Pts',(-28.9128227336672,-18.3999999999997,-4.41814748878161));
#5320=CARTESIAN_POINT('Ctrl Pts',(-28.9128227336672,-18.3999999999997,-4.55000000000001));
#5321=CARTESIAN_POINT('Origin',(-21.656815566111,1.34740299274724,4.90000000000037));
#5322=CARTESIAN_POINT('',(-21.656815566111,-0.152597007252407,4.90000000000037));
#5323=CARTESIAN_POINT('',(-18.6028392536086,2.84740299274693,4.90000000000037));
#5324=CARTESIAN_POINT('Ctrl Pts',(-21.656815566111,-0.152597007252406,4.90000000000037));
#5325=CARTESIAN_POINT('Ctrl Pts',(-21.656815566111,-0.152597007252406,5.08502890647815));
#5326=CARTESIAN_POINT('Ctrl Pts',(-21.6248764106898,-0.116104057038113,
5.27738948998073));
#5327=CARTESIAN_POINT('Ctrl Pts',(-21.5044798693656,0.0195761646582675,
5.62190809585725));
#5328=CARTESIAN_POINT('Ctrl Pts',(-21.4162002429349,0.118297980041475,5.77431132333056));
#5329=CARTESIAN_POINT('Ctrl Pts',(-21.1832897085785,0.374264793525271,6.06406410408017));
#5330=CARTESIAN_POINT('Ctrl Pts',(-21.0098867904829,0.561351882964988,6.19529819816426));
#5331=CARTESIAN_POINT('Ctrl Pts',(-20.6338620940109,0.954384265949963,6.36328736702456));
#5332=CARTESIAN_POINT('Ctrl Pts',(-20.4311375433025,1.16024936286964,6.40000000000001));
#5333=CARTESIAN_POINT('Ctrl Pts',(-20.0404383054928,1.54614410586642,6.40000000000001));
#5334=CARTESIAN_POINT('Ctrl Pts',(-19.8195006748297,1.75805343323835,6.35882627502731));
#5335=CARTESIAN_POINT('Ctrl Pts',(-19.394207994505,2.15356473599514,6.18332034933547));
#5336=CARTESIAN_POINT('Ctrl Pts',(-19.1897866448882,2.3373804672679,6.04963117903694));
#5337=CARTESIAN_POINT('Ctrl Pts',(-18.9098490957869,2.58396008831062,5.76242185409516));
#5338=CARTESIAN_POINT('Ctrl Pts',(-18.8009884048963,2.67812762032946,5.61547521640356));
#5339=CARTESIAN_POINT('Ctrl Pts',(-18.6855302600117,2.77709432578077,5.36278065297562));
#5340=CARTESIAN_POINT('Ctrl Pts',(-18.6547905187049,2.80327243912761,5.27319139115826));
#5341=CARTESIAN_POINT('Ctrl Pts',(-18.6134447844815,2.83842493072933,5.08879722731859));
#5342=CARTESIAN_POINT('Ctrl Pts',(-18.6028392536086,2.84740299274693,4.99399292397811));
#5343=CARTESIAN_POINT('Ctrl Pts',(-18.6028392536086,2.84740299274693,4.90000000000037));
#5344=CARTESIAN_POINT('',(-30.0223880972168,-0.152597007252525,4.90000000000037));
#5345=CARTESIAN_POINT('',(-21.656815566111,-0.152597007252406,4.90000000000037));
#5346=CARTESIAN_POINT('',(-29.5062923771076,0.657504537881454,6.23193097492847));
#5347=CARTESIAN_POINT('Ctrl Pts',(-29.5062923771076,0.657504537881454,6.23193097492846));
#5348=CARTESIAN_POINT('Ctrl Pts',(-29.610078057684,0.504962495355864,6.15291898299987));
#5349=CARTESIAN_POINT('Ctrl Pts',(-29.7043470106764,0.363899929421136,6.04565110708994));
#5350=CARTESIAN_POINT('Ctrl Pts',(-29.8566947607867,0.131472581994231,5.79456992458355));
#5351=CARTESIAN_POINT('Ctrl Pts',(-29.9238189669757,0.0262976371274814,
5.63562639118217));
#5352=CARTESIAN_POINT('Ctrl Pts',(-30.0098000888147,-0.115876103145298,
5.28115614189017));
#5353=CARTESIAN_POINT('Ctrl Pts',(-30.0285050692388,-0.152597007252524,
5.08548119963395));
#5354=CARTESIAN_POINT('Ctrl Pts',(-30.0223880972168,-0.152597007252524,
4.90000000000037));
#5355=CARTESIAN_POINT('',(-26.5335429863042,1.1401017164862,6.38560633441732));
#5356=CARTESIAN_POINT('Ctrl Pts',(-26.5335429863042,1.14010171648621,6.38560633441723));
#5357=CARTESIAN_POINT('Ctrl Pts',(-26.5363237441023,1.14223546699174,6.38590407763007));
#5358=CARTESIAN_POINT('Ctrl Pts',(-26.5391106618218,1.14436267888758,6.38619622196929));
#5359=CARTESIAN_POINT('Ctrl Pts',(-26.6479623775237,1.22700885222671,6.39736704887469));
#5360=CARTESIAN_POINT('Ctrl Pts',(-26.7620358604377,1.29739242909769,6.40032210645736));
#5361=CARTESIAN_POINT('Ctrl Pts',(-27.1038890261706,1.46489462601498,6.39933117796651));
#5362=CARTESIAN_POINT('Ctrl Pts',(-27.3578888168095,1.54013640178237,6.38771944774522));
#5363=CARTESIAN_POINT('Ctrl Pts',(-27.9173786565608,1.58281691458312,6.38157172366199));
#5364=CARTESIAN_POINT('Ctrl Pts',(-28.1819995432849,1.54500521501622,6.38882446361563));
#5365=CARTESIAN_POINT('Ctrl Pts',(-28.6314707374805,1.40205978958058,6.40055877730712));
#5366=CARTESIAN_POINT('Ctrl Pts',(-28.8262994634522,1.30170274517392,6.40437430928665));
#5367=CARTESIAN_POINT('Ctrl Pts',(-29.0877248315631,1.11426255095427,6.38320569103084));
#5368=CARTESIAN_POINT('Ctrl Pts',(-29.1722514268781,1.04266685206037,6.37087969341747));
#5369=CARTESIAN_POINT('Ctrl Pts',(-29.3482484714162,0.868280768892667,6.32498018117675));
#5370=CARTESIAN_POINT('Ctrl Pts',(-29.4337133947957,0.764179622004906,6.28718532150855));
#5371=CARTESIAN_POINT('Ctrl Pts',(-29.5062923771076,0.657504537881455,6.23193097492846));
#5372=CARTESIAN_POINT('',(-27.3323148586552,2.8474029927468,4.90000000000037));
#5373=CARTESIAN_POINT('Ctrl Pts',(-27.3323148586551,2.8474029927468,4.90000000000037));
#5374=CARTESIAN_POINT('Ctrl Pts',(-27.3355324841693,2.8474029927468,5.04011683934443));
#5375=CARTESIAN_POINT('Ctrl Pts',(-27.3390045022937,2.82776870226152,5.17973268289847));
#5376=CARTESIAN_POINT('Ctrl Pts',(-27.3433315127394,2.74211102118496,5.47746263674965));
#5377=CARTESIAN_POINT('Ctrl Pts',(-27.3434711459223,2.6680882769662,5.63093018187649));
#5378=CARTESIAN_POINT('Ctrl Pts',(-27.3253683216686,2.48504929387204,5.88868036977582));
#5379=CARTESIAN_POINT('Ctrl Pts',(-27.309413297903,2.38315258709632,5.99459598075502));
#5380=CARTESIAN_POINT('Ctrl Pts',(-27.2450072995449,2.1340377013263,6.18859873078858));
#5381=CARTESIAN_POINT('Ctrl Pts',(-27.1924706635211,1.98778977257381,6.2655314560099));
#5382=CARTESIAN_POINT('Ctrl Pts',(-27.0701698637343,1.74964864883372,6.34815832581506));
#5383=CARTESIAN_POINT('Ctrl Pts',(-27.0168135206012,1.66167144896789,6.36922399416401));
#5384=CARTESIAN_POINT('Ctrl Pts',(-26.9135999240434,1.51765608764932,6.39150591684196));
#5385=CARTESIAN_POINT('Ctrl Pts',(-26.8679820855242,1.46054934032127,6.39672902901996));
#5386=CARTESIAN_POINT('Ctrl Pts',(-26.7660263373475,1.34598466592856,6.40119407776898));
#5387=CARTESIAN_POINT('Ctrl Pts',(-26.7093396914069,1.28927532609495,6.3998236114725));
#5388=CARTESIAN_POINT('Ctrl Pts',(-26.6121182422664,1.20271230379761,6.39337922377429));
#5389=CARTESIAN_POINT('Ctrl Pts',(-26.573426713908,1.17070557705786,6.38987679234948));
#5390=CARTESIAN_POINT('Ctrl Pts',(-26.5335429863042,1.14010171648621,6.38560633441723));
#5391=CARTESIAN_POINT('',(-21.656815566111,2.84740299274688,4.90000000000037));
#5392=CARTESIAN_POINT('Origin',(-21.656815566111,2.84740299274761,-12.2));
#5393=CARTESIAN_POINT('',(-18.6028392536078,2.84740299274765,-12.2));
#5394=CARTESIAN_POINT('',(-18.602839253608,2.84740299274748,-8.2));
#5395=CARTESIAN_POINT('',(-25.156859049789,2.8474029927473,-6.24953206018872));
#5396=CARTESIAN_POINT('Ctrl Pts',(-25.156859049789,2.84740299274731,-6.24953206018873));
#5397=CARTESIAN_POINT('Ctrl Pts',(-25.2037583324529,2.8474029927473,-6.15126420736939));
#5398=CARTESIAN_POINT('Ctrl Pts',(-25.248665621603,2.8474029927473,-6.05404757561239));
#5399=CARTESIAN_POINT('Ctrl Pts',(-26.073610641125,2.84740299274721,-4.21678407791434));
#5400=CARTESIAN_POINT('Ctrl Pts',(-26.5795438827913,2.84740299274711,-2.20569277944683));
#5401=CARTESIAN_POINT('Ctrl Pts',(-27.1632859373739,2.84740299274695,1.54474298706882));
#5402=CARTESIAN_POINT('Ctrl Pts',(-27.2949323239979,2.84740299274687,3.27211553061777));
#5403=CARTESIAN_POINT('Ctrl Pts',(-27.3323148586551,2.8474029927468,4.90000000000037));
#5404=CARTESIAN_POINT('',(-23.5254654091485,2.84740299274745,-9.2));
#5405=CARTESIAN_POINT('Origin',(0.29999999999969,2.84740299274715,5.89999999997362));
#5406=CARTESIAN_POINT('',(-19.4981391262992,2.84740299274189,-12.1097195384266));
#5407=CARTESIAN_POINT('Ctrl Pts',(-19.4981391262979,2.84740299274763,-12.1097195384227));
#5408=CARTESIAN_POINT('Ctrl Pts',(-19.4993947012816,2.84740299274763,-12.1092990947358));
#5409=CARTESIAN_POINT('Ctrl Pts',(-19.5006499885551,2.84740299274763,-12.1088784870042));
#5410=CARTESIAN_POINT('Ctrl Pts',(-19.974479284108,2.84740299274762,-11.9500147379434));
#5411=CARTESIAN_POINT('Ctrl Pts',(-20.480595400756,2.8474029927476,-11.7413046779771));
#5412=CARTESIAN_POINT('Ctrl Pts',(-21.4405153060111,2.84740299274757,-11.2296569439927));
#5413=CARTESIAN_POINT('Ctrl Pts',(-21.8938481603507,2.84740299274755,-10.9258362233786));
#5414=CARTESIAN_POINT('Ctrl Pts',(-22.5772714851112,2.84740299274752,-10.355119936504));
#5415=CARTESIAN_POINT('Ctrl Pts',(-22.8836231299983,2.8474029927475,-10.0531514178286));
#5416=CARTESIAN_POINT('Ctrl Pts',(-23.2867738958547,2.84740299274747,-9.55331039244967));
#5417=CARTESIAN_POINT('Ctrl Pts',(-23.4125834805909,2.84740299274746,-9.37811023073993));
#5418=CARTESIAN_POINT('Ctrl Pts',(-23.5254654091485,2.84740299274745,-9.2));
#5419=CARTESIAN_POINT('',(-19.215703453192,2.84740299274414,-12.1874545143017));
#5420=CARTESIAN_POINT('Ctrl Pts',(-19.2157082715862,2.84704701107956,-12.1868538165839));
#5421=CARTESIAN_POINT('Ctrl Pts',(-19.3014872848971,2.84724745519246,-12.1686116516768));
#5422=CARTESIAN_POINT('Ctrl Pts',(-19.38628071258,2.84737323015846,-12.1459129079257));
#5423=CARTESIAN_POINT('Ctrl Pts',(-19.469777724289,2.84735843179243,-12.1189585672989));
#5424=CARTESIAN_POINT('Ctrl Pts',(-19.4792334890823,2.84735675592565,-12.1159060759593));
#5425=CARTESIAN_POINT('Ctrl Pts',(-19.4886726634825,2.84735323663767,-12.1127990012674));
#5426=CARTESIAN_POINT('Ctrl Pts',(-19.4980948224922,2.84734774781666,-12.1096376304052));
#5427=CARTESIAN_POINT('',(-19.215703453184,2.84740299274764,-12.2));
#5428=CARTESIAN_POINT('',(-19.2157034531842,2.84740299274747,-8.2));
#5429=CARTESIAN_POINT('',(-10.6784077830557,2.84740299274776,-12.2));
#5430=CARTESIAN_POINT('Origin',(-21.656815566111,-0.152597007252395,4.90000000000037));
#5431=CARTESIAN_POINT('',(-22.1865982137971,-0.152597007247786,-12.1322607245955));
#5432=CARTESIAN_POINT('',(-22.186598213805,-0.152597007252404,-12.2));
#5433=CARTESIAN_POINT('',(-22.186598213805,-0.152597007252404,-8.2));
#5434=CARTESIAN_POINT('',(-24.5467844042957,-0.152597007252436,-8.69069120530523));
#5435=CARTESIAN_POINT('Ctrl Pts',(-24.5467844042957,-0.152597007252436,
-8.69069120530524));
#5436=CARTESIAN_POINT('Ctrl Pts',(-24.4505895244551,-0.152597007252435,
-9.16272065295139));
#5437=CARTESIAN_POINT('Ctrl Pts',(-24.3090604002221,-0.152597007252434,
-9.61972156523323));
#5438=CARTESIAN_POINT('Ctrl Pts',(-23.8923791983796,-0.152597007252428,
-10.5120145256375));
#5439=CARTESIAN_POINT('Ctrl Pts',(-23.6158372552586,-0.152597007252423,
-10.9334493081903));
#5440=CARTESIAN_POINT('Ctrl Pts',(-22.9575227278202,-0.152597007252414,
-11.6361873444559));
#5441=CARTESIAN_POINT('Ctrl Pts',(-22.5926307810177,-0.152597007252409,
-11.9194698293476));
#5442=CARTESIAN_POINT('Ctrl Pts',(-22.1865982137974,-0.152597007252403,
-12.1322607245962));
#5443=CARTESIAN_POINT('',(-24.8488652100885,-0.152597007252442,-5.90558968396211));
#5444=CARTESIAN_POINT('Ctrl Pts',(-24.8488652100885,-0.152597007252441,
-5.90558968396211));
#5445=CARTESIAN_POINT('Ctrl Pts',(-24.8488652100885,-0.152597007252441,
-6.76875562172418));
#5446=CARTESIAN_POINT('Ctrl Pts',(-24.7435110577758,-0.152597007252439,
-7.70736933929393));
#5447=CARTESIAN_POINT('Ctrl Pts',(-24.5548108044355,-0.152597007252436,
-8.65111912006212));
#5448=CARTESIAN_POINT('Ctrl Pts',(-24.5508158211545,-0.152597007252436,
-8.67090899365044));
#5449=CARTESIAN_POINT('Ctrl Pts',(-24.5467844042957,-0.152597007252436,
-8.69069120530523));
#5450=CARTESIAN_POINT('',(-28.4505474889112,-0.152597007252493,-3.78778813798954));
#5451=CARTESIAN_POINT('Ctrl Pts',(-28.4505474889112,-0.152597007252491,
-3.78778813798954));
#5452=CARTESIAN_POINT('Ctrl Pts',(-28.2680224887091,-0.152597007252489,
-4.32946943938593));
#5453=CARTESIAN_POINT('Ctrl Pts',(-28.0642040087838,-0.152597007252487,
-4.85373543128488));
#5454=CARTESIAN_POINT('Ctrl Pts',(-27.5049319977864,-0.152597007252479,
-6.06484471830854));
#5455=CARTESIAN_POINT('Ctrl Pts',(-27.0508712710988,-0.152597007252474,
-6.88827118533798));
#5456=CARTESIAN_POINT('Ctrl Pts',(-26.3728014538244,-0.152597007252465,
-7.55610080060307));
#5457=CARTESIAN_POINT('Ctrl Pts',(-26.2180541601329,-0.152597007252462,
-7.68554127713259));
#5458=CARTESIAN_POINT('Ctrl Pts',(-25.985796572257,-0.152597007252458,-7.82127565459544));
#5459=CARTESIAN_POINT('Ctrl Pts',(-25.8751629480087,-0.152597007252457,
-7.87044540983217));
#5460=CARTESIAN_POINT('Ctrl Pts',(-25.7057272479309,-0.152597007252454,
-7.90772979707948));
#5461=CARTESIAN_POINT('Ctrl Pts',(-25.6187491010035,-0.152597007252454,
-7.91268709534));
#5462=CARTESIAN_POINT('Ctrl Pts',(-25.4834431969328,-0.152597007252452,
-7.88980922647913));
#5463=CARTESIAN_POINT('Ctrl Pts',(-25.4112821009306,-0.152597007252449,
-7.86139888865461));
#5464=CARTESIAN_POINT('Ctrl Pts',(-25.2985485142464,-0.152597007252448,
-7.78853284009703));
#5465=CARTESIAN_POINT('Ctrl Pts',(-25.2389775469303,-0.152597007252445,
-7.72998400781468));
#5466=CARTESIAN_POINT('Ctrl Pts',(-25.1345705673828,-0.152597007252443,
-7.59397016270603));
#5467=CARTESIAN_POINT('Ctrl Pts',(-25.0793209452826,-0.152597007252442,
-7.48493657897769));
#5468=CARTESIAN_POINT('Ctrl Pts',(-24.8709774989424,-0.152597007252439,
-6.94804467108856));
#5469=CARTESIAN_POINT('Ctrl Pts',(-24.8488652100885,-0.15259700725244,-6.37962828663778));
#5470=CARTESIAN_POINT('Ctrl Pts',(-24.8488652100885,-0.15259700725244,-5.90558968396211));
#5471=CARTESIAN_POINT('Origin',(0.299999999999732,-0.152597007252087,5.89999999997267));
#5472=CARTESIAN_POINT('',(-21.656815566111,-0.152597007252395,-12.2));
#5473=CARTESIAN_POINT('',(-21.656815566111,-0.152597007252395,-8.2));
#5474=CARTESIAN_POINT('',(-10.6784077830556,-0.152597007252241,-12.2));
#5475=CARTESIAN_POINT('Origin',(0.300000000000002,-19.4499999999985,-8.2));
#5476=CARTESIAN_POINT('',(-23.2083976834622,-37.4886279866611,-9.72149387998249));
#5477=CARTESIAN_POINT('Ctrl Pts',(-22.1865982137981,-38.7474029927526,-12.132260724595));
#5478=CARTESIAN_POINT('Ctrl Pts',(-22.2367559551411,-38.6889559065144,-12.1114706932824));
#5479=CARTESIAN_POINT('Ctrl Pts',(-22.2859388772531,-38.6311822286471,-12.0859829041881));
#5480=CARTESIAN_POINT('Ctrl Pts',(-22.4905261478188,-38.3890512726362,-11.9577812143477));
#5481=CARTESIAN_POINT('Ctrl Pts',(-22.6304295045143,-38.2188076476851,-11.813400715776));
#5482=CARTESIAN_POINT('Ctrl Pts',(-22.876619782822,-37.9140759265817,-11.438474457218));
#5483=CARTESIAN_POINT('Ctrl Pts',(-22.9766728882602,-37.7870573300417,-11.2081057256694));
#5484=CARTESIAN_POINT('Ctrl Pts',(-23.1067408620902,-37.6205735137876,-10.7593847728526));
#5485=CARTESIAN_POINT('Ctrl Pts',(-23.1467600243731,-37.5687216308335,-10.5540455458459));
#5486=CARTESIAN_POINT('Ctrl Pts',(-23.1972635835566,-37.5031748531699,-10.1382195224452));
#5487=CARTESIAN_POINT('Ctrl Pts',(-23.2083976862537,-37.4886279888032,-9.93032043425934));
#5488=CARTESIAN_POINT('Ctrl Pts',(-23.2083976862537,-37.4886279888032,-9.72149387397845));
#5489=CARTESIAN_POINT('',(-24.4436395877551,-35.7530414771899,-12.2000000005903));
#5490=CARTESIAN_POINT('Ctrl Pts',(-23.2083976862537,-37.4886279888032,-9.72149387397845));
#5491=CARTESIAN_POINT('Ctrl Pts',(-23.2083976862537,-37.4886279888032,-10.23627813525));
#5492=CARTESIAN_POINT('Ctrl Pts',(-23.274938124031,-37.4018914502121,-10.6052976438339));
#5493=CARTESIAN_POINT('Ctrl Pts',(-23.4101390248808,-37.2230168148,-11.1391214189022));
#5494=CARTESIAN_POINT('Ctrl Pts',(-23.5107547199638,-37.0889228757806,-11.3947480603495));
#5495=CARTESIAN_POINT('Ctrl Pts',(-23.7489789649436,-36.7623881516781,-11.7940289534004));
#5496=CARTESIAN_POINT('Ctrl Pts',(-23.877031752294,-36.5837989254279,-11.9428382850345));
#5497=CARTESIAN_POINT('Ctrl Pts',(-24.1540824847442,-36.1859837092751,-12.1469020506155));
#5498=CARTESIAN_POINT('Ctrl Pts',(-24.2994546104954,-35.971875560092,-12.200000000005));
#5499=CARTESIAN_POINT('Ctrl Pts',(-24.4436395882735,-35.7530414775624,-12.2));
#5500=CARTESIAN_POINT('Origin',(0.300000000000002,-19.4499999999985,-12.2));
#5501=CARTESIAN_POINT('Ctrl Pts',(-22.1865982137958,-38.7474029927508,-12.1322607245964));
#5502=CARTESIAN_POINT('Ctrl Pts',(-23.187337702777,-39.5455855855259,-11.5327393559791));
#5503=CARTESIAN_POINT('Ctrl Pts',(-24.0186533118869,-40.2059634092938,-10.4711430239711));
#5504=CARTESIAN_POINT('Ctrl Pts',(-24.4873112156744,-40.5780237032443,-9.18565930881443));
#5505=CARTESIAN_POINT('Ctrl Pts',(-22.3948478562547,-38.4154591159115,-12.054338308536));
#5506=CARTESIAN_POINT('Ctrl Pts',(-23.3854866511795,-39.2002983706006,-11.4667878758797));
#5507=CARTESIAN_POINT('Ctrl Pts',(-24.2096876583952,-39.8510923453295,-10.4216288135123));
#5508=CARTESIAN_POINT('Ctrl Pts',(-24.6747028568025,-40.2181158178383,-9.1529945656909));
#5509=CARTESIAN_POINT('Ctrl Pts',(-22.7528139362887,-37.6171411339778,-11.6273153181617));
#5510=CARTESIAN_POINT('Ctrl Pts',(-23.6737896334857,-38.3326822638147,-11.0896177763823));
#5511=CARTESIAN_POINT('Ctrl Pts',(-24.4418699152001,-38.9286348039533,-10.1274255757541));
#5512=CARTESIAN_POINT('Ctrl Pts',(-24.875048770907,-39.2647237042614,-8.95753402809605));
#5513=CARTESIAN_POINT('Ctrl Pts',(-22.6693864346516,-37.0750301086245,-10.789715586521));
#5514=CARTESIAN_POINT('Ctrl Pts',(-23.4388171251678,-37.6652748278478,-10.336249639128));
#5515=CARTESIAN_POINT('Ctrl Pts',(-24.0763055202884,-38.1546661542285,-9.53347570684886));
#5516=CARTESIAN_POINT('Ctrl Pts',(-24.4360385183778,-38.4306299308369,-8.56050584271531));
#5517=CARTESIAN_POINT('Ctrl Pts',(-22.4886716932653,-36.9363628104332,-10.3081617443713));
#5518=CARTESIAN_POINT('Ctrl Pts',(-23.1679564948482,-37.4575963712117,-9.90315027986933));
#5519=CARTESIAN_POINT('Ctrl Pts',(-23.7292425370017,-37.888286299332,-9.19136531055918));
#5520=CARTESIAN_POINT('Ctrl Pts',(-24.045393733502,-38.1308776446885,-8.33213778006432));
#5521=CARTESIAN_POINT('',(-24.045393733502,-38.1308776446885,-8.33213778006432));
#5522=CARTESIAN_POINT('Origin',(-22.7873583771809,-39.7703812409774,-8.33213778006432));
#5523=CARTESIAN_POINT('Ctrl Pts',(-24.045393733502,-38.1308776446885,-8.33213778006432));
#5524=CARTESIAN_POINT('Ctrl Pts',(-23.8498044570255,-37.9807967142888,-8.86370524803056));
#5525=CARTESIAN_POINT('Ctrl Pts',(-23.5603930111069,-37.7587235012054,-9.33884099605263));
#5526=CARTESIAN_POINT('Ctrl Pts',(-23.2072630674436,-37.4877573651691,-9.71981815553977));
#5527=CARTESIAN_POINT('Origin',(1.55803535632108,-21.0895035962875,5.89999999997267));
#5528=CARTESIAN_POINT('Origin',(0.299999999999998,-19.4499999999985,5.89999999997267));
#5529=CARTESIAN_POINT('Origin',(-0.958035356321084,-17.8104964037096,5.89999999997267));
#5530=CARTESIAN_POINT('',(-23.7140747735663,-37.8766476651007,21.));
#5531=CARTESIAN_POINT('Origin',(0.299999999999998,-19.4499999999985,5.89999999997267));
#5532=CARTESIAN_POINT('',(-26.8647018340066,-37.5305408229671,21.0000000000095));
#5533=CARTESIAN_POINT('Ctrl Pts',(-23.7140747735663,-37.8766476651007,21.));
#5534=CARTESIAN_POINT('Ctrl Pts',(-23.9473995579912,-38.0556840691543,21.));
#5535=CARTESIAN_POINT('Ctrl Pts',(-24.2614482305925,-38.2166980294255,21.));
#5536=CARTESIAN_POINT('Ctrl Pts',(-24.8097320560115,-38.3759910338872,21.));
#5537=CARTESIAN_POINT('Ctrl Pts',(-25.1402800419101,-38.4093443140004,21.));
#5538=CARTESIAN_POINT('Ctrl Pts',(-25.6739838041429,-38.3553305964837,21.));
#5539=CARTESIAN_POINT('Ctrl Pts',(-25.972206302968,-38.2653911038805,21.));
#5540=CARTESIAN_POINT('Ctrl Pts',(-26.4157521819107,-38.0210776813223,21.));
#5541=CARTESIAN_POINT('Ctrl Pts',(-26.6411048626997,-37.8289016904861,21.));
#5542=CARTESIAN_POINT('Ctrl Pts',(-26.7913512057912,-37.6330968439926,21.));
#5543=CARTESIAN_POINT('Ctrl Pts',(-26.8162908235829,-37.6005949012976,21.));
#5544=CARTESIAN_POINT('Ctrl Pts',(-26.8408939570428,-37.5663104321562,21.));
#5545=CARTESIAN_POINT('Ctrl Pts',(-26.8647018340102,-37.5305408229695,21.));
#5546=CARTESIAN_POINT('Origin',(-1.0347491553276,-17.7105210343972,5.89999999997267));
#5547=CARTESIAN_POINT('Origin',(-0.958035356321084,-17.8104964037096,5.89999999997267));
#5548=CARTESIAN_POINT('',(-26.8647018340302,-37.5305408229852,-9.19999999999999));
#5549=CARTESIAN_POINT('Origin',(-1.0347491553276,-17.7105210343972,5.89999999997267));
#5550=CARTESIAN_POINT('Origin',(-25.3034290898221,-36.4913740483988,-8.332137780067));
#5551=CARTESIAN_POINT('Origin',(0.300000000000002,-19.4499999999985,5.89999999997267));
#5552=CARTESIAN_POINT('',(-28.9405585838556,-33.9350514629937,21.0000000000095));
#5553=CARTESIAN_POINT('Origin',(0.299999999998761,-19.4499999999992,21.0000000000074));
#5554=CARTESIAN_POINT('',(-28.9405585838848,-33.9350514630058,-9.19999999999798));
#5555=CARTESIAN_POINT('Origin',(1.1390583958956,-21.4756661589927,5.89999999997267));
#5556=CARTESIAN_POINT('Origin',(0.300000000000238,-19.4499999999984,-9.19999999999768));
#5557=CARTESIAN_POINT('Ctrl Pts',(-24.4873112156721,1.67802370324758,-9.18565930881857));
#5558=CARTESIAN_POINT('Ctrl Pts',(-24.018653329167,1.30596342301729,-10.4711429765689));
#5559=CARTESIAN_POINT('Ctrl Pts',(-23.1873377898847,0.645585655007465,-11.532739303795));
#5560=CARTESIAN_POINT('Ctrl Pts',(-22.1865982137934,-0.15259700724606,-12.1322607245977));
#5561=CARTESIAN_POINT('Ctrl Pts',(-24.7371667371768,1.19814652270611,-9.14210631798729));
#5562=CARTESIAN_POINT('Ctrl Pts',(-24.2731363674251,0.832664234455907,-10.4056030619765));
#5563=CARTESIAN_POINT('Ctrl Pts',(-23.4519675566959,0.185443022719513,-11.444673169761));
#5564=CARTESIAN_POINT('Ctrl Pts',(-22.464264403739,-0.595188843031946,-12.0283641698507));
#5565=CARTESIAN_POINT('Ctrl Pts',(-24.8471977452784,0.209636193716786,-8.90349941996671));
#5566=CARTESIAN_POINT('Ctrl Pts',(-24.4237702974114,-0.117927023784881,
-10.0463851110559));
#5567=CARTESIAN_POINT('Ctrl Pts',(-23.6726910668709,-0.69899550611103,-10.9869583330427));
#5568=CARTESIAN_POINT('Ctrl Pts',(-22.7718726416977,-1.39657901463209,-11.5129272745374));
#5569=CARTESIAN_POINT('Ctrl Pts',(-24.3383773221579,-0.544308140697964,
-8.50341382705561));
#5570=CARTESIAN_POINT('Ctrl Pts',(-23.9896977018296,-0.811840175641013,
-9.44762564743342));
#5571=CARTESIAN_POINT('Ctrl Pts',(-23.3708042484157,-1.28679673514575,-10.2280623035392));
#5572=CARTESIAN_POINT('Ctrl Pts',(-22.624207749304,-1.85963671592113,-10.6693271259844));
#5573=CARTESIAN_POINT('Ctrl Pts',(-24.045393733501,-0.769122355309318,-8.332137780067));
#5574=CARTESIAN_POINT('Ctrl Pts',(-23.7292425486592,-1.01171369171995,-9.19136527887505));
#5575=CARTESIAN_POINT('Ctrl Pts',(-23.167956553976,-1.442403583415,-9.90315024461581));
#5576=CARTESIAN_POINT('Ctrl Pts',(-22.4886716932642,-1.96363718956467,-10.3081617443719));
#5577=CARTESIAN_POINT('',(-23.2083976834622,-1.41137201333592,-9.7214938799825));
#5578=CARTESIAN_POINT('Ctrl Pts',(-23.2083976862537,-1.41137201119389,-9.72149387397845));
#5579=CARTESIAN_POINT('Ctrl Pts',(-23.2083976862537,-1.41137201119389,-10.2362781352504));
#5580=CARTESIAN_POINT('Ctrl Pts',(-23.1418385561118,-1.32464981575853,-10.6052976438341));
#5581=CARTESIAN_POINT('Ctrl Pts',(-23.0040514941542,-1.14775961155978,-11.1391214189022));
#5582=CARTESIAN_POINT('Ctrl Pts',(-22.9005679534303,-1.01586624789812,-11.3947480603495));
#5583=CARTESIAN_POINT('Ctrl Pts',(-22.6468166018455,-0.701245891738848,
-11.7940289534004));
#5584=CARTESIAN_POINT('Ctrl Pts',(-22.5074551560582,-0.531334104305061,
-11.9428382850345));
#5585=CARTESIAN_POINT('Ctrl Pts',(-22.2974801814193,-0.282381992156816,
-12.0799291109726));
#5586=CARTESIAN_POINT('Ctrl Pts',(-22.2426513917035,-0.217913842397669,
-12.1090270762564));
#5587=CARTESIAN_POINT('Ctrl Pts',(-22.1865982137971,-0.15259700724317,-12.1322607245955));
#5588=CARTESIAN_POINT('',(-24.045393733502,-0.769122355308569,-8.33213778006433));
#5589=CARTESIAN_POINT('Ctrl Pts',(-24.045393733502,-0.769122355308571,-8.33213778006433));
#5590=CARTESIAN_POINT('Ctrl Pts',(-23.8498045038749,-0.919203249759429,
-8.86370512070443));
#5591=CARTESIAN_POINT('Ctrl Pts',(-23.5603218831043,-1.14133107722763,-9.33873565806762));
#5592=CARTESIAN_POINT('Ctrl Pts',(-23.2071808983754,-1.41230568537159,-9.71969631420198));
#5593=CARTESIAN_POINT('Origin',(-22.7873583771799,0.87038124097965,-8.332137780067));
#5594=CARTESIAN_POINT('Origin',(0.300000000000002,-19.4499999999985,-8.2));
#5595=CARTESIAN_POINT('',(-24.4436395881051,-3.14695852252358,-12.2000000001754));
#5596=CARTESIAN_POINT('Origin',(0.300000000000002,-19.4499999999985,-12.2));
#5597=CARTESIAN_POINT('Ctrl Pts',(-24.4436395882592,-3.1469585224129,-12.2));
#5598=CARTESIAN_POINT('Ctrl Pts',(-24.3046889672524,-2.93606878803513,-12.2000000000014));
#5599=CARTESIAN_POINT('Ctrl Pts',(-24.1645773854664,-2.72946733680362,-12.1506805290979));
#5600=CARTESIAN_POINT('Ctrl Pts',(-23.892340964616,-2.33782936463579,-11.9577812143477));
#5601=CARTESIAN_POINT('Ctrl Pts',(-23.7641079037013,-2.15863080677438,-11.813400715776));
#5602=CARTESIAN_POINT('Ctrl Pts',(-23.5334783969431,-1.8419588857073,-11.438474457218));
#5603=CARTESIAN_POINT('Ctrl Pts',(-23.4366835033352,-1.71244017529739,-11.2081057256694));
#5604=CARTESIAN_POINT('Ctrl Pts',(-23.3095365543413,-1.543714977854,-10.7593847728526));
#5605=CARTESIAN_POINT('Ctrl Pts',(-23.2698092028221,-1.4916391806256,-10.554045545846));
#5606=CARTESIAN_POINT('Ctrl Pts',(-23.2195671604089,-1.42589173408625,-10.1382195224452));
#5607=CARTESIAN_POINT('Ctrl Pts',(-23.2083976862537,-1.4113720111939,-9.93032043425927));
#5608=CARTESIAN_POINT('Ctrl Pts',(-23.2083976862537,-1.4113720111939,-9.72149387397845));
#5609=CARTESIAN_POINT('Origin',(0.300000000000002,-19.4499999999985,-12.2));
#5610=CARTESIAN_POINT('',(-26.1906678724973,-32.7270997266465,-12.2000000001754));
#5611=CARTESIAN_POINT('Origin',(0.300000000000002,-19.4499999999985,-12.2));
#5612=CARTESIAN_POINT('',(-27.8200581415947,-28.7934036394159,-12.2000000005903));
#5613=CARTESIAN_POINT('Origin',(0.300000000000002,-19.4499999999985,-12.2));
#5614=CARTESIAN_POINT('',(-28.7243865266731,-25.4184041612955,-12.2000000001754));
#5615=CARTESIAN_POINT('Origin',(0.300000000000002,-19.4499999999985,-12.2));
#5616=CARTESIAN_POINT('',(-29.2801412036779,-21.1970282843201,-12.2000000005903));
#5617=CARTESIAN_POINT('Origin',(0.300000000000002,-19.4499999999985,-12.2));
#5618=CARTESIAN_POINT('',(-29.2801412041229,-17.7029717156064,-12.2000000001754));
#5619=CARTESIAN_POINT('Origin',(0.300000000000002,-19.4499999999985,-12.2));
#5620=CARTESIAN_POINT('',(-28.7243865262251,-13.4815958387486,-12.2000000005903));
#5621=CARTESIAN_POINT('Origin',(0.300000000000002,-19.4499999999985,-12.2));
#5622=CARTESIAN_POINT('',(-27.8200581420062,-10.1065963603979,-12.2000000001754));
#5623=CARTESIAN_POINT('Origin',(0.300000000000002,-19.4499999999985,-12.2));
#5624=CARTESIAN_POINT('',(-26.1906678720766,-6.17290027351199,-12.2000000005903));
#5625=CARTESIAN_POINT('Origin',(0.300000000000002,-19.4499999999985,-12.2));
#5626=CARTESIAN_POINT('Origin',(0.300000000000002,-19.4499999999985,-12.2));
#5627=CARTESIAN_POINT('',(-21.656815566111,-2.699999999993,-12.2));
#5628=CARTESIAN_POINT('',(-21.656815566111,-0.152597007252395,-12.2));
#5629=CARTESIAN_POINT('',(-23.656815566111,-2.69999999999218,-12.2));
#5630=CARTESIAN_POINT('',(-21.656815566111,-2.699999999993,-12.2));
#5631=CARTESIAN_POINT('',(-23.6568155661105,-36.1999999999993,-12.2));
#5632=CARTESIAN_POINT('Origin',(0.300000000000002,-19.4499999999985,-12.2));
#5633=CARTESIAN_POINT('',(-21.6568155661105,-36.1999999999993,-12.2));
#5634=CARTESIAN_POINT('',(-21.6568155661105,-36.1999999999993,-12.2));
#5635=CARTESIAN_POINT('',(-21.6568155661105,-38.7474029927452,-12.2));
#5636=CARTESIAN_POINT('Origin',(0.300000000000002,-19.4499999999985,-12.2));
#5637=CARTESIAN_POINT('Origin',(0.300000000000002,-19.4499999999985,-12.2));
#5638=CARTESIAN_POINT('',(-16.0030414771914,5.29363958775655,-12.2000000005903));
#5639=CARTESIAN_POINT('Origin',(0.300000000000002,-19.4499999999985,-12.2));
#5640=CARTESIAN_POINT('',(-12.9770997266479,7.04066787249874,-12.2000000001754));
#5641=CARTESIAN_POINT('Origin',(0.300000000000002,-19.4499999999985,-12.2));
#5642=CARTESIAN_POINT('',(-9.04340363941732,8.67005814159615,-12.2000000005903));
#5643=CARTESIAN_POINT('Origin',(0.300000000000002,-19.4499999999985,-12.2));
#5644=CARTESIAN_POINT('',(-5.66840416129698,9.57438652667462,-12.2000000001754));
#5645=CARTESIAN_POINT('Origin',(0.300000000000002,-19.4499999999985,-12.2));
#5646=CARTESIAN_POINT('',(-1.44702828432155,10.1301412036794,-12.2000000005903));
#5647=CARTESIAN_POINT('Origin',(0.300000000000002,-19.4499999999985,-12.2));
#5648=CARTESIAN_POINT('',(2.04702828439212,10.1301412041243,-12.2000000001754));
#5649=CARTESIAN_POINT('Origin',(0.300000000000002,-19.4499999999985,-12.2));
#5650=CARTESIAN_POINT('',(6.26840416124997,9.57438652622656,-12.2000000005903));
#5651=CARTESIAN_POINT('Origin',(0.300000000000002,-19.4499999999985,-12.2));
#5652=CARTESIAN_POINT('',(9.64340363960064,8.6700581420077,-12.2000000001754));
#5653=CARTESIAN_POINT('Origin',(0.300000000000002,-19.4499999999985,-12.2));
#5654=CARTESIAN_POINT('',(13.5770997264865,7.04066787207811,-12.2000000005903));
#5655=CARTESIAN_POINT('Origin',(0.300000000000002,-19.4499999999985,-12.2));
#5656=CARTESIAN_POINT('',(16.603041477475,5.29363958810662,-12.2000000001754));
#5657=CARTESIAN_POINT('Origin',(0.300000000000002,-19.4499999999985,-12.2));
#5658=CARTESIAN_POINT('',(19.9809828868078,2.70165398034619,-12.2000000005903));
#5659=CARTESIAN_POINT('Origin',(0.300000000000002,-19.4499999999985,-12.2));
#5660=CARTESIAN_POINT('',(22.4516539807093,0.230982887073985,-12.2000000001754));
#5661=CARTESIAN_POINT('Origin',(0.300000000000002,-19.4499999999985,-12.2));
#5662=CARTESIAN_POINT('',(25.0436395877551,-3.14695852280717,-12.2000000005903));
#5663=CARTESIAN_POINT('Origin',(0.300000000000002,-19.4499999999985,-12.2));
#5664=CARTESIAN_POINT('',(26.7906678724973,-6.17290027335061,-12.2000000001754));
#5665=CARTESIAN_POINT('Origin',(0.300000000000002,-19.4499999999985,-12.2));
#5666=CARTESIAN_POINT('',(28.4200581415947,-10.1065963605812,-12.2000000005903));
#5667=CARTESIAN_POINT('Origin',(0.300000000000002,-19.4499999999985,-12.2));
#5668=CARTESIAN_POINT('',(29.3243865266732,-13.4815958387015,-12.2000000001754));
#5669=CARTESIAN_POINT('Origin',(0.300000000000002,-19.4499999999985,-12.2));
#5670=CARTESIAN_POINT('',(29.8801412036779,-17.702971715677,-12.2000000005903));
#5671=CARTESIAN_POINT('Origin',(0.300000000000002,-19.4499999999985,-12.2));
#5672=CARTESIAN_POINT('',(29.8801412041229,-21.1970282843907,-12.2000000001754));
#5673=CARTESIAN_POINT('Origin',(0.300000000000002,-19.4499999999985,-12.2));
#5674=CARTESIAN_POINT('',(29.3243865262251,-25.4184041612485,-12.2000000005903));
#5675=CARTESIAN_POINT('Origin',(0.300000000000002,-19.4499999999985,-12.2));
#5676=CARTESIAN_POINT('',(28.4200581420062,-28.7934036395992,-12.2000000001754));
#5677=CARTESIAN_POINT('Origin',(0.300000000000002,-19.4499999999985,-12.2));
#5678=CARTESIAN_POINT('',(26.7906678720766,-32.7270997264851,-12.2000000005903));
#5679=CARTESIAN_POINT('Origin',(0.300000000000002,-19.4499999999985,-12.2));
#5680=CARTESIAN_POINT('',(25.0436395881052,-35.7530414774735,-12.2000000001754));
#5681=CARTESIAN_POINT('Origin',(0.300000000000002,-19.4499999999985,-12.2));
#5682=CARTESIAN_POINT('',(22.4516539803447,-39.1309828868063,-12.2000000005903));
#5683=CARTESIAN_POINT('Origin',(0.300000000000002,-19.4499999999985,-12.2));
#5684=CARTESIAN_POINT('',(19.9809828870725,-41.6016539807078,-12.2000000001754));
#5685=CARTESIAN_POINT('Origin',(0.300000000000002,-19.4499999999985,-12.2));
#5686=CARTESIAN_POINT('',(16.6030414771914,-44.1936395877536,-12.2000000005903));
#5687=CARTESIAN_POINT('Origin',(0.300000000000002,-19.4499999999985,-12.2));
#5688=CARTESIAN_POINT('',(13.5770997266479,-45.9406678724958,-12.2000000001754));
#5689=CARTESIAN_POINT('Origin',(0.300000000000002,-19.4499999999985,-12.2));
#5690=CARTESIAN_POINT('',(9.64340363941734,-47.5700581415932,-12.2000000005903));
#5691=CARTESIAN_POINT('Origin',(0.300000000000002,-19.4499999999985,-12.2));
#5692=CARTESIAN_POINT('',(6.268404161297,-48.4743865266717,-12.2000000001754));
#5693=CARTESIAN_POINT('Origin',(0.300000000000002,-19.4499999999985,-12.2));
#5694=CARTESIAN_POINT('',(2.04702828432156,-49.0301412036764,-12.2000000005903));
#5695=CARTESIAN_POINT('Origin',(0.300000000000002,-19.4499999999985,-12.2));
#5696=CARTESIAN_POINT('',(-1.44702828439212,-49.0301412041214,-12.2000000001754));
#5697=CARTESIAN_POINT('Origin',(0.300000000000002,-19.4499999999985,-12.2));
#5698=CARTESIAN_POINT('',(-5.66840416124995,-48.4743865262236,-12.2000000005903));
#5699=CARTESIAN_POINT('Origin',(0.300000000000002,-19.4499999999985,-12.2));
#5700=CARTESIAN_POINT('',(-9.04340363960063,-47.5700581420048,-12.2000000001754));
#5701=CARTESIAN_POINT('Origin',(0.300000000000002,-19.4499999999985,-12.2));
#5702=CARTESIAN_POINT('',(-12.9770997264865,-45.9406678720752,-12.2000000005903));
#5703=CARTESIAN_POINT('Origin',(0.300000000000002,-19.4499999999985,-12.2));
#5704=CARTESIAN_POINT('',(-16.0030414774749,-44.1936395881037,-12.2000000001754));
#5705=CARTESIAN_POINT('Origin',(0.300000000000002,-19.4499999999985,-12.2));
#5706=CARTESIAN_POINT('Origin',(0.300000000000002,-19.4499999999985,-12.2));
#5707=CARTESIAN_POINT('Origin',(-0.958035356321076,-21.0895035962875,5.89999999997267));
#5708=CARTESIAN_POINT('',(-26.8647018340066,-1.36945917702999,21.0000000000095));
#5709=CARTESIAN_POINT('Origin',(-1.03474915532759,-21.1894789655998,5.89999999997267));
#5710=CARTESIAN_POINT('',(-23.7140747735663,-1.02335233489637,21.));
#5711=CARTESIAN_POINT('Ctrl Pts',(-26.8647018340102,-1.36945917702756,21.));
#5712=CARTESIAN_POINT('Ctrl Pts',(-26.8408939570428,-1.33368956784088,21.));
#5713=CARTESIAN_POINT('Ctrl Pts',(-26.8162908235829,-1.29940509869947,21.));
#5714=CARTESIAN_POINT('Ctrl Pts',(-26.7913512057912,-1.26690315600442,21.));
#5715=CARTESIAN_POINT('Ctrl Pts',(-26.6411048626997,-1.07109830951098,21.));
#5716=CARTESIAN_POINT('Ctrl Pts',(-26.4157521819107,-0.878922318674795,
21.));
#5717=CARTESIAN_POINT('Ctrl Pts',(-25.972206302968,-0.634608896116553,21.));
#5718=CARTESIAN_POINT('Ctrl Pts',(-25.6739838041429,-0.544669403513362,
21.));
#5719=CARTESIAN_POINT('Ctrl Pts',(-25.1402800419101,-0.490655685996697,
21.));
#5720=CARTESIAN_POINT('Ctrl Pts',(-24.8097320560115,-0.524008966109899,
21.));
#5721=CARTESIAN_POINT('Ctrl Pts',(-24.2614482305925,-0.683301970571583,
21.));
#5722=CARTESIAN_POINT('Ctrl Pts',(-23.9473995579912,-0.844315930842759,
21.));
#5723=CARTESIAN_POINT('Ctrl Pts',(-23.7140747735663,-1.02335233489637,21.));
#5724=CARTESIAN_POINT('Origin',(0.300000000000005,-19.4499999999985,5.89999999997267));
#5725=CARTESIAN_POINT('Origin',(0.300000000000002,-19.4499999999985,-8.2));
#5726=CARTESIAN_POINT('',(-17.7386279887555,4.05839768619123,-9.72149387411602));
#5727=CARTESIAN_POINT('Ctrl Pts',(-19.215703453192,2.84740299274064,-12.1874545143017));
#5728=CARTESIAN_POINT('Ctrl Pts',(-19.0826811269916,2.96383019601747,-12.1672834072898));
#5729=CARTESIAN_POINT('Ctrl Pts',(-18.9510701075311,3.07688748365431,-12.1229866162277));
#5730=CARTESIAN_POINT('Ctrl Pts',(-18.6390512726376,3.34052614782027,-11.9577812143477));
#5731=CARTESIAN_POINT('Ctrl Pts',(-18.4688076476865,3.48042950451583,-11.813400715776));
#5732=CARTESIAN_POINT('Ctrl Pts',(-18.1640759265831,3.72661978282349,-11.438474457218));
#5733=CARTESIAN_POINT('Ctrl Pts',(-18.0370573300432,3.82667288826168,-11.2081057256694));
#5734=CARTESIAN_POINT('Ctrl Pts',(-17.8705735137891,3.95674086209166,-10.7593847728526));
#5735=CARTESIAN_POINT('Ctrl Pts',(-17.818721630835,3.99676002437451,-10.554045545846));
#5736=CARTESIAN_POINT('Ctrl Pts',(-17.7531748531713,4.04726358355806,-10.1382195224452));
#5737=CARTESIAN_POINT('Ctrl Pts',(-17.7386279888046,4.05839768625519,-9.93032043425924));
#5738=CARTESIAN_POINT('Ctrl Pts',(-17.7386279888046,4.05839768625519,-9.72149387397845));
#5739=CARTESIAN_POINT('Ctrl Pts',(-17.7386279888046,4.05839768625519,-9.72149387397845));
#5740=CARTESIAN_POINT('Ctrl Pts',(-17.7386279888046,4.05839768625519,-10.23627813525));
#5741=CARTESIAN_POINT('Ctrl Pts',(-17.6518914502136,4.12493812403244,-10.6052976438338));
#5742=CARTESIAN_POINT('Ctrl Pts',(-17.4730168148014,4.2601390248823,-11.1391214189022));
#5743=CARTESIAN_POINT('Ctrl Pts',(-17.3389228757821,4.36075471996525,-11.3947480603495));
#5744=CARTESIAN_POINT('Ctrl Pts',(-17.0123881516796,4.59897896494508,-11.7940289534004));
#5745=CARTESIAN_POINT('Ctrl Pts',(-16.8337989254294,4.72703175229554,-11.9428382850345));
#5746=CARTESIAN_POINT('Ctrl Pts',(-16.4359837092765,5.00408248474565,-12.1469020506155));
#5747=CARTESIAN_POINT('Ctrl Pts',(-16.2218755600935,5.14945461049687,-12.200000000005));
#5748=CARTESIAN_POINT('Ctrl Pts',(-16.0030414775639,5.293639588275,-12.2));
#5749=CARTESIAN_POINT('Origin',(1.55803535632109,-17.8104964037096,5.89999999997267));
#5750=CARTESIAN_POINT('',(-24.1952035233514,2.10949875417259,21.0000000000095));
#5751=CARTESIAN_POINT('Ctrl Pts',(-23.7140747735663,-1.02335233489636,21.));
#5752=CARTESIAN_POINT('Ctrl Pts',(-23.9473995579912,-0.844315930842749,
21.));
#5753=CARTESIAN_POINT('Ctrl Pts',(-24.1842088781686,-0.582641686710878,
21.));
#5754=CARTESIAN_POINT('Ctrl Pts',(-24.4799804012654,-0.0942682429084152,
21.));
#5755=CARTESIAN_POINT('Ctrl Pts',(-24.597749309989,0.21638412938896,21.));
#5756=CARTESIAN_POINT('Ctrl Pts',(-24.6837087633745,0.74588215570738,21.));
#5757=CARTESIAN_POINT('Ctrl Pts',(-24.6740195470398,1.05722102289556,21.));
#5758=CARTESIAN_POINT('Ctrl Pts',(-24.5528290233288,1.54888640924265,21.));
#5759=CARTESIAN_POINT('Ctrl Pts',(-24.4255268362406,1.81629919008008,21.));
#5760=CARTESIAN_POINT('Ctrl Pts',(-24.2752804931491,2.01210403657352,21.));
#5761=CARTESIAN_POINT('Ctrl Pts',(-24.2503408753574,2.04460597926858,21.));
#5762=CARTESIAN_POINT('Ctrl Pts',(-24.2235923806817,2.07724425485016,21.));
#5763=CARTESIAN_POINT('Ctrl Pts',(-24.1952035233547,2.10949875417551,21.));
#5764=CARTESIAN_POINT('Origin',(1.63474915532761,-17.7105210343972,5.89999999997267));
#5765=CARTESIAN_POINT('Ctrl Pts',(-19.391730453044,2.71502214487454,-12.1920403784058));
#5766=CARTESIAN_POINT('Ctrl Pts',(-20.2082501247611,3.73065388722319,-11.5848898117613));
#5767=CARTESIAN_POINT('Ctrl Pts',(-20.8818483738742,4.57273701222796,-10.5056368379176));
#5768=CARTESIAN_POINT('Ctrl Pts',(-21.2594987541904,5.04520352337793,-9.19999999999596));
#5769=CARTESIAN_POINT('Ctrl Pts',(-18.8968540008667,3.10492862102429,-12.2093892885899));
#5770=CARTESIAN_POINT('Ctrl Pts',(-19.7149413836072,4.13142645489778,-11.6082196374827));
#5771=CARTESIAN_POINT('Ctrl Pts',(-20.3914416100842,4.9834134862659,-10.5304425420012));
#5772=CARTESIAN_POINT('Ctrl Pts',(-20.7724851084108,5.4636905685685,-9.21647978447408));
#5773=CARTESIAN_POINT('Ctrl Pts',(-17.8888957841245,3.60872651111468,-11.7496200513433));
#5774=CARTESIAN_POINT('Ctrl Pts',(-18.6286825618889,4.5607521714395,-11.2041699419658));
#5775=CARTESIAN_POINT('Ctrl Pts',(-19.2464979266712,5.35689412667945,-10.2145786312987));
#5776=CARTESIAN_POINT('Ctrl Pts',(-19.5932385083615,5.80374589003356,-9.0086580886856));
#5777=CARTESIAN_POINT('Ctrl Pts',(-17.2933905597115,3.47815297172248,-10.7478090010804));
#5778=CARTESIAN_POINT('Ctrl Pts',(-17.8826235717975,4.24619059022772,-10.3020120549688));
#5779=CARTESIAN_POINT('Ctrl Pts',(-18.372391817936,4.88427553982812,-9.50326392906518));
#5780=CARTESIAN_POINT('Ctrl Pts',(-18.646925207059,5.24211366716542,-8.53482769836962));
#5781=CARTESIAN_POINT('Ctrl Pts',(-17.1720007435427,3.31995468328676,-10.3192298255777));
#5782=CARTESIAN_POINT('Ctrl Pts',(-17.6995827877652,4.00751298957296,-9.91600530022907));
#5783=CARTESIAN_POINT('Ctrl Pts',(-18.1360615031584,4.57634312617845,-9.19924525417606));
#5784=CARTESIAN_POINT('Ctrl Pts',(-18.38087764469,4.89539373350349,-8.33213778006433));
#5785=CARTESIAN_POINT('',(-21.2594987541904,5.04520352337792,-9.19999999999798));
#5786=CARTESIAN_POINT('Ctrl Pts',(-19.4981095459732,2.84736606825963,-12.1096257594722));
#5787=CARTESIAN_POINT('Ctrl Pts',(-20.2666478299072,3.80365909634744,-11.489981767409));
#5788=CARTESIAN_POINT('Ctrl Pts',(-20.8983775294173,4.59341611877398,-10.448491193423));
#5789=CARTESIAN_POINT('Ctrl Pts',(-21.2594987541904,5.04520352337793,-9.19999999999596));
#5790=CARTESIAN_POINT('',(-18.3808776446892,4.89539373350251,-8.332137780067));
#5791=CARTESIAN_POINT('Origin',(-20.0203812409789,3.63735837718241,-8.33213778006433));
#5792=CARTESIAN_POINT('Ctrl Pts',(-17.7376943195992,4.05718090485685,-9.71969631386852));
#5793=CARTESIAN_POINT('Ctrl Pts',(-18.0086689343386,4.41032189818112,-9.338735649348));
#5794=CARTESIAN_POINT('Ctrl Pts',(-18.2307967529023,4.69980450734713,-8.86370511127084));
#5795=CARTESIAN_POINT('Ctrl Pts',(-18.3808776446892,4.89539373350251,-8.332137780067));
#5796=CARTESIAN_POINT('Origin',(0.300000000000007,-19.4499999999985,-6.61610715701999));
#5797=CARTESIAN_POINT('Origin',(0.30000000000016,-19.4499999999987,-9.19999999999768));
#5798=CARTESIAN_POINT('Origin',(0.300000000000002,-19.4499999999985,21.));
#5799=CARTESIAN_POINT('',(1.35,-19.4499999999985,16.));
#5800=CARTESIAN_POINT('Origin',(0.300000000000002,-19.4499999999985,16.));
#5801=CARTESIAN_POINT('',(1.35,-19.4499999999985,21.));
#5802=CARTESIAN_POINT('',(1.35,-19.4499999999985,21.));
#5803=CARTESIAN_POINT('Origin',(0.300000000000002,-19.4499999999985,21.));
#5804=CARTESIAN_POINT('Origin',(0.300000000000002,-19.4499999999985,21.));
#5805=CARTESIAN_POINT('',(4.35,-19.4499999999985,16.));
#5806=CARTESIAN_POINT('Origin',(0.300000000000002,-19.4499999999985,16.));
#5807=CARTESIAN_POINT('',(4.35,-19.4499999999985,19.5));
#5808=CARTESIAN_POINT('',(4.35,-19.4499999999985,21.));
#5809=CARTESIAN_POINT('Origin',(0.300000000000002,-19.4499999999985,19.5));
#5810=CARTESIAN_POINT('Origin',(0.300000000000002,-19.4499999999985,16.));
#5811=CARTESIAN_POINT('Origin',(0.300000000000002,-19.4499999999985,19.5));
#5812=CARTESIAN_POINT('',(22.8917908114576,-0.899999999998471,19.5));
#5813=CARTESIAN_POINT('',(22.8917908114576,-9.49999999999849,19.5));
#5814=CARTESIAN_POINT('',(22.8917908114576,-0.899999999998473,19.5));
#5815=CARTESIAN_POINT('',(17.5917908114577,-9.49999999999852,19.5));
#5816=CARTESIAN_POINT('',(8.94589540572882,-9.49999999999858,19.5));
#5817=CARTESIAN_POINT('',(13.5917908114576,-9.49999999999852,19.5));
#5818=CARTESIAN_POINT('',(17.5917908114577,-9.49999999999852,19.5));
#5819=CARTESIAN_POINT('',(13.5917908114575,4.58497280761382,19.5));
#5820=CARTESIAN_POINT('',(13.5917908114576,-0.899999999998523,19.5));
#5821=CARTESIAN_POINT('',(12.0917908114575,4.58497280761379,19.5));
#5822=CARTESIAN_POINT('',(13.5917908114575,4.58497280761381,19.5));
#5823=CARTESIAN_POINT('',(12.0917908114575,-46.1978070414643,19.5));
#5824=CARTESIAN_POINT('',(12.0917908114575,4.58497280761379,19.5));
#5825=CARTESIAN_POINT('',(-21.6568155661105,-38.7474029927452,19.5));
#5826=CARTESIAN_POINT('Origin',(0.300000000000002,-19.4499999999985,19.5));
#5827=CARTESIAN_POINT('',(-21.656815566111,-0.1525970072524,19.5));
#5828=CARTESIAN_POINT('',(-21.656815566111,-2.699999999993,19.5));
#5829=CARTESIAN_POINT('',(19.9917908114576,2.15381648474454,19.5));
#5830=CARTESIAN_POINT('Origin',(0.300000000000002,-19.4499999999985,19.5));
#5831=CARTESIAN_POINT('',(19.9917908114574,-0.899999999998489,19.5));
#5832=CARTESIAN_POINT('',(19.9917908114574,-0.899999999998489,19.5));
#5833=CARTESIAN_POINT('',(13.5917908114576,-0.899999999998523,19.5));
#5834=CARTESIAN_POINT('Origin',(22.8917908114576,-19.4499999999985,17.33125));
#5835=CARTESIAN_POINT('',(22.8917908114577,-37.9999999999985,6.4));
#5836=CARTESIAN_POINT('',(22.8917908114576,-0.899999999998473,6.4));
#5837=CARTESIAN_POINT('Ctrl Pts',(22.8917908114577,-37.9999999999985,6.4));
#5838=CARTESIAN_POINT('Ctrl Pts',(23.1024214600263,-37.7434758193546,5.89153195678796));
#5839=CARTESIAN_POINT('Ctrl Pts',(23.3198471094873,-37.4697275046869,5.39585462304009));
#5840=CARTESIAN_POINT('Ctrl Pts',(24.0926861590385,-36.4567092612601,3.71171612771001));
#5841=CARTESIAN_POINT('Ctrl Pts',(24.6647164433223,-35.6342040896704,2.60081025216915));
#5842=CARTESIAN_POINT('Ctrl Pts',(25.7559960947094,-33.8576698342174,0.603700454678033));
#5843=CARTESIAN_POINT('Ctrl Pts',(26.3174011396745,-32.834673696931,-0.356074887070242));
#5844=CARTESIAN_POINT('Ctrl Pts',(27.3652362183099,-30.5642989222467,-2.07691700746438));
#5845=CARTESIAN_POINT('Ctrl Pts',(27.8510685708252,-29.3167393951564,-2.83810900531371));
#5846=CARTESIAN_POINT('Ctrl Pts',(28.6612754454307,-26.6647077005229,-4.0819664498563));
#5847=CARTESIAN_POINT('Ctrl Pts',(28.9861247944497,-25.2570403582192,-4.56581601507143));
#5848=CARTESIAN_POINT('Ctrl Pts',(29.4214699908744,-22.3749716327459,-5.21036132408498));
#5849=CARTESIAN_POINT('Ctrl Pts',(29.5316867811056,-20.9004690119393,-5.37079280854633));
#5850=CARTESIAN_POINT('Ctrl Pts',(29.5316867811055,-17.9995309880576,-5.37079280854633));
#5851=CARTESIAN_POINT('Ctrl Pts',(29.4214699908744,-16.525028367251,-5.21036132408499));
#5852=CARTESIAN_POINT('Ctrl Pts',(28.9861247944497,-13.6429596417778,-4.56581601507143));
#5853=CARTESIAN_POINT('Ctrl Pts',(28.6612754454307,-12.2352922994741,-4.08196644985631));
#5854=CARTESIAN_POINT('Ctrl Pts',(27.8510685708251,-9.58326060484054,-2.83810900531372));
#5855=CARTESIAN_POINT('Ctrl Pts',(27.3652362183099,-8.33570107775026,-2.07691700746439));
#5856=CARTESIAN_POINT('Ctrl Pts',(26.3174011396744,-6.06532630306597,-0.356074887070257));
#5857=CARTESIAN_POINT('Ctrl Pts',(25.7559960947093,-5.04233016577958,0.603700454678021));
#5858=CARTESIAN_POINT('Ctrl Pts',(24.6647164433222,-3.26579591032651,2.60081025216914));
#5859=CARTESIAN_POINT('Ctrl Pts',(24.0926861590384,-2.44329073873686,3.71171612771001));
#5860=CARTESIAN_POINT('Ctrl Pts',(23.3198471094872,-1.43027249531009,5.39585462304009));
#5861=CARTESIAN_POINT('Ctrl Pts',(23.1024214600262,-1.15652418064235,5.89153195678796));
#5862=CARTESIAN_POINT('Ctrl Pts',(22.8917908114576,-0.899999999998472,6.4));
#5863=CARTESIAN_POINT('',(29.3784521595366,-40.150063041688,8.07576104535843));
#5864=CARTESIAN_POINT('Ctrl Pts',(22.8917908114575,-37.9999999999984,6.39999999999997));
#5865=CARTESIAN_POINT('Ctrl Pts',(24.0505928315216,-38.4135776459464,6.69936436908165));
#5866=CARTESIAN_POINT('Ctrl Pts',(25.2203633030247,-38.8134157517597,7.00156173667041));
#5867=CARTESIAN_POINT('Ctrl Pts',(27.3863446305459,-39.5257291373297,7.56112141088582));
#5868=CARTESIAN_POINT('Ctrl Pts',(28.3794499469254,-39.8417112520332,7.81767928117152));
#5869=CARTESIAN_POINT('Ctrl Pts',(29.3784521542473,-40.1500630618112,8.07576104175525));
#5870=CARTESIAN_POINT('',(30.1025226664997,-39.5546119371922,6.57171701646401));
#5871=CARTESIAN_POINT('Ctrl Pts',(30.1025226664997,-39.5546119371922,6.57171701646401));
#5872=CARTESIAN_POINT('Ctrl Pts',(29.9136889339762,-39.8158661119255,7.13044604153325));
#5873=CARTESIAN_POINT('Ctrl Pts',(29.6612948501822,-40.0140644927706,7.64941448867401));
#5874=CARTESIAN_POINT('Ctrl Pts',(29.3784521067664,-40.150063038984,8.07576101121265));
#5875=CARTESIAN_POINT('',(32.1948472080163,-35.0344938095737,0.183422662156451));
#5876=CARTESIAN_POINT('Ctrl Pts',(32.1948472080163,-35.0344938095737,0.183422662156451));
#5877=CARTESIAN_POINT('Ctrl Pts',(31.9397991732211,-35.8509384984179,0.986203561891354));
#5878=CARTESIAN_POINT('Ctrl Pts',(31.6647137081917,-36.5949944416489,1.84316258776478));
#5879=CARTESIAN_POINT('Ctrl Pts',(30.9895412658749,-38.1421198739159,3.91838824891684));
#5880=CARTESIAN_POINT('Ctrl Pts',(30.5630914681306,-38.9174084006737,5.20896707727911));
#5881=CARTESIAN_POINT('Ctrl Pts',(30.1025226664997,-39.5546119371922,6.57171701646401));
#5882=CARTESIAN_POINT('',(30.7302985883873,-32.0546423823714,-1.80370363134366));
#5883=CARTESIAN_POINT('Ctrl Pts',(30.7302985883873,-32.0546423823714,-1.80370363134364));
#5884=CARTESIAN_POINT('Ctrl Pts',(30.8653218673238,-32.110570855743,-1.79537171959002));
#5885=CARTESIAN_POINT('Ctrl Pts',(30.99434584172,-32.1795127788071,-1.77700397719787));
#5886=CARTESIAN_POINT('Ctrl Pts',(31.3558407359308,-32.4160655650186,-1.69497756569391));
#5887=CARTESIAN_POINT('Ctrl Pts',(31.5720462402264,-32.6180706979576,-1.60339453053084));
#5888=CARTESIAN_POINT('Ctrl Pts',(31.9625505721308,-33.1304181512918,-1.32274919485941));
#5889=CARTESIAN_POINT('Ctrl Pts',(32.1173306468334,-33.4445969387635,-1.12432578198157));
#5890=CARTESIAN_POINT('Ctrl Pts',(32.3069661119077,-34.1535967825045,-0.609337327247376));
#5891=CARTESIAN_POINT('Ctrl Pts',(32.3147769567855,-34.5321529218776,-0.294235583556462));
#5892=CARTESIAN_POINT('Ctrl Pts',(32.2250965778263,-34.9302507503,0.0819324806655263));
#5893=CARTESIAN_POINT('Ctrl Pts',(32.2109449946995,-34.9829625266519,0.132753792319148));
#5894=CARTESIAN_POINT('Ctrl Pts',(32.1948472080163,-35.0344938095737,0.183422662156448));
#5895=CARTESIAN_POINT('',(33.2307018386151,-30.7171277938204,-3.12539139744279));
#5896=CARTESIAN_POINT('Ctrl Pts',(33.2307018386151,-30.7171277938204,-3.12539139744278));
#5897=CARTESIAN_POINT('Ctrl Pts',(33.2118686705937,-30.8210659169931,-3.06435308327002));
#5898=CARTESIAN_POINT('Ctrl Pts',(33.1855039652297,-30.9227849557783,-3.001950637501));
#5899=CARTESIAN_POINT('Ctrl Pts',(33.0667441330208,-31.267877717109,-2.78083749103782));
#5900=CARTESIAN_POINT('Ctrl Pts',(32.9345597653756,-31.4951003920292,-2.61770414274667));
#5901=CARTESIAN_POINT('Ctrl Pts',(32.6087034202125,-31.8407681958311,-2.3364884872107));
#5902=CARTESIAN_POINT('Ctrl Pts',(32.4313537433099,-31.970665802346,-2.21637471035013));
#5903=CARTESIAN_POINT('Ctrl Pts',(32.0463787510409,-32.1442705265424,-2.02284815025888));
#5904=CARTESIAN_POINT('Ctrl Pts',(31.8491631105081,-32.1948829706802,-1.94757582537885));
#5905=CARTESIAN_POINT('Ctrl Pts',(31.4274034138174,-32.2250507644272,-1.83829509798612));
#5906=CARTESIAN_POINT('Ctrl Pts',(31.2112441595715,-32.2029128470731,-1.80724616123068));
#5907=CARTESIAN_POINT('Ctrl Pts',(30.9070004738321,-32.1213954642592,-1.79695846187988));
#5908=CARTESIAN_POINT('Ctrl Pts',(30.8173983450409,-32.0907202828567,-1.79832894712686));
#5909=CARTESIAN_POINT('Ctrl Pts',(30.7302985883873,-32.0546423823714,-1.80370363134366));
#5910=CARTESIAN_POINT('',(33.8584590470793,-26.0795397587418,-5.17772590182541));
#5911=CARTESIAN_POINT('Ctrl Pts',(33.8584590470793,-26.0795397587417,-5.17772590182541));
#5912=CARTESIAN_POINT('Ctrl Pts',(33.8005620884393,-26.6916363733463,-4.98680349175749));
#5913=CARTESIAN_POINT('Ctrl Pts',(33.7346986148653,-27.2932278599525,-4.77005886325899));
#5914=CARTESIAN_POINT('Ctrl Pts',(33.5378501887661,-28.8708700529018,-4.12442594718038));
#5915=CARTESIAN_POINT('Ctrl Pts',(33.3930394865731,-29.8212046846629,-3.65152785769516));
#5916=CARTESIAN_POINT('Ctrl Pts',(33.2307018386151,-30.7171277938204,-3.12539139744278));
#5917=CARTESIAN_POINT('',(31.9062051445958,-23.6110358465442,-5.41197190799113));
#5918=CARTESIAN_POINT('Ctrl Pts',(31.9062051445958,-23.6110358465442,-5.41197190799113));
#5919=CARTESIAN_POINT('Ctrl Pts',(32.1631596568159,-23.6448645498443,-5.45184278035732));
#5920=CARTESIAN_POINT('Ctrl Pts',(32.4133077092645,-23.7263669220578,-5.48185332615997));
#5921=CARTESIAN_POINT('Ctrl Pts',(32.8987066639254,-23.9858043032157,-5.51901867589977));
#5922=CARTESIAN_POINT('Ctrl Pts',(33.1251547193355,-24.1698750602124,-5.52315175723704));
#5923=CARTESIAN_POINT('Ctrl Pts',(33.5025026847202,-24.6136570056121,-5.49524770918936));
#5924=CARTESIAN_POINT('Ctrl Pts',(33.6485354470295,-24.8704486934295,-5.4627206624244));
#5925=CARTESIAN_POINT('Ctrl Pts',(33.8373421814161,-25.4170114262474,-5.36019305001407));
#5926=CARTESIAN_POINT('Ctrl Pts',(33.8789669636995,-25.7021517735051,-5.29110077871543));
#5927=CARTESIAN_POINT('Ctrl Pts',(33.8638129527257,-26.015020825608,-5.1976369354044));
#5928=CARTESIAN_POINT('Ctrl Pts',(33.8615035324044,-26.0473529357294,-5.1877654702127));
#5929=CARTESIAN_POINT('Ctrl Pts',(33.8584590470793,-26.0795397587418,-5.17772590182541));
#5930=CARTESIAN_POINT('',(34.1293488054461,-21.6922334519798,-6.07432798655357));
#5931=CARTESIAN_POINT('Ctrl Pts',(34.1293488054461,-21.6922334519798,-6.07432798655358));
#5932=CARTESIAN_POINT('Ctrl Pts',(34.1290746753577,-21.7012326830435,-6.07341731043316));
#5933=CARTESIAN_POINT('Ctrl Pts',(34.128743821898,-21.7102299675082,-6.07249152974742));
#5934=CARTESIAN_POINT('Ctrl Pts',(34.1220584639051,-21.8653588572959,-6.05626530385841));
#5935=CARTESIAN_POINT('Ctrl Pts',(34.1008108764635,-22.0100448657563,-6.03707355995431));
#5936=CARTESIAN_POINT('Ctrl Pts',(33.9997972461802,-22.4052308533541,-5.97342493549785));
#5937=CARTESIAN_POINT('Ctrl Pts',(33.8875694064004,-22.6432681876835,-5.92159386319119));
#5938=CARTESIAN_POINT('Ctrl Pts',(33.5808374781918,-23.0568750604764,-5.80627461391212));
#5939=CARTESIAN_POINT('Ctrl Pts',(33.3904910293029,-23.2291944103844,-5.74419113051994));
#5940=CARTESIAN_POINT('Ctrl Pts',(32.9499133921046,-23.4903737566092,-5.62102986804477));
#5941=CARTESIAN_POINT('Ctrl Pts',(32.70417434056,-23.5753377699282,-5.56150024746907));
#5942=CARTESIAN_POINT('Ctrl Pts',(32.2678546624293,-23.6348512770465,-5.47245881331533));
#5943=CARTESIAN_POINT('Ctrl Pts',(32.0861000013593,-23.6347194537402,-5.43988566132972));
#5944=CARTESIAN_POINT('Ctrl Pts',(31.9062051445958,-23.6110358465442,-5.41197190799112));
#5945=CARTESIAN_POINT('',(34.1293488054461,-17.2077665480173,-6.07432798655359));
#5946=CARTESIAN_POINT('Ctrl Pts',(34.1293488054461,-17.2077665480173,-6.07432798655359));
#5947=CARTESIAN_POINT('Ctrl Pts',(34.1732060574799,-18.6475265802262,-6.22002433229487));
#5948=CARTESIAN_POINT('Ctrl Pts',(34.1748428167011,-20.1215206523847,-6.22547534899857));
#5949=CARTESIAN_POINT('Ctrl Pts',(34.1316154989822,-21.6168603028227,-6.08185824380718));
#5950=CARTESIAN_POINT('Ctrl Pts',(34.130496643915,-21.6545518400595,-6.07814117280379));
#5951=CARTESIAN_POINT('Ctrl Pts',(34.1293488054461,-21.6922334519798,-6.07432798655357));
#5952=CARTESIAN_POINT('',(31.9062051445958,-15.2889641534529,-5.41197190799115));
#5953=CARTESIAN_POINT('Ctrl Pts',(31.9062051445958,-15.2889641534529,-5.41197190799115));
#5954=CARTESIAN_POINT('Ctrl Pts',(32.1020328749784,-15.2631829436512,-5.44235791824794));
#5955=CARTESIAN_POINT('Ctrl Pts',(32.2998392918684,-15.2653394968612,-5.47823874412421));
#5956=CARTESIAN_POINT('Ctrl Pts',(32.7480093365695,-15.3374311637327,-5.57166234683563));
#5957=CARTESIAN_POINT('Ctrl Pts',(32.9897753429889,-15.4273270277486,-5.63129670884985));
#5958=CARTESIAN_POINT('Ctrl Pts',(33.4256972215081,-15.6987124281091,-5.75507313177751));
#5959=CARTESIAN_POINT('Ctrl Pts',(33.6143182507376,-15.8779795015543,-5.81771613437388));
#5960=CARTESIAN_POINT('Ctrl Pts',(33.9145325994543,-16.3058406146926,-5.93315152079747));
#5961=CARTESIAN_POINT('Ctrl Pts',(34.0216932456473,-16.5511278940693,-5.98445995864594));
#5962=CARTESIAN_POINT('Ctrl Pts',(34.1087829895918,-16.9417858472005,-6.04404277536066));
#5963=CARTESIAN_POINT('Ctrl Pts',(34.1252867333358,-17.0744155330531,-6.06083354640626));
#5964=CARTESIAN_POINT('Ctrl Pts',(34.1293488054461,-17.2077665480173,-6.07432798655359));
#5965=CARTESIAN_POINT('',(33.8584590470793,-12.8204602412553,-5.17772590182546));
#5966=CARTESIAN_POINT('Ctrl Pts',(33.8584590470793,-12.8204602412553,-5.17772590182546));
#5967=CARTESIAN_POINT('Ctrl Pts',(33.8687310272192,-12.929057383776,-5.21159903178866));
#5968=CARTESIAN_POINT('Ctrl Pts',(33.8706101485089,-13.0390309259275,-5.24346736252009));
#5969=CARTESIAN_POINT('Ctrl Pts',(33.8474224737563,-13.4331095799319,-5.34906745544769));
#5970=CARTESIAN_POINT('Ctrl Pts',(33.7755815799838,-13.7156704168798,-5.40875110545269));
#5971=CARTESIAN_POINT('Ctrl Pts',(33.5311857581938,-14.2399819548516,-5.49032995555229));
#5972=CARTESIAN_POINT('Ctrl Pts',(33.3621646938931,-14.4779506371247,-5.51220498446882));
#5973=CARTESIAN_POINT('Ctrl Pts',(32.9504814728431,-14.8747768396587,-5.52091142988945));
#5974=CARTESIAN_POINT('Ctrl Pts',(32.7134781540275,-15.0320358159107,-5.50868732108271));
#5975=CARTESIAN_POINT('Ctrl Pts',(32.2780591348612,-15.2141591552586,-5.46495719199917));
#5976=CARTESIAN_POINT('Ctrl Pts',(32.0936208731531,-15.2642904047012,-5.441052652782));
#5977=CARTESIAN_POINT('Ctrl Pts',(31.9062051445958,-15.2889641534529,-5.41197190799115));
#5978=CARTESIAN_POINT('',(33.2307018386151,-8.18287220617668,-3.12539139744288));
#5979=CARTESIAN_POINT('Ctrl Pts',(33.2307018386151,-8.18287220617668,-3.12539139744287));
#5980=CARTESIAN_POINT('Ctrl Pts',(33.3140608525807,-8.64292117145211,-3.39555803524778));
#5981=CARTESIAN_POINT('Ctrl Pts',(33.3918988308016,-9.11212486447758,-3.64876801939291));
#5982=CARTESIAN_POINT('Ctrl Pts',(33.6233596317999,-10.6396176174042,-4.40380469975186));
#5983=CARTESIAN_POINT('Ctrl Pts',(33.7548961462619,-11.7255754238484,-4.83621437717643));
#5984=CARTESIAN_POINT('Ctrl Pts',(33.8584590470793,-12.8204602412553,-5.17772590182546));
#5985=CARTESIAN_POINT('',(30.7302985883873,-6.84535761762566,-1.80370363134375));
#5986=CARTESIAN_POINT('Ctrl Pts',(30.7302985883873,-6.84535761762567,-1.80370363134375));
#5987=CARTESIAN_POINT('Ctrl Pts',(30.9271799236006,-6.76380669840218,-1.79155463063919));
#5988=CARTESIAN_POINT('Ctrl Pts',(31.1337266750444,-6.7111327965201,-1.80012969685616));
#5989=CARTESIAN_POINT('Ctrl Pts',(31.5605016658737,-6.67378985022346,-1.86567175239763));
#5990=CARTESIAN_POINT('Ctrl Pts',(31.7718287320748,-6.6921314387224,-1.92277936707336));
#5991=CARTESIAN_POINT('Ctrl Pts',(32.1966467145728,-6.80639242290885,-2.08750621873922));
#5992=CARTESIAN_POINT('Ctrl Pts',(32.3981011925717,-6.91009750943702,-2.1974347059273));
#5993=CARTESIAN_POINT('Ctrl Pts',(32.7833922213638,-7.21300785427787,-2.46899902328834));
#5994=CARTESIAN_POINT('Ctrl Pts',(32.9483543943874,-7.42646043724223,-2.63414756236624));
#5995=CARTESIAN_POINT('Ctrl Pts',(33.1423023461272,-7.82765538595411,-2.90866726423541));
#5996=CARTESIAN_POINT('Ctrl Pts',(33.1979017154377,-8.00185203798094,-3.01908616928734));
#5997=CARTESIAN_POINT('Ctrl Pts',(33.2307018386151,-8.18287220617668,-3.12539139744287));
#5998=CARTESIAN_POINT('',(32.1948472080163,-3.8655061904234,0.183422662156307));
#5999=CARTESIAN_POINT('Ctrl Pts',(32.1948472080163,-3.8655061904234,0.183422662156305));
#6000=CARTESIAN_POINT('Ctrl Pts',(32.2485376683718,-4.03737691757511,0.0144283152443871));
#6001=CARTESIAN_POINT('Ctrl Pts',(32.2803417960952,-4.22158109022481,-0.155405962867487));
#6002=CARTESIAN_POINT('Ctrl Pts',(32.2998886131266,-4.73735513266794,-0.599252744053984));
#6003=CARTESIAN_POINT('Ctrl Pts',(32.2430939595637,-5.07927859049839,-0.861161106600428));
#6004=CARTESIAN_POINT('Ctrl Pts',(32.0025350980783,-5.68371545803237,-1.26844455922589));
#6005=CARTESIAN_POINT('Ctrl Pts',(31.8456270067487,-5.94872208972529,-1.42670335824527));
#6006=CARTESIAN_POINT('Ctrl Pts',(31.4684335899588,-6.37854528380631,-1.64734667566707));
#6007=CARTESIAN_POINT('Ctrl Pts',(31.2684060695944,-6.55111857350718,-1.72180362361684));
#6008=CARTESIAN_POINT('Ctrl Pts',(30.9403199933598,-6.74866141158831,-1.78422760164009));
#6009=CARTESIAN_POINT('Ctrl Pts',(30.8371352644754,-6.8011044174311,-1.79711103661321));
#6010=CARTESIAN_POINT('Ctrl Pts',(30.7302985883873,-6.84535761762567,-1.80370363134375));
#6011=CARTESIAN_POINT('',(30.1025226664997,0.65461193719513,6.57171701646373));
#6012=CARTESIAN_POINT('Ctrl Pts',(30.1025226664997,0.654611937195128,6.57171701646373));
#6013=CARTESIAN_POINT('Ctrl Pts',(30.1988101541287,0.521396818362879,6.28681763238463));
#6014=CARTESIAN_POINT('Ctrl Pts',(30.2933525716893,0.382561936601979,6.00582699995596));
#6015=CARTESIAN_POINT('Ctrl Pts',(30.9131739695172,-0.58064618984292,4.15602138181498));
#6016=CARTESIAN_POINT('Ctrl Pts',(31.4104967251169,-1.61905202686714,2.63338647464791));
#6017=CARTESIAN_POINT('Ctrl Pts',(31.9720131028515,-3.17719966772927,0.883185500493986));
#6018=CARTESIAN_POINT('Ctrl Pts',(32.0853786728461,-3.51508198814724,0.527982263358863));
#6019=CARTESIAN_POINT('Ctrl Pts',(32.1948472080163,-3.8655061904234,0.183422662156305));
#6020=CARTESIAN_POINT('',(29.3784520964154,1.25006304396394,8.07576102681502));
#6021=CARTESIAN_POINT('Ctrl Pts',(29.3784520964154,1.25006304396395,8.07576102681502));
#6022=CARTESIAN_POINT('Ctrl Pts',(29.6614133025648,1.1140075394872,7.64923594139683));
#6023=CARTESIAN_POINT('Ctrl Pts',(29.9137437763961,0.915790236654775,7.13028377152239));
#6024=CARTESIAN_POINT('Ctrl Pts',(30.1025226664997,0.65461193719513,6.57171701646373));
#6025=CARTESIAN_POINT('Ctrl Pts',(22.8917908114576,-0.899999999998465,6.40000000000001));
#6026=CARTESIAN_POINT('Ctrl Pts',(24.9998336778914,-0.147637308907507,6.94459080307107));
#6027=CARTESIAN_POINT('Ctrl Pts',(27.1660474919823,0.567182706416496,7.50420946141225));
#6028=CARTESIAN_POINT('Ctrl Pts',(29.3784520964154,1.25006304396395,8.07576102681502));
#6029=CARTESIAN_POINT('Origin',(22.8917908114576,-13.4499999999984,13.950000000001));
#6030=CARTESIAN_POINT('',(33.1626652374666,-13.9433420366559,18.7356708205889));
#6031=CARTESIAN_POINT('',(33.2394675131762,-12.9019520226791,18.743345740774));
#6032=CARTESIAN_POINT('Ctrl Pts',(33.1626652374666,-13.9433420366559,18.7356708205889));
#6033=CARTESIAN_POINT('Ctrl Pts',(33.1779818135073,-13.8927589771343,18.7436003312257));
#6034=CARTESIAN_POINT('Ctrl Pts',(33.1916173335901,-13.8414296080027,18.750488672516));
#6035=CARTESIAN_POINT('Ctrl Pts',(33.2625407439792,-13.5323009172852,18.7848587375789));
#6036=CARTESIAN_POINT('Ctrl Pts',(33.278496070199,-13.2656774005886,18.7851560806175));
#6037=CARTESIAN_POINT('Ctrl Pts',(33.2484493899938,-12.9692486753604,18.7522751478093));
#6038=CARTESIAN_POINT('Ctrl Pts',(33.2443063402234,-12.935501487151,18.7480403988381));
#6039=CARTESIAN_POINT('Ctrl Pts',(33.2394675131762,-12.9019520226791,18.743345740774));
#6040=CARTESIAN_POINT('',(22.8917908114576,-13.2165880767914,16.9409060289669));
#6041=CARTESIAN_POINT('Ctrl Pts',(22.8917908114547,-13.2165880767912,16.9409060289664));
#6042=CARTESIAN_POINT('Ctrl Pts',(27.3358742115851,-13.4971868986236,17.748798524129));
#6043=CARTESIAN_POINT('Ctrl Pts',(33.1626652374666,-13.9433420366559,18.7356708205889));
#6044=CARTESIAN_POINT('',(22.8917908114576,-16.4499999999984,13.950000000001));
#6045=CARTESIAN_POINT('Origin',(22.8917908114576,-13.4499999999984,13.950000000001));
#6046=CARTESIAN_POINT('',(35.0757052726278,-18.4928602710578,14.9868690159337));
#6047=CARTESIAN_POINT('Ctrl Pts',(22.8917908114547,-16.4499999999979,13.9500000000007));
#6048=CARTESIAN_POINT('Ctrl Pts',(28.0517287254548,-17.3598362730167,14.3477924944416));
#6049=CARTESIAN_POINT('Ctrl Pts',(35.0757052726278,-18.4928602710578,14.9868690159337));
#6050=CARTESIAN_POINT('',(35.9367714509783,-16.9698148425369,9.98731994317093));
#6051=CARTESIAN_POINT('Ctrl Pts',(35.9367714509783,-16.9698148425369,9.98731994317093));
#6052=CARTESIAN_POINT('Ctrl Pts',(35.9342627884537,-17.0454293445514,10.055075490197));
#6053=CARTESIAN_POINT('Ctrl Pts',(35.9309335257097,-17.1184266661512,10.1246072418909));
#6054=CARTESIAN_POINT('Ctrl Pts',(35.8992867330753,-17.6608722111626,10.6726463213145));
#6055=CARTESIAN_POINT('Ctrl Pts',(35.8316206171291,-18.0590776635375,11.2768742177944));
#6056=CARTESIAN_POINT('Ctrl Pts',(35.6244931564319,-18.5638166976476,12.5885250523113));
#6057=CARTESIAN_POINT('Ctrl Pts',(35.4849656335779,-18.6705164939167,13.2958735714181));
#6058=CARTESIAN_POINT('Ctrl Pts',(35.3340505049341,-18.6439060849397,13.950000000001));
#6059=CARTESIAN_POINT('Ctrl Pts',(35.255339251926,-18.630027167349,14.2911660002699));
#6060=CARTESIAN_POINT('Ctrl Pts',(35.1682970997523,-18.580489103475,14.6417476052126));
#6061=CARTESIAN_POINT('Ctrl Pts',(35.0757052726278,-18.4928602710578,14.9868690159337));
#6062=CARTESIAN_POINT('',(33.6650296063219,-15.0574105202489,9.32156228009149));
#6063=CARTESIAN_POINT('Ctrl Pts',(33.6650296063219,-15.0574105202489,9.32156228009151));
#6064=CARTESIAN_POINT('Ctrl Pts',(33.8122905659222,-15.0380232471204,9.28734186863066));
#6065=CARTESIAN_POINT('Ctrl Pts',(33.9623829258806,-15.0335114112791,9.25795963810431));
#6066=CARTESIAN_POINT('Ctrl Pts',(34.3508694059288,-15.0634037441108,9.19575724722787));
#6067=CARTESIAN_POINT('Ctrl Pts',(34.586315068696,-15.1218920013832,9.17114125557344));
#6068=CARTESIAN_POINT('Ctrl Pts',(35.0045008442456,-15.3094808019605,9.16194751710336));
#6069=CARTESIAN_POINT('Ctrl Pts',(35.1862757239135,-15.4292539920736,9.17392669100366));
#6070=CARTESIAN_POINT('Ctrl Pts',(35.5006312807949,-15.7205857291955,9.24375254428698));
#6071=CARTESIAN_POINT('Ctrl Pts',(35.6274735477643,-15.8866552996573,9.30054628791653));
#6072=CARTESIAN_POINT('Ctrl Pts',(35.8318912334505,-16.2668978956569,9.47664108257405));
#6073=CARTESIAN_POINT('Ctrl Pts',(35.8945361598174,-16.473944595484,9.59909545412991));
#6074=CARTESIAN_POINT('Ctrl Pts',(35.9351055811116,-16.7727003598166,9.81919175086503));
#6075=CARTESIAN_POINT('Ctrl Pts',(35.9400272680101,-16.8716800870291,9.89938477379786));
#6076=CARTESIAN_POINT('Ctrl Pts',(35.9367714509784,-16.9698148425369,9.98731994317093));
#6077=CARTESIAN_POINT('',(35.4796367787182,-12.607028143852,8.79894368277652));
#6078=CARTESIAN_POINT('Ctrl Pts',(35.4796367787182,-12.607028143852,8.79894368277652));
#6079=CARTESIAN_POINT('Ctrl Pts',(35.5071451829084,-12.7373325345001,8.77270433556664));
#6080=CARTESIAN_POINT('Ctrl Pts',(35.5216361066889,-12.8711969950447,8.75337377884908));
#6081=CARTESIAN_POINT('Ctrl Pts',(35.5228151718752,-13.2386561584856,8.72191352948725));
#6082=CARTESIAN_POINT('Ctrl Pts',(35.4827397920314,-13.4674855964208,8.72533870819428));
#6083=CARTESIAN_POINT('Ctrl Pts',(35.3164950404602,-13.9285036606636,8.77551560204857));
#6084=CARTESIAN_POINT('Ctrl Pts',(35.1837439254745,-14.1492206360926,8.82629276872153));
#6085=CARTESIAN_POINT('Ctrl Pts',(34.8212987159521,-14.5628643685651,8.96386524738146));
#6086=CARTESIAN_POINT('Ctrl Pts',(34.5807121264969,-14.7415833877123,9.05437274820546));
#6087=CARTESIAN_POINT('Ctrl Pts',(34.1105770782692,-14.9627413532423,9.20594836470615));
#6088=CARTESIAN_POINT('Ctrl Pts',(33.891465399711,-15.027599682506,9.26894326932129));
#6089=CARTESIAN_POINT('Ctrl Pts',(33.6650296063219,-15.0574105202488,9.32156228009151));
#6090=CARTESIAN_POINT('Ctrl Pts',(33.2394675131762,-12.9019520226791,18.743345740774));
#6091=CARTESIAN_POINT('Ctrl Pts',(33.1778067843548,-12.4744342770092,18.6835221440682));
#6092=CARTESIAN_POINT('Ctrl Pts',(33.12865986289,-12.0397618700977,18.5651160731373));
#6093=CARTESIAN_POINT('Ctrl Pts',(33.0519304357638,-11.0392073893912,18.1400368019474));
#6094=CARTESIAN_POINT('Ctrl Pts',(33.0438540217477,-10.4982991762494,17.7704853620587));
#6095=CARTESIAN_POINT('Ctrl Pts',(33.0929613872002,-9.62918951086214,16.9176491962752));
#6096=CARTESIAN_POINT('Ctrl Pts',(33.1546298830276,-9.24631730412732,16.3748713214743));
#6097=CARTESIAN_POINT('Ctrl Pts',(33.3439865492185,-8.72408774592102,15.1905615418639));
#6098=CARTESIAN_POINT('Ctrl Pts',(33.4715146123968,-8.5845092454493,14.5491015718743));
#6099=CARTESIAN_POINT('Ctrl Pts',(33.752890551731,-8.5348950756225,13.3177393077477));
#6100=CARTESIAN_POINT('Ctrl Pts',(33.9282738842934,-8.63373601294629,12.642575623563));
#6101=CARTESIAN_POINT('Ctrl Pts',(34.29762781644,-9.09032756623099,11.3911917680997));
#6102=CARTESIAN_POINT('Ctrl Pts',(34.4915479044404,-9.44801295814834,10.8149328914125));
#6103=CARTESIAN_POINT('Ctrl Pts',(34.8502790158509,-10.2992964449807,9.87798085879102));
#6104=CARTESIAN_POINT('Ctrl Pts',(35.0397363947906,-10.8571162806828,9.45682655919508));
#6105=CARTESIAN_POINT('Ctrl Pts',(35.3069289325732,-11.8405650300123,9.00087233331197));
#6106=CARTESIAN_POINT('Ctrl Pts',(35.3983661907542,-12.2220579954911,8.87646497993339));
#6107=CARTESIAN_POINT('Ctrl Pts',(35.4796367787182,-12.607028143852,8.79894368277653));
#6108=CARTESIAN_POINT('Origin',(22.8917908114576,-25.4499999999984,13.950000000001));
#6109=CARTESIAN_POINT('',(35.0757052726278,-20.407139728939,14.9868690159337));
#6110=CARTESIAN_POINT('',(35.9367714509784,-21.9301851574601,9.98731994317073));
#6111=CARTESIAN_POINT('Ctrl Pts',(35.0757052726278,-20.407139728939,14.9868690159337));
#6112=CARTESIAN_POINT('Ctrl Pts',(35.1682970997523,-20.3195108965218,14.6417476052126));
#6113=CARTESIAN_POINT('Ctrl Pts',(35.255339251926,-20.2699728326477,14.2911660002699));
#6114=CARTESIAN_POINT('Ctrl Pts',(35.4849656335779,-20.2294835060801,13.2958735714182));
#6115=CARTESIAN_POINT('Ctrl Pts',(35.6244931564319,-20.3361833023492,12.5885250523114));
#6116=CARTESIAN_POINT('Ctrl Pts',(35.8316206171291,-20.8409223364593,11.2768742177945));
#6117=CARTESIAN_POINT('Ctrl Pts',(35.8992867330753,-21.2391277888341,10.6726463213145));
#6118=CARTESIAN_POINT('Ctrl Pts',(35.9309335256889,-21.7815733334888,10.1246072422514));
#6119=CARTESIAN_POINT('Ctrl Pts',(35.9342627884433,-21.85457065513,10.0550754904797));
#6120=CARTESIAN_POINT('Ctrl Pts',(35.9367714509784,-21.9301851574601,9.98731994317072));
#6121=CARTESIAN_POINT('',(22.8917908114576,-22.4499999999984,13.950000000001));
#6122=CARTESIAN_POINT('Ctrl Pts',(22.8917908114547,-22.4499999999989,13.9500000000008));
#6123=CARTESIAN_POINT('Ctrl Pts',(28.0517287254546,-21.5401637269802,14.3477924944416));
#6124=CARTESIAN_POINT('Ctrl Pts',(35.0757052726278,-20.407139728939,14.9868690159337));
#6125=CARTESIAN_POINT('',(22.8917908114576,-25.6834119232054,16.940906028967));
#6126=CARTESIAN_POINT('Origin',(22.8917908114576,-25.4499999999984,13.950000000001));
#6127=CARTESIAN_POINT('',(33.1626652374665,-24.9566579633408,18.735670820589));
#6128=CARTESIAN_POINT('Ctrl Pts',(22.8917908114547,-25.6834119232056,16.9409060289664));
#6129=CARTESIAN_POINT('Ctrl Pts',(27.3358742115849,-25.4028131013732,17.7487985241291));
#6130=CARTESIAN_POINT('Ctrl Pts',(33.1626652374665,-24.9566579633408,18.735670820589));
#6131=CARTESIAN_POINT('',(33.2394675131762,-25.9980479773179,18.743345740774));
#6132=CARTESIAN_POINT('Ctrl Pts',(33.2394675131762,-25.998047977318,18.743345740774));
#6133=CARTESIAN_POINT('Ctrl Pts',(33.2732265132313,-25.763983737801,18.7760989184138));
#6134=CARTESIAN_POINT('Ctrl Pts',(33.2727505375358,-25.5241730302036,18.7856360122497));
#6135=CARTESIAN_POINT('Ctrl Pts',(33.2202527887133,-25.1754233265506,18.7646935868926));
#6136=CARTESIAN_POINT('Ctrl Pts',(33.1953060051062,-25.0644542415667,18.7525692000638));
#6137=CARTESIAN_POINT('Ctrl Pts',(33.1626652374665,-24.9566579633408,18.735670820589));
#6138=CARTESIAN_POINT('',(35.4796367787182,-26.2929718561451,8.79894368277663));
#6139=CARTESIAN_POINT('Ctrl Pts',(35.4796367787182,-26.2929718561451,8.79894368277663));
#6140=CARTESIAN_POINT('Ctrl Pts',(35.3983661907542,-26.6779420045058,8.87646497993349));
#6141=CARTESIAN_POINT('Ctrl Pts',(35.3069289325732,-27.0594349699846,9.00087233331205));
#6142=CARTESIAN_POINT('Ctrl Pts',(35.0397363947906,-28.042883719314,9.45682655919513));
#6143=CARTESIAN_POINT('Ctrl Pts',(34.8502790158509,-28.6007035550161,9.87798085879107));
#6144=CARTESIAN_POINT('Ctrl Pts',(34.4915479044405,-29.4519870418485,10.8149328914125));
#6145=CARTESIAN_POINT('Ctrl Pts',(34.2976278164401,-29.8096724337658,11.3911917680998));
#6146=CARTESIAN_POINT('Ctrl Pts',(33.9282738842934,-30.2662639870505,12.642575623563));
#6147=CARTESIAN_POINT('Ctrl Pts',(33.752890551731,-30.3651049243743,13.3177393077477));
#6148=CARTESIAN_POINT('Ctrl Pts',(33.6084140224678,-30.3396298141861,13.950000000001));
#6149=CARTESIAN_POINT('Ctrl Pts',(33.4715146123969,-30.3154907545475,14.5491015718744));
#6150=CARTESIAN_POINT('Ctrl Pts',(33.3439865492185,-30.1759122540758,15.1905615418639));
#6151=CARTESIAN_POINT('Ctrl Pts',(33.1546298830277,-29.6536826958695,16.3748713214744));
#6152=CARTESIAN_POINT('Ctrl Pts',(33.0929613872003,-29.2708104891347,16.9176491962753));
#6153=CARTESIAN_POINT('Ctrl Pts',(33.0438540217478,-28.4017008237474,17.7704853620587));
#6154=CARTESIAN_POINT('Ctrl Pts',(33.0519304357639,-27.8607926106056,18.1400368019474));
#6155=CARTESIAN_POINT('Ctrl Pts',(33.12865986289,-26.8602381298992,18.5651160731373));
#6156=CARTESIAN_POINT('Ctrl Pts',(33.1778067843548,-26.4255657229877,18.6835221440682));
#6157=CARTESIAN_POINT('Ctrl Pts',(33.2394675131762,-25.9980479773179,18.743345740774));
#6158=CARTESIAN_POINT('',(33.6650296063219,-23.8425894797482,9.32156228009147));
#6159=CARTESIAN_POINT('Ctrl Pts',(33.6650296063219,-23.8425894797482,9.32156228009147));
#6160=CARTESIAN_POINT('Ctrl Pts',(33.8075157634202,-23.8613481382018,9.28845143430711));
#6161=CARTESIAN_POINT('Ctrl Pts',(33.9472681586787,-23.8940114066472,9.25124185891719));
#6162=CARTESIAN_POINT('Ctrl Pts',(34.3527404860027,-24.0310784611383,9.13251041686236));
#6163=CARTESIAN_POINT('Ctrl Pts',(34.6034861770439,-24.1744059294303,9.04407529730193));
#6164=CARTESIAN_POINT('Ctrl Pts',(35.0031804814118,-24.5237136046619,8.89571363786626));
#6165=CARTESIAN_POINT('Ctrl Pts',(35.1610838854224,-24.7180343774721,8.83382657048736));
#6166=CARTESIAN_POINT('Ctrl Pts',(35.3875193120709,-25.1365172215142,8.75225416776563));
#6167=CARTESIAN_POINT('Ctrl Pts',(35.4615618988862,-25.3512946720977,8.729699414674));
#6168=CARTESIAN_POINT('Ctrl Pts',(35.5340326005711,-25.8054973157533,8.72789852724624));
#6169=CARTESIAN_POINT('Ctrl Pts',(35.5295970110909,-26.0363893710605,8.74959856718494));
#6170=CARTESIAN_POINT('Ctrl Pts',(35.4841073892593,-26.2713468499767,8.794641235344));
#6171=CARTESIAN_POINT('Ctrl Pts',(35.4819157673803,-26.2821765287659,8.79676983167354));
#6172=CARTESIAN_POINT('Ctrl Pts',(35.4796367787182,-26.2929718561451,8.79894368277663));
#6173=CARTESIAN_POINT('Ctrl Pts',(35.9367714509784,-21.9301851574601,9.98731994317072));
#6174=CARTESIAN_POINT('Ctrl Pts',(35.9410849677136,-22.0602004212368,9.87081775001685));
#6175=CARTESIAN_POINT('Ctrl Pts',(35.9312912363256,-22.1975056658199,9.76281105735468));
#6176=CARTESIAN_POINT('Ctrl Pts',(35.864674245726,-22.5264585239056,9.53850315334531));
#6177=CARTESIAN_POINT('Ctrl Pts',(35.795036897591,-22.7167759568601,9.43368041491843));
#6178=CARTESIAN_POINT('Ctrl Pts',(35.5808075431344,-23.0792324917168,9.27587847318356));
#6179=CARTESIAN_POINT('Ctrl Pts',(35.443140156245,-23.2436966641384,9.2246455000395));
#6180=CARTESIAN_POINT('Ctrl Pts',(35.0978470997431,-23.5350865045032,9.16445853675372));
#6181=CARTESIAN_POINT('Ctrl Pts',(34.8929102883592,-23.6531706901594,9.15925253419208));
#6182=CARTESIAN_POINT('Ctrl Pts',(34.4237431688132,-23.8248884877937,9.18548356965329));
#6183=CARTESIAN_POINT('Ctrl Pts',(34.1609086982127,-23.8665201760314,9.22096947141638));
#6184=CARTESIAN_POINT('Ctrl Pts',(33.8210229314592,-23.8589015311835,9.28685234263102));
#6185=CARTESIAN_POINT('Ctrl Pts',(33.7425639473789,-23.8527970693972,9.30354489747683));
#6186=CARTESIAN_POINT('Ctrl Pts',(33.6650296063219,-23.8425894797482,9.32156228009147));
#6187=CARTESIAN_POINT('Origin',(22.8917908114576,-19.4499999999985,91.4256250000817));
#6188=CARTESIAN_POINT('Ctrl Pts',(22.8917908114576,-0.899999999998471,6.40000000000001));
#6189=CARTESIAN_POINT('Ctrl Pts',(23.5912242086302,-1.75183035015864,6.34038654222129));
#6190=CARTESIAN_POINT('Ctrl Pts',(24.2531806340887,-2.65679076271199,6.27506674782094));
#6191=CARTESIAN_POINT('Ctrl Pts',(25.8736888152283,-5.16926607963428,6.09856487600521));
#6192=CARTESIAN_POINT('Ctrl Pts',(26.7456245596707,-6.85322524976554,5.9854039385405));
#6193=CARTESIAN_POINT('Ctrl Pts',(28.1453029323818,-10.3566562552268,5.78999280530893));
#6194=CARTESIAN_POINT('Ctrl Pts',(28.6740822475211,-12.1788109062036,5.70796662806552));
#6195=CARTESIAN_POINT('Ctrl Pts',(29.3673495929256,-15.8378092697704,5.59831518258867));
#6196=CARTESIAN_POINT('Ctrl Pts',(29.5316867811055,-17.6746846434305,5.5707928085482));
#6197=CARTESIAN_POINT('Ctrl Pts',(29.5316867811056,-21.2253153565664,5.5707928085482));
#6198=CARTESIAN_POINT('Ctrl Pts',(29.3673495929257,-23.0621907302265,5.59831518258868));
#6199=CARTESIAN_POINT('Ctrl Pts',(28.6740822475212,-26.7211890937934,5.70796662806553));
#6200=CARTESIAN_POINT('Ctrl Pts',(28.1453029323818,-28.5433437447702,5.78999280530894));
#6201=CARTESIAN_POINT('Ctrl Pts',(26.7456245596707,-32.0467747502314,5.98540393854051));
#6202=CARTESIAN_POINT('Ctrl Pts',(25.8736888152283,-33.7307339203627,6.0985648760052));
#6203=CARTESIAN_POINT('Ctrl Pts',(24.2531806340887,-36.243209237285,6.27506674782093));
#6204=CARTESIAN_POINT('Ctrl Pts',(23.5912242086303,-37.1481696498383,6.34038654222129));
#6205=CARTESIAN_POINT('Ctrl Pts',(22.8917908114577,-37.9999999999985,6.4));
#6206=CARTESIAN_POINT('',(30.056626807615,0.619394806036382,8.04465273047528));
#6207=CARTESIAN_POINT('Ctrl Pts',(30.056626807615,0.619394806036382,8.04465273047528));
#6208=CARTESIAN_POINT('Ctrl Pts',(29.9584552588761,0.763157369466438,8.06145101890227));
#6209=CARTESIAN_POINT('Ctrl Pts',(29.8424099784904,0.894589853224248,8.0724128225277));
#6210=CARTESIAN_POINT('Ctrl Pts',(29.6081020475104,1.10104993812098,8.08055304215342));
#6211=CARTESIAN_POINT('Ctrl Pts',(29.4966723559002,1.18132231146226,8.08016782335206));
#6212=CARTESIAN_POINT('Ctrl Pts',(29.3784520964154,1.25006304396394,8.07576102681502));
#6213=CARTESIAN_POINT('',(32.5820824050955,-3.70510811996498,7.57407211888027));
#6214=CARTESIAN_POINT('Ctrl Pts',(32.5820824050955,-3.70510811996498,7.57407211888027));
#6215=CARTESIAN_POINT('Ctrl Pts',(31.8637463263192,-2.24768297810308,7.7188587173866));
#6216=CARTESIAN_POINT('Ctrl Pts',(31.0193816147512,-0.790464779622806,7.8799142380862));
#6217=CARTESIAN_POINT('Ctrl Pts',(30.056626807615,0.619394806036373,8.04465273047528));
#6218=CARTESIAN_POINT('',(31.5376311118693,-6.51094953705453,6.90921109842463));
#6219=CARTESIAN_POINT('Ctrl Pts',(31.5376311118693,-6.51094953705453,6.90921109842462));
#6220=CARTESIAN_POINT('Ctrl Pts',(31.726971687116,-6.43252210287982,6.95499279243112));
#6221=CARTESIAN_POINT('Ctrl Pts',(31.9034269881113,-6.32602003017778,7.00289255122811));
#6222=CARTESIAN_POINT('Ctrl Pts',(32.2697719007966,-6.02127288026709,7.11615682178962));
#6223=CARTESIAN_POINT('Ctrl Pts',(32.4417861864611,-5.80751537295896,7.18103676945309));
#6224=CARTESIAN_POINT('Ctrl Pts',(32.6904482032786,-5.32751451895229,7.30464060657876));
#6225=CARTESIAN_POINT('Ctrl Pts',(32.7661315795186,-5.06616802707205,7.36238262051608));
#6226=CARTESIAN_POINT('Ctrl Pts',(32.8113705807191,-4.53210991635949,7.46363081031443));
#6227=CARTESIAN_POINT('Ctrl Pts',(32.7825303763678,-4.264495828972,7.5064872482997));
#6228=CARTESIAN_POINT('Ctrl Pts',(32.6707553054253,-3.90433983184755,7.55274313018723));
#6229=CARTESIAN_POINT('Ctrl Pts',(32.6302684113446,-3.80287224328866,7.5643598294011));
#6230=CARTESIAN_POINT('Ctrl Pts',(32.5820824050955,-3.70510811996498,7.57407211888027));
#6231=CARTESIAN_POINT('',(34.2739990370817,-7.75072435698595,7.2157967319215));
#6232=CARTESIAN_POINT('Ctrl Pts',(34.2739990370817,-7.75072435698595,7.21579673192151));
#6233=CARTESIAN_POINT('Ctrl Pts',(34.2215879332329,-7.59983397361635,7.22742968737804));
#6234=CARTESIAN_POINT('Ctrl Pts',(34.1518593054146,-7.45521019251497,7.2355196560969));
#6235=CARTESIAN_POINT('Ctrl Pts',(33.9676116847581,-7.16442773439942,7.24459455375242));
#6236=CARTESIAN_POINT('Ctrl Pts',(33.8489594338057,-7.02273442499531,7.24430044298404));
#6237=CARTESIAN_POINT('Ctrl Pts',(33.5167229156217,-6.71864398496015,7.2304076074073));
#6238=CARTESIAN_POINT('Ctrl Pts',(33.2879778266989,-6.57868410039358,7.21102816370799));
#6239=CARTESIAN_POINT('Ctrl Pts',(32.7866932645402,-6.39124734272193,7.15044168449639));
#6240=CARTESIAN_POINT('Ctrl Pts',(32.5188089148928,-6.34770166756827,7.10944361205257));
#6241=CARTESIAN_POINT('Ctrl Pts',(32.0049473124571,-6.36485428975324,7.01508916319775));
#6242=CARTESIAN_POINT('Ctrl Pts',(31.7633373387054,-6.41745895678694,6.96378584236902));
#6243=CARTESIAN_POINT('Ctrl Pts',(31.5376311118693,-6.51094953705454,6.90921109842462));
#6244=CARTESIAN_POINT('',(35.5816663572452,-12.5935956950111,6.91524442630922));
#6245=CARTESIAN_POINT('Ctrl Pts',(35.5816663572452,-12.5935956950111,6.91524442630922));
#6246=CARTESIAN_POINT('Ctrl Pts',(35.4840727130387,-12.0948338800861,6.93844449306781));
#6247=CARTESIAN_POINT('Ctrl Pts',(35.3756195392043,-11.5971949740308,6.96405596122889));
#6248=CARTESIAN_POINT('Ctrl Pts',(34.9847724925837,-9.97264443053593,7.05543553981927));
#6249=CARTESIAN_POINT('Ctrl Pts',(34.6569340220976,-8.85318552363709,7.13080204002789));
#6250=CARTESIAN_POINT('Ctrl Pts',(34.2739990370817,-7.75072435698596,7.2157967319215));
#6251=CARTESIAN_POINT('',(33.8327032664497,-15.0353358641134,6.44376798049238));
#6252=CARTESIAN_POINT('Ctrl Pts',(33.8327032664497,-15.0353358641134,6.44376798049239));
#6253=CARTESIAN_POINT('Ctrl Pts',(33.8542120049785,-15.0325041849661,6.44771276629144));
#6254=CARTESIAN_POINT('Ctrl Pts',(33.8756869432546,-15.0293304648313,6.45166951285508));
#6255=CARTESIAN_POINT('Ctrl Pts',(34.1648235047611,-14.9819009997421,6.50519069036075));
#6256=CARTESIAN_POINT('Ctrl Pts',(34.4212302555213,-14.885394373008,6.55548697978145));
#6257=CARTESIAN_POINT('Ctrl Pts',(34.8799836843623,-14.599199273092,6.65238826273597));
#6258=CARTESIAN_POINT('Ctrl Pts',(35.0785982477058,-14.4128564745091,6.69817222785815));
#6259=CARTESIAN_POINT('Ctrl Pts',(35.3912752112756,-13.9752793391673,6.78057551248669));
#6260=CARTESIAN_POINT('Ctrl Pts',(35.5032941658069,-13.7288379559724,6.81654836420232));
#6261=CARTESIAN_POINT('Ctrl Pts',(35.6261302590549,-13.2079993159943,6.87510429614613));
#6262=CARTESIAN_POINT('Ctrl Pts',(35.6367670386013,-12.9388817687035,6.89727148355562));
#6263=CARTESIAN_POINT('Ctrl Pts',(35.5916632678361,-12.6475130716149,6.91265143578885));
#6264=CARTESIAN_POINT('Ctrl Pts',(35.5869294808858,-12.6204934004969,6.91399327085937));
#6265=CARTESIAN_POINT('Ctrl Pts',(35.5816663572452,-12.5935956950111,6.91524442630922));
#6266=CARTESIAN_POINT('',(36.1576718524485,-16.9407327529653,6.77631580361633));
#6267=CARTESIAN_POINT('Ctrl Pts',(36.1576718524485,-16.9407327529653,6.77631580361634));
#6268=CARTESIAN_POINT('Ctrl Pts',(36.1505605864995,-16.8397196957137,6.77805568410448));
#6269=CARTESIAN_POINT('Ctrl Pts',(36.1360440403012,-16.7391455447348,6.77865804354096));
#6270=CARTESIAN_POINT('Ctrl Pts',(36.0604287955138,-16.3962135303147,6.77670248442051));
#6271=CARTESIAN_POINT('Ctrl Pts',(35.9632251514384,-16.1644496975253,6.76832356245715));
#6272=CARTESIAN_POINT('Ctrl Pts',(35.6806818522654,-15.7302518919404,6.73637962268803));
#6273=CARTESIAN_POINT('Ctrl Pts',(35.4917821876454,-15.5360787300857,6.7119513891094));
#6274=CARTESIAN_POINT('Ctrl Pts',(35.0486475258482,-15.2293206756865,6.64844395809544));
#6275=CARTESIAN_POINT('Ctrl Pts',(34.7980965760285,-15.1209406565862,6.60979265445726));
#6276=CARTESIAN_POINT('Ctrl Pts',(34.3033223772842,-15.0141232545877,6.527955030365));
#6277=CARTESIAN_POINT('Ctrl Pts',(34.0659431270781,-15.0046292539247,6.48654507263781));
#6278=CARTESIAN_POINT('Ctrl Pts',(33.8327032664497,-15.0353358641134,6.44376798049238));
#6279=CARTESIAN_POINT('',(36.1576718524485,-21.9592672470317,6.77631580361634));
#6280=CARTESIAN_POINT('Ctrl Pts',(36.1576718524485,-21.9592672470317,6.77631580361635));
#6281=CARTESIAN_POINT('Ctrl Pts',(36.2168937508214,-21.1180407967976,6.76182625615894));
#6282=CARTESIAN_POINT('Ctrl Pts',(36.2458828349221,-20.2803760722065,6.75468672660236));
#6283=CARTESIAN_POINT('Ctrl Pts',(36.2458828349221,-18.6196239277905,6.75468672660237));
#6284=CARTESIAN_POINT('Ctrl Pts',(36.2168937508214,-17.7819592031994,6.76182625615894));
#6285=CARTESIAN_POINT('Ctrl Pts',(36.1576718524485,-16.9407327529653,6.77631580361634));
#6286=CARTESIAN_POINT('',(33.8327032664497,-23.8646641358837,6.44376798049238));
#6287=CARTESIAN_POINT('Ctrl Pts',(33.8327032664497,-23.8646641358837,6.44376798049238));
#6288=CARTESIAN_POINT('Ctrl Pts',(34.0349315085524,-23.8912879890392,6.48085742190917));
#6289=CARTESIAN_POINT('Ctrl Pts',(34.2405785167808,-23.8877312451509,6.51698074414467));
#6290=CARTESIAN_POINT('Ctrl Pts',(34.7064395881841,-23.8090894270949,6.59515491052221));
#6291=CARTESIAN_POINT('Ctrl Pts',(34.9594846260564,-23.7134966660871,6.63486627051775));
#6292=CARTESIAN_POINT('Ctrl Pts',(35.4135999816504,-23.4308339942709,6.70128876662921));
#6293=CARTESIAN_POINT('Ctrl Pts',(35.6107407852509,-23.2474191175224,6.72750560128122));
#6294=CARTESIAN_POINT('Ctrl Pts',(35.9242462549046,-22.8153598682857,6.76456349896072));
#6295=CARTESIAN_POINT('Ctrl Pts',(36.037801374918,-22.5712905072448,6.77512632840709));
#6296=CARTESIAN_POINT('Ctrl Pts',(36.1307298876255,-22.1960641600298,6.77883416000183));
#6297=CARTESIAN_POINT('Ctrl Pts',(36.1493141010902,-22.0779861955998,6.77836065591372));
#6298=CARTESIAN_POINT('Ctrl Pts',(36.1576718524485,-21.9592672470317,6.77631580361634));
#6299=CARTESIAN_POINT('',(35.5816663572452,-26.3064043049859,6.91524442630922));
#6300=CARTESIAN_POINT('Ctrl Pts',(35.5816663572452,-26.3064043049859,6.91524442630922));
#6301=CARTESIAN_POINT('Ctrl Pts',(35.5958864747004,-26.2337310110634,6.91186400459265));
#6302=CARTESIAN_POINT('Ctrl Pts',(35.6062126523413,-26.1603193553798,6.90782891910543));
#6303=CARTESIAN_POINT('Ctrl Pts',(35.6357952135445,-25.8177589055068,6.88616420937742));
#6304=CARTESIAN_POINT('Ctrl Pts',(35.6063105038284,-25.5476990451692,6.86107934883259));
#6305=CARTESIAN_POINT('Ctrl Pts',(35.4454488735118,-25.0323928722549,6.79706517475794));
#6306=CARTESIAN_POINT('Ctrl Pts',(35.3145540443866,-24.7925383567335,6.75860083268776));
#6307=CARTESIAN_POINT('Ctrl Pts',(34.9672067182073,-24.3761922736394,6.67200211395375));
#6308=CARTESIAN_POINT('Ctrl Pts',(34.7533630219414,-24.2042588044115,6.62458520494862));
#6309=CARTESIAN_POINT('Ctrl Pts',(34.3000617766195,-23.9683404643497,6.53166661078319));
#6310=CARTESIAN_POINT('Ctrl Pts',(34.0699112427116,-23.8958931584062,6.48727284038574));
#6311=CARTESIAN_POINT('Ctrl Pts',(33.8327032664497,-23.8646641358836,6.44376798049238));
#6312=CARTESIAN_POINT('',(34.2739990370817,-31.1492756430111,7.21579673192151));
#6313=CARTESIAN_POINT('Ctrl Pts',(34.2739990370817,-31.1492756430111,7.21579673192151));
#6314=CARTESIAN_POINT('Ctrl Pts',(34.6569340220977,-30.0468144763599,7.1308020400279));
#6315=CARTESIAN_POINT('Ctrl Pts',(34.9847724925838,-28.927355569461,7.05543553981927));
#6316=CARTESIAN_POINT('Ctrl Pts',(35.3756195392044,-27.3028050259661,6.9640559612289));
#6317=CARTESIAN_POINT('Ctrl Pts',(35.4840727130387,-26.8051661199109,6.93844449306782));
#6318=CARTESIAN_POINT('Ctrl Pts',(35.5816663572452,-26.3064043049859,6.91524442630923));
#6319=CARTESIAN_POINT('',(31.5376311118693,-32.3890504629425,6.90921109842463));
#6320=CARTESIAN_POINT('Ctrl Pts',(31.5376311118693,-32.3890504629425,6.90921109842463));
#6321=CARTESIAN_POINT('Ctrl Pts',(31.6173224553342,-32.4220596982094,6.92848010453556));
#6322=CARTESIAN_POINT('Ctrl Pts',(31.699250378317,-32.4500773323416,6.94740595134338));
#6323=CARTESIAN_POINT('Ctrl Pts',(32.0385775142342,-32.5423865204545,7.02217870166591));
#6324=CARTESIAN_POINT('Ctrl Pts',(32.3063962328558,-32.5618224247717,7.07301766855606));
#6325=CARTESIAN_POINT('Ctrl Pts',(32.8327228318031,-32.4966312189939,7.1568202651534));
#6326=CARTESIAN_POINT('Ctrl Pts',(33.0861559567503,-32.4143693424149,7.18925128297722));
#6327=CARTESIAN_POINT('Ctrl Pts',(33.5492313560374,-32.1576928029748,7.23272493502656));
#6328=CARTESIAN_POINT('Ctrl Pts',(33.7541642424369,-31.9862993600821,7.2434121077504));
#6329=CARTESIAN_POINT('Ctrl Pts',(34.075310748981,-31.5920786617069,7.24289901501424));
#6330=CARTESIAN_POINT('Ctrl Pts',(34.1944757086832,-31.3782215080608,7.23344740647482));
#6331=CARTESIAN_POINT('Ctrl Pts',(34.2739990370817,-31.1492756430111,7.21579673192151));
#6332=CARTESIAN_POINT('',(32.5820824050955,-35.1948918800321,7.57407211888028));
#6333=CARTESIAN_POINT('Ctrl Pts',(32.5820824050955,-35.1948918800321,7.57407211888029));
#6334=CARTESIAN_POINT('Ctrl Pts',(32.6874668748467,-34.9810783457893,7.55283100436371));
#6335=CARTESIAN_POINT('Ctrl Pts',(32.7551427232446,-34.7513465714451,7.52268039611963));
#6336=CARTESIAN_POINT('Ctrl Pts',(32.8140669200907,-34.2443439279125,7.4422373454752));
#6337=CARTESIAN_POINT('Ctrl Pts',(32.7913525789211,-33.970507761102,7.39042233561081));
#6338=CARTESIAN_POINT('Ctrl Pts',(32.6410785236784,-33.4471484042245,7.27479720054192));
#6339=CARTESIAN_POINT('Ctrl Pts',(32.5138566250426,-33.2027435364683,7.2119231777834));
#6340=CARTESIAN_POINT('Ctrl Pts',(32.1721060521887,-32.7796203457077,7.08290740992039));
#6341=CARTESIAN_POINT('Ctrl Pts',(31.9607654150792,-32.6044941643474,7.0178748706273));
#6342=CARTESIAN_POINT('Ctrl Pts',(31.6612908214426,-32.4439081103929,6.93968176856542));
#6343=CARTESIAN_POINT('Ctrl Pts',(31.6000944008646,-32.4149236043948,6.92431443895107));
#6344=CARTESIAN_POINT('Ctrl Pts',(31.5376311118693,-32.3890504629425,6.90921109842463));
#6345=CARTESIAN_POINT('',(30.056626807615,-39.5193948060334,8.0446527304753));
#6346=CARTESIAN_POINT('Ctrl Pts',(30.056626807615,-39.5193948060334,8.0446527304753));
#6347=CARTESIAN_POINT('Ctrl Pts',(31.0193805679268,-38.1095367533453,7.87991441720998));
#6348=CARTESIAN_POINT('Ctrl Pts',(31.8637455406892,-36.652318615851,7.71885887573685));
#6349=CARTESIAN_POINT('Ctrl Pts',(32.5820824050955,-35.1948918800321,7.57407211888028));
#6350=CARTESIAN_POINT('Ctrl Pts',(29.3784521450415,-40.1500630156867,8.07576102862762));
#6351=CARTESIAN_POINT('Ctrl Pts',(29.4454112604118,-40.1111287505911,8.07825700630402));
#6352=CARTESIAN_POINT('Ctrl Pts',(29.5103354598515,-40.0684119553451,8.07946855131276));
#6353=CARTESIAN_POINT('Ctrl Pts',(29.761622144979,-39.8822213143718,8.07915014298847));
#6354=CARTESIAN_POINT('Ctrl Pts',(29.9250397343718,-39.7120911137388,8.06716880196442));
#6355=CARTESIAN_POINT('Ctrl Pts',(30.056626807615,-39.5193948060334,8.0446527304753));
#6356=CARTESIAN_POINT('Origin',(22.8917908114576,-16.4499999999984,13.950000000001));
#6357=CARTESIAN_POINT('',(31.9133129375789,-15.2880283947543,17.1917478218521));
#6358=CARTESIAN_POINT('Ctrl Pts',(31.9133129375789,-15.2880283947543,17.1917478218521));
#6359=CARTESIAN_POINT('Ctrl Pts',(32.1331068140245,-15.2590919819659,17.2713073835997));
#6360=CARTESIAN_POINT('Ctrl Pts',(32.3684457106853,-15.1764728445814,17.4042573010054));
#6361=CARTESIAN_POINT('Ctrl Pts',(32.7233503021008,-14.9588306122204,17.6908226577483));
#6362=CARTESIAN_POINT('Ctrl Pts',(32.8923301349143,-14.7774303040334,17.8992060458954));
#6363=CARTESIAN_POINT('Ctrl Pts',(33.0961574246415,-14.4137948758142,18.284527103363));
#6364=CARTESIAN_POINT('Ctrl Pts',(33.1579431339891,-14.1654041431957,18.5291291466148));
#6365=CARTESIAN_POINT('Ctrl Pts',(33.1626652374666,-13.9433420366559,18.7356708205889));
#6366=CARTESIAN_POINT('',(34.6862696248283,-17.1344465311872,16.1498612480245));
#6367=CARTESIAN_POINT('Ctrl Pts',(34.6862696248283,-17.1344465311872,16.1498612480245));
#6368=CARTESIAN_POINT('Ctrl Pts',(34.6729957829202,-17.092984200898,16.185025593703));
#6369=CARTESIAN_POINT('Ctrl Pts',(34.6586299099778,-17.0523706151704,16.2191425503185));
#6370=CARTESIAN_POINT('Ctrl Pts',(34.6434785270151,-17.0129765022101,16.2519428190815));
#6371=CARTESIAN_POINT('Ctrl Pts',(34.5423311751404,-16.7499899342387,16.4709103109814));
#6372=CARTESIAN_POINT('Ctrl Pts',(34.3554345954148,-16.4458169313209,16.7073787234159));
#6373=CARTESIAN_POINT('Ctrl Pts',(33.9583967706664,-16.0049344209005,17.0198285637271));
#6374=CARTESIAN_POINT('Ctrl Pts',(33.6893661028877,-15.7825849410241,17.1608820238929));
#6375=CARTESIAN_POINT('Ctrl Pts',(33.2000908437521,-15.5003714561983,17.3044080492715));
#6376=CARTESIAN_POINT('Ctrl Pts',(32.9029364646033,-15.3804121111932,17.3439954611384));
#6377=CARTESIAN_POINT('Ctrl Pts',(32.4101532084842,-15.274241485249,17.3238392388795));
#6378=CARTESIAN_POINT('Ctrl Pts',(32.1329986839381,-15.2591062175618,17.2712682433724));
#6379=CARTESIAN_POINT('Ctrl Pts',(31.9133129375789,-15.2880283947543,17.1917478218521));
#6380=CARTESIAN_POINT('Origin',(0.319010799548634,-19.3767886800646,5.82085262707109));
#6381=CARTESIAN_POINT('',(22.8917908114576,-14.1418154260673,16.0850707308868));
#6382=CARTESIAN_POINT('Origin',(22.8917908114576,-25.6834119232054,16.940906028967));
#6383=CARTESIAN_POINT('',(34.6862696248282,-21.7655534688099,16.1498612480247));
#6384=CARTESIAN_POINT('Origin',(0.319010799548629,-19.5232113199325,5.82085262707112));
#6385=CARTESIAN_POINT('',(31.9133129375788,-23.6119716052427,17.1917478218524));
#6386=CARTESIAN_POINT('Ctrl Pts',(31.9133129375788,-23.6119716052427,17.1917478218524));
#6387=CARTESIAN_POINT('Ctrl Pts',(32.1329986839379,-23.6408937824352,17.2712682433727));
#6388=CARTESIAN_POINT('Ctrl Pts',(32.4101532084841,-23.625758514748,17.3238392388798));
#6389=CARTESIAN_POINT('Ctrl Pts',(32.9029364646032,-23.5195878888038,17.3439954611387));
#6390=CARTESIAN_POINT('Ctrl Pts',(33.200090843752,-23.3996285437987,17.3044080492718));
#6391=CARTESIAN_POINT('Ctrl Pts',(33.6893661028876,-23.117415058973,17.1608820238932));
#6392=CARTESIAN_POINT('Ctrl Pts',(33.9583967706663,-22.8950655790965,17.0198285637274));
#6393=CARTESIAN_POINT('Ctrl Pts',(34.3554345954147,-22.4541830686762,16.7073787234162));
#6394=CARTESIAN_POINT('Ctrl Pts',(34.5423311751403,-22.1500100657584,16.4709103109817));
#6395=CARTESIAN_POINT('Ctrl Pts',(34.643478527015,-21.8870234977869,16.2519428190818));
#6396=CARTESIAN_POINT('Ctrl Pts',(34.6586299099777,-21.8476293848267,16.2191425503188));
#6397=CARTESIAN_POINT('Ctrl Pts',(34.6729957829201,-21.8070157990991,16.1850255937032));
#6398=CARTESIAN_POINT('Ctrl Pts',(34.6862696248282,-21.7655534688099,16.1498612480247));
#6399=CARTESIAN_POINT('Ctrl Pts',(33.1626652374665,-24.9566579633408,18.735670820589));
#6400=CARTESIAN_POINT('Ctrl Pts',(33.157943133989,-24.7345958568011,18.5291291466149));
#6401=CARTESIAN_POINT('Ctrl Pts',(33.0961574246413,-24.4862051241827,18.2845271033632));
#6402=CARTESIAN_POINT('Ctrl Pts',(32.8923301349142,-24.1225696959637,17.8992060458957));
#6403=CARTESIAN_POINT('Ctrl Pts',(32.7233503021007,-23.9411693877767,17.6908226577486));
#6404=CARTESIAN_POINT('Ctrl Pts',(32.3684457106852,-23.7235271554157,17.4042573010056));
#6405=CARTESIAN_POINT('Ctrl Pts',(32.1331068140244,-23.6409080180312,17.2713073836));
#6406=CARTESIAN_POINT('Ctrl Pts',(31.9133129375788,-23.6119716052427,17.1917478218524));
#6407=CARTESIAN_POINT('',(22.8917908114576,-16.3782586729514,8.33363927248347));
#6408=CARTESIAN_POINT('Origin',(0.300000000000002,-19.4499999999985,-8.2));
#6409=CARTESIAN_POINT('Origin',(0.300000000000002,-19.4499999999985,6.4));
#6410=CARTESIAN_POINT('Origin',(0.300000000000002,-19.4499999999985,-8.2));
#6411=CARTESIAN_POINT('',(-21.6568155661105,-38.7474029927452,-8.2));
#6412=CARTESIAN_POINT('',(12.0917908114575,-46.1978070414643,6.4));
#6413=CARTESIAN_POINT('',(12.0917908114575,-46.1978070414643,6.4));
#6414=CARTESIAN_POINT('Origin',(0.300000000000002,-19.4499999999985,6.4));
#6415=CARTESIAN_POINT('',(19.9917908114576,2.15381648474454,6.4));
#6416=CARTESIAN_POINT('Origin',(0.300000000000002,-19.4499999999985,6.4));
#6417=CARTESIAN_POINT('',(19.9917908114576,2.15381648474454,6.4));
#6418=CARTESIAN_POINT('',(-21.656815566111,-0.152597007252395,-8.2));
#6419=CARTESIAN_POINT('Origin',(1.55803535632109,-21.0895035962875,5.89999999997267));
#6420=CARTESIAN_POINT('',(27.4647018340302,-1.36945917701189,-9.19999999999999));
#6421=CARTESIAN_POINT('Origin',(1.63474915532761,-21.1894789655998,5.89999999997267));
#6422=CARTESIAN_POINT('',(24.645393733502,-0.769122355308571,-8.33213778006433));
#6423=CARTESIAN_POINT('Origin',(25.9034290898221,-2.40862595159829,-8.33213778006701));
#6424=CARTESIAN_POINT('',(24.3140747735663,-1.02335233489637,21.));
#6425=CARTESIAN_POINT('Origin',(0.300000000000007,-19.4499999999985,5.89999999997267));
#6426=CARTESIAN_POINT('',(27.4647018340066,-1.36945917703,21.0000000000095));
#6427=CARTESIAN_POINT('Ctrl Pts',(24.3140747735663,-1.02335233489637,21.));
#6428=CARTESIAN_POINT('Ctrl Pts',(24.5473995579912,-0.844315930842762,21.));
#6429=CARTESIAN_POINT('Ctrl Pts',(24.8614482305926,-0.683301970571573,21.));
#6430=CARTESIAN_POINT('Ctrl Pts',(25.4097320560115,-0.52400896610989,21.));
#6431=CARTESIAN_POINT('Ctrl Pts',(25.7402800419101,-0.490655685996697,21.));
#6432=CARTESIAN_POINT('Ctrl Pts',(26.273983804143,-0.544669403513365,21.));
#6433=CARTESIAN_POINT('Ctrl Pts',(26.572206302968,-0.634608896116551,21.));
#6434=CARTESIAN_POINT('Ctrl Pts',(27.0157521819107,-0.878922318674795,21.));
#6435=CARTESIAN_POINT('Ctrl Pts',(27.2411048626998,-1.07109830951098,21.));
#6436=CARTESIAN_POINT('Ctrl Pts',(27.3913512057912,-1.26690315600441,21.));
#6437=CARTESIAN_POINT('Ctrl Pts',(27.4162908235829,-1.29940509869947,21.));
#6438=CARTESIAN_POINT('Ctrl Pts',(27.4408939570428,-1.33368956784088,21.));
#6439=CARTESIAN_POINT('Ctrl Pts',(27.4647018340102,-1.36945917702756,21.));
#6440=CARTESIAN_POINT('Origin',(1.63474915532761,-21.1894789655998,5.89999999997267));
#6441=CARTESIAN_POINT('Origin',(0.300000000000002,-19.4499999999985,5.89999999997267));
#6442=CARTESIAN_POINT('',(29.5405585838848,-4.96494853699122,-9.19999999999799));
#6443=CARTESIAN_POINT('Origin',(-0.539058395895595,-17.4243338410044,5.89999999997267));
#6444=CARTESIAN_POINT('Origin',(0.299999999999767,-19.4499999999986,-9.19999999999768));
#6445=CARTESIAN_POINT('Origin',(0.300000000000002,-19.4499999999985,5.89999999997267));
#6446=CARTESIAN_POINT('',(29.5405585838556,-4.96494853700335,21.0000000000095));
#6447=CARTESIAN_POINT('Origin',(0.300000000001244,-19.4499999999979,21.0000000000074));
#6448=CARTESIAN_POINT('Origin',(-0.539058395895595,-17.4243338410044,5.89999999997267));
#6449=CARTESIAN_POINT('Origin',(-0.490834085821641,-17.540757624421,5.89999999997267));
#6450=CARTESIAN_POINT('',(28.6508114720413,-7.70670938399628,-8.33213778006433));
#6451=CARTESIAN_POINT('Origin',(0.300000000000004,-19.4499999999985,5.89999999997267));
#6452=CARTESIAN_POINT('Origin',(27.8599773862197,-5.79746700841873,-8.33213778006433));
#6453=CARTESIAN_POINT('Origin',(-0.490834085821641,-17.540757624421,5.89999999997267));
#6454=CARTESIAN_POINT('',(28.2649823713468,-7.86652503026215,21.));
#6455=CARTESIAN_POINT('Ctrl Pts',(29.5405585838596,-4.9649485370014,21.));
#6456=CARTESIAN_POINT('Ctrl Pts',(29.559632035615,-5.00345156785872,21.));
#6457=CARTESIAN_POINT('Ctrl Pts',(29.5770216901167,-5.0419007410184,21.));
#6458=CARTESIAN_POINT('Ctrl Pts',(29.5926993892672,-5.07975005493418,21.));
#6459=CARTESIAN_POINT('Ctrl Pts',(29.6871481889688,-5.30776962812384,21.));
#6460=CARTESIAN_POINT('Ctrl Pts',(29.7409011386359,-5.59901876991615,21.));
#6461=CARTESIAN_POINT('Ctrl Pts',(29.7307098295855,-6.10529748010353,21.));
#6462=CARTESIAN_POINT('Ctrl Pts',(29.6594884655708,-6.40853548636774,21.));
#6463=CARTESIAN_POINT('Ctrl Pts',(29.4394138359767,-6.89774336131502,21.));
#6464=CARTESIAN_POINT('Ctrl Pts',(29.2452550551498,-7.1673296742164,21.));
#6465=CARTESIAN_POINT('Ctrl Pts',(28.8331613539314,-7.5625108932825,21.));
#6466=CARTESIAN_POINT('Ctrl Pts',(28.5366948376719,-7.75397804164446,21.));
#6467=CARTESIAN_POINT('Ctrl Pts',(28.2649823713468,-7.86652503026216,21.));
#6468=CARTESIAN_POINT('Origin',(0.300000000000004,-19.4499999999985,5.89999999997267));
#6469=CARTESIAN_POINT('Origin',(0.300000000000001,-19.4499999999985,5.89999999997267));
#6470=CARTESIAN_POINT('',(27.4647018340317,-37.5305408229863,-9.19999999999798));
#6471=CARTESIAN_POINT('Origin',(1.6347491553276,-17.7105210343972,5.89999999997267));
#6472=CARTESIAN_POINT('',(29.5405585838831,-33.9350514630051,-9.19999999999999));
#6473=CARTESIAN_POINT('Origin',(0.299999999999799,-19.4499999999984,-9.19999999999768));
#6474=CARTESIAN_POINT('Origin',(-0.539058395895599,-21.4756661589927,5.89999999997267));
#6475=CARTESIAN_POINT('Origin',(1.09083408582165,-21.3592423755761,5.89999999997267));
#6476=CARTESIAN_POINT('',(31.2186753756743,-9.01628085498031,-9.19999999999999));
#6477=CARTESIAN_POINT('Origin',(1.1390583958956,-21.4756661589927,5.89999999997267));
#6478=CARTESIAN_POINT('Origin',(29.4416455578618,-9.61595175957431,-8.33213778006701));
#6479=CARTESIAN_POINT('Origin',(1.09083408582165,-21.3592423755761,5.89999999997267));
#6480=CARTESIAN_POINT('',(31.2186753756468,-9.0162808549917,21.0000000000095));
#6481=CARTESIAN_POINT('Ctrl Pts',(28.2649823713468,-7.86652503026216,21.));
#6482=CARTESIAN_POINT('Ctrl Pts',(28.5366948376719,-7.75397804164446,21.));
#6483=CARTESIAN_POINT('Ctrl Pts',(28.8817160406949,-7.67973227658383,21.));
#6484=CARTESIAN_POINT('Ctrl Pts',(29.45254561111,-7.66777334576721,21.));
#6485=CARTESIAN_POINT('Ctrl Pts',(29.7804629116272,-7.72110866518526,21.));
#6486=CARTESIAN_POINT('Ctrl Pts',(30.2820013803654,-7.91141460801721,21.));
#6487=CARTESIAN_POINT('Ctrl Pts',(30.5467841403685,-8.07547514909997,21.));
#6488=CARTESIAN_POINT('Ctrl Pts',(30.9119835932511,-8.42626191450515,21.));
#6489=CARTESIAN_POINT('Ctrl Pts',(31.0799187612088,-8.67021523289962,21.));
#6490=CARTESIAN_POINT('Ctrl Pts',(31.1743675609105,-8.89823480608928,21.));
#6491=CARTESIAN_POINT('Ctrl Pts',(31.1900452600609,-8.93608412000506,21.));
#6492=CARTESIAN_POINT('Ctrl Pts',(31.2049365885124,-8.97556813369799,21.));
#6493=CARTESIAN_POINT('Ctrl Pts',(31.218675375651,-9.01628085499029,21.));
#6494=CARTESIAN_POINT('Origin',(1.1390583958956,-21.4756661589927,5.89999999997267));
#6495=CARTESIAN_POINT('Origin',(-0.490834085821645,-21.3592423755761,5.89999999997267));
#6496=CARTESIAN_POINT('',(28.6508114720413,-31.1932906160008,-8.33213778006433));
#6497=CARTESIAN_POINT('Origin',(27.8599773862185,-33.1025329915779,-8.332137780067));
#6498=CARTESIAN_POINT('Origin',(0.300000000000001,-19.4499999999985,5.89999999997267));
#6499=CARTESIAN_POINT('Origin',(1.09083408582165,-17.540757624421,5.89999999997267));
#6500=CARTESIAN_POINT('',(31.2186753756761,-29.8837191450174,-9.19999999999798));
#6501=CARTESIAN_POINT('Origin',(29.441645557863,-29.2840482404232,-8.33213778006433));
#6502=CARTESIAN_POINT('Origin',(1.1390583958956,-17.4243338410044,5.89999999997267));
#6503=CARTESIAN_POINT('Origin',(0.300000000000004,-19.4499999999985,5.89999999997267));
#6504=CARTESIAN_POINT('',(32.2932178992093,-13.0265281476989,-9.19999999999799));
#6505=CARTESIAN_POINT('Origin',(0.0138128066071275,-17.2761924487753,5.89999999997267));
#6506=CARTESIAN_POINT('Origin',(0.299999999999749,-19.4499999999986,-9.19999999999768));
#6507=CARTESIAN_POINT('Origin',(0.300000000000004,-19.4499999999985,5.89999999997267));
#6508=CARTESIAN_POINT('',(32.293217899178,-13.0265281477031,21.0000000000095));
#6509=CARTESIAN_POINT('Origin',(0.300000000001375,-19.4499999999982,21.0000000000074));
#6510=CARTESIAN_POINT('Origin',(0.0138128066071275,-17.2761924487753,5.89999999997267));
#6511=CARTESIAN_POINT('Origin',(0.0138128066071275,-17.2761924487753,5.89999999997267));
#6512=CARTESIAN_POINT('Origin',(0.0302612207114195,-17.4011305578558,5.89999999997267));
#6513=CARTESIAN_POINT('',(30.3101226348385,-15.499092402218,21.));
#6514=CARTESIAN_POINT('Ctrl Pts',(32.2932178991823,-13.0265281477022,21.));
#6515=CARTESIAN_POINT('Ctrl Pts',(32.3016761211492,-13.0686557921678,21.));
#6516=CARTESIAN_POINT('Ctrl Pts',(32.3085218592606,-13.110295615295,21.));
#6517=CARTESIAN_POINT('Ctrl Pts',(32.3138692304813,-13.1509129322371,21.));
#6518=CARTESIAN_POINT('Ctrl Pts',(32.3460839571775,-13.3956080750303,21.));
#6519=CARTESIAN_POINT('Ctrl Pts',(32.3226244947345,-13.6908454300763,21.));
#6520=CARTESIAN_POINT('Ctrl Pts',(32.1817458737926,-14.1772354066699,21.));
#6521=CARTESIAN_POINT('Ctrl Pts',(32.0344675476872,-14.4517073830077,21.));
#6522=CARTESIAN_POINT('Ctrl Pts',(31.6952754642007,-14.8672863983604,21.));
#6523=CARTESIAN_POINT('Ctrl Pts',(31.4379584113214,-15.077434790154,21.));
#6524=CARTESIAN_POINT('Ctrl Pts',(30.9376260367023,-15.3524928374722,21.));
#6525=CARTESIAN_POINT('Ctrl Pts',(30.6017060275098,-15.4607047203178,21.));
#6526=CARTESIAN_POINT('Ctrl Pts',(30.3101226348385,-15.499092402218,21.));
#6527=CARTESIAN_POINT('Origin',(0.300000000000003,-19.4499999999985,5.89999999997267));
#6528=CARTESIAN_POINT('Origin',(0.0302612207114195,-17.4011305578558,5.89999999997267));
#6529=CARTESIAN_POINT('',(30.724168260691,-15.4445822614594,-8.33213778006701));
#6530=CARTESIAN_POINT('Origin',(0.300000000000003,-19.4499999999985,5.89999999997267));
#6531=CARTESIAN_POINT('Origin',(30.4544294814036,-13.3957128193165,-8.33213778006433));
#6532=CARTESIAN_POINT('Origin',(0.0302612207114195,-17.4011305578558,5.89999999997267));
#6533=CARTESIAN_POINT('Origin',(0.300000000000003,-19.4499999999985,5.89999999997267));
#6534=CARTESIAN_POINT('Origin',(0.569738779288587,-21.4988694421413,5.89999999997267));
#6535=CARTESIAN_POINT('',(32.8655922859637,-17.3741432501495,21.0000000000095));
#6536=CARTESIAN_POINT('Ctrl Pts',(30.3101226348385,-15.499092402218,21.));
#6537=CARTESIAN_POINT('Ctrl Pts',(30.6017060275098,-15.4607047203178,21.));
#6538=CARTESIAN_POINT('Ctrl Pts',(30.954187136143,-15.4782868766597,21.));
#6539=CARTESIAN_POINT('Ctrl Pts',(31.5086613596708,-15.6144770008602,21.));
#6540=CARTESIAN_POINT('Ctrl Pts',(31.8116009526853,-15.750866205932,21.));
#6541=CARTESIAN_POINT('Ctrl Pts',(32.2467951101159,-16.0644953385706,21.));
#6542=CARTESIAN_POINT('Ctrl Pts',(32.460093623777,-16.291496473381,21.));
#6543=CARTESIAN_POINT('Ctrl Pts',(32.7220589114061,-16.7248510432733,21.));
#6544=CARTESIAN_POINT('Ctrl Pts',(32.8211320623622,-17.0039566737294,21.));
#6545=CARTESIAN_POINT('Ctrl Pts',(32.8533467890585,-17.2486518165226,21.));
#6546=CARTESIAN_POINT('Ctrl Pts',(32.8586941602792,-17.2892691334647,21.));
#6547=CARTESIAN_POINT('Ctrl Pts',(32.8628588642975,-17.3312619214264,21.));
#6548=CARTESIAN_POINT('Ctrl Pts',(32.8655922859681,-17.3741432501492,21.));
#6549=CARTESIAN_POINT('Origin',(0.586187193392878,-21.6238075512217,5.89999999997267));
#6550=CARTESIAN_POINT('Origin',(0.569738779288587,-21.4988694421413,5.89999999997267));
#6551=CARTESIAN_POINT('',(32.8655922859932,-17.3741432501456,-9.19999999999999));
#6552=CARTESIAN_POINT('Origin',(0.586187193392878,-21.6238075512217,5.89999999997267));
#6553=CARTESIAN_POINT('Origin',(30.9939070399796,-17.4934517036021,-8.33213778006701));
#6554=CARTESIAN_POINT('Origin',(0.569738779288587,-21.4988694421413,5.89999999997267));
#6555=CARTESIAN_POINT('Origin',(0.586187193392878,-21.6238075512217,5.89999999997267));
#6556=CARTESIAN_POINT('Origin',(0.300000000000002,-19.4499999999985,5.89999999997267));
#6557=CARTESIAN_POINT('',(32.865592285995,-21.5258567498517,-9.19999999999798));
#6558=CARTESIAN_POINT('Origin',(0.586187193392877,-17.2761924487753,5.89999999997267));
#6559=CARTESIAN_POINT('Origin',(0.299999999999749,-19.4499999999985,-9.19999999999768));
#6560=CARTESIAN_POINT('Origin',(0.569738779288586,-17.4011305578558,5.89999999997267));
#6561=CARTESIAN_POINT('',(32.8655922859637,-21.5258567498476,21.0000000000095));
#6562=CARTESIAN_POINT('Origin',(0.586187193392877,-17.2761924487753,5.89999999997267));
#6563=CARTESIAN_POINT('',(30.3101226348385,-23.4009075977791,21.));
#6564=CARTESIAN_POINT('Ctrl Pts',(32.8655922859681,-21.5258567498479,21.));
#6565=CARTESIAN_POINT('Ctrl Pts',(32.8628588642975,-21.5687380785707,21.));
#6566=CARTESIAN_POINT('Ctrl Pts',(32.8586941602792,-21.6107308665324,21.));
#6567=CARTESIAN_POINT('Ctrl Pts',(32.8533467890584,-21.6513481834745,21.));
#6568=CARTESIAN_POINT('Ctrl Pts',(32.8211320623622,-21.8960433262676,21.));
#6569=CARTESIAN_POINT('Ctrl Pts',(32.7220589114061,-22.1751489567237,21.));
#6570=CARTESIAN_POINT('Ctrl Pts',(32.460093623777,-22.608503526616,21.));
#6571=CARTESIAN_POINT('Ctrl Pts',(32.2467951101159,-22.8355046614264,21.));
#6572=CARTESIAN_POINT('Ctrl Pts',(31.8116009526853,-23.1491337940651,21.));
#6573=CARTESIAN_POINT('Ctrl Pts',(31.5086613596707,-23.2855229991368,21.));
#6574=CARTESIAN_POINT('Ctrl Pts',(30.954187136143,-23.4217131233374,21.));
#6575=CARTESIAN_POINT('Ctrl Pts',(30.6017060275098,-23.4392952796792,21.));
#6576=CARTESIAN_POINT('Ctrl Pts',(30.3101226348385,-23.4009075977791,21.));
#6577=CARTESIAN_POINT('Origin',(0.300000000000001,-19.4499999999985,5.89999999997267));
#6578=CARTESIAN_POINT('Origin',(0.569738779288586,-17.4011305578558,5.89999999997267));
#6579=CARTESIAN_POINT('',(30.724168260691,-23.4554177385377,-8.332137780067));
#6580=CARTESIAN_POINT('Origin',(0.300000000000001,-19.4499999999985,5.89999999997267));
#6581=CARTESIAN_POINT('Origin',(30.9939070399808,-21.4065482963951,-8.33213778006433));
#6582=CARTESIAN_POINT('Origin',(0.0302612207114167,-21.4988694421413,5.89999999997267));
#6583=CARTESIAN_POINT('',(32.2932178991779,-25.873471852294,21.0000000000095));
#6584=CARTESIAN_POINT('Ctrl Pts',(30.3101226348385,-23.4009075977791,21.));
#6585=CARTESIAN_POINT('Ctrl Pts',(30.6017060275098,-23.4392952796792,21.));
#6586=CARTESIAN_POINT('Ctrl Pts',(30.9376260367023,-23.5475071625248,21.));
#6587=CARTESIAN_POINT('Ctrl Pts',(31.4379584113214,-23.822565209843,21.));
#6588=CARTESIAN_POINT('Ctrl Pts',(31.6952754642007,-24.0327136016367,21.));
#6589=CARTESIAN_POINT('Ctrl Pts',(32.0344675476872,-24.4482926169894,21.));
#6590=CARTESIAN_POINT('Ctrl Pts',(32.1817458737926,-24.7227645933272,21.));
#6591=CARTESIAN_POINT('Ctrl Pts',(32.3226244947345,-25.2091545699208,21.));
#6592=CARTESIAN_POINT('Ctrl Pts',(32.3460839571775,-25.5043919249667,21.));
#6593=CARTESIAN_POINT('Ctrl Pts',(32.3138692304813,-25.7490870677599,21.));
#6594=CARTESIAN_POINT('Ctrl Pts',(32.3085218592606,-25.789704384702,21.));
#6595=CARTESIAN_POINT('Ctrl Pts',(32.3016761211492,-25.8313442078292,21.));
#6596=CARTESIAN_POINT('Ctrl Pts',(32.2932178991823,-25.8734718522948,21.));
#6597=CARTESIAN_POINT('Origin',(0.0138128066071258,-21.6238075512217,5.89999999997267));
#6598=CARTESIAN_POINT('Origin',(0.0302612207114167,-21.4988694421413,5.89999999997267));
#6599=CARTESIAN_POINT('',(32.2932178992074,-25.8734718522979,-9.19999999999999));
#6600=CARTESIAN_POINT('Origin',(0.0138128066071258,-21.6238075512217,5.89999999997267));
#6601=CARTESIAN_POINT('Origin',(30.4544294814024,-25.5042871806804,-8.332137780067));
#6602=CARTESIAN_POINT('Origin',(0.300000000000002,-19.4499999999985,5.89999999997267));
#6603=CARTESIAN_POINT('Origin',(0.299999999999765,-19.4499999999984,-9.19999999999768));
#6604=CARTESIAN_POINT('Ctrl Pts',(25.0436395880726,-35.7530414774612,-12.2000000001034));
#6605=CARTESIAN_POINT('Ctrl Pts',(26.1013239655048,-36.527187560656,-11.5942100500394));
#6606=CARTESIAN_POINT('Ctrl Pts',(26.9755007615018,-37.1703439788853,-10.5113612593545));
#6607=CARTESIAN_POINT('Ctrl Pts',(27.4647018340317,-37.5305408229863,-9.19999999999596));
#6608=CARTESIAN_POINT('Ctrl Pts',(24.666501364673,-36.2576265799641,-12.2172639418118));
#6609=CARTESIAN_POINT('Ctrl Pts',(25.7284934889072,-37.0418952011682,-11.6175399047601));
#6610=CARTESIAN_POINT('Ctrl Pts',(26.6080718628337,-37.6939243743751,-10.536203467519));
#6611=CARTESIAN_POINT('Ctrl Pts',(27.102595193242,-38.0608166746558,-9.21647978447408));
#6612=CARTESIAN_POINT('Ctrl Pts',(23.8245429890276,-37.0053923246675,-11.7562910382255));
#6613=CARTESIAN_POINT('Ctrl Pts',(24.7910464495053,-37.7376848481525,-11.2122156867704));
#6614=CARTESIAN_POINT('Ctrl Pts',(25.5987920649003,-38.3505119241496,-10.2196234323395));
#6615=CARTESIAN_POINT('Ctrl Pts',(26.051347010534,-38.6938934633538,-9.00841566344352));
#6616=CARTESIAN_POINT('Ctrl Pts',(23.218041296985,-37.0356315987914,-10.7536541165712));
#6617=CARTESIAN_POINT('Ctrl Pts',(23.9904222094329,-37.6284039253892,-10.3089014100197));
#6618=CARTESIAN_POINT('Ctrl Pts',(24.632750744549,-38.1211306754164,-9.5075099314437));
#6619=CARTESIAN_POINT('Ctrl Pts',(24.9921136671639,-38.3969252070576,-8.53482769836961));
#6620=CARTESIAN_POINT('Ctrl Pts',(23.0609046850032,-36.9150564356182,-10.3245160179281));
#6621=CARTESIAN_POINT('Ctrl Pts',(23.7524578856551,-37.4457038701017,-9.92219511353449));
#6622=CARTESIAN_POINT('Ctrl Pts',(24.3249442838014,-37.8849881336502,-9.20304699174104));
#6623=CARTESIAN_POINT('Ctrl Pts',(24.645393733502,-38.1308776446885,-8.33213778006433));
#6624=CARTESIAN_POINT('',(23.8083976861898,-37.4886279887541,-9.72149387411602));
#6625=CARTESIAN_POINT('Ctrl Pts',(25.0436395882592,-35.7530414775842,-12.2));
#6626=CARTESIAN_POINT('Ctrl Pts',(24.9046889672524,-35.9639312119619,-12.2000000000014));
#6627=CARTESIAN_POINT('Ctrl Pts',(24.7645773854664,-36.1705326631934,-12.1506805290979));
#6628=CARTESIAN_POINT('Ctrl Pts',(24.492340964616,-36.5621706353613,-11.9577812143477));
#6629=CARTESIAN_POINT('Ctrl Pts',(24.3641079037013,-36.7413691932227,-11.813400715776));
#6630=CARTESIAN_POINT('Ctrl Pts',(24.1334783969431,-37.0580411142898,-11.438474457218));
#6631=CARTESIAN_POINT('Ctrl Pts',(24.0366835033352,-37.1875598246997,-11.2081057256694));
#6632=CARTESIAN_POINT('Ctrl Pts',(23.9095365543413,-37.3562850221431,-10.7593847728526));
#6633=CARTESIAN_POINT('Ctrl Pts',(23.8698092028221,-37.4083608193715,-10.554045545846));
#6634=CARTESIAN_POINT('Ctrl Pts',(23.8195671604089,-37.4741082659108,-10.1382195224452));
#6635=CARTESIAN_POINT('Ctrl Pts',(23.8083976862537,-37.4886279888032,-9.93032043425926));
#6636=CARTESIAN_POINT('Ctrl Pts',(23.8083976862537,-37.4886279888032,-9.72149387397845));
#6637=CARTESIAN_POINT('Ctrl Pts',(25.0436395880726,-35.7530414774612,-12.2000000001034));
#6638=CARTESIAN_POINT('Ctrl Pts',(26.1013239655048,-36.527187560656,-11.5942100500394));
#6639=CARTESIAN_POINT('Ctrl Pts',(26.9755007615018,-37.1703439788853,-10.5113612593545));
#6640=CARTESIAN_POINT('Ctrl Pts',(27.4647018340317,-37.5305408229863,-9.19999999999596));
#6641=CARTESIAN_POINT('',(24.645393733501,-38.1308776446877,-8.332137780067));
#6642=CARTESIAN_POINT('Origin',(25.9034290898231,-36.4913740483995,-8.33213778006433));
#6643=CARTESIAN_POINT('Ctrl Pts',(23.8071809048248,-37.4876943195743,-9.71969631390147));
#6644=CARTESIAN_POINT('Ctrl Pts',(24.160321898163,-37.7586689343243,-9.33873564937539));
#6645=CARTESIAN_POINT('Ctrl Pts',(24.44980450734,-37.9807967528965,-8.86370511128616));
#6646=CARTESIAN_POINT('Ctrl Pts',(24.645393733501,-38.1308776446877,-8.332137780067));
#6647=CARTESIAN_POINT('Origin',(1.55803535632108,-17.8104964037096,5.89999999997267));
#6648=CARTESIAN_POINT('',(27.4647018340066,-37.5305408229671,21.0000000000095));
#6649=CARTESIAN_POINT('Origin',(1.6347491553276,-17.7105210343972,5.89999999997267));
#6650=CARTESIAN_POINT('',(24.3140747735663,-37.8766476651007,21.));
#6651=CARTESIAN_POINT('Ctrl Pts',(27.4647018340102,-37.5305408229695,21.));
#6652=CARTESIAN_POINT('Ctrl Pts',(27.4408939570428,-37.5663104321562,21.));
#6653=CARTESIAN_POINT('Ctrl Pts',(27.4162908235829,-37.6005949012976,21.));
#6654=CARTESIAN_POINT('Ctrl Pts',(27.3913512057912,-37.6330968439926,21.));
#6655=CARTESIAN_POINT('Ctrl Pts',(27.2411048626998,-37.8289016904861,21.));
#6656=CARTESIAN_POINT('Ctrl Pts',(27.0157521819107,-38.0210776813223,21.));
#6657=CARTESIAN_POINT('Ctrl Pts',(26.572206302968,-38.2653911038805,21.));
#6658=CARTESIAN_POINT('Ctrl Pts',(26.273983804143,-38.3553305964837,21.));
#6659=CARTESIAN_POINT('Ctrl Pts',(25.7402800419101,-38.4093443140004,21.));
#6660=CARTESIAN_POINT('Ctrl Pts',(25.4097320560115,-38.3759910338871,21.));
#6661=CARTESIAN_POINT('Ctrl Pts',(24.8614482305926,-38.2166980294255,21.));
#6662=CARTESIAN_POINT('Ctrl Pts',(24.5473995579912,-38.0556840691543,21.));
#6663=CARTESIAN_POINT('Ctrl Pts',(24.3140747735663,-37.8766476651007,21.));
#6664=CARTESIAN_POINT('Origin',(0.299999999999998,-19.4499999999985,5.89999999997267));
#6665=CARTESIAN_POINT('Origin',(0.300000000000001,-19.4499999999985,5.89999999997267));
#6666=CARTESIAN_POINT('',(29.5405585838556,-33.9350514629937,21.0000000000095));
#6667=CARTESIAN_POINT('Origin',(-0.539058395895599,-21.4756661589927,5.89999999997267));
#6668=CARTESIAN_POINT('Origin',(0.300000000001198,-19.4499999999993,21.0000000000074));
#6669=CARTESIAN_POINT('Origin',(0.299999999999999,-19.4499999999985,-6.61610715701999));
#6670=CARTESIAN_POINT('Ctrl Pts',(29.5405585838831,-33.9350514630051,-9.19999999999999));
#6671=CARTESIAN_POINT('Ctrl Pts',(28.9840184513472,-33.6914893379129,-10.5113612096777));
#6672=CARTESIAN_POINT('Ctrl Pts',(27.9899403330342,-33.2560082680967,-11.5942100009087));
#6673=CARTESIAN_POINT('Ctrl Pts',(26.7906678719863,-32.7270997264109,-12.2000000003479));
#6674=CARTESIAN_POINT('Origin',(-0.490834085821645,-21.3592423755761,5.89999999997267));
#6675=CARTESIAN_POINT('',(28.2649823713468,-31.0334749697349,21.));
#6676=CARTESIAN_POINT('Origin',(0.300000000000001,-19.4499999999985,5.89999999997267));
#6677=CARTESIAN_POINT('Ctrl Pts',(28.2649823713468,-31.0334749697349,21.));
#6678=CARTESIAN_POINT('Ctrl Pts',(28.5366948376719,-31.1460219583526,21.));
#6679=CARTESIAN_POINT('Ctrl Pts',(28.8331613539314,-31.3374891067145,21.));
#6680=CARTESIAN_POINT('Ctrl Pts',(29.2452550551498,-31.7326703257806,21.));
#6681=CARTESIAN_POINT('Ctrl Pts',(29.4394138359767,-32.002256638682,21.));
#6682=CARTESIAN_POINT('Ctrl Pts',(29.6594884655708,-32.4914645136293,21.));
#6683=CARTESIAN_POINT('Ctrl Pts',(29.7307098295855,-32.7947025198935,21.));
#6684=CARTESIAN_POINT('Ctrl Pts',(29.7409011386359,-33.3009812300809,21.));
#6685=CARTESIAN_POINT('Ctrl Pts',(29.6871481889689,-33.5922303718732,21.));
#6686=CARTESIAN_POINT('Ctrl Pts',(29.5926993892672,-33.8202499450629,21.));
#6687=CARTESIAN_POINT('Ctrl Pts',(29.5770216901167,-33.8580992589787,21.));
#6688=CARTESIAN_POINT('Ctrl Pts',(29.559632035615,-33.8965484321383,21.));
#6689=CARTESIAN_POINT('Ctrl Pts',(29.5405585838596,-33.9350514629957,21.));
#6690=CARTESIAN_POINT('Ctrl Pts',(29.5405585838831,-33.9350514630051,-9.19999999999999));
#6691=CARTESIAN_POINT('Ctrl Pts',(28.9840184513472,-33.6914893379129,-10.5113612096777));
#6692=CARTESIAN_POINT('Ctrl Pts',(27.9899403330342,-33.2560082680967,-11.5942100009087));
#6693=CARTESIAN_POINT('Ctrl Pts',(26.7906678719863,-32.7270997264109,-12.2000000003479));
#6694=CARTESIAN_POINT('Ctrl Pts',(29.8187376220475,-33.3563199873674,-9.21647978447814));
#6695=CARTESIAN_POINT('Ctrl Pts',(29.2537379257513,-33.1114963798847,-10.5362034175254));
#6696=CARTESIAN_POINT('Ctrl Pts',(28.2492749878285,-32.6757737836932,-11.6175398561242));
#6697=CARTESIAN_POINT('Ctrl Pts',(27.0390822774213,-32.1481958929581,-12.2172639420538));
#6698=CARTESIAN_POINT('Ctrl Pts',(29.8413879274702,-32.1293710318114,-9.00842106315261));
#6699=CARTESIAN_POINT('Ctrl Pts',(29.3177333383495,-31.9091377302295,-10.2196287861621));
#6700=CARTESIAN_POINT('Ctrl Pts',(28.3831304611966,-31.5160208182127,-11.2122263363948));
#6701=CARTESIAN_POINT('Ctrl Pts',(27.2656947112659,-31.0451504918413,-11.7563017321904));
#6702=CARTESIAN_POINT('Ctrl Pts',(29.0545753864975,-31.3605351053654,-8.53482769837261));
#6703=CARTESIAN_POINT('Ctrl Pts',(28.6360488704191,-31.1872149575891,-9.50750989459664));
#6704=CARTESIAN_POINT('Ctrl Pts',(27.8881707775371,-30.877305527355,-10.3089013739509));
#6705=CARTESIAN_POINT('Ctrl Pts',(26.9886243542782,-30.5047901686215,-10.7536541167508));
#6706=CARTESIAN_POINT('Ctrl Pts',(28.6508114720402,-31.1932906160003,-8.332137780067));
#6707=CARTESIAN_POINT('Ctrl Pts',(28.2776401982434,-31.0387180133056,-9.20304695874934));
#6708=CARTESIAN_POINT('Ctrl Pts',(27.6109657188327,-30.7625724022457,-9.92219508090552));
#6709=CARTESIAN_POINT('Ctrl Pts',(26.8056348939521,-30.428993452383,-10.3245160180905));
#6710=CARTESIAN_POINT('',(27.6761089275979,-30.7895556028127,-9.7214938799825));
#6711=CARTESIAN_POINT('Ctrl Pts',(27.6761089308487,-30.7895556041593,-9.72149387397845));
#6712=CARTESIAN_POINT('Ctrl Pts',(27.6761089308487,-30.7895556041593,-10.2362781352508));
#6713=CARTESIAN_POINT('Ctrl Pts',(27.634263103881,-30.8905495829491,-10.6052976438345));
#6714=CARTESIAN_POINT('Ctrl Pts',(27.5469535759464,-31.0970743154054,-11.1391214189022));
#6715=CARTESIAN_POINT('Ctrl Pts',(27.4811326658037,-31.2512570328763,-11.3947480603495));
#6716=CARTESIAN_POINT('Ctrl Pts',(27.317457422003,-31.6208326428775,-11.7940289534004));
#6717=CARTESIAN_POINT('Ctrl Pts',(27.2268210089034,-31.8210242228735,-11.9428382850345));
#6718=CARTESIAN_POINT('Ctrl Pts',(27.0208282919281,-32.2598648033888,-12.1469020506155));
#6719=CARTESIAN_POINT('Ctrl Pts',(26.9080912584539,-32.492814831883,-12.200000000005));
#6720=CARTESIAN_POINT('Ctrl Pts',(26.7906678726585,-32.7270997267478,-12.2));
#6721=CARTESIAN_POINT('Ctrl Pts',(28.6508114720413,-31.1932906160008,-8.33213778006433));
#6722=CARTESIAN_POINT('Ctrl Pts',(28.4230429900058,-31.0989458216605,-8.86370512071571));
#6723=CARTESIAN_POINT('Ctrl Pts',(28.0859333381361,-30.9593104318492,-9.33873565808779));
#6724=CARTESIAN_POINT('Ctrl Pts',(27.6746919513266,-30.7889686720236,-9.71969631422626));
#6725=CARTESIAN_POINT('Origin',(0.300000000000002,-19.4499999999985,-8.2));
#6726=CARTESIAN_POINT('Ctrl Pts',(23.8083976862537,-37.4886279888031,-9.72149387397845));
#6727=CARTESIAN_POINT('Ctrl Pts',(23.8083976862537,-37.4886279888031,-10.2362781352497));
#6728=CARTESIAN_POINT('Ctrl Pts',(23.741838556112,-37.5753501842383,-10.6052976438336));
#6729=CARTESIAN_POINT('Ctrl Pts',(23.6040514941542,-37.7522403884373,-11.1391214189022));
#6730=CARTESIAN_POINT('Ctrl Pts',(23.5005679534303,-37.8841337520989,-11.3947480603495));
#6731=CARTESIAN_POINT('Ctrl Pts',(23.2468166018455,-38.1987541082582,-11.7940289534004));
#6732=CARTESIAN_POINT('Ctrl Pts',(23.1074551560582,-38.368665895692,-11.9428382850345));
#6733=CARTESIAN_POINT('Ctrl Pts',(22.7949011707031,-38.7392385077298,-12.1469020506155));
#6734=CARTESIAN_POINT('Ctrl Pts',(22.6257136545597,-38.9350724651356,-12.200000000005));
#6735=CARTESIAN_POINT('Ctrl Pts',(22.4516539808387,-39.1309828872106,-12.2));
#6736=CARTESIAN_POINT('Origin',(0.300000000000002,-19.4499999999985,-8.2));
#6737=CARTESIAN_POINT('Ctrl Pts',(28.4200581421837,-28.7934036396662,-12.2));
#6738=CARTESIAN_POINT('Ctrl Pts',(28.3404244284478,-29.0330705476463,-12.2000000000014));
#6739=CARTESIAN_POINT('Ctrl Pts',(28.2585594233631,-29.2688957709453,-12.1506805290979));
#6740=CARTESIAN_POINT('Ctrl Pts',(28.0969625995896,-29.7176489733043,-11.9577812143477));
#6741=CARTESIAN_POINT('Ctrl Pts',(28.0194789738974,-29.9239306467529,-11.813400715776));
#6742=CARTESIAN_POINT('Ctrl Pts',(27.8786687012367,-30.2895035424838,-11.438474457218));
#6743=CARTESIAN_POINT('Ctrl Pts',(27.8186939225991,-30.4396613717908,-11.2081057256694));
#6744=CARTESIAN_POINT('Ctrl Pts',(27.7395486953191,-30.6355454494734,-10.7593847728526));
#6745=CARTESIAN_POINT('Ctrl Pts',(27.7146532285882,-30.6961290021255,-10.554045545846));
#6746=CARTESIAN_POINT('Ctrl Pts',(27.6831398335871,-30.7726397561918,-10.1382195224452));
#6747=CARTESIAN_POINT('Ctrl Pts',(27.6761089308487,-30.7895556041593,-9.93032043425926));
#6748=CARTESIAN_POINT('Ctrl Pts',(27.6761089308487,-30.7895556041593,-9.72149387397845));
#6749=CARTESIAN_POINT('Ctrl Pts',(19.9809828870443,-41.6016539806875,-12.2000000001034));
#6750=CARTESIAN_POINT('Ctrl Pts',(20.8022637932462,-42.6231705363527,-11.5942100500394));
#6751=CARTESIAN_POINT('Ctrl Pts',(21.4801926072246,-43.4706655346547,-10.5113612593545));
#6752=CARTESIAN_POINT('Ctrl Pts',(21.8594987541904,-43.945203523375,-9.19999999999596));
#6753=CARTESIAN_POINT('Ctrl Pts',(19.4860991025791,-41.9914352079038,-12.2172639418118));
#6754=CARTESIAN_POINT('Ctrl Pts',(20.3089210670485,-43.0238443113737,-11.6175399047601));
#6755=CARTESIAN_POINT('Ctrl Pts',(20.9897709666811,-43.8813077641006,-10.536203467519));
#6756=CARTESIAN_POINT('Ctrl Pts',(21.3724851084108,-44.3636905685656,-9.21647978447409));
#6757=CARTESIAN_POINT('Ctrl Pts',(18.4792952708424,-42.4958023334011,-11.7562857317));
#6758=CARTESIAN_POINT('Ctrl Pts',(19.2233346728514,-43.4532920969628,-11.212210380245));
#6759=CARTESIAN_POINT('Ctrl Pts',(19.8449438109841,-44.2542948039968,-10.2196207528597));
#6760=CARTESIAN_POINT('Ctrl Pts',(20.1932046387039,-44.7031057398704,-9.00841298396373));
#6761=CARTESIAN_POINT('Ctrl Pts',(17.8856315987929,-42.3680412969835,-10.7536541165712));
#6762=CARTESIAN_POINT('Ctrl Pts',(18.4782735023258,-43.1405222865689,-10.3089014100197));
#6763=CARTESIAN_POINT('Ctrl Pts',(18.9711881564184,-43.7827066378246,-9.50750993144369));
#6764=CARTESIAN_POINT('Ctrl Pts',(19.246925207059,-44.1421136671625,-8.53482769836962));
#6765=CARTESIAN_POINT('Ctrl Pts',(17.7650564356197,-42.2109046850017,-10.3245160179281));
#6766=CARTESIAN_POINT('Ctrl Pts',(18.2957038701031,-42.9024578856536,-9.9221951135345));
#6767=CARTESIAN_POINT('Ctrl Pts',(18.7349881336517,-43.4749442837999,-9.20304699174103));
#6768=CARTESIAN_POINT('Ctrl Pts',(18.98087764469,-43.7953937335005,-8.33213778006433));
#6769=CARTESIAN_POINT('',(18.3386279887555,-42.9583976861883,-9.72149387411602));
#6770=CARTESIAN_POINT('Ctrl Pts',(19.9809828871927,-41.6016539808545,-12.2));
#6771=CARTESIAN_POINT('Ctrl Pts',(19.7921846141097,-41.7693947547439,-12.2000000000014));
#6772=CARTESIAN_POINT('Ctrl Pts',(19.6033748283759,-41.9326928864316,-12.1506805290979));
#6773=CARTESIAN_POINT('Ctrl Pts',(19.2390512726376,-42.2405261478173,-11.9577812143477));
#6774=CARTESIAN_POINT('Ctrl Pts',(19.0688076476866,-42.3804295045129,-11.813400715776));
#6775=CARTESIAN_POINT('Ctrl Pts',(18.7640759265832,-42.6266197828205,-11.438474457218));
#6776=CARTESIAN_POINT('Ctrl Pts',(18.6370573300432,-42.7266728882587,-11.2081057256694));
#6777=CARTESIAN_POINT('Ctrl Pts',(18.4705735137891,-42.8567408620887,-10.7593847728526));
#6778=CARTESIAN_POINT('Ctrl Pts',(18.418721630835,-42.8967600243716,-10.554045545846));
#6779=CARTESIAN_POINT('Ctrl Pts',(18.3531748531713,-42.9472635835551,-10.1382195224452));
#6780=CARTESIAN_POINT('Ctrl Pts',(18.3386279888046,-42.9583976862522,-9.93032043425923));
#6781=CARTESIAN_POINT('Ctrl Pts',(18.3386279888046,-42.9583976862522,-9.72149387397845));
#6782=CARTESIAN_POINT('',(21.8594987541904,-43.945203523375,-9.19999999999798));
#6783=CARTESIAN_POINT('Ctrl Pts',(19.9809828870443,-41.6016539806875,-12.2000000001034));
#6784=CARTESIAN_POINT('Ctrl Pts',(20.8022637932462,-42.6231705363527,-11.5942100500394));
#6785=CARTESIAN_POINT('Ctrl Pts',(21.4801926072246,-43.4706655346547,-10.5113612593545));
#6786=CARTESIAN_POINT('Ctrl Pts',(21.8594987541904,-43.945203523375,-9.19999999999596));
#6787=CARTESIAN_POINT('',(18.9808776446892,-43.7953937334996,-8.332137780067));
#6788=CARTESIAN_POINT('Origin',(20.6203812409789,-42.5373583771795,-8.33213778006433));
#6789=CARTESIAN_POINT('Ctrl Pts',(18.337694319576,-42.9571809048237,-9.71969631390112));
#6790=CARTESIAN_POINT('Ctrl Pts',(18.6086689343259,-43.3103218981617,-9.3387356493751));
#6791=CARTESIAN_POINT('Ctrl Pts',(18.830796752898,-43.5998045073386,-8.863705111286));
#6792=CARTESIAN_POINT('Ctrl Pts',(18.9808776446892,-43.7953937334996,-8.332137780067));
#6793=CARTESIAN_POINT('Origin',(1.93950359628896,-18.1919646436775,5.89999999997267));
#6794=CARTESIAN_POINT('',(21.8594987541711,-43.9452035233499,21.0000000000095));
#6795=CARTESIAN_POINT('',(18.7266476651022,-43.4640747735648,21.));
#6796=CARTESIAN_POINT('Ctrl Pts',(21.859498754174,-43.9452035233532,21.));
#6797=CARTESIAN_POINT('Ctrl Pts',(21.8272442548487,-43.9735923806803,21.));
#6798=CARTESIAN_POINT('Ctrl Pts',(21.7946059792671,-44.0003408753559,21.));
#6799=CARTESIAN_POINT('Ctrl Pts',(21.762104036572,-44.0252804931476,21.));
#6800=CARTESIAN_POINT('Ctrl Pts',(21.5662991900786,-44.1755268362391,21.));
#6801=CARTESIAN_POINT('Ctrl Pts',(21.2988864092412,-44.3028290233273,21.));
#6802=CARTESIAN_POINT('Ctrl Pts',(20.8072210228941,-44.4240195470383,21.));
#6803=CARTESIAN_POINT('Ctrl Pts',(20.4958821557059,-44.4337087633731,21.));
#6804=CARTESIAN_POINT('Ctrl Pts',(19.9663841293875,-44.3477493099876,21.));
#6805=CARTESIAN_POINT('Ctrl Pts',(19.6557317570901,-44.2299804012639,21.));
#6806=CARTESIAN_POINT('Ctrl Pts',(19.1673583132876,-43.9342088781671,21.));
#6807=CARTESIAN_POINT('Ctrl Pts',(18.9056840691558,-43.6973995579897,21.));
#6808=CARTESIAN_POINT('Ctrl Pts',(18.7266476651022,-43.4640747735648,21.));
#6809=CARTESIAN_POINT('Origin',(0.299999999999998,-19.4499999999985,5.89999999997267));
#6810=CARTESIAN_POINT('Origin',(2.03947896560129,-18.1152508446709,5.89999999997267));
#6811=CARTESIAN_POINT('Origin',(0.3,-19.4499999999985,5.89999999997267));
#6812=CARTESIAN_POINT('',(24.795203523375,-41.0094987541878,-9.19999999999999));
#6813=CARTESIAN_POINT('Origin',(0.299999999999845,-19.4499999999983,-9.19999999999768));
#6814=CARTESIAN_POINT('',(24.7952035233514,-41.0094987541696,21.0000000000095));
#6815=CARTESIAN_POINT('Origin',(-1.0347491553276,-21.1894789655998,5.89999999997267));
#6816=CARTESIAN_POINT('Origin',(0.300000000000962,-19.4499999999996,21.0000000000074));
#6817=CARTESIAN_POINT('Origin',(0.299999999999998,-19.4499999999985,-6.61610715701999));
#6818=CARTESIAN_POINT('Ctrl Pts',(24.795203523375,-41.0094987541878,-9.19999999999999));
#6819=CARTESIAN_POINT('Ctrl Pts',(24.3206655526317,-40.6301926215912,-10.5113612096777));
#6820=CARTESIAN_POINT('Ctrl Pts',(23.4731706194543,-39.9522638600566,-11.5942100009087));
#6821=CARTESIAN_POINT('Ctrl Pts',(22.4516539802766,-39.1309828867113,-12.2000000003479));
#6822=CARTESIAN_POINT('Origin',(-0.958035356321085,-21.0895035962875,5.89999999997267));
#6823=CARTESIAN_POINT('Ctrl Pts',(24.3140747735663,-37.8766476651007,21.));
#6824=CARTESIAN_POINT('Ctrl Pts',(24.5473995579912,-38.0556840691543,21.));
#6825=CARTESIAN_POINT('Ctrl Pts',(24.7842088781686,-38.3173583132862,21.));
#6826=CARTESIAN_POINT('Ctrl Pts',(25.0799804012654,-38.8057317570886,21.));
#6827=CARTESIAN_POINT('Ctrl Pts',(25.1977493099891,-39.116384129386,21.));
#6828=CARTESIAN_POINT('Ctrl Pts',(25.2837087633746,-39.6458821557044,21.));
#6829=CARTESIAN_POINT('Ctrl Pts',(25.2740195470398,-39.9572210228926,21.));
#6830=CARTESIAN_POINT('Ctrl Pts',(25.1528290233288,-40.4488864092397,21.));
#6831=CARTESIAN_POINT('Ctrl Pts',(25.0255268362406,-40.7162991900771,21.));
#6832=CARTESIAN_POINT('Ctrl Pts',(24.8752804931491,-40.9121040365706,21.));
#6833=CARTESIAN_POINT('Ctrl Pts',(24.8503408753574,-40.9446059792656,21.));
#6834=CARTESIAN_POINT('Ctrl Pts',(24.8235923806817,-40.9772442548472,21.));
#6835=CARTESIAN_POINT('Ctrl Pts',(24.7952035233547,-41.0094987541726,21.));
#6836=CARTESIAN_POINT('Origin',(23.38735837718,-39.7703812409767,-8.332137780067));
#6837=CARTESIAN_POINT('Ctrl Pts',(24.795203523375,-41.0094987541878,-9.19999999999999));
#6838=CARTESIAN_POINT('Ctrl Pts',(24.3206655526317,-40.6301926215912,-10.5113612096777));
#6839=CARTESIAN_POINT('Ctrl Pts',(23.4731706194543,-39.9522638600566,-11.5942100009087));
#6840=CARTESIAN_POINT('Ctrl Pts',(22.4516539802766,-39.1309828867113,-12.2000000003479));
#6841=CARTESIAN_POINT('Ctrl Pts',(25.2136905685656,-40.5224851084082,-9.21647978447814));
#6842=CARTESIAN_POINT('Ctrl Pts',(24.7313077823747,-40.1397709811768,-10.5362034175254));
#6843=CARTESIAN_POINT('Ctrl Pts',(23.8738443953608,-39.4589211339836,-11.6175398561242));
#6844=CARTESIAN_POINT('Ctrl Pts',(22.8414352074891,-38.6360991022458,-12.2172639420538));
#6845=CARTESIAN_POINT('Ctrl Pts',(25.5531057398705,-39.3432046387014,-9.00841298396745));
#6846=CARTESIAN_POINT('Ctrl Pts',(25.1042948209992,-38.9949438241748,-10.2196207069769));
#6847=CARTESIAN_POINT('Ctrl Pts',(24.3032921748541,-38.3733347333763,-11.2122103361242));
#6848=CARTESIAN_POINT('Ctrl Pts',(23.3458023330159,-37.6292952705405,-11.7562857319197));
#6849=CARTESIAN_POINT('Ctrl Pts',(24.9921136671628,-38.3969252070567,-8.53482769837261));
#6850=CARTESIAN_POINT('Ctrl Pts',(24.6327066514404,-38.1211881668618,-9.50750989459667));
#6851=CARTESIAN_POINT('Ctrl Pts',(23.9905223494112,-37.6282735505354,-10.3089013739509));
#6852=CARTESIAN_POINT('Ctrl Pts',(23.218041296673,-37.0356315985521,-10.7536541167508));
#6853=CARTESIAN_POINT('Ctrl Pts',(24.645393733501,-38.1308776446877,-8.332137780067));
#6854=CARTESIAN_POINT('Ctrl Pts',(24.32494429594,-37.8849881429645,-9.20304695874936));
#6855=CARTESIAN_POINT('Ctrl Pts',(23.7524579419131,-37.44570391327,-9.92219508090552));
#6856=CARTESIAN_POINT('Ctrl Pts',(23.060904684724,-36.915056435404,-10.3245160180905));
#6857=CARTESIAN_POINT('Origin',(0.300000000000002,-19.4499999999985,-8.2));
#6858=CARTESIAN_POINT('Ctrl Pts',(18.3386279888046,-42.9583976862522,-9.72149387397845));
#6859=CARTESIAN_POINT('Ctrl Pts',(18.3386279888046,-42.9583976862522,-10.23627813525));
#6860=CARTESIAN_POINT('Ctrl Pts',(18.2518914502136,-43.0249381240295,-10.6052976438339));
#6861=CARTESIAN_POINT('Ctrl Pts',(18.0730168148014,-43.1601390248793,-11.1391214189022));
#6862=CARTESIAN_POINT('Ctrl Pts',(17.9389228757821,-43.2607547199623,-11.3947480603495));
#6863=CARTESIAN_POINT('Ctrl Pts',(17.6123881516796,-43.4989789649421,-11.7940289534004));
#6864=CARTESIAN_POINT('Ctrl Pts',(17.4337989254294,-43.6270317522926,-11.9428382850345));
#6865=CARTESIAN_POINT('Ctrl Pts',(17.0359837092765,-43.9040824847427,-12.1469020506155));
#6866=CARTESIAN_POINT('Ctrl Pts',(16.8218755600935,-44.0494546104939,-12.200000000005));
#6867=CARTESIAN_POINT('Ctrl Pts',(16.6030414775639,-44.193639588272,-12.2));
#6868=CARTESIAN_POINT('Ctrl Pts',(29.3243865266415,-13.4815958387159,-12.2000000001034));
#6869=CARTESIAN_POINT('Ctrl Pts',(30.6196862673349,-13.2811039881345,-11.5942100500394));
#6870=CARTESIAN_POINT('Ctrl Pts',(31.6926028724339,-13.1177479124228,-10.5113612593545));
#6871=CARTESIAN_POINT('Ctrl Pts',(32.2932178992093,-13.0265281476989,-9.19999999999596));
#6872=CARTESIAN_POINT('Ctrl Pts',(29.4145050790965,-14.1050683815919,-12.2172639418118));
#6873=CARTESIAN_POINT('Ctrl Pts',(30.7200085720344,-13.9086882093044,-11.6175399047601));
#6874=CARTESIAN_POINT('Ctrl Pts',(31.8030186547289,-13.747786626422,-10.536203467519));
#6875=CARTESIAN_POINT('Ctrl Pts',(32.4121314886092,-13.657537859529,-9.21647978447408));
#6876=CARTESIAN_POINT('Ctrl Pts',(29.3479887565523,-15.2292767614819,-11.7564505918744));
#6877=CARTESIAN_POINT('Ctrl Pts',(30.5492189166648,-15.0636646197064,-11.2123752404193));
#6878=CARTESIAN_POINT('Ctrl Pts',(31.5538153657324,-14.925828290829,-10.2197039974436));
#6879=CARTESIAN_POINT('Ctrl Pts',(32.1166274515551,-14.8486310348174,-9.00849622854758));
#6880=CARTESIAN_POINT('Ctrl Pts',(28.9404217675663,-15.679416942342,-10.7536541165712));
#6881=CARTESIAN_POINT('Ctrl Pts',(29.9057308802543,-15.552414493328,-10.3089014100197));
#6882=CARTESIAN_POINT('Ctrl Pts',(30.7083361694008,-15.4466300566141,-9.50750993144369));
#6883=CARTESIAN_POINT('Ctrl Pts',(31.1574603124264,-15.3875382806636,-8.53482769836961));
#6884=CARTESIAN_POINT('Ctrl Pts',(28.7440498881389,-15.7052697907246,-10.3245160179281));
#6885=CARTESIAN_POINT('Ctrl Pts',(29.6082762452136,-15.5914922323348,-9.9221951135345));
#6886=CARTESIAN_POINT('Ctrl Pts',(30.3237061411036,-15.4973040996922,-9.20304699174103));
#6887=CARTESIAN_POINT('Ctrl Pts',(30.7241682606922,-15.4445822614592,-8.33213778006433));
#6888=CARTESIAN_POINT('',(29.6781835928854,-15.5822887554141,-9.72149387411602));
#6889=CARTESIAN_POINT('Ctrl Pts',(29.3243865268603,-13.4815958386709,-12.2));
#6890=CARTESIAN_POINT('Ctrl Pts',(29.3752551617575,-13.7289703262961,-12.2000000000014));
#6891=CARTESIAN_POINT('Ctrl Pts',(29.4222705993227,-13.9741334630685,-12.1506805290979));
#6892=CARTESIAN_POINT('Ctrl Pts',(29.5067002459434,-14.4435635482277,-11.9577812143477));
#6893=CARTESIAN_POINT('Ctrl Pts',(29.5427382944409,-14.6609505306155,-11.813400715776));
#6894=CARTESIAN_POINT('Ctrl Pts',(29.6035794690684,-15.0479510815838,-11.438474457218));
#6895=CARTESIAN_POINT('Ctrl Pts',(29.6267187018354,-15.2079789656596,-11.2081057256694));
#6896=CARTESIAN_POINT('Ctrl Pts',(29.6561189632639,-15.4171921667696,-10.7593847728526));
#6897=CARTESIAN_POINT('Ctrl Pts',(29.664850632962,-15.4821067957833,-10.554045545846));
#6898=CARTESIAN_POINT('Ctrl Pts',(29.6758146093646,-15.564123749968,-10.1382195224452));
#6899=CARTESIAN_POINT('Ctrl Pts',(29.6781835929654,-15.5822887554036,-9.93032043425924));
#6900=CARTESIAN_POINT('Ctrl Pts',(29.6781835929654,-15.5822887554036,-9.72149387397845));
#6901=CARTESIAN_POINT('Ctrl Pts',(29.3243865266415,-13.4815958387159,-12.2000000001034));
#6902=CARTESIAN_POINT('Ctrl Pts',(30.6196862673349,-13.2811039881345,-11.5942100500394));
#6903=CARTESIAN_POINT('Ctrl Pts',(31.6926028724339,-13.1177479124228,-10.5113612593545));
#6904=CARTESIAN_POINT('Ctrl Pts',(32.2932178992093,-13.0265281476989,-9.19999999999596));
#6905=CARTESIAN_POINT('Ctrl Pts',(29.6766629947321,-15.5824889459588,-9.71969631389333));
#6906=CARTESIAN_POINT('Ctrl Pts',(30.1179793734513,-15.5243885424742,-9.33873564936862));
#6907=CARTESIAN_POINT('Ctrl Pts',(30.4797425762351,-15.4767615132925,-8.86370511128237));
#6908=CARTESIAN_POINT('Ctrl Pts',(30.724168260691,-15.4445822614594,-8.33213778006701));
#6909=CARTESIAN_POINT('Origin',(0.300000000000005,-19.4499999999985,-6.61610715701999));
#6910=CARTESIAN_POINT('Ctrl Pts',(31.2186753756743,-9.01628085498032,-9.2));
#6911=CARTESIAN_POINT('Ctrl Pts',(30.6529176436629,-9.23758972640605,-10.5113612096777));
#6912=CARTESIAN_POINT('Ctrl Pts',(29.6420666476291,-9.63257748734896,-11.5942100009087));
#6913=CARTESIAN_POINT('Ctrl Pts',(28.4200581414783,-10.1065963605927,-12.2000000003479));
#6914=CARTESIAN_POINT('Ctrl Pts',(31.2186753756743,-9.01628085498032,-9.2));
#6915=CARTESIAN_POINT('Ctrl Pts',(30.6529176436629,-9.23758972640605,-10.5113612096777));
#6916=CARTESIAN_POINT('Ctrl Pts',(29.6420666476291,-9.63257748734896,-11.5942100009087));
#6917=CARTESIAN_POINT('Ctrl Pts',(28.4200581414783,-10.1065963605927,-12.2000000003479));
#6918=CARTESIAN_POINT('Ctrl Pts',(31.0061527090348,-8.41035361980082,-9.21647978447814));
#6919=CARTESIAN_POINT('Ctrl Pts',(30.4335211593698,-8.6367523033747,-10.5362034175254));
#6920=CARTESIAN_POINT('Ctrl Pts',(29.4151562020308,-9.03891245574725,-11.6175398561242));
#6921=CARTESIAN_POINT('Ctrl Pts',(28.1863668258165,-9.52159402367572,-12.2172639420538));
#6922=CARTESIAN_POINT('Ctrl Pts',(30.1547394385899,-7.52651590318521,-9.00852942309096));
#6923=CARTESIAN_POINT('Ctrl Pts',(29.6287312666316,-7.74106715316024,-10.2197371461004));
#6924=CARTESIAN_POINT('Ctrl Pts',(28.6897698236616,-8.12401326661486,-11.2124409358018));
#6925=CARTESIAN_POINT('Ctrl Pts',(27.5666678265086,-8.58120406209437,-11.7565163315973));
#6926=CARTESIAN_POINT('Ctrl Pts',(29.0545753864975,-7.53946489463167,-8.53482769837261));
#6927=CARTESIAN_POINT('Ctrl Pts',(28.6360765970632,-7.71285198044822,-9.50750989459665));
#6928=CARTESIAN_POINT('Ctrl Pts',(27.8881078664133,-8.02254259175382,-10.3089013739509));
#6929=CARTESIAN_POINT('Ctrl Pts',(26.9886243542782,-8.3952098313756,-10.7536541167508));
#6930=CARTESIAN_POINT('Ctrl Pts',(28.6508114720402,-7.70670938399676,-8.33213778006701));
#6931=CARTESIAN_POINT('Ctrl Pts',(28.2776401982434,-7.86128198669142,-9.20304695874935));
#6932=CARTESIAN_POINT('Ctrl Pts',(27.6109657188327,-8.13742759775138,-9.92219508090552));
#6933=CARTESIAN_POINT('Ctrl Pts',(26.8056348939521,-8.47100654761404,-10.3245160180905));
#6934=CARTESIAN_POINT('',(27.6761089275978,-8.11044439718433,-9.7214938799825));
#6935=CARTESIAN_POINT('Ctrl Pts',(27.6761089308487,-8.1104443958378,-9.72149387397845));
#6936=CARTESIAN_POINT('Ctrl Pts',(27.6761089308487,-8.1104443958378,-10.2362781352498));
#6937=CARTESIAN_POINT('Ctrl Pts',(27.7179329900966,-8.21144739111196,-10.6052976438337));
#6938=CARTESIAN_POINT('Ctrl Pts',(27.8022308696346,-8.41921958917963,-11.1391214189022));
#6939=CARTESIAN_POINT('Ctrl Pts',(27.8647121027943,-8.57478564615093,-11.3947480603495));
#6940=CARTESIAN_POINT('Ctrl Pts',(28.0103056479835,-8.95185094094766,-11.7940289534004));
#6941=CARTESIAN_POINT('Ctrl Pts',(28.0877728494099,-9.15749738702448,-11.9428382850345));
#6942=CARTESIAN_POINT('Ctrl Pts',(28.2524211527038,-9.61346338441498,-12.1469020506155));
#6943=CARTESIAN_POINT('Ctrl Pts',(28.3374245766693,-9.85790105010127,-12.200000000005));
#6944=CARTESIAN_POINT('Ctrl Pts',(28.4200581421919,-10.1065963603556,-12.2));
#6945=CARTESIAN_POINT('Ctrl Pts',(28.6508114720413,-7.70670938399628,-8.33213778006432));
#6946=CARTESIAN_POINT('Ctrl Pts',(28.4230429900092,-7.80105417833512,-8.86370512070784));
#6947=CARTESIAN_POINT('Ctrl Pts',(28.0859333381461,-7.94068956814369,-9.33873565807372));
#6948=CARTESIAN_POINT('Ctrl Pts',(27.6746919513448,-8.1110313279659,-9.71969631420933));
#6949=CARTESIAN_POINT('Origin',(0.300000000000002,-19.4499999999985,-8.2));
#6950=CARTESIAN_POINT('Ctrl Pts',(29.6781835929654,-15.5822887554036,-9.72149387397845));
#6951=CARTESIAN_POINT('Ctrl Pts',(29.6781835929654,-15.5822887554036,-10.23627813525));
#6952=CARTESIAN_POINT('Ctrl Pts',(29.6924410331639,-15.6906750201484,-10.6052976438338));
#6953=CARTESIAN_POINT('Ctrl Pts',(29.7200911302083,-15.9131854489329,-11.1391214189022));
#6954=CARTESIAN_POINT('Ctrl Pts',(29.7401799086599,-16.0796220541587,-11.3947480603495));
#6955=CARTESIAN_POINT('Ctrl Pts',(29.7832207945586,-16.4815215429391,-11.7940289534004));
#6956=CARTESIAN_POINT('Ctrl Pts',(29.8048231483044,-16.7002107433892,-11.9428382850345));
#6957=CARTESIAN_POINT('Ctrl Pts',(29.8458485126668,-17.1832541928146,-12.1469020506155));
#6958=CARTESIAN_POINT('Ctrl Pts',(29.864690391978,-17.44136335204,-12.200000000005));
#6959=CARTESIAN_POINT('Ctrl Pts',(29.8801412043131,-17.7029717156136,-12.2));
#6960=CARTESIAN_POINT('Origin',(0.300000000000002,-19.4499999999985,-8.2));
#6961=CARTESIAN_POINT('Ctrl Pts',(26.7906678726701,-6.17290027327256,-12.2));
#6962=CARTESIAN_POINT('Ctrl Pts',(26.9038284295352,-6.39867990812498,-12.2000000000014));
#6963=CARTESIAN_POINT('Ctrl Pts',(27.0126947438675,-6.62332082293178,-12.1506805290979));
#6964=CARTESIAN_POINT('Ctrl Pts',(27.2157449664262,-7.05490346530748,-11.9577812143477));
#6965=CARTESIAN_POINT('Ctrl Pts',(27.3068189393984,-7.25555583259539,-11.813400715776));
#6966=CARTESIAN_POINT('Ctrl Pts',(27.4657501143286,-7.61362280484378,-11.438474457218));
#6967=CARTESIAN_POINT('Ctrl Pts',(27.529519161005,-7.76220899686981,-11.2081057256694));
#6968=CARTESIAN_POINT('Ctrl Pts',(27.6120659937526,-7.95668408343389,-10.7593847728526));
#6969=CARTESIAN_POINT('Ctrl Pts',(27.6373012813151,-8.01712687768882,-10.554045545846));
#6970=CARTESIAN_POINT('Ctrl Pts',(27.6691192190456,-8.09351148602634,-10.1382195224452));
#6971=CARTESIAN_POINT('Ctrl Pts',(27.6761089308487,-8.11044439583781,-9.93032043425928));
#6972=CARTESIAN_POINT('Ctrl Pts',(27.6761089308487,-8.11044439583781,-9.72149387397845));
#6973=CARTESIAN_POINT('Ctrl Pts',(29.8801412040886,-21.1970282843963,-12.2000000001034));
#6974=CARTESIAN_POINT('Ctrl Pts',(31.1831957857282,-21.3386162699671,-11.5942100500394));
#6975=CARTESIAN_POINT('Ctrl Pts',(32.2618333075751,-21.4585176687623,-10.5113612593545));
#6976=CARTESIAN_POINT('Ctrl Pts',(32.865592285995,-21.5258567498517,-9.19999999999596));
#6977=CARTESIAN_POINT('Ctrl Pts',(29.8058224731378,-21.8225809132348,-12.2172639418118));
#6978=CARTESIAN_POINT('Ctrl Pts',(31.1176689419456,-21.9707814004714,-11.6175399047601));
#6979=CARTESIAN_POINT('Ctrl Pts',(32.2054207449888,-22.0956660415139,-10.536203467519));
#6980=CARTESIAN_POINT('Ctrl Pts',(32.8171366620269,-22.1661424288058,-9.21647978447408));
#6981=CARTESIAN_POINT('Ctrl Pts',(29.4505761347543,-22.8912037417336,-11.7563682970809));
#6982=CARTESIAN_POINT('Ctrl Pts',(30.653738946116,-23.0421359398342,-11.2122929456258));
#6983=CARTESIAN_POINT('Ctrl Pts',(31.6597284321347,-23.168995671545,-10.219662443467));
#6984=CARTESIAN_POINT('Ctrl Pts',(32.2233432812639,-23.2400953348695,-9.00845467457092));
#6985=CARTESIAN_POINT('Ctrl Pts',(28.9404217675663,-23.2205830576551,-10.7536541165712));
#6986=CARTESIAN_POINT('Ctrl Pts',(29.9057094224433,-23.3477484949252,-10.3089014100197));
#6987=CARTESIAN_POINT('Ctrl Pts',(30.7083456264431,-23.4532981100149,-9.50750993144371));
#6988=CARTESIAN_POINT('Ctrl Pts',(31.1574603124264,-23.5124617193334,-8.53482769836962));
#6989=CARTESIAN_POINT('Ctrl Pts',(28.7440498881389,-23.1947302092725,-10.3245160179281));
#6990=CARTESIAN_POINT('Ctrl Pts',(29.6082762452136,-23.3085077676622,-9.9221951135345));
#6991=CARTESIAN_POINT('Ctrl Pts',(30.3237061411035,-23.4026959003048,-9.20304699174105));
#6992=CARTESIAN_POINT('Ctrl Pts',(30.7241682606922,-23.4554177385378,-8.33213778006433));
#6993=CARTESIAN_POINT('',(29.6781835928854,-23.317711244583,-9.72149387411602));
#6994=CARTESIAN_POINT('Ctrl Pts',(29.8801412043116,-21.1970282844095,-12.2));
#6995=CARTESIAN_POINT('Ctrl Pts',(29.8652513038369,-21.4491394622814,-12.2000000000014));
#6996=CARTESIAN_POINT('Ctrl Pts',(29.8472118402617,-21.6981173583996,-12.1506805290979));
#6997=CARTESIAN_POINT('Ctrl Pts',(29.8072671700538,-22.1734040018087,-11.9577812143477));
#6998=CARTESIAN_POINT('Ctrl Pts',(29.7858133606273,-22.3927110356956,-11.813400715776));
#6999=CARTESIAN_POINT('Ctrl Pts',(29.744418309446,-22.782271717384,-11.438474457218));
#7000=CARTESIAN_POINT('Ctrl Pts',(29.7253508278299,-22.9428356576684,-11.2081057256694));
#7001=CARTESIAN_POINT('Ctrl Pts',(29.6996009387092,-23.1525294394098,-10.7593847728526));
#7002=CARTESIAN_POINT('Ctrl Pts',(29.6912339416826,-23.2174920784916,-10.554045545846));
#7003=CARTESIAN_POINT('Ctrl Pts',(29.6805967798845,-23.2995520586352,-10.1382195224452));
#7004=CARTESIAN_POINT('Ctrl Pts',(29.6781835929654,-23.3177112445935,-9.93032043425929));
#7005=CARTESIAN_POINT('Ctrl Pts',(29.6781835929654,-23.3177112445935,-9.72149387397845));
#7006=CARTESIAN_POINT('Ctrl Pts',(29.8801412040886,-21.1970282843963,-12.2000000001034));
#7007=CARTESIAN_POINT('Ctrl Pts',(31.1831957857282,-21.3386162699671,-11.5942100500394));
#7008=CARTESIAN_POINT('Ctrl Pts',(32.2618333075751,-21.4585176687623,-10.5113612593545));
#7009=CARTESIAN_POINT('Ctrl Pts',(32.865592285995,-21.5258567498517,-9.19999999999596));
#7010=CARTESIAN_POINT('Ctrl Pts',(29.6766629947269,-23.3175110540375,-9.71969631389782));
#7011=CARTESIAN_POINT('Ctrl Pts',(30.1179793734485,-23.3756114575225,-9.33873564937235));
#7012=CARTESIAN_POINT('Ctrl Pts',(30.4797425762341,-23.4232384867044,-8.86370511128446));
#7013=CARTESIAN_POINT('Ctrl Pts',(30.724168260691,-23.4554177385377,-8.332137780067));
#7014=CARTESIAN_POINT('Origin',(0.569738779288586,-17.4011305578558,5.89999999997267));
#7015=CARTESIAN_POINT('Origin',(0.586187193392877,-17.2761924487753,5.89999999997267));
#7016=CARTESIAN_POINT('Origin',(0.300000000000001,-19.4499999999985,5.89999999997267));
#7017=CARTESIAN_POINT('Origin',(0.300000000000002,-19.4499999999985,5.89999999997267));
#7018=CARTESIAN_POINT('Origin',(0.30000000000141,-19.4499999999986,21.0000000000074));
#7019=CARTESIAN_POINT('Origin',(0.300000000000002,-19.4499999999985,-6.61610715701999));
#7020=CARTESIAN_POINT('Ctrl Pts',(32.8655922859932,-17.3741432501456,-9.2));
#7021=CARTESIAN_POINT('Ctrl Pts',(32.2618333304455,-17.441482328684,-10.5113612096777));
#7022=CARTESIAN_POINT('Ctrl Pts',(31.183195891732,-17.5613837185125,-11.5942100009087));
#7023=CARTESIAN_POINT('Ctrl Pts',(29.8801412035625,-17.7029717156579,-12.2000000003479));
#7024=CARTESIAN_POINT('Ctrl Pts',(32.8655922859932,-17.3741432501456,-9.2));
#7025=CARTESIAN_POINT('Ctrl Pts',(32.2618333304455,-17.441482328684,-10.5113612096777));
#7026=CARTESIAN_POINT('Ctrl Pts',(31.183195891732,-17.5613837185125,-11.5942100009087));
#7027=CARTESIAN_POINT('Ctrl Pts',(29.8801412035625,-17.7029717156579,-12.2000000003479));
#7028=CARTESIAN_POINT('Ctrl Pts',(32.817136662025,-16.7338575711915,-9.21647978447814));
#7029=CARTESIAN_POINT('Ctrl Pts',(32.2054207681606,-16.8043339558135,-10.5362034175254));
#7030=CARTESIAN_POINT('Ctrl Pts',(31.1176690486638,-16.9292185874702,-11.6175398561242));
#7031=CARTESIAN_POINT('Ctrl Pts',(29.8058224726089,-17.077419086822,-12.2172639420538));
#7032=CARTESIAN_POINT('Ctrl Pts',(32.223384116237,-15.6598679340875,-9.0084756749135));
#7033=CARTESIAN_POINT('Ctrl Pts',(31.6597692884593,-15.7309675947186,-10.219683397923));
#7034=CARTESIAN_POINT('Ctrl Pts',(30.6537541876468,-15.8578320128326,-11.2123344912321));
#7035=CARTESIAN_POINT('Ctrl Pts',(29.4505912779243,-16.008764223272,-11.7564098870276));
#7036=CARTESIAN_POINT('Ctrl Pts',(31.157460312425,-15.3875382806638,-8.53482769837261));
#7037=CARTESIAN_POINT('Ctrl Pts',(30.7083456434556,-15.4467018877411,-9.50750989459666));
#7038=CARTESIAN_POINT('Ctrl Pts',(29.9057095009688,-15.5522514947271,-10.3089013739509));
#7039=CARTESIAN_POINT('Ctrl Pts',(28.9404217671765,-15.6794169423933,-10.7536541167508));
#7040=CARTESIAN_POINT('Ctrl Pts',(30.724168260691,-15.4445822614594,-8.33213778006701));
#7041=CARTESIAN_POINT('Ctrl Pts',(30.323706156273,-15.4973040976951,-9.20304695874935));
#7042=CARTESIAN_POINT('Ctrl Pts',(29.6082763155186,-15.591492223079,-9.92219508090554));
#7043=CARTESIAN_POINT('Ctrl Pts',(28.74404988779,-15.7052697907705,-10.3245160180905));
#7044=CARTESIAN_POINT('Origin',(0.300000000000002,-19.4499999999985,-8.2));
#7045=CARTESIAN_POINT('Ctrl Pts',(29.6781835929654,-23.3177112445935,-9.72149387397846));
#7046=CARTESIAN_POINT('Ctrl Pts',(29.6781835929654,-23.3177112445935,-10.23627813525));
#7047=CARTESIAN_POINT('Ctrl Pts',(29.6639027931264,-23.4260944339833,-10.6052976438338));
#7048=CARTESIAN_POINT('Ctrl Pts',(29.6330207992576,-23.6481793754789,-11.1391214189022));
#7049=CARTESIAN_POINT('Ctrl Pts',(29.609348105948,-23.8141441493625,-11.3947480603495));
#7050=CARTESIAN_POINT('Ctrl Pts',(29.5469031673105,-24.2134890461365,-11.7940289534004));
#7051=CARTESIAN_POINT('Ctrl Pts',(29.5111685086675,-24.4303176933502,-11.9428382850345));
#7052=CARTESIAN_POINT('Ctrl Pts',(29.4257751233148,-24.9075199819993,-12.1469020506155));
#7053=CARTESIAN_POINT('Ctrl Pts',(29.3771714150344,-25.1617109221081,-12.200000000005));
#7054=CARTESIAN_POINT('Ctrl Pts',(29.3243865268551,-25.4184041613517,-12.2));
#7055=CARTESIAN_POINT('Ctrl Pts',(26.7906678724704,-6.17290027337265,-12.2000000001034));
#7056=CARTESIAN_POINT('Ctrl Pts',(27.9899402354734,-5.64399177492785,-11.5942100500394));
#7057=CARTESIAN_POINT('Ctrl Pts',(28.9840184302655,-5.20851067131026,-10.5113612593545));
#7058=CARTESIAN_POINT('Ctrl Pts',(29.5405585838848,-4.96494853699123,-9.19999999999596));
#7059=CARTESIAN_POINT('Ctrl Pts',(27.0390822779093,-6.75180410682627,-12.2172639418118));
#7060=CARTESIAN_POINT('Ctrl Pts',(28.2492748893801,-6.22422625922255,-11.6175399047601));
#7061=CARTESIAN_POINT('Ctrl Pts',(29.2537379043491,-5.78850362938625,-10.536203467519));
#7062=CARTESIAN_POINT('Ctrl Pts',(29.8187376220493,-5.54368001262891,-9.21647978447408));
#7063=CARTESIAN_POINT('Ctrl Pts',(27.265886584795,-7.8549823617082,-11.7565756528182));
#7064=CARTESIAN_POINT('Ctrl Pts',(28.3833222433732,-7.3841120738315,-11.2125003013631));
#7065=CARTESIAN_POINT('Ctrl Pts',(29.3180871960485,-6.99093731227714,-10.2197671457829));
#7066=CARTESIAN_POINT('Ctrl Pts',(29.8417418050068,-6.77070400235213,-9.0085593768869));
#7067=CARTESIAN_POINT('Ctrl Pts',(26.9886243546415,-8.39520983122514,-10.7536541165712));
#7068=CARTESIAN_POINT('Ctrl Pts',(27.8881707043595,-8.02269450294592,-10.3089014100197));
#7069=CARTESIAN_POINT('Ctrl Pts',(28.6360488545653,-7.71278504897336,-9.50750993144369));
#7070=CARTESIAN_POINT('Ctrl Pts',(29.0545753864988,-7.53946489463113,-8.53482769836961));
#7071=CARTESIAN_POINT('Ctrl Pts',(26.8056348942772,-8.47100654747937,-10.3245160179281));
#7072=CARTESIAN_POINT('Ctrl Pts',(27.6109656533188,-8.13742762488812,-9.9221951135345));
#7073=CARTESIAN_POINT('Ctrl Pts',(28.2776401841077,-7.86128199254663,-9.20304699174102));
#7074=CARTESIAN_POINT('Ctrl Pts',(28.6508114720413,-7.70670938399628,-8.33213778006432));
#7075=CARTESIAN_POINT('Ctrl Pts',(26.7906678724704,-6.17290027337265,-12.2000000001034));
#7076=CARTESIAN_POINT('Ctrl Pts',(27.9899402354734,-5.64399177492785,-11.5942100500394));
#7077=CARTESIAN_POINT('Ctrl Pts',(28.9840184302655,-5.20851067131026,-10.5113612593545));
#7078=CARTESIAN_POINT('Ctrl Pts',(29.5405585838848,-4.96494853699123,-9.19999999999596));
#7079=CARTESIAN_POINT('Origin',(0.300000000000005,-19.4499999999985,-6.61610715701999));
#7080=CARTESIAN_POINT('Ctrl Pts',(27.4647018340302,-1.36945917701188,-9.19999999999999));
#7081=CARTESIAN_POINT('Ctrl Pts',(26.9755007800327,-1.72965600746746,-10.5113612096777));
#7082=CARTESIAN_POINT('Ctrl Pts',(26.1013240515481,-2.37281237636471,-11.5942100009087));
#7083=CARTESIAN_POINT('Ctrl Pts',(25.0436395876457,-3.14695852284834,-12.2000000003479));
#7084=CARTESIAN_POINT('Ctrl Pts',(27.4647018340302,-1.36945917701188,-9.19999999999999));
#7085=CARTESIAN_POINT('Ctrl Pts',(26.9755007800327,-1.72965600746746,-10.5113612096777));
#7086=CARTESIAN_POINT('Ctrl Pts',(26.1013240515481,-2.37281237636471,-11.5942100009087));
#7087=CARTESIAN_POINT('Ctrl Pts',(25.0436395876457,-3.14695852284834,-12.2000000003479));
#7088=CARTESIAN_POINT('Ctrl Pts',(27.1025951932405,-0.839183325342359,-9.21647978447814));
#7089=CARTESIAN_POINT('Ctrl Pts',(26.6080718815662,-1.20607561172408,-10.5362034175254));
#7090=CARTESIAN_POINT('Ctrl Pts',(25.7284935753001,-1.85810473502944,-11.6175398561242));
#7091=CARTESIAN_POINT('Ctrl Pts',(24.6665013642449,-2.64237342034914,-12.2172639420538));
#7092=CARTESIAN_POINT('Ctrl Pts',(26.0515045324187,-0.205622557263903,-9.00861026841025));
#7093=CARTESIAN_POINT('Ctrl Pts',(25.5989496039291,-0.549004083459773,-10.2198179914197));
#7094=CARTESIAN_POINT('Ctrl Pts',(24.7910196291942,-1.16198783690145,-11.2126010443976));
#7095=CARTESIAN_POINT('Ctrl Pts',(23.824516089703,-1.89428042025261,-11.7566764401931));
#7096=CARTESIAN_POINT('Ctrl Pts',(24.9921136671628,-0.503074792940347,-8.53482769837261));
#7097=CARTESIAN_POINT('Ctrl Pts',(24.6327507581616,-0.77886931413352,-9.50750989459667));
#7098=CARTESIAN_POINT('Ctrl Pts',(23.9904222722656,-1.2715960263862,-10.3089013739509));
#7099=CARTESIAN_POINT('Ctrl Pts',(23.218041296673,-1.86436840144499,-10.7536541167508));
#7100=CARTESIAN_POINT('Ctrl Pts',(24.645393733501,-0.769122355309329,-8.332137780067));
#7101=CARTESIAN_POINT('Ctrl Pts',(24.32494429594,-1.0150118570326,-9.20304695874937));
#7102=CARTESIAN_POINT('Ctrl Pts',(23.7524579419131,-1.4542960867271,-9.92219508090553));
#7103=CARTESIAN_POINT('Ctrl Pts',(23.060904684724,-1.98494356459304,-10.3245160180905));
#7104=CARTESIAN_POINT('',(23.8083976834622,-1.41137201333593,-9.7214938799825));
#7105=CARTESIAN_POINT('Ctrl Pts',(23.8083976862537,-1.4113720111939,-9.72149387397845));
#7106=CARTESIAN_POINT('Ctrl Pts',(23.8083976862537,-1.4113720111939,-10.2362781352504));
#7107=CARTESIAN_POINT('Ctrl Pts',(23.8749381240311,-1.49810854978507,-10.6052976438342));
#7108=CARTESIAN_POINT('Ctrl Pts',(24.0101390248808,-1.67698318519711,-11.1391214189022));
#7109=CARTESIAN_POINT('Ctrl Pts',(24.1107547199638,-1.81107712421644,-11.3947480603495));
#7110=CARTESIAN_POINT('Ctrl Pts',(24.3489789649436,-2.13761184831894,-11.7940289534004));
#7111=CARTESIAN_POINT('Ctrl Pts',(24.4770317522941,-2.31620107456914,-11.9428382850345));
#7112=CARTESIAN_POINT('Ctrl Pts',(24.7540824847442,-2.71401629072199,-12.1469020506155));
#7113=CARTESIAN_POINT('Ctrl Pts',(24.8994546104954,-2.92812443990502,-12.200000000005));
#7114=CARTESIAN_POINT('Ctrl Pts',(25.0436395882735,-3.14695852243465,-12.2));
#7115=CARTESIAN_POINT('Ctrl Pts',(24.645393733502,-0.769122355308574,-8.33213778006433));
#7116=CARTESIAN_POINT('Ctrl Pts',(24.4498045038758,-0.919203249758822,-8.86370512070228));
#7117=CARTESIAN_POINT('Ctrl Pts',(24.1603218831067,-1.14133107722584,-9.33873565806378));
#7118=CARTESIAN_POINT('Ctrl Pts',(23.8071808983797,-1.41230568536831,-9.71969631419737));
#7119=CARTESIAN_POINT('Origin',(0.300000000000002,-19.4499999999985,-8.2));
#7120=CARTESIAN_POINT('Ctrl Pts',(22.451653980856,0.230982887194129,-12.2));
#7121=CARTESIAN_POINT('Ctrl Pts',(22.6193947547454,0.0421846141111467,-12.2000000000014));
#7122=CARTESIAN_POINT('Ctrl Pts',(22.782692886433,-0.146625171622636,-12.1506805290979));
#7123=CARTESIAN_POINT('Ctrl Pts',(23.0905261478188,-0.51094872736089,-11.9577812143477));
#7124=CARTESIAN_POINT('Ctrl Pts',(23.2304295045144,-0.681192352311982,-11.813400715776));
#7125=CARTESIAN_POINT('Ctrl Pts',(23.476619782822,-0.985924073415377,-11.438474457218));
#7126=CARTESIAN_POINT('Ctrl Pts',(23.5766728882602,-1.11294266995537,-11.2081057256694));
#7127=CARTESIAN_POINT('Ctrl Pts',(23.7067408620902,-1.27942648620945,-10.7593847728526));
#7128=CARTESIAN_POINT('Ctrl Pts',(23.746760024373,-1.33127836916355,-10.554045545846));
#7129=CARTESIAN_POINT('Ctrl Pts',(23.7972635835566,-1.3968251468272,-10.1382195224452));
#7130=CARTESIAN_POINT('Ctrl Pts',(23.8083976862537,-1.4113720111939,-9.93032043425929));
#7131=CARTESIAN_POINT('Ctrl Pts',(23.8083976862537,-1.4113720111939,-9.72149387397846));
#7132=CARTESIAN_POINT('Origin',(-1.33950359628895,-20.7080353563196,5.89999999997267));
#7133=CARTESIAN_POINT('',(-21.2594987541711,5.04520352335287,21.0000000000095));
#7134=CARTESIAN_POINT('',(-18.1266476651022,4.56407477356777,21.));
#7135=CARTESIAN_POINT('Ctrl Pts',(-21.259498754174,5.04520352335616,21.));
#7136=CARTESIAN_POINT('Ctrl Pts',(-21.2272442548487,5.07359238068321,21.));
#7137=CARTESIAN_POINT('Ctrl Pts',(-21.1946059792671,5.10034087535889,21.));
#7138=CARTESIAN_POINT('Ctrl Pts',(-21.162104036572,5.12528049315055,21.));
#7139=CARTESIAN_POINT('Ctrl Pts',(-20.9662991900786,5.27552683624204,21.));
#7140=CARTESIAN_POINT('Ctrl Pts',(-20.6988864092412,5.4028290233303,21.));
#7141=CARTESIAN_POINT('Ctrl Pts',(-20.2072210228941,5.52401954704127,21.));
#7142=CARTESIAN_POINT('Ctrl Pts',(-19.8958821557059,5.53370876337603,21.));
#7143=CARTESIAN_POINT('Ctrl Pts',(-19.3663841293875,5.44774930999054,21.));
#7144=CARTESIAN_POINT('Ctrl Pts',(-19.0557317570901,5.3299804012669,21.));
#7145=CARTESIAN_POINT('Ctrl Pts',(-18.5673583132876,5.03420887817009,21.));
#7146=CARTESIAN_POINT('Ctrl Pts',(-18.3056840691558,4.79739955799268,21.));
#7147=CARTESIAN_POINT('Ctrl Pts',(-18.1266476651021,4.56407477356776,21.));
#7148=CARTESIAN_POINT('Origin',(0.300000000000007,-19.4499999999985,5.89999999997267));
#7149=CARTESIAN_POINT('Origin',(-1.43947896560129,-20.7847491553261,5.89999999997267));
#7150=CARTESIAN_POINT('Origin',(0.300000000000005,-19.4499999999985,5.89999999997267));
#7151=CARTESIAN_POINT('Origin',(0.299999999999043,-19.4499999999975,21.0000000000074));
#7152=CARTESIAN_POINT('Origin',(1.55803535632109,-17.8104964037096,5.89999999997267));
#7153=CARTESIAN_POINT('Origin',(0.300000000000005,-19.4499999999985,5.89999999997267));
#7154=CARTESIAN_POINT('Ctrl Pts',(-24.4436395880726,-3.14695852253582,-12.2000000001034));
#7155=CARTESIAN_POINT('Ctrl Pts',(-25.5013239655048,-2.37281243934106,-11.5942100500394));
#7156=CARTESIAN_POINT('Ctrl Pts',(-26.3755007615018,-1.72965602111171,-10.5113612593545));
#7157=CARTESIAN_POINT('Ctrl Pts',(-26.8647018340317,-1.36945917701078,-9.19999999999595));
#7158=CARTESIAN_POINT('Ctrl Pts',(-24.066501364673,-2.64237342003296,-12.2172639418118));
#7159=CARTESIAN_POINT('Ctrl Pts',(-25.1284934889072,-1.85810479882887,-11.6175399047601));
#7160=CARTESIAN_POINT('Ctrl Pts',(-26.0080718628337,-1.20607562562196,-10.536203467519));
#7161=CARTESIAN_POINT('Ctrl Pts',(-26.502595193242,-0.839183325341233,-9.21647978447408));
#7162=CARTESIAN_POINT('Ctrl Pts',(-23.224515311628,-1.89427094906346,-11.7566875936448));
#7163=CARTESIAN_POINT('Ctrl Pts',(-24.1910187721057,-1.16197842557845,-11.2126122421897));
#7164=CARTESIAN_POINT('Ctrl Pts',(-24.9989541455289,-0.548990089921962,
-10.2198236692433));
#7165=CARTESIAN_POINT('Ctrl Pts',(-25.4515090911627,-0.205608550717752,
-9.00861590034727));
#7166=CARTESIAN_POINT('Ctrl Pts',(-22.6180412969849,-1.86436840120564,-10.7536541165712));
#7167=CARTESIAN_POINT('Ctrl Pts',(-23.3904222094329,-1.27159607460788,-10.3089014100197));
#7168=CARTESIAN_POINT('Ctrl Pts',(-24.032750744549,-0.778869324580611,-9.5075099314437));
#7169=CARTESIAN_POINT('Ctrl Pts',(-24.3921136671639,-0.503074792939497,
-8.53482769836961));
#7170=CARTESIAN_POINT('Ctrl Pts',(-22.4609046850032,-1.98494356437882,-10.3245160179281));
#7171=CARTESIAN_POINT('Ctrl Pts',(-23.1524578856551,-1.45429612989539,-9.9221951135345));
#7172=CARTESIAN_POINT('Ctrl Pts',(-23.7249442838014,-1.01501186634688,-9.20304699174104));
#7173=CARTESIAN_POINT('Ctrl Pts',(-24.045393733502,-0.769122355308571,-8.33213778006433));
#7174=CARTESIAN_POINT('',(-26.8647018340317,-1.36945917701078,-9.19999999999798));
#7175=CARTESIAN_POINT('Ctrl Pts',(-24.4436395880726,-3.14695852253582,-12.2000000001034));
#7176=CARTESIAN_POINT('Ctrl Pts',(-25.5013239655048,-2.37281243934106,-11.5942100500394));
#7177=CARTESIAN_POINT('Ctrl Pts',(-26.3755007615018,-1.72965602111171,-10.5113612593545));
#7178=CARTESIAN_POINT('Ctrl Pts',(-26.8647018340317,-1.36945917701078,-9.19999999999595));
#7179=CARTESIAN_POINT('Origin',(-25.3034290898231,-2.40862595159753,-8.33213778006433));
#7180=CARTESIAN_POINT('Origin',(-0.958035356321076,-21.0895035962875,5.89999999997267));
#7181=CARTESIAN_POINT('Origin',(-1.03474915532759,-21.1894789655998,5.89999999997267));
#7182=CARTESIAN_POINT('Origin',(0.300000000000004,-19.4499999999985,5.89999999997267));
#7183=CARTESIAN_POINT('',(-28.9405585838831,-4.96494853699197,-9.19999999999999));
#7184=CARTESIAN_POINT('Origin',(0.300000000000206,-19.4499999999987,-9.19999999999768));
#7185=CARTESIAN_POINT('',(-28.9405585838556,-4.96494853700336,21.0000000000095));
#7186=CARTESIAN_POINT('Origin',(1.1390583958956,-17.4243338410044,5.89999999997267));
#7187=CARTESIAN_POINT('Origin',(0.299999999998807,-19.4499999999978,21.0000000000074));
#7188=CARTESIAN_POINT('Origin',(0.300000000000006,-19.4499999999985,-6.61610715701999));
#7189=CARTESIAN_POINT('Ctrl Pts',(-28.9405585838831,-4.96494853699197,-9.19999999999999));
#7190=CARTESIAN_POINT('Ctrl Pts',(-28.3840184513472,-5.20851066208413,-10.5113612096777));
#7191=CARTESIAN_POINT('Ctrl Pts',(-27.3899403330341,-5.64399173190037,-11.5942100009087));
#7192=CARTESIAN_POINT('Ctrl Pts',(-26.1906678719863,-6.17290027358617,-12.2000000003479));
#7193=CARTESIAN_POINT('Origin',(1.09083408582165,-17.540757624421,5.89999999997267));
#7194=CARTESIAN_POINT('',(-27.6649823713468,-7.86652503026215,21.));
#7195=CARTESIAN_POINT('Ctrl Pts',(-27.6649823713468,-7.86652503026215,21.));
#7196=CARTESIAN_POINT('Ctrl Pts',(-27.9366948376719,-7.75397804164445,21.));
#7197=CARTESIAN_POINT('Ctrl Pts',(-28.2331613539314,-7.5625108932825,21.));
#7198=CARTESIAN_POINT('Ctrl Pts',(-28.6452550551498,-7.1673296742164,21.));
#7199=CARTESIAN_POINT('Ctrl Pts',(-28.8394138359767,-6.89774336131501,21.));
#7200=CARTESIAN_POINT('Ctrl Pts',(-29.0594884655708,-6.40853548636773,21.));
#7201=CARTESIAN_POINT('Ctrl Pts',(-29.1307098295855,-6.10529748010353,21.));
#7202=CARTESIAN_POINT('Ctrl Pts',(-29.1409011386359,-5.59901876991614,21.));
#7203=CARTESIAN_POINT('Ctrl Pts',(-29.0871481889689,-5.30776962812384,21.));
#7204=CARTESIAN_POINT('Ctrl Pts',(-28.9926993892672,-5.07975005493417,21.));
#7205=CARTESIAN_POINT('Ctrl Pts',(-28.9770216901167,-5.0419007410184,21.));
#7206=CARTESIAN_POINT('Ctrl Pts',(-28.959632035615,-5.00345156785871,21.));
#7207=CARTESIAN_POINT('Ctrl Pts',(-28.9405585838596,-4.9649485370014,21.));
#7208=CARTESIAN_POINT('',(-28.0508114720413,-7.70670938399627,-8.33213778006433));
#7209=CARTESIAN_POINT('Origin',(-27.2599773862185,-5.7974670084192,-8.332137780067));
#7210=CARTESIAN_POINT('Origin',(0.300000000000004,-19.4499999999985,5.89999999997267));
#7211=CARTESIAN_POINT('Ctrl Pts',(-28.9405585838831,-4.96494853699197,-9.19999999999999));
#7212=CARTESIAN_POINT('Ctrl Pts',(-28.3840184513472,-5.20851066208413,-10.5113612096777));
#7213=CARTESIAN_POINT('Ctrl Pts',(-27.3899403330341,-5.64399173190037,-11.5942100009087));
#7214=CARTESIAN_POINT('Ctrl Pts',(-26.1906678719863,-6.17290027358617,-12.2000000003479));
#7215=CARTESIAN_POINT('Ctrl Pts',(-29.2187376220475,-5.54368001262966,-9.21647978447813));
#7216=CARTESIAN_POINT('Ctrl Pts',(-28.6537379257512,-5.78850362011233,-10.5362034175254));
#7217=CARTESIAN_POINT('Ctrl Pts',(-27.6492749878284,-6.22422621630384,-11.6175398561242));
#7218=CARTESIAN_POINT('Ctrl Pts',(-26.4390822774213,-6.75180410703899,-12.2172639420538));
#7219=CARTESIAN_POINT('Ctrl Pts',(-29.2417534532682,-6.77070647218383,-9.00856392963739));
#7220=CARTESIAN_POINT('Ctrl Pts',(-28.7180988641475,-6.99093977376573,-10.2197716526469));
#7221=CARTESIAN_POINT('Ctrl Pts',(-27.7833286499849,-7.38411640855205,-11.2125092736443));
#7222=CARTESIAN_POINT('Ctrl Pts',(-26.6658929000543,-7.85498673492342,-11.7565846694398));
#7223=CARTESIAN_POINT('Ctrl Pts',(-28.4545753864975,-7.53946489463166,-8.53482769837261));
#7224=CARTESIAN_POINT('Ctrl Pts',(-28.0360488704191,-7.71278504240799,-9.50750989459665));
#7225=CARTESIAN_POINT('Ctrl Pts',(-27.288170777537,-8.02269447264206,-10.3089013739509));
#7226=CARTESIAN_POINT('Ctrl Pts',(-26.3886243542782,-8.3952098313756,-10.7536541167508));
#7227=CARTESIAN_POINT('Ctrl Pts',(-28.0508114720402,-7.70670938399676,-8.332137780067));
#7228=CARTESIAN_POINT('Ctrl Pts',(-27.6776401982434,-7.86128198669142,-9.20304695874935));
#7229=CARTESIAN_POINT('Ctrl Pts',(-27.0109657188326,-8.13742759775138,-9.92219508090553));
#7230=CARTESIAN_POINT('Ctrl Pts',(-26.2056348939521,-8.47100654761403,-10.3245160180905));
#7231=CARTESIAN_POINT('',(-27.0761089275978,-8.11044439718432,-9.72149387998249));
#7232=CARTESIAN_POINT('Ctrl Pts',(-27.0761089308487,-8.1104443958378,-9.72149387397845));
#7233=CARTESIAN_POINT('Ctrl Pts',(-27.0761089308487,-8.1104443958378,-10.2362781352499));
#7234=CARTESIAN_POINT('Ctrl Pts',(-27.0342631038811,-8.00945041704826,-10.6052976438338));
#7235=CARTESIAN_POINT('Ctrl Pts',(-26.9469535759464,-7.80292568459164,-11.1391214189022));
#7236=CARTESIAN_POINT('Ctrl Pts',(-26.8811326658036,-7.64874296712072,-11.3947480603495));
#7237=CARTESIAN_POINT('Ctrl Pts',(-26.717457422003,-7.27916735711954,-11.7940289534004));
#7238=CARTESIAN_POINT('Ctrl Pts',(-26.6268210089034,-7.07897577712354,-11.9428382850345));
#7239=CARTESIAN_POINT('Ctrl Pts',(-26.4208282919281,-6.64013519660824,-12.1469020506155));
#7240=CARTESIAN_POINT('Ctrl Pts',(-26.3080912584539,-6.40718516811403,-12.200000000005));
#7241=CARTESIAN_POINT('Ctrl Pts',(-26.1906678726585,-6.17290027324927,-12.2));
#7242=CARTESIAN_POINT('Ctrl Pts',(-28.0508114720413,-7.70670938399628,-8.33213778006432));
#7243=CARTESIAN_POINT('Ctrl Pts',(-27.8230429900085,-7.80105417833539,-8.86370512070941));
#7244=CARTESIAN_POINT('Ctrl Pts',(-27.4859333381441,-7.94068956814451,-9.33873565807652));
#7245=CARTESIAN_POINT('Ctrl Pts',(-27.0746919513412,-8.11103132796739,-9.7196963142127));
#7246=CARTESIAN_POINT('Origin',(0.300000000000002,-19.4499999999985,-8.2));
#7247=CARTESIAN_POINT('Ctrl Pts',(-27.8200581421837,-10.1065963603308,-12.2));
#7248=CARTESIAN_POINT('Ctrl Pts',(-27.7404244284478,-9.86692945235074,-12.2000000000014));
#7249=CARTESIAN_POINT('Ctrl Pts',(-27.6585594233631,-9.63110422905179,-12.1506805290979));
#7250=CARTESIAN_POINT('Ctrl Pts',(-27.4969625995896,-9.18235102669275,-11.9577812143477));
#7251=CARTESIAN_POINT('Ctrl Pts',(-27.4194789738974,-8.97606935324414,-11.813400715776));
#7252=CARTESIAN_POINT('Ctrl Pts',(-27.2786687012367,-8.61049645751326,-11.438474457218));
#7253=CARTESIAN_POINT('Ctrl Pts',(-27.2186939225991,-8.46033862820626,-11.2081057256694));
#7254=CARTESIAN_POINT('Ctrl Pts',(-27.1395486953191,-8.26445455052369,-10.7593847728526));
#7255=CARTESIAN_POINT('Ctrl Pts',(-27.1146532285882,-8.20387099787152,-10.554045545846));
#7256=CARTESIAN_POINT('Ctrl Pts',(-27.0831398335871,-8.1273602438052,-10.1382195224452));
#7257=CARTESIAN_POINT('Ctrl Pts',(-27.0761089308487,-8.1104443958378,-9.93032043425923));
#7258=CARTESIAN_POINT('Ctrl Pts',(-27.0761089308487,-8.1104443958378,-9.72149387397845));
#7259=CARTESIAN_POINT('Ctrl Pts',(-5.66840416128263,9.57438652664298,-12.2000000001034));
#7260=CARTESIAN_POINT('Ctrl Pts',(-5.86889601186398,10.8696862673364,-11.5942100500394));
#7261=CARTESIAN_POINT('Ctrl Pts',(-6.03225208757574,11.9426028724354,-10.5113612593545));
#7262=CARTESIAN_POINT('Ctrl Pts',(-6.12347185229961,12.5432178992108,-9.19999999999596));
#7263=CARTESIAN_POINT('Ctrl Pts',(-5.04493161840665,9.66450507909796,-12.2172639418118));
#7264=CARTESIAN_POINT('Ctrl Pts',(-5.24131179069409,10.9700085720359,-11.6175399047601));
#7265=CARTESIAN_POINT('Ctrl Pts',(-5.40221337357648,12.0530186547304,-10.536203467519));
#7266=CARTESIAN_POINT('Ctrl Pts',(-5.49246214046954,12.6621314886107,-9.21647978447409));
#7267=CARTESIAN_POINT('Ctrl Pts',(-3.92038990309474,9.59827145660319,-11.7569635921712));
#7268=CARTESIAN_POINT('Ctrl Pts',(-4.08600204487029,10.7995016167156,-11.2128882407161));
#7269=CARTESIAN_POINT('Ctrl Pts',(-4.22386444240918,11.8044191564858,-10.2199630320856));
#7270=CARTESIAN_POINT('Ctrl Pts',(-4.30106169842074,12.3672312423085,-9.00875526318957));
#7271=CARTESIAN_POINT('Ctrl Pts',(-3.47058305765651,9.19042176756775,-10.7536541165712));
#7272=CARTESIAN_POINT('Ctrl Pts',(-3.59758550667049,10.1557308802557,-10.3089014100197));
#7273=CARTESIAN_POINT('Ctrl Pts',(-3.70336994338442,10.9583361694022,-9.50750993144368));
#7274=CARTESIAN_POINT('Ctrl Pts',(-3.76246171933488,11.4074603124279,-8.53482769836962));
#7275=CARTESIAN_POINT('Ctrl Pts',(-3.44473020927396,8.99404988814034,-10.3245160179281));
#7276=CARTESIAN_POINT('Ctrl Pts',(-3.5585077676637,9.85827624521503,-9.9221951135345));
#7277=CARTESIAN_POINT('Ctrl Pts',(-3.65269590030631,10.573706141105,-9.20304699174102));
#7278=CARTESIAN_POINT('Ctrl Pts',(-3.7054177385393,10.9741682606937,-8.33213778006433));
#7279=CARTESIAN_POINT('',(-3.5677112445844,9.92818359288689,-9.72149387411602));
#7280=CARTESIAN_POINT('Ctrl Pts',(-5.66840416132763,9.57438652686181,-12.2));
#7281=CARTESIAN_POINT('Ctrl Pts',(-5.42102967370247,9.62525516175895,-12.2000000000014));
#7282=CARTESIAN_POINT('Ctrl Pts',(-5.17586653693007,9.67227059932412,-12.1506805290979));
#7283=CARTESIAN_POINT('Ctrl Pts',(-4.70643645177079,9.75670024594488,-11.9577812143477));
#7284=CARTESIAN_POINT('Ctrl Pts',(-4.48904946938302,9.7927382944424,-11.813400715776));
#7285=CARTESIAN_POINT('Ctrl Pts',(-4.1020489184147,9.8535794690699,-11.438474457218));
#7286=CARTESIAN_POINT('Ctrl Pts',(-3.94202103433892,9.87671870183689,-11.2081057256694));
#7287=CARTESIAN_POINT('Ctrl Pts',(-3.73280783322891,9.90611896326539,-10.7593847728526));
#7288=CARTESIAN_POINT('Ctrl Pts',(-3.66789320421518,9.91485063296347,-10.554045545846));
#7289=CARTESIAN_POINT('Ctrl Pts',(-3.58587625003047,9.92581460936611,-10.1382195224452));
#7290=CARTESIAN_POINT('Ctrl Pts',(-3.56771124459494,9.92818359296682,-9.93032043425927));
#7291=CARTESIAN_POINT('Ctrl Pts',(-3.56771124459494,9.92818359296682,-9.72149387397845));
#7292=CARTESIAN_POINT('',(-6.12347185229961,12.5432178992108,-9.19999999999799));
#7293=CARTESIAN_POINT('Ctrl Pts',(-5.66840416128263,9.57438652664298,-12.2000000001034));
#7294=CARTESIAN_POINT('Ctrl Pts',(-5.86889601186398,10.8696862673364,-11.5942100500394));
#7295=CARTESIAN_POINT('Ctrl Pts',(-6.03225208757574,11.9426028724354,-10.5113612593545));
#7296=CARTESIAN_POINT('Ctrl Pts',(-6.12347185229961,12.5432178992108,-9.19999999999596));
#7297=CARTESIAN_POINT('',(-3.70541773853913,10.9741682606925,-8.33213778006701));
#7298=CARTESIAN_POINT('Origin',(-5.75428718068203,10.7044294814051,-8.33213778006433));
#7299=CARTESIAN_POINT('Ctrl Pts',(-3.56751105310676,9.92666298764722,-9.71969632001053));
#7300=CARTESIAN_POINT('Ctrl Pts',(-3.62561145701446,10.3679793695802,-9.33873565445376));
#7301=CARTESIAN_POINT('Ctrl Pts',(-3.67323848653377,10.7297425749283,-8.86370511412756));
#7302=CARTESIAN_POINT('Ctrl Pts',(-3.70541773853913,10.9741682606924,-8.332137780067));
#7303=CARTESIAN_POINT('Origin',(-1.74886944214272,-19.7197387792871,5.89999999997267));
#7304=CARTESIAN_POINT('',(-6.12347185229545,12.5432178991794,21.0000000000095));
#7305=CARTESIAN_POINT('',(-3.65090759778052,10.56012263484,21.));
#7306=CARTESIAN_POINT('Ctrl Pts',(-6.12347185229631,12.5432178991837,21.));
#7307=CARTESIAN_POINT('Ctrl Pts',(-6.08134420783069,12.5516761211507,21.));
#7308=CARTESIAN_POINT('Ctrl Pts',(-6.03970438470348,12.558521859262,21.));
#7309=CARTESIAN_POINT('Ctrl Pts',(-5.99908706776138,12.5638692304828,21.));
#7310=CARTESIAN_POINT('Ctrl Pts',(-5.75439192496821,12.596083957179,21.));
#7311=CARTESIAN_POINT('Ctrl Pts',(-5.45915456992222,12.572624494736,21.));
#7312=CARTESIAN_POINT('Ctrl Pts',(-4.97276459332867,12.4317458737941,21.));
#7313=CARTESIAN_POINT('Ctrl Pts',(-4.69829261699086,12.2844675476887,21.));
#7314=CARTESIAN_POINT('Ctrl Pts',(-4.28271360163813,11.9452754642022,21.));
#7315=CARTESIAN_POINT('Ctrl Pts',(-4.07256520984452,11.6879584113229,21.));
#7316=CARTESIAN_POINT('Ctrl Pts',(-3.7975071625263,11.1876260367038,21.));
#7317=CARTESIAN_POINT('Ctrl Pts',(-3.68929527968071,10.8517060275113,21.));
#7318=CARTESIAN_POINT('Ctrl Pts',(-3.65090759778053,10.56012263484,21.));
#7319=CARTESIAN_POINT('Origin',(0.300000000000009,-19.4499999999985,5.89999999997267));
#7320=CARTESIAN_POINT('Origin',(-1.87380755122319,-19.7361871933914,5.89999999997267));
#7321=CARTESIAN_POINT('Origin',(0.300000000000005,-19.4499999999985,5.89999999997267));
#7322=CARTESIAN_POINT('',(-10.1337191450182,11.4686753756758,-9.19999999999999));
#7323=CARTESIAN_POINT('Origin',(0.30000000000004,-19.4499999999988,-9.19999999999768));
#7324=CARTESIAN_POINT('',(-10.1337191450068,11.4686753756483,21.0000000000095));
#7325=CARTESIAN_POINT('Origin',(2.32566615899418,-18.6109416041029,5.89999999997267));
#7326=CARTESIAN_POINT('Origin',(0.299999999999685,-19.4499999999972,21.0000000000074));
#7327=CARTESIAN_POINT('Origin',(0.300000000000009,-19.4499999999985,-6.61610715701999));
#7328=CARTESIAN_POINT('Ctrl Pts',(-10.1337191450182,11.4686753756758,-9.19999999999999));
#7329=CARTESIAN_POINT('Ctrl Pts',(-9.91241027359248,10.9029176436643,-10.5113612096777));
#7330=CARTESIAN_POINT('Ctrl Pts',(-9.51742251264957,9.89206664763055,-11.5942100009087));
#7331=CARTESIAN_POINT('Ctrl Pts',(-9.04340363940586,8.6700581414798,-12.2000000003479));
#7332=CARTESIAN_POINT('Origin',(2.20924237557756,-18.6591659141769,5.89999999997267));
#7333=CARTESIAN_POINT('',(-11.2834749697364,8.51498237134829,21.));
#7334=CARTESIAN_POINT('Ctrl Pts',(-11.2834749697364,8.5149823713483,21.));
#7335=CARTESIAN_POINT('Ctrl Pts',(-11.3960219583541,8.7866948376734,21.));
#7336=CARTESIAN_POINT('Ctrl Pts',(-11.4702677234147,9.1317160406964,21.));
#7337=CARTESIAN_POINT('Ctrl Pts',(-11.4822266542313,9.70254561111143,21.));
#7338=CARTESIAN_POINT('Ctrl Pts',(-11.4288913348133,10.0304629116287,21.));
#7339=CARTESIAN_POINT('Ctrl Pts',(-11.2385853919813,10.5320013803669,21.));
#7340=CARTESIAN_POINT('Ctrl Pts',(-11.0745248508986,10.7967841403699,21.));
#7341=CARTESIAN_POINT('Ctrl Pts',(-10.7237380854934,11.1619835932525,21.));
#7342=CARTESIAN_POINT('Ctrl Pts',(-10.4797847670989,11.3299187612103,21.));
#7343=CARTESIAN_POINT('Ctrl Pts',(-10.2517651939092,11.4243675609119,21.));
#7344=CARTESIAN_POINT('Ctrl Pts',(-10.2139158799935,11.4400452600624,21.));
#7345=CARTESIAN_POINT('Ctrl Pts',(-10.1744318663005,11.4549365885139,21.));
#7346=CARTESIAN_POINT('Ctrl Pts',(-10.1337191450082,11.4686753756525,21.));
#7347=CARTESIAN_POINT('',(-11.4432906160022,8.90081147204279,-8.33213778006433));
#7348=CARTESIAN_POINT('Origin',(-9.53404824042422,9.6916455578633,-8.33213778006701));
#7349=CARTESIAN_POINT('Origin',(0.300000000000007,-19.4499999999985,5.89999999997267));
#7350=CARTESIAN_POINT('Ctrl Pts',(-10.1337191450182,11.4686753756758,-9.19999999999999));
#7351=CARTESIAN_POINT('Ctrl Pts',(-9.91241027359248,10.9029176436643,-10.5113612096777));
#7352=CARTESIAN_POINT('Ctrl Pts',(-9.51742251264957,9.89206664763055,-11.5942100009087));
#7353=CARTESIAN_POINT('Ctrl Pts',(-9.04340363940586,8.6700581414798,-12.2000000003479));
#7354=CARTESIAN_POINT('Ctrl Pts',(-10.7396463801977,11.2561527090363,-9.21647978447814));
#7355=CARTESIAN_POINT('Ctrl Pts',(-10.5132476966238,10.6835211593713,-10.5362034175254));
#7356=CARTESIAN_POINT('Ctrl Pts',(-10.1110875442513,9.66515620203231,-11.6175398561242));
#7357=CARTESIAN_POINT('Ctrl Pts',(-9.62840597632281,8.43636682581799,-12.2172639420538));
#7358=CARTESIAN_POINT('Ctrl Pts',(-11.623883526239,10.4049991149903,-9.00871158286418));
#7359=CARTESIAN_POINT('Ctrl Pts',(-11.409332276264,9.87899094303195,-10.2199193058737));
#7360=CARTESIAN_POINT('Ctrl Pts',(-11.0262891393258,8.93982478616248,-11.2128016907071));
#7361=CARTESIAN_POINT('Ctrl Pts',(-10.5690983438463,7.81672278900952,-11.7568770865026));
#7362=CARTESIAN_POINT('Ctrl Pts',(-11.6105351053669,9.30457538649902,-8.53482769837261));
#7363=CARTESIAN_POINT('Ctrl Pts',(-11.4371480195503,8.88607659706466,-9.50750989459667));
#7364=CARTESIAN_POINT('Ctrl Pts',(-11.1274574082447,8.13810786641474,-10.3089013739509));
#7365=CARTESIAN_POINT('Ctrl Pts',(-10.7547901686229,7.2386243542797,-10.7536541167508));
#7366=CARTESIAN_POINT('Ctrl Pts',(-11.4432906160018,8.90081147204165,-8.332137780067));
#7367=CARTESIAN_POINT('Ctrl Pts',(-11.2887180133071,8.52764019824488,-9.20304695874937));
#7368=CARTESIAN_POINT('Ctrl Pts',(-11.0125724022471,7.86096571883413,-9.92219508090553));
#7369=CARTESIAN_POINT('Ctrl Pts',(-10.6789934523845,7.05563489395353,-10.3245160180905));
#7370=CARTESIAN_POINT('',(-11.0395556028142,7.92610892759932,-9.7214938799825));
#7371=CARTESIAN_POINT('Ctrl Pts',(-11.0395556041607,7.92610893085014,-9.72149387397845));
#7372=CARTESIAN_POINT('Ctrl Pts',(-11.0395556041607,7.92610893085014,-10.2362781352501));
#7373=CARTESIAN_POINT('Ctrl Pts',(-10.9385526088865,7.96793299009814,-10.6052976438339));
#7374=CARTESIAN_POINT('Ctrl Pts',(-10.7307804108189,8.05223086963612,-11.1391214189022));
#7375=CARTESIAN_POINT('Ctrl Pts',(-10.5752143538476,8.11471210279575,-11.3947480603495));
#7376=CARTESIAN_POINT('Ctrl Pts',(-10.1981490590509,8.26030564798495,-11.7940289534004));
#7377=CARTESIAN_POINT('Ctrl Pts',(-9.99250261297405,8.33777284941138,-11.9428382850345));
#7378=CARTESIAN_POINT('Ctrl Pts',(-9.53653661558355,8.50242115270532,-12.1469020506155));
#7379=CARTESIAN_POINT('Ctrl Pts',(-9.29209894989726,8.58742457667075,-12.200000000005));
#7380=CARTESIAN_POINT('Ctrl Pts',(-9.04340363964295,8.67005814219335,-12.2));
#7381=CARTESIAN_POINT('Ctrl Pts',(-11.4432906160022,8.90081147204279,-8.33213778006433));
#7382=CARTESIAN_POINT('Ctrl Pts',(-11.3489458216647,8.67304299001391,-8.86370512070028));
#7383=CARTESIAN_POINT('Ctrl Pts',(-11.2093104318588,8.33593333815715,-9.33873565806021));
#7384=CARTESIAN_POINT('Ctrl Pts',(-11.0389686720399,7.92469195136386,-9.71969631419307));
#7385=CARTESIAN_POINT('Origin',(0.300000000000002,-19.4499999999985,-8.2));
#7386=CARTESIAN_POINT('Ctrl Pts',(-3.56771124459493,9.92818359296683,-9.72149387397845));
#7387=CARTESIAN_POINT('Ctrl Pts',(-3.56771124459493,9.92818359296683,-10.2362781352493));
#7388=CARTESIAN_POINT('Ctrl Pts',(-3.45932497985038,9.94244103316531,-10.6052976438332));
#7389=CARTESIAN_POINT('Ctrl Pts',(-3.23681455106559,9.97009113020977,-11.1391214189022));
#7390=CARTESIAN_POINT('Ctrl Pts',(-3.07037794583986,9.99017990866138,-11.3947480603495));
#7391=CARTESIAN_POINT('Ctrl Pts',(-2.66847845705943,10.03322079456,-11.7940289534004));
#7392=CARTESIAN_POINT('Ctrl Pts',(-2.44978925660932,10.0548231483058,-11.9428382850345));
#7393=CARTESIAN_POINT('Ctrl Pts',(-1.9667458071839,10.0958485126683,-12.1469020506155));
#7394=CARTESIAN_POINT('Ctrl Pts',(-1.70863664795851,10.1146903919795,-12.200000000005));
#7395=CARTESIAN_POINT('Ctrl Pts',(-1.44702828438494,10.1301412043146,-12.2));
#7396=CARTESIAN_POINT('Origin',(0.300000000000002,-19.4499999999985,-8.2));
#7397=CARTESIAN_POINT('Ctrl Pts',(-12.977099726726,7.04066787267161,-12.2));
#7398=CARTESIAN_POINT('Ctrl Pts',(-12.7513200918735,7.1538284295367,-12.2000000000014));
#7399=CARTESIAN_POINT('Ctrl Pts',(-12.5266791770667,7.26269474386895,-12.1506805290979));
#7400=CARTESIAN_POINT('Ctrl Pts',(-12.095096534691,7.46574496642772,-11.9577812143477));
#7401=CARTESIAN_POINT('Ctrl Pts',(-11.8944441674031,7.55681893939986,-11.813400715776));
#7402=CARTESIAN_POINT('Ctrl Pts',(-11.5363771951547,7.71575011433009,-11.438474457218));
#7403=CARTESIAN_POINT('Ctrl Pts',(-11.3877910031287,7.77951916100651,-11.2081057256694));
#7404=CARTESIAN_POINT('Ctrl Pts',(-11.1933159165646,7.86206599375409,-10.7593847728526));
#7405=CARTESIAN_POINT('Ctrl Pts',(-11.1328731223097,7.8873012813166,-10.554045545846));
#7406=CARTESIAN_POINT('Ctrl Pts',(-11.0564885139722,7.91911921904704,-10.1382195224452));
#7407=CARTESIAN_POINT('Ctrl Pts',(-11.0395556041607,7.92610893085014,-9.93032043425925));
#7408=CARTESIAN_POINT('Ctrl Pts',(-11.0395556041607,7.92610893085014,-9.72149387397845));
#7409=CARTESIAN_POINT('Ctrl Pts',(2.04702828439778,10.1301412040901,-12.2000000001034));
#7410=CARTESIAN_POINT('Ctrl Pts',(2.18861626996858,11.4331957857296,-11.5942100500394));
#7411=CARTESIAN_POINT('Ctrl Pts',(2.30851766876372,12.5118333075766,-10.5113612593545));
#7412=CARTESIAN_POINT('Ctrl Pts',(2.37585674985315,13.1155922859965,-9.19999999999596));
#7413=CARTESIAN_POINT('Ctrl Pts',(2.67258091323623,10.0558224731393,-12.2172639418118));
#7414=CARTESIAN_POINT('Ctrl Pts',(2.8207814004729,11.3676689419471,-11.6175399047601));
#7415=CARTESIAN_POINT('Ctrl Pts',(2.9456660415154,12.4554207449903,-10.536203467519));
#7416=CARTESIAN_POINT('Ctrl Pts',(3.01614242880725,13.0671366620284,-9.21647978447408));
#7417=CARTESIAN_POINT('Ctrl Pts',(3.74172638843738,9.70082320105379,-11.7570468267557));
#7418=CARTESIAN_POINT('Ctrl Pts',(3.89265858653799,10.9039860124155,-11.2129714753006));
#7419=CARTESIAN_POINT('Ctrl Pts',(4.01959493253175,11.9103946481506,-10.2200050606008));
#7420=CARTESIAN_POINT('Ctrl Pts',(4.09069459585632,12.4740094972798,-9.00879729170481));
#7421=CARTESIAN_POINT('Ctrl Pts',(4.07058305765652,9.19042176756775,-10.7536541165712));
#7422=CARTESIAN_POINT('Ctrl Pts',(4.19774849492663,10.1557094224447,-10.3089014100197));
#7423=CARTESIAN_POINT('Ctrl Pts',(4.30329811001634,10.9583456264446,-9.50750993144369));
#7424=CARTESIAN_POINT('Ctrl Pts',(4.36246171933489,11.4074603124279,-8.53482769836961));
#7425=CARTESIAN_POINT('Ctrl Pts',(4.04473020927398,8.99404988814035,-10.3245160179281));
#7426=CARTESIAN_POINT('Ctrl Pts',(4.15850776766372,9.85827624521503,-9.9221951135345));
#7427=CARTESIAN_POINT('Ctrl Pts',(4.25269590030632,10.573706141105,-9.20304699174103));
#7428=CARTESIAN_POINT('Ctrl Pts',(4.30541773853931,10.9741682606937,-8.33213778006432));
#7429=CARTESIAN_POINT('',(4.16771124458443,9.92818359288689,-9.72149387411602));
#7430=CARTESIAN_POINT('Ctrl Pts',(2.04702828441096,10.1301412043131,-12.2));
#7431=CARTESIAN_POINT('Ctrl Pts',(2.29913946228287,10.1152513038384,-12.2000000000014));
#7432=CARTESIAN_POINT('Ctrl Pts',(2.54811735840106,10.0972118402631,-12.1506805290979));
#7433=CARTESIAN_POINT('Ctrl Pts',(3.02340400181022,10.0572671700553,-11.9577812143477));
#7434=CARTESIAN_POINT('Ctrl Pts',(3.24271103569711,10.0358133606288,-11.813400715776));
#7435=CARTESIAN_POINT('Ctrl Pts',(3.6322717173855,9.99441830944745,-11.438474457218));
#7436=CARTESIAN_POINT('Ctrl Pts',(3.79283565766985,9.97535082783133,-11.2081057256694));
#7437=CARTESIAN_POINT('Ctrl Pts',(4.00252943941131,9.94960093871063,-10.7593847728526));
#7438=CARTESIAN_POINT('Ctrl Pts',(4.06749207849305,9.94123394168411,-10.554045545846));
#7439=CARTESIAN_POINT('Ctrl Pts',(4.14955205863669,9.93059677988595,-10.1382195224452));
#7440=CARTESIAN_POINT('Ctrl Pts',(4.16771124459495,9.92818359296682,-9.93032043425923));
#7441=CARTESIAN_POINT('Ctrl Pts',(4.16771124459495,9.92818359296682,-9.72149387397845));
#7442=CARTESIAN_POINT('',(2.37585674985315,13.1155922859965,-9.19999999999799));
#7443=CARTESIAN_POINT('Ctrl Pts',(2.04702828439778,10.1301412040901,-12.2000000001034));
#7444=CARTESIAN_POINT('Ctrl Pts',(2.18861626996858,11.4331957857296,-11.5942100500394));
#7445=CARTESIAN_POINT('Ctrl Pts',(2.30851766876372,12.5118333075766,-10.5113612593545));
#7446=CARTESIAN_POINT('Ctrl Pts',(2.37585674985315,13.1155922859965,-9.19999999999596));
#7447=CARTESIAN_POINT('',(4.30541773853915,10.9741682606924,-8.33213778006701));
#7448=CARTESIAN_POINT('Origin',(2.25654829639658,11.2439070399823,-8.33213778006433));
#7449=CARTESIAN_POINT('Ctrl Pts',(4.16751105404507,9.92666299477424,-9.71969631385821));
#7450=CARTESIAN_POINT('Ctrl Pts',(4.22561145752726,10.367979373475,-9.33873564933943));
#7451=CARTESIAN_POINT('Ctrl Pts',(4.27323848670702,10.7297425762441,-8.86370511126605));
#7452=CARTESIAN_POINT('Ctrl Pts',(4.30541773853915,10.9741682606924,-8.33213778006701));
#7453=CARTESIAN_POINT('Origin',(-1.74886944214272,-19.1802612207099,5.89999999997267));
#7454=CARTESIAN_POINT('',(2.37585674984906,13.1155922859652,21.0000000000095));
#7455=CARTESIAN_POINT('',(4.25090759778054,10.56012263484,21.));
#7456=CARTESIAN_POINT('Ctrl Pts',(2.37585674984934,13.1155922859696,21.));
#7457=CARTESIAN_POINT('Ctrl Pts',(2.41873807857217,13.1128588642989,21.));
#7458=CARTESIAN_POINT('Ctrl Pts',(2.46073086653384,13.1086941602806,21.));
#7459=CARTESIAN_POINT('Ctrl Pts',(2.50134818347594,13.1033467890599,21.));
#7460=CARTESIAN_POINT('Ctrl Pts',(2.74604332626911,13.0711320623637,21.));
#7461=CARTESIAN_POINT('Ctrl Pts',(3.0251489567252,12.9720589114076,21.));
#7462=CARTESIAN_POINT('Ctrl Pts',(3.4585035266175,12.7100936237784,21.));
#7463=CARTESIAN_POINT('Ctrl Pts',(3.6855046614279,12.4967951101174,21.));
#7464=CARTESIAN_POINT('Ctrl Pts',(3.99913379406657,12.0616009526868,21.));
#7465=CARTESIAN_POINT('Ctrl Pts',(4.13552299913831,11.7586613596722,21.));
#7466=CARTESIAN_POINT('Ctrl Pts',(4.27171312333883,11.2041871361444,21.));
#7467=CARTESIAN_POINT('Ctrl Pts',(4.28929527968072,10.8517060275113,21.));
#7468=CARTESIAN_POINT('Ctrl Pts',(4.25090759778054,10.56012263484,21.));
#7469=CARTESIAN_POINT('Origin',(0.300000000000009,-19.4499999999985,5.89999999997267));
#7470=CARTESIAN_POINT('Origin',(-1.87380755122319,-19.1638128066057,5.89999999997267));
#7471=CARTESIAN_POINT('Origin',(0.300000000000005,-19.4499999999985,5.89999999997267));
#7472=CARTESIAN_POINT('',(-1.77585674985293,13.1155922859947,-9.19999999999999));
#7473=CARTESIAN_POINT('Origin',(0.299999999999971,-19.4499999999988,-9.19999999999768));
#7474=CARTESIAN_POINT('',(-1.77585674984904,13.1155922859652,21.0000000000095));
#7475=CARTESIAN_POINT('Origin',(2.47380755122321,-19.1638128066057,5.89999999997267));
#7476=CARTESIAN_POINT('Origin',(0.300000000000049,-19.4499999999971,21.0000000000074));
#7477=CARTESIAN_POINT('Origin',(0.300000000000009,-19.4499999999985,-6.61610715701999));
#7478=CARTESIAN_POINT('Ctrl Pts',(-1.77585674985293,13.1155922859947,-9.19999999999999));
#7479=CARTESIAN_POINT('Ctrl Pts',(-1.7085176713145,12.5118333304469,-10.5113612096777));
#7480=CARTESIAN_POINT('Ctrl Pts',(-1.58861628148605,11.4331958917335,-11.5942100009087));
#7481=CARTESIAN_POINT('Ctrl Pts',(-1.4470282843406,10.130141203564,-12.2000000003479));
#7482=CARTESIAN_POINT('Origin',(2.34886944214274,-19.1802612207099,5.89999999997267));
#7483=CARTESIAN_POINT('Ctrl Pts',(-3.65090759778052,10.56012263484,21.));
#7484=CARTESIAN_POINT('Ctrl Pts',(-3.6892952796807,10.8517060275113,21.));
#7485=CARTESIAN_POINT('Ctrl Pts',(-3.67171312333882,11.2041871361444,21.));
#7486=CARTESIAN_POINT('Ctrl Pts',(-3.5355229991383,11.7586613596722,21.));
#7487=CARTESIAN_POINT('Ctrl Pts',(-3.39913379406655,12.0616009526868,21.));
#7488=CARTESIAN_POINT('Ctrl Pts',(-3.08550466142787,12.4967951101174,21.));
#7489=CARTESIAN_POINT('Ctrl Pts',(-2.85850352661748,12.7100936237784,21.));
#7490=CARTESIAN_POINT('Ctrl Pts',(-2.42514895672517,12.9720589114076,21.));
#7491=CARTESIAN_POINT('Ctrl Pts',(-2.14604332626909,13.0711320623637,21.));
#7492=CARTESIAN_POINT('Ctrl Pts',(-1.90134818347591,13.1033467890599,21.));
#7493=CARTESIAN_POINT('Ctrl Pts',(-1.86073086653382,13.1086941602807,21.));
#7494=CARTESIAN_POINT('Ctrl Pts',(-1.81873807857214,13.1128588642989,21.));
#7495=CARTESIAN_POINT('Ctrl Pts',(-1.77585674984932,13.1155922859696,21.));
#7496=CARTESIAN_POINT('Origin',(-1.6565482963964,11.243907039981,-8.33213778006701));
#7497=CARTESIAN_POINT('Ctrl Pts',(-1.77585674985293,13.1155922859947,-9.19999999999999));
#7498=CARTESIAN_POINT('Ctrl Pts',(-1.7085176713145,12.5118333304469,-10.5113612096777));
#7499=CARTESIAN_POINT('Ctrl Pts',(-1.58861628148605,11.4331958917335,-11.5942100009087));
#7500=CARTESIAN_POINT('Ctrl Pts',(-1.4470282843406,10.130141203564,-12.2000000003479));
#7501=CARTESIAN_POINT('Ctrl Pts',(-2.41614242880701,13.0671366620265,-9.21647978447814));
#7502=CARTESIAN_POINT('Ctrl Pts',(-2.34566557139581,12.4554160735792,-10.5362119904081));
#7503=CARTESIAN_POINT('Ctrl Pts',(-2.22078226496065,11.3676777534538,-11.6175375317844));
#7504=CARTESIAN_POINT('Ctrl Pts',(-2.07258091317648,10.0558224726104,-12.2172639420538));
#7505=CARTESIAN_POINT('Ctrl Pts',(-3.49094131135757,12.4745236900746,-9.00904866352662));
#7506=CARTESIAN_POINT('Ctrl Pts',(-3.41984347378608,11.9109269644537,-10.2202233297832));
#7507=CARTESIAN_POINT('Ctrl Pts',(-3.29286061337973,10.9041572759248,-11.2134782367471));
#7508=CARTESIAN_POINT('Ctrl Pts',(-3.14193168989106,9.70102793157987,-11.7575446699649));
#7509=CARTESIAN_POINT('Ctrl Pts',(-3.76246171933469,11.4074603124265,-8.53482769837261));
#7510=CARTESIAN_POINT('Ctrl Pts',(-3.70329720788906,10.9583366634884,-9.50752629311788));
#7511=CARTESIAN_POINT('Ctrl Pts',(-3.59775013583488,10.1557261518058,-10.3088969278693));
#7512=CARTESIAN_POINT('Ctrl Pts',(-3.47058305760519,9.19042176717794,-10.7536541167508));
#7513=CARTESIAN_POINT('Ctrl Pts',(-3.70541773853913,10.9741682606924,-8.332137780067));
#7514=CARTESIAN_POINT('Ctrl Pts',(-3.6526959023034,10.5737061562745,-9.20304695874938));
#7515=CARTESIAN_POINT('Ctrl Pts',(-3.55850777691953,9.85827631552007,-9.92219508090553));
#7516=CARTESIAN_POINT('Ctrl Pts',(-3.44473020922802,8.99404988779146,-10.3245160180905));
#7517=CARTESIAN_POINT('Origin',(0.300000000000002,-19.4499999999985,-8.2));
#7518=CARTESIAN_POINT('Ctrl Pts',(4.16771124459495,9.92818359296682,-9.72149387397845));
#7519=CARTESIAN_POINT('Ctrl Pts',(4.16771124459495,9.92818359296682,-10.23627813525));
#7520=CARTESIAN_POINT('Ctrl Pts',(4.27609443398474,9.91390279312787,-10.6052976438338));
#7521=CARTESIAN_POINT('Ctrl Pts',(4.49817937548041,9.88302079925912,-11.1391214189022));
#7522=CARTESIAN_POINT('Ctrl Pts',(4.66414414936394,9.85934810594948,-11.3947480603495));
#7523=CARTESIAN_POINT('Ctrl Pts',(5.063489046138,9.796903167312,-11.7940289534004));
#7524=CARTESIAN_POINT('Ctrl Pts',(5.28031769335173,9.76116850866898,-11.9428382850345));
#7525=CARTESIAN_POINT('Ctrl Pts',(5.75751998200075,9.67577512331628,-12.1469020506155));
#7526=CARTESIAN_POINT('Ctrl Pts',(6.01171092210957,9.62717141503585,-12.200000000005));
#7527=CARTESIAN_POINT('Ctrl Pts',(6.26840416135316,9.57438652685656,-12.2));
#7528=CARTESIAN_POINT('Ctrl Pts',(-27.8200581419717,-10.1065963604013,-12.2000000001034));
#7529=CARTESIAN_POINT('Ctrl Pts',(-29.0420665482181,-9.63257752590981,-11.5942100500394));
#7530=CARTESIAN_POINT('Ctrl Pts',(-30.052917622232,-9.23758973478921,-10.5113612593545));
#7531=CARTESIAN_POINT('Ctrl Pts',(-30.6186753756761,-9.01628085497962,-9.19999999999596));
#7532=CARTESIAN_POINT('Ctrl Pts',(-27.586366826312,-9.52159402348111,-12.2172639418118));
#7533=CARTESIAN_POINT('Ctrl Pts',(-28.8151561020692,-9.03891249501266,-11.6175399047601));
#7534=CARTESIAN_POINT('Ctrl Pts',(-29.8335211376786,-8.63675231195067,-10.536203467519));
#7535=CARTESIAN_POINT('Ctrl Pts',(-30.4061527090366,-8.41035361980011,-9.21647978447408));
#7536=CARTESIAN_POINT('Ctrl Pts',(-26.9666690253198,-8.58119746849656,-11.7565241969841));
#7537=CARTESIAN_POINT('Ctrl Pts',(-28.089770930657,-8.12400671039312,-11.2124488455291));
#7538=CARTESIAN_POINT('Ctrl Pts',(-29.0287369084794,-7.74105845245314,-10.2197411636468));
#7539=CARTESIAN_POINT('Ctrl Pts',(-29.5547451003645,-7.52650719435025,-9.00853339475075));
#7540=CARTESIAN_POINT('Ctrl Pts',(-26.3886243546415,-8.39520983122513,-10.7536541165712));
#7541=CARTESIAN_POINT('Ctrl Pts',(-27.2881077932408,-8.02254262207009,-10.3089014100197));
#7542=CARTESIAN_POINT('Ctrl Pts',(-28.0360765812105,-7.71285198701612,-9.5075099314437));
#7543=CARTESIAN_POINT('Ctrl Pts',(-28.4545753864988,-7.53946489463113,-8.53482769836961));
#7544=CARTESIAN_POINT('Ctrl Pts',(-26.2056348942772,-8.47100654747936,-10.3245160179281));
#7545=CARTESIAN_POINT('Ctrl Pts',(-27.0109656533188,-8.13742762488811,-9.92219511353451));
#7546=CARTESIAN_POINT('Ctrl Pts',(-27.6776401841077,-7.86128199254662,-9.20304699174103));
#7547=CARTESIAN_POINT('Ctrl Pts',(-28.0508114720413,-7.70670938399628,-8.33213778006432));
#7548=CARTESIAN_POINT('',(-30.6186753756761,-9.01628085497963,-9.19999999999798));
#7549=CARTESIAN_POINT('Ctrl Pts',(-27.8200581419717,-10.1065963604013,-12.2000000001034));
#7550=CARTESIAN_POINT('Ctrl Pts',(-29.0420665482181,-9.63257752590981,-11.5942100500394));
#7551=CARTESIAN_POINT('Ctrl Pts',(-30.052917622232,-9.23758973478921,-10.5113612593545));
#7552=CARTESIAN_POINT('Ctrl Pts',(-30.6186753756761,-9.01628085497962,-9.19999999999596));
#7553=CARTESIAN_POINT('Origin',(-28.841645557863,-9.61595175957382,-8.33213778006433));
#7554=CARTESIAN_POINT('Origin',(-0.490834085821642,-21.3592423755761,5.89999999997267));
#7555=CARTESIAN_POINT('',(-30.6186753756468,-9.01628085499169,21.0000000000095));
#7556=CARTESIAN_POINT('Ctrl Pts',(-30.618675375651,-9.01628085499028,21.));
#7557=CARTESIAN_POINT('Ctrl Pts',(-30.6049365885124,-8.97556813369797,21.));
#7558=CARTESIAN_POINT('Ctrl Pts',(-30.5900452600609,-8.93608412000505,21.));
#7559=CARTESIAN_POINT('Ctrl Pts',(-30.5743675609105,-8.89823480608927,21.));
#7560=CARTESIAN_POINT('Ctrl Pts',(-30.4799187612088,-8.67021523289961,21.));
#7561=CARTESIAN_POINT('Ctrl Pts',(-30.311983593251,-8.42626191450514,21.));
#7562=CARTESIAN_POINT('Ctrl Pts',(-29.9467841403685,-8.07547514909996,21.));
#7563=CARTESIAN_POINT('Ctrl Pts',(-29.6820013803654,-7.9114146080172,21.));
#7564=CARTESIAN_POINT('Ctrl Pts',(-29.1804629116272,-7.72110866518525,21.));
#7565=CARTESIAN_POINT('Ctrl Pts',(-28.8525456111099,-7.66777334576721,21.));
#7566=CARTESIAN_POINT('Ctrl Pts',(-28.2817160406949,-7.67973227658383,21.));
#7567=CARTESIAN_POINT('Ctrl Pts',(-27.9366948376719,-7.75397804164445,21.));
#7568=CARTESIAN_POINT('Ctrl Pts',(-27.6649823713468,-7.86652503026215,21.));
#7569=CARTESIAN_POINT('Origin',(-0.539058395895594,-21.4756661589927,5.89999999997267));
#7570=CARTESIAN_POINT('Origin',(0.300000000000004,-19.4499999999985,5.89999999997267));
#7571=CARTESIAN_POINT('',(-31.6932178992074,-13.0265281476992,-9.19999999999999));
#7572=CARTESIAN_POINT('Origin',(0.30000000000024,-19.4499999999986,-9.19999999999768));
#7573=CARTESIAN_POINT('',(-31.6932178991779,-13.0265281477031,21.0000000000095));
#7574=CARTESIAN_POINT('Origin',(0.58618719339288,-17.2761924487753,5.89999999997267));
#7575=CARTESIAN_POINT('Origin',(0.299999999998655,-19.4499999999981,21.0000000000074));
#7576=CARTESIAN_POINT('Origin',(0.300000000000005,-19.4499999999985,-6.61610715701999));
#7577=CARTESIAN_POINT('Ctrl Pts',(-31.6932178992074,-13.0265281476992,-9.19999999999999));
#7578=CARTESIAN_POINT('Ctrl Pts',(-31.0926028951852,-13.1177479089674,-10.5113612096777));
#7579=CARTESIAN_POINT('Ctrl Pts',(-30.0196863727077,-13.2811039718238,-11.5942100009087));
#7580=CARTESIAN_POINT('Ctrl Pts',(-28.7243865261186,-13.4815958387968,-12.2000000003479));
#7581=CARTESIAN_POINT('Origin',(0.569738779288589,-17.4011305578558,5.89999999997267));
#7582=CARTESIAN_POINT('',(-29.7101226348385,-15.499092402218,21.));
#7583=CARTESIAN_POINT('Ctrl Pts',(-29.7101226348385,-15.499092402218,21.));
#7584=CARTESIAN_POINT('Ctrl Pts',(-30.0017060275098,-15.4607047203178,21.));
#7585=CARTESIAN_POINT('Ctrl Pts',(-30.3376260367023,-15.3524928374722,21.));
#7586=CARTESIAN_POINT('Ctrl Pts',(-30.8379584113214,-15.077434790154,21.));
#7587=CARTESIAN_POINT('Ctrl Pts',(-31.0952754642007,-14.8672863983604,21.));
#7588=CARTESIAN_POINT('Ctrl Pts',(-31.4344675476872,-14.4517073830076,21.));
#7589=CARTESIAN_POINT('Ctrl Pts',(-31.5817458737926,-14.1772354066698,21.));
#7590=CARTESIAN_POINT('Ctrl Pts',(-31.7226244947345,-13.6908454300763,21.));
#7591=CARTESIAN_POINT('Ctrl Pts',(-31.7460839571775,-13.3956080750303,21.));
#7592=CARTESIAN_POINT('Ctrl Pts',(-31.7138692304813,-13.1509129322371,21.));
#7593=CARTESIAN_POINT('Ctrl Pts',(-31.7085218592606,-13.110295615295,21.));
#7594=CARTESIAN_POINT('Ctrl Pts',(-31.7016761211492,-13.0686557921678,21.));
#7595=CARTESIAN_POINT('Ctrl Pts',(-31.6932178991823,-13.0265281477022,21.));
#7596=CARTESIAN_POINT('',(-30.1241682606922,-15.4445822614592,-8.33213778006432));
#7597=CARTESIAN_POINT('Origin',(-29.8544294814024,-13.3957128193166,-8.332137780067));
#7598=CARTESIAN_POINT('Origin',(0.300000000000002,-19.4499999999985,5.89999999997267));
#7599=CARTESIAN_POINT('Ctrl Pts',(-31.6932178992074,-13.0265281476992,-9.19999999999999));
#7600=CARTESIAN_POINT('Ctrl Pts',(-31.0926028951852,-13.1177479089674,-10.5113612096777));
#7601=CARTESIAN_POINT('Ctrl Pts',(-30.0196863727077,-13.2811039718238,-11.5942100009087));
#7602=CARTESIAN_POINT('Ctrl Pts',(-28.7243865261186,-13.4815958387968,-12.2000000003479));
#7603=CARTESIAN_POINT('Ctrl Pts',(-31.8121314886074,-13.6575378595293,-9.21647978447814));
#7604=CARTESIAN_POINT('Ctrl Pts',(-31.2030186778021,-13.7477866230034,-10.5362034175254));
#7605=CARTESIAN_POINT('Ctrl Pts',(-30.1200086782364,-13.9086881933285,-11.6175398561242));
#7606=CARTESIAN_POINT('Ctrl Pts',(-28.8145050785701,-14.1050683816711,-12.2172639420537));
#7607=CARTESIAN_POINT('Ctrl Pts',(-31.5166353171108,-14.8486350375691,-9.00849960298499));
#7608=CARTESIAN_POINT('Ctrl Pts',(-30.9538232526091,-14.9258322906562,-10.2197073259945));
#7609=CARTESIAN_POINT('Ctrl Pts',(-29.9492226971045,-15.0636689485808,-11.2123818791324));
#7610=CARTESIAN_POINT('Ctrl Pts',(-28.7479924387893,-15.2292811038957,-11.7564572749279));
#7611=CARTESIAN_POINT('Ctrl Pts',(-30.557460312425,-15.3875382806638,-8.53482769837261));
#7612=CARTESIAN_POINT('Ctrl Pts',(-30.1083361864136,-15.4466300543757,-9.50750989459666));
#7613=CARTESIAN_POINT('Ctrl Pts',(-29.3057309587815,-15.5524144829965,-10.3089013739509));
#7614=CARTESIAN_POINT('Ctrl Pts',(-28.3404217671765,-15.6794169423933,-10.7536541167508));
#7615=CARTESIAN_POINT('Ctrl Pts',(-30.124168260691,-15.4445822614594,-8.332137780067));
#7616=CARTESIAN_POINT('Ctrl Pts',(-29.723706156273,-15.4973040976951,-9.20304695874935));
#7617=CARTESIAN_POINT('Ctrl Pts',(-29.0082763155186,-15.591492223079,-9.92219508090553));
#7618=CARTESIAN_POINT('Ctrl Pts',(-28.14404988779,-15.7052697907705,-10.3245160180905));
#7619=CARTESIAN_POINT('',(-29.0781835894768,-15.5822887558629,-9.72149387998249));
#7620=CARTESIAN_POINT('Ctrl Pts',(-29.0781835929653,-15.5822887554036,-9.72149387397845));
#7621=CARTESIAN_POINT('Ctrl Pts',(-29.0781835929653,-15.5822887554036,-10.2362781352498));
#7622=CARTESIAN_POINT('Ctrl Pts',(-29.0639027931264,-15.4739055660138,-10.6052976438337));
#7623=CARTESIAN_POINT('Ctrl Pts',(-29.0330207992576,-15.2518206245181,-11.1391214189022));
#7624=CARTESIAN_POINT('Ctrl Pts',(-29.009348105948,-15.0858558506346,-11.3947480603495));
#7625=CARTESIAN_POINT('Ctrl Pts',(-28.9469031673105,-14.6865109538605,-11.7940289534004));
#7626=CARTESIAN_POINT('Ctrl Pts',(-28.9111685086675,-14.4696823066468,-11.9428382850345));
#7627=CARTESIAN_POINT('Ctrl Pts',(-28.8257751233148,-13.9924800179977,-12.1469020506155));
#7628=CARTESIAN_POINT('Ctrl Pts',(-28.7771714150344,-13.7382890778889,-12.200000000005));
#7629=CARTESIAN_POINT('Ctrl Pts',(-28.7243865268551,-13.4815958386454,-12.2));
#7630=CARTESIAN_POINT('Ctrl Pts',(-30.1241682606922,-15.4445822614592,-8.33213778006432));
#7631=CARTESIAN_POINT('Ctrl Pts',(-29.8797425718993,-15.4767615138633,-8.86370512071271));
#7632=CARTESIAN_POINT('Ctrl Pts',(-29.5179793546163,-15.5243885449539,-9.33873565808242));
#7633=CARTESIAN_POINT('Ctrl Pts',(-29.0766629866422,-15.5824889470239,-9.7196963142198));
#7634=CARTESIAN_POINT('Ctrl Pts',(16.6030414774627,5.29363958807411,-12.2000000001034));
#7635=CARTESIAN_POINT('Ctrl Pts',(17.3771875606575,6.35132396550628,-11.5942100500394));
#7636=CARTESIAN_POINT('Ctrl Pts',(18.0203439788868,7.22550076150325,-10.5113612593545));
#7637=CARTESIAN_POINT('Ctrl Pts',(18.3805408229878,7.71470183403316,-9.19999999999596));
#7638=CARTESIAN_POINT('Ctrl Pts',(17.1076265799656,4.91650136467451,-12.2172639418118));
#7639=CARTESIAN_POINT('Ctrl Pts',(17.8918952011697,5.97849348890866,-11.6175399047601));
#7640=CARTESIAN_POINT('Ctrl Pts',(18.5439243743766,6.85807186283515,-10.536203467519));
#7641=CARTESIAN_POINT('Ctrl Pts',(18.9108166746573,7.35259519324348,-9.21647978447408));
#7642=CARTESIAN_POINT('Ctrl Pts',(17.8558031325167,4.07450922245336,-11.7567748379606));
#7643=CARTESIAN_POINT('Ctrl Pts',(18.5880956560017,5.04101268293101,-11.2126994865055));
#7644=CARTESIAN_POINT('Ctrl Pts',(19.2011194696468,5.84898980413662,-10.2198677224344));
#7645=CARTESIAN_POINT('Ctrl Pts',(19.5445010088511,6.30154474977037,-9.00865995353833));
#7646=CARTESIAN_POINT('Ctrl Pts',(17.8856315987929,3.46804129698642,-10.7536541165712));
#7647=CARTESIAN_POINT('Ctrl Pts',(18.4784039253907,4.24042220943435,-10.3089014100197));
#7648=CARTESIAN_POINT('Ctrl Pts',(18.9711306754179,4.88275074455045,-9.50750993144369));
#7649=CARTESIAN_POINT('Ctrl Pts',(19.246925207059,5.24211366716542,-8.53482769836961));
#7650=CARTESIAN_POINT('Ctrl Pts',(17.7650564356197,3.31090468500467,-10.3245160179281));
#7651=CARTESIAN_POINT('Ctrl Pts',(18.2957038701031,4.00245788565656,-9.9221951135345));
#7652=CARTESIAN_POINT('Ctrl Pts',(18.7349881336517,4.57494428380284,-9.20304699174102));
#7653=CARTESIAN_POINT('Ctrl Pts',(18.98087764469,4.89539373350348,-8.33213778006433));
#7654=CARTESIAN_POINT('',(18.3386279887556,4.05839768619122,-9.72149387411602));
#7655=CARTESIAN_POINT('Ctrl Pts',(16.6030414775856,5.29363958826066,-12.2));
#7656=CARTESIAN_POINT('Ctrl Pts',(16.8139312119634,5.15468896725383,-12.2000000000014));
#7657=CARTESIAN_POINT('Ctrl Pts',(17.0205326631949,5.01457738546789,-12.1506805290979));
#7658=CARTESIAN_POINT('Ctrl Pts',(17.4121706353627,4.74234096461751,-11.9577812143477));
#7659=CARTESIAN_POINT('Ctrl Pts',(17.5913691932241,4.61410790370276,-11.813400715776));
#7660=CARTESIAN_POINT('Ctrl Pts',(17.9080411142912,4.38347839694458,-11.438474457218));
#7661=CARTESIAN_POINT('Ctrl Pts',(18.0375598247011,4.28668350333666,-11.2081057256694));
#7662=CARTESIAN_POINT('Ctrl Pts',(18.2062850221445,4.15953655434278,-10.7593847728526));
#7663=CARTESIAN_POINT('Ctrl Pts',(18.2583608193729,4.11980920282356,-10.554045545846));
#7664=CARTESIAN_POINT('Ctrl Pts',(18.3241082659123,4.06956716041036,-10.1382195224452));
#7665=CARTESIAN_POINT('Ctrl Pts',(18.3386279888046,4.05839768625519,-9.93032043425926));
#7666=CARTESIAN_POINT('Ctrl Pts',(18.3386279888046,4.05839768625519,-9.72149387397845));
#7667=CARTESIAN_POINT('',(18.3805408229878,7.71470183403316,-9.19999999999799));
#7668=CARTESIAN_POINT('Ctrl Pts',(16.6030414774627,5.29363958807411,-12.2000000001034));
#7669=CARTESIAN_POINT('Ctrl Pts',(17.3771875606575,6.35132396550628,-11.5942100500394));
#7670=CARTESIAN_POINT('Ctrl Pts',(18.0203439788868,7.22550076150325,-10.5113612593545));
#7671=CARTESIAN_POINT('Ctrl Pts',(18.3805408229878,7.71470183403316,-9.19999999999596));
#7672=CARTESIAN_POINT('',(18.9808776446892,4.8953937335025,-8.33213778006701));
#7673=CARTESIAN_POINT('Origin',(17.341374048401,6.15342908982456,-8.33213778006433));
#7674=CARTESIAN_POINT('Ctrl Pts',(18.3376943195978,4.05718090485501,-9.7196963138705));
#7675=CARTESIAN_POINT('Ctrl Pts',(18.6086689343379,4.41032189818011,-9.33873564934965));
#7676=CARTESIAN_POINT('Ctrl Pts',(18.830796752902,4.69980450734679,-8.86370511127176));
#7677=CARTESIAN_POINT('Ctrl Pts',(18.9808776446892,4.8953937335025,-8.332137780067));
#7678=CARTESIAN_POINT('Origin',(-1.33950359628895,-18.1919646436775,5.89999999997267));
#7679=CARTESIAN_POINT('',(18.3805408229685,7.71470183400806,21.0000000000095));
#7680=CARTESIAN_POINT('',(18.7266476651022,4.56407477356777,21.));
#7681=CARTESIAN_POINT('Ctrl Pts',(18.380540822971,7.71470183401171,21.));
#7682=CARTESIAN_POINT('Ctrl Pts',(18.4163104321576,7.69089395704427,21.));
#7683=CARTESIAN_POINT('Ctrl Pts',(18.4505949012991,7.66629082358437,21.));
#7684=CARTESIAN_POINT('Ctrl Pts',(18.4830968439941,7.64135120579271,21.));
#7685=CARTESIAN_POINT('Ctrl Pts',(18.6789016904875,7.49110486270122,21.));
#7686=CARTESIAN_POINT('Ctrl Pts',(18.8710776813237,7.2657521819122,21.));
#7687=CARTESIAN_POINT('Ctrl Pts',(19.115391103882,6.82220630296951,21.));
#7688=CARTESIAN_POINT('Ctrl Pts',(19.2053305964852,6.52398380414442,21.));
#7689=CARTESIAN_POINT('Ctrl Pts',(19.2593443140018,5.9902800419116,21.));
#7690=CARTESIAN_POINT('Ctrl Pts',(19.2259910338886,5.65973205601298,21.));
#7691=CARTESIAN_POINT('Ctrl Pts',(19.0666980294269,5.11144823059401,21.));
#7692=CARTESIAN_POINT('Ctrl Pts',(18.9056840691558,4.79739955799267,21.));
#7693=CARTESIAN_POINT('Ctrl Pts',(18.7266476651022,4.56407477356775,21.));
#7694=CARTESIAN_POINT('Origin',(0.300000000000007,-19.4499999999985,5.89999999997267));
#7695=CARTESIAN_POINT('Origin',(-1.43947896560129,-18.1152508446709,5.89999999997267));
#7696=CARTESIAN_POINT('Origin',(0.300000000000005,-19.4499999999985,5.89999999997267));
#7697=CARTESIAN_POINT('',(14.7850514630066,9.7905585838846,-9.19999999999999));
#7698=CARTESIAN_POINT('Origin',(0.299999999999849,-19.4499999999987,-9.19999999999768));
#7699=CARTESIAN_POINT('',(14.7850514629952,9.7905585838571,21.0000000000095));
#7700=CARTESIAN_POINT('Origin',(2.32566615899418,-20.2890583958941,5.89999999997267));
#7701=CARTESIAN_POINT('Origin',(0.300000000000746,-19.4499999999973,21.0000000000074));
#7702=CARTESIAN_POINT('Origin',(0.300000000000009,-19.4499999999985,-6.61610715701999));
#7703=CARTESIAN_POINT('Ctrl Pts',(14.7850514630066,9.79055858388459,-9.2));
#7704=CARTESIAN_POINT('Ctrl Pts',(14.5414893379144,9.23401845134869,-10.5113612096777));
#7705=CARTESIAN_POINT('Ctrl Pts',(14.1060082680982,8.2399403330356,-11.5942100009087));
#7706=CARTESIAN_POINT('Ctrl Pts',(13.5770997264124,7.04066787198774,-12.2000000003479));
#7707=CARTESIAN_POINT('Origin',(2.20924237557755,-20.2408340858202,5.89999999997267));
#7708=CARTESIAN_POINT('',(11.8834749697364,8.51498237134829,21.));
#7709=CARTESIAN_POINT('Ctrl Pts',(11.8834749697364,8.5149823713483,21.));
#7710=CARTESIAN_POINT('Ctrl Pts',(11.9960219583541,8.7866948376734,21.));
#7711=CARTESIAN_POINT('Ctrl Pts',(12.187489106716,9.08316135393285,21.));
#7712=CARTESIAN_POINT('Ctrl Pts',(12.5826703257821,9.4952550551513,21.));
#7713=CARTESIAN_POINT('Ctrl Pts',(12.8522566386835,9.68941383597817,21.));
#7714=CARTESIAN_POINT('Ctrl Pts',(13.3414645136308,9.90948846557231,21.));
#7715=CARTESIAN_POINT('Ctrl Pts',(13.644702519895,9.98070982958701,21.));
#7716=CARTESIAN_POINT('Ctrl Pts',(14.1509812300824,9.9909011386374,21.));
#7717=CARTESIAN_POINT('Ctrl Pts',(14.4422303718747,9.93714818897032,21.));
#7718=CARTESIAN_POINT('Ctrl Pts',(14.6702499450644,9.84269938926864,21.));
#7719=CARTESIAN_POINT('Ctrl Pts',(14.7080992589801,9.82702169011821,21.));
#7720=CARTESIAN_POINT('Ctrl Pts',(14.7465484321398,9.80963203561644,21.));
#7721=CARTESIAN_POINT('Ctrl Pts',(14.7850514629971,9.79055858386105,21.));
#7722=CARTESIAN_POINT('',(12.0432906160022,8.90081147204279,-8.33213778006433));
#7723=CARTESIAN_POINT('Origin',(13.9525329915793,8.10997738622,-8.33213778006701));
#7724=CARTESIAN_POINT('Origin',(0.300000000000007,-19.4499999999985,5.89999999997267));
#7725=CARTESIAN_POINT('Ctrl Pts',(14.7850514630066,9.79055858388459,-9.2));
#7726=CARTESIAN_POINT('Ctrl Pts',(14.5414893379144,9.23401845134869,-10.5113612096777));
#7727=CARTESIAN_POINT('Ctrl Pts',(14.1060082680982,8.2399403330356,-11.5942100009087));
#7728=CARTESIAN_POINT('Ctrl Pts',(13.5770997264124,7.04066787198774,-12.2000000003479));
#7729=CARTESIAN_POINT('Ctrl Pts',(14.2063199873689,10.068737622049,-9.21647978447814));
#7730=CARTESIAN_POINT('Ctrl Pts',(13.9614963798862,9.50373792575271,-10.5362034175254));
#7731=CARTESIAN_POINT('Ctrl Pts',(13.5257737836947,8.49927498782991,-11.6175398561242));
#7732=CARTESIAN_POINT('Ctrl Pts',(12.9981958929595,7.28908227742281,-12.2172639420538));
#7733=CARTESIAN_POINT('Ctrl Pts',(12.9792320031757,10.0920436169164,-9.00867734067553));
#7734=CARTESIAN_POINT('Ctrl Pts',(12.7589987015938,9.56838902779569,-10.219885063685));
#7735=CARTESIAN_POINT('Ctrl Pts',(12.3657746573588,8.63348597727185,-11.212733876407));
#7736=CARTESIAN_POINT('Ctrl Pts',(11.8949043309874,7.5160502273412,-11.7568092722025));
#7737=CARTESIAN_POINT('Ctrl Pts',(12.2105351053669,9.30457538649901,-8.53482769837261));
#7738=CARTESIAN_POINT('Ctrl Pts',(12.0372149575905,8.88604887042055,-9.50750989459667));
#7739=CARTESIAN_POINT('Ctrl Pts',(11.7273055273565,8.1381707775385,-10.3089013739509));
#7740=CARTESIAN_POINT('Ctrl Pts',(11.3547901686229,7.23862435427969,-10.7536541167508));
#7741=CARTESIAN_POINT('Ctrl Pts',(12.0432906160018,8.90081147204164,-8.33213778006701));
#7742=CARTESIAN_POINT('Ctrl Pts',(11.8887180133071,8.52764019824487,-9.20304695874936));
#7743=CARTESIAN_POINT('Ctrl Pts',(11.6125724022472,7.86096571883412,-9.92219508090553));
#7744=CARTESIAN_POINT('Ctrl Pts',(11.2789934523845,7.05563489395353,-10.3245160180905));
#7745=CARTESIAN_POINT('',(11.6395556028142,7.92610892759932,-9.7214938799825));
#7746=CARTESIAN_POINT('Ctrl Pts',(11.6395556041607,7.92610893085013,-9.72149387397845));
#7747=CARTESIAN_POINT('Ctrl Pts',(11.6395556041607,7.92610893085013,-10.2362781352501));
#7748=CARTESIAN_POINT('Ctrl Pts',(11.7405495829503,7.88426310388257,-10.6052976438339));
#7749=CARTESIAN_POINT('Ctrl Pts',(11.9470743154069,7.7969535759479,-11.1391214189022));
#7750=CARTESIAN_POINT('Ctrl Pts',(12.1012570328778,7.73113266580512,-11.3947480603495));
#7751=CARTESIAN_POINT('Ctrl Pts',(12.470832642879,7.56745742200451,-11.7940289534004));
#7752=CARTESIAN_POINT('Ctrl Pts',(12.671024222875,7.47682100890486,-11.9428382850345));
#7753=CARTESIAN_POINT('Ctrl Pts',(13.1098648033903,7.27082829192956,-12.1469020506155));
#7754=CARTESIAN_POINT('Ctrl Pts',(13.3428148318845,7.1580912584554,-12.200000000005));
#7755=CARTESIAN_POINT('Ctrl Pts',(13.5770997267493,7.04066787265994,-12.2));
#7756=CARTESIAN_POINT('Ctrl Pts',(12.0432906160023,8.90081147204279,-8.33213778006433));
#7757=CARTESIAN_POINT('Ctrl Pts',(11.948945821665,8.6730429900144,-8.86370512069913));
#7758=CARTESIAN_POINT('Ctrl Pts',(11.8093104318594,8.33593333815861,-9.33873565805814));
#7759=CARTESIAN_POINT('Ctrl Pts',(11.638968672041,7.92469195136653,-9.71969631419059));
#7760=CARTESIAN_POINT('Origin',(0.300000000000002,-19.4499999999985,-8.2));
#7761=CARTESIAN_POINT('Ctrl Pts',(9.64340363966768,8.67005814218513,-12.2));
#7762=CARTESIAN_POINT('Ctrl Pts',(9.8830705476478,8.59042442844931,-12.2000000000014));
#7763=CARTESIAN_POINT('Ctrl Pts',(10.1188957709468,8.50855942336459,-12.1506805290979));
#7764=CARTESIAN_POINT('Ctrl Pts',(10.5676489733058,8.34696259959107,-11.9577812143477));
#7765=CARTESIAN_POINT('Ctrl Pts',(10.7739306467544,8.26947897389885,-11.813400715776));
#7766=CARTESIAN_POINT('Ctrl Pts',(11.1395035424853,8.12866870123819,-11.438474457218));
#7767=CARTESIAN_POINT('Ctrl Pts',(11.2896613717923,8.0686939226006,-11.2081057256694));
#7768=CARTESIAN_POINT('Ctrl Pts',(11.4855454494748,7.98954869532058,-10.7593847728526));
#7769=CARTESIAN_POINT('Ctrl Pts',(11.546129002127,7.9646532285897,-10.554045545846));
#7770=CARTESIAN_POINT('Ctrl Pts',(11.6226397561933,7.93313983358853,-10.1382195224452));
#7771=CARTESIAN_POINT('Ctrl Pts',(11.6395556041607,7.92610893085013,-9.93032043425926));
#7772=CARTESIAN_POINT('Ctrl Pts',(11.6395556041607,7.92610893085013,-9.72149387397845));
#7773=CARTESIAN_POINT('Origin',(0.300000000000002,-19.4499999999985,-8.2));
#7774=CARTESIAN_POINT('Ctrl Pts',(18.3386279888046,4.05839768625519,-9.72149387397846));
#7775=CARTESIAN_POINT('Ctrl Pts',(18.3386279888046,4.05839768625519,-10.2362781352505));
#7776=CARTESIAN_POINT('Ctrl Pts',(18.42535018424,3.99183855611328,-10.6052976438343));
#7777=CARTESIAN_POINT('Ctrl Pts',(18.6022403884388,3.8540514941557,-11.1391214189022));
#7778=CARTESIAN_POINT('Ctrl Pts',(18.7341337521004,3.7505679534318,-11.3947480603495));
#7779=CARTESIAN_POINT('Ctrl Pts',(19.0487541082597,3.49681660184695,-11.7940289534004));
#7780=CARTESIAN_POINT('Ctrl Pts',(19.2186658956935,3.35745515605966,-11.9428382850345));
#7781=CARTESIAN_POINT('Ctrl Pts',(19.5892385077313,3.04490117070455,-12.1469020506155));
#7782=CARTESIAN_POINT('Ctrl Pts',(19.7850724651371,2.87571365456117,-12.200000000005));
#7783=CARTESIAN_POINT('Ctrl Pts',(19.9809828872121,2.70165398084019,-12.2));
#7784=CARTESIAN_POINT('Ctrl Pts',(9.64340363959724,8.67005814197312,-12.2000000001034));
#7785=CARTESIAN_POINT('Ctrl Pts',(10.1174224740887,9.89206654821965,-11.5942100500394));
#7786=CARTESIAN_POINT('Ctrl Pts',(10.5124102652093,10.9029176222334,-10.5113612593545));
#7787=CARTESIAN_POINT('Ctrl Pts',(10.7337191450189,11.4686753756775,-9.19999999999596));
#7788=CARTESIAN_POINT('Ctrl Pts',(10.2284059765174,8.43636682631342,-12.2172639418118));
#7789=CARTESIAN_POINT('Ctrl Pts',(10.7110875049859,9.66515610207069,-11.6175399047601));
#7790=CARTESIAN_POINT('Ctrl Pts',(11.1132476880479,10.68352113768,-10.536203467519));
#7791=CARTESIAN_POINT('Ctrl Pts',(11.3396463801984,11.256152709038,-9.21647978447408));
#7792=CARTESIAN_POINT('Ctrl Pts',(11.169085204502,7.81672040134413,-11.7568614114933));
#7793=CARTESIAN_POINT('Ctrl Pts',(11.6262759626055,8.93982230668134,-11.2127860600382));
#7794=CARTESIAN_POINT('Ctrl Pts',(12.0093149129405,9.87897964017517,-10.2199114369199));
#7795=CARTESIAN_POINT('Ctrl Pts',(12.2238661710433,10.4049878320603,-9.00870366802387));
#7796=CARTESIAN_POINT('Ctrl Pts',(11.3547901687734,7.23862435464294,-10.7536541165712));
#7797=CARTESIAN_POINT('Ctrl Pts',(11.7274573779284,8.13810779324235,-10.3089014100197));
#7798=CARTESIAN_POINT('Ctrl Pts',(12.0371480129824,8.88607658121194,-9.50750993144369));
#7799=CARTESIAN_POINT('Ctrl Pts',(12.2105351053674,9.3045753865003,-8.53482769836961));
#7800=CARTESIAN_POINT('Ctrl Pts',(11.2789934525192,7.05563489427864,-10.3245160179281));
#7801=CARTESIAN_POINT('Ctrl Pts',(11.6125723751104,7.86096565332027,-9.9221951135345));
#7802=CARTESIAN_POINT('Ctrl Pts',(11.8887180074519,8.52764018410916,-9.20304699174103));
#7803=CARTESIAN_POINT('Ctrl Pts',(12.0432906160023,8.90081147204279,-8.33213778006433));
#7804=CARTESIAN_POINT('',(10.7337191450189,11.4686753756775,-9.19999999999799));
#7805=CARTESIAN_POINT('Ctrl Pts',(9.64340363959724,8.67005814197312,-12.2000000001034));
#7806=CARTESIAN_POINT('Ctrl Pts',(10.1174224740887,9.89206654821965,-11.5942100500394));
#7807=CARTESIAN_POINT('Ctrl Pts',(10.5124102652093,10.9029176222334,-10.5113612593545));
#7808=CARTESIAN_POINT('Ctrl Pts',(10.7337191450189,11.4686753756775,-9.19999999999596));
#7809=CARTESIAN_POINT('Origin',(10.1340482404247,9.69164555786444,-8.33213778006433));
#7810=CARTESIAN_POINT('Origin',(-1.60924237557754,-18.6591659141769,5.89999999997267));
#7811=CARTESIAN_POINT('',(10.7337191450068,11.4686753756483,21.0000000000095));
#7812=CARTESIAN_POINT('Ctrl Pts',(10.7337191450082,11.4686753756525,21.));
#7813=CARTESIAN_POINT('Ctrl Pts',(10.7744318663006,11.4549365885139,21.));
#7814=CARTESIAN_POINT('Ctrl Pts',(10.8139158799935,11.4400452600624,21.));
#7815=CARTESIAN_POINT('Ctrl Pts',(10.8517651939093,11.4243675609119,21.));
#7816=CARTESIAN_POINT('Ctrl Pts',(11.0797847670989,11.3299187612103,21.));
#7817=CARTESIAN_POINT('Ctrl Pts',(11.3237380854934,11.1619835932525,21.));
#7818=CARTESIAN_POINT('Ctrl Pts',(11.6745248508986,10.7967841403699,21.));
#7819=CARTESIAN_POINT('Ctrl Pts',(11.8385853919813,10.5320013803669,21.));
#7820=CARTESIAN_POINT('Ctrl Pts',(12.0288913348133,10.0304629116287,21.));
#7821=CARTESIAN_POINT('Ctrl Pts',(12.0822266542313,9.70254561111142,21.));
#7822=CARTESIAN_POINT('Ctrl Pts',(12.0702677234147,9.13171604069638,21.));
#7823=CARTESIAN_POINT('Ctrl Pts',(11.9960219583541,8.78669483767339,21.));
#7824=CARTESIAN_POINT('Ctrl Pts',(11.8834749697364,8.51498237134828,21.));
#7825=CARTESIAN_POINT('Origin',(-1.72566615899416,-18.6109416041029,5.89999999997267));
#7826=CARTESIAN_POINT('Origin',(0.300000000000005,-19.4499999999985,5.89999999997267));
#7827=CARTESIAN_POINT('',(6.72347185229935,12.5432178992089,-9.19999999999999));
#7828=CARTESIAN_POINT('Origin',(0.299999999999907,-19.4499999999988,-9.19999999999768));
#7829=CARTESIAN_POINT('',(6.72347185229546,12.5432178991794,21.0000000000095));
#7830=CARTESIAN_POINT('Origin',(2.47380755122321,-19.7361871933914,5.89999999997267));
#7831=CARTESIAN_POINT('Origin',(0.300000000000413,-19.4499999999972,21.0000000000074));
#7832=CARTESIAN_POINT('Origin',(0.300000000000009,-19.4499999999985,-6.61610715701999));
#7833=CARTESIAN_POINT('Ctrl Pts',(6.72347185229934,12.5432178992089,-9.19999999999999));
#7834=CARTESIAN_POINT('Ctrl Pts',(6.63225209103115,11.9426028951866,-10.5113612096777));
#7835=CARTESIAN_POINT('Ctrl Pts',(6.46889602817476,10.8696863727091,-11.5942100009087));
#7836=CARTESIAN_POINT('Ctrl Pts',(6.26840416120171,9.57438652612006,-12.2000000003479));
#7837=CARTESIAN_POINT('Origin',(2.34886944214274,-19.7197387792871,5.89999999997267));
#7838=CARTESIAN_POINT('Ctrl Pts',(4.25090759778054,10.56012263484,21.));
#7839=CARTESIAN_POINT('Ctrl Pts',(4.28929527968073,10.8517060275113,21.));
#7840=CARTESIAN_POINT('Ctrl Pts',(4.39750716252631,11.1876260367038,21.));
#7841=CARTESIAN_POINT('Ctrl Pts',(4.67256520984453,11.6879584113229,21.));
#7842=CARTESIAN_POINT('Ctrl Pts',(4.88271360163814,11.9452754642022,21.));
#7843=CARTESIAN_POINT('Ctrl Pts',(5.29829261699087,12.2844675476887,21.));
#7844=CARTESIAN_POINT('Ctrl Pts',(5.57276459332869,12.4317458737941,21.));
#7845=CARTESIAN_POINT('Ctrl Pts',(6.05915456992224,12.572624494736,21.));
#7846=CARTESIAN_POINT('Ctrl Pts',(6.35439192496823,12.596083957179,21.));
#7847=CARTESIAN_POINT('Ctrl Pts',(6.5990870677614,12.5638692304828,21.));
#7848=CARTESIAN_POINT('Ctrl Pts',(6.63970438470349,12.558521859262,21.));
#7849=CARTESIAN_POINT('Ctrl Pts',(6.68134420783071,12.5516761211507,21.));
#7850=CARTESIAN_POINT('Ctrl Pts',(6.72347185229633,12.5432178991837,21.));
#7851=CARTESIAN_POINT('Origin',(6.35428718068189,10.7044294814039,-8.33213778006701));
#7852=CARTESIAN_POINT('Ctrl Pts',(6.72347185229934,12.5432178992089,-9.19999999999999));
#7853=CARTESIAN_POINT('Ctrl Pts',(6.63225209103115,11.9426028951866,-10.5113612096777));
#7854=CARTESIAN_POINT('Ctrl Pts',(6.46889602817476,10.8696863727091,-11.5942100009087));
#7855=CARTESIAN_POINT('Ctrl Pts',(6.26840416120171,9.57438652612006,-12.2000000003479));
#7856=CARTESIAN_POINT('Ctrl Pts',(6.09246214046928,12.6621314886088,-9.21647978447814));
#7857=CARTESIAN_POINT('Ctrl Pts',(6.00221337699512,12.0530186778036,-10.5362034175254));
#7858=CARTESIAN_POINT('Ctrl Pts',(5.84131180667008,10.9700086782379,-11.6175398561242));
#7859=CARTESIAN_POINT('Ctrl Pts',(5.64493161832747,9.66450507857159,-12.2172639420538));
#7860=CARTESIAN_POINT('Ctrl Pts',(4.90107247389357,12.3672100680965,-9.00874617916221));
#7861=CARTESIAN_POINT('Ctrl Pts',(4.82387522080647,11.8043980035949,-10.2199539021717));
#7862=CARTESIAN_POINT('Ctrl Pts',(4.68601374801213,10.7994918004851,-11.2128702062964));
#7863=CARTESIAN_POINT('Ctrl Pts',(4.52040159269731,9.59826154216982,-11.756945602092));
#7864=CARTESIAN_POINT('Ctrl Pts',(4.36246171933471,11.4074603124265,-8.53482769837261));
#7865=CARTESIAN_POINT('Ctrl Pts',(4.30336994562283,10.958336186415,-9.50750989459668));
#7866=CARTESIAN_POINT('Ctrl Pts',(4.19758551700204,10.155730958783,-10.3089013739509));
#7867=CARTESIAN_POINT('Ctrl Pts',(4.07058305760521,9.19042176717793,-10.7536541167508));
#7868=CARTESIAN_POINT('Ctrl Pts',(4.30541773853915,10.9741682606924,-8.33213778006701));
#7869=CARTESIAN_POINT('Ctrl Pts',(4.25269590230343,10.5737061562745,-9.20304695874937));
#7870=CARTESIAN_POINT('Ctrl Pts',(4.15850777691955,9.85827631552006,-9.92219508090553));
#7871=CARTESIAN_POINT('Ctrl Pts',(4.04473020922805,8.99404988779145,-10.3245160180905));
#7872=CARTESIAN_POINT('Ctrl Pts',(22.451653980689,0.230982887045745,-12.2000000001034));
#7873=CARTESIAN_POINT('Ctrl Pts',(23.4731705363542,1.05226379324763,-11.5942100500394));
#7874=CARTESIAN_POINT('Ctrl Pts',(24.3206655346562,1.73019260722606,-10.5113612593545));
#7875=CARTESIAN_POINT('Ctrl Pts',(24.7952035233765,2.10949875419187,-9.19999999999596));
#7876=CARTESIAN_POINT('Ctrl Pts',(22.8414352079053,-0.263900897419448,-12.2172639418118));
#7877=CARTESIAN_POINT('Ctrl Pts',(23.8738443113751,0.558921067049988,-11.6175399047601));
#7878=CARTESIAN_POINT('Ctrl Pts',(24.7313077641021,1.23977096668253,-10.536203467519));
#7879=CARTESIAN_POINT('Ctrl Pts',(25.213690568567,1.6224851084123,-9.21647978447408));
#7880=CARTESIAN_POINT('Ctrl Pts',(23.3461812298622,-1.27084038548446,-11.7567580943704));
#7881=CARTESIAN_POINT('Ctrl Pts',(24.3036709934238,-0.52680098347546,-11.2126827429153));
#7882=CARTESIAN_POINT('Ctrl Pts',(25.1049177436585,0.0949767700540759,-10.2198592679171));
#7883=CARTESIAN_POINT('Ctrl Pts',(25.5537286795321,0.443237597773894,-9.00865149902105));
#7884=CARTESIAN_POINT('Ctrl Pts',(23.218041296985,-1.86436840120564,-10.7536541165712));
#7885=CARTESIAN_POINT('Ctrl Pts',(23.9905222865704,-1.27172649767271,-10.3089014100197));
#7886=CARTESIAN_POINT('Ctrl Pts',(24.6327066378261,-0.778811843580161,-9.50750993144368));
#7887=CARTESIAN_POINT('Ctrl Pts',(24.992113667164,-0.503074792939499,-8.53482769836961));
#7888=CARTESIAN_POINT('Ctrl Pts',(23.0609046850032,-1.98494356437882,-10.3245160179281));
#7889=CARTESIAN_POINT('Ctrl Pts',(23.7524578856551,-1.45429612989539,-9.9221951135345));
#7890=CARTESIAN_POINT('Ctrl Pts',(24.3249442838014,-1.01501186634688,-9.20304699174102));
#7891=CARTESIAN_POINT('Ctrl Pts',(24.645393733502,-0.769122355308574,-8.33213778006433));
#7892=CARTESIAN_POINT('',(24.7952035233765,2.10949875419187,-9.19999999999799));
#7893=CARTESIAN_POINT('Ctrl Pts',(22.451653980689,0.230982887045745,-12.2000000001034));
#7894=CARTESIAN_POINT('Ctrl Pts',(23.4731705363542,1.05226379324763,-11.5942100500394));
#7895=CARTESIAN_POINT('Ctrl Pts',(24.3206655346562,1.73019260722606,-10.5113612593545));
#7896=CARTESIAN_POINT('Ctrl Pts',(24.7952035233765,2.10949875419187,-9.19999999999596));
#7897=CARTESIAN_POINT('Origin',(23.3873583771809,0.870381240980391,-8.33213778006433));
#7898=CARTESIAN_POINT('Origin',(-0.958035356321074,-17.8104964037096,5.89999999997267));
#7899=CARTESIAN_POINT('',(24.7952035233514,2.10949875417259,21.0000000000095));
#7900=CARTESIAN_POINT('Ctrl Pts',(24.7952035233547,2.10949875417549,21.));
#7901=CARTESIAN_POINT('Ctrl Pts',(24.8235923806817,2.07724425485015,21.));
#7902=CARTESIAN_POINT('Ctrl Pts',(24.8503408753574,2.04460597926856,21.));
#7903=CARTESIAN_POINT('Ctrl Pts',(24.8752804931491,2.01210403657351,21.));
#7904=CARTESIAN_POINT('Ctrl Pts',(25.0255268362406,1.81629919008007,21.));
#7905=CARTESIAN_POINT('Ctrl Pts',(25.1528290233288,1.54888640924264,21.));
#7906=CARTESIAN_POINT('Ctrl Pts',(25.2740195470398,1.05722102289555,21.));
#7907=CARTESIAN_POINT('Ctrl Pts',(25.2837087633746,0.745882155707371,21.));
#7908=CARTESIAN_POINT('Ctrl Pts',(25.1977493099891,0.216384129388949,21.));
#7909=CARTESIAN_POINT('Ctrl Pts',(25.0799804012654,-0.0942682429084263,
21.));
#7910=CARTESIAN_POINT('Ctrl Pts',(24.7842088781686,-0.582641686710885,21.));
#7911=CARTESIAN_POINT('Ctrl Pts',(24.5473995579912,-0.844315930842764,21.));
#7912=CARTESIAN_POINT('Ctrl Pts',(24.3140747735663,-1.02335233489638,21.));
#7913=CARTESIAN_POINT('Origin',(-1.03474915532759,-17.7105210343972,5.89999999997267));
#7914=CARTESIAN_POINT('Origin',(0.300000000000005,-19.4499999999985,5.89999999997267));
#7915=CARTESIAN_POINT('',(21.8594987541892,5.04520352337646,-9.19999999999999));
#7916=CARTESIAN_POINT('Origin',(0.2999999999998,-19.4499999999987,-9.19999999999768));
#7917=CARTESIAN_POINT('',(21.8594987541711,5.04520352335285,21.0000000000095));
#7918=CARTESIAN_POINT('Origin',(2.0394789656013,-20.7847491553261,5.89999999997267));
#7919=CARTESIAN_POINT('Origin',(0.300000000001033,-19.4499999999976,21.0000000000074));
#7920=CARTESIAN_POINT('Origin',(0.300000000000007,-19.4499999999985,-6.61610715701999));
#7921=CARTESIAN_POINT('Ctrl Pts',(21.8594987541892,5.04520352337646,-9.19999999999999));
#7922=CARTESIAN_POINT('Ctrl Pts',(21.4801926215927,4.57066555263318,-10.5113612096777));
#7923=CARTESIAN_POINT('Ctrl Pts',(20.8022638600581,3.72317061945579,-11.5942100009087));
#7924=CARTESIAN_POINT('Ctrl Pts',(19.9809828867127,2.70165398027809,-12.2000000003479));
#7925=CARTESIAN_POINT('Origin',(1.93950359628897,-20.7080353563196,5.89999999997267));
#7926=CARTESIAN_POINT('Ctrl Pts',(18.7266476651022,4.56407477356776,21.));
#7927=CARTESIAN_POINT('Ctrl Pts',(18.9056840691558,4.79739955799268,21.));
#7928=CARTESIAN_POINT('Ctrl Pts',(19.1673583132877,5.03420887817009,21.));
#7929=CARTESIAN_POINT('Ctrl Pts',(19.6557317570901,5.32998040126691,21.));
#7930=CARTESIAN_POINT('Ctrl Pts',(19.9663841293875,5.44774930999053,21.));
#7931=CARTESIAN_POINT('Ctrl Pts',(20.4958821557059,5.53370876337602,21.));
#7932=CARTESIAN_POINT('Ctrl Pts',(20.8072210228941,5.52401954704127,21.));
#7933=CARTESIAN_POINT('Ctrl Pts',(21.2988864092412,5.40282902333029,21.));
#7934=CARTESIAN_POINT('Ctrl Pts',(21.5662991900786,5.27552683624204,21.));
#7935=CARTESIAN_POINT('Ctrl Pts',(21.762104036572,5.12528049315055,21.));
#7936=CARTESIAN_POINT('Ctrl Pts',(21.7946059792671,5.10034087535889,21.));
#7937=CARTESIAN_POINT('Ctrl Pts',(21.8272442548487,5.07359238068321,21.));
#7938=CARTESIAN_POINT('Ctrl Pts',(21.859498754174,5.04520352335616,21.));
#7939=CARTESIAN_POINT('Origin',(20.6203812409782,3.63735837718142,-8.33213778006701));
#7940=CARTESIAN_POINT('Ctrl Pts',(21.8594987541892,5.04520352337646,-9.19999999999999));
#7941=CARTESIAN_POINT('Ctrl Pts',(21.4801926215927,4.57066555263318,-10.5113612096777));
#7942=CARTESIAN_POINT('Ctrl Pts',(20.8022638600581,3.72317061945579,-11.5942100009087));
#7943=CARTESIAN_POINT('Ctrl Pts',(19.9809828867127,2.70165398027809,-12.2000000003479));
#7944=CARTESIAN_POINT('Ctrl Pts',(21.3724851084097,5.46369056856702,-9.21647978447814));
#7945=CARTESIAN_POINT('Ctrl Pts',(20.9897709811783,4.98130778237619,-10.5362034175254));
#7946=CARTESIAN_POINT('Ctrl Pts',(20.3089211339851,4.12384439536223,-11.6175398561242));
#7947=CARTESIAN_POINT('Ctrl Pts',(19.4860991022473,3.09143520749052,-12.2172639420538));
#7948=CARTESIAN_POINT('Ctrl Pts',(20.1932375977714,5.80372867953215,-9.00865149902477));
#7949=CARTESIAN_POINT('Ctrl Pts',(19.8449767832447,5.35491776066089,-10.2198592220343));
#7950=CARTESIAN_POINT('Ctrl Pts',(19.2231990770494,4.55367107131511,-11.2126826987946));
#7951=CARTESIAN_POINT('Ctrl Pts',(18.4791596142136,3.59618122947695,-11.7567580945901));
#7952=CARTESIAN_POINT('Ctrl Pts',(19.2469252070582,5.24211366716431,-8.53482769837261));
#7953=CARTESIAN_POINT('Ctrl Pts',(18.9711881668633,4.88270665144184,-9.50750989459668));
#7954=CARTESIAN_POINT('Ctrl Pts',(18.4782735505368,4.2405223494127,-10.3089013739509));
#7955=CARTESIAN_POINT('Ctrl Pts',(17.8856315985535,3.46804129667449,-10.7536541167508));
#7956=CARTESIAN_POINT('Ctrl Pts',(18.9808776446892,4.8953937335025,-8.332137780067));
#7957=CARTESIAN_POINT('Ctrl Pts',(18.7349881429659,4.57494429594145,-9.20304695874937));
#7958=CARTESIAN_POINT('Ctrl Pts',(18.2957039132714,4.00245794191458,-9.92219508090553));
#7959=CARTESIAN_POINT('Ctrl Pts',(17.7650564354055,3.31090468472549,-10.3245160180905));
#7960=CARTESIAN_POINT('Ctrl Pts',(-12.9770997266259,7.04066787247189,-12.2000000001034));
#7961=CARTESIAN_POINT('Ctrl Pts',(-13.5060082250707,8.23994023547485,-11.5942100500394));
#7962=CARTESIAN_POINT('Ctrl Pts',(-13.9414893286883,9.23401843026697,-10.5113612593545));
#7963=CARTESIAN_POINT('Ctrl Pts',(-14.1850514630073,9.79055858388632,-9.19999999999596));
#7964=CARTESIAN_POINT('Ctrl Pts',(-12.3981958931723,7.28908227791074,-12.2172639418118));
#7965=CARTESIAN_POINT('Ctrl Pts',(-12.925773740776,8.49927488938155,-11.6175399047601));
#7966=CARTESIAN_POINT('Ctrl Pts',(-13.3614963706123,9.50373790435054,-10.536203467519));
#7967=CARTESIAN_POINT('Ctrl Pts',(-13.6063199873696,10.0687376220507,-9.21647978447408));
#7968=CARTESIAN_POINT('Ctrl Pts',(-11.2948973850225,7.51606025972772,-11.7568235937222));
#7969=CARTESIAN_POINT('Ctrl Pts',(-11.7657676728992,8.63349591830596,-11.2127482422671));
#7970=CARTESIAN_POINT('Ctrl Pts',(-12.1589947701481,9.5684075101725,-10.2198923411945));
#7971=CARTESIAN_POINT('Ctrl Pts',(-12.3792280800731,10.0920621191308,-9.00868457229847));
#7972=CARTESIAN_POINT('Ctrl Pts',(-10.7547901687734,7.23862435464294,-10.7536541165712));
#7973=CARTESIAN_POINT('Ctrl Pts',(-11.1273054970526,8.13817070436098,-10.3089014100197));
#7974=CARTESIAN_POINT('Ctrl Pts',(-11.4372149510252,8.88604885456679,-9.50750993144369));
#7975=CARTESIAN_POINT('Ctrl Pts',(-11.6105351053674,9.3045753865003,-8.53482769836961));
#7976=CARTESIAN_POINT('Ctrl Pts',(-10.6789934525192,7.05563489427864,-10.3245160179281));
#7977=CARTESIAN_POINT('Ctrl Pts',(-11.0125723751104,7.86096565332027,-9.9221951135345));
#7978=CARTESIAN_POINT('Ctrl Pts',(-11.2887180074519,8.52764018410916,-9.20304699174103));
#7979=CARTESIAN_POINT('Ctrl Pts',(-11.4432906160022,8.90081147204279,-8.33213778006433));
#7980=CARTESIAN_POINT('',(-14.1850514630073,9.79055858388631,-9.19999999999798));
#7981=CARTESIAN_POINT('Ctrl Pts',(-12.9770997266259,7.04066787247189,-12.2000000001034));
#7982=CARTESIAN_POINT('Ctrl Pts',(-13.5060082250707,8.23994023547485,-11.5942100500394));
#7983=CARTESIAN_POINT('Ctrl Pts',(-13.9414893286883,9.23401843026697,-10.5113612593545));
#7984=CARTESIAN_POINT('Ctrl Pts',(-14.1850514630073,9.79055858388632,-9.19999999999596));
#7985=CARTESIAN_POINT('Origin',(-13.3525329915798,8.10997738622114,-8.33213778006433));
#7986=CARTESIAN_POINT('Origin',(-1.60924237557754,-20.2408340858202,5.89999999997267));
#7987=CARTESIAN_POINT('',(-14.1850514629952,9.79055858385711,21.0000000000095));
#7988=CARTESIAN_POINT('Ctrl Pts',(-14.1850514629971,9.79055858386105,21.));
#7989=CARTESIAN_POINT('Ctrl Pts',(-14.1465484321398,9.80963203561644,21.));
#7990=CARTESIAN_POINT('Ctrl Pts',(-14.1080992589801,9.82702169011821,21.));
#7991=CARTESIAN_POINT('Ctrl Pts',(-14.0702499450643,9.84269938926864,21.));
#7992=CARTESIAN_POINT('Ctrl Pts',(-13.8422303718747,9.93714818897032,21.));
#7993=CARTESIAN_POINT('Ctrl Pts',(-13.5509812300824,9.9909011386374,21.));
#7994=CARTESIAN_POINT('Ctrl Pts',(-13.044702519895,9.98070982958701,21.));
#7995=CARTESIAN_POINT('Ctrl Pts',(-12.7414645136308,9.90948846557231,21.));
#7996=CARTESIAN_POINT('Ctrl Pts',(-12.2522566386835,9.68941383597817,21.));
#7997=CARTESIAN_POINT('Ctrl Pts',(-11.9826703257821,9.49525505515129,21.));
#7998=CARTESIAN_POINT('Ctrl Pts',(-11.587489106716,9.08316135393284,21.));
#7999=CARTESIAN_POINT('Ctrl Pts',(-11.3960219583541,8.78669483767339,21.));
#8000=CARTESIAN_POINT('Ctrl Pts',(-11.2834749697364,8.51498237134828,21.));
#8001=CARTESIAN_POINT('Origin',(-1.72566615899416,-20.2890583958941,5.89999999997267));
#8002=CARTESIAN_POINT('Origin',(0.300000000000005,-19.4499999999985,5.89999999997267));
#8003=CARTESIAN_POINT('',(-17.7805408229866,7.71470183403167,-9.19999999999999));
#8004=CARTESIAN_POINT('Origin',(0.300000000000102,-19.4499999999988,-9.19999999999768));
#8005=CARTESIAN_POINT('',(-17.7805408229685,7.71470183400806,21.0000000000095));
#8006=CARTESIAN_POINT('Origin',(2.0394789656013,-18.1152508446709,5.89999999997267));
#8007=CARTESIAN_POINT('Origin',(0.299999999999339,-19.4499999999973,21.0000000000074));
#8008=CARTESIAN_POINT('Origin',(0.300000000000007,-19.4499999999985,-6.61610715701999));
#8009=CARTESIAN_POINT('Ctrl Pts',(-17.7805408229866,7.71470183403167,-9.19999999999999));
#8010=CARTESIAN_POINT('Ctrl Pts',(-17.4203439925311,7.22550078003418,-10.5113612096777));
#8011=CARTESIAN_POINT('Ctrl Pts',(-16.7771876236338,6.35132405154955,-11.5942100009087));
#8012=CARTESIAN_POINT('Ctrl Pts',(-16.0030414771502,5.29363958764713,-12.2000000003479));
#8013=CARTESIAN_POINT('Origin',(1.93950359628897,-18.1919646436774,5.89999999997267));
#8014=CARTESIAN_POINT('Ctrl Pts',(-18.1266476651022,4.56407477356777,21.));
#8015=CARTESIAN_POINT('Ctrl Pts',(-18.3056840691558,4.79739955799269,21.));
#8016=CARTESIAN_POINT('Ctrl Pts',(-18.4666980294269,5.11144823059403,21.));
#8017=CARTESIAN_POINT('Ctrl Pts',(-18.6259910338886,5.659732056013,21.));
#8018=CARTESIAN_POINT('Ctrl Pts',(-18.6593443140018,5.99028004191161,21.));
#8019=CARTESIAN_POINT('Ctrl Pts',(-18.6053305964852,6.52398380414443,21.));
#8020=CARTESIAN_POINT('Ctrl Pts',(-18.515391103882,6.82220630296952,21.));
#8021=CARTESIAN_POINT('Ctrl Pts',(-18.2710776813237,7.26575218191222,21.));
#8022=CARTESIAN_POINT('Ctrl Pts',(-18.0789016904875,7.49110486270123,21.));
#8023=CARTESIAN_POINT('Ctrl Pts',(-17.8830968439941,7.64135120579272,21.));
#8024=CARTESIAN_POINT('Ctrl Pts',(-17.8505949012991,7.66629082358438,21.));
#8025=CARTESIAN_POINT('Ctrl Pts',(-17.8163104321576,7.69089395704429,21.));
#8026=CARTESIAN_POINT('Ctrl Pts',(-17.780540822971,7.71470183401172,21.));
#8027=CARTESIAN_POINT('Origin',(-16.7413740484002,6.1534290898236,-8.332137780067));
#8028=CARTESIAN_POINT('Ctrl Pts',(-17.7805408229866,7.71470183403167,-9.19999999999999));
#8029=CARTESIAN_POINT('Ctrl Pts',(-17.4203439925311,7.22550078003418,-10.5113612096777));
#8030=CARTESIAN_POINT('Ctrl Pts',(-16.7771876236338,6.35132405154955,-11.5942100009087));
#8031=CARTESIAN_POINT('Ctrl Pts',(-16.0030414771502,5.29363958764713,-12.2000000003479));
#8032=CARTESIAN_POINT('Ctrl Pts',(-18.3108166746562,7.35259519324197,-9.21647978447813));
#8033=CARTESIAN_POINT('Ctrl Pts',(-17.9439243882744,6.85807188156769,-10.5362034175254));
#8034=CARTESIAN_POINT('Ctrl Pts',(-17.2918952649691,5.97849357530154,-11.6175398561242));
#8035=CARTESIAN_POINT('Ctrl Pts',(-16.5076265796494,4.91650136424633,-12.2172639420538));
#8036=CARTESIAN_POINT('Ctrl Pts',(-18.9445179142011,6.30155025199263,-9.00866675107385));
#8037=CARTESIAN_POINT('Ctrl Pts',(-18.6011363880052,5.84899532350304,-10.2198744740833));
#8038=CARTESIAN_POINT('Ctrl Pts',(-17.9881071465694,5.04101182197722,-11.212712904429));
#8039=CARTESIAN_POINT('Ctrl Pts',(-17.2558145632183,4.07450828248601,-11.7567883002246));
#8040=CARTESIAN_POINT('Ctrl Pts',(-18.6469252070582,5.24211366716432,-8.53482769837261));
#8041=CARTESIAN_POINT('Ctrl Pts',(-18.371130685865,4.88275075816311,-9.50750989459668));
#8042=CARTESIAN_POINT('Ctrl Pts',(-17.8784039736123,4.24042227226703,-10.3089013739509));
#8043=CARTESIAN_POINT('Ctrl Pts',(-17.2856315985535,3.4680412966745,-10.7536541167508));
#8044=CARTESIAN_POINT('Ctrl Pts',(-18.3808776446892,4.89539373350251,-8.332137780067));
#8045=CARTESIAN_POINT('Ctrl Pts',(-18.1349881429659,4.57494429594146,-9.20304695874937));
#8046=CARTESIAN_POINT('Ctrl Pts',(-17.6957039132714,4.00245794191459,-9.92219508090553));
#8047=CARTESIAN_POINT('Ctrl Pts',(-17.1650564354055,3.3109046847255,-10.3245160180905));
#8048=CARTESIAN_POINT('Origin',(0.300000000000002,-19.4499999999985,-8.2));
#8049=CARTESIAN_POINT('Ctrl Pts',(-29.2801412043116,-17.7029717155876,-12.2));
#8050=CARTESIAN_POINT('Ctrl Pts',(-29.2652513038369,-17.4508605377157,-12.2000000000014));
#8051=CARTESIAN_POINT('Ctrl Pts',(-29.2472118402617,-17.2018826415975,-12.1506805290979));
#8052=CARTESIAN_POINT('Ctrl Pts',(-29.2072671700538,-16.7265959981883,-11.9577812143477));
#8053=CARTESIAN_POINT('Ctrl Pts',(-29.1858133606273,-16.5072889643014,-11.813400715776));
#8054=CARTESIAN_POINT('Ctrl Pts',(-29.144418309446,-16.117728282613,-11.438474457218));
#8055=CARTESIAN_POINT('Ctrl Pts',(-29.1253508278298,-15.9571643423287,-11.2081057256694));
#8056=CARTESIAN_POINT('Ctrl Pts',(-29.0996009387092,-15.7474705605872,-10.7593847728526));
#8057=CARTESIAN_POINT('Ctrl Pts',(-29.0912339416826,-15.6825079215055,-10.554045545846));
#8058=CARTESIAN_POINT('Ctrl Pts',(-29.0805967798845,-15.6004479413618,-10.1382195224452));
#8059=CARTESIAN_POINT('Ctrl Pts',(-29.0781835929653,-15.5822887554036,-9.93032043425925));
#8060=CARTESIAN_POINT('Ctrl Pts',(-29.0781835929653,-15.5822887554036,-9.72149387397845));
#8061=CARTESIAN_POINT('Ctrl Pts',(-28.7243865266415,-25.4184041612812,-12.2000000001034));
#8062=CARTESIAN_POINT('Ctrl Pts',(-30.0196862673349,-25.6188960118625,-11.5942100500394));
#8063=CARTESIAN_POINT('Ctrl Pts',(-31.0926028724339,-25.7822520875743,-10.5113612593545));
#8064=CARTESIAN_POINT('Ctrl Pts',(-31.6932178992093,-25.8734718522982,-9.19999999999596));
#8065=CARTESIAN_POINT('Ctrl Pts',(-28.8145050790965,-24.7949316184052,-12.2172639418118));
#8066=CARTESIAN_POINT('Ctrl Pts',(-30.1200085720344,-24.9913117906926,-11.6175399047601));
#8067=CARTESIAN_POINT('Ctrl Pts',(-31.2030186547289,-25.152213373575,-10.536203467519));
#8068=CARTESIAN_POINT('Ctrl Pts',(-31.8121314886092,-25.2424621404681,-9.21647978447408));
#8069=CARTESIAN_POINT('Ctrl Pts',(-28.7479312880684,-23.6707910003758,-11.756346306964));
#8070=CARTESIAN_POINT('Ctrl Pts',(-29.9491614481809,-23.8364031421513,-11.2122709555089));
#8071=CARTESIAN_POINT('Ctrl Pts',(-30.9536926245472,-23.9742341716789,-10.2196513397656));
#8072=CARTESIAN_POINT('Ctrl Pts',(-31.5165047103699,-24.0514314276905,-9.00844357086961));
#8073=CARTESIAN_POINT('Ctrl Pts',(-28.3404217675663,-23.2205830576551,-10.7536541165712));
#8074=CARTESIAN_POINT('Ctrl Pts',(-29.3057308802543,-23.347585506669,-10.3089014100197));
#8075=CARTESIAN_POINT('Ctrl Pts',(-30.1083361694008,-23.453369943383,-9.50750993144368));
#8076=CARTESIAN_POINT('Ctrl Pts',(-30.5574603124264,-23.5124617193334,-8.53482769836961));
#8077=CARTESIAN_POINT('Ctrl Pts',(-28.1440498881389,-23.1947302092725,-10.3245160179281));
#8078=CARTESIAN_POINT('Ctrl Pts',(-29.0082762452135,-23.3085077676622,-9.9221951135345));
#8079=CARTESIAN_POINT('Ctrl Pts',(-29.7237061411035,-23.4026959003049,-9.20304699174102));
#8080=CARTESIAN_POINT('Ctrl Pts',(-30.1241682606922,-23.4554177385378,-8.33213778006432));
#8081=CARTESIAN_POINT('',(-29.0781835928854,-23.3177112445829,-9.72149387411602));
#8082=CARTESIAN_POINT('Ctrl Pts',(-28.7243865268603,-25.4184041613262,-12.2));
#8083=CARTESIAN_POINT('Ctrl Pts',(-28.7752551617575,-25.171029673701,-12.2000000000014));
#8084=CARTESIAN_POINT('Ctrl Pts',(-28.8222705993226,-24.9258665369286,-12.1506805290979));
#8085=CARTESIAN_POINT('Ctrl Pts',(-28.9067002459434,-24.4564364517693,-11.9577812143477));
#8086=CARTESIAN_POINT('Ctrl Pts',(-28.9427382944409,-24.2390494693816,-11.813400715776));
#8087=CARTESIAN_POINT('Ctrl Pts',(-29.0035794690684,-23.8520489184133,-11.438474457218));
#8088=CARTESIAN_POINT('Ctrl Pts',(-29.0267187018354,-23.6920210343375,-11.2081057256695));
#8089=CARTESIAN_POINT('Ctrl Pts',(-29.0561189632639,-23.4828078332274,-10.7593847728526));
#8090=CARTESIAN_POINT('Ctrl Pts',(-29.064850632962,-23.4178932042137,-10.554045545846));
#8091=CARTESIAN_POINT('Ctrl Pts',(-29.0758146093646,-23.335876250029,-10.1382195224452));
#8092=CARTESIAN_POINT('Ctrl Pts',(-29.0781835929653,-23.3177112445935,-9.93032043425927));
#8093=CARTESIAN_POINT('Ctrl Pts',(-29.0781835929653,-23.3177112445935,-9.72149387397846));
#8094=CARTESIAN_POINT('',(-31.6932178992093,-25.8734718522982,-9.19999999999798));
#8095=CARTESIAN_POINT('Ctrl Pts',(-28.7243865266415,-25.4184041612812,-12.2000000001034));
#8096=CARTESIAN_POINT('Ctrl Pts',(-30.0196862673349,-25.6188960118625,-11.5942100500394));
#8097=CARTESIAN_POINT('Ctrl Pts',(-31.0926028724339,-25.7822520875743,-10.5113612593545));
#8098=CARTESIAN_POINT('Ctrl Pts',(-31.6932178992093,-25.8734718522982,-9.19999999999596));
#8099=CARTESIAN_POINT('',(-30.124168260691,-23.4554177385377,-8.332137780067));
#8100=CARTESIAN_POINT('Origin',(-29.8544294814036,-25.5042871806806,-8.33213778006432));
#8101=CARTESIAN_POINT('Ctrl Pts',(-29.0766629947293,-23.3175110540379,-9.7196963138957));
#8102=CARTESIAN_POINT('Ctrl Pts',(-29.5179793734498,-23.3756114575226,-9.3387356493706));
#8103=CARTESIAN_POINT('Ctrl Pts',(-29.8797425762346,-23.4232384867045,-8.86370511128349));
#8104=CARTESIAN_POINT('Ctrl Pts',(-30.124168260691,-23.4554177385377,-8.332137780067));
#8105=CARTESIAN_POINT('Origin',(0.569738779288587,-21.4988694421412,5.89999999997267));
#8106=CARTESIAN_POINT('',(-31.6932178991779,-25.873471852294,21.0000000000095));
#8107=CARTESIAN_POINT('',(-29.7101226348385,-23.4009075977791,21.));
#8108=CARTESIAN_POINT('Ctrl Pts',(-31.6932178991823,-25.8734718522949,21.));
#8109=CARTESIAN_POINT('Ctrl Pts',(-31.7016761211492,-25.8313442078292,21.));
#8110=CARTESIAN_POINT('Ctrl Pts',(-31.7085218592606,-25.789704384702,21.));
#8111=CARTESIAN_POINT('Ctrl Pts',(-31.7138692304813,-25.7490870677599,21.));
#8112=CARTESIAN_POINT('Ctrl Pts',(-31.7460839571775,-25.5043919249668,21.));
#8113=CARTESIAN_POINT('Ctrl Pts',(-31.7226244947345,-25.2091545699208,21.));
#8114=CARTESIAN_POINT('Ctrl Pts',(-31.5817458737926,-24.7227645933272,21.));
#8115=CARTESIAN_POINT('Ctrl Pts',(-31.4344675476872,-24.4482926169894,21.));
#8116=CARTESIAN_POINT('Ctrl Pts',(-31.0952754642007,-24.0327136016367,21.));
#8117=CARTESIAN_POINT('Ctrl Pts',(-30.8379584113214,-23.8225652098431,21.));
#8118=CARTESIAN_POINT('Ctrl Pts',(-30.3376260367023,-23.5475071625249,21.));
#8119=CARTESIAN_POINT('Ctrl Pts',(-30.0017060275098,-23.4392952796793,21.));
#8120=CARTESIAN_POINT('Ctrl Pts',(-29.7101226348385,-23.4009075977791,21.));
#8121=CARTESIAN_POINT('Origin',(0.300000000000002,-19.4499999999985,5.89999999997267));
#8122=CARTESIAN_POINT('Origin',(0.586187193392878,-21.6238075512217,5.89999999997267));
#8123=CARTESIAN_POINT('Origin',(0.300000000000001,-19.4499999999985,5.89999999997267));
#8124=CARTESIAN_POINT('',(-30.6186753756743,-29.8837191450168,-9.19999999999999));
#8125=CARTESIAN_POINT('Origin',(0.300000000000256,-19.4499999999985,-9.19999999999768));
#8126=CARTESIAN_POINT('',(-30.6186753756468,-29.8837191450054,21.0000000000095));
#8127=CARTESIAN_POINT('Origin',(-0.539058395895601,-17.4243338410044,5.89999999997267));
#8128=CARTESIAN_POINT('Origin',(0.29999999999863,-19.4499999999988,21.0000000000074));
#8129=CARTESIAN_POINT('Origin',(0.3,-19.4499999999985,-6.61610715701999));
#8130=CARTESIAN_POINT('Ctrl Pts',(-30.6186753756743,-29.8837191450168,-9.19999999999999));
#8131=CARTESIAN_POINT('Ctrl Pts',(-30.0529176436628,-29.662410273591,-10.5113612096777));
#8132=CARTESIAN_POINT('Ctrl Pts',(-29.0420666476291,-29.2674225126481,-11.5942100009087));
#8133=CARTESIAN_POINT('Ctrl Pts',(-27.8200581414783,-28.7934036394044,-12.2000000003479));
#8134=CARTESIAN_POINT('Origin',(-0.490834085821648,-17.540757624421,5.89999999997267));
#8135=CARTESIAN_POINT('',(-27.6649823713468,-31.0334749697349,21.));
#8136=CARTESIAN_POINT('Ctrl Pts',(-27.6649823713468,-31.0334749697349,21.));
#8137=CARTESIAN_POINT('Ctrl Pts',(-27.9366948376719,-31.1460219583526,21.));
#8138=CARTESIAN_POINT('Ctrl Pts',(-28.2817160406949,-31.2202677234132,21.));
#8139=CARTESIAN_POINT('Ctrl Pts',(-28.8525456111099,-31.2322266542299,21.));
#8140=CARTESIAN_POINT('Ctrl Pts',(-29.1804629116272,-31.1788913348118,21.));
#8141=CARTESIAN_POINT('Ctrl Pts',(-29.6820013803654,-30.9885853919799,21.));
#8142=CARTESIAN_POINT('Ctrl Pts',(-29.9467841403685,-30.8245248508971,21.));
#8143=CARTESIAN_POINT('Ctrl Pts',(-30.311983593251,-30.4737380854919,21.));
#8144=CARTESIAN_POINT('Ctrl Pts',(-30.4799187612088,-30.2297847670974,21.));
#8145=CARTESIAN_POINT('Ctrl Pts',(-30.5743675609105,-30.0017651939078,21.));
#8146=CARTESIAN_POINT('Ctrl Pts',(-30.5900452600609,-29.963915879992,21.));
#8147=CARTESIAN_POINT('Ctrl Pts',(-30.6049365885124,-29.9244318662991,21.));
#8148=CARTESIAN_POINT('Ctrl Pts',(-30.618675375651,-29.8837191450068,21.));
#8149=CARTESIAN_POINT('',(-28.0508114720413,-31.1932906160008,-8.33213778006432));
#8150=CARTESIAN_POINT('Origin',(-28.8416455578618,-29.2840482404228,-8.332137780067));
#8151=CARTESIAN_POINT('Origin',(0.300000000000001,-19.4499999999985,5.89999999997267));
#8152=CARTESIAN_POINT('Ctrl Pts',(-30.6186753756743,-29.8837191450168,-9.19999999999999));
#8153=CARTESIAN_POINT('Ctrl Pts',(-30.0529176436628,-29.662410273591,-10.5113612096777));
#8154=CARTESIAN_POINT('Ctrl Pts',(-29.0420666476291,-29.2674225126481,-11.5942100009087));
#8155=CARTESIAN_POINT('Ctrl Pts',(-27.8200581414783,-28.7934036394044,-12.2000000003479));
#8156=CARTESIAN_POINT('Ctrl Pts',(-30.4061527090348,-30.4896463801963,-9.21647978447813));
#8157=CARTESIAN_POINT('Ctrl Pts',(-29.8335211593698,-30.2632476966224,-10.5362034175254));
#8158=CARTESIAN_POINT('Ctrl Pts',(-28.8151562020308,-29.8610875442498,-11.6175398561242));
#8159=CARTESIAN_POINT('Ctrl Pts',(-27.5863668258165,-29.3784059763214,-12.2172639420538));
#8160=CARTESIAN_POINT('Ctrl Pts',(-29.5545995333391,-31.3732688971471,-9.00843128129265));
#8161=CARTESIAN_POINT('Ctrl Pts',(-29.0285913613807,-31.1587176471721,-10.2196390043021));
#8162=CARTESIAN_POINT('Ctrl Pts',(-28.0897402116434,-30.7758238068345,-11.2122465727186));
#8163=CARTESIAN_POINT('Ctrl Pts',(-26.9666382144904,-30.318633011355,-11.7563219685141));
#8164=CARTESIAN_POINT('Ctrl Pts',(-28.4545753864975,-31.3605351053654,-8.5348276983726));
#8165=CARTESIAN_POINT('Ctrl Pts',(-28.0360765970632,-31.1871480195489,-9.50750989459664));
#8166=CARTESIAN_POINT('Ctrl Pts',(-27.2881078664133,-30.8774574082433,-10.3089013739509));
#8167=CARTESIAN_POINT('Ctrl Pts',(-26.3886243542782,-30.5047901686215,-10.7536541167508));
#8168=CARTESIAN_POINT('Ctrl Pts',(-28.0508114720402,-31.1932906160003,-8.332137780067));
#8169=CARTESIAN_POINT('Ctrl Pts',(-27.6776401982434,-31.0387180133056,-9.20304695874933));
#8170=CARTESIAN_POINT('Ctrl Pts',(-27.0109657188327,-30.7625724022457,-9.92219508090552));
#8171=CARTESIAN_POINT('Ctrl Pts',(-26.2056348939521,-30.428993452383,-10.3245160180905));
#8172=CARTESIAN_POINT('',(-27.0761089275978,-30.7895556028127,-9.72149387998249));
#8173=CARTESIAN_POINT('Ctrl Pts',(-27.0761089308486,-30.7895556041593,-9.72149387397846));
#8174=CARTESIAN_POINT('Ctrl Pts',(-27.0761089308486,-30.7895556041593,-10.2362781352505));
#8175=CARTESIAN_POINT('Ctrl Pts',(-27.1179329900967,-30.6885526088849,-10.6052976438343));
#8176=CARTESIAN_POINT('Ctrl Pts',(-27.2022308696346,-30.4807804108174,-11.1391214189022));
#8177=CARTESIAN_POINT('Ctrl Pts',(-27.2647121027943,-30.3252143538461,-11.3947480603495));
#8178=CARTESIAN_POINT('Ctrl Pts',(-27.4103056479835,-29.9481490590494,-11.7940289534004));
#8179=CARTESIAN_POINT('Ctrl Pts',(-27.4877728494099,-29.7425026129726,-11.9428382850345));
#8180=CARTESIAN_POINT('Ctrl Pts',(-27.6524211527038,-29.2865366155821,-12.1469020506155));
#8181=CARTESIAN_POINT('Ctrl Pts',(-27.7374245766693,-29.0420989498958,-12.200000000005));
#8182=CARTESIAN_POINT('Ctrl Pts',(-27.8200581421919,-28.7934036396415,-12.2));
#8183=CARTESIAN_POINT('Ctrl Pts',(-28.0508114720413,-31.1932906160008,-8.33213778006432));
#8184=CARTESIAN_POINT('Ctrl Pts',(-27.8230429900057,-31.0989458216605,-8.86370512071606));
#8185=CARTESIAN_POINT('Ctrl Pts',(-27.4859333381357,-30.9593104318491,-9.3387356580884));
#8186=CARTESIAN_POINT('Ctrl Pts',(-27.0746919513258,-30.7889686720233,-9.719696314227));
#8187=CARTESIAN_POINT('Origin',(0.300000000000002,-19.4499999999985,-8.2));
#8188=CARTESIAN_POINT('Ctrl Pts',(-26.1906678726701,-32.7270997267245,-12.2));
#8189=CARTESIAN_POINT('Ctrl Pts',(-26.3038284295352,-32.5013200918721,-12.2000000000014));
#8190=CARTESIAN_POINT('Ctrl Pts',(-26.4126947438675,-32.2766791770653,-12.1506805290979));
#8191=CARTESIAN_POINT('Ctrl Pts',(-26.6157449664262,-31.8450965346896,-11.9577812143477));
#8192=CARTESIAN_POINT('Ctrl Pts',(-26.7068189393984,-31.6444441674017,-11.813400715776));
#8193=CARTESIAN_POINT('Ctrl Pts',(-26.8657501143286,-31.2863771951533,-11.438474457218));
#8194=CARTESIAN_POINT('Ctrl Pts',(-26.929519161005,-31.1377910031272,-11.2081057256694));
#8195=CARTESIAN_POINT('Ctrl Pts',(-27.0120659937526,-30.9433159165632,-10.7593847728526));
#8196=CARTESIAN_POINT('Ctrl Pts',(-27.0373012813151,-30.8828731223082,-10.554045545846));
#8197=CARTESIAN_POINT('Ctrl Pts',(-27.0691192190456,-30.8064885139707,-10.1382195224452));
#8198=CARTESIAN_POINT('Ctrl Pts',(-27.0761089308487,-30.7895556041593,-9.93032043425927));
#8199=CARTESIAN_POINT('Ctrl Pts',(-27.0761089308487,-30.7895556041593,-9.72149387397845));
#8200=CARTESIAN_POINT('Origin',(0.300000000000002,-19.4499999999985,-8.2));
#8201=CARTESIAN_POINT('Ctrl Pts',(-29.0781835929653,-23.3177112445935,-9.72149387397845));
#8202=CARTESIAN_POINT('Ctrl Pts',(-29.0781835929653,-23.3177112445935,-10.2362781352513));
#8203=CARTESIAN_POINT('Ctrl Pts',(-29.0924410331639,-23.2093249798482,-10.605297643835));
#8204=CARTESIAN_POINT('Ctrl Pts',(-29.1200911302083,-22.9868145510641,-11.1391214189022));
#8205=CARTESIAN_POINT('Ctrl Pts',(-29.1401799086599,-22.8203779458384,-11.3947480603495));
#8206=CARTESIAN_POINT('Ctrl Pts',(-29.1832207945585,-22.418478457058,-11.7940289534004));
#8207=CARTESIAN_POINT('Ctrl Pts',(-29.2048231483043,-22.1997892566079,-11.9428382850345));
#8208=CARTESIAN_POINT('Ctrl Pts',(-29.2458485126668,-21.7167458071824,-12.1469020506155));
#8209=CARTESIAN_POINT('Ctrl Pts',(-29.264690391978,-21.4586366479571,-12.200000000005));
#8210=CARTESIAN_POINT('Ctrl Pts',(-29.2801412043131,-21.1970282843835,-12.2));
#8211=CARTESIAN_POINT('Ctrl Pts',(-26.1906678724704,-32.7270997266244,-12.2000000001034));
#8212=CARTESIAN_POINT('Ctrl Pts',(-27.3899402354734,-33.2560082250692,-11.5942100500394));
#8213=CARTESIAN_POINT('Ctrl Pts',(-28.3840184302655,-33.6914893286868,-10.5113612593545));
#8214=CARTESIAN_POINT('Ctrl Pts',(-28.9405585838848,-33.9350514630058,-9.19999999999595));
#8215=CARTESIAN_POINT('Ctrl Pts',(-26.4390822779093,-32.1481958931708,-12.2172639418118));
#8216=CARTESIAN_POINT('Ctrl Pts',(-27.6492748893801,-32.6757737407746,-11.6175399047601));
#8217=CARTESIAN_POINT('Ctrl Pts',(-28.6537379043491,-33.1114963706108,-10.536203467519));
#8218=CARTESIAN_POINT('Ctrl Pts',(-29.2187376220493,-33.3563199873682,-9.21647978447408));
#8219=CARTESIAN_POINT('Ctrl Pts',(-26.6656977678769,-31.0451483759333,-11.7563060949897));
#8220=CARTESIAN_POINT('Ctrl Pts',(-27.7831334264552,-31.51601866381,-11.2122307435346));
#8221=CARTESIAN_POINT('Ctrl Pts',(-28.7177389550849,-31.9091365267407,-10.21963103511));
#8222=CARTESIAN_POINT('Ctrl Pts',(-29.2413935640433,-32.1293698366657,-9.00842326621403));
#8223=CARTESIAN_POINT('Ctrl Pts',(-26.3886243546415,-30.5047901687719,-10.7536541165712));
#8224=CARTESIAN_POINT('Ctrl Pts',(-27.2881707043595,-30.8773054970512,-10.3089014100197));
#8225=CARTESIAN_POINT('Ctrl Pts',(-28.0360488545653,-31.1872149510237,-9.50750993144368));
#8226=CARTESIAN_POINT('Ctrl Pts',(-28.4545753864988,-31.3605351053659,-8.53482769836961));
#8227=CARTESIAN_POINT('Ctrl Pts',(-26.2056348942772,-30.4289934525177,-10.3245160179281));
#8228=CARTESIAN_POINT('Ctrl Pts',(-27.0109656533188,-30.762572375109,-9.92219511353448));
#8229=CARTESIAN_POINT('Ctrl Pts',(-27.6776401841077,-31.0387180074504,-9.20304699174102));
#8230=CARTESIAN_POINT('Ctrl Pts',(-28.0508114720413,-31.1932906160008,-8.33213778006432));
#8231=CARTESIAN_POINT('Ctrl Pts',(-26.1906678724704,-32.7270997266244,-12.2000000001034));
#8232=CARTESIAN_POINT('Ctrl Pts',(-27.3899402354734,-33.2560082250692,-11.5942100500394));
#8233=CARTESIAN_POINT('Ctrl Pts',(-28.3840184302655,-33.6914893286868,-10.5113612593545));
#8234=CARTESIAN_POINT('Ctrl Pts',(-28.9405585838848,-33.9350514630058,-9.19999999999595));
#8235=CARTESIAN_POINT('Origin',(-27.2599773862197,-33.1025329915783,-8.33213778006432));
#8236=CARTESIAN_POINT('Origin',(1.09083408582165,-21.3592423755761,5.89999999997267));
#8237=CARTESIAN_POINT('Ctrl Pts',(-28.9405585838596,-33.9350514629957,21.));
#8238=CARTESIAN_POINT('Ctrl Pts',(-28.959632035615,-33.8965484321383,21.));
#8239=CARTESIAN_POINT('Ctrl Pts',(-28.9770216901167,-33.8580992589787,21.));
#8240=CARTESIAN_POINT('Ctrl Pts',(-28.9926993892672,-33.8202499450629,21.));
#8241=CARTESIAN_POINT('Ctrl Pts',(-29.0871481889688,-33.5922303718732,21.));
#8242=CARTESIAN_POINT('Ctrl Pts',(-29.1409011386359,-33.3009812300809,21.));
#8243=CARTESIAN_POINT('Ctrl Pts',(-29.1307098295855,-32.7947025198935,21.));
#8244=CARTESIAN_POINT('Ctrl Pts',(-29.0594884655708,-32.4914645136293,21.));
#8245=CARTESIAN_POINT('Ctrl Pts',(-28.8394138359767,-32.002256638682,21.));
#8246=CARTESIAN_POINT('Ctrl Pts',(-28.6452550551498,-31.7326703257807,21.));
#8247=CARTESIAN_POINT('Ctrl Pts',(-28.2331613539314,-31.3374891067146,21.));
#8248=CARTESIAN_POINT('Ctrl Pts',(-27.9366948376719,-31.1460219583526,21.));
#8249=CARTESIAN_POINT('Ctrl Pts',(-27.6649823713468,-31.0334749697349,21.));
#8250=CARTESIAN_POINT('Origin',(0.3,-19.4499999999985,-6.61610715701999));
#8251=CARTESIAN_POINT('Ctrl Pts',(-26.8647018340302,-37.5305408229852,-9.19999999999999));
#8252=CARTESIAN_POINT('Ctrl Pts',(-26.3755007800327,-37.1703439925296,-10.5113612096777));
#8253=CARTESIAN_POINT('Ctrl Pts',(-25.5013240515481,-36.5271876236324,-11.5942100009087));
#8254=CARTESIAN_POINT('Ctrl Pts',(-24.4436395876456,-35.7530414771487,-12.2000000003479));
#8255=CARTESIAN_POINT('Ctrl Pts',(-26.8647018340302,-37.5305408229852,-9.19999999999999));
#8256=CARTESIAN_POINT('Ctrl Pts',(-26.3755007800327,-37.1703439925296,-10.5113612096777));
#8257=CARTESIAN_POINT('Ctrl Pts',(-25.5013240515481,-36.5271876236324,-11.5942100009087));
#8258=CARTESIAN_POINT('Ctrl Pts',(-24.4436395876456,-35.7530414771487,-12.2000000003479));
#8259=CARTESIAN_POINT('Ctrl Pts',(-26.5025951932405,-38.0608166746547,-9.21647978447813));
#8260=CARTESIAN_POINT('Ctrl Pts',(-26.0080718815662,-37.693924388273,-10.5362034175254));
#8261=CARTESIAN_POINT('Ctrl Pts',(-25.1284935753001,-37.0418952649676,-11.6175398561242));
#8262=CARTESIAN_POINT('Ctrl Pts',(-24.0665013642448,-36.2576265796479,-12.2172639420538));
#8263=CARTESIAN_POINT('Ctrl Pts',(-25.4513487334833,-38.6938987570464,-9.00841779200704));
#8264=CARTESIAN_POINT('Ctrl Pts',(-24.9987938049937,-38.3505172308505,-10.2196255150165));
#8265=CARTESIAN_POINT('Ctrl Pts',(-24.1910462339121,-37.737688487193,-11.212219858116));
#8266=CARTESIAN_POINT('Ctrl Pts',(-23.2245426944209,-37.0053959038418,-11.7562952539115));
#8267=CARTESIAN_POINT('Ctrl Pts',(-24.3921136671628,-38.3969252070567,-8.5348276983726));
#8268=CARTESIAN_POINT('Ctrl Pts',(-24.0327507581616,-38.1211306858635,-9.50750989459667));
#8269=CARTESIAN_POINT('Ctrl Pts',(-23.3904222722655,-37.6284039736109,-10.3089013739509));
#8270=CARTESIAN_POINT('Ctrl Pts',(-22.618041296673,-37.0356315985521,-10.7536541167508));
#8271=CARTESIAN_POINT('Ctrl Pts',(-24.045393733501,-38.1308776446877,-8.332137780067));
#8272=CARTESIAN_POINT('Ctrl Pts',(-23.72494429594,-37.8849881429645,-9.20304695874936));
#8273=CARTESIAN_POINT('Ctrl Pts',(-23.1524579419131,-37.44570391327,-9.92219508090552));
#8274=CARTESIAN_POINT('Ctrl Pts',(-22.460904684724,-36.915056435404,-10.3245160180905));
#8275=CARTESIAN_POINT('Ctrl Pts',(-9.04340363959722,-47.5700581419702,-12.2000000001034));
#8276=CARTESIAN_POINT('Ctrl Pts',(-9.51742247408871,-48.7920665482167,-11.5942100500394));
#8277=CARTESIAN_POINT('Ctrl Pts',(-9.9124102652093,-49.8029176222305,-10.5113612593545));
#8278=CARTESIAN_POINT('Ctrl Pts',(-10.1337191450189,-50.3686753756746,-9.19999999999596));
#8279=CARTESIAN_POINT('Ctrl Pts',(-9.6284059765174,-47.3363668263105,-12.2172639418118));
#8280=CARTESIAN_POINT('Ctrl Pts',(-10.1110875049859,-48.5651561020677,-11.6175399047601));
#8281=CARTESIAN_POINT('Ctrl Pts',(-10.5132476880479,-49.5835211376771,-10.536203467519));
#8282=CARTESIAN_POINT('Ctrl Pts',(-10.7396463801984,-50.1561527090351,-9.21647978447408));
#8283=CARTESIAN_POINT('Ctrl Pts',(-10.5686330115411,-46.7166382149424,-11.7563219682945));
#8284=CARTESIAN_POINT('Ctrl Pts',(-11.0258237696445,-47.8397401202796,-11.2122466168394));
#8285=CARTESIAN_POINT('Ctrl Pts',(-11.4087176390463,-48.7785913414541,-10.2196390501849));
#8286=CARTESIAN_POINT('Ctrl Pts',(-11.6232688971492,-49.3045995333392,-9.00843128128893));
#8287=CARTESIAN_POINT('Ctrl Pts',(-10.7547901687734,-46.13862435464,-10.7536541165712));
#8288=CARTESIAN_POINT('Ctrl Pts',(-11.1274573779284,-47.0381077932394,-10.3089014100197));
#8289=CARTESIAN_POINT('Ctrl Pts',(-11.4371480129824,-47.786076581209,-9.50750993144365));
#8290=CARTESIAN_POINT('Ctrl Pts',(-11.6105351053674,-48.2045753864974,-8.53482769836961));
#8291=CARTESIAN_POINT('Ctrl Pts',(-10.6789934525192,-45.9556348942757,-10.3245160179281));
#8292=CARTESIAN_POINT('Ctrl Pts',(-11.0125723751104,-46.7609656533173,-9.9221951135345));
#8293=CARTESIAN_POINT('Ctrl Pts',(-11.2887180074519,-47.4276401841062,-9.20304699174099));
#8294=CARTESIAN_POINT('Ctrl Pts',(-11.4432906160022,-47.8008114720399,-8.33213778006433));
#8295=CARTESIAN_POINT('',(-11.0395556041299,-46.8261089307727,-9.72149387411602));
#8296=CARTESIAN_POINT('Ctrl Pts',(-9.04340363966766,-47.5700581421822,-12.2));
#8297=CARTESIAN_POINT('Ctrl Pts',(-9.28307054764779,-47.4904244284464,-12.2000000000014));
#8298=CARTESIAN_POINT('Ctrl Pts',(-9.51889577094675,-47.4085594233616,-12.1506805290979));
#8299=CARTESIAN_POINT('Ctrl Pts',(-9.96764897330576,-47.2469625995881,-11.9577812143477));
#8300=CARTESIAN_POINT('Ctrl Pts',(-10.1739306467544,-47.1694789738959,-11.813400715776));
#8301=CARTESIAN_POINT('Ctrl Pts',(-10.5395035424853,-47.0286687012352,-11.438474457218));
#8302=CARTESIAN_POINT('Ctrl Pts',(-10.6896613717922,-46.9686939225977,-11.2081057256694));
#8303=CARTESIAN_POINT('Ctrl Pts',(-10.8855454494748,-46.8895486953176,-10.7593847728526));
#8304=CARTESIAN_POINT('Ctrl Pts',(-10.946129002127,-46.8646532285868,-10.554045545846));
#8305=CARTESIAN_POINT('Ctrl Pts',(-11.0226397561933,-46.8331398335856,-10.1382195224452));
#8306=CARTESIAN_POINT('Ctrl Pts',(-11.0395556041607,-46.8261089308472,-9.93032043425929));
#8307=CARTESIAN_POINT('Ctrl Pts',(-11.0395556041607,-46.8261089308472,-9.72149387397845));
#8308=CARTESIAN_POINT('',(-10.1337191450189,-50.3686753756746,-9.19999999999798));
#8309=CARTESIAN_POINT('Ctrl Pts',(-9.04340363959722,-47.5700581419702,-12.2000000001034));
#8310=CARTESIAN_POINT('Ctrl Pts',(-9.51742247408871,-48.7920665482167,-11.5942100500394));
#8311=CARTESIAN_POINT('Ctrl Pts',(-9.9124102652093,-49.8029176222305,-10.5113612593545));
#8312=CARTESIAN_POINT('Ctrl Pts',(-10.1337191450189,-50.3686753756746,-9.19999999999596));
#8313=CARTESIAN_POINT('',(-11.4432906160018,-47.8008114720387,-8.332137780067));
#8314=CARTESIAN_POINT('Origin',(-9.53404824042469,-48.5916455578615,-8.33213778006432));
#8315=CARTESIAN_POINT('Ctrl Pts',(-11.0389686751475,-46.8246919588633,-9.71969631390013));
#8316=CARTESIAN_POINT('Ctrl Pts',(-11.2093104391207,-47.2359333556859,-9.33873564937429));
#8317=CARTESIAN_POINT('Ctrl Pts',(-11.3489458233355,-47.5730429940446,-8.86370511128556));
#8318=CARTESIAN_POINT('Ctrl Pts',(-11.4432906160018,-47.8008114720387,-8.332137780067));
#8319=CARTESIAN_POINT('Origin',(2.20924237557754,-20.2408340858202,5.89999999997267));
#8320=CARTESIAN_POINT('',(-10.1337191450068,-50.3686753756454,21.0000000000095));
#8321=CARTESIAN_POINT('',(-11.2834749697364,-47.4149823713454,21.));
#8322=CARTESIAN_POINT('Ctrl Pts',(-10.1337191450082,-50.3686753756495,21.));
#8323=CARTESIAN_POINT('Ctrl Pts',(-10.1744318663005,-50.354936588511,21.));
#8324=CARTESIAN_POINT('Ctrl Pts',(-10.2139158799935,-50.3400452600594,21.));
#8325=CARTESIAN_POINT('Ctrl Pts',(-10.2517651939092,-50.324367560909,21.));
#8326=CARTESIAN_POINT('Ctrl Pts',(-10.4797847670989,-50.2299187612073,21.));
#8327=CARTESIAN_POINT('Ctrl Pts',(-10.7237380854934,-50.0619835932496,21.));
#8328=CARTESIAN_POINT('Ctrl Pts',(-11.0745248508986,-49.696784140367,21.));
#8329=CARTESIAN_POINT('Ctrl Pts',(-11.2385853919813,-49.4320013803639,21.));
#8330=CARTESIAN_POINT('Ctrl Pts',(-11.4288913348133,-48.9304629116257,21.));
#8331=CARTESIAN_POINT('Ctrl Pts',(-11.4822266542313,-48.6025456111085,21.));
#8332=CARTESIAN_POINT('Ctrl Pts',(-11.4702677234147,-48.0317160406934,21.));
#8333=CARTESIAN_POINT('Ctrl Pts',(-11.3960219583541,-47.6866948376704,21.));
#8334=CARTESIAN_POINT('Ctrl Pts',(-11.2834749697364,-47.4149823713453,21.));
#8335=CARTESIAN_POINT('Origin',(0.299999999999996,-19.4499999999985,5.89999999997267));
#8336=CARTESIAN_POINT('Origin',(2.32566615899417,-20.2890583958941,5.89999999997267));
#8337=CARTESIAN_POINT('Origin',(0.3,-19.4499999999985,5.89999999997267));
#8338=CARTESIAN_POINT('',(-6.12347185229933,-51.443217899206,-9.19999999999999));
#8339=CARTESIAN_POINT('Origin',(0.300000000000098,-19.4499999999983,-9.19999999999768));
#8340=CARTESIAN_POINT('',(-6.12347185229544,-51.4432178991765,21.0000000000095));
#8341=CARTESIAN_POINT('Origin',(-1.8738075512232,-19.1638128066057,5.89999999997267));
#8342=CARTESIAN_POINT('Origin',(0.299999999999592,-19.4499999999999,21.0000000000074));
#8343=CARTESIAN_POINT('Origin',(0.299999999999996,-19.4499999999985,-6.61610715701999));
#8344=CARTESIAN_POINT('Ctrl Pts',(-6.12347185229933,-51.443217899206,-9.19999999999999));
#8345=CARTESIAN_POINT('Ctrl Pts',(-6.03225209103115,-50.8426028951837,-10.5113612096777));
#8346=CARTESIAN_POINT('Ctrl Pts',(-5.86889602817475,-49.7696863727062,-11.5942100009087));
#8347=CARTESIAN_POINT('Ctrl Pts',(-5.6684041612017,-48.4743865261171,-12.2000000003479));
#8348=CARTESIAN_POINT('Origin',(-1.74886944214273,-19.1802612207099,5.89999999997267));
#8349=CARTESIAN_POINT('',(-3.65090759778053,-49.460122634837,21.));
#8350=CARTESIAN_POINT('Ctrl Pts',(-3.65090759778053,-49.4601226348371,21.));
#8351=CARTESIAN_POINT('Ctrl Pts',(-3.68929527968071,-49.7517060275084,21.));
#8352=CARTESIAN_POINT('Ctrl Pts',(-3.79750716252629,-50.0876260367009,21.));
#8353=CARTESIAN_POINT('Ctrl Pts',(-4.07256520984452,-50.58795841132,21.));
#8354=CARTESIAN_POINT('Ctrl Pts',(-4.28271360163813,-50.8452754641993,21.));
#8355=CARTESIAN_POINT('Ctrl Pts',(-4.69829261699086,-51.1844675476857,21.));
#8356=CARTESIAN_POINT('Ctrl Pts',(-4.97276459332867,-51.3317458737912,21.));
#8357=CARTESIAN_POINT('Ctrl Pts',(-5.45915456992223,-51.4726244947331,21.));
#8358=CARTESIAN_POINT('Ctrl Pts',(-5.75439192496821,-51.496083957176,21.));
#8359=CARTESIAN_POINT('Ctrl Pts',(-5.99908706776138,-51.4638692304798,21.));
#8360=CARTESIAN_POINT('Ctrl Pts',(-6.03970438470348,-51.4585218592591,21.));
#8361=CARTESIAN_POINT('Ctrl Pts',(-6.08134420783069,-51.4516761211477,21.));
#8362=CARTESIAN_POINT('Ctrl Pts',(-6.12347185229631,-51.4432178991808,21.));
#8363=CARTESIAN_POINT('',(-3.70541773853931,-49.8741682606907,-8.33213778006432));
#8364=CARTESIAN_POINT('Origin',(-5.75428718068187,-49.6044294814009,-8.332137780067));
#8365=CARTESIAN_POINT('Origin',(0.299999999999998,-19.4499999999985,5.89999999997267));
#8366=CARTESIAN_POINT('Ctrl Pts',(-6.12347185229933,-51.443217899206,-9.19999999999999));
#8367=CARTESIAN_POINT('Ctrl Pts',(-6.03225209103115,-50.8426028951837,-10.5113612096777));
#8368=CARTESIAN_POINT('Ctrl Pts',(-5.86889602817475,-49.7696863727062,-11.5942100009087));
#8369=CARTESIAN_POINT('Ctrl Pts',(-5.6684041612017,-48.4743865261171,-12.2000000003479));
#8370=CARTESIAN_POINT('Ctrl Pts',(-5.49246214046926,-51.5621314886059,-9.21647978447814));
#8371=CARTESIAN_POINT('Ctrl Pts',(-5.40221337699511,-50.9530186778006,-10.5362034175254));
#8372=CARTESIAN_POINT('Ctrl Pts',(-5.24131180667006,-49.8700086782349,-11.6175398561242));
#8373=CARTESIAN_POINT('Ctrl Pts',(-5.04493161832746,-48.5645050785686,-12.2172639420538));
#8374=CARTESIAN_POINT('Ctrl Pts',(-4.30143142769169,-51.2665047103667,-9.00844357087335));
#8375=CARTESIAN_POINT('Ctrl Pts',(-4.22423417460459,-50.703692645865,-10.2196512938828));
#8376=CARTESIAN_POINT('Ctrl Pts',(-4.08640315562517,-49.6991615458972,-11.2122709113881));
#8377=CARTESIAN_POINT('Ctrl Pts',(-3.92079100031035,-48.4979312875819,-11.7563463071836));
#8378=CARTESIAN_POINT('Ctrl Pts',(-3.7624617193347,-50.3074603124236,-8.53482769837261));
#8379=CARTESIAN_POINT('Ctrl Pts',(-3.70336994562282,-49.8583361864121,-9.50750989459663));
#8380=CARTESIAN_POINT('Ctrl Pts',(-3.59758551700203,-49.0557309587801,-10.3089013739509));
#8381=CARTESIAN_POINT('Ctrl Pts',(-3.4705830576052,-48.090421767175,-10.7536541167508));
#8382=CARTESIAN_POINT('Ctrl Pts',(-3.70541773853914,-49.8741682606895,-8.332137780067));
#8383=CARTESIAN_POINT('Ctrl Pts',(-3.65269590230342,-49.4737061562716,-9.20304695874933));
#8384=CARTESIAN_POINT('Ctrl Pts',(-3.55850777691954,-48.7582763155171,-9.92219508090553));
#8385=CARTESIAN_POINT('Ctrl Pts',(-3.44473020922804,-47.8940498877885,-10.3245160180905));
#8386=CARTESIAN_POINT('',(-3.56771124413567,-48.8281835894753,-9.72149387998249));
#8387=CARTESIAN_POINT('Ctrl Pts',(-3.56771124459494,-48.8281835929639,-9.72149387397846));
#8388=CARTESIAN_POINT('Ctrl Pts',(-3.56771124459494,-48.8281835929639,-10.2362781352508));
#8389=CARTESIAN_POINT('Ctrl Pts',(-3.67609443398502,-48.8139027931249,-10.6052976438345));
#8390=CARTESIAN_POINT('Ctrl Pts',(-3.89817937548041,-48.7830207992562,-11.1391214189022));
#8391=CARTESIAN_POINT('Ctrl Pts',(-4.06414414936395,-48.7593481059465,-11.3947480603495));
#8392=CARTESIAN_POINT('Ctrl Pts',(-4.463489046138,-48.6969031673091,-11.7940289534004));
#8393=CARTESIAN_POINT('Ctrl Pts',(-4.68031769335172,-48.661168508666,-11.9428382850345));
#8394=CARTESIAN_POINT('Ctrl Pts',(-5.15751998200076,-48.5757751233133,-12.1469020506155));
#8395=CARTESIAN_POINT('Ctrl Pts',(-5.41171092210957,-48.5271714150329,-12.200000000005));
#8396=CARTESIAN_POINT('Ctrl Pts',(-5.66840416135315,-48.4743865268536,-12.2));
#8397=CARTESIAN_POINT('Ctrl Pts',(-3.70541773853931,-49.8741682606907,-8.33213778006433));
#8398=CARTESIAN_POINT('Ctrl Pts',(-3.67323848613512,-49.6297425718972,-8.863705120714));
#8399=CARTESIAN_POINT('Ctrl Pts',(-3.6256114550444,-49.267979354613,-9.33873565808473));
#8400=CARTESIAN_POINT('Ctrl Pts',(-3.56751105297423,-48.8266629866375,-9.71969631422257));
#8401=CARTESIAN_POINT('Origin',(0.300000000000002,-19.4499999999985,-8.2));
#8402=CARTESIAN_POINT('Ctrl Pts',(-1.44702828441095,-49.0301412043101,-12.2));
#8403=CARTESIAN_POINT('Ctrl Pts',(-1.69913946228287,-49.0152513038355,-12.2000000000014));
#8404=CARTESIAN_POINT('Ctrl Pts',(-1.94811735840105,-48.9972118402602,-12.1506805290979));
#8405=CARTESIAN_POINT('Ctrl Pts',(-2.42340400181022,-48.9572671700523,-11.9577812143477));
#8406=CARTESIAN_POINT('Ctrl Pts',(-2.6427110356971,-48.9358133606258,-11.813400715776));
#8407=CARTESIAN_POINT('Ctrl Pts',(-3.0322717173855,-48.8944183094445,-11.4384744572179));
#8408=CARTESIAN_POINT('Ctrl Pts',(-3.19283565766984,-48.8753508278284,-11.2081057256694));
#8409=CARTESIAN_POINT('Ctrl Pts',(-3.40252943941129,-48.8496009387077,-10.7593847728526));
#8410=CARTESIAN_POINT('Ctrl Pts',(-3.46749207849304,-48.8412339416812,-10.554045545846));
#8411=CARTESIAN_POINT('Ctrl Pts',(-3.54955205863667,-48.830596779883,-10.1382195224452));
#8412=CARTESIAN_POINT('Ctrl Pts',(-3.56771124459494,-48.8281835929639,-9.93032043425927));
#8413=CARTESIAN_POINT('Ctrl Pts',(-3.56771124459494,-48.8281835929639,-9.72149387397845));
#8414=CARTESIAN_POINT('Origin',(0.300000000000002,-19.4499999999985,-8.2));
#8415=CARTESIAN_POINT('Ctrl Pts',(-11.0395556041607,-46.8261089308472,-9.72149387397845));
#8416=CARTESIAN_POINT('Ctrl Pts',(-11.0395556041607,-46.8261089308472,-10.2362781352498));
#8417=CARTESIAN_POINT('Ctrl Pts',(-11.1405495829502,-46.7842631038797,-10.6052976438336));
#8418=CARTESIAN_POINT('Ctrl Pts',(-11.3470743154069,-46.696953575945,-11.1391214189022));
#8419=CARTESIAN_POINT('Ctrl Pts',(-11.5012570328778,-46.6311326658022,-11.3947480603495));
#8420=CARTESIAN_POINT('Ctrl Pts',(-11.8708326428789,-46.4674574220016,-11.7940289534004));
#8421=CARTESIAN_POINT('Ctrl Pts',(-12.0710242228749,-46.3768210089019,-11.9428382850345));
#8422=CARTESIAN_POINT('Ctrl Pts',(-12.5098648033903,-46.1708282919266,-12.1469020506155));
#8423=CARTESIAN_POINT('Ctrl Pts',(-12.7428148318845,-46.0580912584524,-12.200000000005));
#8424=CARTESIAN_POINT('Ctrl Pts',(-12.9770997267492,-45.940667872657,-12.2));
#8425=CARTESIAN_POINT('Ctrl Pts',(6.26840416128266,-48.47438652664,-12.2000000001034));
#8426=CARTESIAN_POINT('Ctrl Pts',(6.468896011864,-49.7696862673334,-11.5942100500394));
#8427=CARTESIAN_POINT('Ctrl Pts',(6.63225208757576,-50.8426028724324,-10.5113612593545));
#8428=CARTESIAN_POINT('Ctrl Pts',(6.72347185229963,-51.4432178992078,-9.19999999999596));
#8429=CARTESIAN_POINT('Ctrl Pts',(5.64493161840668,-48.564505079095,-12.2172639418118));
#8430=CARTESIAN_POINT('Ctrl Pts',(5.84131179069411,-49.8700085720329,-11.6175399047601));
#8431=CARTESIAN_POINT('Ctrl Pts',(6.0022133735765,-50.9530186547274,-10.536203467519));
#8432=CARTESIAN_POINT('Ctrl Pts',(6.09246214046956,-51.5621314886078,-9.21647978447408));
#8433=CARTESIAN_POINT('Ctrl Pts',(4.52079420528053,-48.497928570005,-11.7563413746458));
#8434=CARTESIAN_POINT('Ctrl Pts',(4.68640634705608,-49.6991587301175,-11.2122660231908));
#8435=CARTESIAN_POINT('Ctrl Pts',(4.82423712594262,-50.7036868193092,-10.2196488492383));
#8436=CARTESIAN_POINT('Ctrl Pts',(4.90143438195418,-51.2664989051319,-9.00844108034229));
#8437=CARTESIAN_POINT('Ctrl Pts',(4.07058305765654,-48.0904217675648,-10.7536541165712));
#8438=CARTESIAN_POINT('Ctrl Pts',(4.19758550667052,-49.0557308802528,-10.3089014100197));
#8439=CARTESIAN_POINT('Ctrl Pts',(4.30336994338444,-49.8583361693993,-9.5075099314437));
#8440=CARTESIAN_POINT('Ctrl Pts',(4.3624617193349,-50.3074603124249,-8.53482769836961));
#8441=CARTESIAN_POINT('Ctrl Pts',(4.04473020927399,-47.8940498881374,-10.3245160179281));
#8442=CARTESIAN_POINT('Ctrl Pts',(4.15850776766373,-48.7582762452121,-9.92219511353449));
#8443=CARTESIAN_POINT('Ctrl Pts',(4.25269590030633,-49.4737061411021,-9.20304699174104));
#8444=CARTESIAN_POINT('Ctrl Pts',(4.30541773853932,-49.8741682606907,-8.33213778006432));
#8445=CARTESIAN_POINT('',(4.16771124458441,-48.8281835928839,-9.72149387411602));
#8446=CARTESIAN_POINT('Ctrl Pts',(6.26840416132765,-48.4743865268589,-12.2));
#8447=CARTESIAN_POINT('Ctrl Pts',(6.0210296737025,-48.525255161756,-12.2000000000014));
#8448=CARTESIAN_POINT('Ctrl Pts',(5.77586653693011,-48.5722705993212,-12.1506805290979));
#8449=CARTESIAN_POINT('Ctrl Pts',(5.30643645177081,-48.6567002459419,-11.9577812143477));
#8450=CARTESIAN_POINT('Ctrl Pts',(5.08904946938304,-48.6927382944395,-11.813400715776));
#8451=CARTESIAN_POINT('Ctrl Pts',(4.70204891841473,-48.7535794690669,-11.438474457218));
#8452=CARTESIAN_POINT('Ctrl Pts',(4.54202103433895,-48.7767187018339,-11.2081057256694));
#8453=CARTESIAN_POINT('Ctrl Pts',(4.33280783322893,-48.8061189632624,-10.7593847728526));
#8454=CARTESIAN_POINT('Ctrl Pts',(4.2678932042152,-48.8148506329605,-10.554045545846));
#8455=CARTESIAN_POINT('Ctrl Pts',(4.1858762500305,-48.8258146093632,-10.1382195224452));
#8456=CARTESIAN_POINT('Ctrl Pts',(4.16771124459496,-48.8281835929639,-9.93032043425931));
#8457=CARTESIAN_POINT('Ctrl Pts',(4.16771124459496,-48.8281835929639,-9.72149387397845));
#8458=CARTESIAN_POINT('',(6.72347185229964,-51.4432178992078,-9.19999999999798));
#8459=CARTESIAN_POINT('Ctrl Pts',(6.26840416128266,-48.47438652664,-12.2000000001034));
#8460=CARTESIAN_POINT('Ctrl Pts',(6.468896011864,-49.7696862673334,-11.5942100500394));
#8461=CARTESIAN_POINT('Ctrl Pts',(6.63225208757576,-50.8426028724324,-10.5113612593545));
#8462=CARTESIAN_POINT('Ctrl Pts',(6.72347185229963,-51.4432178992078,-9.19999999999596));
#8463=CARTESIAN_POINT('',(4.30541773853914,-49.8741682606895,-8.332137780067));
#8464=CARTESIAN_POINT('Origin',(6.35428718068205,-49.6044294814021,-8.33213778006432));
#8465=CARTESIAN_POINT('Ctrl Pts',(4.16751105403928,-48.8266629947274,-9.71969631389605));
#8466=CARTESIAN_POINT('Ctrl Pts',(4.22561145752408,-49.2679793734481,-9.33873564937089));
#8467=CARTESIAN_POINT('Ctrl Pts',(4.27323848670593,-49.629742576233,-8.86370511128365));
#8468=CARTESIAN_POINT('Ctrl Pts',(4.30541773853913,-49.8741682606895,-8.33213778006701));
#8469=CARTESIAN_POINT('Origin',(2.34886944214272,-19.1802612207099,5.89999999997267));
#8470=CARTESIAN_POINT('',(6.72347185229547,-51.4432178991765,21.0000000000095));
#8471=CARTESIAN_POINT('',(4.25090759778053,-49.4601226348371,21.));
#8472=CARTESIAN_POINT('Ctrl Pts',(6.72347185229633,-51.4432178991808,21.));
#8473=CARTESIAN_POINT('Ctrl Pts',(6.68134420783071,-51.4516761211477,21.));
#8474=CARTESIAN_POINT('Ctrl Pts',(6.6397043847035,-51.4585218592591,21.));
#8475=CARTESIAN_POINT('Ctrl Pts',(6.59908706776141,-51.4638692304798,21.));
#8476=CARTESIAN_POINT('Ctrl Pts',(6.35439192496824,-51.496083957176,21.));
#8477=CARTESIAN_POINT('Ctrl Pts',(6.05915456992224,-51.4726244947331,21.));
#8478=CARTESIAN_POINT('Ctrl Pts',(5.57276459332869,-51.3317458737912,21.));
#8479=CARTESIAN_POINT('Ctrl Pts',(5.29829261699088,-51.1844675476857,21.));
#8480=CARTESIAN_POINT('Ctrl Pts',(4.88271360163815,-50.8452754641993,21.));
#8481=CARTESIAN_POINT('Ctrl Pts',(4.67256520984454,-50.5879584113199,21.));
#8482=CARTESIAN_POINT('Ctrl Pts',(4.39750716252632,-50.0876260367009,21.));
#8483=CARTESIAN_POINT('Ctrl Pts',(4.28929527968073,-49.7517060275084,21.));
#8484=CARTESIAN_POINT('Ctrl Pts',(4.25090759778055,-49.460122634837,21.));
#8485=CARTESIAN_POINT('Origin',(0.299999999999996,-19.4499999999985,5.89999999997267));
#8486=CARTESIAN_POINT('Origin',(2.47380755122319,-19.1638128066057,5.89999999997267));
#8487=CARTESIAN_POINT('Origin',(0.3,-19.4499999999985,5.89999999997267));
#8488=CARTESIAN_POINT('',(10.7337191450182,-50.3686753756729,-9.19999999999999));
#8489=CARTESIAN_POINT('Origin',(0.299999999999965,-19.4499999999983,-9.19999999999768));
#8490=CARTESIAN_POINT('',(10.7337191450068,-50.3686753756454,21.0000000000095));
#8491=CARTESIAN_POINT('Origin',(-1.72566615899417,-20.2890583958941,5.89999999997267));
#8492=CARTESIAN_POINT('Origin',(0.30000000000032,-19.4499999999999,21.0000000000074));
#8493=CARTESIAN_POINT('Origin',(0.299999999999996,-19.4499999999985,-6.61610715701999));
#8494=CARTESIAN_POINT('Ctrl Pts',(10.7337191450182,-50.3686753756729,-9.19999999999999));
#8495=CARTESIAN_POINT('Ctrl Pts',(10.5124102735925,-49.8029176436614,-10.5113612096777));
#8496=CARTESIAN_POINT('Ctrl Pts',(10.1174225126496,-48.7920666476276,-11.5942100009087));
#8497=CARTESIAN_POINT('Ctrl Pts',(9.64340363940588,-47.5700581414769,-12.2000000003479));
#8498=CARTESIAN_POINT('Origin',(-1.60924237557755,-20.2408340858202,5.89999999997267));
#8499=CARTESIAN_POINT('',(11.8834749697364,-47.4149823713453,21.));
#8500=CARTESIAN_POINT('Ctrl Pts',(11.8834749697364,-47.4149823713453,21.));
#8501=CARTESIAN_POINT('Ctrl Pts',(11.9960219583541,-47.6866948376705,21.));
#8502=CARTESIAN_POINT('Ctrl Pts',(12.0702677234147,-48.0317160406934,21.));
#8503=CARTESIAN_POINT('Ctrl Pts',(12.0822266542313,-48.6025456111085,21.));
#8504=CARTESIAN_POINT('Ctrl Pts',(12.0288913348133,-48.9304629116257,21.));
#8505=CARTESIAN_POINT('Ctrl Pts',(11.8385853919813,-49.4320013803639,21.));
#8506=CARTESIAN_POINT('Ctrl Pts',(11.6745248508986,-49.696784140367,21.));
#8507=CARTESIAN_POINT('Ctrl Pts',(11.3237380854934,-50.0619835932496,21.));
#8508=CARTESIAN_POINT('Ctrl Pts',(11.0797847670989,-50.2299187612073,21.));
#8509=CARTESIAN_POINT('Ctrl Pts',(10.8517651939093,-50.324367560909,21.));
#8510=CARTESIAN_POINT('Ctrl Pts',(10.8139158799935,-50.3400452600594,21.));
#8511=CARTESIAN_POINT('Ctrl Pts',(10.7744318663006,-50.3549365885109,21.));
#8512=CARTESIAN_POINT('Ctrl Pts',(10.7337191450082,-50.3686753756495,21.));
#8513=CARTESIAN_POINT('',(12.0432906160023,-47.8008114720399,-8.33213778006432));
#8514=CARTESIAN_POINT('Origin',(10.1340482404242,-48.5916455578604,-8.332137780067));
#8515=CARTESIAN_POINT('Origin',(0.299999999999998,-19.4499999999985,5.89999999997267));
#8516=CARTESIAN_POINT('Ctrl Pts',(10.7337191450182,-50.3686753756729,-9.19999999999999));
#8517=CARTESIAN_POINT('Ctrl Pts',(10.5124102735925,-49.8029176436614,-10.5113612096777));
#8518=CARTESIAN_POINT('Ctrl Pts',(10.1174225126496,-48.7920666476276,-11.5942100009087));
#8519=CARTESIAN_POINT('Ctrl Pts',(9.64340363940588,-47.5700581414769,-12.2000000003479));
#8520=CARTESIAN_POINT('Ctrl Pts',(11.3396463801977,-50.1561527090333,-9.21647978447814));
#8521=CARTESIAN_POINT('Ctrl Pts',(11.1132476966238,-49.5835211593683,-10.5362034175254));
#8522=CARTESIAN_POINT('Ctrl Pts',(10.7110875442513,-48.5651562020293,-11.6175398561242));
#8523=CARTESIAN_POINT('Ctrl Pts',(10.2284059763228,-47.336366825815,-12.2172639420538));
#8524=CARTESIAN_POINT('Ctrl Pts',(12.2232638221609,-49.304596233995,-9.00842896684476));
#8525=CARTESIAN_POINT('Ctrl Pts',(12.0087125721859,-48.7785880620367,-10.2196366898543));
#8526=CARTESIAN_POINT('Ctrl Pts',(11.6258199645892,-47.8397395133108,-11.2122419891137));
#8527=CARTESIAN_POINT('Ctrl Pts',(11.1686291691097,-46.7166375161578,-11.7563173849092));
#8528=CARTESIAN_POINT('Ctrl Pts',(12.2105351053669,-48.2045753864961,-8.53482769837261));
#8529=CARTESIAN_POINT('Ctrl Pts',(12.0371480195503,-47.7860765970617,-9.50750989459669));
#8530=CARTESIAN_POINT('Ctrl Pts',(11.7274574082447,-47.0381078664118,-10.3089013739509));
#8531=CARTESIAN_POINT('Ctrl Pts',(11.3547901686229,-46.1386243542767,-10.7536541167508));
#8532=CARTESIAN_POINT('Ctrl Pts',(12.0432906160018,-47.8008114720387,-8.332137780067));
#8533=CARTESIAN_POINT('Ctrl Pts',(11.8887180133071,-47.4276401982419,-9.20304695874939));
#8534=CARTESIAN_POINT('Ctrl Pts',(11.6125724022472,-46.7609657188312,-9.92219508090553));
#8535=CARTESIAN_POINT('Ctrl Pts',(11.2789934523845,-45.9556348939506,-10.3245160180905));
#8536=CARTESIAN_POINT('',(11.6395556028142,-46.8261089275964,-9.72149387998249));
#8537=CARTESIAN_POINT('Ctrl Pts',(11.6395556041607,-46.8261089308472,-9.72149387397845));
#8538=CARTESIAN_POINT('Ctrl Pts',(11.6395556041607,-46.8261089308472,-10.2362781352509));
#8539=CARTESIAN_POINT('Ctrl Pts',(11.5385526088862,-46.8679329900953,-10.6052976438347));
#8540=CARTESIAN_POINT('Ctrl Pts',(11.3307804108189,-46.9522308696332,-11.1391214189022));
#8541=CARTESIAN_POINT('Ctrl Pts',(11.1752143538476,-47.0147121027928,-11.3947480603495));
#8542=CARTESIAN_POINT('Ctrl Pts',(10.7981490590509,-47.160305647982,-11.7940289534004));
#8543=CARTESIAN_POINT('Ctrl Pts',(10.5925026129741,-47.2377728494084,-11.9428382850345));
#8544=CARTESIAN_POINT('Ctrl Pts',(10.1365366155836,-47.4024211527024,-12.1469020506155));
#8545=CARTESIAN_POINT('Ctrl Pts',(9.89209894989727,-47.4874245766678,-12.200000000005));
#8546=CARTESIAN_POINT('Ctrl Pts',(9.64340363964297,-47.5700581421904,-12.2));
#8547=CARTESIAN_POINT('Ctrl Pts',(12.0432906160023,-47.8008114720398,-8.33213778006433));
#8548=CARTESIAN_POINT('Ctrl Pts',(11.9489458216619,-47.5730429900041,-8.8637051207162));
#8549=CARTESIAN_POINT('Ctrl Pts',(11.8093104318505,-47.235933338134,-9.33873565808865));
#8550=CARTESIAN_POINT('Ctrl Pts',(11.6389686720246,-46.824691951324,-9.71969631422729));
#8551=CARTESIAN_POINT('Origin',(0.300000000000002,-19.4499999999985,-8.2));
#8552=CARTESIAN_POINT('Ctrl Pts',(4.16771124459494,-48.8281835929639,-9.72149387397845));
#8553=CARTESIAN_POINT('Ctrl Pts',(4.16771124459494,-48.8281835929639,-10.2362781352509));
#8554=CARTESIAN_POINT('Ctrl Pts',(4.05932497984981,-48.8424410331624,-10.6052976438346));
#8555=CARTESIAN_POINT('Ctrl Pts',(3.8368145510656,-48.8700911302068,-11.1391214189022));
#8556=CARTESIAN_POINT('Ctrl Pts',(3.67037794583986,-48.8901799086584,-11.3947480603495));
#8557=CARTESIAN_POINT('Ctrl Pts',(3.26847845705942,-48.9332207945571,-11.7940289534004));
#8558=CARTESIAN_POINT('Ctrl Pts',(3.04978925660931,-48.9548231483029,-11.9428382850345));
#8559=CARTESIAN_POINT('Ctrl Pts',(2.56674580718395,-48.9958485126653,-12.1469020506155));
#8560=CARTESIAN_POINT('Ctrl Pts',(2.30863664795855,-49.0146903919765,-12.200000000005));
#8561=CARTESIAN_POINT('Ctrl Pts',(2.04702828438494,-49.0301412043117,-12.2));
#8562=CARTESIAN_POINT('Origin',(0.300000000000002,-19.4499999999985,-8.2));
#8563=CARTESIAN_POINT('Ctrl Pts',(13.577099726726,-45.9406678726687,-12.2));
#8564=CARTESIAN_POINT('Ctrl Pts',(13.3513200918736,-46.0538284295338,-12.2000000000014));
#8565=CARTESIAN_POINT('Ctrl Pts',(13.1266791770668,-46.162694743866,-12.1506805290979));
#8566=CARTESIAN_POINT('Ctrl Pts',(12.6950965346911,-46.3657449664248,-11.9577812143477));
#8567=CARTESIAN_POINT('Ctrl Pts',(12.4944441674032,-46.4568189393969,-11.813400715776));
#8568=CARTESIAN_POINT('Ctrl Pts',(12.1363771951548,-46.6157501143271,-11.438474457218));
#8569=CARTESIAN_POINT('Ctrl Pts',(11.9877910031287,-46.6795191610036,-11.2081057256694));
#8570=CARTESIAN_POINT('Ctrl Pts',(11.7933159165646,-46.7620659937511,-10.7593847728526));
#8571=CARTESIAN_POINT('Ctrl Pts',(11.7328731223097,-46.7873012813136,-10.554045545846));
#8572=CARTESIAN_POINT('Ctrl Pts',(11.6564885139722,-46.8191192190441,-10.1382195224452));
#8573=CARTESIAN_POINT('Ctrl Pts',(11.6395556041607,-46.8261089308472,-9.9303204342592));
#8574=CARTESIAN_POINT('Ctrl Pts',(11.6395556041607,-46.8261089308472,-9.72149387397845));
#8575=CARTESIAN_POINT('Origin',(1.55803535632108,-21.0895035962875,5.89999999997267));
#8576=CARTESIAN_POINT('',(-24.1952035233514,-41.0094987541696,21.0000000000095));
#8577=CARTESIAN_POINT('Origin',(1.6347491553276,-21.1894789655998,5.89999999997267));
#8578=CARTESIAN_POINT('Ctrl Pts',(-24.1952035233547,-41.0094987541725,21.));
#8579=CARTESIAN_POINT('Ctrl Pts',(-24.2235923806817,-40.9772442548472,21.));
#8580=CARTESIAN_POINT('Ctrl Pts',(-24.2503408753574,-40.9446059792656,21.));
#8581=CARTESIAN_POINT('Ctrl Pts',(-24.2752804931491,-40.9121040365706,21.));
#8582=CARTESIAN_POINT('Ctrl Pts',(-24.4255268362406,-40.7162991900771,21.));
#8583=CARTESIAN_POINT('Ctrl Pts',(-24.5528290233288,-40.4488864092397,21.));
#8584=CARTESIAN_POINT('Ctrl Pts',(-24.6740195470398,-39.9572210228926,21.));
#8585=CARTESIAN_POINT('Ctrl Pts',(-24.6837087633746,-39.6458821557044,21.));
#8586=CARTESIAN_POINT('Ctrl Pts',(-24.5977493099891,-39.116384129386,21.));
#8587=CARTESIAN_POINT('Ctrl Pts',(-24.4799804012654,-38.8057317570886,21.));
#8588=CARTESIAN_POINT('Ctrl Pts',(-24.1842088781686,-38.3173583132862,21.));
#8589=CARTESIAN_POINT('Ctrl Pts',(-23.9473995579912,-38.0556840691543,21.));
#8590=CARTESIAN_POINT('Ctrl Pts',(-23.7140747735663,-37.8766476651007,21.));
#8591=CARTESIAN_POINT('Origin',(0.3,-19.4499999999985,5.89999999997267));
#8592=CARTESIAN_POINT('',(-21.2594987541892,-43.9452035233735,-9.19999999999999));
#8593=CARTESIAN_POINT('Origin',(0.300000000000205,-19.4499999999984,-9.19999999999768));
#8594=CARTESIAN_POINT('',(-21.2594987541711,-43.9452035233499,21.0000000000095));
#8595=CARTESIAN_POINT('Origin',(-1.4394789656013,-18.1152508446709,5.89999999997267));
#8596=CARTESIAN_POINT('Origin',(0.299999999998972,-19.4499999999995,21.0000000000074));
#8597=CARTESIAN_POINT('Origin',(0.299999999999996,-19.4499999999985,-6.61610715701999));
#8598=CARTESIAN_POINT('Ctrl Pts',(-21.2594987541892,-43.9452035233735,-9.19999999999999));
#8599=CARTESIAN_POINT('Ctrl Pts',(-20.8983775417329,-43.4934161341786,-10.4484911508425));
#8600=CARTESIAN_POINT('Ctrl Pts',(-20.2666478890038,-42.7036591698324,-11.4899817242943));
#8601=CARTESIAN_POINT('Ctrl Pts',(-19.49810954606,-41.7473660683617,-12.1096257597085));
#8602=CARTESIAN_POINT('Origin',(-1.33950359628896,-18.1919646436774,5.89999999997267));
#8603=CARTESIAN_POINT('',(-18.1266476651021,-43.4640747735648,21.));
#8604=CARTESIAN_POINT('Ctrl Pts',(-18.1266476651022,-43.4640747735648,21.));
#8605=CARTESIAN_POINT('Ctrl Pts',(-18.3056840691558,-43.6973995579897,21.));
#8606=CARTESIAN_POINT('Ctrl Pts',(-18.5673583132876,-43.9342088781672,21.));
#8607=CARTESIAN_POINT('Ctrl Pts',(-19.0557317570901,-44.229980401264,21.));
#8608=CARTESIAN_POINT('Ctrl Pts',(-19.3663841293875,-44.3477493099876,21.));
#8609=CARTESIAN_POINT('Ctrl Pts',(-19.8958821557059,-44.4337087633731,21.));
#8610=CARTESIAN_POINT('Ctrl Pts',(-20.2072210228941,-44.4240195470383,21.));
#8611=CARTESIAN_POINT('Ctrl Pts',(-20.6988864092412,-44.3028290233273,21.));
#8612=CARTESIAN_POINT('Ctrl Pts',(-20.9662991900786,-44.1755268362391,21.));
#8613=CARTESIAN_POINT('Ctrl Pts',(-21.162104036572,-44.0252804931476,21.));
#8614=CARTESIAN_POINT('Ctrl Pts',(-21.1946059792671,-44.0003408753559,21.));
#8615=CARTESIAN_POINT('Ctrl Pts',(-21.2272442548487,-43.9735923806803,21.));
#8616=CARTESIAN_POINT('Ctrl Pts',(-21.259498754174,-43.9452035233532,21.));
#8617=CARTESIAN_POINT('',(-18.3808776446899,-43.7953937335006,-8.33213778006432));
#8618=CARTESIAN_POINT('Origin',(-20.0203812409782,-42.5373583771785,-8.332137780067));
#8619=CARTESIAN_POINT('Origin',(0.299999999999998,-19.4499999999985,5.89999999997267));
#8620=CARTESIAN_POINT('Ctrl Pts',(-21.2594987541892,-43.9452035233735,-9.19999999999999));
#8621=CARTESIAN_POINT('Ctrl Pts',(-20.881848388094,-43.4727370300149,-10.5056367887537));
#8622=CARTESIAN_POINT('Ctrl Pts',(-20.2082501929941,-42.6306539720922,-11.5848897610243));
#8623=CARTESIAN_POINT('Ctrl Pts',(-19.391730453044,-41.6150221448716,-12.1920403784058));
#8624=CARTESIAN_POINT('Ctrl Pts',(-20.7724851084097,-44.3636905685641,-9.21647978447814));
#8625=CARTESIAN_POINT('Ctrl Pts',(-20.3914416244318,-43.8834135043469,-10.5304424925238));
#8626=CARTESIAN_POINT('Ctrl Pts',(-19.7149414519712,-43.0314265406749,-11.6082195872455));
#8627=CARTESIAN_POINT('Ctrl Pts',(-18.8968540008668,-42.0049286210214,-12.2093892885898));
#8628=CARTESIAN_POINT('Ctrl Pts',(-19.5932049277198,-44.703111202405,-9.0084150754976));
#8629=CARTESIAN_POINT('Ctrl Pts',(-19.2464643590865,-44.2562594558777,-10.2143355726979));
#8630=CARTESIAN_POINT('Ctrl Pts',(-18.6288199423525,-43.460364888505,-11.2036890539908));
#8631=CARTESIAN_POINT('Ctrl Pts',(-17.8890331027673,-42.5083391486235,-11.7491392089492));
#8632=CARTESIAN_POINT('Ctrl Pts',(-18.6469252070582,-44.1421136671614,-8.53482769837261));
#8633=CARTESIAN_POINT('Ctrl Pts',(-18.3723918282731,-43.7842755532989,-9.5032638925986));
#8634=CARTESIAN_POINT('Ctrl Pts',(-17.8826236210372,-43.1461906544064,-10.3020120177155));
#8635=CARTESIAN_POINT('Ctrl Pts',(-17.2933905597116,-42.3781529717196,-10.7478090010804));
#8636=CARTESIAN_POINT('Ctrl Pts',(-18.3808776446892,-43.7953937334996,-8.332137780067));
#8637=CARTESIAN_POINT('Ctrl Pts',(-18.1360615123765,-43.4763431381888,-9.19924522152504));
#8638=CARTESIAN_POINT('Ctrl Pts',(-17.699582831853,-42.9075130470263,-9.91600526653331));
#8639=CARTESIAN_POINT('Ctrl Pts',(-17.1720007435427,-42.2199546832838,-10.3192298255777));
#8640=CARTESIAN_POINT('',(-17.7386279866626,-42.9583976834607,-9.72149387998249));
#8641=CARTESIAN_POINT('Ctrl Pts',(-17.7386279888046,-42.9583976862522,-9.72149387397845));
#8642=CARTESIAN_POINT('Ctrl Pts',(-17.7386279888046,-42.9583976862522,-10.23627813525));
#8643=CARTESIAN_POINT('Ctrl Pts',(-17.8253501842399,-42.8918385561104,-10.6052976438338));
#8644=CARTESIAN_POINT('Ctrl Pts',(-18.0022403884387,-42.7540514941528,-11.1391214189022));
#8645=CARTESIAN_POINT('Ctrl Pts',(-18.1341337521004,-42.6505679534289,-11.3947480603495));
#8646=CARTESIAN_POINT('Ctrl Pts',(-18.4487541082597,-42.396816601844,-11.7940289534004));
#8647=CARTESIAN_POINT('Ctrl Pts',(-18.6186658956935,-42.2574551560567,-11.9428382850345));
#8648=CARTESIAN_POINT('Ctrl Pts',(-18.9371866731101,-41.9888035202746,-12.1182385902487));
#8649=CARTESIAN_POINT('Ctrl Pts',(-19.07564295842,-41.8699903219602,-12.1662161604938));
#8650=CARTESIAN_POINT('Ctrl Pts',(-19.2157034531914,-41.7474029927382,-12.1874545143016));
#8651=CARTESIAN_POINT('Ctrl Pts',(-18.3808776446899,-43.7953937335005,-8.33213778006432));
#8652=CARTESIAN_POINT('Ctrl Pts',(-18.2307967502357,-43.5998045038691,-8.86370512071637));
#8653=CARTESIAN_POINT('Ctrl Pts',(-18.0086689227609,-43.3103218830898,-9.33873565808899));
#8654=CARTESIAN_POINT('Ctrl Pts',(-17.7376943146086,-42.9571808983501,-9.7196963142277));
#8655=CARTESIAN_POINT('Origin',(0.300000000000002,-19.4499999999985,-8.2));
#8656=CARTESIAN_POINT('Ctrl Pts',(-16.0030414775856,-44.1936395882577,-12.2));
#8657=CARTESIAN_POINT('Ctrl Pts',(-16.2139312119634,-44.0546889672509,-12.2000000000014));
#8658=CARTESIAN_POINT('Ctrl Pts',(-16.4205326631949,-43.914577385465,-12.1506805290979));
#8659=CARTESIAN_POINT('Ctrl Pts',(-16.8121706353627,-43.6423409646146,-11.9577812143477));
#8660=CARTESIAN_POINT('Ctrl Pts',(-16.9913691932241,-43.5141079036998,-11.813400715776));
#8661=CARTESIAN_POINT('Ctrl Pts',(-17.3080411142912,-43.2834783969417,-11.438474457218));
#8662=CARTESIAN_POINT('Ctrl Pts',(-17.4375598247011,-43.1866835033337,-11.2081057256695));
#8663=CARTESIAN_POINT('Ctrl Pts',(-17.6062850221445,-43.0595365543399,-10.7593847728527));
#8664=CARTESIAN_POINT('Ctrl Pts',(-17.6583608193729,-43.0198092028206,-10.554045545846));
#8665=CARTESIAN_POINT('Ctrl Pts',(-17.7241082659123,-42.9695671604074,-10.1382195224452));
#8666=CARTESIAN_POINT('Ctrl Pts',(-17.7386279888046,-42.9583976862523,-9.93032043425916));
#8667=CARTESIAN_POINT('Ctrl Pts',(-17.7386279888046,-42.9583976862523,-9.72149387397845));
#8668=CARTESIAN_POINT('Ctrl Pts',(-1.44702828439778,-49.0301412040871,-12.2000000001034));
#8669=CARTESIAN_POINT('Ctrl Pts',(-1.58861626996857,-50.3331957857267,-11.5942100500394));
#8670=CARTESIAN_POINT('Ctrl Pts',(-1.70851766876371,-51.4118333075736,-10.5113612593545));
#8671=CARTESIAN_POINT('Ctrl Pts',(-1.77585674985315,-52.0155922859936,-9.19999999999596));
#8672=CARTESIAN_POINT('Ctrl Pts',(-2.07258091323622,-48.9558224731364,-12.2172639418118));
#8673=CARTESIAN_POINT('Ctrl Pts',(-2.22078140047289,-50.2676689419442,-11.6175399047601));
#8674=CARTESIAN_POINT('Ctrl Pts',(-2.34566604151539,-51.3554207449874,-10.536203467519));
#8675=CARTESIAN_POINT('Ctrl Pts',(-2.41614242880724,-51.9671366620254,-9.21647978447408));
#8676=CARTESIAN_POINT('Ctrl Pts',(-3.14120785416938,-48.6005780787886,-11.756373636077));
#8677=CARTESIAN_POINT('Ctrl Pts',(-3.29214005226999,-49.8037408901504,-11.2122982846219));
#8678=CARTESIAN_POINT('Ctrl Pts',(-3.41900038681859,-50.8097336742396,-10.2196651393425));
#8679=CARTESIAN_POINT('Ctrl Pts',(-3.49010005014317,-51.3733485233688,-9.00845737044647));
#8680=CARTESIAN_POINT('Ctrl Pts',(-3.47058305765651,-48.0904217675648,-10.7536541165712));
#8681=CARTESIAN_POINT('Ctrl Pts',(-3.59774849492662,-49.0557094224418,-10.3089014100197));
#8682=CARTESIAN_POINT('Ctrl Pts',(-3.70329811001633,-49.8583456264416,-9.50750993144368));
#8683=CARTESIAN_POINT('Ctrl Pts',(-3.76246171933488,-50.3074603124249,-8.53482769836961));
#8684=CARTESIAN_POINT('Ctrl Pts',(-3.44473020927397,-47.8940498881374,-10.3245160179281));
#8685=CARTESIAN_POINT('Ctrl Pts',(-3.55850776766371,-48.7582762452121,-9.92219511353449));
#8686=CARTESIAN_POINT('Ctrl Pts',(-3.65269590030632,-49.4737061411021,-9.20304699174102));
#8687=CARTESIAN_POINT('Ctrl Pts',(-3.70541773853931,-49.8741682606907,-8.33213778006433));
#8688=CARTESIAN_POINT('',(-1.77585674985314,-52.0155922859936,-9.19999999999798));
#8689=CARTESIAN_POINT('Ctrl Pts',(-1.44702828439778,-49.0301412040871,-12.2000000001034));
#8690=CARTESIAN_POINT('Ctrl Pts',(-1.58861626996857,-50.3331957857267,-11.5942100500394));
#8691=CARTESIAN_POINT('Ctrl Pts',(-1.70851766876371,-51.4118333075736,-10.5113612593545));
#8692=CARTESIAN_POINT('Ctrl Pts',(-1.77585674985315,-52.0155922859936,-9.19999999999596));
#8693=CARTESIAN_POINT('Origin',(-1.65654829639657,-50.1439070399793,-8.33213778006432));
#8694=CARTESIAN_POINT('Origin',(2.34886944214272,-19.7197387792871,5.89999999997267));
#8695=CARTESIAN_POINT('',(-1.77585674984905,-52.0155922859622,21.0000000000095));
#8696=CARTESIAN_POINT('Ctrl Pts',(-1.77585674984933,-52.0155922859666,21.));
#8697=CARTESIAN_POINT('Ctrl Pts',(-1.81873807857216,-52.012858864296,21.));
#8698=CARTESIAN_POINT('Ctrl Pts',(-1.86073086653384,-52.0086941602777,21.));
#8699=CARTESIAN_POINT('Ctrl Pts',(-1.90134818347593,-52.003346789057,21.));
#8700=CARTESIAN_POINT('Ctrl Pts',(-2.1460433262691,-51.9711320623608,21.));
#8701=CARTESIAN_POINT('Ctrl Pts',(-2.42514895672519,-51.8720589114046,21.));
#8702=CARTESIAN_POINT('Ctrl Pts',(-2.8585035266175,-51.6100936237755,21.));
#8703=CARTESIAN_POINT('Ctrl Pts',(-3.08550466142789,-51.3967951101145,21.));
#8704=CARTESIAN_POINT('Ctrl Pts',(-3.39913379406656,-50.9616009526839,21.));
#8705=CARTESIAN_POINT('Ctrl Pts',(-3.5355229991383,-50.6586613596693,21.));
#8706=CARTESIAN_POINT('Ctrl Pts',(-3.67171312333882,-50.1041871361415,21.));
#8707=CARTESIAN_POINT('Ctrl Pts',(-3.68929527968072,-49.7517060275084,21.));
#8708=CARTESIAN_POINT('Ctrl Pts',(-3.65090759778053,-49.460122634837,21.));
#8709=CARTESIAN_POINT('Origin',(2.47380755122319,-19.7361871933914,5.89999999997267));
#8710=CARTESIAN_POINT('Origin',(0.3,-19.4499999999985,5.89999999997267));
#8711=CARTESIAN_POINT('',(2.37585674985294,-52.0155922859917,-9.19999999999999));
#8712=CARTESIAN_POINT('Origin',(0.300000000000034,-19.4499999999983,-9.19999999999768));
#8713=CARTESIAN_POINT('',(2.37585674984905,-52.0155922859622,21.0000000000095));
#8714=CARTESIAN_POINT('Origin',(-1.8738075512232,-19.7361871933914,5.89999999997267));
#8715=CARTESIAN_POINT('Origin',(0.299999999999956,-19.4499999999999,21.0000000000074));
#8716=CARTESIAN_POINT('Origin',(0.299999999999996,-19.4499999999985,-6.61610715701999));
#8717=CARTESIAN_POINT('Ctrl Pts',(2.37585674985293,-52.0155922859917,-9.2));
#8718=CARTESIAN_POINT('Ctrl Pts',(2.30851767131451,-51.411833330444,-10.5113612096777));
#8719=CARTESIAN_POINT('Ctrl Pts',(2.18861628148606,-50.3331958917305,-11.5942100009087));
#8720=CARTESIAN_POINT('Ctrl Pts',(2.04702828434061,-49.030141203561,-12.2000000003479));
#8721=CARTESIAN_POINT('Origin',(-1.74886944214273,-19.7197387792871,5.89999999997267));
#8722=CARTESIAN_POINT('Ctrl Pts',(4.25090759778053,-49.4601226348371,21.));
#8723=CARTESIAN_POINT('Ctrl Pts',(4.28929527968071,-49.7517060275084,21.));
#8724=CARTESIAN_POINT('Ctrl Pts',(4.27171312333883,-50.1041871361415,21.));
#8725=CARTESIAN_POINT('Ctrl Pts',(4.13552299913831,-50.6586613596693,21.));
#8726=CARTESIAN_POINT('Ctrl Pts',(3.99913379406656,-50.9616009526839,21.));
#8727=CARTESIAN_POINT('Ctrl Pts',(3.68550466142788,-51.3967951101145,21.));
#8728=CARTESIAN_POINT('Ctrl Pts',(3.45850352661749,-51.6100936237755,21.));
#8729=CARTESIAN_POINT('Ctrl Pts',(3.02514895672518,-51.8720589114046,21.));
#8730=CARTESIAN_POINT('Ctrl Pts',(2.7460433262691,-51.9711320623608,21.));
#8731=CARTESIAN_POINT('Ctrl Pts',(2.50134818347592,-52.003346789057,21.));
#8732=CARTESIAN_POINT('Ctrl Pts',(2.46073086653383,-52.0086941602777,21.));
#8733=CARTESIAN_POINT('Ctrl Pts',(2.41873807857215,-52.012858864296,21.));
#8734=CARTESIAN_POINT('Ctrl Pts',(2.37585674984933,-52.0155922859666,21.));
#8735=CARTESIAN_POINT('Origin',(2.25654829639641,-50.1439070399781,-8.332137780067));
#8736=CARTESIAN_POINT('Ctrl Pts',(2.37585674985293,-52.0155922859917,-9.2));
#8737=CARTESIAN_POINT('Ctrl Pts',(2.30851767131451,-51.411833330444,-10.5113612096777));
#8738=CARTESIAN_POINT('Ctrl Pts',(2.18861628148606,-50.3331958917305,-11.5942100009087));
#8739=CARTESIAN_POINT('Ctrl Pts',(2.04702828434061,-49.030141203561,-12.2000000003479));
#8740=CARTESIAN_POINT('Ctrl Pts',(3.01614242880702,-51.9671366620236,-9.21647978447814));
#8741=CARTESIAN_POINT('Ctrl Pts',(2.94566604418503,-51.3554207681592,-10.5362034175254));
#8742=CARTESIAN_POINT('Ctrl Pts',(2.82078141252839,-50.2676690486623,-11.6175398561242));
#8743=CARTESIAN_POINT('Ctrl Pts',(2.67258091317649,-48.9558224726074,-12.2172639420538));
#8744=CARTESIAN_POINT('Ctrl Pts',(4.09009533487075,-51.3733432812607,-9.00845467457465));
#8745=CARTESIAN_POINT('Ctrl Pts',(4.01899567423965,-50.8097284534829,-10.2196623975841));
#8746=CARTESIAN_POINT('Ctrl Pts',(3.89213595211353,-49.8037390439895,-11.212292901505));
#8747=CARTESIAN_POINT('Ctrl Pts',(3.74120374167409,-48.6005761342669,-11.7563682973006));
#8748=CARTESIAN_POINT('Ctrl Pts',(4.36246171933469,-50.3074603124236,-8.53482769837261));
#8749=CARTESIAN_POINT('Ctrl Pts',(4.30329811225743,-49.8583456434541,-9.50750989459668));
#8750=CARTESIAN_POINT('Ctrl Pts',(4.19774850527149,-49.0557095009673,-10.3089013739509));
#8751=CARTESIAN_POINT('Ctrl Pts',(4.07058305760519,-48.090421767175,-10.7536541167508));
#8752=CARTESIAN_POINT('Ctrl Pts',(4.30541773853913,-49.8741682606895,-8.33213778006701));
#8753=CARTESIAN_POINT('Ctrl Pts',(4.2526959023034,-49.4737061562716,-9.20304695874937));
#8754=CARTESIAN_POINT('Ctrl Pts',(4.15850777691954,-48.7582763155171,-9.92219508090552));
#8755=CARTESIAN_POINT('Ctrl Pts',(4.04473020922803,-47.8940498877885,-10.3245160180906));
#8756=CARTESIAN_POINT('Ctrl Pts',(-16.0030414774627,-44.1936395880712,-12.2000000001034));
#8757=CARTESIAN_POINT('Ctrl Pts',(-16.7771875606574,-45.2513239655033,-11.5942100500394));
#8758=CARTESIAN_POINT('Ctrl Pts',(-17.4203439788868,-46.1255007615003,-10.5113612593545));
#8759=CARTESIAN_POINT('Ctrl Pts',(-17.7805408229877,-46.6147018340302,-9.19999999999595));
#8760=CARTESIAN_POINT('Ctrl Pts',(-16.5076265799656,-43.8165013646716,-12.2172639418118));
#8761=CARTESIAN_POINT('Ctrl Pts',(-17.2918952011696,-44.8784934889057,-11.6175399047601));
#8762=CARTESIAN_POINT('Ctrl Pts',(-17.9439243743766,-45.7580718628322,-10.536203467519));
#8763=CARTESIAN_POINT('Ctrl Pts',(-18.3108166746573,-46.2525951932406,-9.21647978447408));
#8764=CARTESIAN_POINT('Ctrl Pts',(-17.255395904139,-42.9745426948097,-11.7562952536919));
#8765=CARTESIAN_POINT('Ctrl Pts',(-17.987688427624,-43.9410461552873,-11.2122199022368));
#8766=CARTESIAN_POINT('Ctrl Pts',(-18.6005172178447,-44.7487937878495,-10.2196255608993));
#8767=CARTESIAN_POINT('Ctrl Pts',(-18.9438987570489,-45.2013487334832,-9.00841779200331));
#8768=CARTESIAN_POINT('Ctrl Pts',(-17.2856315987929,-42.3680412969835,-10.7536541165712));
#8769=CARTESIAN_POINT('Ctrl Pts',(-17.8784039253906,-43.1404222094314,-10.3089014100197));
#8770=CARTESIAN_POINT('Ctrl Pts',(-18.3711306754179,-43.7827507445475,-9.50750993144366));
#8771=CARTESIAN_POINT('Ctrl Pts',(-18.646925207059,-44.1421136671625,-8.53482769836961));
#8772=CARTESIAN_POINT('Ctrl Pts',(-17.1650564356197,-42.2109046850017,-10.3245160179281));
#8773=CARTESIAN_POINT('Ctrl Pts',(-17.6957038701031,-42.9024578856536,-9.92219511353451));
#8774=CARTESIAN_POINT('Ctrl Pts',(-18.1349881336516,-43.4749442837999,-9.203046991741));
#8775=CARTESIAN_POINT('Ctrl Pts',(-18.3808776446899,-43.7953937335005,-8.33213778006432));
#8776=CARTESIAN_POINT('',(-17.7805408229877,-46.6147018340302,-9.19999999999798));
#8777=CARTESIAN_POINT('Ctrl Pts',(-16.0030414774627,-44.1936395880712,-12.2000000001034));
#8778=CARTESIAN_POINT('Ctrl Pts',(-16.7771875606574,-45.2513239655033,-11.5942100500394));
#8779=CARTESIAN_POINT('Ctrl Pts',(-17.4203439788868,-46.1255007615003,-10.5113612593545));
#8780=CARTESIAN_POINT('Ctrl Pts',(-17.7805408229877,-46.6147018340302,-9.19999999999595));
#8781=CARTESIAN_POINT('Origin',(-16.741374048401,-45.0534290898216,-8.33213778006432));
#8782=CARTESIAN_POINT('Origin',(1.93950359628896,-20.7080353563196,5.89999999997267));
#8783=CARTESIAN_POINT('',(-17.7805408229685,-46.6147018340051,21.0000000000095));
#8784=CARTESIAN_POINT('Ctrl Pts',(-17.7805408229709,-46.6147018340088,21.));
#8785=CARTESIAN_POINT('Ctrl Pts',(-17.8163104321576,-46.5908939570413,21.));
#8786=CARTESIAN_POINT('Ctrl Pts',(-17.850594901299,-46.5662908235814,21.));
#8787=CARTESIAN_POINT('Ctrl Pts',(-17.8830968439941,-46.5413512057898,21.));
#8788=CARTESIAN_POINT('Ctrl Pts',(-18.0789016904875,-46.3911048626983,21.));
#8789=CARTESIAN_POINT('Ctrl Pts',(-18.2710776813237,-46.1657521819093,21.));
#8790=CARTESIAN_POINT('Ctrl Pts',(-18.515391103882,-45.7222063029666,21.));
#8791=CARTESIAN_POINT('Ctrl Pts',(-18.6053305964851,-45.4239838041415,21.));
#8792=CARTESIAN_POINT('Ctrl Pts',(-18.6593443140018,-44.8902800419087,21.));
#8793=CARTESIAN_POINT('Ctrl Pts',(-18.6259910338886,-44.55973205601,21.));
#8794=CARTESIAN_POINT('Ctrl Pts',(-18.4666980294269,-44.0114482305911,21.));
#8795=CARTESIAN_POINT('Ctrl Pts',(-18.3056840691557,-43.6973995579897,21.));
#8796=CARTESIAN_POINT('Ctrl Pts',(-18.1266476651021,-43.4640747735648,21.));
#8797=CARTESIAN_POINT('Origin',(2.03947896560129,-20.7847491553261,5.89999999997267));
#8798=CARTESIAN_POINT('Origin',(0.3,-19.4499999999985,5.89999999997267));
#8799=CARTESIAN_POINT('',(-14.1850514630065,-48.6905585838817,-9.19999999999999));
#8800=CARTESIAN_POINT('Origin',(0.300000000000156,-19.4499999999983,-9.19999999999768));
#8801=CARTESIAN_POINT('',(-14.1850514629951,-48.6905585838542,21.0000000000095));
#8802=CARTESIAN_POINT('Origin',(-1.72566615899417,-18.6109416041029,5.89999999997267));
#8803=CARTESIAN_POINT('Origin',(0.299999999999259,-19.4499999999997,21.0000000000074));
#8804=CARTESIAN_POINT('Origin',(0.299999999999996,-19.4499999999985,-6.61610715701999));
#8805=CARTESIAN_POINT('Ctrl Pts',(-14.1850514630065,-48.6905585838817,-9.19999999999999));
#8806=CARTESIAN_POINT('Ctrl Pts',(-13.9414893379144,-48.1340184513458,-10.5113612096777));
#8807=CARTESIAN_POINT('Ctrl Pts',(-13.5060082680981,-47.1399403330327,-11.5942100009087));
#8808=CARTESIAN_POINT('Ctrl Pts',(-12.9770997264123,-45.9406678719848,-12.2000000003479));
#8809=CARTESIAN_POINT('Origin',(-1.60924237557755,-18.6591659141769,5.89999999997267));
#8810=CARTESIAN_POINT('Ctrl Pts',(-11.2834749697364,-47.4149823713454,21.));
#8811=CARTESIAN_POINT('Ctrl Pts',(-11.3960219583541,-47.6866948376705,21.));
#8812=CARTESIAN_POINT('Ctrl Pts',(-11.587489106716,-47.9831613539299,21.));
#8813=CARTESIAN_POINT('Ctrl Pts',(-11.9826703257821,-48.3952550551484,21.));
#8814=CARTESIAN_POINT('Ctrl Pts',(-12.2522566386835,-48.5894138359752,21.));
#8815=CARTESIAN_POINT('Ctrl Pts',(-12.7414645136308,-48.8094884655694,21.));
#8816=CARTESIAN_POINT('Ctrl Pts',(-13.044702519895,-48.8807098295841,21.));
#8817=CARTESIAN_POINT('Ctrl Pts',(-13.5509812300824,-48.8909011386345,21.));
#8818=CARTESIAN_POINT('Ctrl Pts',(-13.8422303718747,-48.8371481889674,21.));
#8819=CARTESIAN_POINT('Ctrl Pts',(-14.0702499450643,-48.7426993892657,21.));
#8820=CARTESIAN_POINT('Ctrl Pts',(-14.1080992589801,-48.7270216901153,21.));
#8821=CARTESIAN_POINT('Ctrl Pts',(-14.1465484321398,-48.7096320356135,21.));
#8822=CARTESIAN_POINT('Ctrl Pts',(-14.1850514629971,-48.6905585838581,21.));
#8823=CARTESIAN_POINT('Origin',(-13.3525329915793,-47.0099773862171,-8.332137780067));
#8824=CARTESIAN_POINT('Ctrl Pts',(-14.1850514630065,-48.6905585838817,-9.19999999999999));
#8825=CARTESIAN_POINT('Ctrl Pts',(-13.9414893379144,-48.1340184513458,-10.5113612096777));
#8826=CARTESIAN_POINT('Ctrl Pts',(-13.5060082680981,-47.1399403330327,-11.5942100009087));
#8827=CARTESIAN_POINT('Ctrl Pts',(-12.9770997264123,-45.9406678719848,-12.2000000003479));
#8828=CARTESIAN_POINT('Ctrl Pts',(-13.6063199873689,-48.9687376220461,-9.21647978447813));
#8829=CARTESIAN_POINT('Ctrl Pts',(-13.3614963798862,-48.4037379257498,-10.5362034175254));
#8830=CARTESIAN_POINT('Ctrl Pts',(-12.9257737836947,-47.399274987827,-11.6175398561242));
#8831=CARTESIAN_POINT('Ctrl Pts',(-12.3981958929595,-46.1890822774199,-12.2172639420538));
#8832=CARTESIAN_POINT('Ctrl Pts',(-12.3793698366665,-48.9913935640402,-9.00842326621775));
#8833=CARTESIAN_POINT('Ctrl Pts',(-12.1591365350846,-48.4677389749195,-10.2196309892273));
#8834=CARTESIAN_POINT('Ctrl Pts',(-11.766018702116,-47.5331335173549,-11.2122306994139));
#8835=CARTESIAN_POINT('Ctrl Pts',(-11.2951483757446,-46.4156977674243,-11.7563060952094));
#8836=CARTESIAN_POINT('Ctrl Pts',(-11.6105351053669,-48.2045753864961,-8.5348276983726));
#8837=CARTESIAN_POINT('Ctrl Pts',(-11.4372149575905,-47.7860488704176,-9.50750989459671));
#8838=CARTESIAN_POINT('Ctrl Pts',(-11.1273055273565,-47.0381707775356,-10.3089013739509));
#8839=CARTESIAN_POINT('Ctrl Pts',(-10.7547901686229,-46.1386243542768,-10.7536541167508));
#8840=CARTESIAN_POINT('Ctrl Pts',(-11.4432906160018,-47.8008114720387,-8.332137780067));
#8841=CARTESIAN_POINT('Ctrl Pts',(-11.2887180133071,-47.4276401982419,-9.2030469587494));
#8842=CARTESIAN_POINT('Ctrl Pts',(-11.0125724022471,-46.7609657188312,-9.92219508090553));
#8843=CARTESIAN_POINT('Ctrl Pts',(-10.6789934523845,-45.9556348939506,-10.3245160180905));
#8844=CARTESIAN_POINT('Ctrl Pts',(28.4200581419717,-28.7934036395958,-12.2000000001034));
#8845=CARTESIAN_POINT('Ctrl Pts',(29.6420665482182,-29.2674224740873,-11.5942100500394));
#8846=CARTESIAN_POINT('Ctrl Pts',(30.652917622232,-29.6624102652078,-10.5113612593545));
#8847=CARTESIAN_POINT('Ctrl Pts',(31.2186753756761,-29.8837191450174,-9.19999999999596));
#8848=CARTESIAN_POINT('Ctrl Pts',(28.186366826312,-29.3784059765159,-12.2172639418118));
#8849=CARTESIAN_POINT('Ctrl Pts',(29.4151561020692,-29.8610875049844,-11.6175399047601));
#8850=CARTESIAN_POINT('Ctrl Pts',(30.4335211376786,-30.2632476880464,-10.536203467519));
#8851=CARTESIAN_POINT('Ctrl Pts',(31.0061527090366,-30.4896463801969,-9.21647978447408));
#8852=CARTESIAN_POINT('Ctrl Pts',(27.5666375166128,-30.3186291692928,-11.7563173846895));
#8853=CARTESIAN_POINT('Ctrl Pts',(28.68973942195,-30.7758199273963,-11.2122420332345));
#8854=CARTESIAN_POINT('Ctrl Pts',(29.628588042113,-31.1587125640572,-10.219636735737));
#8855=CARTESIAN_POINT('Ctrl Pts',(30.1545962339981,-31.3732638221601,-9.00842896684103));
#8856=CARTESIAN_POINT('Ctrl Pts',(26.9886243546415,-30.5047901687719,-10.7536541165712));
#8857=CARTESIAN_POINT('Ctrl Pts',(27.8881077932409,-30.877457377927,-10.3089014100197));
#8858=CARTESIAN_POINT('Ctrl Pts',(28.6360765812105,-31.1871480129809,-9.50750993144368));
#8859=CARTESIAN_POINT('Ctrl Pts',(29.0545753864988,-31.3605351053659,-8.53482769836962));
#8860=CARTESIAN_POINT('Ctrl Pts',(26.8056348942772,-30.4289934525177,-10.3245160179281));
#8861=CARTESIAN_POINT('Ctrl Pts',(27.6109656533188,-30.7625723751089,-9.9221951135345));
#8862=CARTESIAN_POINT('Ctrl Pts',(28.2776401841077,-31.0387180074504,-9.20304699174102));
#8863=CARTESIAN_POINT('Ctrl Pts',(28.6508114720413,-31.1932906160008,-8.33213778006433));
#8864=CARTESIAN_POINT('Ctrl Pts',(28.4200581419717,-28.7934036395958,-12.2000000001034));
#8865=CARTESIAN_POINT('Ctrl Pts',(29.6420665482182,-29.2674224740873,-11.5942100500394));
#8866=CARTESIAN_POINT('Ctrl Pts',(30.652917622232,-29.6624102652078,-10.5113612593545));
#8867=CARTESIAN_POINT('Ctrl Pts',(31.2186753756761,-29.8837191450174,-9.19999999999596));
#8868=CARTESIAN_POINT('Origin',(1.09083408582165,-17.540757624421,5.89999999997267));
#8869=CARTESIAN_POINT('',(31.2186753756468,-29.8837191450054,21.0000000000095));
#8870=CARTESIAN_POINT('Origin',(1.1390583958956,-17.4243338410044,5.89999999997267));
#8871=CARTESIAN_POINT('Ctrl Pts',(31.218675375651,-29.8837191450068,21.));
#8872=CARTESIAN_POINT('Ctrl Pts',(31.2049365885124,-29.9244318662991,21.));
#8873=CARTESIAN_POINT('Ctrl Pts',(31.1900452600609,-29.963915879992,21.));
#8874=CARTESIAN_POINT('Ctrl Pts',(31.1743675609105,-30.0017651939078,21.));
#8875=CARTESIAN_POINT('Ctrl Pts',(31.0799187612088,-30.2297847670974,21.));
#8876=CARTESIAN_POINT('Ctrl Pts',(30.9119835932511,-30.4737380854919,21.));
#8877=CARTESIAN_POINT('Ctrl Pts',(30.5467841403685,-30.8245248508971,21.));
#8878=CARTESIAN_POINT('Ctrl Pts',(30.2820013803654,-30.9885853919798,21.));
#8879=CARTESIAN_POINT('Ctrl Pts',(29.7804629116272,-31.1788913348118,21.));
#8880=CARTESIAN_POINT('Ctrl Pts',(29.4525456111099,-31.2322266542298,21.));
#8881=CARTESIAN_POINT('Ctrl Pts',(28.8817160406949,-31.2202677234132,21.));
#8882=CARTESIAN_POINT('Ctrl Pts',(28.5366948376719,-31.1460219583526,21.));
#8883=CARTESIAN_POINT('Ctrl Pts',(28.2649823713468,-31.0334749697349,21.));
#8884=CARTESIAN_POINT('Origin',(0.300000000000002,-19.4499999999985,5.89999999997267));
#8885=CARTESIAN_POINT('Origin',(0.0138128066071258,-21.6238075512217,5.89999999997267));
#8886=CARTESIAN_POINT('Origin',(0.30000000000135,-19.4499999999989,21.0000000000074));
#8887=CARTESIAN_POINT('Origin',(0.300000000000001,-19.4499999999985,-6.61610715701999));
#8888=CARTESIAN_POINT('Ctrl Pts',(32.2932178992075,-25.8734718522979,-9.19999999999999));
#8889=CARTESIAN_POINT('Ctrl Pts',(31.6926028951852,-25.7822520910297,-10.5113612096777));
#8890=CARTESIAN_POINT('Ctrl Pts',(30.6196863727077,-25.6188960281733,-11.5942100009087));
#8891=CARTESIAN_POINT('Ctrl Pts',(29.3243865261186,-25.4184041612002,-12.2000000003479));
#8892=CARTESIAN_POINT('Origin',(0.0302612207114167,-21.4988694421413,5.89999999997267));
#8893=CARTESIAN_POINT('Ctrl Pts',(32.2932178992075,-25.8734718522979,-9.19999999999999));
#8894=CARTESIAN_POINT('Ctrl Pts',(31.6926028951852,-25.7822520910297,-10.5113612096777));
#8895=CARTESIAN_POINT('Ctrl Pts',(30.6196863727077,-25.6188960281733,-11.5942100009087));
#8896=CARTESIAN_POINT('Ctrl Pts',(29.3243865261186,-25.4184041612002,-12.2000000003479));
#8897=CARTESIAN_POINT('Ctrl Pts',(32.4121314886074,-25.2424621404678,-9.21647978447814));
#8898=CARTESIAN_POINT('Ctrl Pts',(31.8030186778021,-25.1522133769936,-10.5362034175254));
#8899=CARTESIAN_POINT('Ctrl Pts',(30.7200086782364,-24.9913118066686,-11.6175398561242));
#8900=CARTESIAN_POINT('Ctrl Pts',(29.4145050785701,-24.794931618326,-12.2172639420538));
#8901=CARTESIAN_POINT('Ctrl Pts',(32.1164989051316,-24.0514343819524,-9.00844108034602));
#8902=CARTESIAN_POINT('Ctrl Pts',(31.55368684063,-23.9742371288654,-10.2196488033555));
#8903=CARTESIAN_POINT('Ctrl Pts',(30.5491588278367,-23.836406360527,-11.21226597907));
#8904=CARTESIAN_POINT('Ctrl Pts',(29.3479285695215,-23.6707942052122,-11.7563413748655));
#8905=CARTESIAN_POINT('Ctrl Pts',(31.157460312425,-23.5124617193332,-8.53482769837261));
#8906=CARTESIAN_POINT('Ctrl Pts',(30.7083361864136,-23.4533699456213,-9.50750989459665));
#8907=CARTESIAN_POINT('Ctrl Pts',(29.9057309587815,-23.3475855170006,-10.3089013739509));
#8908=CARTESIAN_POINT('Ctrl Pts',(28.9404217671765,-23.2205830576037,-10.7536541167508));
#8909=CARTESIAN_POINT('Ctrl Pts',(30.724168260691,-23.4554177385377,-8.332137780067));
#8910=CARTESIAN_POINT('Ctrl Pts',(30.323706156273,-23.4026959023019,-9.20304695874935));
#8911=CARTESIAN_POINT('Ctrl Pts',(29.6082763155186,-23.3085077769181,-9.92219508090553));
#8912=CARTESIAN_POINT('Ctrl Pts',(28.74404988779,-23.1947302092266,-10.3245160180905));
#8913=CARTESIAN_POINT('Ctrl Pts',(13.5770997266259,-45.9406678724689,-12.2000000001034));
#8914=CARTESIAN_POINT('Ctrl Pts',(14.1060082250707,-47.1399402354719,-11.5942100500394));
#8915=CARTESIAN_POINT('Ctrl Pts',(14.5414893286883,-48.134018430264,-10.5113612593545));
#8916=CARTESIAN_POINT('Ctrl Pts',(14.7850514630073,-48.6905585838834,-9.19999999999596));
#8917=CARTESIAN_POINT('Ctrl Pts',(12.9981958931723,-46.1890822779078,-12.2172639418118));
#8918=CARTESIAN_POINT('Ctrl Pts',(13.525773740776,-47.3992748893786,-11.6175399047601));
#8919=CARTESIAN_POINT('Ctrl Pts',(13.9614963706123,-48.4037379043476,-10.536203467519));
#8920=CARTESIAN_POINT('Ctrl Pts',(14.2063199873696,-48.9687376220478,-9.21647978447408));
#8921=CARTESIAN_POINT('Ctrl Pts',(11.8951504920329,-46.4156947117156,-11.7563017319707));
#8922=CARTESIAN_POINT('Ctrl Pts',(12.3660207799096,-47.5331303702939,-11.2122263805156));
#8923=CARTESIAN_POINT('Ctrl Pts',(12.7591377218886,-48.467733318512,-10.2196288320449));
#8924=CARTESIAN_POINT('Ctrl Pts',(12.9793710318136,-48.9913879274703,-9.00842106314889));
#8925=CARTESIAN_POINT('Ctrl Pts',(11.3547901687734,-46.13862435464,-10.7536541165712));
#8926=CARTESIAN_POINT('Ctrl Pts',(11.7273054970526,-47.038170704358,-10.3089014100197));
#8927=CARTESIAN_POINT('Ctrl Pts',(12.0372149510252,-47.7860488545638,-9.50750993144369));
#8928=CARTESIAN_POINT('Ctrl Pts',(12.2105351053674,-48.2045753864973,-8.53482769836961));
#8929=CARTESIAN_POINT('Ctrl Pts',(11.2789934525192,-45.9556348942757,-10.3245160179281));
#8930=CARTESIAN_POINT('Ctrl Pts',(11.6125723751104,-46.7609656533173,-9.9221951135345));
#8931=CARTESIAN_POINT('Ctrl Pts',(11.8887180074519,-47.4276401841062,-9.20304699174103));
#8932=CARTESIAN_POINT('Ctrl Pts',(12.0432906160023,-47.8008114720398,-8.33213778006433));
#8933=CARTESIAN_POINT('',(14.7850514630073,-48.6905585838834,-9.19999999999798));
#8934=CARTESIAN_POINT('Ctrl Pts',(13.5770997266259,-45.9406678724689,-12.2000000001034));
#8935=CARTESIAN_POINT('Ctrl Pts',(14.1060082250707,-47.1399402354719,-11.5942100500394));
#8936=CARTESIAN_POINT('Ctrl Pts',(14.5414893286883,-48.134018430264,-10.5113612593545));
#8937=CARTESIAN_POINT('Ctrl Pts',(14.7850514630073,-48.6905585838834,-9.19999999999596));
#8938=CARTESIAN_POINT('Origin',(13.9525329915798,-47.0099773862182,-8.33213778006432));
#8939=CARTESIAN_POINT('Origin',(2.20924237557754,-18.6591659141769,5.89999999997267));
#8940=CARTESIAN_POINT('',(14.7850514629952,-48.6905585838542,21.0000000000095));
#8941=CARTESIAN_POINT('Ctrl Pts',(14.7850514629971,-48.6905585838581,21.));
#8942=CARTESIAN_POINT('Ctrl Pts',(14.7465484321398,-48.7096320356135,21.));
#8943=CARTESIAN_POINT('Ctrl Pts',(14.7080992589801,-48.7270216901153,21.));
#8944=CARTESIAN_POINT('Ctrl Pts',(14.6702499450643,-48.7426993892657,21.));
#8945=CARTESIAN_POINT('Ctrl Pts',(14.4422303718747,-48.8371481889674,21.));
#8946=CARTESIAN_POINT('Ctrl Pts',(14.1509812300824,-48.8909011386344,21.));
#8947=CARTESIAN_POINT('Ctrl Pts',(13.644702519895,-48.8807098295841,21.));
#8948=CARTESIAN_POINT('Ctrl Pts',(13.3414645136308,-48.8094884655694,21.));
#8949=CARTESIAN_POINT('Ctrl Pts',(12.8522566386835,-48.5894138359752,21.));
#8950=CARTESIAN_POINT('Ctrl Pts',(12.5826703257821,-48.3952550551483,21.));
#8951=CARTESIAN_POINT('Ctrl Pts',(12.187489106716,-47.9831613539299,21.));
#8952=CARTESIAN_POINT('Ctrl Pts',(11.9960219583541,-47.6866948376704,21.));
#8953=CARTESIAN_POINT('Ctrl Pts',(11.8834749697364,-47.4149823713453,21.));
#8954=CARTESIAN_POINT('Origin',(2.32566615899417,-18.6109416041029,5.89999999997267));
#8955=CARTESIAN_POINT('Origin',(0.3,-19.4499999999985,5.89999999997267));
#8956=CARTESIAN_POINT('',(18.3805408229866,-46.6147018340287,-9.19999999999999));
#8957=CARTESIAN_POINT('Origin',(0.299999999999903,-19.4499999999983,-9.19999999999768));
#8958=CARTESIAN_POINT('',(18.3805408229685,-46.6147018340051,21.0000000000095));
#8959=CARTESIAN_POINT('Origin',(-1.4394789656013,-20.7847491553261,5.89999999997267));
#8960=CARTESIAN_POINT('Origin',(0.300000000000666,-19.4499999999998,21.0000000000074));
#8961=CARTESIAN_POINT('Origin',(0.299999999999998,-19.4499999999985,-6.61610715701999));
#8962=CARTESIAN_POINT('Ctrl Pts',(18.3805408229867,-46.6147018340287,-9.19999999999999));
#8963=CARTESIAN_POINT('Ctrl Pts',(18.0203439925311,-46.1255007800312,-10.5113612096777));
#8964=CARTESIAN_POINT('Ctrl Pts',(17.3771876236338,-45.2513240515466,-11.5942100009087));
#8965=CARTESIAN_POINT('Ctrl Pts',(16.6030414771502,-44.1936395876442,-12.2000000003479));
#8966=CARTESIAN_POINT('Origin',(-1.33950359628896,-20.7080353563196,5.89999999997267));
#8967=CARTESIAN_POINT('Ctrl Pts',(18.7266476651022,-43.4640747735648,21.));
#8968=CARTESIAN_POINT('Ctrl Pts',(18.9056840691558,-43.6973995579897,21.));
#8969=CARTESIAN_POINT('Ctrl Pts',(19.066698029427,-44.0114482305911,21.));
#8970=CARTESIAN_POINT('Ctrl Pts',(19.2259910338886,-44.55973205601,21.));
#8971=CARTESIAN_POINT('Ctrl Pts',(19.2593443140018,-44.8902800419087,21.));
#8972=CARTESIAN_POINT('Ctrl Pts',(19.2053305964852,-45.4239838041415,21.));
#8973=CARTESIAN_POINT('Ctrl Pts',(19.115391103882,-45.7222063029666,21.));
#8974=CARTESIAN_POINT('Ctrl Pts',(18.8710776813237,-46.1657521819093,21.));
#8975=CARTESIAN_POINT('Ctrl Pts',(18.6789016904875,-46.3911048626983,21.));
#8976=CARTESIAN_POINT('Ctrl Pts',(18.4830968439941,-46.5413512057898,21.));
#8977=CARTESIAN_POINT('Ctrl Pts',(18.4505949012991,-46.5662908235814,21.));
#8978=CARTESIAN_POINT('Ctrl Pts',(18.4163104321577,-46.5908939570413,21.));
#8979=CARTESIAN_POINT('Ctrl Pts',(18.380540822971,-46.6147018340088,21.));
#8980=CARTESIAN_POINT('Origin',(17.3413740484002,-45.0534290898206,-8.332137780067));
#8981=CARTESIAN_POINT('Ctrl Pts',(18.3805408229867,-46.6147018340287,-9.19999999999999));
#8982=CARTESIAN_POINT('Ctrl Pts',(18.0203439925311,-46.1255007800312,-10.5113612096777));
#8983=CARTESIAN_POINT('Ctrl Pts',(17.3771876236338,-45.2513240515466,-11.5942100009087));
#8984=CARTESIAN_POINT('Ctrl Pts',(16.6030414771502,-44.1936395876442,-12.2000000003479));
#8985=CARTESIAN_POINT('Ctrl Pts',(18.9108166746562,-46.252595193239,-9.21647978447813));
#8986=CARTESIAN_POINT('Ctrl Pts',(18.5439243882745,-45.7580718815647,-10.5362034175254));
#8987=CARTESIAN_POINT('Ctrl Pts',(17.8918952649691,-44.8784935752986,-11.6175398561242));
#8988=CARTESIAN_POINT('Ctrl Pts',(17.1076265796494,-43.8165013642434,-12.2172639420538));
#8989=CARTESIAN_POINT('Ctrl Pts',(19.5438934633542,-45.2013470105311,-9.00841566344724));
#8990=CARTESIAN_POINT('Ctrl Pts',(19.2005119371583,-44.7487920820415,-10.2196233864567));
#8991=CARTESIAN_POINT('Ctrl Pts',(18.5876849077244,-43.9410465281271,-11.2122156426497));
#8992=CARTESIAN_POINT('Ctrl Pts',(17.8553923243733,-42.9745429886359,-11.7562910384452));
#8993=CARTESIAN_POINT('Ctrl Pts',(19.2469252070582,-44.1421136671614,-8.5348276983726));
#8994=CARTESIAN_POINT('Ctrl Pts',(18.971130685865,-43.7827507581601,-9.50750989459667));
#8995=CARTESIAN_POINT('Ctrl Pts',(18.4784039736123,-43.1404222722641,-10.3089013739509));
#8996=CARTESIAN_POINT('Ctrl Pts',(17.8856315985535,-42.3680412966716,-10.7536541167508));
#8997=CARTESIAN_POINT('Ctrl Pts',(18.9808776446892,-43.7953937334996,-8.332137780067));
#8998=CARTESIAN_POINT('Ctrl Pts',(18.7349881429659,-43.4749442959385,-9.20304695874936));
#8999=CARTESIAN_POINT('Ctrl Pts',(18.2957039132714,-42.9024579419116,-9.92219508090553));
#9000=CARTESIAN_POINT('Ctrl Pts',(17.7650564354055,-42.2109046847225,-10.3245160180905));
#9001=CARTESIAN_POINT('Ctrl Pts',(-29.2801412040886,-17.7029717156007,-12.2000000001034));
#9002=CARTESIAN_POINT('Ctrl Pts',(-30.5831957857281,-17.56138373003,-11.5942100500394));
#9003=CARTESIAN_POINT('Ctrl Pts',(-31.6618333075751,-17.4414823312348,-10.5113612593545));
#9004=CARTESIAN_POINT('Ctrl Pts',(-32.265592285995,-17.3741432501454,-9.19999999999596));
#9005=CARTESIAN_POINT('Ctrl Pts',(-29.2058224731378,-17.0774190867623,-12.2172639418118));
#9006=CARTESIAN_POINT('Ctrl Pts',(-30.5176689419456,-16.9292185995256,-11.6175399047601));
#9007=CARTESIAN_POINT('Ctrl Pts',(-31.6054207449888,-16.8043339584831,-10.536203467519));
#9008=CARTESIAN_POINT('Ctrl Pts',(-32.2171366620269,-16.7338575711913,-9.21647978447408));
#9009=CARTESIAN_POINT('Ctrl Pts',(-28.8505934628216,-16.0087596022835,-11.756415885959));
#9010=CARTESIAN_POINT('Ctrl Pts',(-30.0537562741833,-15.8578274041829,-11.2123405345039));
#9011=CARTESIAN_POINT('Ctrl Pts',(-31.0597751573906,-15.7309622991069,-10.2196864730203));
#9012=CARTESIAN_POINT('Ctrl Pts',(-31.6233900065198,-15.6598626357823,-9.00847870412425));
#9013=CARTESIAN_POINT('Ctrl Pts',(-28.3404217675663,-15.679416942342,-10.7536541165712));
#9014=CARTESIAN_POINT('Ctrl Pts',(-29.3057094224433,-15.5522515050719,-10.3089014100197));
#9015=CARTESIAN_POINT('Ctrl Pts',(-30.1083456264431,-15.4467018899822,-9.50750993144367));
#9016=CARTESIAN_POINT('Ctrl Pts',(-30.5574603124264,-15.3875382806636,-8.53482769836961));
#9017=CARTESIAN_POINT('Ctrl Pts',(-28.1440498881389,-15.7052697907246,-10.3245160179281));
#9018=CARTESIAN_POINT('Ctrl Pts',(-29.0082762452136,-15.5914922323348,-9.9221951135345));
#9019=CARTESIAN_POINT('Ctrl Pts',(-29.7237061411036,-15.4973040996922,-9.20304699174101));
#9020=CARTESIAN_POINT('Ctrl Pts',(-30.1241682606922,-15.4445822614592,-8.33213778006432));
#9021=CARTESIAN_POINT('',(-32.265592285995,-17.3741432501454,-9.19999999999798));
#9022=CARTESIAN_POINT('Ctrl Pts',(-29.2801412040886,-17.7029717156007,-12.2000000001034));
#9023=CARTESIAN_POINT('Ctrl Pts',(-30.5831957857281,-17.56138373003,-11.5942100500394));
#9024=CARTESIAN_POINT('Ctrl Pts',(-31.6618333075751,-17.4414823312348,-10.5113612593545));
#9025=CARTESIAN_POINT('Ctrl Pts',(-32.265592285995,-17.3741432501454,-9.19999999999596));
#9026=CARTESIAN_POINT('Origin',(-30.3939070399808,-17.4934517036019,-8.33213778006432));
#9027=CARTESIAN_POINT('Origin',(0.0302612207114178,-21.4988694421412,5.89999999997267));
#9028=CARTESIAN_POINT('',(-32.2655922859637,-17.3741432501495,21.0000000000095));
#9029=CARTESIAN_POINT('Ctrl Pts',(-32.2655922859681,-17.3741432501492,21.));
#9030=CARTESIAN_POINT('Ctrl Pts',(-32.2628588642974,-17.3312619214264,21.));
#9031=CARTESIAN_POINT('Ctrl Pts',(-32.2586941602792,-17.2892691334647,21.));
#9032=CARTESIAN_POINT('Ctrl Pts',(-32.2533467890584,-17.2486518165226,21.));
#9033=CARTESIAN_POINT('Ctrl Pts',(-32.2211320623622,-17.0039566737294,21.));
#9034=CARTESIAN_POINT('Ctrl Pts',(-32.1220589114061,-16.7248510432733,21.));
#9035=CARTESIAN_POINT('Ctrl Pts',(-31.860093623777,-16.291496473381,21.));
#9036=CARTESIAN_POINT('Ctrl Pts',(-31.6467951101159,-16.0644953385706,21.));
#9037=CARTESIAN_POINT('Ctrl Pts',(-31.2116009526853,-15.750866205932,21.));
#9038=CARTESIAN_POINT('Ctrl Pts',(-30.9086613596707,-15.6144770008602,21.));
#9039=CARTESIAN_POINT('Ctrl Pts',(-30.354187136143,-15.4782868766597,21.));
#9040=CARTESIAN_POINT('Ctrl Pts',(-30.0017060275098,-15.4607047203178,21.));
#9041=CARTESIAN_POINT('Ctrl Pts',(-29.7101226348385,-15.499092402218,21.));
#9042=CARTESIAN_POINT('Origin',(0.0138128066071275,-21.6238075512217,5.89999999997267));
#9043=CARTESIAN_POINT('Origin',(0.300000000000002,-19.4499999999985,5.89999999997267));
#9044=CARTESIAN_POINT('',(-32.2655922859932,-21.5258567498515,-9.19999999999999));
#9045=CARTESIAN_POINT('Origin',(0.300000000000256,-19.4499999999986,-9.19999999999768));
#9046=CARTESIAN_POINT('',(-32.2655922859637,-21.5258567498476,21.0000000000095));
#9047=CARTESIAN_POINT('Origin',(0.0138128066071271,-17.2761924487753,5.89999999997267));
#9048=CARTESIAN_POINT('Origin',(0.299999999998595,-19.4499999999985,21.0000000000074));
#9049=CARTESIAN_POINT('Origin',(0.300000000000002,-19.4499999999985,-6.61610715701999));
#9050=CARTESIAN_POINT('Ctrl Pts',(-32.2655922859932,-21.5258567498515,-9.19999999999999));
#9051=CARTESIAN_POINT('Ctrl Pts',(-31.6618333304455,-21.458517671313,-10.5113612096777));
#9052=CARTESIAN_POINT('Ctrl Pts',(-30.583195891732,-21.3386162814846,-11.5942100009087));
#9053=CARTESIAN_POINT('Ctrl Pts',(-29.2801412035625,-21.1970282843391,-12.2000000003479));
#9054=CARTESIAN_POINT('Origin',(0.0302612207114173,-17.4011305578558,5.89999999997267));
#9055=CARTESIAN_POINT('Ctrl Pts',(-29.7101226348385,-23.400907597779,21.));
#9056=CARTESIAN_POINT('Ctrl Pts',(-30.0017060275098,-23.4392952796792,21.));
#9057=CARTESIAN_POINT('Ctrl Pts',(-30.354187136143,-23.4217131233373,21.));
#9058=CARTESIAN_POINT('Ctrl Pts',(-30.9086613596708,-23.2855229991368,21.));
#9059=CARTESIAN_POINT('Ctrl Pts',(-31.2116009526853,-23.1491337940651,21.));
#9060=CARTESIAN_POINT('Ctrl Pts',(-31.6467951101159,-22.8355046614264,21.));
#9061=CARTESIAN_POINT('Ctrl Pts',(-31.860093623777,-22.608503526616,21.));
#9062=CARTESIAN_POINT('Ctrl Pts',(-32.1220589114061,-22.1751489567237,21.));
#9063=CARTESIAN_POINT('Ctrl Pts',(-32.2211320623622,-21.8960433262676,21.));
#9064=CARTESIAN_POINT('Ctrl Pts',(-32.2533467890585,-21.6513481834744,21.));
#9065=CARTESIAN_POINT('Ctrl Pts',(-32.2586941602792,-21.6107308665324,21.));
#9066=CARTESIAN_POINT('Ctrl Pts',(-32.2628588642974,-21.5687380785707,21.));
#9067=CARTESIAN_POINT('Ctrl Pts',(-32.2655922859681,-21.5258567498479,21.));
#9068=CARTESIAN_POINT('Origin',(-30.3939070399796,-21.4065482963949,-8.332137780067));
#9069=CARTESIAN_POINT('Ctrl Pts',(-32.2655922859932,-21.5258567498515,-9.19999999999999));
#9070=CARTESIAN_POINT('Ctrl Pts',(-31.6618333304455,-21.458517671313,-10.5113612096777));
#9071=CARTESIAN_POINT('Ctrl Pts',(-30.583195891732,-21.3386162814846,-11.5942100009087));
#9072=CARTESIAN_POINT('Ctrl Pts',(-29.2801412035625,-21.1970282843391,-12.2000000003479));
#9073=CARTESIAN_POINT('Ctrl Pts',(-32.217136662025,-22.1661424288055,-9.21647978447813));
#9074=CARTESIAN_POINT('Ctrl Pts',(-31.6054207681606,-22.0956660441836,-10.5362034175254));
#9075=CARTESIAN_POINT('Ctrl Pts',(-30.5176690486638,-21.9707814125269,-11.6175398561242));
#9076=CARTESIAN_POINT('Ctrl Pts',(-29.2058224726089,-21.822580913175,-12.2172639420538));
#9077=CARTESIAN_POINT('Ctrl Pts',(-31.6233485233686,-23.2401000501415,-9.00845737045019));
#9078=CARTESIAN_POINT('Ctrl Pts',(-31.0597336955908,-23.1690003895104,-10.2196650934597));
#9079=CARTESIAN_POINT('Ctrl Pts',(-30.0537409880268,-23.0421400645464,-11.2122982405012));
#9080=CARTESIAN_POINT('Ctrl Pts',(-28.8505780783043,-22.891207854107,-11.7563736362967));
#9081=CARTESIAN_POINT('Ctrl Pts',(-30.557460312425,-23.5124617193332,-8.53482769837261));
#9082=CARTESIAN_POINT('Ctrl Pts',(-30.1083456434555,-23.453298112256,-9.50750989459668));
#9083=CARTESIAN_POINT('Ctrl Pts',(-29.3057095009688,-23.34774850527,-10.3089013739509));
#9084=CARTESIAN_POINT('Ctrl Pts',(-28.3404217671765,-23.2205830576037,-10.7536541167508));
#9085=CARTESIAN_POINT('Ctrl Pts',(-30.124168260691,-23.4554177385377,-8.332137780067));
#9086=CARTESIAN_POINT('Ctrl Pts',(-29.723706156273,-23.4026959023019,-9.20304695874937));
#9087=CARTESIAN_POINT('Ctrl Pts',(-29.0082763155186,-23.3085077769181,-9.92219508090553));
#9088=CARTESIAN_POINT('Ctrl Pts',(-28.14404988779,-23.1947302092266,-10.3245160180905));
#9089=CARTESIAN_POINT('Origin',(0.300000000000002,-19.4499999999985,19.5));
#9090=CARTESIAN_POINT('',(22.8917908114577,-32.9999999999985,19.5));
#9091=CARTESIAN_POINT('',(22.8917908114577,-37.9999999999985,19.5));
#9092=CARTESIAN_POINT('',(22.8917908114576,-0.899999999998473,19.5));
#9093=CARTESIAN_POINT('',(17.5917908114577,-37.9999999999985,19.5));
#9094=CARTESIAN_POINT('',(22.8917908114577,-37.9999999999985,19.5));
#9095=CARTESIAN_POINT('',(17.5917908114577,-32.9999999999985,19.5));
#9096=CARTESIAN_POINT('',(17.5917908114577,-9.49999999999852,19.5));
#9097=CARTESIAN_POINT('',(11.5958954057289,-32.9999999999986,19.5));
#9098=CARTESIAN_POINT('Origin',(17.5917908114577,-9.49999999999852,19.5));
#9099=CARTESIAN_POINT('',(22.8917908114576,-9.49999999999849,21.));
#9100=CARTESIAN_POINT('',(22.8917908114576,-9.49999999999849,19.5));
#9101=CARTESIAN_POINT('',(17.5917908114577,-9.49999999999852,21.));
#9102=CARTESIAN_POINT('',(8.94589540572882,-9.49999999999858,21.));
#9103=CARTESIAN_POINT('',(17.5917908114577,-9.49999999999852,19.5));
#9104=CARTESIAN_POINT('Origin',(22.8917908114577,-32.9999999999985,19.5));
#9105=CARTESIAN_POINT('',(17.5917908114577,-32.9999999999985,21.));
#9106=CARTESIAN_POINT('',(17.5917908114577,-32.9999999999985,19.5));
#9107=CARTESIAN_POINT('',(22.8917908114577,-32.9999999999985,21.));
#9108=CARTESIAN_POINT('',(11.5958954057289,-32.9999999999986,21.));
#9109=CARTESIAN_POINT('',(22.8917908114577,-32.9999999999985,19.5));
#9110=CARTESIAN_POINT('Origin',(0.300000000000002,-19.4499999999985,21.));
#9111=CARTESIAN_POINT('',(17.5917908114577,-26.2249999999985,21.));
#9112=CARTESIAN_POINT('',(22.8917908114576,-14.4749999999985,21.));
#9113=CARTESIAN_POINT('Origin',(0.300000000000002,-19.4499999999985,6.4));
#9114=CARTESIAN_POINT('',(22.8917908114576,-0.899999999998473,6.4));
#9115=CARTESIAN_POINT('Origin',(0.300000000000002,-19.4499999999985,6.4));
#9116=CARTESIAN_POINT('',(12.0917908114575,4.58497280761379,6.4));
#9117=CARTESIAN_POINT('',(12.0917908114575,4.58497280761379,6.4));
#9118=CARTESIAN_POINT('',(13.5917908114575,4.58497280761381,6.4));
#9119=CARTESIAN_POINT('',(13.5917908114575,4.58497280761381,6.4));
#9120=CARTESIAN_POINT('',(13.5917908114576,-9.49999999999852,6.4));
#9121=CARTESIAN_POINT('',(13.5917908114576,-0.899999999998523,6.4));
#9122=CARTESIAN_POINT('',(17.5917908114577,-9.49999999999852,6.4));
#9123=CARTESIAN_POINT('',(17.5917908114577,-9.49999999999852,6.4));
#9124=CARTESIAN_POINT('',(17.5917908114577,-37.9999999999985,6.4));
#9125=CARTESIAN_POINT('',(17.5917908114577,-9.49999999999852,6.4));
#9126=CARTESIAN_POINT('',(22.8917908114577,-37.9999999999985,6.4));
#9127=CARTESIAN_POINT('Origin',(0.300000000000002,-19.4499999999985,6.4));
#9128=CARTESIAN_POINT('',(-21.656815566111,-2.699999999993,6.4));
#9129=CARTESIAN_POINT('',(-23.656815566111,-2.69999999999217,6.4));
#9130=CARTESIAN_POINT('',(-11.678407783052,-2.69999999999711,6.4));
#9131=CARTESIAN_POINT('',(-21.6568155661105,-36.1999999999993,6.4));
#9132=CARTESIAN_POINT('',(-21.656815566111,-2.699999999993,6.4));
#9133=CARTESIAN_POINT('',(-23.6568155661105,-36.1999999999993,6.4));
#9134=CARTESIAN_POINT('',(-10.6784077830553,-36.1999999999993,6.4));
#9135=CARTESIAN_POINT('Origin',(0.300000000000002,-19.4499999999985,6.4));
#9136=CARTESIAN_POINT('Origin',(0.300000000000002,-19.4499999999985,6.4));
#9137=CARTESIAN_POINT('',(19.9917908114574,-0.899999999998489,6.4));
#9138=CARTESIAN_POINT('',(13.5917908114576,-0.899999999998523,6.4));
#9139=CARTESIAN_POINT('',(19.9917908114574,-0.899999999998489,6.4));
#9140=CARTESIAN_POINT('Origin',(12.0917908114575,4.58497280761379,6.4));
#9141=CARTESIAN_POINT('',(12.0917908114575,4.58497280761379,6.4));
#9142=CARTESIAN_POINT('Origin',(13.5917908114575,4.58497280761381,6.4));
#9143=CARTESIAN_POINT('',(13.5917908114575,4.58497280761381,6.4));
#9144=CARTESIAN_POINT('Origin',(13.5917908114577,-9.49999999999852,6.4));
#9145=CARTESIAN_POINT('',(13.5917908114576,-9.49999999999852,6.4));
#9146=CARTESIAN_POINT('Origin',(17.5917908114577,-9.49999999999852,6.4));
#9147=CARTESIAN_POINT('',(17.5917908114577,-9.49999999999852,6.4));
#9148=CARTESIAN_POINT('Origin',(17.5917908114577,-37.9999999999985,6.4));
#9149=CARTESIAN_POINT('',(17.5917908114577,-37.9999999999985,6.4));
#9150=CARTESIAN_POINT('Origin',(22.8917908114577,-37.9999999999985,6.4));
#9151=CARTESIAN_POINT('',(22.8917908114577,-37.9999999999985,6.4));
#9152=CARTESIAN_POINT('Origin',(22.8917908114576,-0.899999999998473,6.4));
#9153=CARTESIAN_POINT('',(22.8917908114576,-0.899999999998473,6.4));
#9154=CARTESIAN_POINT('Origin',(19.9917908114574,-0.899999999998489,6.4));
#9155=CARTESIAN_POINT('',(19.9917908114574,-0.899999999998489,6.4));
#9156=CARTESIAN_POINT('Origin',(19.9917908114576,2.15381648474454,6.4));
#9157=CARTESIAN_POINT('Origin',(-21.6568155661105,-36.1999999999993,-8.2));
#9158=CARTESIAN_POINT('',(-21.6568155661105,-36.1999999999993,-8.2));
#9159=CARTESIAN_POINT('',(-23.6568155661105,-36.1999999999993,-8.2));
#9160=CARTESIAN_POINT('Origin',(-21.656815566111,-2.699999999993,-8.2));
#9161=CARTESIAN_POINT('',(-21.656815566111,-2.699999999993,-8.2));
#9162=CARTESIAN_POINT('Origin',(-23.656815566111,-2.69999999999217,-8.2));
#9163=CARTESIAN_POINT('',(-23.656815566111,-2.69999999999217,-8.2));
#9164=CARTESIAN_POINT('Origin',(0.300000000000002,-19.4499999999985,-8.2));
#9165=CARTESIAN_POINT('',(-0.300000000000002,-19.4499999999985,21.));
#9166=UNCERTAINTY_MEASURE_WITH_UNIT(LENGTH_MEASURE(0.01),#9172,
'DISTANCE_ACCURACY_VALUE',
'Maximum model space distance between geometric entities at asserted c
onnectivities');
#9167=UNCERTAINTY_MEASURE_WITH_UNIT(LENGTH_MEASURE(0.01),#9172,
'DISTANCE_ACCURACY_VALUE',
'Maximum model space distance between geometric entities at asserted c
onnectivities');
#9168=UNCERTAINTY_MEASURE_WITH_UNIT(LENGTH_MEASURE(0.01),#9172,
'DISTANCE_ACCURACY_VALUE',
'Maximum model space distance between geometric entities at asserted c
onnectivities');
#9169=(
GEOMETRIC_REPRESENTATION_CONTEXT(3)
GLOBAL_UNCERTAINTY_ASSIGNED_CONTEXT((#9166))
GLOBAL_UNIT_ASSIGNED_CONTEXT((#9172,#9174,#9175))
REPRESENTATION_CONTEXT('','3D')
);
#9170=(
GEOMETRIC_REPRESENTATION_CONTEXT(3)
GLOBAL_UNCERTAINTY_ASSIGNED_CONTEXT((#9167))
GLOBAL_UNIT_ASSIGNED_CONTEXT((#9172,#9174,#9175))
REPRESENTATION_CONTEXT('','3D')
);
#9171=(
GEOMETRIC_REPRESENTATION_CONTEXT(3)
GLOBAL_UNCERTAINTY_ASSIGNED_CONTEXT((#9168))
GLOBAL_UNIT_ASSIGNED_CONTEXT((#9172,#9174,#9175))
REPRESENTATION_CONTEXT('','3D')
);
#9172=(
LENGTH_UNIT()
NAMED_UNIT(*)
SI_UNIT(.MILLI.,.METRE.)
);
#9173=(
LENGTH_UNIT()
NAMED_UNIT(*)
SI_UNIT($,.METRE.)
);
#9174=(
NAMED_UNIT(*)
PLANE_ANGLE_UNIT()
SI_UNIT($,.RADIAN.)
);
#9175=(
NAMED_UNIT(*)
SI_UNIT($,.STERADIAN.)
SOLID_ANGLE_UNIT()
);
#9176=SHAPE_DEFINITION_REPRESENTATION(#9178,#9181);
#9177=SHAPE_DEFINITION_REPRESENTATION(#9179,#9182);
#9178=PRODUCT_DEFINITION_SHAPE('',$,#9184);
#9179=PRODUCT_DEFINITION_SHAPE('',$,#9185);
#9180=PRODUCT_DEFINITION_SHAPE($,$,#14);
#9181=SHAPE_REPRESENTATION('',(#3683,#4126),#9169);
#9182=SHAPE_REPRESENTATION('',(#3684),#9170);
#9183=PRODUCT_DEFINITION_CONTEXT('part definition',#9191,'design');
#9184=PRODUCT_DEFINITION('2026-09-30-18-07-03-177','PRINT_LAYOUT',#9186,
#9183);
#9185=PRODUCT_DEFINITION('2026-09-30-18-07-03-163','PumpkinCover',#9187,
#9183);
#9186=PRODUCT_DEFINITION_FORMATION('',$,#9193);
#9187=PRODUCT_DEFINITION_FORMATION('',$,#9194);
#9188=PRODUCT_RELATED_PRODUCT_CATEGORY('PRINT_LAYOUT','PRINT_LAYOUT',(#9193));
#9189=PRODUCT_RELATED_PRODUCT_CATEGORY('PumpkinCover','PumpkinCover',(#9194));
#9190=APPLICATION_PROTOCOL_DEFINITION('international standard',
'automotive_design',2009,#9191);
#9191=APPLICATION_CONTEXT(
'Core Data for Automotive Mechanical Design Process');
#9192=PRODUCT_CONTEXT('part definition',#9191,'mechanical');
#9193=PRODUCT('2026-09-30-18-07-03-177','PRINT_LAYOUT',$,(#9192));
#9194=PRODUCT('2026-09-30-18-07-03-163','PumpkinCover',$,(#9192));
#9195=PRESENTATION_STYLE_ASSIGNMENT((#9197));
#9196=PRESENTATION_STYLE_ASSIGNMENT((#9198));
#9197=SURFACE_STYLE_USAGE(.BOTH.,#9199);
#9198=SURFACE_STYLE_USAGE(.BOTH.,#9200);
#9199=SURFACE_SIDE_STYLE('',(#9201));
#9200=SURFACE_SIDE_STYLE('',(#9202));
#9201=SURFACE_STYLE_FILL_AREA(#9203);
#9202=SURFACE_STYLE_FILL_AREA(#9204);
#9203=FILL_AREA_STYLE('Steel - Satin',(#9205));
#9204=FILL_AREA_STYLE('Plastic - Matte (Red)',(#9206));
#9205=FILL_AREA_STYLE_COLOUR('Steel - Satin',#9207);
#9206=FILL_AREA_STYLE_COLOUR('Plastic - Matte (Red)',#9208);
#9207=COLOUR_RGB('Steel - Satin',0.627450980392157,0.627450980392157,0.627450980392157);
#9208=COLOUR_RGB('Plastic - Matte (Red)',0.901960784313726,0.392156862745098,
0.0784313725490196);
ENDSEC;
END-ISO-10303-21;
