ISO-10303-21;
HEADER;
/* Generated by software containing ST-Developer
 * from STEP Tools, Inc. (www.steptools.com) 
 */

FILE_DESCRIPTION(
/* description */ (''),
/* implementation_level */ '2;1');

FILE_NAME(
/* name */ 'Belly.step',
/* time_stamp */ '2026-10-08T19:25:22+02:00',
/* author */ (''),
/* organization */ (''),
/* preprocessor_version */ 'ST-DEVELOPER v20.2',
/* originating_system */ 'Autodesk Translation Framework v15.15.0.0',
/* authorisation */ '');

FILE_SCHEMA (('AUTOMOTIVE_DESIGN { 1 0 10303 214 3 1 1 }'));
ENDSEC;

DATA;
#10=MECHANICAL_DESIGN_GEOMETRIC_PRESENTATION_REPRESENTATION('',(#17),#1849);
#11=ITEM_DEFINED_TRANSFORMATION($,$,#908,#1001);
#12=(
REPRESENTATION_RELATIONSHIP($,$,#1860,#1859)
REPRESENTATION_RELATIONSHIP_WITH_TRANSFORMATION(#11)
SHAPE_REPRESENTATION_RELATIONSHIP()
);
#13=CONTEXT_DEPENDENT_SHAPE_REPRESENTATION(#12,#1858);
#14=NEXT_ASSEMBLY_USAGE_OCCURRENCE('Belly:1','Belly:1','Belly:1',#1862,
#1863,'Belly:1');
#15=SHAPE_REPRESENTATION_RELATIONSHIP('SRR','None',#1860,#16);
#16=ADVANCED_BREP_SHAPE_REPRESENTATION('',(#18),#1848);
#17=STYLED_ITEM('',(#1873),#18);
#18=MANIFOLD_SOLID_BREP('Body1',#894);
#19=CONICAL_SURFACE('',#946,14.,0.785398163397445);
#20=CONICAL_SURFACE('',#951,14.,0.785398163397451);
#21=SPHERICAL_SURFACE('',#942,1.);
#22=SPHERICAL_SURFACE('',#957,1.);
#23=B_SPLINE_SURFACE_WITH_KNOTS('',3,3,((#1360,#1361,#1362,#1363,#1364),
(#1365,#1366,#1367,#1368,#1369),(#1370,#1371,#1372,#1373,#1374),(#1375,
#1376,#1377,#1378,#1379),(#1380,#1381,#1382,#1383,#1384),(#1385,#1386,#1387,
#1388,#1389)),.UNSPECIFIED.,.F.,.F.,.F.,(4,1,1,4),(4,1,4),(0.,0.285714285714286,
0.571428571428571,1.),(0.102218340101839,0.265359760241619,0.428501180381399),
 .UNSPECIFIED.);
#24=B_SPLINE_SURFACE_WITH_KNOTS('',3,3,((#1414,#1415,#1416,#1417),(#1418,
#1419,#1420,#1421),(#1422,#1423,#1424,#1425),(#1426,#1427,#1428,#1429),
(#1430,#1431,#1432,#1433),(#1434,#1435,#1436,#1437)),.UNSPECIFIED.,.F.,
 .F.,.F.,(4,1,1,4),(4,4),(0.,0.285714285714286,0.571428571428571,1.),(5.60289017170593E-15,
0.0638632521923285),.UNSPECIFIED.);
#25=B_SPLINE_SURFACE_WITH_KNOTS('',3,3,((#1449,#1450,#1451,#1452),(#1453,
#1454,#1455,#1456),(#1457,#1458,#1459,#1460),(#1461,#1462,#1463,#1464),
(#1465,#1466,#1467,#1468),(#1469,#1470,#1471,#1472)),.UNSPECIFIED.,.F.,
 .F.,.F.,(4,1,1,4),(4,4),(0.,0.285714285714286,0.571428571428571,1.),(0.,
0.0638632521872157),.UNSPECIFIED.);
#26=B_SPLINE_SURFACE_WITH_KNOTS('',3,3,((#1486,#1487,#1488,#1489,#1490),
(#1491,#1492,#1493,#1494,#1495),(#1496,#1497,#1498,#1499,#1500),(#1501,
#1502,#1503,#1504,#1505),(#1506,#1507,#1508,#1509,#1510),(#1511,#1512,#1513,
#1514,#1515)),.UNSPECIFIED.,.F.,.F.,.F.,(4,1,1,4),(4,1,4),(0.,0.285714285714286,
0.571428571428571,1.),(0.,0.16314141669856,0.32628283339712),
 .UNSPECIFIED.);
#27=B_SPLINE_SURFACE_WITH_KNOTS('',3,3,((#1572,#1573,#1574,#1575),(#1576,
#1577,#1578,#1579),(#1580,#1581,#1582,#1583),(#1584,#1585,#1586,#1587),
(#1588,#1589,#1590,#1591),(#1592,#1593,#1594,#1595)),.UNSPECIFIED.,.F.,
 .F.,.F.,(4,1,1,4),(4,4),(0.,0.285714285714286,0.571428571428571,1.),(0.,
0.0638632521872163),.UNSPECIFIED.);
#28=B_SPLINE_SURFACE_WITH_KNOTS('',3,3,((#1604,#1605,#1606,#1607),(#1608,
#1609,#1610,#1611),(#1612,#1613,#1614,#1615),(#1616,#1617,#1618,#1619),
(#1620,#1621,#1622,#1623),(#1624,#1625,#1626,#1627)),.UNSPECIFIED.,.F.,
 .F.,.F.,(4,1,1,4),(4,4),(0.,0.285714285714286,0.571428571428571,1.),(0.,
0.326282842098305),.UNSPECIFIED.);
#29=B_SPLINE_SURFACE_WITH_KNOTS('',3,3,((#1655,#1656,#1657,#1658),(#1659,
#1660,#1661,#1662),(#1663,#1664,#1665,#1666),(#1667,#1668,#1669,#1670),
(#1671,#1672,#1673,#1674),(#1675,#1676,#1677,#1678)),.UNSPECIFIED.,.F.,
 .F.,.F.,(4,1,1,4),(4,4),(0.,0.285714285714286,0.571428571428571,1.),(0.102127760464708,
0.428410602241913),.UNSPECIFIED.);
#30=B_SPLINE_SURFACE_WITH_KNOTS('',3,3,((#1696,#1697,#1698,#1699),(#1700,
#1701,#1702,#1703),(#1704,#1705,#1706,#1707),(#1708,#1709,#1710,#1711),
(#1712,#1713,#1714,#1715),(#1716,#1717,#1718,#1719)),.UNSPECIFIED.,.F.,
 .F.,.F.,(4,1,1,4),(4,4),(0.,0.285714285714286,0.571428571428571,1.),(0.,
0.0638632521923225),.UNSPECIFIED.);
#31=FACE_BOUND('',#232,.T.);
#32=FACE_BOUND('',#233,.T.);
#33=FACE_BOUND('',#234,.T.);
#34=FACE_BOUND('',#235,.T.);
#35=FACE_BOUND('',#236,.T.);
#36=FACE_BOUND('',#262,.T.);
#37=FACE_BOUND('',#265,.T.);
#38=FACE_BOUND('',#269,.T.);
#39=FACE_BOUND('',#284,.T.);
#40=FACE_BOUND('',#285,.T.);
#41=FACE_BOUND('',#286,.T.);
#42=FACE_BOUND('',#287,.T.);
#43=PLANE('',#927);
#44=PLANE('',#960);
#45=PLANE('',#964);
#46=PLANE('',#965);
#47=PLANE('',#966);
#48=PLANE('',#967);
#49=PLANE('',#968);
#50=PLANE('',#969);
#51=PLANE('',#970);
#52=PLANE('',#971);
#53=PLANE('',#972);
#54=PLANE('',#974);
#55=PLANE('',#975);
#56=PLANE('',#976);
#57=PLANE('',#988);
#58=PLANE('',#991);
#59=PLANE('',#994);
#60=PLANE('',#997);
#61=PLANE('',#1000);
#62=LINE('',#1282,#114);
#63=LINE('',#1301,#115);
#64=LINE('',#1305,#116);
#65=LINE('',#1309,#117);
#66=LINE('',#1316,#118);
#67=LINE('',#1320,#119);
#68=LINE('',#1324,#120);
#69=LINE('',#1327,#121);
#70=LINE('',#1729,#122);
#71=LINE('',#1730,#123);
#72=LINE('',#1735,#124);
#73=LINE('',#1740,#125);
#74=LINE('',#1742,#126);
#75=LINE('',#1744,#127);
#76=LINE('',#1745,#128);
#77=LINE('',#1748,#129);
#78=LINE('',#1750,#130);
#79=LINE('',#1751,#131);
#80=LINE('',#1754,#132);
#81=LINE('',#1756,#133);
#82=LINE('',#1757,#134);
#83=LINE('',#1760,#135);
#84=LINE('',#1762,#136);
#85=LINE('',#1763,#137);
#86=LINE('',#1766,#138);
#87=LINE('',#1768,#139);
#88=LINE('',#1769,#140);
#89=LINE('',#1771,#141);
#90=LINE('',#1772,#142);
#91=LINE('',#1777,#143);
#92=LINE('',#1779,#144);
#93=LINE('',#1781,#145);
#94=LINE('',#1782,#146);
#95=LINE('',#1786,#147);
#96=LINE('',#1787,#148);
#97=LINE('',#1796,#149);
#98=LINE('',#1800,#150);
#99=LINE('',#1804,#151);
#100=LINE('',#1808,#152);
#101=LINE('',#1811,#153);
#102=LINE('',#1813,#154);
#103=LINE('',#1814,#155);
#104=LINE('',#1818,#156);
#105=LINE('',#1821,#157);
#106=LINE('',#1822,#158);
#107=LINE('',#1826,#159);
#108=LINE('',#1829,#160);
#109=LINE('',#1830,#161);
#110=LINE('',#1834,#162);
#111=LINE('',#1836,#163);
#112=LINE('',#1838,#164);
#113=LINE('',#1839,#165);
#114=VECTOR('',#1022,13.);
#115=VECTOR('',#1037,11.);
#116=VECTOR('',#1040,10.);
#117=VECTOR('',#1043,10.);
#118=VECTOR('',#1050,10.);
#119=VECTOR('',#1053,10.);
#120=VECTOR('',#1056,10.);
#121=VECTOR('',#1059,10.);
#122=VECTOR('',#1118,10.);
#123=VECTOR('',#1119,10.);
#124=VECTOR('',#1124,0.8);
#125=VECTOR('',#1129,10.);
#126=VECTOR('',#1130,10.);
#127=VECTOR('',#1131,10.);
#128=VECTOR('',#1132,10.);
#129=VECTOR('',#1135,10.);
#130=VECTOR('',#1136,10.);
#131=VECTOR('',#1137,10.);
#132=VECTOR('',#1140,10.);
#133=VECTOR('',#1141,10.);
#134=VECTOR('',#1142,10.);
#135=VECTOR('',#1145,10.);
#136=VECTOR('',#1146,10.);
#137=VECTOR('',#1147,10.);
#138=VECTOR('',#1150,10.);
#139=VECTOR('',#1151,10.);
#140=VECTOR('',#1152,10.);
#141=VECTOR('',#1155,10.);
#142=VECTOR('',#1156,10.);
#143=VECTOR('',#1161,10.);
#144=VECTOR('',#1162,10.);
#145=VECTOR('',#1163,10.);
#146=VECTOR('',#1164,10.);
#147=VECTOR('',#1171,10.);
#148=VECTOR('',#1172,10.);
#149=VECTOR('',#1187,1.05);
#150=VECTOR('',#1192,1.05);
#151=VECTOR('',#1197,1.05);
#152=VECTOR('',#1202,1.05);
#153=VECTOR('',#1205,10.);
#154=VECTOR('',#1206,10.);
#155=VECTOR('',#1207,10.);
#156=VECTOR('',#1212,10.);
#157=VECTOR('',#1215,10.);
#158=VECTOR('',#1216,10.);
#159=VECTOR('',#1221,10.);
#160=VECTOR('',#1224,10.);
#161=VECTOR('',#1225,10.);
#162=VECTOR('',#1230,10.);
#163=VECTOR('',#1233,10.);
#164=VECTOR('',#1234,10.);
#165=VECTOR('',#1235,10.);
#166=CYLINDRICAL_SURFACE('',#914,13.);
#167=CYLINDRICAL_SURFACE('',#923,11.);
#168=CYLINDRICAL_SURFACE('',#961,0.8);
#169=CYLINDRICAL_SURFACE('',#979,13.);
#170=CYLINDRICAL_SURFACE('',#980,1.05);
#171=CYLINDRICAL_SURFACE('',#982,1.05);
#172=CYLINDRICAL_SURFACE('',#984,1.05);
#173=CYLINDRICAL_SURFACE('',#986,1.05);
#174=CYLINDRICAL_SURFACE('',#989,17.3499999999955);
#175=CYLINDRICAL_SURFACE('',#992,17.3499999999955);
#176=CYLINDRICAL_SURFACE('',#995,2.);
#177=CYLINDRICAL_SURFACE('',#998,2.00000000000001);
#178=FACE_OUTER_BOUND('',#227,.T.);
#179=FACE_OUTER_BOUND('',#228,.T.);
#180=FACE_OUTER_BOUND('',#229,.T.);
#181=FACE_OUTER_BOUND('',#230,.T.);
#182=FACE_OUTER_BOUND('',#231,.T.);
#183=FACE_OUTER_BOUND('',#237,.T.);
#184=FACE_OUTER_BOUND('',#238,.T.);
#185=FACE_OUTER_BOUND('',#239,.T.);
#186=FACE_OUTER_BOUND('',#240,.T.);
#187=FACE_OUTER_BOUND('',#241,.T.);
#188=FACE_OUTER_BOUND('',#242,.T.);
#189=FACE_OUTER_BOUND('',#243,.T.);
#190=FACE_OUTER_BOUND('',#244,.T.);
#191=FACE_OUTER_BOUND('',#245,.T.);
#192=FACE_OUTER_BOUND('',#246,.T.);
#193=FACE_OUTER_BOUND('',#247,.T.);
#194=FACE_OUTER_BOUND('',#248,.T.);
#195=FACE_OUTER_BOUND('',#249,.T.);
#196=FACE_OUTER_BOUND('',#250,.T.);
#197=FACE_OUTER_BOUND('',#251,.T.);
#198=FACE_OUTER_BOUND('',#252,.T.);
#199=FACE_OUTER_BOUND('',#253,.T.);
#200=FACE_OUTER_BOUND('',#254,.T.);
#201=FACE_OUTER_BOUND('',#255,.T.);
#202=FACE_OUTER_BOUND('',#256,.T.);
#203=FACE_OUTER_BOUND('',#257,.T.);
#204=FACE_OUTER_BOUND('',#258,.T.);
#205=FACE_OUTER_BOUND('',#259,.T.);
#206=FACE_OUTER_BOUND('',#260,.T.);
#207=FACE_OUTER_BOUND('',#261,.T.);
#208=FACE_OUTER_BOUND('',#263,.T.);
#209=FACE_OUTER_BOUND('',#264,.T.);
#210=FACE_OUTER_BOUND('',#266,.T.);
#211=FACE_OUTER_BOUND('',#267,.T.);
#212=FACE_OUTER_BOUND('',#268,.T.);
#213=FACE_OUTER_BOUND('',#270,.T.);
#214=FACE_OUTER_BOUND('',#271,.T.);
#215=FACE_OUTER_BOUND('',#272,.T.);
#216=FACE_OUTER_BOUND('',#273,.T.);
#217=FACE_OUTER_BOUND('',#274,.T.);
#218=FACE_OUTER_BOUND('',#275,.T.);
#219=FACE_OUTER_BOUND('',#276,.T.);
#220=FACE_OUTER_BOUND('',#277,.T.);
#221=FACE_OUTER_BOUND('',#278,.T.);
#222=FACE_OUTER_BOUND('',#279,.T.);
#223=FACE_OUTER_BOUND('',#280,.T.);
#224=FACE_OUTER_BOUND('',#281,.T.);
#225=FACE_OUTER_BOUND('',#282,.T.);
#226=FACE_OUTER_BOUND('',#283,.T.);
#227=EDGE_LOOP('',(#579,#580,#581,#582,#583,#584));
#228=EDGE_LOOP('',(#585,#586,#587,#588,#589,#590,#591,#592));
#229=EDGE_LOOP('',(#593,#594,#595,#596,#597));
#230=EDGE_LOOP('',(#598,#599,#600,#601,#602,#603,#604,#605,#606));
#231=EDGE_LOOP('',(#607,#608,#609,#610,#611,#612,#613,#614));
#232=EDGE_LOOP('',(#615));
#233=EDGE_LOOP('',(#616));
#234=EDGE_LOOP('',(#617));
#235=EDGE_LOOP('',(#618));
#236=EDGE_LOOP('',(#619));
#237=EDGE_LOOP('',(#620,#621,#622,#623,#624));
#238=EDGE_LOOP('',(#625,#626,#627,#628,#629));
#239=EDGE_LOOP('',(#630,#631,#632,#633));
#240=EDGE_LOOP('',(#634,#635,#636,#637));
#241=EDGE_LOOP('',(#638,#639,#640,#641,#642));
#242=EDGE_LOOP('',(#643,#644,#645));
#243=EDGE_LOOP('',(#646,#647,#648,#649,#650));
#244=EDGE_LOOP('',(#651,#652,#653,#654));
#245=EDGE_LOOP('',(#655,#656,#657,#658));
#246=EDGE_LOOP('',(#659,#660,#661,#662));
#247=EDGE_LOOP('',(#663,#664,#665,#666));
#248=EDGE_LOOP('',(#667,#668,#669,#670,#671));
#249=EDGE_LOOP('',(#672,#673,#674,#675,#676));
#250=EDGE_LOOP('',(#677,#678,#679,#680));
#251=EDGE_LOOP('',(#681,#682,#683));
#252=EDGE_LOOP('',(#684,#685,#686,#687));
#253=EDGE_LOOP('',(#688,#689,#690,#691,#692,#693,#694,#695));
#254=EDGE_LOOP('',(#696,#697,#698,#699));
#255=EDGE_LOOP('',(#700,#701,#702,#703));
#256=EDGE_LOOP('',(#704,#705,#706,#707));
#257=EDGE_LOOP('',(#708,#709,#710,#711));
#258=EDGE_LOOP('',(#712,#713,#714,#715));
#259=EDGE_LOOP('',(#716,#717,#718,#719));
#260=EDGE_LOOP('',(#720,#721,#722,#723));
#261=EDGE_LOOP('',(#724,#725,#726,#727,#728,#729));
#262=EDGE_LOOP('',(#730));
#263=EDGE_LOOP('',(#731,#732,#733,#734));
#264=EDGE_LOOP('',(#735,#736));
#265=EDGE_LOOP('',(#737,#738,#739,#740,#741,#742));
#266=EDGE_LOOP('',(#743,#744,#745,#746,#747,#748,#749,#750));
#267=EDGE_LOOP('',(#751,#752,#753,#754,#755,#756));
#268=EDGE_LOOP('',(#757,#758,#759,#760,#761,#762,#763,#764));
#269=EDGE_LOOP('',(#765));
#270=EDGE_LOOP('',(#766,#767,#768,#769,#770,#771,#772,#773));
#271=EDGE_LOOP('',(#774,#775,#776,#777));
#272=EDGE_LOOP('',(#778,#779,#780,#781));
#273=EDGE_LOOP('',(#782,#783,#784,#785));
#274=EDGE_LOOP('',(#786,#787,#788,#789));
#275=EDGE_LOOP('',(#790,#791,#792,#793));
#276=EDGE_LOOP('',(#794,#795,#796,#797));
#277=EDGE_LOOP('',(#798,#799,#800,#801));
#278=EDGE_LOOP('',(#802,#803,#804,#805));
#279=EDGE_LOOP('',(#806,#807,#808,#809));
#280=EDGE_LOOP('',(#810,#811,#812,#813));
#281=EDGE_LOOP('',(#814,#815,#816,#817,#818,#819));
#282=EDGE_LOOP('',(#820,#821,#822,#823));
#283=EDGE_LOOP('',(#824,#825,#826,#827,#828,#829,#830,#831,#832,#833,#834));
#284=EDGE_LOOP('',(#835));
#285=EDGE_LOOP('',(#836));
#286=EDGE_LOOP('',(#837));
#287=EDGE_LOOP('',(#838));
#288=B_SPLINE_CURVE_WITH_KNOTS('',3,(#1254,#1255,#1256,#1257,#1258,#1259,
#1260,#1261,#1262,#1263,#1264,#1265,#1266,#1267),.UNSPECIFIED.,.F.,.F.,
(4,2,2,2,2,2,4),(2.87870032175441,3.07179267729306,3.26488503283172,3.96527424303533,
4.66566345323894,4.8587558087776,5.05184816431625),.UNSPECIFIED.);
#289=B_SPLINE_CURVE_WITH_KNOTS('',3,(#1274,#1275,#1276,#1277,#1278,#1279),
 .UNSPECIFIED.,.F.,.F.,(4,2,4),(0.148170310412691,0.310359467594119,0.311190861497163),
 .UNSPECIFIED.);
#290=B_SPLINE_CURVE_WITH_KNOTS('',3,(#1285,#1286,#1287,#1288,#1289,#1290),
 .UNSPECIFIED.,.F.,.F.,(4,2,4),(-0.000812812063042035,0.,0.158569978324305),
 .UNSPECIFIED.);
#291=B_SPLINE_CURVE_WITH_KNOTS('',3,(#1338,#1339,#1340,#1341,#1342,#1343,
#1344,#1345,#1346,#1347),.UNSPECIFIED.,.F.,.F.,(4,2,2,2,4),(1.09014145820941,
1.19465463772287,1.28166151273317,1.3574486415325,1.42659152133995),
 .UNSPECIFIED.);
#292=B_SPLINE_CURVE_WITH_KNOTS('',3,(#1349,#1350,#1351,#1352,#1353,#1354,
#1355,#1356,#1357,#1358),.UNSPECIFIED.,.F.,.F.,(4,2,2,2,4),(0.,0.0691428798074405,
0.144930008606776,0.231936883617073,0.336450063130532),.UNSPECIFIED.);
#293=B_SPLINE_CURVE_WITH_KNOTS('',3,(#1391,#1392,#1393,#1394,#1395,#1396,
#1397,#1398,#1399,#1400),.UNSPECIFIED.,.F.,.F.,(4,2,2,2,4),(0.,0.0451601578164419,
0.0906813672940897,0.130642128806933,0.146080911464546),.UNSPECIFIED.);
#294=B_SPLINE_CURVE_WITH_KNOTS('',3,(#1402,#1403,#1404,#1405,#1406),
 .UNSPECIFIED.,.F.,.F.,(4,1,4),(0.229610113958274,0.265359760241619,0.428501180381399),
 .UNSPECIFIED.);
#295=B_SPLINE_CURVE_WITH_KNOTS('',3,(#1409,#1410,#1411,#1412,#1413),
 .UNSPECIFIED.,.F.,.F.,(4,1,4),(-0.428501180381399,-0.265359760241619,-0.102218340101839),
 .UNSPECIFIED.);
#296=B_SPLINE_CURVE_WITH_KNOTS('',3,(#1441,#1442,#1443,#1444),
 .UNSPECIFIED.,.F.,.F.,(4,4),(-0.0638632521923285,-5.60289017170593E-15),
 .UNSPECIFIED.);
#297=B_SPLINE_CURVE_WITH_KNOTS('',3,(#1445,#1446,#1447,#1448),
 .UNSPECIFIED.,.F.,.F.,(4,4),(5.60289017170593E-15,0.0638632521923285),
 .UNSPECIFIED.);
#298=B_SPLINE_CURVE_WITH_KNOTS('',3,(#1477,#1478,#1479,#1480),
 .UNSPECIFIED.,.F.,.F.,(4,4),(-0.0638632521872157,0.),.UNSPECIFIED.);
#299=B_SPLINE_CURVE_WITH_KNOTS('',3,(#1482,#1483,#1484,#1485),
 .UNSPECIFIED.,.F.,.F.,(4,4),(0.,0.0638632521872157),.UNSPECIFIED.);
#300=B_SPLINE_CURVE_WITH_KNOTS('',3,(#1518,#1519,#1520,#1521,#1522,#1523),
 .UNSPECIFIED.,.F.,.F.,(4,2,4),(-0.000812972202161774,0.,0.158569558570976),
 .UNSPECIFIED.);
#301=B_SPLINE_CURVE_WITH_KNOTS('',3,(#1524,#1525,#1526,#1527,#1528),
 .UNSPECIFIED.,.F.,.F.,(4,1,4),(-0.32628283339712,-0.16314141669856,0.),
 .UNSPECIFIED.);
#302=B_SPLINE_CURVE_WITH_KNOTS('',3,(#1530,#1531,#1532,#1533,#1534),
 .UNSPECIFIED.,.F.,.F.,(4,1,4),(0.,0.16314141669856,0.198891023206342),
 .UNSPECIFIED.);
#303=B_SPLINE_CURVE_WITH_KNOTS('',3,(#1535,#1536,#1537,#1538,#1539,#1540,
#1541,#1542,#1543,#1544),.UNSPECIFIED.,.F.,.F.,(4,2,2,2,4),(0.0752660512255804,
0.105888178468866,0.145247770093169,0.18280097150391,0.220904768496829),
 .UNSPECIFIED.);
#304=B_SPLINE_CURVE_WITH_KNOTS('',3,(#1550,#1551,#1552,#1553),
 .UNSPECIFIED.,.F.,.F.,(4,4),(0.102127760464708,0.428410602241913),
 .UNSPECIFIED.);
#305=B_SPLINE_CURVE_WITH_KNOTS('',3,(#1557,#1558,#1559,#1560),
 .UNSPECIFIED.,.F.,.F.,(4,4),(-0.0638632521923225,0.),.UNSPECIFIED.);
#306=B_SPLINE_CURVE_WITH_KNOTS('',3,(#1568,#1569,#1570,#1571),
 .UNSPECIFIED.,.F.,.F.,(4,4),(-0.0638632521872163,0.),.UNSPECIFIED.);
#307=B_SPLINE_CURVE_WITH_KNOTS('',3,(#1600,#1601,#1602,#1603),
 .UNSPECIFIED.,.F.,.F.,(4,4),(0.,0.0638632521872163),.UNSPECIFIED.);
#308=B_SPLINE_CURVE_WITH_KNOTS('',3,(#1630,#1631,#1632,#1633,#1634,#1635),
 .UNSPECIFIED.,.F.,.F.,(4,2,4),(0.148170709929433,0.310359608037401,0.311190960685367),
 .UNSPECIFIED.);
#309=B_SPLINE_CURVE_WITH_KNOTS('',3,(#1637,#1638,#1639,#1640,#1641,#1642,
#1643,#1644,#1645,#1646),.UNSPECIFIED.,.F.,.F.,(4,2,2,2,4),(0.,0.0451601413420554,
0.0906813542425918,0.130642115058742,0.146080911438654),.UNSPECIFIED.);
#310=B_SPLINE_CURVE_WITH_KNOTS('',3,(#1647,#1648,#1649,#1650),
 .UNSPECIFIED.,.F.,.F.,(4,4),(-0.19822875353408,0.),.UNSPECIFIED.);
#311=B_SPLINE_CURVE_WITH_KNOTS('',3,(#1651,#1652,#1653,#1654),
 .UNSPECIFIED.,.F.,.F.,(4,4),(0.,0.326282842098305),.UNSPECIFIED.);
#312=B_SPLINE_CURVE_WITH_KNOTS('',3,(#1682,#1683,#1684,#1685),
 .UNSPECIFIED.,.F.,.F.,(4,4),(-0.428410602241913,-0.230181847208397),
 .UNSPECIFIED.);
#313=B_SPLINE_CURVE_WITH_KNOTS('',3,(#1686,#1687,#1688,#1689,#1690,#1691,
#1692,#1693,#1694,#1695),.UNSPECIFIED.,.F.,.F.,(4,2,2,2,4),(0.0752660516148472,
0.105888141467394,0.145247631013395,0.18280087405709,0.220904769059836),
 .UNSPECIFIED.);
#314=B_SPLINE_CURVE_WITH_KNOTS('',3,(#1721,#1722,#1723,#1724),
 .UNSPECIFIED.,.F.,.F.,(4,4),(0.,0.0638632521923225),.UNSPECIFIED.);
#315=CIRCLE('',#910,13.);
#316=CIRCLE('',#911,5.);
#317=CIRCLE('',#912,18.);
#318=CIRCLE('',#913,18.);
#319=CIRCLE('',#915,13.);
#320=CIRCLE('',#916,13.);
#321=CIRCLE('',#917,13.);
#322=CIRCLE('',#919,13.);
#323=CIRCLE('',#920,2.);
#324=CIRCLE('',#921,11.);
#325=CIRCLE('',#922,11.);
#326=CIRCLE('',#924,11.);
#327=CIRCLE('',#925,11.);
#328=CIRCLE('',#926,11.);
#329=CIRCLE('',#928,2.00000000000001);
#330=CIRCLE('',#929,17.3499999999955);
#331=CIRCLE('',#930,17.3499999999955);
#332=CIRCLE('',#931,2.);
#333=CIRCLE('',#932,1.05);
#334=CIRCLE('',#933,1.05);
#335=CIRCLE('',#934,1.05);
#336=CIRCLE('',#935,1.05);
#337=CIRCLE('',#937,9.);
#338=CIRCLE('',#938,1.);
#339=CIRCLE('',#939,1.);
#340=CIRCLE('',#940,1.);
#341=CIRCLE('',#941,0.999999999993895);
#342=CIRCLE('',#943,1.);
#343=CIRCLE('',#945,13.8786796564403);
#344=CIRCLE('',#947,14.2928932188135);
#345=CIRCLE('',#949,14.2928932188135);
#346=CIRCLE('',#950,1.);
#347=CIRCLE('',#952,13.8786796564404);
#348=CIRCLE('',#953,1.);
#349=CIRCLE('',#954,0.999999999988188);
#350=CIRCLE('',#955,0.99999999999986);
#351=CIRCLE('',#956,0.999999999993889);
#352=CIRCLE('',#959,13.);
#353=CIRCLE('',#962,0.8);
#354=CIRCLE('',#963,0.8);
#355=CIRCLE('',#973,13.);
#356=CIRCLE('',#977,13.);
#357=CIRCLE('',#978,13.);
#358=CIRCLE('',#981,1.05);
#359=CIRCLE('',#983,1.05);
#360=CIRCLE('',#985,1.05);
#361=CIRCLE('',#987,1.05);
#362=CIRCLE('',#990,17.3499999999955);
#363=CIRCLE('',#993,17.3499999999955);
#364=CIRCLE('',#996,2.);
#365=CIRCLE('',#999,2.00000000000001);
#366=VERTEX_POINT('',#1247);
#367=VERTEX_POINT('',#1249);
#368=VERTEX_POINT('',#1251);
#369=VERTEX_POINT('',#1253);
#370=VERTEX_POINT('',#1270);
#371=VERTEX_POINT('',#1271);
#372=VERTEX_POINT('',#1273);
#373=VERTEX_POINT('',#1280);
#374=VERTEX_POINT('',#1283);
#375=VERTEX_POINT('',#1292);
#376=VERTEX_POINT('',#1294);
#377=VERTEX_POINT('',#1296);
#378=VERTEX_POINT('',#1300);
#379=VERTEX_POINT('',#1302);
#380=VERTEX_POINT('',#1304);
#381=VERTEX_POINT('',#1306);
#382=VERTEX_POINT('',#1308);
#383=VERTEX_POINT('',#1312);
#384=VERTEX_POINT('',#1313);
#385=VERTEX_POINT('',#1315);
#386=VERTEX_POINT('',#1317);
#387=VERTEX_POINT('',#1319);
#388=VERTEX_POINT('',#1321);
#389=VERTEX_POINT('',#1323);
#390=VERTEX_POINT('',#1325);
#391=VERTEX_POINT('',#1328);
#392=VERTEX_POINT('',#1330);
#393=VERTEX_POINT('',#1332);
#394=VERTEX_POINT('',#1334);
#395=VERTEX_POINT('',#1337);
#396=VERTEX_POINT('',#1348);
#397=VERTEX_POINT('',#1390);
#398=VERTEX_POINT('',#1401);
#399=VERTEX_POINT('',#1407);
#400=VERTEX_POINT('',#1438);
#401=VERTEX_POINT('',#1439);
#402=VERTEX_POINT('',#1473);
#403=VERTEX_POINT('',#1474);
#404=VERTEX_POINT('',#1476);
#405=VERTEX_POINT('',#1516);
#406=VERTEX_POINT('',#1517);
#407=VERTEX_POINT('',#1529);
#408=VERTEX_POINT('',#1548);
#409=VERTEX_POINT('',#1555);
#410=VERTEX_POINT('',#1562);
#411=VERTEX_POINT('',#1566);
#412=VERTEX_POINT('',#1596);
#413=VERTEX_POINT('',#1598);
#414=VERTEX_POINT('',#1628);
#415=VERTEX_POINT('',#1629);
#416=VERTEX_POINT('',#1636);
#417=VERTEX_POINT('',#1679);
#418=VERTEX_POINT('',#1681);
#419=VERTEX_POINT('',#1732);
#420=VERTEX_POINT('',#1734);
#421=VERTEX_POINT('',#1738);
#422=VERTEX_POINT('',#1739);
#423=VERTEX_POINT('',#1741);
#424=VERTEX_POINT('',#1743);
#425=VERTEX_POINT('',#1747);
#426=VERTEX_POINT('',#1749);
#427=VERTEX_POINT('',#1753);
#428=VERTEX_POINT('',#1755);
#429=VERTEX_POINT('',#1759);
#430=VERTEX_POINT('',#1761);
#431=VERTEX_POINT('',#1765);
#432=VERTEX_POINT('',#1767);
#433=VERTEX_POINT('',#1775);
#434=VERTEX_POINT('',#1776);
#435=VERTEX_POINT('',#1778);
#436=VERTEX_POINT('',#1780);
#437=VERTEX_POINT('',#1794);
#438=VERTEX_POINT('',#1798);
#439=VERTEX_POINT('',#1802);
#440=VERTEX_POINT('',#1806);
#441=VERTEX_POINT('',#1810);
#442=VERTEX_POINT('',#1812);
#443=VERTEX_POINT('',#1816);
#444=VERTEX_POINT('',#1820);
#445=VERTEX_POINT('',#1824);
#446=VERTEX_POINT('',#1828);
#447=VERTEX_POINT('',#1832);
#448=VERTEX_POINT('',#1837);
#449=EDGE_CURVE('',#366,#366,#315,.T.);
#450=EDGE_CURVE('',#366,#367,#316,.T.);
#451=EDGE_CURVE('',#367,#368,#317,.T.);
#452=EDGE_CURVE('',#369,#368,#288,.F.);
#453=EDGE_CURVE('',#369,#367,#318,.T.);
#454=EDGE_CURVE('',#370,#371,#319,.T.);
#455=EDGE_CURVE('',#372,#370,#289,.F.);
#456=EDGE_CURVE('',#373,#372,#320,.T.);
#457=EDGE_CURVE('',#373,#366,#62,.T.);
#458=EDGE_CURVE('',#374,#373,#321,.T.);
#459=EDGE_CURVE('',#374,#371,#290,.T.);
#460=EDGE_CURVE('',#375,#375,#322,.T.);
#461=EDGE_CURVE('',#375,#376,#323,.T.);
#462=EDGE_CURVE('',#376,#377,#324,.T.);
#463=EDGE_CURVE('',#377,#376,#325,.T.);
#464=EDGE_CURVE('',#377,#378,#63,.T.);
#465=EDGE_CURVE('',#379,#378,#326,.T.);
#466=EDGE_CURVE('',#379,#380,#64,.T.);
#467=EDGE_CURVE('',#380,#381,#327,.T.);
#468=EDGE_CURVE('',#381,#382,#65,.T.);
#469=EDGE_CURVE('',#378,#382,#328,.T.);
#470=EDGE_CURVE('',#383,#384,#329,.T.);
#471=EDGE_CURVE('',#385,#383,#66,.T.);
#472=EDGE_CURVE('',#386,#385,#330,.T.);
#473=EDGE_CURVE('',#387,#386,#67,.T.);
#474=EDGE_CURVE('',#388,#387,#331,.T.);
#475=EDGE_CURVE('',#389,#388,#68,.T.);
#476=EDGE_CURVE('',#390,#389,#332,.T.);
#477=EDGE_CURVE('',#384,#390,#69,.T.);
#478=EDGE_CURVE('',#391,#391,#333,.T.);
#479=EDGE_CURVE('',#392,#392,#334,.T.);
#480=EDGE_CURVE('',#393,#393,#335,.T.);
#481=EDGE_CURVE('',#394,#394,#336,.T.);
#482=EDGE_CURVE('',#395,#379,#291,.T.);
#483=EDGE_CURVE('',#382,#396,#292,.T.);
#484=EDGE_CURVE('',#396,#395,#337,.T.);
#485=EDGE_CURVE('',#370,#397,#293,.F.);
#486=EDGE_CURVE('',#397,#398,#294,.T.);
#487=EDGE_CURVE('',#398,#399,#338,.T.);
#488=EDGE_CURVE('',#399,#372,#295,.T.);
#489=EDGE_CURVE('',#400,#401,#339,.T.);
#490=EDGE_CURVE('',#401,#399,#296,.T.);
#491=EDGE_CURVE('',#398,#400,#297,.T.);
#492=EDGE_CURVE('',#402,#403,#340,.T.);
#493=EDGE_CURVE('',#403,#404,#298,.T.);
#494=EDGE_CURVE('',#404,#400,#341,.T.);
#495=EDGE_CURVE('',#400,#402,#299,.T.);
#496=EDGE_CURVE('',#405,#406,#300,.T.);
#497=EDGE_CURVE('',#405,#403,#301,.T.);
#498=EDGE_CURVE('',#402,#407,#302,.T.);
#499=EDGE_CURVE('',#406,#407,#303,.T.);
#500=EDGE_CURVE('',#404,#401,#342,.T.);
#501=EDGE_CURVE('',#399,#408,#343,.T.);
#502=EDGE_CURVE('',#374,#408,#304,.T.);
#503=EDGE_CURVE('',#409,#401,#344,.T.);
#504=EDGE_CURVE('',#408,#409,#305,.T.);
#505=EDGE_CURVE('',#404,#410,#345,.T.);
#506=EDGE_CURVE('',#409,#410,#346,.T.);
#507=EDGE_CURVE('',#411,#403,#347,.T.);
#508=EDGE_CURVE('',#410,#411,#306,.T.);
#509=EDGE_CURVE('',#412,#410,#348,.T.);
#510=EDGE_CURVE('',#411,#413,#349,.T.);
#511=EDGE_CURVE('',#413,#412,#307,.T.);
#512=EDGE_CURVE('',#414,#415,#308,.F.);
#513=EDGE_CURVE('',#415,#416,#309,.F.);
#514=EDGE_CURVE('',#416,#413,#310,.T.);
#515=EDGE_CURVE('',#411,#414,#311,.T.);
#516=EDGE_CURVE('',#408,#417,#350,.T.);
#517=EDGE_CURVE('',#417,#418,#312,.T.);
#518=EDGE_CURVE('',#371,#418,#313,.T.);
#519=EDGE_CURVE('',#409,#412,#351,.T.);
#520=EDGE_CURVE('',#412,#417,#314,.T.);
#521=EDGE_CURVE('',#405,#414,#352,.T.);
#522=EDGE_CURVE('',#396,#416,#70,.T.);
#523=EDGE_CURVE('',#381,#418,#71,.T.);
#524=EDGE_CURVE('',#419,#419,#353,.T.);
#525=EDGE_CURVE('',#419,#420,#72,.T.);
#526=EDGE_CURVE('',#420,#420,#354,.T.);
#527=EDGE_CURVE('',#421,#422,#73,.T.);
#528=EDGE_CURVE('',#421,#423,#74,.T.);
#529=EDGE_CURVE('',#423,#424,#75,.T.);
#530=EDGE_CURVE('',#422,#424,#76,.T.);
#531=EDGE_CURVE('',#425,#421,#77,.T.);
#532=EDGE_CURVE('',#425,#426,#78,.T.);
#533=EDGE_CURVE('',#426,#423,#79,.T.);
#534=EDGE_CURVE('',#427,#425,#80,.T.);
#535=EDGE_CURVE('',#427,#428,#81,.T.);
#536=EDGE_CURVE('',#428,#426,#82,.T.);
#537=EDGE_CURVE('',#429,#427,#83,.T.);
#538=EDGE_CURVE('',#429,#430,#84,.T.);
#539=EDGE_CURVE('',#430,#428,#85,.T.);
#540=EDGE_CURVE('',#431,#429,#86,.T.);
#541=EDGE_CURVE('',#431,#432,#87,.T.);
#542=EDGE_CURVE('',#432,#430,#88,.T.);
#543=EDGE_CURVE('',#422,#431,#89,.T.);
#544=EDGE_CURVE('',#424,#432,#90,.T.);
#545=EDGE_CURVE('',#433,#434,#91,.T.);
#546=EDGE_CURVE('',#435,#433,#92,.T.);
#547=EDGE_CURVE('',#436,#435,#93,.T.);
#548=EDGE_CURVE('',#434,#436,#94,.T.);
#549=EDGE_CURVE('',#434,#433,#355,.T.);
#550=EDGE_CURVE('',#380,#397,#95,.T.);
#551=EDGE_CURVE('',#395,#407,#96,.T.);
#552=EDGE_CURVE('',#415,#436,#356,.F.);
#553=EDGE_CURVE('',#406,#435,#357,.T.);
#554=EDGE_CURVE('',#437,#437,#358,.T.);
#555=EDGE_CURVE('',#437,#391,#97,.T.);
#556=EDGE_CURVE('',#438,#438,#359,.T.);
#557=EDGE_CURVE('',#438,#392,#98,.T.);
#558=EDGE_CURVE('',#439,#439,#360,.T.);
#559=EDGE_CURVE('',#439,#393,#99,.T.);
#560=EDGE_CURVE('',#440,#440,#361,.T.);
#561=EDGE_CURVE('',#440,#394,#100,.T.);
#562=EDGE_CURVE('',#383,#441,#101,.T.);
#563=EDGE_CURVE('',#442,#441,#102,.T.);
#564=EDGE_CURVE('',#385,#442,#103,.T.);
#565=EDGE_CURVE('',#443,#442,#362,.T.);
#566=EDGE_CURVE('',#386,#443,#104,.T.);
#567=EDGE_CURVE('',#444,#443,#105,.T.);
#568=EDGE_CURVE('',#387,#444,#106,.T.);
#569=EDGE_CURVE('',#445,#444,#363,.T.);
#570=EDGE_CURVE('',#388,#445,#107,.T.);
#571=EDGE_CURVE('',#446,#445,#108,.T.);
#572=EDGE_CURVE('',#389,#446,#109,.T.);
#573=EDGE_CURVE('',#447,#446,#364,.T.);
#574=EDGE_CURVE('',#390,#447,#110,.T.);
#575=EDGE_CURVE('',#369,#447,#111,.T.);
#576=EDGE_CURVE('',#448,#368,#112,.T.);
#577=EDGE_CURVE('',#384,#448,#113,.T.);
#578=EDGE_CURVE('',#441,#448,#365,.T.);
#579=ORIENTED_EDGE('',*,*,#449,.T.);
#580=ORIENTED_EDGE('',*,*,#450,.T.);
#581=ORIENTED_EDGE('',*,*,#451,.T.);
#582=ORIENTED_EDGE('',*,*,#452,.F.);
#583=ORIENTED_EDGE('',*,*,#453,.T.);
#584=ORIENTED_EDGE('',*,*,#450,.F.);
#585=ORIENTED_EDGE('',*,*,#454,.F.);
#586=ORIENTED_EDGE('',*,*,#455,.F.);
#587=ORIENTED_EDGE('',*,*,#456,.F.);
#588=ORIENTED_EDGE('',*,*,#457,.T.);
#589=ORIENTED_EDGE('',*,*,#449,.F.);
#590=ORIENTED_EDGE('',*,*,#457,.F.);
#591=ORIENTED_EDGE('',*,*,#458,.F.);
#592=ORIENTED_EDGE('',*,*,#459,.T.);
#593=ORIENTED_EDGE('',*,*,#460,.T.);
#594=ORIENTED_EDGE('',*,*,#461,.T.);
#595=ORIENTED_EDGE('',*,*,#462,.T.);
#596=ORIENTED_EDGE('',*,*,#463,.T.);
#597=ORIENTED_EDGE('',*,*,#461,.F.);
#598=ORIENTED_EDGE('',*,*,#463,.F.);
#599=ORIENTED_EDGE('',*,*,#464,.T.);
#600=ORIENTED_EDGE('',*,*,#465,.F.);
#601=ORIENTED_EDGE('',*,*,#466,.T.);
#602=ORIENTED_EDGE('',*,*,#467,.T.);
#603=ORIENTED_EDGE('',*,*,#468,.T.);
#604=ORIENTED_EDGE('',*,*,#469,.F.);
#605=ORIENTED_EDGE('',*,*,#464,.F.);
#606=ORIENTED_EDGE('',*,*,#462,.F.);
#607=ORIENTED_EDGE('',*,*,#470,.F.);
#608=ORIENTED_EDGE('',*,*,#471,.F.);
#609=ORIENTED_EDGE('',*,*,#472,.F.);
#610=ORIENTED_EDGE('',*,*,#473,.F.);
#611=ORIENTED_EDGE('',*,*,#474,.F.);
#612=ORIENTED_EDGE('',*,*,#475,.F.);
#613=ORIENTED_EDGE('',*,*,#476,.F.);
#614=ORIENTED_EDGE('',*,*,#477,.F.);
#615=ORIENTED_EDGE('',*,*,#478,.F.);
#616=ORIENTED_EDGE('',*,*,#479,.F.);
#617=ORIENTED_EDGE('',*,*,#480,.F.);
#618=ORIENTED_EDGE('',*,*,#481,.F.);
#619=ORIENTED_EDGE('',*,*,#460,.F.);
#620=ORIENTED_EDGE('',*,*,#482,.T.);
#621=ORIENTED_EDGE('',*,*,#465,.T.);
#622=ORIENTED_EDGE('',*,*,#469,.T.);
#623=ORIENTED_EDGE('',*,*,#483,.T.);
#624=ORIENTED_EDGE('',*,*,#484,.T.);
#625=ORIENTED_EDGE('',*,*,#485,.T.);
#626=ORIENTED_EDGE('',*,*,#486,.T.);
#627=ORIENTED_EDGE('',*,*,#487,.T.);
#628=ORIENTED_EDGE('',*,*,#488,.T.);
#629=ORIENTED_EDGE('',*,*,#455,.T.);
#630=ORIENTED_EDGE('',*,*,#489,.T.);
#631=ORIENTED_EDGE('',*,*,#490,.T.);
#632=ORIENTED_EDGE('',*,*,#487,.F.);
#633=ORIENTED_EDGE('',*,*,#491,.T.);
#634=ORIENTED_EDGE('',*,*,#492,.T.);
#635=ORIENTED_EDGE('',*,*,#493,.T.);
#636=ORIENTED_EDGE('',*,*,#494,.T.);
#637=ORIENTED_EDGE('',*,*,#495,.T.);
#638=ORIENTED_EDGE('',*,*,#496,.F.);
#639=ORIENTED_EDGE('',*,*,#497,.T.);
#640=ORIENTED_EDGE('',*,*,#492,.F.);
#641=ORIENTED_EDGE('',*,*,#498,.T.);
#642=ORIENTED_EDGE('',*,*,#499,.F.);
#643=ORIENTED_EDGE('',*,*,#494,.F.);
#644=ORIENTED_EDGE('',*,*,#500,.T.);
#645=ORIENTED_EDGE('',*,*,#489,.F.);
#646=ORIENTED_EDGE('',*,*,#488,.F.);
#647=ORIENTED_EDGE('',*,*,#501,.T.);
#648=ORIENTED_EDGE('',*,*,#502,.F.);
#649=ORIENTED_EDGE('',*,*,#458,.T.);
#650=ORIENTED_EDGE('',*,*,#456,.T.);
#651=ORIENTED_EDGE('',*,*,#490,.F.);
#652=ORIENTED_EDGE('',*,*,#503,.F.);
#653=ORIENTED_EDGE('',*,*,#504,.F.);
#654=ORIENTED_EDGE('',*,*,#501,.F.);
#655=ORIENTED_EDGE('',*,*,#500,.F.);
#656=ORIENTED_EDGE('',*,*,#505,.T.);
#657=ORIENTED_EDGE('',*,*,#506,.F.);
#658=ORIENTED_EDGE('',*,*,#503,.T.);
#659=ORIENTED_EDGE('',*,*,#493,.F.);
#660=ORIENTED_EDGE('',*,*,#507,.F.);
#661=ORIENTED_EDGE('',*,*,#508,.F.);
#662=ORIENTED_EDGE('',*,*,#505,.F.);
#663=ORIENTED_EDGE('',*,*,#509,.T.);
#664=ORIENTED_EDGE('',*,*,#508,.T.);
#665=ORIENTED_EDGE('',*,*,#510,.T.);
#666=ORIENTED_EDGE('',*,*,#511,.T.);
#667=ORIENTED_EDGE('',*,*,#512,.T.);
#668=ORIENTED_EDGE('',*,*,#513,.T.);
#669=ORIENTED_EDGE('',*,*,#514,.T.);
#670=ORIENTED_EDGE('',*,*,#510,.F.);
#671=ORIENTED_EDGE('',*,*,#515,.T.);
#672=ORIENTED_EDGE('',*,*,#459,.F.);
#673=ORIENTED_EDGE('',*,*,#502,.T.);
#674=ORIENTED_EDGE('',*,*,#516,.T.);
#675=ORIENTED_EDGE('',*,*,#517,.T.);
#676=ORIENTED_EDGE('',*,*,#518,.F.);
#677=ORIENTED_EDGE('',*,*,#516,.F.);
#678=ORIENTED_EDGE('',*,*,#504,.T.);
#679=ORIENTED_EDGE('',*,*,#519,.T.);
#680=ORIENTED_EDGE('',*,*,#520,.T.);
#681=ORIENTED_EDGE('',*,*,#519,.F.);
#682=ORIENTED_EDGE('',*,*,#506,.T.);
#683=ORIENTED_EDGE('',*,*,#509,.F.);
#684=ORIENTED_EDGE('',*,*,#497,.F.);
#685=ORIENTED_EDGE('',*,*,#521,.T.);
#686=ORIENTED_EDGE('',*,*,#515,.F.);
#687=ORIENTED_EDGE('',*,*,#507,.T.);
#688=ORIENTED_EDGE('',*,*,#514,.F.);
#689=ORIENTED_EDGE('',*,*,#522,.F.);
#690=ORIENTED_EDGE('',*,*,#483,.F.);
#691=ORIENTED_EDGE('',*,*,#468,.F.);
#692=ORIENTED_EDGE('',*,*,#523,.T.);
#693=ORIENTED_EDGE('',*,*,#517,.F.);
#694=ORIENTED_EDGE('',*,*,#520,.F.);
#695=ORIENTED_EDGE('',*,*,#511,.F.);
#696=ORIENTED_EDGE('',*,*,#524,.F.);
#697=ORIENTED_EDGE('',*,*,#525,.T.);
#698=ORIENTED_EDGE('',*,*,#526,.F.);
#699=ORIENTED_EDGE('',*,*,#525,.F.);
#700=ORIENTED_EDGE('',*,*,#527,.F.);
#701=ORIENTED_EDGE('',*,*,#528,.T.);
#702=ORIENTED_EDGE('',*,*,#529,.T.);
#703=ORIENTED_EDGE('',*,*,#530,.F.);
#704=ORIENTED_EDGE('',*,*,#531,.F.);
#705=ORIENTED_EDGE('',*,*,#532,.T.);
#706=ORIENTED_EDGE('',*,*,#533,.T.);
#707=ORIENTED_EDGE('',*,*,#528,.F.);
#708=ORIENTED_EDGE('',*,*,#534,.F.);
#709=ORIENTED_EDGE('',*,*,#535,.T.);
#710=ORIENTED_EDGE('',*,*,#536,.T.);
#711=ORIENTED_EDGE('',*,*,#532,.F.);
#712=ORIENTED_EDGE('',*,*,#537,.F.);
#713=ORIENTED_EDGE('',*,*,#538,.T.);
#714=ORIENTED_EDGE('',*,*,#539,.T.);
#715=ORIENTED_EDGE('',*,*,#535,.F.);
#716=ORIENTED_EDGE('',*,*,#540,.F.);
#717=ORIENTED_EDGE('',*,*,#541,.T.);
#718=ORIENTED_EDGE('',*,*,#542,.T.);
#719=ORIENTED_EDGE('',*,*,#538,.F.);
#720=ORIENTED_EDGE('',*,*,#543,.F.);
#721=ORIENTED_EDGE('',*,*,#530,.T.);
#722=ORIENTED_EDGE('',*,*,#544,.T.);
#723=ORIENTED_EDGE('',*,*,#541,.F.);
#724=ORIENTED_EDGE('',*,*,#544,.F.);
#725=ORIENTED_EDGE('',*,*,#529,.F.);
#726=ORIENTED_EDGE('',*,*,#533,.F.);
#727=ORIENTED_EDGE('',*,*,#536,.F.);
#728=ORIENTED_EDGE('',*,*,#539,.F.);
#729=ORIENTED_EDGE('',*,*,#542,.F.);
#730=ORIENTED_EDGE('',*,*,#524,.T.);
#731=ORIENTED_EDGE('',*,*,#545,.F.);
#732=ORIENTED_EDGE('',*,*,#546,.F.);
#733=ORIENTED_EDGE('',*,*,#547,.F.);
#734=ORIENTED_EDGE('',*,*,#548,.F.);
#735=ORIENTED_EDGE('',*,*,#545,.T.);
#736=ORIENTED_EDGE('',*,*,#549,.T.);
#737=ORIENTED_EDGE('',*,*,#527,.T.);
#738=ORIENTED_EDGE('',*,*,#543,.T.);
#739=ORIENTED_EDGE('',*,*,#540,.T.);
#740=ORIENTED_EDGE('',*,*,#537,.T.);
#741=ORIENTED_EDGE('',*,*,#534,.T.);
#742=ORIENTED_EDGE('',*,*,#531,.T.);
#743=ORIENTED_EDGE('',*,*,#486,.F.);
#744=ORIENTED_EDGE('',*,*,#550,.F.);
#745=ORIENTED_EDGE('',*,*,#466,.F.);
#746=ORIENTED_EDGE('',*,*,#482,.F.);
#747=ORIENTED_EDGE('',*,*,#551,.T.);
#748=ORIENTED_EDGE('',*,*,#498,.F.);
#749=ORIENTED_EDGE('',*,*,#495,.F.);
#750=ORIENTED_EDGE('',*,*,#491,.F.);
#751=ORIENTED_EDGE('',*,*,#467,.F.);
#752=ORIENTED_EDGE('',*,*,#550,.T.);
#753=ORIENTED_EDGE('',*,*,#485,.F.);
#754=ORIENTED_EDGE('',*,*,#454,.T.);
#755=ORIENTED_EDGE('',*,*,#518,.T.);
#756=ORIENTED_EDGE('',*,*,#523,.F.);
#757=ORIENTED_EDGE('',*,*,#522,.T.);
#758=ORIENTED_EDGE('',*,*,#513,.F.);
#759=ORIENTED_EDGE('',*,*,#552,.T.);
#760=ORIENTED_EDGE('',*,*,#547,.T.);
#761=ORIENTED_EDGE('',*,*,#553,.F.);
#762=ORIENTED_EDGE('',*,*,#499,.T.);
#763=ORIENTED_EDGE('',*,*,#551,.F.);
#764=ORIENTED_EDGE('',*,*,#484,.F.);
#765=ORIENTED_EDGE('',*,*,#526,.T.);
#766=ORIENTED_EDGE('',*,*,#546,.T.);
#767=ORIENTED_EDGE('',*,*,#549,.F.);
#768=ORIENTED_EDGE('',*,*,#548,.T.);
#769=ORIENTED_EDGE('',*,*,#552,.F.);
#770=ORIENTED_EDGE('',*,*,#512,.F.);
#771=ORIENTED_EDGE('',*,*,#521,.F.);
#772=ORIENTED_EDGE('',*,*,#496,.T.);
#773=ORIENTED_EDGE('',*,*,#553,.T.);
#774=ORIENTED_EDGE('',*,*,#554,.F.);
#775=ORIENTED_EDGE('',*,*,#555,.T.);
#776=ORIENTED_EDGE('',*,*,#478,.T.);
#777=ORIENTED_EDGE('',*,*,#555,.F.);
#778=ORIENTED_EDGE('',*,*,#556,.F.);
#779=ORIENTED_EDGE('',*,*,#557,.T.);
#780=ORIENTED_EDGE('',*,*,#479,.T.);
#781=ORIENTED_EDGE('',*,*,#557,.F.);
#782=ORIENTED_EDGE('',*,*,#558,.F.);
#783=ORIENTED_EDGE('',*,*,#559,.T.);
#784=ORIENTED_EDGE('',*,*,#480,.T.);
#785=ORIENTED_EDGE('',*,*,#559,.F.);
#786=ORIENTED_EDGE('',*,*,#560,.F.);
#787=ORIENTED_EDGE('',*,*,#561,.T.);
#788=ORIENTED_EDGE('',*,*,#481,.T.);
#789=ORIENTED_EDGE('',*,*,#561,.F.);
#790=ORIENTED_EDGE('',*,*,#471,.T.);
#791=ORIENTED_EDGE('',*,*,#562,.T.);
#792=ORIENTED_EDGE('',*,*,#563,.F.);
#793=ORIENTED_EDGE('',*,*,#564,.F.);
#794=ORIENTED_EDGE('',*,*,#472,.T.);
#795=ORIENTED_EDGE('',*,*,#564,.T.);
#796=ORIENTED_EDGE('',*,*,#565,.F.);
#797=ORIENTED_EDGE('',*,*,#566,.F.);
#798=ORIENTED_EDGE('',*,*,#473,.T.);
#799=ORIENTED_EDGE('',*,*,#566,.T.);
#800=ORIENTED_EDGE('',*,*,#567,.F.);
#801=ORIENTED_EDGE('',*,*,#568,.F.);
#802=ORIENTED_EDGE('',*,*,#474,.T.);
#803=ORIENTED_EDGE('',*,*,#568,.T.);
#804=ORIENTED_EDGE('',*,*,#569,.F.);
#805=ORIENTED_EDGE('',*,*,#570,.F.);
#806=ORIENTED_EDGE('',*,*,#475,.T.);
#807=ORIENTED_EDGE('',*,*,#570,.T.);
#808=ORIENTED_EDGE('',*,*,#571,.F.);
#809=ORIENTED_EDGE('',*,*,#572,.F.);
#810=ORIENTED_EDGE('',*,*,#476,.T.);
#811=ORIENTED_EDGE('',*,*,#572,.T.);
#812=ORIENTED_EDGE('',*,*,#573,.F.);
#813=ORIENTED_EDGE('',*,*,#574,.F.);
#814=ORIENTED_EDGE('',*,*,#477,.T.);
#815=ORIENTED_EDGE('',*,*,#574,.T.);
#816=ORIENTED_EDGE('',*,*,#575,.F.);
#817=ORIENTED_EDGE('',*,*,#452,.T.);
#818=ORIENTED_EDGE('',*,*,#576,.F.);
#819=ORIENTED_EDGE('',*,*,#577,.F.);
#820=ORIENTED_EDGE('',*,*,#470,.T.);
#821=ORIENTED_EDGE('',*,*,#577,.T.);
#822=ORIENTED_EDGE('',*,*,#578,.F.);
#823=ORIENTED_EDGE('',*,*,#562,.F.);
#824=ORIENTED_EDGE('',*,*,#453,.F.);
#825=ORIENTED_EDGE('',*,*,#575,.T.);
#826=ORIENTED_EDGE('',*,*,#573,.T.);
#827=ORIENTED_EDGE('',*,*,#571,.T.);
#828=ORIENTED_EDGE('',*,*,#569,.T.);
#829=ORIENTED_EDGE('',*,*,#567,.T.);
#830=ORIENTED_EDGE('',*,*,#565,.T.);
#831=ORIENTED_EDGE('',*,*,#563,.T.);
#832=ORIENTED_EDGE('',*,*,#578,.T.);
#833=ORIENTED_EDGE('',*,*,#576,.T.);
#834=ORIENTED_EDGE('',*,*,#451,.F.);
#835=ORIENTED_EDGE('',*,*,#560,.T.);
#836=ORIENTED_EDGE('',*,*,#558,.T.);
#837=ORIENTED_EDGE('',*,*,#556,.T.);
#838=ORIENTED_EDGE('',*,*,#554,.T.);
#839=TOROIDAL_SURFACE('',#909,18.,5.);
#840=TOROIDAL_SURFACE('',#918,13.,2.);
#841=TOROIDAL_SURFACE('',#936,9.,2.);
#842=TOROIDAL_SURFACE('',#944,16.,3.);
#843=TOROIDAL_SURFACE('',#948,13.5857864376269,1.);
#844=TOROIDAL_SURFACE('',#958,16.,3.);
#845=ADVANCED_FACE('',(#178),#839,.F.);
#846=ADVANCED_FACE('',(#179),#166,.T.);
#847=ADVANCED_FACE('',(#180),#840,.T.);
#848=ADVANCED_FACE('',(#181),#167,.F.);
#849=ADVANCED_FACE('',(#182,#31,#32,#33,#34,#35),#43,.F.);
#850=ADVANCED_FACE('',(#183),#841,.F.);
#851=ADVANCED_FACE('',(#184),#23,.F.);
#852=ADVANCED_FACE('',(#185),#24,.F.);
#853=ADVANCED_FACE('',(#186),#25,.F.);
#854=ADVANCED_FACE('',(#187),#26,.F.);
#855=ADVANCED_FACE('',(#188),#21,.T.);
#856=ADVANCED_FACE('',(#189),#842,.F.);
#857=ADVANCED_FACE('',(#190),#19,.T.);
#858=ADVANCED_FACE('',(#191),#843,.T.);
#859=ADVANCED_FACE('',(#192),#20,.T.);
#860=ADVANCED_FACE('',(#193),#27,.F.);
#861=ADVANCED_FACE('',(#194),#28,.F.);
#862=ADVANCED_FACE('',(#195),#29,.F.);
#863=ADVANCED_FACE('',(#196),#30,.F.);
#864=ADVANCED_FACE('',(#197),#22,.T.);
#865=ADVANCED_FACE('',(#198),#844,.F.);
#866=ADVANCED_FACE('',(#199),#44,.F.);
#867=ADVANCED_FACE('',(#200),#168,.F.);
#868=ADVANCED_FACE('',(#201),#45,.F.);
#869=ADVANCED_FACE('',(#202),#46,.F.);
#870=ADVANCED_FACE('',(#203),#47,.F.);
#871=ADVANCED_FACE('',(#204),#48,.F.);
#872=ADVANCED_FACE('',(#205),#49,.F.);
#873=ADVANCED_FACE('',(#206),#50,.F.);
#874=ADVANCED_FACE('',(#207,#36),#51,.F.);
#875=ADVANCED_FACE('',(#208),#52,.F.);
#876=ADVANCED_FACE('',(#209,#37),#53,.T.);
#877=ADVANCED_FACE('',(#210),#54,.F.);
#878=ADVANCED_FACE('',(#211),#55,.F.);
#879=ADVANCED_FACE('',(#212,#38),#56,.F.);
#880=ADVANCED_FACE('',(#213),#169,.T.);
#881=ADVANCED_FACE('',(#214),#170,.F.);
#882=ADVANCED_FACE('',(#215),#171,.F.);
#883=ADVANCED_FACE('',(#216),#172,.F.);
#884=ADVANCED_FACE('',(#217),#173,.F.);
#885=ADVANCED_FACE('',(#218),#57,.T.);
#886=ADVANCED_FACE('',(#219),#174,.T.);
#887=ADVANCED_FACE('',(#220),#58,.T.);
#888=ADVANCED_FACE('',(#221),#175,.T.);
#889=ADVANCED_FACE('',(#222),#59,.T.);
#890=ADVANCED_FACE('',(#223),#176,.T.);
#891=ADVANCED_FACE('',(#224),#60,.T.);
#892=ADVANCED_FACE('',(#225),#177,.T.);
#893=ADVANCED_FACE('',(#226,#39,#40,#41,#42),#61,.T.);
#894=CLOSED_SHELL('',(#845,#846,#847,#848,#849,#850,#851,#852,#853,#854,
#855,#856,#857,#858,#859,#860,#861,#862,#863,#864,#865,#866,#867,#868,#869,
#870,#871,#872,#873,#874,#875,#876,#877,#878,#879,#880,#881,#882,#883,#884,
#885,#886,#887,#888,#889,#890,#891,#892,#893));
#895=DERIVED_UNIT_ELEMENT(#897,1.);
#896=DERIVED_UNIT_ELEMENT(#1851,-3.);
#897=(
MASS_UNIT()
NAMED_UNIT(*)
SI_UNIT(.KILO.,.GRAM.)
);
#898=DERIVED_UNIT((#895,#896));
#899=MEASURE_REPRESENTATION_ITEM('density measure',
POSITIVE_RATIO_MEASURE(7850.),#898);
#900=PROPERTY_DEFINITION_REPRESENTATION(#905,#902);
#901=PROPERTY_DEFINITION_REPRESENTATION(#906,#903);
#902=REPRESENTATION('material name',(#904),#1848);
#903=REPRESENTATION('density',(#899),#1848);
#904=DESCRIPTIVE_REPRESENTATION_ITEM('Steel','Steel');
#905=PROPERTY_DEFINITION('material property','material name',#1863);
#906=PROPERTY_DEFINITION('material property','density of part',#1863);
#907=AXIS2_PLACEMENT_3D('',#1244,#1002,#1003);
#908=AXIS2_PLACEMENT_3D('',#1245,#1004,#1005);
#909=AXIS2_PLACEMENT_3D('',#1246,#1006,#1007);
#910=AXIS2_PLACEMENT_3D('',#1248,#1008,#1009);
#911=AXIS2_PLACEMENT_3D('',#1250,#1010,#1011);
#912=AXIS2_PLACEMENT_3D('',#1252,#1012,#1013);
#913=AXIS2_PLACEMENT_3D('',#1268,#1014,#1015);
#914=AXIS2_PLACEMENT_3D('',#1269,#1016,#1017);
#915=AXIS2_PLACEMENT_3D('',#1272,#1018,#1019);
#916=AXIS2_PLACEMENT_3D('',#1281,#1020,#1021);
#917=AXIS2_PLACEMENT_3D('',#1284,#1023,#1024);
#918=AXIS2_PLACEMENT_3D('',#1291,#1025,#1026);
#919=AXIS2_PLACEMENT_3D('',#1293,#1027,#1028);
#920=AXIS2_PLACEMENT_3D('',#1295,#1029,#1030);
#921=AXIS2_PLACEMENT_3D('',#1297,#1031,#1032);
#922=AXIS2_PLACEMENT_3D('',#1298,#1033,#1034);
#923=AXIS2_PLACEMENT_3D('',#1299,#1035,#1036);
#924=AXIS2_PLACEMENT_3D('',#1303,#1038,#1039);
#925=AXIS2_PLACEMENT_3D('',#1307,#1041,#1042);
#926=AXIS2_PLACEMENT_3D('',#1310,#1044,#1045);
#927=AXIS2_PLACEMENT_3D('',#1311,#1046,#1047);
#928=AXIS2_PLACEMENT_3D('',#1314,#1048,#1049);
#929=AXIS2_PLACEMENT_3D('',#1318,#1051,#1052);
#930=AXIS2_PLACEMENT_3D('',#1322,#1054,#1055);
#931=AXIS2_PLACEMENT_3D('',#1326,#1057,#1058);
#932=AXIS2_PLACEMENT_3D('',#1329,#1060,#1061);
#933=AXIS2_PLACEMENT_3D('',#1331,#1062,#1063);
#934=AXIS2_PLACEMENT_3D('',#1333,#1064,#1065);
#935=AXIS2_PLACEMENT_3D('',#1335,#1066,#1067);
#936=AXIS2_PLACEMENT_3D('',#1336,#1068,#1069);
#937=AXIS2_PLACEMENT_3D('',#1359,#1070,#1071);
#938=AXIS2_PLACEMENT_3D('',#1408,#1072,#1073);
#939=AXIS2_PLACEMENT_3D('',#1440,#1074,#1075);
#940=AXIS2_PLACEMENT_3D('',#1475,#1076,#1077);
#941=AXIS2_PLACEMENT_3D('',#1481,#1078,#1079);
#942=AXIS2_PLACEMENT_3D('',#1545,#1080,#1081);
#943=AXIS2_PLACEMENT_3D('',#1546,#1082,#1083);
#944=AXIS2_PLACEMENT_3D('',#1547,#1084,#1085);
#945=AXIS2_PLACEMENT_3D('',#1549,#1086,#1087);
#946=AXIS2_PLACEMENT_3D('',#1554,#1088,#1089);
#947=AXIS2_PLACEMENT_3D('',#1556,#1090,#1091);
#948=AXIS2_PLACEMENT_3D('',#1561,#1092,#1093);
#949=AXIS2_PLACEMENT_3D('',#1563,#1094,#1095);
#950=AXIS2_PLACEMENT_3D('',#1564,#1096,#1097);
#951=AXIS2_PLACEMENT_3D('',#1565,#1098,#1099);
#952=AXIS2_PLACEMENT_3D('',#1567,#1100,#1101);
#953=AXIS2_PLACEMENT_3D('',#1597,#1102,#1103);
#954=AXIS2_PLACEMENT_3D('',#1599,#1104,#1105);
#955=AXIS2_PLACEMENT_3D('',#1680,#1106,#1107);
#956=AXIS2_PLACEMENT_3D('',#1720,#1108,#1109);
#957=AXIS2_PLACEMENT_3D('',#1725,#1110,#1111);
#958=AXIS2_PLACEMENT_3D('',#1726,#1112,#1113);
#959=AXIS2_PLACEMENT_3D('',#1727,#1114,#1115);
#960=AXIS2_PLACEMENT_3D('',#1728,#1116,#1117);
#961=AXIS2_PLACEMENT_3D('',#1731,#1120,#1121);
#962=AXIS2_PLACEMENT_3D('',#1733,#1122,#1123);
#963=AXIS2_PLACEMENT_3D('',#1736,#1125,#1126);
#964=AXIS2_PLACEMENT_3D('',#1737,#1127,#1128);
#965=AXIS2_PLACEMENT_3D('',#1746,#1133,#1134);
#966=AXIS2_PLACEMENT_3D('',#1752,#1138,#1139);
#967=AXIS2_PLACEMENT_3D('',#1758,#1143,#1144);
#968=AXIS2_PLACEMENT_3D('',#1764,#1148,#1149);
#969=AXIS2_PLACEMENT_3D('',#1770,#1153,#1154);
#970=AXIS2_PLACEMENT_3D('',#1773,#1157,#1158);
#971=AXIS2_PLACEMENT_3D('',#1774,#1159,#1160);
#972=AXIS2_PLACEMENT_3D('',#1783,#1165,#1166);
#973=AXIS2_PLACEMENT_3D('',#1784,#1167,#1168);
#974=AXIS2_PLACEMENT_3D('',#1785,#1169,#1170);
#975=AXIS2_PLACEMENT_3D('',#1788,#1173,#1174);
#976=AXIS2_PLACEMENT_3D('',#1789,#1175,#1176);
#977=AXIS2_PLACEMENT_3D('',#1790,#1177,#1178);
#978=AXIS2_PLACEMENT_3D('',#1791,#1179,#1180);
#979=AXIS2_PLACEMENT_3D('',#1792,#1181,#1182);
#980=AXIS2_PLACEMENT_3D('',#1793,#1183,#1184);
#981=AXIS2_PLACEMENT_3D('',#1795,#1185,#1186);
#982=AXIS2_PLACEMENT_3D('',#1797,#1188,#1189);
#983=AXIS2_PLACEMENT_3D('',#1799,#1190,#1191);
#984=AXIS2_PLACEMENT_3D('',#1801,#1193,#1194);
#985=AXIS2_PLACEMENT_3D('',#1803,#1195,#1196);
#986=AXIS2_PLACEMENT_3D('',#1805,#1198,#1199);
#987=AXIS2_PLACEMENT_3D('',#1807,#1200,#1201);
#988=AXIS2_PLACEMENT_3D('',#1809,#1203,#1204);
#989=AXIS2_PLACEMENT_3D('',#1815,#1208,#1209);
#990=AXIS2_PLACEMENT_3D('',#1817,#1210,#1211);
#991=AXIS2_PLACEMENT_3D('',#1819,#1213,#1214);
#992=AXIS2_PLACEMENT_3D('',#1823,#1217,#1218);
#993=AXIS2_PLACEMENT_3D('',#1825,#1219,#1220);
#994=AXIS2_PLACEMENT_3D('',#1827,#1222,#1223);
#995=AXIS2_PLACEMENT_3D('',#1831,#1226,#1227);
#996=AXIS2_PLACEMENT_3D('',#1833,#1228,#1229);
#997=AXIS2_PLACEMENT_3D('',#1835,#1231,#1232);
#998=AXIS2_PLACEMENT_3D('',#1840,#1236,#1237);
#999=AXIS2_PLACEMENT_3D('',#1841,#1238,#1239);
#1000=AXIS2_PLACEMENT_3D('',#1842,#1240,#1241);
#1001=AXIS2_PLACEMENT_3D('',#1843,#1242,#1243);
#1002=DIRECTION('axis',(0.,0.,1.));
#1003=DIRECTION('refdir',(1.,0.,0.));
#1004=DIRECTION('axis',(0.,0.,1.));
#1005=DIRECTION('refdir',(1.,0.,0.));
#1006=DIRECTION('center_axis',(-2.69414682777293E-44,2.22044604925031E-16,
1.));
#1007=DIRECTION('ref_axis',(1.,0.,0.));
#1008=DIRECTION('center_axis',(-2.69414682777293E-44,2.22044604925031E-16,
1.));
#1009=DIRECTION('ref_axis',(1.,2.84445037940269E-32,0.));
#1010=DIRECTION('center_axis',(1.22464679914735E-16,-1.,2.22044604925031E-16));
#1011=DIRECTION('ref_axis',(-1.,-1.22464679914735E-16,0.));
#1012=DIRECTION('center_axis',(2.69414682777293E-44,-2.22044604925031E-16,
-1.));
#1013=DIRECTION('ref_axis',(1.,2.84445037940269E-32,2.69351523291221E-44));
#1014=DIRECTION('center_axis',(2.69414682777293E-44,-2.22044604925031E-16,
-1.));
#1015=DIRECTION('ref_axis',(1.,2.84445037940269E-32,2.69351523291221E-44));
#1016=DIRECTION('center_axis',(0.,-2.22044604925031E-16,-1.));
#1017=DIRECTION('ref_axis',(1.,0.,0.));
#1018=DIRECTION('center_axis',(4.80231882236817E-32,-2.22044604925031E-16,
-1.));
#1019=DIRECTION('ref_axis',(1.,0.,0.));
#1020=DIRECTION('center_axis',(0.,-2.22044604925031E-16,-1.));
#1021=DIRECTION('ref_axis',(-1.,-5.66553889764798E-16,0.));
#1022=DIRECTION('',(0.,2.22044604925031E-16,1.));
#1023=DIRECTION('center_axis',(0.,-2.22044604925031E-16,-1.));
#1024=DIRECTION('ref_axis',(-1.,-5.66553889764798E-16,0.));
#1025=DIRECTION('center_axis',(2.69414682777293E-44,-2.22044604925031E-16,
-1.));
#1026=DIRECTION('ref_axis',(-1.,0.,0.));
#1027=DIRECTION('center_axis',(-2.69414682777293E-44,2.22044604925031E-16,
1.));
#1028=DIRECTION('ref_axis',(1.,1.12054105855257E-32,2.69389801767628E-44));
#1029=DIRECTION('center_axis',(-1.22464679914735E-16,-1.,2.22044604925031E-16));
#1030=DIRECTION('ref_axis',(1.,-1.22464679914735E-16,0.));
#1031=DIRECTION('center_axis',(2.69414682777293E-44,-2.22044604925031E-16,
-1.));
#1032=DIRECTION('ref_axis',(1.,1.12054105855257E-32,0.));
#1033=DIRECTION('center_axis',(2.69414682777293E-44,-2.22044604925031E-16,
-1.));
#1034=DIRECTION('ref_axis',(1.,1.12054105855257E-32,0.));
#1035=DIRECTION('center_axis',(0.,-2.22044604925031E-16,-1.));
#1036=DIRECTION('ref_axis',(1.,0.,0.));
#1037=DIRECTION('',(0.,-2.22044604925031E-16,-1.));
#1038=DIRECTION('center_axis',(0.,2.22044604925031E-16,1.));
#1039=DIRECTION('ref_axis',(-1.,-5.66553889764798E-16,0.));
#1040=DIRECTION('',(0.,2.22044604925031E-16,1.));
#1041=DIRECTION('center_axis',(4.80231882236817E-32,-2.22044604925031E-16,
-1.));
#1042=DIRECTION('ref_axis',(1.,0.,0.));
#1043=DIRECTION('',(0.,-2.22044604925031E-16,-1.));
#1044=DIRECTION('center_axis',(0.,2.22044604925031E-16,1.));
#1045=DIRECTION('ref_axis',(-1.,-5.66553889764798E-16,0.));
#1046=DIRECTION('center_axis',(2.69414682777293E-44,-2.22044604925031E-16,
-1.));
#1047=DIRECTION('ref_axis',(1.,5.98220767982867E-60,2.69414682777293E-44));
#1048=DIRECTION('center_axis',(-2.17755486460631E-45,-2.22044604925031E-16,
-1.));
#1049=DIRECTION('ref_axis',(0.,1.,-2.22044604925031E-16));
#1050=DIRECTION('',(1.,2.89308931498456E-16,-6.42394873958576E-32));
#1051=DIRECTION('center_axis',(2.2084584947488E-47,-2.22044604925031E-16,
-1.));
#1052=DIRECTION('ref_axis',(-1.,1.27979599380455E-16,-2.84171795828969E-32));
#1053=DIRECTION('',(0.,1.,-2.22044604925031E-16));
#1054=DIRECTION('center_axis',(-4.93038065763132E-32,-2.22044604925031E-16,
-1.));
#1055=DIRECTION('ref_axis',(-6.39897996902274E-17,-1.,2.22044604925031E-16));
#1056=DIRECTION('',(-1.,-7.13201579969987E-49,-3.21197436979288E-33));
#1057=DIRECTION('center_axis',(2.69414682777294E-44,-2.22044604925031E-16,
-1.));
#1058=DIRECTION('ref_axis',(1.,-1.09467990228041E-12,2.43067766421225E-28));
#1059=DIRECTION('',(-4.27008855625035E-17,-1.,2.22044604925031E-16));
#1060=DIRECTION('center_axis',(0.,2.22044604925031E-16,1.));
#1061=DIRECTION('ref_axis',(1.,0.,0.));
#1062=DIRECTION('center_axis',(0.,2.22044604925031E-16,1.));
#1063=DIRECTION('ref_axis',(1.,0.,0.));
#1064=DIRECTION('center_axis',(0.,2.22044604925031E-16,1.));
#1065=DIRECTION('ref_axis',(1.,0.,0.));
#1066=DIRECTION('center_axis',(0.,2.22044604925031E-16,1.));
#1067=DIRECTION('ref_axis',(1.,0.,0.));
#1068=DIRECTION('center_axis',(0.,2.22044604925031E-16,1.));
#1069=DIRECTION('ref_axis',(-1.,-3.21624529935327E-16,0.));
#1070=DIRECTION('center_axis',(0.,-2.22044604925031E-16,-1.));
#1071=DIRECTION('ref_axis',(-1.,-5.66553889764798E-16,1.25800234621564E-31));
#1072=DIRECTION('center_axis',(-0.763033485518285,0.,0.646358955981749));
#1073=DIRECTION('ref_axis',(0.,-1.,0.));
#1074=DIRECTION('center_axis',(-0.759293948832638,-5.0579137467153E-15,
0.650747800047099));
#1075=DIRECTION('ref_axis',(6.66133814775093E-15,-1.,0.));
#1076=DIRECTION('center_axis',(0.763033485525291,-1.69427468838033E-15,
0.646358955973479));
#1077=DIRECTION('ref_axis',(-2.22044604925031E-15,-1.,0.));
#1078=DIRECTION('center_axis',(-0.759293948832647,1.68597124890512E-15,
-0.650747800047088));
#1079=DIRECTION('ref_axis',(0.606021137091609,0.364332789345233,-0.707106781190872));
#1080=DIRECTION('center_axis',(0.,0.,1.));
#1081=DIRECTION('ref_axis',(1.,0.,0.));
#1082=DIRECTION('center_axis',(0.515244371912402,-0.857043311164958,8.01167712161998E-16));
#1083=DIRECTION('ref_axis',(0.857043311164958,0.515244371912402,-6.53755617150175E-16));
#1084=DIRECTION('center_axis',(0.,2.22044604925031E-16,1.));
#1085=DIRECTION('ref_axis',(-1.,1.22464679914735E-16,0.));
#1086=DIRECTION('center_axis',(-3.41224896546559E-31,6.39958873384594E-16,
1.));
#1087=DIRECTION('ref_axis',(-1.,-5.33198164347499E-16,0.));
#1088=DIRECTION('center_axis',(1.30993211781669E-31,-9.34804229523698E-16,
-1.));
#1089=DIRECTION('ref_axis',(-1.,-1.64342370878492E-17,2.58258038840717E-17));
#1090=DIRECTION('center_axis',(6.62672134671533E-31,-1.24282523643433E-15,
-1.));
#1091=DIRECTION('ref_axis',(-1.,-5.33198164347499E-16,0.));
#1092=DIRECTION('center_axis',(1.30993211781669E-31,-9.34804229523698E-16,
-1.));
#1093=DIRECTION('ref_axis',(-1.,0.,0.));
#1094=DIRECTION('center_axis',(-6.62672134671533E-31,1.24282523643433E-15,
1.));
#1095=DIRECTION('ref_axis',(-1.,-5.33198164347499E-16,0.));
#1096=DIRECTION('center_axis',(0.515244371912402,0.857043311164958,-8.01167712161998E-16));
#1097=DIRECTION('ref_axis',(0.857043311164958,-0.515244371912402,6.53755617150175E-16));
#1098=DIRECTION('center_axis',(-1.30993211781669E-31,9.34804229523698E-16,
1.));
#1099=DIRECTION('ref_axis',(-1.,-1.64342370878492E-17,2.58258038840717E-17));
#1100=DIRECTION('center_axis',(1.28075773733133E-31,-6.39958873384593E-16,
-1.));
#1101=DIRECTION('ref_axis',(-1.,-2.00131256959952E-16,0.));
#1102=DIRECTION('center_axis',(-0.759293948832643,0.,-0.650747800047094));
#1103=DIRECTION('ref_axis',(0.,1.,0.));
#1104=DIRECTION('center_axis',(0.763033485525294,0.,0.646358955973475));
#1105=DIRECTION('ref_axis',(0.598983936517879,-0.375790159240147,-0.707106781194899));
#1106=DIRECTION('center_axis',(-0.763033485518279,0.,0.646358955981757));
#1107=DIRECTION('ref_axis',(0.598983936524175,-0.375790159245409,0.707106781186769));
#1108=DIRECTION('center_axis',(-0.759293948832629,1.83034880490038E-14,
0.650747800047109));
#1109=DIRECTION('ref_axis',(0.606021137091621,-0.364332789345238,0.707106781190859));
#1110=DIRECTION('center_axis',(0.,0.,1.));
#1111=DIRECTION('ref_axis',(1.,0.,0.));
#1112=DIRECTION('center_axis',(0.,-2.22044604925031E-16,-1.));
#1113=DIRECTION('ref_axis',(-1.,0.,0.));
#1114=DIRECTION('center_axis',(0.,2.22044604925031E-16,1.));
#1115=DIRECTION('ref_axis',(-1.,-1.22464679914735E-16,0.));
#1116=DIRECTION('center_axis',(2.16277212589316E-16,-1.,2.22044604925031E-16));
#1117=DIRECTION('ref_axis',(-2.73691106313441E-47,-2.22044604925031E-16,
-1.));
#1118=DIRECTION('',(1.,2.16277212589316E-16,0.));
#1119=DIRECTION('',(1.,2.16277212589316E-16,0.));
#1120=DIRECTION('center_axis',(0.,2.22044604925031E-16,1.));
#1121=DIRECTION('ref_axis',(1.,0.,0.));
#1122=DIRECTION('center_axis',(0.,2.39272203583008E-16,1.));
#1123=DIRECTION('ref_axis',(1.,0.,0.));
#1124=DIRECTION('',(0.,2.22044604925031E-16,1.));
#1125=DIRECTION('center_axis',(0.,-2.22044604925031E-16,-1.));
#1126=DIRECTION('ref_axis',(1.,0.,0.));
#1127=DIRECTION('center_axis',(0.499999999999999,-0.866025403784439,2.07215806722367E-16));
#1128=DIRECTION('ref_axis',(0.866025403784439,0.499999999999999,-1.11022302462515E-16));
#1129=DIRECTION('',(0.866025403784439,0.499999999999999,-1.11022302462515E-16));
#1130=DIRECTION('',(0.,2.39272203583008E-16,1.));
#1131=DIRECTION('',(0.866025403784439,0.499999999999999,-1.11022302462515E-16));
#1132=DIRECTION('',(0.,2.39272203583008E-16,1.));
#1133=DIRECTION('center_axis',(-0.500000000000001,-0.866025403784438,2.07215806722367E-16));
#1134=DIRECTION('ref_axis',(0.866025403784438,-0.500000000000001,1.11022302462516E-16));
#1135=DIRECTION('',(0.866025403784438,-0.500000000000001,1.11022302462516E-16));
#1136=DIRECTION('',(0.,2.39272203583008E-16,1.));
#1137=DIRECTION('',(0.866025403784438,-0.500000000000001,1.11022302462516E-16));
#1138=DIRECTION('center_axis',(-1.,9.963537235148E-16,-2.38399750973521E-31));
#1139=DIRECTION('ref_axis',(-9.963537235148E-16,-1.,2.22044604925031E-16));
#1140=DIRECTION('',(-9.963537235148E-16,-1.,2.22044604925031E-16));
#1141=DIRECTION('',(0.,2.39272203583008E-16,1.));
#1142=DIRECTION('',(-9.963537235148E-16,-1.,2.22044604925031E-16));
#1143=DIRECTION('center_axis',(-0.499999999999999,0.866025403784439,-2.07215806722367E-16));
#1144=DIRECTION('ref_axis',(-0.866025403784439,-0.499999999999999,1.11022302462515E-16));
#1145=DIRECTION('',(-0.866025403784439,-0.499999999999999,1.11022302462515E-16));
#1146=DIRECTION('',(0.,2.39272203583008E-16,1.));
#1147=DIRECTION('',(-0.866025403784439,-0.499999999999999,1.11022302462515E-16));
#1148=DIRECTION('center_axis',(0.5,0.866025403784439,-2.07215806722367E-16));
#1149=DIRECTION('ref_axis',(-0.866025403784439,0.5,-1.11022302462516E-16));
#1150=DIRECTION('',(-0.866025403784439,0.5,-1.11022302462516E-16));
#1151=DIRECTION('',(0.,2.39272203583008E-16,1.));
#1152=DIRECTION('',(-0.866025403784439,0.5,-1.11022302462516E-16));
#1153=DIRECTION('center_axis',(1.,-2.11725166246895E-15,5.06599470818732E-31));
#1154=DIRECTION('ref_axis',(2.11725166246895E-15,1.,-2.22044604925031E-16));
#1155=DIRECTION('',(2.11725166246895E-15,1.,-2.22044604925031E-16));
#1156=DIRECTION('',(2.11725166246895E-15,1.,-2.22044604925031E-16));
#1157=DIRECTION('center_axis',(0.,2.39272203583008E-16,1.));
#1158=DIRECTION('ref_axis',(1.,0.,0.));
#1159=DIRECTION('center_axis',(-1.,-7.40148683083438E-16,1.69778948265541E-31));
#1160=DIRECTION('ref_axis',(-7.40148683083438E-16,1.,-2.22044604925031E-16));
#1161=DIRECTION('',(7.40148683083438E-16,-1.,2.22044604925031E-16));
#1162=DIRECTION('',(0.,-2.22044604925031E-16,-1.));
#1163=DIRECTION('',(-7.40148683083438E-16,1.,-2.22044604925031E-16));
#1164=DIRECTION('',(0.,2.22044604925031E-16,1.));
#1165=DIRECTION('center_axis',(0.,-2.22044604925031E-16,-1.));
#1166=DIRECTION('ref_axis',(1.,0.,0.));
#1167=DIRECTION('center_axis',(0.,-2.22044604925031E-16,-1.));
#1168=DIRECTION('ref_axis',(1.,0.,0.));
#1169=DIRECTION('center_axis',(-2.16277212589316E-16,1.,-2.22044604925031E-16));
#1170=DIRECTION('ref_axis',(2.73691106313441E-47,2.22044604925031E-16,1.));
#1171=DIRECTION('',(1.,2.16277212589316E-16,0.));
#1172=DIRECTION('',(1.,2.16277212589316E-16,0.));
#1173=DIRECTION('center_axis',(-4.80231882236817E-32,2.22044604925031E-16,
1.));
#1174=DIRECTION('ref_axis',(1.83697019872103E-16,-1.,2.22044604925031E-16));
#1175=DIRECTION('center_axis',(0.,-2.22044604925031E-16,-1.));
#1176=DIRECTION('ref_axis',(-1.,0.,0.));
#1177=DIRECTION('center_axis',(0.,-2.22044604925031E-16,-1.));
#1178=DIRECTION('ref_axis',(1.,0.,0.));
#1179=DIRECTION('center_axis',(0.,-2.22044604925031E-16,-1.));
#1180=DIRECTION('ref_axis',(1.,0.,0.));
#1181=DIRECTION('center_axis',(0.,-2.22044604925031E-16,-1.));
#1182=DIRECTION('ref_axis',(-1.,1.22464679914735E-16,-2.71926214689378E-32));
#1183=DIRECTION('center_axis',(0.,-2.22044604925031E-16,-1.));
#1184=DIRECTION('ref_axis',(1.,0.,0.));
#1185=DIRECTION('center_axis',(0.,2.22044604925031E-16,1.));
#1186=DIRECTION('ref_axis',(1.,0.,0.));
#1187=DIRECTION('',(0.,2.22044604925031E-16,1.));
#1188=DIRECTION('center_axis',(0.,-2.22044604925031E-16,-1.));
#1189=DIRECTION('ref_axis',(1.,0.,0.));
#1190=DIRECTION('center_axis',(0.,2.22044604925031E-16,1.));
#1191=DIRECTION('ref_axis',(1.,0.,0.));
#1192=DIRECTION('',(0.,2.22044604925031E-16,1.));
#1193=DIRECTION('center_axis',(0.,-2.22044604925031E-16,-1.));
#1194=DIRECTION('ref_axis',(1.,0.,0.));
#1195=DIRECTION('center_axis',(0.,2.22044604925031E-16,1.));
#1196=DIRECTION('ref_axis',(1.,0.,0.));
#1197=DIRECTION('',(0.,2.22044604925031E-16,1.));
#1198=DIRECTION('center_axis',(0.,-2.22044604925031E-16,-1.));
#1199=DIRECTION('ref_axis',(1.,0.,0.));
#1200=DIRECTION('center_axis',(0.,2.22044604925031E-16,1.));
#1201=DIRECTION('ref_axis',(1.,0.,0.));
#1202=DIRECTION('',(0.,2.22044604925031E-16,1.));
#1203=DIRECTION('center_axis',(-2.89308931498456E-16,1.,-2.22044604925031E-16));
#1204=DIRECTION('ref_axis',(1.,2.89308931498456E-16,-6.42394873958576E-32));
#1205=DIRECTION('',(0.,-2.22044604925031E-16,-1.));
#1206=DIRECTION('',(1.,2.89308931498456E-16,-6.42394873958576E-32));
#1207=DIRECTION('',(0.,-2.22044604925031E-16,-1.));
#1208=DIRECTION('center_axis',(0.,-2.22044604925031E-16,-1.));
#1209=DIRECTION('ref_axis',(-1.,1.27979599380455E-16,-2.84171795828969E-32));
#1210=DIRECTION('center_axis',(2.2084584947488E-47,-2.22044604925031E-16,
-1.));
#1211=DIRECTION('ref_axis',(-1.,1.27979599380455E-16,-2.84171795828969E-32));
#1212=DIRECTION('',(0.,-2.22044604925031E-16,-1.));
#1213=DIRECTION('center_axis',(-1.,0.,0.));
#1214=DIRECTION('ref_axis',(0.,1.,-2.22044604925031E-16));
#1215=DIRECTION('',(0.,1.,-2.22044604925031E-16));
#1216=DIRECTION('',(0.,-2.22044604925031E-16,-1.));
#1217=DIRECTION('center_axis',(0.,-2.22044604925031E-16,-1.));
#1218=DIRECTION('ref_axis',(-6.39897996902274E-17,-1.,2.22044604925031E-16));
#1219=DIRECTION('center_axis',(-4.93038065763132E-32,-2.22044604925031E-16,
-1.));
#1220=DIRECTION('ref_axis',(-6.39897996902274E-17,-1.,2.22044604925031E-16));
#1221=DIRECTION('',(0.,-2.22044604925031E-16,-1.));
#1222=DIRECTION('center_axis',(-1.51929083932157E-64,-1.,2.22044604925031E-16));
#1223=DIRECTION('ref_axis',(-1.,-7.13201579969987E-49,-3.21197436979288E-33));
#1224=DIRECTION('',(-1.,-7.13201579969987E-49,-3.21197436979288E-33));
#1225=DIRECTION('',(0.,-2.22044604925031E-16,-1.));
#1226=DIRECTION('center_axis',(0.,-2.22044604925031E-16,-1.));
#1227=DIRECTION('ref_axis',(1.,-1.09467990228041E-12,2.43067766421225E-28));
#1228=DIRECTION('center_axis',(2.69414682777294E-44,-2.22044604925031E-16,
-1.));
#1229=DIRECTION('ref_axis',(1.,-1.09467990228041E-12,2.43067766421225E-28));
#1230=DIRECTION('',(0.,-2.22044604925031E-16,-1.));
#1231=DIRECTION('center_axis',(1.,-4.27008855625035E-17,9.48150126467506E-33));
#1232=DIRECTION('ref_axis',(-4.27008855625035E-17,-1.,2.22044604925031E-16));
#1233=DIRECTION('',(-4.27008855625035E-17,-1.,2.22044604925031E-16));
#1234=DIRECTION('',(-4.27008855625035E-17,-1.,2.22044604925031E-16));
#1235=DIRECTION('',(0.,-2.22044604925031E-16,-1.));
#1236=DIRECTION('center_axis',(0.,-2.22044604925031E-16,-1.));
#1237=DIRECTION('ref_axis',(0.,1.,-2.22044604925031E-16));
#1238=DIRECTION('center_axis',(-2.17755486460631E-45,-2.22044604925031E-16,
-1.));
#1239=DIRECTION('ref_axis',(0.,1.,-2.22044604925031E-16));
#1240=DIRECTION('center_axis',(2.69414682777293E-44,-2.22044604925031E-16,
-1.));
#1241=DIRECTION('ref_axis',(1.,5.98220767982867E-60,2.69414682777293E-44));
#1242=DIRECTION('',(0.,2.22044604925031E-16,-1.));
#1243=DIRECTION('',(1.,0.,0.));
#1244=CARTESIAN_POINT('',(0.,0.,0.));
#1245=CARTESIAN_POINT('',(0.,0.,0.));
#1246=CARTESIAN_POINT('Origin',(-1.30000000000782,-1.11372966564804E-14,
-38.3999999999994));
#1247=CARTESIAN_POINT('',(-14.3000000000078,-1.2729337495372E-14,-38.3999999999994));
#1248=CARTESIAN_POINT('Origin',(-1.30000000000782,-1.11372966564804E-14,
-38.3999999999994));
#1249=CARTESIAN_POINT('',(-19.3000000000078,-1.22314378703205E-14,-33.3999999999994));
#1250=CARTESIAN_POINT('Origin',(-19.3000000000078,-1.33416608949456E-14,
-38.3999999999994));
#1251=CARTESIAN_POINT('',(12.6999999999922,11.3137084989848,-33.3999999999994));
#1252=CARTESIAN_POINT('Origin',(-1.30000000000782,-1.00270736318553E-14,
-33.3999999999994));
#1253=CARTESIAN_POINT('',(12.6999999999922,-11.3137084989848,-33.3999999999994));
#1254=CARTESIAN_POINT('Ctrl Pts',(12.6999999999922,11.3137084989848,-33.3999999999994));
#1255=CARTESIAN_POINT('Ctrl Pts',(12.6999999999922,10.6700673138559,-33.3999999999994));
#1256=CARTESIAN_POINT('Ctrl Pts',(12.6999999999922,9.96572062098438,-33.4525414956358));
#1257=CARTESIAN_POINT('Ctrl Pts',(12.6999999999922,8.56734326447931,-33.6452234090291));
#1258=CARTESIAN_POINT('Ctrl Pts',(12.6999999999922,7.87308376900039,-33.7836994312572));
#1259=CARTESIAN_POINT('Ctrl Pts',(12.6999999999922,4.97048060984937,-34.4507813799548));
#1260=CARTESIAN_POINT('Ctrl Pts',(12.6999999999922,2.3346307006787,-35.3999999999994));
#1261=CARTESIAN_POINT('Ctrl Pts',(12.6999999999922,-2.33463070067872,-35.3999999999994));
#1262=CARTESIAN_POINT('Ctrl Pts',(12.6999999999922,-4.97048060984939,-34.4507813799548));
#1263=CARTESIAN_POINT('Ctrl Pts',(12.6999999999922,-7.87308376900041,-33.7836994312572));
#1264=CARTESIAN_POINT('Ctrl Pts',(12.6999999999922,-8.56734326447933,-33.6452234090291));
#1265=CARTESIAN_POINT('Ctrl Pts',(12.6999999999922,-9.9657206209844,-33.4525414956357));
#1266=CARTESIAN_POINT('Ctrl Pts',(12.6999999999922,-10.6700673138559,-33.3999999999994));
#1267=CARTESIAN_POINT('Ctrl Pts',(12.6999999999922,-11.3137084989848,-33.3999999999994));
#1268=CARTESIAN_POINT('Origin',(-1.30000000000782,-1.00270736318553E-14,
-33.3999999999994));
#1269=CARTESIAN_POINT('Origin',(-1.30000000000782,-9.69400672446771E-15,
-31.8999999999994));
#1270=CARTESIAN_POINT('',(9.77798835621456,6.80280633116959,-49.1999999999994));
#1271=CARTESIAN_POINT('',(9.77798835621457,-6.80280633116957,-49.1999999999994));
#1272=CARTESIAN_POINT('Origin',(-1.30000000000782,-1.35353783896707E-14,
-49.1999999999994));
#1273=CARTESIAN_POINT('',(9.25902720686856,7.58333333333332,-47.9573593128801));
#1274=CARTESIAN_POINT('Ctrl Pts',(9.77798835621457,6.80280633116958,-49.1999999999994));
#1275=CARTESIAN_POINT('Ctrl Pts',(9.60936817186573,7.07739483889789,-48.8018484229164));
#1276=CARTESIAN_POINT('Ctrl Pts',(9.42068180149897,7.35809347274481,-48.4168982431135));
#1277=CARTESIAN_POINT('Ctrl Pts',(9.26065641109193,7.58106444543429,-47.9620028805044));
#1278=CARTESIAN_POINT('Ctrl Pts',(9.25984130159031,7.58219978850044,-47.9596817166042));
#1279=CARTESIAN_POINT('Ctrl Pts',(9.25902720686855,7.58333333333332,-47.9573593128801));
#1280=CARTESIAN_POINT('',(-14.3000000000078,-1.1667415890344E-14,-47.9573593128801));
#1281=CARTESIAN_POINT('Origin',(-1.30000000000782,-1.32594567292356E-14,
-47.9573593128801));
#1282=CARTESIAN_POINT('',(-14.3000000000078,-8.10196588557615E-15,-31.8999999999994));
#1283=CARTESIAN_POINT('',(9.25902720686856,-7.58333333333335,-47.9573593128801));
#1284=CARTESIAN_POINT('Origin',(-1.30000000000782,-1.32594567292356E-14,
-47.9573593128801));
#1285=CARTESIAN_POINT('Ctrl Pts',(9.25902720686856,-7.58333333333335,-47.9573593128801));
#1286=CARTESIAN_POINT('Ctrl Pts',(9.25984127230484,-7.58219982927754,-47.9596816330602));
#1287=CARTESIAN_POINT('Ctrl Pts',(9.26065635225469,-7.58106452738709,-47.9620027129565));
#1288=CARTESIAN_POINT('Ctrl Pts',(9.4206817802956,-7.35809350774186,-48.4168982404222));
#1289=CARTESIAN_POINT('Ctrl Pts',(9.60936833059827,-7.07739458041088,-48.801848797721));
#1290=CARTESIAN_POINT('Ctrl Pts',(9.77798835621458,-6.80280633116959,-49.1999999999994));
#1291=CARTESIAN_POINT('Origin',(-1.30000000000782,-1.01380959343178E-14,
-33.8999999999994));
#1292=CARTESIAN_POINT('',(11.6999999999922,-1.12860475633593E-14,-31.8999999999994));
#1293=CARTESIAN_POINT('Origin',(-1.30000000000782,-9.69400672446771E-15,
-31.8999999999994));
#1294=CARTESIAN_POINT('',(9.69999999999218,-1.14852074133799E-14,-33.8999999999994));
#1295=CARTESIAN_POINT('Origin',(11.6999999999922,-1.17301367732093E-14,
-33.8999999999994));
#1296=CARTESIAN_POINT('',(-12.3000000000078,-8.79098445525568E-15,-33.8999999999994));
#1297=CARTESIAN_POINT('Origin',(-1.30000000000782,-1.01380959343178E-14,
-33.8999999999994));
#1298=CARTESIAN_POINT('Origin',(-1.30000000000782,-1.01380959343178E-14,
-33.8999999999994));
#1299=CARTESIAN_POINT('Origin',(-1.30000000000782,-9.69400672446771E-15,
-31.8999999999994));
#1300=CARTESIAN_POINT('',(-12.3000000000078,-1.26323561204587E-14,-51.1999999999994));
#1301=CARTESIAN_POINT('',(-12.3000000000078,-8.34689524540562E-15,-31.8999999999994));
#1302=CARTESIAN_POINT('',(7.91954445728506,5.99999999999999,-51.1999999999994));
#1303=CARTESIAN_POINT('Origin',(-1.30000000000782,-1.39794675995208E-14,
-51.1999999999994));
#1304=CARTESIAN_POINT('',(7.91954445728506,5.99999999999999,-49.1999999999994));
#1305=CARTESIAN_POINT('',(7.91954445728506,5.99999999999999,-31.8999999999994));
#1306=CARTESIAN_POINT('',(7.91954445728507,-6.00000000000001,-49.1999999999994));
#1307=CARTESIAN_POINT('Origin',(-1.30000000000782,-1.35353783896707E-14,
-49.1999999999994));
#1308=CARTESIAN_POINT('',(7.91954445728507,-6.00000000000001,-51.1999999999994));
#1309=CARTESIAN_POINT('',(7.91954445728507,-6.00000000000001,-31.8999999999994));
#1310=CARTESIAN_POINT('Origin',(-1.30000000000782,-1.39794675995208E-14,
-51.1999999999994));
#1311=CARTESIAN_POINT('Origin',(-4.6500000000044,6.23945339839352E-15,-31.8999999999994));
#1312=CARTESIAN_POINT('',(10.6999999999922,27.9999999999994,-31.8999999999994));
#1313=CARTESIAN_POINT('',(12.6999999999922,26.0000000000016,-31.8999999999994));
#1314=CARTESIAN_POINT('Origin',(10.6999999999922,25.9999999999994,-31.8999999999994));
#1315=CARTESIAN_POINT('',(-4.65000000000549,27.9999999999994,-31.8999999999994));
#1316=CARTESIAN_POINT('',(-4.65000000000549,27.9999999999994,-31.8999999999994));
#1317=CARTESIAN_POINT('',(-22.000000000001,10.6500000000039,-31.8999999999994));
#1318=CARTESIAN_POINT('Origin',(-4.65000000000549,10.6500000000039,-31.8999999999994));
#1319=CARTESIAN_POINT('',(-22.000000000001,-10.6500000000039,-31.8999999999994));
#1320=CARTESIAN_POINT('',(-22.000000000001,-10.6500000000039,-31.8999999999994));
#1321=CARTESIAN_POINT('',(-4.65000000000549,-27.9999999999994,-31.8999999999994));
#1322=CARTESIAN_POINT('Origin',(-4.65000000000549,-10.6500000000039,-31.8999999999994));
#1323=CARTESIAN_POINT('',(10.6999999999922,-27.9999999999994,-31.8999999999994));
#1324=CARTESIAN_POINT('',(10.6999999999922,-27.9999999999994,-31.8999999999994));
#1325=CARTESIAN_POINT('',(12.6999999999922,-26.0000000000016,-31.8999999999994));
#1326=CARTESIAN_POINT('Origin',(10.6999999999922,-25.9999999999994,-31.8999999999994));
#1327=CARTESIAN_POINT('',(12.6999999999922,26.0000000000016,-31.8999999999994));
#1328=CARTESIAN_POINT('',(-19.0500000000011,14.6500000000039,-31.8999999999994));
#1329=CARTESIAN_POINT('Origin',(-18.0000000000011,14.6500000000039,-31.8999999999994));
#1330=CARTESIAN_POINT('',(7.64999999998998,23.9999999999994,-31.8999999999994));
#1331=CARTESIAN_POINT('Origin',(8.69999999998998,23.9999999999994,-31.8999999999994));
#1332=CARTESIAN_POINT('',(-19.0500000000011,-14.6500000000039,-31.8999999999994));
#1333=CARTESIAN_POINT('Origin',(-18.0000000000011,-14.6500000000039,-31.8999999999994));
#1334=CARTESIAN_POINT('',(7.64999999998998,-23.9999999999994,-31.8999999999994));
#1335=CARTESIAN_POINT('Origin',(8.69999999998998,-23.9999999999994,-31.8999999999994));
#1336=CARTESIAN_POINT('Origin',(-1.30000000000782,-1.39794675995208E-14,
-51.1999999999994));
#1337=CARTESIAN_POINT('',(5.40820393249155,5.99999999999999,-53.1999999999994));
#1338=CARTESIAN_POINT('Ctrl Pts',(5.40820393249154,5.99999999999999,-53.1999999999994));
#1339=CARTESIAN_POINT('Ctrl Pts',(5.7565811975364,5.99999999999999,-53.1999999999994));
#1340=CARTESIAN_POINT('Ctrl Pts',(6.16963814563735,5.99999999999999,-53.135563731503));
#1341=CARTESIAN_POINT('Ctrl Pts',(6.76918136888528,5.99999999999999,-52.9162404187645));
#1342=CARTESIAN_POINT('Ctrl Pts',(7.07128031408406,5.99999999999999,-52.7434417842366));
#1343=CARTESIAN_POINT('Ctrl Pts',(7.47539824284944,5.99999999999999,-52.3812897191082));
#1344=CARTESIAN_POINT('Ctrl Pts',(7.65894863899733,5.99999999999999,-52.1400258089594));
#1345=CARTESIAN_POINT('Ctrl Pts',(7.85920187202534,5.99999999999999,-51.7003847276426));
#1346=CARTESIAN_POINT('Ctrl Pts',(7.91954445728506,5.99999999999999,-51.4304762660242));
#1347=CARTESIAN_POINT('Ctrl Pts',(7.91954445728506,5.99999999999999,-51.1999999999994));
#1348=CARTESIAN_POINT('',(5.40820393249155,-6.00000000000001,-53.1999999999994));
#1349=CARTESIAN_POINT('Ctrl Pts',(7.91954445728507,-6.00000000000001,-51.1999999999993));
#1350=CARTESIAN_POINT('Ctrl Pts',(7.91954445728507,-6.00000000000001,-51.4304762660242));
#1351=CARTESIAN_POINT('Ctrl Pts',(7.85920187202535,-6.00000000000001,-51.7003847276426));
#1352=CARTESIAN_POINT('Ctrl Pts',(7.65894863899734,-6.00000000000001,-52.1400258089594));
#1353=CARTESIAN_POINT('Ctrl Pts',(7.47539824284945,-6.00000000000001,-52.3812897191082));
#1354=CARTESIAN_POINT('Ctrl Pts',(7.07128031408408,-6.00000000000001,-52.7434417842365));
#1355=CARTESIAN_POINT('Ctrl Pts',(6.76918136888529,-6.00000000000001,-52.9162404187644));
#1356=CARTESIAN_POINT('Ctrl Pts',(6.16963814563737,-6.00000000000001,-53.135563731503));
#1357=CARTESIAN_POINT('Ctrl Pts',(5.75658119753642,-6.00000000000001,-53.1999999999994));
#1358=CARTESIAN_POINT('Ctrl Pts',(5.40820393249156,-6.00000000000001,-53.1999999999994));
#1359=CARTESIAN_POINT('Origin',(-1.30000000000782,-1.44235568093709E-14,
-53.1999999999994));
#1360=CARTESIAN_POINT('Ctrl Pts',(8.44679434480114,5.99999999999999,-47.9573593128801));
#1361=CARTESIAN_POINT('Ctrl Pts',(8.44679434480114,5.99999999999999,-48.5012141562493));
#1362=CARTESIAN_POINT('Ctrl Pts',(8.73193761332461,5.99999999999999,-49.5822918510801));
#1363=CARTESIAN_POINT('Ctrl Pts',(9.44258233924512,5.99999999999999,-50.4342933776303));
#1364=CARTESIAN_POINT('Ctrl Pts',(9.85752356071727,5.99999999999999,-50.7857864376268));
#1365=CARTESIAN_POINT('Ctrl Pts',(8.65571081263037,5.99999999999999,-47.9573593128801));
#1366=CARTESIAN_POINT('Ctrl Pts',(8.65571081263037,5.99999999999999,-48.4662145130504));
#1367=CARTESIAN_POINT('Ctrl Pts',(8.91577072455927,5.99997171431952,-49.4803195326801));
#1368=CARTESIAN_POINT('Ctrl Pts',(9.58346741219059,5.99996916788307,-50.3018351386919));
#1369=CARTESIAN_POINT('Ctrl Pts',(9.97793380810348,5.99999999999999,-50.6436408853684));
#1370=CARTESIAN_POINT('Ctrl Pts',(9.07158348330046,6.13491719473811,-47.9573593128801));
#1371=CARTESIAN_POINT('Ctrl Pts',(9.07158348330046,6.13491719473811,-48.3964609194243));
#1372=CARTESIAN_POINT('Ctrl Pts',(9.28191549555897,6.12764245895645,-49.2771881057423));
#1373=CARTESIAN_POINT('Ctrl Pts',(9.86427889980915,6.11364901511572,-50.0378784771219));
#1374=CARTESIAN_POINT('Ctrl Pts',(10.2179566957494,6.1068040705187,-50.3602913643791));
#1375=CARTESIAN_POINT('Ctrl Pts',(9.52699040388526,6.75589656011126,-47.9573593128801));
#1376=CARTESIAN_POINT('Ctrl Pts',(9.52699040388526,6.75589656011126,-48.3203896345318));
#1377=CARTESIAN_POINT('Ctrl Pts',(9.69780239968956,6.71915958960215,-49.0524842609127));
#1378=CARTESIAN_POINT('Ctrl Pts',(10.2005095371693,6.64679884198095,-49.7234859973584));
#1379=CARTESIAN_POINT('Ctrl Pts',(10.5120635870775,6.61102279992656,-50.0130951132433));
#1380=CARTESIAN_POINT('Ctrl Pts',(9.44182911621913,7.3288001024364,-47.9573593128801));
#1381=CARTESIAN_POINT('Ctrl Pts',(9.44182911621913,7.3288001024364,-48.3338818929253));
#1382=CARTESIAN_POINT('Ctrl Pts',(9.65178035825322,7.27860622992447,-49.0882526837274));
#1383=CARTESIAN_POINT('Ctrl Pts',(10.199866447548,7.17207135722619,-49.7282463538871));
#1384=CARTESIAN_POINT('Ctrl Pts',(10.5243809763016,7.1168363274034,-49.9985543068613));
#1385=CARTESIAN_POINT('Ctrl Pts',(9.25902720686855,7.58333333333332,-47.9573593128801));
#1386=CARTESIAN_POINT('Ctrl Pts',(9.25902720686855,7.58333333333332,-48.3652504454071));
#1387=CARTESIAN_POINT('Ctrl Pts',(9.50637200383258,7.53746875151897,-49.1760587165301));
#1388=CARTESIAN_POINT('Ctrl Pts',(10.1097114379554,7.43251842511471,-49.8150598614429));
#1389=CARTESIAN_POINT('Ctrl Pts',(10.4565074972415,7.37579015924544,-50.0786796564401));
#1390=CARTESIAN_POINT('',(8.6894519422317,5.99999999999999,-49.1999999867995));
#1391=CARTESIAN_POINT('Ctrl Pts',(8.68945195276748,5.99999999999999,-49.1999999999994));
#1392=CARTESIAN_POINT('Ctrl Pts',(8.83998581215562,5.99999999999999,-49.1999999999994));
#1393=CARTESIAN_POINT('Ctrl Pts',(8.98980298065552,6.02933403821581,-49.1999999999994));
#1394=CARTESIAN_POINT('Ctrl Pts',(9.2701741300721,6.14200713531872,-49.1999999999994));
#1395=CARTESIAN_POINT('Ctrl Pts',(9.39982467843932,6.22547876083681,-49.1999999999994));
#1396=CARTESIAN_POINT('Ctrl Pts',(9.60231329128751,6.42498857191867,-49.1999999999994));
#1397=CARTESIAN_POINT('Ctrl Pts',(9.67936176719085,6.53510797773211,-49.1999999999687));
#1398=CARTESIAN_POINT('Ctrl Pts',(9.75064562140114,6.70473388957,-49.1999999999687));
#1399=CARTESIAN_POINT('Ctrl Pts',(9.7664575423526,6.75330687153341,-49.1999999999994));
#1400=CARTESIAN_POINT('Ctrl Pts',(9.77798835621456,6.80280633116959,-49.1999999999994));
#1401=CARTESIAN_POINT('',(9.85752356071727,5.99999999999999,-50.7857864376268));
#1402=CARTESIAN_POINT('Ctrl Pts',(8.69036063455153,5.99999999999999,-49.1996396054809));
#1403=CARTESIAN_POINT('Ctrl Pts',(8.73431610224064,5.99999999999999,-49.3104722037937));
#1404=CARTESIAN_POINT('Ctrl Pts',(9.00939717000607,5.99999999999999,-49.9149418479437));
#1405=CARTESIAN_POINT('Ctrl Pts',(9.44258233924512,5.99999999999999,-50.4342933776303));
#1406=CARTESIAN_POINT('Ctrl Pts',(9.85752356071727,5.99999999999999,-50.7857864376268));
#1407=CARTESIAN_POINT('',(10.4565074972414,7.37579015924534,-50.0786796564401));
#1408=CARTESIAN_POINT('Origin',(9.85752356071727,6.99999999999999,-50.7857864376268));
#1409=CARTESIAN_POINT('Ctrl Pts',(10.4565074972415,7.37579015924544,-50.0786796564401));
#1410=CARTESIAN_POINT('Ctrl Pts',(10.1097114379554,7.43251842511471,-49.8150598614429));
#1411=CARTESIAN_POINT('Ctrl Pts',(9.50637200383258,7.53746875151897,-49.1760587165301));
#1412=CARTESIAN_POINT('Ctrl Pts',(9.25902720686855,7.58333333333332,-48.3652504454071));
#1413=CARTESIAN_POINT('Ctrl Pts',(9.25902720686855,7.58333333333332,-47.9573593128801));
#1414=CARTESIAN_POINT('Ctrl Pts',(9.85752356071714,5.99999999999999,-50.7857864376267));
#1415=CARTESIAN_POINT('Ctrl Pts',(10.0199562271066,5.99999999999999,-50.9233817210022));
#1416=CARTESIAN_POINT('Ctrl Pts',(10.1819707901502,5.99999999999999,-51.0614704304557));
#1417=CARTESIAN_POINT('Ctrl Pts',(10.3436073932907,5.99999999999999,-51.2000000000167));
#1418=CARTESIAN_POINT('Ctrl Pts',(9.97793380810338,5.99999999999999,-50.6436408853683));
#1419=CARTESIAN_POINT('Ctrl Pts',(10.1403936383443,6.00000218881209,-50.7817889798788));
#1420=CARTESIAN_POINT('Ctrl Pts',(10.3024258890916,5.99999796136585,-50.9204047963869));
#1421=CARTESIAN_POINT('Ctrl Pts',(10.4640708868898,5.99999999999999,-51.0594429336121));
#1422=CARTESIAN_POINT('Ctrl Pts',(10.2179804219196,6.10693583039647,-50.3602633553877));
#1423=CARTESIAN_POINT('Ctrl Pts',(10.3804982033878,6.10646196687238,-50.4995097363361));
#1424=CARTESIAN_POINT('Ctrl Pts',(10.5425736844524,6.10600843608586,-50.6391657645236));
#1425=CARTESIAN_POINT('Ctrl Pts',(10.7042389621816,6.10556525873645,-50.7792143008661));
#1426=CARTESIAN_POINT('Ctrl Pts',(10.512122986482,6.61102790703689,-50.013024991627));
#1427=CARTESIAN_POINT('Ctrl Pts',(10.6752457092193,6.60855250072946,-50.1529827914779));
#1428=CARTESIAN_POINT('Ctrl Pts',(10.8378749552536,6.60614988228029,-50.2933374351681));
#1429=CARTESIAN_POINT('Ctrl Pts',(11.0000655099039,6.60382955933544,-50.434043241401));
#1430=CARTESIAN_POINT('Ctrl Pts',(10.5243809763016,7.11683632740347,-49.9985543068613));
#1431=CARTESIAN_POINT('Ctrl Pts',(10.6885719499812,7.1130143628664,-50.1373195722739));
#1432=CARTESIAN_POINT('Ctrl Pts',(10.8522688217737,7.10934327037618,-50.2764685643425));
#1433=CARTESIAN_POINT('Ctrl Pts',(11.0154617313423,7.10574437209587,-50.4160788967316));
#1434=CARTESIAN_POINT('Ctrl Pts',(10.4565074972415,7.37579015924551,-50.0786796564402));
#1435=CARTESIAN_POINT('Ctrl Pts',(10.6214030339133,7.37186451164512,-50.2162749398156));
#1436=CARTESIAN_POINT('Ctrl Pts',(10.7857585275788,7.36804776490053,-50.3543636492691));
#1437=CARTESIAN_POINT('Ctrl Pts',(10.9496285303861,7.36433278934745,-50.4928932188301));
#1438=CARTESIAN_POINT('',(10.3436073932907,5.99999999999999,-51.2000000000167));
#1439=CARTESIAN_POINT('',(10.9496285303787,7.364332789343,-50.4928932188301));
#1440=CARTESIAN_POINT('Origin',(10.3436073932907,6.99999999999999,-51.2000000000167));
#1441=CARTESIAN_POINT('Ctrl Pts',(10.9496285303861,7.36433278934745,-50.4928932188301));
#1442=CARTESIAN_POINT('Ctrl Pts',(10.7857585275788,7.36804776490053,-50.3543636492691));
#1443=CARTESIAN_POINT('Ctrl Pts',(10.6214030339133,7.37186451164512,-50.2162749398156));
#1444=CARTESIAN_POINT('Ctrl Pts',(10.4565074972415,7.37579015924551,-50.0786796564402));
#1445=CARTESIAN_POINT('Ctrl Pts',(9.85752356071714,5.99999999999999,-50.7857864376267));
#1446=CARTESIAN_POINT('Ctrl Pts',(10.0199562271066,5.99999999999999,-50.9233817210022));
#1447=CARTESIAN_POINT('Ctrl Pts',(10.1819707901502,5.99999999999999,-51.0614704304557));
#1448=CARTESIAN_POINT('Ctrl Pts',(10.3436073932907,5.99999999999999,-51.2000000000167));
#1449=CARTESIAN_POINT('Ctrl Pts',(10.3436073932907,5.99999999999999,-51.1999999999821));
#1450=CARTESIAN_POINT('Ctrl Pts',(10.1819707901631,5.99999999999999,-51.338529569532));
#1451=CARTESIAN_POINT('Ctrl Pts',(10.0199562271325,5.99999999999999,-51.4766182789745));
#1452=CARTESIAN_POINT('Ctrl Pts',(9.85752356075609,5.99999999999999,-51.6142135623391));
#1453=CARTESIAN_POINT('Ctrl Pts',(10.4640708868897,5.99999999999999,-51.3405570663867));
#1454=CARTESIAN_POINT('Ctrl Pts',(10.3024258891045,5.99999796136585,-51.4795952036008));
#1455=CARTESIAN_POINT('Ctrl Pts',(10.1403936383702,6.00000218881209,-51.6182110200979));
#1456=CARTESIAN_POINT('Ctrl Pts',(9.97793380814234,5.99999999999999,-51.7563591145973));
#1457=CARTESIAN_POINT('Ctrl Pts',(10.7042377710733,6.10556605337084,-51.6207843093449));
#1458=CARTESIAN_POINT('Ctrl Pts',(10.542572493357,6.10600923072022,-51.7608328456762));
#1459=CARTESIAN_POINT('Ctrl Pts',(10.3804969909381,6.10646276267391,-51.9004888323003));
#1460=CARTESIAN_POINT('Ctrl Pts',(10.217979209483,6.10693662619796,-52.0397352132375));
#1461=CARTESIAN_POINT('Ctrl Pts',(11.0000634656909,6.60383016263311,-51.9659543734057));
#1462=CARTESIAN_POINT('Ctrl Pts',(10.8378729110536,6.60615048557777,-52.1066601796273));
#1463=CARTESIAN_POINT('Ctrl Pts',(10.6752436277492,6.60855308668827,-52.2470147512706));
#1464=CARTESIAN_POINT('Ctrl Pts',(10.512120905025,6.61102849299549,-52.3869725511104));
#1465=CARTESIAN_POINT('Ctrl Pts',(11.0154617313422,7.10574437209587,-51.9839211032672));
#1466=CARTESIAN_POINT('Ctrl Pts',(10.8522688217868,7.10934327037589,-52.1235314356451));
#1467=CARTESIAN_POINT('Ctrl Pts',(10.6885719500073,7.11301436286581,-52.2626804277026));
#1468=CARTESIAN_POINT('Ctrl Pts',(10.524380976341,7.11683632740255,-52.4014456931042));
#1469=CARTESIAN_POINT('Ctrl Pts',(10.949628530386,7.36433278934745,-51.9071067811687));
#1470=CARTESIAN_POINT('Ctrl Pts',(10.7857585275919,7.36804776490024,-52.0456363507186));
#1471=CARTESIAN_POINT('Ctrl Pts',(10.6214030339396,7.37186451164451,-52.1837250601611));
#1472=CARTESIAN_POINT('Ctrl Pts',(10.456507497281,7.37579015924457,-52.3213203435256));
#1473=CARTESIAN_POINT('',(9.85752356075609,5.99999999999999,-51.6142135623391));
#1474=CARTESIAN_POINT('',(10.4565074972669,7.3757901592357,-52.3213203435256));
#1475=CARTESIAN_POINT('Origin',(9.85752356075609,6.99999999999999,-51.6142135623391));
#1476=CARTESIAN_POINT('',(10.9496285303786,7.364332789343,-51.9071067811687));
#1477=CARTESIAN_POINT('Ctrl Pts',(10.456507497281,7.37579015924457,-52.3213203435256));
#1478=CARTESIAN_POINT('Ctrl Pts',(10.6214030339396,7.37186451164451,-52.1837250601611));
#1479=CARTESIAN_POINT('Ctrl Pts',(10.7857585275919,7.36804776490024,-52.0456363507186));
#1480=CARTESIAN_POINT('Ctrl Pts',(10.949628530386,7.36433278934745,-51.9071067811687));
#1481=CARTESIAN_POINT('Origin',(10.3436073932907,6.99999999999999,-51.1999999999821));
#1482=CARTESIAN_POINT('Ctrl Pts',(10.3436073932907,5.99999999999999,-51.1999999999821));
#1483=CARTESIAN_POINT('Ctrl Pts',(10.1819707901631,5.99999999999999,-51.338529569532));
#1484=CARTESIAN_POINT('Ctrl Pts',(10.0199562271325,5.99999999999999,-51.4766182789745));
#1485=CARTESIAN_POINT('Ctrl Pts',(9.85752356075609,5.99999999999999,-51.6142135623391));
#1486=CARTESIAN_POINT('Ctrl Pts',(9.85752356075609,5.99999999999999,-51.6142135623391));
#1487=CARTESIAN_POINT('Ctrl Pts',(9.44258234803263,5.99999999999999,-51.9657066149168));
#1488=CARTESIAN_POINT('Ctrl Pts',(8.7319383057012,5.99999999999999,-52.8177096640969));
#1489=CARTESIAN_POINT('Ctrl Pts',(8.44679434480114,5.99999999999999,-53.8987855470951));
#1490=CARTESIAN_POINT('Ctrl Pts',(8.44679434480114,5.99999999999999,-54.4426406871187));
#1491=CARTESIAN_POINT('Ctrl Pts',(9.97793380814039,5.99999999999999,-51.7563591145984));
#1492=CARTESIAN_POINT('Ctrl Pts',(9.58346742054425,5.99996916788372,-52.0981648540608));
#1493=CARTESIAN_POINT('Ctrl Pts',(8.91577140415835,5.999971630954,-52.9196816548499));
#1494=CARTESIAN_POINT('Ctrl Pts',(8.65571081263037,5.99999999999999,-53.9337852093851));
#1495=CARTESIAN_POINT('Ctrl Pts',(8.65571081263037,5.99999999999999,-54.4426406871187));
#1496=CARTESIAN_POINT('Ctrl Pts',(10.2179535726131,6.10680522843641,-52.0397049486554));
#1497=CARTESIAN_POINT('Ctrl Pts',(9.86427578412911,6.11365017288905,-52.3621178291085));
#1498=CARTESIAN_POINT('Ctrl Pts',(9.28191096678077,6.12764328276955,-53.1228108017066));
#1499=CARTESIAN_POINT('Ctrl Pts',(9.07157606988826,6.13491755407603,-54.0035388410595));
#1500=CARTESIAN_POINT('Ctrl Pts',(9.07157606988826,6.13491755407603,-54.4426406871186));
#1501=CARTESIAN_POINT('Ctrl Pts',(10.5120561839099,6.6110234615477,-52.3868961471775));
#1502=CARTESIAN_POINT('Ctrl Pts',(10.2005021405696,6.64679950284747,-52.676505256951));
#1503=CARTESIAN_POINT('Ctrl Pts',(9.69779018321799,6.71915846455694,-53.3475108575487));
#1504=CARTESIAN_POINT('Ctrl Pts',(9.52697274698907,6.75589411116892,-54.0796101674464));
#1505=CARTESIAN_POINT('Ctrl Pts',(9.52697274698906,6.75589411116892,-54.4426406871187));
#1506=CARTESIAN_POINT('Ctrl Pts',(10.524380976332,7.11683632739825,-52.4014456931122));
#1507=CARTESIAN_POINT('Ctrl Pts',(10.1998664544201,7.1720713560561,-52.6717536403818));
#1508=CARTESIAN_POINT('Ctrl Pts',(9.65178216475815,7.27860650855448,-53.3117503708831));
#1509=CARTESIAN_POINT('Ctrl Pts',(9.44182911621913,7.3288001024364,-54.0661179016932));
#1510=CARTESIAN_POINT('Ctrl Pts',(9.44182911621913,7.3288001024364,-54.4426406871187));
#1511=CARTESIAN_POINT('Ctrl Pts',(10.456507497274,7.37579015924014,-52.321320343534));
#1512=CARTESIAN_POINT('Ctrl Pts',(10.1097114452998,7.43251842391311,-52.5849401329673));
#1513=CARTESIAN_POINT('Ctrl Pts',(9.50637264846129,7.53746858908313,-53.2239424198523));
#1514=CARTESIAN_POINT('Ctrl Pts',(9.25902720686856,7.58333333333332,-54.034749332101));
#1515=CARTESIAN_POINT('Ctrl Pts',(9.25902720686855,7.58333333333332,-54.4426406871187));
#1516=CARTESIAN_POINT('',(9.25902720686855,7.58333333333332,-54.4426406871187));
#1517=CARTESIAN_POINT('',(9.77798835621457,6.80280633116953,-53.1999999999994));
#1518=CARTESIAN_POINT('Ctrl Pts',(9.25902720686855,7.58333333333332,-54.4426406871187));
#1519=CARTESIAN_POINT('Ctrl Pts',(9.25984143269089,7.5821996059561,-54.4403179093982));
#1520=CARTESIAN_POINT('Ctrl Pts',(9.26065667337835,7.58106408010296,-54.4379963725873));
#1521=CARTESIAN_POINT('Ctrl Pts',(9.42068191860366,7.35809328523299,-53.9831016813191));
#1522=CARTESIAN_POINT('Ctrl Pts',(9.60936746631601,7.07739598784602,-53.5981532430498));
#1523=CARTESIAN_POINT('Ctrl Pts',(9.77798835621458,6.80280633116956,-53.1999999999993));
#1524=CARTESIAN_POINT('Ctrl Pts',(9.25902720686855,7.58333333333332,-54.4426406871187));
#1525=CARTESIAN_POINT('Ctrl Pts',(9.25902720686856,7.58333333333332,-54.034749332101));
#1526=CARTESIAN_POINT('Ctrl Pts',(9.50637264846129,7.53746858908313,-53.2239424198523));
#1527=CARTESIAN_POINT('Ctrl Pts',(10.1097114452998,7.43251842391311,-52.5849401329673));
#1528=CARTESIAN_POINT('Ctrl Pts',(10.456507497274,7.37579015924014,-52.321320343534));
#1529=CARTESIAN_POINT('',(8.68945194588823,5.99999999999999,-53.2000000086181));
#1530=CARTESIAN_POINT('Ctrl Pts',(9.85752356075609,5.99999999999999,-51.6142135623391));
#1531=CARTESIAN_POINT('Ctrl Pts',(9.44258234803263,5.99999999999999,-51.9657066149168));
#1532=CARTESIAN_POINT('Ctrl Pts',(9.00939768047532,5.99999999999999,-52.4850589708531));
#1533=CARTESIAN_POINT('Ctrl Pts',(8.73431654108403,5.99999999999999,-53.0895281688632));
#1534=CARTESIAN_POINT('Ctrl Pts',(8.69036108313538,5.99999999999999,-53.2003605669594));
#1535=CARTESIAN_POINT('Ctrl Pts',(9.77798835621456,6.80280633116953,-53.1999999999994));
#1536=CARTESIAN_POINT('Ctrl Pts',(9.75491006753977,6.70373588979348,-53.1999999999994));
#1537=CARTESIAN_POINT('Ctrl Pts',(9.71495706032361,6.60953394293489,-53.1999999999994));
#1538=CARTESIAN_POINT('Ctrl Pts',(9.59182573158781,6.41145669033884,-53.1999999999994));
#1539=CARTESIAN_POINT('Ctrl Pts',(9.50082179638444,6.31441286566722,-53.1999999999994));
#1540=CARTESIAN_POINT('Ctrl Pts',(9.29571832269725,6.16004722376195,-53.1999999999994));
#1541=CARTESIAN_POINT('Ctrl Pts',(9.1832554173232,6.10136365920742,-53.1999999999994));
#1542=CARTESIAN_POINT('Ctrl Pts',(8.94362042686267,6.02097697971545,-53.1999999999994));
#1543=CARTESIAN_POINT('Ctrl Pts',(8.8167675715458,5.99999999999999,-53.1999999999994));
#1544=CARTESIAN_POINT('Ctrl Pts',(8.68945195276749,5.99999999999999,-53.1999999999994));
#1545=CARTESIAN_POINT('Origin',(10.3436073932759,6.99999999999108,-51.1999999999994));
#1546=CARTESIAN_POINT('Origin',(10.3436073932759,6.99999999999108,-51.1999999999994));
#1547=CARTESIAN_POINT('Origin',(-1.30000000000782,-1.32594567292356E-14,
-47.9573593128801));
#1548=CARTESIAN_POINT('',(10.4565074972414,-7.37579015924537,-50.0786796564401));
#1549=CARTESIAN_POINT('Origin',(-1.30000000000782,-1.5603972408169E-14,
-50.0786796564397));
#1550=CARTESIAN_POINT('Ctrl Pts',(9.25902720686856,-7.58333333333335,-47.9573593128801));
#1551=CARTESIAN_POINT('Ctrl Pts',(9.25902720686856,-7.58333333333335,-48.7731414813475));
#1552=CARTESIAN_POINT('Ctrl Pts',(9.76291537548531,-7.48924669150477,-49.5514400640253));
#1553=CARTESIAN_POINT('Ctrl Pts',(10.4565074972415,-7.37579015924547,-50.0786796564401));
#1554=CARTESIAN_POINT('Origin',(-1.30000000000782,-1.33267161769756E-14,
-50.1999999999994));
#1555=CARTESIAN_POINT('',(10.9496285303786,-7.36433278934302,-50.4928932188301));
#1556=CARTESIAN_POINT('Origin',(-1.30000000000782,-1.28888713792665E-14,
-50.4928932188128));
#1557=CARTESIAN_POINT('Ctrl Pts',(10.4565074972415,-7.37579015924554,-50.0786796564401));
#1558=CARTESIAN_POINT('Ctrl Pts',(10.6214030339133,-7.37186451164515,-50.2162749398156));
#1559=CARTESIAN_POINT('Ctrl Pts',(10.7857585275788,-7.36804776490056,-50.3543636492691));
#1560=CARTESIAN_POINT('Ctrl Pts',(10.949628530386,-7.36433278934748,-50.4928932188301));
#1561=CARTESIAN_POINT('Origin',(-1.30000000000782,-1.42615204064993E-14,
-51.1999999999994));
#1562=CARTESIAN_POINT('',(10.9496285303786,-7.36433278934302,-51.9071067811686));
#1563=CARTESIAN_POINT('Origin',(-1.30000000000782,-1.42108841988226E-14,
-51.9071067811859));
#1564=CARTESIAN_POINT('Origin',(10.3436073932759,-6.99999999999111,-51.1999999999994));
#1565=CARTESIAN_POINT('Origin',(-1.30000000000782,-1.5196324636023E-14,
-52.1999999999994));
#1566=CARTESIAN_POINT('',(10.4565074972669,-7.37579015923572,-52.3213203435256));
#1567=CARTESIAN_POINT('Origin',(-1.30000000000782,-1.3077873495997E-14,
-52.321320343559));
#1568=CARTESIAN_POINT('Ctrl Pts',(10.949628530386,-7.36433278934748,-51.9071067811686));
#1569=CARTESIAN_POINT('Ctrl Pts',(10.7857585275919,-7.36804776490026,-52.0456363507186));
#1570=CARTESIAN_POINT('Ctrl Pts',(10.6214030339396,-7.37186451164454,-52.183725060161));
#1571=CARTESIAN_POINT('Ctrl Pts',(10.4565074972811,-7.3757901592446,-52.3213203435256));
#1572=CARTESIAN_POINT('Ctrl Pts',(9.85752356075611,-6.00000000000001,-51.6142135623391));
#1573=CARTESIAN_POINT('Ctrl Pts',(10.0199562271325,-6.00000000000001,-51.4766182789745));
#1574=CARTESIAN_POINT('Ctrl Pts',(10.1819707901631,-6.00000000000001,-51.338529569532));
#1575=CARTESIAN_POINT('Ctrl Pts',(10.3436073932907,-6.00000000000001,-51.1999999999821));
#1576=CARTESIAN_POINT('Ctrl Pts',(9.97793380814235,-6.00000000000001,-51.7563591145973));
#1577=CARTESIAN_POINT('Ctrl Pts',(10.1403936383702,-6.00000218881211,-51.6182110200978));
#1578=CARTESIAN_POINT('Ctrl Pts',(10.3024258891045,-5.99999796136587,-51.4795952036008));
#1579=CARTESIAN_POINT('Ctrl Pts',(10.4640708868897,-6.00000000000001,-51.3405570663867));
#1580=CARTESIAN_POINT('Ctrl Pts',(10.217979209483,-6.10693662619799,-52.0397352132375));
#1581=CARTESIAN_POINT('Ctrl Pts',(10.3804969909381,-6.10646276267394,-51.9004888323003));
#1582=CARTESIAN_POINT('Ctrl Pts',(10.542572493357,-6.10600923072024,-51.7608328456762));
#1583=CARTESIAN_POINT('Ctrl Pts',(10.7042377710733,-6.10556605337086,-51.6207843093449));
#1584=CARTESIAN_POINT('Ctrl Pts',(10.512120905025,-6.61102849299552,-52.3869725511104));
#1585=CARTESIAN_POINT('Ctrl Pts',(10.6752436277492,-6.6085530866883,-52.2470147512706));
#1586=CARTESIAN_POINT('Ctrl Pts',(10.8378729110536,-6.60615048557779,-52.1066601796272));
#1587=CARTESIAN_POINT('Ctrl Pts',(11.0000634656909,-6.60383016263313,-51.9659543734056));
#1588=CARTESIAN_POINT('Ctrl Pts',(10.524380976341,-7.11683632740258,-52.4014456931042));
#1589=CARTESIAN_POINT('Ctrl Pts',(10.6885719500074,-7.11301436286584,-52.2626804277026));
#1590=CARTESIAN_POINT('Ctrl Pts',(10.8522688217868,-7.10934327037592,-52.1235314356451));
#1591=CARTESIAN_POINT('Ctrl Pts',(11.0154617313422,-7.1057443720959,-51.9839211032671));
#1592=CARTESIAN_POINT('Ctrl Pts',(10.4565074972811,-7.3757901592446,-52.3213203435256));
#1593=CARTESIAN_POINT('Ctrl Pts',(10.6214030339396,-7.37186451164454,-52.183725060161));
#1594=CARTESIAN_POINT('Ctrl Pts',(10.7857585275919,-7.36804776490026,-52.0456363507186));
#1595=CARTESIAN_POINT('Ctrl Pts',(10.949628530386,-7.36433278934748,-51.9071067811686));
#1596=CARTESIAN_POINT('',(10.3436073932907,-6.00000000000001,-51.1999999999821));
#1597=CARTESIAN_POINT('Origin',(10.3436073932907,-7.00000000000001,-51.1999999999821));
#1598=CARTESIAN_POINT('',(9.85752356075611,-6.00000000000001,-51.6142135623391));
#1599=CARTESIAN_POINT('Origin',(9.85752356075611,-7.00000000000001,-51.6142135623391));
#1600=CARTESIAN_POINT('Ctrl Pts',(9.85752356075611,-6.00000000000001,-51.6142135623391));
#1601=CARTESIAN_POINT('Ctrl Pts',(10.0199562271325,-6.00000000000001,-51.4766182789745));
#1602=CARTESIAN_POINT('Ctrl Pts',(10.1819707901631,-6.00000000000001,-51.338529569532));
#1603=CARTESIAN_POINT('Ctrl Pts',(10.3436073932907,-6.00000000000001,-51.1999999999821));
#1604=CARTESIAN_POINT('Ctrl Pts',(10.456507497274,-7.37579015924016,-52.321320343534));
#1605=CARTESIAN_POINT('Ctrl Pts',(9.76291537482928,-7.48924669161172,-52.8485599364608));
#1606=CARTESIAN_POINT('Ctrl Pts',(9.25902720686856,-7.58333333333335,-53.6268585390107));
#1607=CARTESIAN_POINT('Ctrl Pts',(9.25902720686856,-7.58333333333335,-54.4426406871187));
#1608=CARTESIAN_POINT('Ctrl Pts',(10.5017564833127,-7.20315427134556,-52.3747372432528));
#1609=CARTESIAN_POINT('Ctrl Pts',(9.8373012383428,-7.31441649041781,-52.9108240792711));
#1610=CARTESIAN_POINT('Ctrl Pts',(9.38089514643561,-7.4136445127354,-53.6678105250212));
#1611=CARTESIAN_POINT('Ctrl Pts',(9.38089514643561,-7.4136445127354,-54.4426406871187));
#1612=CARTESIAN_POINT('Ctrl Pts',(10.5279789326551,-6.81889417349276,-52.4056931180586));
#1613=CARTESIAN_POINT('Ctrl Pts',(9.89861054723581,-6.90850367770631,-52.9685049111171));
#1614=CARTESIAN_POINT('Ctrl Pts',(9.51389874207905,-6.99716317805406,-53.712311860971));
#1615=CARTESIAN_POINT('Ctrl Pts',(9.51389874207906,-6.99716317805406,-54.4426406871187));
#1616=CARTESIAN_POINT('Ctrl Pts',(10.3364811776542,-6.20774993267914,-52.1796280220029));
#1617=CARTESIAN_POINT('Ctrl Pts',(9.66875374734273,-6.23527452168058,-52.8047724188025));
#1618=CARTESIAN_POINT('Ctrl Pts',(9.27516923747686,-6.26503870666563,-53.6323781175339));
#1619=CARTESIAN_POINT('Ctrl Pts',(9.27516923747687,-6.26503870666563,-54.4426406871187));
#1620=CARTESIAN_POINT('Ctrl Pts',(10.0381389318326,-6.00000000000001,-51.827431890728));
#1621=CARTESIAN_POINT('Ctrl Pts',(9.26997213927751,-5.99929313855884,-52.5014369533304));
#1622=CARTESIAN_POINT('Ctrl Pts',(8.76016904654498,-6.00000000000001,-53.4603875219305));
#1623=CARTESIAN_POINT('Ctrl Pts',(8.76016904654499,-6.00000000000001,-54.4426406871187));
#1624=CARTESIAN_POINT('Ctrl Pts',(9.85752356075611,-6.00000000000001,-51.6142135623391));
#1625=CARTESIAN_POINT('Ctrl Pts',(9.02764111317806,-6.00000000000001,-52.3171996862416));
#1626=CARTESIAN_POINT('Ctrl Pts',(8.44679434480114,-6.00000000000001,-53.3549311563081));
#1627=CARTESIAN_POINT('Ctrl Pts',(8.44679434480114,-6.00000000000001,-54.4426406871187));
#1628=CARTESIAN_POINT('',(9.25902720686856,-7.58333333333335,-54.4426406871187));
#1629=CARTESIAN_POINT('',(9.77798835621457,-6.8028063311696,-53.1999999999994));
#1630=CARTESIAN_POINT('Ctrl Pts',(9.77798835621458,-6.80280633116959,-53.1999999999993));
#1631=CARTESIAN_POINT('Ctrl Pts',(9.60936837988902,-7.07739450014367,-53.5981510858908));
#1632=CARTESIAN_POINT('Ctrl Pts',(9.42068176893649,-7.3580935252843,-53.9831017736981));
#1633=CARTESIAN_POINT('Ctrl Pts',(9.2606563338263,-7.58106455305545,-54.4379973395213));
#1634=CARTESIAN_POINT('Ctrl Pts',(9.25984126301603,-7.58219984221127,-54.4403183934371));
#1635=CARTESIAN_POINT('Ctrl Pts',(9.25902720686856,-7.58333333333335,-54.4426406871187));
#1636=CARTESIAN_POINT('',(8.68945194594996,-6.00000000000001,-53.2000000085408));
#1637=CARTESIAN_POINT('Ctrl Pts',(8.68945195276749,-6.00000000000001,-53.1999999999994));
#1638=CARTESIAN_POINT('Ctrl Pts',(8.83998575724101,-6.00000000000001,-53.1999999999994));
#1639=CARTESIAN_POINT('Ctrl Pts',(8.98980287149377,-6.02933401678719,-53.1999999999994));
#1640=CARTESIAN_POINT('Ctrl Pts',(9.27017399634908,-6.14200705895959,-53.1999999999994));
#1641=CARTESIAN_POINT('Ctrl Pts',(9.39982456525325,-6.22547867465591,-53.1999999999994));
#1642=CARTESIAN_POINT('Ctrl Pts',(9.60231320847641,-6.42498846808106,-53.1999999999994));
#1643=CARTESIAN_POINT('Ctrl Pts',(9.67936169761252,-6.53510786217564,-53.2000000000301));
#1644=CARTESIAN_POINT('Ctrl Pts',(9.75064559337359,-6.70473380355442,-53.2000000000301));
#1645=CARTESIAN_POINT('Ctrl Pts',(9.76645753210899,-6.75330682755961,-53.1999999999994));
#1646=CARTESIAN_POINT('Ctrl Pts',(9.77798835621457,-6.8028063311696,-53.1999999999994));
#1647=CARTESIAN_POINT('Ctrl Pts',(8.6951355280298,-6.00000000000001,-53.2022902261111));
#1648=CARTESIAN_POINT('Ctrl Pts',(8.94107495049874,-6.00000000000001,-52.5919478265704));
#1649=CARTESIAN_POINT('Ctrl Pts',(9.35333963828787,-6.00000000000001,-52.0413033295998));
#1650=CARTESIAN_POINT('Ctrl Pts',(9.85752356075611,-6.00000000000001,-51.6142135623391));
#1651=CARTESIAN_POINT('Ctrl Pts',(10.456507497274,-7.37579015924016,-52.321320343534));
#1652=CARTESIAN_POINT('Ctrl Pts',(9.76291537482928,-7.48924669161172,-52.8485599364608));
#1653=CARTESIAN_POINT('Ctrl Pts',(9.25902720686856,-7.58333333333335,-53.6268585390107));
#1654=CARTESIAN_POINT('Ctrl Pts',(9.25902720686856,-7.58333333333335,-54.4426406871187));
#1655=CARTESIAN_POINT('Ctrl Pts',(9.25902720686856,-7.58333333333335,-47.9573593128801));
#1656=CARTESIAN_POINT('Ctrl Pts',(9.25902720686856,-7.58333333333335,-48.7731414813475));
#1657=CARTESIAN_POINT('Ctrl Pts',(9.76291537548531,-7.48924669150477,-49.5514400640253));
#1658=CARTESIAN_POINT('Ctrl Pts',(10.4565074972415,-7.37579015924547,-50.0786796564401));
#1659=CARTESIAN_POINT('Ctrl Pts',(9.38089514643561,-7.4136445127354,-47.9573593128801));
#1660=CARTESIAN_POINT('Ctrl Pts',(9.38089514643561,-7.4136445127354,-48.7321894943151));
#1661=CARTESIAN_POINT('Ctrl Pts',(9.83730123897196,-7.3144164903131,-49.4891759212239));
#1662=CARTESIAN_POINT('Ctrl Pts',(10.5017564832816,-7.20315427135077,-50.0252627567209));
#1663=CARTESIAN_POINT('Ctrl Pts',(9.51390335843558,-6.99715736625084,-47.9573593128801));
#1664=CARTESIAN_POINT('Ctrl Pts',(9.51390335843558,-6.99715736625084,-48.6876881572546));
#1665=CARTESIAN_POINT('Ctrl Pts',(9.89861241506379,-6.90849963497214,-49.4314928851183));
#1666=CARTESIAN_POINT('Ctrl Pts',(10.5279807998565,-6.81889013084693,-49.9943046776283));
#1667=CARTESIAN_POINT('Ctrl Pts',(9.27517754822153,-6.26502293660461,-47.9573593128801));
#1668=CARTESIAN_POINT('Ctrl Pts',(9.27517754822153,-6.26502293660461,-48.7676219026867));
#1669=CARTESIAN_POINT('Ctrl Pts',(9.66875692632768,-6.23526415609519,-49.5952238296998));
#1670=CARTESIAN_POINT('Ctrl Pts',(10.3364843559738,-6.20773956712083,-50.2203682258902));
#1671=CARTESIAN_POINT('Ctrl Pts',(8.76016904654499,-6.00000000000001,-47.9573593128801));
#1672=CARTESIAN_POINT('Ctrl Pts',(8.76016904654499,-6.00000000000001,-48.9396125025825));
#1673=CARTESIAN_POINT('Ctrl Pts',(9.26997214000563,-5.99929313855954,-49.8985630472923));
#1674=CARTESIAN_POINT('Ctrl Pts',(10.0381389317966,-6.00000000000002,-50.5725681092392));
#1675=CARTESIAN_POINT('Ctrl Pts',(8.44679434480114,-6.00000000000001,-47.9573593128801));
#1676=CARTESIAN_POINT('Ctrl Pts',(8.44679434480114,-6.00000000000001,-49.0450688708367));
#1677=CARTESIAN_POINT('Ctrl Pts',(9.02764111396395,-6.00000000000002,-50.0828003144072));
#1678=CARTESIAN_POINT('Ctrl Pts',(9.85752356071725,-6.00000000000002,-50.7857864376268));
#1679=CARTESIAN_POINT('',(9.85752356071726,-6.00000000000001,-50.7857864376268));
#1680=CARTESIAN_POINT('Origin',(9.85752356071726,-7.00000000000001,-50.7857864376268));
#1681=CARTESIAN_POINT('',(8.68945194223156,-6.00000000000001,-49.1999999867993));
#1682=CARTESIAN_POINT('Ctrl Pts',(9.85752356071725,-6.00000000000002,-50.7857864376268));
#1683=CARTESIAN_POINT('Ctrl Pts',(9.35333963444017,-6.00000000000002,-50.35869666713));
#1684=CARTESIAN_POINT('Ctrl Pts',(8.94107494381922,-6.00000000000002,-49.8080521743388));
#1685=CARTESIAN_POINT('Ctrl Pts',(8.695135521941,-6.00000000000001,-49.1977097702131));
#1686=CARTESIAN_POINT('Ctrl Pts',(9.77798835621455,-6.80280633116958,-49.1999999999994));
#1687=CARTESIAN_POINT('Ctrl Pts',(9.75491009524784,-6.70373600873871,-49.1999999999994));
#1688=CARTESIAN_POINT('Ctrl Pts',(9.71495715625014,-6.60953416910527,-49.1999999999993));
#1689=CARTESIAN_POINT('Ctrl Pts',(9.59182614679173,-6.41145726590448,-49.1999999999994));
#1690=CARTESIAN_POINT('Ctrl Pts',(9.50082253645462,-6.31441362404934,-49.1999999999994));
#1691=CARTESIAN_POINT('Ctrl Pts',(9.29571941584098,-6.16004785434326,-49.1999999999994));
#1692=CARTESIAN_POINT('Ctrl Pts',(9.18325644182565,-6.10136411170123,-49.1999999999994));
#1693=CARTESIAN_POINT('Ctrl Pts',(8.94362107712808,-6.02097708743562,-49.1999999999994));
#1694=CARTESIAN_POINT('Ctrl Pts',(8.81676789826012,-6.00000000000001,-49.1999999999994));
#1695=CARTESIAN_POINT('Ctrl Pts',(8.68945195276748,-6.00000000000001,-49.1999999999994));
#1696=CARTESIAN_POINT('Ctrl Pts',(10.3436073932907,-6.00000000000001,-51.2000000000167));
#1697=CARTESIAN_POINT('Ctrl Pts',(10.1819707901502,-6.00000000000001,-51.0614704304557));
#1698=CARTESIAN_POINT('Ctrl Pts',(10.0199562271065,-6.00000000000001,-50.9233817210021));
#1699=CARTESIAN_POINT('Ctrl Pts',(9.85752356071714,-6.00000000000001,-50.7857864376267));
#1700=CARTESIAN_POINT('Ctrl Pts',(10.4640708868898,-6.00000000000001,-51.0594429336121));
#1701=CARTESIAN_POINT('Ctrl Pts',(10.3024258890916,-5.99999796136587,-50.9204047963869));
#1702=CARTESIAN_POINT('Ctrl Pts',(10.1403936383443,-6.00000218881211,-50.7817889798787));
#1703=CARTESIAN_POINT('Ctrl Pts',(9.97793380810338,-6.00000000000001,-50.6436408853683));
#1704=CARTESIAN_POINT('Ctrl Pts',(10.7042389621816,-6.10556525873646,-50.7792143008661));
#1705=CARTESIAN_POINT('Ctrl Pts',(10.5425736844524,-6.10600843608588,-50.6391657645235));
#1706=CARTESIAN_POINT('Ctrl Pts',(10.3804982033878,-6.10646196687241,-50.499509736336));
#1707=CARTESIAN_POINT('Ctrl Pts',(10.2179804219196,-6.1069358303965,-50.3602633553877));
#1708=CARTESIAN_POINT('Ctrl Pts',(11.0000655099039,-6.60382955933546,-50.4340432414009));
#1709=CARTESIAN_POINT('Ctrl Pts',(10.8378749552536,-6.60614988228031,-50.293337435168));
#1710=CARTESIAN_POINT('Ctrl Pts',(10.6752457092193,-6.60855250072948,-50.1529827914778));
#1711=CARTESIAN_POINT('Ctrl Pts',(10.512122986482,-6.61102790703691,-50.013024991627));
#1712=CARTESIAN_POINT('Ctrl Pts',(11.0154617313422,-7.1057443720959,-50.4160788967316));
#1713=CARTESIAN_POINT('Ctrl Pts',(10.8522688217737,-7.10934327037621,-50.2764685643424));
#1714=CARTESIAN_POINT('Ctrl Pts',(10.6885719499812,-7.11301436286643,-50.1373195722739));
#1715=CARTESIAN_POINT('Ctrl Pts',(10.5243809763016,-7.11683632740349,-49.9985543068613));
#1716=CARTESIAN_POINT('Ctrl Pts',(10.949628530386,-7.36433278934748,-50.4928932188301));
#1717=CARTESIAN_POINT('Ctrl Pts',(10.7857585275788,-7.36804776490056,-50.3543636492691));
#1718=CARTESIAN_POINT('Ctrl Pts',(10.6214030339133,-7.37186451164515,-50.2162749398156));
#1719=CARTESIAN_POINT('Ctrl Pts',(10.4565074972415,-7.37579015924554,-50.0786796564401));
#1720=CARTESIAN_POINT('Origin',(10.3436073932907,-7.00000000000001,-51.2000000000166));
#1721=CARTESIAN_POINT('Ctrl Pts',(10.3436073932907,-6.00000000000001,-51.2000000000167));
#1722=CARTESIAN_POINT('Ctrl Pts',(10.1819707901502,-6.00000000000001,-51.0614704304557));
#1723=CARTESIAN_POINT('Ctrl Pts',(10.0199562271065,-6.00000000000001,-50.9233817210021));
#1724=CARTESIAN_POINT('Ctrl Pts',(9.85752356071714,-6.00000000000001,-50.7857864376267));
#1725=CARTESIAN_POINT('Origin',(10.3436073932759,-6.99999999999111,-51.1999999999994));
#1726=CARTESIAN_POINT('Origin',(-1.30000000000782,-1.46994784698061E-14,
-54.4426406871187));
#1727=CARTESIAN_POINT('Origin',(-1.30000000000782,-1.46994784698061E-14,
-54.4426406871187));
#1728=CARTESIAN_POINT('Origin',(-1.30000000000782,-6.00000000000001,-49.1999999999994));
#1729=CARTESIAN_POINT('',(-1.30000000000782,-6.00000000000002,-53.1999999999994));
#1730=CARTESIAN_POINT('',(-1.30000000000782,-6.00000000000001,-49.1999999999994));
#1731=CARTESIAN_POINT('Origin',(-1.30000000000782,-1.5400553071041E-14,
-57.5999999999994));
#1732=CARTESIAN_POINT('',(-2.10000000000782,-1.48545954606902E-14,-54.6999999999994));
#1733=CARTESIAN_POINT('Origin',(-1.30000000000782,-1.47566237167584E-14,
-54.6999999999994));
#1734=CARTESIAN_POINT('',(-2.10000000000782,-1.43255850654391E-14,-53.1999999999994));
#1735=CARTESIAN_POINT('',(-2.10000000000782,-1.54985248149728E-14,-57.5999999999994));
#1736=CARTESIAN_POINT('Origin',(-1.30000000000782,-1.44235568093709E-14,
-53.1999999999994));
#1737=CARTESIAN_POINT('Origin',(-1.30000000000782,-2.22857203907197,-57.5999999999994));
#1738=CARTESIAN_POINT('',(-1.30000000000782,-2.22857203907197,-57.5999999999994));
#1739=CARTESIAN_POINT('',(0.629999999992177,-1.11428601953599,-57.5999999999994));
#1740=CARTESIAN_POINT('',(-0.817500000007824,-1.95000053418798,-57.5999999999994));
#1741=CARTESIAN_POINT('',(-1.30000000000782,-2.22857203907197,-54.6999999999994));
#1742=CARTESIAN_POINT('',(-1.30000000000782,-2.22857203907197,-57.5999999999994));
#1743=CARTESIAN_POINT('',(0.629999999992177,-1.11428601953599,-54.6999999999994));
#1744=CARTESIAN_POINT('',(0.629999999992177,-1.11428601953599,-54.6999999999994));
#1745=CARTESIAN_POINT('',(0.629999999992177,-1.11428601953599,-57.5999999999994));
#1746=CARTESIAN_POINT('Origin',(-3.23000000000782,-1.11428601953599,-57.5999999999994));
#1747=CARTESIAN_POINT('',(-3.23000000000782,-1.11428601953599,-57.5999999999994));
#1748=CARTESIAN_POINT('',(-2.74750000000782,-1.39285752441999,-57.5999999999994));
#1749=CARTESIAN_POINT('',(-3.23000000000782,-1.11428601953599,-54.6999999999994));
#1750=CARTESIAN_POINT('',(-3.23000000000782,-1.11428601953599,-57.5999999999994));
#1751=CARTESIAN_POINT('',(-1.30000000000782,-2.22857203907197,-54.6999999999994));
#1752=CARTESIAN_POINT('Origin',(-3.23000000000782,1.11428601953596,-57.5999999999994));
#1753=CARTESIAN_POINT('',(-3.23000000000782,1.11428601953597,-57.5999999999994));
#1754=CARTESIAN_POINT('',(-3.23000000000782,0.557143009767976,-57.5999999999994));
#1755=CARTESIAN_POINT('',(-3.23000000000782,1.11428601953597,-54.6999999999994));
#1756=CARTESIAN_POINT('',(-3.23000000000782,1.11428601953597,-57.5999999999994));
#1757=CARTESIAN_POINT('',(-3.23000000000782,-1.11428601953599,-54.6999999999994));
#1758=CARTESIAN_POINT('Origin',(-1.30000000000782,2.22857203907194,-57.5999999999994));
#1759=CARTESIAN_POINT('',(-1.30000000000782,2.22857203907194,-57.5999999999994));
#1760=CARTESIAN_POINT('',(-1.78250000000782,1.95000053418795,-57.5999999999994));
#1761=CARTESIAN_POINT('',(-1.30000000000782,2.22857203907194,-54.6999999999994));
#1762=CARTESIAN_POINT('',(-1.30000000000782,2.22857203907194,-57.5999999999994));
#1763=CARTESIAN_POINT('',(-3.23000000000782,1.11428601953597,-54.6999999999994));
#1764=CARTESIAN_POINT('Origin',(0.629999999992181,1.11428601953596,-57.5999999999994));
#1765=CARTESIAN_POINT('',(0.629999999992181,1.11428601953596,-57.5999999999994));
#1766=CARTESIAN_POINT('',(0.14749999999218,1.39285752441996,-57.5999999999994));
#1767=CARTESIAN_POINT('',(0.629999999992181,1.11428601953596,-54.6999999999994));
#1768=CARTESIAN_POINT('',(0.629999999992181,1.11428601953596,-57.5999999999994));
#1769=CARTESIAN_POINT('',(-1.30000000000782,2.22857203907194,-54.6999999999994));
#1770=CARTESIAN_POINT('Origin',(0.629999999992177,-1.11428601953599,-57.5999999999994));
#1771=CARTESIAN_POINT('',(0.629999999992178,-0.557143009768007,-57.5999999999994));
#1772=CARTESIAN_POINT('',(0.629999999992181,1.11428601953596,-54.6999999999994));
#1773=CARTESIAN_POINT('Origin',(-1.30000000000782,-1.48492329543615E-14,
-54.6999999999994));
#1774=CARTESIAN_POINT('Origin',(10.232562594663,-6.00000000000001,-53.1999999999994));
#1775=CARTESIAN_POINT('',(10.232562594663,5.99999999999998,-57.5999999999994));
#1776=CARTESIAN_POINT('',(10.232562594663,-5.99999999999999,-57.5999999999994));
#1777=CARTESIAN_POINT('',(10.232562594663,-3.00000000000001,-57.5999999999994));
#1778=CARTESIAN_POINT('',(10.232562594663,5.99999999999999,-53.1999999999994));
#1779=CARTESIAN_POINT('',(10.232562594663,5.99999999999999,-31.8999999999994));
#1780=CARTESIAN_POINT('',(10.232562594663,-6.00000000000001,-53.1999999999994));
#1781=CARTESIAN_POINT('',(10.232562594663,-3.00000000000001,-53.1999999999994));
#1782=CARTESIAN_POINT('',(10.232562594663,-5.99999999999999,-31.8999999999994));
#1783=CARTESIAN_POINT('Origin',(-1.30000000000782,-1.5010215292932E-14,
-57.5999999999994));
#1784=CARTESIAN_POINT('Origin',(-1.30000000000782,-1.5400553071041E-14,
-57.5999999999994));
#1785=CARTESIAN_POINT('Origin',(-1.30000000000782,5.99999999999999,-53.1999999999994));
#1786=CARTESIAN_POINT('',(-1.30000000000782,5.99999999999999,-49.1999999999994));
#1787=CARTESIAN_POINT('',(-1.30000000000782,5.99999999999999,-53.1999999999994));
#1788=CARTESIAN_POINT('Origin',(-1.30000000000782,5.99999999999999,-49.1999999999994));
#1789=CARTESIAN_POINT('Origin',(-1.30000000000782,-1.36113342819044E-14,
-53.1999999999994));
#1790=CARTESIAN_POINT('Origin',(-1.30000000000782,-1.44235568093709E-14,
-53.1999999999994));
#1791=CARTESIAN_POINT('Origin',(-1.30000000000782,-1.44235568093709E-14,
-53.1999999999994));
#1792=CARTESIAN_POINT('Origin',(-1.30000000000782,-9.69400672446771E-15,
-31.8999999999994));
#1793=CARTESIAN_POINT('Origin',(-18.0000000000011,14.6500000000039,-31.8999999999994));
#1794=CARTESIAN_POINT('',(-19.0500000000011,14.6500000000039,-33.3999999999994));
#1795=CARTESIAN_POINT('Origin',(-18.0000000000011,14.6500000000039,-33.3999999999994));
#1796=CARTESIAN_POINT('',(-19.0500000000011,14.6500000000039,-31.8999999999994));
#1797=CARTESIAN_POINT('Origin',(8.69999999998998,23.9999999999994,-31.8999999999994));
#1798=CARTESIAN_POINT('',(7.64999999998998,23.9999999999994,-33.3999999999994));
#1799=CARTESIAN_POINT('Origin',(8.69999999998998,23.9999999999994,-33.3999999999994));
#1800=CARTESIAN_POINT('',(7.64999999998998,23.9999999999994,-31.8999999999994));
#1801=CARTESIAN_POINT('Origin',(-18.0000000000011,-14.6500000000039,-31.8999999999994));
#1802=CARTESIAN_POINT('',(-19.0500000000011,-14.6500000000039,-33.3999999999994));
#1803=CARTESIAN_POINT('Origin',(-18.0000000000011,-14.6500000000039,-33.3999999999994));
#1804=CARTESIAN_POINT('',(-19.0500000000011,-14.6500000000039,-31.8999999999994));
#1805=CARTESIAN_POINT('Origin',(8.69999999998998,-23.9999999999994,-31.8999999999994));
#1806=CARTESIAN_POINT('',(7.64999999998998,-23.9999999999994,-33.3999999999994));
#1807=CARTESIAN_POINT('Origin',(8.69999999998998,-23.9999999999994,-33.3999999999994));
#1808=CARTESIAN_POINT('',(7.64999999998998,-23.9999999999994,-31.8999999999994));
#1809=CARTESIAN_POINT('Origin',(-4.65000000000549,27.9999999999994,-31.8999999999994));
#1810=CARTESIAN_POINT('',(10.6999999999922,27.9999999999994,-33.3999999999994));
#1811=CARTESIAN_POINT('',(10.6999999999922,27.9999999999994,-31.8999999999994));
#1812=CARTESIAN_POINT('',(-4.65000000000549,27.9999999999994,-33.3999999999994));
#1813=CARTESIAN_POINT('',(-4.65000000000549,27.9999999999994,-33.3999999999994));
#1814=CARTESIAN_POINT('',(-4.65000000000549,27.9999999999994,-31.8999999999994));
#1815=CARTESIAN_POINT('Origin',(-4.65000000000549,10.6500000000039,-31.8999999999994));
#1816=CARTESIAN_POINT('',(-22.000000000001,10.6500000000039,-33.3999999999994));
#1817=CARTESIAN_POINT('Origin',(-4.65000000000549,10.6500000000039,-33.3999999999994));
#1818=CARTESIAN_POINT('',(-22.000000000001,10.6500000000039,-31.8999999999994));
#1819=CARTESIAN_POINT('Origin',(-22.000000000001,-10.6500000000039,-31.8999999999994));
#1820=CARTESIAN_POINT('',(-22.000000000001,-10.6500000000039,-33.3999999999994));
#1821=CARTESIAN_POINT('',(-22.000000000001,-10.6500000000039,-33.3999999999994));
#1822=CARTESIAN_POINT('',(-22.000000000001,-10.6500000000039,-31.8999999999994));
#1823=CARTESIAN_POINT('Origin',(-4.65000000000549,-10.6500000000039,-31.8999999999994));
#1824=CARTESIAN_POINT('',(-4.65000000000549,-27.9999999999994,-33.3999999999994));
#1825=CARTESIAN_POINT('Origin',(-4.65000000000549,-10.6500000000039,-33.3999999999994));
#1826=CARTESIAN_POINT('',(-4.65000000000549,-27.9999999999994,-31.8999999999994));
#1827=CARTESIAN_POINT('Origin',(10.6999999999922,-27.9999999999994,-31.8999999999994));
#1828=CARTESIAN_POINT('',(10.6999999999922,-27.9999999999994,-33.3999999999994));
#1829=CARTESIAN_POINT('',(10.6999999999922,-27.9999999999994,-33.3999999999994));
#1830=CARTESIAN_POINT('',(10.6999999999922,-27.9999999999994,-31.8999999999994));
#1831=CARTESIAN_POINT('Origin',(10.6999999999922,-25.9999999999994,-31.8999999999994));
#1832=CARTESIAN_POINT('',(12.6999999999922,-26.0000000000016,-33.3999999999994));
#1833=CARTESIAN_POINT('Origin',(10.6999999999922,-25.9999999999994,-33.3999999999994));
#1834=CARTESIAN_POINT('',(12.6999999999922,-26.0000000000016,-31.8999999999994));
#1835=CARTESIAN_POINT('Origin',(12.6999999999922,26.0000000000016,-31.8999999999994));
#1836=CARTESIAN_POINT('',(12.6999999999922,26.0000000000016,-33.3999999999994));
#1837=CARTESIAN_POINT('',(12.6999999999922,26.0000000000016,-33.3999999999994));
#1838=CARTESIAN_POINT('',(12.6999999999922,26.0000000000016,-33.3999999999994));
#1839=CARTESIAN_POINT('',(12.6999999999922,26.0000000000016,-31.8999999999994));
#1840=CARTESIAN_POINT('Origin',(10.6999999999922,25.9999999999994,-31.8999999999994));
#1841=CARTESIAN_POINT('Origin',(10.6999999999922,25.9999999999994,-33.3999999999994));
#1842=CARTESIAN_POINT('Origin',(-4.6500000000044,5.90638649100598E-15,-33.3999999999994));
#1843=CARTESIAN_POINT('',(1.30000000000782,-2.22044604925031E-15,-31.8999999999993));
#1844=UNCERTAINTY_MEASURE_WITH_UNIT(LENGTH_MEASURE(0.01),#1850,
'DISTANCE_ACCURACY_VALUE',
'Maximum model space distance between geometric entities at asserted c
onnectivities');
#1845=UNCERTAINTY_MEASURE_WITH_UNIT(LENGTH_MEASURE(0.01),#1850,
'DISTANCE_ACCURACY_VALUE',
'Maximum model space distance between geometric entities at asserted c
onnectivities');
#1846=UNCERTAINTY_MEASURE_WITH_UNIT(LENGTH_MEASURE(0.01),#1850,
'DISTANCE_ACCURACY_VALUE',
'Maximum model space distance between geometric entities at asserted c
onnectivities');
#1847=(
GEOMETRIC_REPRESENTATION_CONTEXT(3)
GLOBAL_UNCERTAINTY_ASSIGNED_CONTEXT((#1844))
GLOBAL_UNIT_ASSIGNED_CONTEXT((#1850,#1852,#1853))
REPRESENTATION_CONTEXT('','3D')
);
#1848=(
GEOMETRIC_REPRESENTATION_CONTEXT(3)
GLOBAL_UNCERTAINTY_ASSIGNED_CONTEXT((#1845))
GLOBAL_UNIT_ASSIGNED_CONTEXT((#1850,#1852,#1853))
REPRESENTATION_CONTEXT('','3D')
);
#1849=(
GEOMETRIC_REPRESENTATION_CONTEXT(3)
GLOBAL_UNCERTAINTY_ASSIGNED_CONTEXT((#1846))
GLOBAL_UNIT_ASSIGNED_CONTEXT((#1850,#1852,#1853))
REPRESENTATION_CONTEXT('','3D')
);
#1850=(
LENGTH_UNIT()
NAMED_UNIT(*)
SI_UNIT(.MILLI.,.METRE.)
);
#1851=(
LENGTH_UNIT()
NAMED_UNIT(*)
SI_UNIT($,.METRE.)
);
#1852=(
NAMED_UNIT(*)
PLANE_ANGLE_UNIT()
SI_UNIT($,.RADIAN.)
);
#1853=(
NAMED_UNIT(*)
SI_UNIT($,.STERADIAN.)
SOLID_ANGLE_UNIT()
);
#1854=SHAPE_DEFINITION_REPRESENTATION(#1856,#1859);
#1855=SHAPE_DEFINITION_REPRESENTATION(#1857,#1860);
#1856=PRODUCT_DEFINITION_SHAPE('',$,#1862);
#1857=PRODUCT_DEFINITION_SHAPE('',$,#1863);
#1858=PRODUCT_DEFINITION_SHAPE($,$,#14);
#1859=SHAPE_REPRESENTATION('',(#907,#1001),#1847);
#1860=SHAPE_REPRESENTATION('',(#908),#1848);
#1861=PRODUCT_DEFINITION_CONTEXT('part definition',#1869,'design');
#1862=PRODUCT_DEFINITION('2026-10-08-19-25-21-929','PRINT_LAYOUT',#1864,
#1861);
#1863=PRODUCT_DEFINITION('2026-10-08-19-25-21-878','Belly',#1865,#1861);
#1864=PRODUCT_DEFINITION_FORMATION('',$,#1871);
#1865=PRODUCT_DEFINITION_FORMATION('',$,#1872);
#1866=PRODUCT_RELATED_PRODUCT_CATEGORY('PRINT_LAYOUT','PRINT_LAYOUT',(#1871));
#1867=PRODUCT_RELATED_PRODUCT_CATEGORY('Belly','Belly',(#1872));
#1868=APPLICATION_PROTOCOL_DEFINITION('international standard',
'automotive_design',2009,#1869);
#1869=APPLICATION_CONTEXT(
'Core Data for Automotive Mechanical Design Process');
#1870=PRODUCT_CONTEXT('part definition',#1869,'mechanical');
#1871=PRODUCT('2026-10-08-19-25-21-929','PRINT_LAYOUT',$,(#1870));
#1872=PRODUCT('2026-10-08-19-25-21-878','Belly',$,(#1870));
#1873=PRESENTATION_STYLE_ASSIGNMENT((#1876));
#1874=PRESENTATION_STYLE_ASSIGNMENT((#1877));
#1875=PRESENTATION_STYLE_ASSIGNMENT((#1878));
#1876=SURFACE_STYLE_USAGE(.BOTH.,#1879);
#1877=SURFACE_STYLE_USAGE(.BOTH.,#1880);
#1878=SURFACE_STYLE_USAGE(.BOTH.,#1881);
#1879=SURFACE_SIDE_STYLE('',(#1882));
#1880=SURFACE_SIDE_STYLE('',(#1883));
#1881=SURFACE_SIDE_STYLE('',(#1884));
#1882=SURFACE_STYLE_FILL_AREA(#1885);
#1883=SURFACE_STYLE_FILL_AREA(#1886);
#1884=SURFACE_STYLE_FILL_AREA(#1887);
#1885=FILL_AREA_STYLE('Plastic - Matte (Black)',(#1888));
#1886=FILL_AREA_STYLE('Steel - Satin',(#1889));
#1887=FILL_AREA_STYLE('Brass - Old',(#1890));
#1888=FILL_AREA_STYLE_COLOUR('Plastic - Matte (Black)',#1891);
#1889=FILL_AREA_STYLE_COLOUR('Steel - Satin',#1892);
#1890=FILL_AREA_STYLE_COLOUR('Brass - Old',#1893);
#1891=COLOUR_RGB('Plastic - Matte (Black)',0.0980392156862745,0.0980392156862745,
0.0980392156862745);
#1892=COLOUR_RGB('Steel - Satin',0.627450980392157,0.627450980392157,0.627450980392157);
#1893=COLOUR_RGB('Brass - Old',0.,0.,0.);
ENDSEC;
END-ISO-10303-21;
