ISO-10303-21;
HEADER;
/* Generated by software containing ST-Developer
 * from STEP Tools, Inc. (www.steptools.com) 
 */

FILE_DESCRIPTION(
/* description */ (''),
/* implementation_level */ '2;1');

FILE_NAME(
/* name */ 'Chest.step',
/* time_stamp */ '2026-10-08T19:25:14+02:00',
/* author */ (''),
/* organization */ (''),
/* preprocessor_version */ 'ST-DEVELOPER v20.2',
/* originating_system */ 'Autodesk Translation Framework v15.15.0.0',
/* authorisation */ '');

FILE_SCHEMA (('AUTOMOTIVE_DESIGN { 1 0 10303 214 3 1 1 }'));
ENDSEC;

DATA;
#10=MECHANICAL_DESIGN_GEOMETRIC_PRESENTATION_REPRESENTATION('',(#17),#8272);
#11=ITEM_DEFINED_TRANSFORMATION($,$,#3252,#3510);
#12=(
REPRESENTATION_RELATIONSHIP($,$,#8283,#8282)
REPRESENTATION_RELATIONSHIP_WITH_TRANSFORMATION(#11)
SHAPE_REPRESENTATION_RELATIONSHIP()
);
#13=CONTEXT_DEPENDENT_SHAPE_REPRESENTATION(#12,#8281);
#14=NEXT_ASSEMBLY_USAGE_OCCURRENCE('Chest:1','Chest:1','Chest:1',#8285,
#8286,'Chest:1');
#15=SHAPE_REPRESENTATION_RELATIONSHIP('SRR','None',#8283,#16);
#16=ADVANCED_BREP_SHAPE_REPRESENTATION('',(#18),#8271);
#17=STYLED_ITEM('',(#8298),#18);
#18=MANIFOLD_SOLID_BREP('Body1',#3238);
#19=ELLIPSE('',#3315,4.47213595499958,4.);
#20=ELLIPSE('',#3317,4.47213595499958,4.);
#21=ELLIPSE('',#3415,4.47213595499958,4.);
#22=ELLIPSE('',#3416,4.47213595499958,4.);
#23=FACE_BOUND('',#993,.T.);
#24=FACE_BOUND('',#1003,.T.);
#25=FACE_BOUND('',#1005,.T.);
#26=FACE_BOUND('',#1012,.T.);
#27=FACE_BOUND('',#1015,.T.);
#28=FACE_BOUND('',#1033,.T.);
#29=FACE_BOUND('',#1036,.T.);
#30=FACE_BOUND('',#1049,.T.);
#31=FACE_BOUND('',#1052,.T.);
#32=FACE_BOUND('',#1063,.T.);
#33=FACE_BOUND('',#1073,.T.);
#34=FACE_BOUND('',#1075,.T.);
#35=FACE_BOUND('',#1083,.T.);
#36=FACE_BOUND('',#1086,.T.);
#37=FACE_BOUND('',#1110,.T.);
#38=FACE_BOUND('',#1111,.T.);
#39=FACE_BOUND('',#1112,.T.);
#40=FACE_BOUND('',#1113,.T.);
#41=FACE_BOUND('',#1114,.T.);
#42=FACE_BOUND('',#1115,.T.);
#43=FACE_BOUND('',#1116,.T.);
#44=FACE_BOUND('',#1117,.T.);
#45=FACE_BOUND('',#1119,.T.);
#46=FACE_BOUND('',#1122,.T.);
#47=FACE_BOUND('',#1133,.T.);
#48=FACE_BOUND('',#1139,.T.);
#49=FACE_BOUND('',#1142,.T.);
#50=FACE_BOUND('',#1146,.T.);
#51=FACE_BOUND('',#1147,.T.);
#52=FACE_BOUND('',#1148,.T.);
#53=CYLINDRICAL_SURFACE('',#3294,1.1);
#54=CYLINDRICAL_SURFACE('',#3297,6.);
#55=CYLINDRICAL_SURFACE('',#3303,9.);
#56=CYLINDRICAL_SURFACE('',#3305,9.);
#57=CYLINDRICAL_SURFACE('',#3307,4.5);
#58=CYLINDRICAL_SURFACE('',#3314,4.);
#59=CYLINDRICAL_SURFACE('',#3318,4.);
#60=CYLINDRICAL_SURFACE('',#3320,2.);
#61=CYLINDRICAL_SURFACE('',#3332,2.);
#62=CYLINDRICAL_SURFACE('',#3334,1.);
#63=CYLINDRICAL_SURFACE('',#3349,1.);
#64=CYLINDRICAL_SURFACE('',#3350,2.);
#65=CYLINDRICAL_SURFACE('',#3356,1.05);
#66=CYLINDRICAL_SURFACE('',#3360,1.05);
#67=CYLINDRICAL_SURFACE('',#3364,17.3499999999955);
#68=CYLINDRICAL_SURFACE('',#3370,2.);
#69=CYLINDRICAL_SURFACE('',#3374,1.05);
#70=CYLINDRICAL_SURFACE('',#3376,1.05);
#71=CYLINDRICAL_SURFACE('',#3380,1.05);
#72=CYLINDRICAL_SURFACE('',#3381,1.05);
#73=CYLINDRICAL_SURFACE('',#3397,6.);
#74=CYLINDRICAL_SURFACE('',#3403,9.);
#75=CYLINDRICAL_SURFACE('',#3405,9.);
#76=CYLINDRICAL_SURFACE('',#3407,4.5);
#77=CYLINDRICAL_SURFACE('',#3414,4.);
#78=CYLINDRICAL_SURFACE('',#3418,4.);
#79=CYLINDRICAL_SURFACE('',#3420,2.);
#80=CYLINDRICAL_SURFACE('',#3431,2.);
#81=CYLINDRICAL_SURFACE('',#3433,4.);
#82=CYLINDRICAL_SURFACE('',#3437,1.);
#83=CYLINDRICAL_SURFACE('',#3450,1.);
#84=CYLINDRICAL_SURFACE('',#3451,4.);
#85=CYLINDRICAL_SURFACE('',#3455,2.);
#86=CYLINDRICAL_SURFACE('',#3464,1.05);
#87=CYLINDRICAL_SURFACE('',#3468,1.05);
#88=CYLINDRICAL_SURFACE('',#3472,17.3499999999955);
#89=CYLINDRICAL_SURFACE('',#3480,2.);
#90=CYLINDRICAL_SURFACE('',#3484,1.05);
#91=CYLINDRICAL_SURFACE('',#3486,1.05);
#92=CYLINDRICAL_SURFACE('',#3490,1.05);
#93=CYLINDRICAL_SURFACE('',#3491,1.05);
#94=LINE('',#6925,#385);
#95=LINE('',#6927,#386);
#96=LINE('',#6929,#387);
#97=LINE('',#6930,#388);
#98=LINE('',#6933,#389);
#99=LINE('',#6935,#390);
#100=LINE('',#6936,#391);
#101=LINE('',#6939,#392);
#102=LINE('',#6941,#393);
#103=LINE('',#6942,#394);
#104=LINE('',#6944,#395);
#105=LINE('',#6945,#396);
#106=LINE('',#6950,#397);
#107=LINE('',#6952,#398);
#108=LINE('',#6954,#399);
#109=LINE('',#6956,#400);
#110=LINE('',#6958,#401);
#111=LINE('',#6960,#402);
#112=LINE('',#6962,#403);
#113=LINE('',#6963,#404);
#114=LINE('',#6966,#405);
#115=LINE('',#6968,#406);
#116=LINE('',#6969,#407);
#117=LINE('',#6972,#408);
#118=LINE('',#6973,#409);
#119=LINE('',#6976,#410);
#120=LINE('',#6977,#411);
#121=LINE('',#6978,#412);
#122=LINE('',#6980,#413);
#123=LINE('',#6984,#414);
#124=LINE('',#6986,#415);
#125=LINE('',#6988,#416);
#126=LINE('',#6989,#417);
#127=LINE('',#6993,#418);
#128=LINE('',#6995,#419);
#129=LINE('',#6997,#420);
#130=LINE('',#6998,#421);
#131=LINE('',#7001,#422);
#132=LINE('',#7003,#423);
#133=LINE('',#7004,#424);
#134=LINE('',#7005,#425);
#135=LINE('',#7008,#426);
#136=LINE('',#7009,#427);
#137=LINE('',#7011,#428);
#138=LINE('',#7013,#429);
#139=LINE('',#7014,#430);
#140=LINE('',#7016,#431);
#141=LINE('',#7019,#432);
#142=LINE('',#7021,#433);
#143=LINE('',#7022,#434);
#144=LINE('',#7027,#435);
#145=LINE('',#7032,#436);
#146=LINE('',#7036,#437);
#147=LINE('',#7042,#438);
#148=LINE('',#7044,#439);
#149=LINE('',#7048,#440);
#150=LINE('',#7050,#441);
#151=LINE('',#7055,#442);
#152=LINE('',#7060,#443);
#153=LINE('',#7064,#444);
#154=LINE('',#7066,#445);
#155=LINE('',#7068,#446);
#156=LINE('',#7070,#447);
#157=LINE('',#7071,#448);
#158=LINE('',#7225,#449);
#159=LINE('',#7257,#450);
#160=LINE('',#7261,#451);
#161=LINE('',#7263,#452);
#162=LINE('',#7266,#453);
#163=LINE('',#7268,#454);
#164=LINE('',#7272,#455);
#165=LINE('',#7273,#456);
#166=LINE('',#7278,#457);
#167=LINE('',#7280,#458);
#168=LINE('',#7282,#459);
#169=LINE('',#7284,#460);
#170=LINE('',#7286,#461);
#171=LINE('',#7288,#462);
#172=LINE('',#7290,#463);
#173=LINE('',#7292,#464);
#174=LINE('',#7294,#465);
#175=LINE('',#7296,#466);
#176=LINE('',#7297,#467);
#177=LINE('',#7299,#468);
#178=LINE('',#7301,#469);
#179=LINE('',#7303,#470);
#180=LINE('',#7305,#471);
#181=LINE('',#7307,#472);
#182=LINE('',#7308,#473);
#183=LINE('',#7311,#474);
#184=LINE('',#7313,#475);
#185=LINE('',#7314,#476);
#186=LINE('',#7316,#477);
#187=LINE('',#7317,#478);
#188=LINE('',#7322,#479);
#189=LINE('',#7383,#480);
#190=LINE('',#7387,#481);
#191=LINE('',#7390,#482);
#192=LINE('',#7391,#483);
#193=LINE('',#7396,#484);
#194=LINE('',#7397,#485);
#195=LINE('',#7402,#486);
#196=LINE('',#7403,#487);
#197=LINE('',#7408,#488);
#198=LINE('',#7409,#489);
#199=LINE('',#7414,#490);
#200=LINE('',#7415,#491);
#201=LINE('',#7417,#492);
#202=LINE('',#7418,#493);
#203=LINE('',#7420,#494);
#204=LINE('',#7425,#495);
#205=LINE('',#7427,#496);
#206=LINE('',#7428,#497);
#207=LINE('',#7497,#498);
#208=LINE('',#7500,#499);
#209=LINE('',#7505,#500);
#210=LINE('',#7507,#501);
#211=LINE('',#7509,#502);
#212=LINE('',#7510,#503);
#213=LINE('',#7515,#504);
#214=LINE('',#7517,#505);
#215=LINE('',#7518,#506);
#216=LINE('',#7522,#507);
#217=LINE('',#7524,#508);
#218=LINE('',#7525,#509);
#219=LINE('',#7527,#510);
#220=LINE('',#7528,#511);
#221=LINE('',#7533,#512);
#222=LINE('',#7540,#513);
#223=LINE('',#7546,#514);
#224=LINE('',#7548,#515);
#225=LINE('',#7551,#516);
#226=LINE('',#7553,#517);
#227=LINE('',#7555,#518);
#228=LINE('',#7556,#519);
#229=LINE('',#7562,#520);
#230=LINE('',#7569,#521);
#231=LINE('',#7575,#522);
#232=LINE('',#7579,#523);
#233=LINE('',#7581,#524);
#234=LINE('',#7584,#525);
#235=LINE('',#7586,#526);
#236=LINE('',#7588,#527);
#237=LINE('',#7589,#528);
#238=LINE('',#7591,#529);
#239=LINE('',#7592,#530);
#240=LINE('',#7595,#531);
#241=LINE('',#7596,#532);
#242=LINE('',#7599,#533);
#243=LINE('',#7600,#534);
#244=LINE('',#7602,#535);
#245=LINE('',#7603,#536);
#246=LINE('',#7606,#537);
#247=LINE('',#7608,#538);
#248=LINE('',#7610,#539);
#249=LINE('',#7611,#540);
#250=LINE('',#7614,#541);
#251=LINE('',#7615,#542);
#252=LINE('',#7619,#543);
#253=LINE('',#7620,#544);
#254=LINE('',#7623,#545);
#255=LINE('',#7624,#546);
#256=LINE('',#7627,#547);
#257=LINE('',#7629,#548);
#258=LINE('',#7633,#549);
#259=LINE('',#7637,#550);
#260=LINE('',#7641,#551);
#261=LINE('',#7647,#552);
#262=LINE('',#7649,#553);
#263=LINE('',#7655,#554);
#264=LINE('',#7656,#555);
#265=LINE('',#7659,#556);
#266=LINE('',#7665,#557);
#267=LINE('',#7669,#558);
#268=LINE('',#7671,#559);
#269=LINE('',#7673,#560);
#270=LINE('',#7675,#561);
#271=LINE('',#7676,#562);
#272=LINE('',#7831,#563);
#273=LINE('',#7863,#564);
#274=LINE('',#7865,#565);
#275=LINE('',#7866,#566);
#276=LINE('',#7869,#567);
#277=LINE('',#7871,#568);
#278=LINE('',#7873,#569);
#279=LINE('',#7876,#570);
#280=LINE('',#7881,#571);
#281=LINE('',#7883,#572);
#282=LINE('',#7884,#573);
#283=LINE('',#7886,#574);
#284=LINE('',#7887,#575);
#285=LINE('',#7889,#576);
#286=LINE('',#7891,#577);
#287=LINE('',#7893,#578);
#288=LINE('',#7895,#579);
#289=LINE('',#7897,#580);
#290=LINE('',#7899,#581);
#291=LINE('',#7901,#582);
#292=LINE('',#7903,#583);
#293=LINE('',#7905,#584);
#294=LINE('',#7907,#585);
#295=LINE('',#7908,#586);
#296=LINE('',#7911,#587);
#297=LINE('',#7913,#588);
#298=LINE('',#7914,#589);
#299=LINE('',#7916,#590);
#300=LINE('',#7917,#591);
#301=LINE('',#7921,#592);
#302=LINE('',#7989,#593);
#303=LINE('',#7993,#594);
#304=LINE('',#7994,#595);
#305=LINE('',#7996,#596);
#306=LINE('',#8000,#597);
#307=LINE('',#8005,#598);
#308=LINE('',#8008,#599);
#309=LINE('',#8009,#600);
#310=LINE('',#8011,#601);
#311=LINE('',#8012,#602);
#312=LINE('',#8016,#603);
#313=LINE('',#8019,#604);
#314=LINE('',#8020,#605);
#315=LINE('',#8025,#606);
#316=LINE('',#8026,#607);
#317=LINE('',#8027,#608);
#318=LINE('',#8031,#609);
#319=LINE('',#8033,#610);
#320=LINE('',#8034,#611);
#321=LINE('',#8105,#612);
#322=LINE('',#8111,#613);
#323=LINE('',#8114,#614);
#324=LINE('',#8115,#615);
#325=LINE('',#8117,#616);
#326=LINE('',#8120,#617);
#327=LINE('',#8123,#618);
#328=LINE('',#8127,#619);
#329=LINE('',#8128,#620);
#330=LINE('',#8131,#621);
#331=LINE('',#8132,#622);
#332=LINE('',#8135,#623);
#333=LINE('',#8137,#624);
#334=LINE('',#8138,#625);
#335=LINE('',#8141,#626);
#336=LINE('',#8142,#627);
#337=LINE('',#8145,#628);
#338=LINE('',#8147,#629);
#339=LINE('',#8148,#630);
#340=LINE('',#8151,#631);
#341=LINE('',#8153,#632);
#342=LINE('',#8154,#633);
#343=LINE('',#8155,#634);
#344=LINE('',#8158,#635);
#345=LINE('',#8160,#636);
#346=LINE('',#8161,#637);
#347=LINE('',#8162,#638);
#348=LINE('',#8167,#639);
#349=LINE('',#8174,#640);
#350=LINE('',#8180,#641);
#351=LINE('',#8183,#642);
#352=LINE('',#8185,#643);
#353=LINE('',#8187,#644);
#354=LINE('',#8188,#645);
#355=LINE('',#8190,#646);
#356=LINE('',#8192,#647);
#357=LINE('',#8193,#648);
#358=LINE('',#8195,#649);
#359=LINE('',#8197,#650);
#360=LINE('',#8199,#651);
#361=LINE('',#8201,#652);
#362=LINE('',#8202,#653);
#363=LINE('',#8208,#654);
#364=LINE('',#8215,#655);
#365=LINE('',#8221,#656);
#366=LINE('',#8225,#657);
#367=LINE('',#8227,#658);
#368=LINE('',#8229,#659);
#369=LINE('',#8230,#660);
#370=LINE('',#8232,#661);
#371=LINE('',#8235,#662);
#372=LINE('',#8236,#663);
#373=LINE('',#8238,#664);
#374=LINE('',#8240,#665);
#375=LINE('',#8242,#666);
#376=LINE('',#8246,#667);
#377=LINE('',#8248,#668);
#378=LINE('',#8249,#669);
#379=LINE('',#8251,#670);
#380=LINE('',#8253,#671);
#381=LINE('',#8254,#672);
#382=LINE('',#8256,#673);
#383=LINE('',#8258,#674);
#384=LINE('',#8260,#675);
#385=VECTOR('',#3565,10.);
#386=VECTOR('',#3566,10.);
#387=VECTOR('',#3567,10.);
#388=VECTOR('',#3568,10.);
#389=VECTOR('',#3571,10.);
#390=VECTOR('',#3572,10.);
#391=VECTOR('',#3573,10.);
#392=VECTOR('',#3576,10.);
#393=VECTOR('',#3577,10.);
#394=VECTOR('',#3578,10.);
#395=VECTOR('',#3581,10.);
#396=VECTOR('',#3582,10.);
#397=VECTOR('',#3587,10.);
#398=VECTOR('',#3588,10.);
#399=VECTOR('',#3589,10.);
#400=VECTOR('',#3590,10.);
#401=VECTOR('',#3591,10.);
#402=VECTOR('',#3592,10.);
#403=VECTOR('',#3593,10.);
#404=VECTOR('',#3594,10.);
#405=VECTOR('',#3597,10.);
#406=VECTOR('',#3598,10.);
#407=VECTOR('',#3599,10.);
#408=VECTOR('',#3602,10.);
#409=VECTOR('',#3603,10.);
#410=VECTOR('',#3606,10.);
#411=VECTOR('',#3607,10.);
#412=VECTOR('',#3608,10.);
#413=VECTOR('',#3611,10.);
#414=VECTOR('',#3614,10.);
#415=VECTOR('',#3615,10.);
#416=VECTOR('',#3616,10.);
#417=VECTOR('',#3617,10.);
#418=VECTOR('',#3620,10.);
#419=VECTOR('',#3621,10.);
#420=VECTOR('',#3622,10.);
#421=VECTOR('',#3623,10.);
#422=VECTOR('',#3626,10.);
#423=VECTOR('',#3627,10.);
#424=VECTOR('',#3628,10.);
#425=VECTOR('',#3629,10.);
#426=VECTOR('',#3632,10.);
#427=VECTOR('',#3633,10.);
#428=VECTOR('',#3636,10.);
#429=VECTOR('',#3637,10.);
#430=VECTOR('',#3638,10.);
#431=VECTOR('',#3641,10.);
#432=VECTOR('',#3644,10.);
#433=VECTOR('',#3645,10.);
#434=VECTOR('',#3646,10.);
#435=VECTOR('',#3651,1.1);
#436=VECTOR('',#3656,10.);
#437=VECTOR('',#3659,10.);
#438=VECTOR('',#3666,10.);
#439=VECTOR('',#3667,10.);
#440=VECTOR('',#3672,10.);
#441=VECTOR('',#3673,10.);
#442=VECTOR('',#3680,10.);
#443=VECTOR('',#3685,4.5);
#444=VECTOR('',#3690,10.);
#445=VECTOR('',#3691,10.);
#446=VECTOR('',#3692,10.);
#447=VECTOR('',#3693,10.);
#448=VECTOR('',#3694,10.);
#449=VECTOR('',#3703,10.);
#450=VECTOR('',#3712,10.);
#451=VECTOR('',#3717,10.);
#452=VECTOR('',#3720,10.);
#453=VECTOR('',#3723,10.);
#454=VECTOR('',#3724,10.);
#455=VECTOR('',#3727,10.);
#456=VECTOR('',#3728,10.);
#457=VECTOR('',#3733,10.);
#458=VECTOR('',#3734,10.);
#459=VECTOR('',#3735,10.);
#460=VECTOR('',#3736,10.);
#461=VECTOR('',#3737,10.);
#462=VECTOR('',#3738,10.);
#463=VECTOR('',#3739,10.);
#464=VECTOR('',#3740,10.);
#465=VECTOR('',#3741,10.);
#466=VECTOR('',#3742,10.);
#467=VECTOR('',#3743,10.);
#468=VECTOR('',#3744,10.);
#469=VECTOR('',#3745,10.);
#470=VECTOR('',#3746,10.);
#471=VECTOR('',#3747,10.);
#472=VECTOR('',#3748,10.);
#473=VECTOR('',#3749,10.);
#474=VECTOR('',#3752,10.);
#475=VECTOR('',#3753,10.);
#476=VECTOR('',#3754,10.);
#477=VECTOR('',#3755,10.);
#478=VECTOR('',#3756,10.);
#479=VECTOR('',#3763,10.);
#480=VECTOR('',#3772,10.);
#481=VECTOR('',#3777,10.);
#482=VECTOR('',#3780,10.);
#483=VECTOR('',#3781,10.);
#484=VECTOR('',#3786,10.);
#485=VECTOR('',#3787,10.);
#486=VECTOR('',#3792,10.);
#487=VECTOR('',#3793,10.);
#488=VECTOR('',#3798,10.);
#489=VECTOR('',#3799,10.);
#490=VECTOR('',#3804,10.);
#491=VECTOR('',#3805,10.);
#492=VECTOR('',#3806,10.);
#493=VECTOR('',#3807,10.);
#494=VECTOR('',#3810,10.);
#495=VECTOR('',#3815,10.);
#496=VECTOR('',#3816,10.);
#497=VECTOR('',#3817,10.);
#498=VECTOR('',#3822,10.);
#499=VECTOR('',#3825,2.);
#500=VECTOR('',#3830,10.);
#501=VECTOR('',#3831,10.);
#502=VECTOR('',#3832,10.);
#503=VECTOR('',#3833,10.);
#504=VECTOR('',#3838,10.);
#505=VECTOR('',#3839,10.);
#506=VECTOR('',#3840,10.);
#507=VECTOR('',#3843,10.);
#508=VECTOR('',#3844,10.);
#509=VECTOR('',#3845,10.);
#510=VECTOR('',#3846,10.);
#511=VECTOR('',#3847,10.);
#512=VECTOR('',#3852,1.05);
#513=VECTOR('',#3861,1.05);
#514=VECTOR('',#3870,10.);
#515=VECTOR('',#3873,10.);
#516=VECTOR('',#3876,10.);
#517=VECTOR('',#3877,10.);
#518=VECTOR('',#3878,10.);
#519=VECTOR('',#3879,10.);
#520=VECTOR('',#3886,2.);
#521=VECTOR('',#3895,1.05);
#522=VECTOR('',#3902,1.05);
#523=VECTOR('',#3909,1.05);
#524=VECTOR('',#3912,1.05);
#525=VECTOR('',#3915,10.);
#526=VECTOR('',#3916,10.);
#527=VECTOR('',#3917,10.);
#528=VECTOR('',#3918,10.);
#529=VECTOR('',#3919,10.);
#530=VECTOR('',#3920,10.);
#531=VECTOR('',#3923,10.);
#532=VECTOR('',#3924,10.);
#533=VECTOR('',#3927,10.);
#534=VECTOR('',#3928,10.);
#535=VECTOR('',#3931,10.);
#536=VECTOR('',#3932,10.);
#537=VECTOR('',#3935,10.);
#538=VECTOR('',#3936,10.);
#539=VECTOR('',#3937,10.);
#540=VECTOR('',#3938,10.);
#541=VECTOR('',#3941,10.);
#542=VECTOR('',#3942,10.);
#543=VECTOR('',#3947,10.);
#544=VECTOR('',#3948,10.);
#545=VECTOR('',#3951,10.);
#546=VECTOR('',#3952,10.);
#547=VECTOR('',#3957,10.);
#548=VECTOR('',#3960,10.);
#549=VECTOR('',#3967,10.);
#550=VECTOR('',#3970,10.);
#551=VECTOR('',#3973,10.);
#552=VECTOR('',#3980,10.);
#553=VECTOR('',#3981,10.);
#554=VECTOR('',#3988,10.);
#555=VECTOR('',#3989,10.);
#556=VECTOR('',#3992,10.);
#557=VECTOR('',#3999,4.5);
#558=VECTOR('',#4004,10.);
#559=VECTOR('',#4005,10.);
#560=VECTOR('',#4006,10.);
#561=VECTOR('',#4007,10.);
#562=VECTOR('',#4008,10.);
#563=VECTOR('',#4019,10.);
#564=VECTOR('',#4028,10.);
#565=VECTOR('',#4031,10.);
#566=VECTOR('',#4032,10.);
#567=VECTOR('',#4035,10.);
#568=VECTOR('',#4036,10.);
#569=VECTOR('',#4037,10.);
#570=VECTOR('',#4040,10.);
#571=VECTOR('',#4045,10.);
#572=VECTOR('',#4046,10.);
#573=VECTOR('',#4047,10.);
#574=VECTOR('',#4048,10.);
#575=VECTOR('',#4049,10.);
#576=VECTOR('',#4050,10.);
#577=VECTOR('',#4051,10.);
#578=VECTOR('',#4052,10.);
#579=VECTOR('',#4053,10.);
#580=VECTOR('',#4054,10.);
#581=VECTOR('',#4055,10.);
#582=VECTOR('',#4056,10.);
#583=VECTOR('',#4057,10.);
#584=VECTOR('',#4058,10.);
#585=VECTOR('',#4059,10.);
#586=VECTOR('',#4060,10.);
#587=VECTOR('',#4063,10.);
#588=VECTOR('',#4064,10.);
#589=VECTOR('',#4065,10.);
#590=VECTOR('',#4066,10.);
#591=VECTOR('',#4067,10.);
#592=VECTOR('',#4072,10.);
#593=VECTOR('',#4083,10.);
#594=VECTOR('',#4088,10.);
#595=VECTOR('',#4089,10.);
#596=VECTOR('',#4090,10.);
#597=VECTOR('',#4093,10.);
#598=VECTOR('',#4100,10.);
#599=VECTOR('',#4103,10.);
#600=VECTOR('',#4104,10.);
#601=VECTOR('',#4107,10.);
#602=VECTOR('',#4108,10.);
#603=VECTOR('',#4113,10.);
#604=VECTOR('',#4116,10.);
#605=VECTOR('',#4117,10.);
#606=VECTOR('',#4122,10.);
#607=VECTOR('',#4123,10.);
#608=VECTOR('',#4124,10.);
#609=VECTOR('',#4129,10.);
#610=VECTOR('',#4130,10.);
#611=VECTOR('',#4131,10.);
#612=VECTOR('',#4138,10.);
#613=VECTOR('',#4143,10.);
#614=VECTOR('',#4146,10.);
#615=VECTOR('',#4147,10.);
#616=VECTOR('',#4148,10.);
#617=VECTOR('',#4151,10.);
#618=VECTOR('',#4154,2.);
#619=VECTOR('',#4159,10.);
#620=VECTOR('',#4160,10.);
#621=VECTOR('',#4163,10.);
#622=VECTOR('',#4164,10.);
#623=VECTOR('',#4167,10.);
#624=VECTOR('',#4168,10.);
#625=VECTOR('',#4169,10.);
#626=VECTOR('',#4172,10.);
#627=VECTOR('',#4173,10.);
#628=VECTOR('',#4176,10.);
#629=VECTOR('',#4177,10.);
#630=VECTOR('',#4178,10.);
#631=VECTOR('',#4181,10.);
#632=VECTOR('',#4182,10.);
#633=VECTOR('',#4183,10.);
#634=VECTOR('',#4184,10.);
#635=VECTOR('',#4187,10.);
#636=VECTOR('',#4188,10.);
#637=VECTOR('',#4189,10.);
#638=VECTOR('',#4190,10.);
#639=VECTOR('',#4195,1.05);
#640=VECTOR('',#4204,1.05);
#641=VECTOR('',#4215,10.);
#642=VECTOR('',#4218,10.);
#643=VECTOR('',#4219,10.);
#644=VECTOR('',#4220,10.);
#645=VECTOR('',#4221,10.);
#646=VECTOR('',#4224,10.);
#647=VECTOR('',#4225,10.);
#648=VECTOR('',#4226,10.);
#649=VECTOR('',#4229,10.);
#650=VECTOR('',#4230,10.);
#651=VECTOR('',#4231,10.);
#652=VECTOR('',#4232,10.);
#653=VECTOR('',#4233,10.);
#654=VECTOR('',#4240,2.);
#655=VECTOR('',#4249,1.05);
#656=VECTOR('',#4256,1.05);
#657=VECTOR('',#4263,1.05);
#658=VECTOR('',#4266,1.05);
#659=VECTOR('',#4269,10.);
#660=VECTOR('',#4270,10.);
#661=VECTOR('',#4273,10.);
#662=VECTOR('',#4276,10.);
#663=VECTOR('',#4277,10.);
#664=VECTOR('',#4280,10.);
#665=VECTOR('',#4283,10.);
#666=VECTOR('',#4286,10.);
#667=VECTOR('',#4291,10.);
#668=VECTOR('',#4292,10.);
#669=VECTOR('',#4293,10.);
#670=VECTOR('',#4296,10.);
#671=VECTOR('',#4299,10.);
#672=VECTOR('',#4300,10.);
#673=VECTOR('',#4303,10.);
#674=VECTOR('',#4306,10.);
#675=VECTOR('',#4309,10.);
#676=PLANE('',#3277);
#677=PLANE('',#3278);
#678=PLANE('',#3279);
#679=PLANE('',#3280);
#680=PLANE('',#3281);
#681=PLANE('',#3282);
#682=PLANE('',#3283);
#683=PLANE('',#3284);
#684=PLANE('',#3285);
#685=PLANE('',#3286);
#686=PLANE('',#3287);
#687=PLANE('',#3288);
#688=PLANE('',#3289);
#689=PLANE('',#3290);
#690=PLANE('',#3291);
#691=PLANE('',#3292);
#692=PLANE('',#3293);
#693=PLANE('',#3300);
#694=PLANE('',#3310);
#695=PLANE('',#3322);
#696=PLANE('',#3324);
#697=PLANE('',#3326);
#698=PLANE('',#3328);
#699=PLANE('',#3336);
#700=PLANE('',#3337);
#701=PLANE('',#3340);
#702=PLANE('',#3341);
#703=PLANE('',#3344);
#704=PLANE('',#3345);
#705=PLANE('',#3346);
#706=PLANE('',#3352);
#707=PLANE('',#3353);
#708=PLANE('',#3355);
#709=PLANE('',#3359);
#710=PLANE('',#3363);
#711=PLANE('',#3366);
#712=PLANE('',#3367);
#713=PLANE('',#3368);
#714=PLANE('',#3372);
#715=PLANE('',#3379);
#716=PLANE('',#3382);
#717=PLANE('',#3383);
#718=PLANE('',#3384);
#719=PLANE('',#3385);
#720=PLANE('',#3386);
#721=PLANE('',#3387);
#722=PLANE('',#3388);
#723=PLANE('',#3390);
#724=PLANE('',#3391);
#725=PLANE('',#3393);
#726=PLANE('',#3394);
#727=PLANE('',#3395);
#728=PLANE('',#3396);
#729=PLANE('',#3400);
#730=PLANE('',#3410);
#731=PLANE('',#3421);
#732=PLANE('',#3423);
#733=PLANE('',#3425);
#734=PLANE('',#3427);
#735=PLANE('',#3439);
#736=PLANE('',#3440);
#737=PLANE('',#3442);
#738=PLANE('',#3443);
#739=PLANE('',#3445);
#740=PLANE('',#3446);
#741=PLANE('',#3447);
#742=PLANE('',#3457);
#743=PLANE('',#3458);
#744=PLANE('',#3459);
#745=PLANE('',#3460);
#746=PLANE('',#3461);
#747=PLANE('',#3462);
#748=PLANE('',#3463);
#749=PLANE('',#3467);
#750=PLANE('',#3471);
#751=PLANE('',#3474);
#752=PLANE('',#3475);
#753=PLANE('',#3476);
#754=PLANE('',#3477);
#755=PLANE('',#3478);
#756=PLANE('',#3482);
#757=PLANE('',#3489);
#758=PLANE('',#3492);
#759=PLANE('',#3493);
#760=PLANE('',#3494);
#761=PLANE('',#3495);
#762=PLANE('',#3496);
#763=PLANE('',#3497);
#764=PLANE('',#3498);
#765=PLANE('',#3499);
#766=PLANE('',#3500);
#767=PLANE('',#3501);
#768=PLANE('',#3502);
#769=PLANE('',#3503);
#770=PLANE('',#3504);
#771=PLANE('',#3505);
#772=PLANE('',#3506);
#773=PLANE('',#3507);
#774=PLANE('',#3508);
#775=PLANE('',#3509);
#776=FACE_OUTER_BOUND('',#949,.T.);
#777=FACE_OUTER_BOUND('',#950,.T.);
#778=FACE_OUTER_BOUND('',#951,.T.);
#779=FACE_OUTER_BOUND('',#952,.T.);
#780=FACE_OUTER_BOUND('',#953,.T.);
#781=FACE_OUTER_BOUND('',#954,.T.);
#782=FACE_OUTER_BOUND('',#955,.T.);
#783=FACE_OUTER_BOUND('',#956,.T.);
#784=FACE_OUTER_BOUND('',#957,.T.);
#785=FACE_OUTER_BOUND('',#958,.T.);
#786=FACE_OUTER_BOUND('',#959,.T.);
#787=FACE_OUTER_BOUND('',#960,.T.);
#788=FACE_OUTER_BOUND('',#961,.T.);
#789=FACE_OUTER_BOUND('',#962,.T.);
#790=FACE_OUTER_BOUND('',#963,.T.);
#791=FACE_OUTER_BOUND('',#964,.T.);
#792=FACE_OUTER_BOUND('',#965,.T.);
#793=FACE_OUTER_BOUND('',#966,.T.);
#794=FACE_OUTER_BOUND('',#967,.T.);
#795=FACE_OUTER_BOUND('',#968,.T.);
#796=FACE_OUTER_BOUND('',#969,.T.);
#797=FACE_OUTER_BOUND('',#970,.T.);
#798=FACE_OUTER_BOUND('',#971,.T.);
#799=FACE_OUTER_BOUND('',#972,.T.);
#800=FACE_OUTER_BOUND('',#973,.T.);
#801=FACE_OUTER_BOUND('',#974,.T.);
#802=FACE_OUTER_BOUND('',#975,.T.);
#803=FACE_OUTER_BOUND('',#976,.T.);
#804=FACE_OUTER_BOUND('',#977,.T.);
#805=FACE_OUTER_BOUND('',#978,.T.);
#806=FACE_OUTER_BOUND('',#979,.T.);
#807=FACE_OUTER_BOUND('',#980,.T.);
#808=FACE_OUTER_BOUND('',#981,.T.);
#809=FACE_OUTER_BOUND('',#982,.T.);
#810=FACE_OUTER_BOUND('',#983,.T.);
#811=FACE_OUTER_BOUND('',#984,.T.);
#812=FACE_OUTER_BOUND('',#985,.T.);
#813=FACE_OUTER_BOUND('',#986,.T.);
#814=FACE_OUTER_BOUND('',#987,.T.);
#815=FACE_OUTER_BOUND('',#988,.T.);
#816=FACE_OUTER_BOUND('',#989,.T.);
#817=FACE_OUTER_BOUND('',#990,.T.);
#818=FACE_OUTER_BOUND('',#991,.T.);
#819=FACE_OUTER_BOUND('',#992,.T.);
#820=FACE_OUTER_BOUND('',#994,.T.);
#821=FACE_OUTER_BOUND('',#995,.T.);
#822=FACE_OUTER_BOUND('',#996,.T.);
#823=FACE_OUTER_BOUND('',#997,.T.);
#824=FACE_OUTER_BOUND('',#998,.T.);
#825=FACE_OUTER_BOUND('',#999,.T.);
#826=FACE_OUTER_BOUND('',#1000,.T.);
#827=FACE_OUTER_BOUND('',#1001,.T.);
#828=FACE_OUTER_BOUND('',#1002,.T.);
#829=FACE_OUTER_BOUND('',#1004,.T.);
#830=FACE_OUTER_BOUND('',#1006,.T.);
#831=FACE_OUTER_BOUND('',#1007,.T.);
#832=FACE_OUTER_BOUND('',#1008,.T.);
#833=FACE_OUTER_BOUND('',#1009,.T.);
#834=FACE_OUTER_BOUND('',#1010,.T.);
#835=FACE_OUTER_BOUND('',#1011,.T.);
#836=FACE_OUTER_BOUND('',#1013,.T.);
#837=FACE_OUTER_BOUND('',#1014,.T.);
#838=FACE_OUTER_BOUND('',#1016,.T.);
#839=FACE_OUTER_BOUND('',#1017,.T.);
#840=FACE_OUTER_BOUND('',#1018,.T.);
#841=FACE_OUTER_BOUND('',#1019,.T.);
#842=FACE_OUTER_BOUND('',#1020,.T.);
#843=FACE_OUTER_BOUND('',#1021,.T.);
#844=FACE_OUTER_BOUND('',#1022,.T.);
#845=FACE_OUTER_BOUND('',#1023,.T.);
#846=FACE_OUTER_BOUND('',#1024,.T.);
#847=FACE_OUTER_BOUND('',#1025,.T.);
#848=FACE_OUTER_BOUND('',#1026,.T.);
#849=FACE_OUTER_BOUND('',#1027,.T.);
#850=FACE_OUTER_BOUND('',#1028,.T.);
#851=FACE_OUTER_BOUND('',#1029,.T.);
#852=FACE_OUTER_BOUND('',#1030,.T.);
#853=FACE_OUTER_BOUND('',#1031,.T.);
#854=FACE_OUTER_BOUND('',#1032,.T.);
#855=FACE_OUTER_BOUND('',#1034,.T.);
#856=FACE_OUTER_BOUND('',#1035,.T.);
#857=FACE_OUTER_BOUND('',#1037,.T.);
#858=FACE_OUTER_BOUND('',#1038,.T.);
#859=FACE_OUTER_BOUND('',#1039,.T.);
#860=FACE_OUTER_BOUND('',#1040,.T.);
#861=FACE_OUTER_BOUND('',#1041,.T.);
#862=FACE_OUTER_BOUND('',#1042,.T.);
#863=FACE_OUTER_BOUND('',#1043,.T.);
#864=FACE_OUTER_BOUND('',#1044,.T.);
#865=FACE_OUTER_BOUND('',#1045,.T.);
#866=FACE_OUTER_BOUND('',#1046,.T.);
#867=FACE_OUTER_BOUND('',#1047,.T.);
#868=FACE_OUTER_BOUND('',#1048,.T.);
#869=FACE_OUTER_BOUND('',#1050,.T.);
#870=FACE_OUTER_BOUND('',#1051,.T.);
#871=FACE_OUTER_BOUND('',#1053,.T.);
#872=FACE_OUTER_BOUND('',#1054,.T.);
#873=FACE_OUTER_BOUND('',#1055,.T.);
#874=FACE_OUTER_BOUND('',#1056,.T.);
#875=FACE_OUTER_BOUND('',#1057,.T.);
#876=FACE_OUTER_BOUND('',#1058,.T.);
#877=FACE_OUTER_BOUND('',#1059,.T.);
#878=FACE_OUTER_BOUND('',#1060,.T.);
#879=FACE_OUTER_BOUND('',#1061,.T.);
#880=FACE_OUTER_BOUND('',#1062,.T.);
#881=FACE_OUTER_BOUND('',#1064,.T.);
#882=FACE_OUTER_BOUND('',#1065,.T.);
#883=FACE_OUTER_BOUND('',#1066,.T.);
#884=FACE_OUTER_BOUND('',#1067,.T.);
#885=FACE_OUTER_BOUND('',#1068,.T.);
#886=FACE_OUTER_BOUND('',#1069,.T.);
#887=FACE_OUTER_BOUND('',#1070,.T.);
#888=FACE_OUTER_BOUND('',#1071,.T.);
#889=FACE_OUTER_BOUND('',#1072,.T.);
#890=FACE_OUTER_BOUND('',#1074,.T.);
#891=FACE_OUTER_BOUND('',#1076,.T.);
#892=FACE_OUTER_BOUND('',#1077,.T.);
#893=FACE_OUTER_BOUND('',#1078,.T.);
#894=FACE_OUTER_BOUND('',#1079,.T.);
#895=FACE_OUTER_BOUND('',#1080,.T.);
#896=FACE_OUTER_BOUND('',#1081,.T.);
#897=FACE_OUTER_BOUND('',#1082,.T.);
#898=FACE_OUTER_BOUND('',#1084,.T.);
#899=FACE_OUTER_BOUND('',#1085,.T.);
#900=FACE_OUTER_BOUND('',#1087,.T.);
#901=FACE_OUTER_BOUND('',#1088,.T.);
#902=FACE_OUTER_BOUND('',#1089,.T.);
#903=FACE_OUTER_BOUND('',#1090,.T.);
#904=FACE_OUTER_BOUND('',#1091,.T.);
#905=FACE_OUTER_BOUND('',#1092,.T.);
#906=FACE_OUTER_BOUND('',#1093,.T.);
#907=FACE_OUTER_BOUND('',#1094,.T.);
#908=FACE_OUTER_BOUND('',#1095,.T.);
#909=FACE_OUTER_BOUND('',#1096,.T.);
#910=FACE_OUTER_BOUND('',#1097,.T.);
#911=FACE_OUTER_BOUND('',#1098,.T.);
#912=FACE_OUTER_BOUND('',#1099,.T.);
#913=FACE_OUTER_BOUND('',#1100,.T.);
#914=FACE_OUTER_BOUND('',#1101,.T.);
#915=FACE_OUTER_BOUND('',#1102,.T.);
#916=FACE_OUTER_BOUND('',#1103,.T.);
#917=FACE_OUTER_BOUND('',#1104,.T.);
#918=FACE_OUTER_BOUND('',#1105,.T.);
#919=FACE_OUTER_BOUND('',#1106,.T.);
#920=FACE_OUTER_BOUND('',#1107,.T.);
#921=FACE_OUTER_BOUND('',#1108,.T.);
#922=FACE_OUTER_BOUND('',#1109,.T.);
#923=FACE_OUTER_BOUND('',#1118,.T.);
#924=FACE_OUTER_BOUND('',#1120,.T.);
#925=FACE_OUTER_BOUND('',#1121,.T.);
#926=FACE_OUTER_BOUND('',#1123,.T.);
#927=FACE_OUTER_BOUND('',#1124,.T.);
#928=FACE_OUTER_BOUND('',#1125,.T.);
#929=FACE_OUTER_BOUND('',#1126,.T.);
#930=FACE_OUTER_BOUND('',#1127,.T.);
#931=FACE_OUTER_BOUND('',#1128,.T.);
#932=FACE_OUTER_BOUND('',#1129,.T.);
#933=FACE_OUTER_BOUND('',#1130,.T.);
#934=FACE_OUTER_BOUND('',#1131,.T.);
#935=FACE_OUTER_BOUND('',#1132,.T.);
#936=FACE_OUTER_BOUND('',#1134,.T.);
#937=FACE_OUTER_BOUND('',#1135,.T.);
#938=FACE_OUTER_BOUND('',#1136,.T.);
#939=FACE_OUTER_BOUND('',#1137,.T.);
#940=FACE_OUTER_BOUND('',#1138,.T.);
#941=FACE_OUTER_BOUND('',#1140,.T.);
#942=FACE_OUTER_BOUND('',#1141,.T.);
#943=FACE_OUTER_BOUND('',#1143,.T.);
#944=FACE_OUTER_BOUND('',#1144,.T.);
#945=FACE_OUTER_BOUND('',#1145,.T.);
#946=FACE_OUTER_BOUND('',#1149,.T.);
#947=FACE_OUTER_BOUND('',#1150,.T.);
#948=FACE_OUTER_BOUND('',#1151,.T.);
#949=EDGE_LOOP('',(#2095,#2096,#2097,#2098));
#950=EDGE_LOOP('',(#2099,#2100,#2101,#2102));
#951=EDGE_LOOP('',(#2103,#2104,#2105,#2106));
#952=EDGE_LOOP('',(#2107,#2108,#2109,#2110,#2111,#2112,#2113));
#953=EDGE_LOOP('',(#2114,#2115,#2116,#2117));
#954=EDGE_LOOP('',(#2118,#2119,#2120,#2121));
#955=EDGE_LOOP('',(#2122,#2123,#2124,#2125));
#956=EDGE_LOOP('',(#2126,#2127,#2128,#2129));
#957=EDGE_LOOP('',(#2130,#2131,#2132,#2133));
#958=EDGE_LOOP('',(#2134,#2135,#2136,#2137));
#959=EDGE_LOOP('',(#2138,#2139,#2140,#2141));
#960=EDGE_LOOP('',(#2142,#2143,#2144,#2145));
#961=EDGE_LOOP('',(#2146,#2147,#2148,#2149));
#962=EDGE_LOOP('',(#2150,#2151,#2152,#2153));
#963=EDGE_LOOP('',(#2154,#2155,#2156,#2157,#2158,#2159,#2160));
#964=EDGE_LOOP('',(#2161,#2162,#2163,#2164));
#965=EDGE_LOOP('',(#2165,#2166,#2167,#2168));
#966=EDGE_LOOP('',(#2169,#2170,#2171,#2172));
#967=EDGE_LOOP('',(#2173,#2174,#2175,#2176));
#968=EDGE_LOOP('',(#2177,#2178,#2179,#2180));
#969=EDGE_LOOP('',(#2181,#2182,#2183,#2184));
#970=EDGE_LOOP('',(#2185,#2186,#2187,#2188));
#971=EDGE_LOOP('',(#2189,#2190,#2191,#2192));
#972=EDGE_LOOP('',(#2193,#2194,#2195,#2196));
#973=EDGE_LOOP('',(#2197,#2198,#2199,#2200));
#974=EDGE_LOOP('',(#2201,#2202,#2203,#2204,#2205,#2206,#2207,#2208));
#975=EDGE_LOOP('',(#2209,#2210,#2211,#2212));
#976=EDGE_LOOP('',(#2213,#2214,#2215,#2216));
#977=EDGE_LOOP('',(#2217,#2218,#2219,#2220,#2221,#2222));
#978=EDGE_LOOP('',(#2223,#2224,#2225,#2226));
#979=EDGE_LOOP('',(#2227,#2228,#2229,#2230));
#980=EDGE_LOOP('',(#2231,#2232,#2233,#2234));
#981=EDGE_LOOP('',(#2235,#2236,#2237,#2238,#2239,#2240));
#982=EDGE_LOOP('',(#2241,#2242,#2243,#2244));
#983=EDGE_LOOP('',(#2245,#2246,#2247,#2248,#2249,#2250));
#984=EDGE_LOOP('',(#2251,#2252,#2253,#2254));
#985=EDGE_LOOP('',(#2255,#2256,#2257,#2258));
#986=EDGE_LOOP('',(#2259,#2260,#2261,#2262));
#987=EDGE_LOOP('',(#2263,#2264,#2265,#2266));
#988=EDGE_LOOP('',(#2267,#2268,#2269,#2270,#2271));
#989=EDGE_LOOP('',(#2272,#2273,#2274,#2275,#2276));
#990=EDGE_LOOP('',(#2277,#2278,#2279,#2280));
#991=EDGE_LOOP('',(#2281,#2282,#2283,#2284));
#992=EDGE_LOOP('',(#2285,#2286,#2287,#2288,#2289,#2290));
#993=EDGE_LOOP('',(#2291));
#994=EDGE_LOOP('',(#2292,#2293,#2294));
#995=EDGE_LOOP('',(#2295,#2296,#2297,#2298,#2299));
#996=EDGE_LOOP('',(#2300,#2301,#2302,#2303));
#997=EDGE_LOOP('',(#2304,#2305,#2306));
#998=EDGE_LOOP('',(#2307,#2308,#2309,#2310));
#999=EDGE_LOOP('',(#2311,#2312,#2313,#2314));
#1000=EDGE_LOOP('',(#2315,#2316,#2317,#2318,#2319));
#1001=EDGE_LOOP('',(#2320,#2321,#2322,#2323,#2324,#2325,#2326));
#1002=EDGE_LOOP('',(#2327,#2328,#2329,#2330,#2331,#2332,#2333,#2334,#2335,
#2336,#2337,#2338,#2339,#2340,#2341,#2342,#2343,#2344,#2345,#2346));
#1003=EDGE_LOOP('',(#2347));
#1004=EDGE_LOOP('',(#2348,#2349,#2350,#2351,#2352,#2353,#2354,#2355));
#1005=EDGE_LOOP('',(#2356));
#1006=EDGE_LOOP('',(#2357,#2358,#2359,#2360,#2361,#2362,#2363,#2364));
#1007=EDGE_LOOP('',(#2365,#2366,#2367,#2368));
#1008=EDGE_LOOP('',(#2369,#2370,#2371,#2372,#2373));
#1009=EDGE_LOOP('',(#2374,#2375,#2376,#2377,#2378));
#1010=EDGE_LOOP('',(#2379,#2380,#2381,#2382,#2383));
#1011=EDGE_LOOP('',(#2384,#2385,#2386,#2387,#2388));
#1012=EDGE_LOOP('',(#2389));
#1013=EDGE_LOOP('',(#2390,#2391,#2392,#2393));
#1014=EDGE_LOOP('',(#2394,#2395,#2396,#2397,#2398));
#1015=EDGE_LOOP('',(#2399));
#1016=EDGE_LOOP('',(#2400,#2401,#2402,#2403,#2404,#2405));
#1017=EDGE_LOOP('',(#2406,#2407,#2408,#2409,#2410,#2411));
#1018=EDGE_LOOP('',(#2412,#2413,#2414,#2415,#2416));
#1019=EDGE_LOOP('',(#2417,#2418,#2419,#2420));
#1020=EDGE_LOOP('',(#2421,#2422,#2423,#2424,#2425));
#1021=EDGE_LOOP('',(#2426,#2427,#2428,#2429,#2430,#2431));
#1022=EDGE_LOOP('',(#2432,#2433,#2434,#2435));
#1023=EDGE_LOOP('',(#2436,#2437,#2438,#2439,#2440));
#1024=EDGE_LOOP('',(#2441,#2442,#2443,#2444,#2445));
#1025=EDGE_LOOP('',(#2446,#2447,#2448,#2449));
#1026=EDGE_LOOP('',(#2450));
#1027=EDGE_LOOP('',(#2451,#2452,#2453,#2454));
#1028=EDGE_LOOP('',(#2455));
#1029=EDGE_LOOP('',(#2456,#2457,#2458,#2459,#2460,#2461,#2462));
#1030=EDGE_LOOP('',(#2463,#2464,#2465,#2466));
#1031=EDGE_LOOP('',(#2467,#2468,#2469,#2470));
#1032=EDGE_LOOP('',(#2471));
#1033=EDGE_LOOP('',(#2472));
#1034=EDGE_LOOP('',(#2473,#2474,#2475,#2476));
#1035=EDGE_LOOP('',(#2477));
#1036=EDGE_LOOP('',(#2478));
#1037=EDGE_LOOP('',(#2479,#2480,#2481,#2482));
#1038=EDGE_LOOP('',(#2483,#2484,#2485,#2486));
#1039=EDGE_LOOP('',(#2487));
#1040=EDGE_LOOP('',(#2488,#2489,#2490,#2491));
#1041=EDGE_LOOP('',(#2492,#2493,#2494,#2495));
#1042=EDGE_LOOP('',(#2496,#2497,#2498,#2499,#2500,#2501,#2502,#2503));
#1043=EDGE_LOOP('',(#2504,#2505,#2506,#2507));
#1044=EDGE_LOOP('',(#2508,#2509,#2510,#2511));
#1045=EDGE_LOOP('',(#2512,#2513,#2514,#2515));
#1046=EDGE_LOOP('',(#2516,#2517,#2518,#2519,#2520,#2521,#2522,#2523));
#1047=EDGE_LOOP('',(#2524,#2525,#2526,#2527,#2528,#2529,#2530,#2531));
#1048=EDGE_LOOP('',(#2532,#2533,#2534,#2535,#2536));
#1049=EDGE_LOOP('',(#2537));
#1050=EDGE_LOOP('',(#2538,#2539,#2540,#2541));
#1051=EDGE_LOOP('',(#2542,#2543,#2544,#2545,#2546));
#1052=EDGE_LOOP('',(#2547));
#1053=EDGE_LOOP('',(#2548,#2549,#2550,#2551));
#1054=EDGE_LOOP('',(#2552,#2553,#2554,#2555));
#1055=EDGE_LOOP('',(#2556,#2557,#2558,#2559));
#1056=EDGE_LOOP('',(#2560,#2561,#2562,#2563,#2564,#2565,#2566));
#1057=EDGE_LOOP('',(#2567,#2568,#2569,#2570));
#1058=EDGE_LOOP('',(#2571,#2572,#2573,#2574,#2575));
#1059=EDGE_LOOP('',(#2576,#2577,#2578,#2579,#2580));
#1060=EDGE_LOOP('',(#2581,#2582,#2583,#2584));
#1061=EDGE_LOOP('',(#2585,#2586,#2587,#2588));
#1062=EDGE_LOOP('',(#2589,#2590,#2591,#2592,#2593,#2594));
#1063=EDGE_LOOP('',(#2595));
#1064=EDGE_LOOP('',(#2596,#2597,#2598));
#1065=EDGE_LOOP('',(#2599,#2600,#2601,#2602,#2603));
#1066=EDGE_LOOP('',(#2604,#2605,#2606,#2607));
#1067=EDGE_LOOP('',(#2608,#2609,#2610));
#1068=EDGE_LOOP('',(#2611,#2612,#2613,#2614));
#1069=EDGE_LOOP('',(#2615,#2616,#2617,#2618));
#1070=EDGE_LOOP('',(#2619,#2620,#2621,#2622,#2623));
#1071=EDGE_LOOP('',(#2624,#2625,#2626,#2627,#2628,#2629,#2630));
#1072=EDGE_LOOP('',(#2631,#2632,#2633,#2634,#2635,#2636,#2637,#2638,#2639,
#2640,#2641,#2642,#2643,#2644,#2645,#2646,#2647,#2648,#2649,#2650));
#1073=EDGE_LOOP('',(#2651));
#1074=EDGE_LOOP('',(#2652,#2653,#2654,#2655,#2656,#2657,#2658,#2659));
#1075=EDGE_LOOP('',(#2660));
#1076=EDGE_LOOP('',(#2661,#2662,#2663,#2664,#2665,#2666,#2667,#2668));
#1077=EDGE_LOOP('',(#2669,#2670,#2671,#2672));
#1078=EDGE_LOOP('',(#2673,#2674,#2675,#2676,#2677));
#1079=EDGE_LOOP('',(#2678,#2679,#2680,#2681,#2682,#2683,#2684,#2685,#2686,
#2687,#2688,#2689,#2690,#2691,#2692,#2693,#2694,#2695));
#1080=EDGE_LOOP('',(#2696,#2697,#2698,#2699,#2700));
#1081=EDGE_LOOP('',(#2701,#2702,#2703,#2704,#2705));
#1082=EDGE_LOOP('',(#2706,#2707,#2708,#2709,#2710,#2711,#2712,#2713));
#1083=EDGE_LOOP('',(#2714));
#1084=EDGE_LOOP('',(#2715,#2716,#2717,#2718));
#1085=EDGE_LOOP('',(#2719,#2720,#2721,#2722,#2723,#2724,#2725,#2726));
#1086=EDGE_LOOP('',(#2727));
#1087=EDGE_LOOP('',(#2728,#2729,#2730,#2731,#2732,#2733));
#1088=EDGE_LOOP('',(#2734,#2735,#2736,#2737,#2738,#2739));
#1089=EDGE_LOOP('',(#2740,#2741,#2742,#2743,#2744));
#1090=EDGE_LOOP('',(#2745,#2746,#2747,#2748));
#1091=EDGE_LOOP('',(#2749,#2750,#2751,#2752,#2753));
#1092=EDGE_LOOP('',(#2754,#2755,#2756,#2757,#2758,#2759,#2760,#2761,#2762,
#2763,#2764,#2765,#2766,#2767,#2768,#2769,#2770,#2771));
#1093=EDGE_LOOP('',(#2772,#2773,#2774,#2775,#2776,#2777));
#1094=EDGE_LOOP('',(#2778,#2779,#2780,#2781,#2782,#2783,#2784,#2785,#2786,
#2787,#2788,#2789));
#1095=EDGE_LOOP('',(#2790,#2791,#2792,#2793));
#1096=EDGE_LOOP('',(#2794,#2795,#2796,#2797));
#1097=EDGE_LOOP('',(#2798,#2799,#2800,#2801,#2802));
#1098=EDGE_LOOP('',(#2803,#2804,#2805,#2806));
#1099=EDGE_LOOP('',(#2807,#2808,#2809,#2810,#2811,#2812,#2813,#2814,#2815,
#2816));
#1100=EDGE_LOOP('',(#2817,#2818,#2819,#2820,#2821));
#1101=EDGE_LOOP('',(#2822,#2823,#2824,#2825));
#1102=EDGE_LOOP('',(#2826));
#1103=EDGE_LOOP('',(#2827,#2828,#2829,#2830));
#1104=EDGE_LOOP('',(#2831));
#1105=EDGE_LOOP('',(#2832,#2833,#2834,#2835,#2836,#2837,#2838));
#1106=EDGE_LOOP('',(#2839,#2840,#2841,#2842));
#1107=EDGE_LOOP('',(#2843,#2844,#2845,#2846));
#1108=EDGE_LOOP('',(#2847,#2848,#2849,#2850,#2851,#2852,#2853,#2854));
#1109=EDGE_LOOP('',(#2855,#2856,#2857,#2858,#2859,#2860,#2861,#2862));
#1110=EDGE_LOOP('',(#2863));
#1111=EDGE_LOOP('',(#2864));
#1112=EDGE_LOOP('',(#2865));
#1113=EDGE_LOOP('',(#2866));
#1114=EDGE_LOOP('',(#2867));
#1115=EDGE_LOOP('',(#2868));
#1116=EDGE_LOOP('',(#2869,#2870,#2871,#2872,#2873,#2874,#2875,#2876,#2877,
#2878,#2879,#2880,#2881,#2882,#2883,#2884,#2885,#2886));
#1117=EDGE_LOOP('',(#2887));
#1118=EDGE_LOOP('',(#2888));
#1119=EDGE_LOOP('',(#2889));
#1120=EDGE_LOOP('',(#2890,#2891,#2892,#2893));
#1121=EDGE_LOOP('',(#2894));
#1122=EDGE_LOOP('',(#2895));
#1123=EDGE_LOOP('',(#2896,#2897,#2898,#2899));
#1124=EDGE_LOOP('',(#2900,#2901,#2902,#2903));
#1125=EDGE_LOOP('',(#2904));
#1126=EDGE_LOOP('',(#2905,#2906,#2907,#2908));
#1127=EDGE_LOOP('',(#2909,#2910,#2911,#2912));
#1128=EDGE_LOOP('',(#2913,#2914,#2915,#2916,#2917,#2918,#2919,#2920));
#1129=EDGE_LOOP('',(#2921,#2922,#2923,#2924));
#1130=EDGE_LOOP('',(#2925,#2926,#2927,#2928,#2929,#2930,#2931,#2932));
#1131=EDGE_LOOP('',(#2933,#2934,#2935,#2936));
#1132=EDGE_LOOP('',(#2937,#2938,#2939,#2940));
#1133=EDGE_LOOP('',(#2941));
#1134=EDGE_LOOP('',(#2942,#2943,#2944,#2945));
#1135=EDGE_LOOP('',(#2946,#2947,#2948,#2949));
#1136=EDGE_LOOP('',(#2950,#2951,#2952,#2953,#2954,#2955,#2956,#2957));
#1137=EDGE_LOOP('',(#2958,#2959,#2960,#2961,#2962,#2963,#2964,#2965));
#1138=EDGE_LOOP('',(#2966,#2967,#2968,#2969,#2970));
#1139=EDGE_LOOP('',(#2971));
#1140=EDGE_LOOP('',(#2972,#2973,#2974,#2975));
#1141=EDGE_LOOP('',(#2976,#2977,#2978,#2979,#2980));
#1142=EDGE_LOOP('',(#2981));
#1143=EDGE_LOOP('',(#2982,#2983,#2984,#2985));
#1144=EDGE_LOOP('',(#2986,#2987,#2988,#2989));
#1145=EDGE_LOOP('',(#2990,#2991,#2992,#2993,#2994,#2995,#2996,#2997));
#1146=EDGE_LOOP('',(#2998,#2999,#3000,#3001));
#1147=EDGE_LOOP('',(#3002,#3003,#3004,#3005));
#1148=EDGE_LOOP('',(#3006,#3007,#3008,#3009));
#1149=EDGE_LOOP('',(#3010,#3011,#3012,#3013));
#1150=EDGE_LOOP('',(#3014,#3015,#3016,#3017,#3018,#3019,#3020));
#1151=EDGE_LOOP('',(#3021,#3022,#3023,#3024,#3025,#3026,#3027,#3028,#3029,
#3030,#3031,#3032));
#1152=CIRCLE('',#3253,4.);
#1153=CIRCLE('',#3254,1.);
#1154=CIRCLE('',#3255,1.);
#1155=CIRCLE('',#3256,2.);
#1156=CIRCLE('',#3257,2.33298097339482);
#1157=CIRCLE('',#3258,2.);
#1158=CIRCLE('',#3259,2.);
#1159=CIRCLE('',#3260,1.);
#1160=CIRCLE('',#3261,1.);
#1161=CIRCLE('',#3262,4.);
#1162=CIRCLE('',#3263,2.33298097339445);
#1163=CIRCLE('',#3264,4.);
#1164=CIRCLE('',#3265,2.33298097339482);
#1165=CIRCLE('',#3266,4.);
#1166=CIRCLE('',#3267,4.);
#1167=CIRCLE('',#3268,1.);
#1168=CIRCLE('',#3269,1.);
#1169=CIRCLE('',#3270,2.);
#1170=CIRCLE('',#3271,2.33298097339445);
#1171=CIRCLE('',#3272,2.);
#1172=CIRCLE('',#3273,2.);
#1173=CIRCLE('',#3274,1.);
#1174=CIRCLE('',#3275,1.);
#1175=CIRCLE('',#3276,4.);
#1176=CIRCLE('',#3295,1.1);
#1177=CIRCLE('',#3296,1.1);
#1178=CIRCLE('',#3298,6.);
#1179=CIRCLE('',#3299,6.);
#1180=CIRCLE('',#3301,9.);
#1181=CIRCLE('',#3302,9.);
#1182=CIRCLE('',#3304,9.);
#1183=CIRCLE('',#3306,9.);
#1184=CIRCLE('',#3308,4.5);
#1185=CIRCLE('',#3309,4.5);
#1186=CIRCLE('',#3311,1.05);
#1187=CIRCLE('',#3312,10.);
#1188=CIRCLE('',#3313,9.99999999999991);
#1189=CIRCLE('',#3316,2.);
#1190=CIRCLE('',#3319,4.);
#1191=CIRCLE('',#3321,2.);
#1192=CIRCLE('',#3323,1.);
#1193=CIRCLE('',#3325,17.3499999999955);
#1194=CIRCLE('',#3327,2.);
#1195=CIRCLE('',#3329,2.);
#1196=CIRCLE('',#3330,4.);
#1197=CIRCLE('',#3331,2.33298097339445);
#1198=CIRCLE('',#3333,2.);
#1199=CIRCLE('',#3335,1.);
#1200=CIRCLE('',#3338,4.);
#1201=CIRCLE('',#3339,1.05);
#1202=CIRCLE('',#3342,4.);
#1203=CIRCLE('',#3343,1.05);
#1204=CIRCLE('',#3347,4.);
#1205=CIRCLE('',#3348,2.33298097339482);
#1206=CIRCLE('',#3351,2.);
#1207=CIRCLE('',#3354,4.);
#1208=CIRCLE('',#3357,1.05);
#1209=CIRCLE('',#3358,1.05);
#1210=CIRCLE('',#3361,1.05);
#1211=CIRCLE('',#3362,1.05);
#1212=CIRCLE('',#3365,17.3499999999955);
#1213=CIRCLE('',#3369,1.05);
#1214=CIRCLE('',#3371,2.);
#1215=CIRCLE('',#3373,1.05);
#1216=CIRCLE('',#3375,1.05);
#1217=CIRCLE('',#3377,1.05);
#1218=CIRCLE('',#3378,1.05);
#1219=CIRCLE('',#3389,4.);
#1220=CIRCLE('',#3392,4.);
#1221=CIRCLE('',#3398,6.);
#1222=CIRCLE('',#3399,6.);
#1223=CIRCLE('',#3401,9.);
#1224=CIRCLE('',#3402,9.);
#1225=CIRCLE('',#3404,9.);
#1226=CIRCLE('',#3406,9.);
#1227=CIRCLE('',#3408,4.5);
#1228=CIRCLE('',#3409,4.5);
#1229=CIRCLE('',#3411,1.05);
#1230=CIRCLE('',#3412,10.);
#1231=CIRCLE('',#3413,9.99999999999991);
#1232=CIRCLE('',#3417,2.);
#1233=CIRCLE('',#3419,4.);
#1234=CIRCLE('',#3422,1.);
#1235=CIRCLE('',#3424,17.3499999999955);
#1236=CIRCLE('',#3426,2.);
#1237=CIRCLE('',#3428,2.);
#1238=CIRCLE('',#3429,2.);
#1239=CIRCLE('',#3430,2.33298097339445);
#1240=CIRCLE('',#3432,2.);
#1241=CIRCLE('',#3434,4.);
#1242=CIRCLE('',#3435,4.);
#1243=CIRCLE('',#3436,4.);
#1244=CIRCLE('',#3438,1.);
#1245=CIRCLE('',#3441,1.05);
#1246=CIRCLE('',#3444,1.05);
#1247=CIRCLE('',#3448,4.);
#1248=CIRCLE('',#3449,2.33298097339482);
#1249=CIRCLE('',#3452,4.);
#1250=CIRCLE('',#3453,4.);
#1251=CIRCLE('',#3454,4.);
#1252=CIRCLE('',#3456,2.);
#1253=CIRCLE('',#3465,1.05);
#1254=CIRCLE('',#3466,1.05);
#1255=CIRCLE('',#3469,1.05);
#1256=CIRCLE('',#3470,1.05);
#1257=CIRCLE('',#3473,17.3499999999955);
#1258=CIRCLE('',#3479,1.05);
#1259=CIRCLE('',#3481,2.);
#1260=CIRCLE('',#3483,1.05);
#1261=CIRCLE('',#3485,1.05);
#1262=CIRCLE('',#3487,1.05);
#1263=CIRCLE('',#3488,1.05);
#1264=B_SPLINE_CURVE_WITH_KNOTS('',3,(#4392,#4393,#4394,#4395,#4396,#4397,
#4398,#4399,#4400,#4401,#4402),.UNSPECIFIED.,.F.,.F.,(4,1,1,1,1,1,1,1,4),
(0.,0.125,0.25,0.375,0.5,0.625,0.75,0.875,1.),.UNSPECIFIED.);
#1265=B_SPLINE_CURVE_WITH_KNOTS('',3,(#4404,#4405,#4406,#4407,#4408,#4409),
 .UNSPECIFIED.,.F.,.F.,(4,1,1,4),(0.,0.333333333333333,0.666666666666667,
1.),.UNSPECIFIED.);
#1266=B_SPLINE_CURVE_WITH_KNOTS('',3,(#4411,#4412,#4413,#4414,#4415,#4416,
#4417,#4418,#4419,#4420,#4421,#4422,#4423,#4424,#4425,#4426,#4427,#4428,
#4429,#4430,#4431,#4432,#4433,#4434,#4435,#4436,#4437,#4438,#4439,#4440,
#4441,#4442,#4443,#4444,#4445,#4446,#4447,#4448,#4449,#4450,#4451,#4452,
#4453,#4454,#4455,#4456,#4457,#4458,#4459,#4460,#4461,#4462,#4463,#4464,
#4465,#4466,#4467,#4468,#4469,#4470,#4471,#4472,#4473,#4474,#4475,#4476,
#4477,#4478,#4479,#4480),.UNSPECIFIED.,.F.,.F.,(4,3,3,3,3,3,3,3,3,3,3,3,
3,3,3,3,3,3,3,3,3,3,3,4),(0.500000000000003,0.526416553765398,0.554295503060484,
0.581534680156233,0.614466121256582,0.653524256456378,0.681769148700093,
0.707152394640651,0.731740493930382,0.752101318393123,0.773997335881613,
0.802247668896411,0.825042863970242,0.844246220873152,0.861666640327243,
0.878958310286337,0.895034945544445,0.915007577253014,0.93625568293976,
0.952599457805923,0.967648275070684,0.981855132084593,0.995219837277123,
1.),.UNSPECIFIED.);
#1267=B_SPLINE_CURVE_WITH_KNOTS('',3,(#4549,#4550,#4551,#4552,#4553,#4554,
#4555,#4556,#4557,#4558,#4559),.UNSPECIFIED.,.F.,.F.,(4,1,1,1,1,1,1,1,4),
(0.,0.125,0.25,0.375,0.5,0.625,0.75,0.875,1.),.UNSPECIFIED.);
#1268=B_SPLINE_CURVE_WITH_KNOTS('',3,(#4562,#4563,#4564,#4565,#4566,#4567,
#4568,#4569,#4570,#4571,#4572,#4573,#4574,#4575,#4576,#4577,#4578,#4579,
#4580,#4581,#4582,#4583,#4584,#4585,#4586,#4587,#4588,#4589,#4590,#4591,
#4592,#4593,#4594,#4595,#4596,#4597,#4598,#4599,#4600,#4601,#4602,#4603,
#4604,#4605,#4606,#4607,#4608,#4609,#4610,#4611,#4612,#4613,#4614,#4615,
#4616,#4617,#4618,#4619),.UNSPECIFIED.,.F.,.F.,(4,3,3,3,3,3,3,3,3,3,3,3,
3,3,3,3,3,3,3,4),(0.,0.0197230342768251,0.0407260070910739,0.0637073428238666,
0.0910630048777331,0.119788221361128,0.143551457526057,0.16586089956956,
0.189025087698367,0.214303233811492,0.243713995011381,0.276471846828581,
0.304412865975009,0.329897683791539,0.355405285901093,0.382793258385958,
0.413755879233852,0.456877939616927,0.488324625130818,0.500000000000003),
 .UNSPECIFIED.);
#1269=B_SPLINE_CURVE_WITH_KNOTS('',3,(#4687,#4688,#4689,#4690,#4691,#4692),
 .UNSPECIFIED.,.F.,.F.,(4,1,1,4),(0.,0.333333333333333,0.666666666666667,
1.),.UNSPECIFIED.);
#1270=B_SPLINE_CURVE_WITH_KNOTS('',3,(#4694,#4695,#4696,#4697,#4698,#4699,
#4700,#4701,#4702,#4703,#4704,#4705,#4706,#4707,#4708,#4709,#4710,#4711,
#4712,#4713,#4714,#4715,#4716,#4717,#4718,#4719,#4720,#4721,#4722,#4723,
#4724,#4725,#4726,#4727,#4728,#4729,#4730,#4731,#4732,#4733,#4734,#4735,
#4736,#4737,#4738,#4739,#4740,#4741,#4742,#4743,#4744,#4745,#4746,#4747,
#4748,#4749,#4750,#4751,#4752,#4753,#4754,#4755,#4756,#4757,#4758,#4759,
#4760,#4761,#4762,#4763,#4764,#4765,#4766,#4767,#4768,#4769,#4770,#4771,
#4772),.UNSPECIFIED.,.F.,.F.,(4,3,3,3,3,3,3,3,3,3,3,3,3,3,3,3,3,3,3,3,3,
3,3,3,3,3,4),(0.500000000000001,0.52035958861386,0.542910125748446,0.571237216811123,
0.598034890760427,0.621014044938172,0.641399318986093,0.66100083765982,
0.680418596967737,0.700612735688503,0.72464698070179,0.756805265606291,
0.778021527628232,0.797057584976416,0.815438760164221,0.83426273627296,
0.855207217183862,0.882734370013215,0.907043137145672,0.927269313367057,
0.945451985025293,0.960637283767485,0.97104933421048,0.981667973139426,
0.990833986569713,0.997303291302163,1.),.UNSPECIFIED.);
#1271=B_SPLINE_CURVE_WITH_KNOTS('',3,(#4841,#4842,#4843,#4844,#4845,#4846,
#4847,#4848,#4849,#4850,#4851),.UNSPECIFIED.,.F.,.F.,(4,1,1,1,1,1,1,1,4),
(0.,0.125,0.25,0.375,0.5,0.625,0.75,0.875,1.),.UNSPECIFIED.);
#1272=B_SPLINE_CURVE_WITH_KNOTS('',3,(#4855,#4856,#4857,#4858,#4859,#4860,
#4861,#4862,#4863,#4864,#4865,#4866,#4867,#4868,#4869,#4870,#4871,#4872,
#4873,#4874,#4875,#4876,#4877,#4878,#4879,#4880,#4881,#4882),
 .UNSPECIFIED.,.F.,.F.,(4,3,3,3,3,3,3,3,3,4),(0.,0.0129415496049152,0.026409766499788,
0.0405631047976605,0.0563410049977095,0.0740531422161335,0.105140529409068,
0.122517852305421,0.137621935618542,0.152726018931663),.UNSPECIFIED.);
#1273=B_SPLINE_CURVE_WITH_KNOTS('',3,(#4884,#4885,#4886,#4887,#4888,#4889),
 .UNSPECIFIED.,.F.,.F.,(4,2,4),(0.,0.0392289421923558,0.0465280714336109),
 .UNSPECIFIED.);
#1274=B_SPLINE_CURVE_WITH_KNOTS('',3,(#4891,#4892,#4893,#4894,#4895,#4896,
#4897,#4898,#4899,#4900),.UNSPECIFIED.,.F.,.F.,(4,2,2,2,4),(0.0465280714336109,
0.0779408232331119,0.128332627223922,0.174341561134304,0.221126378940237),
 .UNSPECIFIED.);
#1275=B_SPLINE_CURVE_WITH_KNOTS('',3,(#4901,#4902,#4903,#4904,#4905,#4906,
#4907,#4908,#4909,#4910,#4911,#4912,#4913,#4914,#4915,#4916),
 .UNSPECIFIED.,.F.,.F.,(4,3,3,3,3,4),(0.398410933499926,0.423857070052269,
0.445372321267003,0.465104785051148,0.483545017297591,0.500000000000001),
 .UNSPECIFIED.);
#1276=B_SPLINE_CURVE_WITH_KNOTS('',3,(#4984,#4985,#4986,#4987,#4988,#4989),
 .UNSPECIFIED.,.F.,.F.,(4,1,1,4),(0.,0.333333333333333,0.666666666666667,
1.),.UNSPECIFIED.);
#1277=B_SPLINE_CURVE_WITH_KNOTS('',3,(#5055,#5056,#5057,#5058,#5059,#5060,
#5061,#5062,#5063,#5064),.UNSPECIFIED.,.F.,.F.,(4,1,1,1,1,1,1,4),(0.,0.142857142857143,
0.285714285714286,0.428571428571429,0.571428571428571,0.714285714285714,
0.857142857142857,1.),.UNSPECIFIED.);
#1278=B_SPLINE_CURVE_WITH_KNOTS('',3,(#5066,#5067,#5068,#5069,#5070,#5071),
 .UNSPECIFIED.,.F.,.F.,(4,1,1,4),(0.,0.333333333333333,0.666666666666667,
1.),.UNSPECIFIED.);
#1279=B_SPLINE_CURVE_WITH_KNOTS('',3,(#5073,#5074,#5075,#5076,#5077,#5078,
#5079,#5080,#5081,#5082,#5083,#5084,#5085,#5086,#5087,#5088,#5089,#5090,
#5091,#5092,#5093,#5094,#5095,#5096,#5097,#5098,#5099,#5100,#5101,#5102,
#5103,#5104,#5105,#5106,#5107,#5108,#5109,#5110,#5111,#5112,#5113,#5114,
#5115,#5116,#5117,#5118,#5119,#5120,#5121,#5122,#5123,#5124,#5125,#5126,
#5127,#5128,#5129,#5130,#5131,#5132,#5133,#5134,#5135,#5136,#5137,#5138,
#5139,#5140,#5141,#5142),.UNSPECIFIED.,.F.,.F.,(4,3,3,3,3,3,3,3,3,3,3,3,
3,3,3,3,3,3,3,3,3,3,3,4),(0.5,0.526980040852203,0.562373614114686,0.592288417482039,
0.617770391389412,0.641936516414089,0.668170726347289,0.695801155467709,
0.731398105119081,0.760040576232238,0.784482337341014,0.80751576962269,
0.831645658986737,0.86108030294657,0.891984267675463,0.917508400030438,
0.939610770071663,0.960839714217755,0.972260929585912,0.981237560816426,
0.987839524167538,0.993919762083769,0.998692622009428,1.),.UNSPECIFIED.);
#1280=B_SPLINE_CURVE_WITH_KNOTS('',3,(#5205,#5206,#5207,#5208,#5209,#5210,
#5211,#5212,#5213,#5214),.UNSPECIFIED.,.F.,.F.,(4,1,1,1,1,1,1,4),(0.,0.142857142857143,
0.285714285714286,0.428571428571429,0.571428571428571,0.714285714285714,
0.857142857142857,1.),.UNSPECIFIED.);
#1281=B_SPLINE_CURVE_WITH_KNOTS('',3,(#5217,#5218,#5219,#5220,#5221,#5222,
#5223,#5224,#5225,#5226,#5227,#5228,#5229,#5230,#5231,#5232,#5233,#5234,
#5235,#5236,#5237,#5238,#5239,#5240,#5241,#5242,#5243,#5244,#5245,#5246,
#5247,#5248,#5249,#5250,#5251,#5252,#5253,#5254,#5255,#5256,#5257,#5258,
#5259,#5260,#5261,#5262,#5263,#5264,#5265,#5266,#5267,#5268,#5269,#5270,
#5271,#5272,#5273,#5274,#5275,#5276,#5277,#5278,#5279,#5280,#5281,#5282,
#5283),.UNSPECIFIED.,.F.,.F.,(4,3,3,3,3,3,3,3,3,3,3,3,3,3,3,3,3,3,3,3,3,
3,4),(0.,0.015625,0.0318320407096976,0.0493618836621593,0.069250017019502,
0.0961718909557831,0.117130034631247,0.13483066219304,0.157653745805975,
0.176718140068442,0.197630087422508,0.222902370813461,0.252158171105991,
0.27381600121655,0.294334689558664,0.316230701224113,0.340779429900225,
0.368501110755521,0.405021964042621,0.432258662025031,0.456646142144518,
0.485318749743088,0.5),.UNSPECIFIED.);
#1282=B_SPLINE_CURVE_WITH_KNOTS('',3,(#5345,#5346,#5347,#5348,#5349,#5350),
 .UNSPECIFIED.,.F.,.F.,(4,1,1,4),(0.,0.333333333333333,0.666666666666667,
1.),.UNSPECIFIED.);
#1283=B_SPLINE_CURVE_WITH_KNOTS('',3,(#5352,#5353,#5354,#5355,#5356,#5357,
#5358,#5359,#5360,#5361,#5362,#5363,#5364,#5365,#5366,#5367,#5368,#5369,
#5370,#5371,#5372,#5373,#5374,#5375,#5376,#5377,#5378,#5379,#5380,#5381,
#5382,#5383,#5384,#5385,#5386,#5387,#5388,#5389,#5390,#5391,#5392,#5393,
#5394,#5395,#5396,#5397,#5398,#5399,#5400,#5401,#5402,#5403,#5404,#5405,
#5406,#5407,#5408,#5409,#5410,#5411,#5412,#5413,#5414,#5415,#5416,#5417,
#5418),.UNSPECIFIED.,.F.,.F.,(4,3,3,3,3,3,3,3,3,3,3,3,3,3,3,3,3,3,3,3,3,
3,4),(0.500000000000002,0.522251054379091,0.542696429294999,0.568322720477804,
0.590516660693632,0.615311401397499,0.650486573581987,0.677496346248507,
0.700522458704647,0.721682445707554,0.742001434655631,0.761220445383691,
0.78289955195651,0.814500965962358,0.837688345217063,0.85797730206493,0.879226860577167,
0.898898448056492,0.92243986366026,0.946428489997177,0.966147363205931,
0.98339632299416,1.),.UNSPECIFIED.);
#1284=B_SPLINE_CURVE_WITH_KNOTS('',3,(#5475,#5476,#5477,#5478,#5479,#5480,
#5481,#5482,#5483),.UNSPECIFIED.,.F.,.F.,(4,1,1,1,1,1,4),(0.,0.166666666666667,
0.333333333333333,0.5,0.666666666666667,0.833333333333333,1.),
 .UNSPECIFIED.);
#1285=B_SPLINE_CURVE_WITH_KNOTS('',3,(#5486,#5487,#5488,#5489,#5490,#5491,
#5492,#5493,#5494,#5495,#5496,#5497,#5498,#5499,#5500,#5501,#5502,#5503,
#5504,#5505,#5506,#5507,#5508,#5509,#5510,#5511,#5512,#5513,#5514,#5515,
#5516,#5517,#5518,#5519,#5520,#5521,#5522,#5523,#5524,#5525,#5526,#5527,
#5528,#5529,#5530,#5531,#5532,#5533,#5534,#5535,#5536,#5537,#5538,#5539,
#5540,#5541,#5542,#5543,#5544,#5545,#5546,#5547,#5548,#5549,#5550,#5551,
#5552,#5553,#5554,#5555),.UNSPECIFIED.,.F.,.F.,(4,3,3,3,3,3,3,3,3,3,3,3,
3,3,3,3,3,3,3,3,3,3,3,4),(0.,0.015625,0.0317548766730265,0.0488278551905106,
0.0672988110110617,0.0882865053705012,0.118061143975828,0.139996044571842,
0.158570869654084,0.175537146528716,0.195816074870671,0.215100780000375,
0.236011267308454,0.259916295926844,0.290963992452926,0.315782063047046,
0.336713783136449,0.355839531977503,0.377335820747861,0.398178125557726,
0.420668081845656,0.447152731367921,0.479831872347758,0.500000000000002),
 .UNSPECIFIED.);
#1286=B_SPLINE_CURVE_WITH_KNOTS('',3,(#5611,#5612,#5613,#5614,#5615,#5616),
 .UNSPECIFIED.,.F.,.F.,(4,1,1,4),(0.,0.333333333333333,0.666666666666667,
1.),.UNSPECIFIED.);
#1287=B_SPLINE_CURVE_WITH_KNOTS('',3,(#5688,#5689,#5690,#5691,#5692,#5693,
#5694,#5695,#5696,#5697,#5698),.UNSPECIFIED.,.F.,.F.,(4,1,1,1,1,1,1,1,4),
(0.,0.125,0.25,0.375,0.5,0.625,0.75,0.875,1.),.UNSPECIFIED.);
#1288=B_SPLINE_CURVE_WITH_KNOTS('',3,(#5700,#5701,#5702,#5703,#5704,#5705),
 .UNSPECIFIED.,.F.,.F.,(4,1,1,4),(0.,0.333333333333333,0.666666666666667,
1.),.UNSPECIFIED.);
#1289=B_SPLINE_CURVE_WITH_KNOTS('',3,(#5778,#5779,#5780,#5781,#5782,#5783,
#5784,#5785,#5786,#5787,#5788,#5789,#5790,#5791,#5792,#5793,#5794,#5795,
#5796,#5797,#5798,#5799,#5800,#5801,#5802,#5803,#5804,#5805,#5806,#5807,
#5808,#5809,#5810,#5811,#5812,#5813,#5814,#5815,#5816,#5817,#5818,#5819,
#5820,#5821,#5822,#5823,#5824,#5825,#5826,#5827,#5828,#5829,#5830,#5831,
#5832,#5833,#5834,#5835,#5836,#5837,#5838,#5839,#5840,#5841,#5842,#5843,
#5844,#5845,#5846,#5847),.UNSPECIFIED.,.F.,.F.,(4,3,3,3,3,3,3,3,3,3,3,3,
3,3,3,3,3,3,3,3,3,3,3,4),(0.500000000000003,0.526416553765398,0.554295503060484,
0.581534680156233,0.614466121256582,0.653524256456378,0.681769148700093,
0.707152394640651,0.731740493930382,0.752101318393123,0.773997335881613,
0.802247668896411,0.825042863970242,0.844246220873152,0.861666640327243,
0.878958310286337,0.895034945544445,0.915007577253014,0.93625568293976,
0.952599457805923,0.967648275070684,0.981855132084593,0.995219837277123,
1.),.UNSPECIFIED.);
#1290=B_SPLINE_CURVE_WITH_KNOTS('',3,(#5848,#5849,#5850,#5851,#5852,#5853),
 .UNSPECIFIED.,.F.,.F.,(4,1,1,4),(0.,0.333333333333333,0.666666666666667,
1.),.UNSPECIFIED.);
#1291=B_SPLINE_CURVE_WITH_KNOTS('',3,(#5921,#5922,#5923,#5924,#5925,#5926,
#5927,#5928,#5929,#5930,#5931,#5932,#5933,#5934,#5935,#5936,#5937,#5938,
#5939,#5940,#5941,#5942,#5943,#5944,#5945,#5946,#5947,#5948,#5949,#5950,
#5951,#5952,#5953,#5954,#5955,#5956,#5957,#5958,#5959,#5960,#5961,#5962,
#5963,#5964,#5965,#5966,#5967,#5968,#5969,#5970,#5971,#5972,#5973,#5974,
#5975,#5976,#5977,#5978),.UNSPECIFIED.,.F.,.F.,(4,3,3,3,3,3,3,3,3,3,3,3,
3,3,3,3,3,3,3,4),(0.,0.0197230342768251,0.0407260070910739,0.0637073428238666,
0.0910630048777331,0.119788221361128,0.143551457526057,0.16586089956956,
0.189025087698367,0.214303233811492,0.243713995011381,0.276471846828581,
0.304412865975009,0.329897683791539,0.355405285901093,0.382793258385958,
0.413755879233852,0.456877939616927,0.488324625130818,0.500000000000003),
 .UNSPECIFIED.);
#1292=B_SPLINE_CURVE_WITH_KNOTS('',3,(#5981,#5982,#5983,#5984,#5985,#5986,
#5987,#5988,#5989,#5990,#5991),.UNSPECIFIED.,.F.,.F.,(4,1,1,1,1,1,1,1,4),
(0.,0.125,0.25,0.375,0.5,0.625,0.75,0.875,1.),.UNSPECIFIED.);
#1293=B_SPLINE_CURVE_WITH_KNOTS('',3,(#6061,#6062,#6063,#6064,#6065,#6066,
#6067,#6068,#6069,#6070,#6071,#6072,#6073,#6074,#6075,#6076,#6077,#6078,
#6079,#6080,#6081,#6082,#6083,#6084,#6085,#6086,#6087,#6088,#6089,#6090,
#6091,#6092,#6093,#6094,#6095,#6096,#6097,#6098,#6099,#6100,#6101,#6102,
#6103,#6104,#6105,#6106,#6107,#6108,#6109,#6110,#6111,#6112,#6113,#6114,
#6115,#6116,#6117,#6118,#6119,#6120,#6121,#6122,#6123,#6124,#6125,#6126,
#6127,#6128,#6129,#6130,#6131,#6132,#6133,#6134,#6135,#6136,#6137,#6138,
#6139),.UNSPECIFIED.,.F.,.F.,(4,3,3,3,3,3,3,3,3,3,3,3,3,3,3,3,3,3,3,3,3,
3,3,3,3,3,4),(0.500000000000001,0.52035958861386,0.542910125748446,0.571237216811123,
0.598034890760427,0.621014044938172,0.641399318986093,0.66100083765982,
0.680418596967737,0.700612735688503,0.72464698070179,0.756805265606291,
0.778021527628232,0.797057584976416,0.815438760164221,0.83426273627296,
0.855207217183862,0.882734370013215,0.907043137145672,0.927269313367057,
0.945451985025293,0.960637283767485,0.97104933421048,0.981667973139426,
0.990833986569713,0.997303291302163,1.),.UNSPECIFIED.);
#1294=B_SPLINE_CURVE_WITH_KNOTS('',3,(#6140,#6141,#6142,#6143,#6144,#6145),
 .UNSPECIFIED.,.F.,.F.,(4,1,1,4),(0.,0.333333333333333,0.666666666666667,
1.),.UNSPECIFIED.);
#1295=B_SPLINE_CURVE_WITH_KNOTS('',3,(#6213,#6214,#6215,#6216,#6217,#6218,
#6219,#6220,#6221,#6222,#6223,#6224,#6225,#6226,#6227,#6228),
 .UNSPECIFIED.,.F.,.F.,(4,3,3,3,3,4),(0.398410933499926,0.423857070052269,
0.445372321267003,0.465104785051148,0.483545017297591,0.500000000000001),
 .UNSPECIFIED.);
#1296=B_SPLINE_CURVE_WITH_KNOTS('',3,(#6230,#6231,#6232,#6233,#6234,#6235,
#6236,#6237,#6238,#6239),.UNSPECIFIED.,.F.,.F.,(4,2,2,2,4),(0.0465280714336109,
0.0779408232331119,0.128332627223922,0.174341561134304,0.221126378940237),
 .UNSPECIFIED.);
#1297=B_SPLINE_CURVE_WITH_KNOTS('',3,(#6241,#6242,#6243,#6244,#6245,#6246),
 .UNSPECIFIED.,.F.,.F.,(4,2,4),(0.,0.0392289421923558,0.0465280714336109),
 .UNSPECIFIED.);
#1298=B_SPLINE_CURVE_WITH_KNOTS('',3,(#6248,#6249,#6250,#6251,#6252,#6253,
#6254,#6255,#6256,#6257,#6258,#6259,#6260,#6261,#6262,#6263,#6264,#6265,
#6266,#6267,#6268,#6269,#6270,#6271,#6272,#6273,#6274,#6275),
 .UNSPECIFIED.,.F.,.F.,(4,3,3,3,3,3,3,3,3,4),(0.,0.0129415496049152,0.026409766499788,
0.0405631047976605,0.0563410049977095,0.0740531422161335,0.105140529409068,
0.122517852305421,0.137621935618542,0.152726018931663),.UNSPECIFIED.);
#1299=B_SPLINE_CURVE_WITH_KNOTS('',3,(#6278,#6279,#6280,#6281,#6282,#6283,
#6284,#6285,#6286,#6287,#6288),.UNSPECIFIED.,.F.,.F.,(4,1,1,1,1,1,1,1,4),
(0.,0.125,0.25,0.375,0.5,0.625,0.75,0.875,1.),.UNSPECIFIED.);
#1300=B_SPLINE_CURVE_WITH_KNOTS('',3,(#6351,#6352,#6353,#6354,#6355,#6356,
#6357,#6358,#6359,#6360),.UNSPECIFIED.,.F.,.F.,(4,1,1,1,1,1,1,4),(0.,0.142857142857143,
0.285714285714286,0.428571428571429,0.571428571428571,0.714285714285714,
0.857142857142857,1.),.UNSPECIFIED.);
#1301=B_SPLINE_CURVE_WITH_KNOTS('',3,(#6362,#6363,#6364,#6365,#6366,#6367),
 .UNSPECIFIED.,.F.,.F.,(4,1,1,4),(0.,0.333333333333333,0.666666666666667,
1.),.UNSPECIFIED.);
#1302=B_SPLINE_CURVE_WITH_KNOTS('',3,(#6434,#6435,#6436,#6437,#6438,#6439,
#6440,#6441,#6442,#6443,#6444,#6445,#6446,#6447,#6448,#6449,#6450,#6451,
#6452,#6453,#6454,#6455,#6456,#6457,#6458,#6459,#6460,#6461,#6462,#6463,
#6464,#6465,#6466,#6467,#6468,#6469,#6470,#6471,#6472,#6473,#6474,#6475,
#6476,#6477,#6478,#6479,#6480,#6481,#6482,#6483,#6484,#6485,#6486,#6487,
#6488,#6489,#6490,#6491,#6492,#6493,#6494,#6495,#6496,#6497,#6498,#6499,
#6500,#6501,#6502,#6503),.UNSPECIFIED.,.F.,.F.,(4,3,3,3,3,3,3,3,3,3,3,3,
3,3,3,3,3,3,3,3,3,3,3,4),(0.5,0.526980040852203,0.562373614114686,0.592288417482039,
0.617770391389412,0.641936516414089,0.668170726347289,0.695801155467709,
0.731398105119081,0.760040576232238,0.784482337341014,0.80751576962269,
0.831645658986737,0.86108030294657,0.891984267675463,0.917508400030438,
0.939610770071663,0.960839714217755,0.972260929585912,0.981237560816426,
0.987839524167538,0.993919762083769,0.998692622009428,1.),.UNSPECIFIED.);
#1303=B_SPLINE_CURVE_WITH_KNOTS('',3,(#6504,#6505,#6506,#6507,#6508,#6509),
 .UNSPECIFIED.,.F.,.F.,(4,1,1,4),(0.,0.333333333333333,0.666666666666667,
1.),.UNSPECIFIED.);
#1304=B_SPLINE_CURVE_WITH_KNOTS('',3,(#6571,#6572,#6573,#6574,#6575,#6576,
#6577,#6578,#6579,#6580,#6581,#6582,#6583,#6584,#6585,#6586,#6587,#6588,
#6589,#6590,#6591,#6592,#6593,#6594,#6595,#6596,#6597,#6598,#6599,#6600,
#6601,#6602,#6603,#6604,#6605,#6606,#6607,#6608,#6609,#6610,#6611,#6612,
#6613,#6614,#6615,#6616,#6617,#6618,#6619,#6620,#6621,#6622,#6623,#6624,
#6625,#6626,#6627,#6628,#6629,#6630,#6631,#6632,#6633,#6634,#6635,#6636,
#6637),.UNSPECIFIED.,.F.,.F.,(4,3,3,3,3,3,3,3,3,3,3,3,3,3,3,3,3,3,3,3,3,
3,4),(0.,0.015625,0.0318320407096976,0.0493618836621593,0.069250017019502,
0.0961718909557831,0.117130034631247,0.13483066219304,0.157653745805975,
0.176718140068442,0.197630087422508,0.222902370813461,0.252158171105991,
0.27381600121655,0.294334689558664,0.316230701224113,0.340779429900225,
0.368501110755521,0.405021964042621,0.432258662025031,0.456646142144518,
0.485318749743088,0.5),.UNSPECIFIED.);
#1305=B_SPLINE_CURVE_WITH_KNOTS('',3,(#6640,#6641,#6642,#6643,#6644,#6645,
#6646,#6647,#6648,#6649),.UNSPECIFIED.,.F.,.F.,(4,1,1,1,1,1,1,4),(0.,0.142857142857143,
0.285714285714286,0.428571428571429,0.571428571428571,0.714285714285714,
0.857142857142857,1.),.UNSPECIFIED.);
#1306=B_SPLINE_CURVE_WITH_KNOTS('',3,(#6713,#6714,#6715,#6716,#6717,#6718,
#6719,#6720,#6721,#6722,#6723,#6724,#6725,#6726,#6727,#6728,#6729,#6730,
#6731,#6732,#6733,#6734,#6735,#6736,#6737,#6738,#6739,#6740,#6741,#6742,
#6743,#6744,#6745,#6746,#6747,#6748,#6749,#6750,#6751,#6752,#6753,#6754,
#6755,#6756,#6757,#6758,#6759,#6760,#6761,#6762,#6763,#6764,#6765,#6766,
#6767,#6768,#6769,#6770,#6771,#6772,#6773,#6774,#6775,#6776,#6777,#6778,
#6779),.UNSPECIFIED.,.F.,.F.,(4,3,3,3,3,3,3,3,3,3,3,3,3,3,3,3,3,3,3,3,3,
3,4),(0.500000000000002,0.522251054379091,0.542696429294999,0.568322720477804,
0.590516660693632,0.615311401397499,0.650486573581987,0.677496346248507,
0.700522458704647,0.721682445707554,0.742001434655631,0.761220445383691,
0.78289955195651,0.814500965962358,0.837688345217063,0.85797730206493,0.879226860577167,
0.898898448056492,0.92243986366026,0.946428489997177,0.966147363205931,
0.98339632299416,1.),.UNSPECIFIED.);
#1307=B_SPLINE_CURVE_WITH_KNOTS('',3,(#6780,#6781,#6782,#6783,#6784,#6785),
 .UNSPECIFIED.,.F.,.F.,(4,1,1,4),(0.,0.333333333333333,0.666666666666667,
1.),.UNSPECIFIED.);
#1308=B_SPLINE_CURVE_WITH_KNOTS('',3,(#6841,#6842,#6843,#6844,#6845,#6846,
#6847,#6848,#6849,#6850,#6851,#6852,#6853,#6854,#6855,#6856,#6857,#6858,
#6859,#6860,#6861,#6862,#6863,#6864,#6865,#6866,#6867,#6868,#6869,#6870,
#6871,#6872,#6873,#6874,#6875,#6876,#6877,#6878,#6879,#6880,#6881,#6882,
#6883,#6884,#6885,#6886,#6887,#6888,#6889,#6890,#6891,#6892,#6893,#6894,
#6895,#6896,#6897,#6898,#6899,#6900,#6901,#6902,#6903,#6904,#6905,#6906,
#6907,#6908,#6909,#6910),.UNSPECIFIED.,.F.,.F.,(4,3,3,3,3,3,3,3,3,3,3,3,
3,3,3,3,3,3,3,3,3,3,3,4),(0.,0.015625,0.0317548766730265,0.0488278551905106,
0.0672988110110617,0.0882865053705012,0.118061143975828,0.139996044571842,
0.158570869654084,0.175537146528716,0.195816074870671,0.215100780000375,
0.236011267308454,0.259916295926844,0.290963992452926,0.315782063047046,
0.336713783136449,0.355839531977503,0.377335820747861,0.398178125557726,
0.420668081845656,0.447152731367921,0.479831872347758,0.500000000000002),
 .UNSPECIFIED.);
#1309=B_SPLINE_CURVE_WITH_KNOTS('',3,(#6913,#6914,#6915,#6916,#6917,#6918,
#6919,#6920,#6921),.UNSPECIFIED.,.F.,.F.,(4,1,1,1,1,1,4),(0.,0.166666666666667,
0.333333333333333,0.5,0.666666666666667,0.833333333333333,1.),
 .UNSPECIFIED.);
#1310=B_SPLINE_CURVE_WITH_KNOTS('',3,(#7118,#7119,#7120,#7121,#7122,#7123,
#7124,#7125),.UNSPECIFIED.,.F.,.F.,(4,2,1,1,4),(-0.00275188108300363,0.,
1.1094846703921,1.47931289385613,1.84914111732016),.UNSPECIFIED.);
#1311=B_SPLINE_CURVE_WITH_KNOTS('',3,(#7126,#7127,#7128,#7129,#7130,#7131,
#7132,#7133),.UNSPECIFIED.,.F.,.F.,(4,1,1,2,4),(-1.84914111732016,-1.47931289385613,
-1.1094846703921,0.,0.00275188108300363),.UNSPECIFIED.);
#1312=B_SPLINE_CURVE_WITH_KNOTS('',3,(#7161,#7162,#7163,#7164,#7165,#7166,
#7167),.UNSPECIFIED.,.F.,.F.,(4,3,4),(0.265730194605985,0.291834778367386,
0.299816361195937),.UNSPECIFIED.);
#1313=B_SPLINE_CURVE_WITH_KNOTS('',3,(#7169,#7170,#7171,#7172,#7173,#7174),
 .UNSPECIFIED.,.F.,.F.,(4,2,4),(0.,0.0881815005371987,0.236284058896668),
 .UNSPECIFIED.);
#1314=B_SPLINE_CURVE_WITH_KNOTS('',3,(#7176,#7177,#7178,#7179,#7180),
 .UNSPECIFIED.,.F.,.F.,(4,1,4),(0.,0.71992950290139,1.67983550676991),
 .UNSPECIFIED.);
#1315=B_SPLINE_CURVE_WITH_KNOTS('',3,(#7183,#7184,#7185,#7186,#7187),
 .UNSPECIFIED.,.F.,.F.,(4,1,4),(-1.45214444524768,-0.71992950290139,0.),
 .UNSPECIFIED.);
#1316=B_SPLINE_CURVE_WITH_KNOTS('',3,(#7213,#7214,#7215,#7216,#7217),
 .UNSPECIFIED.,.F.,.F.,(4,1,4),(1.26887321138462E-13,0.526773222814084,
1.22913751989936),.UNSPECIFIED.);
#1317=B_SPLINE_CURVE_WITH_KNOTS('',3,(#7218,#7219,#7220,#7221,#7222),
 .UNSPECIFIED.,.F.,.F.,(4,1,4),(-1.22913751989936,-0.526773222814084,-1.26887321138462E-13),
 .UNSPECIFIED.);
#1318=B_SPLINE_CURVE_WITH_KNOTS('',3,(#7723,#7724,#7725,#7726,#7727,#7728,
#7729,#7730),.UNSPECIFIED.,.F.,.F.,(4,1,1,2,4),(-1.84914111732016,-1.47931289385613,
-1.1094846703921,0.,0.00275188108300363),.UNSPECIFIED.);
#1319=B_SPLINE_CURVE_WITH_KNOTS('',3,(#7731,#7732,#7733,#7734,#7735,#7736,
#7737,#7738),.UNSPECIFIED.,.F.,.F.,(4,2,1,1,4),(-0.00275188108300363,0.,
1.1094846703921,1.47931289385613,1.84914111732016),.UNSPECIFIED.);
#1320=B_SPLINE_CURVE_WITH_KNOTS('',3,(#7766,#7767,#7768,#7769,#7770,#7771,
#7772),.UNSPECIFIED.,.F.,.F.,(4,3,4),(0.265730194605985,0.291834778367386,
0.299816361195937),.UNSPECIFIED.);
#1321=B_SPLINE_CURVE_WITH_KNOTS('',3,(#7774,#7775,#7776,#7777,#7778),
 .UNSPECIFIED.,.F.,.F.,(4,1,4),(-1.45214444524768,-0.71992950290139,0.),
 .UNSPECIFIED.);
#1322=B_SPLINE_CURVE_WITH_KNOTS('',3,(#7782,#7783,#7784,#7785,#7786),
 .UNSPECIFIED.,.F.,.F.,(4,1,4),(0.,0.71992950290139,1.67983550676991),
 .UNSPECIFIED.);
#1323=B_SPLINE_CURVE_WITH_KNOTS('',3,(#7787,#7788,#7789,#7790,#7791,#7792),
 .UNSPECIFIED.,.F.,.F.,(4,2,4),(0.,0.0881815005371987,0.236284058896668),
 .UNSPECIFIED.);
#1324=B_SPLINE_CURVE_WITH_KNOTS('',3,(#7818,#7819,#7820,#7821,#7822),
 .UNSPECIFIED.,.F.,.F.,(4,1,4),(-1.22913751989936,-0.526773222814084,-1.26887321138462E-13),
 .UNSPECIFIED.);
#1325=B_SPLINE_CURVE_WITH_KNOTS('',3,(#7823,#7824,#7825,#7826,#7827),
 .UNSPECIFIED.,.F.,.F.,(4,1,4),(1.26887321138462E-13,0.526773222814084,
1.22913751989936),.UNSPECIFIED.);
#1326=VERTEX_POINT('',#4390);
#1327=VERTEX_POINT('',#4391);
#1328=VERTEX_POINT('',#4403);
#1329=VERTEX_POINT('',#4410);
#1330=VERTEX_POINT('',#4548);
#1331=VERTEX_POINT('',#4560);
#1332=VERTEX_POINT('',#4686);
#1333=VERTEX_POINT('',#4693);
#1334=VERTEX_POINT('',#4840);
#1335=VERTEX_POINT('',#4852);
#1336=VERTEX_POINT('',#4854);
#1337=VERTEX_POINT('',#4883);
#1338=VERTEX_POINT('',#4890);
#1339=VERTEX_POINT('',#4983);
#1340=VERTEX_POINT('',#4990);
#1341=VERTEX_POINT('',#5053);
#1342=VERTEX_POINT('',#5054);
#1343=VERTEX_POINT('',#5065);
#1344=VERTEX_POINT('',#5072);
#1345=VERTEX_POINT('',#5204);
#1346=VERTEX_POINT('',#5215);
#1347=VERTEX_POINT('',#5344);
#1348=VERTEX_POINT('',#5351);
#1349=VERTEX_POINT('',#5474);
#1350=VERTEX_POINT('',#5484);
#1351=VERTEX_POINT('',#5610);
#1352=VERTEX_POINT('',#5617);
#1353=VERTEX_POINT('',#5686);
#1354=VERTEX_POINT('',#5687);
#1355=VERTEX_POINT('',#5699);
#1356=VERTEX_POINT('',#5706);
#1357=VERTEX_POINT('',#5775);
#1358=VERTEX_POINT('',#5777);
#1359=VERTEX_POINT('',#5920);
#1360=VERTEX_POINT('',#5979);
#1361=VERTEX_POINT('',#6058);
#1362=VERTEX_POINT('',#6060);
#1363=VERTEX_POINT('',#6212);
#1364=VERTEX_POINT('',#6229);
#1365=VERTEX_POINT('',#6240);
#1366=VERTEX_POINT('',#6247);
#1367=VERTEX_POINT('',#6276);
#1368=VERTEX_POINT('',#6349);
#1369=VERTEX_POINT('',#6350);
#1370=VERTEX_POINT('',#6361);
#1371=VERTEX_POINT('',#6368);
#1372=VERTEX_POINT('',#6431);
#1373=VERTEX_POINT('',#6433);
#1374=VERTEX_POINT('',#6570);
#1375=VERTEX_POINT('',#6638);
#1376=VERTEX_POINT('',#6710);
#1377=VERTEX_POINT('',#6712);
#1378=VERTEX_POINT('',#6840);
#1379=VERTEX_POINT('',#6911);
#1380=VERTEX_POINT('',#6923);
#1381=VERTEX_POINT('',#6924);
#1382=VERTEX_POINT('',#6926);
#1383=VERTEX_POINT('',#6928);
#1384=VERTEX_POINT('',#6932);
#1385=VERTEX_POINT('',#6934);
#1386=VERTEX_POINT('',#6938);
#1387=VERTEX_POINT('',#6940);
#1388=VERTEX_POINT('',#6948);
#1389=VERTEX_POINT('',#6949);
#1390=VERTEX_POINT('',#6951);
#1391=VERTEX_POINT('',#6953);
#1392=VERTEX_POINT('',#6955);
#1393=VERTEX_POINT('',#6957);
#1394=VERTEX_POINT('',#6959);
#1395=VERTEX_POINT('',#6961);
#1396=VERTEX_POINT('',#6965);
#1397=VERTEX_POINT('',#6967);
#1398=VERTEX_POINT('',#6971);
#1399=VERTEX_POINT('',#6975);
#1400=VERTEX_POINT('',#6982);
#1401=VERTEX_POINT('',#6983);
#1402=VERTEX_POINT('',#6985);
#1403=VERTEX_POINT('',#6987);
#1404=VERTEX_POINT('',#6991);
#1405=VERTEX_POINT('',#6992);
#1406=VERTEX_POINT('',#6994);
#1407=VERTEX_POINT('',#6996);
#1408=VERTEX_POINT('',#7000);
#1409=VERTEX_POINT('',#7002);
#1410=VERTEX_POINT('',#7007);
#1411=VERTEX_POINT('',#7012);
#1412=VERTEX_POINT('',#7018);
#1413=VERTEX_POINT('',#7020);
#1414=VERTEX_POINT('',#7024);
#1415=VERTEX_POINT('',#7026);
#1416=VERTEX_POINT('',#7030);
#1417=VERTEX_POINT('',#7031);
#1418=VERTEX_POINT('',#7033);
#1419=VERTEX_POINT('',#7035);
#1420=VERTEX_POINT('',#7039);
#1421=VERTEX_POINT('',#7041);
#1422=VERTEX_POINT('',#7043);
#1423=VERTEX_POINT('',#7047);
#1424=VERTEX_POINT('',#7049);
#1425=VERTEX_POINT('',#7053);
#1426=VERTEX_POINT('',#7057);
#1427=VERTEX_POINT('',#7059);
#1428=VERTEX_POINT('',#7063);
#1429=VERTEX_POINT('',#7065);
#1430=VERTEX_POINT('',#7067);
#1431=VERTEX_POINT('',#7069);
#1432=VERTEX_POINT('',#7072);
#1433=VERTEX_POINT('',#7114);
#1434=VERTEX_POINT('',#7115);
#1435=VERTEX_POINT('',#7117);
#1436=VERTEX_POINT('',#7159);
#1437=VERTEX_POINT('',#7160);
#1438=VERTEX_POINT('',#7168);
#1439=VERTEX_POINT('',#7175);
#1440=VERTEX_POINT('',#7181);
#1441=VERTEX_POINT('',#7224);
#1442=VERTEX_POINT('',#7252);
#1443=VERTEX_POINT('',#7256);
#1444=VERTEX_POINT('',#7260);
#1445=VERTEX_POINT('',#7265);
#1446=VERTEX_POINT('',#7267);
#1447=VERTEX_POINT('',#7269);
#1448=VERTEX_POINT('',#7271);
#1449=VERTEX_POINT('',#7275);
#1450=VERTEX_POINT('',#7277);
#1451=VERTEX_POINT('',#7279);
#1452=VERTEX_POINT('',#7281);
#1453=VERTEX_POINT('',#7283);
#1454=VERTEX_POINT('',#7285);
#1455=VERTEX_POINT('',#7287);
#1456=VERTEX_POINT('',#7289);
#1457=VERTEX_POINT('',#7291);
#1458=VERTEX_POINT('',#7293);
#1459=VERTEX_POINT('',#7295);
#1460=VERTEX_POINT('',#7298);
#1461=VERTEX_POINT('',#7300);
#1462=VERTEX_POINT('',#7302);
#1463=VERTEX_POINT('',#7304);
#1464=VERTEX_POINT('',#7306);
#1465=VERTEX_POINT('',#7310);
#1466=VERTEX_POINT('',#7312);
#1467=VERTEX_POINT('',#7315);
#1468=VERTEX_POINT('',#7318);
#1469=VERTEX_POINT('',#7377);
#1470=VERTEX_POINT('',#7381);
#1471=VERTEX_POINT('',#7385);
#1472=VERTEX_POINT('',#7389);
#1473=VERTEX_POINT('',#7393);
#1474=VERTEX_POINT('',#7394);
#1475=VERTEX_POINT('',#7398);
#1476=VERTEX_POINT('',#7401);
#1477=VERTEX_POINT('',#7405);
#1478=VERTEX_POINT('',#7407);
#1479=VERTEX_POINT('',#7410);
#1480=VERTEX_POINT('',#7413);
#1481=VERTEX_POINT('',#7416);
#1482=VERTEX_POINT('',#7422);
#1483=VERTEX_POINT('',#7424);
#1484=VERTEX_POINT('',#7426);
#1485=VERTEX_POINT('',#7499);
#1486=VERTEX_POINT('',#7503);
#1487=VERTEX_POINT('',#7504);
#1488=VERTEX_POINT('',#7506);
#1489=VERTEX_POINT('',#7508);
#1490=VERTEX_POINT('',#7512);
#1491=VERTEX_POINT('',#7514);
#1492=VERTEX_POINT('',#7516);
#1493=VERTEX_POINT('',#7520);
#1494=VERTEX_POINT('',#7521);
#1495=VERTEX_POINT('',#7523);
#1496=VERTEX_POINT('',#7526);
#1497=VERTEX_POINT('',#7530);
#1498=VERTEX_POINT('',#7532);
#1499=VERTEX_POINT('',#7537);
#1500=VERTEX_POINT('',#7539);
#1501=VERTEX_POINT('',#7544);
#1502=VERTEX_POINT('',#7550);
#1503=VERTEX_POINT('',#7552);
#1504=VERTEX_POINT('',#7554);
#1505=VERTEX_POINT('',#7558);
#1506=VERTEX_POINT('',#7561);
#1507=VERTEX_POINT('',#7565);
#1508=VERTEX_POINT('',#7568);
#1509=VERTEX_POINT('',#7572);
#1510=VERTEX_POINT('',#7574);
#1511=VERTEX_POINT('',#7583);
#1512=VERTEX_POINT('',#7585);
#1513=VERTEX_POINT('',#7587);
#1514=VERTEX_POINT('',#7590);
#1515=VERTEX_POINT('',#7594);
#1516=VERTEX_POINT('',#7598);
#1517=VERTEX_POINT('',#7605);
#1518=VERTEX_POINT('',#7607);
#1519=VERTEX_POINT('',#7609);
#1520=VERTEX_POINT('',#7613);
#1521=VERTEX_POINT('',#7617);
#1522=VERTEX_POINT('',#7622);
#1523=VERTEX_POINT('',#7635);
#1524=VERTEX_POINT('',#7636);
#1525=VERTEX_POINT('',#7638);
#1526=VERTEX_POINT('',#7640);
#1527=VERTEX_POINT('',#7644);
#1528=VERTEX_POINT('',#7646);
#1529=VERTEX_POINT('',#7648);
#1530=VERTEX_POINT('',#7652);
#1531=VERTEX_POINT('',#7654);
#1532=VERTEX_POINT('',#7658);
#1533=VERTEX_POINT('',#7662);
#1534=VERTEX_POINT('',#7664);
#1535=VERTEX_POINT('',#7668);
#1536=VERTEX_POINT('',#7670);
#1537=VERTEX_POINT('',#7672);
#1538=VERTEX_POINT('',#7674);
#1539=VERTEX_POINT('',#7677);
#1540=VERTEX_POINT('',#7719);
#1541=VERTEX_POINT('',#7720);
#1542=VERTEX_POINT('',#7722);
#1543=VERTEX_POINT('',#7764);
#1544=VERTEX_POINT('',#7765);
#1545=VERTEX_POINT('',#7773);
#1546=VERTEX_POINT('',#7779);
#1547=VERTEX_POINT('',#7781);
#1548=VERTEX_POINT('',#7829);
#1549=VERTEX_POINT('',#7857);
#1550=VERTEX_POINT('',#7861);
#1551=VERTEX_POINT('',#7868);
#1552=VERTEX_POINT('',#7870);
#1553=VERTEX_POINT('',#7872);
#1554=VERTEX_POINT('',#7874);
#1555=VERTEX_POINT('',#7878);
#1556=VERTEX_POINT('',#7880);
#1557=VERTEX_POINT('',#7882);
#1558=VERTEX_POINT('',#7885);
#1559=VERTEX_POINT('',#7888);
#1560=VERTEX_POINT('',#7890);
#1561=VERTEX_POINT('',#7892);
#1562=VERTEX_POINT('',#7894);
#1563=VERTEX_POINT('',#7896);
#1564=VERTEX_POINT('',#7898);
#1565=VERTEX_POINT('',#7900);
#1566=VERTEX_POINT('',#7902);
#1567=VERTEX_POINT('',#7904);
#1568=VERTEX_POINT('',#7906);
#1569=VERTEX_POINT('',#7910);
#1570=VERTEX_POINT('',#7912);
#1571=VERTEX_POINT('',#7915);
#1572=VERTEX_POINT('',#7918);
#1573=VERTEX_POINT('',#7983);
#1574=VERTEX_POINT('',#7987);
#1575=VERTEX_POINT('',#7991);
#1576=VERTEX_POINT('',#7995);
#1577=VERTEX_POINT('',#7997);
#1578=VERTEX_POINT('',#7999);
#1579=VERTEX_POINT('',#8003);
#1580=VERTEX_POINT('',#8007);
#1581=VERTEX_POINT('',#8013);
#1582=VERTEX_POINT('',#8018);
#1583=VERTEX_POINT('',#8021);
#1584=VERTEX_POINT('',#8024);
#1585=VERTEX_POINT('',#8030);
#1586=VERTEX_POINT('',#8032);
#1587=VERTEX_POINT('',#8101);
#1588=VERTEX_POINT('',#8107);
#1589=VERTEX_POINT('',#8108);
#1590=VERTEX_POINT('',#8110);
#1591=VERTEX_POINT('',#8112);
#1592=VERTEX_POINT('',#8116);
#1593=VERTEX_POINT('',#8118);
#1594=VERTEX_POINT('',#8122);
#1595=VERTEX_POINT('',#8126);
#1596=VERTEX_POINT('',#8130);
#1597=VERTEX_POINT('',#8134);
#1598=VERTEX_POINT('',#8136);
#1599=VERTEX_POINT('',#8140);
#1600=VERTEX_POINT('',#8144);
#1601=VERTEX_POINT('',#8146);
#1602=VERTEX_POINT('',#8150);
#1603=VERTEX_POINT('',#8152);
#1604=VERTEX_POINT('',#8157);
#1605=VERTEX_POINT('',#8159);
#1606=VERTEX_POINT('',#8164);
#1607=VERTEX_POINT('',#8166);
#1608=VERTEX_POINT('',#8171);
#1609=VERTEX_POINT('',#8173);
#1610=VERTEX_POINT('',#8182);
#1611=VERTEX_POINT('',#8184);
#1612=VERTEX_POINT('',#8186);
#1613=VERTEX_POINT('',#8191);
#1614=VERTEX_POINT('',#8196);
#1615=VERTEX_POINT('',#8198);
#1616=VERTEX_POINT('',#8200);
#1617=VERTEX_POINT('',#8204);
#1618=VERTEX_POINT('',#8207);
#1619=VERTEX_POINT('',#8211);
#1620=VERTEX_POINT('',#8214);
#1621=VERTEX_POINT('',#8218);
#1622=VERTEX_POINT('',#8220);
#1623=VERTEX_POINT('',#8234);
#1624=VERTEX_POINT('',#8245);
#1625=VERTEX_POINT('',#8247);
#1626=EDGE_CURVE('',#1326,#1327,#1264,.T.);
#1627=EDGE_CURVE('',#1326,#1328,#1265,.T.);
#1628=EDGE_CURVE('',#1328,#1329,#1266,.T.);
#1629=EDGE_CURVE('',#1327,#1329,#1152,.T.);
#1630=EDGE_CURVE('',#1326,#1330,#1267,.T.);
#1631=EDGE_CURVE('',#1331,#1330,#1153,.T.);
#1632=EDGE_CURVE('',#1331,#1328,#1268,.T.);
#1633=EDGE_CURVE('',#1326,#1332,#1269,.T.);
#1634=EDGE_CURVE('',#1332,#1333,#1270,.T.);
#1635=EDGE_CURVE('',#1330,#1333,#1154,.T.);
#1636=EDGE_CURVE('',#1326,#1334,#1271,.T.);
#1637=EDGE_CURVE('',#1335,#1334,#1155,.T.);
#1638=EDGE_CURVE('',#1335,#1336,#1272,.T.);
#1639=EDGE_CURVE('',#1336,#1337,#1273,.T.);
#1640=EDGE_CURVE('',#1337,#1338,#1274,.T.);
#1641=EDGE_CURVE('',#1338,#1332,#1275,.T.);
#1642=EDGE_CURVE('',#1326,#1339,#1276,.T.);
#1643=EDGE_CURVE('',#1339,#1340,#1156,.T.);
#1644=EDGE_CURVE('',#1334,#1340,#1157,.T.);
#1645=EDGE_CURVE('',#1341,#1342,#1277,.T.);
#1646=EDGE_CURVE('',#1341,#1343,#1278,.T.);
#1647=EDGE_CURVE('',#1343,#1344,#1279,.T.);
#1648=EDGE_CURVE('',#1342,#1344,#1158,.T.);
#1649=EDGE_CURVE('',#1341,#1345,#1280,.T.);
#1650=EDGE_CURVE('',#1346,#1345,#1159,.T.);
#1651=EDGE_CURVE('',#1346,#1343,#1281,.T.);
#1652=EDGE_CURVE('',#1341,#1347,#1282,.T.);
#1653=EDGE_CURVE('',#1347,#1348,#1283,.T.);
#1654=EDGE_CURVE('',#1345,#1348,#1160,.T.);
#1655=EDGE_CURVE('',#1341,#1349,#1284,.T.);
#1656=EDGE_CURVE('',#1350,#1349,#1161,.T.);
#1657=EDGE_CURVE('',#1350,#1347,#1285,.T.);
#1658=EDGE_CURVE('',#1341,#1351,#1286,.T.);
#1659=EDGE_CURVE('',#1351,#1352,#1162,.T.);
#1660=EDGE_CURVE('',#1349,#1352,#1163,.T.);
#1661=EDGE_CURVE('',#1353,#1354,#1287,.T.);
#1662=EDGE_CURVE('',#1353,#1355,#1288,.T.);
#1663=EDGE_CURVE('',#1356,#1355,#1164,.T.);
#1664=EDGE_CURVE('',#1356,#1354,#1165,.T.);
#1665=EDGE_CURVE('',#1354,#1357,#1166,.T.);
#1666=EDGE_CURVE('',#1358,#1357,#1289,.T.);
#1667=EDGE_CURVE('',#1353,#1358,#1290,.T.);
#1668=EDGE_CURVE('',#1359,#1358,#1291,.T.);
#1669=EDGE_CURVE('',#1359,#1360,#1167,.T.);
#1670=EDGE_CURVE('',#1353,#1360,#1292,.T.);
#1671=EDGE_CURVE('',#1360,#1361,#1168,.T.);
#1672=EDGE_CURVE('',#1362,#1361,#1293,.T.);
#1673=EDGE_CURVE('',#1353,#1362,#1294,.T.);
#1674=EDGE_CURVE('',#1363,#1362,#1295,.T.);
#1675=EDGE_CURVE('',#1364,#1363,#1296,.T.);
#1676=EDGE_CURVE('',#1365,#1364,#1297,.T.);
#1677=EDGE_CURVE('',#1366,#1365,#1298,.T.);
#1678=EDGE_CURVE('',#1366,#1367,#1169,.T.);
#1679=EDGE_CURVE('',#1353,#1367,#1299,.T.);
#1680=EDGE_CURVE('',#1368,#1369,#1300,.T.);
#1681=EDGE_CURVE('',#1368,#1370,#1301,.T.);
#1682=EDGE_CURVE('',#1371,#1370,#1170,.T.);
#1683=EDGE_CURVE('',#1371,#1369,#1171,.T.);
#1684=EDGE_CURVE('',#1369,#1372,#1172,.T.);
#1685=EDGE_CURVE('',#1373,#1372,#1302,.T.);
#1686=EDGE_CURVE('',#1368,#1373,#1303,.T.);
#1687=EDGE_CURVE('',#1374,#1373,#1304,.T.);
#1688=EDGE_CURVE('',#1374,#1375,#1173,.T.);
#1689=EDGE_CURVE('',#1368,#1375,#1305,.T.);
#1690=EDGE_CURVE('',#1375,#1376,#1174,.T.);
#1691=EDGE_CURVE('',#1377,#1376,#1306,.T.);
#1692=EDGE_CURVE('',#1368,#1377,#1307,.T.);
#1693=EDGE_CURVE('',#1378,#1377,#1308,.T.);
#1694=EDGE_CURVE('',#1378,#1379,#1175,.T.);
#1695=EDGE_CURVE('',#1368,#1379,#1309,.T.);
#1696=EDGE_CURVE('',#1380,#1381,#94,.T.);
#1697=EDGE_CURVE('',#1382,#1380,#95,.T.);
#1698=EDGE_CURVE('',#1383,#1382,#96,.T.);
#1699=EDGE_CURVE('',#1383,#1381,#97,.T.);
#1700=EDGE_CURVE('',#1381,#1384,#98,.T.);
#1701=EDGE_CURVE('',#1385,#1383,#99,.T.);
#1702=EDGE_CURVE('',#1385,#1384,#100,.T.);
#1703=EDGE_CURVE('',#1384,#1386,#101,.T.);
#1704=EDGE_CURVE('',#1387,#1385,#102,.T.);
#1705=EDGE_CURVE('',#1387,#1386,#103,.T.);
#1706=EDGE_CURVE('',#1386,#1380,#104,.T.);
#1707=EDGE_CURVE('',#1382,#1387,#105,.T.);
#1708=EDGE_CURVE('',#1388,#1389,#106,.T.);
#1709=EDGE_CURVE('',#1389,#1390,#107,.T.);
#1710=EDGE_CURVE('',#1390,#1391,#108,.T.);
#1711=EDGE_CURVE('',#1391,#1392,#109,.T.);
#1712=EDGE_CURVE('',#1392,#1393,#110,.T.);
#1713=EDGE_CURVE('',#1393,#1394,#111,.T.);
#1714=EDGE_CURVE('',#1395,#1394,#112,.T.);
#1715=EDGE_CURVE('',#1388,#1395,#113,.T.);
#1716=EDGE_CURVE('',#1396,#1391,#114,.T.);
#1717=EDGE_CURVE('',#1397,#1396,#115,.T.);
#1718=EDGE_CURVE('',#1397,#1392,#116,.T.);
#1719=EDGE_CURVE('',#1398,#1397,#117,.T.);
#1720=EDGE_CURVE('',#1398,#1393,#118,.T.);
#1721=EDGE_CURVE('',#1399,#1398,#119,.T.);
#1722=EDGE_CURVE('',#1399,#1390,#120,.T.);
#1723=EDGE_CURVE('',#1394,#1389,#121,.T.);
#1724=EDGE_CURVE('',#1396,#1399,#122,.T.);
#1725=EDGE_CURVE('',#1400,#1401,#123,.T.);
#1726=EDGE_CURVE('',#1400,#1402,#124,.T.);
#1727=EDGE_CURVE('',#1402,#1403,#125,.T.);
#1728=EDGE_CURVE('',#1403,#1401,#126,.T.);
#1729=EDGE_CURVE('',#1404,#1405,#127,.T.);
#1730=EDGE_CURVE('',#1406,#1404,#128,.T.);
#1731=EDGE_CURVE('',#1407,#1406,#129,.T.);
#1732=EDGE_CURVE('',#1407,#1405,#130,.T.);
#1733=EDGE_CURVE('',#1405,#1408,#131,.T.);
#1734=EDGE_CURVE('',#1409,#1407,#132,.T.);
#1735=EDGE_CURVE('',#1409,#1402,#133,.T.);
#1736=EDGE_CURVE('',#1408,#1400,#134,.T.);
#1737=EDGE_CURVE('',#1410,#1409,#135,.T.);
#1738=EDGE_CURVE('',#1410,#1403,#136,.T.);
#1739=EDGE_CURVE('',#1406,#1410,#137,.T.);
#1740=EDGE_CURVE('',#1411,#1404,#138,.T.);
#1741=EDGE_CURVE('',#1401,#1411,#139,.T.);
#1742=EDGE_CURVE('',#1408,#1411,#140,.T.);
#1743=EDGE_CURVE('',#1411,#1412,#141,.T.);
#1744=EDGE_CURVE('',#1413,#1412,#142,.T.);
#1745=EDGE_CURVE('',#1401,#1413,#143,.T.);
#1746=EDGE_CURVE('',#1414,#1414,#1176,.T.);
#1747=EDGE_CURVE('',#1414,#1415,#144,.T.);
#1748=EDGE_CURVE('',#1415,#1415,#1177,.T.);
#1749=EDGE_CURVE('',#1416,#1417,#145,.T.);
#1750=EDGE_CURVE('',#1417,#1418,#1178,.T.);
#1751=EDGE_CURVE('',#1418,#1419,#146,.T.);
#1752=EDGE_CURVE('',#1416,#1419,#1179,.T.);
#1753=EDGE_CURVE('',#1420,#1417,#1180,.T.);
#1754=EDGE_CURVE('',#1420,#1421,#147,.T.);
#1755=EDGE_CURVE('',#1421,#1422,#148,.T.);
#1756=EDGE_CURVE('',#1418,#1422,#1181,.T.);
#1757=EDGE_CURVE('',#1423,#1422,#149,.T.);
#1758=EDGE_CURVE('',#1424,#1423,#150,.T.);
#1759=EDGE_CURVE('',#1419,#1424,#1182,.T.);
#1760=EDGE_CURVE('',#1425,#1416,#1183,.T.);
#1761=EDGE_CURVE('',#1420,#1425,#151,.T.);
#1762=EDGE_CURVE('',#1426,#1426,#1184,.T.);
#1763=EDGE_CURVE('',#1426,#1427,#152,.T.);
#1764=EDGE_CURVE('',#1427,#1427,#1185,.T.);
#1765=EDGE_CURVE('',#1428,#1425,#153,.F.);
#1766=EDGE_CURVE('',#1429,#1428,#154,.T.);
#1767=EDGE_CURVE('',#1429,#1430,#155,.T.);
#1768=EDGE_CURVE('',#1431,#1430,#156,.T.);
#1769=EDGE_CURVE('',#1431,#1420,#157,.T.);
#1770=EDGE_CURVE('',#1432,#1432,#1186,.T.);
#1771=EDGE_CURVE('',#1433,#1434,#1187,.T.);
#1772=EDGE_CURVE('',#1435,#1433,#1310,.T.);
#1773=EDGE_CURVE('',#1434,#1435,#1311,.T.);
#1774=EDGE_CURVE('',#1436,#1437,#1312,.T.);
#1775=EDGE_CURVE('',#1438,#1436,#1313,.T.);
#1776=EDGE_CURVE('',#1439,#1438,#1314,.T.);
#1777=EDGE_CURVE('',#1440,#1439,#1188,.T.);
#1778=EDGE_CURVE('',#1437,#1440,#1315,.T.);
#1779=EDGE_CURVE('',#1433,#1439,#1316,.T.);
#1780=EDGE_CURVE('',#1440,#1434,#1317,.T.);
#1781=EDGE_CURVE('',#1441,#1435,#158,.T.);
#1782=EDGE_CURVE('',#1441,#1434,#19,.T.);
#1783=EDGE_CURVE('',#1442,#1441,#1189,.T.);
#1784=EDGE_CURVE('',#1440,#1442,#20,.T.);
#1785=EDGE_CURVE('',#1443,#1442,#159,.T.);
#1786=EDGE_CURVE('',#1437,#1443,#1190,.T.);
#1787=EDGE_CURVE('',#1444,#1441,#160,.T.);
#1788=EDGE_CURVE('',#1367,#1444,#1191,.T.);
#1789=EDGE_CURVE('',#1442,#1366,#161,.T.);
#1790=EDGE_CURVE('',#1436,#1445,#162,.T.);
#1791=EDGE_CURVE('',#1443,#1446,#163,.T.);
#1792=EDGE_CURVE('',#1446,#1447,#1192,.T.);
#1793=EDGE_CURVE('',#1447,#1448,#164,.T.);
#1794=EDGE_CURVE('',#1445,#1448,#165,.T.);
#1795=EDGE_CURVE('',#1449,#1438,#1193,.T.);
#1796=EDGE_CURVE('',#1445,#1450,#166,.T.);
#1797=EDGE_CURVE('',#1450,#1451,#167,.T.);
#1798=EDGE_CURVE('',#1451,#1452,#168,.T.);
#1799=EDGE_CURVE('',#1452,#1453,#169,.T.);
#1800=EDGE_CURVE('',#1453,#1454,#170,.T.);
#1801=EDGE_CURVE('',#1454,#1455,#171,.T.);
#1802=EDGE_CURVE('',#1456,#1455,#172,.T.);
#1803=EDGE_CURVE('',#1457,#1456,#173,.T.);
#1804=EDGE_CURVE('',#1458,#1457,#174,.T.);
#1805=EDGE_CURVE('',#1458,#1459,#175,.T.);
#1806=EDGE_CURVE('',#1459,#1431,#176,.T.);
#1807=EDGE_CURVE('',#1460,#1431,#177,.T.);
#1808=EDGE_CURVE('',#1461,#1460,#178,.T.);
#1809=EDGE_CURVE('',#1462,#1461,#179,.T.);
#1810=EDGE_CURVE('',#1463,#1462,#180,.T.);
#1811=EDGE_CURVE('',#1464,#1463,#181,.T.);
#1812=EDGE_CURVE('',#1449,#1464,#182,.T.);
#1813=EDGE_CURVE('',#1449,#1465,#183,.T.);
#1814=EDGE_CURVE('',#1464,#1466,#184,.T.);
#1815=EDGE_CURVE('',#1466,#1374,#185,.T.);
#1816=EDGE_CURVE('',#1372,#1467,#186,.T.);
#1817=EDGE_CURVE('',#1465,#1467,#187,.F.);
#1818=EDGE_CURVE('',#1468,#1468,#1194,.T.);
#1819=EDGE_CURVE('',#1363,#1365,#1195,.T.);
#1820=EDGE_CURVE('',#1361,#1446,#188,.T.);
#1821=EDGE_CURVE('',#1379,#1469,#1196,.T.);
#1822=EDGE_CURVE('',#1370,#1469,#1197,.T.);
#1823=EDGE_CURVE('',#1467,#1470,#1198,.T.);
#1824=EDGE_CURVE('',#1470,#1371,#189,.T.);
#1825=EDGE_CURVE('',#1471,#1466,#1199,.T.);
#1826=EDGE_CURVE('',#1376,#1471,#190,.T.);
#1827=EDGE_CURVE('',#1463,#1472,#191,.T.);
#1828=EDGE_CURVE('',#1472,#1471,#192,.T.);
#1829=EDGE_CURVE('',#1473,#1474,#1200,.T.);
#1830=EDGE_CURVE('',#1474,#1472,#193,.T.);
#1831=EDGE_CURVE('',#1462,#1473,#194,.T.);
#1832=EDGE_CURVE('',#1475,#1475,#1201,.T.);
#1833=EDGE_CURVE('',#1476,#1473,#195,.T.);
#1834=EDGE_CURVE('',#1461,#1476,#196,.T.);
#1835=EDGE_CURVE('',#1477,#1476,#1202,.T.);
#1836=EDGE_CURVE('',#1460,#1478,#197,.T.);
#1837=EDGE_CURVE('',#1478,#1477,#198,.T.);
#1838=EDGE_CURVE('',#1479,#1479,#1203,.T.);
#1839=EDGE_CURVE('',#1480,#1477,#199,.T.);
#1840=EDGE_CURVE('',#1430,#1478,#200,.T.);
#1841=EDGE_CURVE('',#1481,#1429,#201,.T.);
#1842=EDGE_CURVE('',#1480,#1481,#202,.T.);
#1843=EDGE_CURVE('',#1474,#1378,#203,.T.);
#1844=EDGE_CURVE('',#1482,#1480,#1204,.T.);
#1845=EDGE_CURVE('',#1483,#1481,#204,.T.);
#1846=EDGE_CURVE('',#1484,#1483,#205,.T.);
#1847=EDGE_CURVE('',#1482,#1484,#206,.T.);
#1848=EDGE_CURVE('',#1355,#1444,#1205,.T.);
#1849=EDGE_CURVE('',#1447,#1359,#207,.T.);
#1850=EDGE_CURVE('',#1364,#1485,#208,.T.);
#1851=EDGE_CURVE('',#1485,#1485,#1206,.T.);
#1852=EDGE_CURVE('',#1486,#1487,#209,.T.);
#1853=EDGE_CURVE('',#1488,#1487,#210,.T.);
#1854=EDGE_CURVE('',#1489,#1488,#211,.T.);
#1855=EDGE_CURVE('',#1486,#1489,#212,.T.);
#1856=EDGE_CURVE('',#1487,#1490,#1207,.T.);
#1857=EDGE_CURVE('',#1490,#1491,#213,.T.);
#1858=EDGE_CURVE('',#1492,#1491,#214,.T.);
#1859=EDGE_CURVE('',#1492,#1488,#215,.T.);
#1860=EDGE_CURVE('',#1493,#1494,#216,.T.);
#1861=EDGE_CURVE('',#1493,#1495,#217,.T.);
#1862=EDGE_CURVE('',#1495,#1456,#218,.T.);
#1863=EDGE_CURVE('',#1456,#1496,#219,.T.);
#1864=EDGE_CURVE('',#1494,#1496,#220,.T.);
#1865=EDGE_CURVE('',#1497,#1497,#1208,.T.);
#1866=EDGE_CURVE('',#1497,#1498,#221,.T.);
#1867=EDGE_CURVE('',#1498,#1498,#1209,.F.);
#1868=EDGE_CURVE('',#1499,#1499,#1210,.T.);
#1869=EDGE_CURVE('',#1499,#1500,#222,.T.);
#1870=EDGE_CURVE('',#1500,#1500,#1211,.F.);
#1871=EDGE_CURVE('',#1465,#1501,#1212,.T.);
#1872=EDGE_CURVE('',#1435,#1501,#223,.T.);
#1873=EDGE_CURVE('',#1459,#1421,#224,.T.);
#1874=EDGE_CURVE('',#1502,#1423,#225,.T.);
#1875=EDGE_CURVE('',#1502,#1503,#226,.T.);
#1876=EDGE_CURVE('',#1503,#1504,#227,.T.);
#1877=EDGE_CURVE('',#1504,#1423,#228,.T.);
#1878=EDGE_CURVE('',#1505,#1505,#1213,.T.);
#1879=EDGE_CURVE('',#1468,#1506,#229,.T.);
#1880=EDGE_CURVE('',#1506,#1506,#1214,.T.);
#1881=EDGE_CURVE('',#1507,#1507,#1215,.T.);
#1882=EDGE_CURVE('',#1505,#1508,#230,.T.);
#1883=EDGE_CURVE('',#1508,#1508,#1216,.T.);
#1884=EDGE_CURVE('',#1509,#1509,#1217,.T.);
#1885=EDGE_CURVE('',#1509,#1510,#231,.T.);
#1886=EDGE_CURVE('',#1510,#1510,#1218,.F.);
#1887=EDGE_CURVE('',#1479,#1432,#232,.T.);
#1888=EDGE_CURVE('',#1507,#1475,#233,.T.);
#1889=EDGE_CURVE('',#1503,#1511,#234,.T.);
#1890=EDGE_CURVE('',#1511,#1512,#235,.T.);
#1891=EDGE_CURVE('',#1512,#1513,#236,.T.);
#1892=EDGE_CURVE('',#1513,#1493,#237,.T.);
#1893=EDGE_CURVE('',#1494,#1514,#238,.T.);
#1894=EDGE_CURVE('',#1514,#1504,#239,.T.);
#1895=EDGE_CURVE('',#1502,#1515,#240,.T.);
#1896=EDGE_CURVE('',#1515,#1511,#241,.T.);
#1897=EDGE_CURVE('',#1455,#1516,#242,.T.);
#1898=EDGE_CURVE('',#1496,#1516,#243,.T.);
#1899=EDGE_CURVE('',#1483,#1495,#244,.T.);
#1900=EDGE_CURVE('',#1457,#1483,#245,.T.);
#1901=EDGE_CURVE('',#1357,#1517,#246,.T.);
#1902=EDGE_CURVE('',#1518,#1517,#247,.T.);
#1903=EDGE_CURVE('',#1519,#1518,#248,.T.);
#1904=EDGE_CURVE('',#1448,#1519,#249,.T.);
#1905=EDGE_CURVE('',#1515,#1520,#250,.F.);
#1906=EDGE_CURVE('',#1458,#1520,#251,.T.);
#1907=EDGE_CURVE('',#1521,#1486,#1219,.T.);
#1908=EDGE_CURVE('',#1454,#1489,#252,.T.);
#1909=EDGE_CURVE('',#1453,#1521,#253,.T.);
#1910=EDGE_CURVE('',#1522,#1521,#254,.T.);
#1911=EDGE_CURVE('',#1452,#1522,#255,.T.);
#1912=EDGE_CURVE('',#1517,#1522,#1220,.T.);
#1913=EDGE_CURVE('',#1451,#1518,#256,.T.);
#1914=EDGE_CURVE('',#1450,#1519,#257,.T.);
#1915=EDGE_CURVE('',#1520,#1428,#258,.F.);
#1916=EDGE_CURVE('',#1523,#1524,#259,.T.);
#1917=EDGE_CURVE('',#1523,#1525,#1221,.T.);
#1918=EDGE_CURVE('',#1526,#1525,#260,.T.);
#1919=EDGE_CURVE('',#1524,#1526,#1222,.T.);
#1920=EDGE_CURVE('',#1526,#1527,#1223,.T.);
#1921=EDGE_CURVE('',#1528,#1527,#261,.T.);
#1922=EDGE_CURVE('',#1529,#1528,#262,.T.);
#1923=EDGE_CURVE('',#1529,#1524,#1224,.T.);
#1924=EDGE_CURVE('',#1525,#1530,#1225,.T.);
#1925=EDGE_CURVE('',#1530,#1531,#263,.T.);
#1926=EDGE_CURVE('',#1531,#1527,#264,.T.);
#1927=EDGE_CURVE('',#1529,#1532,#265,.T.);
#1928=EDGE_CURVE('',#1532,#1523,#1226,.T.);
#1929=EDGE_CURVE('',#1533,#1533,#1227,.T.);
#1930=EDGE_CURVE('',#1533,#1534,#266,.T.);
#1931=EDGE_CURVE('',#1534,#1534,#1228,.T.);
#1932=EDGE_CURVE('',#1535,#1529,#267,.T.);
#1933=EDGE_CURVE('',#1535,#1536,#268,.T.);
#1934=EDGE_CURVE('',#1537,#1536,#269,.T.);
#1935=EDGE_CURVE('',#1537,#1538,#270,.T.);
#1936=EDGE_CURVE('',#1538,#1532,#271,.F.);
#1937=EDGE_CURVE('',#1539,#1539,#1229,.T.);
#1938=EDGE_CURVE('',#1540,#1541,#1230,.T.);
#1939=EDGE_CURVE('',#1541,#1542,#1318,.T.);
#1940=EDGE_CURVE('',#1542,#1540,#1319,.T.);
#1941=EDGE_CURVE('',#1543,#1544,#1320,.T.);
#1942=EDGE_CURVE('',#1544,#1545,#1321,.T.);
#1943=EDGE_CURVE('',#1545,#1546,#1231,.T.);
#1944=EDGE_CURVE('',#1546,#1547,#1322,.T.);
#1945=EDGE_CURVE('',#1547,#1543,#1323,.T.);
#1946=EDGE_CURVE('',#1545,#1541,#1324,.T.);
#1947=EDGE_CURVE('',#1540,#1546,#1325,.T.);
#1948=EDGE_CURVE('',#1548,#1541,#21,.T.);
#1949=EDGE_CURVE('',#1548,#1542,#272,.T.);
#1950=EDGE_CURVE('',#1545,#1549,#22,.T.);
#1951=EDGE_CURVE('',#1549,#1548,#1232,.T.);
#1952=EDGE_CURVE('',#1544,#1550,#1233,.T.);
#1953=EDGE_CURVE('',#1550,#1549,#273,.T.);
#1954=EDGE_CURVE('',#1549,#1335,#274,.T.);
#1955=EDGE_CURVE('',#1340,#1548,#275,.T.);
#1956=EDGE_CURVE('',#1543,#1551,#276,.T.);
#1957=EDGE_CURVE('',#1551,#1552,#277,.T.);
#1958=EDGE_CURVE('',#1553,#1552,#278,.T.);
#1959=EDGE_CURVE('',#1554,#1553,#1234,.T.);
#1960=EDGE_CURVE('',#1550,#1554,#279,.T.);
#1961=EDGE_CURVE('',#1555,#1547,#1235,.T.);
#1962=EDGE_CURVE('',#1555,#1556,#280,.T.);
#1963=EDGE_CURVE('',#1556,#1557,#281,.T.);
#1964=EDGE_CURVE('',#1557,#1388,#282,.T.);
#1965=EDGE_CURVE('',#1395,#1558,#283,.T.);
#1966=EDGE_CURVE('',#1558,#1535,#284,.T.);
#1967=EDGE_CURVE('',#1559,#1535,#285,.T.);
#1968=EDGE_CURVE('',#1560,#1559,#286,.T.);
#1969=EDGE_CURVE('',#1560,#1561,#287,.T.);
#1970=EDGE_CURVE('',#1561,#1562,#288,.T.);
#1971=EDGE_CURVE('',#1562,#1563,#289,.T.);
#1972=EDGE_CURVE('',#1564,#1563,#290,.T.);
#1973=EDGE_CURVE('',#1565,#1564,#291,.T.);
#1974=EDGE_CURVE('',#1566,#1565,#292,.T.);
#1975=EDGE_CURVE('',#1567,#1566,#293,.T.);
#1976=EDGE_CURVE('',#1568,#1567,#294,.T.);
#1977=EDGE_CURVE('',#1551,#1568,#295,.T.);
#1978=EDGE_CURVE('',#1555,#1569,#296,.T.);
#1979=EDGE_CURVE('',#1569,#1570,#297,.F.);
#1980=EDGE_CURVE('',#1344,#1570,#298,.T.);
#1981=EDGE_CURVE('',#1571,#1346,#299,.T.);
#1982=EDGE_CURVE('',#1556,#1571,#300,.T.);
#1983=EDGE_CURVE('',#1572,#1572,#1236,.T.);
#1984=EDGE_CURVE('',#1333,#1554,#301,.T.);
#1985=EDGE_CURVE('',#1338,#1336,#1237,.T.);
#1986=EDGE_CURVE('',#1573,#1342,#1238,.T.);
#1987=EDGE_CURVE('',#1573,#1351,#1239,.T.);
#1988=EDGE_CURVE('',#1570,#1574,#1240,.T.);
#1989=EDGE_CURVE('',#1574,#1573,#302,.T.);
#1990=EDGE_CURVE('',#1412,#1575,#1241,.T.);
#1991=EDGE_CURVE('',#1575,#1350,#303,.T.);
#1992=EDGE_CURVE('',#1352,#1469,#304,.T.);
#1993=EDGE_CURVE('',#1482,#1576,#305,.T.);
#1994=EDGE_CURVE('',#1576,#1577,#1242,.T.);
#1995=EDGE_CURVE('',#1577,#1578,#306,.T.);
#1996=EDGE_CURVE('',#1578,#1413,#1243,.T.);
#1997=EDGE_CURVE('',#1579,#1571,#1244,.T.);
#1998=EDGE_CURVE('',#1348,#1579,#307,.T.);
#1999=EDGE_CURVE('',#1580,#1579,#308,.T.);
#2000=EDGE_CURVE('',#1557,#1580,#309,.T.);
#2001=EDGE_CURVE('',#1389,#1408,#310,.T.);
#2002=EDGE_CURVE('',#1575,#1580,#311,.T.);
#2003=EDGE_CURVE('',#1581,#1581,#1245,.T.);
#2004=EDGE_CURVE('',#1394,#1400,#312,.T.);
#2005=EDGE_CURVE('',#1582,#1578,#313,.T.);
#2006=EDGE_CURVE('',#1558,#1582,#314,.T.);
#2007=EDGE_CURVE('',#1583,#1583,#1246,.T.);
#2008=EDGE_CURVE('',#1577,#1584,#315,.T.);
#2009=EDGE_CURVE('',#1584,#1537,#316,.T.);
#2010=EDGE_CURVE('',#1536,#1582,#317,.T.);
#2011=EDGE_CURVE('',#1576,#1585,#318,.T.);
#2012=EDGE_CURVE('',#1585,#1586,#319,.T.);
#2013=EDGE_CURVE('',#1586,#1584,#320,.T.);
#2014=EDGE_CURVE('',#1587,#1327,#1247,.T.);
#2015=EDGE_CURVE('',#1587,#1339,#1248,.T.);
#2016=EDGE_CURVE('',#1553,#1331,#321,.T.);
#2017=EDGE_CURVE('',#1588,#1589,#1249,.T.);
#2018=EDGE_CURVE('',#1589,#1590,#322,.T.);
#2019=EDGE_CURVE('',#1590,#1591,#1250,.T.);
#2020=EDGE_CURVE('',#1591,#1490,#323,.T.);
#2021=EDGE_CURVE('',#1587,#1356,#324,.T.);
#2022=EDGE_CURVE('',#1329,#1592,#325,.T.);
#2023=EDGE_CURVE('',#1592,#1593,#1251,.T.);
#2024=EDGE_CURVE('',#1593,#1588,#326,.T.);
#2025=EDGE_CURVE('',#1337,#1594,#327,.T.);
#2026=EDGE_CURVE('',#1594,#1594,#1252,.T.);
#2027=EDGE_CURVE('',#1501,#1595,#328,.F.);
#2028=EDGE_CURVE('',#1542,#1595,#329,.T.);
#2029=EDGE_CURVE('',#1591,#1596,#330,.T.);
#2030=EDGE_CURVE('',#1491,#1596,#331,.T.);
#2031=EDGE_CURVE('',#1589,#1597,#332,.T.);
#2032=EDGE_CURVE('',#1597,#1598,#333,.T.);
#2033=EDGE_CURVE('',#1598,#1590,#334,.T.);
#2034=EDGE_CURVE('',#1599,#1598,#335,.T.);
#2035=EDGE_CURVE('',#1599,#1596,#336,.T.);
#2036=EDGE_CURVE('',#1513,#1600,#337,.T.);
#2037=EDGE_CURVE('',#1601,#1512,#338,.T.);
#2038=EDGE_CURVE('',#1601,#1600,#339,.T.);
#2039=EDGE_CURVE('',#1600,#1602,#340,.T.);
#2040=EDGE_CURVE('',#1602,#1603,#341,.T.);
#2041=EDGE_CURVE('',#1586,#1603,#342,.T.);
#2042=EDGE_CURVE('',#1484,#1585,#343,.T.);
#2043=EDGE_CURVE('',#1602,#1604,#344,.T.);
#2044=EDGE_CURVE('',#1604,#1605,#345,.T.);
#2045=EDGE_CURVE('',#1562,#1605,#346,.T.);
#2046=EDGE_CURVE('',#1603,#1562,#347,.T.);
#2047=EDGE_CURVE('',#1606,#1606,#1253,.T.);
#2048=EDGE_CURVE('',#1606,#1607,#348,.T.);
#2049=EDGE_CURVE('',#1607,#1607,#1254,.F.);
#2050=EDGE_CURVE('',#1608,#1608,#1255,.T.);
#2051=EDGE_CURVE('',#1608,#1609,#349,.T.);
#2052=EDGE_CURVE('',#1609,#1609,#1256,.F.);
#2053=EDGE_CURVE('',#1569,#1595,#1257,.T.);
#2054=EDGE_CURVE('',#1559,#1528,#350,.T.);
#2055=EDGE_CURVE('',#1610,#1531,#351,.T.);
#2056=EDGE_CURVE('',#1611,#1531,#352,.T.);
#2057=EDGE_CURVE('',#1612,#1611,#353,.T.);
#2058=EDGE_CURVE('',#1610,#1612,#354,.T.);
#2059=EDGE_CURVE('',#1424,#1530,#355,.T.);
#2060=EDGE_CURVE('',#1613,#1514,#356,.T.);
#2061=EDGE_CURVE('',#1613,#1611,#357,.T.);
#2062=EDGE_CURVE('',#1574,#1470,#358,.F.);
#2063=EDGE_CURVE('',#1614,#1538,#359,.F.);
#2064=EDGE_CURVE('',#1615,#1614,#360,.F.);
#2065=EDGE_CURVE('',#1615,#1616,#361,.T.);
#2066=EDGE_CURVE('',#1616,#1601,#362,.T.);
#2067=EDGE_CURVE('',#1617,#1617,#1258,.T.);
#2068=EDGE_CURVE('',#1572,#1618,#363,.T.);
#2069=EDGE_CURVE('',#1618,#1618,#1259,.T.);
#2070=EDGE_CURVE('',#1619,#1619,#1260,.T.);
#2071=EDGE_CURVE('',#1617,#1620,#364,.T.);
#2072=EDGE_CURVE('',#1620,#1620,#1261,.T.);
#2073=EDGE_CURVE('',#1621,#1621,#1262,.T.);
#2074=EDGE_CURVE('',#1621,#1622,#365,.T.);
#2075=EDGE_CURVE('',#1622,#1622,#1263,.F.);
#2076=EDGE_CURVE('',#1583,#1539,#366,.T.);
#2077=EDGE_CURVE('',#1619,#1581,#367,.T.);
#2078=EDGE_CURVE('',#1604,#1613,#368,.T.);
#2079=EDGE_CURVE('',#1612,#1616,#369,.T.);
#2080=EDGE_CURVE('',#1610,#1615,#370,.T.);
#2081=EDGE_CURVE('',#1516,#1623,#371,.T.);
#2082=EDGE_CURVE('',#1605,#1623,#372,.T.);
#2083=EDGE_CURVE('',#1563,#1623,#373,.T.);
#2084=EDGE_CURVE('',#1599,#1492,#374,.T.);
#2085=EDGE_CURVE('',#1561,#1586,#375,.T.);
#2086=EDGE_CURVE('',#1552,#1624,#376,.T.);
#2087=EDGE_CURVE('',#1624,#1625,#377,.T.);
#2088=EDGE_CURVE('',#1625,#1592,#378,.T.);
#2089=EDGE_CURVE('',#1560,#1614,#379,.T.);
#2090=EDGE_CURVE('',#1565,#1588,#380,.T.);
#2091=EDGE_CURVE('',#1564,#1597,#381,.T.);
#2092=EDGE_CURVE('',#1566,#1593,#382,.T.);
#2093=EDGE_CURVE('',#1567,#1625,#383,.T.);
#2094=EDGE_CURVE('',#1568,#1624,#384,.T.);
#2095=ORIENTED_EDGE('',*,*,#1626,.F.);
#2096=ORIENTED_EDGE('',*,*,#1627,.T.);
#2097=ORIENTED_EDGE('',*,*,#1628,.T.);
#2098=ORIENTED_EDGE('',*,*,#1629,.F.);
#2099=ORIENTED_EDGE('',*,*,#1627,.F.);
#2100=ORIENTED_EDGE('',*,*,#1630,.T.);
#2101=ORIENTED_EDGE('',*,*,#1631,.F.);
#2102=ORIENTED_EDGE('',*,*,#1632,.T.);
#2103=ORIENTED_EDGE('',*,*,#1630,.F.);
#2104=ORIENTED_EDGE('',*,*,#1633,.T.);
#2105=ORIENTED_EDGE('',*,*,#1634,.T.);
#2106=ORIENTED_EDGE('',*,*,#1635,.F.);
#2107=ORIENTED_EDGE('',*,*,#1633,.F.);
#2108=ORIENTED_EDGE('',*,*,#1636,.T.);
#2109=ORIENTED_EDGE('',*,*,#1637,.F.);
#2110=ORIENTED_EDGE('',*,*,#1638,.T.);
#2111=ORIENTED_EDGE('',*,*,#1639,.T.);
#2112=ORIENTED_EDGE('',*,*,#1640,.T.);
#2113=ORIENTED_EDGE('',*,*,#1641,.T.);
#2114=ORIENTED_EDGE('',*,*,#1636,.F.);
#2115=ORIENTED_EDGE('',*,*,#1642,.T.);
#2116=ORIENTED_EDGE('',*,*,#1643,.T.);
#2117=ORIENTED_EDGE('',*,*,#1644,.F.);
#2118=ORIENTED_EDGE('',*,*,#1645,.F.);
#2119=ORIENTED_EDGE('',*,*,#1646,.T.);
#2120=ORIENTED_EDGE('',*,*,#1647,.T.);
#2121=ORIENTED_EDGE('',*,*,#1648,.F.);
#2122=ORIENTED_EDGE('',*,*,#1646,.F.);
#2123=ORIENTED_EDGE('',*,*,#1649,.T.);
#2124=ORIENTED_EDGE('',*,*,#1650,.F.);
#2125=ORIENTED_EDGE('',*,*,#1651,.T.);
#2126=ORIENTED_EDGE('',*,*,#1649,.F.);
#2127=ORIENTED_EDGE('',*,*,#1652,.T.);
#2128=ORIENTED_EDGE('',*,*,#1653,.T.);
#2129=ORIENTED_EDGE('',*,*,#1654,.F.);
#2130=ORIENTED_EDGE('',*,*,#1652,.F.);
#2131=ORIENTED_EDGE('',*,*,#1655,.T.);
#2132=ORIENTED_EDGE('',*,*,#1656,.F.);
#2133=ORIENTED_EDGE('',*,*,#1657,.T.);
#2134=ORIENTED_EDGE('',*,*,#1655,.F.);
#2135=ORIENTED_EDGE('',*,*,#1658,.T.);
#2136=ORIENTED_EDGE('',*,*,#1659,.T.);
#2137=ORIENTED_EDGE('',*,*,#1660,.F.);
#2138=ORIENTED_EDGE('',*,*,#1661,.F.);
#2139=ORIENTED_EDGE('',*,*,#1662,.T.);
#2140=ORIENTED_EDGE('',*,*,#1663,.F.);
#2141=ORIENTED_EDGE('',*,*,#1664,.T.);
#2142=ORIENTED_EDGE('',*,*,#1661,.T.);
#2143=ORIENTED_EDGE('',*,*,#1665,.T.);
#2144=ORIENTED_EDGE('',*,*,#1666,.F.);
#2145=ORIENTED_EDGE('',*,*,#1667,.F.);
#2146=ORIENTED_EDGE('',*,*,#1667,.T.);
#2147=ORIENTED_EDGE('',*,*,#1668,.F.);
#2148=ORIENTED_EDGE('',*,*,#1669,.T.);
#2149=ORIENTED_EDGE('',*,*,#1670,.F.);
#2150=ORIENTED_EDGE('',*,*,#1670,.T.);
#2151=ORIENTED_EDGE('',*,*,#1671,.T.);
#2152=ORIENTED_EDGE('',*,*,#1672,.F.);
#2153=ORIENTED_EDGE('',*,*,#1673,.F.);
#2154=ORIENTED_EDGE('',*,*,#1673,.T.);
#2155=ORIENTED_EDGE('',*,*,#1674,.F.);
#2156=ORIENTED_EDGE('',*,*,#1675,.F.);
#2157=ORIENTED_EDGE('',*,*,#1676,.F.);
#2158=ORIENTED_EDGE('',*,*,#1677,.F.);
#2159=ORIENTED_EDGE('',*,*,#1678,.T.);
#2160=ORIENTED_EDGE('',*,*,#1679,.F.);
#2161=ORIENTED_EDGE('',*,*,#1680,.F.);
#2162=ORIENTED_EDGE('',*,*,#1681,.T.);
#2163=ORIENTED_EDGE('',*,*,#1682,.F.);
#2164=ORIENTED_EDGE('',*,*,#1683,.T.);
#2165=ORIENTED_EDGE('',*,*,#1680,.T.);
#2166=ORIENTED_EDGE('',*,*,#1684,.T.);
#2167=ORIENTED_EDGE('',*,*,#1685,.F.);
#2168=ORIENTED_EDGE('',*,*,#1686,.F.);
#2169=ORIENTED_EDGE('',*,*,#1686,.T.);
#2170=ORIENTED_EDGE('',*,*,#1687,.F.);
#2171=ORIENTED_EDGE('',*,*,#1688,.T.);
#2172=ORIENTED_EDGE('',*,*,#1689,.F.);
#2173=ORIENTED_EDGE('',*,*,#1689,.T.);
#2174=ORIENTED_EDGE('',*,*,#1690,.T.);
#2175=ORIENTED_EDGE('',*,*,#1691,.F.);
#2176=ORIENTED_EDGE('',*,*,#1692,.F.);
#2177=ORIENTED_EDGE('',*,*,#1692,.T.);
#2178=ORIENTED_EDGE('',*,*,#1693,.F.);
#2179=ORIENTED_EDGE('',*,*,#1694,.T.);
#2180=ORIENTED_EDGE('',*,*,#1695,.F.);
#2181=ORIENTED_EDGE('',*,*,#1696,.F.);
#2182=ORIENTED_EDGE('',*,*,#1697,.F.);
#2183=ORIENTED_EDGE('',*,*,#1698,.F.);
#2184=ORIENTED_EDGE('',*,*,#1699,.T.);
#2185=ORIENTED_EDGE('',*,*,#1700,.F.);
#2186=ORIENTED_EDGE('',*,*,#1699,.F.);
#2187=ORIENTED_EDGE('',*,*,#1701,.F.);
#2188=ORIENTED_EDGE('',*,*,#1702,.T.);
#2189=ORIENTED_EDGE('',*,*,#1703,.F.);
#2190=ORIENTED_EDGE('',*,*,#1702,.F.);
#2191=ORIENTED_EDGE('',*,*,#1704,.F.);
#2192=ORIENTED_EDGE('',*,*,#1705,.T.);
#2193=ORIENTED_EDGE('',*,*,#1706,.F.);
#2194=ORIENTED_EDGE('',*,*,#1705,.F.);
#2195=ORIENTED_EDGE('',*,*,#1707,.F.);
#2196=ORIENTED_EDGE('',*,*,#1697,.T.);
#2197=ORIENTED_EDGE('',*,*,#1703,.T.);
#2198=ORIENTED_EDGE('',*,*,#1706,.T.);
#2199=ORIENTED_EDGE('',*,*,#1696,.T.);
#2200=ORIENTED_EDGE('',*,*,#1700,.T.);
#2201=ORIENTED_EDGE('',*,*,#1708,.T.);
#2202=ORIENTED_EDGE('',*,*,#1709,.T.);
#2203=ORIENTED_EDGE('',*,*,#1710,.T.);
#2204=ORIENTED_EDGE('',*,*,#1711,.T.);
#2205=ORIENTED_EDGE('',*,*,#1712,.T.);
#2206=ORIENTED_EDGE('',*,*,#1713,.T.);
#2207=ORIENTED_EDGE('',*,*,#1714,.F.);
#2208=ORIENTED_EDGE('',*,*,#1715,.F.);
#2209=ORIENTED_EDGE('',*,*,#1711,.F.);
#2210=ORIENTED_EDGE('',*,*,#1716,.F.);
#2211=ORIENTED_EDGE('',*,*,#1717,.F.);
#2212=ORIENTED_EDGE('',*,*,#1718,.T.);
#2213=ORIENTED_EDGE('',*,*,#1712,.F.);
#2214=ORIENTED_EDGE('',*,*,#1718,.F.);
#2215=ORIENTED_EDGE('',*,*,#1719,.F.);
#2216=ORIENTED_EDGE('',*,*,#1720,.T.);
#2217=ORIENTED_EDGE('',*,*,#1713,.F.);
#2218=ORIENTED_EDGE('',*,*,#1720,.F.);
#2219=ORIENTED_EDGE('',*,*,#1721,.F.);
#2220=ORIENTED_EDGE('',*,*,#1722,.T.);
#2221=ORIENTED_EDGE('',*,*,#1709,.F.);
#2222=ORIENTED_EDGE('',*,*,#1723,.F.);
#2223=ORIENTED_EDGE('',*,*,#1710,.F.);
#2224=ORIENTED_EDGE('',*,*,#1722,.F.);
#2225=ORIENTED_EDGE('',*,*,#1724,.F.);
#2226=ORIENTED_EDGE('',*,*,#1716,.T.);
#2227=ORIENTED_EDGE('',*,*,#1725,.F.);
#2228=ORIENTED_EDGE('',*,*,#1726,.T.);
#2229=ORIENTED_EDGE('',*,*,#1727,.T.);
#2230=ORIENTED_EDGE('',*,*,#1728,.T.);
#2231=ORIENTED_EDGE('',*,*,#1729,.F.);
#2232=ORIENTED_EDGE('',*,*,#1730,.F.);
#2233=ORIENTED_EDGE('',*,*,#1731,.F.);
#2234=ORIENTED_EDGE('',*,*,#1732,.T.);
#2235=ORIENTED_EDGE('',*,*,#1733,.F.);
#2236=ORIENTED_EDGE('',*,*,#1732,.F.);
#2237=ORIENTED_EDGE('',*,*,#1734,.F.);
#2238=ORIENTED_EDGE('',*,*,#1735,.T.);
#2239=ORIENTED_EDGE('',*,*,#1726,.F.);
#2240=ORIENTED_EDGE('',*,*,#1736,.F.);
#2241=ORIENTED_EDGE('',*,*,#1727,.F.);
#2242=ORIENTED_EDGE('',*,*,#1735,.F.);
#2243=ORIENTED_EDGE('',*,*,#1737,.F.);
#2244=ORIENTED_EDGE('',*,*,#1738,.T.);
#2245=ORIENTED_EDGE('',*,*,#1728,.F.);
#2246=ORIENTED_EDGE('',*,*,#1738,.F.);
#2247=ORIENTED_EDGE('',*,*,#1739,.F.);
#2248=ORIENTED_EDGE('',*,*,#1730,.T.);
#2249=ORIENTED_EDGE('',*,*,#1740,.F.);
#2250=ORIENTED_EDGE('',*,*,#1741,.F.);
#2251=ORIENTED_EDGE('',*,*,#1742,.T.);
#2252=ORIENTED_EDGE('',*,*,#1740,.T.);
#2253=ORIENTED_EDGE('',*,*,#1729,.T.);
#2254=ORIENTED_EDGE('',*,*,#1733,.T.);
#2255=ORIENTED_EDGE('',*,*,#1741,.T.);
#2256=ORIENTED_EDGE('',*,*,#1743,.T.);
#2257=ORIENTED_EDGE('',*,*,#1744,.F.);
#2258=ORIENTED_EDGE('',*,*,#1745,.F.);
#2259=ORIENTED_EDGE('',*,*,#1746,.F.);
#2260=ORIENTED_EDGE('',*,*,#1747,.T.);
#2261=ORIENTED_EDGE('',*,*,#1748,.F.);
#2262=ORIENTED_EDGE('',*,*,#1747,.F.);
#2263=ORIENTED_EDGE('',*,*,#1749,.T.);
#2264=ORIENTED_EDGE('',*,*,#1750,.T.);
#2265=ORIENTED_EDGE('',*,*,#1751,.T.);
#2266=ORIENTED_EDGE('',*,*,#1752,.F.);
#2267=ORIENTED_EDGE('',*,*,#1750,.F.);
#2268=ORIENTED_EDGE('',*,*,#1753,.F.);
#2269=ORIENTED_EDGE('',*,*,#1754,.T.);
#2270=ORIENTED_EDGE('',*,*,#1755,.T.);
#2271=ORIENTED_EDGE('',*,*,#1756,.F.);
#2272=ORIENTED_EDGE('',*,*,#1751,.F.);
#2273=ORIENTED_EDGE('',*,*,#1756,.T.);
#2274=ORIENTED_EDGE('',*,*,#1757,.F.);
#2275=ORIENTED_EDGE('',*,*,#1758,.F.);
#2276=ORIENTED_EDGE('',*,*,#1759,.F.);
#2277=ORIENTED_EDGE('',*,*,#1749,.F.);
#2278=ORIENTED_EDGE('',*,*,#1760,.F.);
#2279=ORIENTED_EDGE('',*,*,#1761,.F.);
#2280=ORIENTED_EDGE('',*,*,#1753,.T.);
#2281=ORIENTED_EDGE('',*,*,#1762,.T.);
#2282=ORIENTED_EDGE('',*,*,#1763,.T.);
#2283=ORIENTED_EDGE('',*,*,#1764,.T.);
#2284=ORIENTED_EDGE('',*,*,#1763,.F.);
#2285=ORIENTED_EDGE('',*,*,#1761,.T.);
#2286=ORIENTED_EDGE('',*,*,#1765,.F.);
#2287=ORIENTED_EDGE('',*,*,#1766,.F.);
#2288=ORIENTED_EDGE('',*,*,#1767,.T.);
#2289=ORIENTED_EDGE('',*,*,#1768,.F.);
#2290=ORIENTED_EDGE('',*,*,#1769,.T.);
#2291=ORIENTED_EDGE('',*,*,#1770,.F.);
#2292=ORIENTED_EDGE('',*,*,#1771,.F.);
#2293=ORIENTED_EDGE('',*,*,#1772,.F.);
#2294=ORIENTED_EDGE('',*,*,#1773,.F.);
#2295=ORIENTED_EDGE('',*,*,#1774,.F.);
#2296=ORIENTED_EDGE('',*,*,#1775,.F.);
#2297=ORIENTED_EDGE('',*,*,#1776,.F.);
#2298=ORIENTED_EDGE('',*,*,#1777,.F.);
#2299=ORIENTED_EDGE('',*,*,#1778,.F.);
#2300=ORIENTED_EDGE('',*,*,#1777,.T.);
#2301=ORIENTED_EDGE('',*,*,#1779,.F.);
#2302=ORIENTED_EDGE('',*,*,#1771,.T.);
#2303=ORIENTED_EDGE('',*,*,#1780,.F.);
#2304=ORIENTED_EDGE('',*,*,#1773,.T.);
#2305=ORIENTED_EDGE('',*,*,#1781,.F.);
#2306=ORIENTED_EDGE('',*,*,#1782,.T.);
#2307=ORIENTED_EDGE('',*,*,#1780,.T.);
#2308=ORIENTED_EDGE('',*,*,#1782,.F.);
#2309=ORIENTED_EDGE('',*,*,#1783,.F.);
#2310=ORIENTED_EDGE('',*,*,#1784,.F.);
#2311=ORIENTED_EDGE('',*,*,#1778,.T.);
#2312=ORIENTED_EDGE('',*,*,#1784,.T.);
#2313=ORIENTED_EDGE('',*,*,#1785,.F.);
#2314=ORIENTED_EDGE('',*,*,#1786,.F.);
#2315=ORIENTED_EDGE('',*,*,#1783,.T.);
#2316=ORIENTED_EDGE('',*,*,#1787,.F.);
#2317=ORIENTED_EDGE('',*,*,#1788,.F.);
#2318=ORIENTED_EDGE('',*,*,#1678,.F.);
#2319=ORIENTED_EDGE('',*,*,#1789,.F.);
#2320=ORIENTED_EDGE('',*,*,#1790,.F.);
#2321=ORIENTED_EDGE('',*,*,#1774,.T.);
#2322=ORIENTED_EDGE('',*,*,#1786,.T.);
#2323=ORIENTED_EDGE('',*,*,#1791,.T.);
#2324=ORIENTED_EDGE('',*,*,#1792,.T.);
#2325=ORIENTED_EDGE('',*,*,#1793,.T.);
#2326=ORIENTED_EDGE('',*,*,#1794,.F.);
#2327=ORIENTED_EDGE('',*,*,#1795,.T.);
#2328=ORIENTED_EDGE('',*,*,#1775,.T.);
#2329=ORIENTED_EDGE('',*,*,#1790,.T.);
#2330=ORIENTED_EDGE('',*,*,#1796,.T.);
#2331=ORIENTED_EDGE('',*,*,#1797,.T.);
#2332=ORIENTED_EDGE('',*,*,#1798,.T.);
#2333=ORIENTED_EDGE('',*,*,#1799,.T.);
#2334=ORIENTED_EDGE('',*,*,#1800,.T.);
#2335=ORIENTED_EDGE('',*,*,#1801,.T.);
#2336=ORIENTED_EDGE('',*,*,#1802,.F.);
#2337=ORIENTED_EDGE('',*,*,#1803,.F.);
#2338=ORIENTED_EDGE('',*,*,#1804,.F.);
#2339=ORIENTED_EDGE('',*,*,#1805,.T.);
#2340=ORIENTED_EDGE('',*,*,#1806,.T.);
#2341=ORIENTED_EDGE('',*,*,#1807,.F.);
#2342=ORIENTED_EDGE('',*,*,#1808,.F.);
#2343=ORIENTED_EDGE('',*,*,#1809,.F.);
#2344=ORIENTED_EDGE('',*,*,#1810,.F.);
#2345=ORIENTED_EDGE('',*,*,#1811,.F.);
#2346=ORIENTED_EDGE('',*,*,#1812,.F.);
#2347=ORIENTED_EDGE('',*,*,#1762,.F.);
#2348=ORIENTED_EDGE('',*,*,#1813,.F.);
#2349=ORIENTED_EDGE('',*,*,#1812,.T.);
#2350=ORIENTED_EDGE('',*,*,#1814,.T.);
#2351=ORIENTED_EDGE('',*,*,#1815,.T.);
#2352=ORIENTED_EDGE('',*,*,#1687,.T.);
#2353=ORIENTED_EDGE('',*,*,#1685,.T.);
#2354=ORIENTED_EDGE('',*,*,#1816,.T.);
#2355=ORIENTED_EDGE('',*,*,#1817,.F.);
#2356=ORIENTED_EDGE('',*,*,#1818,.F.);
#2357=ORIENTED_EDGE('',*,*,#1785,.T.);
#2358=ORIENTED_EDGE('',*,*,#1789,.T.);
#2359=ORIENTED_EDGE('',*,*,#1677,.T.);
#2360=ORIENTED_EDGE('',*,*,#1819,.F.);
#2361=ORIENTED_EDGE('',*,*,#1674,.T.);
#2362=ORIENTED_EDGE('',*,*,#1672,.T.);
#2363=ORIENTED_EDGE('',*,*,#1820,.T.);
#2364=ORIENTED_EDGE('',*,*,#1791,.F.);
#2365=ORIENTED_EDGE('',*,*,#1695,.T.);
#2366=ORIENTED_EDGE('',*,*,#1821,.T.);
#2367=ORIENTED_EDGE('',*,*,#1822,.F.);
#2368=ORIENTED_EDGE('',*,*,#1681,.F.);
#2369=ORIENTED_EDGE('',*,*,#1823,.F.);
#2370=ORIENTED_EDGE('',*,*,#1816,.F.);
#2371=ORIENTED_EDGE('',*,*,#1684,.F.);
#2372=ORIENTED_EDGE('',*,*,#1683,.F.);
#2373=ORIENTED_EDGE('',*,*,#1824,.F.);
#2374=ORIENTED_EDGE('',*,*,#1825,.F.);
#2375=ORIENTED_EDGE('',*,*,#1826,.F.);
#2376=ORIENTED_EDGE('',*,*,#1690,.F.);
#2377=ORIENTED_EDGE('',*,*,#1688,.F.);
#2378=ORIENTED_EDGE('',*,*,#1815,.F.);
#2379=ORIENTED_EDGE('',*,*,#1825,.T.);
#2380=ORIENTED_EDGE('',*,*,#1814,.F.);
#2381=ORIENTED_EDGE('',*,*,#1811,.T.);
#2382=ORIENTED_EDGE('',*,*,#1827,.T.);
#2383=ORIENTED_EDGE('',*,*,#1828,.T.);
#2384=ORIENTED_EDGE('',*,*,#1829,.T.);
#2385=ORIENTED_EDGE('',*,*,#1830,.T.);
#2386=ORIENTED_EDGE('',*,*,#1827,.F.);
#2387=ORIENTED_EDGE('',*,*,#1810,.T.);
#2388=ORIENTED_EDGE('',*,*,#1831,.T.);
#2389=ORIENTED_EDGE('',*,*,#1832,.F.);
#2390=ORIENTED_EDGE('',*,*,#1833,.T.);
#2391=ORIENTED_EDGE('',*,*,#1831,.F.);
#2392=ORIENTED_EDGE('',*,*,#1809,.T.);
#2393=ORIENTED_EDGE('',*,*,#1834,.T.);
#2394=ORIENTED_EDGE('',*,*,#1835,.T.);
#2395=ORIENTED_EDGE('',*,*,#1834,.F.);
#2396=ORIENTED_EDGE('',*,*,#1808,.T.);
#2397=ORIENTED_EDGE('',*,*,#1836,.T.);
#2398=ORIENTED_EDGE('',*,*,#1837,.T.);
#2399=ORIENTED_EDGE('',*,*,#1838,.F.);
#2400=ORIENTED_EDGE('',*,*,#1839,.T.);
#2401=ORIENTED_EDGE('',*,*,#1837,.F.);
#2402=ORIENTED_EDGE('',*,*,#1840,.F.);
#2403=ORIENTED_EDGE('',*,*,#1767,.F.);
#2404=ORIENTED_EDGE('',*,*,#1841,.F.);
#2405=ORIENTED_EDGE('',*,*,#1842,.F.);
#2406=ORIENTED_EDGE('',*,*,#1826,.T.);
#2407=ORIENTED_EDGE('',*,*,#1828,.F.);
#2408=ORIENTED_EDGE('',*,*,#1830,.F.);
#2409=ORIENTED_EDGE('',*,*,#1843,.T.);
#2410=ORIENTED_EDGE('',*,*,#1693,.T.);
#2411=ORIENTED_EDGE('',*,*,#1691,.T.);
#2412=ORIENTED_EDGE('',*,*,#1844,.T.);
#2413=ORIENTED_EDGE('',*,*,#1842,.T.);
#2414=ORIENTED_EDGE('',*,*,#1845,.F.);
#2415=ORIENTED_EDGE('',*,*,#1846,.F.);
#2416=ORIENTED_EDGE('',*,*,#1847,.F.);
#2417=ORIENTED_EDGE('',*,*,#1679,.T.);
#2418=ORIENTED_EDGE('',*,*,#1788,.T.);
#2419=ORIENTED_EDGE('',*,*,#1848,.F.);
#2420=ORIENTED_EDGE('',*,*,#1662,.F.);
#2421=ORIENTED_EDGE('',*,*,#1792,.F.);
#2422=ORIENTED_EDGE('',*,*,#1820,.F.);
#2423=ORIENTED_EDGE('',*,*,#1671,.F.);
#2424=ORIENTED_EDGE('',*,*,#1669,.F.);
#2425=ORIENTED_EDGE('',*,*,#1849,.F.);
#2426=ORIENTED_EDGE('',*,*,#1676,.T.);
#2427=ORIENTED_EDGE('',*,*,#1850,.T.);
#2428=ORIENTED_EDGE('',*,*,#1851,.F.);
#2429=ORIENTED_EDGE('',*,*,#1850,.F.);
#2430=ORIENTED_EDGE('',*,*,#1675,.T.);
#2431=ORIENTED_EDGE('',*,*,#1819,.T.);
#2432=ORIENTED_EDGE('',*,*,#1852,.T.);
#2433=ORIENTED_EDGE('',*,*,#1853,.F.);
#2434=ORIENTED_EDGE('',*,*,#1854,.F.);
#2435=ORIENTED_EDGE('',*,*,#1855,.F.);
#2436=ORIENTED_EDGE('',*,*,#1856,.T.);
#2437=ORIENTED_EDGE('',*,*,#1857,.T.);
#2438=ORIENTED_EDGE('',*,*,#1858,.F.);
#2439=ORIENTED_EDGE('',*,*,#1859,.T.);
#2440=ORIENTED_EDGE('',*,*,#1853,.T.);
#2441=ORIENTED_EDGE('',*,*,#1860,.F.);
#2442=ORIENTED_EDGE('',*,*,#1861,.T.);
#2443=ORIENTED_EDGE('',*,*,#1862,.T.);
#2444=ORIENTED_EDGE('',*,*,#1863,.T.);
#2445=ORIENTED_EDGE('',*,*,#1864,.F.);
#2446=ORIENTED_EDGE('',*,*,#1865,.T.);
#2447=ORIENTED_EDGE('',*,*,#1866,.T.);
#2448=ORIENTED_EDGE('',*,*,#1867,.T.);
#2449=ORIENTED_EDGE('',*,*,#1866,.F.);
#2450=ORIENTED_EDGE('',*,*,#1867,.F.);
#2451=ORIENTED_EDGE('',*,*,#1868,.T.);
#2452=ORIENTED_EDGE('',*,*,#1869,.T.);
#2453=ORIENTED_EDGE('',*,*,#1870,.T.);
#2454=ORIENTED_EDGE('',*,*,#1869,.F.);
#2455=ORIENTED_EDGE('',*,*,#1870,.F.);
#2456=ORIENTED_EDGE('',*,*,#1772,.T.);
#2457=ORIENTED_EDGE('',*,*,#1779,.T.);
#2458=ORIENTED_EDGE('',*,*,#1776,.T.);
#2459=ORIENTED_EDGE('',*,*,#1795,.F.);
#2460=ORIENTED_EDGE('',*,*,#1813,.T.);
#2461=ORIENTED_EDGE('',*,*,#1871,.T.);
#2462=ORIENTED_EDGE('',*,*,#1872,.F.);
#2463=ORIENTED_EDGE('',*,*,#1754,.F.);
#2464=ORIENTED_EDGE('',*,*,#1769,.F.);
#2465=ORIENTED_EDGE('',*,*,#1806,.F.);
#2466=ORIENTED_EDGE('',*,*,#1873,.T.);
#2467=ORIENTED_EDGE('',*,*,#1874,.F.);
#2468=ORIENTED_EDGE('',*,*,#1875,.T.);
#2469=ORIENTED_EDGE('',*,*,#1876,.T.);
#2470=ORIENTED_EDGE('',*,*,#1877,.T.);
#2471=ORIENTED_EDGE('',*,*,#1851,.T.);
#2472=ORIENTED_EDGE('',*,*,#1878,.T.);
#2473=ORIENTED_EDGE('',*,*,#1818,.T.);
#2474=ORIENTED_EDGE('',*,*,#1879,.T.);
#2475=ORIENTED_EDGE('',*,*,#1880,.F.);
#2476=ORIENTED_EDGE('',*,*,#1879,.F.);
#2477=ORIENTED_EDGE('',*,*,#1880,.T.);
#2478=ORIENTED_EDGE('',*,*,#1881,.T.);
#2479=ORIENTED_EDGE('',*,*,#1878,.F.);
#2480=ORIENTED_EDGE('',*,*,#1882,.T.);
#2481=ORIENTED_EDGE('',*,*,#1883,.T.);
#2482=ORIENTED_EDGE('',*,*,#1882,.F.);
#2483=ORIENTED_EDGE('',*,*,#1884,.T.);
#2484=ORIENTED_EDGE('',*,*,#1885,.T.);
#2485=ORIENTED_EDGE('',*,*,#1886,.T.);
#2486=ORIENTED_EDGE('',*,*,#1885,.F.);
#2487=ORIENTED_EDGE('',*,*,#1886,.F.);
#2488=ORIENTED_EDGE('',*,*,#1838,.T.);
#2489=ORIENTED_EDGE('',*,*,#1887,.T.);
#2490=ORIENTED_EDGE('',*,*,#1770,.T.);
#2491=ORIENTED_EDGE('',*,*,#1887,.F.);
#2492=ORIENTED_EDGE('',*,*,#1881,.F.);
#2493=ORIENTED_EDGE('',*,*,#1888,.T.);
#2494=ORIENTED_EDGE('',*,*,#1832,.T.);
#2495=ORIENTED_EDGE('',*,*,#1888,.F.);
#2496=ORIENTED_EDGE('',*,*,#1876,.F.);
#2497=ORIENTED_EDGE('',*,*,#1889,.T.);
#2498=ORIENTED_EDGE('',*,*,#1890,.T.);
#2499=ORIENTED_EDGE('',*,*,#1891,.T.);
#2500=ORIENTED_EDGE('',*,*,#1892,.T.);
#2501=ORIENTED_EDGE('',*,*,#1860,.T.);
#2502=ORIENTED_EDGE('',*,*,#1893,.T.);
#2503=ORIENTED_EDGE('',*,*,#1894,.T.);
#2504=ORIENTED_EDGE('',*,*,#1889,.F.);
#2505=ORIENTED_EDGE('',*,*,#1875,.F.);
#2506=ORIENTED_EDGE('',*,*,#1895,.T.);
#2507=ORIENTED_EDGE('',*,*,#1896,.T.);
#2508=ORIENTED_EDGE('',*,*,#1802,.T.);
#2509=ORIENTED_EDGE('',*,*,#1897,.T.);
#2510=ORIENTED_EDGE('',*,*,#1898,.F.);
#2511=ORIENTED_EDGE('',*,*,#1863,.F.);
#2512=ORIENTED_EDGE('',*,*,#1862,.F.);
#2513=ORIENTED_EDGE('',*,*,#1899,.F.);
#2514=ORIENTED_EDGE('',*,*,#1900,.F.);
#2515=ORIENTED_EDGE('',*,*,#1803,.T.);
#2516=ORIENTED_EDGE('',*,*,#1849,.T.);
#2517=ORIENTED_EDGE('',*,*,#1668,.T.);
#2518=ORIENTED_EDGE('',*,*,#1666,.T.);
#2519=ORIENTED_EDGE('',*,*,#1901,.T.);
#2520=ORIENTED_EDGE('',*,*,#1902,.F.);
#2521=ORIENTED_EDGE('',*,*,#1903,.F.);
#2522=ORIENTED_EDGE('',*,*,#1904,.F.);
#2523=ORIENTED_EDGE('',*,*,#1793,.F.);
#2524=ORIENTED_EDGE('',*,*,#1905,.F.);
#2525=ORIENTED_EDGE('',*,*,#1895,.F.);
#2526=ORIENTED_EDGE('',*,*,#1874,.T.);
#2527=ORIENTED_EDGE('',*,*,#1757,.T.);
#2528=ORIENTED_EDGE('',*,*,#1755,.F.);
#2529=ORIENTED_EDGE('',*,*,#1873,.F.);
#2530=ORIENTED_EDGE('',*,*,#1805,.F.);
#2531=ORIENTED_EDGE('',*,*,#1906,.T.);
#2532=ORIENTED_EDGE('',*,*,#1907,.T.);
#2533=ORIENTED_EDGE('',*,*,#1855,.T.);
#2534=ORIENTED_EDGE('',*,*,#1908,.F.);
#2535=ORIENTED_EDGE('',*,*,#1800,.F.);
#2536=ORIENTED_EDGE('',*,*,#1909,.T.);
#2537=ORIENTED_EDGE('',*,*,#1884,.F.);
#2538=ORIENTED_EDGE('',*,*,#1910,.T.);
#2539=ORIENTED_EDGE('',*,*,#1909,.F.);
#2540=ORIENTED_EDGE('',*,*,#1799,.F.);
#2541=ORIENTED_EDGE('',*,*,#1911,.T.);
#2542=ORIENTED_EDGE('',*,*,#1912,.T.);
#2543=ORIENTED_EDGE('',*,*,#1911,.F.);
#2544=ORIENTED_EDGE('',*,*,#1798,.F.);
#2545=ORIENTED_EDGE('',*,*,#1913,.T.);
#2546=ORIENTED_EDGE('',*,*,#1902,.T.);
#2547=ORIENTED_EDGE('',*,*,#1883,.F.);
#2548=ORIENTED_EDGE('',*,*,#1797,.F.);
#2549=ORIENTED_EDGE('',*,*,#1914,.T.);
#2550=ORIENTED_EDGE('',*,*,#1903,.T.);
#2551=ORIENTED_EDGE('',*,*,#1913,.F.);
#2552=ORIENTED_EDGE('',*,*,#1796,.F.);
#2553=ORIENTED_EDGE('',*,*,#1794,.T.);
#2554=ORIENTED_EDGE('',*,*,#1904,.T.);
#2555=ORIENTED_EDGE('',*,*,#1914,.F.);
#2556=ORIENTED_EDGE('',*,*,#1807,.T.);
#2557=ORIENTED_EDGE('',*,*,#1768,.T.);
#2558=ORIENTED_EDGE('',*,*,#1840,.T.);
#2559=ORIENTED_EDGE('',*,*,#1836,.F.);
#2560=ORIENTED_EDGE('',*,*,#1766,.T.);
#2561=ORIENTED_EDGE('',*,*,#1915,.F.);
#2562=ORIENTED_EDGE('',*,*,#1906,.F.);
#2563=ORIENTED_EDGE('',*,*,#1804,.T.);
#2564=ORIENTED_EDGE('',*,*,#1900,.T.);
#2565=ORIENTED_EDGE('',*,*,#1845,.T.);
#2566=ORIENTED_EDGE('',*,*,#1841,.T.);
#2567=ORIENTED_EDGE('',*,*,#1916,.F.);
#2568=ORIENTED_EDGE('',*,*,#1917,.T.);
#2569=ORIENTED_EDGE('',*,*,#1918,.F.);
#2570=ORIENTED_EDGE('',*,*,#1919,.F.);
#2571=ORIENTED_EDGE('',*,*,#1919,.T.);
#2572=ORIENTED_EDGE('',*,*,#1920,.T.);
#2573=ORIENTED_EDGE('',*,*,#1921,.F.);
#2574=ORIENTED_EDGE('',*,*,#1922,.F.);
#2575=ORIENTED_EDGE('',*,*,#1923,.T.);
#2576=ORIENTED_EDGE('',*,*,#1918,.T.);
#2577=ORIENTED_EDGE('',*,*,#1924,.T.);
#2578=ORIENTED_EDGE('',*,*,#1925,.T.);
#2579=ORIENTED_EDGE('',*,*,#1926,.T.);
#2580=ORIENTED_EDGE('',*,*,#1920,.F.);
#2581=ORIENTED_EDGE('',*,*,#1916,.T.);
#2582=ORIENTED_EDGE('',*,*,#1923,.F.);
#2583=ORIENTED_EDGE('',*,*,#1927,.T.);
#2584=ORIENTED_EDGE('',*,*,#1928,.T.);
#2585=ORIENTED_EDGE('',*,*,#1929,.F.);
#2586=ORIENTED_EDGE('',*,*,#1930,.T.);
#2587=ORIENTED_EDGE('',*,*,#1931,.F.);
#2588=ORIENTED_EDGE('',*,*,#1930,.F.);
#2589=ORIENTED_EDGE('',*,*,#1927,.F.);
#2590=ORIENTED_EDGE('',*,*,#1932,.F.);
#2591=ORIENTED_EDGE('',*,*,#1933,.T.);
#2592=ORIENTED_EDGE('',*,*,#1934,.F.);
#2593=ORIENTED_EDGE('',*,*,#1935,.T.);
#2594=ORIENTED_EDGE('',*,*,#1936,.T.);
#2595=ORIENTED_EDGE('',*,*,#1937,.T.);
#2596=ORIENTED_EDGE('',*,*,#1938,.T.);
#2597=ORIENTED_EDGE('',*,*,#1939,.T.);
#2598=ORIENTED_EDGE('',*,*,#1940,.T.);
#2599=ORIENTED_EDGE('',*,*,#1941,.T.);
#2600=ORIENTED_EDGE('',*,*,#1942,.T.);
#2601=ORIENTED_EDGE('',*,*,#1943,.T.);
#2602=ORIENTED_EDGE('',*,*,#1944,.T.);
#2603=ORIENTED_EDGE('',*,*,#1945,.T.);
#2604=ORIENTED_EDGE('',*,*,#1943,.F.);
#2605=ORIENTED_EDGE('',*,*,#1946,.T.);
#2606=ORIENTED_EDGE('',*,*,#1938,.F.);
#2607=ORIENTED_EDGE('',*,*,#1947,.T.);
#2608=ORIENTED_EDGE('',*,*,#1939,.F.);
#2609=ORIENTED_EDGE('',*,*,#1948,.F.);
#2610=ORIENTED_EDGE('',*,*,#1949,.T.);
#2611=ORIENTED_EDGE('',*,*,#1946,.F.);
#2612=ORIENTED_EDGE('',*,*,#1950,.T.);
#2613=ORIENTED_EDGE('',*,*,#1951,.T.);
#2614=ORIENTED_EDGE('',*,*,#1948,.T.);
#2615=ORIENTED_EDGE('',*,*,#1942,.F.);
#2616=ORIENTED_EDGE('',*,*,#1952,.T.);
#2617=ORIENTED_EDGE('',*,*,#1953,.T.);
#2618=ORIENTED_EDGE('',*,*,#1950,.F.);
#2619=ORIENTED_EDGE('',*,*,#1951,.F.);
#2620=ORIENTED_EDGE('',*,*,#1954,.T.);
#2621=ORIENTED_EDGE('',*,*,#1637,.T.);
#2622=ORIENTED_EDGE('',*,*,#1644,.T.);
#2623=ORIENTED_EDGE('',*,*,#1955,.T.);
#2624=ORIENTED_EDGE('',*,*,#1956,.T.);
#2625=ORIENTED_EDGE('',*,*,#1957,.T.);
#2626=ORIENTED_EDGE('',*,*,#1958,.F.);
#2627=ORIENTED_EDGE('',*,*,#1959,.F.);
#2628=ORIENTED_EDGE('',*,*,#1960,.F.);
#2629=ORIENTED_EDGE('',*,*,#1952,.F.);
#2630=ORIENTED_EDGE('',*,*,#1941,.F.);
#2631=ORIENTED_EDGE('',*,*,#1961,.F.);
#2632=ORIENTED_EDGE('',*,*,#1962,.T.);
#2633=ORIENTED_EDGE('',*,*,#1963,.T.);
#2634=ORIENTED_EDGE('',*,*,#1964,.T.);
#2635=ORIENTED_EDGE('',*,*,#1715,.T.);
#2636=ORIENTED_EDGE('',*,*,#1965,.T.);
#2637=ORIENTED_EDGE('',*,*,#1966,.T.);
#2638=ORIENTED_EDGE('',*,*,#1967,.F.);
#2639=ORIENTED_EDGE('',*,*,#1968,.F.);
#2640=ORIENTED_EDGE('',*,*,#1969,.T.);
#2641=ORIENTED_EDGE('',*,*,#1970,.T.);
#2642=ORIENTED_EDGE('',*,*,#1971,.T.);
#2643=ORIENTED_EDGE('',*,*,#1972,.F.);
#2644=ORIENTED_EDGE('',*,*,#1973,.F.);
#2645=ORIENTED_EDGE('',*,*,#1974,.F.);
#2646=ORIENTED_EDGE('',*,*,#1975,.F.);
#2647=ORIENTED_EDGE('',*,*,#1976,.F.);
#2648=ORIENTED_EDGE('',*,*,#1977,.F.);
#2649=ORIENTED_EDGE('',*,*,#1956,.F.);
#2650=ORIENTED_EDGE('',*,*,#1945,.F.);
#2651=ORIENTED_EDGE('',*,*,#1929,.T.);
#2652=ORIENTED_EDGE('',*,*,#1978,.T.);
#2653=ORIENTED_EDGE('',*,*,#1979,.T.);
#2654=ORIENTED_EDGE('',*,*,#1980,.F.);
#2655=ORIENTED_EDGE('',*,*,#1647,.F.);
#2656=ORIENTED_EDGE('',*,*,#1651,.F.);
#2657=ORIENTED_EDGE('',*,*,#1981,.F.);
#2658=ORIENTED_EDGE('',*,*,#1982,.F.);
#2659=ORIENTED_EDGE('',*,*,#1962,.F.);
#2660=ORIENTED_EDGE('',*,*,#1983,.T.);
#2661=ORIENTED_EDGE('',*,*,#1953,.F.);
#2662=ORIENTED_EDGE('',*,*,#1960,.T.);
#2663=ORIENTED_EDGE('',*,*,#1984,.F.);
#2664=ORIENTED_EDGE('',*,*,#1634,.F.);
#2665=ORIENTED_EDGE('',*,*,#1641,.F.);
#2666=ORIENTED_EDGE('',*,*,#1985,.T.);
#2667=ORIENTED_EDGE('',*,*,#1638,.F.);
#2668=ORIENTED_EDGE('',*,*,#1954,.F.);
#2669=ORIENTED_EDGE('',*,*,#1645,.T.);
#2670=ORIENTED_EDGE('',*,*,#1986,.F.);
#2671=ORIENTED_EDGE('',*,*,#1987,.T.);
#2672=ORIENTED_EDGE('',*,*,#1658,.F.);
#2673=ORIENTED_EDGE('',*,*,#1988,.T.);
#2674=ORIENTED_EDGE('',*,*,#1989,.T.);
#2675=ORIENTED_EDGE('',*,*,#1986,.T.);
#2676=ORIENTED_EDGE('',*,*,#1648,.T.);
#2677=ORIENTED_EDGE('',*,*,#1980,.T.);
#2678=ORIENTED_EDGE('',*,*,#1990,.T.);
#2679=ORIENTED_EDGE('',*,*,#1991,.T.);
#2680=ORIENTED_EDGE('',*,*,#1656,.T.);
#2681=ORIENTED_EDGE('',*,*,#1660,.T.);
#2682=ORIENTED_EDGE('',*,*,#1992,.T.);
#2683=ORIENTED_EDGE('',*,*,#1821,.F.);
#2684=ORIENTED_EDGE('',*,*,#1694,.F.);
#2685=ORIENTED_EDGE('',*,*,#1843,.F.);
#2686=ORIENTED_EDGE('',*,*,#1829,.F.);
#2687=ORIENTED_EDGE('',*,*,#1833,.F.);
#2688=ORIENTED_EDGE('',*,*,#1835,.F.);
#2689=ORIENTED_EDGE('',*,*,#1839,.F.);
#2690=ORIENTED_EDGE('',*,*,#1844,.F.);
#2691=ORIENTED_EDGE('',*,*,#1993,.T.);
#2692=ORIENTED_EDGE('',*,*,#1994,.T.);
#2693=ORIENTED_EDGE('',*,*,#1995,.T.);
#2694=ORIENTED_EDGE('',*,*,#1996,.T.);
#2695=ORIENTED_EDGE('',*,*,#1744,.T.);
#2696=ORIENTED_EDGE('',*,*,#1997,.T.);
#2697=ORIENTED_EDGE('',*,*,#1981,.T.);
#2698=ORIENTED_EDGE('',*,*,#1650,.T.);
#2699=ORIENTED_EDGE('',*,*,#1654,.T.);
#2700=ORIENTED_EDGE('',*,*,#1998,.T.);
#2701=ORIENTED_EDGE('',*,*,#1997,.F.);
#2702=ORIENTED_EDGE('',*,*,#1999,.F.);
#2703=ORIENTED_EDGE('',*,*,#2000,.F.);
#2704=ORIENTED_EDGE('',*,*,#1963,.F.);
#2705=ORIENTED_EDGE('',*,*,#1982,.T.);
#2706=ORIENTED_EDGE('',*,*,#1990,.F.);
#2707=ORIENTED_EDGE('',*,*,#1743,.F.);
#2708=ORIENTED_EDGE('',*,*,#1742,.F.);
#2709=ORIENTED_EDGE('',*,*,#2001,.F.);
#2710=ORIENTED_EDGE('',*,*,#1708,.F.);
#2711=ORIENTED_EDGE('',*,*,#1964,.F.);
#2712=ORIENTED_EDGE('',*,*,#2000,.T.);
#2713=ORIENTED_EDGE('',*,*,#2002,.F.);
#2714=ORIENTED_EDGE('',*,*,#2003,.T.);
#2715=ORIENTED_EDGE('',*,*,#1723,.T.);
#2716=ORIENTED_EDGE('',*,*,#2001,.T.);
#2717=ORIENTED_EDGE('',*,*,#1736,.T.);
#2718=ORIENTED_EDGE('',*,*,#2004,.F.);
#2719=ORIENTED_EDGE('',*,*,#1996,.F.);
#2720=ORIENTED_EDGE('',*,*,#2005,.F.);
#2721=ORIENTED_EDGE('',*,*,#2006,.F.);
#2722=ORIENTED_EDGE('',*,*,#1965,.F.);
#2723=ORIENTED_EDGE('',*,*,#1714,.T.);
#2724=ORIENTED_EDGE('',*,*,#2004,.T.);
#2725=ORIENTED_EDGE('',*,*,#1725,.T.);
#2726=ORIENTED_EDGE('',*,*,#1745,.T.);
#2727=ORIENTED_EDGE('',*,*,#2007,.T.);
#2728=ORIENTED_EDGE('',*,*,#1995,.F.);
#2729=ORIENTED_EDGE('',*,*,#2008,.T.);
#2730=ORIENTED_EDGE('',*,*,#2009,.T.);
#2731=ORIENTED_EDGE('',*,*,#1934,.T.);
#2732=ORIENTED_EDGE('',*,*,#2010,.T.);
#2733=ORIENTED_EDGE('',*,*,#2005,.T.);
#2734=ORIENTED_EDGE('',*,*,#1998,.F.);
#2735=ORIENTED_EDGE('',*,*,#1653,.F.);
#2736=ORIENTED_EDGE('',*,*,#1657,.F.);
#2737=ORIENTED_EDGE('',*,*,#1991,.F.);
#2738=ORIENTED_EDGE('',*,*,#2002,.T.);
#2739=ORIENTED_EDGE('',*,*,#1999,.T.);
#2740=ORIENTED_EDGE('',*,*,#1994,.F.);
#2741=ORIENTED_EDGE('',*,*,#2011,.T.);
#2742=ORIENTED_EDGE('',*,*,#2012,.T.);
#2743=ORIENTED_EDGE('',*,*,#2013,.T.);
#2744=ORIENTED_EDGE('',*,*,#2008,.F.);
#2745=ORIENTED_EDGE('',*,*,#1626,.T.);
#2746=ORIENTED_EDGE('',*,*,#2014,.F.);
#2747=ORIENTED_EDGE('',*,*,#2015,.T.);
#2748=ORIENTED_EDGE('',*,*,#1642,.F.);
#2749=ORIENTED_EDGE('',*,*,#1959,.T.);
#2750=ORIENTED_EDGE('',*,*,#2016,.T.);
#2751=ORIENTED_EDGE('',*,*,#1631,.T.);
#2752=ORIENTED_EDGE('',*,*,#1635,.T.);
#2753=ORIENTED_EDGE('',*,*,#1984,.T.);
#2754=ORIENTED_EDGE('',*,*,#2017,.T.);
#2755=ORIENTED_EDGE('',*,*,#2018,.T.);
#2756=ORIENTED_EDGE('',*,*,#2019,.T.);
#2757=ORIENTED_EDGE('',*,*,#2020,.T.);
#2758=ORIENTED_EDGE('',*,*,#1856,.F.);
#2759=ORIENTED_EDGE('',*,*,#1852,.F.);
#2760=ORIENTED_EDGE('',*,*,#1907,.F.);
#2761=ORIENTED_EDGE('',*,*,#1910,.F.);
#2762=ORIENTED_EDGE('',*,*,#1912,.F.);
#2763=ORIENTED_EDGE('',*,*,#1901,.F.);
#2764=ORIENTED_EDGE('',*,*,#1665,.F.);
#2765=ORIENTED_EDGE('',*,*,#1664,.F.);
#2766=ORIENTED_EDGE('',*,*,#2021,.F.);
#2767=ORIENTED_EDGE('',*,*,#2014,.T.);
#2768=ORIENTED_EDGE('',*,*,#1629,.T.);
#2769=ORIENTED_EDGE('',*,*,#2022,.T.);
#2770=ORIENTED_EDGE('',*,*,#2023,.T.);
#2771=ORIENTED_EDGE('',*,*,#2024,.T.);
#2772=ORIENTED_EDGE('',*,*,#1639,.F.);
#2773=ORIENTED_EDGE('',*,*,#1985,.F.);
#2774=ORIENTED_EDGE('',*,*,#1640,.F.);
#2775=ORIENTED_EDGE('',*,*,#2025,.T.);
#2776=ORIENTED_EDGE('',*,*,#2026,.T.);
#2777=ORIENTED_EDGE('',*,*,#2025,.F.);
#2778=ORIENTED_EDGE('',*,*,#1949,.F.);
#2779=ORIENTED_EDGE('',*,*,#1955,.F.);
#2780=ORIENTED_EDGE('',*,*,#1643,.F.);
#2781=ORIENTED_EDGE('',*,*,#2015,.F.);
#2782=ORIENTED_EDGE('',*,*,#2021,.T.);
#2783=ORIENTED_EDGE('',*,*,#1663,.T.);
#2784=ORIENTED_EDGE('',*,*,#1848,.T.);
#2785=ORIENTED_EDGE('',*,*,#1787,.T.);
#2786=ORIENTED_EDGE('',*,*,#1781,.T.);
#2787=ORIENTED_EDGE('',*,*,#1872,.T.);
#2788=ORIENTED_EDGE('',*,*,#2027,.T.);
#2789=ORIENTED_EDGE('',*,*,#2028,.F.);
#2790=ORIENTED_EDGE('',*,*,#2020,.F.);
#2791=ORIENTED_EDGE('',*,*,#2029,.T.);
#2792=ORIENTED_EDGE('',*,*,#2030,.F.);
#2793=ORIENTED_EDGE('',*,*,#1857,.F.);
#2794=ORIENTED_EDGE('',*,*,#2018,.F.);
#2795=ORIENTED_EDGE('',*,*,#2031,.T.);
#2796=ORIENTED_EDGE('',*,*,#2032,.T.);
#2797=ORIENTED_EDGE('',*,*,#2033,.T.);
#2798=ORIENTED_EDGE('',*,*,#2019,.F.);
#2799=ORIENTED_EDGE('',*,*,#2033,.F.);
#2800=ORIENTED_EDGE('',*,*,#2034,.F.);
#2801=ORIENTED_EDGE('',*,*,#2035,.T.);
#2802=ORIENTED_EDGE('',*,*,#2029,.F.);
#2803=ORIENTED_EDGE('',*,*,#2036,.F.);
#2804=ORIENTED_EDGE('',*,*,#1891,.F.);
#2805=ORIENTED_EDGE('',*,*,#2037,.F.);
#2806=ORIENTED_EDGE('',*,*,#2038,.T.);
#2807=ORIENTED_EDGE('',*,*,#2036,.T.);
#2808=ORIENTED_EDGE('',*,*,#2039,.T.);
#2809=ORIENTED_EDGE('',*,*,#2040,.T.);
#2810=ORIENTED_EDGE('',*,*,#2041,.F.);
#2811=ORIENTED_EDGE('',*,*,#2012,.F.);
#2812=ORIENTED_EDGE('',*,*,#2042,.F.);
#2813=ORIENTED_EDGE('',*,*,#1846,.T.);
#2814=ORIENTED_EDGE('',*,*,#1899,.T.);
#2815=ORIENTED_EDGE('',*,*,#1861,.F.);
#2816=ORIENTED_EDGE('',*,*,#1892,.F.);
#2817=ORIENTED_EDGE('',*,*,#2043,.T.);
#2818=ORIENTED_EDGE('',*,*,#2044,.T.);
#2819=ORIENTED_EDGE('',*,*,#2045,.F.);
#2820=ORIENTED_EDGE('',*,*,#2046,.F.);
#2821=ORIENTED_EDGE('',*,*,#2040,.F.);
#2822=ORIENTED_EDGE('',*,*,#2047,.F.);
#2823=ORIENTED_EDGE('',*,*,#2048,.T.);
#2824=ORIENTED_EDGE('',*,*,#2049,.F.);
#2825=ORIENTED_EDGE('',*,*,#2048,.F.);
#2826=ORIENTED_EDGE('',*,*,#2049,.T.);
#2827=ORIENTED_EDGE('',*,*,#2050,.F.);
#2828=ORIENTED_EDGE('',*,*,#2051,.T.);
#2829=ORIENTED_EDGE('',*,*,#2052,.F.);
#2830=ORIENTED_EDGE('',*,*,#2051,.F.);
#2831=ORIENTED_EDGE('',*,*,#2052,.T.);
#2832=ORIENTED_EDGE('',*,*,#1940,.F.);
#2833=ORIENTED_EDGE('',*,*,#2028,.T.);
#2834=ORIENTED_EDGE('',*,*,#2053,.F.);
#2835=ORIENTED_EDGE('',*,*,#1978,.F.);
#2836=ORIENTED_EDGE('',*,*,#1961,.T.);
#2837=ORIENTED_EDGE('',*,*,#1944,.F.);
#2838=ORIENTED_EDGE('',*,*,#1947,.F.);
#2839=ORIENTED_EDGE('',*,*,#1922,.T.);
#2840=ORIENTED_EDGE('',*,*,#2054,.F.);
#2841=ORIENTED_EDGE('',*,*,#1967,.T.);
#2842=ORIENTED_EDGE('',*,*,#1932,.T.);
#2843=ORIENTED_EDGE('',*,*,#2055,.T.);
#2844=ORIENTED_EDGE('',*,*,#2056,.F.);
#2845=ORIENTED_EDGE('',*,*,#2057,.F.);
#2846=ORIENTED_EDGE('',*,*,#2058,.F.);
#2847=ORIENTED_EDGE('',*,*,#1925,.F.);
#2848=ORIENTED_EDGE('',*,*,#2059,.F.);
#2849=ORIENTED_EDGE('',*,*,#1758,.T.);
#2850=ORIENTED_EDGE('',*,*,#1877,.F.);
#2851=ORIENTED_EDGE('',*,*,#1894,.F.);
#2852=ORIENTED_EDGE('',*,*,#2060,.F.);
#2853=ORIENTED_EDGE('',*,*,#2061,.T.);
#2854=ORIENTED_EDGE('',*,*,#2056,.T.);
#2855=ORIENTED_EDGE('',*,*,#2027,.F.);
#2856=ORIENTED_EDGE('',*,*,#1871,.F.);
#2857=ORIENTED_EDGE('',*,*,#1817,.T.);
#2858=ORIENTED_EDGE('',*,*,#1823,.T.);
#2859=ORIENTED_EDGE('',*,*,#2062,.F.);
#2860=ORIENTED_EDGE('',*,*,#1988,.F.);
#2861=ORIENTED_EDGE('',*,*,#1979,.F.);
#2862=ORIENTED_EDGE('',*,*,#2053,.T.);
#2863=ORIENTED_EDGE('',*,*,#2050,.T.);
#2864=ORIENTED_EDGE('',*,*,#2047,.T.);
#2865=ORIENTED_EDGE('',*,*,#1931,.T.);
#2866=ORIENTED_EDGE('',*,*,#1764,.F.);
#2867=ORIENTED_EDGE('',*,*,#1865,.F.);
#2868=ORIENTED_EDGE('',*,*,#1868,.F.);
#2869=ORIENTED_EDGE('',*,*,#2059,.T.);
#2870=ORIENTED_EDGE('',*,*,#1924,.F.);
#2871=ORIENTED_EDGE('',*,*,#1917,.F.);
#2872=ORIENTED_EDGE('',*,*,#1928,.F.);
#2873=ORIENTED_EDGE('',*,*,#1936,.F.);
#2874=ORIENTED_EDGE('',*,*,#2063,.F.);
#2875=ORIENTED_EDGE('',*,*,#2064,.F.);
#2876=ORIENTED_EDGE('',*,*,#2065,.T.);
#2877=ORIENTED_EDGE('',*,*,#2066,.T.);
#2878=ORIENTED_EDGE('',*,*,#2037,.T.);
#2879=ORIENTED_EDGE('',*,*,#1890,.F.);
#2880=ORIENTED_EDGE('',*,*,#1896,.F.);
#2881=ORIENTED_EDGE('',*,*,#1905,.T.);
#2882=ORIENTED_EDGE('',*,*,#1915,.T.);
#2883=ORIENTED_EDGE('',*,*,#1765,.T.);
#2884=ORIENTED_EDGE('',*,*,#1760,.T.);
#2885=ORIENTED_EDGE('',*,*,#1752,.T.);
#2886=ORIENTED_EDGE('',*,*,#1759,.T.);
#2887=ORIENTED_EDGE('',*,*,#1748,.T.);
#2888=ORIENTED_EDGE('',*,*,#2026,.F.);
#2889=ORIENTED_EDGE('',*,*,#2067,.F.);
#2890=ORIENTED_EDGE('',*,*,#1983,.F.);
#2891=ORIENTED_EDGE('',*,*,#2068,.T.);
#2892=ORIENTED_EDGE('',*,*,#2069,.T.);
#2893=ORIENTED_EDGE('',*,*,#2068,.F.);
#2894=ORIENTED_EDGE('',*,*,#2069,.F.);
#2895=ORIENTED_EDGE('',*,*,#2070,.F.);
#2896=ORIENTED_EDGE('',*,*,#2067,.T.);
#2897=ORIENTED_EDGE('',*,*,#2071,.T.);
#2898=ORIENTED_EDGE('',*,*,#2072,.F.);
#2899=ORIENTED_EDGE('',*,*,#2071,.F.);
#2900=ORIENTED_EDGE('',*,*,#2073,.F.);
#2901=ORIENTED_EDGE('',*,*,#2074,.T.);
#2902=ORIENTED_EDGE('',*,*,#2075,.F.);
#2903=ORIENTED_EDGE('',*,*,#2074,.F.);
#2904=ORIENTED_EDGE('',*,*,#2075,.T.);
#2905=ORIENTED_EDGE('',*,*,#2007,.F.);
#2906=ORIENTED_EDGE('',*,*,#2076,.T.);
#2907=ORIENTED_EDGE('',*,*,#1937,.F.);
#2908=ORIENTED_EDGE('',*,*,#2076,.F.);
#2909=ORIENTED_EDGE('',*,*,#2070,.T.);
#2910=ORIENTED_EDGE('',*,*,#2077,.T.);
#2911=ORIENTED_EDGE('',*,*,#2003,.F.);
#2912=ORIENTED_EDGE('',*,*,#2077,.F.);
#2913=ORIENTED_EDGE('',*,*,#2057,.T.);
#2914=ORIENTED_EDGE('',*,*,#2061,.F.);
#2915=ORIENTED_EDGE('',*,*,#2078,.F.);
#2916=ORIENTED_EDGE('',*,*,#2043,.F.);
#2917=ORIENTED_EDGE('',*,*,#2039,.F.);
#2918=ORIENTED_EDGE('',*,*,#2038,.F.);
#2919=ORIENTED_EDGE('',*,*,#2066,.F.);
#2920=ORIENTED_EDGE('',*,*,#2079,.F.);
#2921=ORIENTED_EDGE('',*,*,#2079,.T.);
#2922=ORIENTED_EDGE('',*,*,#2065,.F.);
#2923=ORIENTED_EDGE('',*,*,#2080,.F.);
#2924=ORIENTED_EDGE('',*,*,#2058,.T.);
#2925=ORIENTED_EDGE('',*,*,#2078,.T.);
#2926=ORIENTED_EDGE('',*,*,#2060,.T.);
#2927=ORIENTED_EDGE('',*,*,#1893,.F.);
#2928=ORIENTED_EDGE('',*,*,#1864,.T.);
#2929=ORIENTED_EDGE('',*,*,#1898,.T.);
#2930=ORIENTED_EDGE('',*,*,#2081,.T.);
#2931=ORIENTED_EDGE('',*,*,#2082,.F.);
#2932=ORIENTED_EDGE('',*,*,#2044,.F.);
#2933=ORIENTED_EDGE('',*,*,#1971,.F.);
#2934=ORIENTED_EDGE('',*,*,#2045,.T.);
#2935=ORIENTED_EDGE('',*,*,#2082,.T.);
#2936=ORIENTED_EDGE('',*,*,#2083,.F.);
#2937=ORIENTED_EDGE('',*,*,#2084,.T.);
#2938=ORIENTED_EDGE('',*,*,#1858,.T.);
#2939=ORIENTED_EDGE('',*,*,#2030,.T.);
#2940=ORIENTED_EDGE('',*,*,#2035,.F.);
#2941=ORIENTED_EDGE('',*,*,#1746,.T.);
#2942=ORIENTED_EDGE('',*,*,#2046,.T.);
#2943=ORIENTED_EDGE('',*,*,#1970,.F.);
#2944=ORIENTED_EDGE('',*,*,#2085,.T.);
#2945=ORIENTED_EDGE('',*,*,#2041,.T.);
#2946=ORIENTED_EDGE('',*,*,#1993,.F.);
#2947=ORIENTED_EDGE('',*,*,#1847,.T.);
#2948=ORIENTED_EDGE('',*,*,#2042,.T.);
#2949=ORIENTED_EDGE('',*,*,#2011,.F.);
#2950=ORIENTED_EDGE('',*,*,#2016,.F.);
#2951=ORIENTED_EDGE('',*,*,#1958,.T.);
#2952=ORIENTED_EDGE('',*,*,#2086,.T.);
#2953=ORIENTED_EDGE('',*,*,#2087,.T.);
#2954=ORIENTED_EDGE('',*,*,#2088,.T.);
#2955=ORIENTED_EDGE('',*,*,#2022,.F.);
#2956=ORIENTED_EDGE('',*,*,#1628,.F.);
#2957=ORIENTED_EDGE('',*,*,#1632,.F.);
#2958=ORIENTED_EDGE('',*,*,#2064,.T.);
#2959=ORIENTED_EDGE('',*,*,#2089,.F.);
#2960=ORIENTED_EDGE('',*,*,#1968,.T.);
#2961=ORIENTED_EDGE('',*,*,#2054,.T.);
#2962=ORIENTED_EDGE('',*,*,#1921,.T.);
#2963=ORIENTED_EDGE('',*,*,#1926,.F.);
#2964=ORIENTED_EDGE('',*,*,#2055,.F.);
#2965=ORIENTED_EDGE('',*,*,#2080,.T.);
#2966=ORIENTED_EDGE('',*,*,#2017,.F.);
#2967=ORIENTED_EDGE('',*,*,#2090,.F.);
#2968=ORIENTED_EDGE('',*,*,#1973,.T.);
#2969=ORIENTED_EDGE('',*,*,#2091,.T.);
#2970=ORIENTED_EDGE('',*,*,#2031,.F.);
#2971=ORIENTED_EDGE('',*,*,#2073,.T.);
#2972=ORIENTED_EDGE('',*,*,#2024,.F.);
#2973=ORIENTED_EDGE('',*,*,#2092,.F.);
#2974=ORIENTED_EDGE('',*,*,#1974,.T.);
#2975=ORIENTED_EDGE('',*,*,#2090,.T.);
#2976=ORIENTED_EDGE('',*,*,#2023,.F.);
#2977=ORIENTED_EDGE('',*,*,#2088,.F.);
#2978=ORIENTED_EDGE('',*,*,#2093,.F.);
#2979=ORIENTED_EDGE('',*,*,#1975,.T.);
#2980=ORIENTED_EDGE('',*,*,#2092,.T.);
#2981=ORIENTED_EDGE('',*,*,#2072,.T.);
#2982=ORIENTED_EDGE('',*,*,#1976,.T.);
#2983=ORIENTED_EDGE('',*,*,#2093,.T.);
#2984=ORIENTED_EDGE('',*,*,#2087,.F.);
#2985=ORIENTED_EDGE('',*,*,#2094,.F.);
#2986=ORIENTED_EDGE('',*,*,#1977,.T.);
#2987=ORIENTED_EDGE('',*,*,#2094,.T.);
#2988=ORIENTED_EDGE('',*,*,#2086,.F.);
#2989=ORIENTED_EDGE('',*,*,#1957,.F.);
#2990=ORIENTED_EDGE('',*,*,#1989,.F.);
#2991=ORIENTED_EDGE('',*,*,#2062,.T.);
#2992=ORIENTED_EDGE('',*,*,#1824,.T.);
#2993=ORIENTED_EDGE('',*,*,#1682,.T.);
#2994=ORIENTED_EDGE('',*,*,#1822,.T.);
#2995=ORIENTED_EDGE('',*,*,#1992,.F.);
#2996=ORIENTED_EDGE('',*,*,#1659,.F.);
#2997=ORIENTED_EDGE('',*,*,#1987,.F.);
#2998=ORIENTED_EDGE('',*,*,#1698,.T.);
#2999=ORIENTED_EDGE('',*,*,#1707,.T.);
#3000=ORIENTED_EDGE('',*,*,#1704,.T.);
#3001=ORIENTED_EDGE('',*,*,#1701,.T.);
#3002=ORIENTED_EDGE('',*,*,#1717,.T.);
#3003=ORIENTED_EDGE('',*,*,#1724,.T.);
#3004=ORIENTED_EDGE('',*,*,#1721,.T.);
#3005=ORIENTED_EDGE('',*,*,#1719,.T.);
#3006=ORIENTED_EDGE('',*,*,#1731,.T.);
#3007=ORIENTED_EDGE('',*,*,#1739,.T.);
#3008=ORIENTED_EDGE('',*,*,#1737,.T.);
#3009=ORIENTED_EDGE('',*,*,#1734,.T.);
#3010=ORIENTED_EDGE('',*,*,#1966,.F.);
#3011=ORIENTED_EDGE('',*,*,#2006,.T.);
#3012=ORIENTED_EDGE('',*,*,#2010,.F.);
#3013=ORIENTED_EDGE('',*,*,#1933,.F.);
#3014=ORIENTED_EDGE('',*,*,#1935,.F.);
#3015=ORIENTED_EDGE('',*,*,#2009,.F.);
#3016=ORIENTED_EDGE('',*,*,#2013,.F.);
#3017=ORIENTED_EDGE('',*,*,#2085,.F.);
#3018=ORIENTED_EDGE('',*,*,#1969,.F.);
#3019=ORIENTED_EDGE('',*,*,#2089,.T.);
#3020=ORIENTED_EDGE('',*,*,#2063,.T.);
#3021=ORIENTED_EDGE('',*,*,#1972,.T.);
#3022=ORIENTED_EDGE('',*,*,#2083,.T.);
#3023=ORIENTED_EDGE('',*,*,#2081,.F.);
#3024=ORIENTED_EDGE('',*,*,#1897,.F.);
#3025=ORIENTED_EDGE('',*,*,#1801,.F.);
#3026=ORIENTED_EDGE('',*,*,#1908,.T.);
#3027=ORIENTED_EDGE('',*,*,#1854,.T.);
#3028=ORIENTED_EDGE('',*,*,#1859,.F.);
#3029=ORIENTED_EDGE('',*,*,#2084,.F.);
#3030=ORIENTED_EDGE('',*,*,#2034,.T.);
#3031=ORIENTED_EDGE('',*,*,#2032,.F.);
#3032=ORIENTED_EDGE('',*,*,#2091,.F.);
#3033=B_SPLINE_SURFACE_WITH_KNOTS('',3,3,((#4324,#4325,#4326,#4327,#4328,
#4329,#4330,#4331,#4332,#4333,#4334),(#4335,#4336,#4337,#4338,#4339,#4340,
#4341,#4342,#4343,#4344,#4345),(#4346,#4347,#4348,#4349,#4350,#4351,#4352,
#4353,#4354,#4355,#4356),(#4357,#4358,#4359,#4360,#4361,#4362,#4363,#4364,
#4365,#4366,#4367),(#4368,#4369,#4370,#4371,#4372,#4373,#4374,#4375,#4376,
#4377,#4378),(#4379,#4380,#4381,#4382,#4383,#4384,#4385,#4386,#4387,#4388,
#4389)),.UNSPECIFIED.,.F.,.F.,.F.,(4,1,1,4),(4,1,1,1,1,1,1,1,4),(0.,0.333333333333333,
0.666666666666667,1.),(0.,0.125,0.25,0.375,0.5,0.625,0.75,0.875,1.),
 .UNSPECIFIED.);
#3034=B_SPLINE_SURFACE_WITH_KNOTS('',3,3,((#4482,#4483,#4484,#4485,#4486,
#4487),(#4488,#4489,#4490,#4491,#4492,#4493),(#4494,#4495,#4496,#4497,#4498,
#4499),(#4500,#4501,#4502,#4503,#4504,#4505),(#4506,#4507,#4508,#4509,#4510,
#4511),(#4512,#4513,#4514,#4515,#4516,#4517),(#4518,#4519,#4520,#4521,#4522,
#4523),(#4524,#4525,#4526,#4527,#4528,#4529),(#4530,#4531,#4532,#4533,#4534,
#4535),(#4536,#4537,#4538,#4539,#4540,#4541),(#4542,#4543,#4544,#4545,#4546,
#4547)),.UNSPECIFIED.,.F.,.F.,.F.,(4,1,1,1,1,1,1,1,4),(4,1,1,4),(0.,0.125,
0.25,0.375,0.5,0.625,0.75,0.875,1.),(0.,0.333333333333333,0.666666666666667,
1.),.UNSPECIFIED.);
#3035=B_SPLINE_SURFACE_WITH_KNOTS('',3,3,((#4620,#4621,#4622,#4623,#4624,
#4625,#4626,#4627,#4628,#4629,#4630),(#4631,#4632,#4633,#4634,#4635,#4636,
#4637,#4638,#4639,#4640,#4641),(#4642,#4643,#4644,#4645,#4646,#4647,#4648,
#4649,#4650,#4651,#4652),(#4653,#4654,#4655,#4656,#4657,#4658,#4659,#4660,
#4661,#4662,#4663),(#4664,#4665,#4666,#4667,#4668,#4669,#4670,#4671,#4672,
#4673,#4674),(#4675,#4676,#4677,#4678,#4679,#4680,#4681,#4682,#4683,#4684,
#4685)),.UNSPECIFIED.,.F.,.F.,.F.,(4,1,1,4),(4,1,1,1,1,1,1,1,4),(0.,0.333333333333333,
0.666666666666667,1.),(0.,0.125,0.25,0.375,0.5,0.625,0.75,0.875,1.),
 .UNSPECIFIED.);
#3036=B_SPLINE_SURFACE_WITH_KNOTS('',3,3,((#4774,#4775,#4776,#4777,#4778,
#4779),(#4780,#4781,#4782,#4783,#4784,#4785),(#4786,#4787,#4788,#4789,#4790,
#4791),(#4792,#4793,#4794,#4795,#4796,#4797),(#4798,#4799,#4800,#4801,#4802,
#4803),(#4804,#4805,#4806,#4807,#4808,#4809),(#4810,#4811,#4812,#4813,#4814,
#4815),(#4816,#4817,#4818,#4819,#4820,#4821),(#4822,#4823,#4824,#4825,#4826,
#4827),(#4828,#4829,#4830,#4831,#4832,#4833),(#4834,#4835,#4836,#4837,#4838,
#4839)),.UNSPECIFIED.,.F.,.F.,.F.,(4,1,1,1,1,1,1,1,4),(4,1,1,4),(0.,0.125,
0.25,0.375,0.5,0.625,0.75,0.875,1.),(0.,0.333333333333333,0.666666666666667,
1.),.UNSPECIFIED.);
#3037=B_SPLINE_SURFACE_WITH_KNOTS('',3,3,((#4917,#4918,#4919,#4920,#4921,
#4922,#4923,#4924,#4925,#4926,#4927),(#4928,#4929,#4930,#4931,#4932,#4933,
#4934,#4935,#4936,#4937,#4938),(#4939,#4940,#4941,#4942,#4943,#4944,#4945,
#4946,#4947,#4948,#4949),(#4950,#4951,#4952,#4953,#4954,#4955,#4956,#4957,
#4958,#4959,#4960),(#4961,#4962,#4963,#4964,#4965,#4966,#4967,#4968,#4969,
#4970,#4971),(#4972,#4973,#4974,#4975,#4976,#4977,#4978,#4979,#4980,#4981,
#4982)),.UNSPECIFIED.,.F.,.F.,.F.,(4,1,1,4),(4,1,1,1,1,1,1,1,4),(0.,0.333333333333333,
0.666666666666667,1.),(0.,0.125,0.25,0.375,0.5,0.625,0.75,0.875,1.),
 .UNSPECIFIED.);
#3038=B_SPLINE_SURFACE_WITH_KNOTS('',3,3,((#4993,#4994,#4995,#4996,#4997,
#4998,#4999,#5000,#5001,#5002),(#5003,#5004,#5005,#5006,#5007,#5008,#5009,
#5010,#5011,#5012),(#5013,#5014,#5015,#5016,#5017,#5018,#5019,#5020,#5021,
#5022),(#5023,#5024,#5025,#5026,#5027,#5028,#5029,#5030,#5031,#5032),(#5033,
#5034,#5035,#5036,#5037,#5038,#5039,#5040,#5041,#5042),(#5043,#5044,#5045,
#5046,#5047,#5048,#5049,#5050,#5051,#5052)),.UNSPECIFIED.,.F.,.F.,.F.,(4,
1,1,4),(4,1,1,1,1,1,1,4),(0.,0.333333333333333,0.666666666666667,1.),(0.,
0.142857142857143,0.285714285714286,0.428571428571429,0.571428571428571,
0.714285714285714,0.857142857142857,1.),.UNSPECIFIED.);
#3039=B_SPLINE_SURFACE_WITH_KNOTS('',3,3,((#5144,#5145,#5146,#5147,#5148,
#5149),(#5150,#5151,#5152,#5153,#5154,#5155),(#5156,#5157,#5158,#5159,#5160,
#5161),(#5162,#5163,#5164,#5165,#5166,#5167),(#5168,#5169,#5170,#5171,#5172,
#5173),(#5174,#5175,#5176,#5177,#5178,#5179),(#5180,#5181,#5182,#5183,#5184,
#5185),(#5186,#5187,#5188,#5189,#5190,#5191),(#5192,#5193,#5194,#5195,#5196,
#5197),(#5198,#5199,#5200,#5201,#5202,#5203)),.UNSPECIFIED.,.F.,.F.,.F.,
(4,1,1,1,1,1,1,4),(4,1,1,4),(0.,0.142857142857143,0.285714285714286,0.428571428571429,
0.571428571428571,0.714285714285714,0.857142857142857,1.),(0.,0.333333333333333,
0.666666666666667,1.),.UNSPECIFIED.);
#3040=B_SPLINE_SURFACE_WITH_KNOTS('',3,3,((#5284,#5285,#5286,#5287,#5288,
#5289,#5290,#5291,#5292,#5293),(#5294,#5295,#5296,#5297,#5298,#5299,#5300,
#5301,#5302,#5303),(#5304,#5305,#5306,#5307,#5308,#5309,#5310,#5311,#5312,
#5313),(#5314,#5315,#5316,#5317,#5318,#5319,#5320,#5321,#5322,#5323),(#5324,
#5325,#5326,#5327,#5328,#5329,#5330,#5331,#5332,#5333),(#5334,#5335,#5336,
#5337,#5338,#5339,#5340,#5341,#5342,#5343)),.UNSPECIFIED.,.F.,.F.,.F.,(4,
1,1,4),(4,1,1,1,1,1,1,4),(0.,0.333333333333333,0.666666666666667,1.),(0.,
0.142857142857143,0.285714285714286,0.428571428571429,0.571428571428571,
0.714285714285714,0.857142857142857,1.),.UNSPECIFIED.);
#3041=B_SPLINE_SURFACE_WITH_KNOTS('',3,3,((#5420,#5421,#5422,#5423,#5424,
#5425),(#5426,#5427,#5428,#5429,#5430,#5431),(#5432,#5433,#5434,#5435,#5436,
#5437),(#5438,#5439,#5440,#5441,#5442,#5443),(#5444,#5445,#5446,#5447,#5448,
#5449),(#5450,#5451,#5452,#5453,#5454,#5455),(#5456,#5457,#5458,#5459,#5460,
#5461),(#5462,#5463,#5464,#5465,#5466,#5467),(#5468,#5469,#5470,#5471,#5472,
#5473)),.UNSPECIFIED.,.F.,.F.,.F.,(4,1,1,1,1,1,4),(4,1,1,4),(0.,0.166666666666667,
0.333333333333333,0.5,0.666666666666667,0.833333333333333,1.),(0.,0.333333333333333,
0.666666666666667,1.),.UNSPECIFIED.);
#3042=B_SPLINE_SURFACE_WITH_KNOTS('',3,3,((#5556,#5557,#5558,#5559,#5560,
#5561,#5562,#5563,#5564),(#5565,#5566,#5567,#5568,#5569,#5570,#5571,#5572,
#5573),(#5574,#5575,#5576,#5577,#5578,#5579,#5580,#5581,#5582),(#5583,#5584,
#5585,#5586,#5587,#5588,#5589,#5590,#5591),(#5592,#5593,#5594,#5595,#5596,
#5597,#5598,#5599,#5600),(#5601,#5602,#5603,#5604,#5605,#5606,#5607,#5608,
#5609)),.UNSPECIFIED.,.F.,.F.,.F.,(4,1,1,4),(4,1,1,1,1,1,4),(0.,0.333333333333333,
0.666666666666667,1.),(0.,0.166666666666667,0.333333333333333,0.5,0.666666666666667,
0.833333333333333,1.),.UNSPECIFIED.);
#3043=B_SPLINE_SURFACE_WITH_KNOTS('',3,3,((#5620,#5621,#5622,#5623,#5624,
#5625),(#5626,#5627,#5628,#5629,#5630,#5631),(#5632,#5633,#5634,#5635,#5636,
#5637),(#5638,#5639,#5640,#5641,#5642,#5643),(#5644,#5645,#5646,#5647,#5648,
#5649),(#5650,#5651,#5652,#5653,#5654,#5655),(#5656,#5657,#5658,#5659,#5660,
#5661),(#5662,#5663,#5664,#5665,#5666,#5667),(#5668,#5669,#5670,#5671,#5672,
#5673),(#5674,#5675,#5676,#5677,#5678,#5679),(#5680,#5681,#5682,#5683,#5684,
#5685)),.UNSPECIFIED.,.F.,.F.,.F.,(4,1,1,1,1,1,1,1,4),(4,1,1,4),(0.,0.125,
0.25,0.375,0.5,0.625,0.75,0.875,1.),(0.,0.333333333333333,0.666666666666667,
1.),.UNSPECIFIED.);
#3044=B_SPLINE_SURFACE_WITH_KNOTS('',3,3,((#5709,#5710,#5711,#5712,#5713,
#5714,#5715,#5716,#5717,#5718,#5719),(#5720,#5721,#5722,#5723,#5724,#5725,
#5726,#5727,#5728,#5729,#5730),(#5731,#5732,#5733,#5734,#5735,#5736,#5737,
#5738,#5739,#5740,#5741),(#5742,#5743,#5744,#5745,#5746,#5747,#5748,#5749,
#5750,#5751,#5752),(#5753,#5754,#5755,#5756,#5757,#5758,#5759,#5760,#5761,
#5762,#5763),(#5764,#5765,#5766,#5767,#5768,#5769,#5770,#5771,#5772,#5773,
#5774)),.UNSPECIFIED.,.F.,.F.,.F.,(4,1,1,4),(4,1,1,1,1,1,1,1,4),(0.,0.333333333333333,
0.666666666666667,1.),(0.,0.125,0.25,0.375,0.5,0.625,0.75,0.875,1.),
 .UNSPECIFIED.);
#3045=B_SPLINE_SURFACE_WITH_KNOTS('',3,3,((#5854,#5855,#5856,#5857,#5858,
#5859),(#5860,#5861,#5862,#5863,#5864,#5865),(#5866,#5867,#5868,#5869,#5870,
#5871),(#5872,#5873,#5874,#5875,#5876,#5877),(#5878,#5879,#5880,#5881,#5882,
#5883),(#5884,#5885,#5886,#5887,#5888,#5889),(#5890,#5891,#5892,#5893,#5894,
#5895),(#5896,#5897,#5898,#5899,#5900,#5901),(#5902,#5903,#5904,#5905,#5906,
#5907),(#5908,#5909,#5910,#5911,#5912,#5913),(#5914,#5915,#5916,#5917,#5918,
#5919)),.UNSPECIFIED.,.F.,.F.,.F.,(4,1,1,1,1,1,1,1,4),(4,1,1,4),(0.,0.125,
0.25,0.375,0.5,0.625,0.75,0.875,1.),(0.,0.333333333333333,0.666666666666667,
1.),.UNSPECIFIED.);
#3046=B_SPLINE_SURFACE_WITH_KNOTS('',3,3,((#5992,#5993,#5994,#5995,#5996,
#5997,#5998,#5999,#6000,#6001,#6002),(#6003,#6004,#6005,#6006,#6007,#6008,
#6009,#6010,#6011,#6012,#6013),(#6014,#6015,#6016,#6017,#6018,#6019,#6020,
#6021,#6022,#6023,#6024),(#6025,#6026,#6027,#6028,#6029,#6030,#6031,#6032,
#6033,#6034,#6035),(#6036,#6037,#6038,#6039,#6040,#6041,#6042,#6043,#6044,
#6045,#6046),(#6047,#6048,#6049,#6050,#6051,#6052,#6053,#6054,#6055,#6056,
#6057)),.UNSPECIFIED.,.F.,.F.,.F.,(4,1,1,4),(4,1,1,1,1,1,1,1,4),(0.,0.333333333333333,
0.666666666666667,1.),(0.,0.125,0.25,0.375,0.5,0.625,0.75,0.875,1.),
 .UNSPECIFIED.);
#3047=B_SPLINE_SURFACE_WITH_KNOTS('',3,3,((#6146,#6147,#6148,#6149,#6150,
#6151),(#6152,#6153,#6154,#6155,#6156,#6157),(#6158,#6159,#6160,#6161,#6162,
#6163),(#6164,#6165,#6166,#6167,#6168,#6169),(#6170,#6171,#6172,#6173,#6174,
#6175),(#6176,#6177,#6178,#6179,#6180,#6181),(#6182,#6183,#6184,#6185,#6186,
#6187),(#6188,#6189,#6190,#6191,#6192,#6193),(#6194,#6195,#6196,#6197,#6198,
#6199),(#6200,#6201,#6202,#6203,#6204,#6205),(#6206,#6207,#6208,#6209,#6210,
#6211)),.UNSPECIFIED.,.F.,.F.,.F.,(4,1,1,1,1,1,1,1,4),(4,1,1,4),(0.,0.125,
0.25,0.375,0.5,0.625,0.75,0.875,1.),(0.,0.333333333333333,0.666666666666667,
1.),.UNSPECIFIED.);
#3048=B_SPLINE_SURFACE_WITH_KNOTS('',3,3,((#6289,#6290,#6291,#6292,#6293,
#6294),(#6295,#6296,#6297,#6298,#6299,#6300),(#6301,#6302,#6303,#6304,#6305,
#6306),(#6307,#6308,#6309,#6310,#6311,#6312),(#6313,#6314,#6315,#6316,#6317,
#6318),(#6319,#6320,#6321,#6322,#6323,#6324),(#6325,#6326,#6327,#6328,#6329,
#6330),(#6331,#6332,#6333,#6334,#6335,#6336),(#6337,#6338,#6339,#6340,#6341,
#6342),(#6343,#6344,#6345,#6346,#6347,#6348)),.UNSPECIFIED.,.F.,.F.,.F.,
(4,1,1,1,1,1,1,4),(4,1,1,4),(0.,0.142857142857143,0.285714285714286,0.428571428571429,
0.571428571428571,0.714285714285714,0.857142857142857,1.),(0.,0.333333333333333,
0.666666666666667,1.),.UNSPECIFIED.);
#3049=B_SPLINE_SURFACE_WITH_KNOTS('',3,3,((#6371,#6372,#6373,#6374,#6375,
#6376,#6377,#6378,#6379,#6380),(#6381,#6382,#6383,#6384,#6385,#6386,#6387,
#6388,#6389,#6390),(#6391,#6392,#6393,#6394,#6395,#6396,#6397,#6398,#6399,
#6400),(#6401,#6402,#6403,#6404,#6405,#6406,#6407,#6408,#6409,#6410),(#6411,
#6412,#6413,#6414,#6415,#6416,#6417,#6418,#6419,#6420),(#6421,#6422,#6423,
#6424,#6425,#6426,#6427,#6428,#6429,#6430)),.UNSPECIFIED.,.F.,.F.,.F.,(4,
1,1,4),(4,1,1,1,1,1,1,4),(0.,0.333333333333333,0.666666666666667,1.),(0.,
0.142857142857143,0.285714285714286,0.428571428571429,0.571428571428571,
0.714285714285714,0.857142857142857,1.),.UNSPECIFIED.);
#3050=B_SPLINE_SURFACE_WITH_KNOTS('',3,3,((#6510,#6511,#6512,#6513,#6514,
#6515),(#6516,#6517,#6518,#6519,#6520,#6521),(#6522,#6523,#6524,#6525,#6526,
#6527),(#6528,#6529,#6530,#6531,#6532,#6533),(#6534,#6535,#6536,#6537,#6538,
#6539),(#6540,#6541,#6542,#6543,#6544,#6545),(#6546,#6547,#6548,#6549,#6550,
#6551),(#6552,#6553,#6554,#6555,#6556,#6557),(#6558,#6559,#6560,#6561,#6562,
#6563),(#6564,#6565,#6566,#6567,#6568,#6569)),.UNSPECIFIED.,.F.,.F.,.F.,
(4,1,1,1,1,1,1,4),(4,1,1,4),(0.,0.142857142857143,0.285714285714286,0.428571428571429,
0.571428571428571,0.714285714285714,0.857142857142857,1.),(0.,0.333333333333333,
0.666666666666667,1.),.UNSPECIFIED.);
#3051=B_SPLINE_SURFACE_WITH_KNOTS('',3,3,((#6650,#6651,#6652,#6653,#6654,
#6655,#6656,#6657,#6658,#6659),(#6660,#6661,#6662,#6663,#6664,#6665,#6666,
#6667,#6668,#6669),(#6670,#6671,#6672,#6673,#6674,#6675,#6676,#6677,#6678,
#6679),(#6680,#6681,#6682,#6683,#6684,#6685,#6686,#6687,#6688,#6689),(#6690,
#6691,#6692,#6693,#6694,#6695,#6696,#6697,#6698,#6699),(#6700,#6701,#6702,
#6703,#6704,#6705,#6706,#6707,#6708,#6709)),.UNSPECIFIED.,.F.,.F.,.F.,(4,
1,1,4),(4,1,1,1,1,1,1,4),(0.,0.333333333333333,0.666666666666667,1.),(0.,
0.142857142857143,0.285714285714286,0.428571428571429,0.571428571428571,
0.714285714285714,0.857142857142857,1.),.UNSPECIFIED.);
#3052=B_SPLINE_SURFACE_WITH_KNOTS('',3,3,((#6786,#6787,#6788,#6789,#6790,
#6791),(#6792,#6793,#6794,#6795,#6796,#6797),(#6798,#6799,#6800,#6801,#6802,
#6803),(#6804,#6805,#6806,#6807,#6808,#6809),(#6810,#6811,#6812,#6813,#6814,
#6815),(#6816,#6817,#6818,#6819,#6820,#6821),(#6822,#6823,#6824,#6825,#6826,
#6827),(#6828,#6829,#6830,#6831,#6832,#6833),(#6834,#6835,#6836,#6837,#6838,
#6839)),.UNSPECIFIED.,.F.,.F.,.F.,(4,1,1,1,1,1,4),(4,1,1,4),(0.,0.166666666666667,
0.333333333333333,0.5,0.666666666666667,0.833333333333333,1.),(0.,0.333333333333333,
0.666666666666667,1.),.UNSPECIFIED.);
#3053=B_SPLINE_SURFACE_WITH_KNOTS('',3,3,((#7074,#7075,#7076,#7077,#7078,
#7079,#7080,#7081),(#7082,#7083,#7084,#7085,#7086,#7087,#7088,#7089),(#7090,
#7091,#7092,#7093,#7094,#7095,#7096,#7097),(#7098,#7099,#7100,#7101,#7102,
#7103,#7104,#7105),(#7106,#7107,#7108,#7109,#7110,#7111,#7112,#7113)),
 .UNSPECIFIED.,.F.,.F.,.F.,(4,1,4),(4,2,1,1,4),(0.,0.571428571428571,1.),
(-0.00275188108300363,0.,1.1094846703921,1.47931289385613,1.84914111732016),
 .UNSPECIFIED.);
#3054=B_SPLINE_SURFACE_WITH_KNOTS('',3,3,((#7134,#7135,#7136,#7137,#7138),
(#7139,#7140,#7141,#7142,#7143),(#7144,#7145,#7146,#7147,#7148),(#7149,
#7150,#7151,#7152,#7153),(#7154,#7155,#7156,#7157,#7158)),.UNSPECIFIED.,
 .F.,.F.,.F.,(4,1,4),(4,1,4),(0.,0.571428571428571,1.),(0.,0.71992950290139,
1.67983550676991),.UNSPECIFIED.);
#3055=B_SPLINE_SURFACE_WITH_KNOTS('',3,3,((#7188,#7189,#7190,#7191,#7192),
(#7193,#7194,#7195,#7196,#7197),(#7198,#7199,#7200,#7201,#7202),(#7203,
#7204,#7205,#7206,#7207),(#7208,#7209,#7210,#7211,#7212)),.UNSPECIFIED.,
 .F.,.F.,.F.,(4,1,4),(4,1,4),(0.,0.571428571428571,1.),(1.26887321138462E-13,
0.526773222814084,1.22913751989936),.UNSPECIFIED.);
#3056=B_SPLINE_SURFACE_WITH_KNOTS('',3,3,((#7227,#7228,#7229,#7230,#7231),
(#7232,#7233,#7234,#7235,#7236),(#7237,#7238,#7239,#7240,#7241),(#7242,
#7243,#7244,#7245,#7246),(#7247,#7248,#7249,#7250,#7251)),.UNSPECIFIED.,
 .F.,.F.,.F.,(4,1,4),(4,1,4),(0.,0.571428571428571,1.),(-0.826998433594082,
-0.472570533482332,3.23815048849005E-16),.UNSPECIFIED.);
#3057=B_SPLINE_SURFACE_WITH_KNOTS('',3,3,((#7323,#7324,#7325,#7326,#7327,
#7328,#7329,#7330,#7331),(#7332,#7333,#7334,#7335,#7336,#7337,#7338,#7339,
#7340),(#7341,#7342,#7343,#7344,#7345,#7346,#7347,#7348,#7349),(#7350,#7351,
#7352,#7353,#7354,#7355,#7356,#7357,#7358),(#7359,#7360,#7361,#7362,#7363,
#7364,#7365,#7366,#7367),(#7368,#7369,#7370,#7371,#7372,#7373,#7374,#7375,
#7376)),.UNSPECIFIED.,.F.,.F.,.F.,(4,1,1,4),(4,1,1,1,1,1,4),(0.,0.333333333333333,
0.666666666666667,1.),(0.,0.166666666666667,0.333333333333333,0.5,0.666666666666667,
0.833333333333333,1.),.UNSPECIFIED.);
#3058=B_SPLINE_SURFACE_WITH_KNOTS('',3,3,((#7429,#7430,#7431,#7432,#7433,
#7434,#7435,#7436,#7437,#7438,#7439),(#7440,#7441,#7442,#7443,#7444,#7445,
#7446,#7447,#7448,#7449,#7450),(#7451,#7452,#7453,#7454,#7455,#7456,#7457,
#7458,#7459,#7460,#7461),(#7462,#7463,#7464,#7465,#7466,#7467,#7468,#7469,
#7470,#7471,#7472),(#7473,#7474,#7475,#7476,#7477,#7478,#7479,#7480,#7481,
#7482,#7483),(#7484,#7485,#7486,#7487,#7488,#7489,#7490,#7491,#7492,#7493,
#7494)),.UNSPECIFIED.,.F.,.F.,.F.,(4,1,1,4),(4,1,1,1,1,1,1,1,4),(0.,0.333333333333333,
0.666666666666667,1.),(0.,0.125,0.25,0.375,0.5,0.625,0.75,0.875,1.),
 .UNSPECIFIED.);
#3059=B_SPLINE_SURFACE_WITH_KNOTS('',3,3,((#7679,#7680,#7681,#7682,#7683,
#7684,#7685,#7686),(#7687,#7688,#7689,#7690,#7691,#7692,#7693,#7694),(#7695,
#7696,#7697,#7698,#7699,#7700,#7701,#7702),(#7703,#7704,#7705,#7706,#7707,
#7708,#7709,#7710),(#7711,#7712,#7713,#7714,#7715,#7716,#7717,#7718)),
 .UNSPECIFIED.,.F.,.F.,.F.,(4,1,4),(4,2,1,1,4),(0.,0.571428571428571,1.),
(-0.00275188108300363,0.,1.1094846703921,1.47931289385613,1.84914111732016),
 .UNSPECIFIED.);
#3060=B_SPLINE_SURFACE_WITH_KNOTS('',3,3,((#7739,#7740,#7741,#7742,#7743),
(#7744,#7745,#7746,#7747,#7748),(#7749,#7750,#7751,#7752,#7753),(#7754,
#7755,#7756,#7757,#7758),(#7759,#7760,#7761,#7762,#7763)),.UNSPECIFIED.,
 .F.,.F.,.F.,(4,1,4),(4,1,4),(0.,0.571428571428571,1.),(0.,0.71992950290139,
1.67983550676991),.UNSPECIFIED.);
#3061=B_SPLINE_SURFACE_WITH_KNOTS('',3,3,((#7793,#7794,#7795,#7796,#7797),
(#7798,#7799,#7800,#7801,#7802),(#7803,#7804,#7805,#7806,#7807),(#7808,
#7809,#7810,#7811,#7812),(#7813,#7814,#7815,#7816,#7817)),.UNSPECIFIED.,
 .F.,.F.,.F.,(4,1,4),(4,1,4),(0.,0.571428571428571,1.),(1.26887321138462E-13,
0.526773222814084,1.22913751989936),.UNSPECIFIED.);
#3062=B_SPLINE_SURFACE_WITH_KNOTS('',3,3,((#7832,#7833,#7834,#7835,#7836),
(#7837,#7838,#7839,#7840,#7841),(#7842,#7843,#7844,#7845,#7846),(#7847,
#7848,#7849,#7850,#7851),(#7852,#7853,#7854,#7855,#7856)),.UNSPECIFIED.,
 .F.,.F.,.F.,(4,1,4),(4,1,4),(0.,0.571428571428571,1.),(-0.826998433594082,
-0.472570533482332,3.23815048849005E-16),.UNSPECIFIED.);
#3063=B_SPLINE_SURFACE_WITH_KNOTS('',3,3,((#7923,#7924,#7925,#7926,#7927,
#7928),(#7929,#7930,#7931,#7932,#7933,#7934),(#7935,#7936,#7937,#7938,#7939,
#7940),(#7941,#7942,#7943,#7944,#7945,#7946),(#7947,#7948,#7949,#7950,#7951,
#7952),(#7953,#7954,#7955,#7956,#7957,#7958),(#7959,#7960,#7961,#7962,#7963,
#7964),(#7965,#7966,#7967,#7968,#7969,#7970),(#7971,#7972,#7973,#7974,#7975,
#7976),(#7977,#7978,#7979,#7980,#7981,#7982)),.UNSPECIFIED.,.F.,.F.,.F.,
(4,1,1,1,1,1,1,4),(4,1,1,4),(0.,0.142857142857143,0.285714285714286,0.428571428571429,
0.571428571428571,0.714285714285714,0.857142857142857,1.),(0.,0.333333333333333,
0.666666666666667,1.),.UNSPECIFIED.);
#3064=B_SPLINE_SURFACE_WITH_KNOTS('',3,3,((#8035,#8036,#8037,#8038,#8039,
#8040),(#8041,#8042,#8043,#8044,#8045,#8046),(#8047,#8048,#8049,#8050,#8051,
#8052),(#8053,#8054,#8055,#8056,#8057,#8058),(#8059,#8060,#8061,#8062,#8063,
#8064),(#8065,#8066,#8067,#8068,#8069,#8070),(#8071,#8072,#8073,#8074,#8075,
#8076),(#8077,#8078,#8079,#8080,#8081,#8082),(#8083,#8084,#8085,#8086,#8087,
#8088),(#8089,#8090,#8091,#8092,#8093,#8094),(#8095,#8096,#8097,#8098,#8099,
#8100)),.UNSPECIFIED.,.F.,.F.,.F.,(4,1,1,1,1,1,1,1,4),(4,1,1,4),(0.,0.125,
0.25,0.375,0.5,0.625,0.75,0.875,1.),(0.,0.333333333333333,0.666666666666667,
1.),.UNSPECIFIED.);
#3065=ADVANCED_FACE('',(#776),#3033,.T.);
#3066=ADVANCED_FACE('',(#777),#3034,.T.);
#3067=ADVANCED_FACE('',(#778),#3035,.T.);
#3068=ADVANCED_FACE('',(#779),#3036,.T.);
#3069=ADVANCED_FACE('',(#780),#3037,.T.);
#3070=ADVANCED_FACE('',(#781),#3038,.T.);
#3071=ADVANCED_FACE('',(#782),#3039,.T.);
#3072=ADVANCED_FACE('',(#783),#3040,.T.);
#3073=ADVANCED_FACE('',(#784),#3041,.T.);
#3074=ADVANCED_FACE('',(#785),#3042,.T.);
#3075=ADVANCED_FACE('',(#786),#3043,.F.);
#3076=ADVANCED_FACE('',(#787),#3044,.F.);
#3077=ADVANCED_FACE('',(#788),#3045,.F.);
#3078=ADVANCED_FACE('',(#789),#3046,.F.);
#3079=ADVANCED_FACE('',(#790),#3047,.F.);
#3080=ADVANCED_FACE('',(#791),#3048,.F.);
#3081=ADVANCED_FACE('',(#792),#3049,.F.);
#3082=ADVANCED_FACE('',(#793),#3050,.F.);
#3083=ADVANCED_FACE('',(#794),#3051,.F.);
#3084=ADVANCED_FACE('',(#795),#3052,.F.);
#3085=ADVANCED_FACE('',(#796),#676,.F.);
#3086=ADVANCED_FACE('',(#797),#677,.F.);
#3087=ADVANCED_FACE('',(#798),#678,.F.);
#3088=ADVANCED_FACE('',(#799),#679,.F.);
#3089=ADVANCED_FACE('',(#800),#680,.F.);
#3090=ADVANCED_FACE('',(#801),#681,.F.);
#3091=ADVANCED_FACE('',(#802),#682,.F.);
#3092=ADVANCED_FACE('',(#803),#683,.F.);
#3093=ADVANCED_FACE('',(#804),#684,.F.);
#3094=ADVANCED_FACE('',(#805),#685,.F.);
#3095=ADVANCED_FACE('',(#806),#686,.F.);
#3096=ADVANCED_FACE('',(#807),#687,.F.);
#3097=ADVANCED_FACE('',(#808),#688,.F.);
#3098=ADVANCED_FACE('',(#809),#689,.F.);
#3099=ADVANCED_FACE('',(#810),#690,.F.);
#3100=ADVANCED_FACE('',(#811),#691,.F.);
#3101=ADVANCED_FACE('',(#812),#692,.T.);
#3102=ADVANCED_FACE('',(#813),#53,.F.);
#3103=ADVANCED_FACE('',(#814),#54,.T.);
#3104=ADVANCED_FACE('',(#815),#693,.T.);
#3105=ADVANCED_FACE('',(#816),#55,.F.);
#3106=ADVANCED_FACE('',(#817),#56,.F.);
#3107=ADVANCED_FACE('',(#818),#57,.F.);
#3108=ADVANCED_FACE('',(#819,#23),#694,.F.);
#3109=ADVANCED_FACE('',(#820),#3053,.F.);
#3110=ADVANCED_FACE('',(#821),#3054,.F.);
#3111=ADVANCED_FACE('',(#822),#3055,.F.);
#3112=ADVANCED_FACE('',(#823),#58,.T.);
#3113=ADVANCED_FACE('',(#824),#3056,.T.);
#3114=ADVANCED_FACE('',(#825),#59,.T.);
#3115=ADVANCED_FACE('',(#826),#60,.T.);
#3116=ADVANCED_FACE('',(#827),#695,.F.);
#3117=ADVANCED_FACE('',(#828,#24),#696,.T.);
#3118=ADVANCED_FACE('',(#829,#25),#697,.F.);
#3119=ADVANCED_FACE('',(#830),#698,.F.);
#3120=ADVANCED_FACE('',(#831),#3057,.F.);
#3121=ADVANCED_FACE('',(#832),#61,.T.);
#3122=ADVANCED_FACE('',(#833),#62,.T.);
#3123=ADVANCED_FACE('',(#834),#699,.F.);
#3124=ADVANCED_FACE('',(#835,#26),#700,.F.);
#3125=ADVANCED_FACE('',(#836),#701,.F.);
#3126=ADVANCED_FACE('',(#837,#27),#702,.F.);
#3127=ADVANCED_FACE('',(#838),#703,.F.);
#3128=ADVANCED_FACE('',(#839),#704,.F.);
#3129=ADVANCED_FACE('',(#840),#705,.T.);
#3130=ADVANCED_FACE('',(#841),#3058,.F.);
#3131=ADVANCED_FACE('',(#842),#63,.T.);
#3132=ADVANCED_FACE('',(#843),#64,.F.);
#3133=ADVANCED_FACE('',(#844),#706,.F.);
#3134=ADVANCED_FACE('',(#845),#707,.T.);
#3135=ADVANCED_FACE('',(#846),#708,.T.);
#3136=ADVANCED_FACE('',(#847),#65,.F.);
#3137=ADVANCED_FACE('',(#848),#709,.T.);
#3138=ADVANCED_FACE('',(#849),#66,.F.);
#3139=ADVANCED_FACE('',(#850),#710,.T.);
#3140=ADVANCED_FACE('',(#851),#67,.T.);
#3141=ADVANCED_FACE('',(#852),#711,.F.);
#3142=ADVANCED_FACE('',(#853),#712,.T.);
#3143=ADVANCED_FACE('',(#854,#28),#713,.F.);
#3144=ADVANCED_FACE('',(#855),#68,.F.);
#3145=ADVANCED_FACE('',(#856,#29),#714,.F.);
#3146=ADVANCED_FACE('',(#857),#69,.F.);
#3147=ADVANCED_FACE('',(#858),#70,.F.);
#3148=ADVANCED_FACE('',(#859),#715,.T.);
#3149=ADVANCED_FACE('',(#860),#71,.F.);
#3150=ADVANCED_FACE('',(#861),#72,.F.);
#3151=ADVANCED_FACE('',(#862),#716,.T.);
#3152=ADVANCED_FACE('',(#863),#717,.T.);
#3153=ADVANCED_FACE('',(#864),#718,.T.);
#3154=ADVANCED_FACE('',(#865),#719,.F.);
#3155=ADVANCED_FACE('',(#866),#720,.F.);
#3156=ADVANCED_FACE('',(#867),#721,.F.);
#3157=ADVANCED_FACE('',(#868,#30),#722,.F.);
#3158=ADVANCED_FACE('',(#869),#723,.F.);
#3159=ADVANCED_FACE('',(#870,#31),#724,.F.);
#3160=ADVANCED_FACE('',(#871),#725,.F.);
#3161=ADVANCED_FACE('',(#872),#726,.F.);
#3162=ADVANCED_FACE('',(#873),#727,.F.);
#3163=ADVANCED_FACE('',(#874),#728,.F.);
#3164=ADVANCED_FACE('',(#875),#73,.T.);
#3165=ADVANCED_FACE('',(#876),#729,.F.);
#3166=ADVANCED_FACE('',(#877),#74,.F.);
#3167=ADVANCED_FACE('',(#878),#75,.F.);
#3168=ADVANCED_FACE('',(#879),#76,.F.);
#3169=ADVANCED_FACE('',(#880,#32),#730,.T.);
#3170=ADVANCED_FACE('',(#881),#3059,.T.);
#3171=ADVANCED_FACE('',(#882),#3060,.T.);
#3172=ADVANCED_FACE('',(#883),#3061,.T.);
#3173=ADVANCED_FACE('',(#884),#77,.T.);
#3174=ADVANCED_FACE('',(#885),#3062,.F.);
#3175=ADVANCED_FACE('',(#886),#78,.T.);
#3176=ADVANCED_FACE('',(#887),#79,.T.);
#3177=ADVANCED_FACE('',(#888),#731,.T.);
#3178=ADVANCED_FACE('',(#889,#33),#732,.F.);
#3179=ADVANCED_FACE('',(#890,#34),#733,.T.);
#3180=ADVANCED_FACE('',(#891),#734,.T.);
#3181=ADVANCED_FACE('',(#892),#3063,.T.);
#3182=ADVANCED_FACE('',(#893),#80,.T.);
#3183=ADVANCED_FACE('',(#894),#81,.T.);
#3184=ADVANCED_FACE('',(#895),#82,.T.);
#3185=ADVANCED_FACE('',(#896),#735,.T.);
#3186=ADVANCED_FACE('',(#897,#35),#736,.T.);
#3187=ADVANCED_FACE('',(#898),#737,.T.);
#3188=ADVANCED_FACE('',(#899,#36),#738,.T.);
#3189=ADVANCED_FACE('',(#900),#739,.T.);
#3190=ADVANCED_FACE('',(#901),#740,.T.);
#3191=ADVANCED_FACE('',(#902),#741,.F.);
#3192=ADVANCED_FACE('',(#903),#3064,.T.);
#3193=ADVANCED_FACE('',(#904),#83,.T.);
#3194=ADVANCED_FACE('',(#905),#84,.T.);
#3195=ADVANCED_FACE('',(#906),#85,.F.);
#3196=ADVANCED_FACE('',(#907),#742,.T.);
#3197=ADVANCED_FACE('',(#908),#743,.F.);
#3198=ADVANCED_FACE('',(#909),#744,.T.);
#3199=ADVANCED_FACE('',(#910),#745,.F.);
#3200=ADVANCED_FACE('',(#911),#746,.F.);
#3201=ADVANCED_FACE('',(#912),#747,.F.);
#3202=ADVANCED_FACE('',(#913),#748,.F.);
#3203=ADVANCED_FACE('',(#914),#86,.F.);
#3204=ADVANCED_FACE('',(#915),#749,.F.);
#3205=ADVANCED_FACE('',(#916),#87,.F.);
#3206=ADVANCED_FACE('',(#917),#750,.F.);
#3207=ADVANCED_FACE('',(#918),#88,.T.);
#3208=ADVANCED_FACE('',(#919),#751,.T.);
#3209=ADVANCED_FACE('',(#920),#752,.F.);
#3210=ADVANCED_FACE('',(#921),#753,.F.);
#3211=ADVANCED_FACE('',(#922,#37,#38,#39,#40,#41,#42,#43,#44),#754,.T.);
#3212=ADVANCED_FACE('',(#923,#45),#755,.T.);
#3213=ADVANCED_FACE('',(#924),#89,.F.);
#3214=ADVANCED_FACE('',(#925,#46),#756,.T.);
#3215=ADVANCED_FACE('',(#926),#90,.F.);
#3216=ADVANCED_FACE('',(#927),#91,.F.);
#3217=ADVANCED_FACE('',(#928),#757,.F.);
#3218=ADVANCED_FACE('',(#929),#92,.F.);
#3219=ADVANCED_FACE('',(#930),#93,.F.);
#3220=ADVANCED_FACE('',(#931),#758,.F.);
#3221=ADVANCED_FACE('',(#932),#759,.F.);
#3222=ADVANCED_FACE('',(#933),#760,.F.);
#3223=ADVANCED_FACE('',(#934),#761,.F.);
#3224=ADVANCED_FACE('',(#935,#47),#762,.F.);
#3225=ADVANCED_FACE('',(#936),#763,.T.);
#3226=ADVANCED_FACE('',(#937),#764,.F.);
#3227=ADVANCED_FACE('',(#938),#765,.T.);
#3228=ADVANCED_FACE('',(#939),#766,.T.);
#3229=ADVANCED_FACE('',(#940,#48),#767,.T.);
#3230=ADVANCED_FACE('',(#941),#768,.T.);
#3231=ADVANCED_FACE('',(#942,#49),#769,.T.);
#3232=ADVANCED_FACE('',(#943),#770,.T.);
#3233=ADVANCED_FACE('',(#944),#771,.T.);
#3234=ADVANCED_FACE('',(#945,#50,#51,#52),#772,.T.);
#3235=ADVANCED_FACE('',(#946),#773,.T.);
#3236=ADVANCED_FACE('',(#947),#774,.T.);
#3237=ADVANCED_FACE('',(#948),#775,.T.);
#3238=CLOSED_SHELL('',(#3065,#3066,#3067,#3068,#3069,#3070,#3071,#3072,
#3073,#3074,#3075,#3076,#3077,#3078,#3079,#3080,#3081,#3082,#3083,#3084,
#3085,#3086,#3087,#3088,#3089,#3090,#3091,#3092,#3093,#3094,#3095,#3096,
#3097,#3098,#3099,#3100,#3101,#3102,#3103,#3104,#3105,#3106,#3107,#3108,
#3109,#3110,#3111,#3112,#3113,#3114,#3115,#3116,#3117,#3118,#3119,#3120,
#3121,#3122,#3123,#3124,#3125,#3126,#3127,#3128,#3129,#3130,#3131,#3132,
#3133,#3134,#3135,#3136,#3137,#3138,#3139,#3140,#3141,#3142,#3143,#3144,
#3145,#3146,#3147,#3148,#3149,#3150,#3151,#3152,#3153,#3154,#3155,#3156,
#3157,#3158,#3159,#3160,#3161,#3162,#3163,#3164,#3165,#3166,#3167,#3168,
#3169,#3170,#3171,#3172,#3173,#3174,#3175,#3176,#3177,#3178,#3179,#3180,
#3181,#3182,#3183,#3184,#3185,#3186,#3187,#3188,#3189,#3190,#3191,#3192,
#3193,#3194,#3195,#3196,#3197,#3198,#3199,#3200,#3201,#3202,#3203,#3204,
#3205,#3206,#3207,#3208,#3209,#3210,#3211,#3212,#3213,#3214,#3215,#3216,
#3217,#3218,#3219,#3220,#3221,#3222,#3223,#3224,#3225,#3226,#3227,#3228,
#3229,#3230,#3231,#3232,#3233,#3234,#3235,#3236,#3237));
#3239=DERIVED_UNIT_ELEMENT(#3241,1.);
#3240=DERIVED_UNIT_ELEMENT(#8274,-3.);
#3241=(
MASS_UNIT()
NAMED_UNIT(*)
SI_UNIT(.KILO.,.GRAM.)
);
#3242=DERIVED_UNIT((#3239,#3240));
#3243=MEASURE_REPRESENTATION_ITEM('density measure',
POSITIVE_RATIO_MEASURE(7850.),#3242);
#3244=PROPERTY_DEFINITION_REPRESENTATION(#3249,#3246);
#3245=PROPERTY_DEFINITION_REPRESENTATION(#3250,#3247);
#3246=REPRESENTATION('material name',(#3248),#8271);
#3247=REPRESENTATION('density',(#3243),#8271);
#3248=DESCRIPTIVE_REPRESENTATION_ITEM('Steel','Steel');
#3249=PROPERTY_DEFINITION('material property','material name',#8286);
#3250=PROPERTY_DEFINITION('material property','density of part',#8286);
#3251=AXIS2_PLACEMENT_3D('',#4322,#3511,#3512);
#3252=AXIS2_PLACEMENT_3D('',#4323,#3513,#3514);
#3253=AXIS2_PLACEMENT_3D('',#4481,#3515,#3516);
#3254=AXIS2_PLACEMENT_3D('',#4561,#3517,#3518);
#3255=AXIS2_PLACEMENT_3D('',#4773,#3519,#3520);
#3256=AXIS2_PLACEMENT_3D('',#4853,#3521,#3522);
#3257=AXIS2_PLACEMENT_3D('',#4991,#3523,#3524);
#3258=AXIS2_PLACEMENT_3D('',#4992,#3525,#3526);
#3259=AXIS2_PLACEMENT_3D('',#5143,#3527,#3528);
#3260=AXIS2_PLACEMENT_3D('',#5216,#3529,#3530);
#3261=AXIS2_PLACEMENT_3D('',#5419,#3531,#3532);
#3262=AXIS2_PLACEMENT_3D('',#5485,#3533,#3534);
#3263=AXIS2_PLACEMENT_3D('',#5618,#3535,#3536);
#3264=AXIS2_PLACEMENT_3D('',#5619,#3537,#3538);
#3265=AXIS2_PLACEMENT_3D('',#5707,#3539,#3540);
#3266=AXIS2_PLACEMENT_3D('',#5708,#3541,#3542);
#3267=AXIS2_PLACEMENT_3D('',#5776,#3543,#3544);
#3268=AXIS2_PLACEMENT_3D('',#5980,#3545,#3546);
#3269=AXIS2_PLACEMENT_3D('',#6059,#3547,#3548);
#3270=AXIS2_PLACEMENT_3D('',#6277,#3549,#3550);
#3271=AXIS2_PLACEMENT_3D('',#6369,#3551,#3552);
#3272=AXIS2_PLACEMENT_3D('',#6370,#3553,#3554);
#3273=AXIS2_PLACEMENT_3D('',#6432,#3555,#3556);
#3274=AXIS2_PLACEMENT_3D('',#6639,#3557,#3558);
#3275=AXIS2_PLACEMENT_3D('',#6711,#3559,#3560);
#3276=AXIS2_PLACEMENT_3D('',#6912,#3561,#3562);
#3277=AXIS2_PLACEMENT_3D('',#6922,#3563,#3564);
#3278=AXIS2_PLACEMENT_3D('',#6931,#3569,#3570);
#3279=AXIS2_PLACEMENT_3D('',#6937,#3574,#3575);
#3280=AXIS2_PLACEMENT_3D('',#6943,#3579,#3580);
#3281=AXIS2_PLACEMENT_3D('',#6946,#3583,#3584);
#3282=AXIS2_PLACEMENT_3D('',#6947,#3585,#3586);
#3283=AXIS2_PLACEMENT_3D('',#6964,#3595,#3596);
#3284=AXIS2_PLACEMENT_3D('',#6970,#3600,#3601);
#3285=AXIS2_PLACEMENT_3D('',#6974,#3604,#3605);
#3286=AXIS2_PLACEMENT_3D('',#6979,#3609,#3610);
#3287=AXIS2_PLACEMENT_3D('',#6981,#3612,#3613);
#3288=AXIS2_PLACEMENT_3D('',#6990,#3618,#3619);
#3289=AXIS2_PLACEMENT_3D('',#6999,#3624,#3625);
#3290=AXIS2_PLACEMENT_3D('',#7006,#3630,#3631);
#3291=AXIS2_PLACEMENT_3D('',#7010,#3634,#3635);
#3292=AXIS2_PLACEMENT_3D('',#7015,#3639,#3640);
#3293=AXIS2_PLACEMENT_3D('',#7017,#3642,#3643);
#3294=AXIS2_PLACEMENT_3D('',#7023,#3647,#3648);
#3295=AXIS2_PLACEMENT_3D('',#7025,#3649,#3650);
#3296=AXIS2_PLACEMENT_3D('',#7028,#3652,#3653);
#3297=AXIS2_PLACEMENT_3D('',#7029,#3654,#3655);
#3298=AXIS2_PLACEMENT_3D('',#7034,#3657,#3658);
#3299=AXIS2_PLACEMENT_3D('',#7037,#3660,#3661);
#3300=AXIS2_PLACEMENT_3D('',#7038,#3662,#3663);
#3301=AXIS2_PLACEMENT_3D('',#7040,#3664,#3665);
#3302=AXIS2_PLACEMENT_3D('',#7045,#3668,#3669);
#3303=AXIS2_PLACEMENT_3D('',#7046,#3670,#3671);
#3304=AXIS2_PLACEMENT_3D('',#7051,#3674,#3675);
#3305=AXIS2_PLACEMENT_3D('',#7052,#3676,#3677);
#3306=AXIS2_PLACEMENT_3D('',#7054,#3678,#3679);
#3307=AXIS2_PLACEMENT_3D('',#7056,#3681,#3682);
#3308=AXIS2_PLACEMENT_3D('',#7058,#3683,#3684);
#3309=AXIS2_PLACEMENT_3D('',#7061,#3686,#3687);
#3310=AXIS2_PLACEMENT_3D('',#7062,#3688,#3689);
#3311=AXIS2_PLACEMENT_3D('',#7073,#3695,#3696);
#3312=AXIS2_PLACEMENT_3D('',#7116,#3697,#3698);
#3313=AXIS2_PLACEMENT_3D('',#7182,#3699,#3700);
#3314=AXIS2_PLACEMENT_3D('',#7223,#3701,#3702);
#3315=AXIS2_PLACEMENT_3D('',#7226,#3704,#3705);
#3316=AXIS2_PLACEMENT_3D('',#7253,#3706,#3707);
#3317=AXIS2_PLACEMENT_3D('',#7254,#3708,#3709);
#3318=AXIS2_PLACEMENT_3D('',#7255,#3710,#3711);
#3319=AXIS2_PLACEMENT_3D('',#7258,#3713,#3714);
#3320=AXIS2_PLACEMENT_3D('',#7259,#3715,#3716);
#3321=AXIS2_PLACEMENT_3D('',#7262,#3718,#3719);
#3322=AXIS2_PLACEMENT_3D('',#7264,#3721,#3722);
#3323=AXIS2_PLACEMENT_3D('',#7270,#3725,#3726);
#3324=AXIS2_PLACEMENT_3D('',#7274,#3729,#3730);
#3325=AXIS2_PLACEMENT_3D('',#7276,#3731,#3732);
#3326=AXIS2_PLACEMENT_3D('',#7309,#3750,#3751);
#3327=AXIS2_PLACEMENT_3D('',#7319,#3757,#3758);
#3328=AXIS2_PLACEMENT_3D('',#7320,#3759,#3760);
#3329=AXIS2_PLACEMENT_3D('',#7321,#3761,#3762);
#3330=AXIS2_PLACEMENT_3D('',#7378,#3764,#3765);
#3331=AXIS2_PLACEMENT_3D('',#7379,#3766,#3767);
#3332=AXIS2_PLACEMENT_3D('',#7380,#3768,#3769);
#3333=AXIS2_PLACEMENT_3D('',#7382,#3770,#3771);
#3334=AXIS2_PLACEMENT_3D('',#7384,#3773,#3774);
#3335=AXIS2_PLACEMENT_3D('',#7386,#3775,#3776);
#3336=AXIS2_PLACEMENT_3D('',#7388,#3778,#3779);
#3337=AXIS2_PLACEMENT_3D('',#7392,#3782,#3783);
#3338=AXIS2_PLACEMENT_3D('',#7395,#3784,#3785);
#3339=AXIS2_PLACEMENT_3D('',#7399,#3788,#3789);
#3340=AXIS2_PLACEMENT_3D('',#7400,#3790,#3791);
#3341=AXIS2_PLACEMENT_3D('',#7404,#3794,#3795);
#3342=AXIS2_PLACEMENT_3D('',#7406,#3796,#3797);
#3343=AXIS2_PLACEMENT_3D('',#7411,#3800,#3801);
#3344=AXIS2_PLACEMENT_3D('',#7412,#3802,#3803);
#3345=AXIS2_PLACEMENT_3D('',#7419,#3808,#3809);
#3346=AXIS2_PLACEMENT_3D('',#7421,#3811,#3812);
#3347=AXIS2_PLACEMENT_3D('',#7423,#3813,#3814);
#3348=AXIS2_PLACEMENT_3D('',#7495,#3818,#3819);
#3349=AXIS2_PLACEMENT_3D('',#7496,#3820,#3821);
#3350=AXIS2_PLACEMENT_3D('',#7498,#3823,#3824);
#3351=AXIS2_PLACEMENT_3D('',#7501,#3826,#3827);
#3352=AXIS2_PLACEMENT_3D('',#7502,#3828,#3829);
#3353=AXIS2_PLACEMENT_3D('',#7511,#3834,#3835);
#3354=AXIS2_PLACEMENT_3D('',#7513,#3836,#3837);
#3355=AXIS2_PLACEMENT_3D('',#7519,#3841,#3842);
#3356=AXIS2_PLACEMENT_3D('',#7529,#3848,#3849);
#3357=AXIS2_PLACEMENT_3D('',#7531,#3850,#3851);
#3358=AXIS2_PLACEMENT_3D('',#7534,#3853,#3854);
#3359=AXIS2_PLACEMENT_3D('',#7535,#3855,#3856);
#3360=AXIS2_PLACEMENT_3D('',#7536,#3857,#3858);
#3361=AXIS2_PLACEMENT_3D('',#7538,#3859,#3860);
#3362=AXIS2_PLACEMENT_3D('',#7541,#3862,#3863);
#3363=AXIS2_PLACEMENT_3D('',#7542,#3864,#3865);
#3364=AXIS2_PLACEMENT_3D('',#7543,#3866,#3867);
#3365=AXIS2_PLACEMENT_3D('',#7545,#3868,#3869);
#3366=AXIS2_PLACEMENT_3D('',#7547,#3871,#3872);
#3367=AXIS2_PLACEMENT_3D('',#7549,#3874,#3875);
#3368=AXIS2_PLACEMENT_3D('',#7557,#3880,#3881);
#3369=AXIS2_PLACEMENT_3D('',#7559,#3882,#3883);
#3370=AXIS2_PLACEMENT_3D('',#7560,#3884,#3885);
#3371=AXIS2_PLACEMENT_3D('',#7563,#3887,#3888);
#3372=AXIS2_PLACEMENT_3D('',#7564,#3889,#3890);
#3373=AXIS2_PLACEMENT_3D('',#7566,#3891,#3892);
#3374=AXIS2_PLACEMENT_3D('',#7567,#3893,#3894);
#3375=AXIS2_PLACEMENT_3D('',#7570,#3896,#3897);
#3376=AXIS2_PLACEMENT_3D('',#7571,#3898,#3899);
#3377=AXIS2_PLACEMENT_3D('',#7573,#3900,#3901);
#3378=AXIS2_PLACEMENT_3D('',#7576,#3903,#3904);
#3379=AXIS2_PLACEMENT_3D('',#7577,#3905,#3906);
#3380=AXIS2_PLACEMENT_3D('',#7578,#3907,#3908);
#3381=AXIS2_PLACEMENT_3D('',#7580,#3910,#3911);
#3382=AXIS2_PLACEMENT_3D('',#7582,#3913,#3914);
#3383=AXIS2_PLACEMENT_3D('',#7593,#3921,#3922);
#3384=AXIS2_PLACEMENT_3D('',#7597,#3925,#3926);
#3385=AXIS2_PLACEMENT_3D('',#7601,#3929,#3930);
#3386=AXIS2_PLACEMENT_3D('',#7604,#3933,#3934);
#3387=AXIS2_PLACEMENT_3D('',#7612,#3939,#3940);
#3388=AXIS2_PLACEMENT_3D('',#7616,#3943,#3944);
#3389=AXIS2_PLACEMENT_3D('',#7618,#3945,#3946);
#3390=AXIS2_PLACEMENT_3D('',#7621,#3949,#3950);
#3391=AXIS2_PLACEMENT_3D('',#7625,#3953,#3954);
#3392=AXIS2_PLACEMENT_3D('',#7626,#3955,#3956);
#3393=AXIS2_PLACEMENT_3D('',#7628,#3958,#3959);
#3394=AXIS2_PLACEMENT_3D('',#7630,#3961,#3962);
#3395=AXIS2_PLACEMENT_3D('',#7631,#3963,#3964);
#3396=AXIS2_PLACEMENT_3D('',#7632,#3965,#3966);
#3397=AXIS2_PLACEMENT_3D('',#7634,#3968,#3969);
#3398=AXIS2_PLACEMENT_3D('',#7639,#3971,#3972);
#3399=AXIS2_PLACEMENT_3D('',#7642,#3974,#3975);
#3400=AXIS2_PLACEMENT_3D('',#7643,#3976,#3977);
#3401=AXIS2_PLACEMENT_3D('',#7645,#3978,#3979);
#3402=AXIS2_PLACEMENT_3D('',#7650,#3982,#3983);
#3403=AXIS2_PLACEMENT_3D('',#7651,#3984,#3985);
#3404=AXIS2_PLACEMENT_3D('',#7653,#3986,#3987);
#3405=AXIS2_PLACEMENT_3D('',#7657,#3990,#3991);
#3406=AXIS2_PLACEMENT_3D('',#7660,#3993,#3994);
#3407=AXIS2_PLACEMENT_3D('',#7661,#3995,#3996);
#3408=AXIS2_PLACEMENT_3D('',#7663,#3997,#3998);
#3409=AXIS2_PLACEMENT_3D('',#7666,#4000,#4001);
#3410=AXIS2_PLACEMENT_3D('',#7667,#4002,#4003);
#3411=AXIS2_PLACEMENT_3D('',#7678,#4009,#4010);
#3412=AXIS2_PLACEMENT_3D('',#7721,#4011,#4012);
#3413=AXIS2_PLACEMENT_3D('',#7780,#4013,#4014);
#3414=AXIS2_PLACEMENT_3D('',#7828,#4015,#4016);
#3415=AXIS2_PLACEMENT_3D('',#7830,#4017,#4018);
#3416=AXIS2_PLACEMENT_3D('',#7858,#4020,#4021);
#3417=AXIS2_PLACEMENT_3D('',#7859,#4022,#4023);
#3418=AXIS2_PLACEMENT_3D('',#7860,#4024,#4025);
#3419=AXIS2_PLACEMENT_3D('',#7862,#4026,#4027);
#3420=AXIS2_PLACEMENT_3D('',#7864,#4029,#4030);
#3421=AXIS2_PLACEMENT_3D('',#7867,#4033,#4034);
#3422=AXIS2_PLACEMENT_3D('',#7875,#4038,#4039);
#3423=AXIS2_PLACEMENT_3D('',#7877,#4041,#4042);
#3424=AXIS2_PLACEMENT_3D('',#7879,#4043,#4044);
#3425=AXIS2_PLACEMENT_3D('',#7909,#4061,#4062);
#3426=AXIS2_PLACEMENT_3D('',#7919,#4068,#4069);
#3427=AXIS2_PLACEMENT_3D('',#7920,#4070,#4071);
#3428=AXIS2_PLACEMENT_3D('',#7922,#4073,#4074);
#3429=AXIS2_PLACEMENT_3D('',#7984,#4075,#4076);
#3430=AXIS2_PLACEMENT_3D('',#7985,#4077,#4078);
#3431=AXIS2_PLACEMENT_3D('',#7986,#4079,#4080);
#3432=AXIS2_PLACEMENT_3D('',#7988,#4081,#4082);
#3433=AXIS2_PLACEMENT_3D('',#7990,#4084,#4085);
#3434=AXIS2_PLACEMENT_3D('',#7992,#4086,#4087);
#3435=AXIS2_PLACEMENT_3D('',#7998,#4091,#4092);
#3436=AXIS2_PLACEMENT_3D('',#8001,#4094,#4095);
#3437=AXIS2_PLACEMENT_3D('',#8002,#4096,#4097);
#3438=AXIS2_PLACEMENT_3D('',#8004,#4098,#4099);
#3439=AXIS2_PLACEMENT_3D('',#8006,#4101,#4102);
#3440=AXIS2_PLACEMENT_3D('',#8010,#4105,#4106);
#3441=AXIS2_PLACEMENT_3D('',#8014,#4109,#4110);
#3442=AXIS2_PLACEMENT_3D('',#8015,#4111,#4112);
#3443=AXIS2_PLACEMENT_3D('',#8017,#4114,#4115);
#3444=AXIS2_PLACEMENT_3D('',#8022,#4118,#4119);
#3445=AXIS2_PLACEMENT_3D('',#8023,#4120,#4121);
#3446=AXIS2_PLACEMENT_3D('',#8028,#4125,#4126);
#3447=AXIS2_PLACEMENT_3D('',#8029,#4127,#4128);
#3448=AXIS2_PLACEMENT_3D('',#8102,#4132,#4133);
#3449=AXIS2_PLACEMENT_3D('',#8103,#4134,#4135);
#3450=AXIS2_PLACEMENT_3D('',#8104,#4136,#4137);
#3451=AXIS2_PLACEMENT_3D('',#8106,#4139,#4140);
#3452=AXIS2_PLACEMENT_3D('',#8109,#4141,#4142);
#3453=AXIS2_PLACEMENT_3D('',#8113,#4144,#4145);
#3454=AXIS2_PLACEMENT_3D('',#8119,#4149,#4150);
#3455=AXIS2_PLACEMENT_3D('',#8121,#4152,#4153);
#3456=AXIS2_PLACEMENT_3D('',#8124,#4155,#4156);
#3457=AXIS2_PLACEMENT_3D('',#8125,#4157,#4158);
#3458=AXIS2_PLACEMENT_3D('',#8129,#4161,#4162);
#3459=AXIS2_PLACEMENT_3D('',#8133,#4165,#4166);
#3460=AXIS2_PLACEMENT_3D('',#8139,#4170,#4171);
#3461=AXIS2_PLACEMENT_3D('',#8143,#4174,#4175);
#3462=AXIS2_PLACEMENT_3D('',#8149,#4179,#4180);
#3463=AXIS2_PLACEMENT_3D('',#8156,#4185,#4186);
#3464=AXIS2_PLACEMENT_3D('',#8163,#4191,#4192);
#3465=AXIS2_PLACEMENT_3D('',#8165,#4193,#4194);
#3466=AXIS2_PLACEMENT_3D('',#8168,#4196,#4197);
#3467=AXIS2_PLACEMENT_3D('',#8169,#4198,#4199);
#3468=AXIS2_PLACEMENT_3D('',#8170,#4200,#4201);
#3469=AXIS2_PLACEMENT_3D('',#8172,#4202,#4203);
#3470=AXIS2_PLACEMENT_3D('',#8175,#4205,#4206);
#3471=AXIS2_PLACEMENT_3D('',#8176,#4207,#4208);
#3472=AXIS2_PLACEMENT_3D('',#8177,#4209,#4210);
#3473=AXIS2_PLACEMENT_3D('',#8178,#4211,#4212);
#3474=AXIS2_PLACEMENT_3D('',#8179,#4213,#4214);
#3475=AXIS2_PLACEMENT_3D('',#8181,#4216,#4217);
#3476=AXIS2_PLACEMENT_3D('',#8189,#4222,#4223);
#3477=AXIS2_PLACEMENT_3D('',#8194,#4227,#4228);
#3478=AXIS2_PLACEMENT_3D('',#8203,#4234,#4235);
#3479=AXIS2_PLACEMENT_3D('',#8205,#4236,#4237);
#3480=AXIS2_PLACEMENT_3D('',#8206,#4238,#4239);
#3481=AXIS2_PLACEMENT_3D('',#8209,#4241,#4242);
#3482=AXIS2_PLACEMENT_3D('',#8210,#4243,#4244);
#3483=AXIS2_PLACEMENT_3D('',#8212,#4245,#4246);
#3484=AXIS2_PLACEMENT_3D('',#8213,#4247,#4248);
#3485=AXIS2_PLACEMENT_3D('',#8216,#4250,#4251);
#3486=AXIS2_PLACEMENT_3D('',#8217,#4252,#4253);
#3487=AXIS2_PLACEMENT_3D('',#8219,#4254,#4255);
#3488=AXIS2_PLACEMENT_3D('',#8222,#4257,#4258);
#3489=AXIS2_PLACEMENT_3D('',#8223,#4259,#4260);
#3490=AXIS2_PLACEMENT_3D('',#8224,#4261,#4262);
#3491=AXIS2_PLACEMENT_3D('',#8226,#4264,#4265);
#3492=AXIS2_PLACEMENT_3D('',#8228,#4267,#4268);
#3493=AXIS2_PLACEMENT_3D('',#8231,#4271,#4272);
#3494=AXIS2_PLACEMENT_3D('',#8233,#4274,#4275);
#3495=AXIS2_PLACEMENT_3D('',#8237,#4278,#4279);
#3496=AXIS2_PLACEMENT_3D('',#8239,#4281,#4282);
#3497=AXIS2_PLACEMENT_3D('',#8241,#4284,#4285);
#3498=AXIS2_PLACEMENT_3D('',#8243,#4287,#4288);
#3499=AXIS2_PLACEMENT_3D('',#8244,#4289,#4290);
#3500=AXIS2_PLACEMENT_3D('',#8250,#4294,#4295);
#3501=AXIS2_PLACEMENT_3D('',#8252,#4297,#4298);
#3502=AXIS2_PLACEMENT_3D('',#8255,#4301,#4302);
#3503=AXIS2_PLACEMENT_3D('',#8257,#4304,#4305);
#3504=AXIS2_PLACEMENT_3D('',#8259,#4307,#4308);
#3505=AXIS2_PLACEMENT_3D('',#8261,#4310,#4311);
#3506=AXIS2_PLACEMENT_3D('',#8262,#4312,#4313);
#3507=AXIS2_PLACEMENT_3D('',#8263,#4314,#4315);
#3508=AXIS2_PLACEMENT_3D('',#8264,#4316,#4317);
#3509=AXIS2_PLACEMENT_3D('',#8265,#4318,#4319);
#3510=AXIS2_PLACEMENT_3D('',#8266,#4320,#4321);
#3511=DIRECTION('axis',(0.,0.,1.));
#3512=DIRECTION('refdir',(1.,0.,0.));
#3513=DIRECTION('axis',(0.,0.,1.));
#3514=DIRECTION('refdir',(1.,0.,0.));
#3515=DIRECTION('center_axis',(0.,1.,0.));
#3516=DIRECTION('ref_axis',(-1.,0.,-1.11022302462516E-15));
#3517=DIRECTION('center_axis',(1.,2.22044604925031E-15,0.));
#3518=DIRECTION('ref_axis',(0.,0.,1.));
#3519=DIRECTION('center_axis',(1.,2.22044604925031E-15,0.));
#3520=DIRECTION('ref_axis',(0.,0.,1.));
#3521=DIRECTION('center_axis',(1.11022302462516E-15,0.,-1.));
#3522=DIRECTION('ref_axis',(0.,-1.,0.));
#3523=DIRECTION('center_axis',(1.,-1.58603289232169E-16,9.44870659255452E-16));
#3524=DIRECTION('ref_axis',(0.,-0.707106781186547,0.707106781186548));
#3525=DIRECTION('center_axis',(1.11022302462516E-15,0.,-1.));
#3526=DIRECTION('ref_axis',(0.,-1.,0.));
#3527=DIRECTION('center_axis',(1.11022302462637E-15,1.11022302462516E-15,
-1.));
#3528=DIRECTION('ref_axis',(1.,-1.0946799022804E-12,1.11022302462516E-15));
#3529=DIRECTION('center_axis',(-1.,0.,-1.11022302462516E-15));
#3530=DIRECTION('ref_axis',(0.,-1.,0.));
#3531=DIRECTION('center_axis',(-1.,0.,-1.11022302462516E-15));
#3532=DIRECTION('ref_axis',(0.,-1.,0.));
#3533=DIRECTION('center_axis',(1.0946799022804E-12,1.,9.11504124079591E-28));
#3534=DIRECTION('ref_axis',(-8.32667268468868E-16,0.,1.));
#3535=DIRECTION('center_axis',(-1.,1.09436269570197E-12,-9.44870659255452E-16));
#3536=DIRECTION('ref_axis',(-7.73948158205172E-13,-0.707106781186547,0.707106781186548));
#3537=DIRECTION('center_axis',(1.0946799022804E-12,1.,9.11504124079591E-28));
#3538=DIRECTION('ref_axis',(-8.32667268468868E-16,0.,1.));
#3539=DIRECTION('center_axis',(-1.,-1.58603289232169E-16,-9.44870659255452E-16));
#3540=DIRECTION('ref_axis',(0.,0.707106781186547,0.707106781186548));
#3541=DIRECTION('center_axis',(0.,1.,0.));
#3542=DIRECTION('ref_axis',(-1.,0.,-1.11022302462516E-15));
#3543=DIRECTION('center_axis',(0.,1.,0.));
#3544=DIRECTION('ref_axis',(-1.,0.,-1.11022302462516E-15));
#3545=DIRECTION('center_axis',(-1.,2.22044604925031E-15,0.));
#3546=DIRECTION('ref_axis',(0.,0.,1.));
#3547=DIRECTION('center_axis',(-1.,2.22044604925031E-15,0.));
#3548=DIRECTION('ref_axis',(0.,0.,1.));
#3549=DIRECTION('center_axis',(-1.11022302462516E-15,0.,1.));
#3550=DIRECTION('ref_axis',(0.,1.,0.));
#3551=DIRECTION('center_axis',(1.,1.09436269570197E-12,9.44870659255452E-16));
#3552=DIRECTION('ref_axis',(-7.73948158205172E-13,0.707106781186547,0.707106781186548));
#3553=DIRECTION('center_axis',(-1.11022302462637E-15,1.11022302462516E-15,
1.));
#3554=DIRECTION('ref_axis',(1.,1.0946799022804E-12,1.11022302462516E-15));
#3555=DIRECTION('center_axis',(-1.11022302462637E-15,1.11022302462516E-15,
1.));
#3556=DIRECTION('ref_axis',(1.,1.0946799022804E-12,1.11022302462516E-15));
#3557=DIRECTION('center_axis',(1.,0.,1.11022302462516E-15));
#3558=DIRECTION('ref_axis',(0.,1.,0.));
#3559=DIRECTION('center_axis',(1.,0.,1.11022302462516E-15));
#3560=DIRECTION('ref_axis',(0.,1.,0.));
#3561=DIRECTION('center_axis',(-1.0946799022804E-12,1.,-9.11504124079591E-28));
#3562=DIRECTION('ref_axis',(-8.32667268468868E-16,0.,1.));
#3563=DIRECTION('center_axis',(5.93702152206083E-16,-6.49719832290016E-28,
-1.));
#3564=DIRECTION('ref_axis',(-1.09435316997889E-12,-1.,0.));
#3565=DIRECTION('',(1.29830786644404E-12,1.,1.21088342243897E-28));
#3566=DIRECTION('',(-1.,1.09419306651581E-12,-5.93702152206083E-16));
#3567=DIRECTION('',(-1.09436269570197E-12,-1.,-5.65544229258805E-33));
#3568=DIRECTION('',(-1.,1.09419306651581E-12,-5.93702152206083E-16));
#3569=DIRECTION('center_axis',(1.09419306651581E-12,1.,-1.38867617992068E-31));
#3570=DIRECTION('ref_axis',(8.67361737988783E-16,-9.49200067486423E-28,
-1.));
#3571=DIRECTION('',(-9.44870659255452E-16,1.03400979172953E-27,1.));
#3572=DIRECTION('',(9.44870659255452E-16,-1.03400979172953E-27,-1.));
#3573=DIRECTION('',(-1.,1.09419306651581E-12,-5.93702152206083E-16));
#3574=DIRECTION('center_axis',(-5.93702152206083E-16,6.49719832290016E-28,
1.));
#3575=DIRECTION('ref_axis',(1.09435316997889E-12,1.,0.));
#3576=DIRECTION('',(-1.29830786644404E-12,-1.,-1.21088342243897E-28));
#3577=DIRECTION('',(1.09436269570197E-12,1.,5.65544229258805E-33));
#3578=DIRECTION('',(-1.,1.09419306651581E-12,-5.93702152206083E-16));
#3579=DIRECTION('center_axis',(-1.09419306651581E-12,-1.,1.38867617992068E-31));
#3580=DIRECTION('ref_axis',(-8.67361737988783E-16,9.49200067486423E-28,
1.));
#3581=DIRECTION('',(9.44870659255452E-16,-1.03400979172953E-27,-1.));
#3582=DIRECTION('',(-9.44870659255452E-16,1.03400979172953E-27,1.));
#3583=DIRECTION('center_axis',(-1.,1.29830786644404E-12,-9.44870659255452E-16));
#3584=DIRECTION('ref_axis',(-9.44870659255452E-16,0.,1.));
#3585=DIRECTION('center_axis',(-1.,1.29830786644404E-12,-9.44870659255452E-16));
#3586=DIRECTION('ref_axis',(-9.44870659255452E-16,0.,1.));
#3587=DIRECTION('',(-9.44870659255452E-16,0.,1.));
#3588=DIRECTION('',(-1.29830786644404E-12,-1.,-1.21088342243897E-28));
#3589=DIRECTION('',(9.44870659255452E-16,-1.03400979172953E-27,-1.));
#3590=DIRECTION('',(1.29830786644404E-12,1.,1.21088342243897E-28));
#3591=DIRECTION('',(-9.44870659255452E-16,1.03400979172953E-27,1.));
#3592=DIRECTION('',(-1.29830786644404E-12,-1.,-1.21088342243897E-28));
#3593=DIRECTION('',(-9.44870659255452E-16,0.,1.));
#3594=DIRECTION('',(1.29830786644404E-12,1.,-2.22044604923839E-16));
#3595=DIRECTION('center_axis',(5.93702152206083E-16,-6.49719832290016E-28,
-1.));
#3596=DIRECTION('ref_axis',(-1.09435316997889E-12,-1.,0.));
#3597=DIRECTION('',(-1.,1.09419306651581E-12,-5.93702152206083E-16));
#3598=DIRECTION('',(-1.09436269570197E-12,-1.,-5.65544229258805E-33));
#3599=DIRECTION('',(-1.,1.09419306651581E-12,-5.93702152206083E-16));
#3600=DIRECTION('center_axis',(1.09419306651581E-12,1.,-1.38867617992068E-31));
#3601=DIRECTION('ref_axis',(8.67361737988783E-16,-9.49200067486423E-28,
-1.));
#3602=DIRECTION('',(9.44870659255452E-16,-1.03400979172953E-27,-1.));
#3603=DIRECTION('',(-1.,1.09419306651581E-12,-5.93702152206083E-16));
#3604=DIRECTION('center_axis',(-5.93702152206083E-16,6.49719832290016E-28,
1.));
#3605=DIRECTION('ref_axis',(1.09435316997889E-12,1.,0.));
#3606=DIRECTION('',(1.09436269570197E-12,1.,5.65544229258805E-33));
#3607=DIRECTION('',(-1.,1.09419306651581E-12,-5.93702152206083E-16));
#3608=DIRECTION('',(-1.29830786644404E-12,-1.,-1.21088342243897E-28));
#3609=DIRECTION('center_axis',(-1.09419306651581E-12,-1.,1.38867617992068E-31));
#3610=DIRECTION('ref_axis',(-8.67361737988783E-16,9.49200067486423E-28,
1.));
#3611=DIRECTION('',(-9.44870659255452E-16,1.03400979172953E-27,1.));
#3612=DIRECTION('center_axis',(-1.,1.29830786644404E-12,-9.44870659255452E-16));
#3613=DIRECTION('ref_axis',(-9.44870659255452E-16,0.,1.));
#3614=DIRECTION('',(-9.44870659255452E-16,0.,1.));
#3615=DIRECTION('',(1.29830786644404E-12,1.,1.21088342243897E-28));
#3616=DIRECTION('',(-9.44870659255452E-16,1.03400979172953E-27,1.));
#3617=DIRECTION('',(-1.29830786644404E-12,-1.,-1.21088342243897E-28));
#3618=DIRECTION('center_axis',(-1.09419306651581E-12,-1.,1.38867617992068E-31));
#3619=DIRECTION('ref_axis',(-8.67361737988783E-16,9.49200067486423E-28,
1.));
#3620=DIRECTION('',(9.44870659255452E-16,-1.03400979172953E-27,-1.));
#3621=DIRECTION('',(-1.,1.09419306651581E-12,-5.93702152206083E-16));
#3622=DIRECTION('',(-9.44870659255452E-16,1.03400979172953E-27,1.));
#3623=DIRECTION('',(-1.,1.09419306651581E-12,-5.93702152206083E-16));
#3624=DIRECTION('center_axis',(5.93702152206083E-16,-6.49719832290016E-28,
-1.));
#3625=DIRECTION('ref_axis',(-1.09435316997889E-12,-1.,0.));
#3626=DIRECTION('',(1.29830786644404E-12,1.,1.21088342243897E-28));
#3627=DIRECTION('',(-1.09436269570197E-12,-1.,-5.65544229258805E-33));
#3628=DIRECTION('',(-1.,1.09419306651581E-12,-5.93702152206083E-16));
#3629=DIRECTION('',(1.29830786644404E-12,1.,1.21088342243897E-28));
#3630=DIRECTION('center_axis',(1.09419306651581E-12,1.,-1.38867617992068E-31));
#3631=DIRECTION('ref_axis',(8.67361737988783E-16,-9.49200067486423E-28,
-1.));
#3632=DIRECTION('',(9.44870659255452E-16,-1.03400979172953E-27,-1.));
#3633=DIRECTION('',(-1.,1.09419306651581E-12,-5.93702152206083E-16));
#3634=DIRECTION('center_axis',(-5.93702152206083E-16,6.49719832290016E-28,
1.));
#3635=DIRECTION('ref_axis',(1.09435316997889E-12,1.,0.));
#3636=DIRECTION('',(1.09436269570197E-12,1.,5.65544229258805E-33));
#3637=DIRECTION('',(-1.29830786644404E-12,-1.,-1.21088342243897E-28));
#3638=DIRECTION('',(-1.29830786644404E-12,-1.,-1.21088342243897E-28));
#3639=DIRECTION('center_axis',(-1.,1.29830786644404E-12,-9.44870659255452E-16));
#3640=DIRECTION('ref_axis',(-9.44870659255452E-16,0.,1.));
#3641=DIRECTION('',(-9.44870659255452E-16,0.,1.));
#3642=DIRECTION('center_axis',(-1.,1.29830786644404E-12,-9.44870659255452E-16));
#3643=DIRECTION('ref_axis',(-1.29830786644404E-12,-1.,2.22044604923839E-16));
#3644=DIRECTION('',(-9.44870659255452E-16,0.,1.));
#3645=DIRECTION('',(-1.09436269570197E-12,-1.,-1.03403120175249E-27));
#3646=DIRECTION('',(-9.44870659255452E-16,0.,1.));
#3647=DIRECTION('center_axis',(6.08619291708627E-16,-1.50030138462859E-16,
-1.));
#3648=DIRECTION('ref_axis',(-1.,-1.27506681747392E-33,-6.08619291708627E-16));
#3649=DIRECTION('center_axis',(7.65671051465625E-16,-1.91417762866406E-16,
-1.));
#3650=DIRECTION('ref_axis',(-1.,-1.27506681747392E-33,-6.08619291708627E-16));
#3651=DIRECTION('',(6.08619291708627E-16,-1.50030138462859E-16,-1.));
#3652=DIRECTION('center_axis',(0.,2.22044604925031E-16,1.));
#3653=DIRECTION('ref_axis',(-1.,-1.27506681747392E-33,-6.08619291708627E-16));
#3654=DIRECTION('center_axis',(-9.36537827521218E-16,-2.47679425460157E-16,
1.));
#3655=DIRECTION('ref_axis',(-1.,3.50756424607303E-34,-9.36537827521218E-16));
#3656=DIRECTION('',(-9.36537827521218E-16,-2.47679425460157E-16,1.));
#3657=DIRECTION('center_axis',(0.,0.,-1.));
#3658=DIRECTION('ref_axis',(-1.,3.50756424607303E-34,-9.36537827521218E-16));
#3659=DIRECTION('',(9.36537827521218E-16,2.47679425460157E-16,-1.));
#3660=DIRECTION('center_axis',(0.,2.22044604925031E-16,-1.));
#3661=DIRECTION('ref_axis',(-1.,3.50756424607303E-34,-9.36537827521218E-16));
#3662=DIRECTION('center_axis',(0.,0.,-1.));
#3663=DIRECTION('ref_axis',(1.,0.,0.));
#3664=DIRECTION('center_axis',(0.,0.,1.));
#3665=DIRECTION('ref_axis',(-0.707106781186575,0.70710678118652,-6.97818870526148E-16));
#3666=DIRECTION('',(4.10058771032985E-33,-1.,0.));
#3667=DIRECTION('',(-1.,6.0820245847429E-48,-2.73910036535063E-32));
#3668=DIRECTION('center_axis',(0.,0.,1.));
#3669=DIRECTION('ref_axis',(-0.707106781186575,0.70710678118652,-6.97818870526148E-16));
#3670=DIRECTION('center_axis',(8.97837917293083E-16,-1.1935276122943E-31,
-1.));
#3671=DIRECTION('ref_axis',(-0.707106781186575,0.70710678118652,-6.97818870526148E-16));
#3672=DIRECTION('',(0.,0.,1.));
#3673=DIRECTION('',(-8.97837917293083E-16,1.1935276122943E-31,1.));
#3674=DIRECTION('center_axis',(0.,-2.22044604925031E-16,1.));
#3675=DIRECTION('ref_axis',(-0.707106781186575,0.70710678118652,-6.97818870526148E-16));
#3676=DIRECTION('center_axis',(8.97837917293083E-16,-1.1935276122943E-31,
-1.));
#3677=DIRECTION('ref_axis',(-0.707106781186575,0.70710678118652,-6.97818870526148E-16));
#3678=DIRECTION('center_axis',(0.,-2.22044604925031E-16,1.));
#3679=DIRECTION('ref_axis',(-0.707106781186575,0.70710678118652,-6.97818870526148E-16));
#3680=DIRECTION('',(8.97837917293083E-16,-1.1935276122943E-31,-1.));
#3681=DIRECTION('center_axis',(-9.36537827521216E-16,-2.47679425460156E-16,
1.));
#3682=DIRECTION('ref_axis',(-1.,3.50756424606936E-34,-9.36537827521216E-16));
#3683=DIRECTION('center_axis',(-9.10212806589669E-16,-2.22044604925021E-16,
1.));
#3684=DIRECTION('ref_axis',(-1.,3.50756424606936E-34,-9.36537827521216E-16));
#3685=DIRECTION('',(9.36537827521216E-16,2.47679425460156E-16,-1.));
#3686=DIRECTION('center_axis',(0.,2.22044604925031E-16,-1.));
#3687=DIRECTION('ref_axis',(-1.,3.50756424606936E-34,-9.36537827521216E-16));
#3688=DIRECTION('center_axis',(-2.53765262771464E-15,1.,-2.39775351131007E-30));
#3689=DIRECTION('ref_axis',(-1.,-2.53765262771464E-15,-9.1021280658967E-16));
#3690=DIRECTION('',(1.,2.53765262771464E-15,5.63472075157865E-31));
#3691=DIRECTION('',(8.91745401305343E-16,1.91088300279716E-16,-1.));
#3692=DIRECTION('',(-1.,-2.53765262771464E-15,-9.1021280658967E-16));
#3693=DIRECTION('',(-9.44870659255452E-16,0.,1.));
#3694=DIRECTION('',(8.91745401305343E-16,1.91088300279716E-16,-1.));
#3695=DIRECTION('center_axis',(2.53765262771464E-15,-1.,2.39775351131007E-30));
#3696=DIRECTION('ref_axis',(1.,0.,-1.06213272386316E-46));
#3697=DIRECTION('center_axis',(-0.478604203070916,-0.748434301277115,0.459112310306193));
#3698=DIRECTION('ref_axis',(0.842472578334071,-0.538739227043236,-4.44089209850062E-16));
#3699=DIRECTION('center_axis',(0.748434301277115,0.478604203070916,0.459112310306193));
#3700=DIRECTION('ref_axis',(2.59792187762289E-14,-0.692258929816959,0.721649204315143));
#3701=DIRECTION('center_axis',(1.58603289232169E-16,-1.,-2.22044604925021E-16));
#3702=DIRECTION('ref_axis',(-0.707106781186547,0.,-0.707106781186548));
#3703=DIRECTION('',(1.58603289232169E-16,-1.,-2.22044604925021E-16));
#3704=DIRECTION('center_axis',(-0.447213595499958,-0.894427190999916,-4.96506830649455E-16));
#3705=DIRECTION('ref_axis',(-0.894427190999916,0.447213595499958,-1.48952049194836E-15));
#3706=DIRECTION('center_axis',(-2.22044604925031E-15,1.11022302462516E-15,
1.));
#3707=DIRECTION('ref_axis',(0.,1.,-1.11022302462516E-15));
#3708=DIRECTION('center_axis',(0.894427190999916,0.447213595499958,9.9301366129891E-16));
#3709=DIRECTION('ref_axis',(-0.447213595499958,0.894427190999916,-9.93013661298909E-16));
#3710=DIRECTION('center_axis',(-1.,1.8610995229314E-44,-9.10212806589669E-16));
#3711=DIRECTION('ref_axis',(5.88784672006416E-16,0.707106781186547,-0.707106781186548));
#3712=DIRECTION('',(-1.,1.8610995229314E-44,-9.10212806589669E-16));
#3713=DIRECTION('center_axis',(1.,-2.56205313375106E-15,9.44870659255452E-16));
#3714=DIRECTION('ref_axis',(5.88784672006416E-16,0.707106781186547,-0.707106781186548));
#3715=DIRECTION('center_axis',(-9.44870659255452E-16,0.,1.));
#3716=DIRECTION('ref_axis',(-0.707106781186548,0.707106781186548,-1.57009245868377E-15));
#3717=DIRECTION('',(9.44870659255452E-16,0.,-1.));
#3718=DIRECTION('center_axis',(-1.11022302462516E-15,0.,1.));
#3719=DIRECTION('ref_axis',(0.,1.,0.));
#3720=DIRECTION('',(-9.44870659255452E-16,0.,1.));
#3721=DIRECTION('center_axis',(-1.,2.56205313375106E-15,-9.44870659255452E-16));
#3722=DIRECTION('ref_axis',(-2.56205313375106E-15,-1.,-1.07606231617538E-15));
#3723=DIRECTION('',(-2.56205313375106E-15,-1.,-1.07606231617538E-15));
#3724=DIRECTION('',(-9.44870659255452E-16,0.,1.));
#3725=DIRECTION('center_axis',(1.,-2.56205313375106E-15,9.44870659255452E-16));
#3726=DIRECTION('ref_axis',(0.,0.70710678118655,0.707106781186545));
#3727=DIRECTION('',(-2.56205313375106E-15,-1.,-1.07606231617538E-15));
#3728=DIRECTION('',(-9.44870659255452E-16,0.,1.));
#3729=DIRECTION('center_axis',(-9.10212806589669E-16,-2.22044604925021E-16,
1.));
#3730=DIRECTION('ref_axis',(1.,-1.8610995229314E-44,9.10212806589669E-16));
#3731=DIRECTION('center_axis',(-9.10212806589669E-16,-2.22044604925021E-16,
1.));
#3732=DIRECTION('ref_axis',(-6.39897996902274E-17,1.,2.12178313354067E-16));
#3733=DIRECTION('',(-1.,-1.11022302462509E-15,-6.32657050433398E-16));
#3734=DIRECTION('',(-7.04043869274488E-15,-1.,-2.22044604925028E-16));
#3735=DIRECTION('',(-1.,-6.27517361744672E-15,-1.39291846947019E-15));
#3736=DIRECTION('',(-2.61228946970621E-15,-1.,1.08410012992808E-15));
#3737=DIRECTION('',(1.,-1.44811698864151E-15,4.27507143709166E-16));
#3738=DIRECTION('',(9.8991596589478E-32,-1.,-1.08756541187761E-16));
#3739=DIRECTION('',(-1.,1.8610995229314E-44,-9.10212806589669E-16));
#3740=DIRECTION('',(-1.,1.8610995229314E-44,-9.10212806589669E-16));
#3741=DIRECTION('',(2.02107843036879E-31,-1.,-2.22044604925021E-16));
#3742=DIRECTION('',(-1.,9.51619735392991E-16,-9.10212806589669E-16));
#3743=DIRECTION('',(-2.02107843036879E-31,1.,2.22044604925021E-16));
#3744=DIRECTION('',(-1.20651787880183E-14,-1.,-2.22044604925032E-16));
#3745=DIRECTION('',(-1.,1.88255208523407E-14,-9.10212806589665E-16));
#3746=DIRECTION('',(1.29830786644404E-12,-1.,-2.22044604923839E-16));
#3747=DIRECTION('',(1.,-1.21641827045958E-13,9.10212806589642E-16));
#3748=DIRECTION('',(-1.28421320012632E-14,-1.,-2.22044604925033E-16));
#3749=DIRECTION('',(1.,-1.8610995229314E-44,9.10212806589669E-16));
#3750=DIRECTION('center_axis',(-1.8610995229314E-44,-1.,-1.7584983331722E-59));
#3751=DIRECTION('ref_axis',(1.,-1.8610995229314E-44,9.10212806589669E-16));
#3752=DIRECTION('',(0.,2.12178313354067E-16,-1.));
#3753=DIRECTION('',(-9.44870659255452E-16,0.,1.));
#3754=DIRECTION('',(1.,-1.8610995229314E-44,9.44870659255452E-16));
#3755=DIRECTION('',(9.44870659255452E-16,0.,-1.));
#3756=DIRECTION('',(-1.,-1.73931018104032E-31,-3.86204441991182E-47));
#3757=DIRECTION('center_axis',(1.8610995229314E-44,1.,1.7584983331722E-59));
#3758=DIRECTION('ref_axis',(1.,0.,0.));
#3759=DIRECTION('center_axis',(-1.8610995229314E-44,-1.,-1.7584983331722E-59));
#3760=DIRECTION('ref_axis',(1.,-1.8610995229314E-44,9.10212806589669E-16));
#3761=DIRECTION('center_axis',(1.8610995229314E-44,1.,1.7584983331722E-59));
#3762=DIRECTION('ref_axis',(1.,0.,0.));
#3763=DIRECTION('',(1.,-1.8610995229314E-44,9.44870659255452E-16));
#3764=DIRECTION('center_axis',(-1.0946799022804E-12,1.,-9.11504124079591E-28));
#3765=DIRECTION('ref_axis',(-8.32667268468868E-16,0.,1.));
#3766=DIRECTION('center_axis',(1.,1.09436269570197E-12,9.44870659255452E-16));
#3767=DIRECTION('ref_axis',(-7.73948158205172E-13,0.707106781186547,0.707106781186548));
#3768=DIRECTION('center_axis',(-9.44870659255452E-16,0.,1.));
#3769=DIRECTION('ref_axis',(0.707106781186159,0.707106781186936,1.57009245868291E-15));
#3770=DIRECTION('center_axis',(0.,2.22044604925031E-16,-1.));
#3771=DIRECTION('ref_axis',(0.707106781186159,0.707106781186936,1.57009245868291E-15));
#3772=DIRECTION('',(-9.44870659255452E-16,0.,1.));
#3773=DIRECTION('center_axis',(-1.,1.8610995229314E-44,-9.44870659255452E-16));
#3774=DIRECTION('ref_axis',(0.,0.70710678118655,0.707106781186545));
#3775=DIRECTION('center_axis',(-1.,1.28421320012632E-14,-9.44870659255452E-16));
#3776=DIRECTION('ref_axis',(0.,0.70710678118655,0.707106781186545));
#3777=DIRECTION('',(-1.,1.8610995229314E-44,-9.44870659255452E-16));
#3778=DIRECTION('center_axis',(1.,-1.28421320012632E-14,9.44870659255452E-16));
#3779=DIRECTION('ref_axis',(1.28421320012632E-14,1.,2.22044604925033E-16));
#3780=DIRECTION('',(-9.44870659255452E-16,0.,1.));
#3781=DIRECTION('',(1.28421320012632E-14,1.,2.22044604925033E-16));
#3782=DIRECTION('center_axis',(1.21641827045958E-13,1.,1.14935793313952E-28));
#3783=DIRECTION('ref_axis',(-1.,1.21641827045958E-13,-9.10212806589642E-16));
#3784=DIRECTION('center_axis',(-1.21641827045958E-13,-1.,-1.14935793313952E-28));
#3785=DIRECTION('ref_axis',(0.707106781186547,7.74055582131101E-13,0.707106781186548));
#3786=DIRECTION('',(-1.,1.21641827045958E-13,-9.10212806589642E-16));
#3787=DIRECTION('',(-9.44870659255452E-16,0.,1.));
#3788=DIRECTION('center_axis',(-1.21641827045958E-13,-1.,-1.14935793313952E-28));
#3789=DIRECTION('ref_axis',(1.,0.,-1.06213272386316E-46));
#3790=DIRECTION('center_axis',(1.,1.29830786644404E-12,9.44870659255452E-16));
#3791=DIRECTION('ref_axis',(-1.29830786644404E-12,1.,2.22044604923839E-16));
#3792=DIRECTION('',(-1.09436269570197E-12,1.,-1.03403120175249E-27));
#3793=DIRECTION('',(-9.44870659255452E-16,0.,1.));
#3794=DIRECTION('center_axis',(-1.88255208523407E-14,-1.,-1.77876822985785E-29));
#3795=DIRECTION('ref_axis',(1.,-1.88255208523407E-14,9.10212806589665E-16));
#3796=DIRECTION('center_axis',(1.88255208523407E-14,1.,1.77876822985785E-29));
#3797=DIRECTION('ref_axis',(0.707106781186547,7.74055582131101E-13,0.707106781186548));
#3798=DIRECTION('',(-9.44870659255452E-16,0.,1.));
#3799=DIRECTION('',(1.,-1.88255208523407E-14,9.10212806589665E-16));
#3800=DIRECTION('center_axis',(1.88255208523407E-14,1.,1.77876822985785E-29));
#3801=DIRECTION('ref_axis',(1.,0.,-1.06213272386316E-46));
#3802=DIRECTION('center_axis',(9.44870659255452E-16,0.,-1.));
#3803=DIRECTION('ref_axis',(1.,0.,9.44870659255452E-16));
#3804=DIRECTION('',(-1.09436269570197E-12,1.,-1.03403120175249E-27));
#3805=DIRECTION('',(1.20651787880183E-14,1.,2.22044604925032E-16));
#3806=DIRECTION('',(-2.02107843036879E-31,1.,2.22044604925021E-16));
#3807=DIRECTION('',(-1.,-5.38943215837446E-17,-9.44870659255452E-16));
#3808=DIRECTION('center_axis',(9.44870659255452E-16,0.,-1.));
#3809=DIRECTION('ref_axis',(1.,0.,9.44870659255452E-16));
#3810=DIRECTION('',(-1.09436269570197E-12,1.,-1.03403120175249E-27));
#3811=DIRECTION('center_axis',(5.38943215837448E-17,-1.,-1.91417762866406E-16));
#3812=DIRECTION('ref_axis',(-1.,-5.38943215837446E-17,-9.44870659255452E-16));
#3813=DIRECTION('center_axis',(5.38943215837448E-17,-1.,-1.91417762866406E-16));
#3814=DIRECTION('ref_axis',(0.707106781186547,7.74055582131101E-13,0.707106781186548));
#3815=DIRECTION('',(-9.44870659255452E-16,0.,1.));
#3816=DIRECTION('',(-1.,-5.38943215837446E-17,-9.44870659255452E-16));
#3817=DIRECTION('',(7.65671051465625E-16,1.91417762866406E-16,-1.));
#3818=DIRECTION('center_axis',(-1.,-1.58603289232169E-16,-9.44870659255452E-16));
#3819=DIRECTION('ref_axis',(0.,0.707106781186547,0.707106781186548));
#3820=DIRECTION('center_axis',(-1.,1.8610995229314E-44,-9.44870659255452E-16));
#3821=DIRECTION('ref_axis',(0.,0.70710678118655,0.707106781186545));
#3822=DIRECTION('',(-1.,1.8610995229314E-44,-9.44870659255452E-16));
#3823=DIRECTION('center_axis',(0.,1.,0.));
#3824=DIRECTION('ref_axis',(1.,0.,0.));
#3825=DIRECTION('',(0.,-1.,0.));
#3826=DIRECTION('center_axis',(-3.24435498085349E-31,1.,3.46944695195361E-16));
#3827=DIRECTION('ref_axis',(1.,3.24435498085349E-31,0.));
#3828=DIRECTION('center_axis',(9.44870659255452E-16,0.,-1.));
#3829=DIRECTION('ref_axis',(1.,0.,9.44870659255452E-16));
#3830=DIRECTION('',(1.58603289232169E-16,-1.,1.49859594456883E-31));
#3831=DIRECTION('',(-1.,-5.38943215837446E-17,-9.44870659255452E-16));
#3832=DIRECTION('',(9.8991596589478E-32,-1.,-1.08756541187761E-16));
#3833=DIRECTION('',(1.,-1.44811698864151E-15,4.27507143709166E-16));
#3834=DIRECTION('center_axis',(5.38943215837448E-17,-1.,-1.91417762866406E-16));
#3835=DIRECTION('ref_axis',(-1.,-5.38943215837446E-17,-9.44870659255452E-16));
#3836=DIRECTION('center_axis',(5.38943215837448E-17,-1.,-1.91417762866406E-16));
#3837=DIRECTION('ref_axis',(-0.707106781186548,-9.8130778667736E-17,0.707106781186547));
#3838=DIRECTION('',(7.65671051465625E-16,1.91417762866406E-16,-1.));
#3839=DIRECTION('',(-1.,-5.38943215837446E-17,-9.44870659255452E-16));
#3840=DIRECTION('',(-9.44870659255452E-16,0.,1.));
#3841=DIRECTION('center_axis',(-1.,1.20651787880183E-14,-8.94139348691398E-16));
#3842=DIRECTION('ref_axis',(1.20651787880183E-14,1.,1.91417762866415E-16));
#3843=DIRECTION('',(8.94139348691401E-16,2.22044604925688E-16,-1.));
#3844=DIRECTION('',(1.20651787880183E-14,1.,1.91417762866415E-16));
#3845=DIRECTION('',(8.94139348691398E-16,9.44160178884452E-61,-1.));
#3846=DIRECTION('',(8.94139348691401E-16,2.2353483717285E-16,-1.));
#3847=DIRECTION('',(1.20651787880183E-14,1.,1.91417762866415E-16));
#3848=DIRECTION('center_axis',(0.,2.22824490642279E-16,-1.));
#3849=DIRECTION('ref_axis',(1.,0.,0.));
#3850=DIRECTION('center_axis',(0.,2.22044604925031E-16,-1.));
#3851=DIRECTION('ref_axis',(1.,0.,0.));
#3852=DIRECTION('',(0.,-2.22824490642279E-16,1.));
#3853=DIRECTION('center_axis',(9.10212806589669E-16,2.22044604925021E-16,
-1.));
#3854=DIRECTION('ref_axis',(1.,0.,0.));
#3855=DIRECTION('center_axis',(9.10212806589669E-16,2.22044604925021E-16,
-1.));
#3856=DIRECTION('ref_axis',(1.,0.,9.10212806589669E-16));
#3857=DIRECTION('center_axis',(0.,2.22824490642279E-16,-1.));
#3858=DIRECTION('ref_axis',(1.,0.,0.));
#3859=DIRECTION('center_axis',(0.,2.22044604925031E-16,-1.));
#3860=DIRECTION('ref_axis',(1.,0.,0.));
#3861=DIRECTION('',(0.,-2.22824490642279E-16,1.));
#3862=DIRECTION('center_axis',(9.10212806589669E-16,2.22044604925021E-16,
-1.));
#3863=DIRECTION('ref_axis',(1.,0.,0.));
#3864=DIRECTION('center_axis',(9.10212806589669E-16,2.22044604925021E-16,
-1.));
#3865=DIRECTION('ref_axis',(1.,0.,9.10212806589669E-16));
#3866=DIRECTION('center_axis',(0.,2.12178313354067E-16,-1.));
#3867=DIRECTION('ref_axis',(-6.39897996902274E-17,1.,2.12178313354067E-16));
#3868=DIRECTION('center_axis',(0.,-2.22044604925031E-16,1.));
#3869=DIRECTION('ref_axis',(-6.39897996902274E-17,1.,2.12178313354067E-16));
#3870=DIRECTION('',(0.,2.12178313354067E-16,-1.));
#3871=DIRECTION('center_axis',(-1.,-4.10058771032985E-33,-8.91745401305343E-16));
#3872=DIRECTION('ref_axis',(-2.02107843036879E-31,1.,2.22044604925021E-16));
#3873=DIRECTION('',(8.91745401305343E-16,1.91088300279716E-16,-1.));
#3874=DIRECTION('center_axis',(0.,0.,-1.));
#3875=DIRECTION('ref_axis',(1.,0.,0.));
#3876=DIRECTION('',(-1.,6.0820245847429E-48,0.));
#3877=DIRECTION('',(0.,-1.,-2.22044604925031E-16));
#3878=DIRECTION('',(-1.,-2.63986363633086E-14,0.));
#3879=DIRECTION('',(1.68215609791691E-16,1.,2.22044604925031E-16));
#3880=DIRECTION('center_axis',(3.24435498085349E-31,-1.,-3.46944695195361E-16));
#3881=DIRECTION('ref_axis',(1.,3.24435498085349E-31,0.));
#3882=DIRECTION('center_axis',(3.24435498085349E-31,-1.,-3.46944695195361E-16));
#3883=DIRECTION('ref_axis',(1.,0.,-1.06213272386316E-46));
#3884=DIRECTION('center_axis',(0.,1.,0.));
#3885=DIRECTION('ref_axis',(1.,0.,0.));
#3886=DIRECTION('',(0.,-1.,0.));
#3887=DIRECTION('center_axis',(-3.24435498085349E-31,1.,3.46944695195361E-16));
#3888=DIRECTION('ref_axis',(1.,3.24435498085349E-31,0.));
#3889=DIRECTION('center_axis',(3.24435498085349E-31,-1.,-3.46944695195361E-16));
#3890=DIRECTION('ref_axis',(1.,3.24435498085349E-31,0.));
#3891=DIRECTION('center_axis',(3.24435498085349E-31,-1.,-3.46944695195361E-16));
#3892=DIRECTION('ref_axis',(1.,0.,-1.06213272386316E-46));
#3893=DIRECTION('center_axis',(0.,1.,3.27378702432786E-16));
#3894=DIRECTION('ref_axis',(1.,0.,-1.06213272386316E-46));
#3895=DIRECTION('',(0.,-1.,-3.27378702432786E-16));
#3896=DIRECTION('center_axis',(6.27517361744672E-15,-1.,5.92922743285931E-30));
#3897=DIRECTION('ref_axis',(1.,0.,-1.06213272386316E-46));
#3898=DIRECTION('center_axis',(0.,1.,3.27378702432786E-16));
#3899=DIRECTION('ref_axis',(1.,0.,-1.06213272386316E-46));
#3900=DIRECTION('center_axis',(1.44811698864151E-15,1.,1.36828325373672E-30));
#3901=DIRECTION('ref_axis',(1.,0.,-1.06213272386316E-46));
#3902=DIRECTION('',(0.,-1.,-3.27378702432786E-16));
#3903=DIRECTION('center_axis',(-5.38943215837448E-17,1.,1.91417762866406E-16));
#3904=DIRECTION('ref_axis',(1.,0.,-1.06213272386316E-46));
#3905=DIRECTION('center_axis',(-5.38943215837448E-17,1.,1.91417762866406E-16));
#3906=DIRECTION('ref_axis',(0.,-1.91417762866406E-16,1.));
#3907=DIRECTION('center_axis',(0.,1.,3.27378702432786E-16));
#3908=DIRECTION('ref_axis',(1.,0.,-1.06213272386316E-46));
#3909=DIRECTION('',(0.,-1.,-3.27378702432786E-16));
#3910=DIRECTION('center_axis',(0.,1.,3.27378702432786E-16));
#3911=DIRECTION('ref_axis',(1.,0.,-1.06213272386316E-46));
#3912=DIRECTION('',(0.,-1.,-3.27378702432786E-16));
#3913=DIRECTION('center_axis',(2.63986363633086E-14,-1.,-2.16719497277613E-16));
#3914=DIRECTION('ref_axis',(-1.,-2.63986363633086E-14,-9.10212806589675E-16));
#3915=DIRECTION('',(8.94139348691401E-16,2.22044604925688E-16,-1.));
#3916=DIRECTION('',(1.,7.3422749361877E-13,1.63031253745676E-28));
#3917=DIRECTION('',(0.,-2.22044604925031E-16,1.));
#3918=DIRECTION('',(-1.,-7.3422749361877E-13,-7.65671051465766E-16));
#3919=DIRECTION('',(-1.,-2.63986363633086E-14,-8.94139348691407E-16));
#3920=DIRECTION('',(8.97837917293067E-16,2.16719497277637E-16,-1.));
#3921=DIRECTION('center_axis',(-1.,1.20651787880183E-14,-8.94139348691398E-16));
#3922=DIRECTION('ref_axis',(1.20651787880183E-14,1.,1.91417762866415E-16));
#3923=DIRECTION('',(8.91745401305343E-16,1.91088300279716E-16,-1.));
#3924=DIRECTION('',(0.,-1.,-2.22044604925031E-16));
#3925=DIRECTION('center_axis',(5.38943215837448E-17,-1.,-2.2353483717285E-16));
#3926=DIRECTION('ref_axis',(-1.,-5.38943215837447E-17,-7.65671051465625E-16));
#3927=DIRECTION('',(8.94139348691401E-16,2.2353483717285E-16,-1.));
#3928=DIRECTION('',(-1.,-5.38943215837447E-17,-7.65671051465625E-16));
#3929=DIRECTION('center_axis',(-1.8610995229314E-44,-1.,-1.7584983331722E-59));
#3930=DIRECTION('ref_axis',(1.,-1.8610995229314E-44,9.10212806589669E-16));
#3931=DIRECTION('',(-1.,1.8610995229314E-44,-7.65671051465625E-16));
#3932=DIRECTION('',(-9.44870659255452E-16,0.,1.));
#3933=DIRECTION('center_axis',(9.44870659255452E-16,0.,-1.));
#3934=DIRECTION('ref_axis',(1.,0.,9.44870659255452E-16));
#3935=DIRECTION('',(1.58603289232169E-16,-1.,1.49859594456883E-31));
#3936=DIRECTION('',(-1.,-6.27517361744672E-15,-1.39291846947019E-15));
#3937=DIRECTION('',(-7.04043869274488E-15,-1.,-2.22044604925028E-16));
#3938=DIRECTION('',(-1.,-1.11022302462509E-15,-6.32657050433398E-16));
#3939=DIRECTION('center_axis',(-9.51619735392991E-16,-1.,-1.91088300279717E-16));
#3940=DIRECTION('ref_axis',(-1.,9.51619735392991E-16,-9.10212806589669E-16));
#3941=DIRECTION('',(-1.,9.51619735392991E-16,2.11302028184199E-31));
#3942=DIRECTION('',(8.91745401305343E-16,1.91088300279716E-16,-1.));
#3943=DIRECTION('center_axis',(-1.44811698864151E-15,-1.,-1.36828325373672E-30));
#3944=DIRECTION('ref_axis',(1.,-1.44811698864151E-15,4.27507143709166E-16));
#3945=DIRECTION('center_axis',(1.44811698864151E-15,1.,1.36828325373672E-30));
#3946=DIRECTION('ref_axis',(-0.707106781186548,-9.8130778667736E-17,0.707106781186547));
#3947=DIRECTION('',(-9.44870659255452E-16,0.,1.));
#3948=DIRECTION('',(-9.44870659255452E-16,0.,1.));
#3949=DIRECTION('center_axis',(-1.,2.61228946970621E-15,-9.44870659255452E-16));
#3950=DIRECTION('ref_axis',(-2.61228946970621E-15,-1.,1.08410012992808E-15));
#3951=DIRECTION('',(1.58603289232169E-16,-1.,1.49859594456883E-31));
#3952=DIRECTION('',(-9.44870659255452E-16,0.,1.));
#3953=DIRECTION('center_axis',(-6.27517361744672E-15,1.,-5.92922743285931E-30));
#3954=DIRECTION('ref_axis',(-1.,-6.27517361744672E-15,-1.39291846947019E-15));
#3955=DIRECTION('center_axis',(6.27517361744672E-15,-1.,5.92922743285931E-30));
#3956=DIRECTION('ref_axis',(-0.707106781186548,-9.8130778667736E-17,0.707106781186547));
#3957=DIRECTION('',(-9.44870659255452E-16,0.,1.));
#3958=DIRECTION('center_axis',(-1.,7.04043869274488E-15,-9.44870659255452E-16));
#3959=DIRECTION('ref_axis',(-7.04043869274488E-15,-1.,-2.22044604925028E-16));
#3960=DIRECTION('',(-9.44870659255452E-16,0.,1.));
#3961=DIRECTION('center_axis',(-1.11022302462509E-15,1.,-1.04901716119809E-30));
#3962=DIRECTION('ref_axis',(-1.,-1.11022302462509E-15,-6.32657050433398E-16));
#3963=DIRECTION('center_axis',(1.,-1.20651787880183E-14,9.44870659255452E-16));
#3964=DIRECTION('ref_axis',(1.20651787880183E-14,1.,2.22044604925032E-16));
#3965=DIRECTION('center_axis',(1.,-7.69558920274193E-33,9.44870659255452E-16));
#3966=DIRECTION('ref_axis',(-2.02107843036879E-31,1.,2.22044604925021E-16));
#3967=DIRECTION('',(2.02107843036888E-31,-1.,-2.22044604925031E-16));
#3968=DIRECTION('center_axis',(9.36537827521218E-16,-2.47679425460157E-16,
-1.));
#3969=DIRECTION('ref_axis',(-1.,-3.50756424607303E-34,-9.36537827521218E-16));
#3970=DIRECTION('',(-9.36537827521218E-16,2.47679425460157E-16,1.));
#3971=DIRECTION('center_axis',(0.,2.22044604925031E-16,1.));
#3972=DIRECTION('ref_axis',(-1.,-3.50756424607303E-34,-9.36537827521218E-16));
#3973=DIRECTION('',(9.36537827521218E-16,-2.47679425460157E-16,-1.));
#3974=DIRECTION('center_axis',(0.,0.,1.));
#3975=DIRECTION('ref_axis',(-1.,-3.50756424607303E-34,-9.36537827521218E-16));
#3976=DIRECTION('center_axis',(0.,0.,1.));
#3977=DIRECTION('ref_axis',(1.,0.,0.));
#3978=DIRECTION('center_axis',(0.,0.,-1.));
#3979=DIRECTION('ref_axis',(-0.707106781186575,-0.70710678118652,-6.97818870526148E-16));
#3980=DIRECTION('',(-1.,-6.0820245847429E-48,-2.73910036535063E-32));
#3981=DIRECTION('',(4.10058771032985E-33,1.,0.));
#3982=DIRECTION('center_axis',(0.,0.,-1.));
#3983=DIRECTION('ref_axis',(-0.707106781186575,-0.70710678118652,-6.97818870526148E-16));
#3984=DIRECTION('center_axis',(-8.97837917293083E-16,-1.1935276122943E-31,
1.));
#3985=DIRECTION('ref_axis',(-0.707106781186575,-0.70710678118652,-6.97818870526148E-16));
#3986=DIRECTION('center_axis',(0.,-2.22044604925031E-16,-1.));
#3987=DIRECTION('ref_axis',(-0.707106781186575,-0.70710678118652,-6.97818870526148E-16));
#3988=DIRECTION('',(-8.97837917293083E-16,-1.1935276122943E-31,1.));
#3989=DIRECTION('',(0.,0.,1.));
#3990=DIRECTION('center_axis',(-8.97837917293083E-16,-1.1935276122943E-31,
1.));
#3991=DIRECTION('ref_axis',(-0.707106781186575,-0.70710678118652,-6.97818870526148E-16));
#3992=DIRECTION('',(8.97837917293083E-16,1.1935276122943E-31,-1.));
#3993=DIRECTION('center_axis',(0.,-2.22044604925031E-16,-1.));
#3994=DIRECTION('ref_axis',(-0.707106781186575,-0.70710678118652,-6.97818870526148E-16));
#3995=DIRECTION('center_axis',(9.36537827521216E-16,-2.47679425460156E-16,
-1.));
#3996=DIRECTION('ref_axis',(-1.,-3.50756424606936E-34,-9.36537827521216E-16));
#3997=DIRECTION('center_axis',(9.10212806589669E-16,-2.22044604925021E-16,
-1.));
#3998=DIRECTION('ref_axis',(-1.,-3.50756424606936E-34,-9.36537827521216E-16));
#3999=DIRECTION('',(9.36537827521216E-16,-2.47679425460156E-16,-1.));
#4000=DIRECTION('center_axis',(0.,2.22044604925031E-16,1.));
#4001=DIRECTION('ref_axis',(-1.,-3.50756424606936E-34,-9.36537827521216E-16));
#4002=DIRECTION('center_axis',(2.53765262771464E-15,1.,2.39775351131007E-30));
#4003=DIRECTION('ref_axis',(-1.,2.53765262771464E-15,-9.1021280658967E-16));
#4004=DIRECTION('',(8.91745401305343E-16,-1.91088300279716E-16,-1.));
#4005=DIRECTION('',(-9.44870659255452E-16,0.,1.));
#4006=DIRECTION('',(-1.,2.53765262771464E-15,-9.1021280658967E-16));
#4007=DIRECTION('',(8.91745401305343E-16,-1.91088300279716E-16,-1.));
#4008=DIRECTION('',(1.,-2.53765262771464E-15,5.63472075157865E-31));
#4009=DIRECTION('center_axis',(-2.53765262771464E-15,-1.,-2.39775351131007E-30));
#4010=DIRECTION('ref_axis',(1.,0.,-1.06213272386316E-46));
#4011=DIRECTION('center_axis',(0.478604203070916,-0.748434301277115,-0.459112310306193));
#4012=DIRECTION('ref_axis',(0.842472578334071,0.538739227043236,-4.44089209850062E-16));
#4013=DIRECTION('center_axis',(-0.748434301277115,0.478604203070916,-0.459112310306193));
#4014=DIRECTION('ref_axis',(2.59792187762289E-14,0.692258929816959,0.721649204315143));
#4015=DIRECTION('center_axis',(-1.58603289232169E-16,-1.,2.22044604925021E-16));
#4016=DIRECTION('ref_axis',(-0.707106781186547,0.,-0.707106781186548));
#4017=DIRECTION('center_axis',(0.447213595499958,-0.894427190999916,4.96506830649455E-16));
#4018=DIRECTION('ref_axis',(-0.894427190999916,-0.447213595499958,-1.48952049194836E-15));
#4019=DIRECTION('',(1.58603289232169E-16,1.,-2.22044604925021E-16));
#4020=DIRECTION('center_axis',(-0.894427190999916,0.447213595499958,-9.9301366129891E-16));
#4021=DIRECTION('ref_axis',(-0.447213595499958,-0.894427190999916,-9.93013661298909E-16));
#4022=DIRECTION('center_axis',(2.22044604925031E-15,1.11022302462516E-15,
-1.));
#4023=DIRECTION('ref_axis',(0.,-1.,-1.11022302462516E-15));
#4024=DIRECTION('center_axis',(1.,1.8610995229314E-44,9.10212806589669E-16));
#4025=DIRECTION('ref_axis',(5.88784672006416E-16,-0.707106781186547,-0.707106781186548));
#4026=DIRECTION('center_axis',(-1.,-2.56205313375106E-15,-9.44870659255452E-16));
#4027=DIRECTION('ref_axis',(5.88784672006416E-16,-0.707106781186547,-0.707106781186548));
#4028=DIRECTION('',(-1.,-1.8610995229314E-44,-9.10212806589669E-16));
#4029=DIRECTION('center_axis',(9.44870659255452E-16,0.,-1.));
#4030=DIRECTION('ref_axis',(-0.707106781186548,-0.707106781186548,-1.57009245868377E-15));
#4031=DIRECTION('',(-9.44870659255452E-16,0.,1.));
#4032=DIRECTION('',(9.44870659255452E-16,0.,-1.));
#4033=DIRECTION('center_axis',(1.,2.56205313375106E-15,9.44870659255452E-16));
#4034=DIRECTION('ref_axis',(-2.56205313375106E-15,1.,-1.07606231617538E-15));
#4035=DIRECTION('',(-2.56205313375106E-15,1.,-1.07606231617538E-15));
#4036=DIRECTION('',(-9.44870659255452E-16,0.,1.));
#4037=DIRECTION('',(-2.56205313375106E-15,1.,-1.07606231617538E-15));
#4038=DIRECTION('center_axis',(-1.,-2.56205313375106E-15,-9.44870659255452E-16));
#4039=DIRECTION('ref_axis',(0.,-0.70710678118655,0.707106781186545));
#4040=DIRECTION('',(-9.44870659255452E-16,0.,1.));
#4041=DIRECTION('center_axis',(9.10212806589669E-16,-2.22044604925021E-16,
-1.));
#4042=DIRECTION('ref_axis',(1.,1.8610995229314E-44,9.10212806589669E-16));
#4043=DIRECTION('center_axis',(9.10212806589669E-16,-2.22044604925021E-16,
-1.));
#4044=DIRECTION('ref_axis',(-6.39897996902274E-17,-1.,2.12178313354067E-16));
#4045=DIRECTION('',(1.,1.8610995229314E-44,9.10212806589669E-16));
#4046=DIRECTION('',(-1.28421320012632E-14,1.,-2.22044604925033E-16));
#4047=DIRECTION('',(1.,1.21641827045958E-13,9.10212806589642E-16));
#4048=DIRECTION('',(-1.,-1.88255208523407E-14,-9.10212806589665E-16));
#4049=DIRECTION('',(-1.20651787880183E-14,1.,-2.22044604925032E-16));
#4050=DIRECTION('',(-2.02107843036879E-31,-1.,2.22044604925021E-16));
#4051=DIRECTION('',(-1.,-9.51619735392991E-16,-9.10212806589669E-16));
#4052=DIRECTION('',(2.02107843036879E-31,1.,-2.22044604925021E-16));
#4053=DIRECTION('',(-1.,-1.8610995229314E-44,-9.10212806589669E-16));
#4054=DIRECTION('',(-1.,-1.8610995229314E-44,-9.10212806589669E-16));
#4055=DIRECTION('',(9.8991596589478E-32,1.,-1.08756541187761E-16));
#4056=DIRECTION('',(1.,1.44811698864151E-15,4.27507143709166E-16));
#4057=DIRECTION('',(-2.61228946970621E-15,1.,1.08410012992808E-15));
#4058=DIRECTION('',(-1.,6.27517361744672E-15,-1.39291846947019E-15));
#4059=DIRECTION('',(-7.04043869274488E-15,1.,-2.22044604925028E-16));
#4060=DIRECTION('',(-1.,1.11022302462509E-15,-6.32657050433398E-16));
#4061=DIRECTION('center_axis',(1.8610995229314E-44,-1.,1.7584983331722E-59));
#4062=DIRECTION('ref_axis',(1.,1.8610995229314E-44,9.10212806589669E-16));
#4063=DIRECTION('',(0.,-2.12178313354067E-16,-1.));
#4064=DIRECTION('',(-1.,1.73931018104032E-31,-3.86204441991182E-47));
#4065=DIRECTION('',(9.44870659255452E-16,0.,-1.));
#4066=DIRECTION('',(1.,1.8610995229314E-44,9.44870659255452E-16));
#4067=DIRECTION('',(-9.44870659255452E-16,0.,1.));
#4068=DIRECTION('center_axis',(-1.8610995229314E-44,1.,-1.7584983331722E-59));
#4069=DIRECTION('ref_axis',(1.,0.,0.));
#4070=DIRECTION('center_axis',(1.8610995229314E-44,-1.,1.7584983331722E-59));
#4071=DIRECTION('ref_axis',(1.,1.8610995229314E-44,9.10212806589669E-16));
#4072=DIRECTION('',(1.,1.8610995229314E-44,9.44870659255452E-16));
#4073=DIRECTION('center_axis',(-1.8610995229314E-44,1.,-1.7584983331722E-59));
#4074=DIRECTION('ref_axis',(1.,0.,0.));
#4075=DIRECTION('center_axis',(1.11022302462637E-15,1.11022302462516E-15,
-1.));
#4076=DIRECTION('ref_axis',(1.,-1.0946799022804E-12,1.11022302462516E-15));
#4077=DIRECTION('center_axis',(-1.,1.09436269570197E-12,-9.44870659255452E-16));
#4078=DIRECTION('ref_axis',(-7.73948158205172E-13,-0.707106781186547,0.707106781186548));
#4079=DIRECTION('center_axis',(9.44870659255452E-16,0.,-1.));
#4080=DIRECTION('ref_axis',(0.707106781186159,-0.707106781186936,1.57009245868291E-15));
#4081=DIRECTION('center_axis',(0.,2.22044604925031E-16,1.));
#4082=DIRECTION('ref_axis',(0.707106781186159,-0.707106781186936,1.57009245868291E-15));
#4083=DIRECTION('',(-9.44870659255452E-16,0.,1.));
#4084=DIRECTION('center_axis',(1.09436269570197E-12,1.,1.03403120175249E-27));
#4085=DIRECTION('ref_axis',(0.707106781186547,-7.74055582131101E-13,0.707106781186548));
#4086=DIRECTION('center_axis',(1.21641827045958E-13,-1.,1.14935793313952E-28));
#4087=DIRECTION('ref_axis',(0.707106781186547,-7.74055582131101E-13,0.707106781186548));
#4088=DIRECTION('',(-1.09436269570197E-12,-1.,-1.03403120175249E-27));
#4089=DIRECTION('',(1.09436269570197E-12,1.,1.03403120175249E-27));
#4090=DIRECTION('',(-1.09436269570197E-12,-1.,-1.03403120175249E-27));
#4091=DIRECTION('center_axis',(-5.38943215837448E-17,-1.,1.91417762866406E-16));
#4092=DIRECTION('ref_axis',(0.707106781186547,-7.74055582131101E-13,0.707106781186548));
#4093=DIRECTION('',(-1.09436269570197E-12,-1.,-1.03403120175249E-27));
#4094=DIRECTION('center_axis',(-1.88255208523407E-14,1.,-1.77876822985785E-29));
#4095=DIRECTION('ref_axis',(0.707106781186547,-7.74055582131101E-13,0.707106781186548));
#4096=DIRECTION('center_axis',(1.,1.8610995229314E-44,9.44870659255452E-16));
#4097=DIRECTION('ref_axis',(0.,-0.70710678118655,0.707106781186545));
#4098=DIRECTION('center_axis',(1.,1.28421320012632E-14,9.44870659255452E-16));
#4099=DIRECTION('ref_axis',(0.,-0.70710678118655,0.707106781186545));
#4100=DIRECTION('',(-1.,-1.8610995229314E-44,-9.44870659255452E-16));
#4101=DIRECTION('center_axis',(-1.,-1.28421320012632E-14,-9.44870659255452E-16));
#4102=DIRECTION('ref_axis',(1.28421320012632E-14,-1.,2.22044604925033E-16));
#4103=DIRECTION('',(1.28421320012632E-14,-1.,2.22044604925033E-16));
#4104=DIRECTION('',(-9.44870659255452E-16,0.,1.));
#4105=DIRECTION('center_axis',(-1.21641827045958E-13,1.,-1.14935793313952E-28));
#4106=DIRECTION('ref_axis',(-1.,-1.21641827045958E-13,-9.10212806589642E-16));
#4107=DIRECTION('',(-9.44870659255452E-16,0.,1.));
#4108=DIRECTION('',(-1.,-1.21641827045958E-13,-9.10212806589642E-16));
#4109=DIRECTION('center_axis',(1.21641827045958E-13,-1.,1.14935793313952E-28));
#4110=DIRECTION('ref_axis',(1.,0.,-1.06213272386316E-46));
#4111=DIRECTION('center_axis',(-1.,1.29830786644404E-12,-9.44870659255452E-16));
#4112=DIRECTION('ref_axis',(-1.29830786644404E-12,-1.,2.22044604923839E-16));
#4113=DIRECTION('',(-9.44870659255452E-16,0.,1.));
#4114=DIRECTION('center_axis',(1.88255208523407E-14,-1.,1.77876822985785E-29));
#4115=DIRECTION('ref_axis',(1.,1.88255208523407E-14,9.10212806589665E-16));
#4116=DIRECTION('',(1.,1.88255208523407E-14,9.10212806589665E-16));
#4117=DIRECTION('',(-9.44870659255452E-16,0.,1.));
#4118=DIRECTION('center_axis',(-1.88255208523407E-14,1.,-1.77876822985785E-29));
#4119=DIRECTION('ref_axis',(1.,0.,-1.06213272386316E-46));
#4120=DIRECTION('center_axis',(-9.44870659255452E-16,0.,1.));
#4121=DIRECTION('ref_axis',(1.,0.,9.44870659255452E-16));
#4122=DIRECTION('',(-1.,5.38943215837446E-17,-9.44870659255452E-16));
#4123=DIRECTION('',(-2.02107843036879E-31,-1.,2.22044604925021E-16));
#4124=DIRECTION('',(1.20651787880183E-14,-1.,2.22044604925032E-16));
#4125=DIRECTION('center_axis',(-9.44870659255452E-16,0.,1.));
#4126=DIRECTION('ref_axis',(1.,0.,9.44870659255452E-16));
#4127=DIRECTION('center_axis',(-5.38943215837448E-17,-1.,1.91417762866406E-16));
#4128=DIRECTION('ref_axis',(-1.,5.38943215837446E-17,-9.44870659255452E-16));
#4129=DIRECTION('',(7.65671051465625E-16,-1.91417762866406E-16,-1.));
#4130=DIRECTION('',(-1.,5.38943215837446E-17,-9.44870659255452E-16));
#4131=DIRECTION('',(-9.44870659255452E-16,0.,1.));
#4132=DIRECTION('center_axis',(0.,1.,0.));
#4133=DIRECTION('ref_axis',(-1.,0.,-1.11022302462516E-15));
#4134=DIRECTION('center_axis',(1.,-1.58603289232169E-16,9.44870659255452E-16));
#4135=DIRECTION('ref_axis',(0.,-0.707106781186547,0.707106781186548));
#4136=DIRECTION('center_axis',(1.,1.8610995229314E-44,9.44870659255452E-16));
#4137=DIRECTION('ref_axis',(0.,-0.70710678118655,0.707106781186545));
#4138=DIRECTION('',(-1.,-1.8610995229314E-44,-9.44870659255452E-16));
#4139=DIRECTION('center_axis',(-1.58603289232169E-16,-1.,-1.49859594456883E-31));
#4140=DIRECTION('ref_axis',(-0.707106781186548,9.8130778667736E-17,0.707106781186547));
#4141=DIRECTION('center_axis',(-1.44811698864151E-15,1.,-1.36828325373672E-30));
#4142=DIRECTION('ref_axis',(-0.707106781186548,9.8130778667736E-17,0.707106781186547));
#4143=DIRECTION('',(1.58603289232169E-16,1.,1.49859594456883E-31));
#4144=DIRECTION('center_axis',(-5.38943215837448E-17,-1.,1.91417762866406E-16));
#4145=DIRECTION('ref_axis',(-0.707106781186548,9.8130778667736E-17,0.707106781186547));
#4146=DIRECTION('',(1.58603289232169E-16,1.,1.49859594456883E-31));
#4147=DIRECTION('',(-1.58603289232169E-16,1.,-1.49859594456883E-31));
#4148=DIRECTION('',(1.58603289232169E-16,1.,1.49859594456883E-31));
#4149=DIRECTION('center_axis',(-6.27517361744672E-15,-1.,-5.92922743285931E-30));
#4150=DIRECTION('ref_axis',(-0.707106781186548,9.8130778667736E-17,0.707106781186547));
#4151=DIRECTION('',(1.58603289232169E-16,1.,1.49859594456883E-31));
#4152=DIRECTION('center_axis',(0.,1.,0.));
#4153=DIRECTION('ref_axis',(1.,0.,0.));
#4154=DIRECTION('',(0.,1.,0.));
#4155=DIRECTION('center_axis',(3.24435498085349E-31,1.,-3.46944695195361E-16));
#4156=DIRECTION('ref_axis',(1.,-3.24435498085349E-31,0.));
#4157=DIRECTION('center_axis',(-1.,1.58603289232169E-16,-9.44870659255452E-16));
#4158=DIRECTION('ref_axis',(-1.58603289232169E-16,-1.,2.22044604925021E-16));
#4159=DIRECTION('',(1.58603289232169E-16,1.,-2.22044604925031E-16));
#4160=DIRECTION('',(0.,-2.12178313354067E-16,-1.));
#4161=DIRECTION('center_axis',(-1.,1.60628012073428E-14,-7.65671051465628E-16));
#4162=DIRECTION('ref_axis',(1.60628012073428E-14,1.,1.51772695662713E-29));
#4163=DIRECTION('',(7.65671051465625E-16,-1.91417762866406E-16,-1.));
#4164=DIRECTION('',(1.60628012073428E-14,-1.,1.51772695662713E-29));
#4165=DIRECTION('center_axis',(-9.44870659255452E-16,0.,1.));
#4166=DIRECTION('ref_axis',(1.,0.,9.44870659255452E-16));
#4167=DIRECTION('',(1.,1.44811698864151E-15,4.27507143709166E-16));
#4168=DIRECTION('',(9.8991596589478E-32,1.,-1.08756541187761E-16));
#4169=DIRECTION('',(-1.,5.38943215837446E-17,-9.44870659255452E-16));
#4170=DIRECTION('center_axis',(-5.38943215837448E-17,-1.,1.91417762866406E-16));
#4171=DIRECTION('ref_axis',(-1.,5.38943215837446E-17,-9.44870659255452E-16));
#4172=DIRECTION('',(-9.44870659255452E-16,0.,1.));
#4173=DIRECTION('',(-1.,5.38943215837446E-17,-9.44870659255452E-16));
#4174=DIRECTION('center_axis',(1.,0.,0.));
#4175=DIRECTION('ref_axis',(0.,1.,-2.22044604925031E-16));
#4176=DIRECTION('',(0.,-1.,1.91417762866406E-16));
#4177=DIRECTION('',(0.,1.,-2.22044604925031E-16));
#4178=DIRECTION('',(0.,2.22044604925031E-16,1.));
#4179=DIRECTION('center_axis',(7.65671051465625E-16,-1.91417762866406E-16,
-1.));
#4180=DIRECTION('ref_axis',(-1.,0.,-7.65671051465625E-16));
#4181=DIRECTION('',(-1.,7.3422749361877E-13,-7.65671051465766E-16));
#4182=DIRECTION('',(1.20651787880183E-14,-1.,1.91417762866415E-16));
#4183=DIRECTION('',(-1.,-1.8610995229314E-44,-7.65671051465625E-16));
#4184=DIRECTION('',(-3.52187492099079E-32,-1.,-3.32771627841181E-47));
#4185=DIRECTION('center_axis',(1.,1.20651787880183E-14,8.94139348691398E-16));
#4186=DIRECTION('ref_axis',(1.20651787880183E-14,-1.,1.91417762866415E-16));
#4187=DIRECTION('',(8.94139348691401E-16,-2.22044604925688E-16,-1.));
#4188=DIRECTION('',(1.20651787880183E-14,-1.,1.91417762866415E-16));
#4189=DIRECTION('',(8.94139348691401E-16,-2.2353483717285E-16,-1.));
#4190=DIRECTION('',(8.94139348691398E-16,-9.44160178884452E-61,-1.));
#4191=DIRECTION('center_axis',(0.,2.22824490642279E-16,1.));
#4192=DIRECTION('ref_axis',(1.,0.,0.));
#4193=DIRECTION('center_axis',(0.,2.22044604925031E-16,1.));
#4194=DIRECTION('ref_axis',(1.,0.,0.));
#4195=DIRECTION('',(0.,2.22824490642279E-16,1.));
#4196=DIRECTION('center_axis',(-9.10212806589669E-16,2.22044604925021E-16,
1.));
#4197=DIRECTION('ref_axis',(1.,0.,0.));
#4198=DIRECTION('center_axis',(-9.10212806589669E-16,2.22044604925021E-16,
1.));
#4199=DIRECTION('ref_axis',(1.,0.,9.10212806589669E-16));
#4200=DIRECTION('center_axis',(0.,2.22824490642279E-16,1.));
#4201=DIRECTION('ref_axis',(1.,0.,0.));
#4202=DIRECTION('center_axis',(0.,2.22044604925031E-16,1.));
#4203=DIRECTION('ref_axis',(1.,0.,0.));
#4204=DIRECTION('',(0.,2.22824490642279E-16,1.));
#4205=DIRECTION('center_axis',(-9.10212806589669E-16,2.22044604925021E-16,
1.));
#4206=DIRECTION('ref_axis',(1.,0.,0.));
#4207=DIRECTION('center_axis',(-9.10212806589669E-16,2.22044604925021E-16,
1.));
#4208=DIRECTION('ref_axis',(1.,0.,9.10212806589669E-16));
#4209=DIRECTION('center_axis',(0.,2.12178313354067E-16,1.));
#4210=DIRECTION('ref_axis',(-6.39897996902274E-17,-1.,2.12178313354067E-16));
#4211=DIRECTION('center_axis',(0.,-2.22044604925031E-16,-1.));
#4212=DIRECTION('ref_axis',(-6.39897996902274E-17,-1.,2.12178313354067E-16));
#4213=DIRECTION('center_axis',(1.,-4.10058771032985E-33,8.91745401305343E-16));
#4214=DIRECTION('ref_axis',(-2.02107843036879E-31,-1.,2.22044604925021E-16));
#4215=DIRECTION('',(8.91745401305343E-16,-1.91088300279716E-16,-1.));
#4216=DIRECTION('center_axis',(0.,0.,1.));
#4217=DIRECTION('ref_axis',(1.,0.,0.));
#4218=DIRECTION('',(-1.,-6.0820245847429E-48,0.));
#4219=DIRECTION('',(1.68215609791691E-16,-1.,2.22044604925031E-16));
#4220=DIRECTION('',(-1.,2.63986363633086E-14,0.));
#4221=DIRECTION('',(0.,1.,-2.22044604925031E-16));
#4222=DIRECTION('center_axis',(-1.,7.57727214306669E-14,-8.97837917293083E-16));
#4223=DIRECTION('ref_axis',(7.57727214306669E-14,1.,8.88178419700205E-16));
#4224=DIRECTION('',(1.68215609791691E-16,-1.,2.22044604925031E-16));
#4225=DIRECTION('',(7.57727214306669E-14,1.,-2.23534837172783E-16));
#4226=DIRECTION('',(8.97837917293067E-16,-2.16719497277637E-16,-1.));
#4227=DIRECTION('center_axis',(0.,-2.22044604925031E-16,-1.));
#4228=DIRECTION('ref_axis',(-1.,0.,0.));
#4229=DIRECTION('',(-1.09436269570197E-12,-1.,2.22044604925031E-16));
#4230=DIRECTION('',(2.02107843036888E-31,1.,-2.22044604925031E-16));
#4231=DIRECTION('',(-1.,-9.51619735392991E-16,2.11302028184199E-31));
#4232=DIRECTION('',(0.,1.,-2.22044604925031E-16));
#4233=DIRECTION('',(1.,-7.3422749361877E-13,1.63031253745676E-28));
#4234=DIRECTION('center_axis',(-3.24435498085349E-31,-1.,3.46944695195361E-16));
#4235=DIRECTION('ref_axis',(1.,-3.24435498085349E-31,0.));
#4236=DIRECTION('center_axis',(-3.24435498085349E-31,-1.,3.46944695195361E-16));
#4237=DIRECTION('ref_axis',(1.,0.,-1.06213272386316E-46));
#4238=DIRECTION('center_axis',(0.,1.,0.));
#4239=DIRECTION('ref_axis',(1.,0.,0.));
#4240=DIRECTION('',(0.,1.,0.));
#4241=DIRECTION('center_axis',(3.24435498085349E-31,1.,-3.46944695195361E-16));
#4242=DIRECTION('ref_axis',(1.,-3.24435498085349E-31,0.));
#4243=DIRECTION('center_axis',(-3.24435498085349E-31,-1.,3.46944695195361E-16));
#4244=DIRECTION('ref_axis',(1.,-3.24435498085349E-31,0.));
#4245=DIRECTION('center_axis',(-3.24435498085349E-31,-1.,3.46944695195361E-16));
#4246=DIRECTION('ref_axis',(1.,0.,-1.06213272386316E-46));
#4247=DIRECTION('center_axis',(0.,1.,-3.27378702432786E-16));
#4248=DIRECTION('ref_axis',(1.,0.,-1.06213272386316E-46));
#4249=DIRECTION('',(0.,1.,-3.27378702432786E-16));
#4250=DIRECTION('center_axis',(-6.27517361744672E-15,-1.,-5.92922743285931E-30));
#4251=DIRECTION('ref_axis',(1.,0.,-1.06213272386316E-46));
#4252=DIRECTION('center_axis',(0.,1.,-3.27378702432786E-16));
#4253=DIRECTION('ref_axis',(1.,0.,-1.06213272386316E-46));
#4254=DIRECTION('center_axis',(-1.44811698864151E-15,1.,-1.36828325373672E-30));
#4255=DIRECTION('ref_axis',(1.,0.,-1.06213272386316E-46));
#4256=DIRECTION('',(0.,1.,-3.27378702432786E-16));
#4257=DIRECTION('center_axis',(5.38943215837448E-17,1.,-1.91417762866406E-16));
#4258=DIRECTION('ref_axis',(1.,0.,-1.06213272386316E-46));
#4259=DIRECTION('center_axis',(5.38943215837448E-17,1.,-1.91417762866406E-16));
#4260=DIRECTION('ref_axis',(0.,1.91417762866406E-16,1.));
#4261=DIRECTION('center_axis',(0.,1.,-3.27378702432786E-16));
#4262=DIRECTION('ref_axis',(1.,0.,-1.06213272386316E-46));
#4263=DIRECTION('',(0.,1.,-3.27378702432786E-16));
#4264=DIRECTION('center_axis',(0.,1.,-3.27378702432786E-16));
#4265=DIRECTION('ref_axis',(1.,0.,-1.06213272386316E-46));
#4266=DIRECTION('',(0.,1.,-3.27378702432786E-16));
#4267=DIRECTION('center_axis',(-2.63986363633086E-14,-1.,2.16719497277613E-16));
#4268=DIRECTION('ref_axis',(-1.,2.63986363633086E-14,-9.10212806589675E-16));
#4269=DIRECTION('',(-1.,2.63986363633086E-14,-8.94139348691407E-16));
#4270=DIRECTION('',(8.94139348691401E-16,-2.22044604925688E-16,-1.));
#4271=DIRECTION('center_axis',(1.,1.20651787880183E-14,8.94139348691398E-16));
#4272=DIRECTION('ref_axis',(1.20651787880183E-14,-1.,1.91417762866415E-16));
#4273=DIRECTION('',(8.91745401305343E-16,-1.91088300279716E-16,-1.));
#4274=DIRECTION('center_axis',(8.94139348691401E-16,-2.2353483717285E-16,
-1.));
#4275=DIRECTION('ref_axis',(-1.,0.,-8.94139348691401E-16));
#4276=DIRECTION('',(1.68516135643475E-31,-1.,-1.91417762866406E-16));
#4277=DIRECTION('',(-1.,5.38943215837447E-17,-7.65671051465625E-16));
#4278=DIRECTION('center_axis',(-5.38943215837448E-17,-1.,2.2353483717285E-16));
#4279=DIRECTION('ref_axis',(-1.,5.38943215837447E-17,-7.65671051465625E-16));
#4280=DIRECTION('',(8.94139348691401E-16,-2.2353483717285E-16,-1.));
#4281=DIRECTION('center_axis',(7.65671051465625E-16,-1.91417762866406E-16,
-1.));
#4282=DIRECTION('ref_axis',(-1.,0.,-7.65671051465625E-16));
#4283=DIRECTION('',(1.68516135643475E-31,1.,-1.91417762866406E-16));
#4284=DIRECTION('center_axis',(1.8610995229314E-44,-1.,1.7584983331722E-59));
#4285=DIRECTION('ref_axis',(1.,1.8610995229314E-44,9.10212806589669E-16));
#4286=DIRECTION('',(-9.44870659255452E-16,0.,1.));
#4287=DIRECTION('center_axis',(1.,-3.52187492099079E-32,7.65671051465625E-16));
#4288=DIRECTION('ref_axis',(-3.52187492099079E-32,-1.,-3.32771627841181E-47));
#4289=DIRECTION('center_axis',(-9.44870659255452E-16,0.,1.));
#4290=DIRECTION('ref_axis',(1.,0.,9.44870659255452E-16));
#4291=DIRECTION('',(-1.,1.11022302462509E-15,-6.32657050433398E-16));
#4292=DIRECTION('',(-7.04043869274488E-15,1.,-2.22044604925028E-16));
#4293=DIRECTION('',(-1.,6.27517361744672E-15,-1.39291846947019E-15));
#4294=DIRECTION('center_axis',(9.51619735392991E-16,-1.,1.91088300279717E-16));
#4295=DIRECTION('ref_axis',(-1.,-9.51619735392991E-16,-9.10212806589669E-16));
#4296=DIRECTION('',(8.91745401305343E-16,-1.91088300279716E-16,-1.));
#4297=DIRECTION('center_axis',(1.44811698864151E-15,-1.,1.36828325373672E-30));
#4298=DIRECTION('ref_axis',(1.,1.44811698864151E-15,4.27507143709166E-16));
#4299=DIRECTION('',(-9.44870659255452E-16,0.,1.));
#4300=DIRECTION('',(-9.44870659255452E-16,0.,1.));
#4301=DIRECTION('center_axis',(1.,2.61228946970621E-15,9.44870659255452E-16));
#4302=DIRECTION('ref_axis',(-2.61228946970621E-15,1.,1.08410012992808E-15));
#4303=DIRECTION('',(-9.44870659255452E-16,0.,1.));
#4304=DIRECTION('center_axis',(6.27517361744672E-15,1.,5.92922743285931E-30));
#4305=DIRECTION('ref_axis',(-1.,6.27517361744672E-15,-1.39291846947019E-15));
#4306=DIRECTION('',(-9.44870659255452E-16,0.,1.));
#4307=DIRECTION('center_axis',(1.,7.04043869274488E-15,9.44870659255452E-16));
#4308=DIRECTION('ref_axis',(-7.04043869274488E-15,1.,-2.22044604925028E-16));
#4309=DIRECTION('',(-9.44870659255452E-16,0.,1.));
#4310=DIRECTION('center_axis',(1.11022302462509E-15,1.,1.04901716119809E-30));
#4311=DIRECTION('ref_axis',(-1.,1.11022302462509E-15,-6.32657050433398E-16));
#4312=DIRECTION('center_axis',(1.,-1.09436269570197E-12,9.44870659255452E-16));
#4313=DIRECTION('ref_axis',(1.09436269570197E-12,1.,-2.22044604924025E-16));
#4314=DIRECTION('center_axis',(-1.,-1.20651787880183E-14,-9.44870659255452E-16));
#4315=DIRECTION('ref_axis',(1.20651787880183E-14,-1.,2.22044604925032E-16));
#4316=DIRECTION('center_axis',(-1.,-7.69558920274193E-33,-9.44870659255452E-16));
#4317=DIRECTION('ref_axis',(-2.02107843036879E-31,-1.,2.22044604925021E-16));
#4318=DIRECTION('center_axis',(1.,3.76926818094417E-33,9.44870659255452E-16));
#4319=DIRECTION('ref_axis',(9.8991596589478E-32,1.,-1.08756541187761E-16));
#4320=DIRECTION('',(0.,0.,1.));
#4321=DIRECTION('',(1.,0.,0.));
#4322=CARTESIAN_POINT('',(0.,0.,0.));
#4323=CARTESIAN_POINT('',(0.,0.,0.));
#4324=CARTESIAN_POINT('Ctrl Pts',(-20.3950130807723,-27.0472487826096,-7.66464086408813));
#4325=CARTESIAN_POINT('Ctrl Pts',(-20.4326248585448,-26.9742957777373,-7.64341425603297));
#4326=CARTESIAN_POINT('Ctrl Pts',(-20.5031694164218,-26.8175291693504,-7.60297876656979));
#4327=CARTESIAN_POINT('Ctrl Pts',(-20.5963662277269,-26.5395442449828,-7.54789301754604));
#4328=CARTESIAN_POINT('Ctrl Pts',(-20.6774481704833,-26.2051733670973,-7.49808695027492));
#4329=CARTESIAN_POINT('Ctrl Pts',(-20.7453574492822,-25.7985797684991,-7.45356676096549));
#4330=CARTESIAN_POINT('Ctrl Pts',(-20.7972917037786,-25.3048834588222,-7.4153923926884));
#4331=CARTESIAN_POINT('Ctrl Pts',(-20.8283344796363,-24.7371621883634,-7.38706114836567));
#4332=CARTESIAN_POINT('Ctrl Pts',(-20.8328123187583,-24.1750420872545,-7.37392612830671));
#4333=CARTESIAN_POINT('Ctrl Pts',(-20.8284271247472,-23.8405287298641,-7.37157287525313));
#4334=CARTESIAN_POINT('Ctrl Pts',(-20.8284271247472,-23.6670190266046,-7.37157287525313));
#4335=CARTESIAN_POINT('Ctrl Pts',(-20.1822427212096,-26.9822949547802,-7.37497500028174));
#4336=CARTESIAN_POINT('Ctrl Pts',(-20.2224424699815,-26.9092031063213,-7.36211053657734));
#4337=CARTESIAN_POINT('Ctrl Pts',(-20.2971476305185,-26.7517264802341,-7.3359668310906));
#4338=CARTESIAN_POINT('Ctrl Pts',(-20.393438046124,-26.4713183263371,-7.29614982162793));
#4339=CARTESIAN_POINT('Ctrl Pts',(-20.4742934085914,-26.1337298517949,-7.25627919310642));
#4340=CARTESIAN_POINT('Ctrl Pts',(-20.5383964787575,-25.7254529292204,-7.21732678142795));
#4341=CARTESIAN_POINT('Ctrl Pts',(-20.5831343402871,-25.2365825574017,-7.18186054049857));
#4342=CARTESIAN_POINT('Ctrl Pts',(-20.6050158013711,-24.6883359095878,-7.15504691035311));
#4343=CARTESIAN_POINT('Ctrl Pts',(-20.6000183524453,-24.1544247890264,-7.13985158554163));
#4344=CARTESIAN_POINT('Ctrl Pts',(-20.5867425204724,-23.8331936273251,-7.12988827097831));
#4345=CARTESIAN_POINT('Ctrl Pts',(-20.5816002948495,-23.6670190266046,-7.12474604535544));
#4346=CARTESIAN_POINT('Ctrl Pts',(-19.7101820130899,-26.8405507569088,-6.90503075554857));
#4347=CARTESIAN_POINT('Ctrl Pts',(-19.7539682574126,-26.7657476793295,-6.89886602022845));
#4348=CARTESIAN_POINT('Ctrl Pts',(-19.8332838113856,-26.6037680491495,-6.88439289908907));
#4349=CARTESIAN_POINT('Ctrl Pts',(-19.928939198951,-26.3128098922733,-6.8566333454252));
#4350=CARTESIAN_POINT('Ctrl Pts',(-20.001969266933,-25.9625735159452,-6.82404980254361));
#4351=CARTESIAN_POINT('Ctrl Pts',(-20.0521262973583,-25.5472467005489,-6.78979598058101));
#4352=CARTESIAN_POINT('Ctrl Pts',(-20.0798505747717,-25.0720466699287,-6.7596809624639));
#4353=CARTESIAN_POINT('Ctrl Pts',(-20.085734925216,-24.5740573268634,-6.73899026121141));
#4354=CARTESIAN_POINT('Ctrl Pts',(-20.0654029004679,-24.1058260958422,-6.72240016187304));
#4355=CARTESIAN_POINT('Ctrl Pts',(-20.0375707774035,-23.8172232672303,-6.70527134021577));
#4356=CARTESIAN_POINT('Ctrl Pts',(-20.0229813462395,-23.6670190266046,-6.69610392665933));
#4357=CARTESIAN_POINT('Ctrl Pts',(-18.5221788465552,-26.5275873181378,-6.35511640373832));
#4358=CARTESIAN_POINT('Ctrl Pts',(-18.5782155307498,-26.4414546242046,-6.35140600052149));
#4359=CARTESIAN_POINT('Ctrl Pts',(-18.6808897778748,-26.2563976396377,-6.34303034806269));
#4360=CARTESIAN_POINT('Ctrl Pts',(-18.8116299457247,-25.9367412182142,-6.32992942428592));
#4361=CARTESIAN_POINT('Ctrl Pts',(-18.9219397883792,-25.5782695285161,-6.31907915043584));
#4362=CARTESIAN_POINT('Ctrl Pts',(-19.01085956639,-25.1949915587209,-6.31287695707233));
#4363=CARTESIAN_POINT('Ctrl Pts',(-19.0752468919574,-24.7989922324102,-6.31131820586694));
#4364=CARTESIAN_POINT('Ctrl Pts',(-19.1071814297878,-24.4126284207315,-6.31013314757937));
#4365=CARTESIAN_POINT('Ctrl Pts',(-19.0968099494341,-24.0374389547701,-6.30327312638016));
#4366=CARTESIAN_POINT('Ctrl Pts',(-19.0639634718949,-23.7893155754032,-6.29574144324659));
#4367=CARTESIAN_POINT('Ctrl Pts',(-19.0471648458935,-23.6670190266045,-6.29190749782856));
#4368=CARTESIAN_POINT('Ctrl Pts',(-17.6620703655629,-26.2328142992357,-6.19999999999932));
#4369=CARTESIAN_POINT('Ctrl Pts',(-17.7336216437428,-26.1463472989158,-6.19999999999932));
#4370=CARTESIAN_POINT('Ctrl Pts',(-17.867169275081,-25.9631243946574,-6.19999999999932));
#4371=CARTESIAN_POINT('Ctrl Pts',(-18.038069108478,-25.6584144824694,-6.19999999999932));
#4372=CARTESIAN_POINT('Ctrl Pts',(-18.1766862867311,-25.3312463702494,-6.19999999999932));
#4373=CARTESIAN_POINT('Ctrl Pts',(-18.2786853155456,-24.9933764504274,-6.19999999999932));
#4374=CARTESIAN_POINT('Ctrl Pts',(-18.3435716971387,-24.6463004075246,-6.19999999999932));
#4375=CARTESIAN_POINT('Ctrl Pts',(-18.3723273794872,-24.3074120001245,-6.19999999999932));
#4376=CARTESIAN_POINT('Ctrl Pts',(-18.3702017698144,-23.9753810233058,-6.19999999999932));
#4377=CARTESIAN_POINT('Ctrl Pts',(-18.3563380556165,-23.7684841874801,-6.19999999999932));
#4378=CARTESIAN_POINT('Ctrl Pts',(-18.3490658503999,-23.6670190266046,-6.19999999999932));
#4379=CARTESIAN_POINT('Ctrl Pts',(-17.288937469869,-26.0903013633834,-6.19999999999932));
#4380=CARTESIAN_POINT('Ctrl Pts',(-17.3587991106339,-26.0032530890462,-6.19999999999932));
#4381=CARTESIAN_POINT('Ctrl Pts',(-17.4889121762697,-25.8196074968215,-6.19999999999931));
#4382=CARTESIAN_POINT('Ctrl Pts',(-17.6541875387275,-25.5187820164437,-6.19999999999932));
#4383=CARTESIAN_POINT('Ctrl Pts',(-17.7869739824758,-25.2025153810476,-6.19999999999932));
#4384=CARTESIAN_POINT('Ctrl Pts',(-17.8848147786869,-24.8823502230461,-6.19999999999932));
#4385=CARTESIAN_POINT('Ctrl Pts',(-17.9502472492145,-24.5586199395074,-6.19999999999932));
#4386=CARTESIAN_POINT('Ctrl Pts',(-17.9864622676183,-24.2477317386582,-6.19999999999932));
#4387=CARTESIAN_POINT('Ctrl Pts',(-17.9998069325074,-23.9446073073076,-6.19999999999932));
#4388=CARTESIAN_POINT('Ctrl Pts',(-18.000000000001,-23.7581503787033,-6.19999999999932));
#4389=CARTESIAN_POINT('Ctrl Pts',(-18.000000000001,-23.6670190266046,-6.19999999999932));
#4390=CARTESIAN_POINT('',(-20.3950130807723,-27.0472487826096,-7.66464086408813));
#4391=CARTESIAN_POINT('',(-20.8284271247472,-23.6670190266046,-7.37157287525313));
#4392=CARTESIAN_POINT('Ctrl Pts',(-20.3950130807723,-27.0472487826096,-7.66464086408813));
#4393=CARTESIAN_POINT('Ctrl Pts',(-20.4326248585448,-26.9742957777373,-7.64341425603297));
#4394=CARTESIAN_POINT('Ctrl Pts',(-20.5031694164218,-26.8175291693504,-7.60297876656979));
#4395=CARTESIAN_POINT('Ctrl Pts',(-20.5963662277269,-26.5395442449828,-7.54789301754604));
#4396=CARTESIAN_POINT('Ctrl Pts',(-20.6774481704833,-26.2051733670973,-7.49808695027492));
#4397=CARTESIAN_POINT('Ctrl Pts',(-20.7453574492822,-25.7985797684991,-7.45356676096549));
#4398=CARTESIAN_POINT('Ctrl Pts',(-20.7972917037786,-25.3048834588222,-7.4153923926884));
#4399=CARTESIAN_POINT('Ctrl Pts',(-20.8283344796363,-24.7371621883634,-7.38706114836567));
#4400=CARTESIAN_POINT('Ctrl Pts',(-20.8328123187583,-24.1750420872545,-7.37392612830671));
#4401=CARTESIAN_POINT('Ctrl Pts',(-20.8284271247472,-23.8405287298641,-7.37157287525313));
#4402=CARTESIAN_POINT('Ctrl Pts',(-20.8284271247472,-23.6670190266046,-7.37157287525313));
#4403=CARTESIAN_POINT('',(-17.288937469869,-26.0903013633834,-6.19999999999932));
#4404=CARTESIAN_POINT('Ctrl Pts',(-20.3950130807723,-27.0472487826096,-7.66464086408813));
#4405=CARTESIAN_POINT('Ctrl Pts',(-20.1822427212096,-26.9822949547802,-7.37497500028174));
#4406=CARTESIAN_POINT('Ctrl Pts',(-19.7101820130899,-26.8405507569088,-6.90503075554857));
#4407=CARTESIAN_POINT('Ctrl Pts',(-18.5221788465552,-26.5275873181378,-6.35511640373832));
#4408=CARTESIAN_POINT('Ctrl Pts',(-17.6620703655629,-26.2328142992357,-6.19999999999932));
#4409=CARTESIAN_POINT('Ctrl Pts',(-17.288937469869,-26.0903013633834,-6.19999999999932));
#4410=CARTESIAN_POINT('',(-18.000000000001,-23.6670190266046,-6.19999999999932));
#4411=CARTESIAN_POINT('Ctrl Pts',(-17.288937469869,-26.0903013633834,-6.19999999999932));
#4412=CARTESIAN_POINT('Ctrl Pts',(-17.3184655304995,-26.053509116676,-6.19999999999932));
#4413=CARTESIAN_POINT('Ctrl Pts',(-17.3471465043235,-26.0158590251328,-6.19999999999932));
#4414=CARTESIAN_POINT('Ctrl Pts',(-17.374945900101,-25.9774034368496,-6.19999999999932));
#4415=CARTESIAN_POINT('Ctrl Pts',(-17.4042842442393,-25.9368189834276,-6.19999999999932));
#4416=CARTESIAN_POINT('Ctrl Pts',(-17.4326440678505,-25.8953316497605,-6.19999999999932));
#4417=CARTESIAN_POINT('Ctrl Pts',(-17.4600185848911,-25.8529862235473,-6.19999999999932));
#4418=CARTESIAN_POINT('Ctrl Pts',(-17.4867649055536,-25.8116125493959,-6.19999999999932));
#4419=CARTESIAN_POINT('Ctrl Pts',(-17.5125705306507,-25.769420525897,-6.19999999999932));
#4420=CARTESIAN_POINT('Ctrl Pts',(-17.5374095243702,-25.726511280655,-6.19999999999932));
#4421=CARTESIAN_POINT('Ctrl Pts',(-17.5674392075647,-25.6746351436712,-6.19999999999932));
#4422=CARTESIAN_POINT('Ctrl Pts',(-17.5960554025451,-25.6217115959491,-6.19999999999932));
#4423=CARTESIAN_POINT('Ctrl Pts',(-17.6231905382727,-25.5679924364149,-6.19999999999932));
#4424=CARTESIAN_POINT('Ctrl Pts',(-17.6553740007784,-25.5042791543416,-6.19999999999932));
#4425=CARTESIAN_POINT('Ctrl Pts',(-17.6854709363225,-25.4394529173186,-6.19999999999932));
#4426=CARTESIAN_POINT('Ctrl Pts',(-17.7133709507437,-25.3739717503371,-6.19999999999932));
#4427=CARTESIAN_POINT('Ctrl Pts',(-17.7335468474396,-25.3266190414604,-6.19999999999932));
#4428=CARTESIAN_POINT('Ctrl Pts',(-17.7525736788855,-25.2789252782325,-6.19999999999932));
#4429=CARTESIAN_POINT('Ctrl Pts',(-17.7704271439569,-25.2310378402457,-6.19999999999932));
#4430=CARTESIAN_POINT('Ctrl Pts',(-17.7864717757044,-25.1880021435472,-6.19999999999932));
#4431=CARTESIAN_POINT('Ctrl Pts',(-17.8015685753557,-25.1448106247247,-6.19999999999932));
#4432=CARTESIAN_POINT('Ctrl Pts',(-17.8157186594814,-25.1015348559189,-6.19999999999932));
#4433=CARTESIAN_POINT('Ctrl Pts',(-17.8294254830396,-25.0596147286535,-6.19999999999932));
#4434=CARTESIAN_POINT('Ctrl Pts',(-17.8422436886797,-25.0176162637413,-6.19999999999932));
#4435=CARTESIAN_POINT('Ctrl Pts',(-17.8541964055388,-24.9755598261537,-6.19999999999932));
#4436=CARTESIAN_POINT('Ctrl Pts',(-17.8640941681497,-24.9407338831982,-6.19999999999932));
#4437=CARTESIAN_POINT('Ctrl Pts',(-17.8733996352575,-24.9058632253688,-6.19999999999932));
#4438=CARTESIAN_POINT('Ctrl Pts',(-17.8821366810268,-24.8709468486448,-6.19999999999932));
#4439=CARTESIAN_POINT('Ctrl Pts',(-17.8915324944091,-24.8333977996471,-6.19999999999932));
#4440=CARTESIAN_POINT('Ctrl Pts',(-17.9002710328755,-24.7957958266225,-6.19999999999932));
#4441=CARTESIAN_POINT('Ctrl Pts',(-17.9083762890397,-24.7582128260275,-6.19999999999932));
#4442=CARTESIAN_POINT('Ctrl Pts',(-17.9188337243213,-24.7097230820335,-6.19999999999932));
#4443=CARTESIAN_POINT('Ctrl Pts',(-17.9282361836115,-24.6612691001798,-6.19999999999932));
#4444=CARTESIAN_POINT('Ctrl Pts',(-17.9366319268707,-24.6130916718087,-6.19999999999932));
#4445=CARTESIAN_POINT('Ctrl Pts',(-17.9434064525121,-24.5742173025296,-6.19999999999932));
#4446=CARTESIAN_POINT('Ctrl Pts',(-17.9495251430667,-24.5355272955108,-6.19999999999932));
#4447=CARTESIAN_POINT('Ctrl Pts',(-17.9550197968507,-24.4971282769808,-6.19999999999932));
#4448=CARTESIAN_POINT('Ctrl Pts',(-17.9596486582107,-24.464779790593,-6.19999999999932));
#4449=CARTESIAN_POINT('Ctrl Pts',(-17.9638346158108,-24.432638566606,-6.19999999999932));
#4450=CARTESIAN_POINT('Ctrl Pts',(-17.9676036598924,-24.4007278555645,-6.19999999999932));
#4451=CARTESIAN_POINT('Ctrl Pts',(-17.9710227667275,-24.3717798974429,-6.19999999999932));
#4452=CARTESIAN_POINT('Ctrl Pts',(-17.9740987599171,-24.3430219960852,-6.19999999999932));
#4453=CARTESIAN_POINT('Ctrl Pts',(-17.9768576818613,-24.3144282366629,-6.19999999999932));
#4454=CARTESIAN_POINT('Ctrl Pts',(-17.9795962133776,-24.2860458057964,-6.19999999999932));
#4455=CARTESIAN_POINT('Ctrl Pts',(-17.9820225291077,-24.2578210647305,-6.19999999999932));
#4456=CARTESIAN_POINT('Ctrl Pts',(-17.9841689543204,-24.2296922459696,-6.19999999999932));
#4457=CARTESIAN_POINT('Ctrl Pts',(-17.9861645565574,-24.2035399564262,-6.19999999999932));
#4458=CARTESIAN_POINT('Ctrl Pts',(-17.9879183474373,-24.1774700091077,-6.19999999999932));
#4459=CARTESIAN_POINT('Ctrl Pts',(-17.989456598567,-24.1514903102905,-6.19999999999932));
#4460=CARTESIAN_POINT('Ctrl Pts',(-17.9913676280078,-24.119214716048,-6.19999999999932));
#4461=CARTESIAN_POINT('Ctrl Pts',(-17.9929458516028,-24.0870793524254,-6.19999999999932));
#4462=CARTESIAN_POINT('Ctrl Pts',(-17.9942427043737,-24.055182141759,-6.19999999999932));
#4463=CARTESIAN_POINT('Ctrl Pts',(-17.9956223755727,-24.021247940536,-6.19999999999932));
#4464=CARTESIAN_POINT('Ctrl Pts',(-17.9966833714555,-23.9875891702714,-6.19999999999932));
#4465=CARTESIAN_POINT('Ctrl Pts',(-17.9974916652547,-23.9543492319374,-6.19999999999932));
#4466=CARTESIAN_POINT('Ctrl Pts',(-17.9981133946491,-23.9287814906664,-6.19999999999932));
#4467=CARTESIAN_POINT('Ctrl Pts',(-17.9985856706347,-23.9034629815892,-6.19999999999932));
#4468=CARTESIAN_POINT('Ctrl Pts',(-17.9989412768621,-23.8784324380572,-6.19999999999932));
#4469=CARTESIAN_POINT('Ctrl Pts',(-17.9992687075308,-23.8553851262376,-6.19999999999932));
#4470=CARTESIAN_POINT('Ctrl Pts',(-17.9994972192592,-23.8325827569347,-6.19999999999932));
#4471=CARTESIAN_POINT('Ctrl Pts',(-17.9996548376295,-23.8100165374072,-6.19999999999932));
#4472=CARTESIAN_POINT('Ctrl Pts',(-17.9998036374728,-23.7887128662594,-6.19999999999932));
#4473=CARTESIAN_POINT('Ctrl Pts',(-17.9998892492874,-23.7676201926462,-6.19999999999932));
#4474=CARTESIAN_POINT('Ctrl Pts',(-17.9999375942637,-23.7466856647504,-6.19999999999932));
#4475=CARTESIAN_POINT('Ctrl Pts',(-17.9999830734542,-23.7269920904856,-6.19999999999932));
#4476=CARTESIAN_POINT('Ctrl Pts',(-17.9999955744599,-23.7074387069867,-6.19999999999932));
#4477=CARTESIAN_POINT('Ctrl Pts',(-17.9999988316592,-23.6879349517525,-6.19999999999932));
#4478=CARTESIAN_POINT('Ctrl Pts',(-17.9999999966638,-23.6809590310431,-6.19999999999932));
#4479=CARTESIAN_POINT('Ctrl Pts',(-18.000000000001,-23.6739889896796,-6.19999999999932));
#4480=CARTESIAN_POINT('Ctrl Pts',(-18.000000000001,-23.6670190266046,-6.19999999999932));
#4481=CARTESIAN_POINT('Origin',(-18.000000000001,-23.6670190266046,-10.1999999999993));
#4482=CARTESIAN_POINT('Ctrl Pts',(-20.3950130807723,-27.0472487826096,-7.66464086408813));
#4483=CARTESIAN_POINT('Ctrl Pts',(-20.1822427212096,-26.9822949547802,-7.37497500028174));
#4484=CARTESIAN_POINT('Ctrl Pts',(-19.7101820130899,-26.8405507569088,-6.90503075554857));
#4485=CARTESIAN_POINT('Ctrl Pts',(-18.5221788465552,-26.5275873181378,-6.35511640373832));
#4486=CARTESIAN_POINT('Ctrl Pts',(-17.6620703655629,-26.2328142992357,-6.19999999999932));
#4487=CARTESIAN_POINT('Ctrl Pts',(-17.288937469869,-26.0903013633834,-6.19999999999932));
#4488=CARTESIAN_POINT('Ctrl Pts',(-20.2776124181638,-27.095844102046,-7.57724277321589));
#4489=CARTESIAN_POINT('Ctrl Pts',(-20.0624501398542,-27.0318176294797,-7.30499803903033));
#4490=CARTESIAN_POINT('Ctrl Pts',(-19.5874711001864,-26.8937770207545,-6.8624660954264));
#4491=CARTESIAN_POINT('Ctrl Pts',(-18.4022497076091,-26.5949140361875,-6.34353184606613));
#4492=CARTESIAN_POINT('Ctrl Pts',(-17.5749718833958,-26.3133432605618,-6.19999999999932));
#4493=CARTESIAN_POINT('Ctrl Pts',(-17.219075829104,-26.1773496377206,-6.19999999999932));
#4494=CARTESIAN_POINT('Ctrl Pts',(-20.026138263752,-27.1883646056611,-7.41178683779415));
#4495=CARTESIAN_POINT('Ctrl Pts',(-19.806545140787,-27.1267813459189,-7.17204001921915));
#4496=CARTESIAN_POINT('Ctrl Pts',(-19.327107213305,-26.9966198400778,-6.78249950084617));
#4497=CARTESIAN_POINT('Ctrl Pts',(-18.1501123491171,-26.7233892291114,-6.32119510313692));
#4498=CARTESIAN_POINT('Ctrl Pts',(-17.3926242207134,-26.4662285023315,-6.19999999999932));
#4499=CARTESIAN_POINT('Ctrl Pts',(-17.0697791480156,-26.3419070157044,-6.19999999999932));
#4500=CARTESIAN_POINT('Ctrl Pts',(-19.5844147433396,-27.3151220976544,-7.18640004210959));
#4501=CARTESIAN_POINT('Ctrl Pts',(-19.3614884965943,-27.2580331728478,-6.99154417652257));
#4502=CARTESIAN_POINT('Ctrl Pts',(-18.8768690846402,-27.1395681779358,-6.6744247082032));
#4503=CARTESIAN_POINT('Ctrl Pts',(-17.7355644175419,-26.89466452695,-6.2896708763397));
#4504=CARTESIAN_POINT('Ctrl Pts',(-17.0979693146523,-26.6651441500643,-6.19999999999932));
#4505=CARTESIAN_POINT('Ctrl Pts',(-16.823567823716,-26.5530685437478,-6.19999999999932));
#4506=CARTESIAN_POINT('Ctrl Pts',(-19.0607512745629,-27.4301228314315,-6.9830095587683));
#4507=CARTESIAN_POINT('Ctrl Pts',(-18.8393101182248,-27.3773355592213,-6.82990238511881));
#4508=CARTESIAN_POINT('Ctrl Pts',(-18.3501119716729,-27.2681907792985,-6.57390998409448));
#4509=CARTESIAN_POINT('Ctrl Pts',(-17.2929758614296,-27.0384277707975,-6.26150260366982));
#4510=CARTESIAN_POINT('Ctrl Pts',(-16.7878757552977,-26.826854731913,-6.19999999999932));
#4511=CARTESIAN_POINT('Ctrl Pts',(-16.5621698220913,-26.7220180271765,-6.19999999999932));
#4512=CARTESIAN_POINT('Ctrl Pts',(-18.4291404646963,-27.5326536480338,-6.8023572457424));
#4513=CARTESIAN_POINT('Ctrl Pts',(-18.2140606606958,-27.4828434575637,-6.68465286209196));
#4514=CARTESIAN_POINT('Ctrl Pts',(-17.739082326747,-27.3778694350292,-6.48166834732096));
#4515=CARTESIAN_POINT('Ctrl Pts',(-16.8342836349062,-27.1504741537121,-6.23901383961314));
#4516=CARTESIAN_POINT('Ctrl Pts',(-16.4638522822354,-26.9499855440528,-6.19999999999931));
#4517=CARTESIAN_POINT('Ctrl Pts',(-16.2868201099566,-26.8490200614185,-6.19999999999931));
#4518=CARTESIAN_POINT('Ctrl Pts',(-17.6651248749177,-27.6204684920661,-6.64744407627506));
#4519=CARTESIAN_POINT('Ctrl Pts',(-17.4741948768121,-27.570935631485,-6.55977950424259));
#4520=CARTESIAN_POINT('Ctrl Pts',(-17.057253383636,-27.4621776377173,-6.40311673431069));
#4521=CARTESIAN_POINT('Ctrl Pts',(-16.3826460162905,-27.2278962611691,-6.22564006033143));
#4522=CARTESIAN_POINT('Ctrl Pts',(-16.1339088339513,-27.0338580635224,-6.19999999999932));
#4523=CARTESIAN_POINT('Ctrl Pts',(-16.0053518512181,-26.9347174648002,-6.19999999999932));
#4524=CARTESIAN_POINT('Ctrl Pts',(-16.799414563744,-27.6839857344201,-6.53564993194863));
#4525=CARTESIAN_POINT('Ctrl Pts',(-16.6606336012,-27.6309151005038,-6.46999704019148));
#4526=CARTESIAN_POINT('Ctrl Pts',(-16.3646899088203,-27.510447896632,-6.34821609227572));
#4527=CARTESIAN_POINT('Ctrl Pts',(-15.9646275296989,-27.2675378901584,-6.22322267839633));
#4528=CARTESIAN_POINT('Ctrl Pts',(-15.8072471701987,-27.0788278724371,-6.19999999999932));
#4529=CARTESIAN_POINT('Ctrl Pts',(-15.7238632532814,-26.9818954502029,-6.19999999999932));
#4530=CARTESIAN_POINT('Ctrl Pts',(-15.942473313499,-27.7102322804142,-6.48803681028867));
#4531=CARTESIAN_POINT('Ctrl Pts',(-15.8759040940604,-27.6522650742719,-6.43097076699611));
#4532=CARTESIAN_POINT('Ctrl Pts',(-15.7374490702117,-27.5197450493908,-6.32646090216922));
#4533=CARTESIAN_POINT('Ctrl Pts',(-15.5695542215661,-27.2748737536189,-6.22642859499561));
#4534=CARTESIAN_POINT('Ctrl Pts',(-15.4823309810541,-27.0926972449402,-6.19999999999932));
#4535=CARTESIAN_POINT('Ctrl Pts',(-15.4412730147897,-26.9997958156624,-6.19999999999932));
#4536=CARTESIAN_POINT('Ctrl Pts',(-15.4328138674715,-27.7071067811859,-6.49289321881277));
#4537=CARTESIAN_POINT('Ctrl Pts',(-15.4095029038312,-27.6466856301172,-6.43247206774406));
#4538=CARTESIAN_POINT('Ctrl Pts',(-15.3630820818673,-27.50939269435,-6.32631783505343));
#4539=CARTESIAN_POINT('Ctrl Pts',(-15.3010796253761,-27.2659908679728,-6.22393536081113));
#4540=CARTESIAN_POINT('Ctrl Pts',(-15.2719896271469,-27.0890845139032,-6.19999999999931));
#4541=CARTESIAN_POINT('Ctrl Pts',(-15.2581503787049,-26.9999999999994,-6.19999999999931));
#4542=CARTESIAN_POINT('Ctrl Pts',(-15.1670190266062,-27.7071067811859,-6.49289321881277));
#4543=CARTESIAN_POINT('Ctrl Pts',(-15.1670190266062,-27.6454000737115,-6.43118651133835));
#4544=CARTESIAN_POINT('Ctrl Pts',(-15.1670190266062,-27.505745336559,-6.32402598166432));
#4545=CARTESIAN_POINT('Ctrl Pts',(-15.1670190266062,-27.2617912114725,-6.22297687445662));
#4546=CARTESIAN_POINT('Ctrl Pts',(-15.1670190266062,-27.0872664625991,-6.19999999999931));
#4547=CARTESIAN_POINT('Ctrl Pts',(-15.1670190266062,-26.9999999999994,-6.19999999999931));
#4548=CARTESIAN_POINT('',(-15.1670190266062,-27.7071067811859,-6.49289321881277));
#4549=CARTESIAN_POINT('Ctrl Pts',(-20.3950130807723,-27.0472487826096,-7.66464086408813));
#4550=CARTESIAN_POINT('Ctrl Pts',(-20.2776124181638,-27.095844102046,-7.5772427732159));
#4551=CARTESIAN_POINT('Ctrl Pts',(-20.026138263752,-27.1883646056611,-7.41178683779415));
#4552=CARTESIAN_POINT('Ctrl Pts',(-19.5844147433396,-27.3151220976544,-7.18640004210958));
#4553=CARTESIAN_POINT('Ctrl Pts',(-19.0607512745629,-27.4301228314315,-6.9830095587683));
#4554=CARTESIAN_POINT('Ctrl Pts',(-18.4291404646963,-27.5326536480338,-6.8023572457424));
#4555=CARTESIAN_POINT('Ctrl Pts',(-17.6651248749177,-27.6204684920661,-6.64744407627506));
#4556=CARTESIAN_POINT('Ctrl Pts',(-16.799414563744,-27.6839857344201,-6.53564993194863));
#4557=CARTESIAN_POINT('Ctrl Pts',(-15.942473313499,-27.7102322804142,-6.48803681028867));
#4558=CARTESIAN_POINT('Ctrl Pts',(-15.4328138674715,-27.7071067811859,-6.49289321881277));
#4559=CARTESIAN_POINT('Ctrl Pts',(-15.1670190266062,-27.7071067811859,-6.49289321881277));
#4560=CARTESIAN_POINT('',(-15.1670190266062,-26.9999999999994,-6.19999999999931));
#4561=CARTESIAN_POINT('Origin',(-15.1670190266062,-26.9999999999994,-7.19999999999931));
#4562=CARTESIAN_POINT('Ctrl Pts',(-15.1670190266062,-26.9999999999994,-6.19999999999931));
#4563=CARTESIAN_POINT('Ctrl Pts',(-15.1957772151044,-26.9999999999994,-6.19999999999931));
#4564=CARTESIAN_POINT('Ctrl Pts',(-15.2245400212216,-26.9999989474115,-6.19999999999931));
#4565=CARTESIAN_POINT('Ctrl Pts',(-15.2533892536887,-26.9998949255497,-6.19999999999931));
#4566=CARTESIAN_POINT('Ctrl Pts',(-15.284110674983,-26.9997841531247,-6.19999999999931));
#4567=CARTESIAN_POINT('Ctrl Pts',(-15.3149297152053,-26.9995565854054,-6.19999999999931));
#4568=CARTESIAN_POINT('Ctrl Pts',(-15.3458853309044,-26.9991037759726,-6.19999999999931));
#4569=CARTESIAN_POINT('Ctrl Pts',(-15.3797567929821,-26.9986083144162,-6.19999999999931));
#4570=CARTESIAN_POINT('Ctrl Pts',(-15.4137911572409,-26.9978431042537,-6.19999999999931));
#4571=CARTESIAN_POINT('Ctrl Pts',(-15.4479775240233,-26.9966840200213,-6.19999999999931));
#4572=CARTESIAN_POINT('Ctrl Pts',(-15.4886710114437,-26.9953043127266,-6.19999999999931));
#4573=CARTESIAN_POINT('Ctrl Pts',(-15.529578561559,-26.9933661409958,-6.19999999999931));
#4574=CARTESIAN_POINT('Ctrl Pts',(-15.5706112495604,-26.9906888515173,-6.19999999999931));
#4575=CARTESIAN_POINT('Ctrl Pts',(-15.6136982289001,-26.9878775242057,-6.19999999999931));
#4576=CARTESIAN_POINT('Ctrl Pts',(-15.6569184849532,-26.9842515823786,-6.19999999999931));
#4577=CARTESIAN_POINT('Ctrl Pts',(-15.700148621961,-26.9796303315214,-6.19999999999931));
#4578=CARTESIAN_POINT('Ctrl Pts',(-15.7359112055347,-26.9758073533532,-6.19999999999931));
#4579=CARTESIAN_POINT('Ctrl Pts',(-15.7716787629114,-26.9713039216378,-6.19999999999931));
#4580=CARTESIAN_POINT('Ctrl Pts',(-15.8074085195863,-26.9660282320403,-6.19999999999931));
#4581=CARTESIAN_POINT('Ctrl Pts',(-15.8409523908937,-26.9610753001039,-6.19999999999931));
#4582=CARTESIAN_POINT('Ctrl Pts',(-15.8744618083447,-26.9554419570354,-6.19999999999932));
#4583=CARTESIAN_POINT('Ctrl Pts',(-15.9079465220049,-26.9490567753649,-6.19999999999932));
#4584=CARTESIAN_POINT('Ctrl Pts',(-15.9427141421521,-26.9424269569605,-6.19999999999932));
#4585=CARTESIAN_POINT('Ctrl Pts',(-15.9774647107796,-26.9349845122491,-6.19999999999932));
#4586=CARTESIAN_POINT('Ctrl Pts',(-16.0122115699104,-26.9266658576493,-6.19999999999932));
#4587=CARTESIAN_POINT('Ctrl Pts',(-16.0501294186689,-26.9175880447223,-6.19999999999932));
#4588=CARTESIAN_POINT('Ctrl Pts',(-16.0880422916251,-26.9074669095732,-6.19999999999932));
#4589=CARTESIAN_POINT('Ctrl Pts',(-16.1259078455181,-26.896252463347,-6.19999999999932));
#4590=CARTESIAN_POINT('Ctrl Pts',(-16.169963875508,-26.8832046156737,-6.19999999999932));
#4591=CARTESIAN_POINT('Ctrl Pts',(-16.2139546586819,-26.8686768898451,-6.19999999999932));
#4592=CARTESIAN_POINT('Ctrl Pts',(-16.2577487369671,-26.8526317722304,-6.19999999999932));
#4593=CARTESIAN_POINT('Ctrl Pts',(-16.3065267987516,-26.8347606405845,-6.19999999999932));
#4594=CARTESIAN_POINT('Ctrl Pts',(-16.3550563870278,-26.8150085023908,-6.19999999999932));
#4595=CARTESIAN_POINT('Ctrl Pts',(-16.4031273430004,-26.7933584932818,-6.19999999999932));
#4596=CARTESIAN_POINT('Ctrl Pts',(-16.4441297722412,-26.7748919795919,-6.19999999999932));
#4597=CARTESIAN_POINT('Ctrl Pts',(-16.4847960167505,-26.7550461283292,-6.19999999999932));
#4598=CARTESIAN_POINT('Ctrl Pts',(-16.5250244655962,-26.7338129212732,-6.19999999999932));
#4599=CARTESIAN_POINT('Ctrl Pts',(-16.5617165663567,-26.714446254272,-6.19999999999932));
#4600=CARTESIAN_POINT('Ctrl Pts',(-16.5980433394533,-26.6939260332414,-6.19999999999932));
#4601=CARTESIAN_POINT('Ctrl Pts',(-16.6339760133004,-26.6722359774624,-6.19999999999932));
#4602=CARTESIAN_POINT('Ctrl Pts',(-16.6699408121787,-26.6505265300367,-6.19999999999932));
#4603=CARTESIAN_POINT('Ctrl Pts',(-16.7055191689689,-26.6276401886786,-6.19999999999932));
#4604=CARTESIAN_POINT('Ctrl Pts',(-16.7406972806259,-26.6035727521875,-6.19999999999932));
#4605=CARTESIAN_POINT('Ctrl Pts',(-16.7784686536461,-26.5777311115044,-6.19999999999932));
#4606=CARTESIAN_POINT('Ctrl Pts',(-16.8157781661071,-26.5505281718868,-6.19999999999932));
#4607=CARTESIAN_POINT('Ctrl Pts',(-16.8525670786738,-26.5220065588843,-6.19999999999932));
#4608=CARTESIAN_POINT('Ctrl Pts',(-16.8941576400722,-26.4897623359922,-6.19999999999932));
#4609=CARTESIAN_POINT('Ctrl Pts',(-16.9350821020883,-26.4558332782556,-6.19999999999932));
#4610=CARTESIAN_POINT('Ctrl Pts',(-16.9752128888376,-26.4203337448081,-6.19999999999932));
#4611=CARTESIAN_POINT('Ctrl Pts',(-17.0311035777403,-26.3708930649505,-6.19999999999932));
#4612=CARTESIAN_POINT('Ctrl Pts',(-17.0854509275182,-26.3184083702656,-6.19999999999932));
#4613=CARTESIAN_POINT('Ctrl Pts',(-17.1378615259031,-26.2632728352208,-6.19999999999932));
#4614=CARTESIAN_POINT('Ctrl Pts',(-17.1760818611645,-26.2230653447671,-6.19999999999932));
#4615=CARTESIAN_POINT('Ctrl Pts',(-17.2132702280825,-26.1814509765463,-6.19999999999932));
#4616=CARTESIAN_POINT('Ctrl Pts',(-17.2492959114314,-26.1385745919295,-6.19999999999932));
#4617=CARTESIAN_POINT('Ctrl Pts',(-17.2626713546982,-26.1226556530889,-6.19999999999932));
#4618=CARTESIAN_POINT('Ctrl Pts',(-17.2758868963504,-26.106562503137,-6.19999999999932));
#4619=CARTESIAN_POINT('Ctrl Pts',(-17.288937469869,-26.0903013633834,-6.19999999999932));
#4620=CARTESIAN_POINT('Ctrl Pts',(-20.3950130807723,-27.0472487826096,-7.66464086408813));
#4621=CARTESIAN_POINT('Ctrl Pts',(-20.2776124181638,-27.095844102046,-7.5772427732159));
#4622=CARTESIAN_POINT('Ctrl Pts',(-20.026138263752,-27.1883646056611,-7.41178683779415));
#4623=CARTESIAN_POINT('Ctrl Pts',(-19.5844147433396,-27.3151220976544,-7.18640004210958));
#4624=CARTESIAN_POINT('Ctrl Pts',(-19.0607512745629,-27.4301228314315,-6.9830095587683));
#4625=CARTESIAN_POINT('Ctrl Pts',(-18.4291404646963,-27.5326536480338,-6.8023572457424));
#4626=CARTESIAN_POINT('Ctrl Pts',(-17.6651248749177,-27.6204684920661,-6.64744407627506));
#4627=CARTESIAN_POINT('Ctrl Pts',(-16.799414563744,-27.6839857344201,-6.53564993194863));
#4628=CARTESIAN_POINT('Ctrl Pts',(-15.942473313499,-27.7102322804142,-6.48803681028867));
#4629=CARTESIAN_POINT('Ctrl Pts',(-15.4328138674715,-27.7071067811859,-6.49289321881277));
#4630=CARTESIAN_POINT('Ctrl Pts',(-15.1670190266062,-27.7071067811859,-6.49289321881277));
#4631=CARTESIAN_POINT('Ctrl Pts',(-20.2947150067123,-27.2417901289359,-7.72124515223523));
#4632=CARTESIAN_POINT('Ctrl Pts',(-20.1778749488944,-27.279862319635,-7.63454596194416));
#4633=CARTESIAN_POINT('Ctrl Pts',(-19.9269210513217,-27.3526294858473,-7.46859198234064));
#4634=CARTESIAN_POINT('Ctrl Pts',(-19.4846926815878,-27.4524263075444,-7.23899279459025));
#4635=CARTESIAN_POINT('Ctrl Pts',(-18.9604092354234,-27.5429342812523,-7.03033892963988));
#4636=CARTESIAN_POINT('Ctrl Pts',(-18.3295474830291,-27.6246051629599,-6.84571879788258));
#4637=CARTESIAN_POINT('Ctrl Pts',(-17.5764219996095,-27.695123131075,-6.69089504949846));
#4638=CARTESIAN_POINT('Ctrl Pts',(-16.7418313734838,-27.7459205090953,-6.58550788216088));
#4639=CARTESIAN_POINT('Ctrl Pts',(-15.9233853100999,-27.7677093012468,-6.54578708371257));
#4640=CARTESIAN_POINT('Ctrl Pts',(-15.4265920710156,-27.7675279322546,-6.55331436988147));
#4641=CARTESIAN_POINT('Ctrl Pts',(-15.1670190266062,-27.7688134886603,-6.55459992628719));
#4642=CARTESIAN_POINT('Ctrl Pts',(-20.0672359940687,-27.5527402845683,-7.84870130059507));
#4643=CARTESIAN_POINT('Ctrl Pts',(-19.9498746940036,-27.5750938932398,-7.75850198628253));
#4644=CARTESIAN_POINT('Ctrl Pts',(-19.6967840099035,-27.61767943314,-7.58361369262441));
#4645=CARTESIAN_POINT('Ctrl Pts',(-19.2466083051012,-27.6766064613221,-7.33809975072504));
#4646=CARTESIAN_POINT('Ctrl Pts',(-18.7114421259172,-27.7321659390687,-7.11604665737677));
#4647=CARTESIAN_POINT('Ctrl Pts',(-18.0779665852018,-27.7838800896918,-6.92616081742704));
#4648=CARTESIAN_POINT('Ctrl Pts',(-17.3531841847316,-27.8282225649421,-6.77989253611175));
#4649=CARTESIAN_POINT('Ctrl Pts',(-16.5948557177117,-27.8589269581732,-6.69668912115919));
#4650=CARTESIAN_POINT('Ctrl Pts',(-15.8680664359147,-27.871835160817,-6.67739547643382));
#4651=CARTESIAN_POINT('Ctrl Pts',(-15.4090916389995,-27.8736821649453,-6.69060730564869));
#4652=CARTESIAN_POINT('Ctrl Pts',(-15.1670190266062,-27.8759740183344,-6.69425466343969));
#4653=CARTESIAN_POINT('Ctrl Pts',(-19.5445648353708,-27.9059327220988,-8.10499510829412));
#4654=CARTESIAN_POINT('Ctrl Pts',(-19.4161201946931,-27.9118532048934,-7.99744358903697));
#4655=CARTESIAN_POINT('Ctrl Pts',(-19.1394266026643,-27.9234497962167,-7.79228585647837));
#4656=CARTESIAN_POINT('Ctrl Pts',(-18.6623328164814,-27.9401282872062,-7.51826304977557));
#4657=CARTESIAN_POINT('Ctrl Pts',(-18.1328105667882,-27.9551611411824,-7.29105834871364));
#4658=CARTESIAN_POINT('Ctrl Pts',(-17.5565914244488,-27.9669470310922,-7.11642775523505));
#4659=CARTESIAN_POINT('Ctrl Pts',(-16.9568013670404,-27.9736378331378,-6.99782143442698));
#4660=CARTESIAN_POINT('Ctrl Pts',(-16.3629448932925,-27.974814085727,-6.93832047746811));
#4661=CARTESIAN_POINT('Ctrl Pts',(-15.771327014622,-27.9738355457136,-6.92441045164153));
#4662=CARTESIAN_POINT('Ctrl Pts',(-15.3686252015806,-27.9760646391876,-6.93400913202584));
#4663=CARTESIAN_POINT('Ctrl Pts',(-15.1670190266062,-27.9770231255421,-6.93820878852618));
#4664=CARTESIAN_POINT('Ctrl Pts',(-19.018155931941,-27.9999999999994,-8.45395317094967));
#4665=CARTESIAN_POINT('Ctrl Pts',(-18.8952481351551,-27.9999999999994,-8.32817635853477));
#4666=CARTESIAN_POINT('Ctrl Pts',(-18.6323788661817,-27.9999999999994,-8.08958013797626));
#4667=CARTESIAN_POINT('Ctrl Pts',(-18.1932215267175,-27.9999999999994,-7.77783452611716));
#4668=CARTESIAN_POINT('Ctrl Pts',(-17.723484245557,-27.9999999999994,-7.52603311124957));
#4669=CARTESIAN_POINT('Ctrl Pts',(-17.2223957572818,-27.9999999999994,-7.33361423383986));
#4670=CARTESIAN_POINT('Ctrl Pts',(-16.7066743017093,-27.9999999999994,-7.20236620447355));
#4671=CARTESIAN_POINT('Ctrl Pts',(-16.187956926656,-27.9999999999994,-7.13117391205413));
#4672=CARTESIAN_POINT('Ctrl Pts',(-15.6704167885497,-27.9999999999994,-7.10698637144504));
#4673=CARTESIAN_POINT('Ctrl Pts',(-15.334025867014,-27.9999999999994,-7.11091548609544));
#4674=CARTESIAN_POINT('Ctrl Pts',(-15.1670190266062,-27.9999999999994,-7.1127335373996));
#4675=CARTESIAN_POINT('Ctrl Pts',(-18.7620076540898,-27.9999999999994,-8.63668604947802));
#4676=CARTESIAN_POINT('Ctrl Pts',(-18.6415243402863,-27.9999999999994,-8.49907126259512));
#4677=CARTESIAN_POINT('Ctrl Pts',(-18.3839341643068,-27.9999999999994,-8.23912128782552));
#4678=CARTESIAN_POINT('Ctrl Pts',(-17.9589861571294,-27.9999999999994,-7.90431620464856));
#4679=CARTESIAN_POINT('Ctrl Pts',(-17.5118315658392,-27.9999999999994,-7.63821483357843));
#4680=CARTESIAN_POINT('Ctrl Pts',(-17.0415782891426,-27.9999999999994,-7.43751487298952));
#4681=CARTESIAN_POINT('Ctrl Pts',(-16.5658871892857,-27.9999999999994,-7.3027506453381));
#4682=CARTESIAN_POINT('Ctrl Pts',(-16.0907311905761,-27.9999999999994,-7.22857578577057));
#4683=CARTESIAN_POINT('Ctrl Pts',(-15.6205859775345,-27.9999999999994,-7.20014244234084));
#4684=CARTESIAN_POINT('Ctrl Pts',(-15.3169588165356,-27.9999999999994,-7.19999999999931));
#4685=CARTESIAN_POINT('Ctrl Pts',(-15.1670190266062,-27.9999999999994,-7.19999999999931));
#4686=CARTESIAN_POINT('',(-18.7620076540898,-27.9999999999994,-8.63668604947802));
#4687=CARTESIAN_POINT('Ctrl Pts',(-20.3950130807723,-27.0472487826096,-7.66464086408813));
#4688=CARTESIAN_POINT('Ctrl Pts',(-20.2947150067123,-27.2417901289359,-7.72124515223523));
#4689=CARTESIAN_POINT('Ctrl Pts',(-20.0672359940687,-27.5527402845683,-7.84870130059507));
#4690=CARTESIAN_POINT('Ctrl Pts',(-19.5445648353708,-27.9059327220988,-8.10499510829412));
#4691=CARTESIAN_POINT('Ctrl Pts',(-19.018155931941,-27.9999999999994,-8.45395317094967));
#4692=CARTESIAN_POINT('Ctrl Pts',(-18.7620076540898,-27.9999999999994,-8.63668604947802));
#4693=CARTESIAN_POINT('',(-15.1670190266062,-27.9999999999994,-7.19999999999931));
#4694=CARTESIAN_POINT('Ctrl Pts',(-18.7620076540898,-27.9999999999994,-8.63668604947801));
#4695=CARTESIAN_POINT('Ctrl Pts',(-18.7227598028278,-27.9999999999994,-8.5918575623081));
#4696=CARTESIAN_POINT('Ctrl Pts',(-18.6826571536182,-27.9999999999994,-8.547864453146));
#4697=CARTESIAN_POINT('Ctrl Pts',(-18.6417259509375,-27.9999999999994,-8.50472489163207));
#4698=CARTESIAN_POINT('Ctrl Pts',(-18.5963900346025,-27.9999999999994,-8.45694296920033));
#4699=CARTESIAN_POINT('Ctrl Pts',(-18.550038094958,-27.9999999999994,-8.41020862531344));
#4700=CARTESIAN_POINT('Ctrl Pts',(-18.502755984644,-27.9999999999994,-8.36459212644054));
#4701=CARTESIAN_POINT('Ctrl Pts',(-18.4433620714744,-27.9999999999994,-8.30729048835445));
#4702=CARTESIAN_POINT('Ctrl Pts',(-18.3825014724132,-27.9999999999994,-8.25175383866023));
#4703=CARTESIAN_POINT('Ctrl Pts',(-18.3204107622407,-27.9999999999994,-8.19818044600741));
#4704=CARTESIAN_POINT('Ctrl Pts',(-18.2616724116348,-27.9999999999994,-8.14749955168289));
#4705=CARTESIAN_POINT('Ctrl Pts',(-18.2018370594583,-27.9999999999994,-8.0985792211331));
#4706=CARTESIAN_POINT('Ctrl Pts',(-18.1411135896402,-27.9999999999994,-8.05159259060157));
#4707=CARTESIAN_POINT('Ctrl Pts',(-18.0890428771673,-27.9999999999994,-8.01130129407638));
#4708=CARTESIAN_POINT('Ctrl Pts',(-18.0363204772689,-27.9999999999994,-7.97243310338425));
#4709=CARTESIAN_POINT('Ctrl Pts',(-17.9830532357382,-27.9999999999994,-7.93507241596269));
#4710=CARTESIAN_POINT('Ctrl Pts',(-17.9357987846832,-27.9999999999994,-7.90192899189164));
#4711=CARTESIAN_POINT('Ctrl Pts',(-17.8881159546463,-27.9999999999994,-7.86997230129293));
#4712=CARTESIAN_POINT('Ctrl Pts',(-17.8400480348038,-27.9999999999994,-7.83923109403803));
#4713=CARTESIAN_POINT('Ctrl Pts',(-17.7938281887432,-27.9999999999994,-7.80967179811474));
#4714=CARTESIAN_POINT('Ctrl Pts',(-17.7472528171196,-27.9999999999994,-7.78123680085985));
#4715=CARTESIAN_POINT('Ctrl Pts',(-17.7003228496576,-27.9999999999994,-7.75391582634678));
#4716=CARTESIAN_POINT('Ctrl Pts',(-17.6538328389766,-27.9999999999994,-7.72685097917943));
#4717=CARTESIAN_POINT('Ctrl Pts',(-17.6069878764324,-27.9999999999994,-7.70087499765791));
#4718=CARTESIAN_POINT('Ctrl Pts',(-17.5597767985016,-27.9999999999994,-7.67595618180804));
#4719=CARTESIAN_POINT('Ctrl Pts',(-17.510678082127,-27.9999999999994,-7.65004103804455));
#4720=CARTESIAN_POINT('Ctrl Pts',(-17.4611840766138,-27.9999999999994,-7.62526957352784));
#4721=CARTESIAN_POINT('Ctrl Pts',(-17.4113399983607,-27.9999999999994,-7.60162868005876));
#4722=CARTESIAN_POINT('Ctrl Pts',(-17.3520175976504,-27.9999999999994,-7.57349224731333));
#4723=CARTESIAN_POINT('Ctrl Pts',(-17.2922001542057,-27.9999999999994,-7.5469578062304));
#4724=CARTESIAN_POINT('Ctrl Pts',(-17.2320329307405,-27.9999999999994,-7.52202789524483));
#4725=CARTESIAN_POINT('Ctrl Pts',(-17.1515280214731,-27.9999999999994,-7.48867119193775));
#4726=CARTESIAN_POINT('Ctrl Pts',(-17.0704042242783,-27.9999999999994,-7.45819129424942));
#4727=CARTESIAN_POINT('Ctrl Pts',(-16.9890681389648,-27.9999999999994,-7.43060012996221));
#4728=CARTESIAN_POINT('Ctrl Pts',(-16.9354070776559,-27.9999999999994,-7.41239700212918));
#4729=CARTESIAN_POINT('Ctrl Pts',(-16.8816549332724,-27.9999999999994,-7.39545134504632));
#4730=CARTESIAN_POINT('Ctrl Pts',(-16.8279013156626,-27.9999999999994,-7.37974848845499));
#4731=CARTESIAN_POINT('Ctrl Pts',(-16.7796714744947,-27.9999999999994,-7.36565927338526));
#4732=CARTESIAN_POINT('Ctrl Pts',(-16.7314410213929,-27.9999999999994,-7.35257076237516));
#4733=CARTESIAN_POINT('Ctrl Pts',(-16.6832386973894,-27.9999999999994,-7.34045282810743));
#4734=CARTESIAN_POINT('Ctrl Pts',(-16.6366946391445,-27.9999999999994,-7.32875177737958));
#4735=CARTESIAN_POINT('Ctrl Pts',(-16.5901774855898,-27.9999999999994,-7.31795596629683));
#4736=CARTESIAN_POINT('Ctrl Pts',(-16.5436685003582,-27.9999999999994,-7.30801530892402));
#4737=CARTESIAN_POINT('Ctrl Pts',(-16.4960391176937,-27.9999999999994,-7.29783518197463));
#4738=CARTESIAN_POINT('Ctrl Pts',(-16.448409166281,-27.9999999999994,-7.28854933011926));
#4739=CARTESIAN_POINT('Ctrl Pts',(-16.4007631558216,-27.9999999999994,-7.28009273203334));
#4740=CARTESIAN_POINT('Ctrl Pts',(-16.3477498630517,-27.9999999999994,-7.27068350540882));
#4741=CARTESIAN_POINT('Ctrl Pts',(-16.2947173757532,-27.9999999999994,-7.26230116682098));
#4742=CARTESIAN_POINT('Ctrl Pts',(-16.2417089079228,-27.9999999999994,-7.25485833980268));
#4743=CARTESIAN_POINT('Ctrl Pts',(-16.1720403302471,-27.9999999999994,-7.24507629566005));
#4744=CARTESIAN_POINT('Ctrl Pts',(-16.1024151448076,-27.9999999999994,-7.23691850575971));
#4745=CARTESIAN_POINT('Ctrl Pts',(-16.0330230827068,-27.9999999999994,-7.23017704372135));
#4746=CARTESIAN_POINT('Ctrl Pts',(-15.9717441161203,-27.9999999999994,-7.2242237716253));
#4747=CARTESIAN_POINT('Ctrl Pts',(-15.9106521733623,-27.9999999999994,-7.21937551820214));
#4748=CARTESIAN_POINT('Ctrl Pts',(-15.8498747005916,-27.9999999999994,-7.21546936759045));
#4749=CARTESIAN_POINT('Ctrl Pts',(-15.7993046380355,-27.9999999999994,-7.21221924428354));
#4750=CARTESIAN_POINT('Ctrl Pts',(-15.7489534075419,-27.9999999999994,-7.20962123214227));
#4751=CARTESIAN_POINT('Ctrl Pts',(-15.6988586114736,-27.9999999999994,-7.2075655821929));
#4752=CARTESIAN_POINT('Ctrl Pts',(-15.6538250263447,-27.9999999999994,-7.20571762004402));
#4753=CARTESIAN_POINT('Ctrl Pts',(-15.6089991140242,-27.9999999999994,-7.20430793095646));
#4754=CARTESIAN_POINT('Ctrl Pts',(-15.5643671760481,-27.9999999999994,-7.20324348512364));
#4755=CARTESIAN_POINT('Ctrl Pts',(-15.5270927136178,-27.9999999999994,-7.20235451081501));
#4756=CARTESIAN_POINT('Ctrl Pts',(-15.4899531471488,-27.9999999999994,-7.20170616639874));
#4757=CARTESIAN_POINT('Ctrl Pts',(-15.4529116664039,-27.9999999999994,-7.20123608353962));
#4758=CARTESIAN_POINT('Ctrl Pts',(-15.4275135644273,-27.9999999999994,-7.20091376347699));
#4759=CARTESIAN_POINT('Ctrl Pts',(-15.4021567653695,-27.9999999999994,-7.20067488017951));
#4760=CARTESIAN_POINT('Ctrl Pts',(-15.3768373702584,-27.9999999999994,-7.20049785226208));
#4761=CARTESIAN_POINT('Ctrl Pts',(-15.3510156057505,-27.9999999999994,-7.20031731188284));
#4762=CARTESIAN_POINT('Ctrl Pts',(-15.3252410813775,-27.9999999999994,-7.20020136964364));
#4763=CARTESIAN_POINT('Ctrl Pts',(-15.2995341133788,-27.9999999999994,-7.20012779538156));
#4764=CARTESIAN_POINT('Ctrl Pts',(-15.2773438481759,-27.9999999999994,-7.20006428604869));
#4765=CARTESIAN_POINT('Ctrl Pts',(-15.255194166085,-27.9999999999994,-7.20003222443316));
#4766=CARTESIAN_POINT('Ctrl Pts',(-15.2331060346374,-27.9999999999994,-7.20001614473217));
#4767=CARTESIAN_POINT('Ctrl Pts',(-15.2175163942346,-27.9999999999994,-7.2000047957977));
#4768=CARTESIAN_POINT('Ctrl Pts',(-15.2019615684157,-27.9999999999994,-7.20000140906379));
#4769=CARTESIAN_POINT('Ctrl Pts',(-15.1864317713234,-27.9999999999994,-7.20000041496203));
#4770=CARTESIAN_POINT('Ctrl Pts',(-15.1799582257684,-27.9999999999994,-7.20000000057394));
#4771=CARTESIAN_POINT('Ctrl Pts',(-15.1734885295766,-27.9999999999994,-7.19999999999931));
#4772=CARTESIAN_POINT('Ctrl Pts',(-15.1670190266062,-27.9999999999994,-7.19999999999931));
#4773=CARTESIAN_POINT('Origin',(-15.1670190266062,-26.9999999999994,-7.19999999999931));
#4774=CARTESIAN_POINT('Ctrl Pts',(-20.3950130807723,-27.0472487826096,-7.66464086408813));
#4775=CARTESIAN_POINT('Ctrl Pts',(-20.2947150067123,-27.2417901289359,-7.72124515223523));
#4776=CARTESIAN_POINT('Ctrl Pts',(-20.0672359940687,-27.5527402845683,-7.84870130059507));
#4777=CARTESIAN_POINT('Ctrl Pts',(-19.5445648353708,-27.9059327220988,-8.10499510829412));
#4778=CARTESIAN_POINT('Ctrl Pts',(-19.018155931941,-27.9999999999994,-8.45395317094967));
#4779=CARTESIAN_POINT('Ctrl Pts',(-18.7620076540898,-27.9999999999994,-8.63668604947802));
#4780=CARTESIAN_POINT('Ctrl Pts',(-20.4748019656083,-27.0716064680457,-7.77326556301553));
#4781=CARTESIAN_POINT('Ctrl Pts',(-20.3739676323949,-27.2588007715033,-7.82861338018135));
#4782=CARTESIAN_POINT('Ctrl Pts',(-20.1492270995107,-27.5619946830557,-7.95685418147809));
#4783=CARTESIAN_POINT('Ctrl Pts',(-19.6399781912265,-27.9094299408164,-8.23164323817564));
#4784=CARTESIAN_POINT('Ctrl Pts',(-19.1303908838165,-27.9999999999994,-8.58734385330325));
#4785=CARTESIAN_POINT('Ctrl Pts',(-18.8824909678933,-27.9999999999994,-8.77430083636092));
#4786=CARTESIAN_POINT('Ctrl Pts',(-20.6246893449509,-27.1181760784136,-8.00585032797719));
#4787=CARTESIAN_POINT('Ctrl Pts',(-20.5241109227223,-27.2923049090989,-8.0597317237807));
#4788=CARTESIAN_POINT('Ctrl Pts',(-20.3056075292503,-27.5811845792095,-8.19161667465617));
#4789=CARTESIAN_POINT('Ctrl Pts',(-19.8190070571753,-27.9167597617393,-8.50559259393181));
#4790=CARTESIAN_POINT('Ctrl Pts',(-19.3409113878109,-27.9999999999994,-8.87197229923169));
#4791=CARTESIAN_POINT('Ctrl Pts',(-19.1077145052497,-27.9999999999994,-9.06603192249838));
#4792=CARTESIAN_POINT('Ctrl Pts',(-20.8260865436025,-27.1826842597305,-8.41594117632636));
#4793=CARTESIAN_POINT('Ctrl Pts',(-20.7280366552576,-27.3411508713442,-8.4710073739423));
#4794=CARTESIAN_POINT('Ctrl Pts',(-20.5187037812093,-27.6121019420405,-8.61583441519763));
#4795=CARTESIAN_POINT('Ctrl Pts',(-20.0541813691182,-27.9276199043775,-8.9860717988242));
#4796=CARTESIAN_POINT('Ctrl Pts',(-19.614491817251,-27.9999999999994,-9.3512215846281));
#4797=CARTESIAN_POINT('Ctrl Pts',(-19.3971846462411,-27.9999999999994,-9.54742663359244));
#4798=CARTESIAN_POINT('Ctrl Pts',(-21.0057941834042,-27.2425950358357,-8.90456484999848));
#4799=CARTESIAN_POINT('Ctrl Pts',(-20.9104119913671,-27.3886687024675,-8.96313304809793));
#4800=CARTESIAN_POINT('Ctrl Pts',(-20.7063276912011,-27.6447253952962,-9.12539392721353));
#4801=CARTESIAN_POINT('Ctrl Pts',(-20.2486968511037,-27.9368076487108,-9.52499198616154));
#4802=CARTESIAN_POINT('Ctrl Pts',(-19.8354273306012,-27.9999999999994,-9.86164842225933));
#4803=CARTESIAN_POINT('Ctrl Pts',(-19.6272492493062,-27.9999999999994,-10.0472118253393));
#4804=CARTESIAN_POINT('Ctrl Pts',(-21.1619903340901,-27.2981879357657,-9.49264845948308));
#4805=CARTESIAN_POINT('Ctrl Pts',(-21.0671717233897,-27.4344839353504,-9.55407085431866));
#4806=CARTESIAN_POINT('Ctrl Pts',(-20.8597889900875,-27.6773461270864,-9.72843838344015));
#4807=CARTESIAN_POINT('Ctrl Pts',(-20.395153751688,-27.9427707197377,-10.1083022190842));
#4808=CARTESIAN_POINT('Ctrl Pts',(-19.9999819655021,-27.9999999999994,-10.3972743700588));
#4809=CARTESIAN_POINT('Ctrl Pts',(-19.7974832171683,-27.9999999999994,-10.5625515406063));
#4810=CARTESIAN_POINT('Ctrl Pts',(-21.2925338373497,-27.3483787074317,-10.2071144452546));
#4811=CARTESIAN_POINT('Ctrl Pts',(-21.1943491058575,-27.4766456898587,-10.2650233041931));
#4812=CARTESIAN_POINT('Ctrl Pts',(-20.9726983728273,-27.706122001345,-10.4278976205063));
#4813=CARTESIAN_POINT('Ctrl Pts',(-20.4955451709691,-27.9450532752004,-10.7265691464016));
#4814=CARTESIAN_POINT('Ctrl Pts',(-20.1120741570619,-27.9999999999994,-10.9519813573792));
#4815=CARTESIAN_POINT('Ctrl Pts',(-19.913205399317,-27.9999999999994,-11.083405753958));
#4816=CARTESIAN_POINT('Ctrl Pts',(-21.3840396615588,-27.3886855323399,-11.0168190545387));
#4817=CARTESIAN_POINT('Ctrl Pts',(-21.2773433103154,-27.5100136822426,-11.0530556385576));
#4818=CARTESIAN_POINT('Ctrl Pts',(-21.0322533976232,-27.7263688624826,-11.1574020669057));
#4819=CARTESIAN_POINT('Ctrl Pts',(-20.5445615570352,-27.9456506338322,-11.3297653673197));
#4820=CARTESIAN_POINT('Ctrl Pts',(-20.1697551214411,-27.9999999999994,-11.4910490396274));
#4821=CARTESIAN_POINT('Ctrl Pts',(-19.9758030487492,-27.9999999999994,-11.5829824622771));
#4822=CARTESIAN_POINT('Ctrl Pts',(-21.4190254251813,-27.4109262261485,-11.8169278733078));
#4823=CARTESIAN_POINT('Ctrl Pts',(-21.3029459498338,-27.5288577740043,-11.8259750449351));
#4824=CARTESIAN_POINT('Ctrl Pts',(-21.0370382442996,-27.7389193052329,-11.861839359059));
#4825=CARTESIAN_POINT('Ctrl Pts',(-20.5491169744926,-27.9482962826566,-11.9359395740757));
#4826=CARTESIAN_POINT('Ctrl Pts',(-20.1851965930034,-27.9999999999994,-12.0311123028541));
#4827=CARTESIAN_POINT('Ctrl Pts',(-19.9996241987884,-27.9999999999994,-12.0786272040833));
#4828=CARTESIAN_POINT('Ctrl Pts',(-21.4142135623741,-27.4142135623725,-12.2882042610034));
#4829=CARTESIAN_POINT('Ctrl Pts',(-21.2933712602367,-27.5350558645099,-12.29113251865));
#4830=CARTESIAN_POINT('Ctrl Pts',(-21.0187853887022,-27.7473643298911,-12.3020879969798));
#4831=CARTESIAN_POINT('Ctrl Pts',(-20.5319817359479,-27.9521292783757,-12.3345950849808));
#4832=CARTESIAN_POINT('Ctrl Pts',(-20.1781690278087,-27.9999999999994,-12.3669264928356));
#4833=CARTESIAN_POINT('Ctrl Pts',(-20.000000000001,-27.9999999999994,-12.3830411834647));
#4834=CARTESIAN_POINT('Ctrl Pts',(-21.4142135623741,-27.4142135623725,-12.5329809733941));
#4835=CARTESIAN_POINT('Ctrl Pts',(-21.2908001474252,-27.5376269773213,-12.5329809733941));
#4836=CARTESIAN_POINT('Ctrl Pts',(-21.0114906731202,-27.7519480366694,-12.5329809733941));
#4837=CARTESIAN_POINT('Ctrl Pts',(-20.5235824229472,-27.9540462510847,-12.5329809733941));
#4838=CARTESIAN_POINT('Ctrl Pts',(-20.1745329252004,-27.9999999999994,-12.5329809733941));
#4839=CARTESIAN_POINT('Ctrl Pts',(-20.000000000001,-27.9999999999994,-12.5329809733941));
#4840=CARTESIAN_POINT('',(-21.4142135623741,-27.4142135623725,-12.5329809733941));
#4841=CARTESIAN_POINT('Ctrl Pts',(-20.3950130807723,-27.0472487826096,-7.66464086408813));
#4842=CARTESIAN_POINT('Ctrl Pts',(-20.4748019656083,-27.0716064680457,-7.77326556301553));
#4843=CARTESIAN_POINT('Ctrl Pts',(-20.6246893449509,-27.1181760784136,-8.00585032797719));
#4844=CARTESIAN_POINT('Ctrl Pts',(-20.8260865436025,-27.1826842597305,-8.41594117632636));
#4845=CARTESIAN_POINT('Ctrl Pts',(-21.0057941834042,-27.2425950358357,-8.90456484999848));
#4846=CARTESIAN_POINT('Ctrl Pts',(-21.1619903340901,-27.2981879357657,-9.49264845948308));
#4847=CARTESIAN_POINT('Ctrl Pts',(-21.2925338373497,-27.3483787074317,-10.2071144452546));
#4848=CARTESIAN_POINT('Ctrl Pts',(-21.3840396615588,-27.3886855323399,-11.0168190545387));
#4849=CARTESIAN_POINT('Ctrl Pts',(-21.4190254251813,-27.4109262261485,-11.8169278733078));
#4850=CARTESIAN_POINT('Ctrl Pts',(-21.4142135623741,-27.4142135623725,-12.2882042610034));
#4851=CARTESIAN_POINT('Ctrl Pts',(-21.4142135623741,-27.4142135623725,-12.5329809733941));
#4852=CARTESIAN_POINT('',(-20.000000000001,-27.9999999999994,-12.5329809733941));
#4853=CARTESIAN_POINT('Origin',(-20.000000000001,-25.9999999999994,-12.5329809733941));
#4854=CARTESIAN_POINT('',(-19.9461749006779,-27.9999999999994,-11.360872277422));
#4855=CARTESIAN_POINT('Ctrl Pts',(-20.000000000001,-27.9999999999994,-12.5329809733941));
#4856=CARTESIAN_POINT('Ctrl Pts',(-20.000000000001,-27.9999999999994,-12.5019337217282));
#4857=CARTESIAN_POINT('Ctrl Pts',(-19.9999996377939,-27.9999999999994,-12.4708819096931));
#4858=CARTESIAN_POINT('Ctrl Pts',(-19.9999584591683,-27.9999999999994,-12.4396948309758));
#4859=CARTESIAN_POINT('Ctrl Pts',(-19.9999156047439,-27.9999999999994,-12.4072385677534));
#4860=CARTESIAN_POINT('Ctrl Pts',(-19.9998285526537,-27.9999999999994,-12.3746360595414));
#4861=CARTESIAN_POINT('Ctrl Pts',(-19.9996563492023,-27.9999999999994,-12.3417971565413));
#4862=CARTESIAN_POINT('Ctrl Pts',(-19.9994753858481,-27.9999999999994,-12.3072877551024));
#4863=CARTESIAN_POINT('Ctrl Pts',(-19.9992003969753,-27.9999999999994,-12.2725176263413));
#4864=CARTESIAN_POINT('Ctrl Pts',(-19.9987887552547,-27.9999999999994,-12.2374396097112));
#4865=CARTESIAN_POINT('Ctrl Pts',(-19.9983298640837,-27.9999999999994,-12.1983352349018));
#4866=CARTESIAN_POINT('Ctrl Pts',(-19.9977011202183,-27.9999999999994,-12.1588483377852));
#4867=CARTESIAN_POINT('Ctrl Pts',(-19.9968496434601,-27.9999999999994,-12.1189807062399));
#4868=CARTESIAN_POINT('Ctrl Pts',(-19.9958937828582,-27.9999999999994,-12.0742256405118));
#4869=CARTESIAN_POINT('Ctrl Pts',(-19.9946572277154,-27.9999999999994,-12.0289916555601));
#4870=CARTESIAN_POINT('Ctrl Pts',(-19.9930728888857,-27.9999999999994,-11.9833542295151));
#4871=CARTESIAN_POINT('Ctrl Pts',(-19.9902921428902,-27.9999999999994,-11.9032538827047));
#4872=CARTESIAN_POINT('Ctrl Pts',(-19.9864385222643,-27.9999999999994,-11.8219156792148));
#4873=CARTESIAN_POINT('Ctrl Pts',(-19.9811885564873,-27.9999999999994,-11.7399728917284));
#4874=CARTESIAN_POINT('Ctrl Pts',(-19.9782539145396,-27.9999999999994,-11.6941682614344));
#4875=CARTESIAN_POINT('Ctrl Pts',(-19.9748837277644,-27.9999999999994,-11.6481776595623));
#4876=CARTESIAN_POINT('Ctrl Pts',(-19.9710242485037,-27.9999999999994,-11.602084909924));
#4877=CARTESIAN_POINT('Ctrl Pts',(-19.9676696525946,-27.9999999999994,-11.5620218498762));
#4878=CARTESIAN_POINT('Ctrl Pts',(-19.9639454863212,-27.9999999999994,-11.521882134035));
#4879=CARTESIAN_POINT('Ctrl Pts',(-19.9598160467944,-27.9999999999994,-11.4816827579162));
#4880=CARTESIAN_POINT('Ctrl Pts',(-19.9556866072676,-27.9999999999994,-11.4414833817973));
#4881=CARTESIAN_POINT('Ctrl Pts',(-19.9511519673813,-27.9999999999994,-11.4012255272121));
#4882=CARTESIAN_POINT('Ctrl Pts',(-19.9461749006779,-27.9999999999994,-11.360872277422));
#4883=CARTESIAN_POINT('',(-20.0000000000001,-27.9967898381937,-10.9000000206414));
#4884=CARTESIAN_POINT('Ctrl Pts',(-19.9461749006669,-27.9999999999994,-11.3608722773329));
#4885=CARTESIAN_POINT('Ctrl Pts',(-19.9763074538762,-27.9999999999994,-11.2336283062088));
#4886=CARTESIAN_POINT('Ctrl Pts',(-19.9938947049282,-27.9987084030324,-11.1037080651434));
#4887=CARTESIAN_POINT('Ctrl Pts',(-19.9995562616439,-27.9972443082282,-10.9486540186623));
#4888=CARTESIAN_POINT('Ctrl Pts',(-19.9999999997491,-27.99701443232,-10.9243239040423));
#4889=CARTESIAN_POINT('Ctrl Pts',(-20.0000000000001,-27.9967898380031,-10.9000000206431));
#4890=CARTESIAN_POINT('',(-19.285883453123,-27.9999999999994,-9.36816980432089));
#4891=CARTESIAN_POINT('Ctrl Pts',(-20.0000000000001,-27.9967898380031,-10.9000000206431));
#4892=CARTESIAN_POINT('Ctrl Pts',(-20.0000000010806,-27.9958232671561,-10.795319025587));
#4893=CARTESIAN_POINT('Ctrl Pts',(-19.9917813433799,-27.9949805761085,-10.6907531973485));
#4894=CARTESIAN_POINT('Ctrl Pts',(-19.9491179284447,-27.9937131909502,-10.4212642484561));
#4895=CARTESIAN_POINT('Ctrl Pts',(-19.9020205896211,-27.9938741042546,-10.2592478924634));
#4896=CARTESIAN_POINT('Ctrl Pts',(-19.7742249222397,-27.9954707613634,-9.9642266213372));
#4897=CARTESIAN_POINT('Ctrl Pts',(-19.6972307215593,-27.9967458680869,-9.83091082749713));
#4898=CARTESIAN_POINT('Ctrl Pts',(-19.5127444849015,-27.9990282674672,-9.58244595043312));
#4899=CARTESIAN_POINT('Ctrl Pts',(-19.4053889681577,-27.9999999999994,-9.46848782053966));
#4900=CARTESIAN_POINT('Ctrl Pts',(-19.2858834543955,-27.9999999999994,-9.36816980650121));
#4901=CARTESIAN_POINT('Ctrl Pts',(-19.285883453123,-27.9999999999994,-9.36816980432089));
#4902=CARTESIAN_POINT('Ctrl Pts',(-19.247719188561,-27.9999999999994,-9.30277540589217));
#4903=CARTESIAN_POINT('Ctrl Pts',(-19.2080380423512,-27.9999999999994,-9.23817737573907));
#4904=CARTESIAN_POINT('Ctrl Pts',(-19.16694738276,-27.9999999999994,-9.1746228126247));
#4905=CARTESIAN_POINT('Ctrl Pts',(-19.1322043536221,-27.9999999999994,-9.12088607390857));
#4906=CARTESIAN_POINT('Ctrl Pts',(-19.0964544365043,-27.9999999999994,-9.06789677453882));
#4907=CARTESIAN_POINT('Ctrl Pts',(-19.059749772757,-27.9999999999994,-9.01577999764691));
#4908=CARTESIAN_POINT('Ctrl Pts',(-19.0260865149649,-27.9999999999994,-8.96798169855655));
#4909=CARTESIAN_POINT('Ctrl Pts',(-18.9916205608966,-27.9999999999994,-8.92091802949346));
#4910=CARTESIAN_POINT('Ctrl Pts',(-18.9563732009041,-27.9999999999994,-8.87464971910961));
#4911=CARTESIAN_POINT('Ctrl Pts',(-18.9234341056423,-27.9999999999994,-8.83141140895929));
#4912=CARTESIAN_POINT('Ctrl Pts',(-18.8898128114679,-27.9999999999994,-8.78886809486282));
#4913=CARTESIAN_POINT('Ctrl Pts',(-18.8555054225991,-27.9999999999994,-8.74702923883393));
#4914=CARTESIAN_POINT('Ctrl Pts',(-18.8248915191051,-27.9999999999994,-8.70969469537248));
#4915=CARTESIAN_POINT('Ctrl Pts',(-18.7937284676029,-27.9999999999994,-8.67291723248207));
#4916=CARTESIAN_POINT('Ctrl Pts',(-18.7620076540898,-27.9999999999994,-8.63668604947801));
#4917=CARTESIAN_POINT('Ctrl Pts',(-20.3950130807723,-27.0472487826096,-7.66464086408813));
#4918=CARTESIAN_POINT('Ctrl Pts',(-20.4748019656083,-27.0716064680457,-7.77326556301553));
#4919=CARTESIAN_POINT('Ctrl Pts',(-20.6246893449509,-27.1181760784136,-8.00585032797719));
#4920=CARTESIAN_POINT('Ctrl Pts',(-20.8260865436025,-27.1826842597305,-8.41594117632636));
#4921=CARTESIAN_POINT('Ctrl Pts',(-21.0057941834042,-27.2425950358357,-8.90456484999848));
#4922=CARTESIAN_POINT('Ctrl Pts',(-21.1619903340901,-27.2981879357657,-9.49264845948308));
#4923=CARTESIAN_POINT('Ctrl Pts',(-21.2925338373497,-27.3483787074317,-10.2071144452546));
#4924=CARTESIAN_POINT('Ctrl Pts',(-21.3840396615588,-27.3886855323399,-11.0168190545387));
#4925=CARTESIAN_POINT('Ctrl Pts',(-21.4190254251813,-27.4109262261485,-11.8169278733078));
#4926=CARTESIAN_POINT('Ctrl Pts',(-21.4142135623741,-27.4142135623725,-12.2882042610034));
#4927=CARTESIAN_POINT('Ctrl Pts',(-21.4142135623741,-27.4142135623725,-12.5329809733941));
#4928=CARTESIAN_POINT('Ctrl Pts',(-20.7080815143949,-26.9176612641127,-7.89770243974742));
#4929=CARTESIAN_POINT('Ctrl Pts',(-20.7708718473401,-26.9447416851082,-8.00922806164382));
#4930=CARTESIAN_POINT('Ctrl Pts',(-20.8896598033447,-26.9959853382197,-8.2472690764897));
#4931=CARTESIAN_POINT('Ctrl Pts',(-21.0504303627824,-27.0654562589881,-8.66132239105666));
#4932=CARTESIAN_POINT('Ctrl Pts',(-21.1938214013624,-27.1284597807987,-9.14632553446685));
#4933=CARTESIAN_POINT('Ctrl Pts',(-21.319931512874,-27.1853783684716,-9.72421898003816));
#4934=CARTESIAN_POINT('Ctrl Pts',(-21.4275224092056,-27.2352329190104,-10.4116583223737));
#4935=CARTESIAN_POINT('Ctrl Pts',(-21.5028797024938,-27.2738888771833,-11.1632648775925));
#4936=CARTESIAN_POINT('Ctrl Pts',(-21.5342605311441,-27.2936694456783,-11.8879249772942));
#4937=CARTESIAN_POINT('Ctrl Pts',(-21.5350558645115,-27.2933712602351,-12.3124734158446));
#4938=CARTESIAN_POINT('Ctrl Pts',(-21.5376269773229,-27.2908001474236,-12.5329809733941));
#4939=CARTESIAN_POINT('Ctrl Pts',(-21.2166296137764,-26.6366446982633,-8.40766810530896));
#4940=CARTESIAN_POINT('Ctrl Pts',(-21.254845054182,-26.6679604098322,-8.52299937028947));
#4941=CARTESIAN_POINT('Ctrl Pts',(-21.3269652168045,-26.7261923296253,-8.76626922371451));
#4942=CARTESIAN_POINT('Ctrl Pts',(-21.4246293490896,-26.8020917353694,-9.18121464039449));
#4943=CARTESIAN_POINT('Ctrl Pts',(-21.5153352103005,-26.8679768529565,-9.66418659445772));
#4944=CARTESIAN_POINT('Ctrl Pts',(-21.5998196556909,-26.9250017542297,-10.2249060846048));
#4945=CARTESIAN_POINT('Ctrl Pts',(-21.6713927047166,-26.973219574187,-10.8434132216965));
#4946=CARTESIAN_POINT('Ctrl Pts',(-21.7205560578837,-27.0093065288641,-11.4692852546034));
#4947=CARTESIAN_POINT('Ctrl Pts',(-21.7424319486992,-27.0250717635288,-12.0300288628577));
#4948=CARTESIAN_POINT('Ctrl Pts',(-21.7473643298928,-27.0187853887006,-12.3595442566467));
#4949=CARTESIAN_POINT('Ctrl Pts',(-21.751948036671,-27.0114906731186,-12.5329809733941));
#4950=CARTESIAN_POINT('Ctrl Pts',(-21.8183922206784,-25.9690936965041,-9.67485386706723));
#4951=CARTESIAN_POINT('Ctrl Pts',(-21.8296638297449,-26.011266962663,-9.7829879718054));
#4952=CARTESIAN_POINT('Ctrl Pts',(-21.8515728644347,-26.0908238236178,-10.0075986364537));
#4953=CARTESIAN_POINT('Ctrl Pts',(-21.882908598954,-26.1987432540955,-10.3703258000868));
#4954=CARTESIAN_POINT('Ctrl Pts',(-21.9109811739504,-26.2970895074721,-10.7530398664641));
#4955=CARTESIAN_POINT('Ctrl Pts',(-21.9326454089273,-26.3857162442219,-11.1424319426434));
#4956=CARTESIAN_POINT('Ctrl Pts',(-21.9452088803961,-26.4610021787971,-11.5199084091463));
#4957=CARTESIAN_POINT('Ctrl Pts',(-21.9483450554937,-26.5151797924371,-11.8676156112717));
#4958=CARTESIAN_POINT('Ctrl Pts',(-21.9478653962181,-26.5391876342309,-12.1915710137766));
#4959=CARTESIAN_POINT('Ctrl Pts',(-21.9521292783773,-26.5319817359463,-12.419002926263));
#4960=CARTESIAN_POINT('Ctrl Pts',(-21.9540462510864,-26.5235824229456,-12.5329809733941));
#4961=CARTESIAN_POINT('Ctrl Pts',(-22.000000000001,-25.5136596007835,-10.524708034663));
#4962=CARTESIAN_POINT('Ctrl Pts',(-22.000000000001,-25.5667716491052,-10.5971075780695));
#4963=CARTESIAN_POINT('Ctrl Pts',(-22.000000000001,-25.667957229335,-10.7457739365111));
#4964=CARTESIAN_POINT('Ctrl Pts',(-22.000000000001,-25.8035906804972,-10.9805385665246));
#4965=CARTESIAN_POINT('Ctrl Pts',(-22.000000000001,-25.921643074025,-11.226254492426));
#4966=CARTESIAN_POINT('Ctrl Pts',(-22.000000000001,-26.0201931035106,-11.4808778739559));
#4967=CARTESIAN_POINT('Ctrl Pts',(-22.000000000001,-26.0969527563119,-11.7413257294276));
#4968=CARTESIAN_POINT('Ctrl Pts',(-22.000000000001,-26.1497125378035,-12.0043874112727));
#4969=CARTESIAN_POINT('Ctrl Pts',(-22.000000000001,-26.1770318572012,-12.2681205533117));
#4970=CARTESIAN_POINT('Ctrl Pts',(-22.000000000001,-26.1781690278071,-12.4445243888994));
#4971=CARTESIAN_POINT('Ctrl Pts',(-22.000000000001,-26.1745329251988,-12.5329809733941));
#4972=CARTESIAN_POINT('Ctrl Pts',(-22.000000000001,-25.3166856932712,-10.8833143067275));
#4973=CARTESIAN_POINT('Ctrl Pts',(-22.000000000001,-25.370670908697,-10.9372995221532));
#4974=CARTESIAN_POINT('Ctrl Pts',(-22.000000000001,-25.4733369985278,-11.050574100782));
#4975=CARTESIAN_POINT('Ctrl Pts',(-22.000000000001,-25.6099403813179,-11.2347624347784));
#4976=CARTESIAN_POINT('Ctrl Pts',(-22.000000000001,-25.7278323485746,-11.4314533023536));
#4977=CARTESIAN_POINT('Ctrl Pts',(-22.000000000001,-25.8258775625531,-11.6387524885593));
#4978=CARTESIAN_POINT('Ctrl Pts',(-22.000000000001,-25.9031317871865,-11.854663584527));
#4979=CARTESIAN_POINT('Ctrl Pts',(-22.000000000001,-25.9588510239518,-12.0771072402814));
#4980=CARTESIAN_POINT('Ctrl Pts',(-22.000000000001,-25.9924986656322,-12.3039412385696));
#4981=CARTESIAN_POINT('Ctrl Pts',(-22.000000000001,-25.9999999999994,-12.4566343495714));
#4982=CARTESIAN_POINT('Ctrl Pts',(-22.000000000001,-25.9999999999994,-12.5329809733941));
#4983=CARTESIAN_POINT('',(-22.000000000001,-25.3166856932712,-10.8833143067275));
#4984=CARTESIAN_POINT('Ctrl Pts',(-20.3950130807723,-27.0472487826096,-7.66464086408813));
#4985=CARTESIAN_POINT('Ctrl Pts',(-20.7080815143949,-26.9176612641127,-7.89770243974742));
#4986=CARTESIAN_POINT('Ctrl Pts',(-21.2166296137764,-26.6366446982633,-8.40766810530896));
#4987=CARTESIAN_POINT('Ctrl Pts',(-21.8183922206784,-25.9690936965041,-9.67485386706723));
#4988=CARTESIAN_POINT('Ctrl Pts',(-22.000000000001,-25.5136596007835,-10.524708034663));
#4989=CARTESIAN_POINT('Ctrl Pts',(-22.000000000001,-25.3166856932712,-10.8833143067275));
#4990=CARTESIAN_POINT('',(-22.000000000001,-25.9999999999994,-12.5329809733941));
#4991=CARTESIAN_POINT('Origin',(-22.000000000001,-23.6670190266046,-12.5329809733941));
#4992=CARTESIAN_POINT('Origin',(-20.000000000001,-25.9999999999994,-12.5329809733941));
#4993=CARTESIAN_POINT('Ctrl Pts',(11.0944149512599,-27.0475227954432,-7.66440076562103));
#4994=CARTESIAN_POINT('Ctrl Pts',(11.1856958989295,-27.075343200079,-7.78870554169924));
#4995=CARTESIAN_POINT('Ctrl Pts',(11.3559893844867,-27.1281887959269,-8.05759656334507));
#4996=CARTESIAN_POINT('Ctrl Pts',(11.5807092036206,-27.2006514424177,-8.54204127545566));
#4997=CARTESIAN_POINT('Ctrl Pts',(11.7763497846116,-27.2673248617307,-9.13637517839645));
#4998=CARTESIAN_POINT('Ctrl Pts',(11.9420253733105,-27.3281298322052,-9.87898847287903));
#4999=CARTESIAN_POINT('Ctrl Pts',(12.0657177390273,-27.3795485458377,-10.7788994067896));
#5000=CARTESIAN_POINT('Ctrl Pts',(12.1203690295363,-27.4099817154046,-11.7132530558053));
#5001=CARTESIAN_POINT('Ctrl Pts',(12.1142135623645,-27.4142135623732,-12.2532361592329));
#5002=CARTESIAN_POINT('Ctrl Pts',(12.1142135623645,-27.4142135623732,-12.5329809733937));
#5003=CARTESIAN_POINT('Ctrl Pts',(10.9940837267987,-27.2424314625772,-7.72097039853949));
#5004=CARTESIAN_POINT('Ctrl Pts',(11.0847643530751,-27.2618179695138,-7.8438667150437));
#5005=CARTESIAN_POINT('Ctrl Pts',(11.2556473728188,-27.2999285727628,-8.11135138578434));
#5006=CARTESIAN_POINT('Ctrl Pts',(11.4835346867952,-27.3553020100817,-8.5977671812928));
#5007=CARTESIAN_POINT('Ctrl Pts',(11.6816892829915,-27.4089354585753,-9.19650919831116));
#5008=CARTESIAN_POINT('Ctrl Pts',(11.846253112791,-27.4597111842541,-9.94071468898167));
#5009=CARTESIAN_POINT('Ctrl Pts',(11.9619453146045,-27.5026124140358,-10.8239670311724));
#5010=CARTESIAN_POINT('Ctrl Pts',(12.0053653376755,-27.5275881220207,-11.7241582074618));
#5011=CARTESIAN_POINT('Ctrl Pts',(11.9937385620573,-27.5346885626803,-12.2565827394005));
#5012=CARTESIAN_POINT('Ctrl Pts',(11.9908001474157,-27.5376269773219,-12.5329809733937));
#5013=CARTESIAN_POINT('Ctrl Pts',(10.7675864806075,-27.5518943900602,-7.84835630879428));
#5014=CARTESIAN_POINT('Ctrl Pts',(10.8613891209199,-27.5625397543819,-7.97220479406505));
#5015=CARTESIAN_POINT('Ctrl Pts',(11.0396087456325,-27.5847320722833,-8.24442047781806));
#5016=CARTESIAN_POINT('Ctrl Pts',(11.2772724580671,-27.6207965669076,-8.74698667594988));
#5017=CARTESIAN_POINT('Ctrl Pts',(11.4783542976366,-27.6586970236713,-9.36586756785893));
#5018=CARTESIAN_POINT('Ctrl Pts',(11.6331515801915,-27.6948534938775,-10.1155809102709));
#5019=CARTESIAN_POINT('Ctrl Pts',(11.7239633397845,-27.72206086596,-10.950589308285));
#5020=CARTESIAN_POINT('Ctrl Pts',(11.7414762925508,-27.7373477137472,-11.7660474832988));
#5021=CARTESIAN_POINT('Ctrl Pts',(11.7198274909188,-27.7467095146375,-12.2691032860631));
#5022=CARTESIAN_POINT('Ctrl Pts',(11.7114906731108,-27.7519480366697,-12.5329809733937));
#5023=CARTESIAN_POINT('Ctrl Pts',(10.2436565543414,-27.9062305621997,-8.10435609936136));
#5024=CARTESIAN_POINT('Ctrl Pts',(10.3529240831851,-27.9102002858929,-8.24960462905896));
#5025=CARTESIAN_POINT('Ctrl Pts',(10.5572683690001,-27.9185707586399,-8.5679626944794));
#5026=CARTESIAN_POINT('Ctrl Pts',(10.816321941923,-27.9307092198602,-9.13008622155974));
#5027=CARTESIAN_POINT('Ctrl Pts',(11.0191865078029,-27.9400691687451,-9.76753913321801));
#5028=CARTESIAN_POINT('Ctrl Pts',(11.1616374380997,-27.9446395035037,-10.4593676106939));
#5029=CARTESIAN_POINT('Ctrl Pts',(11.2377945348847,-27.9453820938396,-11.1598154813216));
#5030=CARTESIAN_POINT('Ctrl Pts',(11.2529325131058,-27.9474935524477,-11.8468730270786));
#5031=CARTESIAN_POINT('Ctrl Pts',(11.233181637796,-27.9518554251317,-12.3062542437785));
#5032=CARTESIAN_POINT('Ctrl Pts',(11.223582422938,-27.9540462510848,-12.5329809733937));
#5033=CARTESIAN_POINT('Ctrl Pts',(9.71748129538831,-27.9999999999994,-8.45323287554857));
#5034=CARTESIAN_POINT('Ctrl Pts',(9.84604265458551,-27.9999999999994,-8.60632041752449));
#5035=CARTESIAN_POINT('Ctrl Pts',(10.0863754832526,-27.9999999999994,-8.93672759906908));
#5036=CARTESIAN_POINT('Ctrl Pts',(10.3857479693225,-27.9999999999994,-9.49056068702561));
#5037=CARTESIAN_POINT('Ctrl Pts',(10.615321432992,-27.9999999999994,-10.0876190409698));
#5038=CARTESIAN_POINT('Ctrl Pts',(10.7738953830436,-27.9999999999994,-10.7126400556944));
#5039=CARTESIAN_POINT('Ctrl Pts',(10.8605555028357,-27.9999999999994,-11.3392944354307));
#5040=CARTESIAN_POINT('Ctrl Pts',(10.8868866304097,-27.9999999999994,-11.953682961153));
#5041=CARTESIAN_POINT('Ctrl Pts',(10.8786884710295,-27.9999999999994,-12.343204424184));
#5042=CARTESIAN_POINT('Ctrl Pts',(10.8745329251915,-27.9999999999994,-12.5329809733937));
#5043=CARTESIAN_POINT('Ctrl Pts',(9.46133301753717,-27.9999999999994,-8.63596575407692));
#5044=CARTESIAN_POINT('Ctrl Pts',(9.59933830212587,-27.9999999999994,-8.79391855278385));
#5045=CARTESIAN_POINT('Ctrl Pts',(9.85628524488639,-27.9999999999994,-9.13223066818972));
#5046=CARTESIAN_POINT('Ctrl Pts',(10.1717488305669,-27.9999999999994,-9.6853863865149));
#5047=CARTESIAN_POINT('Ctrl Pts',(10.4102587491593,-27.9999999999994,-10.2668200599623));
#5048=CARTESIAN_POINT('Ctrl Pts',(10.5734055389035,-27.9999999999994,-10.8600023220534));
#5049=CARTESIAN_POINT('Ctrl Pts',(10.6647921464696,-27.9999999999994,-11.4434236502769));
#5050=CARTESIAN_POINT('Ctrl Pts',(10.6997011721931,-27.9999999999994,-12.0077089957341));
#5051=CARTESIAN_POINT('Ctrl Pts',(10.6999999999922,-27.9999999999994,-12.3616212134744));
#5052=CARTESIAN_POINT('Ctrl Pts',(10.6999999999922,-27.9999999999994,-12.5329809733937));
#5053=CARTESIAN_POINT('',(11.0944149512599,-27.0475227954432,-7.66440076562103));
#5054=CARTESIAN_POINT('',(12.1142135623645,-27.4142135623732,-12.5329809733937));
#5055=CARTESIAN_POINT('Ctrl Pts',(11.0944149512599,-27.0475227954432,-7.66440076562103));
#5056=CARTESIAN_POINT('Ctrl Pts',(11.1856958989295,-27.075343200079,-7.78870554169924));
#5057=CARTESIAN_POINT('Ctrl Pts',(11.3559893844867,-27.1281887959269,-8.05759656334507));
#5058=CARTESIAN_POINT('Ctrl Pts',(11.5807092036206,-27.2006514424177,-8.54204127545566));
#5059=CARTESIAN_POINT('Ctrl Pts',(11.7763497846116,-27.2673248617307,-9.13637517839645));
#5060=CARTESIAN_POINT('Ctrl Pts',(11.9420253733105,-27.3281298322052,-9.87898847287903));
#5061=CARTESIAN_POINT('Ctrl Pts',(12.0657177390273,-27.3795485458377,-10.7788994067896));
#5062=CARTESIAN_POINT('Ctrl Pts',(12.1203690295363,-27.4099817154046,-11.7132530558053));
#5063=CARTESIAN_POINT('Ctrl Pts',(12.1142135623645,-27.4142135623732,-12.2532361592329));
#5064=CARTESIAN_POINT('Ctrl Pts',(12.1142135623645,-27.4142135623732,-12.5329809733937));
#5065=CARTESIAN_POINT('',(9.46133301753717,-27.9999999999994,-8.63596575407692));
#5066=CARTESIAN_POINT('Ctrl Pts',(11.0944149512599,-27.0475227954432,-7.66440076562103));
#5067=CARTESIAN_POINT('Ctrl Pts',(10.9940837267987,-27.2424314625772,-7.72097039853949));
#5068=CARTESIAN_POINT('Ctrl Pts',(10.7675864806075,-27.5518943900602,-7.84835630879428));
#5069=CARTESIAN_POINT('Ctrl Pts',(10.2436565543414,-27.9062305621997,-8.10435609936136));
#5070=CARTESIAN_POINT('Ctrl Pts',(9.71748129538831,-27.9999999999994,-8.45323287554857));
#5071=CARTESIAN_POINT('Ctrl Pts',(9.46133301753717,-27.9999999999994,-8.63596575407692));
#5072=CARTESIAN_POINT('',(10.6999999999922,-27.9999999999994,-12.5329809733937));
#5073=CARTESIAN_POINT('Ctrl Pts',(9.46133301753716,-27.9999999999994,-8.63596575407692));
#5074=CARTESIAN_POINT('Ctrl Pts',(9.51346045256149,-27.9999999999994,-8.69562777554258));
#5075=CARTESIAN_POINT('Ctrl Pts',(9.56421246895942,-27.9999999999994,-8.75685915513935));
#5076=CARTESIAN_POINT('Ctrl Pts',(9.61349658355785,-27.9999999999994,-8.81950899405055));
#5077=CARTESIAN_POINT('Ctrl Pts',(9.67814959614118,-27.9999999999994,-8.90169573629951));
#5078=CARTESIAN_POINT('Ctrl Pts',(9.74027461220236,-27.9999999999994,-8.98632271711222));
#5079=CARTESIAN_POINT('Ctrl Pts',(9.79962389819673,-27.9999999999994,-9.07296202485065));
#5080=CARTESIAN_POINT('Ctrl Pts',(9.84978617504138,-27.9999999999994,-9.14618994777489));
#5081=CARTESIAN_POINT('Ctrl Pts',(9.89796314046167,-27.9999999999994,-9.22085162745192));
#5082=CARTESIAN_POINT('Ctrl Pts',(9.94401702563065,-27.9999999999994,-9.29667976139978));
#5083=CARTESIAN_POINT('Ctrl Pts',(9.98324656312077,-27.9999999999994,-9.36127154584096));
#5084=CARTESIAN_POINT('Ctrl Pts',(10.0209350936911,-27.9999999999994,-9.4267086894814));
#5085=CARTESIAN_POINT('Ctrl Pts',(10.0570221470578,-27.9999999999994,-9.49284475411196));
#5086=CARTESIAN_POINT('Ctrl Pts',(10.0912457219897,-27.9999999999994,-9.55556565682978));
#5087=CARTESIAN_POINT('Ctrl Pts',(10.1240284332902,-27.9999999999994,-9.61891442585408));
#5088=CARTESIAN_POINT('Ctrl Pts',(10.1553499219295,-27.9999999999994,-9.68279618053742));
#5089=CARTESIAN_POINT('Ctrl Pts',(10.1893518360778,-27.9999999999994,-9.75214479813964));
#5090=CARTESIAN_POINT('Ctrl Pts',(10.221633682278,-27.9999999999994,-9.8221261354195));
#5091=CARTESIAN_POINT('Ctrl Pts',(10.2522110083242,-27.9999999999994,-9.89265145347708));
#5092=CARTESIAN_POINT('Ctrl Pts',(10.2844156999143,-27.9999999999994,-9.96693022180084));
#5093=CARTESIAN_POINT('Ctrl Pts',(10.3147299089371,-27.9999999999994,-10.041812771592));
#5094=CARTESIAN_POINT('Ctrl Pts',(10.3431618184359,-27.9999999999994,-10.1171238780424));
#5095=CARTESIAN_POINT('Ctrl Pts',(10.3797913346301,-27.9999999999994,-10.2141489967193));
#5096=CARTESIAN_POINT('Ctrl Pts',(10.4132938407026,-27.9999999999994,-10.3118823776326));
#5097=CARTESIAN_POINT('Ctrl Pts',(10.4436925470215,-27.9999999999994,-10.4098546214989));
#5098=CARTESIAN_POINT('Ctrl Pts',(10.4681523413618,-27.9999999999994,-10.4886862964687));
#5099=CARTESIAN_POINT('Ctrl Pts',(10.490601914936,-27.9999999999994,-10.5676684661736));
#5100=CARTESIAN_POINT('Ctrl Pts',(10.511079223605,-27.9999999999994,-10.6465643738062));
#5101=CARTESIAN_POINT('Ctrl Pts',(10.5285533264735,-27.9999999999994,-10.7138893933271));
#5102=CARTESIAN_POINT('Ctrl Pts',(10.5445912224109,-27.9999999999994,-10.7811506827535));
#5103=CARTESIAN_POINT('Ctrl Pts',(10.5592408839976,-27.9999999999994,-10.8482332700739));
#5104=CARTESIAN_POINT('Ctrl Pts',(10.573046435349,-27.9999999999994,-10.9114505736653));
#5105=CARTESIAN_POINT('Ctrl Pts',(10.5856189214964,-27.9999999999994,-10.9745084385675));
#5106=CARTESIAN_POINT('Ctrl Pts',(10.5970238752957,-27.9999999999994,-11.037352782294));
#5107=CARTESIAN_POINT('Ctrl Pts',(10.60897173743,-27.9999999999994,-11.1031886960533));
#5108=CARTESIAN_POINT('Ctrl Pts',(10.6196400651454,-27.9999999999994,-11.1687988917177));
#5109=CARTESIAN_POINT('Ctrl Pts',(10.6291280165597,-27.9999999999994,-11.2341364643801));
#5110=CARTESIAN_POINT('Ctrl Pts',(10.6407018148302,-27.9999999999994,-11.3138379565627));
#5111=CARTESIAN_POINT('Ctrl Pts',(10.650518040654,-27.9999999999994,-11.3931328625504));
#5112=CARTESIAN_POINT('Ctrl Pts',(10.6587778885842,-27.9999999999994,-11.4718574801654));
#5113=CARTESIAN_POINT('Ctrl Pts',(10.6674500522241,-27.9999999999994,-11.5545118791583));
#5114=CARTESIAN_POINT('Ctrl Pts',(10.6744054122151,-27.9999999999994,-11.6365325436843));
#5115=CARTESIAN_POINT('Ctrl Pts',(10.6799166207286,-27.9999999999994,-11.7177035545492));
#5116=CARTESIAN_POINT('Ctrl Pts',(10.6844684255461,-27.9999999999994,-11.7847441314744));
#5117=CARTESIAN_POINT('Ctrl Pts',(10.6880356104574,-27.9999999999994,-11.8512031204049));
#5118=CARTESIAN_POINT('Ctrl Pts',(10.6907993301201,-27.9999999999994,-11.9169859582238));
#5119=CARTESIAN_POINT('Ctrl Pts',(10.6931925458355,-27.9999999999994,-11.9739499562009));
#5120=CARTESIAN_POINT('Ctrl Pts',(10.6949835413108,-27.9999999999994,-12.030406515789));
#5121=CARTESIAN_POINT('Ctrl Pts',(10.6963083026852,-27.9999999999994,-12.0863294273164));
#5122=CARTESIAN_POINT('Ctrl Pts',(10.6975807130725,-27.9999999999994,-12.1400424166061));
#5123=CARTESIAN_POINT('Ctrl Pts',(10.6984229787286,-27.9999999999994,-12.1932624680782));
#5124=CARTESIAN_POINT('Ctrl Pts',(10.6989726948989,-27.9999999999994,-12.2460090955493));
#5125=CARTESIAN_POINT('Ctrl Pts',(10.6992684433229,-27.9999999999994,-12.2743868890064));
#5126=CARTESIAN_POINT('Ctrl Pts',(10.6994798385594,-27.9999999999994,-12.3026301636113));
#5127=CARTESIAN_POINT('Ctrl Pts',(10.699630453169,-27.9999999999994,-12.3307426040635));
#5128=CARTESIAN_POINT('Ctrl Pts',(10.6997488303964,-27.9999999999994,-12.352837889267));
#5129=CARTESIAN_POINT('Ctrl Pts',(10.6998296721853,-27.9999999999994,-12.3748464830571));
#5130=CARTESIAN_POINT('Ctrl Pts',(10.699884554639,-27.9999999999994,-12.3967581133224));
#5131=CARTESIAN_POINT('Ctrl Pts',(10.6999249185504,-27.9999999999994,-12.4128732656841));
#5132=CARTESIAN_POINT('Ctrl Pts',(10.6999512431552,-27.9999999999994,-12.4289404312071));
#5133=CARTESIAN_POINT('Ctrl Pts',(10.6999683490485,-27.9999999999994,-12.4449708937638));
#5134=CARTESIAN_POINT('Ctrl Pts',(10.6999841031348,-27.9999999999994,-12.4597345361938));
#5135=CARTESIAN_POINT('Ctrl Pts',(10.6999920407469,-27.9999999999994,-12.4744613358845));
#5136=CARTESIAN_POINT('Ctrl Pts',(10.6999960154346,-27.9999999999994,-12.4891282298806));
#5137=CARTESIAN_POINT('Ctrl Pts',(10.6999991354815,-27.9999999999994,-12.5006414357045));
#5138=CARTESIAN_POINT('Ctrl Pts',(10.699999814738,-27.9999999999994,-12.5121156837391));
#5139=CARTESIAN_POINT('Ctrl Pts',(10.6999999601408,-27.9999999999994,-12.523570382804));
#5140=CARTESIAN_POINT('Ctrl Pts',(10.6999999999695,-27.9999999999994,-12.5267080448514));
#5141=CARTESIAN_POINT('Ctrl Pts',(10.6999999999922,-27.9999999999994,-12.5298445256935));
#5142=CARTESIAN_POINT('Ctrl Pts',(10.6999999999922,-27.9999999999994,-12.5329809733937));
#5143=CARTESIAN_POINT('Origin',(10.6999999999922,-25.9999999999994,-12.5329809733937));
#5144=CARTESIAN_POINT('Ctrl Pts',(11.0944149512599,-27.0475227954432,-7.66440076562103));
#5145=CARTESIAN_POINT('Ctrl Pts',(10.9940837267987,-27.2424314625772,-7.72097039853949));
#5146=CARTESIAN_POINT('Ctrl Pts',(10.7675864806075,-27.5518943900602,-7.84835630879428));
#5147=CARTESIAN_POINT('Ctrl Pts',(10.2436565543414,-27.9062305621997,-8.10435609936136));
#5148=CARTESIAN_POINT('Ctrl Pts',(9.71748129538831,-27.9999999999994,-8.45323287554857));
#5149=CARTESIAN_POINT('Ctrl Pts',(9.46133301753717,-27.9999999999994,-8.63596575407692));
#5150=CARTESIAN_POINT('Ctrl Pts',(10.9601349073926,-27.1032346767219,-7.56434011793643));
#5151=CARTESIAN_POINT('Ctrl Pts',(10.860696403171,-27.285819259997,-7.62168073182007));
#5152=CARTESIAN_POINT('Ctrl Pts',(10.6331129833348,-27.5774644890289,-7.74500713297003));
#5153=CARTESIAN_POINT('Ctrl Pts',(10.096716141659,-27.9129930810823,-7.98091751870864));
#5154=CARTESIAN_POINT('Ctrl Pts',(9.57672239915057,-27.9999999999994,-8.30884689921686));
#5155=CARTESIAN_POINT('Ctrl Pts',(9.32332773294846,-27.9999999999994,-8.47801295536999));
#5156=CARTESIAN_POINT('Ctrl Pts',(10.6707484350626,-27.2080738425604,-7.37671172856857));
#5157=CARTESIAN_POINT('Ctrl Pts',(10.5724840733056,-27.3673007349735,-7.43318703766789));
#5158=CARTESIAN_POINT('Ctrl Pts',(10.3402460913225,-27.6265416338653,-7.54599342578269));
#5159=CARTESIAN_POINT('Ctrl Pts',(9.77862090301507,-27.9259631041272,-7.74824313570621));
#5160=CARTESIAN_POINT('Ctrl Pts',(9.27491749760338,-27.9999999999994,-8.03883136515881));
#5161=CARTESIAN_POINT('Ctrl Pts',(9.02785551233514,-27.9999999999994,-8.18419603103943));
#5162=CARTESIAN_POINT('Ctrl Pts',(10.1498225578151,-27.3490172431578,-7.12524271757519));
#5163=CARTESIAN_POINT('Ctrl Pts',(10.0494374869201,-27.4789935511898,-7.17641050897204));
#5164=CARTESIAN_POINT('Ctrl Pts',(9.80722089256867,-27.6936314376011,-7.27111810612253));
#5165=CARTESIAN_POINT('Ctrl Pts',(9.21979941617455,-27.9445135229538,-7.44647607824402));
#5166=CARTESIAN_POINT('Ctrl Pts',(8.76371829070411,-27.9999999999994,-7.69722302340758));
#5167=CARTESIAN_POINT('Ctrl Pts',(8.53435762053924,-27.9999999999994,-7.81828960883567));
#5168=CARTESIAN_POINT('Ctrl Pts',(9.5098217275092,-27.4763973953308,-6.90135076181831));
#5169=CARTESIAN_POINT('Ctrl Pts',(9.40877623799028,-27.5800835928632,-6.94650247963141));
#5170=CARTESIAN_POINT('Ctrl Pts',(9.1578495730773,-27.7548803306707,-7.02790881582831));
#5171=CARTESIAN_POINT('Ctrl Pts',(8.59125525108859,-27.9609940360457,-7.20589669318016));
#5172=CARTESIAN_POINT('Ctrl Pts',(8.21258016022271,-27.9999999999994,-7.43226279644312));
#5173=CARTESIAN_POINT('Ctrl Pts',(8.01289977851497,-27.9999999999994,-7.54001718833362));
#5174=CARTESIAN_POINT('Ctrl Pts',(8.71669548182628,-27.5860486093631,-6.70833276256446));
#5175=CARTESIAN_POINT('Ctrl Pts',(8.62099751827006,-27.6671193137551,-6.75072170786271));
#5176=CARTESIAN_POINT('Ctrl Pts',(8.37628915000482,-27.8109681460388,-6.83326286901678));
#5177=CARTESIAN_POINT('Ctrl Pts',(7.9154403140535,-27.9718166681772,-7.03869344851465));
#5178=CARTESIAN_POINT('Ctrl Pts',(7.62885902776126,-27.9999999999994,-7.24820646131331));
#5179=CARTESIAN_POINT('Ctrl Pts',(7.46939232340322,-27.9999999999994,-7.34960158023872));
#5180=CARTESIAN_POINT('Ctrl Pts',(7.75234223750945,-27.6708929229565,-6.5585067521303));
#5181=CARTESIAN_POINT('Ctrl Pts',(7.68251540347463,-27.735639524356,-6.60578379820541));
#5182=CARTESIAN_POINT('Ctrl Pts',(7.50839118768305,-27.8529592632905,-6.70969168480954));
#5183=CARTESIAN_POINT('Ctrl Pts',(7.23000796339123,-27.9751456780082,-6.94680971193117));
#5184=CARTESIAN_POINT('Ctrl Pts',(7.03582963786821,-27.9999999999994,-7.14291823757869));
#5185=CARTESIAN_POINT('Ctrl Pts',(6.92607871720774,-27.9999999999994,-7.24135492321923));
#5186=CARTESIAN_POINT('Ctrl Pts',(6.7542713165401,-27.7108658790118,-6.48734454569545));
#5187=CARTESIAN_POINT('Ctrl Pts',(6.73160882480822,-27.7677573902217,-6.54441357199151));
#5188=CARTESIAN_POINT('Ctrl Pts',(6.66608371638928,-27.8716164732356,-6.67452631081023));
#5189=CARTESIAN_POINT('Ctrl Pts',(6.55711277101762,-27.9735718811637,-6.92278501218816));
#5190=CARTESIAN_POINT('Ctrl Pts',(6.44271760454591,-27.9999999999994,-7.10659966559098));
#5191=CARTESIAN_POINT('Ctrl Pts',(6.38557341898881,-27.9999999999994,-7.20059116896204));
#5192=CARTESIAN_POINT('Ctrl Pts',(6.17078455901302,-27.7071067811859,-6.49289321881275));
#5193=CARTESIAN_POINT('Ctrl Pts',(6.16367393449196,-27.7673442813395,-6.55313071896635));
#5194=CARTESIAN_POINT('Ctrl Pts',(6.14367344075927,-27.8733547573183,-6.69008625453567));
#5195=CARTESIAN_POINT('Ctrl Pts',(6.09742608370928,-27.9759277125655,-6.93340918109719));
#5196=CARTESIAN_POINT('Ctrl Pts',(6.05788398706168,-27.9999999999994,-7.11065576448054));
#5197=CARTESIAN_POINT('Ctrl Pts',(6.03837878651486,-27.9999999999994,-7.19999999999929));
#5198=CARTESIAN_POINT('Ctrl Pts',(5.86701902659551,-27.7071067811859,-6.49289321881275));
#5199=CARTESIAN_POINT('Ctrl Pts',(5.86701902659551,-27.7688134886603,-6.55459992628717));
#5200=CARTESIAN_POINT('Ctrl Pts',(5.86701902659551,-27.8759740183344,-6.69425466343967));
#5201=CARTESIAN_POINT('Ctrl Pts',(5.86701902659551,-27.977023125542,-6.93820878852617));
#5202=CARTESIAN_POINT('Ctrl Pts',(5.86701902659551,-27.9999999999994,-7.11273353739958));
#5203=CARTESIAN_POINT('Ctrl Pts',(5.86701902659551,-27.9999999999994,-7.19999999999929));
#5204=CARTESIAN_POINT('',(5.86701902659551,-27.7071067811859,-6.49289321881275));
#5205=CARTESIAN_POINT('Ctrl Pts',(11.0944149512599,-27.0475227954432,-7.66440076562103));
#5206=CARTESIAN_POINT('Ctrl Pts',(10.9601349073926,-27.1032346767219,-7.56434011793643));
#5207=CARTESIAN_POINT('Ctrl Pts',(10.6707484350626,-27.2080738425604,-7.37671172856857));
#5208=CARTESIAN_POINT('Ctrl Pts',(10.1498225578151,-27.3490172431578,-7.12524271757519));
#5209=CARTESIAN_POINT('Ctrl Pts',(9.50982172750921,-27.4763973953308,-6.9013507618183));
#5210=CARTESIAN_POINT('Ctrl Pts',(8.71669548182627,-27.5860486093631,-6.70833276256446));
#5211=CARTESIAN_POINT('Ctrl Pts',(7.75234223750947,-27.6708929229565,-6.5585067521303));
#5212=CARTESIAN_POINT('Ctrl Pts',(6.75427131654009,-27.7108658790118,-6.48734454569546));
#5213=CARTESIAN_POINT('Ctrl Pts',(6.17078455901301,-27.7071067811859,-6.49289321881275));
#5214=CARTESIAN_POINT('Ctrl Pts',(5.86701902659551,-27.7071067811859,-6.49289321881275));
#5215=CARTESIAN_POINT('',(5.86701902659551,-27.9999999999994,-7.19999999999929));
#5216=CARTESIAN_POINT('Origin',(5.86701902659551,-26.9999999999994,-7.19999999999929));
#5217=CARTESIAN_POINT('Ctrl Pts',(5.86701902659551,-27.9999999999994,-7.19999999999929));
#5218=CARTESIAN_POINT('Ctrl Pts',(5.90450397407787,-27.9999999999994,-7.19999999999929));
#5219=CARTESIAN_POINT('Ctrl Pts',(5.94199421442898,-27.9999999999994,-7.20000066525052));
#5220=CARTESIAN_POINT('Ctrl Pts',(5.979604096748,-27.9999999999994,-7.20008236234006));
#5221=CARTESIAN_POINT('Ctrl Pts',(6.01861496995321,-27.9999999999994,-7.20016710269564));
#5222=CARTESIAN_POINT('Ctrl Pts',(6.05775402918551,-27.9999999999994,-7.20033901311652));
#5223=CARTESIAN_POINT('Ctrl Pts',(6.0970850903955,-27.9999999999994,-7.20067927436576));
#5224=CARTESIAN_POINT('Ctrl Pts',(6.13962631297368,-27.9999999999994,-7.20104730739344));
#5225=CARTESIAN_POINT('Ctrl Pts',(6.18239171314093,-27.9999999999994,-7.20161233446185));
#5226=CARTESIAN_POINT('Ctrl Pts',(6.22539588394319,-27.9999999999994,-7.20246698654185));
#5227=CARTESIAN_POINT('Ctrl Pts',(6.27418540739509,-27.9999999999994,-7.203436614997));
#5228=CARTESIAN_POINT('Ctrl Pts',(6.32328146652055,-27.9999999999994,-7.2047791623121));
#5229=CARTESIAN_POINT('Ctrl Pts',(6.37263232983243,-27.9999999999994,-7.20661585973444));
#5230=CARTESIAN_POINT('Ctrl Pts',(6.43943687588292,-27.9999999999994,-7.20910213311038));
#5231=CARTESIAN_POINT('Ctrl Pts',(6.50670464769197,-27.9999999999994,-7.2124948716442));
#5232=CARTESIAN_POINT('Ctrl Pts',(6.57420699756894,-27.9999999999994,-7.21705977129158));
#5233=CARTESIAN_POINT('Ctrl Pts',(6.62675623505893,-27.9999999999994,-7.22061345492075));
#5234=CARTESIAN_POINT('Ctrl Pts',(6.67944324442162,-27.9999999999994,-7.22487656180116));
#5235=CARTESIAN_POINT('Ctrl Pts',(6.73217765710055,-27.9999999999994,-7.22996200842013));
#5236=CARTESIAN_POINT('Ctrl Pts',(6.77671558054328,-27.9999999999994,-7.2342570260506));
#5237=CARTESIAN_POINT('Ctrl Pts',(6.82128654801684,-27.9999999999994,-7.23913836268295));
#5238=CARTESIAN_POINT('Ctrl Pts',(6.86587495176215,-27.9999999999994,-7.24467004697443));
#5239=CARTESIAN_POINT('Ctrl Pts',(6.9233669736294,-27.9999999999994,-7.25180256770931));
#5240=CARTESIAN_POINT('Ctrl Pts',(6.98088766568781,-27.9999999999994,-7.2600173058325));
#5241=CARTESIAN_POINT('Ctrl Pts',(7.03852148479166,-27.9999999999994,-7.26944297112505));
#5242=CARTESIAN_POINT('Ctrl Pts',(7.08666370206964,-27.9999999999994,-7.27731634189172));
#5243=CARTESIAN_POINT('Ctrl Pts',(7.13488747736082,-27.9999999999994,-7.28603435153264));
#5244=CARTESIAN_POINT('Ctrl Pts',(7.18319586034811,-27.9999999999994,-7.29565277260604));
#5245=CARTESIAN_POINT('Ctrl Pts',(7.23618586610871,-27.9999999999994,-7.30620332628988));
#5246=CARTESIAN_POINT('Ctrl Pts',(7.28927710171273,-27.9999999999994,-7.31783722806036));
#5247=CARTESIAN_POINT('Ctrl Pts',(7.34241550673439,-27.9999999999994,-7.33060671959572));
#5248=CARTESIAN_POINT('Ctrl Pts',(7.40663376474323,-27.9999999999994,-7.34603876919761));
#5249=CARTESIAN_POINT('Ctrl Pts',(7.47091968358034,-27.9999999999994,-7.36312944328288));
#5250=CARTESIAN_POINT('Ctrl Pts',(7.53510888707865,-27.9999999999994,-7.38193966826582));
#5251=CARTESIAN_POINT('Ctrl Pts',(7.60941584579039,-27.9999999999994,-7.40371483503827));
#5252=CARTESIAN_POINT('Ctrl Pts',(7.68358658876386,-27.9999999999994,-7.42779330729903));
#5253=CARTESIAN_POINT('Ctrl Pts',(7.75734506103498,-27.9999999999994,-7.45423844793786));
#5254=CARTESIAN_POINT('Ctrl Pts',(7.81194785588897,-27.9999999999994,-7.47381556965317));
#5255=CARTESIAN_POINT('Ctrl Pts',(7.8663234745232,-27.9999999999994,-7.49468881952592));
#5256=CARTESIAN_POINT('Ctrl Pts',(7.92039280033751,-27.9999999999994,-7.51688225004088));
#5257=CARTESIAN_POINT('Ctrl Pts',(7.97161822964361,-27.9999999999994,-7.5379083676923));
#5258=CARTESIAN_POINT('Ctrl Pts',(8.02256760848572,-27.9999999999994,-7.56011910042917));
#5259=CARTESIAN_POINT('Ctrl Pts',(8.07322308595757,-27.9999999999994,-7.58354025158091));
#5260=CARTESIAN_POINT('Ctrl Pts',(8.12727882807662,-27.9999999999994,-7.60853355477292));
#5261=CARTESIAN_POINT('Ctrl Pts',(8.18100895147137,-27.9999999999994,-7.6349086391088));
#5262=CARTESIAN_POINT('Ctrl Pts',(8.23439676749413,-27.9999999999994,-7.66268144723758));
#5263=CARTESIAN_POINT('Ctrl Pts',(8.29425255448299,-27.9999999999994,-7.69381895034747));
#5264=CARTESIAN_POINT('Ctrl Pts',(8.35367793315688,-27.9999999999994,-7.72671342918223));
#5265=CARTESIAN_POINT('Ctrl Pts',(8.4125949603015,-27.9999999999994,-7.76134476349896));
#5266=CARTESIAN_POINT('Ctrl Pts',(8.47912708279936,-27.9999999999994,-7.80045223868383));
#5267=CARTESIAN_POINT('Ctrl Pts',(8.54501002468682,-27.9999999999994,-7.84177424410211));
#5268=CARTESIAN_POINT('Ctrl Pts',(8.61007383442677,-27.9999999999994,-7.88523193851919));
#5269=CARTESIAN_POINT('Ctrl Pts',(8.69578962713847,-27.9999999999994,-7.94248359256882));
#5270=CARTESIAN_POINT('Ctrl Pts',(8.78007964018865,-27.9999999999994,-8.00344084051033));
#5271=CARTESIAN_POINT('Ctrl Pts',(8.86249511619453,-27.9999999999994,-8.06784735039566));
#5272=CARTESIAN_POINT('Ctrl Pts',(8.92395932710445,-27.9999999999994,-8.11588074775517));
#5273=CARTESIAN_POINT('Ctrl Pts',(8.98437849335439,-27.9999999999994,-8.16583018187266));
#5274=CARTESIAN_POINT('Ctrl Pts',(9.04358610078561,-27.9999999999994,-8.21758590087093));
#5275=CARTESIAN_POINT('Ctrl Pts',(9.09660002890874,-27.9999999999994,-8.26392747902241));
#5276=CARTESIAN_POINT('Ctrl Pts',(9.14864180304657,-27.9999999999994,-8.31171650717381));
#5277=CARTESIAN_POINT('Ctrl Pts',(9.19962750779624,-27.9999999999994,-8.36088741320408));
#5278=CARTESIAN_POINT('Ctrl Pts',(9.25957191772549,-27.9999999999994,-8.41869814588185));
#5279=CARTESIAN_POINT('Ctrl Pts',(9.31805609534081,-27.9999999999994,-8.47842011453767));
#5280=CARTESIAN_POINT('Ctrl Pts',(9.37502500624561,-27.9999999999994,-8.53997913522558));
#5281=CARTESIAN_POINT('Ctrl Pts',(9.40419482747592,-27.9999999999994,-8.57149923276755));
#5282=CARTESIAN_POINT('Ctrl Pts',(9.43296775585964,-27.9999999999994,-8.60350053014458));
#5283=CARTESIAN_POINT('Ctrl Pts',(9.46133301753716,-27.9999999999994,-8.63596575407692));
#5284=CARTESIAN_POINT('Ctrl Pts',(11.0944149512599,-27.0475227954432,-7.66440076562103));
#5285=CARTESIAN_POINT('Ctrl Pts',(10.9601349073926,-27.1032346767219,-7.56434011793643));
#5286=CARTESIAN_POINT('Ctrl Pts',(10.6707484350626,-27.2080738425604,-7.37671172856857));
#5287=CARTESIAN_POINT('Ctrl Pts',(10.1498225578151,-27.3490172431578,-7.12524271757519));
#5288=CARTESIAN_POINT('Ctrl Pts',(9.50982172750921,-27.4763973953308,-6.9013507618183));
#5289=CARTESIAN_POINT('Ctrl Pts',(8.71669548182627,-27.5860486093631,-6.70833276256446));
#5290=CARTESIAN_POINT('Ctrl Pts',(7.75234223750947,-27.6708929229565,-6.5585067521303));
#5291=CARTESIAN_POINT('Ctrl Pts',(6.75427131654009,-27.7108658790118,-6.48734454569546));
#5292=CARTESIAN_POINT('Ctrl Pts',(6.17078455901301,-27.7071067811859,-6.49289321881275));
#5293=CARTESIAN_POINT('Ctrl Pts',(5.86701902659551,-27.7071067811859,-6.49289321881275));
#5294=CARTESIAN_POINT('Ctrl Pts',(10.8814260733642,-26.9826085179594,-7.37435628810519));
#5295=CARTESIAN_POINT('Ctrl Pts',(10.7446569665675,-27.0394073970463,-7.29440881956885));
#5296=CARTESIAN_POINT('Ctrl Pts',(10.4508948991607,-27.1470887312537,-7.144308298962));
#5297=CARTESIAN_POINT('Ctrl Pts',(9.92634805991659,-27.293131541014,-6.94295845962729));
#5298=CARTESIAN_POINT('Ctrl Pts',(9.28953829289631,-27.4252664169022,-6.76428702109493));
#5299=CARTESIAN_POINT('Ctrl Pts',(8.51108806733311,-27.5370153897107,-6.60899824960937));
#5300=CARTESIAN_POINT('Ctrl Pts',(7.59433506059509,-27.619294303529,-6.48823802272859));
#5301=CARTESIAN_POINT('Ctrl Pts',(6.67761629050821,-27.6534583176792,-6.43086609418454));
#5302=CARTESIAN_POINT('Ctrl Pts',(6.1441434577099,-27.6468692810323,-6.43265571865915));
#5303=CARTESIAN_POINT('Ctrl Pts',(5.86701902659551,-27.6454000737115,-6.43118651133833));
#5304=CARTESIAN_POINT('Ctrl Pts',(10.4100954688691,-26.8409444794589,-6.90549938368363));
#5305=CARTESIAN_POINT('Ctrl Pts',(10.2696611949138,-26.9020343956226,-6.85687669378065));
#5306=CARTESIAN_POINT('Ctrl Pts',(9.96955534028793,-27.018710438241,-6.76580768218497));
#5307=CARTESIAN_POINT('Ctrl Pts',(9.43948153686445,-27.1775693277365,-6.64408523828902));
#5308=CARTESIAN_POINT('Ctrl Pts',(8.80243641101918,-27.3191912465023,-6.53302695807432));
#5309=CARTESIAN_POINT('Ctrl Pts',(8.05798076909413,-27.4314133623673,-6.43353717981871));
#5310=CARTESIAN_POINT('Ctrl Pts',(7.25565061143066,-27.5028226342916,-6.35898286789908));
#5311=CARTESIAN_POINT('Ctrl Pts',(6.51769785027313,-27.5220789479619,-6.32627500906518));
#5312=CARTESIAN_POINT('Ctrl Pts',(6.09109108975105,-27.509913745463,-6.32664524268042));
#5313=CARTESIAN_POINT('Ctrl Pts',(5.8670190265955,-27.505745336559,-6.3240259816643));
#5314=CARTESIAN_POINT('Ctrl Pts',(9.22100235382267,-26.5283165882993,-6.35491646145237));
#5315=CARTESIAN_POINT('Ctrl Pts',(9.08397796558527,-26.605773499987,-6.34168269955987));
#5316=CARTESIAN_POINT('Ctrl Pts',(8.79579153781087,-26.7506914137172,-6.31646987964827));
#5317=CARTESIAN_POINT('Ctrl Pts',(8.31452187357307,-26.9383341739028,-6.28120371099564));
#5318=CARTESIAN_POINT('Ctrl Pts',(7.79499715959506,-27.0930986134077,-6.25050976269627));
#5319=CARTESIAN_POINT('Ctrl Pts',(7.27422116049769,-27.2007508318128,-6.22947685032513));
#5320=CARTESIAN_POINT('Ctrl Pts',(6.77706735189078,-27.261857281232,-6.22242900177326));
#5321=CARTESIAN_POINT('Ctrl Pts',(6.32766554400021,-27.2766155129514,-6.22655374582629));
#5322=CARTESIAN_POINT('Ctrl Pts',(6.02023113947543,-27.2665908189015,-6.22407228743319));
#5323=CARTESIAN_POINT('Ctrl Pts',(5.86701902659555,-27.2617912114725,-6.22297687445661));
#5324=CARTESIAN_POINT('Ctrl Pts',(8.36095061358862,-26.2336363377337,-6.19999999999929));
#5325=CARTESIAN_POINT('Ctrl Pts',(8.26136475847579,-26.326296163218,-6.19999999999929));
#5326=CARTESIAN_POINT('Ctrl Pts',(8.0540036762732,-26.4981254322283,-6.19999999999929));
#5327=CARTESIAN_POINT('Ctrl Pts',(7.71253753288358,-26.7154197424631,-6.19999999999929));
#5328=CARTESIAN_POINT('Ctrl Pts',(7.34879992993779,-26.8875374453653,-6.19999999999929));
#5329=CARTESIAN_POINT('Ctrl Pts',(6.97737407911845,-27.0041954104968,-6.19999999999929));
#5330=CARTESIAN_POINT('Ctrl Pts',(6.59865497249138,-27.0716505707165,-6.19999999999929));
#5331=CARTESIAN_POINT('Ctrl Pts',(6.22925256378203,-27.0932671766018,-6.19999999999929));
#5332=CARTESIAN_POINT('Ctrl Pts',(5.98698542721346,-27.0893442355181,-6.19999999999929));
#5333=CARTESIAN_POINT('Ctrl Pts',(5.86701902659551,-27.0872664625991,-6.19999999999929));
#5334=CARTESIAN_POINT('Ctrl Pts',(7.98781771789476,-26.0911234018811,-6.19999999999929));
#5335=CARTESIAN_POINT('Ctrl Pts',(7.9079284787671,-26.1912707370906,-6.19999999999929));
#5336=CARTESIAN_POINT('Ctrl Pts',(7.73841519182167,-26.3758812548188,-6.19999999999929));
#5337=CARTESIAN_POINT('Ctrl Pts',(7.45156683342039,-26.6063165336631,-6.19999999999929));
#5338=CARTESIAN_POINT('Ctrl Pts',(7.14428453566271,-26.7848426391239,-6.19999999999929));
#5339=CARTESIAN_POINT('Ctrl Pts',(6.82813220259359,-26.9043681729855,-6.19999999999929));
#5340=CARTESIAN_POINT('Ctrl Pts',(6.50309132585836,-26.9738808876664,-6.19999999999929));
#5341=CARTESIAN_POINT('Ctrl Pts',(6.18227735368029,-26.9995453439078,-6.19999999999929));
#5342=CARTESIAN_POINT('Ctrl Pts',(5.97116914327979,-26.9999999999994,-6.19999999999929));
#5343=CARTESIAN_POINT('Ctrl Pts',(5.86701902659551,-26.9999999999994,-6.19999999999929));
#5344=CARTESIAN_POINT('',(7.98781771789476,-26.0911234018811,-6.19999999999929));
#5345=CARTESIAN_POINT('Ctrl Pts',(11.0944149512599,-27.0475227954432,-7.66440076562103));
#5346=CARTESIAN_POINT('Ctrl Pts',(10.8814260733642,-26.9826085179594,-7.37435628810519));
#5347=CARTESIAN_POINT('Ctrl Pts',(10.4100954688691,-26.8409444794589,-6.90549938368363));
#5348=CARTESIAN_POINT('Ctrl Pts',(9.22100235382267,-26.5283165882993,-6.35491646145237));
#5349=CARTESIAN_POINT('Ctrl Pts',(8.36095061358862,-26.2336363377337,-6.19999999999929));
#5350=CARTESIAN_POINT('Ctrl Pts',(7.98781771789476,-26.0911234018811,-6.19999999999929));
#5351=CARTESIAN_POINT('',(5.86701902659551,-26.9999999999994,-6.19999999999929));
#5352=CARTESIAN_POINT('Ctrl Pts',(7.98781771789475,-26.0911234018811,-6.19999999999929));
#5353=CARTESIAN_POINT('Ctrl Pts',(7.96293104063688,-26.1223207751045,-6.19999999999929));
#5354=CARTESIAN_POINT('Ctrl Pts',(7.93753444133065,-26.1528103440272,-6.19999999999929));
#5355=CARTESIAN_POINT('Ctrl Pts',(7.91165815423405,-26.1825267326137,-6.19999999999929));
#5356=CARTESIAN_POINT('Ctrl Pts',(7.88788173527841,-26.2098316277187,-6.19999999999929));
#5357=CARTESIAN_POINT('Ctrl Pts',(7.86370054725649,-26.2364833572381,-6.19999999999929));
#5358=CARTESIAN_POINT('Ctrl Pts',(7.83911427358383,-26.2624672888467,-6.19999999999929));
#5359=CARTESIAN_POINT('Ctrl Pts',(7.80829776809898,-26.2950356227714,-6.19999999999929));
#5360=CARTESIAN_POINT('Ctrl Pts',(7.77684156474438,-26.3265570256481,-6.19999999999929));
#5361=CARTESIAN_POINT('Ctrl Pts',(7.74470135302414,-26.3570804414452,-6.19999999999929));
#5362=CARTESIAN_POINT('Ctrl Pts',(7.71686595802474,-26.3835155919925,-6.19999999999929));
#5363=CARTESIAN_POINT('Ctrl Pts',(7.68851755594689,-26.409203034773,-6.19999999999929));
#5364=CARTESIAN_POINT('Ctrl Pts',(7.6596749149819,-26.4341416359453,-6.19999999999929));
#5365=CARTESIAN_POINT('Ctrl Pts',(7.62745234445197,-26.4620026711454,-6.19999999999929));
#5366=CARTESIAN_POINT('Ctrl Pts',(7.59461346124893,-26.4889286451123,-6.19999999999929));
#5367=CARTESIAN_POINT('Ctrl Pts',(7.56123674928282,-26.5148790489286,-6.19999999999929));
#5368=CARTESIAN_POINT('Ctrl Pts',(7.51388672435691,-26.5516937078677,-6.19999999999929));
#5369=CARTESIAN_POINT('Ctrl Pts',(7.46545581173099,-26.5865436453079,-6.19999999999929));
#5370=CARTESIAN_POINT('Ctrl Pts',(7.41626129299837,-26.6192453224459,-6.19999999999929));
#5371=CARTESIAN_POINT('Ctrl Pts',(7.3784865591481,-26.6443557856067,-6.19999999999929));
#5372=CARTESIAN_POINT('Ctrl Pts',(7.34026530295484,-26.6681968494696,-6.19999999999929));
#5373=CARTESIAN_POINT('Ctrl Pts',(7.30173499823117,-26.6906914557465,-6.19999999999929));
#5374=CARTESIAN_POINT('Ctrl Pts',(7.26888751223081,-26.7098683418382,-6.19999999999929));
#5375=CARTESIAN_POINT('Ctrl Pts',(7.23581616722143,-26.7280661080008,-6.19999999999929));
#5376=CARTESIAN_POINT('Ctrl Pts',(7.20257930346722,-26.7452580578789,-6.19999999999929));
#5377=CARTESIAN_POINT('Ctrl Pts',(7.17203608405074,-26.7610567054651,-6.19999999999929));
#5378=CARTESIAN_POINT('Ctrl Pts',(7.1413535025044,-26.7760056525199,-6.19999999999929));
#5379=CARTESIAN_POINT('Ctrl Pts',(7.110544811915,-26.7901089539652,-6.19999999999929));
#5380=CARTESIAN_POINT('Ctrl Pts',(7.0809606045379,-26.8036517234461,-6.19999999999929));
#5381=CARTESIAN_POINT('Ctrl Pts',(7.05126053446152,-26.816414414277,-6.19999999999929));
#5382=CARTESIAN_POINT('Ctrl Pts',(7.02141944168288,-26.8284290113574,-6.19999999999929));
#5383=CARTESIAN_POINT('Ctrl Pts',(6.99319381078582,-26.8397931924578,-6.19999999999929));
#5384=CARTESIAN_POINT('Ctrl Pts',(6.96483420429469,-26.8504918225014,-6.19999999999929));
#5385=CARTESIAN_POINT('Ctrl Pts',(6.93632352331844,-26.8605607185694,-6.19999999999929));
#5386=CARTESIAN_POINT('Ctrl Pts',(6.90416338250302,-26.8719184660631,-6.19999999999929));
#5387=CARTESIAN_POINT('Ctrl Pts',(6.87181179669226,-26.8824746426768,-6.19999999999929));
#5388=CARTESIAN_POINT('Ctrl Pts',(6.83931536291851,-26.892260147708,-6.19999999999929));
#5389=CARTESIAN_POINT('Ctrl Pts',(6.79194564064934,-26.9065243792486,-6.19999999999929));
#5390=CARTESIAN_POINT('Ctrl Pts',(6.74427166459697,-26.9191493172199,-6.19999999999929));
#5391=CARTESIAN_POINT('Ctrl Pts',(6.69656360497616,-26.9302005145975,-6.19999999999929));
#5392=CARTESIAN_POINT('Ctrl Pts',(6.66155805516977,-26.9383092753245,-6.19999999999929));
#5393=CARTESIAN_POINT('Ctrl Pts',(6.62653883604932,-26.9455695031682,-6.19999999999929));
#5394=CARTESIAN_POINT('Ctrl Pts',(6.5915921763137,-26.9520182316956,-6.19999999999929));
#5395=CARTESIAN_POINT('Ctrl Pts',(6.56101384904502,-26.9576608691571,-6.19999999999929));
#5396=CARTESIAN_POINT('Ctrl Pts',(6.53049221773663,-26.9626818855539,-6.19999999999929));
#5397=CARTESIAN_POINT('Ctrl Pts',(6.50003791623158,-26.9671238444602,-6.19999999999929));
#5398=CARTESIAN_POINT('Ctrl Pts',(6.46814172429657,-26.971776112509,-6.19999999999929));
#5399=CARTESIAN_POINT('Ctrl Pts',(6.43631981447403,-26.9757927259594,-6.19999999999929));
#5400=CARTESIAN_POINT('Ctrl Pts',(6.40450634657415,-26.9792517033054,-6.19999999999929));
#5401=CARTESIAN_POINT('Ctrl Pts',(6.37505531508788,-26.9824538204418,-6.19999999999929));
#5402=CARTESIAN_POINT('Ctrl Pts',(6.34560556822546,-26.9851794963148,-6.19999999999929));
#5403=CARTESIAN_POINT('Ctrl Pts',(6.31615035568113,-26.9874937878055,-6.19999999999929));
#5404=CARTESIAN_POINT('Ctrl Pts',(6.2809006636605,-26.9902633506518,-6.19999999999929));
#5405=CARTESIAN_POINT('Ctrl Pts',(6.24564482013839,-26.9924433073273,-6.19999999999929));
#5406=CARTESIAN_POINT('Ctrl Pts',(6.21045245673322,-26.9941460710592,-6.19999999999929));
#5407=CARTESIAN_POINT('Ctrl Pts',(6.17459155228087,-26.9958811817931,-6.19999999999929));
#5408=CARTESIAN_POINT('Ctrl Pts',(6.13880189895868,-26.9971201877394,-6.19999999999929));
#5409=CARTESIAN_POINT('Ctrl Pts',(6.10317436058537,-26.9979914175556,-6.19999999999929));
#5410=CARTESIAN_POINT('Ctrl Pts',(6.07388819379715,-26.9987075765403,-6.19999999999929));
#5411=CARTESIAN_POINT('Ctrl Pts',(6.04471328789159,-26.9991752514388,-6.19999999999929));
#5412=CARTESIAN_POINT('Ctrl Pts',(6.01566929906388,-26.9994747764461,-6.19999999999929));
#5413=CARTESIAN_POINT('Ctrl Pts',(5.99026325328858,-26.9997367840544,-6.19999999999929));
#5414=CARTESIAN_POINT('Ctrl Pts',(5.96495779695983,-26.9998701602058,-6.19999999999929));
#5415=CARTESIAN_POINT('Ctrl Pts',(5.93972852777988,-26.9999359678421,-6.19999999999929));
#5416=CARTESIAN_POINT('Ctrl Pts',(5.91544308438502,-26.9999993136178,-6.19999999999929));
#5417=CARTESIAN_POINT('Ctrl Pts',(5.89122887516116,-26.9999999999994,-6.19999999999929));
#5418=CARTESIAN_POINT('Ctrl Pts',(5.86701902659551,-26.9999999999994,-6.19999999999929));
#5419=CARTESIAN_POINT('Origin',(5.86701902659551,-26.9999999999994,-7.19999999999929));
#5420=CARTESIAN_POINT('Ctrl Pts',(11.0944149512599,-27.0475227954432,-7.66440076562103));
#5421=CARTESIAN_POINT('Ctrl Pts',(10.8814260733642,-26.9826085179594,-7.37435628810519));
#5422=CARTESIAN_POINT('Ctrl Pts',(10.4100954688691,-26.8409444794589,-6.90549938368363));
#5423=CARTESIAN_POINT('Ctrl Pts',(9.22100235382267,-26.5283165882993,-6.35491646145237));
#5424=CARTESIAN_POINT('Ctrl Pts',(8.36095061358862,-26.2336363377337,-6.19999999999929));
#5425=CARTESIAN_POINT('Ctrl Pts',(7.98781771789476,-26.0911234018811,-6.19999999999929));
#5426=CARTESIAN_POINT('Ctrl Pts',(11.1445805634905,-26.9500684618761,-7.6361159491618));
#5427=CARTESIAN_POINT('Ctrl Pts',(10.935063816319,-26.8849377090994,-7.35726582845534));
#5428=CARTESIAN_POINT('Ctrl Pts',(10.4684763920961,-26.7409291930734,-6.89722706348871));
#5429=CARTESIAN_POINT('Ctrl Pts',(9.29572730138484,-26.4128951942799,-6.34998374589496));
#5430=CARTESIAN_POINT('Ctrl Pts',(8.45640450590394,-26.1176158226768,-6.19999999999929));
#5431=CARTESIAN_POINT('Ctrl Pts',(8.08102183021038,-25.9742848441367,-6.19999999999929));
#5432=CARTESIAN_POINT('Ctrl Pts',(11.2373052504978,-26.7350589679042,-7.58312621815781));
#5433=CARTESIAN_POINT('Ctrl Pts',(11.033045043314,-26.6685563312735,-7.32234320314951));
#5434=CARTESIAN_POINT('Ctrl Pts',(10.5716270154731,-26.5175124089897,-6.87684685560997));
#5435=CARTESIAN_POINT('Ctrl Pts',(9.4308345831896,-26.1563658075331,-6.33841095340452));
#5436=CARTESIAN_POINT('Ctrl Pts',(8.63324908266948,-25.8639896509153,-6.19999999999929));
#5437=CARTESIAN_POINT('Ctrl Pts',(8.25343811994509,-25.720372693505,-6.19999999999929));
#5438=CARTESIAN_POINT('Ctrl Pts',(11.3535394346569,-26.3328022053716,-7.51328058481803));
#5439=CARTESIAN_POINT('Ctrl Pts',(11.1512153414982,-26.2626089152775,-7.26915769672684));
#5440=CARTESIAN_POINT('Ctrl Pts',(10.6836036391051,-26.0960168250049,-6.8359135879499));
#5441=CARTESIAN_POINT('Ctrl Pts',(9.58967108351633,-25.7085158415374,-6.32167194901703));
#5442=CARTESIAN_POINT('Ctrl Pts',(8.83806171088939,-25.4481803533711,-6.19999999999929));
#5443=CARTESIAN_POINT('Ctrl Pts',(8.44986099098027,-25.3142701325503,-6.19999999999929));
#5444=CARTESIAN_POINT('Ctrl Pts',(11.4465897908811,-25.8108487805865,-7.45276926329268));
#5445=CARTESIAN_POINT('Ctrl Pts',(11.2400270933404,-25.7367271963065,-7.21679565518162));
#5446=CARTESIAN_POINT('Ctrl Pts',(10.7543228241399,-25.555138583543,-6.78928506926083));
#5447=CARTESIAN_POINT('Ctrl Pts',(9.71324028674949,-25.1937652402117,-6.31215072108866));
#5448=CARTESIAN_POINT('Ctrl Pts',(8.98343154368882,-24.9897201801103,-6.19999999999929));
#5449=CARTESIAN_POINT('Ctrl Pts',(8.58924496892082,-24.8773862553115,-6.19999999999929));
#5450=CARTESIAN_POINT('Ctrl Pts',(11.514018392776,-25.1283616776946,-7.40279709907532));
#5451=CARTESIAN_POINT('Ctrl Pts',(11.2969904429436,-25.0624718866931,-7.16991462811328));
#5452=CARTESIAN_POINT('Ctrl Pts',(10.7879612635668,-24.9059593264868,-6.75022646001923));
#5453=CARTESIAN_POINT('Ctrl Pts',(9.79510884909093,-24.6679974860859,-6.31152817746205));
#5454=CARTESIAN_POINT('Ctrl Pts',(9.06173357329135,-24.5345646477725,-6.19999999999929));
#5455=CARTESIAN_POINT('Ctrl Pts',(8.66879987146927,-24.4561003759011,-6.19999999999929));
#5456=CARTESIAN_POINT('Ctrl Pts',(11.5362055481193,-24.3471545584634,-7.374975190397));
#5457=CARTESIAN_POINT('Ctrl Pts',(11.3069586776161,-24.3181137703364,-7.14344488420009));
#5458=CARTESIAN_POINT('Ctrl Pts',(10.7780217358496,-24.2498229432465,-6.72924513465592));
#5459=CARTESIAN_POINT('Ctrl Pts',(9.81077246909611,-24.1602391256909,-6.3071700443946));
#5460=CARTESIAN_POINT('Ctrl Pts',(9.07641452860251,-24.0802975411494,-6.19999999999929));
#5461=CARTESIAN_POINT('Ctrl Pts',(8.6992178935157,-24.039282242183,-6.19999999999929));
#5462=CARTESIAN_POINT('Ctrl Pts',(11.5284271247406,-23.8983652976186,-7.3715728752531));
#5463=CARTESIAN_POINT('Ctrl Pts',(11.2884565956735,-23.8885851608996,-7.1316023461859));
#5464=CARTESIAN_POINT('Ctrl Pts',(10.7424339211183,-23.8672913474392,-6.70832714473455));
#5465=CARTESIAN_POINT('Ctrl Pts',(9.7695630138889,-23.8300810916688,-6.29701942505257));
#5466=CARTESIAN_POINT('Ctrl Pts',(9.05876212401563,-23.8023059077705,-6.19999999999929));
#5467=CARTESIAN_POINT('Ctrl Pts',(8.69999999999459,-23.7885274960677,-6.19999999999929));
#5468=CARTESIAN_POINT('Ctrl Pts',(11.5284271247409,-23.6670190266058,-7.3715728752531));
#5469=CARTESIAN_POINT('Ctrl Pts',(11.2816002948432,-23.6670190266056,-7.12474604535541));
#5470=CARTESIAN_POINT('Ctrl Pts',(10.7229813462332,-23.6670190266049,-6.6961039266593));
#5471=CARTESIAN_POINT('Ctrl Pts',(9.74716484588718,-23.6670190266039,-6.29190749782853));
#5472=CARTESIAN_POINT('Ctrl Pts',(9.04906585039359,-23.6670190266031,-6.19999999999929));
#5473=CARTESIAN_POINT('Ctrl Pts',(8.69999999999473,-23.6670190266027,-6.19999999999929));
#5474=CARTESIAN_POINT('',(11.5284271247409,-23.6670190266058,-7.3715728752531));
#5475=CARTESIAN_POINT('Ctrl Pts',(11.0944149512599,-27.0475227954432,-7.66440076562103));
#5476=CARTESIAN_POINT('Ctrl Pts',(11.1445805634905,-26.9500684618761,-7.6361159491618));
#5477=CARTESIAN_POINT('Ctrl Pts',(11.2373052504978,-26.7350589679042,-7.58312621815781));
#5478=CARTESIAN_POINT('Ctrl Pts',(11.3535394346569,-26.3328022053716,-7.51328058481803));
#5479=CARTESIAN_POINT('Ctrl Pts',(11.4465897908811,-25.8108487805865,-7.45276926329268));
#5480=CARTESIAN_POINT('Ctrl Pts',(11.514018392776,-25.1283616776946,-7.40279709907532));
#5481=CARTESIAN_POINT('Ctrl Pts',(11.5362055481193,-24.3471545584634,-7.374975190397));
#5482=CARTESIAN_POINT('Ctrl Pts',(11.5284271247406,-23.8983652976186,-7.3715728752531));
#5483=CARTESIAN_POINT('Ctrl Pts',(11.5284271247409,-23.6670190266058,-7.3715728752531));
#5484=CARTESIAN_POINT('',(8.69999999999471,-23.6670190266027,-6.19999999999929));
#5485=CARTESIAN_POINT('Origin',(8.69999999999471,-23.6670190266027,-10.1999999999993));
#5486=CARTESIAN_POINT('Ctrl Pts',(8.69999999999471,-23.6670190266027,-6.19999999999929));
#5487=CARTESIAN_POINT('Ctrl Pts',(8.69999999999468,-23.6898018646274,-6.19999999999929));
#5488=CARTESIAN_POINT('Ctrl Pts',(8.69999952692659,-23.7125897256683,-6.19999999999929));
#5489=CARTESIAN_POINT('Ctrl Pts',(8.69995725440376,-23.7355198081338,-6.19999999999929));
#5490=CARTESIAN_POINT('Ctrl Pts',(8.69991361596663,-23.7591908098791,-6.19999999999929));
#5491=CARTESIAN_POINT('Ctrl Pts',(8.69982545739574,-23.7830129972483,-6.19999999999929));
#5492=CARTESIAN_POINT('Ctrl Pts',(8.6996531611463,-23.8070762634842,-6.19999999999929));
#5493=CARTESIAN_POINT('Ctrl Pts',(8.69947079086382,-23.8325464909282,-6.19999999999929));
#5494=CARTESIAN_POINT('Ctrl Pts',(8.69919416942145,-23.8582864976316,-6.19999999999929));
#5495=CARTESIAN_POINT('Ctrl Pts',(8.69878250529393,-23.8843406236955,-6.19999999999929));
#5496=CARTESIAN_POINT('Ctrl Pts',(8.69833713309923,-23.9125281254237,-6.19999999999929));
#5497=CARTESIAN_POINT('Ctrl Pts',(8.69773371148657,-23.9410828403994,-6.19999999999929));
#5498=CARTESIAN_POINT('Ctrl Pts',(8.69692745711665,-23.9699957740353,-6.19999999999929));
#5499=CARTESIAN_POINT('Ctrl Pts',(8.69601134749806,-24.0028482057167,-6.19999999999929));
#5500=CARTESIAN_POINT('Ctrl Pts',(8.69483337414291,-24.036162305787,-6.19999999999929));
#5501=CARTESIAN_POINT('Ctrl Pts',(8.69333632754497,-24.0698530635499,-6.19999999999929));
#5502=CARTESIAN_POINT('Ctrl Pts',(8.69121251057558,-24.117649173001,-6.19999999999929));
#5503=CARTESIAN_POINT('Ctrl Pts',(8.68844634001216,-24.1661991441422,-6.19999999999929));
#5504=CARTESIAN_POINT('Ctrl Pts',(8.68489356748731,-24.215149540456,-6.19999999999929));
#5505=CARTESIAN_POINT('Ctrl Pts',(8.68227624899671,-24.2512111730256,-6.19999999999929));
#5506=CARTESIAN_POINT('Ctrl Pts',(8.67923260618409,-24.2874859260465,-6.19999999999929));
#5507=CARTESIAN_POINT('Ctrl Pts',(8.67570741375068,-24.3238549752581,-6.19999999999929));
#5508=CARTESIAN_POINT('Ctrl Pts',(8.67272222434691,-24.3546528685313,-6.19999999999929));
#5509=CARTESIAN_POINT('Ctrl Pts',(8.66939183093798,-24.3855177043839,-6.19999999999929));
#5510=CARTESIAN_POINT('Ctrl Pts',(8.66568148123293,-24.4164182175036,-6.19999999999929));
#5511=CARTESIAN_POINT('Ctrl Pts',(8.66229244149129,-24.44464279883,-6.19999999999929));
#5512=CARTESIAN_POINT('Ctrl Pts',(8.65858645457332,-24.4728967634828,-6.19999999999929));
#5513=CARTESIAN_POINT('Ctrl Pts',(8.65453491740632,-24.5012001875048,-6.19999999999929));
#5514=CARTESIAN_POINT('Ctrl Pts',(8.64969232097273,-24.5350298315578,-6.19999999999929));
#5515=CARTESIAN_POINT('Ctrl Pts',(8.64435468913641,-24.5689369751549,-6.19999999999929));
#5516=CARTESIAN_POINT('Ctrl Pts',(8.63847395180468,-24.6030163756774,-6.19999999999929));
#5517=CARTESIAN_POINT('Ctrl Pts',(8.63288153175785,-24.6354249516628,-6.19999999999929));
#5518=CARTESIAN_POINT('Ctrl Pts',(8.62679816877213,-24.6679892298111,-6.19999999999929));
#5519=CARTESIAN_POINT('Ctrl Pts',(8.62020019265822,-24.7007288470741,-6.19999999999929));
#5520=CARTESIAN_POINT('Ctrl Pts',(8.61304597926159,-24.7362285524959,-6.19999999999929));
#5521=CARTESIAN_POINT('Ctrl Pts',(8.60528685261746,-24.7719339463182,-6.19999999999929));
#5522=CARTESIAN_POINT('Ctrl Pts',(8.59691085702172,-24.8078040817194,-6.19999999999929));
#5523=CARTESIAN_POINT('Ctrl Pts',(8.58733535495552,-24.8488110941662,-6.19999999999929));
#5524=CARTESIAN_POINT('Ctrl Pts',(8.57695388170931,-24.8900325655508,-6.19999999999929));
#5525=CARTESIAN_POINT('Ctrl Pts',(8.56576895333557,-24.9313336890898,-6.19999999999929));
#5526=CARTESIAN_POINT('Ctrl Pts',(8.55124204071993,-24.984975321162,-6.19999999999929));
#5527=CARTESIAN_POINT('Ctrl Pts',(8.5353609574092,-25.0387470802865,-6.19999999999929));
#5528=CARTESIAN_POINT('Ctrl Pts',(8.51815436269021,-25.09227079546,-6.19999999999929));
#5529=CARTESIAN_POINT('Ctrl Pts',(8.50440021889852,-25.1350551398805,-6.19999999999929));
#5530=CARTESIAN_POINT('Ctrl Pts',(8.48980025164814,-25.1776769032455,-6.19999999999929));
#5531=CARTESIAN_POINT('Ctrl Pts',(8.47436347870351,-25.2199641047218,-6.19999999999929));
#5532=CARTESIAN_POINT('Ctrl Pts',(8.46134400528653,-25.255629401962,-6.19999999999929));
#5533=CARTESIAN_POINT('Ctrl Pts',(8.44772947881603,-25.291056013098,-6.19999999999929));
#5534=CARTESIAN_POINT('Ctrl Pts',(8.43351436754516,-25.3261809269274,-6.19999999999929));
#5535=CARTESIAN_POINT('Ctrl Pts',(8.42052572414877,-25.3582752926602,-6.19999999999929));
#5536=CARTESIAN_POINT('Ctrl Pts',(8.40703577277562,-25.3901173728272,-6.19999999999929));
#5537=CARTESIAN_POINT('Ctrl Pts',(8.3930283698487,-25.4217027208057,-6.19999999999929));
#5538=CARTESIAN_POINT('Ctrl Pts',(8.37728482010629,-25.4572029130701,-6.19999999999929));
#5539=CARTESIAN_POINT('Ctrl Pts',(8.36088536551268,-25.4923832849745,-6.19999999999929));
#5540=CARTESIAN_POINT('Ctrl Pts',(8.3437955321519,-25.5272940254887,-6.19999999999929));
#5541=CARTESIAN_POINT('Ctrl Pts',(8.32722562467345,-25.5611426726998,-6.19999999999929));
#5542=CARTESIAN_POINT('Ctrl Pts',(8.31000663327405,-25.5947386146676,-6.19999999999929));
#5543=CARTESIAN_POINT('Ctrl Pts',(8.29213809011167,-25.6280787841058,-6.19999999999929));
#5544=CARTESIAN_POINT('Ctrl Pts',(8.27285698092931,-25.6640546015664,-6.19999999999929));
#5545=CARTESIAN_POINT('Ctrl Pts',(8.25281989661082,-25.6997321055044,-6.19999999999929));
#5546=CARTESIAN_POINT('Ctrl Pts',(8.23205832857901,-25.7350541504934,-6.19999999999929));
#5547=CARTESIAN_POINT('Ctrl Pts',(8.20760906572516,-25.7766501398305,-6.19999999999929));
#5548=CARTESIAN_POINT('Ctrl Pts',(8.18215562134112,-25.8177524514456,-6.19999999999929));
#5549=CARTESIAN_POINT('Ctrl Pts',(8.15578630016615,-25.8582048997329,-6.19999999999929));
#5550=CARTESIAN_POINT('Ctrl Pts',(8.12324946166675,-25.9081187662333,-6.19999999999929));
#5551=CARTESIAN_POINT('Ctrl Pts',(8.08932134679181,-25.9570385524109,-6.19999999999929));
#5552=CARTESIAN_POINT('Ctrl Pts',(8.05419220801641,-26.0046224900948,-6.19999999999929));
#5553=CARTESIAN_POINT('Ctrl Pts',(8.03251204954551,-26.0339892023349,-6.19999999999929));
#5554=CARTESIAN_POINT('Ctrl Pts',(8.01037474711349,-26.0628464225136,-6.19999999999929));
#5555=CARTESIAN_POINT('Ctrl Pts',(7.98781771789475,-26.0911234018811,-6.19999999999929));
#5556=CARTESIAN_POINT('Ctrl Pts',(11.0944149512599,-27.0475227954432,-7.66440076562103));
#5557=CARTESIAN_POINT('Ctrl Pts',(11.1445805634905,-26.9500684618761,-7.6361159491618));
#5558=CARTESIAN_POINT('Ctrl Pts',(11.2373052504978,-26.7350589679042,-7.58312621815781));
#5559=CARTESIAN_POINT('Ctrl Pts',(11.3535394346569,-26.3328022053716,-7.51328058481803));
#5560=CARTESIAN_POINT('Ctrl Pts',(11.4465897908811,-25.8108487805865,-7.45276926329268));
#5561=CARTESIAN_POINT('Ctrl Pts',(11.514018392776,-25.1283616776946,-7.40279709907532));
#5562=CARTESIAN_POINT('Ctrl Pts',(11.5362055481193,-24.3471545584634,-7.374975190397));
#5563=CARTESIAN_POINT('Ctrl Pts',(11.5284271247406,-23.8983652976186,-7.3715728752531));
#5564=CARTESIAN_POINT('Ctrl Pts',(11.5284271247409,-23.6670190266058,-7.3715728752531));
#5565=CARTESIAN_POINT('Ctrl Pts',(11.4077350536168,-26.9175284057928,-7.89787561021841));
#5566=CARTESIAN_POINT('Ctrl Pts',(11.4436217532819,-26.817729420938,-7.86393822667489));
#5567=CARTESIAN_POINT('Ctrl Pts',(11.5119357782605,-26.5994516574554,-7.8028545556889));
#5568=CARTESIAN_POINT('Ctrl Pts',(11.6012467006523,-26.1975418417623,-7.72877182829959));
#5569=CARTESIAN_POINT('Ctrl Pts',(11.6796915439864,-25.6785385296467,-7.67047814158243));
#5570=CARTESIAN_POINT('Ctrl Pts',(11.7399690658235,-25.0219772771705,-7.62723069579423));
#5571=CARTESIAN_POINT('Ctrl Pts',(11.7637783370033,-24.2967334485709,-7.60595027936984));
#5572=CARTESIAN_POINT('Ctrl Pts',(11.7683976538079,-23.882440293114,-7.61154340432029));
#5573=CARTESIAN_POINT('Ctrl Pts',(11.7752539546386,-23.6670190266061,-7.61839970515078));
#5574=CARTESIAN_POINT('Ctrl Pts',(11.9172488108314,-26.6363348371037,-8.40716225496604));
#5575=CARTESIAN_POINT('Ctrl Pts',(11.9369747280956,-26.5345201785287,-8.36675807659465));
#5576=CARTESIAN_POINT('Ctrl Pts',(11.9763144053807,-26.313608759928,-8.29864395207364));
#5577=CARTESIAN_POINT('Ctrl Pts',(12.0391443965199,-25.902205342089,-8.22862311707922));
#5578=CARTESIAN_POINT('Ctrl Pts',(12.1014906936129,-25.393303479659,-8.18364422109632));
#5579=CARTESIAN_POINT('Ctrl Pts',(12.1501082876821,-24.7924996792355,-8.15259501225149));
#5580=CARTESIAN_POINT('Ctrl Pts',(12.1736852830775,-24.1930679184414,-8.13797534692179));
#5581=CARTESIAN_POINT('Ctrl Pts',(12.1916728552592,-23.8507443160106,-8.15756607887544));
#5582=CARTESIAN_POINT('Ctrl Pts',(12.2038960733347,-23.6670190266066,-8.17701865376079));
#5583=CARTESIAN_POINT('Ctrl Pts',(12.5181517561724,-25.9691914822051,-9.67506870971061));
#5584=CARTESIAN_POINT('Ctrl Pts',(12.5263085006985,-25.8670634694788,-9.61800033477988));
#5585=CARTESIAN_POINT('Ctrl Pts',(12.5437752953421,-25.6489961165707,-9.51558786496124));
#5586=CARTESIAN_POINT('Ctrl Pts',(12.5680350211423,-25.279422240856,-9.38279293806192));
#5587=CARTESIAN_POINT('Ctrl Pts',(12.5841226489259,-24.8753511181178,-9.26110944552432));
#5588=CARTESIAN_POINT('Ctrl Pts',(12.5889478713084,-24.4649896510831,-9.15730799526644));
#5589=CARTESIAN_POINT('Ctrl Pts',(12.5928831005385,-24.0780970956804,-9.10543815679621));
#5590=CARTESIAN_POINT('Ctrl Pts',(12.6029805749413,-23.8063272148464,-9.1304369861049));
#5591=CARTESIAN_POINT('Ctrl Pts',(12.6080925021655,-23.667019026607,-9.1528351541068));
#5592=CARTESIAN_POINT('Ctrl Pts',(12.6999999999927,-25.5136596007858,-10.5247080346629));
#5593=CARTESIAN_POINT('Ctrl Pts',(12.6999999999928,-25.4319005414951,-10.4480978807912));
#5594=CARTESIAN_POINT('Ctrl Pts',(12.699999999993,-25.2594637343612,-10.305209057829));
#5595=CARTESIAN_POINT('Ctrl Pts',(12.6999999999933,-24.9747165971579,-10.1241937610471));
#5596=CARTESIAN_POINT('Ctrl Pts',(12.6999999999936,-24.6670439318546,-9.98123893305375));
#5597=CARTESIAN_POINT('Ctrl Pts',(12.699999999994,-24.3424653951403,-9.8835364652254));
#5598=CARTESIAN_POINT('Ctrl Pts',(12.6999999999943,-24.0080390487858,-9.83750067115885));
#5599=CARTESIAN_POINT('Ctrl Pts',(12.6999999999946,-23.7811880491762,-9.84123787597823));
#5600=CARTESIAN_POINT('Ctrl Pts',(12.6999999999947,-23.6670190266071,-9.85093414960042));
#5601=CARTESIAN_POINT('Ctrl Pts',(12.6999999999929,-25.3166856932735,-10.8833143067273));
#5602=CARTESIAN_POINT('Ctrl Pts',(12.699999999993,-25.2447054060392,-10.811334019493));
#5603=CARTESIAN_POINT('Ctrl Pts',(12.6999999999932,-25.0913095795482,-10.6768095117038));
#5604=CARTESIAN_POINT('Ctrl Pts',(12.6999999999934,-24.8368455094475,-10.5067820316895));
#5605=CARTESIAN_POINT('Ctrl Pts',(12.6999999999937,-24.5623654624875,-10.3714234648688));
#5606=CARTESIAN_POINT('Ctrl Pts',(12.6999999999941,-24.2725657994911,-10.2730497228536));
#5607=CARTESIAN_POINT('Ctrl Pts',(12.6999999999944,-23.9724049458484,-10.2133440374232));
#5608=CARTESIAN_POINT('Ctrl Pts',(12.6999999999946,-23.7688145250374,-10.1999999999993));
#5609=CARTESIAN_POINT('Ctrl Pts',(12.6999999999947,-23.6670190266071,-10.1999999999993));
#5610=CARTESIAN_POINT('',(12.6999999999929,-25.3166856932735,-10.8833143067273));
#5611=CARTESIAN_POINT('Ctrl Pts',(11.0944149512599,-27.0475227954432,-7.66440076562103));
#5612=CARTESIAN_POINT('Ctrl Pts',(11.4077350536168,-26.9175284057928,-7.89787561021841));
#5613=CARTESIAN_POINT('Ctrl Pts',(11.9172488108314,-26.6363348371037,-8.40716225496604));
#5614=CARTESIAN_POINT('Ctrl Pts',(12.5181517561724,-25.9691914822051,-9.67506870971061));
#5615=CARTESIAN_POINT('Ctrl Pts',(12.6999999999927,-25.5136596007858,-10.5247080346629));
#5616=CARTESIAN_POINT('Ctrl Pts',(12.6999999999929,-25.3166856932735,-10.8833143067273));
#5617=CARTESIAN_POINT('',(12.6999999999947,-23.6670190266071,-10.1999999999993));
#5618=CARTESIAN_POINT('Origin',(12.6999999999947,-23.6670190266071,-12.5329809733937));
#5619=CARTESIAN_POINT('Origin',(8.69999999999471,-23.6670190266027,-10.1999999999993));
#5620=CARTESIAN_POINT('Ctrl Pts',(-20.3950130807723,27.0472487826096,-7.66464086408813));
#5621=CARTESIAN_POINT('Ctrl Pts',(-20.7080815143949,26.9176612641127,-7.89770243974742));
#5622=CARTESIAN_POINT('Ctrl Pts',(-21.2166296137764,26.6366446982633,-8.40766810530895));
#5623=CARTESIAN_POINT('Ctrl Pts',(-21.8183922206784,25.9690936965041,-9.67485386706723));
#5624=CARTESIAN_POINT('Ctrl Pts',(-22.000000000001,25.5136596007835,-10.524708034663));
#5625=CARTESIAN_POINT('Ctrl Pts',(-22.000000000001,25.3166856932712,-10.8833143067275));
#5626=CARTESIAN_POINT('Ctrl Pts',(-20.4326248585448,26.9742957777373,-7.64341425603297));
#5627=CARTESIAN_POINT('Ctrl Pts',(-20.7347714939669,26.8431887100816,-7.87227314095363));
#5628=CARTESIAN_POINT('Ctrl Pts',(-21.2315814460069,26.559808919344,-8.37727566767226));
#5629=CARTESIAN_POINT('Ctrl Pts',(-21.8244644317678,25.8927053333589,-9.63209721659972));
#5630=CARTESIAN_POINT('Ctrl Pts',(-22.000000000001,25.4523403063155,-10.4672504192592));
#5631=CARTESIAN_POINT('Ctrl Pts',(-22.000000000001,25.2627004778455,-10.8293290913017));
#5632=CARTESIAN_POINT('Ctrl Pts',(-20.5031694164219,26.8175291693504,-7.60297876656979));
#5633=CARTESIAN_POINT('Ctrl Pts',(-20.7859598710608,26.6837762969411,-7.8252341941401));
#5634=CARTESIAN_POINT('Ctrl Pts',(-21.2617426849071,26.3960572797637,-8.32365140480282));
#5635=CARTESIAN_POINT('Ctrl Pts',(-21.8371200242594,25.7323043326953,-9.55319947952158));
#5636=CARTESIAN_POINT('Ctrl Pts',(-22.000000000001,25.3246977765167,-10.3581577728828));
#5637=CARTESIAN_POINT('Ctrl Pts',(-22.000000000001,25.1494258992166,-10.7266630014709));
#5638=CARTESIAN_POINT('Ctrl Pts',(-20.5963662277269,26.5395442449828,-7.54789301754603));
#5639=CARTESIAN_POINT('Ctrl Pts',(-20.8569695361659,26.4032452569998,-7.76488975977269));
#5640=CARTESIAN_POINT('Ctrl Pts',(-21.3079332669321,26.1118706439527,-8.26219780849689));
#5641=CARTESIAN_POINT('Ctrl Pts',(-21.8560530307161,25.4668803389741,-9.44846737701732));
#5642=CARTESIAN_POINT('Ctrl Pts',(-22.000000000001,25.1183996793558,-10.2128759656369));
#5643=CARTESIAN_POINT('Ctrl Pts',(-22.000000000001,24.9652375652203,-10.5900596186808));
#5644=CARTESIAN_POINT('Ctrl Pts',(-20.6774481704833,26.2051733670973,-7.49808695027491));
#5645=CARTESIAN_POINT('Ctrl Pts',(-20.9216907449274,26.0696099298386,-7.71385903649211));
#5646=CARTESIAN_POINT('Ctrl Pts',(-21.3547294767092,25.7786259285222,-8.21704825534697));
#5647=CARTESIAN_POINT('Ctrl Pts',(-21.8724105514382,25.1782848426351,-9.35224903496779));
#5648=CARTESIAN_POINT('Ctrl Pts',(-22.000000000001,24.8981680593183,-10.0875231481173));
#5649=CARTESIAN_POINT('Ctrl Pts',(-22.000000000001,24.7685466976451,-10.4721676514241));
#5650=CARTESIAN_POINT('Ctrl Pts',(-20.7453574492822,25.7985797684991,-7.45356676096549));
#5651=CARTESIAN_POINT('Ctrl Pts',(-20.9786161190268,25.6692894448052,-7.67151044325037));
#5652=CARTESIAN_POINT('Ctrl Pts',(-21.400088503707,25.3869322241019,-8.18453986794392));
#5653=CARTESIAN_POINT('Ctrl Pts',(-21.8833946684772,24.8744038094541,-9.26237329455532));
#5654=CARTESIAN_POINT('Ctrl Pts',(-22.000000000001,24.6658068255433,-9.98454023195682));
#5655=CARTESIAN_POINT('Ctrl Pts',(-22.000000000001,24.5612475114394,-10.3741224374455));
#5656=CARTESIAN_POINT('Ctrl Pts',(-20.7972917037786,25.3048834588222,-7.4153923926884));
#5657=CARTESIAN_POINT('Ctrl Pts',(-21.0249172555145,25.1905379366337,-7.63790529180508));
#5658=CARTESIAN_POINT('Ctrl Pts',(-21.4384376987055,24.9444360935282,-8.16035695398537));
#5659=CARTESIAN_POINT('Ctrl Pts',(-21.8881610823706,24.5681116348132,-9.18308182846841));
#5660=CARTESIAN_POINT('Ctrl Pts',(-22.000000000001,24.4239623582105,-9.90700188254336));
#5661=CARTESIAN_POINT('Ctrl Pts',(-22.000000000001,24.3453364154717,-10.2968682128122));
#5662=CARTESIAN_POINT('Ctrl Pts',(-20.8283344796363,24.7371621883635,-7.38706114836567));
#5663=CARTESIAN_POINT('Ctrl Pts',(-21.0545547972024,24.6573137412444,-7.61493766153437));
#5664=CARTESIAN_POINT('Ctrl Pts',(-21.463212826452,24.4888855683862,-8.14365502799251));
#5665=CARTESIAN_POINT('Ctrl Pts',(-21.8903914532001,24.2699158479031,-9.12751291739743));
#5666=CARTESIAN_POINT('Ctrl Pts',(-22.000000000001,24.1755982280932,-9.85772143682563));
#5667=CARTESIAN_POINT('Ctrl Pts',(-22.000000000001,24.1228927597173,-10.2411489760469));
#5668=CARTESIAN_POINT('Ctrl Pts',(-20.8328123187583,24.1750420872545,-7.37392612830671));
#5669=CARTESIAN_POINT('Ctrl Pts',(-21.0645010331379,24.1390789624543,-7.60767847966405));
#5670=CARTESIAN_POINT('Ctrl Pts',(-21.4793654984514,24.0647694015253,-8.14402428981915));
#5671=CARTESIAN_POINT('Ctrl Pts',(-21.8965726608041,23.9783680827597,-9.11280076731178));
#5672=CARTESIAN_POINT('Ctrl Pts',(-22.000000000001,23.9230742334164,-9.83793837435488));
#5673=CARTESIAN_POINT('Ctrl Pts',(-22.000000000001,23.8960587614291,-10.2075013343665));
#5674=CARTESIAN_POINT('Ctrl Pts',(-20.8284271247472,23.8405287298642,-7.37157287525313));
#5675=CARTESIAN_POINT('Ctrl Pts',(-21.070111729022,23.8285849764855,-7.61325747952795));
#5676=CARTESIAN_POINT('Ctrl Pts',(-21.4947286597845,23.8048129936576,-8.1624292225968));
#5677=CARTESIAN_POINT('Ctrl Pts',(-21.9042585567537,23.7715001677841,-9.13603652810542));
#5678=CARTESIAN_POINT('Ctrl Pts',(-22.000000000001,23.7526457935314,-9.84366194438381));
#5679=CARTESIAN_POINT('Ctrl Pts',(-22.000000000001,23.7433656504273,-10.1999999999993));
#5680=CARTESIAN_POINT('Ctrl Pts',(-20.8284271247472,23.6670190266046,-7.37157287525313));
#5681=CARTESIAN_POINT('Ctrl Pts',(-21.0752539546449,23.6670190266046,-7.61839970515082));
#5682=CARTESIAN_POINT('Ctrl Pts',(-21.503896073341,23.6670190266045,-8.17701865376081));
#5683=CARTESIAN_POINT('Ctrl Pts',(-21.9080925021717,23.6670190266046,-9.15283515410684));
#5684=CARTESIAN_POINT('Ctrl Pts',(-22.000000000001,23.6670190266046,-9.85093414960046));
#5685=CARTESIAN_POINT('Ctrl Pts',(-22.000000000001,23.6670190266046,-10.1999999999993));
#5686=CARTESIAN_POINT('',(-20.3950130807723,27.0472487826096,-7.66464086408813));
#5687=CARTESIAN_POINT('',(-20.8284271247472,23.6670190266046,-7.37157287525313));
#5688=CARTESIAN_POINT('Ctrl Pts',(-20.3950130807723,27.0472487826096,-7.66464086408813));
#5689=CARTESIAN_POINT('Ctrl Pts',(-20.4326248585448,26.9742957777373,-7.64341425603297));
#5690=CARTESIAN_POINT('Ctrl Pts',(-20.5031694164218,26.8175291693504,-7.60297876656979));
#5691=CARTESIAN_POINT('Ctrl Pts',(-20.5963662277269,26.5395442449828,-7.54789301754604));
#5692=CARTESIAN_POINT('Ctrl Pts',(-20.6774481704833,26.2051733670973,-7.49808695027492));
#5693=CARTESIAN_POINT('Ctrl Pts',(-20.7453574492822,25.7985797684991,-7.45356676096549));
#5694=CARTESIAN_POINT('Ctrl Pts',(-20.7972917037786,25.3048834588222,-7.4153923926884));
#5695=CARTESIAN_POINT('Ctrl Pts',(-20.8283344796363,24.7371621883634,-7.38706114836567));
#5696=CARTESIAN_POINT('Ctrl Pts',(-20.8328123187583,24.1750420872545,-7.37392612830671));
#5697=CARTESIAN_POINT('Ctrl Pts',(-20.8284271247472,23.8405287298641,-7.37157287525313));
#5698=CARTESIAN_POINT('Ctrl Pts',(-20.8284271247472,23.6670190266046,-7.37157287525313));
#5699=CARTESIAN_POINT('',(-22.000000000001,25.3166856932712,-10.8833143067275));
#5700=CARTESIAN_POINT('Ctrl Pts',(-20.3950130807723,27.0472487826096,-7.66464086408813));
#5701=CARTESIAN_POINT('Ctrl Pts',(-20.7080815143949,26.9176612641127,-7.89770243974742));
#5702=CARTESIAN_POINT('Ctrl Pts',(-21.2166296137764,26.6366446982633,-8.40766810530896));
#5703=CARTESIAN_POINT('Ctrl Pts',(-21.8183922206784,25.9690936965041,-9.67485386706723));
#5704=CARTESIAN_POINT('Ctrl Pts',(-22.000000000001,25.5136596007835,-10.524708034663));
#5705=CARTESIAN_POINT('Ctrl Pts',(-22.000000000001,25.3166856932712,-10.8833143067275));
#5706=CARTESIAN_POINT('',(-22.000000000001,23.6670190266046,-10.1999999999993));
#5707=CARTESIAN_POINT('Origin',(-22.000000000001,23.6670190266046,-12.5329809733941));
#5708=CARTESIAN_POINT('Origin',(-18.000000000001,23.6670190266046,-10.1999999999993));
#5709=CARTESIAN_POINT('Ctrl Pts',(-20.3950130807723,27.0472487826096,-7.66464086408813));
#5710=CARTESIAN_POINT('Ctrl Pts',(-20.4326248585448,26.9742957777373,-7.64341425603297));
#5711=CARTESIAN_POINT('Ctrl Pts',(-20.5031694164218,26.8175291693504,-7.60297876656979));
#5712=CARTESIAN_POINT('Ctrl Pts',(-20.5963662277269,26.5395442449828,-7.54789301754604));
#5713=CARTESIAN_POINT('Ctrl Pts',(-20.6774481704833,26.2051733670973,-7.49808695027492));
#5714=CARTESIAN_POINT('Ctrl Pts',(-20.7453574492822,25.7985797684991,-7.45356676096549));
#5715=CARTESIAN_POINT('Ctrl Pts',(-20.7972917037786,25.3048834588222,-7.4153923926884));
#5716=CARTESIAN_POINT('Ctrl Pts',(-20.8283344796363,24.7371621883634,-7.38706114836567));
#5717=CARTESIAN_POINT('Ctrl Pts',(-20.8328123187583,24.1750420872545,-7.37392612830671));
#5718=CARTESIAN_POINT('Ctrl Pts',(-20.8284271247472,23.8405287298641,-7.37157287525313));
#5719=CARTESIAN_POINT('Ctrl Pts',(-20.8284271247472,23.6670190266046,-7.37157287525313));
#5720=CARTESIAN_POINT('Ctrl Pts',(-20.1822427212096,26.9822949547802,-7.37497500028174));
#5721=CARTESIAN_POINT('Ctrl Pts',(-20.2224424699815,26.9092031063213,-7.36211053657734));
#5722=CARTESIAN_POINT('Ctrl Pts',(-20.2971476305185,26.7517264802341,-7.3359668310906));
#5723=CARTESIAN_POINT('Ctrl Pts',(-20.393438046124,26.4713183263371,-7.29614982162793));
#5724=CARTESIAN_POINT('Ctrl Pts',(-20.4742934085914,26.1337298517949,-7.25627919310642));
#5725=CARTESIAN_POINT('Ctrl Pts',(-20.5383964787575,25.7254529292204,-7.21732678142795));
#5726=CARTESIAN_POINT('Ctrl Pts',(-20.5831343402871,25.2365825574017,-7.18186054049857));
#5727=CARTESIAN_POINT('Ctrl Pts',(-20.6050158013711,24.6883359095878,-7.15504691035311));
#5728=CARTESIAN_POINT('Ctrl Pts',(-20.6000183524453,24.1544247890264,-7.13985158554163));
#5729=CARTESIAN_POINT('Ctrl Pts',(-20.5867425204724,23.8331936273251,-7.12988827097831));
#5730=CARTESIAN_POINT('Ctrl Pts',(-20.5816002948495,23.6670190266046,-7.12474604535544));
#5731=CARTESIAN_POINT('Ctrl Pts',(-19.7101820130899,26.8405507569088,-6.90503075554857));
#5732=CARTESIAN_POINT('Ctrl Pts',(-19.7539682574126,26.7657476793295,-6.89886602022845));
#5733=CARTESIAN_POINT('Ctrl Pts',(-19.8332838113856,26.6037680491495,-6.88439289908907));
#5734=CARTESIAN_POINT('Ctrl Pts',(-19.928939198951,26.3128098922733,-6.8566333454252));
#5735=CARTESIAN_POINT('Ctrl Pts',(-20.001969266933,25.9625735159452,-6.82404980254361));
#5736=CARTESIAN_POINT('Ctrl Pts',(-20.0521262973583,25.5472467005489,-6.78979598058101));
#5737=CARTESIAN_POINT('Ctrl Pts',(-20.0798505747717,25.0720466699287,-6.7596809624639));
#5738=CARTESIAN_POINT('Ctrl Pts',(-20.085734925216,24.5740573268634,-6.73899026121141));
#5739=CARTESIAN_POINT('Ctrl Pts',(-20.0654029004679,24.1058260958422,-6.72240016187304));
#5740=CARTESIAN_POINT('Ctrl Pts',(-20.0375707774035,23.8172232672303,-6.70527134021577));
#5741=CARTESIAN_POINT('Ctrl Pts',(-20.0229813462395,23.6670190266046,-6.69610392665933));
#5742=CARTESIAN_POINT('Ctrl Pts',(-18.5221788465552,26.5275873181378,-6.35511640373832));
#5743=CARTESIAN_POINT('Ctrl Pts',(-18.5782155307498,26.4414546242046,-6.35140600052149));
#5744=CARTESIAN_POINT('Ctrl Pts',(-18.6808897778748,26.2563976396377,-6.34303034806269));
#5745=CARTESIAN_POINT('Ctrl Pts',(-18.8116299457247,25.9367412182142,-6.32992942428592));
#5746=CARTESIAN_POINT('Ctrl Pts',(-18.9219397883792,25.5782695285161,-6.31907915043584));
#5747=CARTESIAN_POINT('Ctrl Pts',(-19.01085956639,25.1949915587209,-6.31287695707233));
#5748=CARTESIAN_POINT('Ctrl Pts',(-19.0752468919574,24.7989922324102,-6.31131820586694));
#5749=CARTESIAN_POINT('Ctrl Pts',(-19.1071814297878,24.4126284207315,-6.31013314757937));
#5750=CARTESIAN_POINT('Ctrl Pts',(-19.0968099494341,24.0374389547701,-6.30327312638016));
#5751=CARTESIAN_POINT('Ctrl Pts',(-19.0639634718949,23.7893155754032,-6.29574144324659));
#5752=CARTESIAN_POINT('Ctrl Pts',(-19.0471648458935,23.6670190266045,-6.29190749782856));
#5753=CARTESIAN_POINT('Ctrl Pts',(-17.6620703655629,26.2328142992357,-6.19999999999932));
#5754=CARTESIAN_POINT('Ctrl Pts',(-17.7336216437428,26.1463472989158,-6.19999999999932));
#5755=CARTESIAN_POINT('Ctrl Pts',(-17.867169275081,25.9631243946574,-6.19999999999932));
#5756=CARTESIAN_POINT('Ctrl Pts',(-18.038069108478,25.6584144824694,-6.19999999999932));
#5757=CARTESIAN_POINT('Ctrl Pts',(-18.1766862867311,25.3312463702494,-6.19999999999932));
#5758=CARTESIAN_POINT('Ctrl Pts',(-18.2786853155456,24.9933764504274,-6.19999999999932));
#5759=CARTESIAN_POINT('Ctrl Pts',(-18.3435716971387,24.6463004075246,-6.19999999999932));
#5760=CARTESIAN_POINT('Ctrl Pts',(-18.3723273794872,24.3074120001245,-6.19999999999932));
#5761=CARTESIAN_POINT('Ctrl Pts',(-18.3702017698144,23.9753810233058,-6.19999999999932));
#5762=CARTESIAN_POINT('Ctrl Pts',(-18.3563380556165,23.7684841874801,-6.19999999999932));
#5763=CARTESIAN_POINT('Ctrl Pts',(-18.3490658503999,23.6670190266046,-6.19999999999932));
#5764=CARTESIAN_POINT('Ctrl Pts',(-17.288937469869,26.0903013633834,-6.19999999999932));
#5765=CARTESIAN_POINT('Ctrl Pts',(-17.3587991106339,26.0032530890462,-6.19999999999932));
#5766=CARTESIAN_POINT('Ctrl Pts',(-17.4889121762697,25.8196074968215,-6.19999999999931));
#5767=CARTESIAN_POINT('Ctrl Pts',(-17.6541875387275,25.5187820164437,-6.19999999999932));
#5768=CARTESIAN_POINT('Ctrl Pts',(-17.7869739824758,25.2025153810476,-6.19999999999932));
#5769=CARTESIAN_POINT('Ctrl Pts',(-17.8848147786869,24.8823502230461,-6.19999999999932));
#5770=CARTESIAN_POINT('Ctrl Pts',(-17.9502472492145,24.5586199395074,-6.19999999999932));
#5771=CARTESIAN_POINT('Ctrl Pts',(-17.9864622676183,24.2477317386582,-6.19999999999932));
#5772=CARTESIAN_POINT('Ctrl Pts',(-17.9998069325074,23.9446073073076,-6.19999999999932));
#5773=CARTESIAN_POINT('Ctrl Pts',(-18.000000000001,23.7581503787033,-6.19999999999932));
#5774=CARTESIAN_POINT('Ctrl Pts',(-18.000000000001,23.6670190266046,-6.19999999999932));
#5775=CARTESIAN_POINT('',(-18.000000000001,23.6670190266046,-6.19999999999932));
#5776=CARTESIAN_POINT('Origin',(-18.000000000001,23.6670190266046,-10.1999999999993));
#5777=CARTESIAN_POINT('',(-17.288937469869,26.0903013633834,-6.19999999999932));
#5778=CARTESIAN_POINT('Ctrl Pts',(-17.288937469869,26.0903013633834,-6.19999999999932));
#5779=CARTESIAN_POINT('Ctrl Pts',(-17.3184655304995,26.053509116676,-6.19999999999932));
#5780=CARTESIAN_POINT('Ctrl Pts',(-17.3471465043235,26.0158590251328,-6.19999999999932));
#5781=CARTESIAN_POINT('Ctrl Pts',(-17.374945900101,25.9774034368496,-6.19999999999932));
#5782=CARTESIAN_POINT('Ctrl Pts',(-17.4042842442393,25.9368189834276,-6.19999999999932));
#5783=CARTESIAN_POINT('Ctrl Pts',(-17.4326440678505,25.8953316497605,-6.19999999999932));
#5784=CARTESIAN_POINT('Ctrl Pts',(-17.4600185848911,25.8529862235473,-6.19999999999932));
#5785=CARTESIAN_POINT('Ctrl Pts',(-17.4867649055536,25.8116125493959,-6.19999999999932));
#5786=CARTESIAN_POINT('Ctrl Pts',(-17.5125705306507,25.769420525897,-6.19999999999932));
#5787=CARTESIAN_POINT('Ctrl Pts',(-17.5374095243702,25.726511280655,-6.19999999999932));
#5788=CARTESIAN_POINT('Ctrl Pts',(-17.5674392075647,25.6746351436712,-6.19999999999932));
#5789=CARTESIAN_POINT('Ctrl Pts',(-17.5960554025451,25.6217115959491,-6.19999999999932));
#5790=CARTESIAN_POINT('Ctrl Pts',(-17.6231905382727,25.5679924364149,-6.19999999999932));
#5791=CARTESIAN_POINT('Ctrl Pts',(-17.6553740007784,25.5042791543416,-6.19999999999932));
#5792=CARTESIAN_POINT('Ctrl Pts',(-17.6854709363225,25.4394529173186,-6.19999999999932));
#5793=CARTESIAN_POINT('Ctrl Pts',(-17.7133709507437,25.3739717503371,-6.19999999999932));
#5794=CARTESIAN_POINT('Ctrl Pts',(-17.7335468474396,25.3266190414604,-6.19999999999932));
#5795=CARTESIAN_POINT('Ctrl Pts',(-17.7525736788855,25.2789252782325,-6.19999999999932));
#5796=CARTESIAN_POINT('Ctrl Pts',(-17.7704271439569,25.2310378402457,-6.19999999999932));
#5797=CARTESIAN_POINT('Ctrl Pts',(-17.7864717757044,25.1880021435472,-6.19999999999932));
#5798=CARTESIAN_POINT('Ctrl Pts',(-17.8015685753557,25.1448106247247,-6.19999999999932));
#5799=CARTESIAN_POINT('Ctrl Pts',(-17.8157186594814,25.1015348559189,-6.19999999999932));
#5800=CARTESIAN_POINT('Ctrl Pts',(-17.8294254830396,25.0596147286535,-6.19999999999932));
#5801=CARTESIAN_POINT('Ctrl Pts',(-17.8422436886797,25.0176162637413,-6.19999999999932));
#5802=CARTESIAN_POINT('Ctrl Pts',(-17.8541964055388,24.9755598261537,-6.19999999999932));
#5803=CARTESIAN_POINT('Ctrl Pts',(-17.8640941681497,24.9407338831982,-6.19999999999932));
#5804=CARTESIAN_POINT('Ctrl Pts',(-17.8733996352575,24.9058632253688,-6.19999999999932));
#5805=CARTESIAN_POINT('Ctrl Pts',(-17.8821366810268,24.8709468486448,-6.19999999999932));
#5806=CARTESIAN_POINT('Ctrl Pts',(-17.8915324944091,24.8333977996471,-6.19999999999932));
#5807=CARTESIAN_POINT('Ctrl Pts',(-17.9002710328755,24.7957958266225,-6.19999999999932));
#5808=CARTESIAN_POINT('Ctrl Pts',(-17.9083762890397,24.7582128260275,-6.19999999999932));
#5809=CARTESIAN_POINT('Ctrl Pts',(-17.9188337243213,24.7097230820335,-6.19999999999932));
#5810=CARTESIAN_POINT('Ctrl Pts',(-17.9282361836115,24.6612691001798,-6.19999999999932));
#5811=CARTESIAN_POINT('Ctrl Pts',(-17.9366319268707,24.6130916718087,-6.19999999999932));
#5812=CARTESIAN_POINT('Ctrl Pts',(-17.9434064525121,24.5742173025296,-6.19999999999932));
#5813=CARTESIAN_POINT('Ctrl Pts',(-17.9495251430667,24.5355272955108,-6.19999999999932));
#5814=CARTESIAN_POINT('Ctrl Pts',(-17.9550197968507,24.4971282769808,-6.19999999999932));
#5815=CARTESIAN_POINT('Ctrl Pts',(-17.9596486582107,24.464779790593,-6.19999999999932));
#5816=CARTESIAN_POINT('Ctrl Pts',(-17.9638346158108,24.432638566606,-6.19999999999932));
#5817=CARTESIAN_POINT('Ctrl Pts',(-17.9676036598924,24.4007278555645,-6.19999999999932));
#5818=CARTESIAN_POINT('Ctrl Pts',(-17.9710227667275,24.3717798974429,-6.19999999999932));
#5819=CARTESIAN_POINT('Ctrl Pts',(-17.9740987599171,24.3430219960852,-6.19999999999932));
#5820=CARTESIAN_POINT('Ctrl Pts',(-17.9768576818613,24.3144282366629,-6.19999999999932));
#5821=CARTESIAN_POINT('Ctrl Pts',(-17.9795962133776,24.2860458057964,-6.19999999999932));
#5822=CARTESIAN_POINT('Ctrl Pts',(-17.9820225291077,24.2578210647305,-6.19999999999932));
#5823=CARTESIAN_POINT('Ctrl Pts',(-17.9841689543204,24.2296922459696,-6.19999999999932));
#5824=CARTESIAN_POINT('Ctrl Pts',(-17.9861645565574,24.2035399564262,-6.19999999999932));
#5825=CARTESIAN_POINT('Ctrl Pts',(-17.9879183474373,24.1774700091077,-6.19999999999932));
#5826=CARTESIAN_POINT('Ctrl Pts',(-17.989456598567,24.1514903102905,-6.19999999999932));
#5827=CARTESIAN_POINT('Ctrl Pts',(-17.9913676280078,24.119214716048,-6.19999999999932));
#5828=CARTESIAN_POINT('Ctrl Pts',(-17.9929458516028,24.0870793524254,-6.19999999999932));
#5829=CARTESIAN_POINT('Ctrl Pts',(-17.9942427043737,24.055182141759,-6.19999999999932));
#5830=CARTESIAN_POINT('Ctrl Pts',(-17.9956223755727,24.021247940536,-6.19999999999932));
#5831=CARTESIAN_POINT('Ctrl Pts',(-17.9966833714555,23.9875891702714,-6.19999999999932));
#5832=CARTESIAN_POINT('Ctrl Pts',(-17.9974916652547,23.9543492319374,-6.19999999999932));
#5833=CARTESIAN_POINT('Ctrl Pts',(-17.9981133946491,23.9287814906664,-6.19999999999932));
#5834=CARTESIAN_POINT('Ctrl Pts',(-17.9985856706347,23.9034629815892,-6.19999999999932));
#5835=CARTESIAN_POINT('Ctrl Pts',(-17.9989412768621,23.8784324380572,-6.19999999999932));
#5836=CARTESIAN_POINT('Ctrl Pts',(-17.9992687075308,23.8553851262376,-6.19999999999932));
#5837=CARTESIAN_POINT('Ctrl Pts',(-17.9994972192592,23.8325827569347,-6.19999999999932));
#5838=CARTESIAN_POINT('Ctrl Pts',(-17.9996548376295,23.8100165374072,-6.19999999999932));
#5839=CARTESIAN_POINT('Ctrl Pts',(-17.9998036374728,23.7887128662594,-6.19999999999932));
#5840=CARTESIAN_POINT('Ctrl Pts',(-17.9998892492874,23.7676201926462,-6.19999999999932));
#5841=CARTESIAN_POINT('Ctrl Pts',(-17.9999375942637,23.7466856647504,-6.19999999999932));
#5842=CARTESIAN_POINT('Ctrl Pts',(-17.9999830734542,23.7269920904856,-6.19999999999932));
#5843=CARTESIAN_POINT('Ctrl Pts',(-17.9999955744599,23.7074387069867,-6.19999999999932));
#5844=CARTESIAN_POINT('Ctrl Pts',(-17.9999988316592,23.6879349517525,-6.19999999999932));
#5845=CARTESIAN_POINT('Ctrl Pts',(-17.9999999966638,23.6809590310431,-6.19999999999932));
#5846=CARTESIAN_POINT('Ctrl Pts',(-18.000000000001,23.6739889896796,-6.19999999999932));
#5847=CARTESIAN_POINT('Ctrl Pts',(-18.000000000001,23.6670190266046,-6.19999999999932));
#5848=CARTESIAN_POINT('Ctrl Pts',(-20.3950130807723,27.0472487826096,-7.66464086408813));
#5849=CARTESIAN_POINT('Ctrl Pts',(-20.1822427212096,26.9822949547802,-7.37497500028174));
#5850=CARTESIAN_POINT('Ctrl Pts',(-19.7101820130899,26.8405507569088,-6.90503075554857));
#5851=CARTESIAN_POINT('Ctrl Pts',(-18.5221788465552,26.5275873181378,-6.35511640373832));
#5852=CARTESIAN_POINT('Ctrl Pts',(-17.6620703655629,26.2328142992357,-6.19999999999932));
#5853=CARTESIAN_POINT('Ctrl Pts',(-17.288937469869,26.0903013633834,-6.19999999999932));
#5854=CARTESIAN_POINT('Ctrl Pts',(-20.3950130807723,27.0472487826096,-7.66464086408813));
#5855=CARTESIAN_POINT('Ctrl Pts',(-20.1822427212096,26.9822949547802,-7.37497500028174));
#5856=CARTESIAN_POINT('Ctrl Pts',(-19.7101820130899,26.8405507569088,-6.90503075554857));
#5857=CARTESIAN_POINT('Ctrl Pts',(-18.5221788465552,26.5275873181378,-6.35511640373832));
#5858=CARTESIAN_POINT('Ctrl Pts',(-17.6620703655629,26.2328142992357,-6.19999999999932));
#5859=CARTESIAN_POINT('Ctrl Pts',(-17.288937469869,26.0903013633834,-6.19999999999932));
#5860=CARTESIAN_POINT('Ctrl Pts',(-20.2776124181638,27.095844102046,-7.57724277321589));
#5861=CARTESIAN_POINT('Ctrl Pts',(-20.0624501398542,27.0318176294797,-7.30499803903033));
#5862=CARTESIAN_POINT('Ctrl Pts',(-19.5874711001864,26.8937770207545,-6.8624660954264));
#5863=CARTESIAN_POINT('Ctrl Pts',(-18.4022497076091,26.5949140361875,-6.34353184606613));
#5864=CARTESIAN_POINT('Ctrl Pts',(-17.5749718833958,26.3133432605618,-6.19999999999932));
#5865=CARTESIAN_POINT('Ctrl Pts',(-17.219075829104,26.1773496377206,-6.19999999999932));
#5866=CARTESIAN_POINT('Ctrl Pts',(-20.026138263752,27.1883646056611,-7.41178683779415));
#5867=CARTESIAN_POINT('Ctrl Pts',(-19.806545140787,27.1267813459189,-7.17204001921915));
#5868=CARTESIAN_POINT('Ctrl Pts',(-19.327107213305,26.9966198400778,-6.78249950084617));
#5869=CARTESIAN_POINT('Ctrl Pts',(-18.1501123491171,26.7233892291114,-6.32119510313692));
#5870=CARTESIAN_POINT('Ctrl Pts',(-17.3926242207134,26.4662285023315,-6.19999999999932));
#5871=CARTESIAN_POINT('Ctrl Pts',(-17.0697791480156,26.3419070157044,-6.19999999999932));
#5872=CARTESIAN_POINT('Ctrl Pts',(-19.5844147433396,27.3151220976544,-7.18640004210959));
#5873=CARTESIAN_POINT('Ctrl Pts',(-19.3614884965943,27.2580331728478,-6.99154417652257));
#5874=CARTESIAN_POINT('Ctrl Pts',(-18.8768690846402,27.1395681779358,-6.6744247082032));
#5875=CARTESIAN_POINT('Ctrl Pts',(-17.7355644175419,26.89466452695,-6.2896708763397));
#5876=CARTESIAN_POINT('Ctrl Pts',(-17.0979693146523,26.6651441500643,-6.19999999999932));
#5877=CARTESIAN_POINT('Ctrl Pts',(-16.823567823716,26.5530685437478,-6.19999999999932));
#5878=CARTESIAN_POINT('Ctrl Pts',(-19.0607512745629,27.4301228314315,-6.9830095587683));
#5879=CARTESIAN_POINT('Ctrl Pts',(-18.8393101182248,27.3773355592213,-6.82990238511881));
#5880=CARTESIAN_POINT('Ctrl Pts',(-18.3501119716729,27.2681907792985,-6.57390998409448));
#5881=CARTESIAN_POINT('Ctrl Pts',(-17.2929758614296,27.0384277707975,-6.26150260366982));
#5882=CARTESIAN_POINT('Ctrl Pts',(-16.7878757552977,26.826854731913,-6.19999999999932));
#5883=CARTESIAN_POINT('Ctrl Pts',(-16.5621698220913,26.7220180271765,-6.19999999999932));
#5884=CARTESIAN_POINT('Ctrl Pts',(-18.4291404646963,27.5326536480338,-6.8023572457424));
#5885=CARTESIAN_POINT('Ctrl Pts',(-18.2140606606958,27.4828434575637,-6.68465286209196));
#5886=CARTESIAN_POINT('Ctrl Pts',(-17.739082326747,27.3778694350292,-6.48166834732096));
#5887=CARTESIAN_POINT('Ctrl Pts',(-16.8342836349062,27.1504741537121,-6.23901383961314));
#5888=CARTESIAN_POINT('Ctrl Pts',(-16.4638522822354,26.9499855440528,-6.19999999999931));
#5889=CARTESIAN_POINT('Ctrl Pts',(-16.2868201099566,26.8490200614185,-6.19999999999931));
#5890=CARTESIAN_POINT('Ctrl Pts',(-17.6651248749177,27.6204684920661,-6.64744407627506));
#5891=CARTESIAN_POINT('Ctrl Pts',(-17.4741948768121,27.570935631485,-6.55977950424259));
#5892=CARTESIAN_POINT('Ctrl Pts',(-17.057253383636,27.4621776377173,-6.40311673431069));
#5893=CARTESIAN_POINT('Ctrl Pts',(-16.3826460162905,27.2278962611691,-6.22564006033143));
#5894=CARTESIAN_POINT('Ctrl Pts',(-16.1339088339513,27.0338580635224,-6.19999999999932));
#5895=CARTESIAN_POINT('Ctrl Pts',(-16.0053518512181,26.9347174648002,-6.19999999999932));
#5896=CARTESIAN_POINT('Ctrl Pts',(-16.799414563744,27.6839857344201,-6.53564993194863));
#5897=CARTESIAN_POINT('Ctrl Pts',(-16.6606336012,27.6309151005038,-6.46999704019148));
#5898=CARTESIAN_POINT('Ctrl Pts',(-16.3646899088203,27.510447896632,-6.34821609227572));
#5899=CARTESIAN_POINT('Ctrl Pts',(-15.9646275296989,27.2675378901584,-6.22322267839633));
#5900=CARTESIAN_POINT('Ctrl Pts',(-15.8072471701987,27.0788278724371,-6.19999999999932));
#5901=CARTESIAN_POINT('Ctrl Pts',(-15.7238632532814,26.9818954502029,-6.19999999999932));
#5902=CARTESIAN_POINT('Ctrl Pts',(-15.942473313499,27.7102322804142,-6.48803681028867));
#5903=CARTESIAN_POINT('Ctrl Pts',(-15.8759040940604,27.6522650742719,-6.43097076699611));
#5904=CARTESIAN_POINT('Ctrl Pts',(-15.7374490702117,27.5197450493908,-6.32646090216922));
#5905=CARTESIAN_POINT('Ctrl Pts',(-15.5695542215661,27.2748737536189,-6.22642859499561));
#5906=CARTESIAN_POINT('Ctrl Pts',(-15.4823309810541,27.0926972449402,-6.19999999999932));
#5907=CARTESIAN_POINT('Ctrl Pts',(-15.4412730147897,26.9997958156624,-6.19999999999932));
#5908=CARTESIAN_POINT('Ctrl Pts',(-15.4328138674715,27.7071067811859,-6.49289321881277));
#5909=CARTESIAN_POINT('Ctrl Pts',(-15.4095029038312,27.6466856301172,-6.43247206774406));
#5910=CARTESIAN_POINT('Ctrl Pts',(-15.3630820818673,27.50939269435,-6.32631783505343));
#5911=CARTESIAN_POINT('Ctrl Pts',(-15.3010796253761,27.2659908679728,-6.22393536081113));
#5912=CARTESIAN_POINT('Ctrl Pts',(-15.2719896271469,27.0890845139032,-6.19999999999931));
#5913=CARTESIAN_POINT('Ctrl Pts',(-15.2581503787049,26.9999999999994,-6.19999999999931));
#5914=CARTESIAN_POINT('Ctrl Pts',(-15.1670190266062,27.7071067811859,-6.49289321881277));
#5915=CARTESIAN_POINT('Ctrl Pts',(-15.1670190266062,27.6454000737115,-6.43118651133835));
#5916=CARTESIAN_POINT('Ctrl Pts',(-15.1670190266062,27.505745336559,-6.32402598166432));
#5917=CARTESIAN_POINT('Ctrl Pts',(-15.1670190266062,27.2617912114725,-6.22297687445662));
#5918=CARTESIAN_POINT('Ctrl Pts',(-15.1670190266062,27.0872664625991,-6.19999999999931));
#5919=CARTESIAN_POINT('Ctrl Pts',(-15.1670190266062,26.9999999999994,-6.19999999999931));
#5920=CARTESIAN_POINT('',(-15.1670190266062,26.9999999999994,-6.19999999999931));
#5921=CARTESIAN_POINT('Ctrl Pts',(-15.1670190266062,26.9999999999994,-6.19999999999931));
#5922=CARTESIAN_POINT('Ctrl Pts',(-15.1957772151044,26.9999999999994,-6.19999999999931));
#5923=CARTESIAN_POINT('Ctrl Pts',(-15.2245400212216,26.9999989474115,-6.19999999999931));
#5924=CARTESIAN_POINT('Ctrl Pts',(-15.2533892536887,26.9998949255497,-6.19999999999931));
#5925=CARTESIAN_POINT('Ctrl Pts',(-15.284110674983,26.9997841531247,-6.19999999999931));
#5926=CARTESIAN_POINT('Ctrl Pts',(-15.3149297152053,26.9995565854054,-6.19999999999931));
#5927=CARTESIAN_POINT('Ctrl Pts',(-15.3458853309044,26.9991037759726,-6.19999999999931));
#5928=CARTESIAN_POINT('Ctrl Pts',(-15.3797567929821,26.9986083144162,-6.19999999999931));
#5929=CARTESIAN_POINT('Ctrl Pts',(-15.4137911572409,26.9978431042537,-6.19999999999931));
#5930=CARTESIAN_POINT('Ctrl Pts',(-15.4479775240233,26.9966840200213,-6.19999999999931));
#5931=CARTESIAN_POINT('Ctrl Pts',(-15.4886710114437,26.9953043127266,-6.19999999999931));
#5932=CARTESIAN_POINT('Ctrl Pts',(-15.529578561559,26.9933661409958,-6.19999999999931));
#5933=CARTESIAN_POINT('Ctrl Pts',(-15.5706112495604,26.9906888515173,-6.19999999999931));
#5934=CARTESIAN_POINT('Ctrl Pts',(-15.6136982289001,26.9878775242057,-6.19999999999931));
#5935=CARTESIAN_POINT('Ctrl Pts',(-15.6569184849532,26.9842515823786,-6.19999999999931));
#5936=CARTESIAN_POINT('Ctrl Pts',(-15.700148621961,26.9796303315214,-6.19999999999931));
#5937=CARTESIAN_POINT('Ctrl Pts',(-15.7359112055347,26.9758073533532,-6.19999999999931));
#5938=CARTESIAN_POINT('Ctrl Pts',(-15.7716787629114,26.9713039216378,-6.19999999999931));
#5939=CARTESIAN_POINT('Ctrl Pts',(-15.8074085195863,26.9660282320403,-6.19999999999931));
#5940=CARTESIAN_POINT('Ctrl Pts',(-15.8409523908937,26.9610753001039,-6.19999999999931));
#5941=CARTESIAN_POINT('Ctrl Pts',(-15.8744618083447,26.9554419570354,-6.19999999999932));
#5942=CARTESIAN_POINT('Ctrl Pts',(-15.9079465220049,26.9490567753649,-6.19999999999932));
#5943=CARTESIAN_POINT('Ctrl Pts',(-15.9427141421521,26.9424269569605,-6.19999999999932));
#5944=CARTESIAN_POINT('Ctrl Pts',(-15.9774647107796,26.9349845122491,-6.19999999999932));
#5945=CARTESIAN_POINT('Ctrl Pts',(-16.0122115699104,26.9266658576493,-6.19999999999932));
#5946=CARTESIAN_POINT('Ctrl Pts',(-16.0501294186689,26.9175880447223,-6.19999999999932));
#5947=CARTESIAN_POINT('Ctrl Pts',(-16.0880422916251,26.9074669095732,-6.19999999999932));
#5948=CARTESIAN_POINT('Ctrl Pts',(-16.1259078455181,26.896252463347,-6.19999999999932));
#5949=CARTESIAN_POINT('Ctrl Pts',(-16.169963875508,26.8832046156737,-6.19999999999932));
#5950=CARTESIAN_POINT('Ctrl Pts',(-16.2139546586819,26.8686768898451,-6.19999999999932));
#5951=CARTESIAN_POINT('Ctrl Pts',(-16.2577487369671,26.8526317722304,-6.19999999999932));
#5952=CARTESIAN_POINT('Ctrl Pts',(-16.3065267987516,26.8347606405845,-6.19999999999932));
#5953=CARTESIAN_POINT('Ctrl Pts',(-16.3550563870278,26.8150085023908,-6.19999999999932));
#5954=CARTESIAN_POINT('Ctrl Pts',(-16.4031273430004,26.7933584932818,-6.19999999999932));
#5955=CARTESIAN_POINT('Ctrl Pts',(-16.4441297722412,26.7748919795919,-6.19999999999932));
#5956=CARTESIAN_POINT('Ctrl Pts',(-16.4847960167505,26.7550461283292,-6.19999999999932));
#5957=CARTESIAN_POINT('Ctrl Pts',(-16.5250244655962,26.7338129212732,-6.19999999999932));
#5958=CARTESIAN_POINT('Ctrl Pts',(-16.5617165663567,26.714446254272,-6.19999999999932));
#5959=CARTESIAN_POINT('Ctrl Pts',(-16.5980433394533,26.6939260332414,-6.19999999999932));
#5960=CARTESIAN_POINT('Ctrl Pts',(-16.6339760133004,26.6722359774624,-6.19999999999932));
#5961=CARTESIAN_POINT('Ctrl Pts',(-16.6699408121787,26.6505265300367,-6.19999999999932));
#5962=CARTESIAN_POINT('Ctrl Pts',(-16.7055191689689,26.6276401886786,-6.19999999999932));
#5963=CARTESIAN_POINT('Ctrl Pts',(-16.7406972806259,26.6035727521875,-6.19999999999932));
#5964=CARTESIAN_POINT('Ctrl Pts',(-16.7784686536461,26.5777311115044,-6.19999999999932));
#5965=CARTESIAN_POINT('Ctrl Pts',(-16.8157781661071,26.5505281718868,-6.19999999999932));
#5966=CARTESIAN_POINT('Ctrl Pts',(-16.8525670786738,26.5220065588843,-6.19999999999932));
#5967=CARTESIAN_POINT('Ctrl Pts',(-16.8941576400722,26.4897623359922,-6.19999999999932));
#5968=CARTESIAN_POINT('Ctrl Pts',(-16.9350821020883,26.4558332782556,-6.19999999999932));
#5969=CARTESIAN_POINT('Ctrl Pts',(-16.9752128888376,26.4203337448081,-6.19999999999932));
#5970=CARTESIAN_POINT('Ctrl Pts',(-17.0311035777403,26.3708930649505,-6.19999999999932));
#5971=CARTESIAN_POINT('Ctrl Pts',(-17.0854509275182,26.3184083702656,-6.19999999999932));
#5972=CARTESIAN_POINT('Ctrl Pts',(-17.1378615259031,26.2632728352208,-6.19999999999932));
#5973=CARTESIAN_POINT('Ctrl Pts',(-17.1760818611645,26.2230653447671,-6.19999999999932));
#5974=CARTESIAN_POINT('Ctrl Pts',(-17.2132702280825,26.1814509765463,-6.19999999999932));
#5975=CARTESIAN_POINT('Ctrl Pts',(-17.2492959114314,26.1385745919295,-6.19999999999932));
#5976=CARTESIAN_POINT('Ctrl Pts',(-17.2626713546982,26.1226556530889,-6.19999999999932));
#5977=CARTESIAN_POINT('Ctrl Pts',(-17.2758868963504,26.106562503137,-6.19999999999932));
#5978=CARTESIAN_POINT('Ctrl Pts',(-17.288937469869,26.0903013633834,-6.19999999999932));
#5979=CARTESIAN_POINT('',(-15.1670190266062,27.7071067811859,-6.49289321881277));
#5980=CARTESIAN_POINT('Origin',(-15.1670190266062,26.9999999999994,-7.19999999999931));
#5981=CARTESIAN_POINT('Ctrl Pts',(-20.3950130807723,27.0472487826096,-7.66464086408813));
#5982=CARTESIAN_POINT('Ctrl Pts',(-20.2776124181638,27.095844102046,-7.5772427732159));
#5983=CARTESIAN_POINT('Ctrl Pts',(-20.026138263752,27.1883646056611,-7.41178683779415));
#5984=CARTESIAN_POINT('Ctrl Pts',(-19.5844147433396,27.3151220976544,-7.18640004210958));
#5985=CARTESIAN_POINT('Ctrl Pts',(-19.0607512745629,27.4301228314315,-6.9830095587683));
#5986=CARTESIAN_POINT('Ctrl Pts',(-18.4291404646963,27.5326536480338,-6.8023572457424));
#5987=CARTESIAN_POINT('Ctrl Pts',(-17.6651248749177,27.6204684920661,-6.64744407627506));
#5988=CARTESIAN_POINT('Ctrl Pts',(-16.799414563744,27.6839857344201,-6.53564993194863));
#5989=CARTESIAN_POINT('Ctrl Pts',(-15.942473313499,27.7102322804142,-6.48803681028867));
#5990=CARTESIAN_POINT('Ctrl Pts',(-15.4328138674715,27.7071067811859,-6.49289321881277));
#5991=CARTESIAN_POINT('Ctrl Pts',(-15.1670190266062,27.7071067811859,-6.49289321881277));
#5992=CARTESIAN_POINT('Ctrl Pts',(-20.3950130807723,27.0472487826096,-7.66464086408813));
#5993=CARTESIAN_POINT('Ctrl Pts',(-20.2776124181638,27.095844102046,-7.5772427732159));
#5994=CARTESIAN_POINT('Ctrl Pts',(-20.026138263752,27.1883646056611,-7.41178683779415));
#5995=CARTESIAN_POINT('Ctrl Pts',(-19.5844147433396,27.3151220976544,-7.18640004210958));
#5996=CARTESIAN_POINT('Ctrl Pts',(-19.0607512745629,27.4301228314315,-6.9830095587683));
#5997=CARTESIAN_POINT('Ctrl Pts',(-18.4291404646963,27.5326536480338,-6.8023572457424));
#5998=CARTESIAN_POINT('Ctrl Pts',(-17.6651248749177,27.6204684920661,-6.64744407627506));
#5999=CARTESIAN_POINT('Ctrl Pts',(-16.799414563744,27.6839857344201,-6.53564993194863));
#6000=CARTESIAN_POINT('Ctrl Pts',(-15.942473313499,27.7102322804142,-6.48803681028867));
#6001=CARTESIAN_POINT('Ctrl Pts',(-15.4328138674715,27.7071067811859,-6.49289321881277));
#6002=CARTESIAN_POINT('Ctrl Pts',(-15.1670190266062,27.7071067811859,-6.49289321881277));
#6003=CARTESIAN_POINT('Ctrl Pts',(-20.2947150067123,27.2417901289359,-7.72124515223523));
#6004=CARTESIAN_POINT('Ctrl Pts',(-20.1778749488944,27.279862319635,-7.63454596194416));
#6005=CARTESIAN_POINT('Ctrl Pts',(-19.9269210513217,27.3526294858473,-7.46859198234064));
#6006=CARTESIAN_POINT('Ctrl Pts',(-19.4846926815878,27.4524263075444,-7.23899279459025));
#6007=CARTESIAN_POINT('Ctrl Pts',(-18.9604092354234,27.5429342812523,-7.03033892963988));
#6008=CARTESIAN_POINT('Ctrl Pts',(-18.3295474830291,27.6246051629599,-6.84571879788258));
#6009=CARTESIAN_POINT('Ctrl Pts',(-17.5764219996095,27.695123131075,-6.69089504949846));
#6010=CARTESIAN_POINT('Ctrl Pts',(-16.7418313734838,27.7459205090953,-6.58550788216088));
#6011=CARTESIAN_POINT('Ctrl Pts',(-15.9233853100999,27.7677093012468,-6.54578708371257));
#6012=CARTESIAN_POINT('Ctrl Pts',(-15.4265920710156,27.7675279322546,-6.55331436988147));
#6013=CARTESIAN_POINT('Ctrl Pts',(-15.1670190266062,27.7688134886603,-6.55459992628719));
#6014=CARTESIAN_POINT('Ctrl Pts',(-20.0672359940687,27.5527402845683,-7.84870130059507));
#6015=CARTESIAN_POINT('Ctrl Pts',(-19.9498746940036,27.5750938932398,-7.75850198628253));
#6016=CARTESIAN_POINT('Ctrl Pts',(-19.6967840099035,27.61767943314,-7.58361369262441));
#6017=CARTESIAN_POINT('Ctrl Pts',(-19.2466083051012,27.6766064613221,-7.33809975072504));
#6018=CARTESIAN_POINT('Ctrl Pts',(-18.7114421259172,27.7321659390687,-7.11604665737677));
#6019=CARTESIAN_POINT('Ctrl Pts',(-18.0779665852018,27.7838800896918,-6.92616081742704));
#6020=CARTESIAN_POINT('Ctrl Pts',(-17.3531841847316,27.8282225649421,-6.77989253611175));
#6021=CARTESIAN_POINT('Ctrl Pts',(-16.5948557177117,27.8589269581732,-6.69668912115919));
#6022=CARTESIAN_POINT('Ctrl Pts',(-15.8680664359147,27.871835160817,-6.67739547643382));
#6023=CARTESIAN_POINT('Ctrl Pts',(-15.4090916389995,27.8736821649453,-6.69060730564869));
#6024=CARTESIAN_POINT('Ctrl Pts',(-15.1670190266062,27.8759740183344,-6.69425466343969));
#6025=CARTESIAN_POINT('Ctrl Pts',(-19.5445648353708,27.9059327220988,-8.10499510829412));
#6026=CARTESIAN_POINT('Ctrl Pts',(-19.4161201946931,27.9118532048934,-7.99744358903697));
#6027=CARTESIAN_POINT('Ctrl Pts',(-19.1394266026643,27.9234497962167,-7.79228585647837));
#6028=CARTESIAN_POINT('Ctrl Pts',(-18.6623328164814,27.9401282872062,-7.51826304977557));
#6029=CARTESIAN_POINT('Ctrl Pts',(-18.1328105667882,27.9551611411824,-7.29105834871364));
#6030=CARTESIAN_POINT('Ctrl Pts',(-17.5565914244488,27.9669470310922,-7.11642775523505));
#6031=CARTESIAN_POINT('Ctrl Pts',(-16.9568013670404,27.9736378331378,-6.99782143442698));
#6032=CARTESIAN_POINT('Ctrl Pts',(-16.3629448932925,27.974814085727,-6.93832047746811));
#6033=CARTESIAN_POINT('Ctrl Pts',(-15.771327014622,27.9738355457136,-6.92441045164153));
#6034=CARTESIAN_POINT('Ctrl Pts',(-15.3686252015806,27.9760646391876,-6.93400913202584));
#6035=CARTESIAN_POINT('Ctrl Pts',(-15.1670190266062,27.9770231255421,-6.93820878852618));
#6036=CARTESIAN_POINT('Ctrl Pts',(-19.018155931941,27.9999999999994,-8.45395317094967));
#6037=CARTESIAN_POINT('Ctrl Pts',(-18.8952481351551,27.9999999999994,-8.32817635853477));
#6038=CARTESIAN_POINT('Ctrl Pts',(-18.6323788661817,27.9999999999994,-8.08958013797626));
#6039=CARTESIAN_POINT('Ctrl Pts',(-18.1932215267175,27.9999999999994,-7.77783452611716));
#6040=CARTESIAN_POINT('Ctrl Pts',(-17.723484245557,27.9999999999994,-7.52603311124957));
#6041=CARTESIAN_POINT('Ctrl Pts',(-17.2223957572818,27.9999999999994,-7.33361423383986));
#6042=CARTESIAN_POINT('Ctrl Pts',(-16.7066743017093,27.9999999999994,-7.20236620447355));
#6043=CARTESIAN_POINT('Ctrl Pts',(-16.187956926656,27.9999999999994,-7.13117391205413));
#6044=CARTESIAN_POINT('Ctrl Pts',(-15.6704167885497,27.9999999999994,-7.10698637144504));
#6045=CARTESIAN_POINT('Ctrl Pts',(-15.334025867014,27.9999999999994,-7.11091548609544));
#6046=CARTESIAN_POINT('Ctrl Pts',(-15.1670190266062,27.9999999999994,-7.1127335373996));
#6047=CARTESIAN_POINT('Ctrl Pts',(-18.7620076540898,27.9999999999994,-8.63668604947802));
#6048=CARTESIAN_POINT('Ctrl Pts',(-18.6415243402863,27.9999999999994,-8.49907126259512));
#6049=CARTESIAN_POINT('Ctrl Pts',(-18.3839341643068,27.9999999999994,-8.23912128782552));
#6050=CARTESIAN_POINT('Ctrl Pts',(-17.9589861571294,27.9999999999994,-7.90431620464856));
#6051=CARTESIAN_POINT('Ctrl Pts',(-17.5118315658392,27.9999999999994,-7.63821483357843));
#6052=CARTESIAN_POINT('Ctrl Pts',(-17.0415782891426,27.9999999999994,-7.43751487298952));
#6053=CARTESIAN_POINT('Ctrl Pts',(-16.5658871892857,27.9999999999994,-7.3027506453381));
#6054=CARTESIAN_POINT('Ctrl Pts',(-16.0907311905761,27.9999999999994,-7.22857578577057));
#6055=CARTESIAN_POINT('Ctrl Pts',(-15.6205859775345,27.9999999999994,-7.20014244234084));
#6056=CARTESIAN_POINT('Ctrl Pts',(-15.3169588165356,27.9999999999994,-7.19999999999931));
#6057=CARTESIAN_POINT('Ctrl Pts',(-15.1670190266062,27.9999999999994,-7.19999999999931));
#6058=CARTESIAN_POINT('',(-15.1670190266062,27.9999999999994,-7.19999999999931));
#6059=CARTESIAN_POINT('Origin',(-15.1670190266062,26.9999999999994,-7.19999999999931));
#6060=CARTESIAN_POINT('',(-18.7620076540898,27.9999999999994,-8.63668604947802));
#6061=CARTESIAN_POINT('Ctrl Pts',(-18.7620076540898,27.9999999999994,-8.63668604947801));
#6062=CARTESIAN_POINT('Ctrl Pts',(-18.7227598028278,27.9999999999994,-8.5918575623081));
#6063=CARTESIAN_POINT('Ctrl Pts',(-18.6826571536182,27.9999999999994,-8.547864453146));
#6064=CARTESIAN_POINT('Ctrl Pts',(-18.6417259509375,27.9999999999994,-8.50472489163207));
#6065=CARTESIAN_POINT('Ctrl Pts',(-18.5963900346025,27.9999999999994,-8.45694296920033));
#6066=CARTESIAN_POINT('Ctrl Pts',(-18.550038094958,27.9999999999994,-8.41020862531344));
#6067=CARTESIAN_POINT('Ctrl Pts',(-18.502755984644,27.9999999999994,-8.36459212644054));
#6068=CARTESIAN_POINT('Ctrl Pts',(-18.4433620714744,27.9999999999994,-8.30729048835445));
#6069=CARTESIAN_POINT('Ctrl Pts',(-18.3825014724132,27.9999999999994,-8.25175383866023));
#6070=CARTESIAN_POINT('Ctrl Pts',(-18.3204107622407,27.9999999999994,-8.19818044600741));
#6071=CARTESIAN_POINT('Ctrl Pts',(-18.2616724116348,27.9999999999994,-8.14749955168289));
#6072=CARTESIAN_POINT('Ctrl Pts',(-18.2018370594583,27.9999999999994,-8.0985792211331));
#6073=CARTESIAN_POINT('Ctrl Pts',(-18.1411135896402,27.9999999999994,-8.05159259060157));
#6074=CARTESIAN_POINT('Ctrl Pts',(-18.0890428771673,27.9999999999994,-8.01130129407638));
#6075=CARTESIAN_POINT('Ctrl Pts',(-18.0363204772689,27.9999999999994,-7.97243310338425));
#6076=CARTESIAN_POINT('Ctrl Pts',(-17.9830532357382,27.9999999999994,-7.93507241596269));
#6077=CARTESIAN_POINT('Ctrl Pts',(-17.9357987846832,27.9999999999994,-7.90192899189164));
#6078=CARTESIAN_POINT('Ctrl Pts',(-17.8881159546463,27.9999999999994,-7.86997230129293));
#6079=CARTESIAN_POINT('Ctrl Pts',(-17.8400480348038,27.9999999999994,-7.83923109403803));
#6080=CARTESIAN_POINT('Ctrl Pts',(-17.7938281887432,27.9999999999994,-7.80967179811474));
#6081=CARTESIAN_POINT('Ctrl Pts',(-17.7472528171196,27.9999999999994,-7.78123680085985));
#6082=CARTESIAN_POINT('Ctrl Pts',(-17.7003228496576,27.9999999999994,-7.75391582634678));
#6083=CARTESIAN_POINT('Ctrl Pts',(-17.6538328389766,27.9999999999994,-7.72685097917943));
#6084=CARTESIAN_POINT('Ctrl Pts',(-17.6069878764324,27.9999999999994,-7.70087499765791));
#6085=CARTESIAN_POINT('Ctrl Pts',(-17.5597767985016,27.9999999999994,-7.67595618180804));
#6086=CARTESIAN_POINT('Ctrl Pts',(-17.510678082127,27.9999999999994,-7.65004103804455));
#6087=CARTESIAN_POINT('Ctrl Pts',(-17.4611840766138,27.9999999999994,-7.62526957352784));
#6088=CARTESIAN_POINT('Ctrl Pts',(-17.4113399983607,27.9999999999994,-7.60162868005876));
#6089=CARTESIAN_POINT('Ctrl Pts',(-17.3520175976504,27.9999999999994,-7.57349224731333));
#6090=CARTESIAN_POINT('Ctrl Pts',(-17.2922001542057,27.9999999999994,-7.5469578062304));
#6091=CARTESIAN_POINT('Ctrl Pts',(-17.2320329307405,27.9999999999994,-7.52202789524483));
#6092=CARTESIAN_POINT('Ctrl Pts',(-17.1515280214731,27.9999999999994,-7.48867119193775));
#6093=CARTESIAN_POINT('Ctrl Pts',(-17.0704042242783,27.9999999999994,-7.45819129424942));
#6094=CARTESIAN_POINT('Ctrl Pts',(-16.9890681389648,27.9999999999994,-7.43060012996221));
#6095=CARTESIAN_POINT('Ctrl Pts',(-16.9354070776559,27.9999999999994,-7.41239700212918));
#6096=CARTESIAN_POINT('Ctrl Pts',(-16.8816549332724,27.9999999999994,-7.39545134504632));
#6097=CARTESIAN_POINT('Ctrl Pts',(-16.8279013156626,27.9999999999994,-7.37974848845499));
#6098=CARTESIAN_POINT('Ctrl Pts',(-16.7796714744947,27.9999999999994,-7.36565927338526));
#6099=CARTESIAN_POINT('Ctrl Pts',(-16.7314410213929,27.9999999999994,-7.35257076237516));
#6100=CARTESIAN_POINT('Ctrl Pts',(-16.6832386973894,27.9999999999994,-7.34045282810743));
#6101=CARTESIAN_POINT('Ctrl Pts',(-16.6366946391445,27.9999999999994,-7.32875177737958));
#6102=CARTESIAN_POINT('Ctrl Pts',(-16.5901774855898,27.9999999999994,-7.31795596629683));
#6103=CARTESIAN_POINT('Ctrl Pts',(-16.5436685003582,27.9999999999994,-7.30801530892402));
#6104=CARTESIAN_POINT('Ctrl Pts',(-16.4960391176937,27.9999999999994,-7.29783518197463));
#6105=CARTESIAN_POINT('Ctrl Pts',(-16.448409166281,27.9999999999994,-7.28854933011926));
#6106=CARTESIAN_POINT('Ctrl Pts',(-16.4007631558216,27.9999999999994,-7.28009273203334));
#6107=CARTESIAN_POINT('Ctrl Pts',(-16.3477498630517,27.9999999999994,-7.27068350540882));
#6108=CARTESIAN_POINT('Ctrl Pts',(-16.2947173757532,27.9999999999994,-7.26230116682098));
#6109=CARTESIAN_POINT('Ctrl Pts',(-16.2417089079228,27.9999999999994,-7.25485833980268));
#6110=CARTESIAN_POINT('Ctrl Pts',(-16.1720403302471,27.9999999999994,-7.24507629566005));
#6111=CARTESIAN_POINT('Ctrl Pts',(-16.1024151448076,27.9999999999994,-7.23691850575971));
#6112=CARTESIAN_POINT('Ctrl Pts',(-16.0330230827068,27.9999999999994,-7.23017704372135));
#6113=CARTESIAN_POINT('Ctrl Pts',(-15.9717441161203,27.9999999999994,-7.2242237716253));
#6114=CARTESIAN_POINT('Ctrl Pts',(-15.9106521733623,27.9999999999994,-7.21937551820214));
#6115=CARTESIAN_POINT('Ctrl Pts',(-15.8498747005916,27.9999999999994,-7.21546936759045));
#6116=CARTESIAN_POINT('Ctrl Pts',(-15.7993046380355,27.9999999999994,-7.21221924428354));
#6117=CARTESIAN_POINT('Ctrl Pts',(-15.7489534075419,27.9999999999994,-7.20962123214227));
#6118=CARTESIAN_POINT('Ctrl Pts',(-15.6988586114736,27.9999999999994,-7.2075655821929));
#6119=CARTESIAN_POINT('Ctrl Pts',(-15.6538250263447,27.9999999999994,-7.20571762004402));
#6120=CARTESIAN_POINT('Ctrl Pts',(-15.6089991140242,27.9999999999994,-7.20430793095646));
#6121=CARTESIAN_POINT('Ctrl Pts',(-15.5643671760481,27.9999999999994,-7.20324348512364));
#6122=CARTESIAN_POINT('Ctrl Pts',(-15.5270927136178,27.9999999999994,-7.20235451081501));
#6123=CARTESIAN_POINT('Ctrl Pts',(-15.4899531471488,27.9999999999994,-7.20170616639874));
#6124=CARTESIAN_POINT('Ctrl Pts',(-15.4529116664039,27.9999999999994,-7.20123608353962));
#6125=CARTESIAN_POINT('Ctrl Pts',(-15.4275135644273,27.9999999999994,-7.20091376347699));
#6126=CARTESIAN_POINT('Ctrl Pts',(-15.4021567653695,27.9999999999994,-7.20067488017951));
#6127=CARTESIAN_POINT('Ctrl Pts',(-15.3768373702584,27.9999999999994,-7.20049785226208));
#6128=CARTESIAN_POINT('Ctrl Pts',(-15.3510156057505,27.9999999999994,-7.20031731188284));
#6129=CARTESIAN_POINT('Ctrl Pts',(-15.3252410813775,27.9999999999994,-7.20020136964364));
#6130=CARTESIAN_POINT('Ctrl Pts',(-15.2995341133788,27.9999999999994,-7.20012779538156));
#6131=CARTESIAN_POINT('Ctrl Pts',(-15.2773438481759,27.9999999999994,-7.20006428604869));
#6132=CARTESIAN_POINT('Ctrl Pts',(-15.255194166085,27.9999999999994,-7.20003222443316));
#6133=CARTESIAN_POINT('Ctrl Pts',(-15.2331060346374,27.9999999999994,-7.20001614473217));
#6134=CARTESIAN_POINT('Ctrl Pts',(-15.2175163942346,27.9999999999994,-7.2000047957977));
#6135=CARTESIAN_POINT('Ctrl Pts',(-15.2019615684157,27.9999999999994,-7.20000140906379));
#6136=CARTESIAN_POINT('Ctrl Pts',(-15.1864317713234,27.9999999999994,-7.20000041496203));
#6137=CARTESIAN_POINT('Ctrl Pts',(-15.1799582257684,27.9999999999994,-7.20000000057394));
#6138=CARTESIAN_POINT('Ctrl Pts',(-15.1734885295766,27.9999999999994,-7.19999999999931));
#6139=CARTESIAN_POINT('Ctrl Pts',(-15.1670190266062,27.9999999999994,-7.19999999999931));
#6140=CARTESIAN_POINT('Ctrl Pts',(-20.3950130807723,27.0472487826096,-7.66464086408813));
#6141=CARTESIAN_POINT('Ctrl Pts',(-20.2947150067123,27.2417901289359,-7.72124515223523));
#6142=CARTESIAN_POINT('Ctrl Pts',(-20.0672359940687,27.5527402845683,-7.84870130059507));
#6143=CARTESIAN_POINT('Ctrl Pts',(-19.5445648353708,27.9059327220988,-8.10499510829412));
#6144=CARTESIAN_POINT('Ctrl Pts',(-19.018155931941,27.9999999999994,-8.45395317094967));
#6145=CARTESIAN_POINT('Ctrl Pts',(-18.7620076540898,27.9999999999994,-8.63668604947802));
#6146=CARTESIAN_POINT('Ctrl Pts',(-20.3950130807723,27.0472487826096,-7.66464086408813));
#6147=CARTESIAN_POINT('Ctrl Pts',(-20.2947150067123,27.2417901289359,-7.72124515223523));
#6148=CARTESIAN_POINT('Ctrl Pts',(-20.0672359940687,27.5527402845683,-7.84870130059507));
#6149=CARTESIAN_POINT('Ctrl Pts',(-19.5445648353708,27.9059327220988,-8.10499510829412));
#6150=CARTESIAN_POINT('Ctrl Pts',(-19.018155931941,27.9999999999994,-8.45395317094967));
#6151=CARTESIAN_POINT('Ctrl Pts',(-18.7620076540898,27.9999999999994,-8.63668604947802));
#6152=CARTESIAN_POINT('Ctrl Pts',(-20.4748019656083,27.0716064680457,-7.77326556301553));
#6153=CARTESIAN_POINT('Ctrl Pts',(-20.3739676323949,27.2588007715033,-7.82861338018135));
#6154=CARTESIAN_POINT('Ctrl Pts',(-20.1492270995107,27.5619946830557,-7.95685418147809));
#6155=CARTESIAN_POINT('Ctrl Pts',(-19.6399781912265,27.9094299408164,-8.23164323817564));
#6156=CARTESIAN_POINT('Ctrl Pts',(-19.1303908838165,27.9999999999994,-8.58734385330325));
#6157=CARTESIAN_POINT('Ctrl Pts',(-18.8824909678933,27.9999999999994,-8.77430083636092));
#6158=CARTESIAN_POINT('Ctrl Pts',(-20.6246893449509,27.1181760784136,-8.00585032797719));
#6159=CARTESIAN_POINT('Ctrl Pts',(-20.5241109227223,27.2923049090989,-8.0597317237807));
#6160=CARTESIAN_POINT('Ctrl Pts',(-20.3056075292503,27.5811845792095,-8.19161667465617));
#6161=CARTESIAN_POINT('Ctrl Pts',(-19.8190070571753,27.9167597617393,-8.50559259393181));
#6162=CARTESIAN_POINT('Ctrl Pts',(-19.3409113878109,27.9999999999994,-8.87197229923169));
#6163=CARTESIAN_POINT('Ctrl Pts',(-19.1077145052497,27.9999999999994,-9.06603192249838));
#6164=CARTESIAN_POINT('Ctrl Pts',(-20.8260865436025,27.1826842597305,-8.41594117632636));
#6165=CARTESIAN_POINT('Ctrl Pts',(-20.7280366552576,27.3411508713442,-8.4710073739423));
#6166=CARTESIAN_POINT('Ctrl Pts',(-20.5187037812093,27.6121019420405,-8.61583441519763));
#6167=CARTESIAN_POINT('Ctrl Pts',(-20.0541813691182,27.9276199043775,-8.9860717988242));
#6168=CARTESIAN_POINT('Ctrl Pts',(-19.614491817251,27.9999999999994,-9.3512215846281));
#6169=CARTESIAN_POINT('Ctrl Pts',(-19.3971846462411,27.9999999999994,-9.54742663359244));
#6170=CARTESIAN_POINT('Ctrl Pts',(-21.0057941834042,27.2425950358357,-8.90456484999848));
#6171=CARTESIAN_POINT('Ctrl Pts',(-20.9104119913671,27.3886687024675,-8.96313304809793));
#6172=CARTESIAN_POINT('Ctrl Pts',(-20.7063276912011,27.6447253952962,-9.12539392721353));
#6173=CARTESIAN_POINT('Ctrl Pts',(-20.2486968511037,27.9368076487108,-9.52499198616154));
#6174=CARTESIAN_POINT('Ctrl Pts',(-19.8354273306012,27.9999999999994,-9.86164842225933));
#6175=CARTESIAN_POINT('Ctrl Pts',(-19.6272492493062,27.9999999999994,-10.0472118253393));
#6176=CARTESIAN_POINT('Ctrl Pts',(-21.1619903340901,27.2981879357657,-9.49264845948308));
#6177=CARTESIAN_POINT('Ctrl Pts',(-21.0671717233897,27.4344839353504,-9.55407085431866));
#6178=CARTESIAN_POINT('Ctrl Pts',(-20.8597889900875,27.6773461270864,-9.72843838344015));
#6179=CARTESIAN_POINT('Ctrl Pts',(-20.395153751688,27.9427707197377,-10.1083022190842));
#6180=CARTESIAN_POINT('Ctrl Pts',(-19.9999819655021,27.9999999999994,-10.3972743700588));
#6181=CARTESIAN_POINT('Ctrl Pts',(-19.7974832171683,27.9999999999994,-10.5625515406063));
#6182=CARTESIAN_POINT('Ctrl Pts',(-21.2925338373497,27.3483787074317,-10.2071144452546));
#6183=CARTESIAN_POINT('Ctrl Pts',(-21.1943491058575,27.4766456898587,-10.2650233041931));
#6184=CARTESIAN_POINT('Ctrl Pts',(-20.9726983728273,27.706122001345,-10.4278976205063));
#6185=CARTESIAN_POINT('Ctrl Pts',(-20.4955451709691,27.9450532752004,-10.7265691464016));
#6186=CARTESIAN_POINT('Ctrl Pts',(-20.1120741570619,27.9999999999994,-10.9519813573792));
#6187=CARTESIAN_POINT('Ctrl Pts',(-19.913205399317,27.9999999999994,-11.083405753958));
#6188=CARTESIAN_POINT('Ctrl Pts',(-21.3840396615588,27.3886855323399,-11.0168190545387));
#6189=CARTESIAN_POINT('Ctrl Pts',(-21.2773433103154,27.5100136822426,-11.0530556385576));
#6190=CARTESIAN_POINT('Ctrl Pts',(-21.0322533976232,27.7263688624826,-11.1574020669057));
#6191=CARTESIAN_POINT('Ctrl Pts',(-20.5445615570352,27.9456506338322,-11.3297653673197));
#6192=CARTESIAN_POINT('Ctrl Pts',(-20.1697551214411,27.9999999999994,-11.4910490396274));
#6193=CARTESIAN_POINT('Ctrl Pts',(-19.9758030487492,27.9999999999994,-11.5829824622771));
#6194=CARTESIAN_POINT('Ctrl Pts',(-21.4190254251813,27.4109262261485,-11.8169278733078));
#6195=CARTESIAN_POINT('Ctrl Pts',(-21.3029459498338,27.5288577740043,-11.8259750449351));
#6196=CARTESIAN_POINT('Ctrl Pts',(-21.0370382442996,27.7389193052329,-11.861839359059));
#6197=CARTESIAN_POINT('Ctrl Pts',(-20.5491169744926,27.9482962826566,-11.9359395740757));
#6198=CARTESIAN_POINT('Ctrl Pts',(-20.1851965930034,27.9999999999994,-12.0311123028541));
#6199=CARTESIAN_POINT('Ctrl Pts',(-19.9996241987884,27.9999999999994,-12.0786272040833));
#6200=CARTESIAN_POINT('Ctrl Pts',(-21.4142135623741,27.4142135623725,-12.2882042610034));
#6201=CARTESIAN_POINT('Ctrl Pts',(-21.2933712602367,27.5350558645099,-12.29113251865));
#6202=CARTESIAN_POINT('Ctrl Pts',(-21.0187853887022,27.7473643298911,-12.3020879969798));
#6203=CARTESIAN_POINT('Ctrl Pts',(-20.5319817359479,27.9521292783757,-12.3345950849808));
#6204=CARTESIAN_POINT('Ctrl Pts',(-20.1781690278087,27.9999999999994,-12.3669264928356));
#6205=CARTESIAN_POINT('Ctrl Pts',(-20.000000000001,27.9999999999994,-12.3830411834647));
#6206=CARTESIAN_POINT('Ctrl Pts',(-21.4142135623741,27.4142135623725,-12.5329809733941));
#6207=CARTESIAN_POINT('Ctrl Pts',(-21.2908001474252,27.5376269773213,-12.5329809733941));
#6208=CARTESIAN_POINT('Ctrl Pts',(-21.0114906731202,27.7519480366694,-12.5329809733941));
#6209=CARTESIAN_POINT('Ctrl Pts',(-20.5235824229472,27.9540462510847,-12.5329809733941));
#6210=CARTESIAN_POINT('Ctrl Pts',(-20.1745329252004,27.9999999999994,-12.5329809733941));
#6211=CARTESIAN_POINT('Ctrl Pts',(-20.000000000001,27.9999999999994,-12.5329809733941));
#6212=CARTESIAN_POINT('',(-19.285883453123,27.9999999999994,-9.36816980432089));
#6213=CARTESIAN_POINT('Ctrl Pts',(-19.285883453123,27.9999999999994,-9.36816980432089));
#6214=CARTESIAN_POINT('Ctrl Pts',(-19.247719188561,27.9999999999994,-9.30277540589217));
#6215=CARTESIAN_POINT('Ctrl Pts',(-19.2080380423512,27.9999999999994,-9.23817737573907));
#6216=CARTESIAN_POINT('Ctrl Pts',(-19.16694738276,27.9999999999994,-9.1746228126247));
#6217=CARTESIAN_POINT('Ctrl Pts',(-19.1322043536221,27.9999999999994,-9.12088607390857));
#6218=CARTESIAN_POINT('Ctrl Pts',(-19.0964544365043,27.9999999999994,-9.06789677453882));
#6219=CARTESIAN_POINT('Ctrl Pts',(-19.059749772757,27.9999999999994,-9.01577999764691));
#6220=CARTESIAN_POINT('Ctrl Pts',(-19.0260865149649,27.9999999999994,-8.96798169855655));
#6221=CARTESIAN_POINT('Ctrl Pts',(-18.9916205608966,27.9999999999994,-8.92091802949346));
#6222=CARTESIAN_POINT('Ctrl Pts',(-18.9563732009041,27.9999999999994,-8.87464971910961));
#6223=CARTESIAN_POINT('Ctrl Pts',(-18.9234341056423,27.9999999999994,-8.83141140895929));
#6224=CARTESIAN_POINT('Ctrl Pts',(-18.8898128114679,27.9999999999994,-8.78886809486282));
#6225=CARTESIAN_POINT('Ctrl Pts',(-18.8555054225991,27.9999999999994,-8.74702923883393));
#6226=CARTESIAN_POINT('Ctrl Pts',(-18.8248915191051,27.9999999999994,-8.70969469537248));
#6227=CARTESIAN_POINT('Ctrl Pts',(-18.7937284676029,27.9999999999994,-8.67291723248207));
#6228=CARTESIAN_POINT('Ctrl Pts',(-18.7620076540898,27.9999999999994,-8.63668604947801));
#6229=CARTESIAN_POINT('',(-20.0000000000001,27.9967898381937,-10.9000000206414));
#6230=CARTESIAN_POINT('Ctrl Pts',(-20.0000000000001,27.9967898380031,-10.9000000206431));
#6231=CARTESIAN_POINT('Ctrl Pts',(-20.0000000010806,27.9958232671561,-10.795319025587));
#6232=CARTESIAN_POINT('Ctrl Pts',(-19.9917813433799,27.9949805761085,-10.6907531973485));
#6233=CARTESIAN_POINT('Ctrl Pts',(-19.9491179284447,27.9937131909502,-10.4212642484561));
#6234=CARTESIAN_POINT('Ctrl Pts',(-19.9020205896211,27.9938741042546,-10.2592478924634));
#6235=CARTESIAN_POINT('Ctrl Pts',(-19.7742249222397,27.9954707613634,-9.9642266213372));
#6236=CARTESIAN_POINT('Ctrl Pts',(-19.6972307215593,27.9967458680869,-9.83091082749713));
#6237=CARTESIAN_POINT('Ctrl Pts',(-19.5127444849015,27.9990282674672,-9.58244595043312));
#6238=CARTESIAN_POINT('Ctrl Pts',(-19.4053889681577,27.9999999999994,-9.46848782053966));
#6239=CARTESIAN_POINT('Ctrl Pts',(-19.2858834543955,27.9999999999994,-9.36816980650121));
#6240=CARTESIAN_POINT('',(-19.9461749006779,27.9999999999994,-11.360872277422));
#6241=CARTESIAN_POINT('Ctrl Pts',(-19.9461749006669,27.9999999999994,-11.3608722773329));
#6242=CARTESIAN_POINT('Ctrl Pts',(-19.9763074538762,27.9999999999994,-11.2336283062088));
#6243=CARTESIAN_POINT('Ctrl Pts',(-19.9938947049282,27.9987084030324,-11.1037080651434));
#6244=CARTESIAN_POINT('Ctrl Pts',(-19.9995562616439,27.9972443082282,-10.9486540186623));
#6245=CARTESIAN_POINT('Ctrl Pts',(-19.9999999997491,27.99701443232,-10.9243239040423));
#6246=CARTESIAN_POINT('Ctrl Pts',(-20.0000000000001,27.9967898380031,-10.9000000206431));
#6247=CARTESIAN_POINT('',(-20.000000000001,27.9999999999994,-12.5329809733941));
#6248=CARTESIAN_POINT('Ctrl Pts',(-20.000000000001,27.9999999999994,-12.5329809733941));
#6249=CARTESIAN_POINT('Ctrl Pts',(-20.000000000001,27.9999999999994,-12.5019337217282));
#6250=CARTESIAN_POINT('Ctrl Pts',(-19.9999996377939,27.9999999999994,-12.4708819096931));
#6251=CARTESIAN_POINT('Ctrl Pts',(-19.9999584591683,27.9999999999994,-12.4396948309758));
#6252=CARTESIAN_POINT('Ctrl Pts',(-19.9999156047439,27.9999999999994,-12.4072385677534));
#6253=CARTESIAN_POINT('Ctrl Pts',(-19.9998285526537,27.9999999999994,-12.3746360595414));
#6254=CARTESIAN_POINT('Ctrl Pts',(-19.9996563492023,27.9999999999994,-12.3417971565413));
#6255=CARTESIAN_POINT('Ctrl Pts',(-19.9994753858481,27.9999999999994,-12.3072877551024));
#6256=CARTESIAN_POINT('Ctrl Pts',(-19.9992003969753,27.9999999999994,-12.2725176263413));
#6257=CARTESIAN_POINT('Ctrl Pts',(-19.9987887552547,27.9999999999994,-12.2374396097112));
#6258=CARTESIAN_POINT('Ctrl Pts',(-19.9983298640837,27.9999999999994,-12.1983352349018));
#6259=CARTESIAN_POINT('Ctrl Pts',(-19.9977011202183,27.9999999999994,-12.1588483377852));
#6260=CARTESIAN_POINT('Ctrl Pts',(-19.9968496434601,27.9999999999994,-12.1189807062399));
#6261=CARTESIAN_POINT('Ctrl Pts',(-19.9958937828582,27.9999999999994,-12.0742256405118));
#6262=CARTESIAN_POINT('Ctrl Pts',(-19.9946572277154,27.9999999999994,-12.0289916555601));
#6263=CARTESIAN_POINT('Ctrl Pts',(-19.9930728888857,27.9999999999994,-11.9833542295151));
#6264=CARTESIAN_POINT('Ctrl Pts',(-19.9902921428902,27.9999999999994,-11.9032538827047));
#6265=CARTESIAN_POINT('Ctrl Pts',(-19.9864385222643,27.9999999999994,-11.8219156792148));
#6266=CARTESIAN_POINT('Ctrl Pts',(-19.9811885564873,27.9999999999994,-11.7399728917284));
#6267=CARTESIAN_POINT('Ctrl Pts',(-19.9782539145396,27.9999999999994,-11.6941682614344));
#6268=CARTESIAN_POINT('Ctrl Pts',(-19.9748837277644,27.9999999999994,-11.6481776595623));
#6269=CARTESIAN_POINT('Ctrl Pts',(-19.9710242485037,27.9999999999994,-11.602084909924));
#6270=CARTESIAN_POINT('Ctrl Pts',(-19.9676696525946,27.9999999999994,-11.5620218498762));
#6271=CARTESIAN_POINT('Ctrl Pts',(-19.9639454863212,27.9999999999994,-11.521882134035));
#6272=CARTESIAN_POINT('Ctrl Pts',(-19.9598160467944,27.9999999999994,-11.4816827579162));
#6273=CARTESIAN_POINT('Ctrl Pts',(-19.9556866072676,27.9999999999994,-11.4414833817973));
#6274=CARTESIAN_POINT('Ctrl Pts',(-19.9511519673813,27.9999999999994,-11.4012255272121));
#6275=CARTESIAN_POINT('Ctrl Pts',(-19.9461749006779,27.9999999999994,-11.360872277422));
#6276=CARTESIAN_POINT('',(-21.4142135623741,27.4142135623725,-12.5329809733941));
#6277=CARTESIAN_POINT('Origin',(-20.000000000001,25.9999999999994,-12.5329809733941));
#6278=CARTESIAN_POINT('Ctrl Pts',(-20.3950130807723,27.0472487826096,-7.66464086408813));
#6279=CARTESIAN_POINT('Ctrl Pts',(-20.4748019656083,27.0716064680457,-7.77326556301553));
#6280=CARTESIAN_POINT('Ctrl Pts',(-20.6246893449509,27.1181760784136,-8.00585032797719));
#6281=CARTESIAN_POINT('Ctrl Pts',(-20.8260865436025,27.1826842597305,-8.41594117632636));
#6282=CARTESIAN_POINT('Ctrl Pts',(-21.0057941834042,27.2425950358357,-8.90456484999848));
#6283=CARTESIAN_POINT('Ctrl Pts',(-21.1619903340901,27.2981879357657,-9.49264845948308));
#6284=CARTESIAN_POINT('Ctrl Pts',(-21.2925338373497,27.3483787074317,-10.2071144452546));
#6285=CARTESIAN_POINT('Ctrl Pts',(-21.3840396615588,27.3886855323399,-11.0168190545387));
#6286=CARTESIAN_POINT('Ctrl Pts',(-21.4190254251813,27.4109262261485,-11.8169278733078));
#6287=CARTESIAN_POINT('Ctrl Pts',(-21.4142135623741,27.4142135623725,-12.2882042610034));
#6288=CARTESIAN_POINT('Ctrl Pts',(-21.4142135623741,27.4142135623725,-12.5329809733941));
#6289=CARTESIAN_POINT('Ctrl Pts',(11.0944149512599,27.0475227954432,-7.66440076562103));
#6290=CARTESIAN_POINT('Ctrl Pts',(11.4077350536168,26.9175284057928,-7.89787561021841));
#6291=CARTESIAN_POINT('Ctrl Pts',(11.9172488108314,26.6363348371037,-8.40716225496604));
#6292=CARTESIAN_POINT('Ctrl Pts',(12.5181517561724,25.9691914822051,-9.67506870971062));
#6293=CARTESIAN_POINT('Ctrl Pts',(12.6999999999927,25.5136596007858,-10.5247080346629));
#6294=CARTESIAN_POINT('Ctrl Pts',(12.6999999999929,25.3166856932735,-10.8833143067273));
#6295=CARTESIAN_POINT('Ctrl Pts',(11.1856958989295,27.075343200079,-7.78870554169924));
#6296=CARTESIAN_POINT('Ctrl Pts',(11.4798187167616,26.9485018435438,-8.02567390442541));
#6297=CARTESIAN_POINT('Ctrl Pts',(11.9606586956917,26.6720317498275,-8.53859463264249));
#6298=CARTESIAN_POINT('Ctrl Pts',(12.5311292510803,26.0174635975269,-9.79878247268928));
#6299=CARTESIAN_POINT('Ctrl Pts',(12.6999999999926,25.574359084582,-10.6074503699846));
#6300=CARTESIAN_POINT('Ctrl Pts',(12.6999999999928,25.3783830823315,-10.9450116957853));
#6301=CARTESIAN_POINT('Ctrl Pts',(11.3559893844867,27.1281887959269,-8.05759656334507));
#6302=CARTESIAN_POINT('Ctrl Pts',(11.6148731925136,27.0066340404807,-8.30014048404631));
#6303=CARTESIAN_POINT('Ctrl Pts',(12.0418462642441,26.7377622943128,-8.81825183717394));
#6304=CARTESIAN_POINT('Ctrl Pts',(12.5562679053089,26.1076985093378,-10.0569523670774));
#6305=CARTESIAN_POINT('Ctrl Pts',(12.6999999999925,25.6891807730261,-10.7779946034612));
#6306=CARTESIAN_POINT('Ctrl Pts',(12.6999999999927,25.4948479760058,-11.0753359813841));
#6307=CARTESIAN_POINT('Ctrl Pts',(11.5807092036206,27.2006514424177,-8.54204127545566));
#6308=CARTESIAN_POINT('Ctrl Pts',(11.7935466752425,27.0843722667218,-8.7867605344112));
#6309=CARTESIAN_POINT('Ctrl Pts',(12.1519247025532,26.8218739217057,-9.30875092614044));
#6310=CARTESIAN_POINT('Ctrl Pts',(12.5914247147684,26.2284850073864,-10.4766934721679));
#6311=CARTESIAN_POINT('Ctrl Pts',(12.6999999999923,25.840108587609,-11.0491487126145));
#6312=CARTESIAN_POINT('Ctrl Pts',(12.6999999999925,25.6465594581174,-11.2891532927887));
#6313=CARTESIAN_POINT('Ctrl Pts',(11.7763497846116,27.2673248617307,-9.13637517839645));
#6314=CARTESIAN_POINT('Ctrl Pts',(11.9504851444289,27.1539113936546,-9.37609172387565));
#6315=CARTESIAN_POINT('Ctrl Pts',(12.2535088019925,26.8935109665917,-9.89143039458738));
#6316=CARTESIAN_POINT('Ctrl Pts',(12.6214312883426,26.3370579649016,-10.9198873299164));
#6317=CARTESIAN_POINT('Ctrl Pts',(12.6999999999922,25.9674373368168,-11.334054223128));
#6318=CARTESIAN_POINT('Ctrl Pts',(12.6999999999924,25.7733770302407,-11.5186124173488));
#6319=CARTESIAN_POINT('Ctrl Pts',(11.9420253733105,27.3281298322052,-9.87898847287903));
#6320=CARTESIAN_POINT('Ctrl Pts',(12.0857367297748,27.2153200762216,-10.0991314101045));
#6321=CARTESIAN_POINT('Ctrl Pts',(12.3436725393127,26.9540010736833,-10.5704989729659));
#6322=CARTESIAN_POINT('Ctrl Pts',(12.6416267453322,26.431727254072,-11.3626716674264));
#6323=CARTESIAN_POINT('Ctrl Pts',(12.6999999999921,26.0680564959258,-11.6290145958858));
#6324=CARTESIAN_POINT('Ctrl Pts',(12.6999999999923,25.8737059391848,-11.7608278300196));
#6325=CARTESIAN_POINT('Ctrl Pts',(12.0657177390273,27.3795485458377,-10.7788994067896));
#6326=CARTESIAN_POINT('Ctrl Pts',(12.1876526982633,27.2653047420936,-10.9469054519155));
#6327=CARTESIAN_POINT('Ctrl Pts',(12.4109516588419,27.0015107616909,-11.2978775046017));
#6328=CARTESIAN_POINT('Ctrl Pts',(12.6485851773801,26.5038475284423,-11.7732604789168));
#6329=CARTESIAN_POINT('Ctrl Pts',(12.699999999992,26.1384833683559,-11.9290721729928));
#6330=CARTESIAN_POINT('Ctrl Pts',(12.6999999999922,25.9462844769444,-12.0127534982233));
#6331=CARTESIAN_POINT('Ctrl Pts',(12.1203690295363,27.4099817154046,-11.7132530558052));
#6332=CARTESIAN_POINT('Ctrl Pts',(12.234467572897,27.2932937077718,-11.7944324192789));
#6333=CARTESIAN_POINT('Ctrl Pts',(12.4417545362039,27.0256555641158,-11.9587421319571));
#6334=CARTESIAN_POINT('Ctrl Pts',(12.6472774437383,26.5397232054111,-12.1443347953334));
#6335=CARTESIAN_POINT('Ctrl Pts',(12.699999999992,26.1760191794896,-12.2303823802959));
#6336=CARTESIAN_POINT('Ctrl Pts',(12.6999999999922,25.9901999299886,-12.2712213868375));
#6337=CARTESIAN_POINT('Ctrl Pts',(12.1142135623645,27.4142135623732,-12.2532361592329));
#6338=CARTESIAN_POINT('Ctrl Pts',(12.2346885626717,27.2937385620662,-12.2809723361943));
#6339=CARTESIAN_POINT('Ctrl Pts',(12.4467095146291,27.0198274909279,-12.3347675828253));
#6340=CARTESIAN_POINT('Ctrl Pts',(12.6518554251239,26.5331816378053,-12.4027203481011));
#6341=CARTESIAN_POINT('Ctrl Pts',(12.699999999992,26.1786884710389,-12.4318877339712));
#6342=CARTESIAN_POINT('Ctrl Pts',(12.6999999999922,26.0000000000016,-12.4457276890249));
#6343=CARTESIAN_POINT('Ctrl Pts',(12.1142135623645,27.4142135623732,-12.5329809733937));
#6344=CARTESIAN_POINT('Ctrl Pts',(12.2376269773133,27.2908001474245,-12.5329809733937));
#6345=CARTESIAN_POINT('Ctrl Pts',(12.4519480366614,27.0114906731199,-12.5329809733937));
#6346=CARTESIAN_POINT('Ctrl Pts',(12.654046251077,26.5235824229474,-12.5329809733937));
#6347=CARTESIAN_POINT('Ctrl Pts',(12.699999999992,26.1745329252009,-12.5329809733937));
#6348=CARTESIAN_POINT('Ctrl Pts',(12.6999999999922,26.0000000000016,-12.5329809733937));
#6349=CARTESIAN_POINT('',(11.0944149512599,27.0475227954432,-7.66440076562103));
#6350=CARTESIAN_POINT('',(12.1142135623645,27.4142135623732,-12.5329809733937));
#6351=CARTESIAN_POINT('Ctrl Pts',(11.0944149512599,27.0475227954432,-7.66440076562103));
#6352=CARTESIAN_POINT('Ctrl Pts',(11.1856958989295,27.075343200079,-7.78870554169924));
#6353=CARTESIAN_POINT('Ctrl Pts',(11.3559893844867,27.1281887959269,-8.05759656334507));
#6354=CARTESIAN_POINT('Ctrl Pts',(11.5807092036206,27.2006514424177,-8.54204127545566));
#6355=CARTESIAN_POINT('Ctrl Pts',(11.7763497846116,27.2673248617307,-9.13637517839645));
#6356=CARTESIAN_POINT('Ctrl Pts',(11.9420253733105,27.3281298322052,-9.87898847287903));
#6357=CARTESIAN_POINT('Ctrl Pts',(12.0657177390273,27.3795485458377,-10.7788994067896));
#6358=CARTESIAN_POINT('Ctrl Pts',(12.1203690295363,27.4099817154046,-11.7132530558053));
#6359=CARTESIAN_POINT('Ctrl Pts',(12.1142135623645,27.4142135623732,-12.2532361592329));
#6360=CARTESIAN_POINT('Ctrl Pts',(12.1142135623645,27.4142135623732,-12.5329809733937));
#6361=CARTESIAN_POINT('',(12.6999999999929,25.3166856932735,-10.8833143067273));
#6362=CARTESIAN_POINT('Ctrl Pts',(11.0944149512599,27.0475227954432,-7.66440076562103));
#6363=CARTESIAN_POINT('Ctrl Pts',(11.4077350536168,26.9175284057928,-7.89787561021841));
#6364=CARTESIAN_POINT('Ctrl Pts',(11.9172488108314,26.6363348371037,-8.40716225496604));
#6365=CARTESIAN_POINT('Ctrl Pts',(12.5181517561724,25.9691914822051,-9.67506870971061));
#6366=CARTESIAN_POINT('Ctrl Pts',(12.6999999999927,25.5136596007858,-10.5247080346629));
#6367=CARTESIAN_POINT('Ctrl Pts',(12.6999999999929,25.3166856932735,-10.8833143067273));
#6368=CARTESIAN_POINT('',(12.6999999999922,26.0000000000016,-12.5329809733937));
#6369=CARTESIAN_POINT('Origin',(12.6999999999947,23.6670190266071,-12.5329809733937));
#6370=CARTESIAN_POINT('Origin',(10.6999999999922,25.9999999999994,-12.5329809733937));
#6371=CARTESIAN_POINT('Ctrl Pts',(11.0944149512599,27.0475227954432,-7.66440076562103));
#6372=CARTESIAN_POINT('Ctrl Pts',(11.1856958989295,27.075343200079,-7.78870554169924));
#6373=CARTESIAN_POINT('Ctrl Pts',(11.3559893844867,27.1281887959269,-8.05759656334507));
#6374=CARTESIAN_POINT('Ctrl Pts',(11.5807092036206,27.2006514424177,-8.54204127545566));
#6375=CARTESIAN_POINT('Ctrl Pts',(11.7763497846116,27.2673248617307,-9.13637517839645));
#6376=CARTESIAN_POINT('Ctrl Pts',(11.9420253733105,27.3281298322052,-9.87898847287903));
#6377=CARTESIAN_POINT('Ctrl Pts',(12.0657177390273,27.3795485458377,-10.7788994067896));
#6378=CARTESIAN_POINT('Ctrl Pts',(12.1203690295363,27.4099817154046,-11.7132530558053));
#6379=CARTESIAN_POINT('Ctrl Pts',(12.1142135623645,27.4142135623732,-12.2532361592329));
#6380=CARTESIAN_POINT('Ctrl Pts',(12.1142135623645,27.4142135623732,-12.5329809733937));
#6381=CARTESIAN_POINT('Ctrl Pts',(10.9940837267987,27.2424314625772,-7.72097039853949));
#6382=CARTESIAN_POINT('Ctrl Pts',(11.0847643530751,27.2618179695138,-7.8438667150437));
#6383=CARTESIAN_POINT('Ctrl Pts',(11.2556473728188,27.2999285727628,-8.11135138578434));
#6384=CARTESIAN_POINT('Ctrl Pts',(11.4835346867952,27.3553020100817,-8.5977671812928));
#6385=CARTESIAN_POINT('Ctrl Pts',(11.6816892829915,27.4089354585753,-9.19650919831116));
#6386=CARTESIAN_POINT('Ctrl Pts',(11.846253112791,27.4597111842541,-9.94071468898167));
#6387=CARTESIAN_POINT('Ctrl Pts',(11.9619453146045,27.5026124140358,-10.8239670311724));
#6388=CARTESIAN_POINT('Ctrl Pts',(12.0053653376755,27.5275881220207,-11.7241582074618));
#6389=CARTESIAN_POINT('Ctrl Pts',(11.9937385620573,27.5346885626803,-12.2565827394005));
#6390=CARTESIAN_POINT('Ctrl Pts',(11.9908001474157,27.5376269773219,-12.5329809733937));
#6391=CARTESIAN_POINT('Ctrl Pts',(10.7675864806075,27.5518943900602,-7.84835630879428));
#6392=CARTESIAN_POINT('Ctrl Pts',(10.8613891209199,27.5625397543819,-7.97220479406505));
#6393=CARTESIAN_POINT('Ctrl Pts',(11.0396087456325,27.5847320722833,-8.24442047781806));
#6394=CARTESIAN_POINT('Ctrl Pts',(11.2772724580671,27.6207965669076,-8.74698667594988));
#6395=CARTESIAN_POINT('Ctrl Pts',(11.4783542976366,27.6586970236713,-9.36586756785893));
#6396=CARTESIAN_POINT('Ctrl Pts',(11.6331515801915,27.6948534938775,-10.1155809102709));
#6397=CARTESIAN_POINT('Ctrl Pts',(11.7239633397845,27.72206086596,-10.950589308285));
#6398=CARTESIAN_POINT('Ctrl Pts',(11.7414762925508,27.7373477137472,-11.7660474832988));
#6399=CARTESIAN_POINT('Ctrl Pts',(11.7198274909188,27.7467095146375,-12.2691032860631));
#6400=CARTESIAN_POINT('Ctrl Pts',(11.7114906731108,27.7519480366697,-12.5329809733937));
#6401=CARTESIAN_POINT('Ctrl Pts',(10.2436565543414,27.9062305621997,-8.10435609936136));
#6402=CARTESIAN_POINT('Ctrl Pts',(10.3529240831851,27.9102002858929,-8.24960462905896));
#6403=CARTESIAN_POINT('Ctrl Pts',(10.5572683690001,27.9185707586399,-8.5679626944794));
#6404=CARTESIAN_POINT('Ctrl Pts',(10.816321941923,27.9307092198602,-9.13008622155974));
#6405=CARTESIAN_POINT('Ctrl Pts',(11.0191865078029,27.9400691687451,-9.76753913321801));
#6406=CARTESIAN_POINT('Ctrl Pts',(11.1616374380997,27.9446395035037,-10.4593676106939));
#6407=CARTESIAN_POINT('Ctrl Pts',(11.2377945348847,27.9453820938396,-11.1598154813216));
#6408=CARTESIAN_POINT('Ctrl Pts',(11.2529325131058,27.9474935524477,-11.8468730270786));
#6409=CARTESIAN_POINT('Ctrl Pts',(11.233181637796,27.9518554251317,-12.3062542437785));
#6410=CARTESIAN_POINT('Ctrl Pts',(11.223582422938,27.9540462510848,-12.5329809733937));
#6411=CARTESIAN_POINT('Ctrl Pts',(9.71748129538831,27.9999999999994,-8.45323287554857));
#6412=CARTESIAN_POINT('Ctrl Pts',(9.84604265458551,27.9999999999994,-8.60632041752449));
#6413=CARTESIAN_POINT('Ctrl Pts',(10.0863754832526,27.9999999999994,-8.93672759906908));
#6414=CARTESIAN_POINT('Ctrl Pts',(10.3857479693225,27.9999999999994,-9.49056068702561));
#6415=CARTESIAN_POINT('Ctrl Pts',(10.615321432992,27.9999999999994,-10.0876190409698));
#6416=CARTESIAN_POINT('Ctrl Pts',(10.7738953830436,27.9999999999994,-10.7126400556944));
#6417=CARTESIAN_POINT('Ctrl Pts',(10.8605555028357,27.9999999999994,-11.3392944354307));
#6418=CARTESIAN_POINT('Ctrl Pts',(10.8868866304097,27.9999999999994,-11.953682961153));
#6419=CARTESIAN_POINT('Ctrl Pts',(10.8786884710295,27.9999999999994,-12.343204424184));
#6420=CARTESIAN_POINT('Ctrl Pts',(10.8745329251915,27.9999999999994,-12.5329809733937));
#6421=CARTESIAN_POINT('Ctrl Pts',(9.46133301753717,27.9999999999994,-8.63596575407692));
#6422=CARTESIAN_POINT('Ctrl Pts',(9.59933830212587,27.9999999999994,-8.79391855278385));
#6423=CARTESIAN_POINT('Ctrl Pts',(9.85628524488639,27.9999999999994,-9.13223066818972));
#6424=CARTESIAN_POINT('Ctrl Pts',(10.1717488305669,27.9999999999994,-9.6853863865149));
#6425=CARTESIAN_POINT('Ctrl Pts',(10.4102587491593,27.9999999999994,-10.2668200599623));
#6426=CARTESIAN_POINT('Ctrl Pts',(10.5734055389035,27.9999999999994,-10.8600023220534));
#6427=CARTESIAN_POINT('Ctrl Pts',(10.6647921464696,27.9999999999994,-11.4434236502769));
#6428=CARTESIAN_POINT('Ctrl Pts',(10.6997011721931,27.9999999999994,-12.0077089957341));
#6429=CARTESIAN_POINT('Ctrl Pts',(10.6999999999922,27.9999999999994,-12.3616212134744));
#6430=CARTESIAN_POINT('Ctrl Pts',(10.6999999999922,27.9999999999994,-12.5329809733937));
#6431=CARTESIAN_POINT('',(10.6999999999922,27.9999999999994,-12.5329809733937));
#6432=CARTESIAN_POINT('Origin',(10.6999999999922,25.9999999999994,-12.5329809733937));
#6433=CARTESIAN_POINT('',(9.46133301753717,27.9999999999994,-8.63596575407692));
#6434=CARTESIAN_POINT('Ctrl Pts',(9.46133301753716,27.9999999999994,-8.63596575407692));
#6435=CARTESIAN_POINT('Ctrl Pts',(9.51346045256149,27.9999999999994,-8.69562777554258));
#6436=CARTESIAN_POINT('Ctrl Pts',(9.56421246895942,27.9999999999994,-8.75685915513935));
#6437=CARTESIAN_POINT('Ctrl Pts',(9.61349658355785,27.9999999999994,-8.81950899405055));
#6438=CARTESIAN_POINT('Ctrl Pts',(9.67814959614118,27.9999999999994,-8.90169573629951));
#6439=CARTESIAN_POINT('Ctrl Pts',(9.74027461220236,27.9999999999994,-8.98632271711222));
#6440=CARTESIAN_POINT('Ctrl Pts',(9.79962389819673,27.9999999999994,-9.07296202485065));
#6441=CARTESIAN_POINT('Ctrl Pts',(9.84978617504138,27.9999999999994,-9.14618994777489));
#6442=CARTESIAN_POINT('Ctrl Pts',(9.89796314046167,27.9999999999994,-9.22085162745192));
#6443=CARTESIAN_POINT('Ctrl Pts',(9.94401702563065,27.9999999999994,-9.29667976139978));
#6444=CARTESIAN_POINT('Ctrl Pts',(9.98324656312077,27.9999999999994,-9.36127154584096));
#6445=CARTESIAN_POINT('Ctrl Pts',(10.0209350936911,27.9999999999994,-9.4267086894814));
#6446=CARTESIAN_POINT('Ctrl Pts',(10.0570221470578,27.9999999999994,-9.49284475411196));
#6447=CARTESIAN_POINT('Ctrl Pts',(10.0912457219897,27.9999999999994,-9.55556565682978));
#6448=CARTESIAN_POINT('Ctrl Pts',(10.1240284332902,27.9999999999994,-9.61891442585408));
#6449=CARTESIAN_POINT('Ctrl Pts',(10.1553499219295,27.9999999999994,-9.68279618053742));
#6450=CARTESIAN_POINT('Ctrl Pts',(10.1893518360778,27.9999999999994,-9.75214479813964));
#6451=CARTESIAN_POINT('Ctrl Pts',(10.221633682278,27.9999999999994,-9.8221261354195));
#6452=CARTESIAN_POINT('Ctrl Pts',(10.2522110083242,27.9999999999994,-9.89265145347708));
#6453=CARTESIAN_POINT('Ctrl Pts',(10.2844156999143,27.9999999999994,-9.96693022180084));
#6454=CARTESIAN_POINT('Ctrl Pts',(10.3147299089371,27.9999999999994,-10.041812771592));
#6455=CARTESIAN_POINT('Ctrl Pts',(10.3431618184359,27.9999999999994,-10.1171238780424));
#6456=CARTESIAN_POINT('Ctrl Pts',(10.3797913346301,27.9999999999994,-10.2141489967193));
#6457=CARTESIAN_POINT('Ctrl Pts',(10.4132938407026,27.9999999999994,-10.3118823776326));
#6458=CARTESIAN_POINT('Ctrl Pts',(10.4436925470215,27.9999999999994,-10.4098546214989));
#6459=CARTESIAN_POINT('Ctrl Pts',(10.4681523413618,27.9999999999994,-10.4886862964687));
#6460=CARTESIAN_POINT('Ctrl Pts',(10.490601914936,27.9999999999994,-10.5676684661736));
#6461=CARTESIAN_POINT('Ctrl Pts',(10.511079223605,27.9999999999994,-10.6465643738062));
#6462=CARTESIAN_POINT('Ctrl Pts',(10.5285533264735,27.9999999999994,-10.7138893933271));
#6463=CARTESIAN_POINT('Ctrl Pts',(10.5445912224109,27.9999999999994,-10.7811506827535));
#6464=CARTESIAN_POINT('Ctrl Pts',(10.5592408839976,27.9999999999994,-10.8482332700739));
#6465=CARTESIAN_POINT('Ctrl Pts',(10.573046435349,27.9999999999994,-10.9114505736653));
#6466=CARTESIAN_POINT('Ctrl Pts',(10.5856189214964,27.9999999999994,-10.9745084385675));
#6467=CARTESIAN_POINT('Ctrl Pts',(10.5970238752957,27.9999999999994,-11.037352782294));
#6468=CARTESIAN_POINT('Ctrl Pts',(10.60897173743,27.9999999999994,-11.1031886960533));
#6469=CARTESIAN_POINT('Ctrl Pts',(10.6196400651454,27.9999999999994,-11.1687988917177));
#6470=CARTESIAN_POINT('Ctrl Pts',(10.6291280165597,27.9999999999994,-11.2341364643801));
#6471=CARTESIAN_POINT('Ctrl Pts',(10.6407018148302,27.9999999999994,-11.3138379565627));
#6472=CARTESIAN_POINT('Ctrl Pts',(10.650518040654,27.9999999999994,-11.3931328625504));
#6473=CARTESIAN_POINT('Ctrl Pts',(10.6587778885842,27.9999999999994,-11.4718574801654));
#6474=CARTESIAN_POINT('Ctrl Pts',(10.6674500522241,27.9999999999994,-11.5545118791583));
#6475=CARTESIAN_POINT('Ctrl Pts',(10.6744054122151,27.9999999999994,-11.6365325436843));
#6476=CARTESIAN_POINT('Ctrl Pts',(10.6799166207286,27.9999999999994,-11.7177035545492));
#6477=CARTESIAN_POINT('Ctrl Pts',(10.6844684255461,27.9999999999994,-11.7847441314744));
#6478=CARTESIAN_POINT('Ctrl Pts',(10.6880356104574,27.9999999999994,-11.8512031204049));
#6479=CARTESIAN_POINT('Ctrl Pts',(10.6907993301201,27.9999999999994,-11.9169859582238));
#6480=CARTESIAN_POINT('Ctrl Pts',(10.6931925458355,27.9999999999994,-11.9739499562009));
#6481=CARTESIAN_POINT('Ctrl Pts',(10.6949835413108,27.9999999999994,-12.030406515789));
#6482=CARTESIAN_POINT('Ctrl Pts',(10.6963083026852,27.9999999999994,-12.0863294273164));
#6483=CARTESIAN_POINT('Ctrl Pts',(10.6975807130725,27.9999999999994,-12.1400424166061));
#6484=CARTESIAN_POINT('Ctrl Pts',(10.6984229787286,27.9999999999994,-12.1932624680782));
#6485=CARTESIAN_POINT('Ctrl Pts',(10.6989726948989,27.9999999999994,-12.2460090955493));
#6486=CARTESIAN_POINT('Ctrl Pts',(10.6992684433229,27.9999999999994,-12.2743868890064));
#6487=CARTESIAN_POINT('Ctrl Pts',(10.6994798385594,27.9999999999994,-12.3026301636113));
#6488=CARTESIAN_POINT('Ctrl Pts',(10.699630453169,27.9999999999994,-12.3307426040635));
#6489=CARTESIAN_POINT('Ctrl Pts',(10.6997488303964,27.9999999999994,-12.352837889267));
#6490=CARTESIAN_POINT('Ctrl Pts',(10.6998296721853,27.9999999999994,-12.3748464830571));
#6491=CARTESIAN_POINT('Ctrl Pts',(10.699884554639,27.9999999999994,-12.3967581133224));
#6492=CARTESIAN_POINT('Ctrl Pts',(10.6999249185504,27.9999999999994,-12.4128732656841));
#6493=CARTESIAN_POINT('Ctrl Pts',(10.6999512431552,27.9999999999994,-12.4289404312071));
#6494=CARTESIAN_POINT('Ctrl Pts',(10.6999683490485,27.9999999999994,-12.4449708937638));
#6495=CARTESIAN_POINT('Ctrl Pts',(10.6999841031348,27.9999999999994,-12.4597345361938));
#6496=CARTESIAN_POINT('Ctrl Pts',(10.6999920407469,27.9999999999994,-12.4744613358845));
#6497=CARTESIAN_POINT('Ctrl Pts',(10.6999960154346,27.9999999999994,-12.4891282298806));
#6498=CARTESIAN_POINT('Ctrl Pts',(10.6999991354815,27.9999999999994,-12.5006414357045));
#6499=CARTESIAN_POINT('Ctrl Pts',(10.699999814738,27.9999999999994,-12.5121156837391));
#6500=CARTESIAN_POINT('Ctrl Pts',(10.6999999601408,27.9999999999994,-12.523570382804));
#6501=CARTESIAN_POINT('Ctrl Pts',(10.6999999999695,27.9999999999994,-12.5267080448514));
#6502=CARTESIAN_POINT('Ctrl Pts',(10.6999999999922,27.9999999999994,-12.5298445256935));
#6503=CARTESIAN_POINT('Ctrl Pts',(10.6999999999922,27.9999999999994,-12.5329809733937));
#6504=CARTESIAN_POINT('Ctrl Pts',(11.0944149512599,27.0475227954432,-7.66440076562103));
#6505=CARTESIAN_POINT('Ctrl Pts',(10.9940837267987,27.2424314625772,-7.72097039853949));
#6506=CARTESIAN_POINT('Ctrl Pts',(10.7675864806075,27.5518943900602,-7.84835630879428));
#6507=CARTESIAN_POINT('Ctrl Pts',(10.2436565543414,27.9062305621997,-8.10435609936136));
#6508=CARTESIAN_POINT('Ctrl Pts',(9.71748129538831,27.9999999999994,-8.45323287554857));
#6509=CARTESIAN_POINT('Ctrl Pts',(9.46133301753717,27.9999999999994,-8.63596575407692));
#6510=CARTESIAN_POINT('Ctrl Pts',(11.0944149512599,27.0475227954432,-7.66440076562103));
#6511=CARTESIAN_POINT('Ctrl Pts',(10.9940837267987,27.2424314625772,-7.72097039853949));
#6512=CARTESIAN_POINT('Ctrl Pts',(10.7675864806075,27.5518943900602,-7.84835630879428));
#6513=CARTESIAN_POINT('Ctrl Pts',(10.2436565543414,27.9062305621997,-8.10435609936136));
#6514=CARTESIAN_POINT('Ctrl Pts',(9.71748129538831,27.9999999999994,-8.45323287554857));
#6515=CARTESIAN_POINT('Ctrl Pts',(9.46133301753717,27.9999999999994,-8.63596575407692));
#6516=CARTESIAN_POINT('Ctrl Pts',(10.9601349073926,27.1032346767219,-7.56434011793643));
#6517=CARTESIAN_POINT('Ctrl Pts',(10.860696403171,27.285819259997,-7.62168073182007));
#6518=CARTESIAN_POINT('Ctrl Pts',(10.6331129833348,27.5774644890289,-7.74500713297003));
#6519=CARTESIAN_POINT('Ctrl Pts',(10.096716141659,27.9129930810823,-7.98091751870864));
#6520=CARTESIAN_POINT('Ctrl Pts',(9.57672239915057,27.9999999999994,-8.30884689921686));
#6521=CARTESIAN_POINT('Ctrl Pts',(9.32332773294846,27.9999999999994,-8.47801295536999));
#6522=CARTESIAN_POINT('Ctrl Pts',(10.6707484350626,27.2080738425604,-7.37671172856857));
#6523=CARTESIAN_POINT('Ctrl Pts',(10.5724840733056,27.3673007349735,-7.43318703766789));
#6524=CARTESIAN_POINT('Ctrl Pts',(10.3402460913225,27.6265416338653,-7.54599342578269));
#6525=CARTESIAN_POINT('Ctrl Pts',(9.77862090301507,27.9259631041272,-7.74824313570621));
#6526=CARTESIAN_POINT('Ctrl Pts',(9.27491749760338,27.9999999999994,-8.03883136515881));
#6527=CARTESIAN_POINT('Ctrl Pts',(9.02785551233514,27.9999999999994,-8.18419603103943));
#6528=CARTESIAN_POINT('Ctrl Pts',(10.1498225578151,27.3490172431578,-7.12524271757519));
#6529=CARTESIAN_POINT('Ctrl Pts',(10.0494374869201,27.4789935511898,-7.17641050897204));
#6530=CARTESIAN_POINT('Ctrl Pts',(9.80722089256867,27.6936314376011,-7.27111810612253));
#6531=CARTESIAN_POINT('Ctrl Pts',(9.21979941617455,27.9445135229538,-7.44647607824402));
#6532=CARTESIAN_POINT('Ctrl Pts',(8.76371829070411,27.9999999999994,-7.69722302340758));
#6533=CARTESIAN_POINT('Ctrl Pts',(8.53435762053924,27.9999999999994,-7.81828960883567));
#6534=CARTESIAN_POINT('Ctrl Pts',(9.5098217275092,27.4763973953308,-6.90135076181831));
#6535=CARTESIAN_POINT('Ctrl Pts',(9.40877623799028,27.5800835928632,-6.94650247963141));
#6536=CARTESIAN_POINT('Ctrl Pts',(9.1578495730773,27.7548803306707,-7.02790881582831));
#6537=CARTESIAN_POINT('Ctrl Pts',(8.59125525108859,27.9609940360457,-7.20589669318016));
#6538=CARTESIAN_POINT('Ctrl Pts',(8.21258016022271,27.9999999999994,-7.43226279644312));
#6539=CARTESIAN_POINT('Ctrl Pts',(8.01289977851497,27.9999999999994,-7.54001718833362));
#6540=CARTESIAN_POINT('Ctrl Pts',(8.71669548182628,27.5860486093631,-6.70833276256446));
#6541=CARTESIAN_POINT('Ctrl Pts',(8.62099751827006,27.6671193137551,-6.75072170786271));
#6542=CARTESIAN_POINT('Ctrl Pts',(8.37628915000482,27.8109681460388,-6.83326286901678));
#6543=CARTESIAN_POINT('Ctrl Pts',(7.9154403140535,27.9718166681772,-7.03869344851465));
#6544=CARTESIAN_POINT('Ctrl Pts',(7.62885902776126,27.9999999999994,-7.24820646131331));
#6545=CARTESIAN_POINT('Ctrl Pts',(7.46939232340322,27.9999999999994,-7.34960158023872));
#6546=CARTESIAN_POINT('Ctrl Pts',(7.75234223750945,27.6708929229565,-6.5585067521303));
#6547=CARTESIAN_POINT('Ctrl Pts',(7.68251540347463,27.735639524356,-6.60578379820541));
#6548=CARTESIAN_POINT('Ctrl Pts',(7.50839118768305,27.8529592632905,-6.70969168480954));
#6549=CARTESIAN_POINT('Ctrl Pts',(7.23000796339123,27.9751456780082,-6.94680971193117));
#6550=CARTESIAN_POINT('Ctrl Pts',(7.03582963786821,27.9999999999994,-7.14291823757869));
#6551=CARTESIAN_POINT('Ctrl Pts',(6.92607871720774,27.9999999999994,-7.24135492321923));
#6552=CARTESIAN_POINT('Ctrl Pts',(6.7542713165401,27.7108658790118,-6.48734454569545));
#6553=CARTESIAN_POINT('Ctrl Pts',(6.73160882480822,27.7677573902217,-6.54441357199151));
#6554=CARTESIAN_POINT('Ctrl Pts',(6.66608371638928,27.8716164732356,-6.67452631081023));
#6555=CARTESIAN_POINT('Ctrl Pts',(6.55711277101762,27.9735718811637,-6.92278501218816));
#6556=CARTESIAN_POINT('Ctrl Pts',(6.44271760454591,27.9999999999994,-7.10659966559098));
#6557=CARTESIAN_POINT('Ctrl Pts',(6.38557341898881,27.9999999999994,-7.20059116896204));
#6558=CARTESIAN_POINT('Ctrl Pts',(6.17078455901302,27.7071067811859,-6.49289321881275));
#6559=CARTESIAN_POINT('Ctrl Pts',(6.16367393449196,27.7673442813395,-6.55313071896635));
#6560=CARTESIAN_POINT('Ctrl Pts',(6.14367344075927,27.8733547573183,-6.69008625453567));
#6561=CARTESIAN_POINT('Ctrl Pts',(6.09742608370928,27.9759277125655,-6.93340918109719));
#6562=CARTESIAN_POINT('Ctrl Pts',(6.05788398706168,27.9999999999994,-7.11065576448054));
#6563=CARTESIAN_POINT('Ctrl Pts',(6.03837878651486,27.9999999999994,-7.19999999999929));
#6564=CARTESIAN_POINT('Ctrl Pts',(5.86701902659551,27.7071067811859,-6.49289321881275));
#6565=CARTESIAN_POINT('Ctrl Pts',(5.86701902659551,27.7688134886603,-6.55459992628717));
#6566=CARTESIAN_POINT('Ctrl Pts',(5.86701902659551,27.8759740183344,-6.69425466343967));
#6567=CARTESIAN_POINT('Ctrl Pts',(5.86701902659551,27.977023125542,-6.93820878852617));
#6568=CARTESIAN_POINT('Ctrl Pts',(5.86701902659551,27.9999999999994,-7.11273353739958));
#6569=CARTESIAN_POINT('Ctrl Pts',(5.86701902659551,27.9999999999994,-7.19999999999929));
#6570=CARTESIAN_POINT('',(5.86701902659551,27.9999999999994,-7.19999999999929));
#6571=CARTESIAN_POINT('Ctrl Pts',(5.86701902659551,27.9999999999994,-7.19999999999929));
#6572=CARTESIAN_POINT('Ctrl Pts',(5.90450397407787,27.9999999999994,-7.19999999999929));
#6573=CARTESIAN_POINT('Ctrl Pts',(5.94199421442898,27.9999999999994,-7.20000066525052));
#6574=CARTESIAN_POINT('Ctrl Pts',(5.979604096748,27.9999999999994,-7.20008236234006));
#6575=CARTESIAN_POINT('Ctrl Pts',(6.01861496995321,27.9999999999994,-7.20016710269564));
#6576=CARTESIAN_POINT('Ctrl Pts',(6.05775402918551,27.9999999999994,-7.20033901311652));
#6577=CARTESIAN_POINT('Ctrl Pts',(6.0970850903955,27.9999999999994,-7.20067927436576));
#6578=CARTESIAN_POINT('Ctrl Pts',(6.13962631297368,27.9999999999994,-7.20104730739344));
#6579=CARTESIAN_POINT('Ctrl Pts',(6.18239171314093,27.9999999999994,-7.20161233446185));
#6580=CARTESIAN_POINT('Ctrl Pts',(6.22539588394319,27.9999999999994,-7.20246698654185));
#6581=CARTESIAN_POINT('Ctrl Pts',(6.27418540739509,27.9999999999994,-7.203436614997));
#6582=CARTESIAN_POINT('Ctrl Pts',(6.32328146652055,27.9999999999994,-7.2047791623121));
#6583=CARTESIAN_POINT('Ctrl Pts',(6.37263232983243,27.9999999999994,-7.20661585973444));
#6584=CARTESIAN_POINT('Ctrl Pts',(6.43943687588292,27.9999999999994,-7.20910213311038));
#6585=CARTESIAN_POINT('Ctrl Pts',(6.50670464769197,27.9999999999994,-7.2124948716442));
#6586=CARTESIAN_POINT('Ctrl Pts',(6.57420699756894,27.9999999999994,-7.21705977129158));
#6587=CARTESIAN_POINT('Ctrl Pts',(6.62675623505893,27.9999999999994,-7.22061345492075));
#6588=CARTESIAN_POINT('Ctrl Pts',(6.67944324442162,27.9999999999994,-7.22487656180116));
#6589=CARTESIAN_POINT('Ctrl Pts',(6.73217765710055,27.9999999999994,-7.22996200842013));
#6590=CARTESIAN_POINT('Ctrl Pts',(6.77671558054328,27.9999999999994,-7.2342570260506));
#6591=CARTESIAN_POINT('Ctrl Pts',(6.82128654801684,27.9999999999994,-7.23913836268295));
#6592=CARTESIAN_POINT('Ctrl Pts',(6.86587495176215,27.9999999999994,-7.24467004697443));
#6593=CARTESIAN_POINT('Ctrl Pts',(6.9233669736294,27.9999999999994,-7.25180256770931));
#6594=CARTESIAN_POINT('Ctrl Pts',(6.98088766568781,27.9999999999994,-7.2600173058325));
#6595=CARTESIAN_POINT('Ctrl Pts',(7.03852148479166,27.9999999999994,-7.26944297112505));
#6596=CARTESIAN_POINT('Ctrl Pts',(7.08666370206964,27.9999999999994,-7.27731634189172));
#6597=CARTESIAN_POINT('Ctrl Pts',(7.13488747736082,27.9999999999994,-7.28603435153264));
#6598=CARTESIAN_POINT('Ctrl Pts',(7.18319586034811,27.9999999999994,-7.29565277260604));
#6599=CARTESIAN_POINT('Ctrl Pts',(7.23618586610871,27.9999999999994,-7.30620332628988));
#6600=CARTESIAN_POINT('Ctrl Pts',(7.28927710171273,27.9999999999994,-7.31783722806036));
#6601=CARTESIAN_POINT('Ctrl Pts',(7.34241550673439,27.9999999999994,-7.33060671959572));
#6602=CARTESIAN_POINT('Ctrl Pts',(7.40663376474323,27.9999999999994,-7.34603876919761));
#6603=CARTESIAN_POINT('Ctrl Pts',(7.47091968358034,27.9999999999994,-7.36312944328288));
#6604=CARTESIAN_POINT('Ctrl Pts',(7.53510888707865,27.9999999999994,-7.38193966826582));
#6605=CARTESIAN_POINT('Ctrl Pts',(7.60941584579039,27.9999999999994,-7.40371483503827));
#6606=CARTESIAN_POINT('Ctrl Pts',(7.68358658876386,27.9999999999994,-7.42779330729903));
#6607=CARTESIAN_POINT('Ctrl Pts',(7.75734506103498,27.9999999999994,-7.45423844793786));
#6608=CARTESIAN_POINT('Ctrl Pts',(7.81194785588897,27.9999999999994,-7.47381556965317));
#6609=CARTESIAN_POINT('Ctrl Pts',(7.8663234745232,27.9999999999994,-7.49468881952592));
#6610=CARTESIAN_POINT('Ctrl Pts',(7.92039280033751,27.9999999999994,-7.51688225004088));
#6611=CARTESIAN_POINT('Ctrl Pts',(7.97161822964361,27.9999999999994,-7.5379083676923));
#6612=CARTESIAN_POINT('Ctrl Pts',(8.02256760848572,27.9999999999994,-7.56011910042917));
#6613=CARTESIAN_POINT('Ctrl Pts',(8.07322308595757,27.9999999999994,-7.58354025158091));
#6614=CARTESIAN_POINT('Ctrl Pts',(8.12727882807662,27.9999999999994,-7.60853355477292));
#6615=CARTESIAN_POINT('Ctrl Pts',(8.18100895147137,27.9999999999994,-7.6349086391088));
#6616=CARTESIAN_POINT('Ctrl Pts',(8.23439676749413,27.9999999999994,-7.66268144723758));
#6617=CARTESIAN_POINT('Ctrl Pts',(8.29425255448299,27.9999999999994,-7.69381895034747));
#6618=CARTESIAN_POINT('Ctrl Pts',(8.35367793315688,27.9999999999994,-7.72671342918223));
#6619=CARTESIAN_POINT('Ctrl Pts',(8.4125949603015,27.9999999999994,-7.76134476349896));
#6620=CARTESIAN_POINT('Ctrl Pts',(8.47912708279936,27.9999999999994,-7.80045223868383));
#6621=CARTESIAN_POINT('Ctrl Pts',(8.54501002468682,27.9999999999994,-7.84177424410211));
#6622=CARTESIAN_POINT('Ctrl Pts',(8.61007383442677,27.9999999999994,-7.88523193851919));
#6623=CARTESIAN_POINT('Ctrl Pts',(8.69578962713847,27.9999999999994,-7.94248359256882));
#6624=CARTESIAN_POINT('Ctrl Pts',(8.78007964018865,27.9999999999994,-8.00344084051033));
#6625=CARTESIAN_POINT('Ctrl Pts',(8.86249511619453,27.9999999999994,-8.06784735039566));
#6626=CARTESIAN_POINT('Ctrl Pts',(8.92395932710445,27.9999999999994,-8.11588074775517));
#6627=CARTESIAN_POINT('Ctrl Pts',(8.98437849335439,27.9999999999994,-8.16583018187266));
#6628=CARTESIAN_POINT('Ctrl Pts',(9.04358610078561,27.9999999999994,-8.21758590087093));
#6629=CARTESIAN_POINT('Ctrl Pts',(9.09660002890874,27.9999999999994,-8.26392747902241));
#6630=CARTESIAN_POINT('Ctrl Pts',(9.14864180304657,27.9999999999994,-8.31171650717381));
#6631=CARTESIAN_POINT('Ctrl Pts',(9.19962750779624,27.9999999999994,-8.36088741320408));
#6632=CARTESIAN_POINT('Ctrl Pts',(9.25957191772549,27.9999999999994,-8.41869814588185));
#6633=CARTESIAN_POINT('Ctrl Pts',(9.31805609534081,27.9999999999994,-8.47842011453767));
#6634=CARTESIAN_POINT('Ctrl Pts',(9.37502500624561,27.9999999999994,-8.53997913522558));
#6635=CARTESIAN_POINT('Ctrl Pts',(9.40419482747592,27.9999999999994,-8.57149923276755));
#6636=CARTESIAN_POINT('Ctrl Pts',(9.43296775585964,27.9999999999994,-8.60350053014458));
#6637=CARTESIAN_POINT('Ctrl Pts',(9.46133301753716,27.9999999999994,-8.63596575407692));
#6638=CARTESIAN_POINT('',(5.86701902659551,27.7071067811859,-6.49289321881275));
#6639=CARTESIAN_POINT('Origin',(5.86701902659551,26.9999999999994,-7.19999999999929));
#6640=CARTESIAN_POINT('Ctrl Pts',(11.0944149512599,27.0475227954432,-7.66440076562103));
#6641=CARTESIAN_POINT('Ctrl Pts',(10.9601349073926,27.1032346767219,-7.56434011793643));
#6642=CARTESIAN_POINT('Ctrl Pts',(10.6707484350626,27.2080738425604,-7.37671172856857));
#6643=CARTESIAN_POINT('Ctrl Pts',(10.1498225578151,27.3490172431578,-7.12524271757519));
#6644=CARTESIAN_POINT('Ctrl Pts',(9.50982172750921,27.4763973953308,-6.9013507618183));
#6645=CARTESIAN_POINT('Ctrl Pts',(8.71669548182627,27.5860486093631,-6.70833276256446));
#6646=CARTESIAN_POINT('Ctrl Pts',(7.75234223750947,27.6708929229565,-6.5585067521303));
#6647=CARTESIAN_POINT('Ctrl Pts',(6.75427131654009,27.7108658790118,-6.48734454569546));
#6648=CARTESIAN_POINT('Ctrl Pts',(6.17078455901301,27.7071067811859,-6.49289321881275));
#6649=CARTESIAN_POINT('Ctrl Pts',(5.86701902659551,27.7071067811859,-6.49289321881275));
#6650=CARTESIAN_POINT('Ctrl Pts',(11.0944149512599,27.0475227954432,-7.66440076562103));
#6651=CARTESIAN_POINT('Ctrl Pts',(10.9601349073926,27.1032346767219,-7.56434011793643));
#6652=CARTESIAN_POINT('Ctrl Pts',(10.6707484350626,27.2080738425604,-7.37671172856857));
#6653=CARTESIAN_POINT('Ctrl Pts',(10.1498225578151,27.3490172431578,-7.12524271757519));
#6654=CARTESIAN_POINT('Ctrl Pts',(9.50982172750921,27.4763973953308,-6.9013507618183));
#6655=CARTESIAN_POINT('Ctrl Pts',(8.71669548182627,27.5860486093631,-6.70833276256446));
#6656=CARTESIAN_POINT('Ctrl Pts',(7.75234223750947,27.6708929229565,-6.5585067521303));
#6657=CARTESIAN_POINT('Ctrl Pts',(6.75427131654009,27.7108658790118,-6.48734454569546));
#6658=CARTESIAN_POINT('Ctrl Pts',(6.17078455901301,27.7071067811859,-6.49289321881275));
#6659=CARTESIAN_POINT('Ctrl Pts',(5.86701902659551,27.7071067811859,-6.49289321881275));
#6660=CARTESIAN_POINT('Ctrl Pts',(10.8814260733642,26.9826085179594,-7.37435628810519));
#6661=CARTESIAN_POINT('Ctrl Pts',(10.7446569665675,27.0394073970463,-7.29440881956885));
#6662=CARTESIAN_POINT('Ctrl Pts',(10.4508948991607,27.1470887312537,-7.144308298962));
#6663=CARTESIAN_POINT('Ctrl Pts',(9.92634805991659,27.293131541014,-6.94295845962729));
#6664=CARTESIAN_POINT('Ctrl Pts',(9.28953829289631,27.4252664169022,-6.76428702109493));
#6665=CARTESIAN_POINT('Ctrl Pts',(8.51108806733311,27.5370153897107,-6.60899824960937));
#6666=CARTESIAN_POINT('Ctrl Pts',(7.59433506059509,27.619294303529,-6.48823802272859));
#6667=CARTESIAN_POINT('Ctrl Pts',(6.67761629050821,27.6534583176792,-6.43086609418454));
#6668=CARTESIAN_POINT('Ctrl Pts',(6.1441434577099,27.6468692810323,-6.43265571865915));
#6669=CARTESIAN_POINT('Ctrl Pts',(5.86701902659551,27.6454000737115,-6.43118651133833));
#6670=CARTESIAN_POINT('Ctrl Pts',(10.4100954688691,26.8409444794589,-6.90549938368363));
#6671=CARTESIAN_POINT('Ctrl Pts',(10.2696611949138,26.9020343956226,-6.85687669378065));
#6672=CARTESIAN_POINT('Ctrl Pts',(9.96955534028793,27.018710438241,-6.76580768218497));
#6673=CARTESIAN_POINT('Ctrl Pts',(9.43948153686445,27.1775693277365,-6.64408523828902));
#6674=CARTESIAN_POINT('Ctrl Pts',(8.80243641101918,27.3191912465023,-6.53302695807432));
#6675=CARTESIAN_POINT('Ctrl Pts',(8.05798076909413,27.4314133623673,-6.43353717981871));
#6676=CARTESIAN_POINT('Ctrl Pts',(7.25565061143066,27.5028226342916,-6.35898286789908));
#6677=CARTESIAN_POINT('Ctrl Pts',(6.51769785027313,27.5220789479619,-6.32627500906518));
#6678=CARTESIAN_POINT('Ctrl Pts',(6.09109108975105,27.509913745463,-6.32664524268042));
#6679=CARTESIAN_POINT('Ctrl Pts',(5.8670190265955,27.505745336559,-6.3240259816643));
#6680=CARTESIAN_POINT('Ctrl Pts',(9.22100235382267,26.5283165882993,-6.35491646145237));
#6681=CARTESIAN_POINT('Ctrl Pts',(9.08397796558527,26.605773499987,-6.34168269955987));
#6682=CARTESIAN_POINT('Ctrl Pts',(8.79579153781087,26.7506914137172,-6.31646987964827));
#6683=CARTESIAN_POINT('Ctrl Pts',(8.31452187357307,26.9383341739028,-6.28120371099564));
#6684=CARTESIAN_POINT('Ctrl Pts',(7.79499715959506,27.0930986134077,-6.25050976269627));
#6685=CARTESIAN_POINT('Ctrl Pts',(7.27422116049769,27.2007508318128,-6.22947685032513));
#6686=CARTESIAN_POINT('Ctrl Pts',(6.77706735189078,27.261857281232,-6.22242900177326));
#6687=CARTESIAN_POINT('Ctrl Pts',(6.32766554400021,27.2766155129514,-6.22655374582629));
#6688=CARTESIAN_POINT('Ctrl Pts',(6.02023113947543,27.2665908189015,-6.22407228743319));
#6689=CARTESIAN_POINT('Ctrl Pts',(5.86701902659555,27.2617912114725,-6.22297687445661));
#6690=CARTESIAN_POINT('Ctrl Pts',(8.36095061358862,26.2336363377337,-6.19999999999929));
#6691=CARTESIAN_POINT('Ctrl Pts',(8.26136475847579,26.326296163218,-6.19999999999929));
#6692=CARTESIAN_POINT('Ctrl Pts',(8.0540036762732,26.4981254322283,-6.19999999999929));
#6693=CARTESIAN_POINT('Ctrl Pts',(7.71253753288358,26.7154197424631,-6.19999999999929));
#6694=CARTESIAN_POINT('Ctrl Pts',(7.34879992993779,26.8875374453653,-6.19999999999929));
#6695=CARTESIAN_POINT('Ctrl Pts',(6.97737407911845,27.0041954104968,-6.19999999999929));
#6696=CARTESIAN_POINT('Ctrl Pts',(6.59865497249138,27.0716505707165,-6.19999999999929));
#6697=CARTESIAN_POINT('Ctrl Pts',(6.22925256378203,27.0932671766018,-6.19999999999929));
#6698=CARTESIAN_POINT('Ctrl Pts',(5.98698542721346,27.0893442355181,-6.19999999999929));
#6699=CARTESIAN_POINT('Ctrl Pts',(5.86701902659551,27.0872664625991,-6.19999999999929));
#6700=CARTESIAN_POINT('Ctrl Pts',(7.98781771789476,26.0911234018811,-6.19999999999929));
#6701=CARTESIAN_POINT('Ctrl Pts',(7.9079284787671,26.1912707370906,-6.19999999999929));
#6702=CARTESIAN_POINT('Ctrl Pts',(7.73841519182167,26.3758812548188,-6.19999999999929));
#6703=CARTESIAN_POINT('Ctrl Pts',(7.45156683342039,26.6063165336631,-6.19999999999929));
#6704=CARTESIAN_POINT('Ctrl Pts',(7.14428453566271,26.7848426391239,-6.19999999999929));
#6705=CARTESIAN_POINT('Ctrl Pts',(6.82813220259359,26.9043681729855,-6.19999999999929));
#6706=CARTESIAN_POINT('Ctrl Pts',(6.50309132585836,26.9738808876664,-6.19999999999929));
#6707=CARTESIAN_POINT('Ctrl Pts',(6.18227735368029,26.9995453439078,-6.19999999999929));
#6708=CARTESIAN_POINT('Ctrl Pts',(5.97116914327979,26.9999999999994,-6.19999999999929));
#6709=CARTESIAN_POINT('Ctrl Pts',(5.86701902659551,26.9999999999994,-6.19999999999929));
#6710=CARTESIAN_POINT('',(5.86701902659551,26.9999999999994,-6.19999999999929));
#6711=CARTESIAN_POINT('Origin',(5.86701902659551,26.9999999999994,-7.19999999999929));
#6712=CARTESIAN_POINT('',(7.98781771789476,26.0911234018811,-6.19999999999929));
#6713=CARTESIAN_POINT('Ctrl Pts',(7.98781771789475,26.0911234018811,-6.19999999999929));
#6714=CARTESIAN_POINT('Ctrl Pts',(7.96293104063688,26.1223207751045,-6.19999999999929));
#6715=CARTESIAN_POINT('Ctrl Pts',(7.93753444133065,26.1528103440272,-6.19999999999929));
#6716=CARTESIAN_POINT('Ctrl Pts',(7.91165815423405,26.1825267326137,-6.19999999999929));
#6717=CARTESIAN_POINT('Ctrl Pts',(7.88788173527841,26.2098316277187,-6.19999999999929));
#6718=CARTESIAN_POINT('Ctrl Pts',(7.86370054725649,26.2364833572381,-6.19999999999929));
#6719=CARTESIAN_POINT('Ctrl Pts',(7.83911427358383,26.2624672888467,-6.19999999999929));
#6720=CARTESIAN_POINT('Ctrl Pts',(7.80829776809898,26.2950356227714,-6.19999999999929));
#6721=CARTESIAN_POINT('Ctrl Pts',(7.77684156474438,26.3265570256481,-6.19999999999929));
#6722=CARTESIAN_POINT('Ctrl Pts',(7.74470135302414,26.3570804414452,-6.19999999999929));
#6723=CARTESIAN_POINT('Ctrl Pts',(7.71686595802474,26.3835155919925,-6.19999999999929));
#6724=CARTESIAN_POINT('Ctrl Pts',(7.68851755594689,26.409203034773,-6.19999999999929));
#6725=CARTESIAN_POINT('Ctrl Pts',(7.6596749149819,26.4341416359453,-6.19999999999929));
#6726=CARTESIAN_POINT('Ctrl Pts',(7.62745234445197,26.4620026711454,-6.19999999999929));
#6727=CARTESIAN_POINT('Ctrl Pts',(7.59461346124893,26.4889286451123,-6.19999999999929));
#6728=CARTESIAN_POINT('Ctrl Pts',(7.56123674928282,26.5148790489286,-6.19999999999929));
#6729=CARTESIAN_POINT('Ctrl Pts',(7.51388672435691,26.5516937078677,-6.19999999999929));
#6730=CARTESIAN_POINT('Ctrl Pts',(7.46545581173099,26.5865436453079,-6.19999999999929));
#6731=CARTESIAN_POINT('Ctrl Pts',(7.41626129299837,26.6192453224459,-6.19999999999929));
#6732=CARTESIAN_POINT('Ctrl Pts',(7.3784865591481,26.6443557856067,-6.19999999999929));
#6733=CARTESIAN_POINT('Ctrl Pts',(7.34026530295484,26.6681968494696,-6.19999999999929));
#6734=CARTESIAN_POINT('Ctrl Pts',(7.30173499823117,26.6906914557465,-6.19999999999929));
#6735=CARTESIAN_POINT('Ctrl Pts',(7.26888751223081,26.7098683418382,-6.19999999999929));
#6736=CARTESIAN_POINT('Ctrl Pts',(7.23581616722143,26.7280661080008,-6.19999999999929));
#6737=CARTESIAN_POINT('Ctrl Pts',(7.20257930346722,26.7452580578789,-6.19999999999929));
#6738=CARTESIAN_POINT('Ctrl Pts',(7.17203608405074,26.7610567054651,-6.19999999999929));
#6739=CARTESIAN_POINT('Ctrl Pts',(7.1413535025044,26.7760056525199,-6.19999999999929));
#6740=CARTESIAN_POINT('Ctrl Pts',(7.110544811915,26.7901089539652,-6.19999999999929));
#6741=CARTESIAN_POINT('Ctrl Pts',(7.0809606045379,26.8036517234461,-6.19999999999929));
#6742=CARTESIAN_POINT('Ctrl Pts',(7.05126053446152,26.816414414277,-6.19999999999929));
#6743=CARTESIAN_POINT('Ctrl Pts',(7.02141944168288,26.8284290113574,-6.19999999999929));
#6744=CARTESIAN_POINT('Ctrl Pts',(6.99319381078582,26.8397931924578,-6.19999999999929));
#6745=CARTESIAN_POINT('Ctrl Pts',(6.96483420429469,26.8504918225014,-6.19999999999929));
#6746=CARTESIAN_POINT('Ctrl Pts',(6.93632352331844,26.8605607185694,-6.19999999999929));
#6747=CARTESIAN_POINT('Ctrl Pts',(6.90416338250302,26.8719184660631,-6.19999999999929));
#6748=CARTESIAN_POINT('Ctrl Pts',(6.87181179669226,26.8824746426768,-6.19999999999929));
#6749=CARTESIAN_POINT('Ctrl Pts',(6.83931536291851,26.892260147708,-6.19999999999929));
#6750=CARTESIAN_POINT('Ctrl Pts',(6.79194564064934,26.9065243792486,-6.19999999999929));
#6751=CARTESIAN_POINT('Ctrl Pts',(6.74427166459697,26.9191493172199,-6.19999999999929));
#6752=CARTESIAN_POINT('Ctrl Pts',(6.69656360497616,26.9302005145975,-6.19999999999929));
#6753=CARTESIAN_POINT('Ctrl Pts',(6.66155805516977,26.9383092753245,-6.19999999999929));
#6754=CARTESIAN_POINT('Ctrl Pts',(6.62653883604932,26.9455695031682,-6.19999999999929));
#6755=CARTESIAN_POINT('Ctrl Pts',(6.5915921763137,26.9520182316956,-6.19999999999929));
#6756=CARTESIAN_POINT('Ctrl Pts',(6.56101384904502,26.9576608691571,-6.19999999999929));
#6757=CARTESIAN_POINT('Ctrl Pts',(6.53049221773663,26.9626818855539,-6.19999999999929));
#6758=CARTESIAN_POINT('Ctrl Pts',(6.50003791623158,26.9671238444602,-6.19999999999929));
#6759=CARTESIAN_POINT('Ctrl Pts',(6.46814172429657,26.971776112509,-6.19999999999929));
#6760=CARTESIAN_POINT('Ctrl Pts',(6.43631981447403,26.9757927259594,-6.19999999999929));
#6761=CARTESIAN_POINT('Ctrl Pts',(6.40450634657415,26.9792517033054,-6.19999999999929));
#6762=CARTESIAN_POINT('Ctrl Pts',(6.37505531508788,26.9824538204418,-6.19999999999929));
#6763=CARTESIAN_POINT('Ctrl Pts',(6.34560556822546,26.9851794963148,-6.19999999999929));
#6764=CARTESIAN_POINT('Ctrl Pts',(6.31615035568113,26.9874937878055,-6.19999999999929));
#6765=CARTESIAN_POINT('Ctrl Pts',(6.2809006636605,26.9902633506518,-6.19999999999929));
#6766=CARTESIAN_POINT('Ctrl Pts',(6.24564482013839,26.9924433073273,-6.19999999999929));
#6767=CARTESIAN_POINT('Ctrl Pts',(6.21045245673322,26.9941460710592,-6.19999999999929));
#6768=CARTESIAN_POINT('Ctrl Pts',(6.17459155228087,26.9958811817931,-6.19999999999929));
#6769=CARTESIAN_POINT('Ctrl Pts',(6.13880189895868,26.9971201877394,-6.19999999999929));
#6770=CARTESIAN_POINT('Ctrl Pts',(6.10317436058537,26.9979914175556,-6.19999999999929));
#6771=CARTESIAN_POINT('Ctrl Pts',(6.07388819379715,26.9987075765403,-6.19999999999929));
#6772=CARTESIAN_POINT('Ctrl Pts',(6.04471328789159,26.9991752514388,-6.19999999999929));
#6773=CARTESIAN_POINT('Ctrl Pts',(6.01566929906388,26.9994747764461,-6.19999999999929));
#6774=CARTESIAN_POINT('Ctrl Pts',(5.99026325328858,26.9997367840544,-6.19999999999929));
#6775=CARTESIAN_POINT('Ctrl Pts',(5.96495779695983,26.9998701602058,-6.19999999999929));
#6776=CARTESIAN_POINT('Ctrl Pts',(5.93972852777988,26.9999359678421,-6.19999999999929));
#6777=CARTESIAN_POINT('Ctrl Pts',(5.91544308438502,26.9999993136178,-6.19999999999929));
#6778=CARTESIAN_POINT('Ctrl Pts',(5.89122887516116,26.9999999999994,-6.19999999999929));
#6779=CARTESIAN_POINT('Ctrl Pts',(5.86701902659551,26.9999999999994,-6.19999999999929));
#6780=CARTESIAN_POINT('Ctrl Pts',(11.0944149512599,27.0475227954432,-7.66440076562103));
#6781=CARTESIAN_POINT('Ctrl Pts',(10.8814260733642,26.9826085179594,-7.37435628810519));
#6782=CARTESIAN_POINT('Ctrl Pts',(10.4100954688691,26.8409444794589,-6.90549938368363));
#6783=CARTESIAN_POINT('Ctrl Pts',(9.22100235382267,26.5283165882993,-6.35491646145237));
#6784=CARTESIAN_POINT('Ctrl Pts',(8.36095061358862,26.2336363377337,-6.19999999999929));
#6785=CARTESIAN_POINT('Ctrl Pts',(7.98781771789476,26.0911234018811,-6.19999999999929));
#6786=CARTESIAN_POINT('Ctrl Pts',(11.0944149512599,27.0475227954432,-7.66440076562103));
#6787=CARTESIAN_POINT('Ctrl Pts',(10.8814260733642,26.9826085179594,-7.37435628810519));
#6788=CARTESIAN_POINT('Ctrl Pts',(10.4100954688691,26.8409444794589,-6.90549938368363));
#6789=CARTESIAN_POINT('Ctrl Pts',(9.22100235382267,26.5283165882993,-6.35491646145237));
#6790=CARTESIAN_POINT('Ctrl Pts',(8.36095061358862,26.2336363377337,-6.19999999999929));
#6791=CARTESIAN_POINT('Ctrl Pts',(7.98781771789476,26.0911234018811,-6.19999999999929));
#6792=CARTESIAN_POINT('Ctrl Pts',(11.1445805634905,26.9500684618761,-7.6361159491618));
#6793=CARTESIAN_POINT('Ctrl Pts',(10.935063816319,26.8849377090994,-7.35726582845534));
#6794=CARTESIAN_POINT('Ctrl Pts',(10.4684763920961,26.7409291930734,-6.89722706348871));
#6795=CARTESIAN_POINT('Ctrl Pts',(9.29572730138484,26.4128951942799,-6.34998374589496));
#6796=CARTESIAN_POINT('Ctrl Pts',(8.45640450590394,26.1176158226768,-6.19999999999929));
#6797=CARTESIAN_POINT('Ctrl Pts',(8.08102183021038,25.9742848441367,-6.19999999999929));
#6798=CARTESIAN_POINT('Ctrl Pts',(11.2373052504978,26.7350589679042,-7.58312621815781));
#6799=CARTESIAN_POINT('Ctrl Pts',(11.033045043314,26.6685563312735,-7.32234320314951));
#6800=CARTESIAN_POINT('Ctrl Pts',(10.5716270154731,26.5175124089897,-6.87684685560997));
#6801=CARTESIAN_POINT('Ctrl Pts',(9.4308345831896,26.1563658075331,-6.33841095340452));
#6802=CARTESIAN_POINT('Ctrl Pts',(8.63324908266948,25.8639896509153,-6.19999999999929));
#6803=CARTESIAN_POINT('Ctrl Pts',(8.25343811994509,25.720372693505,-6.19999999999929));
#6804=CARTESIAN_POINT('Ctrl Pts',(11.3535394346569,26.3328022053716,-7.51328058481803));
#6805=CARTESIAN_POINT('Ctrl Pts',(11.1512153414982,26.2626089152775,-7.26915769672684));
#6806=CARTESIAN_POINT('Ctrl Pts',(10.6836036391051,26.0960168250049,-6.8359135879499));
#6807=CARTESIAN_POINT('Ctrl Pts',(9.58967108351633,25.7085158415374,-6.32167194901703));
#6808=CARTESIAN_POINT('Ctrl Pts',(8.83806171088939,25.4481803533711,-6.19999999999929));
#6809=CARTESIAN_POINT('Ctrl Pts',(8.44986099098027,25.3142701325503,-6.19999999999929));
#6810=CARTESIAN_POINT('Ctrl Pts',(11.4465897908811,25.8108487805865,-7.45276926329268));
#6811=CARTESIAN_POINT('Ctrl Pts',(11.2400270933404,25.7367271963065,-7.21679565518162));
#6812=CARTESIAN_POINT('Ctrl Pts',(10.7543228241399,25.555138583543,-6.78928506926083));
#6813=CARTESIAN_POINT('Ctrl Pts',(9.71324028674949,25.1937652402117,-6.31215072108866));
#6814=CARTESIAN_POINT('Ctrl Pts',(8.98343154368882,24.9897201801103,-6.19999999999929));
#6815=CARTESIAN_POINT('Ctrl Pts',(8.58924496892082,24.8773862553115,-6.19999999999929));
#6816=CARTESIAN_POINT('Ctrl Pts',(11.514018392776,25.1283616776946,-7.40279709907532));
#6817=CARTESIAN_POINT('Ctrl Pts',(11.2969904429436,25.0624718866931,-7.16991462811328));
#6818=CARTESIAN_POINT('Ctrl Pts',(10.7879612635668,24.9059593264868,-6.75022646001923));
#6819=CARTESIAN_POINT('Ctrl Pts',(9.79510884909093,24.6679974860859,-6.31152817746205));
#6820=CARTESIAN_POINT('Ctrl Pts',(9.06173357329135,24.5345646477725,-6.19999999999929));
#6821=CARTESIAN_POINT('Ctrl Pts',(8.66879987146927,24.4561003759011,-6.19999999999929));
#6822=CARTESIAN_POINT('Ctrl Pts',(11.5362055481193,24.3471545584634,-7.374975190397));
#6823=CARTESIAN_POINT('Ctrl Pts',(11.3069586776161,24.3181137703364,-7.14344488420009));
#6824=CARTESIAN_POINT('Ctrl Pts',(10.7780217358496,24.2498229432465,-6.72924513465592));
#6825=CARTESIAN_POINT('Ctrl Pts',(9.81077246909611,24.1602391256909,-6.3071700443946));
#6826=CARTESIAN_POINT('Ctrl Pts',(9.07641452860251,24.0802975411494,-6.19999999999929));
#6827=CARTESIAN_POINT('Ctrl Pts',(8.6992178935157,24.039282242183,-6.19999999999929));
#6828=CARTESIAN_POINT('Ctrl Pts',(11.5284271247406,23.8983652976186,-7.3715728752531));
#6829=CARTESIAN_POINT('Ctrl Pts',(11.2884565956735,23.8885851608996,-7.1316023461859));
#6830=CARTESIAN_POINT('Ctrl Pts',(10.7424339211183,23.8672913474392,-6.70832714473455));
#6831=CARTESIAN_POINT('Ctrl Pts',(9.7695630138889,23.8300810916688,-6.29701942505257));
#6832=CARTESIAN_POINT('Ctrl Pts',(9.05876212401563,23.8023059077705,-6.19999999999929));
#6833=CARTESIAN_POINT('Ctrl Pts',(8.69999999999459,23.7885274960677,-6.19999999999929));
#6834=CARTESIAN_POINT('Ctrl Pts',(11.5284271247409,23.6670190266058,-7.3715728752531));
#6835=CARTESIAN_POINT('Ctrl Pts',(11.2816002948432,23.6670190266056,-7.12474604535541));
#6836=CARTESIAN_POINT('Ctrl Pts',(10.7229813462332,23.6670190266049,-6.6961039266593));
#6837=CARTESIAN_POINT('Ctrl Pts',(9.74716484588718,23.6670190266039,-6.29190749782853));
#6838=CARTESIAN_POINT('Ctrl Pts',(9.04906585039359,23.6670190266031,-6.19999999999929));
#6839=CARTESIAN_POINT('Ctrl Pts',(8.69999999999473,23.6670190266027,-6.19999999999929));
#6840=CARTESIAN_POINT('',(8.69999999999471,23.6670190266027,-6.19999999999929));
#6841=CARTESIAN_POINT('Ctrl Pts',(8.69999999999471,23.6670190266027,-6.19999999999929));
#6842=CARTESIAN_POINT('Ctrl Pts',(8.69999999999468,23.6898018646274,-6.19999999999929));
#6843=CARTESIAN_POINT('Ctrl Pts',(8.69999952692659,23.7125897256683,-6.19999999999929));
#6844=CARTESIAN_POINT('Ctrl Pts',(8.69995725440376,23.7355198081338,-6.19999999999929));
#6845=CARTESIAN_POINT('Ctrl Pts',(8.69991361596663,23.7591908098791,-6.19999999999929));
#6846=CARTESIAN_POINT('Ctrl Pts',(8.69982545739574,23.7830129972483,-6.19999999999929));
#6847=CARTESIAN_POINT('Ctrl Pts',(8.6996531611463,23.8070762634842,-6.19999999999929));
#6848=CARTESIAN_POINT('Ctrl Pts',(8.69947079086382,23.8325464909282,-6.19999999999929));
#6849=CARTESIAN_POINT('Ctrl Pts',(8.69919416942145,23.8582864976316,-6.19999999999929));
#6850=CARTESIAN_POINT('Ctrl Pts',(8.69878250529393,23.8843406236955,-6.19999999999929));
#6851=CARTESIAN_POINT('Ctrl Pts',(8.69833713309923,23.9125281254237,-6.19999999999929));
#6852=CARTESIAN_POINT('Ctrl Pts',(8.69773371148657,23.9410828403994,-6.19999999999929));
#6853=CARTESIAN_POINT('Ctrl Pts',(8.69692745711665,23.9699957740353,-6.19999999999929));
#6854=CARTESIAN_POINT('Ctrl Pts',(8.69601134749806,24.0028482057167,-6.19999999999929));
#6855=CARTESIAN_POINT('Ctrl Pts',(8.69483337414291,24.036162305787,-6.19999999999929));
#6856=CARTESIAN_POINT('Ctrl Pts',(8.69333632754497,24.0698530635499,-6.19999999999929));
#6857=CARTESIAN_POINT('Ctrl Pts',(8.69121251057558,24.117649173001,-6.19999999999929));
#6858=CARTESIAN_POINT('Ctrl Pts',(8.68844634001216,24.1661991441422,-6.19999999999929));
#6859=CARTESIAN_POINT('Ctrl Pts',(8.68489356748731,24.215149540456,-6.19999999999929));
#6860=CARTESIAN_POINT('Ctrl Pts',(8.68227624899671,24.2512111730256,-6.19999999999929));
#6861=CARTESIAN_POINT('Ctrl Pts',(8.67923260618409,24.2874859260465,-6.19999999999929));
#6862=CARTESIAN_POINT('Ctrl Pts',(8.67570741375068,24.3238549752581,-6.19999999999929));
#6863=CARTESIAN_POINT('Ctrl Pts',(8.67272222434691,24.3546528685313,-6.19999999999929));
#6864=CARTESIAN_POINT('Ctrl Pts',(8.66939183093798,24.3855177043839,-6.19999999999929));
#6865=CARTESIAN_POINT('Ctrl Pts',(8.66568148123293,24.4164182175036,-6.19999999999929));
#6866=CARTESIAN_POINT('Ctrl Pts',(8.66229244149129,24.44464279883,-6.19999999999929));
#6867=CARTESIAN_POINT('Ctrl Pts',(8.65858645457332,24.4728967634828,-6.19999999999929));
#6868=CARTESIAN_POINT('Ctrl Pts',(8.65453491740632,24.5012001875048,-6.19999999999929));
#6869=CARTESIAN_POINT('Ctrl Pts',(8.64969232097273,24.5350298315578,-6.19999999999929));
#6870=CARTESIAN_POINT('Ctrl Pts',(8.64435468913641,24.5689369751549,-6.19999999999929));
#6871=CARTESIAN_POINT('Ctrl Pts',(8.63847395180468,24.6030163756774,-6.19999999999929));
#6872=CARTESIAN_POINT('Ctrl Pts',(8.63288153175785,24.6354249516628,-6.19999999999929));
#6873=CARTESIAN_POINT('Ctrl Pts',(8.62679816877213,24.6679892298111,-6.19999999999929));
#6874=CARTESIAN_POINT('Ctrl Pts',(8.62020019265822,24.7007288470741,-6.19999999999929));
#6875=CARTESIAN_POINT('Ctrl Pts',(8.61304597926159,24.7362285524959,-6.19999999999929));
#6876=CARTESIAN_POINT('Ctrl Pts',(8.60528685261746,24.7719339463182,-6.19999999999929));
#6877=CARTESIAN_POINT('Ctrl Pts',(8.59691085702172,24.8078040817194,-6.19999999999929));
#6878=CARTESIAN_POINT('Ctrl Pts',(8.58733535495552,24.8488110941662,-6.19999999999929));
#6879=CARTESIAN_POINT('Ctrl Pts',(8.57695388170931,24.8900325655508,-6.19999999999929));
#6880=CARTESIAN_POINT('Ctrl Pts',(8.56576895333557,24.9313336890898,-6.19999999999929));
#6881=CARTESIAN_POINT('Ctrl Pts',(8.55124204071993,24.984975321162,-6.19999999999929));
#6882=CARTESIAN_POINT('Ctrl Pts',(8.5353609574092,25.0387470802865,-6.19999999999929));
#6883=CARTESIAN_POINT('Ctrl Pts',(8.51815436269021,25.09227079546,-6.19999999999929));
#6884=CARTESIAN_POINT('Ctrl Pts',(8.50440021889852,25.1350551398805,-6.19999999999929));
#6885=CARTESIAN_POINT('Ctrl Pts',(8.48980025164814,25.1776769032455,-6.19999999999929));
#6886=CARTESIAN_POINT('Ctrl Pts',(8.47436347870351,25.2199641047218,-6.19999999999929));
#6887=CARTESIAN_POINT('Ctrl Pts',(8.46134400528653,25.255629401962,-6.19999999999929));
#6888=CARTESIAN_POINT('Ctrl Pts',(8.44772947881603,25.291056013098,-6.19999999999929));
#6889=CARTESIAN_POINT('Ctrl Pts',(8.43351436754516,25.3261809269274,-6.19999999999929));
#6890=CARTESIAN_POINT('Ctrl Pts',(8.42052572414877,25.3582752926602,-6.19999999999929));
#6891=CARTESIAN_POINT('Ctrl Pts',(8.40703577277562,25.3901173728272,-6.19999999999929));
#6892=CARTESIAN_POINT('Ctrl Pts',(8.3930283698487,25.4217027208057,-6.19999999999929));
#6893=CARTESIAN_POINT('Ctrl Pts',(8.37728482010629,25.4572029130701,-6.19999999999929));
#6894=CARTESIAN_POINT('Ctrl Pts',(8.36088536551268,25.4923832849745,-6.19999999999929));
#6895=CARTESIAN_POINT('Ctrl Pts',(8.3437955321519,25.5272940254887,-6.19999999999929));
#6896=CARTESIAN_POINT('Ctrl Pts',(8.32722562467345,25.5611426726998,-6.19999999999929));
#6897=CARTESIAN_POINT('Ctrl Pts',(8.31000663327405,25.5947386146676,-6.19999999999929));
#6898=CARTESIAN_POINT('Ctrl Pts',(8.29213809011167,25.6280787841058,-6.19999999999929));
#6899=CARTESIAN_POINT('Ctrl Pts',(8.27285698092931,25.6640546015664,-6.19999999999929));
#6900=CARTESIAN_POINT('Ctrl Pts',(8.25281989661082,25.6997321055044,-6.19999999999929));
#6901=CARTESIAN_POINT('Ctrl Pts',(8.23205832857901,25.7350541504934,-6.19999999999929));
#6902=CARTESIAN_POINT('Ctrl Pts',(8.20760906572516,25.7766501398305,-6.19999999999929));
#6903=CARTESIAN_POINT('Ctrl Pts',(8.18215562134112,25.8177524514456,-6.19999999999929));
#6904=CARTESIAN_POINT('Ctrl Pts',(8.15578630016615,25.8582048997329,-6.19999999999929));
#6905=CARTESIAN_POINT('Ctrl Pts',(8.12324946166675,25.9081187662333,-6.19999999999929));
#6906=CARTESIAN_POINT('Ctrl Pts',(8.08932134679181,25.9570385524109,-6.19999999999929));
#6907=CARTESIAN_POINT('Ctrl Pts',(8.05419220801641,26.0046224900948,-6.19999999999929));
#6908=CARTESIAN_POINT('Ctrl Pts',(8.03251204954551,26.0339892023349,-6.19999999999929));
#6909=CARTESIAN_POINT('Ctrl Pts',(8.01037474711349,26.0628464225136,-6.19999999999929));
#6910=CARTESIAN_POINT('Ctrl Pts',(7.98781771789475,26.0911234018811,-6.19999999999929));
#6911=CARTESIAN_POINT('',(11.5284271247409,23.6670190266058,-7.3715728752531));
#6912=CARTESIAN_POINT('Origin',(8.69999999999471,23.6670190266027,-10.1999999999993));
#6913=CARTESIAN_POINT('Ctrl Pts',(11.0944149512599,27.0475227954432,-7.66440076562103));
#6914=CARTESIAN_POINT('Ctrl Pts',(11.1445805634905,26.9500684618761,-7.6361159491618));
#6915=CARTESIAN_POINT('Ctrl Pts',(11.2373052504978,26.7350589679042,-7.58312621815781));
#6916=CARTESIAN_POINT('Ctrl Pts',(11.3535394346569,26.3328022053716,-7.51328058481803));
#6917=CARTESIAN_POINT('Ctrl Pts',(11.4465897908811,25.8108487805865,-7.45276926329268));
#6918=CARTESIAN_POINT('Ctrl Pts',(11.514018392776,25.1283616776946,-7.40279709907532));
#6919=CARTESIAN_POINT('Ctrl Pts',(11.5362055481193,24.3471545584634,-7.374975190397));
#6920=CARTESIAN_POINT('Ctrl Pts',(11.5284271247406,23.8983652976186,-7.3715728752531));
#6921=CARTESIAN_POINT('Ctrl Pts',(11.5284271247409,23.6670190266058,-7.3715728752531));
#6922=CARTESIAN_POINT('Origin',(12.7000000000073,-12.1670190266071,-19.1999999999993));
#6923=CARTESIAN_POINT('',(9.29999999999601,-22.1670190266034,-19.1999999999993));
#6924=CARTESIAN_POINT('',(9.30000000000899,-12.1670190266034,-19.1999999999993));
#6925=CARTESIAN_POINT('',(9.30000000000575,-14.667019026603,-19.1999999999993));
#6926=CARTESIAN_POINT('',(12.6999999999964,-22.1670190266071,-19.1999999999993));
#6927=CARTESIAN_POINT('',(12.6999999999964,-22.1670190266071,-19.1999999999993));
#6928=CARTESIAN_POINT('',(12.7000000000073,-12.1670190266071,-19.1999999999993));
#6929=CARTESIAN_POINT('',(12.6999999999986,-20.0835095133032,-19.1999999999993));
#6930=CARTESIAN_POINT('',(12.7000000000073,-12.1670190266071,-19.1999999999993));
#6931=CARTESIAN_POINT('Origin',(12.7000000000073,-12.1670190266071,-17.6999999999993));
#6932=CARTESIAN_POINT('',(9.30000000000899,-12.1670190266034,-17.6999999999993));
#6933=CARTESIAN_POINT('',(9.30000000000899,-12.1670190266034,-16.5749999999993));
#6934=CARTESIAN_POINT('',(12.7000000000073,-12.1670190266071,-17.6999999999993));
#6935=CARTESIAN_POINT('',(12.7000000000073,-12.1670190266071,-16.6499999999993));
#6936=CARTESIAN_POINT('',(12.7000000000073,-12.1670190266071,-17.6999999999993));
#6937=CARTESIAN_POINT('Origin',(12.6999999999964,-22.1670190266071,-17.6999999999993));
#6938=CARTESIAN_POINT('',(9.29999999999601,-22.1670190266034,-17.6999999999993));
#6939=CARTESIAN_POINT('',(9.29999999999925,-19.667019026603,-17.6999999999993));
#6940=CARTESIAN_POINT('',(12.6999999999964,-22.1670190266071,-17.6999999999993));
#6941=CARTESIAN_POINT('',(12.6999999999932,-25.0835095133032,-17.6999999999993));
#6942=CARTESIAN_POINT('',(12.6999999999964,-22.1670190266071,-17.6999999999993));
#6943=CARTESIAN_POINT('Origin',(12.6999999999964,-22.1670190266071,-19.1999999999993));
#6944=CARTESIAN_POINT('',(9.29999999999601,-22.1670190266034,-17.3249999999993));
#6945=CARTESIAN_POINT('',(12.6999999999964,-22.1670190266071,-17.3999999999993));
#6946=CARTESIAN_POINT('Origin',(9.3000000000025,-17.1670190266034,-15.4499999999993));
#6947=CARTESIAN_POINT('Origin',(9.3000000000025,-17.1670190266034,-15.4499999999993));
#6948=CARTESIAN_POINT('',(9.29999999999713,-21.2999999999999,-15.5999999999993));
#6949=CARTESIAN_POINT('',(9.29999999999713,-21.2999999999999,-14.6999999999993));
#6950=CARTESIAN_POINT('',(9.29999999999713,-21.2999999999999,-15.5999999999993));
#6951=CARTESIAN_POINT('',(9.29999999999601,-22.1670190266034,-14.6999999999993));
#6952=CARTESIAN_POINT('',(9.29999999999925,-19.667019026603,-14.6999999999993));
#6953=CARTESIAN_POINT('',(9.29999999999601,-22.1670190266034,-16.1999999999993));
#6954=CARTESIAN_POINT('',(9.29999999999601,-22.1670190266034,-15.8249999999993));
#6955=CARTESIAN_POINT('',(9.30000000000899,-12.1670190266034,-16.1999999999993));
#6956=CARTESIAN_POINT('',(9.30000000000575,-14.667019026603,-16.1999999999993));
#6957=CARTESIAN_POINT('',(9.30000000000899,-12.1670190266034,-14.6999999999993));
#6958=CARTESIAN_POINT('',(9.30000000000899,-12.1670190266034,-15.0749999999993));
#6959=CARTESIAN_POINT('',(9.29999999999934,-19.5999999999999,-14.6999999999993));
#6960=CARTESIAN_POINT('',(9.29999999999925,-19.667019026603,-14.6999999999993));
#6961=CARTESIAN_POINT('',(9.29999999999934,-19.5999999999999,-15.5999999999993));
#6962=CARTESIAN_POINT('',(9.29999999999934,-19.5999999999999,-15.5999999999993));
#6963=CARTESIAN_POINT('',(9.29999999999713,-21.2999999999999,-15.5999999999993));
#6964=CARTESIAN_POINT('Origin',(12.7000000000073,-12.1670190266071,-16.1999999999993));
#6965=CARTESIAN_POINT('',(12.6999999999964,-22.1670190266071,-16.1999999999993));
#6966=CARTESIAN_POINT('',(12.6999999999964,-22.1670190266071,-16.1999999999993));
#6967=CARTESIAN_POINT('',(12.7000000000073,-12.1670190266071,-16.1999999999993));
#6968=CARTESIAN_POINT('',(12.6999999999986,-20.0835095133032,-16.1999999999993));
#6969=CARTESIAN_POINT('',(12.7000000000073,-12.1670190266071,-16.1999999999993));
#6970=CARTESIAN_POINT('Origin',(12.7000000000073,-12.1670190266071,-14.6999999999993));
#6971=CARTESIAN_POINT('',(12.7000000000073,-12.1670190266071,-14.6999999999993));
#6972=CARTESIAN_POINT('',(12.7000000000073,-12.1670190266071,-15.1499999999993));
#6973=CARTESIAN_POINT('',(12.7000000000073,-12.1670190266071,-14.6999999999993));
#6974=CARTESIAN_POINT('Origin',(12.6999999999964,-22.1670190266071,-14.6999999999993));
#6975=CARTESIAN_POINT('',(12.6999999999964,-22.1670190266071,-14.6999999999993));
#6976=CARTESIAN_POINT('',(12.6999999999932,-25.0835095133032,-14.6999999999993));
#6977=CARTESIAN_POINT('',(12.6999999999964,-22.1670190266071,-14.6999999999993));
#6978=CARTESIAN_POINT('',(9.29999999999767,-20.8835095133013,-14.6999999999993));
#6979=CARTESIAN_POINT('Origin',(12.6999999999964,-22.1670190266071,-16.1999999999993));
#6980=CARTESIAN_POINT('',(12.6999999999964,-22.1670190266071,-15.8999999999993));
#6981=CARTESIAN_POINT('Origin',(9.3000000000025,-17.1670190266034,-15.4499999999993));
#6982=CARTESIAN_POINT('',(9.29999999999934,-19.5999999999999,-13.1999999999993));
#6983=CARTESIAN_POINT('',(9.29999999999934,-19.5999999999999,-11.6999999999993));
#6984=CARTESIAN_POINT('',(9.29999999999934,-19.5999999999999,-15.5999999999993));
#6985=CARTESIAN_POINT('',(9.30000000000899,-12.1670190266034,-13.1999999999993));
#6986=CARTESIAN_POINT('',(9.30000000000574,-14.667019026603,-13.1999999999993));
#6987=CARTESIAN_POINT('',(9.30000000000899,-12.1670190266034,-11.6999999999993));
#6988=CARTESIAN_POINT('',(9.30000000000899,-12.1670190266034,-13.5749999999993));
#6989=CARTESIAN_POINT('',(9.29999999999925,-19.667019026603,-11.6999999999993));
#6990=CARTESIAN_POINT('Origin',(12.6999999999964,-22.1670190266071,-13.1999999999993));
#6991=CARTESIAN_POINT('',(9.299999999996,-22.1670190266034,-11.6999999999993));
#6992=CARTESIAN_POINT('',(9.299999999996,-22.1670190266034,-13.1999999999993));
#6993=CARTESIAN_POINT('',(9.29999999999601,-22.1670190266034,-14.3249999999993));
#6994=CARTESIAN_POINT('',(12.6999999999964,-22.1670190266071,-11.6999999999993));
#6995=CARTESIAN_POINT('',(12.6999999999964,-22.1670190266071,-11.6999999999993));
#6996=CARTESIAN_POINT('',(12.6999999999964,-22.1670190266071,-13.1999999999993));
#6997=CARTESIAN_POINT('',(12.6999999999964,-22.1670190266071,-14.3999999999993));
#6998=CARTESIAN_POINT('',(12.6999999999964,-22.1670190266071,-13.1999999999993));
#6999=CARTESIAN_POINT('Origin',(12.7000000000073,-12.1670190266071,-13.1999999999993));
#7000=CARTESIAN_POINT('',(9.29999999999713,-21.2999999999999,-13.1999999999993));
#7001=CARTESIAN_POINT('',(9.30000000000574,-14.667019026603,-13.1999999999993));
#7002=CARTESIAN_POINT('',(12.7000000000073,-12.1670190266071,-13.1999999999993));
#7003=CARTESIAN_POINT('',(12.6999999999986,-20.0835095133032,-13.1999999999993));
#7004=CARTESIAN_POINT('',(12.7000000000073,-12.1670190266071,-13.1999999999993));
#7005=CARTESIAN_POINT('',(9.30000000000416,-15.8835095133013,-13.1999999999993));
#7006=CARTESIAN_POINT('Origin',(12.7000000000073,-12.1670190266071,-11.6999999999993));
#7007=CARTESIAN_POINT('',(12.7000000000073,-12.1670190266071,-11.6999999999993));
#7008=CARTESIAN_POINT('',(12.7000000000073,-12.1670190266071,-13.6499999999993));
#7009=CARTESIAN_POINT('',(12.7000000000073,-12.1670190266071,-11.6999999999993));
#7010=CARTESIAN_POINT('Origin',(12.6999999999964,-22.1670190266071,-11.6999999999993));
#7011=CARTESIAN_POINT('',(12.6999999999932,-25.0835095133032,-11.6999999999993));
#7012=CARTESIAN_POINT('',(9.29999999999713,-21.2999999999999,-11.6999999999993));
#7013=CARTESIAN_POINT('',(9.29999999999925,-19.667019026603,-11.6999999999993));
#7014=CARTESIAN_POINT('',(9.29999999999767,-20.8835095133013,-11.6999999999993));
#7015=CARTESIAN_POINT('Origin',(9.3000000000025,-17.1670190266034,-15.4499999999993));
#7016=CARTESIAN_POINT('',(9.29999999999713,-21.2999999999999,-15.5999999999993));
#7017=CARTESIAN_POINT('Origin',(9.29999999999934,-19.5999999999999,-15.5999999999993));
#7018=CARTESIAN_POINT('',(9.29999999999712,-21.2999999999999,-6.24525601334223));
#7019=CARTESIAN_POINT('',(9.29999999999713,-21.2999999999999,-15.5999999999993));
#7020=CARTESIAN_POINT('',(9.29999999999933,-19.5999999999999,-6.24525601334228));
#7021=CARTESIAN_POINT('',(9.30000000000508,-15.1750000000129,-6.24525601334241));
#7022=CARTESIAN_POINT('',(9.29999999999934,-19.5999999999999,-15.5999999999993));
#7023=CARTESIAN_POINT('Origin',(-18.,4.06639485941576E-14,-11.9999999999993));
#7024=CARTESIAN_POINT('',(-16.9,4.07986597420638E-14,-11.9999999999993));
#7025=CARTESIAN_POINT('Origin',(-18.,4.06639485941576E-14,-11.9999999999993));
#7026=CARTESIAN_POINT('',(-16.9,3.78130599866529E-14,-31.8999999999994));
#7027=CARTESIAN_POINT('',(-16.9,4.05292374462514E-14,-11.9999999999993));
#7028=CARTESIAN_POINT('Origin',(-18.,3.76783488387467E-14,-31.8999999999994));
#7029=CARTESIAN_POINT('Origin',(-5.60000000000054,15.05,-15.5999999999993));
#7030=CARTESIAN_POINT('',(0.317953563766199,14.0611493454011,-31.8999999999994));
#7031=CARTESIAN_POINT('',(0.317953563766196,14.0611493454011,-29.3999999999994));
#7032=CARTESIAN_POINT('',(0.317953563766183,14.0611493454011,-15.5999999999993));
#7033=CARTESIAN_POINT('',(-3.73134067147477,9.34841142190063,-29.3999999999994));
#7034=CARTESIAN_POINT('Origin',(-5.60000000000053,15.05,-29.3999999999994));
#7035=CARTESIAN_POINT('',(-3.73134067147477,9.34841142190063,-31.8999999999994));
#7036=CARTESIAN_POINT('',(-3.73134067147478,9.34841142190062,-15.5999999999993));
#7037=CARTESIAN_POINT('Origin',(-5.60000000000053,15.05,-31.8999999999994));
#7038=CARTESIAN_POINT('Origin',(0.199999999999365,10.7,-29.3999999999994));
#7039=CARTESIAN_POINT('',(4.69999999999953,15.2,-29.3999999999994));
#7040=CARTESIAN_POINT('Origin',(4.69999999999887,6.2,-29.3999999999994));
#7041=CARTESIAN_POINT('',(4.69999999999953,6.20000000000001,-29.3999999999994));
#7042=CARTESIAN_POINT('',(4.69999999999953,8.45000000000001,-29.3999999999994));
#7043=CARTESIAN_POINT('',(-4.3000000000008,6.20000000000001,-29.3999999999994));
#7044=CARTESIAN_POINT('',(4.69999999999953,6.20000000000001,-29.3999999999994));
#7045=CARTESIAN_POINT('Origin',(4.69999999999887,6.2,-29.3999999999994));
#7046=CARTESIAN_POINT('Origin',(4.69999999999886,6.2,-15.5999999999993));
#7047=CARTESIAN_POINT('',(-4.3000000000008,6.20000000000001,-29.8999999999994));
#7048=CARTESIAN_POINT('',(-4.3000000000008,6.20000000000001,-31.8999999999994));
#7049=CARTESIAN_POINT('',(-4.3000000000008,6.19999999999931,-31.8999999999994));
#7050=CARTESIAN_POINT('',(-4.30000000000114,6.19999999999931,-15.5999999999993));
#7051=CARTESIAN_POINT('Origin',(4.69999999999888,6.2,-31.8999999999994));
#7052=CARTESIAN_POINT('Origin',(4.69999999999886,6.2,-15.5999999999993));
#7053=CARTESIAN_POINT('',(4.69999999999885,15.2,-31.8999999999994));
#7054=CARTESIAN_POINT('Origin',(4.69999999999888,6.2,-31.8999999999994));
#7055=CARTESIAN_POINT('',(4.69999999999884,15.2,-15.5999999999993));
#7056=CARTESIAN_POINT('Origin',(-5.60000000000054,15.05,-15.5999999999993));
#7057=CARTESIAN_POINT('',(-1.10000000000054,15.05,-15.5999999999993));
#7058=CARTESIAN_POINT('Origin',(-5.60000000000054,15.05,-15.5999999999993));
#7059=CARTESIAN_POINT('',(-1.10000000000053,15.05,-31.8999999999994));
#7060=CARTESIAN_POINT('',(-1.10000000000054,15.05,-15.5999999999993));
#7061=CARTESIAN_POINT('Origin',(-5.60000000000053,15.05,-31.8999999999994));
#7062=CARTESIAN_POINT('Origin',(8.19999999999952,15.2,-15.5999999999993));
#7063=CARTESIAN_POINT('',(8.19999999999954,15.2,-31.8999999999994));
#7064=CARTESIAN_POINT('',(0.0250000000046731,15.2,-31.8999999999994));
#7065=CARTESIAN_POINT('',(8.19999999999951,15.2,-6.19999999999929));
#7066=CARTESIAN_POINT('',(8.19999999999952,15.2,-15.5999999999993));
#7067=CARTESIAN_POINT('',(4.69999999999951,15.2,-6.19999999999929));
#7068=CARTESIAN_POINT('',(4.69999999999951,15.2,-6.19999999999929));
#7069=CARTESIAN_POINT('',(4.69999999999952,15.2,-15.5999999999993));
#7070=CARTESIAN_POINT('',(4.69999999999952,15.2,-15.5999999999993));
#7071=CARTESIAN_POINT('',(4.69999999999952,15.2,-15.5999999999993));
#7072=CARTESIAN_POINT('',(5.74999999999993,15.2,-10.8999999999993));
#7073=CARTESIAN_POINT('Origin',(6.79999999999993,15.2,-10.8999999999993));
#7074=CARTESIAN_POINT('Ctrl Pts',(-22.000000000001,10.6500000000039,-14.5999999999993));
#7075=CARTESIAN_POINT('Ctrl Pts',(-22.000000000001,10.657460179353,-14.6015249885268));
#7076=CARTESIAN_POINT('Ctrl Pts',(-22.0000000242875,10.6649135257503,-14.6030488523931));
#7077=CARTESIAN_POINT('Ctrl Pts',(-21.9987763359019,13.6840735271221,-15.2200592394798));
#7078=CARTESIAN_POINT('Ctrl Pts',(-21.8115911306536,17.7034799412377,-16.0427404377755));
#7079=CARTESIAN_POINT('Ctrl Pts',(-21.2386776890958,22.5700968654331,-16.9795691103827));
#7080=CARTESIAN_POINT('Ctrl Pts',(-20.9376084260918,24.4618774328978,-17.3248894933636));
#7081=CARTESIAN_POINT('Ctrl Pts',(-20.7690357192688,25.384517859634,-17.4865968172599));
#7082=CARTESIAN_POINT('Ctrl Pts',(-22.000000000001,10.6500000000039,-14.5999999999993));
#7083=CARTESIAN_POINT('Ctrl Pts',(-22.0000266935493,10.6569231530099,-14.6022588507858));
#7084=CARTESIAN_POINT('Ctrl Pts',(-21.9999727757767,10.6638911877464,-14.6044937908114));
#7085=CARTESIAN_POINT('Ctrl Pts',(-22.0006293144227,13.472070942005,-15.5155220954111));
#7086=CARTESIAN_POINT('Ctrl Pts',(-21.6202058614753,17.2132923936251,-16.7296568823851));
#7087=CARTESIAN_POINT('Ctrl Pts',(-20.5789626933876,21.6604217757068,-17.9002714982696));
#7088=CARTESIAN_POINT('Ctrl Pts',(-20.0672755305649,23.3640397940992,-18.2695686231511));
#7089=CARTESIAN_POINT('Ctrl Pts',(-19.7936306278243,24.1867971225155,-18.4222770351606));
#7090=CARTESIAN_POINT('Ctrl Pts',(-22.000000000001,10.6500000000039,-14.5999999999993));
#7091=CARTESIAN_POINT('Ctrl Pts',(-22.0000260089179,10.6560250700276,-14.6035050405616));
#7092=CARTESIAN_POINT('Ctrl Pts',(-21.9999725315187,10.6620638817436,-14.6070575709563));
#7093=CARTESIAN_POINT('Ctrl Pts',(-21.9998287563142,13.1023124872136,-16.0311715913277));
#7094=CARTESIAN_POINT('Ctrl Pts',(-21.4378651876569,16.3550797259219,-17.9339422135633));
#7095=CARTESIAN_POINT('Ctrl Pts',(-19.8781305225144,20.0692958578848,-19.823312492713));
#7096=CARTESIAN_POINT('Ctrl Pts',(-19.1085642612143,21.4451229578121,-20.4339904168267));
#7097=CARTESIAN_POINT('Ctrl Pts',(-18.6971621326403,22.0937761081586,-20.6912518953943));
#7098=CARTESIAN_POINT('Ctrl Pts',(-22.000000000001,10.6500000000039,-14.5999999999993));
#7099=CARTESIAN_POINT('Ctrl Pts',(-22.0000203038993,10.6551240908027,-14.6047793878815));
#7100=CARTESIAN_POINT('Ctrl Pts',(-21.9999798164407,10.6602381678797,-14.6095945831983));
#7101=CARTESIAN_POINT('Ctrl Pts',(-21.9987137873925,12.7331158086683,-16.5482696426781));
#7102=CARTESIAN_POINT('Ctrl Pts',(-21.505816820169,15.4935735450991,-19.134915094001));
#7103=CARTESIAN_POINT('Ctrl Pts',(-20.0689115014829,18.7179995683939,-21.9969904494088));
#7104=CARTESIAN_POINT('Ctrl Pts',(-19.3350141468181,19.9372669381806,-23.0263171548126));
#7105=CARTESIAN_POINT('Ctrl Pts',(-18.9318844306709,20.5210168728792,-23.4998153095733));
#7106=CARTESIAN_POINT('Ctrl Pts',(-22.000000000001,10.6500000000039,-14.5999999999993));
#7107=CARTESIAN_POINT('Ctrl Pts',(-22.000000000001,10.6547325086591,-14.605337459846));
#7108=CARTESIAN_POINT('Ctrl Pts',(-22.0000000539242,10.6594606826986,-14.6106709833775));
#7109=CARTESIAN_POINT('Ctrl Pts',(-21.997283107775,12.5747230601689,-16.7702073381824));
#7110=CARTESIAN_POINT('Ctrl Pts',(-21.5816771995941,15.1245110413344,-19.6495915322155));
#7111=CARTESIAN_POINT('Ctrl Pts',(-20.3096417795365,18.2117433497362,-22.9284918863415));
#7112=CARTESIAN_POINT('Ctrl Pts',(-19.641179951532,19.4118308395171,-24.1371132267745));
#7113=CARTESIAN_POINT('Ctrl Pts',(-19.2668992340978,19.9971255892016,-24.7030888604112));
#7114=CARTESIAN_POINT('',(-19.2668992340978,19.9971255892016,-24.7030888604112));
#7115=CARTESIAN_POINT('',(-20.769035719269,25.3845178596337,-17.4865968172599));
#7116=CARTESIAN_POINT('Origin',(-27.6916250174385,25.384517859634,-24.7030888604112));
#7117=CARTESIAN_POINT('',(-22.000000000001,10.6500000000039,-14.5999999999993));
#7118=CARTESIAN_POINT('Ctrl Pts',(-22.000000000001,10.6500000000039,-14.5999999999993));
#7119=CARTESIAN_POINT('Ctrl Pts',(-22.000000000001,10.6547325086591,-14.605337459846));
#7120=CARTESIAN_POINT('Ctrl Pts',(-22.0000000539242,10.6594606826986,-14.6106709833775));
#7121=CARTESIAN_POINT('Ctrl Pts',(-21.997283107775,12.5747230601689,-16.7702073381824));
#7122=CARTESIAN_POINT('Ctrl Pts',(-21.5816771995941,15.1245110413344,-19.6495915322155));
#7123=CARTESIAN_POINT('Ctrl Pts',(-20.3096417795365,18.2117433497362,-22.9284918863415));
#7124=CARTESIAN_POINT('Ctrl Pts',(-19.641179951532,19.4118308395171,-24.1371132267745));
#7125=CARTESIAN_POINT('Ctrl Pts',(-19.2668992340978,19.9971255892016,-24.7030888604112));
#7126=CARTESIAN_POINT('Ctrl Pts',(-20.7690357192688,25.384517859634,-17.4865968172599));
#7127=CARTESIAN_POINT('Ctrl Pts',(-20.9376084260918,24.4618774328978,-17.3248894933636));
#7128=CARTESIAN_POINT('Ctrl Pts',(-21.2386776890958,22.5700968654331,-16.9795691103827));
#7129=CARTESIAN_POINT('Ctrl Pts',(-21.8115911306536,17.7034799412377,-16.0427404377755));
#7130=CARTESIAN_POINT('Ctrl Pts',(-21.9987763359019,13.6840735271221,-15.2200592394798));
#7131=CARTESIAN_POINT('Ctrl Pts',(-22.0000000242875,10.6649135257503,-14.6030488523931));
#7132=CARTESIAN_POINT('Ctrl Pts',(-22.000000000001,10.657460179353,-14.6015249885268));
#7133=CARTESIAN_POINT('Ctrl Pts',(-22.000000000001,10.6500000000039,-14.5999999999993));
#7134=CARTESIAN_POINT('Ctrl Pts',(-19.3845178596356,26.7690357192673,-17.4865968172599));
#7135=CARTESIAN_POINT('Ctrl Pts',(-17.588451411393,27.0971893249847,-17.1718077721792));
#7136=CARTESIAN_POINT('Ctrl Pts',(-13.1965201188704,27.7012679884346,-16.3416344752187));
#7137=CARTESIAN_POINT('Ctrl Pts',(-8.65346095281162,27.9516802804272,-15.4177879878776));
#7138=CARTESIAN_POINT('Ctrl Pts',(-6.0481383448654,27.9897828696476,-14.8857142857135));
#7139=CARTESIAN_POINT('Ctrl Pts',(-18.1867971225171,25.7936306278227,-18.4222770351606));
#7140=CARTESIAN_POINT('Ctrl Pts',(-16.5859425488599,26.3271914995106,-18.1265841097826));
#7141=CARTESIAN_POINT('Ctrl Pts',(-12.5937403554868,27.4103815000344,-17.1477029118379));
#7142=CARTESIAN_POINT('Ctrl Pts',(-8.37381687084947,27.9057658910466,-15.8049007606127));
#7143=CARTESIAN_POINT('Ctrl Pts',(-5.95064104640933,27.9800649011753,-15.0214183301993));
#7144=CARTESIAN_POINT('Ctrl Pts',(-16.0937761081602,24.6971621326387,-20.6912518953943));
#7145=CARTESIAN_POINT('Ctrl Pts',(-14.8310610269023,25.4967287946089,-20.1902292041684));
#7146=CARTESIAN_POINT('Ctrl Pts',(-11.5381378606604,27.1235138789075,-18.5938581568119));
#7147=CARTESIAN_POINT('Ctrl Pts',(-7.8844400360724,27.8600522964986,-16.485811671781));
#7148=CARTESIAN_POINT('Ctrl Pts',(-5.7800207920736,27.9703954759626,-15.2594257978075));
#7149=CARTESIAN_POINT('Ctrl Pts',(-14.5210168728808,24.9318844306693,-23.4998153095733));
#7150=CARTESIAN_POINT('Ctrl Pts',(-13.3850207099329,25.7163411155311,-22.5779944110333));
#7151=CARTESIAN_POINT('Ctrl Pts',(-10.5058924916691,27.223280768248,-20.0650920852177));
#7152=CARTESIAN_POINT('Ctrl Pts',(-7.39754515414342,27.8751094170447,-17.1693241058511));
#7153=CARTESIAN_POINT('Ctrl Pts',(-5.6097768584652,27.973586466745,-15.4978277414418));
#7154=CARTESIAN_POINT('Ctrl Pts',(-13.9971255892032,25.2668992340962,-24.7030888604112));
#7155=CARTESIAN_POINT('Ctrl Pts',(-12.8577561969909,25.9954962252184,-23.601327202629));
#7156=CARTESIAN_POINT('Ctrl Pts',(-10.0716498743124,27.3367275538469,-20.6957206632672));
#7157=CARTESIAN_POINT('Ctrl Pts',(-7.18967267024972,27.8927160888103,-17.4622579575732));
#7158=CARTESIAN_POINT('Ctrl Pts',(-5.53693602498966,27.9773149820612,-15.5999999999991));
#7159=CARTESIAN_POINT('',(-7.90000000000058,27.8912294502139,-15.600000000604));
#7160=CARTESIAN_POINT('',(-7.90000000000055,27.944632788091,-15.2632285934063));
#7161=CARTESIAN_POINT('Ctrl Pts',(-7.89881216370088,27.8913065374893,-15.5998126741689));
#7162=CARTESIAN_POINT('Ctrl Pts',(-7.89882796407725,27.9041680666076,-15.5136921265343));
#7163=CARTESIAN_POINT('Ctrl Pts',(-7.89882809859446,27.917657006396,-15.4276244566388));
#7164=CARTESIAN_POINT('Ctrl Pts',(-7.898834512191,27.931750562358,-15.3417545538324));
#7165=CARTESIAN_POINT('Ctrl Pts',(-7.89883647317427,27.936059724507,-15.3154994812369));
#7166=CARTESIAN_POINT('Ctrl Pts',(-7.89883880857422,27.9404253241987,-15.2892631952791));
#7167=CARTESIAN_POINT('Ctrl Pts',(-7.89884161429023,27.9448464649476,-15.2630505830449));
#7168=CARTESIAN_POINT('',(-5.53693602498959,27.9773149820612,-15.5999999999992));
#7169=CARTESIAN_POINT('Ctrl Pts',(-5.53693602498986,27.9773149820612,-15.5999999999993));
#7170=CARTESIAN_POINT('Ctrl Pts',(-5.83049003755449,27.9622887861796,-15.5999999999993));
#7171=CARTESIAN_POINT('Ctrl Pts',(-6.12444776808765,27.9488749877605,-15.5999999999993));
#7172=CARTESIAN_POINT('Ctrl Pts',(-6.91142176827301,27.9172713060531,-15.5999999999993));
#7173=CARTESIAN_POINT('Ctrl Pts',(-7.40644714117175,27.9019302084381,-15.5999999999993));
#7174=CARTESIAN_POINT('Ctrl Pts',(-7.90000000000448,27.891229450394,-15.5999999999993));
#7175=CARTESIAN_POINT('',(-13.9971255892032,25.2668992340962,-24.7030888604112));
#7176=CARTESIAN_POINT('Ctrl Pts',(-13.9971255892032,25.2668992340962,-24.7030888604112));
#7177=CARTESIAN_POINT('Ctrl Pts',(-12.8577561969909,25.9954962252184,-23.601327202629));
#7178=CARTESIAN_POINT('Ctrl Pts',(-10.0716498743124,27.3367275538469,-20.6957206632672));
#7179=CARTESIAN_POINT('Ctrl Pts',(-7.18967267024972,27.8927160888103,-17.4622579575732));
#7180=CARTESIAN_POINT('Ctrl Pts',(-5.53693602498966,27.9773149820612,-15.5999999999991));
#7181=CARTESIAN_POINT('',(-19.3845178596353,26.7690357192674,-17.4865968172599));
#7182=CARTESIAN_POINT('Origin',(-19.3845178596356,33.6916250174369,-24.7030888604112));
#7183=CARTESIAN_POINT('Ctrl Pts',(-7.8999944467732,27.9448072109347,-15.2632850894861));
#7184=CARTESIAN_POINT('Ctrl Pts',(-9.882250199831,27.8772990919908,-15.6665100939996));
#7185=CARTESIAN_POINT('Ctrl Pts',(-13.7918185835696,27.6193889523209,-16.4541592066406));
#7186=CARTESIAN_POINT('Ctrl Pts',(-17.588451411393,27.0971893249847,-17.1718077721792));
#7187=CARTESIAN_POINT('Ctrl Pts',(-19.3845178596356,26.7690357192673,-17.4865968172599));
#7188=CARTESIAN_POINT('Ctrl Pts',(-20.7690357192688,25.3845178596335,-17.4865968172599));
#7189=CARTESIAN_POINT('Ctrl Pts',(-20.611687137183,25.586264292799,-17.6375371361732));
#7190=CARTESIAN_POINT('Ctrl Pts',(-20.1918331551615,26.1137181296297,-17.8293283046787));
#7191=CARTESIAN_POINT('Ctrl Pts',(-19.6535131038555,26.5592376098196,-17.687850575811));
#7192=CARTESIAN_POINT('Ctrl Pts',(-19.384517859635,26.7690357192673,-17.4865968172598));
#7193=CARTESIAN_POINT('Ctrl Pts',(-19.7936306278243,24.1867971225151,-18.4222770351606));
#7194=CARTESIAN_POINT('Ctrl Pts',(-19.5792489845208,24.4160228858669,-18.6346803599159));
#7195=CARTESIAN_POINT('Ctrl Pts',(-19.0553417510561,24.9740540734871,-18.8865149104597));
#7196=CARTESIAN_POINT('Ctrl Pts',(-18.4924314736522,25.5077884367515,-18.7054814681676));
#7197=CARTESIAN_POINT('Ctrl Pts',(-18.1867971225166,25.7936306278228,-18.4222770351605));
#7198=CARTESIAN_POINT('Ctrl Pts',(-18.696758612358,22.0936656179457,-20.6910113620097));
#7199=CARTESIAN_POINT('Ctrl Pts',(-18.3537749974905,22.4705944364726,-21.1015525659716));
#7200=CARTESIAN_POINT('Ctrl Pts',(-17.4956475928148,23.3650568705235,-21.6158074797069));
#7201=CARTESIAN_POINT('Ctrl Pts',(-16.5962373759827,24.2394471258668,-21.2383996339586));
#7202=CARTESIAN_POINT('Ctrl Pts',(-16.093665617947,24.6967586123567,-20.6910113620094));
#7203=CARTESIAN_POINT('Ctrl Pts',(-18.9318844306708,20.5210168728793,-23.4998153095735));
#7204=CARTESIAN_POINT('Ctrl Pts',(-18.4535771298902,21.2030461352627,-24.18739823167));
#7205=CARTESIAN_POINT('Ctrl Pts',(-17.1122673746702,22.8693082532326,-25.1070352548692));
#7206=CARTESIAN_POINT('Ctrl Pts',(-15.4303892227245,24.2941413629624,-24.416592539035));
#7207=CARTESIAN_POINT('Ctrl Pts',(-14.5210168728805,24.9318844306695,-23.499815309573));
#7208=CARTESIAN_POINT('Ctrl Pts',(-19.2668992340977,19.9971255892018,-24.7030888604114));
#7209=CARTESIAN_POINT('Ctrl Pts',(-18.7337840004543,20.8308034483428,-25.5092490981899));
#7210=CARTESIAN_POINT('Ctrl Pts',(-17.1772942918313,22.8799716535225,-26.6023739299259));
#7211=CARTESIAN_POINT('Ctrl Pts',(-15.1086960680571,24.5560789225722,-25.7779691774488));
#7212=CARTESIAN_POINT('Ctrl Pts',(-13.9971255892028,25.2668992340964,-24.7030888604109));
#7213=CARTESIAN_POINT('Ctrl Pts',(-19.2668992340977,19.9971255892018,-24.7030888604114));
#7214=CARTESIAN_POINT('Ctrl Pts',(-18.7337840004543,20.8308034483428,-25.5092490981899));
#7215=CARTESIAN_POINT('Ctrl Pts',(-17.1772942918313,22.8799716535225,-26.6023739299259));
#7216=CARTESIAN_POINT('Ctrl Pts',(-15.1086960680571,24.5560789225722,-25.7779691774488));
#7217=CARTESIAN_POINT('Ctrl Pts',(-13.9971255892028,25.2668992340964,-24.7030888604109));
#7218=CARTESIAN_POINT('Ctrl Pts',(-19.384517859635,26.7690357192673,-17.4865968172598));
#7219=CARTESIAN_POINT('Ctrl Pts',(-19.6535131038555,26.5592376098196,-17.687850575811));
#7220=CARTESIAN_POINT('Ctrl Pts',(-20.1918331551615,26.1137181296297,-17.8293283046787));
#7221=CARTESIAN_POINT('Ctrl Pts',(-20.611687137183,25.586264292799,-17.6375371361732));
#7222=CARTESIAN_POINT('Ctrl Pts',(-20.7690357192688,25.3845178596335,-17.4865968172599));
#7223=CARTESIAN_POINT('Origin',(-18.000000000001,9.66250000000083,-14.5999999999993));
#7224=CARTESIAN_POINT('',(-22.000000000001,25.9999999999994,-14.5999999999993));
#7225=CARTESIAN_POINT('',(-22.000000000001,9.66250000000083,-14.5999999999993));
#7226=CARTESIAN_POINT('Origin',(-18.000000000001,23.9999999999994,-14.5999999999993));
#7227=CARTESIAN_POINT('Ctrl Pts',(-19.3541753332968,26.708350666591,-17.5436094623385));
#7228=CARTESIAN_POINT('Ctrl Pts',(-19.5280582200445,27.0561164400863,-17.2236377824963));
#7229=CARTESIAN_POINT('Ctrl Pts',(-19.8671168828694,27.7342337657363,-16.3318229657062));
#7230=CARTESIAN_POINT('Ctrl Pts',(-20.000000000001,27.9999999999994,-15.2300940446424));
#7231=CARTESIAN_POINT('Ctrl Pts',(-20.000000000001,27.9999999999994,-14.5999999999993));
#7232=CARTESIAN_POINT('Ctrl Pts',(-19.6605449116618,26.5424355193285,-17.6962643594759));
#7233=CARTESIAN_POINT('Ctrl Pts',(-19.8892628072163,26.8971132534519,-17.4069881418743));
#7234=CARTESIAN_POINT('Ctrl Pts',(-20.3667511950732,27.6418634834016,-16.5683913643727));
#7235=CARTESIAN_POINT('Ctrl Pts',(-20.5983986006847,27.9999999999994,-15.325801159267));
#7236=CARTESIAN_POINT('Ctrl Pts',(-20.5983986006847,27.9999999999994,-14.5999999999993));
#7237=CARTESIAN_POINT('Ctrl Pts',(-20.1957686738185,26.1203472785786,-17.8192273108572));
#7238=CARTESIAN_POINT('Ctrl Pts',(-20.5192367042496,26.4309414675275,-17.556157375151));
#7239=CARTESIAN_POINT('Ctrl Pts',(-21.2359788740848,27.1170735809444,-16.7698404770613));
#7240=CARTESIAN_POINT('Ctrl Pts',(-21.6345817476909,27.4981003152411,-15.4080350487688));
#7241=CARTESIAN_POINT('Ctrl Pts',(-21.6345817476909,27.4981003152411,-14.5999999999993));
#7242=CARTESIAN_POINT('Ctrl Pts',(-20.5839143061457,25.583952517069,-17.6581006351915));
#7243=CARTESIAN_POINT('Ctrl Pts',(-20.9366436743063,25.7987576305031,-17.3608403222789));
#7244=CARTESIAN_POINT('Ctrl Pts',(-21.6647976077267,26.2417024805763,-16.5077989679748));
#7245=CARTESIAN_POINT('Ctrl Pts',(-22.000000000001,26.4487989505122,-15.300856522058));
#7246=CARTESIAN_POINT('Ctrl Pts',(-22.000000000001,26.4487989505122,-14.5999999999993));
#7247=CARTESIAN_POINT('Ctrl Pts',(-20.7083506665926,25.3541753332952,-17.5436094623385));
#7248=CARTESIAN_POINT('Ctrl Pts',(-21.056116440088,25.5280582200429,-17.2236377824963));
#7249=CARTESIAN_POINT('Ctrl Pts',(-21.7342337657379,25.8671168828678,-16.3318229657062));
#7250=CARTESIAN_POINT('Ctrl Pts',(-22.000000000001,25.9999999999994,-15.2300940446424));
#7251=CARTESIAN_POINT('Ctrl Pts',(-22.000000000001,25.9999999999994,-14.5999999999993));
#7252=CARTESIAN_POINT('',(-20.000000000001,27.9999999999994,-14.5999999999993));
#7253=CARTESIAN_POINT('Origin',(-20.000000000001,25.9999999999994,-14.5999999999993));
#7254=CARTESIAN_POINT('Origin',(-18.000000000001,23.9999999999994,-14.5999999999993));
#7255=CARTESIAN_POINT('Origin',(-4.31250000000167,23.9999999999994,-14.5999999999993));
#7256=CARTESIAN_POINT('',(-7.90000000000058,27.9999999999994,-14.5999999999993));
#7257=CARTESIAN_POINT('',(-4.31250000000167,27.9999999999994,-14.5999999999993));
#7258=CARTESIAN_POINT('Origin',(-7.90000000000058,23.9999999999994,-14.5999999999993));
#7259=CARTESIAN_POINT('Origin',(-20.000000000001,25.9999999999994,-15.5999999999993));
#7260=CARTESIAN_POINT('',(-22.000000000001,25.9999999999994,-12.5329809733941));
#7261=CARTESIAN_POINT('',(-22.000000000001,25.9999999999994,-15.5999999999993));
#7262=CARTESIAN_POINT('Origin',(-20.000000000001,25.9999999999994,-12.5329809733941));
#7263=CARTESIAN_POINT('',(-20.000000000001,27.9999999999994,-15.5999999999993));
#7264=CARTESIAN_POINT('Origin',(-7.90000000000058,27.9999999999994,-15.5999999999993));
#7265=CARTESIAN_POINT('',(-7.90000000000058,25.4000000000001,-15.5999999999993));
#7266=CARTESIAN_POINT('',(-7.90000000000058,27.9999999999994,-15.5999999999993));
#7267=CARTESIAN_POINT('',(-7.90000000000058,27.9999999999994,-7.19999999999931));
#7268=CARTESIAN_POINT('',(-7.90000000000058,27.9999999999994,-15.5999999999993));
#7269=CARTESIAN_POINT('',(-7.90000000000059,26.9999999999994,-6.1999999999993));
#7270=CARTESIAN_POINT('Origin',(-7.90000000000058,26.9999999999994,-7.19999999999931));
#7271=CARTESIAN_POINT('',(-7.90000000000059,25.4000000000001,-6.19999999999931));
#7272=CARTESIAN_POINT('',(-7.90000000000058,27.9999999999994,-6.1999999999993));
#7273=CARTESIAN_POINT('',(-7.90000000000058,25.4000000000001,-15.5999999999993));
#7274=CARTESIAN_POINT('Origin',(-4.64999999999018,13.9999999999997,-15.5999999999993));
#7275=CARTESIAN_POINT('',(-4.65000000000549,27.9999999999994,-15.5999999999993));
#7276=CARTESIAN_POINT('Origin',(-4.65000000000549,10.6500000000039,-15.5999999999993));
#7277=CARTESIAN_POINT('',(-15.9000000000011,25.4000000000001,-15.5999999999993));
#7278=CARTESIAN_POINT('',(-7.90000000000058,25.4000000000001,-15.5999999999993));
#7279=CARTESIAN_POINT('',(-15.9000000000011,21.3000000000001,-15.5999999999993));
#7280=CARTESIAN_POINT('',(-15.9000000000011,25.4000000000001,-15.5999999999993));
#7281=CARTESIAN_POINT('',(-20.500000000001,21.3,-15.5999999999993));
#7282=CARTESIAN_POINT('',(-15.9000000000011,21.3000000000001,-15.5999999999993));
#7283=CARTESIAN_POINT('',(-20.500000000001,19.6,-15.5999999999993));
#7284=CARTESIAN_POINT('',(-20.500000000001,21.3,-15.5999999999993));
#7285=CARTESIAN_POINT('',(-15.900000000001,19.6,-15.5999999999993));
#7286=CARTESIAN_POINT('',(-20.500000000001,19.6,-15.5999999999993));
#7287=CARTESIAN_POINT('',(-15.9000000000009,4.7,-15.5999999999993));
#7288=CARTESIAN_POINT('',(-15.900000000001,19.6,-15.5999999999993));
#7289=CARTESIAN_POINT('',(4.69999999999938,4.7,-15.5999999999993));
#7290=CARTESIAN_POINT('',(8.19999999999952,4.70000000000001,-15.5999999999993));
#7291=CARTESIAN_POINT('',(8.19999999999952,4.70000000000001,-15.5999999999993));
#7292=CARTESIAN_POINT('',(8.19999999999952,4.70000000000001,-15.5999999999993));
#7293=CARTESIAN_POINT('',(8.19999999999952,6.20000000000001,-15.5999999999993));
#7294=CARTESIAN_POINT('',(8.19999999999952,15.2,-15.5999999999993));
#7295=CARTESIAN_POINT('',(4.69999999999952,6.20000000000001,-15.5999999999993));
#7296=CARTESIAN_POINT('',(8.19999999999952,6.20000000000001,-15.5999999999993));
#7297=CARTESIAN_POINT('',(4.69999999999952,6.20000000000001,-15.5999999999993));
#7298=CARTESIAN_POINT('',(4.69999999999962,19.6,-15.5999999999993));
#7299=CARTESIAN_POINT('',(4.69999999999962,19.6,-15.5999999999993));
#7300=CARTESIAN_POINT('',(9.29999999999934,19.5999999999999,-15.5999999999993));
#7301=CARTESIAN_POINT('',(9.29999999999934,19.5999999999999,-15.5999999999993));
#7302=CARTESIAN_POINT('',(9.29999999999713,21.2999999999999,-15.5999999999993));
#7303=CARTESIAN_POINT('',(9.29999999999713,21.2999999999999,-15.5999999999993));
#7304=CARTESIAN_POINT('',(4.69999999999981,21.3000000000005,-15.5999999999993));
#7305=CARTESIAN_POINT('',(4.69999999999981,21.3000000000005,-15.5999999999993));
#7306=CARTESIAN_POINT('',(4.6999999999999,27.9999999999994,-15.5999999999993));
#7307=CARTESIAN_POINT('',(4.6999999999999,27.9999999999994,-15.5999999999993));
#7308=CARTESIAN_POINT('',(-22.000000000001,27.9999999999994,-15.5999999999993));
#7309=CARTESIAN_POINT('Origin',(4.6999999999999,27.9999999999994,-15.5999999999993));
#7310=CARTESIAN_POINT('',(-4.65000000000549,27.9999999999994,-31.8999999999994));
#7311=CARTESIAN_POINT('',(-4.65000000000549,27.9999999999994,-31.8999999999994));
#7312=CARTESIAN_POINT('',(4.69999999999989,27.9999999999994,-7.19999999999929));
#7313=CARTESIAN_POINT('',(4.6999999999999,27.9999999999994,-15.5999999999993));
#7314=CARTESIAN_POINT('',(-6.75000000000055,27.9999999999994,-7.19999999999931));
#7315=CARTESIAN_POINT('',(10.6999999999922,27.9999999999994,-31.8999999999994));
#7316=CARTESIAN_POINT('',(10.6999999999922,27.9999999999994,-15.5999999999993));
#7317=CARTESIAN_POINT('',(4.0249999999999,27.9999999999994,-31.8999999999994));
#7318=CARTESIAN_POINT('',(4.79999999999993,27.9999999999994,-10.8999999999992));
#7319=CARTESIAN_POINT('Origin',(6.79999999999993,27.9999999999994,-10.8999999999992));
#7320=CARTESIAN_POINT('Origin',(4.6999999999999,27.9999999999994,-15.5999999999993));
#7321=CARTESIAN_POINT('Origin',(-18.0000000000001,27.9999999999994,-10.8999999999993));
#7322=CARTESIAN_POINT('',(-6.75000000000055,27.9999999999994,-7.19999999999931));
#7323=CARTESIAN_POINT('Ctrl Pts',(11.0944149512599,27.0475227954432,-7.66440076562103));
#7324=CARTESIAN_POINT('Ctrl Pts',(11.1445805634905,26.9500684618761,-7.6361159491618));
#7325=CARTESIAN_POINT('Ctrl Pts',(11.2373052504978,26.7350589679042,-7.58312621815781));
#7326=CARTESIAN_POINT('Ctrl Pts',(11.3535394346569,26.3328022053716,-7.51328058481803));
#7327=CARTESIAN_POINT('Ctrl Pts',(11.4465897908811,25.8108487805865,-7.45276926329268));
#7328=CARTESIAN_POINT('Ctrl Pts',(11.514018392776,25.1283616776946,-7.40279709907532));
#7329=CARTESIAN_POINT('Ctrl Pts',(11.5362055481193,24.3471545584634,-7.374975190397));
#7330=CARTESIAN_POINT('Ctrl Pts',(11.5284271247406,23.8983652976186,-7.3715728752531));
#7331=CARTESIAN_POINT('Ctrl Pts',(11.5284271247409,23.6670190266058,-7.3715728752531));
#7332=CARTESIAN_POINT('Ctrl Pts',(11.4077350536168,26.9175284057928,-7.89787561021841));
#7333=CARTESIAN_POINT('Ctrl Pts',(11.4436217532819,26.817729420938,-7.86393822667489));
#7334=CARTESIAN_POINT('Ctrl Pts',(11.5119357782605,26.5994516574554,-7.8028545556889));
#7335=CARTESIAN_POINT('Ctrl Pts',(11.6012467006523,26.1975418417623,-7.72877182829959));
#7336=CARTESIAN_POINT('Ctrl Pts',(11.6796915439864,25.6785385296467,-7.67047814158243));
#7337=CARTESIAN_POINT('Ctrl Pts',(11.7399690658235,25.0219772771705,-7.62723069579423));
#7338=CARTESIAN_POINT('Ctrl Pts',(11.7637783370033,24.2967334485709,-7.60595027936984));
#7339=CARTESIAN_POINT('Ctrl Pts',(11.7683976538079,23.882440293114,-7.61154340432029));
#7340=CARTESIAN_POINT('Ctrl Pts',(11.7752539546386,23.6670190266061,-7.61839970515078));
#7341=CARTESIAN_POINT('Ctrl Pts',(11.9172488108314,26.6363348371037,-8.40716225496604));
#7342=CARTESIAN_POINT('Ctrl Pts',(11.9369747280956,26.5345201785287,-8.36675807659465));
#7343=CARTESIAN_POINT('Ctrl Pts',(11.9763144053807,26.313608759928,-8.29864395207364));
#7344=CARTESIAN_POINT('Ctrl Pts',(12.0391443965199,25.902205342089,-8.22862311707922));
#7345=CARTESIAN_POINT('Ctrl Pts',(12.1014906936129,25.393303479659,-8.18364422109632));
#7346=CARTESIAN_POINT('Ctrl Pts',(12.1501082876821,24.7924996792355,-8.15259501225149));
#7347=CARTESIAN_POINT('Ctrl Pts',(12.1736852830775,24.1930679184414,-8.13797534692179));
#7348=CARTESIAN_POINT('Ctrl Pts',(12.1916728552592,23.8507443160106,-8.15756607887544));
#7349=CARTESIAN_POINT('Ctrl Pts',(12.2038960733347,23.6670190266066,-8.17701865376079));
#7350=CARTESIAN_POINT('Ctrl Pts',(12.5181517561724,25.9691914822051,-9.67506870971061));
#7351=CARTESIAN_POINT('Ctrl Pts',(12.5263085006985,25.8670634694788,-9.61800033477988));
#7352=CARTESIAN_POINT('Ctrl Pts',(12.5437752953421,25.6489961165707,-9.51558786496124));
#7353=CARTESIAN_POINT('Ctrl Pts',(12.5680350211423,25.279422240856,-9.38279293806192));
#7354=CARTESIAN_POINT('Ctrl Pts',(12.5841226489259,24.8753511181178,-9.26110944552432));
#7355=CARTESIAN_POINT('Ctrl Pts',(12.5889478713084,24.4649896510831,-9.15730799526644));
#7356=CARTESIAN_POINT('Ctrl Pts',(12.5928831005385,24.0780970956804,-9.10543815679621));
#7357=CARTESIAN_POINT('Ctrl Pts',(12.6029805749413,23.8063272148464,-9.1304369861049));
#7358=CARTESIAN_POINT('Ctrl Pts',(12.6080925021655,23.667019026607,-9.1528351541068));
#7359=CARTESIAN_POINT('Ctrl Pts',(12.6999999999927,25.5136596007858,-10.5247080346629));
#7360=CARTESIAN_POINT('Ctrl Pts',(12.6999999999928,25.4319005414951,-10.4480978807912));
#7361=CARTESIAN_POINT('Ctrl Pts',(12.699999999993,25.2594637343612,-10.305209057829));
#7362=CARTESIAN_POINT('Ctrl Pts',(12.6999999999933,24.9747165971579,-10.1241937610471));
#7363=CARTESIAN_POINT('Ctrl Pts',(12.6999999999936,24.6670439318546,-9.98123893305375));
#7364=CARTESIAN_POINT('Ctrl Pts',(12.699999999994,24.3424653951403,-9.8835364652254));
#7365=CARTESIAN_POINT('Ctrl Pts',(12.6999999999943,24.0080390487858,-9.83750067115885));
#7366=CARTESIAN_POINT('Ctrl Pts',(12.6999999999946,23.7811880491762,-9.84123787597823));
#7367=CARTESIAN_POINT('Ctrl Pts',(12.6999999999947,23.6670190266071,-9.85093414960042));
#7368=CARTESIAN_POINT('Ctrl Pts',(12.6999999999929,25.3166856932735,-10.8833143067273));
#7369=CARTESIAN_POINT('Ctrl Pts',(12.699999999993,25.2447054060392,-10.811334019493));
#7370=CARTESIAN_POINT('Ctrl Pts',(12.6999999999932,25.0913095795482,-10.6768095117038));
#7371=CARTESIAN_POINT('Ctrl Pts',(12.6999999999934,24.8368455094475,-10.5067820316895));
#7372=CARTESIAN_POINT('Ctrl Pts',(12.6999999999937,24.5623654624875,-10.3714234648688));
#7373=CARTESIAN_POINT('Ctrl Pts',(12.6999999999941,24.2725657994911,-10.2730497228536));
#7374=CARTESIAN_POINT('Ctrl Pts',(12.6999999999944,23.9724049458484,-10.2133440374232));
#7375=CARTESIAN_POINT('Ctrl Pts',(12.6999999999946,23.7688145250374,-10.1999999999993));
#7376=CARTESIAN_POINT('Ctrl Pts',(12.6999999999947,23.6670190266071,-10.1999999999993));
#7377=CARTESIAN_POINT('',(12.6999999999947,23.6670190266071,-10.1999999999993));
#7378=CARTESIAN_POINT('Origin',(8.69999999999471,23.6670190266027,-10.1999999999993));
#7379=CARTESIAN_POINT('Origin',(12.6999999999947,23.6670190266071,-12.5329809733937));
#7380=CARTESIAN_POINT('Origin',(10.6999999999922,25.9999999999994,-15.5999999999993));
#7381=CARTESIAN_POINT('',(12.6999999999922,26.0000000000016,-31.8999999999994));
#7382=CARTESIAN_POINT('Origin',(10.6999999999922,25.9999999999994,-31.8999999999993));
#7383=CARTESIAN_POINT('',(12.6999999999922,26.0000000000016,-15.5999999999993));
#7384=CARTESIAN_POINT('Origin',(-6.75000000000055,26.9999999999994,-7.19999999999931));
#7385=CARTESIAN_POINT('',(4.69999999999987,26.9999999999994,-6.19999999999929));
#7386=CARTESIAN_POINT('Origin',(4.6999999999998,26.9999999999994,-7.19999999999929));
#7387=CARTESIAN_POINT('',(-6.75000000000055,26.9999999999994,-6.19999999999931));
#7388=CARTESIAN_POINT('Origin',(4.69999999999981,21.3000000000005,-15.5999999999993));
#7389=CARTESIAN_POINT('',(4.6999999999998,21.3000000000005,-6.19999999999929));
#7390=CARTESIAN_POINT('',(4.69999999999981,21.3000000000005,-15.5999999999993));
#7391=CARTESIAN_POINT('',(4.69999999999989,27.9999999999994,-6.19999999999929));
#7392=CARTESIAN_POINT('Origin',(9.29999999999713,21.2999999999999,-15.5999999999993));
#7393=CARTESIAN_POINT('',(9.29999999999712,21.2999999999999,-6.24525601334223));
#7394=CARTESIAN_POINT('',(8.6999999999973,21.3,-6.19999999999929));
#7395=CARTESIAN_POINT('Origin',(8.6999999999973,21.2999999999992,-10.1999999999993));
#7396=CARTESIAN_POINT('',(4.6999999999998,21.3000000000005,-6.19999999999929));
#7397=CARTESIAN_POINT('',(9.29999999999713,21.2999999999999,-15.5999999999993));
#7398=CARTESIAN_POINT('',(5.74999999999993,21.2999999999999,-10.8999999999993));
#7399=CARTESIAN_POINT('Origin',(6.79999999999993,21.2999999999999,-10.8999999999993));
#7400=CARTESIAN_POINT('Origin',(9.29999999999934,19.5999999999999,-15.5999999999993));
#7401=CARTESIAN_POINT('',(9.29999999999933,19.5999999999999,-6.24525601334228));
#7402=CARTESIAN_POINT('',(9.30000000000508,15.1750000000129,-6.24525601334241));
#7403=CARTESIAN_POINT('',(9.29999999999934,19.5999999999999,-15.5999999999993));
#7404=CARTESIAN_POINT('Origin',(4.69999999999962,19.6,-15.5999999999993));
#7405=CARTESIAN_POINT('',(8.69999999999916,19.6,-6.19999999999929));
#7406=CARTESIAN_POINT('Origin',(8.69999999999916,19.6000000000044,-10.1999999999993));
#7407=CARTESIAN_POINT('',(4.69999999999961,19.6,-6.19999999999929));
#7408=CARTESIAN_POINT('',(4.69999999999962,19.6,-15.5999999999993));
#7409=CARTESIAN_POINT('',(9.29999999999933,19.5999999999999,-6.19999999999929));
#7410=CARTESIAN_POINT('',(5.74999999999993,19.6,-10.8999999999993));
#7411=CARTESIAN_POINT('Origin',(6.79999999999993,19.6,-10.8999999999993));
#7412=CARTESIAN_POINT('Origin',(-18.200000000001,2.34999999999997,-6.19999999999932));
#7413=CARTESIAN_POINT('',(8.70000000001546,4.7,-6.19999999999929));
#7414=CARTESIAN_POINT('',(8.700000000004,15.1750000000122,-6.19999999999929));
#7415=CARTESIAN_POINT('',(4.69999999999961,19.6,-6.19999999999929));
#7416=CARTESIAN_POINT('',(8.19999999999951,4.7,-6.19999999999929));
#7417=CARTESIAN_POINT('',(8.19999999999951,15.2,-6.19999999999929));
#7418=CARTESIAN_POINT('',(-4.45000000000077,4.7,-6.1999999999993));
#7419=CARTESIAN_POINT('Origin',(-18.200000000001,2.34999999999997,-6.19999999999932));
#7420=CARTESIAN_POINT('',(8.700000000004,15.1750000000122,-6.19999999999929));
#7421=CARTESIAN_POINT('Origin',(9.29999999999943,4.7,-6.19999999999929));
#7422=CARTESIAN_POINT('',(9.29999999999943,4.7,-6.24525601333982));
#7423=CARTESIAN_POINT('Origin',(8.70000000001547,4.69999999999935,-10.1999999999993));
#7424=CARTESIAN_POINT('',(8.19999999999952,4.7,-11.9999999999993));
#7425=CARTESIAN_POINT('',(8.19999999999952,4.70000000000001,-15.5999999999993));
#7426=CARTESIAN_POINT('',(9.29999999999944,4.7,-11.9999999999993));
#7427=CARTESIAN_POINT('',(-13.0500000000009,4.7,-11.9999999999993));
#7428=CARTESIAN_POINT('',(9.29999999999943,4.7,-6.19999999999929));
#7429=CARTESIAN_POINT('Ctrl Pts',(-20.3950130807723,27.0472487826096,-7.66464086408813));
#7430=CARTESIAN_POINT('Ctrl Pts',(-20.4748019656083,27.0716064680457,-7.77326556301553));
#7431=CARTESIAN_POINT('Ctrl Pts',(-20.6246893449509,27.1181760784136,-8.00585032797719));
#7432=CARTESIAN_POINT('Ctrl Pts',(-20.8260865436025,27.1826842597305,-8.41594117632636));
#7433=CARTESIAN_POINT('Ctrl Pts',(-21.0057941834042,27.2425950358357,-8.90456484999848));
#7434=CARTESIAN_POINT('Ctrl Pts',(-21.1619903340901,27.2981879357657,-9.49264845948308));
#7435=CARTESIAN_POINT('Ctrl Pts',(-21.2925338373497,27.3483787074317,-10.2071144452546));
#7436=CARTESIAN_POINT('Ctrl Pts',(-21.3840396615588,27.3886855323399,-11.0168190545387));
#7437=CARTESIAN_POINT('Ctrl Pts',(-21.4190254251813,27.4109262261485,-11.8169278733078));
#7438=CARTESIAN_POINT('Ctrl Pts',(-21.4142135623741,27.4142135623725,-12.2882042610034));
#7439=CARTESIAN_POINT('Ctrl Pts',(-21.4142135623741,27.4142135623725,-12.5329809733941));
#7440=CARTESIAN_POINT('Ctrl Pts',(-20.7080815143949,26.9176612641127,-7.89770243974742));
#7441=CARTESIAN_POINT('Ctrl Pts',(-20.7708718473401,26.9447416851082,-8.00922806164382));
#7442=CARTESIAN_POINT('Ctrl Pts',(-20.8896598033447,26.9959853382197,-8.2472690764897));
#7443=CARTESIAN_POINT('Ctrl Pts',(-21.0504303627824,27.0654562589881,-8.66132239105666));
#7444=CARTESIAN_POINT('Ctrl Pts',(-21.1938214013624,27.1284597807987,-9.14632553446685));
#7445=CARTESIAN_POINT('Ctrl Pts',(-21.319931512874,27.1853783684716,-9.72421898003816));
#7446=CARTESIAN_POINT('Ctrl Pts',(-21.4275224092056,27.2352329190104,-10.4116583223737));
#7447=CARTESIAN_POINT('Ctrl Pts',(-21.5028797024938,27.2738888771833,-11.1632648775925));
#7448=CARTESIAN_POINT('Ctrl Pts',(-21.5342605311441,27.2936694456783,-11.8879249772942));
#7449=CARTESIAN_POINT('Ctrl Pts',(-21.5350558645115,27.2933712602351,-12.3124734158446));
#7450=CARTESIAN_POINT('Ctrl Pts',(-21.5376269773229,27.2908001474236,-12.5329809733941));
#7451=CARTESIAN_POINT('Ctrl Pts',(-21.2166296137764,26.6366446982633,-8.40766810530896));
#7452=CARTESIAN_POINT('Ctrl Pts',(-21.254845054182,26.6679604098322,-8.52299937028947));
#7453=CARTESIAN_POINT('Ctrl Pts',(-21.3269652168045,26.7261923296253,-8.76626922371451));
#7454=CARTESIAN_POINT('Ctrl Pts',(-21.4246293490896,26.8020917353694,-9.18121464039449));
#7455=CARTESIAN_POINT('Ctrl Pts',(-21.5153352103005,26.8679768529565,-9.66418659445772));
#7456=CARTESIAN_POINT('Ctrl Pts',(-21.5998196556909,26.9250017542297,-10.2249060846048));
#7457=CARTESIAN_POINT('Ctrl Pts',(-21.6713927047166,26.973219574187,-10.8434132216965));
#7458=CARTESIAN_POINT('Ctrl Pts',(-21.7205560578837,27.0093065288641,-11.4692852546034));
#7459=CARTESIAN_POINT('Ctrl Pts',(-21.7424319486992,27.0250717635288,-12.0300288628577));
#7460=CARTESIAN_POINT('Ctrl Pts',(-21.7473643298928,27.0187853887006,-12.3595442566467));
#7461=CARTESIAN_POINT('Ctrl Pts',(-21.751948036671,27.0114906731186,-12.5329809733941));
#7462=CARTESIAN_POINT('Ctrl Pts',(-21.8183922206784,25.9690936965041,-9.67485386706723));
#7463=CARTESIAN_POINT('Ctrl Pts',(-21.8296638297449,26.011266962663,-9.7829879718054));
#7464=CARTESIAN_POINT('Ctrl Pts',(-21.8515728644347,26.0908238236178,-10.0075986364537));
#7465=CARTESIAN_POINT('Ctrl Pts',(-21.882908598954,26.1987432540955,-10.3703258000868));
#7466=CARTESIAN_POINT('Ctrl Pts',(-21.9109811739504,26.2970895074721,-10.7530398664641));
#7467=CARTESIAN_POINT('Ctrl Pts',(-21.9326454089273,26.3857162442219,-11.1424319426434));
#7468=CARTESIAN_POINT('Ctrl Pts',(-21.9452088803961,26.4610021787971,-11.5199084091463));
#7469=CARTESIAN_POINT('Ctrl Pts',(-21.9483450554937,26.5151797924371,-11.8676156112717));
#7470=CARTESIAN_POINT('Ctrl Pts',(-21.9478653962181,26.5391876342309,-12.1915710137766));
#7471=CARTESIAN_POINT('Ctrl Pts',(-21.9521292783773,26.5319817359463,-12.419002926263));
#7472=CARTESIAN_POINT('Ctrl Pts',(-21.9540462510864,26.5235824229456,-12.5329809733941));
#7473=CARTESIAN_POINT('Ctrl Pts',(-22.000000000001,25.5136596007835,-10.524708034663));
#7474=CARTESIAN_POINT('Ctrl Pts',(-22.000000000001,25.5667716491052,-10.5971075780695));
#7475=CARTESIAN_POINT('Ctrl Pts',(-22.000000000001,25.667957229335,-10.7457739365111));
#7476=CARTESIAN_POINT('Ctrl Pts',(-22.000000000001,25.8035906804972,-10.9805385665246));
#7477=CARTESIAN_POINT('Ctrl Pts',(-22.000000000001,25.921643074025,-11.226254492426));
#7478=CARTESIAN_POINT('Ctrl Pts',(-22.000000000001,26.0201931035106,-11.4808778739559));
#7479=CARTESIAN_POINT('Ctrl Pts',(-22.000000000001,26.0969527563119,-11.7413257294276));
#7480=CARTESIAN_POINT('Ctrl Pts',(-22.000000000001,26.1497125378035,-12.0043874112727));
#7481=CARTESIAN_POINT('Ctrl Pts',(-22.000000000001,26.1770318572012,-12.2681205533117));
#7482=CARTESIAN_POINT('Ctrl Pts',(-22.000000000001,26.1781690278071,-12.4445243888994));
#7483=CARTESIAN_POINT('Ctrl Pts',(-22.000000000001,26.1745329251988,-12.5329809733941));
#7484=CARTESIAN_POINT('Ctrl Pts',(-22.000000000001,25.3166856932712,-10.8833143067275));
#7485=CARTESIAN_POINT('Ctrl Pts',(-22.000000000001,25.370670908697,-10.9372995221532));
#7486=CARTESIAN_POINT('Ctrl Pts',(-22.000000000001,25.4733369985278,-11.050574100782));
#7487=CARTESIAN_POINT('Ctrl Pts',(-22.000000000001,25.6099403813179,-11.2347624347784));
#7488=CARTESIAN_POINT('Ctrl Pts',(-22.000000000001,25.7278323485746,-11.4314533023536));
#7489=CARTESIAN_POINT('Ctrl Pts',(-22.000000000001,25.8258775625531,-11.6387524885593));
#7490=CARTESIAN_POINT('Ctrl Pts',(-22.000000000001,25.9031317871865,-11.854663584527));
#7491=CARTESIAN_POINT('Ctrl Pts',(-22.000000000001,25.9588510239518,-12.0771072402814));
#7492=CARTESIAN_POINT('Ctrl Pts',(-22.000000000001,25.9924986656322,-12.3039412385696));
#7493=CARTESIAN_POINT('Ctrl Pts',(-22.000000000001,25.9999999999994,-12.4566343495714));
#7494=CARTESIAN_POINT('Ctrl Pts',(-22.000000000001,25.9999999999994,-12.5329809733941));
#7495=CARTESIAN_POINT('Origin',(-22.000000000001,23.6670190266046,-12.5329809733941));
#7496=CARTESIAN_POINT('Origin',(-6.75000000000055,26.9999999999994,-7.19999999999931));
#7497=CARTESIAN_POINT('',(-6.75000000000055,26.9999999999994,-6.19999999999931));
#7498=CARTESIAN_POINT('Origin',(-18.0000000000001,27.9999999999994,-10.8999999999993));
#7499=CARTESIAN_POINT('',(-20.0000000000001,25.9999999999994,-10.8999999999993));
#7500=CARTESIAN_POINT('',(-20.0000000000001,27.9999999999994,-10.8999999999993));
#7501=CARTESIAN_POINT('Origin',(-18.0000000000001,25.9999999999994,-10.8999999999993));
#7502=CARTESIAN_POINT('Origin',(-18.200000000001,2.34999999999997,-6.19999999999932));
#7503=CARTESIAN_POINT('',(-18.000000000001,19.6,-6.19999999999932));
#7504=CARTESIAN_POINT('',(-18.000000000001,4.7,-6.19999999999932));
#7505=CARTESIAN_POINT('',(-18.000000000001,1.17500000000001,-6.19999999999932));
#7506=CARTESIAN_POINT('',(-15.900000000001,4.7,-6.19999999999932));
#7507=CARTESIAN_POINT('',(-4.45000000000077,4.7,-6.1999999999993));
#7508=CARTESIAN_POINT('',(-15.900000000001,19.6,-6.19999999999932));
#7509=CARTESIAN_POINT('',(-15.900000000001,19.6,-6.19999999999932));
#7510=CARTESIAN_POINT('',(-20.500000000001,19.6,-6.19999999999932));
#7511=CARTESIAN_POINT('Origin',(9.29999999999943,4.7,-6.19999999999929));
#7512=CARTESIAN_POINT('',(-20.500000000001,4.7,-7.07750100080014));
#7513=CARTESIAN_POINT('Origin',(-18.000000000001,4.7,-10.1999999999993));
#7514=CARTESIAN_POINT('',(-20.500000000001,4.7,-11.9999999999993));
#7515=CARTESIAN_POINT('',(-20.500000000001,4.7,-6.19999999999932));
#7516=CARTESIAN_POINT('',(-15.900000000001,4.7,-11.9999999999993));
#7517=CARTESIAN_POINT('',(-13.0500000000009,4.7,-11.9999999999993));
#7518=CARTESIAN_POINT('',(-15.9000000000009,4.7,-15.5999999999993));
#7519=CARTESIAN_POINT('Origin',(4.69999999999938,2.22044604925031E-15,-11.9999999999993));
#7520=CARTESIAN_POINT('',(4.6999999999994,2.00000000000028,-11.9999999999993));
#7521=CARTESIAN_POINT('',(4.69999999999941,2.00000000000028,-26.8999999999993));
#7522=CARTESIAN_POINT('',(4.69999999999941,2.00000000000028,-21.9499999999993));
#7523=CARTESIAN_POINT('',(4.69999999999938,4.7,-11.9999999999993));
#7524=CARTESIAN_POINT('',(4.69999999999939,1.17499999999994,-11.9999999999993));
#7525=CARTESIAN_POINT('',(4.69999999999944,4.70000000000001,-13.7999999999993));
#7526=CARTESIAN_POINT('',(4.69999999999939,4.70000000000001,-26.8999999999993));
#7527=CARTESIAN_POINT('',(4.69999999999938,4.7,-11.9999999999993));
#7528=CARTESIAN_POINT('',(4.69999999999943,3.52499999999993,-26.8999999999993));
#7529=CARTESIAN_POINT('Origin',(8.69999999998998,23.9999999999994,-31.8999999999994));
#7530=CARTESIAN_POINT('',(7.64999999998998,23.9999999999994,-31.8999999999994));
#7531=CARTESIAN_POINT('Origin',(8.69999999998998,23.9999999999994,-31.8999999999994));
#7532=CARTESIAN_POINT('',(7.64999999998998,23.9999999999994,-17.5999999999993));
#7533=CARTESIAN_POINT('',(7.64999999998998,23.9999999999994,-31.8999999999994));
#7534=CARTESIAN_POINT('Origin',(8.69999999998998,23.9999999999994,-17.5999999999993));
#7535=CARTESIAN_POINT('Origin',(-4.65000000000556,19.3250000000016,-17.5999999999993));
#7536=CARTESIAN_POINT('Origin',(-18.0000000000011,14.6500000000039,-31.8999999999994));
#7537=CARTESIAN_POINT('',(-19.0500000000011,14.6500000000039,-31.8999999999994));
#7538=CARTESIAN_POINT('Origin',(-18.0000000000011,14.6500000000039,-31.8999999999994));
#7539=CARTESIAN_POINT('',(-19.0500000000011,14.6500000000039,-17.5999999999993));
#7540=CARTESIAN_POINT('',(-19.0500000000011,14.6500000000039,-31.8999999999994));
#7541=CARTESIAN_POINT('Origin',(-18.0000000000011,14.6500000000039,-17.5999999999993));
#7542=CARTESIAN_POINT('Origin',(-4.65000000000556,19.3250000000016,-17.5999999999993));
#7543=CARTESIAN_POINT('Origin',(-4.65000000000549,10.6500000000039,-31.8999999999994));
#7544=CARTESIAN_POINT('',(-22.000000000001,10.6500000000039,-31.8999999999994));
#7545=CARTESIAN_POINT('Origin',(-4.65000000000549,10.6500000000039,-31.8999999999994));
#7546=CARTESIAN_POINT('',(-22.000000000001,10.6500000000039,-31.8999999999994));
#7547=CARTESIAN_POINT('Origin',(4.69999999999952,6.20000000000001,-15.5999999999993));
#7548=CARTESIAN_POINT('',(4.69999999999952,6.20000000000001,-15.5999999999993));
#7549=CARTESIAN_POINT('Origin',(0.199999999999365,8.60000000000002,-29.8999999999994));
#7550=CARTESIAN_POINT('',(4.69999999999953,6.20000000000001,-29.8999999999994));
#7551=CARTESIAN_POINT('',(2.44999999999945,6.20000000000001,-29.8999999999994));
#7552=CARTESIAN_POINT('',(4.69999999999954,2.00000000000012,-29.8999999999994));
#7553=CARTESIAN_POINT('',(4.69999999999953,2.00000000000012,-29.8999999999994));
#7554=CARTESIAN_POINT('',(-4.30000000000081,2.00000000000004,-29.8999999999994));
#7555=CARTESIAN_POINT('',(2.44999999999947,2.00000000000022,-29.8999999999994));
#7556=CARTESIAN_POINT('',(-4.3000000000008,15.2,-29.8999999999994));
#7557=CARTESIAN_POINT('Origin',(-18.0000000000001,25.9999999999994,-10.8999999999993));
#7558=CARTESIAN_POINT('',(-19.0500000000001,25.9999999999994,-10.8999999999993));
#7559=CARTESIAN_POINT('Origin',(-18.0000000000001,25.9999999999994,-10.8999999999993));
#7560=CARTESIAN_POINT('Origin',(6.79999999999993,27.9999999999994,-10.8999999999992));
#7561=CARTESIAN_POINT('',(4.79999999999993,25.9999999999994,-10.8999999999992));
#7562=CARTESIAN_POINT('',(4.79999999999993,27.9999999999994,-10.8999999999992));
#7563=CARTESIAN_POINT('Origin',(6.79999999999993,25.9999999999994,-10.8999999999992));
#7564=CARTESIAN_POINT('Origin',(6.79999999999993,25.9999999999994,-10.8999999999992));
#7565=CARTESIAN_POINT('',(5.74999999999993,25.9999999999994,-10.8999999999992));
#7566=CARTESIAN_POINT('Origin',(6.79999999999993,25.9999999999994,-10.8999999999992));
#7567=CARTESIAN_POINT('Origin',(-18.0000000000001,27.9999999999994,-10.8999999999993));
#7568=CARTESIAN_POINT('',(-19.0500000000001,21.3000000000001,-10.8999999999993));
#7569=CARTESIAN_POINT('',(-19.0500000000001,27.9999999999994,-10.8999999999993));
#7570=CARTESIAN_POINT('Origin',(-18.0000000000001,21.3000000000001,-10.8999999999993));
#7571=CARTESIAN_POINT('Origin',(-18.0000000000001,27.9999999999994,-10.8999999999993));
#7572=CARTESIAN_POINT('',(-19.0500000000001,19.6,-10.8999999999993));
#7573=CARTESIAN_POINT('Origin',(-18.0000000000001,19.6,-10.8999999999993));
#7574=CARTESIAN_POINT('',(-19.0500000000001,6.20000000000001,-10.8999999999993));
#7575=CARTESIAN_POINT('',(-19.0500000000001,27.9999999999994,-10.8999999999993));
#7576=CARTESIAN_POINT('Origin',(-18.0000000000001,6.20000000000001,-10.8999999999993));
#7577=CARTESIAN_POINT('Origin',(-5.6000000000001,6.20000000000001,-10.8999999999993));
#7578=CARTESIAN_POINT('Origin',(6.79999999999993,27.9999999999994,-10.8999999999992));
#7579=CARTESIAN_POINT('',(5.74999999999993,27.9999999999994,-10.8999999999992));
#7580=CARTESIAN_POINT('Origin',(6.79999999999993,27.9999999999994,-10.8999999999992));
#7581=CARTESIAN_POINT('',(5.74999999999993,27.9999999999994,-10.8999999999992));
#7582=CARTESIAN_POINT('Origin',(4.6999999999994,2.00000000000028,-15.5999999999993));
#7583=CARTESIAN_POINT('',(4.69999999999942,2.00000000000028,-31.8999999999994));
#7584=CARTESIAN_POINT('',(4.69999999999941,2.00000000000028,-21.9499999999993));
#7585=CARTESIAN_POINT('',(7.69999999999942,2.00000000000248,-31.8999999999994));
#7586=CARTESIAN_POINT('',(0.0250000000090284,1.99999999999685,-31.8999999999994));
#7587=CARTESIAN_POINT('',(7.69999999999942,2.00000000000248,-11.9999999999993));
#7588=CARTESIAN_POINT('',(7.69999999999942,2.00000000000248,-31.8999999999994));
#7589=CARTESIAN_POINT('',(-0.450000000000564,1.99999999999649,-11.9999999999993));
#7590=CARTESIAN_POINT('',(-4.30000000000081,2.00000000000004,-26.8999999999993));
#7591=CARTESIAN_POINT('',(-0.45000000000067,2.00000000000014,-26.8999999999993));
#7592=CARTESIAN_POINT('',(-4.30000000000082,2.00000000000004,-15.5999999999993));
#7593=CARTESIAN_POINT('Origin',(4.69999999999938,2.22044604925031E-15,-11.9999999999993));
#7594=CARTESIAN_POINT('',(4.69999999999953,6.20000000000001,-31.8999999999994));
#7595=CARTESIAN_POINT('',(4.69999999999952,6.20000000000001,-15.5999999999993));
#7596=CARTESIAN_POINT('',(4.69999999999953,14.5999999999999,-31.8999999999994));
#7597=CARTESIAN_POINT('Origin',(4.69999999999938,4.7,-11.9999999999993));
#7598=CARTESIAN_POINT('',(-15.9000000000009,4.70000000000001,-26.8999999999993));
#7599=CARTESIAN_POINT('',(-15.9000000000009,4.7,-11.9999999999993));
#7600=CARTESIAN_POINT('',(-10.7500000000008,4.70000000000001,-26.8999999999993));
#7601=CARTESIAN_POINT('Origin',(-15.9000000000008,4.70000000000001,-15.5999999999993));
#7602=CARTESIAN_POINT('',(-10.7500000000008,4.70000000000001,-11.9999999999993));
#7603=CARTESIAN_POINT('',(8.19999999999952,4.70000000000001,-15.5999999999993));
#7604=CARTESIAN_POINT('Origin',(-18.200000000001,2.34999999999997,-6.19999999999932));
#7605=CARTESIAN_POINT('',(-18.000000000001,21.3,-6.19999999999932));
#7606=CARTESIAN_POINT('',(-18.000000000001,1.17500000000001,-6.19999999999932));
#7607=CARTESIAN_POINT('',(-15.9000000000011,21.3000000000001,-6.19999999999931));
#7608=CARTESIAN_POINT('',(-15.9000000000011,21.3000000000001,-6.19999999999931));
#7609=CARTESIAN_POINT('',(-15.9000000000011,25.4000000000001,-6.19999999999931));
#7610=CARTESIAN_POINT('',(-15.9000000000011,25.4000000000001,-6.19999999999931));
#7611=CARTESIAN_POINT('',(-7.90000000000059,25.4000000000001,-6.19999999999931));
#7612=CARTESIAN_POINT('Origin',(8.19999999999952,6.20000000000001,-15.5999999999993));
#7613=CARTESIAN_POINT('',(8.19999999999954,6.20000000000001,-31.8999999999994));
#7614=CARTESIAN_POINT('',(1.77500000000467,6.20000000000001,-31.8999999999994));
#7615=CARTESIAN_POINT('',(8.19999999999952,6.20000000000001,-15.5999999999993));
#7616=CARTESIAN_POINT('Origin',(-20.500000000001,19.6,-15.5999999999993));
#7617=CARTESIAN_POINT('',(-20.500000000001,19.6,-7.07750100080012));
#7618=CARTESIAN_POINT('Origin',(-18.000000000001,19.6,-10.1999999999993));
#7619=CARTESIAN_POINT('',(-15.900000000001,19.6,-15.5999999999993));
#7620=CARTESIAN_POINT('',(-20.500000000001,19.6,-15.5999999999993));
#7621=CARTESIAN_POINT('Origin',(-20.500000000001,21.3,-15.5999999999993));
#7622=CARTESIAN_POINT('',(-20.500000000001,21.3,-7.07750100080012));
#7623=CARTESIAN_POINT('',(-20.500000000001,1.17500000000001,-7.07750100080016));
#7624=CARTESIAN_POINT('',(-20.500000000001,21.3,-15.5999999999993));
#7625=CARTESIAN_POINT('Origin',(-15.9000000000011,21.3000000000001,-15.5999999999993));
#7626=CARTESIAN_POINT('Origin',(-18.000000000001,21.3000000000001,-10.1999999999993));
#7627=CARTESIAN_POINT('',(-15.9000000000011,21.3000000000001,-15.5999999999993));
#7628=CARTESIAN_POINT('Origin',(-15.9000000000011,25.4000000000001,-15.5999999999993));
#7629=CARTESIAN_POINT('',(-15.9000000000011,25.4000000000001,-15.5999999999993));
#7630=CARTESIAN_POINT('Origin',(-7.90000000000058,25.4000000000001,-15.5999999999993));
#7631=CARTESIAN_POINT('Origin',(4.69999999999956,15.2,-15.5999999999993));
#7632=CARTESIAN_POINT('Origin',(8.19999999999952,4.70000000000001,-15.5999999999993));
#7633=CARTESIAN_POINT('',(8.19999999999954,14.5999999999999,-31.8999999999994));
#7634=CARTESIAN_POINT('Origin',(-5.60000000000054,-15.05,-15.5999999999993));
#7635=CARTESIAN_POINT('',(0.317953563766199,-14.0611493454011,-31.8999999999994));
#7636=CARTESIAN_POINT('',(0.317953563766196,-14.0611493454011,-29.3999999999994));
#7637=CARTESIAN_POINT('',(0.317953563766183,-14.0611493454011,-15.5999999999993));
#7638=CARTESIAN_POINT('',(-3.73134067147477,-9.34841142190063,-31.8999999999994));
#7639=CARTESIAN_POINT('Origin',(-5.60000000000053,-15.05,-31.8999999999994));
#7640=CARTESIAN_POINT('',(-3.73134067147477,-9.34841142190063,-29.3999999999994));
#7641=CARTESIAN_POINT('',(-3.73134067147478,-9.34841142190062,-15.5999999999993));
#7642=CARTESIAN_POINT('Origin',(-5.60000000000053,-15.05,-29.3999999999994));
#7643=CARTESIAN_POINT('Origin',(0.199999999999365,-10.7,-29.3999999999994));
#7644=CARTESIAN_POINT('',(-4.3000000000008,-6.20000000000001,-29.3999999999994));
#7645=CARTESIAN_POINT('Origin',(4.69999999999887,-6.2,-29.3999999999994));
#7646=CARTESIAN_POINT('',(4.69999999999953,-6.20000000000001,-29.3999999999994));
#7647=CARTESIAN_POINT('',(4.69999999999953,-6.20000000000001,-29.3999999999994));
#7648=CARTESIAN_POINT('',(4.69999999999953,-15.2,-29.3999999999994));
#7649=CARTESIAN_POINT('',(4.69999999999953,-8.45000000000001,-29.3999999999994));
#7650=CARTESIAN_POINT('Origin',(4.69999999999887,-6.2,-29.3999999999994));
#7651=CARTESIAN_POINT('Origin',(4.69999999999886,-6.2,-15.5999999999993));
#7652=CARTESIAN_POINT('',(-4.3000000000008,-6.19999999999931,-31.8999999999994));
#7653=CARTESIAN_POINT('Origin',(4.69999999999888,-6.2,-31.8999999999994));
#7654=CARTESIAN_POINT('',(-4.3000000000008,-6.20000000000001,-29.8999999999994));
#7655=CARTESIAN_POINT('',(-4.30000000000114,-6.19999999999931,-15.5999999999993));
#7656=CARTESIAN_POINT('',(-4.3000000000008,-6.20000000000001,-31.8999999999994));
#7657=CARTESIAN_POINT('Origin',(4.69999999999886,-6.2,-15.5999999999993));
#7658=CARTESIAN_POINT('',(4.69999999999885,-15.2,-31.8999999999994));
#7659=CARTESIAN_POINT('',(4.69999999999884,-15.2,-15.5999999999993));
#7660=CARTESIAN_POINT('Origin',(4.69999999999888,-6.2,-31.8999999999994));
#7661=CARTESIAN_POINT('Origin',(-5.60000000000054,-15.05,-15.5999999999993));
#7662=CARTESIAN_POINT('',(-1.10000000000054,-15.05,-15.5999999999993));
#7663=CARTESIAN_POINT('Origin',(-5.60000000000054,-15.05,-15.5999999999993));
#7664=CARTESIAN_POINT('',(-1.10000000000053,-15.05,-31.8999999999994));
#7665=CARTESIAN_POINT('',(-1.10000000000054,-15.05,-15.5999999999993));
#7666=CARTESIAN_POINT('Origin',(-5.60000000000053,-15.05,-31.8999999999994));
#7667=CARTESIAN_POINT('Origin',(8.19999999999952,-15.2,-15.5999999999993));
#7668=CARTESIAN_POINT('',(4.69999999999952,-15.2,-15.5999999999993));
#7669=CARTESIAN_POINT('',(4.69999999999952,-15.2,-15.5999999999993));
#7670=CARTESIAN_POINT('',(4.69999999999951,-15.2,-6.19999999999929));
#7671=CARTESIAN_POINT('',(4.69999999999952,-15.2,-15.5999999999993));
#7672=CARTESIAN_POINT('',(8.19999999999951,-15.2,-6.19999999999929));
#7673=CARTESIAN_POINT('',(4.69999999999951,-15.2,-6.19999999999929));
#7674=CARTESIAN_POINT('',(8.19999999999954,-15.2,-31.8999999999994));
#7675=CARTESIAN_POINT('',(8.19999999999952,-15.2,-15.5999999999993));
#7676=CARTESIAN_POINT('',(0.0250000000046731,-15.2,-31.8999999999994));
#7677=CARTESIAN_POINT('',(5.74999999999993,-15.2,-10.8999999999993));
#7678=CARTESIAN_POINT('Origin',(6.79999999999993,-15.2,-10.8999999999993));
#7679=CARTESIAN_POINT('Ctrl Pts',(-22.000000000001,-10.6500000000039,-14.5999999999993));
#7680=CARTESIAN_POINT('Ctrl Pts',(-22.000000000001,-10.657460179353,-14.6015249885268));
#7681=CARTESIAN_POINT('Ctrl Pts',(-22.0000000242875,-10.6649135257503,-14.6030488523931));
#7682=CARTESIAN_POINT('Ctrl Pts',(-21.9987763359019,-13.6840735271221,-15.2200592394798));
#7683=CARTESIAN_POINT('Ctrl Pts',(-21.8115911306536,-17.7034799412377,-16.0427404377755));
#7684=CARTESIAN_POINT('Ctrl Pts',(-21.2386776890958,-22.5700968654331,-16.9795691103827));
#7685=CARTESIAN_POINT('Ctrl Pts',(-20.9376084260918,-24.4618774328978,-17.3248894933636));
#7686=CARTESIAN_POINT('Ctrl Pts',(-20.7690357192688,-25.384517859634,-17.4865968172599));
#7687=CARTESIAN_POINT('Ctrl Pts',(-22.000000000001,-10.6500000000039,-14.5999999999993));
#7688=CARTESIAN_POINT('Ctrl Pts',(-22.0000266935493,-10.6569231530099,-14.6022588507858));
#7689=CARTESIAN_POINT('Ctrl Pts',(-21.9999727757767,-10.6638911877464,-14.6044937908114));
#7690=CARTESIAN_POINT('Ctrl Pts',(-22.0006293144227,-13.472070942005,-15.5155220954111));
#7691=CARTESIAN_POINT('Ctrl Pts',(-21.6202058614753,-17.2132923936251,-16.7296568823851));
#7692=CARTESIAN_POINT('Ctrl Pts',(-20.5789626933876,-21.6604217757068,-17.9002714982696));
#7693=CARTESIAN_POINT('Ctrl Pts',(-20.0672755305649,-23.3640397940992,-18.2695686231511));
#7694=CARTESIAN_POINT('Ctrl Pts',(-19.7936306278243,-24.1867971225155,-18.4222770351606));
#7695=CARTESIAN_POINT('Ctrl Pts',(-22.000000000001,-10.6500000000039,-14.5999999999993));
#7696=CARTESIAN_POINT('Ctrl Pts',(-22.0000260089179,-10.6560250700276,-14.6035050405616));
#7697=CARTESIAN_POINT('Ctrl Pts',(-21.9999725315187,-10.6620638817436,-14.6070575709563));
#7698=CARTESIAN_POINT('Ctrl Pts',(-21.9998287563142,-13.1023124872136,-16.0311715913277));
#7699=CARTESIAN_POINT('Ctrl Pts',(-21.4378651876569,-16.3550797259219,-17.9339422135633));
#7700=CARTESIAN_POINT('Ctrl Pts',(-19.8781305225144,-20.0692958578848,-19.823312492713));
#7701=CARTESIAN_POINT('Ctrl Pts',(-19.1085642612143,-21.4451229578121,-20.4339904168267));
#7702=CARTESIAN_POINT('Ctrl Pts',(-18.6971621326403,-22.0937761081586,-20.6912518953943));
#7703=CARTESIAN_POINT('Ctrl Pts',(-22.000000000001,-10.6500000000039,-14.5999999999993));
#7704=CARTESIAN_POINT('Ctrl Pts',(-22.0000203038993,-10.6551240908027,-14.6047793878815));
#7705=CARTESIAN_POINT('Ctrl Pts',(-21.9999798164407,-10.6602381678797,-14.6095945831983));
#7706=CARTESIAN_POINT('Ctrl Pts',(-21.9987137873925,-12.7331158086683,-16.5482696426781));
#7707=CARTESIAN_POINT('Ctrl Pts',(-21.505816820169,-15.4935735450991,-19.134915094001));
#7708=CARTESIAN_POINT('Ctrl Pts',(-20.0689115014829,-18.7179995683939,-21.9969904494088));
#7709=CARTESIAN_POINT('Ctrl Pts',(-19.3350141468181,-19.9372669381806,-23.0263171548126));
#7710=CARTESIAN_POINT('Ctrl Pts',(-18.9318844306709,-20.5210168728792,-23.4998153095733));
#7711=CARTESIAN_POINT('Ctrl Pts',(-22.000000000001,-10.6500000000039,-14.5999999999993));
#7712=CARTESIAN_POINT('Ctrl Pts',(-22.000000000001,-10.6547325086591,-14.605337459846));
#7713=CARTESIAN_POINT('Ctrl Pts',(-22.0000000539242,-10.6594606826986,-14.6106709833775));
#7714=CARTESIAN_POINT('Ctrl Pts',(-21.997283107775,-12.5747230601689,-16.7702073381824));
#7715=CARTESIAN_POINT('Ctrl Pts',(-21.5816771995941,-15.1245110413344,-19.6495915322155));
#7716=CARTESIAN_POINT('Ctrl Pts',(-20.3096417795365,-18.2117433497362,-22.9284918863415));
#7717=CARTESIAN_POINT('Ctrl Pts',(-19.641179951532,-19.4118308395171,-24.1371132267745));
#7718=CARTESIAN_POINT('Ctrl Pts',(-19.2668992340978,-19.9971255892016,-24.7030888604112));
#7719=CARTESIAN_POINT('',(-19.2668992340978,-19.9971255892016,-24.7030888604112));
#7720=CARTESIAN_POINT('',(-20.769035719269,-25.3845178596337,-17.4865968172599));
#7721=CARTESIAN_POINT('Origin',(-27.6916250174385,-25.384517859634,-24.7030888604112));
#7722=CARTESIAN_POINT('',(-22.000000000001,-10.6500000000039,-14.5999999999993));
#7723=CARTESIAN_POINT('Ctrl Pts',(-20.7690357192688,-25.384517859634,-17.4865968172599));
#7724=CARTESIAN_POINT('Ctrl Pts',(-20.9376084260918,-24.4618774328978,-17.3248894933636));
#7725=CARTESIAN_POINT('Ctrl Pts',(-21.2386776890958,-22.5700968654331,-16.9795691103827));
#7726=CARTESIAN_POINT('Ctrl Pts',(-21.8115911306536,-17.7034799412377,-16.0427404377755));
#7727=CARTESIAN_POINT('Ctrl Pts',(-21.9987763359019,-13.6840735271221,-15.2200592394798));
#7728=CARTESIAN_POINT('Ctrl Pts',(-22.0000000242875,-10.6649135257503,-14.6030488523931));
#7729=CARTESIAN_POINT('Ctrl Pts',(-22.000000000001,-10.657460179353,-14.6015249885268));
#7730=CARTESIAN_POINT('Ctrl Pts',(-22.000000000001,-10.6500000000039,-14.5999999999993));
#7731=CARTESIAN_POINT('Ctrl Pts',(-22.000000000001,-10.6500000000039,-14.5999999999993));
#7732=CARTESIAN_POINT('Ctrl Pts',(-22.000000000001,-10.6547325086591,-14.605337459846));
#7733=CARTESIAN_POINT('Ctrl Pts',(-22.0000000539242,-10.6594606826986,-14.6106709833775));
#7734=CARTESIAN_POINT('Ctrl Pts',(-21.997283107775,-12.5747230601689,-16.7702073381824));
#7735=CARTESIAN_POINT('Ctrl Pts',(-21.5816771995941,-15.1245110413344,-19.6495915322155));
#7736=CARTESIAN_POINT('Ctrl Pts',(-20.3096417795365,-18.2117433497362,-22.9284918863415));
#7737=CARTESIAN_POINT('Ctrl Pts',(-19.641179951532,-19.4118308395171,-24.1371132267745));
#7738=CARTESIAN_POINT('Ctrl Pts',(-19.2668992340978,-19.9971255892016,-24.7030888604112));
#7739=CARTESIAN_POINT('Ctrl Pts',(-19.3845178596356,-26.7690357192673,-17.4865968172599));
#7740=CARTESIAN_POINT('Ctrl Pts',(-17.588451411393,-27.0971893249847,-17.1718077721792));
#7741=CARTESIAN_POINT('Ctrl Pts',(-13.1965201188704,-27.7012679884346,-16.3416344752187));
#7742=CARTESIAN_POINT('Ctrl Pts',(-8.65346095281162,-27.9516802804272,-15.4177879878776));
#7743=CARTESIAN_POINT('Ctrl Pts',(-6.0481383448654,-27.9897828696476,-14.8857142857135));
#7744=CARTESIAN_POINT('Ctrl Pts',(-18.1867971225171,-25.7936306278227,-18.4222770351606));
#7745=CARTESIAN_POINT('Ctrl Pts',(-16.5859425488599,-26.3271914995106,-18.1265841097826));
#7746=CARTESIAN_POINT('Ctrl Pts',(-12.5937403554868,-27.4103815000344,-17.1477029118379));
#7747=CARTESIAN_POINT('Ctrl Pts',(-8.37381687084947,-27.9057658910466,-15.8049007606127));
#7748=CARTESIAN_POINT('Ctrl Pts',(-5.95064104640933,-27.9800649011753,-15.0214183301993));
#7749=CARTESIAN_POINT('Ctrl Pts',(-16.0937761081602,-24.6971621326387,-20.6912518953943));
#7750=CARTESIAN_POINT('Ctrl Pts',(-14.8310610269023,-25.4967287946089,-20.1902292041684));
#7751=CARTESIAN_POINT('Ctrl Pts',(-11.5381378606604,-27.1235138789075,-18.5938581568119));
#7752=CARTESIAN_POINT('Ctrl Pts',(-7.8844400360724,-27.8600522964986,-16.485811671781));
#7753=CARTESIAN_POINT('Ctrl Pts',(-5.7800207920736,-27.9703954759626,-15.2594257978075));
#7754=CARTESIAN_POINT('Ctrl Pts',(-14.5210168728808,-24.9318844306693,-23.4998153095733));
#7755=CARTESIAN_POINT('Ctrl Pts',(-13.3850207099329,-25.7163411155311,-22.5779944110333));
#7756=CARTESIAN_POINT('Ctrl Pts',(-10.5058924916691,-27.223280768248,-20.0650920852177));
#7757=CARTESIAN_POINT('Ctrl Pts',(-7.39754515414342,-27.8751094170447,-17.1693241058511));
#7758=CARTESIAN_POINT('Ctrl Pts',(-5.6097768584652,-27.973586466745,-15.4978277414418));
#7759=CARTESIAN_POINT('Ctrl Pts',(-13.9971255892032,-25.2668992340962,-24.7030888604112));
#7760=CARTESIAN_POINT('Ctrl Pts',(-12.8577561969909,-25.9954962252184,-23.601327202629));
#7761=CARTESIAN_POINT('Ctrl Pts',(-10.0716498743124,-27.3367275538469,-20.6957206632672));
#7762=CARTESIAN_POINT('Ctrl Pts',(-7.18967267024972,-27.8927160888103,-17.4622579575732));
#7763=CARTESIAN_POINT('Ctrl Pts',(-5.53693602498966,-27.9773149820612,-15.5999999999991));
#7764=CARTESIAN_POINT('',(-7.90000000000058,-27.8912294502139,-15.600000000604));
#7765=CARTESIAN_POINT('',(-7.90000000000055,-27.944632788091,-15.2632285934063));
#7766=CARTESIAN_POINT('Ctrl Pts',(-7.89881216370088,-27.8913065374893,-15.5998126741689));
#7767=CARTESIAN_POINT('Ctrl Pts',(-7.89882796407725,-27.9041680666076,-15.5136921265343));
#7768=CARTESIAN_POINT('Ctrl Pts',(-7.89882809859446,-27.917657006396,-15.4276244566388));
#7769=CARTESIAN_POINT('Ctrl Pts',(-7.898834512191,-27.931750562358,-15.3417545538324));
#7770=CARTESIAN_POINT('Ctrl Pts',(-7.89883647317427,-27.936059724507,-15.3154994812369));
#7771=CARTESIAN_POINT('Ctrl Pts',(-7.89883880857422,-27.9404253241987,-15.2892631952791));
#7772=CARTESIAN_POINT('Ctrl Pts',(-7.89884161429023,-27.9448464649476,-15.2630505830449));
#7773=CARTESIAN_POINT('',(-19.3845178596353,-26.7690357192674,-17.4865968172599));
#7774=CARTESIAN_POINT('Ctrl Pts',(-7.8999944467732,-27.9448072109347,-15.2632850894861));
#7775=CARTESIAN_POINT('Ctrl Pts',(-9.882250199831,-27.8772990919908,-15.6665100939996));
#7776=CARTESIAN_POINT('Ctrl Pts',(-13.7918185835696,-27.6193889523209,-16.4541592066406));
#7777=CARTESIAN_POINT('Ctrl Pts',(-17.588451411393,-27.0971893249847,-17.1718077721792));
#7778=CARTESIAN_POINT('Ctrl Pts',(-19.3845178596356,-26.7690357192673,-17.4865968172599));
#7779=CARTESIAN_POINT('',(-13.9971255892032,-25.2668992340962,-24.7030888604112));
#7780=CARTESIAN_POINT('Origin',(-19.3845178596356,-33.6916250174369,-24.7030888604112));
#7781=CARTESIAN_POINT('',(-5.53693602498959,-27.9773149820612,-15.5999999999992));
#7782=CARTESIAN_POINT('Ctrl Pts',(-13.9971255892032,-25.2668992340962,-24.7030888604112));
#7783=CARTESIAN_POINT('Ctrl Pts',(-12.8577561969909,-25.9954962252184,-23.601327202629));
#7784=CARTESIAN_POINT('Ctrl Pts',(-10.0716498743124,-27.3367275538469,-20.6957206632672));
#7785=CARTESIAN_POINT('Ctrl Pts',(-7.18967267024972,-27.8927160888103,-17.4622579575732));
#7786=CARTESIAN_POINT('Ctrl Pts',(-5.53693602498966,-27.9773149820612,-15.5999999999991));
#7787=CARTESIAN_POINT('Ctrl Pts',(-5.53693602498986,-27.9773149820612,-15.5999999999993));
#7788=CARTESIAN_POINT('Ctrl Pts',(-5.83049003755449,-27.9622887861796,-15.5999999999993));
#7789=CARTESIAN_POINT('Ctrl Pts',(-6.12444776808765,-27.9488749877605,-15.5999999999993));
#7790=CARTESIAN_POINT('Ctrl Pts',(-6.91142176827301,-27.9172713060531,-15.5999999999993));
#7791=CARTESIAN_POINT('Ctrl Pts',(-7.40644714117175,-27.9019302084381,-15.5999999999993));
#7792=CARTESIAN_POINT('Ctrl Pts',(-7.90000000000448,-27.891229450394,-15.5999999999993));
#7793=CARTESIAN_POINT('Ctrl Pts',(-20.7690357192688,-25.3845178596335,-17.4865968172599));
#7794=CARTESIAN_POINT('Ctrl Pts',(-20.611687137183,-25.586264292799,-17.6375371361732));
#7795=CARTESIAN_POINT('Ctrl Pts',(-20.1918331551615,-26.1137181296297,-17.8293283046787));
#7796=CARTESIAN_POINT('Ctrl Pts',(-19.6535131038555,-26.5592376098196,-17.687850575811));
#7797=CARTESIAN_POINT('Ctrl Pts',(-19.384517859635,-26.7690357192673,-17.4865968172598));
#7798=CARTESIAN_POINT('Ctrl Pts',(-19.7936306278243,-24.1867971225151,-18.4222770351606));
#7799=CARTESIAN_POINT('Ctrl Pts',(-19.5792489845208,-24.4160228858669,-18.6346803599159));
#7800=CARTESIAN_POINT('Ctrl Pts',(-19.0553417510561,-24.9740540734871,-18.8865149104597));
#7801=CARTESIAN_POINT('Ctrl Pts',(-18.4924314736522,-25.5077884367515,-18.7054814681676));
#7802=CARTESIAN_POINT('Ctrl Pts',(-18.1867971225166,-25.7936306278228,-18.4222770351605));
#7803=CARTESIAN_POINT('Ctrl Pts',(-18.696758612358,-22.0936656179457,-20.6910113620097));
#7804=CARTESIAN_POINT('Ctrl Pts',(-18.3537749974905,-22.4705944364726,-21.1015525659716));
#7805=CARTESIAN_POINT('Ctrl Pts',(-17.4956475928148,-23.3650568705235,-21.6158074797069));
#7806=CARTESIAN_POINT('Ctrl Pts',(-16.5962373759827,-24.2394471258668,-21.2383996339586));
#7807=CARTESIAN_POINT('Ctrl Pts',(-16.093665617947,-24.6967586123567,-20.6910113620094));
#7808=CARTESIAN_POINT('Ctrl Pts',(-18.9318844306708,-20.5210168728793,-23.4998153095735));
#7809=CARTESIAN_POINT('Ctrl Pts',(-18.4535771298902,-21.2030461352627,-24.18739823167));
#7810=CARTESIAN_POINT('Ctrl Pts',(-17.1122673746702,-22.8693082532326,-25.1070352548692));
#7811=CARTESIAN_POINT('Ctrl Pts',(-15.4303892227245,-24.2941413629624,-24.416592539035));
#7812=CARTESIAN_POINT('Ctrl Pts',(-14.5210168728805,-24.9318844306695,-23.499815309573));
#7813=CARTESIAN_POINT('Ctrl Pts',(-19.2668992340977,-19.9971255892018,-24.7030888604114));
#7814=CARTESIAN_POINT('Ctrl Pts',(-18.7337840004543,-20.8308034483428,-25.5092490981899));
#7815=CARTESIAN_POINT('Ctrl Pts',(-17.1772942918313,-22.8799716535225,-26.6023739299259));
#7816=CARTESIAN_POINT('Ctrl Pts',(-15.1086960680571,-24.5560789225722,-25.7779691774488));
#7817=CARTESIAN_POINT('Ctrl Pts',(-13.9971255892028,-25.2668992340964,-24.7030888604109));
#7818=CARTESIAN_POINT('Ctrl Pts',(-19.384517859635,-26.7690357192673,-17.4865968172598));
#7819=CARTESIAN_POINT('Ctrl Pts',(-19.6535131038555,-26.5592376098196,-17.687850575811));
#7820=CARTESIAN_POINT('Ctrl Pts',(-20.1918331551615,-26.1137181296297,-17.8293283046787));
#7821=CARTESIAN_POINT('Ctrl Pts',(-20.611687137183,-25.586264292799,-17.6375371361732));
#7822=CARTESIAN_POINT('Ctrl Pts',(-20.7690357192688,-25.3845178596335,-17.4865968172599));
#7823=CARTESIAN_POINT('Ctrl Pts',(-19.2668992340977,-19.9971255892018,-24.7030888604114));
#7824=CARTESIAN_POINT('Ctrl Pts',(-18.7337840004543,-20.8308034483428,-25.5092490981899));
#7825=CARTESIAN_POINT('Ctrl Pts',(-17.1772942918313,-22.8799716535225,-26.6023739299259));
#7826=CARTESIAN_POINT('Ctrl Pts',(-15.1086960680571,-24.5560789225722,-25.7779691774488));
#7827=CARTESIAN_POINT('Ctrl Pts',(-13.9971255892028,-25.2668992340964,-24.7030888604109));
#7828=CARTESIAN_POINT('Origin',(-18.000000000001,-9.66250000000083,-14.5999999999993));
#7829=CARTESIAN_POINT('',(-22.000000000001,-25.9999999999994,-14.5999999999993));
#7830=CARTESIAN_POINT('Origin',(-18.000000000001,-23.9999999999994,-14.5999999999993));
#7831=CARTESIAN_POINT('',(-22.000000000001,-9.66250000000083,-14.5999999999993));
#7832=CARTESIAN_POINT('Ctrl Pts',(-19.3541753332968,-26.708350666591,-17.5436094623385));
#7833=CARTESIAN_POINT('Ctrl Pts',(-19.5280582200445,-27.0561164400863,-17.2236377824963));
#7834=CARTESIAN_POINT('Ctrl Pts',(-19.8671168828694,-27.7342337657363,-16.3318229657062));
#7835=CARTESIAN_POINT('Ctrl Pts',(-20.000000000001,-27.9999999999994,-15.2300940446424));
#7836=CARTESIAN_POINT('Ctrl Pts',(-20.000000000001,-27.9999999999994,-14.5999999999993));
#7837=CARTESIAN_POINT('Ctrl Pts',(-19.6605449116618,-26.5424355193285,-17.6962643594759));
#7838=CARTESIAN_POINT('Ctrl Pts',(-19.8892628072163,-26.8971132534519,-17.4069881418743));
#7839=CARTESIAN_POINT('Ctrl Pts',(-20.3667511950732,-27.6418634834016,-16.5683913643727));
#7840=CARTESIAN_POINT('Ctrl Pts',(-20.5983986006847,-27.9999999999994,-15.325801159267));
#7841=CARTESIAN_POINT('Ctrl Pts',(-20.5983986006847,-27.9999999999994,-14.5999999999993));
#7842=CARTESIAN_POINT('Ctrl Pts',(-20.1957686738185,-26.1203472785786,-17.8192273108572));
#7843=CARTESIAN_POINT('Ctrl Pts',(-20.5192367042496,-26.4309414675275,-17.556157375151));
#7844=CARTESIAN_POINT('Ctrl Pts',(-21.2359788740848,-27.1170735809444,-16.7698404770613));
#7845=CARTESIAN_POINT('Ctrl Pts',(-21.6345817476909,-27.4981003152411,-15.4080350487688));
#7846=CARTESIAN_POINT('Ctrl Pts',(-21.6345817476909,-27.4981003152411,-14.5999999999993));
#7847=CARTESIAN_POINT('Ctrl Pts',(-20.5839143061457,-25.583952517069,-17.6581006351915));
#7848=CARTESIAN_POINT('Ctrl Pts',(-20.9366436743063,-25.7987576305031,-17.3608403222789));
#7849=CARTESIAN_POINT('Ctrl Pts',(-21.6647976077267,-26.2417024805763,-16.5077989679748));
#7850=CARTESIAN_POINT('Ctrl Pts',(-22.000000000001,-26.4487989505122,-15.300856522058));
#7851=CARTESIAN_POINT('Ctrl Pts',(-22.000000000001,-26.4487989505122,-14.5999999999993));
#7852=CARTESIAN_POINT('Ctrl Pts',(-20.7083506665926,-25.3541753332952,-17.5436094623385));
#7853=CARTESIAN_POINT('Ctrl Pts',(-21.056116440088,-25.5280582200429,-17.2236377824963));
#7854=CARTESIAN_POINT('Ctrl Pts',(-21.7342337657379,-25.8671168828678,-16.3318229657062));
#7855=CARTESIAN_POINT('Ctrl Pts',(-22.000000000001,-25.9999999999994,-15.2300940446424));
#7856=CARTESIAN_POINT('Ctrl Pts',(-22.000000000001,-25.9999999999994,-14.5999999999993));
#7857=CARTESIAN_POINT('',(-20.000000000001,-27.9999999999994,-14.5999999999993));
#7858=CARTESIAN_POINT('Origin',(-18.000000000001,-23.9999999999994,-14.5999999999993));
#7859=CARTESIAN_POINT('Origin',(-20.000000000001,-25.9999999999994,-14.5999999999993));
#7860=CARTESIAN_POINT('Origin',(-4.31250000000167,-23.9999999999994,-14.5999999999993));
#7861=CARTESIAN_POINT('',(-7.90000000000058,-27.9999999999994,-14.5999999999993));
#7862=CARTESIAN_POINT('Origin',(-7.90000000000058,-23.9999999999994,-14.5999999999993));
#7863=CARTESIAN_POINT('',(-4.31250000000167,-27.9999999999994,-14.5999999999993));
#7864=CARTESIAN_POINT('Origin',(-20.000000000001,-25.9999999999994,-15.5999999999993));
#7865=CARTESIAN_POINT('',(-20.000000000001,-27.9999999999994,-15.5999999999993));
#7866=CARTESIAN_POINT('',(-22.000000000001,-25.9999999999994,-15.5999999999993));
#7867=CARTESIAN_POINT('Origin',(-7.90000000000058,-27.9999999999994,-15.5999999999993));
#7868=CARTESIAN_POINT('',(-7.90000000000058,-25.4000000000001,-15.5999999999993));
#7869=CARTESIAN_POINT('',(-7.90000000000058,-27.9999999999994,-15.5999999999993));
#7870=CARTESIAN_POINT('',(-7.90000000000059,-25.4000000000001,-6.19999999999931));
#7871=CARTESIAN_POINT('',(-7.90000000000058,-25.4000000000001,-15.5999999999993));
#7872=CARTESIAN_POINT('',(-7.90000000000059,-26.9999999999994,-6.1999999999993));
#7873=CARTESIAN_POINT('',(-7.90000000000058,-27.9999999999994,-6.1999999999993));
#7874=CARTESIAN_POINT('',(-7.90000000000058,-27.9999999999994,-7.19999999999931));
#7875=CARTESIAN_POINT('Origin',(-7.90000000000058,-26.9999999999994,-7.19999999999931));
#7876=CARTESIAN_POINT('',(-7.90000000000058,-27.9999999999994,-15.5999999999993));
#7877=CARTESIAN_POINT('Origin',(-4.64999999999018,-13.9999999999997,-15.5999999999993));
#7878=CARTESIAN_POINT('',(-4.65000000000549,-27.9999999999994,-15.5999999999993));
#7879=CARTESIAN_POINT('Origin',(-4.65000000000549,-10.6500000000039,-15.5999999999993));
#7880=CARTESIAN_POINT('',(4.6999999999999,-27.9999999999994,-15.5999999999993));
#7881=CARTESIAN_POINT('',(-22.000000000001,-27.9999999999994,-15.5999999999993));
#7882=CARTESIAN_POINT('',(4.69999999999981,-21.3000000000005,-15.5999999999993));
#7883=CARTESIAN_POINT('',(4.6999999999999,-27.9999999999994,-15.5999999999993));
#7884=CARTESIAN_POINT('',(4.69999999999981,-21.3000000000005,-15.5999999999993));
#7885=CARTESIAN_POINT('',(4.69999999999962,-19.6,-15.5999999999993));
#7886=CARTESIAN_POINT('',(9.29999999999934,-19.5999999999999,-15.5999999999993));
#7887=CARTESIAN_POINT('',(4.69999999999962,-19.6,-15.5999999999993));
#7888=CARTESIAN_POINT('',(4.69999999999952,-6.20000000000001,-15.5999999999993));
#7889=CARTESIAN_POINT('',(4.69999999999952,-6.20000000000001,-15.5999999999993));
#7890=CARTESIAN_POINT('',(8.19999999999952,-6.20000000000001,-15.5999999999993));
#7891=CARTESIAN_POINT('',(8.19999999999952,-6.20000000000001,-15.5999999999993));
#7892=CARTESIAN_POINT('',(8.19999999999952,-4.70000000000001,-15.5999999999993));
#7893=CARTESIAN_POINT('',(8.19999999999952,-15.2,-15.5999999999993));
#7894=CARTESIAN_POINT('',(4.69999999999938,-4.7,-15.5999999999993));
#7895=CARTESIAN_POINT('',(8.19999999999952,-4.70000000000001,-15.5999999999993));
#7896=CARTESIAN_POINT('',(-15.9000000000009,-4.7,-15.5999999999993));
#7897=CARTESIAN_POINT('',(8.19999999999952,-4.70000000000001,-15.5999999999993));
#7898=CARTESIAN_POINT('',(-15.900000000001,-19.6,-15.5999999999993));
#7899=CARTESIAN_POINT('',(-15.900000000001,-19.6,-15.5999999999993));
#7900=CARTESIAN_POINT('',(-20.500000000001,-19.6,-15.5999999999993));
#7901=CARTESIAN_POINT('',(-20.500000000001,-19.6,-15.5999999999993));
#7902=CARTESIAN_POINT('',(-20.500000000001,-21.3,-15.5999999999993));
#7903=CARTESIAN_POINT('',(-20.500000000001,-21.3,-15.5999999999993));
#7904=CARTESIAN_POINT('',(-15.9000000000011,-21.3000000000001,-15.5999999999993));
#7905=CARTESIAN_POINT('',(-15.9000000000011,-21.3000000000001,-15.5999999999993));
#7906=CARTESIAN_POINT('',(-15.9000000000011,-25.4000000000001,-15.5999999999993));
#7907=CARTESIAN_POINT('',(-15.9000000000011,-25.4000000000001,-15.5999999999993));
#7908=CARTESIAN_POINT('',(-7.90000000000058,-25.4000000000001,-15.5999999999993));
#7909=CARTESIAN_POINT('Origin',(4.6999999999999,-27.9999999999994,-15.5999999999993));
#7910=CARTESIAN_POINT('',(-4.65000000000549,-27.9999999999994,-31.8999999999994));
#7911=CARTESIAN_POINT('',(-4.65000000000549,-27.9999999999994,-31.8999999999994));
#7912=CARTESIAN_POINT('',(10.6999999999922,-27.9999999999994,-31.8999999999994));
#7913=CARTESIAN_POINT('',(4.0249999999999,-27.9999999999994,-31.8999999999994));
#7914=CARTESIAN_POINT('',(10.6999999999922,-27.9999999999994,-15.5999999999993));
#7915=CARTESIAN_POINT('',(4.69999999999989,-27.9999999999994,-7.19999999999929));
#7916=CARTESIAN_POINT('',(-6.75000000000055,-27.9999999999994,-7.19999999999931));
#7917=CARTESIAN_POINT('',(4.6999999999999,-27.9999999999994,-15.5999999999993));
#7918=CARTESIAN_POINT('',(4.79999999999993,-27.9999999999994,-10.8999999999992));
#7919=CARTESIAN_POINT('Origin',(6.79999999999993,-27.9999999999994,-10.8999999999992));
#7920=CARTESIAN_POINT('Origin',(4.6999999999999,-27.9999999999994,-15.5999999999993));
#7921=CARTESIAN_POINT('',(-6.75000000000055,-27.9999999999994,-7.19999999999931));
#7922=CARTESIAN_POINT('Origin',(-18.0000000000001,-27.9999999999994,-10.8999999999993));
#7923=CARTESIAN_POINT('Ctrl Pts',(11.0944149512599,-27.0475227954432,-7.66440076562103));
#7924=CARTESIAN_POINT('Ctrl Pts',(11.4077350536168,-26.9175284057928,-7.89787561021841));
#7925=CARTESIAN_POINT('Ctrl Pts',(11.9172488108314,-26.6363348371037,-8.40716225496604));
#7926=CARTESIAN_POINT('Ctrl Pts',(12.5181517561724,-25.9691914822051,-9.67506870971062));
#7927=CARTESIAN_POINT('Ctrl Pts',(12.6999999999927,-25.5136596007858,-10.5247080346629));
#7928=CARTESIAN_POINT('Ctrl Pts',(12.6999999999929,-25.3166856932735,-10.8833143067273));
#7929=CARTESIAN_POINT('Ctrl Pts',(11.1856958989295,-27.075343200079,-7.78870554169924));
#7930=CARTESIAN_POINT('Ctrl Pts',(11.4798187167616,-26.9485018435438,-8.02567390442541));
#7931=CARTESIAN_POINT('Ctrl Pts',(11.9606586956917,-26.6720317498275,-8.53859463264249));
#7932=CARTESIAN_POINT('Ctrl Pts',(12.5311292510803,-26.0174635975269,-9.79878247268928));
#7933=CARTESIAN_POINT('Ctrl Pts',(12.6999999999926,-25.574359084582,-10.6074503699846));
#7934=CARTESIAN_POINT('Ctrl Pts',(12.6999999999928,-25.3783830823315,-10.9450116957853));
#7935=CARTESIAN_POINT('Ctrl Pts',(11.3559893844867,-27.1281887959269,-8.05759656334507));
#7936=CARTESIAN_POINT('Ctrl Pts',(11.6148731925136,-27.0066340404807,-8.30014048404631));
#7937=CARTESIAN_POINT('Ctrl Pts',(12.0418462642441,-26.7377622943128,-8.81825183717394));
#7938=CARTESIAN_POINT('Ctrl Pts',(12.5562679053089,-26.1076985093378,-10.0569523670774));
#7939=CARTESIAN_POINT('Ctrl Pts',(12.6999999999925,-25.6891807730261,-10.7779946034612));
#7940=CARTESIAN_POINT('Ctrl Pts',(12.6999999999927,-25.4948479760058,-11.0753359813841));
#7941=CARTESIAN_POINT('Ctrl Pts',(11.5807092036206,-27.2006514424177,-8.54204127545566));
#7942=CARTESIAN_POINT('Ctrl Pts',(11.7935466752425,-27.0843722667218,-8.7867605344112));
#7943=CARTESIAN_POINT('Ctrl Pts',(12.1519247025532,-26.8218739217057,-9.30875092614044));
#7944=CARTESIAN_POINT('Ctrl Pts',(12.5914247147684,-26.2284850073864,-10.4766934721679));
#7945=CARTESIAN_POINT('Ctrl Pts',(12.6999999999923,-25.840108587609,-11.0491487126145));
#7946=CARTESIAN_POINT('Ctrl Pts',(12.6999999999925,-25.6465594581174,-11.2891532927887));
#7947=CARTESIAN_POINT('Ctrl Pts',(11.7763497846116,-27.2673248617307,-9.13637517839645));
#7948=CARTESIAN_POINT('Ctrl Pts',(11.9504851444289,-27.1539113936546,-9.37609172387565));
#7949=CARTESIAN_POINT('Ctrl Pts',(12.2535088019925,-26.8935109665917,-9.89143039458738));
#7950=CARTESIAN_POINT('Ctrl Pts',(12.6214312883426,-26.3370579649016,-10.9198873299164));
#7951=CARTESIAN_POINT('Ctrl Pts',(12.6999999999922,-25.9674373368168,-11.334054223128));
#7952=CARTESIAN_POINT('Ctrl Pts',(12.6999999999924,-25.7733770302407,-11.5186124173488));
#7953=CARTESIAN_POINT('Ctrl Pts',(11.9420253733105,-27.3281298322052,-9.87898847287903));
#7954=CARTESIAN_POINT('Ctrl Pts',(12.0857367297748,-27.2153200762216,-10.0991314101045));
#7955=CARTESIAN_POINT('Ctrl Pts',(12.3436725393127,-26.9540010736833,-10.5704989729659));
#7956=CARTESIAN_POINT('Ctrl Pts',(12.6416267453322,-26.431727254072,-11.3626716674264));
#7957=CARTESIAN_POINT('Ctrl Pts',(12.6999999999921,-26.0680564959258,-11.6290145958858));
#7958=CARTESIAN_POINT('Ctrl Pts',(12.6999999999923,-25.8737059391848,-11.7608278300196));
#7959=CARTESIAN_POINT('Ctrl Pts',(12.0657177390273,-27.3795485458377,-10.7788994067896));
#7960=CARTESIAN_POINT('Ctrl Pts',(12.1876526982633,-27.2653047420936,-10.9469054519155));
#7961=CARTESIAN_POINT('Ctrl Pts',(12.4109516588419,-27.0015107616909,-11.2978775046017));
#7962=CARTESIAN_POINT('Ctrl Pts',(12.6485851773801,-26.5038475284423,-11.7732604789168));
#7963=CARTESIAN_POINT('Ctrl Pts',(12.699999999992,-26.1384833683559,-11.9290721729928));
#7964=CARTESIAN_POINT('Ctrl Pts',(12.6999999999922,-25.9462844769444,-12.0127534982233));
#7965=CARTESIAN_POINT('Ctrl Pts',(12.1203690295363,-27.4099817154046,-11.7132530558052));
#7966=CARTESIAN_POINT('Ctrl Pts',(12.234467572897,-27.2932937077718,-11.7944324192789));
#7967=CARTESIAN_POINT('Ctrl Pts',(12.4417545362039,-27.0256555641158,-11.9587421319571));
#7968=CARTESIAN_POINT('Ctrl Pts',(12.6472774437383,-26.5397232054111,-12.1443347953334));
#7969=CARTESIAN_POINT('Ctrl Pts',(12.699999999992,-26.1760191794896,-12.2303823802959));
#7970=CARTESIAN_POINT('Ctrl Pts',(12.6999999999922,-25.9901999299886,-12.2712213868375));
#7971=CARTESIAN_POINT('Ctrl Pts',(12.1142135623645,-27.4142135623732,-12.2532361592329));
#7972=CARTESIAN_POINT('Ctrl Pts',(12.2346885626717,-27.2937385620662,-12.2809723361943));
#7973=CARTESIAN_POINT('Ctrl Pts',(12.4467095146291,-27.0198274909279,-12.3347675828253));
#7974=CARTESIAN_POINT('Ctrl Pts',(12.6518554251239,-26.5331816378053,-12.4027203481011));
#7975=CARTESIAN_POINT('Ctrl Pts',(12.699999999992,-26.1786884710389,-12.4318877339712));
#7976=CARTESIAN_POINT('Ctrl Pts',(12.6999999999922,-26.0000000000016,-12.4457276890249));
#7977=CARTESIAN_POINT('Ctrl Pts',(12.1142135623645,-27.4142135623732,-12.5329809733937));
#7978=CARTESIAN_POINT('Ctrl Pts',(12.2376269773133,-27.2908001474245,-12.5329809733937));
#7979=CARTESIAN_POINT('Ctrl Pts',(12.4519480366614,-27.0114906731199,-12.5329809733937));
#7980=CARTESIAN_POINT('Ctrl Pts',(12.654046251077,-26.5235824229474,-12.5329809733937));
#7981=CARTESIAN_POINT('Ctrl Pts',(12.699999999992,-26.1745329252009,-12.5329809733937));
#7982=CARTESIAN_POINT('Ctrl Pts',(12.6999999999922,-26.0000000000016,-12.5329809733937));
#7983=CARTESIAN_POINT('',(12.6999999999922,-26.0000000000016,-12.5329809733937));
#7984=CARTESIAN_POINT('Origin',(10.6999999999922,-25.9999999999994,-12.5329809733937));
#7985=CARTESIAN_POINT('Origin',(12.6999999999947,-23.6670190266071,-12.5329809733937));
#7986=CARTESIAN_POINT('Origin',(10.6999999999922,-25.9999999999994,-15.5999999999993));
#7987=CARTESIAN_POINT('',(12.6999999999922,-26.0000000000016,-31.8999999999994));
#7988=CARTESIAN_POINT('Origin',(10.6999999999922,-25.9999999999994,-31.8999999999993));
#7989=CARTESIAN_POINT('',(12.6999999999922,-26.0000000000016,-15.5999999999993));
#7990=CARTESIAN_POINT('Origin',(8.700000000004,-15.1750000000122,-10.1999999999993));
#7991=CARTESIAN_POINT('',(8.6999999999973,-21.3,-6.19999999999929));
#7992=CARTESIAN_POINT('Origin',(8.6999999999973,-21.2999999999992,-10.1999999999993));
#7993=CARTESIAN_POINT('',(8.700000000004,-15.1750000000122,-6.19999999999929));
#7994=CARTESIAN_POINT('',(12.700000000004,-15.1750000000166,-10.1999999999993));
#7995=CARTESIAN_POINT('',(9.29999999999943,-4.7,-6.24525601333982));
#7996=CARTESIAN_POINT('',(9.29999999999943,-15.1750000000129,-6.24525601334156));
#7997=CARTESIAN_POINT('',(8.70000000001546,-4.7,-6.19999999999929));
#7998=CARTESIAN_POINT('Origin',(8.70000000001547,-4.69999999999935,-10.1999999999993));
#7999=CARTESIAN_POINT('',(8.69999999999916,-19.6,-6.19999999999929));
#8000=CARTESIAN_POINT('',(8.700000000004,-15.1750000000122,-6.19999999999929));
#8001=CARTESIAN_POINT('Origin',(8.69999999999916,-19.6000000000044,-10.1999999999993));
#8002=CARTESIAN_POINT('Origin',(-6.75000000000055,-26.9999999999994,-7.19999999999931));
#8003=CARTESIAN_POINT('',(4.69999999999987,-26.9999999999994,-6.19999999999929));
#8004=CARTESIAN_POINT('Origin',(4.6999999999998,-26.9999999999994,-7.19999999999929));
#8005=CARTESIAN_POINT('',(-6.75000000000055,-26.9999999999994,-6.19999999999931));
#8006=CARTESIAN_POINT('Origin',(4.69999999999981,-21.3000000000005,-15.5999999999993));
#8007=CARTESIAN_POINT('',(4.6999999999998,-21.3000000000005,-6.19999999999929));
#8008=CARTESIAN_POINT('',(4.69999999999989,-27.9999999999994,-6.19999999999929));
#8009=CARTESIAN_POINT('',(4.69999999999981,-21.3000000000005,-15.5999999999993));
#8010=CARTESIAN_POINT('Origin',(9.29999999999713,-21.2999999999999,-15.5999999999993));
#8011=CARTESIAN_POINT('',(9.29999999999713,-21.2999999999999,-15.5999999999993));
#8012=CARTESIAN_POINT('',(4.6999999999998,-21.3000000000005,-6.19999999999929));
#8013=CARTESIAN_POINT('',(5.74999999999993,-21.2999999999999,-10.8999999999993));
#8014=CARTESIAN_POINT('Origin',(6.79999999999993,-21.2999999999999,-10.8999999999993));
#8015=CARTESIAN_POINT('Origin',(9.29999999999934,-19.5999999999999,-15.5999999999993));
#8016=CARTESIAN_POINT('',(9.29999999999934,-19.5999999999999,-15.5999999999993));
#8017=CARTESIAN_POINT('Origin',(4.69999999999962,-19.6,-15.5999999999993));
#8018=CARTESIAN_POINT('',(4.69999999999961,-19.6,-6.19999999999929));
#8019=CARTESIAN_POINT('',(9.29999999999933,-19.5999999999999,-6.19999999999929));
#8020=CARTESIAN_POINT('',(4.69999999999962,-19.6,-15.5999999999993));
#8021=CARTESIAN_POINT('',(5.74999999999993,-19.6,-10.8999999999993));
#8022=CARTESIAN_POINT('Origin',(6.79999999999993,-19.6,-10.8999999999993));
#8023=CARTESIAN_POINT('Origin',(-18.200000000001,-2.34999999999997,-6.19999999999932));
#8024=CARTESIAN_POINT('',(8.19999999999951,-4.7,-6.19999999999929));
#8025=CARTESIAN_POINT('',(-4.45000000000077,-4.7,-6.1999999999993));
#8026=CARTESIAN_POINT('',(8.19999999999951,-15.2,-6.19999999999929));
#8027=CARTESIAN_POINT('',(4.69999999999961,-19.6,-6.19999999999929));
#8028=CARTESIAN_POINT('Origin',(-18.200000000001,-2.34999999999997,-6.19999999999932));
#8029=CARTESIAN_POINT('Origin',(9.29999999999943,-4.7,-6.19999999999929));
#8030=CARTESIAN_POINT('',(9.29999999999944,-4.7,-11.9999999999993));
#8031=CARTESIAN_POINT('',(9.29999999999943,-4.7,-6.19999999999929));
#8032=CARTESIAN_POINT('',(8.19999999999952,-4.7,-11.9999999999993));
#8033=CARTESIAN_POINT('',(-13.0500000000009,-4.7,-11.9999999999993));
#8034=CARTESIAN_POINT('',(8.19999999999952,-4.70000000000001,-15.5999999999993));
#8035=CARTESIAN_POINT('Ctrl Pts',(-20.3950130807723,-27.0472487826096,-7.66464086408813));
#8036=CARTESIAN_POINT('Ctrl Pts',(-20.7080815143949,-26.9176612641127,-7.89770243974742));
#8037=CARTESIAN_POINT('Ctrl Pts',(-21.2166296137764,-26.6366446982633,-8.40766810530895));
#8038=CARTESIAN_POINT('Ctrl Pts',(-21.8183922206784,-25.9690936965041,-9.67485386706723));
#8039=CARTESIAN_POINT('Ctrl Pts',(-22.000000000001,-25.5136596007835,-10.524708034663));
#8040=CARTESIAN_POINT('Ctrl Pts',(-22.000000000001,-25.3166856932712,-10.8833143067275));
#8041=CARTESIAN_POINT('Ctrl Pts',(-20.4326248585448,-26.9742957777373,-7.64341425603297));
#8042=CARTESIAN_POINT('Ctrl Pts',(-20.7347714939669,-26.8431887100816,-7.87227314095363));
#8043=CARTESIAN_POINT('Ctrl Pts',(-21.2315814460069,-26.559808919344,-8.37727566767226));
#8044=CARTESIAN_POINT('Ctrl Pts',(-21.8244644317678,-25.8927053333589,-9.63209721659972));
#8045=CARTESIAN_POINT('Ctrl Pts',(-22.000000000001,-25.4523403063155,-10.4672504192592));
#8046=CARTESIAN_POINT('Ctrl Pts',(-22.000000000001,-25.2627004778455,-10.8293290913017));
#8047=CARTESIAN_POINT('Ctrl Pts',(-20.5031694164219,-26.8175291693504,-7.60297876656979));
#8048=CARTESIAN_POINT('Ctrl Pts',(-20.7859598710608,-26.6837762969411,-7.8252341941401));
#8049=CARTESIAN_POINT('Ctrl Pts',(-21.2617426849071,-26.3960572797637,-8.32365140480282));
#8050=CARTESIAN_POINT('Ctrl Pts',(-21.8371200242594,-25.7323043326953,-9.55319947952158));
#8051=CARTESIAN_POINT('Ctrl Pts',(-22.000000000001,-25.3246977765167,-10.3581577728828));
#8052=CARTESIAN_POINT('Ctrl Pts',(-22.000000000001,-25.1494258992166,-10.7266630014709));
#8053=CARTESIAN_POINT('Ctrl Pts',(-20.5963662277269,-26.5395442449828,-7.54789301754603));
#8054=CARTESIAN_POINT('Ctrl Pts',(-20.8569695361659,-26.4032452569998,-7.76488975977269));
#8055=CARTESIAN_POINT('Ctrl Pts',(-21.3079332669321,-26.1118706439527,-8.26219780849689));
#8056=CARTESIAN_POINT('Ctrl Pts',(-21.8560530307161,-25.4668803389741,-9.44846737701732));
#8057=CARTESIAN_POINT('Ctrl Pts',(-22.000000000001,-25.1183996793558,-10.2128759656369));
#8058=CARTESIAN_POINT('Ctrl Pts',(-22.000000000001,-24.9652375652203,-10.5900596186808));
#8059=CARTESIAN_POINT('Ctrl Pts',(-20.6774481704833,-26.2051733670973,-7.49808695027491));
#8060=CARTESIAN_POINT('Ctrl Pts',(-20.9216907449274,-26.0696099298386,-7.71385903649211));
#8061=CARTESIAN_POINT('Ctrl Pts',(-21.3547294767092,-25.7786259285222,-8.21704825534697));
#8062=CARTESIAN_POINT('Ctrl Pts',(-21.8724105514382,-25.1782848426351,-9.35224903496779));
#8063=CARTESIAN_POINT('Ctrl Pts',(-22.000000000001,-24.8981680593183,-10.0875231481173));
#8064=CARTESIAN_POINT('Ctrl Pts',(-22.000000000001,-24.7685466976451,-10.4721676514241));
#8065=CARTESIAN_POINT('Ctrl Pts',(-20.7453574492822,-25.7985797684991,-7.45356676096549));
#8066=CARTESIAN_POINT('Ctrl Pts',(-20.9786161190268,-25.6692894448052,-7.67151044325037));
#8067=CARTESIAN_POINT('Ctrl Pts',(-21.400088503707,-25.3869322241019,-8.18453986794392));
#8068=CARTESIAN_POINT('Ctrl Pts',(-21.8833946684772,-24.8744038094541,-9.26237329455532));
#8069=CARTESIAN_POINT('Ctrl Pts',(-22.000000000001,-24.6658068255433,-9.98454023195682));
#8070=CARTESIAN_POINT('Ctrl Pts',(-22.000000000001,-24.5612475114394,-10.3741224374455));
#8071=CARTESIAN_POINT('Ctrl Pts',(-20.7972917037786,-25.3048834588222,-7.4153923926884));
#8072=CARTESIAN_POINT('Ctrl Pts',(-21.0249172555145,-25.1905379366337,-7.63790529180508));
#8073=CARTESIAN_POINT('Ctrl Pts',(-21.4384376987055,-24.9444360935282,-8.16035695398537));
#8074=CARTESIAN_POINT('Ctrl Pts',(-21.8881610823706,-24.5681116348132,-9.18308182846841));
#8075=CARTESIAN_POINT('Ctrl Pts',(-22.000000000001,-24.4239623582105,-9.90700188254336));
#8076=CARTESIAN_POINT('Ctrl Pts',(-22.000000000001,-24.3453364154717,-10.2968682128122));
#8077=CARTESIAN_POINT('Ctrl Pts',(-20.8283344796363,-24.7371621883635,-7.38706114836567));
#8078=CARTESIAN_POINT('Ctrl Pts',(-21.0545547972024,-24.6573137412444,-7.61493766153437));
#8079=CARTESIAN_POINT('Ctrl Pts',(-21.463212826452,-24.4888855683862,-8.14365502799251));
#8080=CARTESIAN_POINT('Ctrl Pts',(-21.8903914532001,-24.2699158479031,-9.12751291739743));
#8081=CARTESIAN_POINT('Ctrl Pts',(-22.000000000001,-24.1755982280932,-9.85772143682563));
#8082=CARTESIAN_POINT('Ctrl Pts',(-22.000000000001,-24.1228927597173,-10.2411489760469));
#8083=CARTESIAN_POINT('Ctrl Pts',(-20.8328123187583,-24.1750420872545,-7.37392612830671));
#8084=CARTESIAN_POINT('Ctrl Pts',(-21.0645010331379,-24.1390789624543,-7.60767847966405));
#8085=CARTESIAN_POINT('Ctrl Pts',(-21.4793654984514,-24.0647694015253,-8.14402428981915));
#8086=CARTESIAN_POINT('Ctrl Pts',(-21.8965726608041,-23.9783680827597,-9.11280076731178));
#8087=CARTESIAN_POINT('Ctrl Pts',(-22.000000000001,-23.9230742334164,-9.83793837435488));
#8088=CARTESIAN_POINT('Ctrl Pts',(-22.000000000001,-23.8960587614291,-10.2075013343665));
#8089=CARTESIAN_POINT('Ctrl Pts',(-20.8284271247472,-23.8405287298642,-7.37157287525313));
#8090=CARTESIAN_POINT('Ctrl Pts',(-21.070111729022,-23.8285849764855,-7.61325747952795));
#8091=CARTESIAN_POINT('Ctrl Pts',(-21.4947286597845,-23.8048129936576,-8.1624292225968));
#8092=CARTESIAN_POINT('Ctrl Pts',(-21.9042585567537,-23.7715001677841,-9.13603652810542));
#8093=CARTESIAN_POINT('Ctrl Pts',(-22.000000000001,-23.7526457935314,-9.84366194438381));
#8094=CARTESIAN_POINT('Ctrl Pts',(-22.000000000001,-23.7433656504273,-10.1999999999993));
#8095=CARTESIAN_POINT('Ctrl Pts',(-20.8284271247472,-23.6670190266046,-7.37157287525313));
#8096=CARTESIAN_POINT('Ctrl Pts',(-21.0752539546449,-23.6670190266046,-7.61839970515082));
#8097=CARTESIAN_POINT('Ctrl Pts',(-21.503896073341,-23.6670190266045,-8.17701865376081));
#8098=CARTESIAN_POINT('Ctrl Pts',(-21.9080925021717,-23.6670190266046,-9.15283515410684));
#8099=CARTESIAN_POINT('Ctrl Pts',(-22.000000000001,-23.6670190266046,-9.85093414960046));
#8100=CARTESIAN_POINT('Ctrl Pts',(-22.000000000001,-23.6670190266046,-10.1999999999993));
#8101=CARTESIAN_POINT('',(-22.000000000001,-23.6670190266046,-10.1999999999993));
#8102=CARTESIAN_POINT('Origin',(-18.000000000001,-23.6670190266046,-10.1999999999993));
#8103=CARTESIAN_POINT('Origin',(-22.000000000001,-23.6670190266046,-12.5329809733941));
#8104=CARTESIAN_POINT('Origin',(-6.75000000000055,-26.9999999999994,-7.19999999999931));
#8105=CARTESIAN_POINT('',(-6.75000000000055,-26.9999999999994,-6.19999999999931));
#8106=CARTESIAN_POINT('Origin',(-18.000000000001,-1.17500000000001,-10.1999999999993));
#8107=CARTESIAN_POINT('',(-20.500000000001,-19.6,-7.07750100080012));
#8108=CARTESIAN_POINT('',(-18.000000000001,-19.6,-6.19999999999932));
#8109=CARTESIAN_POINT('Origin',(-18.000000000001,-19.6,-10.1999999999993));
#8110=CARTESIAN_POINT('',(-18.000000000001,-4.7,-6.19999999999932));
#8111=CARTESIAN_POINT('',(-18.000000000001,-1.17500000000001,-6.19999999999932));
#8112=CARTESIAN_POINT('',(-20.500000000001,-4.7,-7.07750100080014));
#8113=CARTESIAN_POINT('Origin',(-18.000000000001,-4.7,-10.1999999999993));
#8114=CARTESIAN_POINT('',(-20.500000000001,-1.17500000000001,-7.0775010008001));
#8115=CARTESIAN_POINT('',(-22.000000000001,1.17500000000001,-10.1999999999993));
#8116=CARTESIAN_POINT('',(-18.000000000001,-21.3,-6.19999999999932));
#8117=CARTESIAN_POINT('',(-18.000000000001,-1.17500000000001,-6.19999999999932));
#8118=CARTESIAN_POINT('',(-20.500000000001,-21.3,-7.07750100080012));
#8119=CARTESIAN_POINT('Origin',(-18.000000000001,-21.3000000000001,-10.1999999999993));
#8120=CARTESIAN_POINT('',(-20.500000000001,-1.17500000000001,-7.07750100080016));
#8121=CARTESIAN_POINT('Origin',(-18.0000000000001,-27.9999999999994,-10.8999999999993));
#8122=CARTESIAN_POINT('',(-20.0000000000001,-25.9999999999994,-10.8999999999993));
#8123=CARTESIAN_POINT('',(-20.0000000000001,-27.9999999999994,-10.8999999999993));
#8124=CARTESIAN_POINT('Origin',(-18.0000000000001,-25.9999999999994,-10.8999999999993));
#8125=CARTESIAN_POINT('Origin',(-22.000000000001,-4.55191440096314E-14,
-15.5999999999993));
#8126=CARTESIAN_POINT('',(-22.000000000001,-10.6500000000039,-31.8999999999994));
#8127=CARTESIAN_POINT('',(-22.000000000001,-20.9999999999995,-31.8999999999994));
#8128=CARTESIAN_POINT('',(-22.000000000001,-10.6500000000039,-31.8999999999994));
#8129=CARTESIAN_POINT('Origin',(-20.500000000001,-4.7,-6.19999999999932));
#8130=CARTESIAN_POINT('',(-20.500000000001,-4.7,-11.9999999999993));
#8131=CARTESIAN_POINT('',(-20.500000000001,-4.7,-6.19999999999932));
#8132=CARTESIAN_POINT('',(-20.5000000000009,1.17499999999991,-11.9999999999993));
#8133=CARTESIAN_POINT('Origin',(-18.200000000001,-2.34999999999997,-6.19999999999932));
#8134=CARTESIAN_POINT('',(-15.900000000001,-19.6,-6.19999999999932));
#8135=CARTESIAN_POINT('',(-20.500000000001,-19.6,-6.19999999999932));
#8136=CARTESIAN_POINT('',(-15.900000000001,-4.7,-6.19999999999932));
#8137=CARTESIAN_POINT('',(-15.900000000001,-19.6,-6.19999999999932));
#8138=CARTESIAN_POINT('',(-4.45000000000077,-4.7,-6.1999999999993));
#8139=CARTESIAN_POINT('Origin',(9.29999999999943,-4.7,-6.19999999999929));
#8140=CARTESIAN_POINT('',(-15.900000000001,-4.7,-11.9999999999993));
#8141=CARTESIAN_POINT('',(-15.9000000000009,-4.7,-15.5999999999993));
#8142=CARTESIAN_POINT('',(-13.0500000000009,-4.7,-11.9999999999993));
#8143=CARTESIAN_POINT('Origin',(7.69999999999942,-2.00000000000248,-31.8999999999994));
#8144=CARTESIAN_POINT('',(7.69999999999942,-2.00000000000248,-11.9999999999993));
#8145=CARTESIAN_POINT('',(7.69999999999942,-2.17500000000124,-11.9999999999993));
#8146=CARTESIAN_POINT('',(7.69999999999942,-2.00000000000248,-31.8999999999994));
#8147=CARTESIAN_POINT('',(7.69999999999942,-8.00000000000109,-31.8999999999994));
#8148=CARTESIAN_POINT('',(7.69999999999942,-2.00000000000248,-31.8999999999994));
#8149=CARTESIAN_POINT('Origin',(-5.60000000000079,-2.35,-11.9999999999993));
#8150=CARTESIAN_POINT('',(4.6999999999994,-2.00000000000028,-11.9999999999993));
#8151=CARTESIAN_POINT('',(-0.450000000000564,-1.99999999999649,-11.9999999999993));
#8152=CARTESIAN_POINT('',(4.69999999999938,-4.7,-11.9999999999993));
#8153=CARTESIAN_POINT('',(4.69999999999939,-1.17499999999994,-11.9999999999993));
#8154=CARTESIAN_POINT('',(-10.7500000000008,-4.70000000000001,-11.9999999999993));
#8155=CARTESIAN_POINT('',(9.29999999999944,-3.525,-11.9999999999993));
#8156=CARTESIAN_POINT('Origin',(4.69999999999938,-2.22044604925031E-15,
-11.9999999999993));
#8157=CARTESIAN_POINT('',(4.69999999999941,-2.00000000000028,-26.8999999999993));
#8158=CARTESIAN_POINT('',(4.69999999999941,-2.00000000000028,-21.9499999999993));
#8159=CARTESIAN_POINT('',(4.69999999999939,-4.70000000000001,-26.8999999999993));
#8160=CARTESIAN_POINT('',(4.69999999999943,-3.52499999999993,-26.8999999999993));
#8161=CARTESIAN_POINT('',(4.69999999999938,-4.7,-11.9999999999993));
#8162=CARTESIAN_POINT('',(4.69999999999944,-4.70000000000001,-13.7999999999993));
#8163=CARTESIAN_POINT('Origin',(8.69999999998998,-23.9999999999994,-31.8999999999994));
#8164=CARTESIAN_POINT('',(7.64999999998998,-23.9999999999994,-31.8999999999994));
#8165=CARTESIAN_POINT('Origin',(8.69999999998998,-23.9999999999994,-31.8999999999994));
#8166=CARTESIAN_POINT('',(7.64999999998998,-23.9999999999994,-17.5999999999993));
#8167=CARTESIAN_POINT('',(7.64999999998998,-23.9999999999994,-31.8999999999994));
#8168=CARTESIAN_POINT('Origin',(8.69999999998998,-23.9999999999994,-17.5999999999993));
#8169=CARTESIAN_POINT('Origin',(-4.65000000000556,-19.3250000000016,-17.5999999999993));
#8170=CARTESIAN_POINT('Origin',(-18.0000000000011,-14.6500000000039,-31.8999999999994));
#8171=CARTESIAN_POINT('',(-19.0500000000011,-14.6500000000039,-31.8999999999994));
#8172=CARTESIAN_POINT('Origin',(-18.0000000000011,-14.6500000000039,-31.8999999999994));
#8173=CARTESIAN_POINT('',(-19.0500000000011,-14.6500000000039,-17.5999999999993));
#8174=CARTESIAN_POINT('',(-19.0500000000011,-14.6500000000039,-31.8999999999994));
#8175=CARTESIAN_POINT('Origin',(-18.0000000000011,-14.6500000000039,-17.5999999999993));
#8176=CARTESIAN_POINT('Origin',(-4.65000000000556,-19.3250000000016,-17.5999999999993));
#8177=CARTESIAN_POINT('Origin',(-4.65000000000549,-10.6500000000039,-31.8999999999994));
#8178=CARTESIAN_POINT('Origin',(-4.65000000000549,-10.6500000000039,-31.8999999999994));
#8179=CARTESIAN_POINT('Origin',(4.69999999999952,-6.20000000000001,-15.5999999999993));
#8180=CARTESIAN_POINT('',(4.69999999999952,-6.20000000000001,-15.5999999999993));
#8181=CARTESIAN_POINT('Origin',(0.199999999999365,-8.60000000000002,-29.8999999999994));
#8182=CARTESIAN_POINT('',(4.69999999999953,-6.20000000000001,-29.8999999999994));
#8183=CARTESIAN_POINT('',(2.44999999999945,-6.20000000000001,-29.8999999999994));
#8184=CARTESIAN_POINT('',(-4.30000000000081,-2.00000000000004,-29.8999999999994));
#8185=CARTESIAN_POINT('',(-4.3000000000008,-15.2,-29.8999999999994));
#8186=CARTESIAN_POINT('',(4.69999999999954,-2.00000000000012,-29.8999999999994));
#8187=CARTESIAN_POINT('',(2.44999999999947,-2.00000000000022,-29.8999999999994));
#8188=CARTESIAN_POINT('',(4.69999999999953,-2.00000000000012,-29.8999999999994));
#8189=CARTESIAN_POINT('Origin',(-4.30000000000082,-2.00000000000004,-15.5999999999993));
#8190=CARTESIAN_POINT('',(-4.3000000000008,-7.99999999999987,-31.8999999999994));
#8191=CARTESIAN_POINT('',(-4.30000000000081,-2.00000000000004,-26.8999999999993));
#8192=CARTESIAN_POINT('',(-4.30000000000082,-2.17500000000006,-26.8999999999993));
#8193=CARTESIAN_POINT('',(-4.30000000000082,-2.00000000000004,-15.5999999999993));
#8194=CARTESIAN_POINT('Origin',(-4.64999999999017,-13.9999999999997,-31.8999999999994));
#8195=CARTESIAN_POINT('',(12.700000000013,-7.00000000000936,-31.8999999999994));
#8196=CARTESIAN_POINT('',(8.19999999999954,-6.20000000000001,-31.8999999999994));
#8197=CARTESIAN_POINT('',(8.19999999999954,-14.5999999999999,-31.8999999999994));
#8198=CARTESIAN_POINT('',(4.69999999999953,-6.20000000000001,-31.8999999999994));
#8199=CARTESIAN_POINT('',(1.77500000000467,-6.20000000000001,-31.8999999999994));
#8200=CARTESIAN_POINT('',(4.69999999999942,-2.00000000000028,-31.8999999999994));
#8201=CARTESIAN_POINT('',(4.69999999999953,-14.5999999999999,-31.8999999999994));
#8202=CARTESIAN_POINT('',(0.0250000000090284,-1.99999999999685,-31.8999999999994));
#8203=CARTESIAN_POINT('Origin',(-18.0000000000001,-25.9999999999994,-10.8999999999993));
#8204=CARTESIAN_POINT('',(-19.0500000000001,-25.9999999999994,-10.8999999999993));
#8205=CARTESIAN_POINT('Origin',(-18.0000000000001,-25.9999999999994,-10.8999999999993));
#8206=CARTESIAN_POINT('Origin',(6.79999999999993,-27.9999999999994,-10.8999999999992));
#8207=CARTESIAN_POINT('',(4.79999999999993,-25.9999999999994,-10.8999999999992));
#8208=CARTESIAN_POINT('',(4.79999999999993,-27.9999999999994,-10.8999999999992));
#8209=CARTESIAN_POINT('Origin',(6.79999999999993,-25.9999999999994,-10.8999999999992));
#8210=CARTESIAN_POINT('Origin',(6.79999999999993,-25.9999999999994,-10.8999999999992));
#8211=CARTESIAN_POINT('',(5.74999999999993,-25.9999999999994,-10.8999999999992));
#8212=CARTESIAN_POINT('Origin',(6.79999999999993,-25.9999999999994,-10.8999999999992));
#8213=CARTESIAN_POINT('Origin',(-18.0000000000001,-27.9999999999994,-10.8999999999993));
#8214=CARTESIAN_POINT('',(-19.0500000000001,-21.3000000000001,-10.8999999999993));
#8215=CARTESIAN_POINT('',(-19.0500000000001,-27.9999999999994,-10.8999999999993));
#8216=CARTESIAN_POINT('Origin',(-18.0000000000001,-21.3000000000001,-10.8999999999993));
#8217=CARTESIAN_POINT('Origin',(-18.0000000000001,-27.9999999999994,-10.8999999999993));
#8218=CARTESIAN_POINT('',(-19.0500000000001,-19.6,-10.8999999999993));
#8219=CARTESIAN_POINT('Origin',(-18.0000000000001,-19.6,-10.8999999999993));
#8220=CARTESIAN_POINT('',(-19.0500000000001,-6.20000000000001,-10.8999999999993));
#8221=CARTESIAN_POINT('',(-19.0500000000001,-27.9999999999994,-10.8999999999993));
#8222=CARTESIAN_POINT('Origin',(-18.0000000000001,-6.20000000000001,-10.8999999999993));
#8223=CARTESIAN_POINT('Origin',(-5.6000000000001,-6.20000000000001,-10.8999999999993));
#8224=CARTESIAN_POINT('Origin',(6.79999999999993,-27.9999999999994,-10.8999999999992));
#8225=CARTESIAN_POINT('',(5.74999999999993,-27.9999999999994,-10.8999999999992));
#8226=CARTESIAN_POINT('Origin',(6.79999999999993,-27.9999999999994,-10.8999999999992));
#8227=CARTESIAN_POINT('',(5.74999999999993,-27.9999999999994,-10.8999999999992));
#8228=CARTESIAN_POINT('Origin',(4.6999999999994,-2.00000000000028,-15.5999999999993));
#8229=CARTESIAN_POINT('',(-0.45000000000067,-2.00000000000014,-26.8999999999993));
#8230=CARTESIAN_POINT('',(4.69999999999941,-2.00000000000028,-21.9499999999993));
#8231=CARTESIAN_POINT('Origin',(4.69999999999938,-2.22044604925031E-15,
-11.9999999999993));
#8232=CARTESIAN_POINT('',(4.69999999999952,-6.20000000000001,-15.5999999999993));
#8233=CARTESIAN_POINT('Origin',(-5.60000000000076,-2.34999999999998,-26.8999999999993));
#8234=CARTESIAN_POINT('',(-15.9000000000009,-4.70000000000001,-26.8999999999993));
#8235=CARTESIAN_POINT('',(-15.900000000001,1.17499999999996,-26.8999999999993));
#8236=CARTESIAN_POINT('',(-10.7500000000008,-4.70000000000001,-26.8999999999993));
#8237=CARTESIAN_POINT('Origin',(4.69999999999938,-4.7,-11.9999999999993));
#8238=CARTESIAN_POINT('',(-15.9000000000009,-4.7,-11.9999999999993));
#8239=CARTESIAN_POINT('Origin',(-5.60000000000079,-2.35,-11.9999999999993));
#8240=CARTESIAN_POINT('',(-15.900000000001,-3.525,-11.9999999999993));
#8241=CARTESIAN_POINT('Origin',(-15.9000000000008,-4.70000000000001,-15.5999999999993));
#8242=CARTESIAN_POINT('',(8.19999999999952,-4.70000000000001,-15.5999999999993));
#8243=CARTESIAN_POINT('Origin',(9.29999999999943,-1.11022302462516E-15,
-6.19999999999929));
#8244=CARTESIAN_POINT('Origin',(-18.200000000001,-2.34999999999997,-6.19999999999932));
#8245=CARTESIAN_POINT('',(-15.9000000000011,-25.4000000000001,-6.19999999999931));
#8246=CARTESIAN_POINT('',(-7.90000000000059,-25.4000000000001,-6.19999999999931));
#8247=CARTESIAN_POINT('',(-15.9000000000011,-21.3000000000001,-6.19999999999931));
#8248=CARTESIAN_POINT('',(-15.9000000000011,-25.4000000000001,-6.19999999999931));
#8249=CARTESIAN_POINT('',(-15.9000000000011,-21.3000000000001,-6.19999999999931));
#8250=CARTESIAN_POINT('Origin',(8.19999999999952,-6.20000000000001,-15.5999999999993));
#8251=CARTESIAN_POINT('',(8.19999999999952,-6.20000000000001,-15.5999999999993));
#8252=CARTESIAN_POINT('Origin',(-20.500000000001,-19.6,-15.5999999999993));
#8253=CARTESIAN_POINT('',(-20.500000000001,-19.6,-15.5999999999993));
#8254=CARTESIAN_POINT('',(-15.900000000001,-19.6,-15.5999999999993));
#8255=CARTESIAN_POINT('Origin',(-20.500000000001,-21.3,-15.5999999999993));
#8256=CARTESIAN_POINT('',(-20.500000000001,-21.3,-15.5999999999993));
#8257=CARTESIAN_POINT('Origin',(-15.9000000000011,-21.3000000000001,-15.5999999999993));
#8258=CARTESIAN_POINT('',(-15.9000000000011,-21.3000000000001,-15.5999999999993));
#8259=CARTESIAN_POINT('Origin',(-15.9000000000011,-25.4000000000001,-15.5999999999993));
#8260=CARTESIAN_POINT('',(-15.9000000000011,-25.4000000000001,-15.5999999999993));
#8261=CARTESIAN_POINT('Origin',(-7.90000000000058,-25.4000000000001,-15.5999999999993));
#8262=CARTESIAN_POINT('Origin',(12.69999999999,-27.9999999999994,-15.5999999999993));
#8263=CARTESIAN_POINT('Origin',(4.69999999999956,-15.2,-15.5999999999993));
#8264=CARTESIAN_POINT('Origin',(8.19999999999952,-4.70000000000001,-15.5999999999993));
#8265=CARTESIAN_POINT('Origin',(-15.900000000001,-19.6,-15.5999999999993));
#8266=CARTESIAN_POINT('',(4.64999999997595,-4.44089209850063E-15,31.8999999999994));
#8267=UNCERTAINTY_MEASURE_WITH_UNIT(LENGTH_MEASURE(0.01),#8273,
'DISTANCE_ACCURACY_VALUE',
'Maximum model space distance between geometric entities at asserted c
onnectivities');
#8268=UNCERTAINTY_MEASURE_WITH_UNIT(LENGTH_MEASURE(0.01),#8273,
'DISTANCE_ACCURACY_VALUE',
'Maximum model space distance between geometric entities at asserted c
onnectivities');
#8269=UNCERTAINTY_MEASURE_WITH_UNIT(LENGTH_MEASURE(0.01),#8273,
'DISTANCE_ACCURACY_VALUE',
'Maximum model space distance between geometric entities at asserted c
onnectivities');
#8270=(
GEOMETRIC_REPRESENTATION_CONTEXT(3)
GLOBAL_UNCERTAINTY_ASSIGNED_CONTEXT((#8267))
GLOBAL_UNIT_ASSIGNED_CONTEXT((#8273,#8275,#8276))
REPRESENTATION_CONTEXT('','3D')
);
#8271=(
GEOMETRIC_REPRESENTATION_CONTEXT(3)
GLOBAL_UNCERTAINTY_ASSIGNED_CONTEXT((#8268))
GLOBAL_UNIT_ASSIGNED_CONTEXT((#8273,#8275,#8276))
REPRESENTATION_CONTEXT('','3D')
);
#8272=(
GEOMETRIC_REPRESENTATION_CONTEXT(3)
GLOBAL_UNCERTAINTY_ASSIGNED_CONTEXT((#8269))
GLOBAL_UNIT_ASSIGNED_CONTEXT((#8273,#8275,#8276))
REPRESENTATION_CONTEXT('','3D')
);
#8273=(
LENGTH_UNIT()
NAMED_UNIT(*)
SI_UNIT(.MILLI.,.METRE.)
);
#8274=(
LENGTH_UNIT()
NAMED_UNIT(*)
SI_UNIT($,.METRE.)
);
#8275=(
NAMED_UNIT(*)
PLANE_ANGLE_UNIT()
SI_UNIT($,.RADIAN.)
);
#8276=(
NAMED_UNIT(*)
SI_UNIT($,.STERADIAN.)
SOLID_ANGLE_UNIT()
);
#8277=SHAPE_DEFINITION_REPRESENTATION(#8279,#8282);
#8278=SHAPE_DEFINITION_REPRESENTATION(#8280,#8283);
#8279=PRODUCT_DEFINITION_SHAPE('',$,#8285);
#8280=PRODUCT_DEFINITION_SHAPE('',$,#8286);
#8281=PRODUCT_DEFINITION_SHAPE($,$,#14);
#8282=SHAPE_REPRESENTATION('',(#3251,#3510),#8270);
#8283=SHAPE_REPRESENTATION('',(#3252),#8271);
#8284=PRODUCT_DEFINITION_CONTEXT('part definition',#8292,'design');
#8285=PRODUCT_DEFINITION('2026-10-08-19-25-13-950','PRINT_LAYOUT',#8287,
#8284);
#8286=PRODUCT_DEFINITION('2026-10-08-19-25-13-899','Chest',#8288,#8284);
#8287=PRODUCT_DEFINITION_FORMATION('',$,#8294);
#8288=PRODUCT_DEFINITION_FORMATION('',$,#8295);
#8289=PRODUCT_RELATED_PRODUCT_CATEGORY('PRINT_LAYOUT','PRINT_LAYOUT',(#8294));
#8290=PRODUCT_RELATED_PRODUCT_CATEGORY('Chest','Chest',(#8295));
#8291=APPLICATION_PROTOCOL_DEFINITION('international standard',
'automotive_design',2009,#8292);
#8292=APPLICATION_CONTEXT(
'Core Data for Automotive Mechanical Design Process');
#8293=PRODUCT_CONTEXT('part definition',#8292,'mechanical');
#8294=PRODUCT('2026-10-08-19-25-13-950','PRINT_LAYOUT',$,(#8293));
#8295=PRODUCT('2026-10-08-19-25-13-899','Chest',$,(#8293));
#8296=PRESENTATION_STYLE_ASSIGNMENT((#8299));
#8297=PRESENTATION_STYLE_ASSIGNMENT((#8300));
#8298=PRESENTATION_STYLE_ASSIGNMENT((#8301));
#8299=SURFACE_STYLE_USAGE(.BOTH.,#8302);
#8300=SURFACE_STYLE_USAGE(.BOTH.,#8303);
#8301=SURFACE_STYLE_USAGE(.BOTH.,#8304);
#8302=SURFACE_SIDE_STYLE('',(#8305));
#8303=SURFACE_SIDE_STYLE('',(#8306));
#8304=SURFACE_SIDE_STYLE('',(#8307));
#8305=SURFACE_STYLE_FILL_AREA(#8308);
#8306=SURFACE_STYLE_FILL_AREA(#8309);
#8307=SURFACE_STYLE_FILL_AREA(#8310);
#8308=FILL_AREA_STYLE('Plastic - Matte (Black)',(#8311));
#8309=FILL_AREA_STYLE('Steel - Satin',(#8312));
#8310=FILL_AREA_STYLE('Brass - Old',(#8313));
#8311=FILL_AREA_STYLE_COLOUR('Plastic - Matte (Black)',#8314);
#8312=FILL_AREA_STYLE_COLOUR('Steel - Satin',#8315);
#8313=FILL_AREA_STYLE_COLOUR('Brass - Old',#8316);
#8314=COLOUR_RGB('Plastic - Matte (Black)',0.0980392156862745,0.0980392156862745,
0.0980392156862745);
#8315=COLOUR_RGB('Steel - Satin',0.627450980392157,0.627450980392157,0.627450980392157);
#8316=COLOUR_RGB('Brass - Old',0.,0.,0.);
ENDSEC;
END-ISO-10303-21;
