ISO-10303-21;
HEADER;
/* Generated by software containing ST-Developer
 * from STEP Tools, Inc. (www.steptools.com) 
 */

FILE_DESCRIPTION(
/* description */ (''),
/* implementation_level */ '2;1');

FILE_NAME(
/* name */ 'PumpkinTop.step',
/* time_stamp */ '2026-09-30T17:57:45+02:00',
/* author */ (''),
/* organization */ (''),
/* preprocessor_version */ 'ST-DEVELOPER v20.2',
/* originating_system */ 'Autodesk Translation Framework v15.15.0.0',
/* authorisation */ '');

FILE_SCHEMA (('AUTOMOTIVE_DESIGN { 1 0 10303 214 3 1 1 }'));
ENDSEC;

DATA;
#10=MECHANICAL_DESIGN_GEOMETRIC_PRESENTATION_REPRESENTATION('',(#17),#7451);
#11=ITEM_DEFINED_TRANSFORMATION($,$,#2323,#2478);
#12=(
REPRESENTATION_RELATIONSHIP($,$,#7462,#7461)
REPRESENTATION_RELATIONSHIP_WITH_TRANSFORMATION(#11)
SHAPE_REPRESENTATION_RELATIONSHIP()
);
#13=CONTEXT_DEPENDENT_SHAPE_REPRESENTATION(#12,#7460);
#14=NEXT_ASSEMBLY_USAGE_OCCURRENCE('PumpkinTop:1','PumpkinTop:1',
'PumpkinTop:1',#7464,#7465,'PumpkinTop:1');
#15=SHAPE_REPRESENTATION_RELATIONSHIP('SRR','None',#7462,#16);
#16=ADVANCED_BREP_SHAPE_REPRESENTATION('',(#18),#7450);
#17=STYLED_ITEM('',(#7476),#18);
#18=MANIFOLD_SOLID_BREP('Body51',#2309);
#19=FACE_BOUND('',#591,.T.);
#20=FACE_BOUND('',#683,.T.);
#21=PLANE('',#2336);
#22=PLANE('',#2435);
#23=CONICAL_SURFACE('',#2332,9.86106081589531,1.26757221813705);
#24=CONICAL_SURFACE('',#2364,9.86106081589531,1.26757221813705);
#25=CONICAL_SURFACE('',#2369,9.86106081589531,1.26757221813705);
#26=CONICAL_SURFACE('',#2374,9.86106081589531,1.26757221813705);
#27=CONICAL_SURFACE('',#2379,9.86106081589531,1.26757221813705);
#28=CONICAL_SURFACE('',#2384,9.86106081589531,1.26757221813705);
#29=CONICAL_SURFACE('',#2389,9.86106081589531,1.26757221813705);
#30=CONICAL_SURFACE('',#2394,9.86106081589531,1.26757221813705);
#31=CONICAL_SURFACE('',#2399,9.86106081589531,1.26757221813705);
#32=CONICAL_SURFACE('',#2404,9.86106081589531,1.26757221813705);
#33=CONICAL_SURFACE('',#2409,9.86106081589531,1.26757221813705);
#34=CONICAL_SURFACE('',#2414,9.86106081589531,1.26757221813705);
#35=CONICAL_SURFACE('',#2419,9.86106081589531,1.26757221813705);
#36=CONICAL_SURFACE('',#2424,9.86106081589531,1.26757221813705);
#37=CONICAL_SURFACE('',#2429,9.86106081589531,1.26757221813705);
#38=CONICAL_SURFACE('',#2434,9.86106081589531,1.26757221813705);
#39=CONICAL_SURFACE('',#2437,2.86875,0.151558706314044);
#40=CONICAL_SURFACE('',#2442,9.86106081589531,1.26757221813705);
#41=CONICAL_SURFACE('',#2447,9.86106081589531,1.26757221813705);
#42=CONICAL_SURFACE('',#2452,9.86106081589531,1.26757221813705);
#43=CONICAL_SURFACE('',#2457,9.86106081589531,1.26757221813705);
#44=CONICAL_SURFACE('',#2462,9.86106081589531,1.26757221813705);
#45=CONICAL_SURFACE('',#2467,9.86106081589531,1.26757221813705);
#46=CONICAL_SURFACE('',#2472,9.86106081589531,1.26757221813705);
#47=CONICAL_SURFACE('',#2477,9.86106081589531,1.26757221813705);
#48=TOROIDAL_SURFACE('',#2329,18.1829793830577,12.2468910412456);
#49=TOROIDAL_SURFACE('',#2333,9.47326025575282,6.35864914331798);
#50=TOROIDAL_SURFACE('',#2362,18.1829793830577,12.2468910412456);
#51=TOROIDAL_SURFACE('',#2367,18.1829793830577,12.2468910412456);
#52=TOROIDAL_SURFACE('',#2372,18.1829793830577,12.2468910412456);
#53=TOROIDAL_SURFACE('',#2377,18.1829793830577,12.2468910412456);
#54=TOROIDAL_SURFACE('',#2382,18.1829793830577,12.2468910412456);
#55=TOROIDAL_SURFACE('',#2387,18.1829793830577,12.2468910412456);
#56=TOROIDAL_SURFACE('',#2392,18.1829793830577,12.2468910412456);
#57=TOROIDAL_SURFACE('',#2397,18.1829793830577,12.2468910412456);
#58=TOROIDAL_SURFACE('',#2402,18.1829793830577,12.2468910412456);
#59=TOROIDAL_SURFACE('',#2407,18.1829793830577,12.2468910412456);
#60=TOROIDAL_SURFACE('',#2412,18.1829793830577,12.2468910412456);
#61=TOROIDAL_SURFACE('',#2417,18.1829793830577,12.2468910412456);
#62=TOROIDAL_SURFACE('',#2422,18.1829793830577,12.2468910412456);
#63=TOROIDAL_SURFACE('',#2427,18.1829793830577,12.2468910412456);
#64=TOROIDAL_SURFACE('',#2432,18.1829793830577,12.2468910412456);
#65=TOROIDAL_SURFACE('',#2440,18.1829793830577,12.2468910412456);
#66=TOROIDAL_SURFACE('',#2445,18.1829793830577,12.2468910412456);
#67=TOROIDAL_SURFACE('',#2450,18.1829793830577,12.2468910412456);
#68=TOROIDAL_SURFACE('',#2455,18.1829793830577,12.2468910412456);
#69=TOROIDAL_SURFACE('',#2460,18.1829793830577,12.2468910412456);
#70=TOROIDAL_SURFACE('',#2465,18.1829793830577,12.2468910412456);
#71=TOROIDAL_SURFACE('',#2470,18.1829793830577,12.2468910412456);
#72=TOROIDAL_SURFACE('',#2475,18.1829793830577,12.2468910412456);
#73=B_SPLINE_CURVE_WITH_KNOTS('',3,(#2835,#2836,#2837,#2838,#2839,#2840,
#2841,#2842,#2843,#2844,#2845,#2846),.UNSPECIFIED.,.F.,.F.,(4,2,2,2,2,4),
(0.,0.095067866304198,0.176117832751173,0.24664546562969,0.28375739626776,
0.320594194701631),.UNSPECIFIED.);
#74=B_SPLINE_CURVE_WITH_KNOTS('',3,(#2848,#2849,#2850,#2851,#2852,#2853),
 .UNSPECIFIED.,.F.,.F.,(4,1,1,4),(0.108327230833035,0.525281239984206,0.942552122429703,
1.56845844609795),.UNSPECIFIED.);
#75=B_SPLINE_CURVE_WITH_KNOTS('',3,(#2856,#2857,#2858,#2859,#2860,#2861),
 .UNSPECIFIED.,.F.,.F.,(4,1,1,4),(-1.36347330276896,-1.0433417631768,-0.626005057906082,
0.),.UNSPECIFIED.);
#76=B_SPLINE_CURVE_WITH_KNOTS('',3,(#2884,#2885,#2886,#2887,#2888,#2889,
#2890,#2891),.UNSPECIFIED.,.F.,.F.,(4,2,2,4),(0.,0.130878738276965,0.193071792355936,
0.25145307708103),.UNSPECIFIED.);
#77=B_SPLINE_CURVE_WITH_KNOTS('',3,(#2892,#2893,#2894,#2895),
 .UNSPECIFIED.,.F.,.F.,(4,4),(-1.78664076042841,-0.97026497393799),
 .UNSPECIFIED.);
#78=B_SPLINE_CURVE_WITH_KNOTS('',3,(#2897,#2898,#2899,#2900),
 .UNSPECIFIED.,.F.,.F.,(4,4),(1.93311910305235E-14,0.124177046608882),
 .UNSPECIFIED.);
#79=B_SPLINE_CURVE_WITH_KNOTS('',3,(#2901,#2902,#2903,#2904,#2905,#2906),
 .UNSPECIFIED.,.F.,.F.,(4,2,4),(-0.00343023214737778,0.,0.813964142682776),
 .UNSPECIFIED.);
#80=B_SPLINE_CURVE_WITH_KNOTS('',3,(#2928,#2929,#2930,#2931),
 .UNSPECIFIED.,.F.,.F.,(4,4),(1.66246224499902,1.78664076042841),
 .UNSPECIFIED.);
#81=B_SPLINE_CURVE_WITH_KNOTS('',3,(#2935,#2936,#2937,#2938),
 .UNSPECIFIED.,.F.,.F.,(4,4),(-0.81637179425134,-1.93311910305235E-14),
 .UNSPECIFIED.);
#82=B_SPLINE_CURVE_WITH_KNOTS('',3,(#2939,#2940,#2941,#2942,#2943,#2944,
#2945,#2946,#2947,#2948),.UNSPECIFIED.,.F.,.F.,(4,2,2,2,4),(0.0779158214331012,
0.0795649194065055,0.161535972403253,0.217054197997765,0.279195379790605),
 .UNSPECIFIED.);
#83=B_SPLINE_CURVE_WITH_KNOTS('',3,(#2981,#2982,#2983,#2984,#2985,#2986,
#2987,#2988,#2989,#2990,#2991,#2992),.UNSPECIFIED.,.F.,.F.,(4,2,2,2,2,4),
(0.,0.0631806988980762,0.128903829979954,0.201970932160202,0.259339447915911,
0.318547787219932),.UNSPECIFIED.);
#84=B_SPLINE_CURVE_WITH_KNOTS('',3,(#2993,#2994,#2995,#2996,#2997,#2998),
 .UNSPECIFIED.,.F.,.F.,(4,1,1,4),(-1.56845844609795,-0.942552122429703,
-0.525281239984206,-0.204985286399677),.UNSPECIFIED.);
#85=B_SPLINE_CURVE_WITH_KNOTS('',3,(#2999,#3000,#3001,#3002,#3003,#3004),
 .UNSPECIFIED.,.F.,.F.,(4,1,1,4),(0.,0.626005057906082,1.0433417631768,
1.46013127162706),.UNSPECIFIED.);
#86=B_SPLINE_CURVE_WITH_KNOTS('',3,(#3015,#3016,#3017,#3018,#3019,#3020,
#3021,#3022),.UNSPECIFIED.,.F.,.F.,(4,2,2,4),(0.,0.131644391856972,0.24721485965526,
0.260233458028932),.UNSPECIFIED.);
#87=B_SPLINE_CURVE_WITH_KNOTS('',3,(#3024,#3025,#3026,#3027,#3028,#3029,
#3030,#3031,#3032,#3033),.UNSPECIFIED.,.F.,.F.,(4,2,2,2,4),(0.0779988515479283,
0.079662310014937,0.161915997151636,0.216941645359399,0.279221235682797),
 .UNSPECIFIED.);
#88=B_SPLINE_CURVE_WITH_KNOTS('',3,(#3035,#3036,#3037,#3038,#3039,#3040,
#3041,#3042),.UNSPECIFIED.,.F.,.F.,(4,2,2,4),(0.,0.131644391856972,0.24721485965526,
0.260233458028932),.UNSPECIFIED.);
#89=B_SPLINE_CURVE_WITH_KNOTS('',3,(#3044,#3045,#3046,#3047,#3048,#3049,
#3050,#3051,#3052,#3053),.UNSPECIFIED.,.F.,.F.,(4,2,2,2,4),(0.0779988515479283,
0.079662310014937,0.161915997151636,0.216941645359399,0.279221235682797),
 .UNSPECIFIED.);
#90=B_SPLINE_CURVE_WITH_KNOTS('',3,(#3055,#3056,#3057,#3058,#3059,#3060,
#3061,#3062),.UNSPECIFIED.,.F.,.F.,(4,2,2,4),(0.,0.131644391856972,0.24721485965526,
0.260233458028932),.UNSPECIFIED.);
#91=B_SPLINE_CURVE_WITH_KNOTS('',3,(#3064,#3065,#3066,#3067,#3068,#3069,
#3070,#3071),.UNSPECIFIED.,.F.,.F.,(4,2,2,4),(0.,0.130878738277074,0.193071792356175,
0.251453077081378),.UNSPECIFIED.);
#92=B_SPLINE_CURVE_WITH_KNOTS('',3,(#3073,#3074,#3075,#3076,#3077,#3078,
#3079,#3080,#3081,#3082),.UNSPECIFIED.,.F.,.F.,(4,2,2,2,4),(0.0779158214331013,
0.0795649194065067,0.161535972403396,0.217054197998094,0.279195379791142),
 .UNSPECIFIED.);
#93=B_SPLINE_CURVE_WITH_KNOTS('',3,(#3084,#3085,#3086,#3087,#3088,#3089,
#3090,#3091),.UNSPECIFIED.,.F.,.F.,(4,2,2,4),(0.,0.130878738277013,0.193071792356061,
0.251453077081224),.UNSPECIFIED.);
#94=B_SPLINE_CURVE_WITH_KNOTS('',3,(#3093,#3094,#3095,#3096,#3097,#3098,
#3099,#3100,#3101,#3102),.UNSPECIFIED.,.F.,.F.,(4,2,2,2,4),(0.0779158214331047,
0.0795649194065065,0.161535972403304,0.217054197997887,0.279195379790821),
 .UNSPECIFIED.);
#95=B_SPLINE_CURVE_WITH_KNOTS('',3,(#3104,#3105,#3106,#3107,#3108,#3109,
#3110,#3111),.UNSPECIFIED.,.F.,.F.,(4,2,2,4),(0.,0.130878738276955,0.193071792355929,
0.251453077081024),.UNSPECIFIED.);
#96=B_SPLINE_CURVE_WITH_KNOTS('',3,(#3113,#3114,#3115,#3116,#3117,#3118,
#3119,#3120,#3121,#3122),.UNSPECIFIED.,.F.,.F.,(4,2,2,2,4),(0.0779158214331046,
0.0795649194065087,0.161535972403335,0.217054197997945,0.279195379790893),
 .UNSPECIFIED.);
#97=B_SPLINE_CURVE_WITH_KNOTS('',3,(#3124,#3125,#3126,#3127,#3128,#3129,
#3130,#3131),.UNSPECIFIED.,.F.,.F.,(4,2,2,4),(0.,0.130878738277082,0.193071792356182,
0.251453077081397),.UNSPECIFIED.);
#98=B_SPLINE_CURVE_WITH_KNOTS('',3,(#3132,#3133,#3134,#3135,#3136,#3137,
#3138,#3139,#3140,#3141),.UNSPECIFIED.,.F.,.F.,(4,2,2,2,4),(0.0779158214331005,
0.0795649194065039,0.161535972403344,0.217054197997989,0.279195379790991),
 .UNSPECIFIED.);
#99=B_SPLINE_CURVE_WITH_KNOTS('',3,(#3143,#3144,#3145,#3146,#3147,#3148,
#3149,#3150,#3151,#3152),.UNSPECIFIED.,.F.,.F.,(4,2,2,2,4),(0.0779988515479283,
0.079662310014937,0.161915997151636,0.216941645359399,0.279221235682797),
 .UNSPECIFIED.);
#100=B_SPLINE_CURVE_WITH_KNOTS('',3,(#3154,#3155,#3156,#3157,#3158,#3159,
#3160,#3161),.UNSPECIFIED.,.F.,.F.,(4,2,2,4),(0.,0.131644391856972,0.24721485965526,
0.260233458028932),.UNSPECIFIED.);
#101=B_SPLINE_CURVE_WITH_KNOTS('',3,(#3163,#3164,#3165,#3166,#3167,#3168,
#3169,#3170,#3171,#3172),.UNSPECIFIED.,.F.,.F.,(4,2,2,2,4),(0.0779988515479283,
0.079662310014937,0.161915997151636,0.216941645359399,0.279221235682797),
 .UNSPECIFIED.);
#102=B_SPLINE_CURVE_WITH_KNOTS('',3,(#3174,#3175,#3176,#3177,#3178,#3179,
#3180,#3181),.UNSPECIFIED.,.F.,.F.,(4,2,2,4),(0.,0.131644391856972,0.24721485965526,
0.260233458028932),.UNSPECIFIED.);
#103=B_SPLINE_CURVE_WITH_KNOTS('',3,(#3183,#3184,#3185,#3186,#3187,#3188,
#3189,#3190),.UNSPECIFIED.,.F.,.F.,(4,2,2,4),(0.,0.130878738277086,0.193071792356174,
0.251453077081363),.UNSPECIFIED.);
#104=B_SPLINE_CURVE_WITH_KNOTS('',3,(#3192,#3193,#3194,#3195,#3196,#3197,
#3198,#3199,#3200,#3201),.UNSPECIFIED.,.F.,.F.,(4,2,2,2,4),(0.0779158214330997,
0.0795649194065035,0.161535972403322,0.217054197997942,0.279195379790923),
 .UNSPECIFIED.);
#105=B_SPLINE_CURVE_WITH_KNOTS('',3,(#3203,#3204,#3205,#3206,#3207,#3208,
#3209,#3210,#3211,#3212),.UNSPECIFIED.,.F.,.F.,(4,2,2,2,4),(0.0779988515479283,
0.079662310014937,0.161915997151636,0.216941645359399,0.279221235682797),
 .UNSPECIFIED.);
#106=B_SPLINE_CURVE_WITH_KNOTS('',3,(#3214,#3215,#3216,#3217,#3218,#3219,
#3220,#3221),.UNSPECIFIED.,.F.,.F.,(4,2,2,4),(0.,0.131644391856972,0.24721485965526,
0.260233458028932),.UNSPECIFIED.);
#107=B_SPLINE_CURVE_WITH_KNOTS('',3,(#3223,#3224,#3225,#3226,#3227,#3228,
#3229,#3230,#3231,#3232),.UNSPECIFIED.,.F.,.F.,(4,2,2,2,4),(0.0779988515479283,
0.079662310014937,0.161915997151636,0.216941645359399,0.279221235682797),
 .UNSPECIFIED.);
#108=B_SPLINE_CURVE_WITH_KNOTS('',3,(#3234,#3235,#3236,#3237,#3238,#3239,
#3240,#3241),.UNSPECIFIED.,.F.,.F.,(4,2,2,4),(0.,0.131644391856972,0.24721485965526,
0.260233458028932),.UNSPECIFIED.);
#109=B_SPLINE_CURVE_WITH_KNOTS('',3,(#3243,#3244,#3245,#3246,#3247,#3248,
#3249,#3250),.UNSPECIFIED.,.F.,.F.,(4,2,2,4),(0.,0.130878738276905,0.193071792355845,
0.251453077080905),.UNSPECIFIED.);
#110=B_SPLINE_CURVE_WITH_KNOTS('',3,(#3252,#3253,#3254,#3255,#3256,#3257,
#3258,#3259,#3260,#3261),.UNSPECIFIED.,.F.,.F.,(4,2,2,2,4),(0.0779158214331033,
0.0795649194065077,0.161535972403356,0.217054197998006,0.279195379791013),
 .UNSPECIFIED.);
#111=B_SPLINE_CURVE_WITH_KNOTS('',3,(#3263,#3264,#3265,#3266,#3267,#3268,
#3269,#3270),.UNSPECIFIED.,.F.,.F.,(4,2,2,4),(0.,0.130878738276938,0.19307179235593,
0.251453077081044),.UNSPECIFIED.);
#112=B_SPLINE_CURVE_WITH_KNOTS('',3,(#3272,#3273,#3274,#3275,#3276,#3277,
#3278,#3279,#3280,#3281),.UNSPECIFIED.,.F.,.F.,(4,2,2,2,4),(0.077915821433102,
0.0795649194065054,0.16153597240338,0.217054197998069,0.279195379791115),
 .UNSPECIFIED.);
#113=B_SPLINE_CURVE_WITH_KNOTS('',3,(#3283,#3284,#3285,#3286,#3287,#3288,
#3289,#3290),.UNSPECIFIED.,.F.,.F.,(4,2,2,4),(0.,0.130878738276862,0.193071792355788,
0.251453077080858),.UNSPECIFIED.);
#114=B_SPLINE_CURVE_WITH_KNOTS('',3,(#3292,#3293,#3294,#3295,#3296,#3297,
#3298,#3299,#3300,#3301),.UNSPECIFIED.,.F.,.F.,(4,2,2,2,4),(0.0779158214331003,
0.0795649194065049,0.161535972403381,0.217054197998068,0.279195379791109),
 .UNSPECIFIED.);
#115=B_SPLINE_CURVE_WITH_KNOTS('',3,(#3303,#3304,#3305,#3306,#3307,#3308,
#3309,#3310),.UNSPECIFIED.,.F.,.F.,(4,2,2,4),(0.,0.130878738277083,0.193071792356178,
0.251453077081391),.UNSPECIFIED.);
#116=B_SPLINE_CURVE_WITH_KNOTS('',3,(#3312,#3313,#3314,#3315,#3316,#3317,
#3318,#3319,#3320,#3321),.UNSPECIFIED.,.F.,.F.,(4,2,2,2,4),(0.0779158214331016,
0.079564919406507,0.161535972403346,0.217054197997986,0.279195379790983),
 .UNSPECIFIED.);
#117=B_SPLINE_CURVE_WITH_KNOTS('',3,(#3323,#3324,#3325,#3326,#3327,#3328,
#3329,#3330),.UNSPECIFIED.,.F.,.F.,(4,2,2,4),(0.,0.130878738276953,0.193071792355907,
0.251453077080994),.UNSPECIFIED.);
#118=B_SPLINE_CURVE_WITH_KNOTS('',3,(#3332,#3333,#3334,#3335,#3336,#3337,
#3338,#3339,#3340,#3341),.UNSPECIFIED.,.F.,.F.,(4,2,2,2,4),(0.0779158214331033,
0.0795649194065061,0.161535972403374,0.217054197998054,0.279195379791099),
 .UNSPECIFIED.);
#119=B_SPLINE_CURVE_WITH_KNOTS('',3,(#3343,#3344,#3345,#3346,#3347,#3348,
#3349,#3350,#3351,#3352),.UNSPECIFIED.,.F.,.F.,(4,2,2,2,4),(0.0779988515479283,
0.079662310014937,0.161915997151636,0.216941645359399,0.279221235682797),
 .UNSPECIFIED.);
#120=B_SPLINE_CURVE_WITH_KNOTS('',3,(#3354,#3355,#3356,#3357,#3358,#3359,
#3360,#3361),.UNSPECIFIED.,.F.,.F.,(4,2,2,4),(0.,0.131644391856972,0.24721485965526,
0.260233458028932),.UNSPECIFIED.);
#121=B_SPLINE_CURVE_WITH_KNOTS('',3,(#3363,#3364,#3365,#3366,#3367,#3368,
#3369,#3370),.UNSPECIFIED.,.F.,.F.,(4,2,2,4),(0.,0.130878738276985,0.193071792355994,
0.25145307708114),.UNSPECIFIED.);
#122=B_SPLINE_CURVE_WITH_KNOTS('',3,(#3372,#3373,#3374,#3375,#3376,#3377,
#3378,#3379,#3380,#3381),.UNSPECIFIED.,.F.,.F.,(4,2,2,2,4),(0.0779158214331013,
0.0795649194065043,0.161535972403337,0.21705419799797,0.279195379790951),
 .UNSPECIFIED.);
#123=B_SPLINE_CURVE_WITH_KNOTS('',3,(#3383,#3384,#3385,#3386,#3387,#3388,
#3389,#3390),.UNSPECIFIED.,.F.,.F.,(4,2,2,4),(0.,0.130878738276882,0.193071792355813,
0.251453077080867),.UNSPECIFIED.);
#124=B_SPLINE_CURVE_WITH_KNOTS('',3,(#3392,#3393,#3394,#3395,#3396,#3397,
#3398,#3399,#3400,#3401),.UNSPECIFIED.,.F.,.F.,(4,2,2,2,4),(0.0779158214331,
0.0795649194065032,0.161535972403325,0.217054197997939,0.279195379790889),
 .UNSPECIFIED.);
#125=B_SPLINE_CURVE_WITH_KNOTS('',3,(#3403,#3404,#3405,#3406,#3407,#3408,
#3409,#3410),.UNSPECIFIED.,.F.,.F.,(4,2,2,4),(0.,0.13087873827707,0.193071792356171,
0.251453077081371),.UNSPECIFIED.);
#126=B_SPLINE_CURVE_WITH_KNOTS('',3,(#3412,#3413,#3414,#3415,#3416,#3417,
#3418,#3419,#3420,#3421),.UNSPECIFIED.,.F.,.F.,(4,2,2,2,4),(0.0779158214331048,
0.0795649194065082,0.16153597240336,0.217054197998003,0.279195379790975),
 .UNSPECIFIED.);
#127=B_SPLINE_CURVE_WITH_KNOTS('',3,(#3423,#3424,#3425,#3426,#3427,#3428,
#3429,#3430),.UNSPECIFIED.,.F.,.F.,(4,2,2,4),(0.,0.130878738276977,0.193071792356004,
0.25145307708114),.UNSPECIFIED.);
#128=B_SPLINE_CURVE_WITH_KNOTS('',3,(#3432,#3433,#3434,#3435,#3436,#3437,
#3438,#3439,#3440,#3441),.UNSPECIFIED.,.F.,.F.,(4,2,2,2,4),(0.0779158214330983,
0.0795649194065,0.161535972403427,0.217054197998189,0.279195379791293),
 .UNSPECIFIED.);
#129=B_SPLINE_CURVE_WITH_KNOTS('',3,(#3443,#3444,#3445,#3446,#3447,#3448,
#3449,#3450),.UNSPECIFIED.,.F.,.F.,(4,2,2,4),(0.,0.130878738276963,0.193071792355958,
0.251453077081082),.UNSPECIFIED.);
#130=B_SPLINE_CURVE_WITH_KNOTS('',3,(#3452,#3453,#3454,#3455,#3456,#3457,
#3458,#3459,#3460,#3461),.UNSPECIFIED.,.F.,.F.,(4,2,2,2,4),(0.0779158214331033,
0.0795649194065072,0.161535972403303,0.217054197997885,0.279195379790819),
 .UNSPECIFIED.);
#131=B_SPLINE_CURVE_WITH_KNOTS('',3,(#3462,#3463,#3464,#3465,#3466,#3467,
#3468,#3469,#3470,#3471),.UNSPECIFIED.,.F.,.F.,(4,2,2,2,4),(0.0779988515479283,
0.079662310014937,0.161915997151636,0.216941645359399,0.279221235682797),
 .UNSPECIFIED.);
#132=B_SPLINE_CURVE_WITH_KNOTS('',3,(#3474,#3475,#3476,#3477,#3478,#3479,
#3480,#3481,#3482,#3483,#3484,#3485),.UNSPECIFIED.,.F.,.F.,(4,2,2,2,2,4),
(0.,0.0631806988980762,0.128903829979954,0.201970932160202,0.259339447915911,
0.318547787219932),.UNSPECIFIED.);
#133=B_SPLINE_CURVE_WITH_KNOTS('',3,(#3489,#3490,#3491,#3492,#3493,#3494,
#3495,#3496,#3497,#3498,#3499,#3500),.UNSPECIFIED.,.F.,.F.,(4,2,2,2,2,4),
(0.,0.095067866304198,0.176117832751173,0.24664546562969,0.28375739626776,
0.320594194701631),.UNSPECIFIED.);
#134=B_SPLINE_CURVE_WITH_KNOTS('',3,(#3502,#3503,#3504,#3505,#3506,#3507,
#3508,#3509,#3510,#3511,#3512,#3513),.UNSPECIFIED.,.F.,.F.,(4,2,2,2,2,4),
(0.,0.0631806988980762,0.128903829979954,0.201970932160202,0.259339447915911,
0.318547787219932),.UNSPECIFIED.);
#135=B_SPLINE_CURVE_WITH_KNOTS('',3,(#3517,#3518,#3519,#3520,#3521,#3522,
#3523,#3524,#3525,#3526,#3527,#3528),.UNSPECIFIED.,.F.,.F.,(4,2,2,2,2,4),
(0.,0.095067866304198,0.176117832751173,0.24664546562969,0.28375739626776,
0.320594194701631),.UNSPECIFIED.);
#136=B_SPLINE_CURVE_WITH_KNOTS('',3,(#3530,#3531,#3532,#3533,#3534,#3535,
#3536,#3537,#3538,#3539,#3540,#3541),.UNSPECIFIED.,.F.,.F.,(4,2,2,2,2,4),
(0.,0.0631806988980762,0.128903829979954,0.201970932160202,0.259339447915911,
0.318547787219932),.UNSPECIFIED.);
#137=B_SPLINE_CURVE_WITH_KNOTS('',3,(#3545,#3546,#3547,#3548,#3549,#3550,
#3551,#3552,#3553,#3554,#3555,#3556),.UNSPECIFIED.,.F.,.F.,(4,2,2,2,2,4),
(0.,0.095067866304198,0.176117832751173,0.24664546562969,0.28375739626776,
0.320594194701631),.UNSPECIFIED.);
#138=B_SPLINE_CURVE_WITH_KNOTS('',3,(#3558,#3559,#3560,#3561,#3562,#3563,
#3564,#3565,#3566,#3567,#3568,#3569),.UNSPECIFIED.,.F.,.F.,(4,2,2,2,2,4),
(0.,0.0631806988980762,0.128903829979954,0.201970932160202,0.259339447915911,
0.318547787219932),.UNSPECIFIED.);
#139=B_SPLINE_CURVE_WITH_KNOTS('',3,(#3573,#3574,#3575,#3576,#3577,#3578,
#3579,#3580,#3581,#3582,#3583,#3584),.UNSPECIFIED.,.F.,.F.,(4,2,2,2,2,4),
(0.,0.095067866304198,0.176117832751173,0.24664546562969,0.28375739626776,
0.320594194701631),.UNSPECIFIED.);
#140=B_SPLINE_CURVE_WITH_KNOTS('',3,(#3586,#3587,#3588,#3589,#3590,#3591,
#3592,#3593,#3594,#3595,#3596,#3597),.UNSPECIFIED.,.F.,.F.,(4,2,2,2,2,4),
(0.,0.0631806988980762,0.128903829979954,0.201970932160202,0.259339447915911,
0.318547787219932),.UNSPECIFIED.);
#141=B_SPLINE_CURVE_WITH_KNOTS('',3,(#3601,#3602,#3603,#3604,#3605,#3606,
#3607,#3608,#3609,#3610,#3611,#3612),.UNSPECIFIED.,.F.,.F.,(4,2,2,2,2,4),
(0.,0.095067866304198,0.176117832751173,0.24664546562969,0.28375739626776,
0.320594194701631),.UNSPECIFIED.);
#142=B_SPLINE_CURVE_WITH_KNOTS('',3,(#3614,#3615,#3616,#3617,#3618,#3619,
#3620,#3621,#3622,#3623,#3624,#3625),.UNSPECIFIED.,.F.,.F.,(4,2,2,2,2,4),
(0.,0.0631806988980762,0.128903829979954,0.201970932160202,0.259339447915911,
0.318547787219932),.UNSPECIFIED.);
#143=B_SPLINE_CURVE_WITH_KNOTS('',3,(#3629,#3630,#3631,#3632,#3633,#3634,
#3635,#3636,#3637,#3638,#3639,#3640),.UNSPECIFIED.,.F.,.F.,(4,2,2,2,2,4),
(0.,0.095067866304198,0.176117832751173,0.24664546562969,0.28375739626776,
0.320594194701631),.UNSPECIFIED.);
#144=B_SPLINE_CURVE_WITH_KNOTS('',3,(#3642,#3643,#3644,#3645,#3646,#3647,
#3648,#3649,#3650,#3651,#3652,#3653),.UNSPECIFIED.,.F.,.F.,(4,2,2,2,2,4),
(0.,0.0631806988980762,0.128903829979954,0.201970932160202,0.259339447915911,
0.318547787219932),.UNSPECIFIED.);
#145=B_SPLINE_CURVE_WITH_KNOTS('',3,(#3657,#3658,#3659,#3660,#3661,#3662,
#3663,#3664,#3665,#3666,#3667,#3668),.UNSPECIFIED.,.F.,.F.,(4,2,2,2,2,4),
(0.,0.095067866304198,0.176117832751173,0.24664546562969,0.28375739626776,
0.320594194701631),.UNSPECIFIED.);
#146=B_SPLINE_CURVE_WITH_KNOTS('',3,(#3670,#3671,#3672,#3673,#3674,#3675,
#3676,#3677,#3678,#3679,#3680,#3681),.UNSPECIFIED.,.F.,.F.,(4,2,2,2,2,4),
(0.,0.0631806988980762,0.128903829979954,0.201970932160202,0.259339447915911,
0.318547787219932),.UNSPECIFIED.);
#147=B_SPLINE_CURVE_WITH_KNOTS('',3,(#3685,#3686,#3687,#3688,#3689,#3690,
#3691,#3692,#3693,#3694,#3695,#3696),.UNSPECIFIED.,.F.,.F.,(4,2,2,2,2,4),
(0.,0.095067866304198,0.176117832751173,0.24664546562969,0.28375739626776,
0.320594194701631),.UNSPECIFIED.);
#148=B_SPLINE_CURVE_WITH_KNOTS('',3,(#3698,#3699,#3700,#3701,#3702,#3703,
#3704,#3705,#3706,#3707,#3708,#3709),.UNSPECIFIED.,.F.,.F.,(4,2,2,2,2,4),
(0.,0.0631806988980762,0.128903829979954,0.201970932160202,0.259339447915911,
0.318547787219932),.UNSPECIFIED.);
#149=B_SPLINE_CURVE_WITH_KNOTS('',3,(#3713,#3714,#3715,#3716,#3717,#3718,
#3719,#3720,#3721,#3722,#3723,#3724),.UNSPECIFIED.,.F.,.F.,(4,2,2,2,2,4),
(0.,0.095067866304198,0.176117832751173,0.24664546562969,0.28375739626776,
0.320594194701631),.UNSPECIFIED.);
#150=B_SPLINE_CURVE_WITH_KNOTS('',3,(#3726,#3727,#3728,#3729,#3730,#3731,
#3732,#3733,#3734,#3735,#3736,#3737),.UNSPECIFIED.,.F.,.F.,(4,2,2,2,2,4),
(0.,0.0631806988980762,0.128903829979954,0.201970932160202,0.259339447915911,
0.318547787219932),.UNSPECIFIED.);
#151=B_SPLINE_CURVE_WITH_KNOTS('',3,(#3741,#3742,#3743,#3744,#3745,#3746,
#3747,#3748,#3749,#3750,#3751,#3752),.UNSPECIFIED.,.F.,.F.,(4,2,2,2,2,4),
(0.,0.095067866304198,0.176117832751173,0.24664546562969,0.28375739626776,
0.320594194701631),.UNSPECIFIED.);
#152=B_SPLINE_CURVE_WITH_KNOTS('',3,(#3754,#3755,#3756,#3757,#3758,#3759,
#3760,#3761,#3762,#3763,#3764,#3765),.UNSPECIFIED.,.F.,.F.,(4,2,2,2,2,4),
(0.,0.0631806988980762,0.128903829979954,0.201970932160202,0.259339447915911,
0.318547787219932),.UNSPECIFIED.);
#153=B_SPLINE_CURVE_WITH_KNOTS('',3,(#3769,#3770,#3771,#3772,#3773,#3774,
#3775,#3776,#3777,#3778,#3779,#3780),.UNSPECIFIED.,.F.,.F.,(4,2,2,2,2,4),
(0.,0.095067866304198,0.176117832751173,0.24664546562969,0.28375739626776,
0.320594194701631),.UNSPECIFIED.);
#154=B_SPLINE_CURVE_WITH_KNOTS('',3,(#3782,#3783,#3784,#3785,#3786,#3787,
#3788,#3789,#3790,#3791,#3792,#3793),.UNSPECIFIED.,.F.,.F.,(4,2,2,2,2,4),
(0.,0.0631806988980762,0.128903829979954,0.201970932160202,0.259339447915911,
0.318547787219932),.UNSPECIFIED.);
#155=B_SPLINE_CURVE_WITH_KNOTS('',3,(#3797,#3798,#3799,#3800,#3801,#3802,
#3803,#3804,#3805,#3806,#3807,#3808),.UNSPECIFIED.,.F.,.F.,(4,2,2,2,2,4),
(0.,0.095067866304198,0.176117832751173,0.24664546562969,0.28375739626776,
0.320594194701631),.UNSPECIFIED.);
#156=B_SPLINE_CURVE_WITH_KNOTS('',3,(#3810,#3811,#3812,#3813,#3814,#3815,
#3816,#3817,#3818,#3819,#3820,#3821),.UNSPECIFIED.,.F.,.F.,(4,2,2,2,2,4),
(0.,0.0631806988980762,0.128903829979954,0.201970932160202,0.259339447915911,
0.318547787219932),.UNSPECIFIED.);
#157=B_SPLINE_CURVE_WITH_KNOTS('',3,(#3825,#3826,#3827,#3828,#3829,#3830,
#3831,#3832,#3833,#3834,#3835,#3836),.UNSPECIFIED.,.F.,.F.,(4,2,2,2,2,4),
(0.,0.095067866304198,0.176117832751173,0.24664546562969,0.28375739626776,
0.320594194701631),.UNSPECIFIED.);
#158=B_SPLINE_CURVE_WITH_KNOTS('',3,(#3838,#3839,#3840,#3841,#3842,#3843,
#3844,#3845,#3846,#3847,#3848,#3849),.UNSPECIFIED.,.F.,.F.,(4,2,2,2,2,4),
(0.,0.0631806988980762,0.128903829979954,0.201970932160202,0.259339447915911,
0.318547787219932),.UNSPECIFIED.);
#159=B_SPLINE_CURVE_WITH_KNOTS('',3,(#3853,#3854,#3855,#3856,#3857,#3858,
#3859,#3860,#3861,#3862,#3863,#3864),.UNSPECIFIED.,.F.,.F.,(4,2,2,2,2,4),
(0.,0.095067866304198,0.176117832751173,0.24664546562969,0.28375739626776,
0.320594194701631),.UNSPECIFIED.);
#160=B_SPLINE_CURVE_WITH_KNOTS('',3,(#3866,#3867,#3868,#3869,#3870,#3871,
#3872,#3873,#3874,#3875,#3876,#3877),.UNSPECIFIED.,.F.,.F.,(4,2,2,2,2,4),
(0.,0.0631806988980762,0.128903829979954,0.201970932160202,0.259339447915911,
0.318547787219932),.UNSPECIFIED.);
#161=B_SPLINE_CURVE_WITH_KNOTS('',3,(#3881,#3882,#3883,#3884,#3885,#3886,
#3887,#3888,#3889,#3890,#3891,#3892),.UNSPECIFIED.,.F.,.F.,(4,2,2,2,2,4),
(0.,0.095067866304198,0.176117832751173,0.24664546562969,0.28375739626776,
0.320594194701631),.UNSPECIFIED.);
#162=B_SPLINE_CURVE_WITH_KNOTS('',3,(#3894,#3895,#3896,#3897,#3898,#3899,
#3900,#3901,#3902,#3903,#3904,#3905),.UNSPECIFIED.,.F.,.F.,(4,2,2,2,2,4),
(0.,0.0631806988980762,0.128903829979954,0.201970932160202,0.259339447915911,
0.318547787219932),.UNSPECIFIED.);
#163=B_SPLINE_CURVE_WITH_KNOTS('',3,(#3909,#3910,#3911,#3912,#3913,#3914,
#3915,#3916,#3917,#3918,#3919,#3920),.UNSPECIFIED.,.F.,.F.,(4,2,2,2,2,4),
(0.,0.095067866304198,0.176117832751173,0.24664546562969,0.28375739626776,
0.320594194701631),.UNSPECIFIED.);
#164=B_SPLINE_CURVE_WITH_KNOTS('',3,(#3922,#3923,#3924,#3925,#3926,#3927,
#3928,#3929,#3930,#3931,#3932,#3933),.UNSPECIFIED.,.F.,.F.,(4,2,2,2,2,4),
(0.,0.0631806988980762,0.128903829979954,0.201970932160202,0.259339447915911,
0.318547787219932),.UNSPECIFIED.);
#165=B_SPLINE_CURVE_WITH_KNOTS('',3,(#3937,#3938,#3939,#3940,#3941,#3942,
#3943,#3944,#3945,#3946,#3947,#3948),.UNSPECIFIED.,.F.,.F.,(4,2,2,2,2,4),
(0.,0.095067866304198,0.176117832751173,0.24664546562969,0.28375739626776,
0.320594194701631),.UNSPECIFIED.);
#166=B_SPLINE_CURVE_WITH_KNOTS('',3,(#3950,#3951,#3952,#3953,#3954,#3955,
#3956,#3957,#3958,#3959,#3960,#3961),.UNSPECIFIED.,.F.,.F.,(4,2,2,2,2,4),
(0.,0.0631806988980762,0.128903829979954,0.201970932160202,0.259339447915911,
0.318547787219932),.UNSPECIFIED.);
#167=B_SPLINE_CURVE_WITH_KNOTS('',3,(#3965,#3966,#3967,#3968,#3969,#3970,
#3971,#3972,#3973,#3974,#3975,#3976),.UNSPECIFIED.,.F.,.F.,(4,2,2,2,2,4),
(0.,0.095067866304198,0.176117832751173,0.24664546562969,0.28375739626776,
0.320594194701631),.UNSPECIFIED.);
#168=B_SPLINE_CURVE_WITH_KNOTS('',3,(#3978,#3979,#3980,#3981,#3982,#3983,
#3984,#3985,#3986,#3987,#3988,#3989),.UNSPECIFIED.,.F.,.F.,(4,2,2,2,2,4),
(0.,0.0631806988980762,0.128903829979954,0.201970932160202,0.259339447915911,
0.318547787219932),.UNSPECIFIED.);
#169=B_SPLINE_CURVE_WITH_KNOTS('',3,(#3993,#3994,#3995,#3996,#3997,#3998,
#3999,#4000,#4001,#4002,#4003,#4004),.UNSPECIFIED.,.F.,.F.,(4,2,2,2,2,4),
(0.,0.095067866304198,0.176117832751173,0.24664546562969,0.28375739626776,
0.320594194701631),.UNSPECIFIED.);
#170=B_SPLINE_CURVE_WITH_KNOTS('',3,(#4006,#4007,#4008,#4009,#4010,#4011,
#4012,#4013,#4014,#4015,#4016,#4017),.UNSPECIFIED.,.F.,.F.,(4,2,2,2,2,4),
(0.,0.0631806988980762,0.128903829979954,0.201970932160202,0.259339447915911,
0.318547787219932),.UNSPECIFIED.);
#171=B_SPLINE_CURVE_WITH_KNOTS('',3,(#4021,#4022,#4023,#4024,#4025,#4026,
#4027,#4028,#4029,#4030,#4031,#4032),.UNSPECIFIED.,.F.,.F.,(4,2,2,2,2,4),
(0.,0.095067866304198,0.176117832751173,0.24664546562969,0.28375739626776,
0.320594194701631),.UNSPECIFIED.);
#172=B_SPLINE_CURVE_WITH_KNOTS('',3,(#4034,#4035,#4036,#4037,#4038,#4039,
#4040,#4041,#4042,#4043,#4044,#4045),.UNSPECIFIED.,.F.,.F.,(4,2,2,2,2,4),
(0.,0.0631806988980762,0.128903829979954,0.201970932160202,0.259339447915911,
0.318547787219932),.UNSPECIFIED.);
#173=B_SPLINE_CURVE_WITH_KNOTS('',3,(#4049,#4050,#4051,#4052,#4053,#4054,
#4055,#4056,#4057,#4058,#4059,#4060),.UNSPECIFIED.,.F.,.F.,(4,2,2,2,2,4),
(0.,0.095067866304198,0.176117832751173,0.24664546562969,0.28375739626776,
0.320594194701631),.UNSPECIFIED.);
#174=B_SPLINE_CURVE_WITH_KNOTS('',3,(#4062,#4063,#4064,#4065,#4066,#4067,
#4068,#4069,#4070,#4071,#4072,#4073),.UNSPECIFIED.,.F.,.F.,(4,2,2,2,2,4),
(0.,0.0631806988980762,0.128903829979954,0.201970932160202,0.259339447915911,
0.318547787219932),.UNSPECIFIED.);
#175=B_SPLINE_CURVE_WITH_KNOTS('',3,(#4077,#4078,#4079,#4080,#4081,#4082,
#4083,#4084,#4085,#4086,#4087,#4088),.UNSPECIFIED.,.F.,.F.,(4,2,2,2,2,4),
(0.,0.095067866304198,0.176117832751173,0.24664546562969,0.28375739626776,
0.320594194701631),.UNSPECIFIED.);
#176=B_SPLINE_CURVE_WITH_KNOTS('',3,(#4090,#4091,#4092,#4093,#4094,#4095,
#4096,#4097,#4098,#4099,#4100,#4101),.UNSPECIFIED.,.F.,.F.,(4,2,2,2,2,4),
(0.,0.0631806988980762,0.128903829979954,0.201970932160202,0.259339447915911,
0.318547787219932),.UNSPECIFIED.);
#177=B_SPLINE_CURVE_WITH_KNOTS('',3,(#4104,#4105,#4106,#4107,#4108,#4109,
#4110,#4111,#4112,#4113,#4114,#4115),.UNSPECIFIED.,.F.,.F.,(4,2,2,2,2,4),
(0.,0.095067866304198,0.176117832751173,0.24664546562969,0.28375739626776,
0.320594194701631),.UNSPECIFIED.);
#178=B_SPLINE_CURVE_WITH_KNOTS('',3,(#4147,#4148,#4149,#4150,#4151,#4152),
 .UNSPECIFIED.,.F.,.F.,(4,1,1,4),(0.108327230833035,0.525281239984206,0.942552122429703,
1.56845844609795),.UNSPECIFIED.);
#179=B_SPLINE_CURVE_WITH_KNOTS('',3,(#4155,#4156,#4157,#4158,#4159,#4160),
 .UNSPECIFIED.,.F.,.F.,(4,1,1,4),(-1.36347288244884,-1.0433417631768,-0.626005057906082,
0.),.UNSPECIFIED.);
#180=B_SPLINE_CURVE_WITH_KNOTS('',3,(#4181,#4182,#4183,#4184),
 .UNSPECIFIED.,.F.,.F.,(4,4),(-1.78664076042841,-0.970264973938013),
 .UNSPECIFIED.);
#181=B_SPLINE_CURVE_WITH_KNOTS('',3,(#4186,#4187,#4188,#4189),
 .UNSPECIFIED.,.F.,.F.,(4,4),(1.93311910305235E-14,0.124177046608889),
 .UNSPECIFIED.);
#182=B_SPLINE_CURVE_WITH_KNOTS('',3,(#4190,#4191,#4192,#4193,#4194,#4195),
 .UNSPECIFIED.,.F.,.F.,(4,2,4),(-0.00343023214737778,0.,0.813964142682776),
 .UNSPECIFIED.);
#183=B_SPLINE_CURVE_WITH_KNOTS('',3,(#4217,#4218,#4219,#4220),
 .UNSPECIFIED.,.F.,.F.,(4,4),(1.66246224499901,1.78664076042841),
 .UNSPECIFIED.);
#184=B_SPLINE_CURVE_WITH_KNOTS('',3,(#4223,#4224,#4225,#4226),
 .UNSPECIFIED.,.F.,.F.,(4,4),(-0.81637179425134,-1.93311910305235E-14),
 .UNSPECIFIED.);
#185=B_SPLINE_CURVE_WITH_KNOTS('',3,(#4257,#4258,#4259,#4260,#4261,#4262),
 .UNSPECIFIED.,.F.,.F.,(4,1,1,4),(-1.56845844609795,-0.942552122429703,
-0.525281239984206,-0.204985286335598),.UNSPECIFIED.);
#186=B_SPLINE_CURVE_WITH_KNOTS('',3,(#4263,#4264,#4265,#4266,#4267,#4268),
 .UNSPECIFIED.,.F.,.F.,(4,1,1,4),(0.,0.626005057906082,1.0433417631768,
1.46013127162706),.UNSPECIFIED.);
#187=B_SPLINE_CURVE_WITH_KNOTS('',3,(#4303,#4304,#4305,#4306,#4307,#4308),
 .UNSPECIFIED.,.F.,.F.,(4,1,1,4),(0.108327230833035,0.525281239984206,0.942552122429703,
1.56845844609795),.UNSPECIFIED.);
#188=B_SPLINE_CURVE_WITH_KNOTS('',3,(#4331,#4332,#4333,#4334),
 .UNSPECIFIED.,.F.,.F.,(4,4),(1.93311910305235E-14,0.124177046608884),
 .UNSPECIFIED.);
#189=B_SPLINE_CURVE_WITH_KNOTS('',3,(#4335,#4336,#4337,#4338,#4339,#4340),
 .UNSPECIFIED.,.F.,.F.,(4,2,4),(-0.00343023214737778,0.,0.813964142682776),
 .UNSPECIFIED.);
#190=B_SPLINE_CURVE_WITH_KNOTS('',3,(#4362,#4363,#4364,#4365),
 .UNSPECIFIED.,.F.,.F.,(4,4),(1.66246224499901,1.78664076042841),
 .UNSPECIFIED.);
#191=B_SPLINE_CURVE_WITH_KNOTS('',3,(#4368,#4369,#4370,#4371),
 .UNSPECIFIED.,.F.,.F.,(4,4),(-0.816371794251347,-1.93311910305235E-14),
 .UNSPECIFIED.);
#192=B_SPLINE_CURVE_WITH_KNOTS('',3,(#4402,#4403,#4404,#4405,#4406,#4407),
 .UNSPECIFIED.,.F.,.F.,(4,1,1,4),(-1.56845844609795,-0.942552122429703,
-0.525281239984206,-0.204985232878737),.UNSPECIFIED.);
#193=B_SPLINE_CURVE_WITH_KNOTS('',3,(#4408,#4409,#4410,#4411,#4412,#4413),
 .UNSPECIFIED.,.F.,.F.,(4,1,1,4),(0.,0.626005057906082,1.0433417631768,
1.46013127162706),.UNSPECIFIED.);
#194=B_SPLINE_CURVE_WITH_KNOTS('',3,(#4448,#4449,#4450,#4451,#4452,#4453),
 .UNSPECIFIED.,.F.,.F.,(4,1,1,4),(0.108327230833035,0.525281239984206,0.942552122429703,
1.56845844609795),.UNSPECIFIED.);
#195=B_SPLINE_CURVE_WITH_KNOTS('',3,(#4456,#4457,#4458,#4459,#4460,#4461),
 .UNSPECIFIED.,.F.,.F.,(4,1,1,4),(-1.36347307365232,-1.0433417631768,-0.626005057906082,
0.),.UNSPECIFIED.);
#196=B_SPLINE_CURVE_WITH_KNOTS('',3,(#4482,#4483,#4484,#4485),
 .UNSPECIFIED.,.F.,.F.,(4,4),(-1.78664076042841,-0.970264973938007),
 .UNSPECIFIED.);
#197=B_SPLINE_CURVE_WITH_KNOTS('',3,(#4487,#4488,#4489,#4490),
 .UNSPECIFIED.,.F.,.F.,(4,4),(1.93311910305235E-14,0.124177046608891),
 .UNSPECIFIED.);
#198=B_SPLINE_CURVE_WITH_KNOTS('',3,(#4491,#4492,#4493,#4494,#4495,#4496),
 .UNSPECIFIED.,.F.,.F.,(4,2,4),(-0.00343023214737778,0.,0.813964142682776),
 .UNSPECIFIED.);
#199=B_SPLINE_CURVE_WITH_KNOTS('',3,(#4518,#4519,#4520,#4521),
 .UNSPECIFIED.,.F.,.F.,(4,4),(1.662462244999,1.78664076042841),
 .UNSPECIFIED.);
#200=B_SPLINE_CURVE_WITH_KNOTS('',3,(#4524,#4525,#4526,#4527),
 .UNSPECIFIED.,.F.,.F.,(4,4),(-0.816371794251319,-1.93311910305235E-14),
 .UNSPECIFIED.);
#201=B_SPLINE_CURVE_WITH_KNOTS('',3,(#4558,#4559,#4560,#4561,#4562,#4563),
 .UNSPECIFIED.,.F.,.F.,(4,1,1,4),(-1.56845844609795,-0.942552122429703,
-0.525281239984206,-0.204985920533489),.UNSPECIFIED.);
#202=B_SPLINE_CURVE_WITH_KNOTS('',3,(#4564,#4565,#4566,#4567,#4568,#4569),
 .UNSPECIFIED.,.F.,.F.,(4,1,1,4),(0.,0.626005057906082,1.0433417631768,
1.46013127162706),.UNSPECIFIED.);
#203=B_SPLINE_CURVE_WITH_KNOTS('',3,(#4604,#4605,#4606,#4607,#4608,#4609),
 .UNSPECIFIED.,.F.,.F.,(4,1,1,4),(0.108327230833035,0.525281239984206,0.942552122429703,
1.56845844609795),.UNSPECIFIED.);
#204=B_SPLINE_CURVE_WITH_KNOTS('',3,(#4612,#4613,#4614,#4615,#4616,#4617),
 .UNSPECIFIED.,.F.,.F.,(4,1,1,4),(-1.36347314376807,-1.0433417631768,-0.626005057906082,
0.),.UNSPECIFIED.);
#205=B_SPLINE_CURVE_WITH_KNOTS('',3,(#4638,#4639,#4640,#4641),
 .UNSPECIFIED.,.F.,.F.,(4,4),(-1.78664076042841,-0.970264973937994),
 .UNSPECIFIED.);
#206=B_SPLINE_CURVE_WITH_KNOTS('',3,(#4643,#4644,#4645,#4646),
 .UNSPECIFIED.,.F.,.F.,(4,4),(1.93311910305235E-14,0.12417704660888),
 .UNSPECIFIED.);
#207=B_SPLINE_CURVE_WITH_KNOTS('',3,(#4647,#4648,#4649,#4650,#4651,#4652),
 .UNSPECIFIED.,.F.,.F.,(4,2,4),(-0.00343023214737778,0.,0.813964142682776),
 .UNSPECIFIED.);
#208=B_SPLINE_CURVE_WITH_KNOTS('',3,(#4674,#4675,#4676,#4677),
 .UNSPECIFIED.,.F.,.F.,(4,4),(1.66246224499902,1.78664076042841),
 .UNSPECIFIED.);
#209=B_SPLINE_CURVE_WITH_KNOTS('',3,(#4709,#4710,#4711,#4712,#4713,#4714),
 .UNSPECIFIED.,.F.,.F.,(4,1,1,4),(0.,0.626005057906082,1.0433417631768,
1.46013127162706),.UNSPECIFIED.);
#210=B_SPLINE_CURVE_WITH_KNOTS('',3,(#4749,#4750,#4751,#4752,#4753,#4754),
 .UNSPECIFIED.,.F.,.F.,(4,1,1,4),(0.108327230833035,0.525281239984206,0.942552122429703,
1.56845844609795),.UNSPECIFIED.);
#211=B_SPLINE_CURVE_WITH_KNOTS('',3,(#4777,#4778,#4779,#4780),
 .UNSPECIFIED.,.F.,.F.,(4,4),(1.93311910305235E-14,0.124177046608881),
 .UNSPECIFIED.);
#212=B_SPLINE_CURVE_WITH_KNOTS('',3,(#4781,#4782,#4783,#4784,#4785,#4786),
 .UNSPECIFIED.,.F.,.F.,(4,2,4),(-0.00343023214737778,0.,0.813964142682776),
 .UNSPECIFIED.);
#213=B_SPLINE_CURVE_WITH_KNOTS('',3,(#4808,#4809,#4810,#4811),
 .UNSPECIFIED.,.F.,.F.,(4,4),(1.66246224499901,1.78664076042841),
 .UNSPECIFIED.);
#214=B_SPLINE_CURVE_WITH_KNOTS('',3,(#4843,#4844,#4845,#4846,#4847,#4848),
 .UNSPECIFIED.,.F.,.F.,(4,1,1,4),(0.,0.626005057906082,1.0433417631768,
1.46013127162706),.UNSPECIFIED.);
#215=B_SPLINE_CURVE_WITH_KNOTS('',3,(#4883,#4884,#4885,#4886,#4887,#4888),
 .UNSPECIFIED.,.F.,.F.,(4,1,1,4),(0.108327230833035,0.525281239984206,0.942552122429703,
1.56845844609795),.UNSPECIFIED.);
#216=B_SPLINE_CURVE_WITH_KNOTS('',3,(#4891,#4892,#4893,#4894,#4895,#4896),
 .UNSPECIFIED.,.F.,.F.,(4,1,1,4),(-1.36347182468901,-1.0433417631768,-0.626005057906082,
0.),.UNSPECIFIED.);
#217=B_SPLINE_CURVE_WITH_KNOTS('',3,(#4917,#4918,#4919,#4920),
 .UNSPECIFIED.,.F.,.F.,(4,4),(-1.78664076042841,-0.97026497393803),
 .UNSPECIFIED.);
#218=B_SPLINE_CURVE_WITH_KNOTS('',3,(#4922,#4923,#4924,#4925),
 .UNSPECIFIED.,.F.,.F.,(4,4),(1.93311910305235E-14,0.124177046608899),
 .UNSPECIFIED.);
#219=B_SPLINE_CURVE_WITH_KNOTS('',3,(#4926,#4927,#4928,#4929,#4930,#4931),
 .UNSPECIFIED.,.F.,.F.,(4,2,4),(-0.00343023214737778,0.,0.813964142682776),
 .UNSPECIFIED.);
#220=B_SPLINE_CURVE_WITH_KNOTS('',3,(#4953,#4954,#4955,#4956),
 .UNSPECIFIED.,.F.,.F.,(4,4),(1.662462244999,1.78664076042841),
 .UNSPECIFIED.);
#221=B_SPLINE_CURVE_WITH_KNOTS('',3,(#4959,#4960,#4961,#4962),
 .UNSPECIFIED.,.F.,.F.,(4,4),(-0.816371794251312,-1.93311910305235E-14),
 .UNSPECIFIED.);
#222=B_SPLINE_CURVE_WITH_KNOTS('',3,(#4993,#4994,#4995,#4996,#4997,#4998),
 .UNSPECIFIED.,.F.,.F.,(4,1,1,4),(-1.56845844609795,-0.942552122429703,
-0.525281239984206,-0.204986564749628),.UNSPECIFIED.);
#223=B_SPLINE_CURVE_WITH_KNOTS('',3,(#4999,#5000,#5001,#5002,#5003,#5004),
 .UNSPECIFIED.,.F.,.F.,(4,1,1,4),(0.,0.626005057906082,1.0433417631768,
1.4601312707744),.UNSPECIFIED.);
#224=B_SPLINE_CURVE_WITH_KNOTS('',3,(#5039,#5040,#5041,#5042,#5043,#5044),
 .UNSPECIFIED.,.F.,.F.,(4,1,1,4),(0.108327230833035,0.525281239984206,0.942552122429703,
1.56845844609795),.UNSPECIFIED.);
#225=B_SPLINE_CURVE_WITH_KNOTS('',3,(#5047,#5048,#5049,#5050,#5051,#5052),
 .UNSPECIFIED.,.F.,.F.,(4,1,1,4),(-1.36347188521614,-1.0433417631768,-0.626005057906082,
0.),.UNSPECIFIED.);
#226=B_SPLINE_CURVE_WITH_KNOTS('',3,(#5073,#5074,#5075,#5076),
 .UNSPECIFIED.,.F.,.F.,(4,4),(-1.78664076042841,-0.97026497393803),
 .UNSPECIFIED.);
#227=B_SPLINE_CURVE_WITH_KNOTS('',3,(#5078,#5079,#5080,#5081),
 .UNSPECIFIED.,.F.,.F.,(4,4),(1.93311910305235E-14,0.124177046608901),
 .UNSPECIFIED.);
#228=B_SPLINE_CURVE_WITH_KNOTS('',3,(#5082,#5083,#5084,#5085,#5086,#5087),
 .UNSPECIFIED.,.F.,.F.,(4,2,4),(-0.00343023214737778,0.,0.813964142682776),
 .UNSPECIFIED.);
#229=B_SPLINE_CURVE_WITH_KNOTS('',3,(#5109,#5110,#5111,#5112),
 .UNSPECIFIED.,.F.,.F.,(4,4),(1.662462244999,1.78664076042841),
 .UNSPECIFIED.);
#230=B_SPLINE_CURVE_WITH_KNOTS('',3,(#5115,#5116,#5117,#5118),
 .UNSPECIFIED.,.F.,.F.,(4,4),(-0.816371794251307,-1.93311910305235E-14),
 .UNSPECIFIED.);
#231=B_SPLINE_CURVE_WITH_KNOTS('',3,(#5149,#5150,#5151,#5152,#5153,#5154),
 .UNSPECIFIED.,.F.,.F.,(4,1,1,4),(-1.56845844609795,-0.942552122429703,
-0.525281239984206,-0.204986517658693),.UNSPECIFIED.);
#232=B_SPLINE_CURVE_WITH_KNOTS('',3,(#5155,#5156,#5157,#5158,#5159,#5160),
 .UNSPECIFIED.,.F.,.F.,(4,1,1,4),(0.,0.626005057906082,1.0433417631768,
1.46013127077842),.UNSPECIFIED.);
#233=B_SPLINE_CURVE_WITH_KNOTS('',3,(#5195,#5196,#5197,#5198,#5199,#5200),
 .UNSPECIFIED.,.F.,.F.,(4,1,1,4),(0.108327230833035,0.525281239984206,0.942552122429703,
1.56845844609795),.UNSPECIFIED.);
#234=B_SPLINE_CURVE_WITH_KNOTS('',3,(#5203,#5204,#5205,#5206,#5207,#5208),
 .UNSPECIFIED.,.F.,.F.,(4,1,1,4),(-1.36347187307377,-1.0433417631768,-0.626005057906082,
0.),.UNSPECIFIED.);
#235=B_SPLINE_CURVE_WITH_KNOTS('',3,(#5229,#5230,#5231,#5232),
 .UNSPECIFIED.,.F.,.F.,(4,4),(-1.78664076042841,-0.970264973938029),
 .UNSPECIFIED.);
#236=B_SPLINE_CURVE_WITH_KNOTS('',3,(#5234,#5235,#5236,#5237),
 .UNSPECIFIED.,.F.,.F.,(4,4),(1.93311910305235E-14,0.1241770466089),
 .UNSPECIFIED.);
#237=B_SPLINE_CURVE_WITH_KNOTS('',3,(#5238,#5239,#5240,#5241,#5242,#5243),
 .UNSPECIFIED.,.F.,.F.,(4,2,4),(-0.00343023214737778,0.,0.813964142682776),
 .UNSPECIFIED.);
#238=B_SPLINE_CURVE_WITH_KNOTS('',3,(#5265,#5266,#5267,#5268),
 .UNSPECIFIED.,.F.,.F.,(4,4),(1.662462244999,1.78664076042841),
 .UNSPECIFIED.);
#239=B_SPLINE_CURVE_WITH_KNOTS('',3,(#5300,#5301,#5302,#5303,#5304,#5305),
 .UNSPECIFIED.,.F.,.F.,(4,1,1,4),(0.,0.626005057906082,1.0433417631768,
1.46013127077905),.UNSPECIFIED.);
#240=B_SPLINE_CURVE_WITH_KNOTS('',3,(#5340,#5341,#5342,#5343,#5344,#5345),
 .UNSPECIFIED.,.F.,.F.,(4,1,1,4),(0.108327230833035,0.525281239984206,0.942552122429703,
1.56845844609795),.UNSPECIFIED.);
#241=B_SPLINE_CURVE_WITH_KNOTS('',3,(#5348,#5349,#5350,#5351,#5352,#5353),
 .UNSPECIFIED.,.F.,.F.,(4,1,1,4),(-1.36347190151974,-1.0433417631768,-0.626005057906082,
0.),.UNSPECIFIED.);
#242=B_SPLINE_CURVE_WITH_KNOTS('',3,(#5374,#5375,#5376,#5377),
 .UNSPECIFIED.,.F.,.F.,(4,4),(-1.78664076042841,-0.97026497393803),
 .UNSPECIFIED.);
#243=B_SPLINE_CURVE_WITH_KNOTS('',3,(#5379,#5380,#5381,#5382),
 .UNSPECIFIED.,.F.,.F.,(4,4),(1.93311910305235E-14,0.1241770466089),
 .UNSPECIFIED.);
#244=B_SPLINE_CURVE_WITH_KNOTS('',3,(#5383,#5384,#5385,#5386,#5387,#5388),
 .UNSPECIFIED.,.F.,.F.,(4,2,4),(-0.00343023214737778,0.,0.813964142682776),
 .UNSPECIFIED.);
#245=B_SPLINE_CURVE_WITH_KNOTS('',3,(#5410,#5411,#5412,#5413),
 .UNSPECIFIED.,.F.,.F.,(4,4),(1.662462244999,1.78664076042841),
 .UNSPECIFIED.);
#246=B_SPLINE_CURVE_WITH_KNOTS('',3,(#5416,#5417,#5418,#5419),
 .UNSPECIFIED.,.F.,.F.,(4,4),(-0.816371794251308,-1.93311910305235E-14),
 .UNSPECIFIED.);
#247=B_SPLINE_CURVE_WITH_KNOTS('',3,(#5450,#5451,#5452,#5453,#5454,#5455),
 .UNSPECIFIED.,.F.,.F.,(4,1,1,4),(-1.56845844609795,-0.942552122429703,
-0.525281239984206,-0.204986501432546),.UNSPECIFIED.);
#248=B_SPLINE_CURVE_WITH_KNOTS('',3,(#5456,#5457,#5458,#5459,#5460,#5461),
 .UNSPECIFIED.,.F.,.F.,(4,1,1,4),(0.,0.626005057906082,1.0433417631768,
1.46013127077903),.UNSPECIFIED.);
#249=B_SPLINE_CURVE_WITH_KNOTS('',3,(#5496,#5497,#5498,#5499,#5500,#5501),
 .UNSPECIFIED.,.F.,.F.,(4,1,1,4),(0.108327230833035,0.525281239984206,0.942552122429703,
1.56845844609795),.UNSPECIFIED.);
#250=B_SPLINE_CURVE_WITH_KNOTS('',3,(#5504,#5505,#5506,#5507,#5508,#5509),
 .UNSPECIFIED.,.F.,.F.,(4,1,1,4),(-1.36347189008217,-1.0433417631768,-0.626005057906082,
0.),.UNSPECIFIED.);
#251=B_SPLINE_CURVE_WITH_KNOTS('',3,(#5530,#5531,#5532,#5533),
 .UNSPECIFIED.,.F.,.F.,(4,4),(-1.78664076042841,-0.970264973938028),
 .UNSPECIFIED.);
#252=B_SPLINE_CURVE_WITH_KNOTS('',3,(#5535,#5536,#5537,#5538),
 .UNSPECIFIED.,.F.,.F.,(4,4),(1.93311910305235E-14,0.1241770466089),
 .UNSPECIFIED.);
#253=B_SPLINE_CURVE_WITH_KNOTS('',3,(#5539,#5540,#5541,#5542,#5543,#5544),
 .UNSPECIFIED.,.F.,.F.,(4,2,4),(-0.00343023214737778,0.,0.813964142682776),
 .UNSPECIFIED.);
#254=B_SPLINE_CURVE_WITH_KNOTS('',3,(#5566,#5567,#5568,#5569),
 .UNSPECIFIED.,.F.,.F.,(4,4),(1.662462244999,1.78664076042841),
 .UNSPECIFIED.);
#255=B_SPLINE_CURVE_WITH_KNOTS('',3,(#5601,#5602,#5603,#5604,#5605,#5606),
 .UNSPECIFIED.,.F.,.F.,(4,1,1,4),(0.,0.626005057906082,1.0433417631768,
1.46013127077966),.UNSPECIFIED.);
#256=B_SPLINE_CURVE_WITH_KNOTS('',3,(#5641,#5642,#5643,#5644,#5645,#5646),
 .UNSPECIFIED.,.F.,.F.,(4,1,1,4),(0.108327230833035,0.525281239984206,0.942552122429703,
1.56845844609795),.UNSPECIFIED.);
#257=B_SPLINE_CURVE_WITH_KNOTS('',3,(#5649,#5650,#5651,#5652,#5653,#5654),
 .UNSPECIFIED.,.F.,.F.,(4,1,1,4),(-1.36347185630151,-1.0433417631768,-0.626005057906082,
0.),.UNSPECIFIED.);
#258=B_SPLINE_CURVE_WITH_KNOTS('',3,(#5675,#5676,#5677,#5678),
 .UNSPECIFIED.,.F.,.F.,(4,4),(-1.78664076042841,-0.970264973938026),
 .UNSPECIFIED.);
#259=B_SPLINE_CURVE_WITH_KNOTS('',3,(#5680,#5681,#5682,#5683),
 .UNSPECIFIED.,.F.,.F.,(4,4),(1.93311910305235E-14,0.124177046608898),
 .UNSPECIFIED.);
#260=B_SPLINE_CURVE_WITH_KNOTS('',3,(#5684,#5685,#5686,#5687,#5688,#5689),
 .UNSPECIFIED.,.F.,.F.,(4,2,4),(-0.00343023214737778,0.,0.813964142682776),
 .UNSPECIFIED.);
#261=B_SPLINE_CURVE_WITH_KNOTS('',3,(#5711,#5712,#5713,#5714),
 .UNSPECIFIED.,.F.,.F.,(4,4),(1.662462244999,1.78664076042841),
 .UNSPECIFIED.);
#262=B_SPLINE_CURVE_WITH_KNOTS('',3,(#5746,#5747,#5748,#5749,#5750,#5751),
 .UNSPECIFIED.,.F.,.F.,(4,1,1,4),(0.,0.626005057906082,1.0433417631768,
1.46013127077923),.UNSPECIFIED.);
#263=B_SPLINE_CURVE_WITH_KNOTS('',3,(#5786,#5787,#5788,#5789,#5790,#5791),
 .UNSPECIFIED.,.F.,.F.,(4,1,1,4),(0.108327230833035,0.525281239984206,0.942552122429703,
1.56845844609795),.UNSPECIFIED.);
#264=B_SPLINE_CURVE_WITH_KNOTS('',3,(#5814,#5815,#5816,#5817),
 .UNSPECIFIED.,.F.,.F.,(4,4),(1.93311910305235E-14,0.124177046608899),
 .UNSPECIFIED.);
#265=B_SPLINE_CURVE_WITH_KNOTS('',3,(#5818,#5819,#5820,#5821,#5822,#5823),
 .UNSPECIFIED.,.F.,.F.,(4,2,4),(-0.00343023214737778,0.,0.813964142682776),
 .UNSPECIFIED.);
#266=B_SPLINE_CURVE_WITH_KNOTS('',3,(#5845,#5846,#5847,#5848),
 .UNSPECIFIED.,.F.,.F.,(4,4),(1.662462244999,1.78664076042841),
 .UNSPECIFIED.);
#267=B_SPLINE_CURVE_WITH_KNOTS('',3,(#5851,#5852,#5853,#5854),
 .UNSPECIFIED.,.F.,.F.,(4,4),(-0.81637179425131,-1.93311910305235E-14),
 .UNSPECIFIED.);
#268=B_SPLINE_CURVE_WITH_KNOTS('',3,(#5885,#5886,#5887,#5888,#5889,#5890),
 .UNSPECIFIED.,.F.,.F.,(4,1,1,4),(-1.56845844609795,-0.942552122429703,
-0.525281239984206,-0.204986512797372),.UNSPECIFIED.);
#269=B_SPLINE_CURVE_WITH_KNOTS('',3,(#5891,#5892,#5893,#5894,#5895,#5896),
 .UNSPECIFIED.,.F.,.F.,(4,1,1,4),(0.,0.626005057906082,1.0433417631768,
1.4601312707774),.UNSPECIFIED.);
#270=B_SPLINE_CURVE_WITH_KNOTS('',3,(#5931,#5932,#5933,#5934,#5935,#5936),
 .UNSPECIFIED.,.F.,.F.,(4,1,1,4),(0.108327230833035,0.525281239984206,0.942552122429703,
1.56845844609795),.UNSPECIFIED.);
#271=B_SPLINE_CURVE_WITH_KNOTS('',3,(#5939,#5940,#5941,#5942,#5943,#5944),
 .UNSPECIFIED.,.F.,.F.,(4,1,1,4),(-1.36347183791844,-1.0433417631768,-0.626005057906082,
0.),.UNSPECIFIED.);
#272=B_SPLINE_CURVE_WITH_KNOTS('',3,(#5965,#5966,#5967,#5968),
 .UNSPECIFIED.,.F.,.F.,(4,4),(-1.78664076042841,-0.970264973938027),
 .UNSPECIFIED.);
#273=B_SPLINE_CURVE_WITH_KNOTS('',3,(#5970,#5971,#5972,#5973),
 .UNSPECIFIED.,.F.,.F.,(4,4),(1.93311910305235E-14,0.124177046608899),
 .UNSPECIFIED.);
#274=B_SPLINE_CURVE_WITH_KNOTS('',3,(#5974,#5975,#5976,#5977,#5978,#5979),
 .UNSPECIFIED.,.F.,.F.,(4,2,4),(-0.00343023214737778,0.,0.813964142682776),
 .UNSPECIFIED.);
#275=B_SPLINE_CURVE_WITH_KNOTS('',3,(#6001,#6002,#6003,#6004),
 .UNSPECIFIED.,.F.,.F.,(4,4),(1.662462244999,1.78664076042841),
 .UNSPECIFIED.);
#276=B_SPLINE_CURVE_WITH_KNOTS('',3,(#6036,#6037,#6038,#6039,#6040,#6041),
 .UNSPECIFIED.,.F.,.F.,(4,1,1,4),(0.,0.626005057906082,1.0433417631768,
1.46013127077859),.UNSPECIFIED.);
#277=B_SPLINE_CURVE_WITH_KNOTS('',3,(#6076,#6077,#6078,#6079,#6080,#6081),
 .UNSPECIFIED.,.F.,.F.,(4,1,1,4),(0.108327230833035,0.525281239984206,0.942552122429703,
1.56845844609795),.UNSPECIFIED.);
#278=B_SPLINE_CURVE_WITH_KNOTS('',3,(#6104,#6105,#6106,#6107),
 .UNSPECIFIED.,.F.,.F.,(4,4),(1.93311910305235E-14,0.124177046608899),
 .UNSPECIFIED.);
#279=B_SPLINE_CURVE_WITH_KNOTS('',3,(#6108,#6109,#6110,#6111,#6112,#6113),
 .UNSPECIFIED.,.F.,.F.,(4,2,4),(-0.00343023214737778,0.,0.813964142682776),
 .UNSPECIFIED.);
#280=B_SPLINE_CURVE_WITH_KNOTS('',3,(#6135,#6136,#6137,#6138),
 .UNSPECIFIED.,.F.,.F.,(4,4),(1.662462244999,1.78664076042841),
 .UNSPECIFIED.);
#281=B_SPLINE_CURVE_WITH_KNOTS('',3,(#6170,#6171,#6172,#6173,#6174,#6175),
 .UNSPECIFIED.,.F.,.F.,(4,1,1,4),(0.,0.626005057906082,1.0433417631768,
1.46013127077678),.UNSPECIFIED.);
#282=B_SPLINE_CURVE_WITH_KNOTS('',3,(#6210,#6211,#6212,#6213,#6214,#6215),
 .UNSPECIFIED.,.F.,.F.,(4,1,1,4),(0.108327230833035,0.525281239984206,0.942552122429703,
1.56845844609795),.UNSPECIFIED.);
#283=B_SPLINE_CURVE_WITH_KNOTS('',3,(#6238,#6239,#6240,#6241),
 .UNSPECIFIED.,.F.,.F.,(4,4),(1.93311910305235E-14,0.124177046608899),
 .UNSPECIFIED.);
#284=B_SPLINE_CURVE_WITH_KNOTS('',3,(#6242,#6243,#6244,#6245,#6246,#6247),
 .UNSPECIFIED.,.F.,.F.,(4,2,4),(-0.00343023214737778,0.,0.813964142682776),
 .UNSPECIFIED.);
#285=B_SPLINE_CURVE_WITH_KNOTS('',3,(#6269,#6270,#6271,#6272),
 .UNSPECIFIED.,.F.,.F.,(4,4),(1.662462244999,1.78664076042841),
 .UNSPECIFIED.);
#286=B_SPLINE_CURVE_WITH_KNOTS('',3,(#6275,#6276,#6277,#6278),
 .UNSPECIFIED.,.F.,.F.,(4,4),(-0.816371794251313,-1.93311910305235E-14),
 .UNSPECIFIED.);
#287=B_SPLINE_CURVE_WITH_KNOTS('',3,(#6309,#6310,#6311,#6312,#6313,#6314),
 .UNSPECIFIED.,.F.,.F.,(4,1,1,4),(-1.56845844609795,-0.942552122429703,
-0.525281239984206,-0.204986546454081),.UNSPECIFIED.);
#288=B_SPLINE_CURVE_WITH_KNOTS('',3,(#6315,#6316,#6317,#6318,#6319,#6320),
 .UNSPECIFIED.,.F.,.F.,(4,1,1,4),(0.,0.626005057906082,1.0433417631768,
1.46013127077506),.UNSPECIFIED.);
#289=B_SPLINE_CURVE_WITH_KNOTS('',3,(#6360,#6361,#6362,#6363,#6364,#6365),
 .UNSPECIFIED.,.F.,.F.,(4,1,1,4),(0.108327230833035,0.525281239984206,0.942552122429703,
1.56845844609795),.UNSPECIFIED.);
#290=B_SPLINE_CURVE_WITH_KNOTS('',3,(#6388,#6389,#6390,#6391),
 .UNSPECIFIED.,.F.,.F.,(4,4),(1.93311910305235E-14,0.124177046608894),
 .UNSPECIFIED.);
#291=B_SPLINE_CURVE_WITH_KNOTS('',3,(#6392,#6393,#6394,#6395,#6396,#6397),
 .UNSPECIFIED.,.F.,.F.,(4,2,4),(-0.00343023214737778,0.,0.813964142682776),
 .UNSPECIFIED.);
#292=B_SPLINE_CURVE_WITH_KNOTS('',3,(#6419,#6420,#6421,#6422),
 .UNSPECIFIED.,.F.,.F.,(4,4),(1.662462244999,1.78664076042841),
 .UNSPECIFIED.);
#293=B_SPLINE_CURVE_WITH_KNOTS('',3,(#6425,#6426,#6427,#6428),
 .UNSPECIFIED.,.F.,.F.,(4,4),(-0.816371794251314,-1.93311910305235E-14),
 .UNSPECIFIED.);
#294=B_SPLINE_CURVE_WITH_KNOTS('',3,(#6459,#6460,#6461,#6462,#6463,#6464),
 .UNSPECIFIED.,.F.,.F.,(4,1,1,4),(-1.56845844609795,-0.942552122429703,
-0.525281239984206,-0.204986417398206),.UNSPECIFIED.);
#295=B_SPLINE_CURVE_WITH_KNOTS('',3,(#6465,#6466,#6467,#6468,#6469,#6470),
 .UNSPECIFIED.,.F.,.F.,(4,1,1,4),(0.,0.626005057906082,1.0433417631768,
1.46013127162706),.UNSPECIFIED.);
#296=B_SPLINE_CURVE_WITH_KNOTS('',3,(#6505,#6506,#6507,#6508,#6509,#6510),
 .UNSPECIFIED.,.F.,.F.,(4,1,1,4),(0.108327230833035,0.525281239984206,0.942552122429703,
1.56845844609795),.UNSPECIFIED.);
#297=B_SPLINE_CURVE_WITH_KNOTS('',3,(#6533,#6534,#6535,#6536),
 .UNSPECIFIED.,.F.,.F.,(4,4),(1.93311910305235E-14,0.124177046608897),
 .UNSPECIFIED.);
#298=B_SPLINE_CURVE_WITH_KNOTS('',3,(#6537,#6538,#6539,#6540,#6541,#6542),
 .UNSPECIFIED.,.F.,.F.,(4,2,4),(-0.00343023214737778,0.,0.813964142682776),
 .UNSPECIFIED.);
#299=B_SPLINE_CURVE_WITH_KNOTS('',3,(#6564,#6565,#6566,#6567),
 .UNSPECIFIED.,.F.,.F.,(4,4),(1.662462244999,1.78664076042841),
 .UNSPECIFIED.);
#300=B_SPLINE_CURVE_WITH_KNOTS('',3,(#6570,#6571,#6572,#6573),
 .UNSPECIFIED.,.F.,.F.,(4,4),(-0.816371794251316,-1.93311910305235E-14),
 .UNSPECIFIED.);
#301=B_SPLINE_CURVE_WITH_KNOTS('',3,(#6604,#6605,#6606,#6607,#6608,#6609),
 .UNSPECIFIED.,.F.,.F.,(4,1,1,4),(-1.56845844609795,-0.942552122429703,
-0.525281239984206,-0.204986295971708),.UNSPECIFIED.);
#302=B_SPLINE_CURVE_WITH_KNOTS('',3,(#6610,#6611,#6612,#6613,#6614,#6615),
 .UNSPECIFIED.,.F.,.F.,(4,1,1,4),(0.,0.626005057906082,1.0433417631768,
1.4601312707821),.UNSPECIFIED.);
#303=B_SPLINE_CURVE_WITH_KNOTS('',3,(#6650,#6651,#6652,#6653,#6654,#6655),
 .UNSPECIFIED.,.F.,.F.,(4,1,1,4),(0.108327230833035,0.525281239984206,0.942552122429703,
1.56845844609795),.UNSPECIFIED.);
#304=B_SPLINE_CURVE_WITH_KNOTS('',3,(#6658,#6659,#6660,#6661,#6662,#6663),
 .UNSPECIFIED.,.F.,.F.,(4,1,1,4),(-1.36347246401429,-1.0433417631768,-0.626005057906082,
0.),.UNSPECIFIED.);
#305=B_SPLINE_CURVE_WITH_KNOTS('',3,(#6684,#6685,#6686,#6687),
 .UNSPECIFIED.,.F.,.F.,(4,4),(-1.78664076042841,-0.970264973938021),
 .UNSPECIFIED.);
#306=B_SPLINE_CURVE_WITH_KNOTS('',3,(#6689,#6690,#6691,#6692),
 .UNSPECIFIED.,.F.,.F.,(4,4),(1.93311910305235E-14,0.124177046608892),
 .UNSPECIFIED.);
#307=B_SPLINE_CURVE_WITH_KNOTS('',3,(#6693,#6694,#6695,#6696,#6697,#6698),
 .UNSPECIFIED.,.F.,.F.,(4,2,4),(-0.00343023214737778,0.,0.813964142682776),
 .UNSPECIFIED.);
#308=B_SPLINE_CURVE_WITH_KNOTS('',3,(#6720,#6721,#6722,#6723),
 .UNSPECIFIED.,.F.,.F.,(4,4),(1.662462244999,1.78664076042841),
 .UNSPECIFIED.);
#309=B_SPLINE_CURVE_WITH_KNOTS('',3,(#6755,#6756,#6757,#6758,#6759,#6760),
 .UNSPECIFIED.,.F.,.F.,(4,1,1,4),(0.,0.626005057906082,1.0433417631768,
1.46013127162706),.UNSPECIFIED.);
#310=B_SPLINE_CURVE_WITH_KNOTS('',3,(#6795,#6796,#6797,#6798,#6799,#6800),
 .UNSPECIFIED.,.F.,.F.,(4,1,1,4),(0.108327230833035,0.525281239984206,0.942552122429703,
1.56845844609795),.UNSPECIFIED.);
#311=B_SPLINE_CURVE_WITH_KNOTS('',3,(#6823,#6824,#6825,#6826),
 .UNSPECIFIED.,.F.,.F.,(4,4),(1.93311910305235E-14,0.124177046608898),
 .UNSPECIFIED.);
#312=B_SPLINE_CURVE_WITH_KNOTS('',3,(#6827,#6828,#6829,#6830,#6831,#6832),
 .UNSPECIFIED.,.F.,.F.,(4,2,4),(-0.00343023214737778,0.,0.813964142682776),
 .UNSPECIFIED.);
#313=B_SPLINE_CURVE_WITH_KNOTS('',3,(#6854,#6855,#6856,#6857),
 .UNSPECIFIED.,.F.,.F.,(4,4),(1.662462244999,1.78664076042841),
 .UNSPECIFIED.);
#314=B_SPLINE_CURVE_WITH_KNOTS('',3,(#6889,#6890,#6891,#6892,#6893,#6894),
 .UNSPECIFIED.,.F.,.F.,(4,1,1,4),(0.,0.626005057906082,1.0433417631768,
1.46013127077727),.UNSPECIFIED.);
#315=B_SPLINE_CURVE_WITH_KNOTS('',3,(#6929,#6930,#6931,#6932,#6933,#6934),
 .UNSPECIFIED.,.F.,.F.,(4,1,1,4),(0.108327230833035,0.525281239984206,0.942552122429703,
1.56845844609795),.UNSPECIFIED.);
#316=B_SPLINE_CURVE_WITH_KNOTS('',3,(#6957,#6958,#6959,#6960),
 .UNSPECIFIED.,.F.,.F.,(4,4),(1.93311910305235E-14,0.124177046608884),
 .UNSPECIFIED.);
#317=B_SPLINE_CURVE_WITH_KNOTS('',3,(#6961,#6962,#6963,#6964,#6965,#6966),
 .UNSPECIFIED.,.F.,.F.,(4,2,4),(-0.00343023214737778,0.,0.813964142682776),
 .UNSPECIFIED.);
#318=B_SPLINE_CURVE_WITH_KNOTS('',3,(#6988,#6989,#6990,#6991),
 .UNSPECIFIED.,.F.,.F.,(4,4),(1.66246224499901,1.78664076042841),
 .UNSPECIFIED.);
#319=B_SPLINE_CURVE_WITH_KNOTS('',3,(#6994,#6995,#6996,#6997),
 .UNSPECIFIED.,.F.,.F.,(4,4),(-0.816371794251334,-1.93311910305235E-14),
 .UNSPECIFIED.);
#320=B_SPLINE_CURVE_WITH_KNOTS('',3,(#7028,#7029,#7030,#7031,#7032,#7033),
 .UNSPECIFIED.,.F.,.F.,(4,1,1,4),(-1.56845844609795,-0.942552122429703,
-0.525281239984206,-0.204985289373872),.UNSPECIFIED.);
#321=B_SPLINE_CURVE_WITH_KNOTS('',3,(#7034,#7035,#7036,#7037,#7038,#7039),
 .UNSPECIFIED.,.F.,.F.,(4,1,1,4),(0.,0.626005057906082,1.0433417631768,
1.46013127162706),.UNSPECIFIED.);
#322=B_SPLINE_CURVE_WITH_KNOTS('',3,(#7074,#7075,#7076,#7077,#7078,#7079),
 .UNSPECIFIED.,.F.,.F.,(4,1,1,4),(0.108327230833035,0.525281239984206,0.942552122429703,
1.56845844609795),.UNSPECIFIED.);
#323=B_SPLINE_CURVE_WITH_KNOTS('',3,(#7102,#7103,#7104,#7105),
 .UNSPECIFIED.,.F.,.F.,(4,4),(1.93311910305235E-14,0.124177046608887),
 .UNSPECIFIED.);
#324=B_SPLINE_CURVE_WITH_KNOTS('',3,(#7106,#7107,#7108,#7109,#7110,#7111),
 .UNSPECIFIED.,.F.,.F.,(4,2,4),(-0.00343023214737778,0.,0.813964142682776),
 .UNSPECIFIED.);
#325=B_SPLINE_CURVE_WITH_KNOTS('',3,(#7133,#7134,#7135,#7136),
 .UNSPECIFIED.,.F.,.F.,(4,4),(1.66246224499901,1.78664076042841),
 .UNSPECIFIED.);
#326=B_SPLINE_CURVE_WITH_KNOTS('',3,(#7168,#7169,#7170,#7171,#7172,#7173),
 .UNSPECIFIED.,.F.,.F.,(4,1,1,4),(0.,0.626005057906082,1.0433417631768,
1.46013127162706),.UNSPECIFIED.);
#327=B_SPLINE_CURVE_WITH_KNOTS('',3,(#7208,#7209,#7210,#7211,#7212,#7213),
 .UNSPECIFIED.,.F.,.F.,(4,1,1,4),(0.108327230833035,0.525281239984206,0.942552122429703,
1.56845844609795),.UNSPECIFIED.);
#328=B_SPLINE_CURVE_WITH_KNOTS('',3,(#7236,#7237,#7238,#7239),
 .UNSPECIFIED.,.F.,.F.,(4,4),(1.93311910305235E-14,0.124177046608896),
 .UNSPECIFIED.);
#329=B_SPLINE_CURVE_WITH_KNOTS('',3,(#7240,#7241,#7242,#7243,#7244,#7245),
 .UNSPECIFIED.,.F.,.F.,(4,2,4),(-0.00343023214737778,0.,0.813964142682776),
 .UNSPECIFIED.);
#330=B_SPLINE_CURVE_WITH_KNOTS('',3,(#7267,#7268,#7269,#7270),
 .UNSPECIFIED.,.F.,.F.,(4,4),(1.662462244999,1.78664076042841),
 .UNSPECIFIED.);
#331=B_SPLINE_CURVE_WITH_KNOTS('',3,(#7302,#7303,#7304,#7305,#7306,#7307),
 .UNSPECIFIED.,.F.,.F.,(4,1,1,4),(0.,0.626005057906082,1.0433417631768,
1.46013127162706),.UNSPECIFIED.);
#332=B_SPLINE_CURVE_WITH_KNOTS('',3,(#7342,#7343,#7344,#7345,#7346,#7347),
 .UNSPECIFIED.,.F.,.F.,(4,1,1,4),(0.108327230833035,0.525281239984206,0.942552122429703,
1.56845844609795),.UNSPECIFIED.);
#333=B_SPLINE_CURVE_WITH_KNOTS('',3,(#7370,#7371,#7372,#7373),
 .UNSPECIFIED.,.F.,.F.,(4,4),(1.93311910305235E-14,0.124177046608897),
 .UNSPECIFIED.);
#334=B_SPLINE_CURVE_WITH_KNOTS('',3,(#7374,#7375,#7376,#7377,#7378,#7379),
 .UNSPECIFIED.,.F.,.F.,(4,2,4),(-0.00343023214737778,0.,0.813964142682776),
 .UNSPECIFIED.);
#335=B_SPLINE_CURVE_WITH_KNOTS('',3,(#7401,#7402,#7403,#7404),
 .UNSPECIFIED.,.F.,.F.,(4,4),(1.662462244999,1.78664076042841),
 .UNSPECIFIED.);
#336=B_SPLINE_CURVE_WITH_KNOTS('',3,(#7436,#7437,#7438,#7439,#7440,#7441),
 .UNSPECIFIED.,.F.,.F.,(4,1,1,4),(0.,0.626005057906082,1.0433417631768,
1.46013127077796),.UNSPECIFIED.);
#337=B_SPLINE_SURFACE_WITH_KNOTS('',3,3,((#2803,#2804,#2805,#2806,#2807,
#2808),(#2809,#2810,#2811,#2812,#2813,#2814),(#2815,#2816,#2817,#2818,#2819,
#2820),(#2821,#2822,#2823,#2824,#2825,#2826),(#2827,#2828,#2829,#2830,#2831,
#2832)),.UNSPECIFIED.,.F.,.F.,.F.,(4,1,4),(4,1,1,4),(0.,0.571428571428571,
1.),(0.10801035753871,0.525281239984206,0.942552122429703,1.56845844609795),
 .UNSPECIFIED.);
#338=B_SPLINE_SURFACE_WITH_KNOTS('',3,3,((#2862,#2863,#2864,#2865),(#2866,
#2867,#2868,#2869),(#2870,#2871,#2872,#2873),(#2874,#2875,#2876,#2877),
(#2878,#2879,#2880,#2881)),.UNSPECIFIED.,.F.,.F.,.F.,(4,1,4),(4,4),(0.,
0.571428571428571,1.),(1.93311910305235E-14,0.954645396903213),
 .UNSPECIFIED.);
#339=B_SPLINE_SURFACE_WITH_KNOTS('',3,3,((#2907,#2908,#2909,#2910),(#2911,
#2912,#2913,#2914),(#2915,#2916,#2917,#2918),(#2919,#2920,#2921,#2922),
(#2923,#2924,#2925,#2926)),.UNSPECIFIED.,.F.,.F.,.F.,(4,1,4),(4,4),(0.,
0.571428571428571,1.),(0.832006343083677,1.78664076042841),
 .UNSPECIFIED.);
#340=B_SPLINE_SURFACE_WITH_KNOTS('',3,3,((#2949,#2950,#2951,#2952,#2953,
#2954),(#2955,#2956,#2957,#2958,#2959,#2960),(#2961,#2962,#2963,#2964,#2965,
#2966),(#2967,#2968,#2969,#2970,#2971,#2972),(#2973,#2974,#2975,#2976,#2977,
#2978)),.UNSPECIFIED.,.F.,.F.,.F.,(4,1,4),(4,1,1,4),(0.,0.571428571428571,
1.),(0.,0.626005057906082,1.0433417631768,1.46067846844753),
 .UNSPECIFIED.);
#341=B_SPLINE_SURFACE_WITH_KNOTS('',3,3,((#4116,#4117,#4118,#4119,#4120,
#4121),(#4122,#4123,#4124,#4125,#4126,#4127),(#4128,#4129,#4130,#4131,#4132,
#4133),(#4134,#4135,#4136,#4137,#4138,#4139),(#4140,#4141,#4142,#4143,#4144,
#4145)),.UNSPECIFIED.,.F.,.F.,.F.,(4,1,4),(4,1,1,4),(0.,0.571428571428571,
1.),(0.10801035753871,0.525281239984206,0.942552122429703,1.56845844609795),
 .UNSPECIFIED.);
#342=B_SPLINE_SURFACE_WITH_KNOTS('',3,3,((#4161,#4162,#4163,#4164),(#4165,
#4166,#4167,#4168),(#4169,#4170,#4171,#4172),(#4173,#4174,#4175,#4176),
(#4177,#4178,#4179,#4180)),.UNSPECIFIED.,.F.,.F.,.F.,(4,1,4),(4,4),(0.,
0.571428571428571,1.),(1.93311910305235E-14,0.954645396903213),
 .UNSPECIFIED.);
#343=B_SPLINE_SURFACE_WITH_KNOTS('',3,3,((#4196,#4197,#4198,#4199),(#4200,
#4201,#4202,#4203),(#4204,#4205,#4206,#4207),(#4208,#4209,#4210,#4211),
(#4212,#4213,#4214,#4215)),.UNSPECIFIED.,.F.,.F.,.F.,(4,1,4),(4,4),(0.,
0.571428571428571,1.),(0.832006343083676,1.78664076042841),
 .UNSPECIFIED.);
#344=B_SPLINE_SURFACE_WITH_KNOTS('',3,3,((#4227,#4228,#4229,#4230,#4231,
#4232),(#4233,#4234,#4235,#4236,#4237,#4238),(#4239,#4240,#4241,#4242,#4243,
#4244),(#4245,#4246,#4247,#4248,#4249,#4250),(#4251,#4252,#4253,#4254,#4255,
#4256)),.UNSPECIFIED.,.F.,.F.,.F.,(4,1,4),(4,1,1,4),(0.,0.571428571428571,
1.),(0.,0.626005057906082,1.0433417631768,1.46067846844753),
 .UNSPECIFIED.);
#345=B_SPLINE_SURFACE_WITH_KNOTS('',3,3,((#4272,#4273,#4274,#4275,#4276,
#4277),(#4278,#4279,#4280,#4281,#4282,#4283),(#4284,#4285,#4286,#4287,#4288,
#4289),(#4290,#4291,#4292,#4293,#4294,#4295),(#4296,#4297,#4298,#4299,#4300,
#4301)),.UNSPECIFIED.,.F.,.F.,.F.,(4,1,4),(4,1,1,4),(0.,0.571428571428571,
1.),(0.10801035753871,0.525281239984206,0.942552122429703,1.56845844609795),
 .UNSPECIFIED.);
#346=B_SPLINE_SURFACE_WITH_KNOTS('',3,3,((#4310,#4311,#4312,#4313),(#4314,
#4315,#4316,#4317),(#4318,#4319,#4320,#4321),(#4322,#4323,#4324,#4325),
(#4326,#4327,#4328,#4329)),.UNSPECIFIED.,.F.,.F.,.F.,(4,1,4),(4,4),(0.,
0.571428571428571,1.),(1.93311910305235E-14,0.954645396903213),
 .UNSPECIFIED.);
#347=B_SPLINE_SURFACE_WITH_KNOTS('',3,3,((#4341,#4342,#4343,#4344),(#4345,
#4346,#4347,#4348),(#4349,#4350,#4351,#4352),(#4353,#4354,#4355,#4356),
(#4357,#4358,#4359,#4360)),.UNSPECIFIED.,.F.,.F.,.F.,(4,1,4),(4,4),(0.,
0.571428571428571,1.),(0.832006343083676,1.78664076042841),
 .UNSPECIFIED.);
#348=B_SPLINE_SURFACE_WITH_KNOTS('',3,3,((#4372,#4373,#4374,#4375,#4376,
#4377),(#4378,#4379,#4380,#4381,#4382,#4383),(#4384,#4385,#4386,#4387,#4388,
#4389),(#4390,#4391,#4392,#4393,#4394,#4395),(#4396,#4397,#4398,#4399,#4400,
#4401)),.UNSPECIFIED.,.F.,.F.,.F.,(4,1,4),(4,1,1,4),(0.,0.571428571428571,
1.),(0.,0.626005057906082,1.0433417631768,1.46067846844753),
 .UNSPECIFIED.);
#349=B_SPLINE_SURFACE_WITH_KNOTS('',3,3,((#4417,#4418,#4419,#4420,#4421,
#4422),(#4423,#4424,#4425,#4426,#4427,#4428),(#4429,#4430,#4431,#4432,#4433,
#4434),(#4435,#4436,#4437,#4438,#4439,#4440),(#4441,#4442,#4443,#4444,#4445,
#4446)),.UNSPECIFIED.,.F.,.F.,.F.,(4,1,4),(4,1,1,4),(0.,0.571428571428571,
1.),(0.10801035753871,0.525281239984206,0.942552122429703,1.56845844609795),
 .UNSPECIFIED.);
#350=B_SPLINE_SURFACE_WITH_KNOTS('',3,3,((#4462,#4463,#4464,#4465),(#4466,
#4467,#4468,#4469),(#4470,#4471,#4472,#4473),(#4474,#4475,#4476,#4477),
(#4478,#4479,#4480,#4481)),.UNSPECIFIED.,.F.,.F.,.F.,(4,1,4),(4,4),(0.,
0.571428571428571,1.),(1.93311910305235E-14,0.954645396903213),
 .UNSPECIFIED.);
#351=B_SPLINE_SURFACE_WITH_KNOTS('',3,3,((#4497,#4498,#4499,#4500),(#4501,
#4502,#4503,#4504),(#4505,#4506,#4507,#4508),(#4509,#4510,#4511,#4512),
(#4513,#4514,#4515,#4516)),.UNSPECIFIED.,.F.,.F.,.F.,(4,1,4),(4,4),(0.,
0.571428571428571,1.),(0.832006343083676,1.78664076042841),
 .UNSPECIFIED.);
#352=B_SPLINE_SURFACE_WITH_KNOTS('',3,3,((#4528,#4529,#4530,#4531,#4532,
#4533),(#4534,#4535,#4536,#4537,#4538,#4539),(#4540,#4541,#4542,#4543,#4544,
#4545),(#4546,#4547,#4548,#4549,#4550,#4551),(#4552,#4553,#4554,#4555,#4556,
#4557)),.UNSPECIFIED.,.F.,.F.,.F.,(4,1,4),(4,1,1,4),(0.,0.571428571428571,
1.),(0.,0.626005057906082,1.0433417631768,1.46067846844753),
 .UNSPECIFIED.);
#353=B_SPLINE_SURFACE_WITH_KNOTS('',3,3,((#4573,#4574,#4575,#4576,#4577,
#4578),(#4579,#4580,#4581,#4582,#4583,#4584),(#4585,#4586,#4587,#4588,#4589,
#4590),(#4591,#4592,#4593,#4594,#4595,#4596),(#4597,#4598,#4599,#4600,#4601,
#4602)),.UNSPECIFIED.,.F.,.F.,.F.,(4,1,4),(4,1,1,4),(0.,0.571428571428571,
1.),(0.10801035753871,0.525281239984206,0.942552122429703,1.56845844609795),
 .UNSPECIFIED.);
#354=B_SPLINE_SURFACE_WITH_KNOTS('',3,3,((#4618,#4619,#4620,#4621),(#4622,
#4623,#4624,#4625),(#4626,#4627,#4628,#4629),(#4630,#4631,#4632,#4633),
(#4634,#4635,#4636,#4637)),.UNSPECIFIED.,.F.,.F.,.F.,(4,1,4),(4,4),(0.,
0.571428571428571,1.),(1.93311910305235E-14,0.954645396903213),
 .UNSPECIFIED.);
#355=B_SPLINE_SURFACE_WITH_KNOTS('',3,3,((#4653,#4654,#4655,#4656),(#4657,
#4658,#4659,#4660),(#4661,#4662,#4663,#4664),(#4665,#4666,#4667,#4668),
(#4669,#4670,#4671,#4672)),.UNSPECIFIED.,.F.,.F.,.F.,(4,1,4),(4,4),(0.,
0.571428571428571,1.),(0.832006343083677,1.78664076042841),
 .UNSPECIFIED.);
#356=B_SPLINE_SURFACE_WITH_KNOTS('',3,3,((#4679,#4680,#4681,#4682,#4683,
#4684),(#4685,#4686,#4687,#4688,#4689,#4690),(#4691,#4692,#4693,#4694,#4695,
#4696),(#4697,#4698,#4699,#4700,#4701,#4702),(#4703,#4704,#4705,#4706,#4707,
#4708)),.UNSPECIFIED.,.F.,.F.,.F.,(4,1,4),(4,1,1,4),(0.,0.571428571428571,
1.),(0.,0.626005057906082,1.0433417631768,1.46067846844753),
 .UNSPECIFIED.);
#357=B_SPLINE_SURFACE_WITH_KNOTS('',3,3,((#4718,#4719,#4720,#4721,#4722,
#4723),(#4724,#4725,#4726,#4727,#4728,#4729),(#4730,#4731,#4732,#4733,#4734,
#4735),(#4736,#4737,#4738,#4739,#4740,#4741),(#4742,#4743,#4744,#4745,#4746,
#4747)),.UNSPECIFIED.,.F.,.F.,.F.,(4,1,4),(4,1,1,4),(0.,0.571428571428571,
1.),(0.10801035753871,0.525281239984206,0.942552122429703,1.56845844609795),
 .UNSPECIFIED.);
#358=B_SPLINE_SURFACE_WITH_KNOTS('',3,3,((#4756,#4757,#4758,#4759),(#4760,
#4761,#4762,#4763),(#4764,#4765,#4766,#4767),(#4768,#4769,#4770,#4771),
(#4772,#4773,#4774,#4775)),.UNSPECIFIED.,.F.,.F.,.F.,(4,1,4),(4,4),(0.,
0.571428571428571,1.),(1.93311910305235E-14,0.954645396903213),
 .UNSPECIFIED.);
#359=B_SPLINE_SURFACE_WITH_KNOTS('',3,3,((#4787,#4788,#4789,#4790),(#4791,
#4792,#4793,#4794),(#4795,#4796,#4797,#4798),(#4799,#4800,#4801,#4802),
(#4803,#4804,#4805,#4806)),.UNSPECIFIED.,.F.,.F.,.F.,(4,1,4),(4,4),(0.,
0.571428571428571,1.),(0.832006343083676,1.78664076042841),
 .UNSPECIFIED.);
#360=B_SPLINE_SURFACE_WITH_KNOTS('',3,3,((#4813,#4814,#4815,#4816,#4817,
#4818),(#4819,#4820,#4821,#4822,#4823,#4824),(#4825,#4826,#4827,#4828,#4829,
#4830),(#4831,#4832,#4833,#4834,#4835,#4836),(#4837,#4838,#4839,#4840,#4841,
#4842)),.UNSPECIFIED.,.F.,.F.,.F.,(4,1,4),(4,1,1,4),(0.,0.571428571428571,
1.),(0.,0.626005057906082,1.0433417631768,1.46067846844753),
 .UNSPECIFIED.);
#361=B_SPLINE_SURFACE_WITH_KNOTS('',3,3,((#4852,#4853,#4854,#4855,#4856,
#4857),(#4858,#4859,#4860,#4861,#4862,#4863),(#4864,#4865,#4866,#4867,#4868,
#4869),(#4870,#4871,#4872,#4873,#4874,#4875),(#4876,#4877,#4878,#4879,#4880,
#4881)),.UNSPECIFIED.,.F.,.F.,.F.,(4,1,4),(4,1,1,4),(0.,0.571428571428571,
1.),(0.10801035753871,0.525281239984206,0.942552122429703,1.56845844609795),
 .UNSPECIFIED.);
#362=B_SPLINE_SURFACE_WITH_KNOTS('',3,3,((#4897,#4898,#4899,#4900),(#4901,
#4902,#4903,#4904),(#4905,#4906,#4907,#4908),(#4909,#4910,#4911,#4912),
(#4913,#4914,#4915,#4916)),.UNSPECIFIED.,.F.,.F.,.F.,(4,1,4),(4,4),(0.,
0.571428571428571,1.),(1.93311910305235E-14,0.954645396903213),
 .UNSPECIFIED.);
#363=B_SPLINE_SURFACE_WITH_KNOTS('',3,3,((#4932,#4933,#4934,#4935),(#4936,
#4937,#4938,#4939),(#4940,#4941,#4942,#4943),(#4944,#4945,#4946,#4947),
(#4948,#4949,#4950,#4951)),.UNSPECIFIED.,.F.,.F.,.F.,(4,1,4),(4,4),(0.,
0.571428571428571,1.),(0.832006343083676,1.78664076042841),
 .UNSPECIFIED.);
#364=B_SPLINE_SURFACE_WITH_KNOTS('',3,3,((#4963,#4964,#4965,#4966,#4967,
#4968),(#4969,#4970,#4971,#4972,#4973,#4974),(#4975,#4976,#4977,#4978,#4979,
#4980),(#4981,#4982,#4983,#4984,#4985,#4986),(#4987,#4988,#4989,#4990,#4991,
#4992)),.UNSPECIFIED.,.F.,.F.,.F.,(4,1,4),(4,1,1,4),(0.,0.571428571428571,
1.),(0.,0.626005057906082,1.0433417631768,1.46067846844753),
 .UNSPECIFIED.);
#365=B_SPLINE_SURFACE_WITH_KNOTS('',3,3,((#5008,#5009,#5010,#5011,#5012,
#5013),(#5014,#5015,#5016,#5017,#5018,#5019),(#5020,#5021,#5022,#5023,#5024,
#5025),(#5026,#5027,#5028,#5029,#5030,#5031),(#5032,#5033,#5034,#5035,#5036,
#5037)),.UNSPECIFIED.,.F.,.F.,.F.,(4,1,4),(4,1,1,4),(0.,0.571428571428571,
1.),(0.10801035753871,0.525281239984206,0.942552122429703,1.56845844609795),
 .UNSPECIFIED.);
#366=B_SPLINE_SURFACE_WITH_KNOTS('',3,3,((#5053,#5054,#5055,#5056),(#5057,
#5058,#5059,#5060),(#5061,#5062,#5063,#5064),(#5065,#5066,#5067,#5068),
(#5069,#5070,#5071,#5072)),.UNSPECIFIED.,.F.,.F.,.F.,(4,1,4),(4,4),(0.,
0.571428571428571,1.),(1.93311910305235E-14,0.954645396903213),
 .UNSPECIFIED.);
#367=B_SPLINE_SURFACE_WITH_KNOTS('',3,3,((#5088,#5089,#5090,#5091),(#5092,
#5093,#5094,#5095),(#5096,#5097,#5098,#5099),(#5100,#5101,#5102,#5103),
(#5104,#5105,#5106,#5107)),.UNSPECIFIED.,.F.,.F.,.F.,(4,1,4),(4,4),(0.,
0.571428571428571,1.),(0.832006343083676,1.78664076042841),
 .UNSPECIFIED.);
#368=B_SPLINE_SURFACE_WITH_KNOTS('',3,3,((#5119,#5120,#5121,#5122,#5123,
#5124),(#5125,#5126,#5127,#5128,#5129,#5130),(#5131,#5132,#5133,#5134,#5135,
#5136),(#5137,#5138,#5139,#5140,#5141,#5142),(#5143,#5144,#5145,#5146,#5147,
#5148)),.UNSPECIFIED.,.F.,.F.,.F.,(4,1,4),(4,1,1,4),(0.,0.571428571428571,
1.),(0.,0.626005057906082,1.0433417631768,1.46067846844753),
 .UNSPECIFIED.);
#369=B_SPLINE_SURFACE_WITH_KNOTS('',3,3,((#5164,#5165,#5166,#5167,#5168,
#5169),(#5170,#5171,#5172,#5173,#5174,#5175),(#5176,#5177,#5178,#5179,#5180,
#5181),(#5182,#5183,#5184,#5185,#5186,#5187),(#5188,#5189,#5190,#5191,#5192,
#5193)),.UNSPECIFIED.,.F.,.F.,.F.,(4,1,4),(4,1,1,4),(0.,0.571428571428571,
1.),(0.10801035753871,0.525281239984206,0.942552122429703,1.56845844609795),
 .UNSPECIFIED.);
#370=B_SPLINE_SURFACE_WITH_KNOTS('',3,3,((#5209,#5210,#5211,#5212),(#5213,
#5214,#5215,#5216),(#5217,#5218,#5219,#5220),(#5221,#5222,#5223,#5224),
(#5225,#5226,#5227,#5228)),.UNSPECIFIED.,.F.,.F.,.F.,(4,1,4),(4,4),(0.,
0.571428571428571,1.),(1.93311910305235E-14,0.954645396903213),
 .UNSPECIFIED.);
#371=B_SPLINE_SURFACE_WITH_KNOTS('',3,3,((#5244,#5245,#5246,#5247),(#5248,
#5249,#5250,#5251),(#5252,#5253,#5254,#5255),(#5256,#5257,#5258,#5259),
(#5260,#5261,#5262,#5263)),.UNSPECIFIED.,.F.,.F.,.F.,(4,1,4),(4,4),(0.,
0.571428571428571,1.),(0.832006343083677,1.78664076042841),
 .UNSPECIFIED.);
#372=B_SPLINE_SURFACE_WITH_KNOTS('',3,3,((#5270,#5271,#5272,#5273,#5274,
#5275),(#5276,#5277,#5278,#5279,#5280,#5281),(#5282,#5283,#5284,#5285,#5286,
#5287),(#5288,#5289,#5290,#5291,#5292,#5293),(#5294,#5295,#5296,#5297,#5298,
#5299)),.UNSPECIFIED.,.F.,.F.,.F.,(4,1,4),(4,1,1,4),(0.,0.571428571428571,
1.),(0.,0.626005057906082,1.0433417631768,1.46067846844753),
 .UNSPECIFIED.);
#373=B_SPLINE_SURFACE_WITH_KNOTS('',3,3,((#5309,#5310,#5311,#5312,#5313,
#5314),(#5315,#5316,#5317,#5318,#5319,#5320),(#5321,#5322,#5323,#5324,#5325,
#5326),(#5327,#5328,#5329,#5330,#5331,#5332),(#5333,#5334,#5335,#5336,#5337,
#5338)),.UNSPECIFIED.,.F.,.F.,.F.,(4,1,4),(4,1,1,4),(0.,0.571428571428571,
1.),(0.10801035753871,0.525281239984206,0.942552122429703,1.56845844609795),
 .UNSPECIFIED.);
#374=B_SPLINE_SURFACE_WITH_KNOTS('',3,3,((#5354,#5355,#5356,#5357),(#5358,
#5359,#5360,#5361),(#5362,#5363,#5364,#5365),(#5366,#5367,#5368,#5369),
(#5370,#5371,#5372,#5373)),.UNSPECIFIED.,.F.,.F.,.F.,(4,1,4),(4,4),(0.,
0.571428571428571,1.),(1.93311910305235E-14,0.954645396903213),
 .UNSPECIFIED.);
#375=B_SPLINE_SURFACE_WITH_KNOTS('',3,3,((#5389,#5390,#5391,#5392),(#5393,
#5394,#5395,#5396),(#5397,#5398,#5399,#5400),(#5401,#5402,#5403,#5404),
(#5405,#5406,#5407,#5408)),.UNSPECIFIED.,.F.,.F.,.F.,(4,1,4),(4,4),(0.,
0.571428571428571,1.),(0.832006343083677,1.78664076042841),
 .UNSPECIFIED.);
#376=B_SPLINE_SURFACE_WITH_KNOTS('',3,3,((#5420,#5421,#5422,#5423,#5424,
#5425),(#5426,#5427,#5428,#5429,#5430,#5431),(#5432,#5433,#5434,#5435,#5436,
#5437),(#5438,#5439,#5440,#5441,#5442,#5443),(#5444,#5445,#5446,#5447,#5448,
#5449)),.UNSPECIFIED.,.F.,.F.,.F.,(4,1,4),(4,1,1,4),(0.,0.571428571428571,
1.),(0.,0.626005057906082,1.0433417631768,1.46067846844753),
 .UNSPECIFIED.);
#377=B_SPLINE_SURFACE_WITH_KNOTS('',3,3,((#5465,#5466,#5467,#5468,#5469,
#5470),(#5471,#5472,#5473,#5474,#5475,#5476),(#5477,#5478,#5479,#5480,#5481,
#5482),(#5483,#5484,#5485,#5486,#5487,#5488),(#5489,#5490,#5491,#5492,#5493,
#5494)),.UNSPECIFIED.,.F.,.F.,.F.,(4,1,4),(4,1,1,4),(0.,0.571428571428571,
1.),(0.10801035753871,0.525281239984206,0.942552122429703,1.56845844609795),
 .UNSPECIFIED.);
#378=B_SPLINE_SURFACE_WITH_KNOTS('',3,3,((#5510,#5511,#5512,#5513),(#5514,
#5515,#5516,#5517),(#5518,#5519,#5520,#5521),(#5522,#5523,#5524,#5525),
(#5526,#5527,#5528,#5529)),.UNSPECIFIED.,.F.,.F.,.F.,(4,1,4),(4,4),(0.,
0.571428571428571,1.),(1.93311910305235E-14,0.954645396903213),
 .UNSPECIFIED.);
#379=B_SPLINE_SURFACE_WITH_KNOTS('',3,3,((#5545,#5546,#5547,#5548),(#5549,
#5550,#5551,#5552),(#5553,#5554,#5555,#5556),(#5557,#5558,#5559,#5560),
(#5561,#5562,#5563,#5564)),.UNSPECIFIED.,.F.,.F.,.F.,(4,1,4),(4,4),(0.,
0.571428571428571,1.),(0.832006343083676,1.78664076042841),
 .UNSPECIFIED.);
#380=B_SPLINE_SURFACE_WITH_KNOTS('',3,3,((#5571,#5572,#5573,#5574,#5575,
#5576),(#5577,#5578,#5579,#5580,#5581,#5582),(#5583,#5584,#5585,#5586,#5587,
#5588),(#5589,#5590,#5591,#5592,#5593,#5594),(#5595,#5596,#5597,#5598,#5599,
#5600)),.UNSPECIFIED.,.F.,.F.,.F.,(4,1,4),(4,1,1,4),(0.,0.571428571428571,
1.),(0.,0.626005057906082,1.0433417631768,1.46067846844753),
 .UNSPECIFIED.);
#381=B_SPLINE_SURFACE_WITH_KNOTS('',3,3,((#5610,#5611,#5612,#5613,#5614,
#5615),(#5616,#5617,#5618,#5619,#5620,#5621),(#5622,#5623,#5624,#5625,#5626,
#5627),(#5628,#5629,#5630,#5631,#5632,#5633),(#5634,#5635,#5636,#5637,#5638,
#5639)),.UNSPECIFIED.,.F.,.F.,.F.,(4,1,4),(4,1,1,4),(0.,0.571428571428571,
1.),(0.10801035753871,0.525281239984206,0.942552122429703,1.56845844609795),
 .UNSPECIFIED.);
#382=B_SPLINE_SURFACE_WITH_KNOTS('',3,3,((#5655,#5656,#5657,#5658),(#5659,
#5660,#5661,#5662),(#5663,#5664,#5665,#5666),(#5667,#5668,#5669,#5670),
(#5671,#5672,#5673,#5674)),.UNSPECIFIED.,.F.,.F.,.F.,(4,1,4),(4,4),(0.,
0.571428571428571,1.),(1.93311910305235E-14,0.954645396903213),
 .UNSPECIFIED.);
#383=B_SPLINE_SURFACE_WITH_KNOTS('',3,3,((#5690,#5691,#5692,#5693),(#5694,
#5695,#5696,#5697),(#5698,#5699,#5700,#5701),(#5702,#5703,#5704,#5705),
(#5706,#5707,#5708,#5709)),.UNSPECIFIED.,.F.,.F.,.F.,(4,1,4),(4,4),(0.,
0.571428571428571,1.),(0.832006343083676,1.78664076042841),
 .UNSPECIFIED.);
#384=B_SPLINE_SURFACE_WITH_KNOTS('',3,3,((#5716,#5717,#5718,#5719,#5720,
#5721),(#5722,#5723,#5724,#5725,#5726,#5727),(#5728,#5729,#5730,#5731,#5732,
#5733),(#5734,#5735,#5736,#5737,#5738,#5739),(#5740,#5741,#5742,#5743,#5744,
#5745)),.UNSPECIFIED.,.F.,.F.,.F.,(4,1,4),(4,1,1,4),(0.,0.571428571428571,
1.),(0.,0.626005057906082,1.0433417631768,1.46067846844753),
 .UNSPECIFIED.);
#385=B_SPLINE_SURFACE_WITH_KNOTS('',3,3,((#5755,#5756,#5757,#5758,#5759,
#5760),(#5761,#5762,#5763,#5764,#5765,#5766),(#5767,#5768,#5769,#5770,#5771,
#5772),(#5773,#5774,#5775,#5776,#5777,#5778),(#5779,#5780,#5781,#5782,#5783,
#5784)),.UNSPECIFIED.,.F.,.F.,.F.,(4,1,4),(4,1,1,4),(0.,0.571428571428571,
1.),(0.10801035753871,0.525281239984206,0.942552122429703,1.56845844609795),
 .UNSPECIFIED.);
#386=B_SPLINE_SURFACE_WITH_KNOTS('',3,3,((#5793,#5794,#5795,#5796),(#5797,
#5798,#5799,#5800),(#5801,#5802,#5803,#5804),(#5805,#5806,#5807,#5808),
(#5809,#5810,#5811,#5812)),.UNSPECIFIED.,.F.,.F.,.F.,(4,1,4),(4,4),(0.,
0.571428571428571,1.),(1.93311910305235E-14,0.954645396903213),
 .UNSPECIFIED.);
#387=B_SPLINE_SURFACE_WITH_KNOTS('',3,3,((#5824,#5825,#5826,#5827),(#5828,
#5829,#5830,#5831),(#5832,#5833,#5834,#5835),(#5836,#5837,#5838,#5839),
(#5840,#5841,#5842,#5843)),.UNSPECIFIED.,.F.,.F.,.F.,(4,1,4),(4,4),(0.,
0.571428571428571,1.),(0.832006343083676,1.78664076042841),
 .UNSPECIFIED.);
#388=B_SPLINE_SURFACE_WITH_KNOTS('',3,3,((#5855,#5856,#5857,#5858,#5859,
#5860),(#5861,#5862,#5863,#5864,#5865,#5866),(#5867,#5868,#5869,#5870,#5871,
#5872),(#5873,#5874,#5875,#5876,#5877,#5878),(#5879,#5880,#5881,#5882,#5883,
#5884)),.UNSPECIFIED.,.F.,.F.,.F.,(4,1,4),(4,1,1,4),(0.,0.571428571428571,
1.),(0.,0.626005057906082,1.0433417631768,1.46067846844753),
 .UNSPECIFIED.);
#389=B_SPLINE_SURFACE_WITH_KNOTS('',3,3,((#5900,#5901,#5902,#5903,#5904,
#5905),(#5906,#5907,#5908,#5909,#5910,#5911),(#5912,#5913,#5914,#5915,#5916,
#5917),(#5918,#5919,#5920,#5921,#5922,#5923),(#5924,#5925,#5926,#5927,#5928,
#5929)),.UNSPECIFIED.,.F.,.F.,.F.,(4,1,4),(4,1,1,4),(0.,0.571428571428571,
1.),(0.10801035753871,0.525281239984206,0.942552122429703,1.56845844609795),
 .UNSPECIFIED.);
#390=B_SPLINE_SURFACE_WITH_KNOTS('',3,3,((#5945,#5946,#5947,#5948),(#5949,
#5950,#5951,#5952),(#5953,#5954,#5955,#5956),(#5957,#5958,#5959,#5960),
(#5961,#5962,#5963,#5964)),.UNSPECIFIED.,.F.,.F.,.F.,(4,1,4),(4,4),(0.,
0.571428571428571,1.),(1.93311910305235E-14,0.954645396903213),
 .UNSPECIFIED.);
#391=B_SPLINE_SURFACE_WITH_KNOTS('',3,3,((#5980,#5981,#5982,#5983),(#5984,
#5985,#5986,#5987),(#5988,#5989,#5990,#5991),(#5992,#5993,#5994,#5995),
(#5996,#5997,#5998,#5999)),.UNSPECIFIED.,.F.,.F.,.F.,(4,1,4),(4,4),(0.,
0.571428571428571,1.),(0.832006343083676,1.78664076042841),
 .UNSPECIFIED.);
#392=B_SPLINE_SURFACE_WITH_KNOTS('',3,3,((#6006,#6007,#6008,#6009,#6010,
#6011),(#6012,#6013,#6014,#6015,#6016,#6017),(#6018,#6019,#6020,#6021,#6022,
#6023),(#6024,#6025,#6026,#6027,#6028,#6029),(#6030,#6031,#6032,#6033,#6034,
#6035)),.UNSPECIFIED.,.F.,.F.,.F.,(4,1,4),(4,1,1,4),(0.,0.571428571428571,
1.),(0.,0.626005057906082,1.0433417631768,1.46067846844753),
 .UNSPECIFIED.);
#393=B_SPLINE_SURFACE_WITH_KNOTS('',3,3,((#6045,#6046,#6047,#6048,#6049,
#6050),(#6051,#6052,#6053,#6054,#6055,#6056),(#6057,#6058,#6059,#6060,#6061,
#6062),(#6063,#6064,#6065,#6066,#6067,#6068),(#6069,#6070,#6071,#6072,#6073,
#6074)),.UNSPECIFIED.,.F.,.F.,.F.,(4,1,4),(4,1,1,4),(0.,0.571428571428571,
1.),(0.10801035753871,0.525281239984206,0.942552122429703,1.56845844609795),
 .UNSPECIFIED.);
#394=B_SPLINE_SURFACE_WITH_KNOTS('',3,3,((#6083,#6084,#6085,#6086),(#6087,
#6088,#6089,#6090),(#6091,#6092,#6093,#6094),(#6095,#6096,#6097,#6098),
(#6099,#6100,#6101,#6102)),.UNSPECIFIED.,.F.,.F.,.F.,(4,1,4),(4,4),(0.,
0.571428571428571,1.),(1.93311910305235E-14,0.954645396903213),
 .UNSPECIFIED.);
#395=B_SPLINE_SURFACE_WITH_KNOTS('',3,3,((#6114,#6115,#6116,#6117),(#6118,
#6119,#6120,#6121),(#6122,#6123,#6124,#6125),(#6126,#6127,#6128,#6129),
(#6130,#6131,#6132,#6133)),.UNSPECIFIED.,.F.,.F.,.F.,(4,1,4),(4,4),(0.,
0.571428571428571,1.),(0.832006343083676,1.78664076042841),
 .UNSPECIFIED.);
#396=B_SPLINE_SURFACE_WITH_KNOTS('',3,3,((#6140,#6141,#6142,#6143,#6144,
#6145),(#6146,#6147,#6148,#6149,#6150,#6151),(#6152,#6153,#6154,#6155,#6156,
#6157),(#6158,#6159,#6160,#6161,#6162,#6163),(#6164,#6165,#6166,#6167,#6168,
#6169)),.UNSPECIFIED.,.F.,.F.,.F.,(4,1,4),(4,1,1,4),(0.,0.571428571428571,
1.),(0.,0.626005057906082,1.0433417631768,1.46067846844753),
 .UNSPECIFIED.);
#397=B_SPLINE_SURFACE_WITH_KNOTS('',3,3,((#6179,#6180,#6181,#6182,#6183,
#6184),(#6185,#6186,#6187,#6188,#6189,#6190),(#6191,#6192,#6193,#6194,#6195,
#6196),(#6197,#6198,#6199,#6200,#6201,#6202),(#6203,#6204,#6205,#6206,#6207,
#6208)),.UNSPECIFIED.,.F.,.F.,.F.,(4,1,4),(4,1,1,4),(0.,0.571428571428571,
1.),(0.10801035753871,0.525281239984206,0.942552122429703,1.56845844609795),
 .UNSPECIFIED.);
#398=B_SPLINE_SURFACE_WITH_KNOTS('',3,3,((#6217,#6218,#6219,#6220),(#6221,
#6222,#6223,#6224),(#6225,#6226,#6227,#6228),(#6229,#6230,#6231,#6232),
(#6233,#6234,#6235,#6236)),.UNSPECIFIED.,.F.,.F.,.F.,(4,1,4),(4,4),(0.,
0.571428571428571,1.),(1.93311910305235E-14,0.954645396903213),
 .UNSPECIFIED.);
#399=B_SPLINE_SURFACE_WITH_KNOTS('',3,3,((#6248,#6249,#6250,#6251),(#6252,
#6253,#6254,#6255),(#6256,#6257,#6258,#6259),(#6260,#6261,#6262,#6263),
(#6264,#6265,#6266,#6267)),.UNSPECIFIED.,.F.,.F.,.F.,(4,1,4),(4,4),(0.,
0.571428571428571,1.),(0.832006343083677,1.78664076042841),
 .UNSPECIFIED.);
#400=B_SPLINE_SURFACE_WITH_KNOTS('',3,3,((#6279,#6280,#6281,#6282,#6283,
#6284),(#6285,#6286,#6287,#6288,#6289,#6290),(#6291,#6292,#6293,#6294,#6295,
#6296),(#6297,#6298,#6299,#6300,#6301,#6302),(#6303,#6304,#6305,#6306,#6307,
#6308)),.UNSPECIFIED.,.F.,.F.,.F.,(4,1,4),(4,1,1,4),(0.,0.571428571428571,
1.),(0.,0.626005057906082,1.0433417631768,1.46067846844753),
 .UNSPECIFIED.);
#401=B_SPLINE_SURFACE_WITH_KNOTS('',3,3,((#6329,#6330,#6331,#6332,#6333,
#6334),(#6335,#6336,#6337,#6338,#6339,#6340),(#6341,#6342,#6343,#6344,#6345,
#6346),(#6347,#6348,#6349,#6350,#6351,#6352),(#6353,#6354,#6355,#6356,#6357,
#6358)),.UNSPECIFIED.,.F.,.F.,.F.,(4,1,4),(4,1,1,4),(0.,0.571428571428571,
1.),(0.10801035753871,0.525281239984206,0.942552122429703,1.56845844609795),
 .UNSPECIFIED.);
#402=B_SPLINE_SURFACE_WITH_KNOTS('',3,3,((#6367,#6368,#6369,#6370),(#6371,
#6372,#6373,#6374),(#6375,#6376,#6377,#6378),(#6379,#6380,#6381,#6382),
(#6383,#6384,#6385,#6386)),.UNSPECIFIED.,.F.,.F.,.F.,(4,1,4),(4,4),(0.,
0.571428571428571,1.),(1.93311910305235E-14,0.954645396903213),
 .UNSPECIFIED.);
#403=B_SPLINE_SURFACE_WITH_KNOTS('',3,3,((#6398,#6399,#6400,#6401),(#6402,
#6403,#6404,#6405),(#6406,#6407,#6408,#6409),(#6410,#6411,#6412,#6413),
(#6414,#6415,#6416,#6417)),.UNSPECIFIED.,.F.,.F.,.F.,(4,1,4),(4,4),(0.,
0.571428571428571,1.),(0.832006343083676,1.78664076042841),
 .UNSPECIFIED.);
#404=B_SPLINE_SURFACE_WITH_KNOTS('',3,3,((#6429,#6430,#6431,#6432,#6433,
#6434),(#6435,#6436,#6437,#6438,#6439,#6440),(#6441,#6442,#6443,#6444,#6445,
#6446),(#6447,#6448,#6449,#6450,#6451,#6452),(#6453,#6454,#6455,#6456,#6457,
#6458)),.UNSPECIFIED.,.F.,.F.,.F.,(4,1,4),(4,1,1,4),(0.,0.571428571428571,
1.),(0.,0.626005057906082,1.0433417631768,1.46067846844753),
 .UNSPECIFIED.);
#405=B_SPLINE_SURFACE_WITH_KNOTS('',3,3,((#6474,#6475,#6476,#6477,#6478,
#6479),(#6480,#6481,#6482,#6483,#6484,#6485),(#6486,#6487,#6488,#6489,#6490,
#6491),(#6492,#6493,#6494,#6495,#6496,#6497),(#6498,#6499,#6500,#6501,#6502,
#6503)),.UNSPECIFIED.,.F.,.F.,.F.,(4,1,4),(4,1,1,4),(0.,0.571428571428571,
1.),(0.10801035753871,0.525281239984206,0.942552122429703,1.56845844609795),
 .UNSPECIFIED.);
#406=B_SPLINE_SURFACE_WITH_KNOTS('',3,3,((#6512,#6513,#6514,#6515),(#6516,
#6517,#6518,#6519),(#6520,#6521,#6522,#6523),(#6524,#6525,#6526,#6527),
(#6528,#6529,#6530,#6531)),.UNSPECIFIED.,.F.,.F.,.F.,(4,1,4),(4,4),(0.,
0.571428571428571,1.),(1.93311910305235E-14,0.954645396903213),
 .UNSPECIFIED.);
#407=B_SPLINE_SURFACE_WITH_KNOTS('',3,3,((#6543,#6544,#6545,#6546),(#6547,
#6548,#6549,#6550),(#6551,#6552,#6553,#6554),(#6555,#6556,#6557,#6558),
(#6559,#6560,#6561,#6562)),.UNSPECIFIED.,.F.,.F.,.F.,(4,1,4),(4,4),(0.,
0.571428571428571,1.),(0.832006343083677,1.78664076042841),
 .UNSPECIFIED.);
#408=B_SPLINE_SURFACE_WITH_KNOTS('',3,3,((#6574,#6575,#6576,#6577,#6578,
#6579),(#6580,#6581,#6582,#6583,#6584,#6585),(#6586,#6587,#6588,#6589,#6590,
#6591),(#6592,#6593,#6594,#6595,#6596,#6597),(#6598,#6599,#6600,#6601,#6602,
#6603)),.UNSPECIFIED.,.F.,.F.,.F.,(4,1,4),(4,1,1,4),(0.,0.571428571428571,
1.),(0.,0.626005057906082,1.0433417631768,1.46067846844753),
 .UNSPECIFIED.);
#409=B_SPLINE_SURFACE_WITH_KNOTS('',3,3,((#6619,#6620,#6621,#6622,#6623,
#6624),(#6625,#6626,#6627,#6628,#6629,#6630),(#6631,#6632,#6633,#6634,#6635,
#6636),(#6637,#6638,#6639,#6640,#6641,#6642),(#6643,#6644,#6645,#6646,#6647,
#6648)),.UNSPECIFIED.,.F.,.F.,.F.,(4,1,4),(4,1,1,4),(0.,0.571428571428571,
1.),(0.10801035753871,0.525281239984206,0.942552122429703,1.56845844609795),
 .UNSPECIFIED.);
#410=B_SPLINE_SURFACE_WITH_KNOTS('',3,3,((#6664,#6665,#6666,#6667),(#6668,
#6669,#6670,#6671),(#6672,#6673,#6674,#6675),(#6676,#6677,#6678,#6679),
(#6680,#6681,#6682,#6683)),.UNSPECIFIED.,.F.,.F.,.F.,(4,1,4),(4,4),(0.,
0.571428571428571,1.),(1.93311910305235E-14,0.954645396903213),
 .UNSPECIFIED.);
#411=B_SPLINE_SURFACE_WITH_KNOTS('',3,3,((#6699,#6700,#6701,#6702),(#6703,
#6704,#6705,#6706),(#6707,#6708,#6709,#6710),(#6711,#6712,#6713,#6714),
(#6715,#6716,#6717,#6718)),.UNSPECIFIED.,.F.,.F.,.F.,(4,1,4),(4,4),(0.,
0.571428571428571,1.),(0.832006343083677,1.78664076042841),
 .UNSPECIFIED.);
#412=B_SPLINE_SURFACE_WITH_KNOTS('',3,3,((#6725,#6726,#6727,#6728,#6729,
#6730),(#6731,#6732,#6733,#6734,#6735,#6736),(#6737,#6738,#6739,#6740,#6741,
#6742),(#6743,#6744,#6745,#6746,#6747,#6748),(#6749,#6750,#6751,#6752,#6753,
#6754)),.UNSPECIFIED.,.F.,.F.,.F.,(4,1,4),(4,1,1,4),(0.,0.571428571428571,
1.),(0.,0.626005057906082,1.0433417631768,1.46067846844753),
 .UNSPECIFIED.);
#413=B_SPLINE_SURFACE_WITH_KNOTS('',3,3,((#6764,#6765,#6766,#6767,#6768,
#6769),(#6770,#6771,#6772,#6773,#6774,#6775),(#6776,#6777,#6778,#6779,#6780,
#6781),(#6782,#6783,#6784,#6785,#6786,#6787),(#6788,#6789,#6790,#6791,#6792,
#6793)),.UNSPECIFIED.,.F.,.F.,.F.,(4,1,4),(4,1,1,4),(0.,0.571428571428571,
1.),(0.10801035753871,0.525281239984206,0.942552122429703,1.56845844609795),
 .UNSPECIFIED.);
#414=B_SPLINE_SURFACE_WITH_KNOTS('',3,3,((#6802,#6803,#6804,#6805),(#6806,
#6807,#6808,#6809),(#6810,#6811,#6812,#6813),(#6814,#6815,#6816,#6817),
(#6818,#6819,#6820,#6821)),.UNSPECIFIED.,.F.,.F.,.F.,(4,1,4),(4,4),(0.,
0.571428571428571,1.),(1.93311910305235E-14,0.954645396903213),
 .UNSPECIFIED.);
#415=B_SPLINE_SURFACE_WITH_KNOTS('',3,3,((#6833,#6834,#6835,#6836),(#6837,
#6838,#6839,#6840),(#6841,#6842,#6843,#6844),(#6845,#6846,#6847,#6848),
(#6849,#6850,#6851,#6852)),.UNSPECIFIED.,.F.,.F.,.F.,(4,1,4),(4,4),(0.,
0.571428571428571,1.),(0.832006343083677,1.78664076042841),
 .UNSPECIFIED.);
#416=B_SPLINE_SURFACE_WITH_KNOTS('',3,3,((#6859,#6860,#6861,#6862,#6863,
#6864),(#6865,#6866,#6867,#6868,#6869,#6870),(#6871,#6872,#6873,#6874,#6875,
#6876),(#6877,#6878,#6879,#6880,#6881,#6882),(#6883,#6884,#6885,#6886,#6887,
#6888)),.UNSPECIFIED.,.F.,.F.,.F.,(4,1,4),(4,1,1,4),(0.,0.571428571428571,
1.),(0.,0.626005057906082,1.0433417631768,1.46067846844753),
 .UNSPECIFIED.);
#417=B_SPLINE_SURFACE_WITH_KNOTS('',3,3,((#6898,#6899,#6900,#6901,#6902,
#6903),(#6904,#6905,#6906,#6907,#6908,#6909),(#6910,#6911,#6912,#6913,#6914,
#6915),(#6916,#6917,#6918,#6919,#6920,#6921),(#6922,#6923,#6924,#6925,#6926,
#6927)),.UNSPECIFIED.,.F.,.F.,.F.,(4,1,4),(4,1,1,4),(0.,0.571428571428571,
1.),(0.10801035753871,0.525281239984206,0.942552122429703,1.56845844609795),
 .UNSPECIFIED.);
#418=B_SPLINE_SURFACE_WITH_KNOTS('',3,3,((#6936,#6937,#6938,#6939),(#6940,
#6941,#6942,#6943),(#6944,#6945,#6946,#6947),(#6948,#6949,#6950,#6951),
(#6952,#6953,#6954,#6955)),.UNSPECIFIED.,.F.,.F.,.F.,(4,1,4),(4,4),(0.,
0.571428571428571,1.),(1.93311910305235E-14,0.954645396903213),
 .UNSPECIFIED.);
#419=B_SPLINE_SURFACE_WITH_KNOTS('',3,3,((#6967,#6968,#6969,#6970),(#6971,
#6972,#6973,#6974),(#6975,#6976,#6977,#6978),(#6979,#6980,#6981,#6982),
(#6983,#6984,#6985,#6986)),.UNSPECIFIED.,.F.,.F.,.F.,(4,1,4),(4,4),(0.,
0.571428571428571,1.),(0.832006343083677,1.78664076042841),
 .UNSPECIFIED.);
#420=B_SPLINE_SURFACE_WITH_KNOTS('',3,3,((#6998,#6999,#7000,#7001,#7002,
#7003),(#7004,#7005,#7006,#7007,#7008,#7009),(#7010,#7011,#7012,#7013,#7014,
#7015),(#7016,#7017,#7018,#7019,#7020,#7021),(#7022,#7023,#7024,#7025,#7026,
#7027)),.UNSPECIFIED.,.F.,.F.,.F.,(4,1,4),(4,1,1,4),(0.,0.571428571428571,
1.),(0.,0.626005057906082,1.0433417631768,1.46067846844753),
 .UNSPECIFIED.);
#421=B_SPLINE_SURFACE_WITH_KNOTS('',3,3,((#7043,#7044,#7045,#7046,#7047,
#7048),(#7049,#7050,#7051,#7052,#7053,#7054),(#7055,#7056,#7057,#7058,#7059,
#7060),(#7061,#7062,#7063,#7064,#7065,#7066),(#7067,#7068,#7069,#7070,#7071,
#7072)),.UNSPECIFIED.,.F.,.F.,.F.,(4,1,4),(4,1,1,4),(0.,0.571428571428571,
1.),(0.10801035753871,0.525281239984206,0.942552122429703,1.56845844609795),
 .UNSPECIFIED.);
#422=B_SPLINE_SURFACE_WITH_KNOTS('',3,3,((#7081,#7082,#7083,#7084),(#7085,
#7086,#7087,#7088),(#7089,#7090,#7091,#7092),(#7093,#7094,#7095,#7096),
(#7097,#7098,#7099,#7100)),.UNSPECIFIED.,.F.,.F.,.F.,(4,1,4),(4,4),(0.,
0.571428571428571,1.),(1.93311910305235E-14,0.954645396903213),
 .UNSPECIFIED.);
#423=B_SPLINE_SURFACE_WITH_KNOTS('',3,3,((#7112,#7113,#7114,#7115),(#7116,
#7117,#7118,#7119),(#7120,#7121,#7122,#7123),(#7124,#7125,#7126,#7127),
(#7128,#7129,#7130,#7131)),.UNSPECIFIED.,.F.,.F.,.F.,(4,1,4),(4,4),(0.,
0.571428571428571,1.),(0.832006343083676,1.78664076042841),
 .UNSPECIFIED.);
#424=B_SPLINE_SURFACE_WITH_KNOTS('',3,3,((#7138,#7139,#7140,#7141,#7142,
#7143),(#7144,#7145,#7146,#7147,#7148,#7149),(#7150,#7151,#7152,#7153,#7154,
#7155),(#7156,#7157,#7158,#7159,#7160,#7161),(#7162,#7163,#7164,#7165,#7166,
#7167)),.UNSPECIFIED.,.F.,.F.,.F.,(4,1,4),(4,1,1,4),(0.,0.571428571428571,
1.),(0.,0.626005057906082,1.0433417631768,1.46067846844753),
 .UNSPECIFIED.);
#425=B_SPLINE_SURFACE_WITH_KNOTS('',3,3,((#7177,#7178,#7179,#7180,#7181,
#7182),(#7183,#7184,#7185,#7186,#7187,#7188),(#7189,#7190,#7191,#7192,#7193,
#7194),(#7195,#7196,#7197,#7198,#7199,#7200),(#7201,#7202,#7203,#7204,#7205,
#7206)),.UNSPECIFIED.,.F.,.F.,.F.,(4,1,4),(4,1,1,4),(0.,0.571428571428571,
1.),(0.10801035753871,0.525281239984206,0.942552122429703,1.56845844609795),
 .UNSPECIFIED.);
#426=B_SPLINE_SURFACE_WITH_KNOTS('',3,3,((#7215,#7216,#7217,#7218),(#7219,
#7220,#7221,#7222),(#7223,#7224,#7225,#7226),(#7227,#7228,#7229,#7230),
(#7231,#7232,#7233,#7234)),.UNSPECIFIED.,.F.,.F.,.F.,(4,1,4),(4,4),(0.,
0.571428571428571,1.),(1.93311910305235E-14,0.954645396903213),
 .UNSPECIFIED.);
#427=B_SPLINE_SURFACE_WITH_KNOTS('',3,3,((#7246,#7247,#7248,#7249),(#7250,
#7251,#7252,#7253),(#7254,#7255,#7256,#7257),(#7258,#7259,#7260,#7261),
(#7262,#7263,#7264,#7265)),.UNSPECIFIED.,.F.,.F.,.F.,(4,1,4),(4,4),(0.,
0.571428571428571,1.),(0.832006343083676,1.78664076042841),
 .UNSPECIFIED.);
#428=B_SPLINE_SURFACE_WITH_KNOTS('',3,3,((#7272,#7273,#7274,#7275,#7276,
#7277),(#7278,#7279,#7280,#7281,#7282,#7283),(#7284,#7285,#7286,#7287,#7288,
#7289),(#7290,#7291,#7292,#7293,#7294,#7295),(#7296,#7297,#7298,#7299,#7300,
#7301)),.UNSPECIFIED.,.F.,.F.,.F.,(4,1,4),(4,1,1,4),(0.,0.571428571428571,
1.),(0.,0.626005057906082,1.0433417631768,1.46067846844753),
 .UNSPECIFIED.);
#429=B_SPLINE_SURFACE_WITH_KNOTS('',3,3,((#7311,#7312,#7313,#7314,#7315,
#7316),(#7317,#7318,#7319,#7320,#7321,#7322),(#7323,#7324,#7325,#7326,#7327,
#7328),(#7329,#7330,#7331,#7332,#7333,#7334),(#7335,#7336,#7337,#7338,#7339,
#7340)),.UNSPECIFIED.,.F.,.F.,.F.,(4,1,4),(4,1,1,4),(0.,0.571428571428571,
1.),(0.10801035753871,0.525281239984206,0.942552122429703,1.56845844609795),
 .UNSPECIFIED.);
#430=B_SPLINE_SURFACE_WITH_KNOTS('',3,3,((#7349,#7350,#7351,#7352),(#7353,
#7354,#7355,#7356),(#7357,#7358,#7359,#7360),(#7361,#7362,#7363,#7364),
(#7365,#7366,#7367,#7368)),.UNSPECIFIED.,.F.,.F.,.F.,(4,1,4),(4,4),(0.,
0.571428571428571,1.),(1.93311910305235E-14,0.954645396903213),
 .UNSPECIFIED.);
#431=B_SPLINE_SURFACE_WITH_KNOTS('',3,3,((#7380,#7381,#7382,#7383),(#7384,
#7385,#7386,#7387),(#7388,#7389,#7390,#7391),(#7392,#7393,#7394,#7395),
(#7396,#7397,#7398,#7399)),.UNSPECIFIED.,.F.,.F.,.F.,(4,1,4),(4,4),(0.,
0.571428571428571,1.),(0.832006343083676,1.78664076042841),
 .UNSPECIFIED.);
#432=B_SPLINE_SURFACE_WITH_KNOTS('',3,3,((#7406,#7407,#7408,#7409,#7410,
#7411),(#7412,#7413,#7414,#7415,#7416,#7417),(#7418,#7419,#7420,#7421,#7422,
#7423),(#7424,#7425,#7426,#7427,#7428,#7429),(#7430,#7431,#7432,#7433,#7434,
#7435)),.UNSPECIFIED.,.F.,.F.,.F.,(4,1,4),(4,1,1,4),(0.,0.571428571428571,
1.),(0.,0.626005057906082,1.0433417631768,1.46067846844753),
 .UNSPECIFIED.);
#433=FACE_OUTER_BOUND('',#582,.T.);
#434=FACE_OUTER_BOUND('',#583,.T.);
#435=FACE_OUTER_BOUND('',#584,.T.);
#436=FACE_OUTER_BOUND('',#585,.T.);
#437=FACE_OUTER_BOUND('',#586,.T.);
#438=FACE_OUTER_BOUND('',#587,.T.);
#439=FACE_OUTER_BOUND('',#588,.T.);
#440=FACE_OUTER_BOUND('',#589,.T.);
#441=FACE_OUTER_BOUND('',#590,.T.);
#442=FACE_OUTER_BOUND('',#592,.T.);
#443=FACE_OUTER_BOUND('',#593,.T.);
#444=FACE_OUTER_BOUND('',#594,.T.);
#445=FACE_OUTER_BOUND('',#595,.T.);
#446=FACE_OUTER_BOUND('',#596,.T.);
#447=FACE_OUTER_BOUND('',#597,.T.);
#448=FACE_OUTER_BOUND('',#598,.T.);
#449=FACE_OUTER_BOUND('',#599,.T.);
#450=FACE_OUTER_BOUND('',#600,.T.);
#451=FACE_OUTER_BOUND('',#601,.T.);
#452=FACE_OUTER_BOUND('',#602,.T.);
#453=FACE_OUTER_BOUND('',#603,.T.);
#454=FACE_OUTER_BOUND('',#604,.T.);
#455=FACE_OUTER_BOUND('',#605,.T.);
#456=FACE_OUTER_BOUND('',#606,.T.);
#457=FACE_OUTER_BOUND('',#607,.T.);
#458=FACE_OUTER_BOUND('',#608,.T.);
#459=FACE_OUTER_BOUND('',#609,.T.);
#460=FACE_OUTER_BOUND('',#610,.T.);
#461=FACE_OUTER_BOUND('',#611,.T.);
#462=FACE_OUTER_BOUND('',#612,.T.);
#463=FACE_OUTER_BOUND('',#613,.T.);
#464=FACE_OUTER_BOUND('',#614,.T.);
#465=FACE_OUTER_BOUND('',#615,.T.);
#466=FACE_OUTER_BOUND('',#616,.T.);
#467=FACE_OUTER_BOUND('',#617,.T.);
#468=FACE_OUTER_BOUND('',#618,.T.);
#469=FACE_OUTER_BOUND('',#619,.T.);
#470=FACE_OUTER_BOUND('',#620,.T.);
#471=FACE_OUTER_BOUND('',#621,.T.);
#472=FACE_OUTER_BOUND('',#622,.T.);
#473=FACE_OUTER_BOUND('',#623,.T.);
#474=FACE_OUTER_BOUND('',#624,.T.);
#475=FACE_OUTER_BOUND('',#625,.T.);
#476=FACE_OUTER_BOUND('',#626,.T.);
#477=FACE_OUTER_BOUND('',#627,.T.);
#478=FACE_OUTER_BOUND('',#628,.T.);
#479=FACE_OUTER_BOUND('',#629,.T.);
#480=FACE_OUTER_BOUND('',#630,.T.);
#481=FACE_OUTER_BOUND('',#631,.T.);
#482=FACE_OUTER_BOUND('',#632,.T.);
#483=FACE_OUTER_BOUND('',#633,.T.);
#484=FACE_OUTER_BOUND('',#634,.T.);
#485=FACE_OUTER_BOUND('',#635,.T.);
#486=FACE_OUTER_BOUND('',#636,.T.);
#487=FACE_OUTER_BOUND('',#637,.T.);
#488=FACE_OUTER_BOUND('',#638,.T.);
#489=FACE_OUTER_BOUND('',#639,.T.);
#490=FACE_OUTER_BOUND('',#640,.T.);
#491=FACE_OUTER_BOUND('',#641,.T.);
#492=FACE_OUTER_BOUND('',#642,.T.);
#493=FACE_OUTER_BOUND('',#643,.T.);
#494=FACE_OUTER_BOUND('',#644,.T.);
#495=FACE_OUTER_BOUND('',#645,.T.);
#496=FACE_OUTER_BOUND('',#646,.T.);
#497=FACE_OUTER_BOUND('',#647,.T.);
#498=FACE_OUTER_BOUND('',#648,.T.);
#499=FACE_OUTER_BOUND('',#649,.T.);
#500=FACE_OUTER_BOUND('',#650,.T.);
#501=FACE_OUTER_BOUND('',#651,.T.);
#502=FACE_OUTER_BOUND('',#652,.T.);
#503=FACE_OUTER_BOUND('',#653,.T.);
#504=FACE_OUTER_BOUND('',#654,.T.);
#505=FACE_OUTER_BOUND('',#655,.T.);
#506=FACE_OUTER_BOUND('',#656,.T.);
#507=FACE_OUTER_BOUND('',#657,.T.);
#508=FACE_OUTER_BOUND('',#658,.T.);
#509=FACE_OUTER_BOUND('',#659,.T.);
#510=FACE_OUTER_BOUND('',#660,.T.);
#511=FACE_OUTER_BOUND('',#661,.T.);
#512=FACE_OUTER_BOUND('',#662,.T.);
#513=FACE_OUTER_BOUND('',#663,.T.);
#514=FACE_OUTER_BOUND('',#664,.T.);
#515=FACE_OUTER_BOUND('',#665,.T.);
#516=FACE_OUTER_BOUND('',#666,.T.);
#517=FACE_OUTER_BOUND('',#667,.T.);
#518=FACE_OUTER_BOUND('',#668,.T.);
#519=FACE_OUTER_BOUND('',#669,.T.);
#520=FACE_OUTER_BOUND('',#670,.T.);
#521=FACE_OUTER_BOUND('',#671,.T.);
#522=FACE_OUTER_BOUND('',#672,.T.);
#523=FACE_OUTER_BOUND('',#673,.T.);
#524=FACE_OUTER_BOUND('',#674,.T.);
#525=FACE_OUTER_BOUND('',#675,.T.);
#526=FACE_OUTER_BOUND('',#676,.T.);
#527=FACE_OUTER_BOUND('',#677,.T.);
#528=FACE_OUTER_BOUND('',#678,.T.);
#529=FACE_OUTER_BOUND('',#679,.T.);
#530=FACE_OUTER_BOUND('',#680,.T.);
#531=FACE_OUTER_BOUND('',#681,.T.);
#532=FACE_OUTER_BOUND('',#682,.T.);
#533=FACE_OUTER_BOUND('',#684,.T.);
#534=FACE_OUTER_BOUND('',#685,.T.);
#535=FACE_OUTER_BOUND('',#686,.T.);
#536=FACE_OUTER_BOUND('',#687,.T.);
#537=FACE_OUTER_BOUND('',#688,.T.);
#538=FACE_OUTER_BOUND('',#689,.T.);
#539=FACE_OUTER_BOUND('',#690,.T.);
#540=FACE_OUTER_BOUND('',#691,.T.);
#541=FACE_OUTER_BOUND('',#692,.T.);
#542=FACE_OUTER_BOUND('',#693,.T.);
#543=FACE_OUTER_BOUND('',#694,.T.);
#544=FACE_OUTER_BOUND('',#695,.T.);
#545=FACE_OUTER_BOUND('',#696,.T.);
#546=FACE_OUTER_BOUND('',#697,.T.);
#547=FACE_OUTER_BOUND('',#698,.T.);
#548=FACE_OUTER_BOUND('',#699,.T.);
#549=FACE_OUTER_BOUND('',#700,.T.);
#550=FACE_OUTER_BOUND('',#701,.T.);
#551=FACE_OUTER_BOUND('',#702,.T.);
#552=FACE_OUTER_BOUND('',#703,.T.);
#553=FACE_OUTER_BOUND('',#704,.T.);
#554=FACE_OUTER_BOUND('',#705,.T.);
#555=FACE_OUTER_BOUND('',#706,.T.);
#556=FACE_OUTER_BOUND('',#707,.T.);
#557=FACE_OUTER_BOUND('',#708,.T.);
#558=FACE_OUTER_BOUND('',#709,.T.);
#559=FACE_OUTER_BOUND('',#710,.T.);
#560=FACE_OUTER_BOUND('',#711,.T.);
#561=FACE_OUTER_BOUND('',#712,.T.);
#562=FACE_OUTER_BOUND('',#713,.T.);
#563=FACE_OUTER_BOUND('',#714,.T.);
#564=FACE_OUTER_BOUND('',#715,.T.);
#565=FACE_OUTER_BOUND('',#716,.T.);
#566=FACE_OUTER_BOUND('',#717,.T.);
#567=FACE_OUTER_BOUND('',#718,.T.);
#568=FACE_OUTER_BOUND('',#719,.T.);
#569=FACE_OUTER_BOUND('',#720,.T.);
#570=FACE_OUTER_BOUND('',#721,.T.);
#571=FACE_OUTER_BOUND('',#722,.T.);
#572=FACE_OUTER_BOUND('',#723,.T.);
#573=FACE_OUTER_BOUND('',#724,.T.);
#574=FACE_OUTER_BOUND('',#725,.T.);
#575=FACE_OUTER_BOUND('',#726,.T.);
#576=FACE_OUTER_BOUND('',#727,.T.);
#577=FACE_OUTER_BOUND('',#728,.T.);
#578=FACE_OUTER_BOUND('',#729,.T.);
#579=FACE_OUTER_BOUND('',#730,.T.);
#580=FACE_OUTER_BOUND('',#731,.T.);
#581=FACE_OUTER_BOUND('',#732,.T.);
#582=EDGE_LOOP('',(#1425,#1426,#1427,#1428));
#583=EDGE_LOOP('',(#1429,#1430,#1431,#1432));
#584=EDGE_LOOP('',(#1433,#1434,#1435,#1436,#1437));
#585=EDGE_LOOP('',(#1438,#1439,#1440,#1441,#1442));
#586=EDGE_LOOP('',(#1443,#1444,#1445,#1446));
#587=EDGE_LOOP('',(#1447,#1448,#1449,#1450));
#588=EDGE_LOOP('',(#1451,#1452,#1453));
#589=EDGE_LOOP('',(#1454,#1455,#1456,#1457,#1458,#1459,#1460,#1461,#1462,
#1463,#1464,#1465,#1466,#1467,#1468,#1469,#1470,#1471,#1472,#1473,#1474,
#1475,#1476,#1477,#1478,#1479,#1480,#1481,#1482,#1483,#1484,#1485,#1486,
#1487,#1488,#1489,#1490,#1491,#1492,#1493,#1494,#1495,#1496,#1497,#1498,
#1499,#1500,#1501,#1502,#1503,#1504));
#590=EDGE_LOOP('',(#1505,#1506,#1507,#1508,#1509,#1510,#1511,#1512,#1513,
#1514,#1515,#1516,#1517,#1518,#1519,#1520,#1521,#1522,#1523,#1524,#1525,
#1526,#1527,#1528,#1529,#1530,#1531,#1532,#1533,#1534,#1535,#1536,#1537,
#1538,#1539,#1540,#1541,#1542,#1543,#1544,#1545,#1546,#1547,#1548,#1549,
#1550,#1551,#1552,#1553,#1554,#1555,#1556,#1557,#1558,#1559,#1560,#1561,
#1562,#1563,#1564,#1565,#1566,#1567,#1568,#1569,#1570,#1571,#1572,#1573,
#1574,#1575,#1576));
#591=EDGE_LOOP('',(#1577));
#592=EDGE_LOOP('',(#1578,#1579,#1580,#1581));
#593=EDGE_LOOP('',(#1582,#1583,#1584,#1585,#1586));
#594=EDGE_LOOP('',(#1587,#1588,#1589,#1590,#1591));
#595=EDGE_LOOP('',(#1592,#1593,#1594,#1595));
#596=EDGE_LOOP('',(#1596,#1597,#1598,#1599));
#597=EDGE_LOOP('',(#1600,#1601,#1602));
#598=EDGE_LOOP('',(#1603,#1604,#1605,#1606));
#599=EDGE_LOOP('',(#1607,#1608,#1609,#1610,#1611));
#600=EDGE_LOOP('',(#1612,#1613,#1614,#1615,#1616));
#601=EDGE_LOOP('',(#1617,#1618,#1619,#1620));
#602=EDGE_LOOP('',(#1621,#1622,#1623,#1624));
#603=EDGE_LOOP('',(#1625,#1626,#1627));
#604=EDGE_LOOP('',(#1628,#1629,#1630,#1631));
#605=EDGE_LOOP('',(#1632,#1633,#1634,#1635,#1636));
#606=EDGE_LOOP('',(#1637,#1638,#1639,#1640,#1641));
#607=EDGE_LOOP('',(#1642,#1643,#1644,#1645));
#608=EDGE_LOOP('',(#1646,#1647,#1648,#1649));
#609=EDGE_LOOP('',(#1650,#1651,#1652));
#610=EDGE_LOOP('',(#1653,#1654,#1655,#1656));
#611=EDGE_LOOP('',(#1657,#1658,#1659,#1660,#1661));
#612=EDGE_LOOP('',(#1662,#1663,#1664,#1665,#1666));
#613=EDGE_LOOP('',(#1667,#1668,#1669,#1670));
#614=EDGE_LOOP('',(#1671,#1672,#1673,#1674));
#615=EDGE_LOOP('',(#1675,#1676,#1677));
#616=EDGE_LOOP('',(#1678,#1679,#1680,#1681));
#617=EDGE_LOOP('',(#1682,#1683,#1684,#1685,#1686));
#618=EDGE_LOOP('',(#1687,#1688,#1689,#1690,#1691));
#619=EDGE_LOOP('',(#1692,#1693,#1694,#1695));
#620=EDGE_LOOP('',(#1696,#1697,#1698,#1699));
#621=EDGE_LOOP('',(#1700,#1701,#1702));
#622=EDGE_LOOP('',(#1703,#1704,#1705,#1706));
#623=EDGE_LOOP('',(#1707,#1708,#1709,#1710,#1711));
#624=EDGE_LOOP('',(#1712,#1713,#1714,#1715,#1716));
#625=EDGE_LOOP('',(#1717,#1718,#1719,#1720));
#626=EDGE_LOOP('',(#1721,#1722,#1723,#1724));
#627=EDGE_LOOP('',(#1725,#1726,#1727));
#628=EDGE_LOOP('',(#1728,#1729,#1730,#1731));
#629=EDGE_LOOP('',(#1732,#1733,#1734,#1735,#1736));
#630=EDGE_LOOP('',(#1737,#1738,#1739,#1740,#1741));
#631=EDGE_LOOP('',(#1742,#1743,#1744,#1745));
#632=EDGE_LOOP('',(#1746,#1747,#1748,#1749));
#633=EDGE_LOOP('',(#1750,#1751,#1752));
#634=EDGE_LOOP('',(#1753,#1754,#1755,#1756));
#635=EDGE_LOOP('',(#1757,#1758,#1759,#1760,#1761));
#636=EDGE_LOOP('',(#1762,#1763,#1764,#1765,#1766));
#637=EDGE_LOOP('',(#1767,#1768,#1769,#1770));
#638=EDGE_LOOP('',(#1771,#1772,#1773,#1774));
#639=EDGE_LOOP('',(#1775,#1776,#1777));
#640=EDGE_LOOP('',(#1778,#1779,#1780,#1781));
#641=EDGE_LOOP('',(#1782,#1783,#1784,#1785,#1786));
#642=EDGE_LOOP('',(#1787,#1788,#1789,#1790,#1791));
#643=EDGE_LOOP('',(#1792,#1793,#1794,#1795));
#644=EDGE_LOOP('',(#1796,#1797,#1798,#1799));
#645=EDGE_LOOP('',(#1800,#1801,#1802));
#646=EDGE_LOOP('',(#1803,#1804,#1805,#1806));
#647=EDGE_LOOP('',(#1807,#1808,#1809,#1810,#1811));
#648=EDGE_LOOP('',(#1812,#1813,#1814,#1815,#1816));
#649=EDGE_LOOP('',(#1817,#1818,#1819,#1820));
#650=EDGE_LOOP('',(#1821,#1822,#1823,#1824));
#651=EDGE_LOOP('',(#1825,#1826,#1827));
#652=EDGE_LOOP('',(#1828,#1829,#1830,#1831));
#653=EDGE_LOOP('',(#1832,#1833,#1834,#1835,#1836));
#654=EDGE_LOOP('',(#1837,#1838,#1839,#1840,#1841));
#655=EDGE_LOOP('',(#1842,#1843,#1844,#1845));
#656=EDGE_LOOP('',(#1846,#1847,#1848,#1849));
#657=EDGE_LOOP('',(#1850,#1851,#1852));
#658=EDGE_LOOP('',(#1853,#1854,#1855,#1856));
#659=EDGE_LOOP('',(#1857,#1858,#1859,#1860,#1861));
#660=EDGE_LOOP('',(#1862,#1863,#1864,#1865,#1866));
#661=EDGE_LOOP('',(#1867,#1868,#1869,#1870));
#662=EDGE_LOOP('',(#1871,#1872,#1873,#1874));
#663=EDGE_LOOP('',(#1875,#1876,#1877));
#664=EDGE_LOOP('',(#1878,#1879,#1880,#1881));
#665=EDGE_LOOP('',(#1882,#1883,#1884,#1885,#1886));
#666=EDGE_LOOP('',(#1887,#1888,#1889,#1890,#1891));
#667=EDGE_LOOP('',(#1892,#1893,#1894,#1895));
#668=EDGE_LOOP('',(#1896,#1897,#1898,#1899));
#669=EDGE_LOOP('',(#1900,#1901,#1902));
#670=EDGE_LOOP('',(#1903,#1904,#1905,#1906));
#671=EDGE_LOOP('',(#1907,#1908,#1909,#1910,#1911));
#672=EDGE_LOOP('',(#1912,#1913,#1914,#1915,#1916));
#673=EDGE_LOOP('',(#1917,#1918,#1919,#1920));
#674=EDGE_LOOP('',(#1921,#1922,#1923,#1924));
#675=EDGE_LOOP('',(#1925,#1926,#1927));
#676=EDGE_LOOP('',(#1928,#1929,#1930,#1931));
#677=EDGE_LOOP('',(#1932,#1933,#1934,#1935,#1936));
#678=EDGE_LOOP('',(#1937,#1938,#1939,#1940,#1941));
#679=EDGE_LOOP('',(#1942,#1943,#1944,#1945));
#680=EDGE_LOOP('',(#1946,#1947,#1948,#1949));
#681=EDGE_LOOP('',(#1950,#1951,#1952));
#682=EDGE_LOOP('',(#1953));
#683=EDGE_LOOP('',(#1954));
#684=EDGE_LOOP('',(#1955,#1956,#1957,#1958));
#685=EDGE_LOOP('',(#1959,#1960,#1961,#1962));
#686=EDGE_LOOP('',(#1963,#1964,#1965,#1966,#1967));
#687=EDGE_LOOP('',(#1968,#1969,#1970,#1971,#1972));
#688=EDGE_LOOP('',(#1973,#1974,#1975,#1976));
#689=EDGE_LOOP('',(#1977,#1978,#1979,#1980));
#690=EDGE_LOOP('',(#1981,#1982,#1983));
#691=EDGE_LOOP('',(#1984,#1985,#1986,#1987));
#692=EDGE_LOOP('',(#1988,#1989,#1990,#1991,#1992));
#693=EDGE_LOOP('',(#1993,#1994,#1995,#1996,#1997));
#694=EDGE_LOOP('',(#1998,#1999,#2000,#2001));
#695=EDGE_LOOP('',(#2002,#2003,#2004,#2005));
#696=EDGE_LOOP('',(#2006,#2007,#2008));
#697=EDGE_LOOP('',(#2009,#2010,#2011,#2012));
#698=EDGE_LOOP('',(#2013,#2014,#2015,#2016,#2017));
#699=EDGE_LOOP('',(#2018,#2019,#2020,#2021,#2022));
#700=EDGE_LOOP('',(#2023,#2024,#2025,#2026));
#701=EDGE_LOOP('',(#2027,#2028,#2029,#2030));
#702=EDGE_LOOP('',(#2031,#2032,#2033));
#703=EDGE_LOOP('',(#2034,#2035,#2036,#2037));
#704=EDGE_LOOP('',(#2038,#2039,#2040,#2041,#2042));
#705=EDGE_LOOP('',(#2043,#2044,#2045,#2046,#2047));
#706=EDGE_LOOP('',(#2048,#2049,#2050,#2051));
#707=EDGE_LOOP('',(#2052,#2053,#2054,#2055));
#708=EDGE_LOOP('',(#2056,#2057,#2058));
#709=EDGE_LOOP('',(#2059,#2060,#2061,#2062));
#710=EDGE_LOOP('',(#2063,#2064,#2065,#2066,#2067));
#711=EDGE_LOOP('',(#2068,#2069,#2070,#2071,#2072));
#712=EDGE_LOOP('',(#2073,#2074,#2075,#2076));
#713=EDGE_LOOP('',(#2077,#2078,#2079,#2080));
#714=EDGE_LOOP('',(#2081,#2082,#2083));
#715=EDGE_LOOP('',(#2084,#2085,#2086,#2087));
#716=EDGE_LOOP('',(#2088,#2089,#2090,#2091,#2092));
#717=EDGE_LOOP('',(#2093,#2094,#2095,#2096,#2097));
#718=EDGE_LOOP('',(#2098,#2099,#2100,#2101));
#719=EDGE_LOOP('',(#2102,#2103,#2104,#2105));
#720=EDGE_LOOP('',(#2106,#2107,#2108));
#721=EDGE_LOOP('',(#2109,#2110,#2111,#2112));
#722=EDGE_LOOP('',(#2113,#2114,#2115,#2116,#2117));
#723=EDGE_LOOP('',(#2118,#2119,#2120,#2121,#2122));
#724=EDGE_LOOP('',(#2123,#2124,#2125,#2126));
#725=EDGE_LOOP('',(#2127,#2128,#2129,#2130));
#726=EDGE_LOOP('',(#2131,#2132,#2133));
#727=EDGE_LOOP('',(#2134,#2135,#2136,#2137));
#728=EDGE_LOOP('',(#2138,#2139,#2140,#2141,#2142));
#729=EDGE_LOOP('',(#2143,#2144,#2145,#2146,#2147));
#730=EDGE_LOOP('',(#2148,#2149,#2150,#2151));
#731=EDGE_LOOP('',(#2152,#2153,#2154,#2155));
#732=EDGE_LOOP('',(#2156,#2157,#2158));
#733=LINE('',#2801,#735);
#734=LINE('',#6328,#736);
#735=VECTOR('',#2487,1.05);
#736=VECTOR('',#2712,2.86875);
#737=CIRCLE('',#2325,1.05);
#738=CIRCLE('',#2326,1.05);
#739=CIRCLE('',#2327,1.81305146431091);
#740=CIRCLE('',#2328,1.81305146431071);
#741=CIRCLE('',#2330,29.0521454650695);
#742=CIRCLE('',#2331,14.5260727325358);
#743=CIRCLE('',#2334,3.18749999999999);
#744=CIRCLE('',#2335,6.35864914331798);
#745=CIRCLE('',#2337,29.0521454650695);
#746=CIRCLE('',#2338,29.0521454650695);
#747=CIRCLE('',#2339,29.0521454650695);
#748=CIRCLE('',#2340,29.0521454650695);
#749=CIRCLE('',#2341,29.0521454650695);
#750=CIRCLE('',#2342,29.0521454650695);
#751=CIRCLE('',#2343,29.0521454650695);
#752=CIRCLE('',#2344,29.0521454650695);
#753=CIRCLE('',#2345,29.0521454650695);
#754=CIRCLE('',#2346,29.0521454650695);
#755=CIRCLE('',#2347,29.0521454650695);
#756=CIRCLE('',#2348,29.0521454650695);
#757=CIRCLE('',#2349,29.0521454650695);
#758=CIRCLE('',#2350,29.0521454650695);
#759=CIRCLE('',#2351,29.0521454650695);
#760=CIRCLE('',#2352,29.0521454650695);
#761=CIRCLE('',#2353,29.0521454650695);
#762=CIRCLE('',#2354,29.0521454650695);
#763=CIRCLE('',#2355,29.0521454650695);
#764=CIRCLE('',#2356,29.0521454650695);
#765=CIRCLE('',#2357,29.0521454650695);
#766=CIRCLE('',#2358,29.0521454650695);
#767=CIRCLE('',#2359,29.0521454650695);
#768=CIRCLE('',#2360,1.81305146431091);
#769=CIRCLE('',#2361,1.81305146431071);
#770=CIRCLE('',#2363,14.5260727325358);
#771=CIRCLE('',#2365,1.81305146431091);
#772=CIRCLE('',#2366,1.81305146431071);
#773=CIRCLE('',#2368,14.5260727325358);
#774=CIRCLE('',#2370,1.81305146431091);
#775=CIRCLE('',#2371,1.81305146431071);
#776=CIRCLE('',#2373,14.5260727325358);
#777=CIRCLE('',#2375,1.81305146431091);
#778=CIRCLE('',#2376,1.81305146431071);
#779=CIRCLE('',#2378,14.5260727325358);
#780=CIRCLE('',#2380,1.81305146431091);
#781=CIRCLE('',#2381,1.81305146431071);
#782=CIRCLE('',#2383,14.5260727325358);
#783=CIRCLE('',#2385,1.81305146431091);
#784=CIRCLE('',#2386,1.81305146431071);
#785=CIRCLE('',#2388,14.5260727325358);
#786=CIRCLE('',#2390,1.81305146431091);
#787=CIRCLE('',#2391,1.81305146431071);
#788=CIRCLE('',#2393,14.5260727325358);
#789=CIRCLE('',#2395,1.81305146431091);
#790=CIRCLE('',#2396,1.81305146431071);
#791=CIRCLE('',#2398,14.5260727325358);
#792=CIRCLE('',#2400,1.81305146431091);
#793=CIRCLE('',#2401,1.81305146431071);
#794=CIRCLE('',#2403,14.5260727325358);
#795=CIRCLE('',#2405,1.81305146431091);
#796=CIRCLE('',#2406,1.81305146431071);
#797=CIRCLE('',#2408,14.5260727325358);
#798=CIRCLE('',#2410,1.81305146431091);
#799=CIRCLE('',#2411,1.81305146431071);
#800=CIRCLE('',#2413,14.5260727325358);
#801=CIRCLE('',#2415,1.81305146431091);
#802=CIRCLE('',#2416,1.81305146431071);
#803=CIRCLE('',#2418,14.5260727325358);
#804=CIRCLE('',#2420,1.81305146431091);
#805=CIRCLE('',#2421,1.81305146431071);
#806=CIRCLE('',#2423,14.5260727325358);
#807=CIRCLE('',#2425,1.81305146431091);
#808=CIRCLE('',#2426,1.81305146431071);
#809=CIRCLE('',#2428,14.5260727325358);
#810=CIRCLE('',#2430,1.81305146431091);
#811=CIRCLE('',#2431,1.81305146431071);
#812=CIRCLE('',#2433,14.5260727325358);
#813=CIRCLE('',#2436,2.55);
#814=CIRCLE('',#2438,1.81305146431091);
#815=CIRCLE('',#2439,1.81305146431071);
#816=CIRCLE('',#2441,14.5260727325358);
#817=CIRCLE('',#2443,1.81305146431091);
#818=CIRCLE('',#2444,1.81305146431071);
#819=CIRCLE('',#2446,14.5260727325358);
#820=CIRCLE('',#2448,1.81305146431091);
#821=CIRCLE('',#2449,1.81305146431071);
#822=CIRCLE('',#2451,14.5260727325358);
#823=CIRCLE('',#2453,1.81305146431091);
#824=CIRCLE('',#2454,1.81305146431071);
#825=CIRCLE('',#2456,14.5260727325358);
#826=CIRCLE('',#2458,1.81305146431091);
#827=CIRCLE('',#2459,1.81305146431071);
#828=CIRCLE('',#2461,14.5260727325358);
#829=CIRCLE('',#2463,1.81305146431091);
#830=CIRCLE('',#2464,1.81305146431071);
#831=CIRCLE('',#2466,14.5260727325358);
#832=CIRCLE('',#2468,1.81305146431091);
#833=CIRCLE('',#2469,1.81305146431071);
#834=CIRCLE('',#2471,14.5260727325358);
#835=CIRCLE('',#2473,1.81305146431091);
#836=CIRCLE('',#2474,1.81305146431071);
#837=CIRCLE('',#2476,14.5260727325358);
#838=VERTEX_POINT('',#2798);
#839=VERTEX_POINT('',#2800);
#840=VERTEX_POINT('',#2833);
#841=VERTEX_POINT('',#2834);
#842=VERTEX_POINT('',#2847);
#843=VERTEX_POINT('',#2854);
#844=VERTEX_POINT('',#2882);
#845=VERTEX_POINT('',#2883);
#846=VERTEX_POINT('',#2896);
#847=VERTEX_POINT('',#2927);
#848=VERTEX_POINT('',#2932);
#849=VERTEX_POINT('',#2934);
#850=VERTEX_POINT('',#2979);
#851=VERTEX_POINT('',#2980);
#852=VERTEX_POINT('',#3010);
#853=VERTEX_POINT('',#3012);
#854=VERTEX_POINT('',#3014);
#855=VERTEX_POINT('',#3023);
#856=VERTEX_POINT('',#3034);
#857=VERTEX_POINT('',#3043);
#858=VERTEX_POINT('',#3054);
#859=VERTEX_POINT('',#3063);
#860=VERTEX_POINT('',#3072);
#861=VERTEX_POINT('',#3083);
#862=VERTEX_POINT('',#3092);
#863=VERTEX_POINT('',#3103);
#864=VERTEX_POINT('',#3112);
#865=VERTEX_POINT('',#3123);
#866=VERTEX_POINT('',#3142);
#867=VERTEX_POINT('',#3153);
#868=VERTEX_POINT('',#3162);
#869=VERTEX_POINT('',#3173);
#870=VERTEX_POINT('',#3182);
#871=VERTEX_POINT('',#3191);
#872=VERTEX_POINT('',#3202);
#873=VERTEX_POINT('',#3213);
#874=VERTEX_POINT('',#3222);
#875=VERTEX_POINT('',#3233);
#876=VERTEX_POINT('',#3242);
#877=VERTEX_POINT('',#3251);
#878=VERTEX_POINT('',#3262);
#879=VERTEX_POINT('',#3271);
#880=VERTEX_POINT('',#3282);
#881=VERTEX_POINT('',#3291);
#882=VERTEX_POINT('',#3302);
#883=VERTEX_POINT('',#3311);
#884=VERTEX_POINT('',#3322);
#885=VERTEX_POINT('',#3331);
#886=VERTEX_POINT('',#3342);
#887=VERTEX_POINT('',#3353);
#888=VERTEX_POINT('',#3362);
#889=VERTEX_POINT('',#3371);
#890=VERTEX_POINT('',#3382);
#891=VERTEX_POINT('',#3391);
#892=VERTEX_POINT('',#3402);
#893=VERTEX_POINT('',#3411);
#894=VERTEX_POINT('',#3422);
#895=VERTEX_POINT('',#3431);
#896=VERTEX_POINT('',#3442);
#897=VERTEX_POINT('',#3451);
#898=VERTEX_POINT('',#3473);
#899=VERTEX_POINT('',#3486);
#900=VERTEX_POINT('',#3488);
#901=VERTEX_POINT('',#3501);
#902=VERTEX_POINT('',#3514);
#903=VERTEX_POINT('',#3516);
#904=VERTEX_POINT('',#3529);
#905=VERTEX_POINT('',#3542);
#906=VERTEX_POINT('',#3544);
#907=VERTEX_POINT('',#3557);
#908=VERTEX_POINT('',#3570);
#909=VERTEX_POINT('',#3572);
#910=VERTEX_POINT('',#3585);
#911=VERTEX_POINT('',#3598);
#912=VERTEX_POINT('',#3600);
#913=VERTEX_POINT('',#3613);
#914=VERTEX_POINT('',#3626);
#915=VERTEX_POINT('',#3628);
#916=VERTEX_POINT('',#3641);
#917=VERTEX_POINT('',#3654);
#918=VERTEX_POINT('',#3656);
#919=VERTEX_POINT('',#3669);
#920=VERTEX_POINT('',#3682);
#921=VERTEX_POINT('',#3684);
#922=VERTEX_POINT('',#3697);
#923=VERTEX_POINT('',#3710);
#924=VERTEX_POINT('',#3712);
#925=VERTEX_POINT('',#3725);
#926=VERTEX_POINT('',#3738);
#927=VERTEX_POINT('',#3740);
#928=VERTEX_POINT('',#3753);
#929=VERTEX_POINT('',#3766);
#930=VERTEX_POINT('',#3768);
#931=VERTEX_POINT('',#3781);
#932=VERTEX_POINT('',#3794);
#933=VERTEX_POINT('',#3796);
#934=VERTEX_POINT('',#3809);
#935=VERTEX_POINT('',#3822);
#936=VERTEX_POINT('',#3824);
#937=VERTEX_POINT('',#3837);
#938=VERTEX_POINT('',#3850);
#939=VERTEX_POINT('',#3852);
#940=VERTEX_POINT('',#3865);
#941=VERTEX_POINT('',#3878);
#942=VERTEX_POINT('',#3880);
#943=VERTEX_POINT('',#3893);
#944=VERTEX_POINT('',#3906);
#945=VERTEX_POINT('',#3908);
#946=VERTEX_POINT('',#3921);
#947=VERTEX_POINT('',#3934);
#948=VERTEX_POINT('',#3936);
#949=VERTEX_POINT('',#3949);
#950=VERTEX_POINT('',#3962);
#951=VERTEX_POINT('',#3964);
#952=VERTEX_POINT('',#3977);
#953=VERTEX_POINT('',#3990);
#954=VERTEX_POINT('',#3992);
#955=VERTEX_POINT('',#4005);
#956=VERTEX_POINT('',#4018);
#957=VERTEX_POINT('',#4020);
#958=VERTEX_POINT('',#4033);
#959=VERTEX_POINT('',#4046);
#960=VERTEX_POINT('',#4048);
#961=VERTEX_POINT('',#4061);
#962=VERTEX_POINT('',#4074);
#963=VERTEX_POINT('',#4076);
#964=VERTEX_POINT('',#4089);
#965=VERTEX_POINT('',#4102);
#966=VERTEX_POINT('',#4146);
#967=VERTEX_POINT('',#4153);
#968=VERTEX_POINT('',#4185);
#969=VERTEX_POINT('',#4216);
#970=VERTEX_POINT('',#4221);
#971=VERTEX_POINT('',#4302);
#972=VERTEX_POINT('',#4330);
#973=VERTEX_POINT('',#4361);
#974=VERTEX_POINT('',#4366);
#975=VERTEX_POINT('',#4447);
#976=VERTEX_POINT('',#4454);
#977=VERTEX_POINT('',#4486);
#978=VERTEX_POINT('',#4517);
#979=VERTEX_POINT('',#4522);
#980=VERTEX_POINT('',#4603);
#981=VERTEX_POINT('',#4610);
#982=VERTEX_POINT('',#4642);
#983=VERTEX_POINT('',#4673);
#984=VERTEX_POINT('',#4748);
#985=VERTEX_POINT('',#4776);
#986=VERTEX_POINT('',#4807);
#987=VERTEX_POINT('',#4882);
#988=VERTEX_POINT('',#4889);
#989=VERTEX_POINT('',#4921);
#990=VERTEX_POINT('',#4952);
#991=VERTEX_POINT('',#4957);
#992=VERTEX_POINT('',#5038);
#993=VERTEX_POINT('',#5045);
#994=VERTEX_POINT('',#5077);
#995=VERTEX_POINT('',#5108);
#996=VERTEX_POINT('',#5113);
#997=VERTEX_POINT('',#5194);
#998=VERTEX_POINT('',#5201);
#999=VERTEX_POINT('',#5233);
#1000=VERTEX_POINT('',#5264);
#1001=VERTEX_POINT('',#5339);
#1002=VERTEX_POINT('',#5346);
#1003=VERTEX_POINT('',#5378);
#1004=VERTEX_POINT('',#5409);
#1005=VERTEX_POINT('',#5414);
#1006=VERTEX_POINT('',#5495);
#1007=VERTEX_POINT('',#5502);
#1008=VERTEX_POINT('',#5534);
#1009=VERTEX_POINT('',#5565);
#1010=VERTEX_POINT('',#5640);
#1011=VERTEX_POINT('',#5647);
#1012=VERTEX_POINT('',#5679);
#1013=VERTEX_POINT('',#5710);
#1014=VERTEX_POINT('',#5785);
#1015=VERTEX_POINT('',#5813);
#1016=VERTEX_POINT('',#5844);
#1017=VERTEX_POINT('',#5849);
#1018=VERTEX_POINT('',#5930);
#1019=VERTEX_POINT('',#5937);
#1020=VERTEX_POINT('',#5969);
#1021=VERTEX_POINT('',#6000);
#1022=VERTEX_POINT('',#6075);
#1023=VERTEX_POINT('',#6103);
#1024=VERTEX_POINT('',#6134);
#1025=VERTEX_POINT('',#6209);
#1026=VERTEX_POINT('',#6237);
#1027=VERTEX_POINT('',#6268);
#1028=VERTEX_POINT('',#6273);
#1029=VERTEX_POINT('',#6325);
#1030=VERTEX_POINT('',#6359);
#1031=VERTEX_POINT('',#6387);
#1032=VERTEX_POINT('',#6418);
#1033=VERTEX_POINT('',#6423);
#1034=VERTEX_POINT('',#6504);
#1035=VERTEX_POINT('',#6532);
#1036=VERTEX_POINT('',#6563);
#1037=VERTEX_POINT('',#6568);
#1038=VERTEX_POINT('',#6649);
#1039=VERTEX_POINT('',#6656);
#1040=VERTEX_POINT('',#6688);
#1041=VERTEX_POINT('',#6719);
#1042=VERTEX_POINT('',#6794);
#1043=VERTEX_POINT('',#6822);
#1044=VERTEX_POINT('',#6853);
#1045=VERTEX_POINT('',#6928);
#1046=VERTEX_POINT('',#6956);
#1047=VERTEX_POINT('',#6987);
#1048=VERTEX_POINT('',#6992);
#1049=VERTEX_POINT('',#7073);
#1050=VERTEX_POINT('',#7101);
#1051=VERTEX_POINT('',#7132);
#1052=VERTEX_POINT('',#7207);
#1053=VERTEX_POINT('',#7235);
#1054=VERTEX_POINT('',#7266);
#1055=VERTEX_POINT('',#7341);
#1056=VERTEX_POINT('',#7369);
#1057=VERTEX_POINT('',#7400);
#1058=EDGE_CURVE('',#838,#838,#737,.T.);
#1059=EDGE_CURVE('',#838,#839,#733,.T.);
#1060=EDGE_CURVE('',#839,#839,#738,.T.);
#1061=EDGE_CURVE('',#840,#841,#73,.T.);
#1062=EDGE_CURVE('',#841,#842,#74,.T.);
#1063=EDGE_CURVE('',#842,#843,#739,.T.);
#1064=EDGE_CURVE('',#840,#843,#75,.T.);
#1065=EDGE_CURVE('',#844,#845,#76,.T.);
#1066=EDGE_CURVE('',#843,#844,#77,.T.);
#1067=EDGE_CURVE('',#842,#846,#78,.T.);
#1068=EDGE_CURVE('',#846,#845,#79,.T.);
#1069=EDGE_CURVE('',#846,#847,#80,.T.);
#1070=EDGE_CURVE('',#847,#848,#740,.T.);
#1071=EDGE_CURVE('',#849,#848,#81,.T.);
#1072=EDGE_CURVE('',#845,#849,#82,.T.);
#1073=EDGE_CURVE('',#850,#851,#83,.T.);
#1074=EDGE_CURVE('',#848,#851,#84,.T.);
#1075=EDGE_CURVE('',#847,#850,#85,.T.);
#1076=EDGE_CURVE('',#841,#850,#741,.T.);
#1077=EDGE_CURVE('',#847,#842,#742,.T.);
#1078=EDGE_CURVE('',#852,#852,#743,.T.);
#1079=EDGE_CURVE('',#852,#853,#744,.T.);
#1080=EDGE_CURVE('',#854,#853,#86,.T.);
#1081=EDGE_CURVE('',#855,#854,#87,.T.);
#1082=EDGE_CURVE('',#856,#855,#88,.T.);
#1083=EDGE_CURVE('',#857,#856,#89,.T.);
#1084=EDGE_CURVE('',#858,#857,#90,.T.);
#1085=EDGE_CURVE('',#858,#859,#91,.T.);
#1086=EDGE_CURVE('',#859,#860,#92,.T.);
#1087=EDGE_CURVE('',#860,#861,#93,.T.);
#1088=EDGE_CURVE('',#861,#862,#94,.T.);
#1089=EDGE_CURVE('',#862,#863,#95,.T.);
#1090=EDGE_CURVE('',#863,#864,#96,.T.);
#1091=EDGE_CURVE('',#864,#865,#97,.T.);
#1092=EDGE_CURVE('',#865,#844,#98,.T.);
#1093=EDGE_CURVE('',#866,#849,#99,.T.);
#1094=EDGE_CURVE('',#867,#866,#100,.T.);
#1095=EDGE_CURVE('',#868,#867,#101,.T.);
#1096=EDGE_CURVE('',#869,#868,#102,.T.);
#1097=EDGE_CURVE('',#869,#870,#103,.T.);
#1098=EDGE_CURVE('',#870,#871,#104,.T.);
#1099=EDGE_CURVE('',#872,#871,#105,.T.);
#1100=EDGE_CURVE('',#873,#872,#106,.T.);
#1101=EDGE_CURVE('',#874,#873,#107,.T.);
#1102=EDGE_CURVE('',#875,#874,#108,.T.);
#1103=EDGE_CURVE('',#875,#876,#109,.T.);
#1104=EDGE_CURVE('',#876,#877,#110,.T.);
#1105=EDGE_CURVE('',#877,#878,#111,.T.);
#1106=EDGE_CURVE('',#878,#879,#112,.T.);
#1107=EDGE_CURVE('',#879,#880,#113,.T.);
#1108=EDGE_CURVE('',#880,#881,#114,.T.);
#1109=EDGE_CURVE('',#881,#882,#115,.T.);
#1110=EDGE_CURVE('',#882,#883,#116,.T.);
#1111=EDGE_CURVE('',#883,#884,#117,.T.);
#1112=EDGE_CURVE('',#884,#885,#118,.T.);
#1113=EDGE_CURVE('',#886,#885,#119,.T.);
#1114=EDGE_CURVE('',#887,#886,#120,.T.);
#1115=EDGE_CURVE('',#887,#888,#121,.T.);
#1116=EDGE_CURVE('',#888,#889,#122,.T.);
#1117=EDGE_CURVE('',#889,#890,#123,.T.);
#1118=EDGE_CURVE('',#890,#891,#124,.T.);
#1119=EDGE_CURVE('',#891,#892,#125,.T.);
#1120=EDGE_CURVE('',#892,#893,#126,.T.);
#1121=EDGE_CURVE('',#893,#894,#127,.T.);
#1122=EDGE_CURVE('',#894,#895,#128,.T.);
#1123=EDGE_CURVE('',#895,#896,#129,.T.);
#1124=EDGE_CURVE('',#896,#897,#130,.T.);
#1125=EDGE_CURVE('',#853,#897,#131,.T.);
#1126=EDGE_CURVE('',#898,#840,#132,.T.);
#1127=EDGE_CURVE('',#899,#898,#745,.T.);
#1128=EDGE_CURVE('',#900,#899,#133,.T.);
#1129=EDGE_CURVE('',#901,#900,#134,.T.);
#1130=EDGE_CURVE('',#902,#901,#746,.T.);
#1131=EDGE_CURVE('',#903,#902,#135,.T.);
#1132=EDGE_CURVE('',#904,#903,#136,.T.);
#1133=EDGE_CURVE('',#905,#904,#747,.T.);
#1134=EDGE_CURVE('',#906,#905,#137,.T.);
#1135=EDGE_CURVE('',#907,#906,#138,.T.);
#1136=EDGE_CURVE('',#908,#907,#748,.T.);
#1137=EDGE_CURVE('',#909,#908,#139,.T.);
#1138=EDGE_CURVE('',#910,#909,#140,.T.);
#1139=EDGE_CURVE('',#911,#910,#749,.T.);
#1140=EDGE_CURVE('',#912,#911,#141,.T.);
#1141=EDGE_CURVE('',#913,#912,#142,.T.);
#1142=EDGE_CURVE('',#914,#913,#750,.T.);
#1143=EDGE_CURVE('',#915,#914,#143,.T.);
#1144=EDGE_CURVE('',#916,#915,#144,.T.);
#1145=EDGE_CURVE('',#917,#916,#751,.T.);
#1146=EDGE_CURVE('',#918,#917,#145,.T.);
#1147=EDGE_CURVE('',#919,#918,#146,.T.);
#1148=EDGE_CURVE('',#920,#919,#752,.T.);
#1149=EDGE_CURVE('',#921,#920,#147,.T.);
#1150=EDGE_CURVE('',#922,#921,#148,.T.);
#1151=EDGE_CURVE('',#923,#922,#753,.T.);
#1152=EDGE_CURVE('',#924,#923,#149,.T.);
#1153=EDGE_CURVE('',#925,#924,#150,.T.);
#1154=EDGE_CURVE('',#926,#925,#754,.T.);
#1155=EDGE_CURVE('',#927,#926,#151,.T.);
#1156=EDGE_CURVE('',#928,#927,#152,.T.);
#1157=EDGE_CURVE('',#929,#928,#755,.T.);
#1158=EDGE_CURVE('',#930,#929,#153,.T.);
#1159=EDGE_CURVE('',#931,#930,#154,.T.);
#1160=EDGE_CURVE('',#932,#931,#756,.T.);
#1161=EDGE_CURVE('',#933,#932,#155,.T.);
#1162=EDGE_CURVE('',#934,#933,#156,.T.);
#1163=EDGE_CURVE('',#935,#934,#757,.T.);
#1164=EDGE_CURVE('',#936,#935,#157,.T.);
#1165=EDGE_CURVE('',#937,#936,#158,.T.);
#1166=EDGE_CURVE('',#938,#937,#758,.T.);
#1167=EDGE_CURVE('',#939,#938,#159,.T.);
#1168=EDGE_CURVE('',#940,#939,#160,.T.);
#1169=EDGE_CURVE('',#941,#940,#759,.T.);
#1170=EDGE_CURVE('',#942,#941,#161,.T.);
#1171=EDGE_CURVE('',#943,#942,#162,.T.);
#1172=EDGE_CURVE('',#944,#943,#760,.T.);
#1173=EDGE_CURVE('',#945,#944,#163,.T.);
#1174=EDGE_CURVE('',#946,#945,#164,.T.);
#1175=EDGE_CURVE('',#947,#946,#761,.T.);
#1176=EDGE_CURVE('',#948,#947,#165,.T.);
#1177=EDGE_CURVE('',#949,#948,#166,.T.);
#1178=EDGE_CURVE('',#950,#949,#762,.T.);
#1179=EDGE_CURVE('',#951,#950,#167,.T.);
#1180=EDGE_CURVE('',#952,#951,#168,.T.);
#1181=EDGE_CURVE('',#953,#952,#763,.T.);
#1182=EDGE_CURVE('',#954,#953,#169,.T.);
#1183=EDGE_CURVE('',#955,#954,#170,.T.);
#1184=EDGE_CURVE('',#956,#955,#764,.T.);
#1185=EDGE_CURVE('',#957,#956,#171,.T.);
#1186=EDGE_CURVE('',#958,#957,#172,.T.);
#1187=EDGE_CURVE('',#959,#958,#765,.T.);
#1188=EDGE_CURVE('',#960,#959,#173,.T.);
#1189=EDGE_CURVE('',#961,#960,#174,.T.);
#1190=EDGE_CURVE('',#962,#961,#766,.T.);
#1191=EDGE_CURVE('',#963,#962,#175,.T.);
#1192=EDGE_CURVE('',#964,#963,#176,.T.);
#1193=EDGE_CURVE('',#965,#964,#767,.T.);
#1194=EDGE_CURVE('',#851,#965,#177,.T.);
#1195=EDGE_CURVE('',#908,#966,#178,.T.);
#1196=EDGE_CURVE('',#966,#967,#768,.T.);
#1197=EDGE_CURVE('',#909,#967,#179,.T.);
#1198=EDGE_CURVE('',#967,#858,#180,.T.);
#1199=EDGE_CURVE('',#966,#968,#181,.T.);
#1200=EDGE_CURVE('',#968,#859,#182,.T.);
#1201=EDGE_CURVE('',#968,#969,#183,.T.);
#1202=EDGE_CURVE('',#969,#970,#769,.T.);
#1203=EDGE_CURVE('',#860,#970,#184,.T.);
#1204=EDGE_CURVE('',#970,#906,#185,.T.);
#1205=EDGE_CURVE('',#969,#907,#186,.T.);
#1206=EDGE_CURVE('',#969,#966,#770,.T.);
#1207=EDGE_CURVE('',#905,#971,#187,.T.);
#1208=EDGE_CURVE('',#971,#970,#771,.T.);
#1209=EDGE_CURVE('',#971,#972,#188,.T.);
#1210=EDGE_CURVE('',#972,#861,#189,.T.);
#1211=EDGE_CURVE('',#972,#973,#190,.T.);
#1212=EDGE_CURVE('',#973,#974,#772,.T.);
#1213=EDGE_CURVE('',#862,#974,#191,.T.);
#1214=EDGE_CURVE('',#974,#903,#192,.T.);
#1215=EDGE_CURVE('',#973,#904,#193,.T.);
#1216=EDGE_CURVE('',#973,#971,#773,.T.);
#1217=EDGE_CURVE('',#959,#975,#194,.T.);
#1218=EDGE_CURVE('',#975,#976,#774,.T.);
#1219=EDGE_CURVE('',#960,#976,#195,.T.);
#1220=EDGE_CURVE('',#976,#869,#196,.T.);
#1221=EDGE_CURVE('',#975,#977,#197,.T.);
#1222=EDGE_CURVE('',#977,#870,#198,.T.);
#1223=EDGE_CURVE('',#977,#978,#199,.T.);
#1224=EDGE_CURVE('',#978,#979,#775,.T.);
#1225=EDGE_CURVE('',#871,#979,#200,.T.);
#1226=EDGE_CURVE('',#979,#957,#201,.T.);
#1227=EDGE_CURVE('',#978,#958,#202,.T.);
#1228=EDGE_CURVE('',#978,#975,#776,.T.);
#1229=EDGE_CURVE('',#899,#980,#203,.T.);
#1230=EDGE_CURVE('',#980,#981,#777,.T.);
#1231=EDGE_CURVE('',#900,#981,#204,.T.);
#1232=EDGE_CURVE('',#981,#864,#205,.T.);
#1233=EDGE_CURVE('',#980,#982,#206,.T.);
#1234=EDGE_CURVE('',#982,#865,#207,.T.);
#1235=EDGE_CURVE('',#982,#983,#208,.T.);
#1236=EDGE_CURVE('',#983,#843,#778,.T.);
#1237=EDGE_CURVE('',#983,#898,#209,.T.);
#1238=EDGE_CURVE('',#983,#980,#779,.T.);
#1239=EDGE_CURVE('',#902,#984,#210,.T.);
#1240=EDGE_CURVE('',#984,#974,#780,.T.);
#1241=EDGE_CURVE('',#984,#985,#211,.T.);
#1242=EDGE_CURVE('',#985,#863,#212,.T.);
#1243=EDGE_CURVE('',#985,#986,#213,.T.);
#1244=EDGE_CURVE('',#986,#981,#781,.T.);
#1245=EDGE_CURVE('',#986,#901,#214,.T.);
#1246=EDGE_CURVE('',#986,#984,#782,.T.);
#1247=EDGE_CURVE('',#920,#987,#215,.T.);
#1248=EDGE_CURVE('',#987,#988,#783,.T.);
#1249=EDGE_CURVE('',#921,#988,#216,.T.);
#1250=EDGE_CURVE('',#988,#895,#217,.T.);
#1251=EDGE_CURVE('',#987,#989,#218,.T.);
#1252=EDGE_CURVE('',#989,#896,#219,.T.);
#1253=EDGE_CURVE('',#989,#990,#220,.T.);
#1254=EDGE_CURVE('',#990,#991,#784,.T.);
#1255=EDGE_CURVE('',#897,#991,#221,.T.);
#1256=EDGE_CURVE('',#991,#918,#222,.T.);
#1257=EDGE_CURVE('',#990,#919,#223,.T.);
#1258=EDGE_CURVE('',#990,#987,#785,.T.);
#1259=EDGE_CURVE('',#926,#992,#224,.T.);
#1260=EDGE_CURVE('',#992,#993,#786,.T.);
#1261=EDGE_CURVE('',#927,#993,#225,.T.);
#1262=EDGE_CURVE('',#993,#891,#226,.T.);
#1263=EDGE_CURVE('',#992,#994,#227,.T.);
#1264=EDGE_CURVE('',#994,#892,#228,.T.);
#1265=EDGE_CURVE('',#994,#995,#229,.T.);
#1266=EDGE_CURVE('',#995,#996,#787,.T.);
#1267=EDGE_CURVE('',#893,#996,#230,.T.);
#1268=EDGE_CURVE('',#996,#924,#231,.T.);
#1269=EDGE_CURVE('',#995,#925,#232,.T.);
#1270=EDGE_CURVE('',#995,#992,#788,.T.);
#1271=EDGE_CURVE('',#929,#997,#233,.T.);
#1272=EDGE_CURVE('',#997,#998,#789,.T.);
#1273=EDGE_CURVE('',#930,#998,#234,.T.);
#1274=EDGE_CURVE('',#998,#889,#235,.T.);
#1275=EDGE_CURVE('',#997,#999,#236,.T.);
#1276=EDGE_CURVE('',#999,#890,#237,.T.);
#1277=EDGE_CURVE('',#999,#1000,#238,.T.);
#1278=EDGE_CURVE('',#1000,#993,#790,.T.);
#1279=EDGE_CURVE('',#1000,#928,#239,.T.);
#1280=EDGE_CURVE('',#1000,#997,#791,.T.);
#1281=EDGE_CURVE('',#944,#1001,#240,.T.);
#1282=EDGE_CURVE('',#1001,#1002,#792,.T.);
#1283=EDGE_CURVE('',#945,#1002,#241,.T.);
#1284=EDGE_CURVE('',#1002,#879,#242,.T.);
#1285=EDGE_CURVE('',#1001,#1003,#243,.T.);
#1286=EDGE_CURVE('',#1003,#880,#244,.T.);
#1287=EDGE_CURVE('',#1003,#1004,#245,.T.);
#1288=EDGE_CURVE('',#1004,#1005,#793,.T.);
#1289=EDGE_CURVE('',#881,#1005,#246,.T.);
#1290=EDGE_CURVE('',#1005,#942,#247,.T.);
#1291=EDGE_CURVE('',#1004,#943,#248,.T.);
#1292=EDGE_CURVE('',#1004,#1001,#794,.T.);
#1293=EDGE_CURVE('',#947,#1006,#249,.T.);
#1294=EDGE_CURVE('',#1006,#1007,#795,.T.);
#1295=EDGE_CURVE('',#948,#1007,#250,.T.);
#1296=EDGE_CURVE('',#1007,#877,#251,.T.);
#1297=EDGE_CURVE('',#1006,#1008,#252,.T.);
#1298=EDGE_CURVE('',#1008,#878,#253,.T.);
#1299=EDGE_CURVE('',#1008,#1009,#254,.T.);
#1300=EDGE_CURVE('',#1009,#1002,#796,.T.);
#1301=EDGE_CURVE('',#1009,#946,#255,.T.);
#1302=EDGE_CURVE('',#1009,#1006,#797,.T.);
#1303=EDGE_CURVE('',#950,#1010,#256,.T.);
#1304=EDGE_CURVE('',#1010,#1011,#798,.T.);
#1305=EDGE_CURVE('',#951,#1011,#257,.T.);
#1306=EDGE_CURVE('',#1011,#875,#258,.T.);
#1307=EDGE_CURVE('',#1010,#1012,#259,.T.);
#1308=EDGE_CURVE('',#1012,#876,#260,.T.);
#1309=EDGE_CURVE('',#1012,#1013,#261,.T.);
#1310=EDGE_CURVE('',#1013,#1007,#799,.T.);
#1311=EDGE_CURVE('',#1013,#949,#262,.T.);
#1312=EDGE_CURVE('',#1013,#1010,#800,.T.);
#1313=EDGE_CURVE('',#941,#1014,#263,.T.);
#1314=EDGE_CURVE('',#1014,#1005,#801,.T.);
#1315=EDGE_CURVE('',#1014,#1015,#264,.T.);
#1316=EDGE_CURVE('',#1015,#882,#265,.T.);
#1317=EDGE_CURVE('',#1015,#1016,#266,.T.);
#1318=EDGE_CURVE('',#1016,#1017,#802,.T.);
#1319=EDGE_CURVE('',#883,#1017,#267,.T.);
#1320=EDGE_CURVE('',#1017,#939,#268,.T.);
#1321=EDGE_CURVE('',#1016,#940,#269,.T.);
#1322=EDGE_CURVE('',#1016,#1014,#803,.T.);
#1323=EDGE_CURVE('',#932,#1018,#270,.T.);
#1324=EDGE_CURVE('',#1018,#1019,#804,.T.);
#1325=EDGE_CURVE('',#933,#1019,#271,.T.);
#1326=EDGE_CURVE('',#1019,#887,#272,.T.);
#1327=EDGE_CURVE('',#1018,#1020,#273,.T.);
#1328=EDGE_CURVE('',#1020,#888,#274,.T.);
#1329=EDGE_CURVE('',#1020,#1021,#275,.T.);
#1330=EDGE_CURVE('',#1021,#998,#805,.T.);
#1331=EDGE_CURVE('',#1021,#931,#276,.T.);
#1332=EDGE_CURVE('',#1021,#1018,#806,.T.);
#1333=EDGE_CURVE('',#923,#1022,#277,.T.);
#1334=EDGE_CURVE('',#1022,#996,#807,.T.);
#1335=EDGE_CURVE('',#1022,#1023,#278,.T.);
#1336=EDGE_CURVE('',#1023,#894,#279,.T.);
#1337=EDGE_CURVE('',#1023,#1024,#280,.T.);
#1338=EDGE_CURVE('',#1024,#988,#808,.T.);
#1339=EDGE_CURVE('',#1024,#922,#281,.T.);
#1340=EDGE_CURVE('',#1024,#1022,#809,.T.);
#1341=EDGE_CURVE('',#938,#1025,#282,.T.);
#1342=EDGE_CURVE('',#1025,#1017,#810,.T.);
#1343=EDGE_CURVE('',#1025,#1026,#283,.T.);
#1344=EDGE_CURVE('',#1026,#884,#284,.T.);
#1345=EDGE_CURVE('',#1026,#1027,#285,.T.);
#1346=EDGE_CURVE('',#1027,#1028,#811,.T.);
#1347=EDGE_CURVE('',#885,#1028,#286,.T.);
#1348=EDGE_CURVE('',#1028,#936,#287,.T.);
#1349=EDGE_CURVE('',#1027,#937,#288,.T.);
#1350=EDGE_CURVE('',#1027,#1025,#812,.T.);
#1351=EDGE_CURVE('',#1029,#1029,#813,.T.);
#1352=EDGE_CURVE('',#852,#1029,#734,.T.);
#1353=EDGE_CURVE('',#956,#1030,#289,.T.);
#1354=EDGE_CURVE('',#1030,#979,#814,.T.);
#1355=EDGE_CURVE('',#1030,#1031,#290,.T.);
#1356=EDGE_CURVE('',#1031,#872,#291,.T.);
#1357=EDGE_CURVE('',#1031,#1032,#292,.T.);
#1358=EDGE_CURVE('',#1032,#1033,#815,.T.);
#1359=EDGE_CURVE('',#873,#1033,#293,.T.);
#1360=EDGE_CURVE('',#1033,#954,#294,.T.);
#1361=EDGE_CURVE('',#1032,#955,#295,.T.);
#1362=EDGE_CURVE('',#1032,#1030,#816,.T.);
#1363=EDGE_CURVE('',#917,#1034,#296,.T.);
#1364=EDGE_CURVE('',#1034,#991,#817,.T.);
#1365=EDGE_CURVE('',#1034,#1035,#297,.T.);
#1366=EDGE_CURVE('',#1035,#853,#298,.T.);
#1367=EDGE_CURVE('',#1035,#1036,#299,.T.);
#1368=EDGE_CURVE('',#1036,#1037,#818,.T.);
#1369=EDGE_CURVE('',#854,#1037,#300,.T.);
#1370=EDGE_CURVE('',#1037,#915,#301,.T.);
#1371=EDGE_CURVE('',#1036,#916,#302,.T.);
#1372=EDGE_CURVE('',#1036,#1034,#819,.T.);
#1373=EDGE_CURVE('',#911,#1038,#303,.T.);
#1374=EDGE_CURVE('',#1038,#1039,#820,.T.);
#1375=EDGE_CURVE('',#912,#1039,#304,.T.);
#1376=EDGE_CURVE('',#1039,#856,#305,.T.);
#1377=EDGE_CURVE('',#1038,#1040,#306,.T.);
#1378=EDGE_CURVE('',#1040,#857,#307,.T.);
#1379=EDGE_CURVE('',#1040,#1041,#308,.T.);
#1380=EDGE_CURVE('',#1041,#967,#821,.T.);
#1381=EDGE_CURVE('',#1041,#910,#309,.T.);
#1382=EDGE_CURVE('',#1041,#1038,#822,.T.);
#1383=EDGE_CURVE('',#935,#1042,#310,.T.);
#1384=EDGE_CURVE('',#1042,#1028,#823,.T.);
#1385=EDGE_CURVE('',#1042,#1043,#311,.T.);
#1386=EDGE_CURVE('',#1043,#886,#312,.T.);
#1387=EDGE_CURVE('',#1043,#1044,#313,.T.);
#1388=EDGE_CURVE('',#1044,#1019,#824,.T.);
#1389=EDGE_CURVE('',#1044,#934,#314,.T.);
#1390=EDGE_CURVE('',#1044,#1042,#825,.T.);
#1391=EDGE_CURVE('',#965,#1045,#315,.T.);
#1392=EDGE_CURVE('',#1045,#848,#826,.T.);
#1393=EDGE_CURVE('',#1045,#1046,#316,.T.);
#1394=EDGE_CURVE('',#1046,#866,#317,.T.);
#1395=EDGE_CURVE('',#1046,#1047,#318,.T.);
#1396=EDGE_CURVE('',#1047,#1048,#827,.T.);
#1397=EDGE_CURVE('',#867,#1048,#319,.T.);
#1398=EDGE_CURVE('',#1048,#963,#320,.T.);
#1399=EDGE_CURVE('',#1047,#964,#321,.T.);
#1400=EDGE_CURVE('',#1047,#1045,#828,.T.);
#1401=EDGE_CURVE('',#962,#1049,#322,.T.);
#1402=EDGE_CURVE('',#1049,#1048,#829,.T.);
#1403=EDGE_CURVE('',#1049,#1050,#323,.T.);
#1404=EDGE_CURVE('',#1050,#868,#324,.T.);
#1405=EDGE_CURVE('',#1050,#1051,#325,.T.);
#1406=EDGE_CURVE('',#1051,#976,#830,.T.);
#1407=EDGE_CURVE('',#1051,#961,#326,.T.);
#1408=EDGE_CURVE('',#1051,#1049,#831,.T.);
#1409=EDGE_CURVE('',#914,#1052,#327,.T.);
#1410=EDGE_CURVE('',#1052,#1037,#832,.T.);
#1411=EDGE_CURVE('',#1052,#1053,#328,.T.);
#1412=EDGE_CURVE('',#1053,#855,#329,.T.);
#1413=EDGE_CURVE('',#1053,#1054,#330,.T.);
#1414=EDGE_CURVE('',#1054,#1039,#833,.T.);
#1415=EDGE_CURVE('',#1054,#913,#331,.T.);
#1416=EDGE_CURVE('',#1054,#1052,#834,.T.);
#1417=EDGE_CURVE('',#953,#1055,#332,.T.);
#1418=EDGE_CURVE('',#1055,#1033,#835,.T.);
#1419=EDGE_CURVE('',#1055,#1056,#333,.T.);
#1420=EDGE_CURVE('',#1056,#874,#334,.T.);
#1421=EDGE_CURVE('',#1056,#1057,#335,.T.);
#1422=EDGE_CURVE('',#1057,#1011,#836,.T.);
#1423=EDGE_CURVE('',#1057,#952,#336,.T.);
#1424=EDGE_CURVE('',#1057,#1055,#837,.T.);
#1425=ORIENTED_EDGE('',*,*,#1058,.F.);
#1426=ORIENTED_EDGE('',*,*,#1059,.T.);
#1427=ORIENTED_EDGE('',*,*,#1060,.F.);
#1428=ORIENTED_EDGE('',*,*,#1059,.F.);
#1429=ORIENTED_EDGE('',*,*,#1061,.T.);
#1430=ORIENTED_EDGE('',*,*,#1062,.T.);
#1431=ORIENTED_EDGE('',*,*,#1063,.T.);
#1432=ORIENTED_EDGE('',*,*,#1064,.F.);
#1433=ORIENTED_EDGE('',*,*,#1065,.F.);
#1434=ORIENTED_EDGE('',*,*,#1066,.F.);
#1435=ORIENTED_EDGE('',*,*,#1063,.F.);
#1436=ORIENTED_EDGE('',*,*,#1067,.T.);
#1437=ORIENTED_EDGE('',*,*,#1068,.T.);
#1438=ORIENTED_EDGE('',*,*,#1068,.F.);
#1439=ORIENTED_EDGE('',*,*,#1069,.T.);
#1440=ORIENTED_EDGE('',*,*,#1070,.T.);
#1441=ORIENTED_EDGE('',*,*,#1071,.F.);
#1442=ORIENTED_EDGE('',*,*,#1072,.F.);
#1443=ORIENTED_EDGE('',*,*,#1073,.T.);
#1444=ORIENTED_EDGE('',*,*,#1074,.F.);
#1445=ORIENTED_EDGE('',*,*,#1070,.F.);
#1446=ORIENTED_EDGE('',*,*,#1075,.T.);
#1447=ORIENTED_EDGE('',*,*,#1062,.F.);
#1448=ORIENTED_EDGE('',*,*,#1076,.T.);
#1449=ORIENTED_EDGE('',*,*,#1075,.F.);
#1450=ORIENTED_EDGE('',*,*,#1077,.T.);
#1451=ORIENTED_EDGE('',*,*,#1067,.F.);
#1452=ORIENTED_EDGE('',*,*,#1077,.F.);
#1453=ORIENTED_EDGE('',*,*,#1069,.F.);
#1454=ORIENTED_EDGE('',*,*,#1078,.T.);
#1455=ORIENTED_EDGE('',*,*,#1079,.T.);
#1456=ORIENTED_EDGE('',*,*,#1080,.F.);
#1457=ORIENTED_EDGE('',*,*,#1081,.F.);
#1458=ORIENTED_EDGE('',*,*,#1082,.F.);
#1459=ORIENTED_EDGE('',*,*,#1083,.F.);
#1460=ORIENTED_EDGE('',*,*,#1084,.F.);
#1461=ORIENTED_EDGE('',*,*,#1085,.T.);
#1462=ORIENTED_EDGE('',*,*,#1086,.T.);
#1463=ORIENTED_EDGE('',*,*,#1087,.T.);
#1464=ORIENTED_EDGE('',*,*,#1088,.T.);
#1465=ORIENTED_EDGE('',*,*,#1089,.T.);
#1466=ORIENTED_EDGE('',*,*,#1090,.T.);
#1467=ORIENTED_EDGE('',*,*,#1091,.T.);
#1468=ORIENTED_EDGE('',*,*,#1092,.T.);
#1469=ORIENTED_EDGE('',*,*,#1065,.T.);
#1470=ORIENTED_EDGE('',*,*,#1072,.T.);
#1471=ORIENTED_EDGE('',*,*,#1093,.F.);
#1472=ORIENTED_EDGE('',*,*,#1094,.F.);
#1473=ORIENTED_EDGE('',*,*,#1095,.F.);
#1474=ORIENTED_EDGE('',*,*,#1096,.F.);
#1475=ORIENTED_EDGE('',*,*,#1097,.T.);
#1476=ORIENTED_EDGE('',*,*,#1098,.T.);
#1477=ORIENTED_EDGE('',*,*,#1099,.F.);
#1478=ORIENTED_EDGE('',*,*,#1100,.F.);
#1479=ORIENTED_EDGE('',*,*,#1101,.F.);
#1480=ORIENTED_EDGE('',*,*,#1102,.F.);
#1481=ORIENTED_EDGE('',*,*,#1103,.T.);
#1482=ORIENTED_EDGE('',*,*,#1104,.T.);
#1483=ORIENTED_EDGE('',*,*,#1105,.T.);
#1484=ORIENTED_EDGE('',*,*,#1106,.T.);
#1485=ORIENTED_EDGE('',*,*,#1107,.T.);
#1486=ORIENTED_EDGE('',*,*,#1108,.T.);
#1487=ORIENTED_EDGE('',*,*,#1109,.T.);
#1488=ORIENTED_EDGE('',*,*,#1110,.T.);
#1489=ORIENTED_EDGE('',*,*,#1111,.T.);
#1490=ORIENTED_EDGE('',*,*,#1112,.T.);
#1491=ORIENTED_EDGE('',*,*,#1113,.F.);
#1492=ORIENTED_EDGE('',*,*,#1114,.F.);
#1493=ORIENTED_EDGE('',*,*,#1115,.T.);
#1494=ORIENTED_EDGE('',*,*,#1116,.T.);
#1495=ORIENTED_EDGE('',*,*,#1117,.T.);
#1496=ORIENTED_EDGE('',*,*,#1118,.T.);
#1497=ORIENTED_EDGE('',*,*,#1119,.T.);
#1498=ORIENTED_EDGE('',*,*,#1120,.T.);
#1499=ORIENTED_EDGE('',*,*,#1121,.T.);
#1500=ORIENTED_EDGE('',*,*,#1122,.T.);
#1501=ORIENTED_EDGE('',*,*,#1123,.T.);
#1502=ORIENTED_EDGE('',*,*,#1124,.T.);
#1503=ORIENTED_EDGE('',*,*,#1125,.F.);
#1504=ORIENTED_EDGE('',*,*,#1079,.F.);
#1505=ORIENTED_EDGE('',*,*,#1126,.F.);
#1506=ORIENTED_EDGE('',*,*,#1127,.F.);
#1507=ORIENTED_EDGE('',*,*,#1128,.F.);
#1508=ORIENTED_EDGE('',*,*,#1129,.F.);
#1509=ORIENTED_EDGE('',*,*,#1130,.F.);
#1510=ORIENTED_EDGE('',*,*,#1131,.F.);
#1511=ORIENTED_EDGE('',*,*,#1132,.F.);
#1512=ORIENTED_EDGE('',*,*,#1133,.F.);
#1513=ORIENTED_EDGE('',*,*,#1134,.F.);
#1514=ORIENTED_EDGE('',*,*,#1135,.F.);
#1515=ORIENTED_EDGE('',*,*,#1136,.F.);
#1516=ORIENTED_EDGE('',*,*,#1137,.F.);
#1517=ORIENTED_EDGE('',*,*,#1138,.F.);
#1518=ORIENTED_EDGE('',*,*,#1139,.F.);
#1519=ORIENTED_EDGE('',*,*,#1140,.F.);
#1520=ORIENTED_EDGE('',*,*,#1141,.F.);
#1521=ORIENTED_EDGE('',*,*,#1142,.F.);
#1522=ORIENTED_EDGE('',*,*,#1143,.F.);
#1523=ORIENTED_EDGE('',*,*,#1144,.F.);
#1524=ORIENTED_EDGE('',*,*,#1145,.F.);
#1525=ORIENTED_EDGE('',*,*,#1146,.F.);
#1526=ORIENTED_EDGE('',*,*,#1147,.F.);
#1527=ORIENTED_EDGE('',*,*,#1148,.F.);
#1528=ORIENTED_EDGE('',*,*,#1149,.F.);
#1529=ORIENTED_EDGE('',*,*,#1150,.F.);
#1530=ORIENTED_EDGE('',*,*,#1151,.F.);
#1531=ORIENTED_EDGE('',*,*,#1152,.F.);
#1532=ORIENTED_EDGE('',*,*,#1153,.F.);
#1533=ORIENTED_EDGE('',*,*,#1154,.F.);
#1534=ORIENTED_EDGE('',*,*,#1155,.F.);
#1535=ORIENTED_EDGE('',*,*,#1156,.F.);
#1536=ORIENTED_EDGE('',*,*,#1157,.F.);
#1537=ORIENTED_EDGE('',*,*,#1158,.F.);
#1538=ORIENTED_EDGE('',*,*,#1159,.F.);
#1539=ORIENTED_EDGE('',*,*,#1160,.F.);
#1540=ORIENTED_EDGE('',*,*,#1161,.F.);
#1541=ORIENTED_EDGE('',*,*,#1162,.F.);
#1542=ORIENTED_EDGE('',*,*,#1163,.F.);
#1543=ORIENTED_EDGE('',*,*,#1164,.F.);
#1544=ORIENTED_EDGE('',*,*,#1165,.F.);
#1545=ORIENTED_EDGE('',*,*,#1166,.F.);
#1546=ORIENTED_EDGE('',*,*,#1167,.F.);
#1547=ORIENTED_EDGE('',*,*,#1168,.F.);
#1548=ORIENTED_EDGE('',*,*,#1169,.F.);
#1549=ORIENTED_EDGE('',*,*,#1170,.F.);
#1550=ORIENTED_EDGE('',*,*,#1171,.F.);
#1551=ORIENTED_EDGE('',*,*,#1172,.F.);
#1552=ORIENTED_EDGE('',*,*,#1173,.F.);
#1553=ORIENTED_EDGE('',*,*,#1174,.F.);
#1554=ORIENTED_EDGE('',*,*,#1175,.F.);
#1555=ORIENTED_EDGE('',*,*,#1176,.F.);
#1556=ORIENTED_EDGE('',*,*,#1177,.F.);
#1557=ORIENTED_EDGE('',*,*,#1178,.F.);
#1558=ORIENTED_EDGE('',*,*,#1179,.F.);
#1559=ORIENTED_EDGE('',*,*,#1180,.F.);
#1560=ORIENTED_EDGE('',*,*,#1181,.F.);
#1561=ORIENTED_EDGE('',*,*,#1182,.F.);
#1562=ORIENTED_EDGE('',*,*,#1183,.F.);
#1563=ORIENTED_EDGE('',*,*,#1184,.F.);
#1564=ORIENTED_EDGE('',*,*,#1185,.F.);
#1565=ORIENTED_EDGE('',*,*,#1186,.F.);
#1566=ORIENTED_EDGE('',*,*,#1187,.F.);
#1567=ORIENTED_EDGE('',*,*,#1188,.F.);
#1568=ORIENTED_EDGE('',*,*,#1189,.F.);
#1569=ORIENTED_EDGE('',*,*,#1190,.F.);
#1570=ORIENTED_EDGE('',*,*,#1191,.F.);
#1571=ORIENTED_EDGE('',*,*,#1192,.F.);
#1572=ORIENTED_EDGE('',*,*,#1193,.F.);
#1573=ORIENTED_EDGE('',*,*,#1194,.F.);
#1574=ORIENTED_EDGE('',*,*,#1073,.F.);
#1575=ORIENTED_EDGE('',*,*,#1076,.F.);
#1576=ORIENTED_EDGE('',*,*,#1061,.F.);
#1577=ORIENTED_EDGE('',*,*,#1060,.T.);
#1578=ORIENTED_EDGE('',*,*,#1137,.T.);
#1579=ORIENTED_EDGE('',*,*,#1195,.T.);
#1580=ORIENTED_EDGE('',*,*,#1196,.T.);
#1581=ORIENTED_EDGE('',*,*,#1197,.F.);
#1582=ORIENTED_EDGE('',*,*,#1085,.F.);
#1583=ORIENTED_EDGE('',*,*,#1198,.F.);
#1584=ORIENTED_EDGE('',*,*,#1196,.F.);
#1585=ORIENTED_EDGE('',*,*,#1199,.T.);
#1586=ORIENTED_EDGE('',*,*,#1200,.T.);
#1587=ORIENTED_EDGE('',*,*,#1200,.F.);
#1588=ORIENTED_EDGE('',*,*,#1201,.T.);
#1589=ORIENTED_EDGE('',*,*,#1202,.T.);
#1590=ORIENTED_EDGE('',*,*,#1203,.F.);
#1591=ORIENTED_EDGE('',*,*,#1086,.F.);
#1592=ORIENTED_EDGE('',*,*,#1135,.T.);
#1593=ORIENTED_EDGE('',*,*,#1204,.F.);
#1594=ORIENTED_EDGE('',*,*,#1202,.F.);
#1595=ORIENTED_EDGE('',*,*,#1205,.T.);
#1596=ORIENTED_EDGE('',*,*,#1195,.F.);
#1597=ORIENTED_EDGE('',*,*,#1136,.T.);
#1598=ORIENTED_EDGE('',*,*,#1205,.F.);
#1599=ORIENTED_EDGE('',*,*,#1206,.T.);
#1600=ORIENTED_EDGE('',*,*,#1199,.F.);
#1601=ORIENTED_EDGE('',*,*,#1206,.F.);
#1602=ORIENTED_EDGE('',*,*,#1201,.F.);
#1603=ORIENTED_EDGE('',*,*,#1134,.T.);
#1604=ORIENTED_EDGE('',*,*,#1207,.T.);
#1605=ORIENTED_EDGE('',*,*,#1208,.T.);
#1606=ORIENTED_EDGE('',*,*,#1204,.T.);
#1607=ORIENTED_EDGE('',*,*,#1087,.F.);
#1608=ORIENTED_EDGE('',*,*,#1203,.T.);
#1609=ORIENTED_EDGE('',*,*,#1208,.F.);
#1610=ORIENTED_EDGE('',*,*,#1209,.T.);
#1611=ORIENTED_EDGE('',*,*,#1210,.T.);
#1612=ORIENTED_EDGE('',*,*,#1210,.F.);
#1613=ORIENTED_EDGE('',*,*,#1211,.T.);
#1614=ORIENTED_EDGE('',*,*,#1212,.T.);
#1615=ORIENTED_EDGE('',*,*,#1213,.F.);
#1616=ORIENTED_EDGE('',*,*,#1088,.F.);
#1617=ORIENTED_EDGE('',*,*,#1132,.T.);
#1618=ORIENTED_EDGE('',*,*,#1214,.F.);
#1619=ORIENTED_EDGE('',*,*,#1212,.F.);
#1620=ORIENTED_EDGE('',*,*,#1215,.T.);
#1621=ORIENTED_EDGE('',*,*,#1207,.F.);
#1622=ORIENTED_EDGE('',*,*,#1133,.T.);
#1623=ORIENTED_EDGE('',*,*,#1215,.F.);
#1624=ORIENTED_EDGE('',*,*,#1216,.T.);
#1625=ORIENTED_EDGE('',*,*,#1209,.F.);
#1626=ORIENTED_EDGE('',*,*,#1216,.F.);
#1627=ORIENTED_EDGE('',*,*,#1211,.F.);
#1628=ORIENTED_EDGE('',*,*,#1188,.T.);
#1629=ORIENTED_EDGE('',*,*,#1217,.T.);
#1630=ORIENTED_EDGE('',*,*,#1218,.T.);
#1631=ORIENTED_EDGE('',*,*,#1219,.F.);
#1632=ORIENTED_EDGE('',*,*,#1097,.F.);
#1633=ORIENTED_EDGE('',*,*,#1220,.F.);
#1634=ORIENTED_EDGE('',*,*,#1218,.F.);
#1635=ORIENTED_EDGE('',*,*,#1221,.T.);
#1636=ORIENTED_EDGE('',*,*,#1222,.T.);
#1637=ORIENTED_EDGE('',*,*,#1222,.F.);
#1638=ORIENTED_EDGE('',*,*,#1223,.T.);
#1639=ORIENTED_EDGE('',*,*,#1224,.T.);
#1640=ORIENTED_EDGE('',*,*,#1225,.F.);
#1641=ORIENTED_EDGE('',*,*,#1098,.F.);
#1642=ORIENTED_EDGE('',*,*,#1186,.T.);
#1643=ORIENTED_EDGE('',*,*,#1226,.F.);
#1644=ORIENTED_EDGE('',*,*,#1224,.F.);
#1645=ORIENTED_EDGE('',*,*,#1227,.T.);
#1646=ORIENTED_EDGE('',*,*,#1217,.F.);
#1647=ORIENTED_EDGE('',*,*,#1187,.T.);
#1648=ORIENTED_EDGE('',*,*,#1227,.F.);
#1649=ORIENTED_EDGE('',*,*,#1228,.T.);
#1650=ORIENTED_EDGE('',*,*,#1221,.F.);
#1651=ORIENTED_EDGE('',*,*,#1228,.F.);
#1652=ORIENTED_EDGE('',*,*,#1223,.F.);
#1653=ORIENTED_EDGE('',*,*,#1128,.T.);
#1654=ORIENTED_EDGE('',*,*,#1229,.T.);
#1655=ORIENTED_EDGE('',*,*,#1230,.T.);
#1656=ORIENTED_EDGE('',*,*,#1231,.F.);
#1657=ORIENTED_EDGE('',*,*,#1091,.F.);
#1658=ORIENTED_EDGE('',*,*,#1232,.F.);
#1659=ORIENTED_EDGE('',*,*,#1230,.F.);
#1660=ORIENTED_EDGE('',*,*,#1233,.T.);
#1661=ORIENTED_EDGE('',*,*,#1234,.T.);
#1662=ORIENTED_EDGE('',*,*,#1234,.F.);
#1663=ORIENTED_EDGE('',*,*,#1235,.T.);
#1664=ORIENTED_EDGE('',*,*,#1236,.T.);
#1665=ORIENTED_EDGE('',*,*,#1066,.T.);
#1666=ORIENTED_EDGE('',*,*,#1092,.F.);
#1667=ORIENTED_EDGE('',*,*,#1126,.T.);
#1668=ORIENTED_EDGE('',*,*,#1064,.T.);
#1669=ORIENTED_EDGE('',*,*,#1236,.F.);
#1670=ORIENTED_EDGE('',*,*,#1237,.T.);
#1671=ORIENTED_EDGE('',*,*,#1229,.F.);
#1672=ORIENTED_EDGE('',*,*,#1127,.T.);
#1673=ORIENTED_EDGE('',*,*,#1237,.F.);
#1674=ORIENTED_EDGE('',*,*,#1238,.T.);
#1675=ORIENTED_EDGE('',*,*,#1233,.F.);
#1676=ORIENTED_EDGE('',*,*,#1238,.F.);
#1677=ORIENTED_EDGE('',*,*,#1235,.F.);
#1678=ORIENTED_EDGE('',*,*,#1131,.T.);
#1679=ORIENTED_EDGE('',*,*,#1239,.T.);
#1680=ORIENTED_EDGE('',*,*,#1240,.T.);
#1681=ORIENTED_EDGE('',*,*,#1214,.T.);
#1682=ORIENTED_EDGE('',*,*,#1089,.F.);
#1683=ORIENTED_EDGE('',*,*,#1213,.T.);
#1684=ORIENTED_EDGE('',*,*,#1240,.F.);
#1685=ORIENTED_EDGE('',*,*,#1241,.T.);
#1686=ORIENTED_EDGE('',*,*,#1242,.T.);
#1687=ORIENTED_EDGE('',*,*,#1242,.F.);
#1688=ORIENTED_EDGE('',*,*,#1243,.T.);
#1689=ORIENTED_EDGE('',*,*,#1244,.T.);
#1690=ORIENTED_EDGE('',*,*,#1232,.T.);
#1691=ORIENTED_EDGE('',*,*,#1090,.F.);
#1692=ORIENTED_EDGE('',*,*,#1129,.T.);
#1693=ORIENTED_EDGE('',*,*,#1231,.T.);
#1694=ORIENTED_EDGE('',*,*,#1244,.F.);
#1695=ORIENTED_EDGE('',*,*,#1245,.T.);
#1696=ORIENTED_EDGE('',*,*,#1239,.F.);
#1697=ORIENTED_EDGE('',*,*,#1130,.T.);
#1698=ORIENTED_EDGE('',*,*,#1245,.F.);
#1699=ORIENTED_EDGE('',*,*,#1246,.T.);
#1700=ORIENTED_EDGE('',*,*,#1241,.F.);
#1701=ORIENTED_EDGE('',*,*,#1246,.F.);
#1702=ORIENTED_EDGE('',*,*,#1243,.F.);
#1703=ORIENTED_EDGE('',*,*,#1149,.T.);
#1704=ORIENTED_EDGE('',*,*,#1247,.T.);
#1705=ORIENTED_EDGE('',*,*,#1248,.T.);
#1706=ORIENTED_EDGE('',*,*,#1249,.F.);
#1707=ORIENTED_EDGE('',*,*,#1123,.F.);
#1708=ORIENTED_EDGE('',*,*,#1250,.F.);
#1709=ORIENTED_EDGE('',*,*,#1248,.F.);
#1710=ORIENTED_EDGE('',*,*,#1251,.T.);
#1711=ORIENTED_EDGE('',*,*,#1252,.T.);
#1712=ORIENTED_EDGE('',*,*,#1252,.F.);
#1713=ORIENTED_EDGE('',*,*,#1253,.T.);
#1714=ORIENTED_EDGE('',*,*,#1254,.T.);
#1715=ORIENTED_EDGE('',*,*,#1255,.F.);
#1716=ORIENTED_EDGE('',*,*,#1124,.F.);
#1717=ORIENTED_EDGE('',*,*,#1147,.T.);
#1718=ORIENTED_EDGE('',*,*,#1256,.F.);
#1719=ORIENTED_EDGE('',*,*,#1254,.F.);
#1720=ORIENTED_EDGE('',*,*,#1257,.T.);
#1721=ORIENTED_EDGE('',*,*,#1247,.F.);
#1722=ORIENTED_EDGE('',*,*,#1148,.T.);
#1723=ORIENTED_EDGE('',*,*,#1257,.F.);
#1724=ORIENTED_EDGE('',*,*,#1258,.T.);
#1725=ORIENTED_EDGE('',*,*,#1251,.F.);
#1726=ORIENTED_EDGE('',*,*,#1258,.F.);
#1727=ORIENTED_EDGE('',*,*,#1253,.F.);
#1728=ORIENTED_EDGE('',*,*,#1155,.T.);
#1729=ORIENTED_EDGE('',*,*,#1259,.T.);
#1730=ORIENTED_EDGE('',*,*,#1260,.T.);
#1731=ORIENTED_EDGE('',*,*,#1261,.F.);
#1732=ORIENTED_EDGE('',*,*,#1119,.F.);
#1733=ORIENTED_EDGE('',*,*,#1262,.F.);
#1734=ORIENTED_EDGE('',*,*,#1260,.F.);
#1735=ORIENTED_EDGE('',*,*,#1263,.T.);
#1736=ORIENTED_EDGE('',*,*,#1264,.T.);
#1737=ORIENTED_EDGE('',*,*,#1264,.F.);
#1738=ORIENTED_EDGE('',*,*,#1265,.T.);
#1739=ORIENTED_EDGE('',*,*,#1266,.T.);
#1740=ORIENTED_EDGE('',*,*,#1267,.F.);
#1741=ORIENTED_EDGE('',*,*,#1120,.F.);
#1742=ORIENTED_EDGE('',*,*,#1153,.T.);
#1743=ORIENTED_EDGE('',*,*,#1268,.F.);
#1744=ORIENTED_EDGE('',*,*,#1266,.F.);
#1745=ORIENTED_EDGE('',*,*,#1269,.T.);
#1746=ORIENTED_EDGE('',*,*,#1259,.F.);
#1747=ORIENTED_EDGE('',*,*,#1154,.T.);
#1748=ORIENTED_EDGE('',*,*,#1269,.F.);
#1749=ORIENTED_EDGE('',*,*,#1270,.T.);
#1750=ORIENTED_EDGE('',*,*,#1263,.F.);
#1751=ORIENTED_EDGE('',*,*,#1270,.F.);
#1752=ORIENTED_EDGE('',*,*,#1265,.F.);
#1753=ORIENTED_EDGE('',*,*,#1158,.T.);
#1754=ORIENTED_EDGE('',*,*,#1271,.T.);
#1755=ORIENTED_EDGE('',*,*,#1272,.T.);
#1756=ORIENTED_EDGE('',*,*,#1273,.F.);
#1757=ORIENTED_EDGE('',*,*,#1117,.F.);
#1758=ORIENTED_EDGE('',*,*,#1274,.F.);
#1759=ORIENTED_EDGE('',*,*,#1272,.F.);
#1760=ORIENTED_EDGE('',*,*,#1275,.T.);
#1761=ORIENTED_EDGE('',*,*,#1276,.T.);
#1762=ORIENTED_EDGE('',*,*,#1276,.F.);
#1763=ORIENTED_EDGE('',*,*,#1277,.T.);
#1764=ORIENTED_EDGE('',*,*,#1278,.T.);
#1765=ORIENTED_EDGE('',*,*,#1262,.T.);
#1766=ORIENTED_EDGE('',*,*,#1118,.F.);
#1767=ORIENTED_EDGE('',*,*,#1156,.T.);
#1768=ORIENTED_EDGE('',*,*,#1261,.T.);
#1769=ORIENTED_EDGE('',*,*,#1278,.F.);
#1770=ORIENTED_EDGE('',*,*,#1279,.T.);
#1771=ORIENTED_EDGE('',*,*,#1271,.F.);
#1772=ORIENTED_EDGE('',*,*,#1157,.T.);
#1773=ORIENTED_EDGE('',*,*,#1279,.F.);
#1774=ORIENTED_EDGE('',*,*,#1280,.T.);
#1775=ORIENTED_EDGE('',*,*,#1275,.F.);
#1776=ORIENTED_EDGE('',*,*,#1280,.F.);
#1777=ORIENTED_EDGE('',*,*,#1277,.F.);
#1778=ORIENTED_EDGE('',*,*,#1173,.T.);
#1779=ORIENTED_EDGE('',*,*,#1281,.T.);
#1780=ORIENTED_EDGE('',*,*,#1282,.T.);
#1781=ORIENTED_EDGE('',*,*,#1283,.F.);
#1782=ORIENTED_EDGE('',*,*,#1107,.F.);
#1783=ORIENTED_EDGE('',*,*,#1284,.F.);
#1784=ORIENTED_EDGE('',*,*,#1282,.F.);
#1785=ORIENTED_EDGE('',*,*,#1285,.T.);
#1786=ORIENTED_EDGE('',*,*,#1286,.T.);
#1787=ORIENTED_EDGE('',*,*,#1286,.F.);
#1788=ORIENTED_EDGE('',*,*,#1287,.T.);
#1789=ORIENTED_EDGE('',*,*,#1288,.T.);
#1790=ORIENTED_EDGE('',*,*,#1289,.F.);
#1791=ORIENTED_EDGE('',*,*,#1108,.F.);
#1792=ORIENTED_EDGE('',*,*,#1171,.T.);
#1793=ORIENTED_EDGE('',*,*,#1290,.F.);
#1794=ORIENTED_EDGE('',*,*,#1288,.F.);
#1795=ORIENTED_EDGE('',*,*,#1291,.T.);
#1796=ORIENTED_EDGE('',*,*,#1281,.F.);
#1797=ORIENTED_EDGE('',*,*,#1172,.T.);
#1798=ORIENTED_EDGE('',*,*,#1291,.F.);
#1799=ORIENTED_EDGE('',*,*,#1292,.T.);
#1800=ORIENTED_EDGE('',*,*,#1285,.F.);
#1801=ORIENTED_EDGE('',*,*,#1292,.F.);
#1802=ORIENTED_EDGE('',*,*,#1287,.F.);
#1803=ORIENTED_EDGE('',*,*,#1176,.T.);
#1804=ORIENTED_EDGE('',*,*,#1293,.T.);
#1805=ORIENTED_EDGE('',*,*,#1294,.T.);
#1806=ORIENTED_EDGE('',*,*,#1295,.F.);
#1807=ORIENTED_EDGE('',*,*,#1105,.F.);
#1808=ORIENTED_EDGE('',*,*,#1296,.F.);
#1809=ORIENTED_EDGE('',*,*,#1294,.F.);
#1810=ORIENTED_EDGE('',*,*,#1297,.T.);
#1811=ORIENTED_EDGE('',*,*,#1298,.T.);
#1812=ORIENTED_EDGE('',*,*,#1298,.F.);
#1813=ORIENTED_EDGE('',*,*,#1299,.T.);
#1814=ORIENTED_EDGE('',*,*,#1300,.T.);
#1815=ORIENTED_EDGE('',*,*,#1284,.T.);
#1816=ORIENTED_EDGE('',*,*,#1106,.F.);
#1817=ORIENTED_EDGE('',*,*,#1174,.T.);
#1818=ORIENTED_EDGE('',*,*,#1283,.T.);
#1819=ORIENTED_EDGE('',*,*,#1300,.F.);
#1820=ORIENTED_EDGE('',*,*,#1301,.T.);
#1821=ORIENTED_EDGE('',*,*,#1293,.F.);
#1822=ORIENTED_EDGE('',*,*,#1175,.T.);
#1823=ORIENTED_EDGE('',*,*,#1301,.F.);
#1824=ORIENTED_EDGE('',*,*,#1302,.T.);
#1825=ORIENTED_EDGE('',*,*,#1297,.F.);
#1826=ORIENTED_EDGE('',*,*,#1302,.F.);
#1827=ORIENTED_EDGE('',*,*,#1299,.F.);
#1828=ORIENTED_EDGE('',*,*,#1179,.T.);
#1829=ORIENTED_EDGE('',*,*,#1303,.T.);
#1830=ORIENTED_EDGE('',*,*,#1304,.T.);
#1831=ORIENTED_EDGE('',*,*,#1305,.F.);
#1832=ORIENTED_EDGE('',*,*,#1103,.F.);
#1833=ORIENTED_EDGE('',*,*,#1306,.F.);
#1834=ORIENTED_EDGE('',*,*,#1304,.F.);
#1835=ORIENTED_EDGE('',*,*,#1307,.T.);
#1836=ORIENTED_EDGE('',*,*,#1308,.T.);
#1837=ORIENTED_EDGE('',*,*,#1308,.F.);
#1838=ORIENTED_EDGE('',*,*,#1309,.T.);
#1839=ORIENTED_EDGE('',*,*,#1310,.T.);
#1840=ORIENTED_EDGE('',*,*,#1296,.T.);
#1841=ORIENTED_EDGE('',*,*,#1104,.F.);
#1842=ORIENTED_EDGE('',*,*,#1177,.T.);
#1843=ORIENTED_EDGE('',*,*,#1295,.T.);
#1844=ORIENTED_EDGE('',*,*,#1310,.F.);
#1845=ORIENTED_EDGE('',*,*,#1311,.T.);
#1846=ORIENTED_EDGE('',*,*,#1303,.F.);
#1847=ORIENTED_EDGE('',*,*,#1178,.T.);
#1848=ORIENTED_EDGE('',*,*,#1311,.F.);
#1849=ORIENTED_EDGE('',*,*,#1312,.T.);
#1850=ORIENTED_EDGE('',*,*,#1307,.F.);
#1851=ORIENTED_EDGE('',*,*,#1312,.F.);
#1852=ORIENTED_EDGE('',*,*,#1309,.F.);
#1853=ORIENTED_EDGE('',*,*,#1170,.T.);
#1854=ORIENTED_EDGE('',*,*,#1313,.T.);
#1855=ORIENTED_EDGE('',*,*,#1314,.T.);
#1856=ORIENTED_EDGE('',*,*,#1290,.T.);
#1857=ORIENTED_EDGE('',*,*,#1109,.F.);
#1858=ORIENTED_EDGE('',*,*,#1289,.T.);
#1859=ORIENTED_EDGE('',*,*,#1314,.F.);
#1860=ORIENTED_EDGE('',*,*,#1315,.T.);
#1861=ORIENTED_EDGE('',*,*,#1316,.T.);
#1862=ORIENTED_EDGE('',*,*,#1316,.F.);
#1863=ORIENTED_EDGE('',*,*,#1317,.T.);
#1864=ORIENTED_EDGE('',*,*,#1318,.T.);
#1865=ORIENTED_EDGE('',*,*,#1319,.F.);
#1866=ORIENTED_EDGE('',*,*,#1110,.F.);
#1867=ORIENTED_EDGE('',*,*,#1168,.T.);
#1868=ORIENTED_EDGE('',*,*,#1320,.F.);
#1869=ORIENTED_EDGE('',*,*,#1318,.F.);
#1870=ORIENTED_EDGE('',*,*,#1321,.T.);
#1871=ORIENTED_EDGE('',*,*,#1313,.F.);
#1872=ORIENTED_EDGE('',*,*,#1169,.T.);
#1873=ORIENTED_EDGE('',*,*,#1321,.F.);
#1874=ORIENTED_EDGE('',*,*,#1322,.T.);
#1875=ORIENTED_EDGE('',*,*,#1315,.F.);
#1876=ORIENTED_EDGE('',*,*,#1322,.F.);
#1877=ORIENTED_EDGE('',*,*,#1317,.F.);
#1878=ORIENTED_EDGE('',*,*,#1161,.T.);
#1879=ORIENTED_EDGE('',*,*,#1323,.T.);
#1880=ORIENTED_EDGE('',*,*,#1324,.T.);
#1881=ORIENTED_EDGE('',*,*,#1325,.F.);
#1882=ORIENTED_EDGE('',*,*,#1115,.F.);
#1883=ORIENTED_EDGE('',*,*,#1326,.F.);
#1884=ORIENTED_EDGE('',*,*,#1324,.F.);
#1885=ORIENTED_EDGE('',*,*,#1327,.T.);
#1886=ORIENTED_EDGE('',*,*,#1328,.T.);
#1887=ORIENTED_EDGE('',*,*,#1328,.F.);
#1888=ORIENTED_EDGE('',*,*,#1329,.T.);
#1889=ORIENTED_EDGE('',*,*,#1330,.T.);
#1890=ORIENTED_EDGE('',*,*,#1274,.T.);
#1891=ORIENTED_EDGE('',*,*,#1116,.F.);
#1892=ORIENTED_EDGE('',*,*,#1159,.T.);
#1893=ORIENTED_EDGE('',*,*,#1273,.T.);
#1894=ORIENTED_EDGE('',*,*,#1330,.F.);
#1895=ORIENTED_EDGE('',*,*,#1331,.T.);
#1896=ORIENTED_EDGE('',*,*,#1323,.F.);
#1897=ORIENTED_EDGE('',*,*,#1160,.T.);
#1898=ORIENTED_EDGE('',*,*,#1331,.F.);
#1899=ORIENTED_EDGE('',*,*,#1332,.T.);
#1900=ORIENTED_EDGE('',*,*,#1327,.F.);
#1901=ORIENTED_EDGE('',*,*,#1332,.F.);
#1902=ORIENTED_EDGE('',*,*,#1329,.F.);
#1903=ORIENTED_EDGE('',*,*,#1152,.T.);
#1904=ORIENTED_EDGE('',*,*,#1333,.T.);
#1905=ORIENTED_EDGE('',*,*,#1334,.T.);
#1906=ORIENTED_EDGE('',*,*,#1268,.T.);
#1907=ORIENTED_EDGE('',*,*,#1121,.F.);
#1908=ORIENTED_EDGE('',*,*,#1267,.T.);
#1909=ORIENTED_EDGE('',*,*,#1334,.F.);
#1910=ORIENTED_EDGE('',*,*,#1335,.T.);
#1911=ORIENTED_EDGE('',*,*,#1336,.T.);
#1912=ORIENTED_EDGE('',*,*,#1336,.F.);
#1913=ORIENTED_EDGE('',*,*,#1337,.T.);
#1914=ORIENTED_EDGE('',*,*,#1338,.T.);
#1915=ORIENTED_EDGE('',*,*,#1250,.T.);
#1916=ORIENTED_EDGE('',*,*,#1122,.F.);
#1917=ORIENTED_EDGE('',*,*,#1150,.T.);
#1918=ORIENTED_EDGE('',*,*,#1249,.T.);
#1919=ORIENTED_EDGE('',*,*,#1338,.F.);
#1920=ORIENTED_EDGE('',*,*,#1339,.T.);
#1921=ORIENTED_EDGE('',*,*,#1333,.F.);
#1922=ORIENTED_EDGE('',*,*,#1151,.T.);
#1923=ORIENTED_EDGE('',*,*,#1339,.F.);
#1924=ORIENTED_EDGE('',*,*,#1340,.T.);
#1925=ORIENTED_EDGE('',*,*,#1335,.F.);
#1926=ORIENTED_EDGE('',*,*,#1340,.F.);
#1927=ORIENTED_EDGE('',*,*,#1337,.F.);
#1928=ORIENTED_EDGE('',*,*,#1167,.T.);
#1929=ORIENTED_EDGE('',*,*,#1341,.T.);
#1930=ORIENTED_EDGE('',*,*,#1342,.T.);
#1931=ORIENTED_EDGE('',*,*,#1320,.T.);
#1932=ORIENTED_EDGE('',*,*,#1111,.F.);
#1933=ORIENTED_EDGE('',*,*,#1319,.T.);
#1934=ORIENTED_EDGE('',*,*,#1342,.F.);
#1935=ORIENTED_EDGE('',*,*,#1343,.T.);
#1936=ORIENTED_EDGE('',*,*,#1344,.T.);
#1937=ORIENTED_EDGE('',*,*,#1344,.F.);
#1938=ORIENTED_EDGE('',*,*,#1345,.T.);
#1939=ORIENTED_EDGE('',*,*,#1346,.T.);
#1940=ORIENTED_EDGE('',*,*,#1347,.F.);
#1941=ORIENTED_EDGE('',*,*,#1112,.F.);
#1942=ORIENTED_EDGE('',*,*,#1165,.T.);
#1943=ORIENTED_EDGE('',*,*,#1348,.F.);
#1944=ORIENTED_EDGE('',*,*,#1346,.F.);
#1945=ORIENTED_EDGE('',*,*,#1349,.T.);
#1946=ORIENTED_EDGE('',*,*,#1341,.F.);
#1947=ORIENTED_EDGE('',*,*,#1166,.T.);
#1948=ORIENTED_EDGE('',*,*,#1349,.F.);
#1949=ORIENTED_EDGE('',*,*,#1350,.T.);
#1950=ORIENTED_EDGE('',*,*,#1343,.F.);
#1951=ORIENTED_EDGE('',*,*,#1350,.F.);
#1952=ORIENTED_EDGE('',*,*,#1345,.F.);
#1953=ORIENTED_EDGE('',*,*,#1351,.F.);
#1954=ORIENTED_EDGE('',*,*,#1058,.T.);
#1955=ORIENTED_EDGE('',*,*,#1078,.F.);
#1956=ORIENTED_EDGE('',*,*,#1352,.T.);
#1957=ORIENTED_EDGE('',*,*,#1351,.T.);
#1958=ORIENTED_EDGE('',*,*,#1352,.F.);
#1959=ORIENTED_EDGE('',*,*,#1185,.T.);
#1960=ORIENTED_EDGE('',*,*,#1353,.T.);
#1961=ORIENTED_EDGE('',*,*,#1354,.T.);
#1962=ORIENTED_EDGE('',*,*,#1226,.T.);
#1963=ORIENTED_EDGE('',*,*,#1099,.T.);
#1964=ORIENTED_EDGE('',*,*,#1225,.T.);
#1965=ORIENTED_EDGE('',*,*,#1354,.F.);
#1966=ORIENTED_EDGE('',*,*,#1355,.T.);
#1967=ORIENTED_EDGE('',*,*,#1356,.T.);
#1968=ORIENTED_EDGE('',*,*,#1356,.F.);
#1969=ORIENTED_EDGE('',*,*,#1357,.T.);
#1970=ORIENTED_EDGE('',*,*,#1358,.T.);
#1971=ORIENTED_EDGE('',*,*,#1359,.F.);
#1972=ORIENTED_EDGE('',*,*,#1100,.T.);
#1973=ORIENTED_EDGE('',*,*,#1183,.T.);
#1974=ORIENTED_EDGE('',*,*,#1360,.F.);
#1975=ORIENTED_EDGE('',*,*,#1358,.F.);
#1976=ORIENTED_EDGE('',*,*,#1361,.T.);
#1977=ORIENTED_EDGE('',*,*,#1353,.F.);
#1978=ORIENTED_EDGE('',*,*,#1184,.T.);
#1979=ORIENTED_EDGE('',*,*,#1361,.F.);
#1980=ORIENTED_EDGE('',*,*,#1362,.T.);
#1981=ORIENTED_EDGE('',*,*,#1355,.F.);
#1982=ORIENTED_EDGE('',*,*,#1362,.F.);
#1983=ORIENTED_EDGE('',*,*,#1357,.F.);
#1984=ORIENTED_EDGE('',*,*,#1146,.T.);
#1985=ORIENTED_EDGE('',*,*,#1363,.T.);
#1986=ORIENTED_EDGE('',*,*,#1364,.T.);
#1987=ORIENTED_EDGE('',*,*,#1256,.T.);
#1988=ORIENTED_EDGE('',*,*,#1125,.T.);
#1989=ORIENTED_EDGE('',*,*,#1255,.T.);
#1990=ORIENTED_EDGE('',*,*,#1364,.F.);
#1991=ORIENTED_EDGE('',*,*,#1365,.T.);
#1992=ORIENTED_EDGE('',*,*,#1366,.T.);
#1993=ORIENTED_EDGE('',*,*,#1366,.F.);
#1994=ORIENTED_EDGE('',*,*,#1367,.T.);
#1995=ORIENTED_EDGE('',*,*,#1368,.T.);
#1996=ORIENTED_EDGE('',*,*,#1369,.F.);
#1997=ORIENTED_EDGE('',*,*,#1080,.T.);
#1998=ORIENTED_EDGE('',*,*,#1144,.T.);
#1999=ORIENTED_EDGE('',*,*,#1370,.F.);
#2000=ORIENTED_EDGE('',*,*,#1368,.F.);
#2001=ORIENTED_EDGE('',*,*,#1371,.T.);
#2002=ORIENTED_EDGE('',*,*,#1363,.F.);
#2003=ORIENTED_EDGE('',*,*,#1145,.T.);
#2004=ORIENTED_EDGE('',*,*,#1371,.F.);
#2005=ORIENTED_EDGE('',*,*,#1372,.T.);
#2006=ORIENTED_EDGE('',*,*,#1365,.F.);
#2007=ORIENTED_EDGE('',*,*,#1372,.F.);
#2008=ORIENTED_EDGE('',*,*,#1367,.F.);
#2009=ORIENTED_EDGE('',*,*,#1140,.T.);
#2010=ORIENTED_EDGE('',*,*,#1373,.T.);
#2011=ORIENTED_EDGE('',*,*,#1374,.T.);
#2012=ORIENTED_EDGE('',*,*,#1375,.F.);
#2013=ORIENTED_EDGE('',*,*,#1083,.T.);
#2014=ORIENTED_EDGE('',*,*,#1376,.F.);
#2015=ORIENTED_EDGE('',*,*,#1374,.F.);
#2016=ORIENTED_EDGE('',*,*,#1377,.T.);
#2017=ORIENTED_EDGE('',*,*,#1378,.T.);
#2018=ORIENTED_EDGE('',*,*,#1378,.F.);
#2019=ORIENTED_EDGE('',*,*,#1379,.T.);
#2020=ORIENTED_EDGE('',*,*,#1380,.T.);
#2021=ORIENTED_EDGE('',*,*,#1198,.T.);
#2022=ORIENTED_EDGE('',*,*,#1084,.T.);
#2023=ORIENTED_EDGE('',*,*,#1138,.T.);
#2024=ORIENTED_EDGE('',*,*,#1197,.T.);
#2025=ORIENTED_EDGE('',*,*,#1380,.F.);
#2026=ORIENTED_EDGE('',*,*,#1381,.T.);
#2027=ORIENTED_EDGE('',*,*,#1373,.F.);
#2028=ORIENTED_EDGE('',*,*,#1139,.T.);
#2029=ORIENTED_EDGE('',*,*,#1381,.F.);
#2030=ORIENTED_EDGE('',*,*,#1382,.T.);
#2031=ORIENTED_EDGE('',*,*,#1377,.F.);
#2032=ORIENTED_EDGE('',*,*,#1382,.F.);
#2033=ORIENTED_EDGE('',*,*,#1379,.F.);
#2034=ORIENTED_EDGE('',*,*,#1164,.T.);
#2035=ORIENTED_EDGE('',*,*,#1383,.T.);
#2036=ORIENTED_EDGE('',*,*,#1384,.T.);
#2037=ORIENTED_EDGE('',*,*,#1348,.T.);
#2038=ORIENTED_EDGE('',*,*,#1113,.T.);
#2039=ORIENTED_EDGE('',*,*,#1347,.T.);
#2040=ORIENTED_EDGE('',*,*,#1384,.F.);
#2041=ORIENTED_EDGE('',*,*,#1385,.T.);
#2042=ORIENTED_EDGE('',*,*,#1386,.T.);
#2043=ORIENTED_EDGE('',*,*,#1386,.F.);
#2044=ORIENTED_EDGE('',*,*,#1387,.T.);
#2045=ORIENTED_EDGE('',*,*,#1388,.T.);
#2046=ORIENTED_EDGE('',*,*,#1326,.T.);
#2047=ORIENTED_EDGE('',*,*,#1114,.T.);
#2048=ORIENTED_EDGE('',*,*,#1162,.T.);
#2049=ORIENTED_EDGE('',*,*,#1325,.T.);
#2050=ORIENTED_EDGE('',*,*,#1388,.F.);
#2051=ORIENTED_EDGE('',*,*,#1389,.T.);
#2052=ORIENTED_EDGE('',*,*,#1383,.F.);
#2053=ORIENTED_EDGE('',*,*,#1163,.T.);
#2054=ORIENTED_EDGE('',*,*,#1389,.F.);
#2055=ORIENTED_EDGE('',*,*,#1390,.T.);
#2056=ORIENTED_EDGE('',*,*,#1385,.F.);
#2057=ORIENTED_EDGE('',*,*,#1390,.F.);
#2058=ORIENTED_EDGE('',*,*,#1387,.F.);
#2059=ORIENTED_EDGE('',*,*,#1194,.T.);
#2060=ORIENTED_EDGE('',*,*,#1391,.T.);
#2061=ORIENTED_EDGE('',*,*,#1392,.T.);
#2062=ORIENTED_EDGE('',*,*,#1074,.T.);
#2063=ORIENTED_EDGE('',*,*,#1093,.T.);
#2064=ORIENTED_EDGE('',*,*,#1071,.T.);
#2065=ORIENTED_EDGE('',*,*,#1392,.F.);
#2066=ORIENTED_EDGE('',*,*,#1393,.T.);
#2067=ORIENTED_EDGE('',*,*,#1394,.T.);
#2068=ORIENTED_EDGE('',*,*,#1394,.F.);
#2069=ORIENTED_EDGE('',*,*,#1395,.T.);
#2070=ORIENTED_EDGE('',*,*,#1396,.T.);
#2071=ORIENTED_EDGE('',*,*,#1397,.F.);
#2072=ORIENTED_EDGE('',*,*,#1094,.T.);
#2073=ORIENTED_EDGE('',*,*,#1192,.T.);
#2074=ORIENTED_EDGE('',*,*,#1398,.F.);
#2075=ORIENTED_EDGE('',*,*,#1396,.F.);
#2076=ORIENTED_EDGE('',*,*,#1399,.T.);
#2077=ORIENTED_EDGE('',*,*,#1391,.F.);
#2078=ORIENTED_EDGE('',*,*,#1193,.T.);
#2079=ORIENTED_EDGE('',*,*,#1399,.F.);
#2080=ORIENTED_EDGE('',*,*,#1400,.T.);
#2081=ORIENTED_EDGE('',*,*,#1393,.F.);
#2082=ORIENTED_EDGE('',*,*,#1400,.F.);
#2083=ORIENTED_EDGE('',*,*,#1395,.F.);
#2084=ORIENTED_EDGE('',*,*,#1191,.T.);
#2085=ORIENTED_EDGE('',*,*,#1401,.T.);
#2086=ORIENTED_EDGE('',*,*,#1402,.T.);
#2087=ORIENTED_EDGE('',*,*,#1398,.T.);
#2088=ORIENTED_EDGE('',*,*,#1095,.T.);
#2089=ORIENTED_EDGE('',*,*,#1397,.T.);
#2090=ORIENTED_EDGE('',*,*,#1402,.F.);
#2091=ORIENTED_EDGE('',*,*,#1403,.T.);
#2092=ORIENTED_EDGE('',*,*,#1404,.T.);
#2093=ORIENTED_EDGE('',*,*,#1404,.F.);
#2094=ORIENTED_EDGE('',*,*,#1405,.T.);
#2095=ORIENTED_EDGE('',*,*,#1406,.T.);
#2096=ORIENTED_EDGE('',*,*,#1220,.T.);
#2097=ORIENTED_EDGE('',*,*,#1096,.T.);
#2098=ORIENTED_EDGE('',*,*,#1189,.T.);
#2099=ORIENTED_EDGE('',*,*,#1219,.T.);
#2100=ORIENTED_EDGE('',*,*,#1406,.F.);
#2101=ORIENTED_EDGE('',*,*,#1407,.T.);
#2102=ORIENTED_EDGE('',*,*,#1401,.F.);
#2103=ORIENTED_EDGE('',*,*,#1190,.T.);
#2104=ORIENTED_EDGE('',*,*,#1407,.F.);
#2105=ORIENTED_EDGE('',*,*,#1408,.T.);
#2106=ORIENTED_EDGE('',*,*,#1403,.F.);
#2107=ORIENTED_EDGE('',*,*,#1408,.F.);
#2108=ORIENTED_EDGE('',*,*,#1405,.F.);
#2109=ORIENTED_EDGE('',*,*,#1143,.T.);
#2110=ORIENTED_EDGE('',*,*,#1409,.T.);
#2111=ORIENTED_EDGE('',*,*,#1410,.T.);
#2112=ORIENTED_EDGE('',*,*,#1370,.T.);
#2113=ORIENTED_EDGE('',*,*,#1081,.T.);
#2114=ORIENTED_EDGE('',*,*,#1369,.T.);
#2115=ORIENTED_EDGE('',*,*,#1410,.F.);
#2116=ORIENTED_EDGE('',*,*,#1411,.T.);
#2117=ORIENTED_EDGE('',*,*,#1412,.T.);
#2118=ORIENTED_EDGE('',*,*,#1412,.F.);
#2119=ORIENTED_EDGE('',*,*,#1413,.T.);
#2120=ORIENTED_EDGE('',*,*,#1414,.T.);
#2121=ORIENTED_EDGE('',*,*,#1376,.T.);
#2122=ORIENTED_EDGE('',*,*,#1082,.T.);
#2123=ORIENTED_EDGE('',*,*,#1141,.T.);
#2124=ORIENTED_EDGE('',*,*,#1375,.T.);
#2125=ORIENTED_EDGE('',*,*,#1414,.F.);
#2126=ORIENTED_EDGE('',*,*,#1415,.T.);
#2127=ORIENTED_EDGE('',*,*,#1409,.F.);
#2128=ORIENTED_EDGE('',*,*,#1142,.T.);
#2129=ORIENTED_EDGE('',*,*,#1415,.F.);
#2130=ORIENTED_EDGE('',*,*,#1416,.T.);
#2131=ORIENTED_EDGE('',*,*,#1411,.F.);
#2132=ORIENTED_EDGE('',*,*,#1416,.F.);
#2133=ORIENTED_EDGE('',*,*,#1413,.F.);
#2134=ORIENTED_EDGE('',*,*,#1182,.T.);
#2135=ORIENTED_EDGE('',*,*,#1417,.T.);
#2136=ORIENTED_EDGE('',*,*,#1418,.T.);
#2137=ORIENTED_EDGE('',*,*,#1360,.T.);
#2138=ORIENTED_EDGE('',*,*,#1101,.T.);
#2139=ORIENTED_EDGE('',*,*,#1359,.T.);
#2140=ORIENTED_EDGE('',*,*,#1418,.F.);
#2141=ORIENTED_EDGE('',*,*,#1419,.T.);
#2142=ORIENTED_EDGE('',*,*,#1420,.T.);
#2143=ORIENTED_EDGE('',*,*,#1420,.F.);
#2144=ORIENTED_EDGE('',*,*,#1421,.T.);
#2145=ORIENTED_EDGE('',*,*,#1422,.T.);
#2146=ORIENTED_EDGE('',*,*,#1306,.T.);
#2147=ORIENTED_EDGE('',*,*,#1102,.T.);
#2148=ORIENTED_EDGE('',*,*,#1180,.T.);
#2149=ORIENTED_EDGE('',*,*,#1305,.T.);
#2150=ORIENTED_EDGE('',*,*,#1422,.F.);
#2151=ORIENTED_EDGE('',*,*,#1423,.T.);
#2152=ORIENTED_EDGE('',*,*,#1417,.F.);
#2153=ORIENTED_EDGE('',*,*,#1181,.T.);
#2154=ORIENTED_EDGE('',*,*,#1423,.F.);
#2155=ORIENTED_EDGE('',*,*,#1424,.T.);
#2156=ORIENTED_EDGE('',*,*,#1419,.F.);
#2157=ORIENTED_EDGE('',*,*,#1424,.F.);
#2158=ORIENTED_EDGE('',*,*,#1421,.F.);
#2159=CYLINDRICAL_SURFACE('',#2324,1.05);
#2160=ADVANCED_FACE('',(#433),#2159,.F.);
#2161=ADVANCED_FACE('',(#434),#337,.F.);
#2162=ADVANCED_FACE('',(#435),#338,.F.);
#2163=ADVANCED_FACE('',(#436),#339,.F.);
#2164=ADVANCED_FACE('',(#437),#340,.F.);
#2165=ADVANCED_FACE('',(#438),#48,.T.);
#2166=ADVANCED_FACE('',(#439),#23,.F.);
#2167=ADVANCED_FACE('',(#440),#49,.F.);
#2168=ADVANCED_FACE('',(#441,#19),#21,.T.);
#2169=ADVANCED_FACE('',(#442),#341,.F.);
#2170=ADVANCED_FACE('',(#443),#342,.F.);
#2171=ADVANCED_FACE('',(#444),#343,.F.);
#2172=ADVANCED_FACE('',(#445),#344,.F.);
#2173=ADVANCED_FACE('',(#446),#50,.T.);
#2174=ADVANCED_FACE('',(#447),#24,.F.);
#2175=ADVANCED_FACE('',(#448),#345,.F.);
#2176=ADVANCED_FACE('',(#449),#346,.F.);
#2177=ADVANCED_FACE('',(#450),#347,.F.);
#2178=ADVANCED_FACE('',(#451),#348,.F.);
#2179=ADVANCED_FACE('',(#452),#51,.T.);
#2180=ADVANCED_FACE('',(#453),#25,.F.);
#2181=ADVANCED_FACE('',(#454),#349,.F.);
#2182=ADVANCED_FACE('',(#455),#350,.F.);
#2183=ADVANCED_FACE('',(#456),#351,.F.);
#2184=ADVANCED_FACE('',(#457),#352,.F.);
#2185=ADVANCED_FACE('',(#458),#52,.T.);
#2186=ADVANCED_FACE('',(#459),#26,.F.);
#2187=ADVANCED_FACE('',(#460),#353,.F.);
#2188=ADVANCED_FACE('',(#461),#354,.F.);
#2189=ADVANCED_FACE('',(#462),#355,.F.);
#2190=ADVANCED_FACE('',(#463),#356,.F.);
#2191=ADVANCED_FACE('',(#464),#53,.T.);
#2192=ADVANCED_FACE('',(#465),#27,.F.);
#2193=ADVANCED_FACE('',(#466),#357,.F.);
#2194=ADVANCED_FACE('',(#467),#358,.F.);
#2195=ADVANCED_FACE('',(#468),#359,.F.);
#2196=ADVANCED_FACE('',(#469),#360,.F.);
#2197=ADVANCED_FACE('',(#470),#54,.T.);
#2198=ADVANCED_FACE('',(#471),#28,.F.);
#2199=ADVANCED_FACE('',(#472),#361,.F.);
#2200=ADVANCED_FACE('',(#473),#362,.F.);
#2201=ADVANCED_FACE('',(#474),#363,.F.);
#2202=ADVANCED_FACE('',(#475),#364,.F.);
#2203=ADVANCED_FACE('',(#476),#55,.T.);
#2204=ADVANCED_FACE('',(#477),#29,.F.);
#2205=ADVANCED_FACE('',(#478),#365,.F.);
#2206=ADVANCED_FACE('',(#479),#366,.F.);
#2207=ADVANCED_FACE('',(#480),#367,.F.);
#2208=ADVANCED_FACE('',(#481),#368,.F.);
#2209=ADVANCED_FACE('',(#482),#56,.T.);
#2210=ADVANCED_FACE('',(#483),#30,.F.);
#2211=ADVANCED_FACE('',(#484),#369,.F.);
#2212=ADVANCED_FACE('',(#485),#370,.F.);
#2213=ADVANCED_FACE('',(#486),#371,.F.);
#2214=ADVANCED_FACE('',(#487),#372,.F.);
#2215=ADVANCED_FACE('',(#488),#57,.T.);
#2216=ADVANCED_FACE('',(#489),#31,.F.);
#2217=ADVANCED_FACE('',(#490),#373,.F.);
#2218=ADVANCED_FACE('',(#491),#374,.F.);
#2219=ADVANCED_FACE('',(#492),#375,.F.);
#2220=ADVANCED_FACE('',(#493),#376,.F.);
#2221=ADVANCED_FACE('',(#494),#58,.T.);
#2222=ADVANCED_FACE('',(#495),#32,.F.);
#2223=ADVANCED_FACE('',(#496),#377,.F.);
#2224=ADVANCED_FACE('',(#497),#378,.F.);
#2225=ADVANCED_FACE('',(#498),#379,.F.);
#2226=ADVANCED_FACE('',(#499),#380,.F.);
#2227=ADVANCED_FACE('',(#500),#59,.T.);
#2228=ADVANCED_FACE('',(#501),#33,.F.);
#2229=ADVANCED_FACE('',(#502),#381,.F.);
#2230=ADVANCED_FACE('',(#503),#382,.F.);
#2231=ADVANCED_FACE('',(#504),#383,.F.);
#2232=ADVANCED_FACE('',(#505),#384,.F.);
#2233=ADVANCED_FACE('',(#506),#60,.T.);
#2234=ADVANCED_FACE('',(#507),#34,.F.);
#2235=ADVANCED_FACE('',(#508),#385,.F.);
#2236=ADVANCED_FACE('',(#509),#386,.F.);
#2237=ADVANCED_FACE('',(#510),#387,.F.);
#2238=ADVANCED_FACE('',(#511),#388,.F.);
#2239=ADVANCED_FACE('',(#512),#61,.T.);
#2240=ADVANCED_FACE('',(#513),#35,.F.);
#2241=ADVANCED_FACE('',(#514),#389,.F.);
#2242=ADVANCED_FACE('',(#515),#390,.F.);
#2243=ADVANCED_FACE('',(#516),#391,.F.);
#2244=ADVANCED_FACE('',(#517),#392,.F.);
#2245=ADVANCED_FACE('',(#518),#62,.T.);
#2246=ADVANCED_FACE('',(#519),#36,.F.);
#2247=ADVANCED_FACE('',(#520),#393,.F.);
#2248=ADVANCED_FACE('',(#521),#394,.F.);
#2249=ADVANCED_FACE('',(#522),#395,.F.);
#2250=ADVANCED_FACE('',(#523),#396,.F.);
#2251=ADVANCED_FACE('',(#524),#63,.T.);
#2252=ADVANCED_FACE('',(#525),#37,.F.);
#2253=ADVANCED_FACE('',(#526),#397,.F.);
#2254=ADVANCED_FACE('',(#527),#398,.F.);
#2255=ADVANCED_FACE('',(#528),#399,.F.);
#2256=ADVANCED_FACE('',(#529),#400,.F.);
#2257=ADVANCED_FACE('',(#530),#64,.T.);
#2258=ADVANCED_FACE('',(#531),#38,.F.);
#2259=ADVANCED_FACE('',(#532,#20),#22,.T.);
#2260=ADVANCED_FACE('',(#533),#39,.T.);
#2261=ADVANCED_FACE('',(#534),#401,.F.);
#2262=ADVANCED_FACE('',(#535),#402,.F.);
#2263=ADVANCED_FACE('',(#536),#403,.F.);
#2264=ADVANCED_FACE('',(#537),#404,.F.);
#2265=ADVANCED_FACE('',(#538),#65,.T.);
#2266=ADVANCED_FACE('',(#539),#40,.F.);
#2267=ADVANCED_FACE('',(#540),#405,.F.);
#2268=ADVANCED_FACE('',(#541),#406,.F.);
#2269=ADVANCED_FACE('',(#542),#407,.F.);
#2270=ADVANCED_FACE('',(#543),#408,.F.);
#2271=ADVANCED_FACE('',(#544),#66,.T.);
#2272=ADVANCED_FACE('',(#545),#41,.F.);
#2273=ADVANCED_FACE('',(#546),#409,.F.);
#2274=ADVANCED_FACE('',(#547),#410,.F.);
#2275=ADVANCED_FACE('',(#548),#411,.F.);
#2276=ADVANCED_FACE('',(#549),#412,.F.);
#2277=ADVANCED_FACE('',(#550),#67,.T.);
#2278=ADVANCED_FACE('',(#551),#42,.F.);
#2279=ADVANCED_FACE('',(#552),#413,.F.);
#2280=ADVANCED_FACE('',(#553),#414,.F.);
#2281=ADVANCED_FACE('',(#554),#415,.F.);
#2282=ADVANCED_FACE('',(#555),#416,.F.);
#2283=ADVANCED_FACE('',(#556),#68,.T.);
#2284=ADVANCED_FACE('',(#557),#43,.F.);
#2285=ADVANCED_FACE('',(#558),#417,.F.);
#2286=ADVANCED_FACE('',(#559),#418,.F.);
#2287=ADVANCED_FACE('',(#560),#419,.F.);
#2288=ADVANCED_FACE('',(#561),#420,.F.);
#2289=ADVANCED_FACE('',(#562),#69,.T.);
#2290=ADVANCED_FACE('',(#563),#44,.F.);
#2291=ADVANCED_FACE('',(#564),#421,.F.);
#2292=ADVANCED_FACE('',(#565),#422,.F.);
#2293=ADVANCED_FACE('',(#566),#423,.F.);
#2294=ADVANCED_FACE('',(#567),#424,.F.);
#2295=ADVANCED_FACE('',(#568),#70,.T.);
#2296=ADVANCED_FACE('',(#569),#45,.F.);
#2297=ADVANCED_FACE('',(#570),#425,.F.);
#2298=ADVANCED_FACE('',(#571),#426,.F.);
#2299=ADVANCED_FACE('',(#572),#427,.F.);
#2300=ADVANCED_FACE('',(#573),#428,.F.);
#2301=ADVANCED_FACE('',(#574),#71,.T.);
#2302=ADVANCED_FACE('',(#575),#46,.F.);
#2303=ADVANCED_FACE('',(#576),#429,.F.);
#2304=ADVANCED_FACE('',(#577),#430,.F.);
#2305=ADVANCED_FACE('',(#578),#431,.F.);
#2306=ADVANCED_FACE('',(#579),#432,.F.);
#2307=ADVANCED_FACE('',(#580),#72,.T.);
#2308=ADVANCED_FACE('',(#581),#47,.F.);
#2309=CLOSED_SHELL('',(#2160,#2161,#2162,#2163,#2164,#2165,#2166,#2167,
#2168,#2169,#2170,#2171,#2172,#2173,#2174,#2175,#2176,#2177,#2178,#2179,
#2180,#2181,#2182,#2183,#2184,#2185,#2186,#2187,#2188,#2189,#2190,#2191,
#2192,#2193,#2194,#2195,#2196,#2197,#2198,#2199,#2200,#2201,#2202,#2203,
#2204,#2205,#2206,#2207,#2208,#2209,#2210,#2211,#2212,#2213,#2214,#2215,
#2216,#2217,#2218,#2219,#2220,#2221,#2222,#2223,#2224,#2225,#2226,#2227,
#2228,#2229,#2230,#2231,#2232,#2233,#2234,#2235,#2236,#2237,#2238,#2239,
#2240,#2241,#2242,#2243,#2244,#2245,#2246,#2247,#2248,#2249,#2250,#2251,
#2252,#2253,#2254,#2255,#2256,#2257,#2258,#2259,#2260,#2261,#2262,#2263,
#2264,#2265,#2266,#2267,#2268,#2269,#2270,#2271,#2272,#2273,#2274,#2275,
#2276,#2277,#2278,#2279,#2280,#2281,#2282,#2283,#2284,#2285,#2286,#2287,
#2288,#2289,#2290,#2291,#2292,#2293,#2294,#2295,#2296,#2297,#2298,#2299,
#2300,#2301,#2302,#2303,#2304,#2305,#2306,#2307,#2308));
#2310=DERIVED_UNIT_ELEMENT(#2312,1.);
#2311=DERIVED_UNIT_ELEMENT(#7453,-3.);
#2312=(
MASS_UNIT()
NAMED_UNIT(*)
SI_UNIT(.KILO.,.GRAM.)
);
#2313=DERIVED_UNIT((#2310,#2311));
#2314=MEASURE_REPRESENTATION_ITEM('density measure',
POSITIVE_RATIO_MEASURE(7850.),#2313);
#2315=PROPERTY_DEFINITION_REPRESENTATION(#2320,#2317);
#2316=PROPERTY_DEFINITION_REPRESENTATION(#2321,#2318);
#2317=REPRESENTATION('material name',(#2319),#7450);
#2318=REPRESENTATION('density',(#2314),#7450);
#2319=DESCRIPTIVE_REPRESENTATION_ITEM('Steel','Steel');
#2320=PROPERTY_DEFINITION('material property','material name',#7465);
#2321=PROPERTY_DEFINITION('material property','density of part',#7465);
#2322=AXIS2_PLACEMENT_3D('',#2795,#2479,#2480);
#2323=AXIS2_PLACEMENT_3D('',#2796,#2481,#2482);
#2324=AXIS2_PLACEMENT_3D('',#2797,#2483,#2484);
#2325=AXIS2_PLACEMENT_3D('',#2799,#2485,#2486);
#2326=AXIS2_PLACEMENT_3D('',#2802,#2488,#2489);
#2327=AXIS2_PLACEMENT_3D('',#2855,#2490,#2491);
#2328=AXIS2_PLACEMENT_3D('',#2933,#2492,#2493);
#2329=AXIS2_PLACEMENT_3D('',#3005,#2494,#2495);
#2330=AXIS2_PLACEMENT_3D('',#3006,#2496,#2497);
#2331=AXIS2_PLACEMENT_3D('',#3007,#2498,#2499);
#2332=AXIS2_PLACEMENT_3D('',#3008,#2500,#2501);
#2333=AXIS2_PLACEMENT_3D('',#3009,#2502,#2503);
#2334=AXIS2_PLACEMENT_3D('',#3011,#2504,#2505);
#2335=AXIS2_PLACEMENT_3D('',#3013,#2506,#2507);
#2336=AXIS2_PLACEMENT_3D('',#3472,#2508,#2509);
#2337=AXIS2_PLACEMENT_3D('',#3487,#2510,#2511);
#2338=AXIS2_PLACEMENT_3D('',#3515,#2512,#2513);
#2339=AXIS2_PLACEMENT_3D('',#3543,#2514,#2515);
#2340=AXIS2_PLACEMENT_3D('',#3571,#2516,#2517);
#2341=AXIS2_PLACEMENT_3D('',#3599,#2518,#2519);
#2342=AXIS2_PLACEMENT_3D('',#3627,#2520,#2521);
#2343=AXIS2_PLACEMENT_3D('',#3655,#2522,#2523);
#2344=AXIS2_PLACEMENT_3D('',#3683,#2524,#2525);
#2345=AXIS2_PLACEMENT_3D('',#3711,#2526,#2527);
#2346=AXIS2_PLACEMENT_3D('',#3739,#2528,#2529);
#2347=AXIS2_PLACEMENT_3D('',#3767,#2530,#2531);
#2348=AXIS2_PLACEMENT_3D('',#3795,#2532,#2533);
#2349=AXIS2_PLACEMENT_3D('',#3823,#2534,#2535);
#2350=AXIS2_PLACEMENT_3D('',#3851,#2536,#2537);
#2351=AXIS2_PLACEMENT_3D('',#3879,#2538,#2539);
#2352=AXIS2_PLACEMENT_3D('',#3907,#2540,#2541);
#2353=AXIS2_PLACEMENT_3D('',#3935,#2542,#2543);
#2354=AXIS2_PLACEMENT_3D('',#3963,#2544,#2545);
#2355=AXIS2_PLACEMENT_3D('',#3991,#2546,#2547);
#2356=AXIS2_PLACEMENT_3D('',#4019,#2548,#2549);
#2357=AXIS2_PLACEMENT_3D('',#4047,#2550,#2551);
#2358=AXIS2_PLACEMENT_3D('',#4075,#2552,#2553);
#2359=AXIS2_PLACEMENT_3D('',#4103,#2554,#2555);
#2360=AXIS2_PLACEMENT_3D('',#4154,#2556,#2557);
#2361=AXIS2_PLACEMENT_3D('',#4222,#2558,#2559);
#2362=AXIS2_PLACEMENT_3D('',#4269,#2560,#2561);
#2363=AXIS2_PLACEMENT_3D('',#4270,#2562,#2563);
#2364=AXIS2_PLACEMENT_3D('',#4271,#2564,#2565);
#2365=AXIS2_PLACEMENT_3D('',#4309,#2566,#2567);
#2366=AXIS2_PLACEMENT_3D('',#4367,#2568,#2569);
#2367=AXIS2_PLACEMENT_3D('',#4414,#2570,#2571);
#2368=AXIS2_PLACEMENT_3D('',#4415,#2572,#2573);
#2369=AXIS2_PLACEMENT_3D('',#4416,#2574,#2575);
#2370=AXIS2_PLACEMENT_3D('',#4455,#2576,#2577);
#2371=AXIS2_PLACEMENT_3D('',#4523,#2578,#2579);
#2372=AXIS2_PLACEMENT_3D('',#4570,#2580,#2581);
#2373=AXIS2_PLACEMENT_3D('',#4571,#2582,#2583);
#2374=AXIS2_PLACEMENT_3D('',#4572,#2584,#2585);
#2375=AXIS2_PLACEMENT_3D('',#4611,#2586,#2587);
#2376=AXIS2_PLACEMENT_3D('',#4678,#2588,#2589);
#2377=AXIS2_PLACEMENT_3D('',#4715,#2590,#2591);
#2378=AXIS2_PLACEMENT_3D('',#4716,#2592,#2593);
#2379=AXIS2_PLACEMENT_3D('',#4717,#2594,#2595);
#2380=AXIS2_PLACEMENT_3D('',#4755,#2596,#2597);
#2381=AXIS2_PLACEMENT_3D('',#4812,#2598,#2599);
#2382=AXIS2_PLACEMENT_3D('',#4849,#2600,#2601);
#2383=AXIS2_PLACEMENT_3D('',#4850,#2602,#2603);
#2384=AXIS2_PLACEMENT_3D('',#4851,#2604,#2605);
#2385=AXIS2_PLACEMENT_3D('',#4890,#2606,#2607);
#2386=AXIS2_PLACEMENT_3D('',#4958,#2608,#2609);
#2387=AXIS2_PLACEMENT_3D('',#5005,#2610,#2611);
#2388=AXIS2_PLACEMENT_3D('',#5006,#2612,#2613);
#2389=AXIS2_PLACEMENT_3D('',#5007,#2614,#2615);
#2390=AXIS2_PLACEMENT_3D('',#5046,#2616,#2617);
#2391=AXIS2_PLACEMENT_3D('',#5114,#2618,#2619);
#2392=AXIS2_PLACEMENT_3D('',#5161,#2620,#2621);
#2393=AXIS2_PLACEMENT_3D('',#5162,#2622,#2623);
#2394=AXIS2_PLACEMENT_3D('',#5163,#2624,#2625);
#2395=AXIS2_PLACEMENT_3D('',#5202,#2626,#2627);
#2396=AXIS2_PLACEMENT_3D('',#5269,#2628,#2629);
#2397=AXIS2_PLACEMENT_3D('',#5306,#2630,#2631);
#2398=AXIS2_PLACEMENT_3D('',#5307,#2632,#2633);
#2399=AXIS2_PLACEMENT_3D('',#5308,#2634,#2635);
#2400=AXIS2_PLACEMENT_3D('',#5347,#2636,#2637);
#2401=AXIS2_PLACEMENT_3D('',#5415,#2638,#2639);
#2402=AXIS2_PLACEMENT_3D('',#5462,#2640,#2641);
#2403=AXIS2_PLACEMENT_3D('',#5463,#2642,#2643);
#2404=AXIS2_PLACEMENT_3D('',#5464,#2644,#2645);
#2405=AXIS2_PLACEMENT_3D('',#5503,#2646,#2647);
#2406=AXIS2_PLACEMENT_3D('',#5570,#2648,#2649);
#2407=AXIS2_PLACEMENT_3D('',#5607,#2650,#2651);
#2408=AXIS2_PLACEMENT_3D('',#5608,#2652,#2653);
#2409=AXIS2_PLACEMENT_3D('',#5609,#2654,#2655);
#2410=AXIS2_PLACEMENT_3D('',#5648,#2656,#2657);
#2411=AXIS2_PLACEMENT_3D('',#5715,#2658,#2659);
#2412=AXIS2_PLACEMENT_3D('',#5752,#2660,#2661);
#2413=AXIS2_PLACEMENT_3D('',#5753,#2662,#2663);
#2414=AXIS2_PLACEMENT_3D('',#5754,#2664,#2665);
#2415=AXIS2_PLACEMENT_3D('',#5792,#2666,#2667);
#2416=AXIS2_PLACEMENT_3D('',#5850,#2668,#2669);
#2417=AXIS2_PLACEMENT_3D('',#5897,#2670,#2671);
#2418=AXIS2_PLACEMENT_3D('',#5898,#2672,#2673);
#2419=AXIS2_PLACEMENT_3D('',#5899,#2674,#2675);
#2420=AXIS2_PLACEMENT_3D('',#5938,#2676,#2677);
#2421=AXIS2_PLACEMENT_3D('',#6005,#2678,#2679);
#2422=AXIS2_PLACEMENT_3D('',#6042,#2680,#2681);
#2423=AXIS2_PLACEMENT_3D('',#6043,#2682,#2683);
#2424=AXIS2_PLACEMENT_3D('',#6044,#2684,#2685);
#2425=AXIS2_PLACEMENT_3D('',#6082,#2686,#2687);
#2426=AXIS2_PLACEMENT_3D('',#6139,#2688,#2689);
#2427=AXIS2_PLACEMENT_3D('',#6176,#2690,#2691);
#2428=AXIS2_PLACEMENT_3D('',#6177,#2692,#2693);
#2429=AXIS2_PLACEMENT_3D('',#6178,#2694,#2695);
#2430=AXIS2_PLACEMENT_3D('',#6216,#2696,#2697);
#2431=AXIS2_PLACEMENT_3D('',#6274,#2698,#2699);
#2432=AXIS2_PLACEMENT_3D('',#6321,#2700,#2701);
#2433=AXIS2_PLACEMENT_3D('',#6322,#2702,#2703);
#2434=AXIS2_PLACEMENT_3D('',#6323,#2704,#2705);
#2435=AXIS2_PLACEMENT_3D('',#6324,#2706,#2707);
#2436=AXIS2_PLACEMENT_3D('',#6326,#2708,#2709);
#2437=AXIS2_PLACEMENT_3D('',#6327,#2710,#2711);
#2438=AXIS2_PLACEMENT_3D('',#6366,#2713,#2714);
#2439=AXIS2_PLACEMENT_3D('',#6424,#2715,#2716);
#2440=AXIS2_PLACEMENT_3D('',#6471,#2717,#2718);
#2441=AXIS2_PLACEMENT_3D('',#6472,#2719,#2720);
#2442=AXIS2_PLACEMENT_3D('',#6473,#2721,#2722);
#2443=AXIS2_PLACEMENT_3D('',#6511,#2723,#2724);
#2444=AXIS2_PLACEMENT_3D('',#6569,#2725,#2726);
#2445=AXIS2_PLACEMENT_3D('',#6616,#2727,#2728);
#2446=AXIS2_PLACEMENT_3D('',#6617,#2729,#2730);
#2447=AXIS2_PLACEMENT_3D('',#6618,#2731,#2732);
#2448=AXIS2_PLACEMENT_3D('',#6657,#2733,#2734);
#2449=AXIS2_PLACEMENT_3D('',#6724,#2735,#2736);
#2450=AXIS2_PLACEMENT_3D('',#6761,#2737,#2738);
#2451=AXIS2_PLACEMENT_3D('',#6762,#2739,#2740);
#2452=AXIS2_PLACEMENT_3D('',#6763,#2741,#2742);
#2453=AXIS2_PLACEMENT_3D('',#6801,#2743,#2744);
#2454=AXIS2_PLACEMENT_3D('',#6858,#2745,#2746);
#2455=AXIS2_PLACEMENT_3D('',#6895,#2747,#2748);
#2456=AXIS2_PLACEMENT_3D('',#6896,#2749,#2750);
#2457=AXIS2_PLACEMENT_3D('',#6897,#2751,#2752);
#2458=AXIS2_PLACEMENT_3D('',#6935,#2753,#2754);
#2459=AXIS2_PLACEMENT_3D('',#6993,#2755,#2756);
#2460=AXIS2_PLACEMENT_3D('',#7040,#2757,#2758);
#2461=AXIS2_PLACEMENT_3D('',#7041,#2759,#2760);
#2462=AXIS2_PLACEMENT_3D('',#7042,#2761,#2762);
#2463=AXIS2_PLACEMENT_3D('',#7080,#2763,#2764);
#2464=AXIS2_PLACEMENT_3D('',#7137,#2765,#2766);
#2465=AXIS2_PLACEMENT_3D('',#7174,#2767,#2768);
#2466=AXIS2_PLACEMENT_3D('',#7175,#2769,#2770);
#2467=AXIS2_PLACEMENT_3D('',#7176,#2771,#2772);
#2468=AXIS2_PLACEMENT_3D('',#7214,#2773,#2774);
#2469=AXIS2_PLACEMENT_3D('',#7271,#2775,#2776);
#2470=AXIS2_PLACEMENT_3D('',#7308,#2777,#2778);
#2471=AXIS2_PLACEMENT_3D('',#7309,#2779,#2780);
#2472=AXIS2_PLACEMENT_3D('',#7310,#2781,#2782);
#2473=AXIS2_PLACEMENT_3D('',#7348,#2783,#2784);
#2474=AXIS2_PLACEMENT_3D('',#7405,#2785,#2786);
#2475=AXIS2_PLACEMENT_3D('',#7442,#2787,#2788);
#2476=AXIS2_PLACEMENT_3D('',#7443,#2789,#2790);
#2477=AXIS2_PLACEMENT_3D('',#7444,#2791,#2792);
#2478=AXIS2_PLACEMENT_3D('',#7445,#2793,#2794);
#2479=DIRECTION('axis',(0.,0.,1.));
#2480=DIRECTION('refdir',(1.,0.,0.));
#2481=DIRECTION('axis',(0.,0.,1.));
#2482=DIRECTION('refdir',(1.,0.,0.));
#2483=DIRECTION('center_axis',(8.22435614186076E-16,0.,-1.));
#2484=DIRECTION('ref_axis',(-1.,0.,-8.22435614186076E-16));
#2485=DIRECTION('center_axis',(2.77686246956438E-15,-6.80135147004887E-31,
-1.));
#2486=DIRECTION('ref_axis',(-1.,0.,-8.22435614186076E-16));
#2487=DIRECTION('',(8.22435614186076E-16,0.,-1.));
#2488=DIRECTION('center_axis',(-2.77686246956438E-15,-6.90253292068385E-31,
1.));
#2489=DIRECTION('ref_axis',(-1.,0.,-8.22435614186076E-16));
#2490=DIRECTION('center_axis',(-0.12465190944024,0.946825253789745,0.296620700995207));
#2491=DIRECTION('ref_axis',(0.0743144872483296,-0.289203362418,0.954378736221182));
#2492=DIRECTION('center_axis',(0.365460906689414,-0.88230067744675,-0.296620700994986));
#2493=DIRECTION('ref_axis',(0.0802434473826672,-0.287614702337819,0.954378736221251));
#2494=DIRECTION('center_axis',(2.77686246956438E-15,0.,-1.));
#2495=DIRECTION('ref_axis',(-0.25881904510252,0.965925826289068,-7.00505187027625E-16));
#2496=DIRECTION('center_axis',(-2.0581575768107E-15,-2.68224317540508E-15,
1.));
#2497=DIRECTION('ref_axis',(-0.258819045102523,0.965925826289068,2.05815757681069E-15));
#2498=DIRECTION('center_axis',(2.0581575768107E-15,2.68224317540508E-15,
-1.));
#2499=DIRECTION('ref_axis',(-0.258819045102518,0.965925826289069,2.05815757681071E-15));
#2500=DIRECTION('center_axis',(-2.77686246956438E-15,0.,1.));
#2501=DIRECTION('ref_axis',(-0.25881904510252,0.965925826289069,-7.28693777952431E-16));
#2502=DIRECTION('center_axis',(2.77686246956438E-15,-6.80135147004887E-31,
-1.));
#2503=DIRECTION('ref_axis',(-1.,0.,-2.69282517168196E-15));
#2504=DIRECTION('center_axis',(2.77686246956438E-15,-6.80135147004887E-31,
-1.));
#2505=DIRECTION('ref_axis',(1.,1.88864176394952E-45,2.77686246956438E-15));
#2506=DIRECTION('center_axis',(-1.40251311025102E-16,-1.,2.9067654511208E-31));
#2507=DIRECTION('ref_axis',(1.,-1.40251311025102E-16,2.80502622050204E-15));
#2508=DIRECTION('center_axis',(2.77686246956438E-15,6.90253292068385E-31,
-1.));
#2509=DIRECTION('ref_axis',(0.965925826289068,0.25881904510252,2.68224317540508E-15));
#2510=DIRECTION('center_axis',(-2.77686246956438E-15,-2.77686246956438E-15,
1.));
#2511=DIRECTION('ref_axis',(-2.64420097206938E-15,1.,2.77686246956438E-15));
#2512=DIRECTION('center_axis',(-3.49556736231806E-15,-2.68224317540508E-15,
1.));
#2513=DIRECTION('ref_axis',(0.258819045102519,0.965925826289069,3.49556736231806E-15));
#2514=DIRECTION('center_axis',(-4.16529370434657E-15,-2.40483344145835E-15,
1.));
#2515=DIRECTION('ref_axis',(0.499999999999998,0.86602540378444,4.16529370434657E-15));
#2516=DIRECTION('center_axis',(-4.74040075221578E-15,-1.9635382826514E-15,
1.));
#2517=DIRECTION('ref_axis',(0.707106781186546,0.707106781186549,4.74040075221577E-15));
#2518=DIRECTION('center_axis',(-5.18169591102273E-15,-1.38843123478219E-15,
1.));
#2519=DIRECTION('ref_axis',(0.866025403784437,0.500000000000002,5.18169591102272E-15));
#2520=DIRECTION('center_axis',(-5.45910564496946E-15,-7.1870489275368E-16,
1.));
#2521=DIRECTION('ref_axis',(0.965925826289068,0.258819045102523,5.45910564496946E-15));
#2522=DIRECTION('center_axis',(-5.55372493912876E-15,3.40067573502443E-31,
1.));
#2523=DIRECTION('ref_axis',(1.,2.70543331202674E-15,5.55372493912876E-15));
#2524=DIRECTION('center_axis',(-5.45910564496946E-15,7.18704892753682E-16,
1.));
#2525=DIRECTION('ref_axis',(0.965925826289069,-0.258819045102518,5.45910564496946E-15));
#2526=DIRECTION('center_axis',(-5.18169591102273E-15,1.38843123478219E-15,
1.));
#2527=DIRECTION('ref_axis',(0.86602540378444,-0.499999999999998,5.18169591102273E-15));
#2528=DIRECTION('center_axis',(-4.74040075221578E-15,1.9635382826514E-15,
1.));
#2529=DIRECTION('ref_axis',(0.707106781186549,-0.707106781186546,4.74040075221578E-15));
#2530=DIRECTION('center_axis',(-4.16529370434657E-15,2.40483344145835E-15,
1.));
#2531=DIRECTION('ref_axis',(0.500000000000002,-0.866025403784437,4.16529370434658E-15));
#2532=DIRECTION('center_axis',(-3.49556736231806E-15,2.68224317540508E-15,
1.));
#2533=DIRECTION('ref_axis',(0.258819045102523,-0.965925826289068,3.49556736231807E-15));
#2534=DIRECTION('center_axis',(-2.77686246956438E-15,2.77686246956438E-15,
1.));
#2535=DIRECTION('ref_axis',(2.7666656519841E-15,-1.,2.77686246956439E-15));
#2536=DIRECTION('center_axis',(-2.0581575768107E-15,2.68224317540508E-15,
1.));
#2537=DIRECTION('ref_axis',(-0.258819045102518,-0.965925826289069,2.05815757681071E-15));
#2538=DIRECTION('center_axis',(-1.38843123478219E-15,2.40483344145835E-15,
1.));
#2539=DIRECTION('ref_axis',(-0.499999999999998,-0.86602540378444,1.3884312347822E-15));
#2540=DIRECTION('center_axis',(-8.13324186912984E-16,1.9635382826514E-15,
1.));
#2541=DIRECTION('ref_axis',(-0.707106781186546,-0.707106781186549,8.1332418691299E-16));
#2542=DIRECTION('center_axis',(-3.72029028106034E-16,1.38843123478219E-15,
1.));
#2543=DIRECTION('ref_axis',(-0.866025403784437,-0.500000000000002,3.72029028106038E-16));
#2544=DIRECTION('center_axis',(-9.46192941593036E-17,7.18704892753681E-16,
1.));
#2545=DIRECTION('ref_axis',(-0.965925826289068,-0.258819045102523,9.46192941593055E-17));
#2546=DIRECTION('center_axis',(0.,0.,1.));
#2547=DIRECTION('ref_axis',(-1.,-2.82789799194147E-15,0.));
#2548=DIRECTION('center_axis',(-9.46192941593041E-17,-7.18704892753683E-16,
1.));
#2549=DIRECTION('ref_axis',(-0.965925826289069,0.258819045102519,9.46192941593023E-17));
#2550=DIRECTION('center_axis',(-3.72029028106035E-16,-1.38843123478219E-15,
1.));
#2551=DIRECTION('ref_axis',(-0.86602540378444,0.499999999999998,3.72029028106031E-16));
#2552=DIRECTION('center_axis',(-8.13324186912985E-16,-1.9635382826514E-15,
1.));
#2553=DIRECTION('ref_axis',(-0.707106781186549,0.707106781186546,8.13324186912979E-16));
#2554=DIRECTION('center_axis',(-1.38843123478219E-15,-2.40483344145835E-15,
1.));
#2555=DIRECTION('ref_axis',(-0.500000000000002,0.866025403784438,1.38843123478219E-15));
#2556=DIRECTION('center_axis',(0.757648768006447,0.581364347100357,0.296620700995209));
#2557=DIRECTION('ref_axis',(-0.213300215089702,-0.20895991503527,0.954378736221181));
#2558=DIRECTION('center_axis',(-0.581364347100398,-0.757648768006501,-0.296620700994989));
#2559=DIRECTION('ref_axis',(-0.208959915035118,-0.213300215089541,0.954378736221251));
#2560=DIRECTION('center_axis',(2.77686246956438E-15,3.94430452610506E-31,
-1.));
#2561=DIRECTION('ref_axis',(0.707106781186548,0.707106781186547,1.98476469657827E-15));
#2562=DIRECTION('center_axis',(4.74040075221578E-15,1.9635382826514E-15,
-1.));
#2563=DIRECTION('ref_axis',(0.70710678118655,0.707106781186545,4.74040075221578E-15));
#2564=DIRECTION('center_axis',(-2.77686246956438E-15,-3.94430452610506E-31,
1.));
#2565=DIRECTION('ref_axis',(0.707106781186548,0.707106781186547,1.95354939745265E-15));
#2566=DIRECTION('center_axis',(0.581364347100357,0.757648768006447,0.296620700995209));
#2567=DIRECTION('ref_axis',(-0.151949380834024,-0.257045936581415,0.954378736221182));
#2568=DIRECTION('center_axis',(-0.365460906689413,-0.88230067744675,-0.296620700994988));
#2569=DIRECTION('ref_axis',(-0.146633620601953,-0.260114992182094,0.954378736221251));
#2570=DIRECTION('center_axis',(2.77686246956438E-15,7.88860905221012E-31,
-1.));
#2571=DIRECTION('ref_axis',(0.5,0.866025403784438,1.40101037405525E-15));
#2572=DIRECTION('center_axis',(4.16529370434657E-15,2.40483344145835E-15,
-1.));
#2573=DIRECTION('ref_axis',(0.500000000000003,0.866025403784437,4.16529370434658E-15));
#2574=DIRECTION('center_axis',(-2.77686246956438E-15,-7.88860905221012E-31,
1.));
#2575=DIRECTION('ref_axis',(0.500000000000001,0.866025403784438,1.37844234958344E-15));
#2576=DIRECTION('center_axis',(-0.757648768006448,0.581364347100358,0.296620700995205));
#2577=DIRECTION('ref_axis',(0.257045936581413,-0.151949380834021,0.954378736221183));
#2578=DIRECTION('center_axis',(0.882300677446751,-0.365460906689414,-0.296620700994985));
#2579=DIRECTION('ref_axis',(0.260114992182091,-0.14663362060195,0.954378736221252));
#2580=DIRECTION('center_axis',(2.77686246956438E-15,-5.91645678915759E-31,
-1.));
#2581=DIRECTION('ref_axis',(-0.866025403784438,0.5,-2.45176815459669E-15));
#2582=DIRECTION('center_axis',(3.72029028106035E-16,1.38843123478219E-15,
-1.));
#2583=DIRECTION('ref_axis',(-0.866025403784437,0.500000000000003,3.72029028106039E-16));
#2584=DIRECTION('center_axis',(-2.77686246956438E-15,5.91645678915759E-31,
1.));
#2585=DIRECTION('ref_axis',(-0.866025403784438,0.500000000000001,-2.4148223266571E-15));
#2586=DIRECTION('center_axis',(0.124651909440239,0.946825253789745,0.296620700995208));
#2587=DIRECTION('ref_axis',(-0.00306905560087374,-0.29858300143608,0.954378736221182));
#2588=DIRECTION('center_axis',(0.124651909440249,-0.946825253789812,-0.296620700994987));
#2589=DIRECTION('ref_axis',(0.00306905560086621,-0.298583001435859,0.954378736221251));
#2590=DIRECTION('center_axis',(2.77686246956438E-15,0.,-1.));
#2591=DIRECTION('ref_axis',(1.84247458046329E-16,1.,0.));
#2592=DIRECTION('center_axis',(2.77686246956438E-15,2.77686246956438E-15,
-1.));
#2593=DIRECTION('ref_axis',(2.629446634524E-15,1.,2.77686246956439E-15));
#2594=DIRECTION('center_axis',(-2.77686246956438E-15,0.,1.));
#2595=DIRECTION('ref_axis',(5.55277200507187E-16,1.,-9.98888519875094E-18));
#2596=DIRECTION('center_axis',(0.365460906689387,0.882300677446687,0.296620700995208));
#2597=DIRECTION('ref_axis',(-0.0802434473827322,-0.287614702338032,0.954378736221182));
#2598=DIRECTION('center_axis',(-0.124651909440249,-0.946825253789812,-0.296620700994988));
#2599=DIRECTION('ref_axis',(-0.0743144872482801,-0.289203362417785,0.954378736221251));
#2600=DIRECTION('center_axis',(2.77686246956438E-15,0.,-1.));
#2601=DIRECTION('ref_axis',(0.258819045102522,0.965925826289068,7.00505187027625E-16));
#2602=DIRECTION('center_axis',(3.49556736231806E-15,2.68224317540508E-15,
-1.));
#2603=DIRECTION('ref_axis',(0.258819045102524,0.965925826289068,3.49556736231807E-15));
#2604=DIRECTION('center_axis',(-2.77686246956438E-15,0.,1.));
#2605=DIRECTION('ref_axis',(0.258819045102522,0.965925826289068,7.08716007554931E-16));
#2606=DIRECTION('center_axis',(0.882300677446686,-0.365460906689387,0.29662070099521));
#2607=DIRECTION('ref_axis',(-0.287614702338034,0.0802434473827294,0.954378736221181));
#2608=DIRECTION('center_axis',(-0.946825253789811,0.124651909440249,-0.29662070099499));
#2609=DIRECTION('ref_axis',(-0.289203362417788,0.0743144872482773,0.95437873622125));
#2610=DIRECTION('center_axis',(2.77686246956438E-15,5.91645678915759E-31,
-1.));
#2611=DIRECTION('ref_axis',(0.965925826289068,-0.258819045102521,2.6268944513536E-15));
#2612=DIRECTION('center_axis',(5.45910564496946E-15,-7.18704892753682E-16,
-1.));
#2613=DIRECTION('ref_axis',(0.965925826289068,-0.258819045102523,5.45910564496946E-15));
#2614=DIRECTION('center_axis',(-2.77686246956438E-15,-5.91645678915759E-31,
1.));
#2615=DIRECTION('ref_axis',(0.965925826289068,-0.258819045102521,2.67225429020633E-15));
#2616=DIRECTION('center_axis',(0.581364347100357,-0.757648768006447,0.296620700995209));
#2617=DIRECTION('ref_axis',(-0.208959915035273,0.213300215089699,0.954378736221181));
#2618=DIRECTION('center_axis',(-0.757648768006501,0.581364347100399,-0.296620700994989));
#2619=DIRECTION('ref_axis',(-0.213300215089544,0.208959915035116,0.954378736221251));
#2620=DIRECTION('center_axis',(2.77686246956438E-15,0.,-1.));
#2621=DIRECTION('ref_axis',(0.707106781186547,-0.707106781186548,1.98476469657827E-15));
#2622=DIRECTION('center_axis',(4.74040075221578E-15,-1.9635382826514E-15,
-1.));
#2623=DIRECTION('ref_axis',(0.707106781186546,-0.707106781186549,4.74040075221577E-15));
#2624=DIRECTION('center_axis',(-2.77686246956438E-15,0.,1.));
#2625=DIRECTION('ref_axis',(0.707106781186547,-0.707106781186548,1.95354939745264E-15));
#2626=DIRECTION('center_axis',(0.365460906689387,-0.882300677446687,0.296620700995208));
#2627=DIRECTION('ref_axis',(-0.146633620602061,0.260114992182286,0.954378736221182));
#2628=DIRECTION('center_axis',(-0.581364347100398,0.757648768006501,-0.296620700994989));
#2629=DIRECTION('ref_axis',(-0.151949380833911,0.257045936581225,0.954378736221251));
#2630=DIRECTION('center_axis',(2.77686246956438E-15,0.,-1.));
#2631=DIRECTION('ref_axis',(0.5,-0.866025403784439,1.40101037405525E-15));
#2632=DIRECTION('center_axis',(4.16529370434657E-15,-2.40483344145835E-15,
-1.));
#2633=DIRECTION('ref_axis',(0.499999999999998,-0.86602540378444,4.16529370434657E-15));
#2634=DIRECTION('center_axis',(-2.77686246956438E-15,0.,1.));
#2635=DIRECTION('ref_axis',(0.499999999999999,-0.866025403784439,1.37844234958344E-15));
#2636=DIRECTION('center_axis',(-0.757648768006448,-0.581364347100357,0.296620700995205));
#2637=DIRECTION('ref_axis',(0.213300215089697,0.20895991503527,0.954378736221183));
#2638=DIRECTION('center_axis',(0.5813643471004,0.757648768006501,-0.296620700994986));
#2639=DIRECTION('ref_axis',(0.208959915035113,0.213300215089541,0.954378736221252));
#2640=DIRECTION('center_axis',(2.77686246956438E-15,-3.94430452610506E-31,
-1.));
#2641=DIRECTION('ref_axis',(-0.707106781186548,-0.707106781186547,-1.98476469657827E-15));
#2642=DIRECTION('center_axis',(8.13324186912984E-16,-1.9635382826514E-15,
-1.));
#2643=DIRECTION('ref_axis',(-0.707106781186549,-0.707106781186546,8.1332418691298E-16));
#2644=DIRECTION('center_axis',(-2.77686246956438E-15,3.94430452610506E-31,
1.));
#2645=DIRECTION('ref_axis',(-0.707106781186548,-0.707106781186547,-1.97352716785015E-15));
#2646=DIRECTION('center_axis',(-0.882300677446688,-0.365460906689387,0.296620700995205));
#2647=DIRECTION('ref_axis',(0.260114992182284,0.146633620602059,0.954378736221183));
#2648=DIRECTION('center_axis',(0.757648768006502,0.581364347100399,-0.296620700994985));
#2649=DIRECTION('ref_axis',(0.257045936581222,0.151949380833909,0.954378736221252));
#2650=DIRECTION('center_axis',(2.77686246956438E-15,-5.91645678915759E-31,
-1.));
#2651=DIRECTION('ref_axis',(-0.866025403784439,-0.5,-2.45176815459669E-15));
#2652=DIRECTION('center_axis',(3.72029028106034E-16,-1.38843123478219E-15,
-1.));
#2653=DIRECTION('ref_axis',(-0.86602540378444,-0.499999999999998,3.72029028106031E-16));
#2654=DIRECTION('center_axis',(-2.77686246956438E-15,5.91645678915759E-31,
1.));
#2655=DIRECTION('ref_axis',(-0.866025403784439,-0.5,-2.4148223266571E-15));
#2656=DIRECTION('center_axis',(-0.946825253789745,-0.12465190944024,0.296620700995205));
#2657=DIRECTION('ref_axis',(0.289203362417997,0.0743144872483324,0.954378736221183));
#2658=DIRECTION('center_axis',(0.882300677446751,0.365460906689413,-0.296620700994985));
#2659=DIRECTION('ref_axis',(0.287614702337816,0.08024344738267,0.954378736221252));
#2660=DIRECTION('center_axis',(2.77686246956438E-15,-5.91645678915759E-31,
-1.));
#2661=DIRECTION('ref_axis',(-0.965925826289068,-0.258819045102521,-2.6268944513536E-15));
#2662=DIRECTION('center_axis',(9.46192941593036E-17,-7.18704892753681E-16,
-1.));
#2663=DIRECTION('ref_axis',(-0.965925826289069,-0.258819045102518,9.46192941593017E-17));
#2664=DIRECTION('center_axis',(-2.77686246956438E-15,5.91645678915759E-31,
1.));
#2665=DIRECTION('ref_axis',(-0.965925826289068,-0.25881904510252,-2.69223206060383E-15));
#2666=DIRECTION('center_axis',(-0.581364347100358,-0.757648768006447,0.296620700995206));
#2667=DIRECTION('ref_axis',(0.151949380834019,0.257045936581415,0.954378736221183));
#2668=DIRECTION('center_axis',(0.365460906689414,0.88230067744675,-0.296620700994986));
#2669=DIRECTION('ref_axis',(0.146633620601947,0.260114992182094,0.954378736221252));
#2670=DIRECTION('center_axis',(2.77686246956438E-15,0.,-1.));
#2671=DIRECTION('ref_axis',(-0.5,-0.866025403784439,-1.40101037405525E-15));
#2672=DIRECTION('center_axis',(1.38843123478219E-15,-2.40483344145835E-15,
-1.));
#2673=DIRECTION('ref_axis',(-0.500000000000002,-0.866025403784437,1.38843123478218E-15));
#2674=DIRECTION('center_axis',(-2.77686246956438E-15,0.,1.));
#2675=DIRECTION('ref_axis',(-0.5,-0.866025403784438,-1.39842011998094E-15));
#2676=DIRECTION('center_axis',(0.124651909440239,-0.946825253789745,0.296620700995208));
#2677=DIRECTION('ref_axis',(-0.074314487248335,0.289203362418,0.954378736221182));
#2678=DIRECTION('center_axis',(-0.365460906689413,0.88230067744675,-0.296620700994988));
#2679=DIRECTION('ref_axis',(-0.0802434473826726,0.287614702337819,0.954378736221251));
#2680=DIRECTION('center_axis',(2.77686246956438E-15,0.,-1.));
#2681=DIRECTION('ref_axis',(0.258819045102521,-0.965925826289068,7.00505187027625E-16));
#2682=DIRECTION('center_axis',(3.49556736231806E-15,-2.68224317540508E-15,
-1.));
#2683=DIRECTION('ref_axis',(0.258819045102518,-0.965925826289069,3.49556736231806E-15));
#2684=DIRECTION('center_axis',(-2.77686246956438E-15,0.,1.));
#2685=DIRECTION('ref_axis',(0.25881904510252,-0.965925826289068,7.08716007554927E-16));
#2686=DIRECTION('center_axis',(0.757648768006446,-0.581364347100357,0.296620700995209));
#2687=DIRECTION('ref_axis',(-0.257045936581418,0.151949380834021,0.954378736221181));
#2688=DIRECTION('center_axis',(-0.882300677446749,0.365460906689414,-0.29662070099499));
#2689=DIRECTION('ref_axis',(-0.260114992182096,0.14663362060195,0.954378736221251));
#2690=DIRECTION('center_axis',(2.77686246956438E-15,7.88860905221012E-31,
-1.));
#2691=DIRECTION('ref_axis',(0.866025403784438,-0.5,2.45176815459669E-15));
#2692=DIRECTION('center_axis',(5.18169591102273E-15,-1.38843123478219E-15,
-1.));
#2693=DIRECTION('ref_axis',(0.866025403784437,-0.500000000000002,5.18169591102273E-15));
#2694=DIRECTION('center_axis',(-2.77686246956438E-15,-7.88860905221012E-31,
1.));
#2695=DIRECTION('ref_axis',(0.866025403784438,-0.500000000000001,2.39484455625959E-15));
#2696=DIRECTION('center_axis',(-0.365460906689388,-0.882300677446687,0.296620700995206));
#2697=DIRECTION('ref_axis',(0.0802434473827267,0.287614702338032,0.954378736221182));
#2698=DIRECTION('center_axis',(0.12465190944025,0.946825253789812,-0.296620700994987));
#2699=DIRECTION('ref_axis',(0.0743144872482746,0.289203362417785,0.954378736221251));
#2700=DIRECTION('center_axis',(2.77686246956438E-15,0.,-1.));
#2701=DIRECTION('ref_axis',(-0.258819045102521,-0.965925826289068,-7.00505187027625E-16));
#2702=DIRECTION('center_axis',(2.0581575768107E-15,-2.68224317540508E-15,
-1.));
#2703=DIRECTION('ref_axis',(-0.258819045102523,-0.965925826289068,2.05815757681069E-15));
#2704=DIRECTION('center_axis',(-2.77686246956438E-15,0.,1.));
#2705=DIRECTION('ref_axis',(-0.258819045102521,-0.965925826289068,-7.28693777952435E-16));
#2706=DIRECTION('center_axis',(-2.77686246956438E-15,6.80135147004887E-31,
1.));
#2707=DIRECTION('ref_axis',(1.,0.,2.77686246956438E-15));
#2708=DIRECTION('center_axis',(2.77686246956438E-15,-6.80135147004887E-31,
-1.));
#2709=DIRECTION('ref_axis',(1.,1.88864176394952E-45,2.77686246956438E-15));
#2710=DIRECTION('center_axis',(2.77686246956438E-15,-6.80135147004887E-31,
-1.));
#2711=DIRECTION('ref_axis',(-1.,7.85472081495499E-16,-2.74915228523425E-15));
#2712=DIRECTION('',(-0.15097915403703,1.37079524156836E-16,0.988536946727973));
#2713=DIRECTION('center_axis',(-0.882300677446688,0.365460906689388,0.296620700995205));
#2714=DIRECTION('ref_axis',(0.287614702338029,-0.0802434473827295,0.954378736221183));
#2715=DIRECTION('center_axis',(0.946825253789813,-0.12465190944025,-0.296620700994985));
#2716=DIRECTION('ref_axis',(0.289203362417783,-0.0743144872482774,0.954378736221252));
#2717=DIRECTION('center_axis',(2.77686246956438E-15,-4.93038065763132E-31,
-1.));
#2718=DIRECTION('ref_axis',(-0.965925826289068,0.258819045102522,-2.62689445135359E-15));
#2719=DIRECTION('center_axis',(9.46192941593041E-17,7.18704892753683E-16,
-1.));
#2720=DIRECTION('ref_axis',(-0.965925826289068,0.258819045102524,9.46192941593061E-17));
#2721=DIRECTION('center_axis',(-2.77686246956438E-15,4.93038065763132E-31,
1.));
#2722=DIRECTION('ref_axis',(-0.965925826289068,0.258819045102522,-2.69223206060383E-15));
#2723=DIRECTION('center_axis',(0.946825253789744,-0.12465190944024,0.29662070099521));
#2724=DIRECTION('ref_axis',(-0.298583001436083,0.00306905560087107,0.954378736221181));
#2725=DIRECTION('center_axis',(-0.946825253789812,-0.124651909440249,-0.29662070099499));
#2726=DIRECTION('ref_axis',(-0.298583001435862,-0.00306905560086888,0.95437873622125));
#2727=DIRECTION('center_axis',(2.77686246956438E-15,6.40617473613377E-31,
-1.));
#2728=DIRECTION('ref_axis',(1.,-1.16750864504604E-16,2.7436453158582E-15));
#2729=DIRECTION('center_axis',(5.55372493912876E-15,-3.40067573502443E-31,
-1.));
#2730=DIRECTION('ref_axis',(1.,-2.56821429456664E-15,5.55372493912876E-15));
#2731=DIRECTION('center_axis',(-2.77686246956438E-15,-6.40617473613377E-31,
1.));
#2732=DIRECTION('ref_axis',(1.,-4.9404486054982E-16,2.76687358436563E-15));
#2733=DIRECTION('center_axis',(0.882300677446686,0.365460906689387,0.29662070099521));
#2734=DIRECTION('ref_axis',(-0.260114992182289,-0.146633620602059,0.954378736221181));
#2735=DIRECTION('center_axis',(-0.757648768006501,-0.581364347100399,-0.296620700994989));
#2736=DIRECTION('ref_axis',(-0.257045936581228,-0.151949380833909,0.954378736221251));
#2737=DIRECTION('center_axis',(2.77686246956438E-15,5.91645678915759E-31,
-1.));
#2738=DIRECTION('ref_axis',(0.866025403784439,0.5,2.45176815459669E-15));
#2739=DIRECTION('center_axis',(5.18169591102273E-15,1.38843123478219E-15,
-1.));
#2740=DIRECTION('ref_axis',(0.86602540378444,0.499999999999998,5.18169591102273E-15));
#2741=DIRECTION('center_axis',(-2.77686246956438E-15,-5.91645678915759E-31,
1.));
#2742=DIRECTION('ref_axis',(0.866025403784439,0.499999999999999,2.3948445562596E-15));
#2743=DIRECTION('center_axis',(-0.124651909440241,-0.946825253789745,0.296620700995207));
#2744=DIRECTION('ref_axis',(0.0030690556008684,0.29858300143608,0.954378736221182));
#2745=DIRECTION('center_axis',(-0.124651909440248,0.946825253789812,-0.296620700994988));
#2746=DIRECTION('ref_axis',(-0.00306905560087155,0.298583001435859,0.954378736221251));
#2747=DIRECTION('center_axis',(2.77686246956438E-15,0.,-1.));
#2748=DIRECTION('ref_axis',(-6.2023896768071E-17,-1.,0.));
#2749=DIRECTION('center_axis',(2.77686246956438E-15,-2.77686246956438E-15,
-1.));
#2750=DIRECTION('ref_axis',(-2.50698195460928E-15,-1.,2.77686246956438E-15));
#2751=DIRECTION('center_axis',(-2.77686246956438E-15,0.,1.));
#2752=DIRECTION('ref_axis',(-4.32812520592452E-16,-1.,-9.98888519875374E-18));
#2753=DIRECTION('center_axis',(-0.365460906689388,0.882300677446687,0.296620700995206));
#2754=DIRECTION('ref_axis',(0.146633620602056,-0.260114992182287,0.954378736221183));
#2755=DIRECTION('center_axis',(0.581364347100399,-0.757648768006502,-0.296620700994986));
#2756=DIRECTION('ref_axis',(0.151949380833906,-0.257045936581225,0.954378736221252));
#2757=DIRECTION('center_axis',(2.77686246956438E-15,-3.94430452610506E-31,
-1.));
#2758=DIRECTION('ref_axis',(-0.499999999999999,0.866025403784439,-1.40101037405525E-15));
#2759=DIRECTION('center_axis',(1.38843123478219E-15,2.40483344145835E-15,
-1.));
#2760=DIRECTION('ref_axis',(-0.499999999999997,0.86602540378444,1.3884312347822E-15));
#2761=DIRECTION('center_axis',(-2.77686246956438E-15,3.94430452610506E-31,
1.));
#2762=DIRECTION('ref_axis',(-0.499999999999999,0.866025403784439,-1.39842011998094E-15));
#2763=DIRECTION('center_axis',(-0.581364347100358,0.757648768006447,0.296620700995206));
#2764=DIRECTION('ref_axis',(0.208959915035268,-0.213300215089699,0.954378736221183));
#2765=DIRECTION('center_axis',(0.757648768006502,-0.581364347100399,-0.296620700994985));
#2766=DIRECTION('ref_axis',(0.213300215089539,-0.208959915035116,0.954378736221252));
#2767=DIRECTION('center_axis',(2.77686246956438E-15,-3.94430452610506E-31,
-1.));
#2768=DIRECTION('ref_axis',(-0.707106781186547,0.707106781186548,-1.98476469657827E-15));
#2769=DIRECTION('center_axis',(8.13324186912985E-16,1.9635382826514E-15,
-1.));
#2770=DIRECTION('ref_axis',(-0.707106781186546,0.707106781186549,8.1332418691299E-16));
#2771=DIRECTION('center_axis',(-2.77686246956438E-15,3.94430452610506E-31,
1.));
#2772=DIRECTION('ref_axis',(-0.707106781186547,0.707106781186548,-1.97352716785015E-15));
#2773=DIRECTION('center_axis',(0.946825253789744,0.12465190944024,0.29662070099521));
#2774=DIRECTION('ref_axis',(-0.289203362418002,-0.0743144872483323,0.954378736221181));
#2775=DIRECTION('center_axis',(-0.88230067744675,-0.365460906689413,-0.29662070099499));
#2776=DIRECTION('ref_axis',(-0.287614702337821,-0.0802434473826699,0.95437873622125));
#2777=DIRECTION('center_axis',(2.77686246956438E-15,6.90253292068385E-31,
-1.));
#2778=DIRECTION('ref_axis',(0.965925826289068,0.25881904510252,2.62689445135359E-15));
#2779=DIRECTION('center_axis',(5.45910564496946E-15,7.1870489275368E-16,
-1.));
#2780=DIRECTION('ref_axis',(0.965925826289069,0.258819045102518,5.45910564496946E-15));
#2781=DIRECTION('center_axis',(-2.77686246956438E-15,-6.90253292068385E-31,
1.));
#2782=DIRECTION('ref_axis',(0.965925826289069,0.25881904510252,2.67225429020633E-15));
#2783=DIRECTION('center_axis',(-0.946825253789745,0.12465190944024,0.296620700995205));
#2784=DIRECTION('ref_axis',(0.298583001436077,-0.00306905560087104,0.954378736221183));
#2785=DIRECTION('center_axis',(0.946825253789813,0.124651909440249,-0.296620700994985));
#2786=DIRECTION('ref_axis',(0.298583001435856,0.00306905560086892,0.954378736221252));
#2787=DIRECTION('center_axis',(2.77686246956438E-15,-6.40617473613377E-31,
-1.));
#2788=DIRECTION('ref_axis',(-1.,0.,-2.7436453158582E-15));
#2789=DIRECTION('center_axis',(0.,0.,-1.));
#2790=DIRECTION('ref_axis',(-1.,2.44574961465191E-15,0.));
#2791=DIRECTION('center_axis',(-2.77686246956438E-15,6.40617473613377E-31,
1.));
#2792=DIRECTION('ref_axis',(-1.,3.71580180635084E-16,-2.78685135476313E-15));
#2793=DIRECTION('',(0.,0.,1.));
#2794=DIRECTION('',(1.,0.,0.));
#2795=CARTESIAN_POINT('',(0.,0.,0.));
#2796=CARTESIAN_POINT('',(0.,0.,0.));
#2797=CARTESIAN_POINT('Origin',(0.269424964681733,-16.649999999999,30.2448073649476));
#2798=CARTESIAN_POINT('',(1.31942496468173,-16.649999999999,30.2448073649476));
#2799=CARTESIAN_POINT('Origin',(0.269424964681733,-16.649999999999,30.2448073649476));
#2800=CARTESIAN_POINT('',(1.31942496468174,-16.649999999999,19.2000000000077));
#2801=CARTESIAN_POINT('',(1.31942496468173,-16.649999999999,30.2448073649476));
#2802=CARTESIAN_POINT('Origin',(0.269424964681742,-16.649999999999,19.2000000000077));
#2803=CARTESIAN_POINT('Ctrl Pts',(-5.41752840946182,11.8418450113288,19.1967002157848));
#2804=CARTESIAN_POINT('Ctrl Pts',(-5.31443243930338,11.0960613054759,20.6452419635314));
#2805=CARTESIAN_POINT('Ctrl Pts',(-5.02730485022522,9.02325556985401,23.2331225422438));
#2806=CARTESIAN_POINT('Ctrl Pts',(-4.31258777723668,3.93685227427731,25.991760718374));
#2807=CARTESIAN_POINT('Ctrl Pts',(-3.69973844419651,-0.274828891121026,
25.971199679401));
#2808=CARTESIAN_POINT('Ctrl Pts',(-3.34578628451862,-2.58099020347915,25.2448073649481));
#2809=CARTESIAN_POINT('Ctrl Pts',(-4.86439784203964,11.944195730249,19.2119230953032));
#2810=CARTESIAN_POINT('Ctrl Pts',(-4.76162788173699,11.1944415158179,20.6644487889415));
#2811=CARTESIAN_POINT('Ctrl Pts',(-4.47587980978325,9.11372565920432,23.2556710733322));
#2812=CARTESIAN_POINT('Ctrl Pts',(-3.76661120258804,4.00736847372576,26.0070135779842));
#2813=CARTESIAN_POINT('Ctrl Pts',(-3.16438639947008,-0.205647322803149,
25.9662295301827));
#2814=CARTESIAN_POINT('Ctrl Pts',(-2.82134479565148,-2.50624832808686,25.2266196183007));
#2815=CARTESIAN_POINT('Ctrl Pts',(-3.82258729222531,11.6932504646186,19.0118521907578));
#2816=CARTESIAN_POINT('Ctrl Pts',(-3.72602583702519,10.969299985064,20.411472829263));
#2817=CARTESIAN_POINT('Ctrl Pts',(-3.45749211800861,8.9568002630616,22.9091723228398));
#2818=CARTESIAN_POINT('Ctrl Pts',(-2.79733311228331,4.02835252142082,25.5524863462173));
#2819=CARTESIAN_POINT('Ctrl Pts',(-2.24780646807107,-0.0374924667015594,
25.5007798616191));
#2820=CARTESIAN_POINT('Ctrl Pts',(-1.94439772112688,-2.25144869750621,24.7818172254467));
#2821=CARTESIAN_POINT('Ctrl Pts',(-3.35385324427943,10.8715303572656,18.5564343904359));
#2822=CARTESIAN_POINT('Ctrl Pts',(-3.26664962654176,10.2090424450225,19.8400476499299));
#2823=CARTESIAN_POINT('Ctrl Pts',(-3.024101144424,8.36738442970672,22.1325720540506));
#2824=CARTESIAN_POINT('Ctrl Pts',(-2.42948999103773,3.8499629476698,24.570577107708));
#2825=CARTESIAN_POINT('Ctrl Pts',(-1.93700596225676,0.110385115125344,24.5428841776543));
#2826=CARTESIAN_POINT('Ctrl Pts',(-1.66759026596079,-1.93690859543458,23.8941181091876));
#2827=CARTESIAN_POINT('Ctrl Pts',(-3.30497752946152,10.5002824454251,18.3617349566362));
#2828=CARTESIAN_POINT('Ctrl Pts',(-3.22122147294723,9.86409203469099,19.5958320156841));
#2829=CARTESIAN_POINT('Ctrl Pts',(-2.98842048976669,8.09579300925084,21.8005981650369));
#2830=CARTESIAN_POINT('Ctrl Pts',(-2.41687817454399,3.75449811780154,24.1508426543211));
#2831=CARTESIAN_POINT('Ctrl Pts',(-1.94304977799968,0.155414126024113,24.1333255080137));
#2832=CARTESIAN_POINT('Ctrl Pts',(-1.68298171674643,-1.81999891982872,23.514469599735));
#2833=CARTESIAN_POINT('',(-3.24145580864368,10.0177870732755,19.1999999998989));
#2834=CARTESIAN_POINT('',(-5.41729346862187,11.8401454821766,19.1999999998139));
#2835=CARTESIAN_POINT('Ctrl Pts',(-3.24145580862537,10.0177870731364,19.2000000000077));
#2836=CARTESIAN_POINT('Ctrl Pts',(-3.28281863059594,10.3319688982333,19.2000000000077));
#2837=CARTESIAN_POINT('Ctrl Pts',(-3.38227779708115,10.63772647039,19.2000000000216));
#2838=CARTESIAN_POINT('Ctrl Pts',(-3.6765002708977,11.1442666821172,19.2000000000216));
#2839=CARTESIAN_POINT('Ctrl Pts',(-3.85342347622321,11.3508137557307,19.2000000000329));
#2840=CARTESIAN_POINT('Ctrl Pts',(-4.25390489940431,11.6548821413808,19.2000000000329));
#2841=CARTESIAN_POINT('Ctrl Pts',(-4.46442862239902,11.7598560820576,19.2000000000113));
#2842=CARTESIAN_POINT('Ctrl Pts',(-4.80945206701944,11.8493192455689,19.2000000000113));
#2843=CARTESIAN_POINT('Ctrl Pts',(-4.93125990268071,11.8669197134041,19.2000000000077));
#2844=CARTESIAN_POINT('Ctrl Pts',(-5.1759834395575,11.874184874632,19.2000000000077));
#2845=CARTESIAN_POINT('Ctrl Pts',(-5.29769601583151,11.8640174920244,19.2000000000077));
#2846=CARTESIAN_POINT('Ctrl Pts',(-5.41729346859426,11.840145481977,19.2000000000077));
#2847=CARTESIAN_POINT('',(-3.34578628451845,-2.58099020347978,25.2448073649481));
#2848=CARTESIAN_POINT('Ctrl Pts',(-5.41729346785696,11.8401454760132,19.1999999930292));
#2849=CARTESIAN_POINT('Ctrl Pts',(-5.31421437865031,11.0944871076013,20.6472070404827));
#2850=CARTESIAN_POINT('Ctrl Pts',(-5.02714977812427,9.02215197337484,23.2337210837281));
#2851=CARTESIAN_POINT('Ctrl Pts',(-4.31258777723668,3.93685227427731,25.991760718374));
#2852=CARTESIAN_POINT('Ctrl Pts',(-3.69973844419651,-0.274828891121026,
25.971199679401));
#2853=CARTESIAN_POINT('Ctrl Pts',(-3.34578628451862,-2.58099020347915,25.2448073649481));
#2854=CARTESIAN_POINT('',(-1.68298171674629,-1.81999891982984,23.5144695997347));
#2855=CARTESIAN_POINT('Origin',(-3.48052227444355,-2.05664962376419,23.514469599735));
#2856=CARTESIAN_POINT('Ctrl Pts',(-3.24140808396623,10.0174245683605,19.1997644482937));
#2857=CARTESIAN_POINT('Ctrl Pts',(-3.16589042302974,9.44381098471872,20.0961325259893));
#2858=CARTESIAN_POINT('Ctrl Pts',(-2.9505605971185,7.80821857396096,21.9560859649223));
#2859=CARTESIAN_POINT('Ctrl Pts',(-2.41699986174095,3.75542242382823,24.1508501818624));
#2860=CARTESIAN_POINT('Ctrl Pts',(-1.94309080270378,0.155725739588927,24.1334231300764));
#2861=CARTESIAN_POINT('Ctrl Pts',(-1.68298171674629,-1.81999891982984,23.5144695997347));
#2862=CARTESIAN_POINT('Ctrl Pts',(-3.34578628451854,-2.58099020347954,25.2448073649479));
#2863=CARTESIAN_POINT('Ctrl Pts',(-2.93639979628773,-5.59066152251096,24.3009154088444));
#2864=CARTESIAN_POINT('Ctrl Pts',(-2.53261552891001,-8.61132993764752,23.3510093346128));
#2865=CARTESIAN_POINT('Ctrl Pts',(-2.06270395739561,-11.5949824991547,22.4417758242045));
#2866=CARTESIAN_POINT('Ctrl Pts',(-2.8213447956514,-2.50624832808724,25.2266196183006));
#2867=CARTESIAN_POINT('Ctrl Pts',(-2.41472011887306,-5.51514646086911,24.2790604169561));
#2868=CARTESIAN_POINT('Ctrl Pts',(-2.01170267568635,-8.53518278360181,23.3276949007076));
#2869=CARTESIAN_POINT('Ctrl Pts',(-1.55895783642106,-11.5155655309945,22.3983131415351));
#2870=CARTESIAN_POINT('Ctrl Pts',(-1.944388857547,-2.25145047941347,24.781826638197));
#2871=CARTESIAN_POINT('Ctrl Pts',(-1.54503967030463,-5.26111543012467,23.8323293757973));
#2872=CARTESIAN_POINT('Ctrl Pts',(-1.14606637484112,-8.27946932851379,22.878686622067));
#2873=CARTESIAN_POINT('Ctrl Pts',(-0.734920837541325,-11.2686822455908,
21.9390591567362));
#2874=CARTESIAN_POINT('Ctrl Pts',(-1.66759026596075,-1.93690859543482,23.8941181091876));
#2875=CARTESIAN_POINT('Ctrl Pts',(-1.27107139627242,-4.94899796954369,22.9485613709851));
#2876=CARTESIAN_POINT('Ctrl Pts',(-0.873671014736668,-7.96616094265401,
21.9974973612386));
#2877=CARTESIAN_POINT('Ctrl Pts',(-0.477611083215309,-10.9756978668308,
21.0792355516784));
#2878=CARTESIAN_POINT('Ctrl Pts',(-1.6829817167464,-1.81999891982892,23.514469599735));
#2879=CARTESIAN_POINT('Ctrl Pts',(-1.28632047820531,-4.83294015383607,22.5705776436314));
#2880=CARTESIAN_POINT('Ctrl Pts',(-0.889174758854014,-7.84956138494984,
21.6206715693999));
#2881=CARTESIAN_POINT('Ctrl Pts',(-0.491954346739596,-10.8667499639263,
20.7114380589915));
#2882=CARTESIAN_POINT('',(-0.664521743264481,-9.55597045205022,21.1097089018359));
#2883=CARTESIAN_POINT('',(-1.14559623934983,-11.3690689727658,22.0927677835762));
#2884=CARTESIAN_POINT('Ctrl Pts',(-0.664521743858098,-9.55597044754123,
21.1097089018465));
#2885=CARTESIAN_POINT('Ctrl Pts',(-0.611496611215886,-9.95873631688611,
21.268746396199));
#2886=CARTESIAN_POINT('Ctrl Pts',(-0.626673796524505,-10.3062308341947,
21.4509895669594));
#2887=CARTESIAN_POINT('Ctrl Pts',(-0.752774984119019,-10.7549778186058,
21.713480810893));
#2888=CARTESIAN_POINT('Ctrl Pts',(-0.810002037933483,-10.8923787586163,
21.7986799692195));
#2889=CARTESIAN_POINT('Ctrl Pts',(-0.957402047222786,-11.1461837396709,
21.9572247092875));
#2890=CARTESIAN_POINT('Ctrl Pts',(-1.04397570297881,-11.2609785001261,22.0294031996539));
#2891=CARTESIAN_POINT('Ctrl Pts',(-1.14559623934987,-11.3690689727658,22.0927677835762));
#2892=CARTESIAN_POINT('Ctrl Pts',(-1.68298171674629,-1.81999891982984,23.5144695997347));
#2893=CARTESIAN_POINT('Ctrl Pts',(-1.34377238139024,-4.39654962393535,22.707289739521));
#2894=CARTESIAN_POINT('Ctrl Pts',(-1.00423997683554,-6.97555428223512,21.8957825524489));
#2895=CARTESIAN_POINT('Ctrl Pts',(-0.664552078776399,-9.55574003096083,
21.1089436977239));
#2896=CARTESIAN_POINT('',(-3.18553800453821,-3.75590266060104,24.87651871701));
#2897=CARTESIAN_POINT('Ctrl Pts',(-3.34578628451854,-2.58099020347954,25.2448073649479));
#2898=CARTESIAN_POINT('Ctrl Pts',(-3.29253467382101,-2.97247807622588,25.1220290895726));
#2899=CARTESIAN_POINT('Ctrl Pts',(-3.23937785229188,-3.36415201903656,24.999149055757));
#2900=CARTESIAN_POINT('Ctrl Pts',(-3.18615795135721,-3.7559063608381,24.8762700156091));
#2901=CARTESIAN_POINT('Ctrl Pts',(-3.18553800454204,-3.75590266059165,24.8765187170131));
#2902=CARTESIAN_POINT('Ctrl Pts',(-3.18271364980325,-3.76644329597541,24.8731045066337));
#2903=CARTESIAN_POINT('Ctrl Pts',(-3.17988941742454,-3.77698347470123,24.8696887503791));
#2904=CARTESIAN_POINT('Ctrl Pts',(-2.50692989802684,-6.28850259247555,24.0553770944285));
#2905=CARTESIAN_POINT('Ctrl Pts',(-1.80057014703141,-8.92467307166624,23.1052865684331));
#2906=CARTESIAN_POINT('Ctrl Pts',(-1.14559623934983,-11.3690689727658,22.0927677835762));
#2907=CARTESIAN_POINT('Ctrl Pts',(-0.238400894320996,-11.1061619666542,
22.4417758242045));
#2908=CARTESIAN_POINT('Ctrl Pts',(-1.32341340465217,-8.28691937123379,23.3511279999667));
#2909=CARTESIAN_POINT('Ctrl Pts',(-2.48393182076091,-5.46938721744519,24.3009262647252));
#2910=CARTESIAN_POINT('Ctrl Pts',(-3.63421515172289,-2.65827448552172,25.2448073649477));
#2911=CARTESIAN_POINT('Ctrl Pts',(-0.714366316222895,-11.2892579152232,
22.3983131415351));
#2912=CARTESIAN_POINT('Ctrl Pts',(-1.81261247264108,-8.4814319178181,23.3278161956379));
#2913=CARTESIAN_POINT('Ctrl Pts',(-2.97347722792326,-5.66482911798556,24.2790713150146));
#2914=CARTESIAN_POINT('Ctrl Pts',(-4.12576574157651,-2.85576686713907,25.2266196183003));
#2915=CARTESIAN_POINT('Ctrl Pts',(-1.55145536335105,-11.4874778936807,21.9390726259588));
#2916=CARTESIAN_POINT('Ctrl Pts',(-2.6901479349233,-8.69280611254336,22.8788227234015));
#2917=CARTESIAN_POINT('Ctrl Pts',(-3.85366953956403,-5.87968205210329,23.8323560523229));
#2918=CARTESIAN_POINT('Ctrl Pts',(-5.01264214406918,-3.07359342801727,24.7818423943738));
#2919=CARTESIAN_POINT('Ctrl Pts',(-1.92077390688074,-11.3623921799786,21.0792355516784));
#2920=CARTESIAN_POINT('Ctrl Pts',(-3.08269603116472,-8.55766078255187,21.9976172048886));
#2921=CARTESIAN_POINT('Ctrl Pts',(-4.24698043937238,-5.74635452981243,22.9485722460129));
#2922=CARTESIAN_POINT('Ctrl Pts',(-5.40961634034618,-2.93958146012355,23.8941181091873));
#2923=CARTESIAN_POINT('Ctrl Pts',(-1.96282622774779,-11.2608688966121,20.7114380589915));
#2924=CARTESIAN_POINT('Ctrl Pts',(-3.12756954190685,-8.44892979088588,21.6207902347537));
#2925=CARTESIAN_POINT('Ctrl Pts',(-4.29180325836858,-5.63822096283194,22.5705884995122));
#2926=CARTESIAN_POINT('Ctrl Pts',(-5.45474179076766,-2.83063898570782,23.5144695997347));
#2927=CARTESIAN_POINT('',(-3.63421515172289,-2.65827448552171,25.2448073649477));
#2928=CARTESIAN_POINT('Ctrl Pts',(-3.18499894053176,-3.75559570549018,24.8762698614241));
#2929=CARTESIAN_POINT('Ctrl Pts',(-3.33478504961447,-3.38972025405497,24.9991477869823));
#2930=CARTESIAN_POINT('Ctrl Pts',(-3.48458669315616,-3.02394305917934,25.122027637297));
#2931=CARTESIAN_POINT('Ctrl Pts',(-3.63421515172289,-2.65827448552172,25.2448073649477));
#2932=CARTESIAN_POINT('',(-5.45474179076808,-2.83063898570677,23.514469599735));
#2933=CARTESIAN_POINT('Origin',(-3.77970065150137,-2.13681422829084,23.5144695997347));
#2934=CARTESIAN_POINT('',(-2.46876823578708,-10.0394168390293,21.1097089018442));
#2935=CARTESIAN_POINT('Ctrl Pts',(-2.46885712850453,-10.0392022330253,21.1089440974054));
#2936=CARTESIAN_POINT('Ctrl Pts',(-3.4646898681664,-7.63504932707842,21.8957196872992));
#2937=CARTESIAN_POINT('Ctrl Pts',(-4.46023520369217,-5.23159027609483,22.7072936867904));
#2938=CARTESIAN_POINT('Ctrl Pts',(-5.45474179076801,-2.83063898570696,23.514469599735));
#2939=CARTESIAN_POINT('Ctrl Pts',(-1.14559623934983,-11.3690689727658,22.0927677835762));
#2940=CARTESIAN_POINT('Ctrl Pts',(-1.15044099970464,-11.3676092874061,22.0906066880065));
#2941=CARTESIAN_POINT('Ctrl Pts',(-1.15527748298501,-11.3661332035959,22.0884339352879));
#2942=CARTESIAN_POINT('Ctrl Pts',(-1.40009570600713,-11.2904499004702,21.9776785612957));
#2943=CARTESIAN_POINT('Ctrl Pts',(-1.62094834651328,-11.1753481580427,21.8398987475281));
#2944=CARTESIAN_POINT('Ctrl Pts',(-1.95586631244196,-10.8848066360054,21.5887130367179));
#2945=CARTESIAN_POINT('Ctrl Pts',(-2.0726637389042,-10.7484133150103,21.4887839632668));
#2946=CARTESIAN_POINT('Ctrl Pts',(-2.29044472437683,-10.4260062922772,21.2899866928958));
#2947=CARTESIAN_POINT('Ctrl Pts',(-2.38639051910821,-10.2382942398728,21.1939813327178));
#2948=CARTESIAN_POINT('Ctrl Pts',(-2.46876823617075,-10.0394168381031,21.1097089018465));
#2949=CARTESIAN_POINT('Ctrl Pts',(-3.63421515172289,-2.65827448552171,25.2448073649476));
#2950=CARTESIAN_POINT('Ctrl Pts',(-4.48089778565547,-0.483761157212318,
25.9713142649048));
#2951=CARTESIAN_POINT('Ctrl Pts',(-6.05626928305372,3.4707616462401,25.991699000887));
#2952=CARTESIAN_POINT('Ctrl Pts',(-7.98070040043392,8.23353734661507,23.2319451663508));
#2953=CARTESIAN_POINT('Ctrl Pts',(-8.76838847503427,10.1720642117669,20.6432373457638));
#2954=CARTESIAN_POINT('Ctrl Pts',(-9.05192098341996,10.8692928907698,19.1943013999059));
#2955=CARTESIAN_POINT('Ctrl Pts',(-4.12576574157651,-2.85576686713906,25.2266196183003));
#2956=CARTESIAN_POINT('Ctrl Pts',(-4.97911809247088,-0.691525804092096,
25.96634620071));
#2957=CARTESIAN_POINT('Ctrl Pts',(-6.56436044846588,3.25884506985902,26.0069469392273));
#2958=CARTESIAN_POINT('Ctrl Pts',(-8.50348734671286,8.0361781569381,23.2544875274064));
#2959=CARTESIAN_POINT('Ctrl Pts',(-9.29632540716157,9.98086703419233,20.6624410745537));
#2960=CARTESIAN_POINT('Ctrl Pts',(-9.58212491622243,10.6813706310475,19.2095190042767));
#2961=CARTESIAN_POINT('Ctrl Pts',(-5.0126053326263,-3.07356101197204,24.781791327286));
#2962=CARTESIAN_POINT('Ctrl Pts',(-5.85695693755092,-1.00418791585118,25.5008673769603));
#2963=CARTESIAN_POINT('Ctrl Pts',(-7.41423285177859,2.79233299435774,25.5524110393978));
#2964=CARTESIAN_POINT('Ctrl Pts',(-9.30692914299119,7.3910243482493,22.9080176068084));
#2965=CARTESIAN_POINT('Ctrl Pts',(-10.0805607669357,9.26802097987849,20.4095207891766));
#2966=CARTESIAN_POINT('Ctrl Pts',(-10.3588369987096,9.94308064681399,19.0095175529062));
#2967=CARTESIAN_POINT('Ctrl Pts',(-5.40961634034618,-2.93958146012354,23.8941181091873));
#2968=CARTESIAN_POINT('Ctrl Pts',(-6.20006702924746,-1.03156431496366,24.5429865179259));
#2969=CARTESIAN_POINT('Ctrl Pts',(-7.64359910856292,2.45384391698184,24.5705267375675));
#2970=CARTESIAN_POINT('Ctrl Pts',(-9.38753241071323,6.66376373399483,22.1315314919964));
#2971=CARTESIAN_POINT('Ctrl Pts',(-10.0982576928586,8.3798378185408,19.8382715569725));
#2972=CARTESIAN_POINT('Ctrl Pts',(-10.3539126378391,8.99700571767505,18.5543084734361));
#2973=CARTESIAN_POINT('Ctrl Pts',(-5.45474179076766,-2.83063898570782,23.5144695997347));
#2974=CARTESIAN_POINT('Ctrl Pts',(-6.21734304428271,-0.989556696789064,
24.1334231300764));
#2975=CARTESIAN_POINT('Ctrl Pts',(-7.60677520176948,2.36482926181283,24.1507900736003));
#2976=CARTESIAN_POINT('Ctrl Pts',(-9.28261584197465,6.41066646377217,21.7995950899587));
#2977=CARTESIAN_POINT('Ctrl Pts',(-9.96510488901094,8.05834077729829,19.5941241650852));
#2978=CARTESIAN_POINT('Ctrl Pts',(-10.2105994380964,8.65101704718917,18.3596912657133));
#2979=CARTESIAN_POINT('',(-9.05080514892001,10.8665489615449,19.2000000000074));
#2980=CARTESIAN_POINT('',(-10.0239566327597,8.2004214552259,19.1999999995696));
#2981=CARTESIAN_POINT('Ctrl Pts',(-9.05080514891989,10.8665489615447,19.2000000000077));
#2982=CARTESIAN_POINT('Ctrl Pts',(-9.25027576366259,10.798985546056,19.2000000000077));
#2983=CARTESIAN_POINT('Ctrl Pts',(-9.43353578488703,10.6933158108006,19.2000000000077));
#2984=CARTESIAN_POINT('Ctrl Pts',(-9.75824852329431,10.4116593656264,19.2000000000077));
#2985=CARTESIAN_POINT('Ctrl Pts',(-9.89305854993688,10.2371641140219,19.2000000000077));
#2986=CARTESIAN_POINT('Ctrl Pts',(-10.1060076325195,9.82551482521482,19.2000000000077));
#2987=CARTESIAN_POINT('Ctrl Pts',(-10.1735987255337,9.58872061119354,19.2000000000083));
#2988=CARTESIAN_POINT('Ctrl Pts',(-10.2194248768696,9.15464433302635,19.2000000000082));
#2989=CARTESIAN_POINT('Ctrl Pts',(-10.2135756027662,8.96158837634913,19.2000000000091));
#2990=CARTESIAN_POINT('Ctrl Pts',(-10.1544966001319,8.57567714931116,19.200000000009));
#2991=CARTESIAN_POINT('Ctrl Pts',(-10.0998685337554,8.38368899615524,19.2000000000077));
#2992=CARTESIAN_POINT('Ctrl Pts',(-10.0239566325436,8.20042145470414,19.2000000000077));
#2993=CARTESIAN_POINT('Ctrl Pts',(-5.45474179076808,-2.83063898570677,23.514469599735));
#2994=CARTESIAN_POINT('Ctrl Pts',(-6.21722276593622,-0.989847074404392,
24.1333255080137));
#2995=CARTESIAN_POINT('Ctrl Pts',(-7.60641780463027,2.36396642879223,24.1508147998295));
#2996=CARTESIAN_POINT('Ctrl Pts',(-9.17082695308492,6.14078421209198,21.9566450692193));
#2997=CARTESIAN_POINT('Ctrl Pts',(-9.80229536099242,7.66528380667244,20.0965872759249));
#2998=CARTESIAN_POINT('Ctrl Pts',(-10.0238164939164,8.20008313012978,19.199764082807));
#2999=CARTESIAN_POINT('Ctrl Pts',(-3.63421515172289,-2.65827448552171,25.2448073649476));
#3000=CARTESIAN_POINT('Ctrl Pts',(-4.48089778565547,-0.483761157212318,
25.9713142649048));
#3001=CARTESIAN_POINT('Ctrl Pts',(-6.05626928305372,3.4707616462401,25.991699000887));
#3002=CARTESIAN_POINT('Ctrl Pts',(-7.97997947340488,8.23175312388835,23.2329790205194));
#3003=CARTESIAN_POINT('Ctrl Pts',(-8.76735555278136,10.1695221487804,20.6466311311771));
#3004=CARTESIAN_POINT('Ctrl Pts',(-9.05080514180126,10.8665489447217,19.1999999799346));
#3005=CARTESIAN_POINT('Origin',(0.269424964681775,-16.649999999999,13.5566349703643));
#3006=CARTESIAN_POINT('Origin',(0.269424964682039,-16.6499999999997,19.2000000000077));
#3007=CARTESIAN_POINT('Origin',(0.269424964682092,-16.6500000000004,25.2448073649476));
#3008=CARTESIAN_POINT('Origin',(0.269424964681748,-16.649999999999,23.785253849923));
#3009=CARTESIAN_POINT('Origin',(0.269424964681742,-16.649999999999,27.0307914009327));
#3010=CARTESIAN_POINT('',(3.45692496468174,-16.649999999999,26.0707721641376));
#3011=CARTESIAN_POINT('Origin',(0.269424964681745,-16.649999999999,26.0707721641375));
#3012=CARTESIAN_POINT('',(5.73664706756483,-16.649999999999,22.0927677835762));
#3013=CARTESIAN_POINT('Origin',(9.74268522043456,-16.649999999999,27.0307914009327));
#3014=CARTESIAN_POINT('',(7.36345451614557,-15.71605329159,21.1097089018442));
#3015=CARTESIAN_POINT('Ctrl Pts',(7.36345451713953,-15.7160532914591,21.1097089018465));
#3016=CARTESIAN_POINT('Ctrl Pts',(6.95833242757257,-15.7693886263785,21.2696767812907));
#3017=CARTESIAN_POINT('Ctrl Pts',(6.62514386819636,-15.874894945571,21.4530982408947));
#3018=CARTESIAN_POINT('Ctrl Pts',(6.11337315996024,-16.1806974094337,21.7889935053099));
#3019=CARTESIAN_POINT('Ctrl Pts',(5.9299135485573,-16.3622934826132,21.9360348741196));
#3020=CARTESIAN_POINT('Ctrl Pts',(5.76803378480148,-16.6004717514141,22.0672864739988));
#3021=CARTESIAN_POINT('Ctrl Pts',(5.75211325276558,-16.6250235951263,22.0802206325711));
#3022=CARTESIAN_POINT('Ctrl Pts',(5.73664706756484,-16.649999999999,22.0927677835762));
#3023=CARTESIAN_POINT('',(5.55035599191495,-15.2349787959674,22.0927677835762));
#3024=CARTESIAN_POINT('Ctrl Pts',(5.55035599191495,-15.2349787959674,22.0927677835762));
#3025=CARTESIAN_POINT('Ctrl Pts',(5.55407459789178,-15.2384748185556,22.0905878697064));
#3026=CARTESIAN_POINT('Ctrl Pts',(5.55780344324518,-15.2419552053632,22.0883960945378));
#3027=CARTESIAN_POINT('Ctrl Pts',(5.74643270713191,-15.4167372467912,21.9772371819651));
#3028=CARTESIAN_POINT('Ctrl Pts',(5.9573533118207,-15.5507599485809,21.8388803561899));
#3029=CARTESIAN_POINT('Ctrl Pts',(6.376235423764,-15.6947355318091,21.5879562341155));
#3030=CARTESIAN_POINT('Ctrl Pts',(6.55130388795873,-15.7273848538362,21.4888853556116));
#3031=CARTESIAN_POINT('Ctrl Pts',(6.93835823547813,-15.75497389441,21.2905073510763));
#3032=CARTESIAN_POINT('Ctrl Pts',(7.14945364234373,-15.7442270411119,21.194210011566));
#3033=CARTESIAN_POINT('Ctrl Pts',(7.36345451713954,-15.7160532914592,21.1097089018465));
#3034=CARTESIAN_POINT('',(6.88000812237597,-13.9118068008869,21.1097089018359));
#3035=CARTESIAN_POINT('Ctrl Pts',(6.88000812657768,-13.9118067991465,21.1097089018465));
#3036=CARTESIAN_POINT('Ctrl Pts',(6.50249443791879,-14.0681780889705,21.2696767812907));
#3037=CARTESIAN_POINT('Ctrl Pts',(6.20796604817897,-14.2563249122921,21.4530982408947));
#3038=CARTESIAN_POINT('Ctrl Pts',(5.79278100564239,-14.6841634158971,21.7889935053099));
#3039=CARTESIAN_POINT('Ctrl Pts',(5.66257315116202,-14.907054594372,21.9360348741196));
#3040=CARTESIAN_POINT('Ctrl Pts',(5.56785437869192,-15.1790147013443,22.0672864739988));
#3041=CARTESIAN_POINT('Ctrl Pts',(5.55883081037527,-15.206850498168,22.0802206325711));
#3042=CARTESIAN_POINT('Ctrl Pts',(5.55035599191496,-15.2349787959674,22.0927677835762));
#3043=CARTESIAN_POINT('',(5.00417819391028,-13.9163889485575,22.0927677835762));
#3044=CARTESIAN_POINT('Ctrl Pts',(5.00417819391029,-13.9163889485575,22.0927677835762));
#3045=CARTESIAN_POINT('Ctrl Pts',(5.00867492868904,-13.9188034010167,22.0905878697064));
#3046=CARTESIAN_POINT('Ctrl Pts',(5.01317750710824,-13.9212001003259,22.0883960945378));
#3047=CARTESIAN_POINT('Ctrl Pts',(5.2406163057538,-14.0412057421552,21.9772371819651));
#3048=CARTESIAN_POINT('Ctrl Pts',(5.47903759281847,-14.1160714616249,21.8388803561899));
#3049=CARTESIAN_POINT('Ctrl Pts',(5.92091026588421,-14.1467265275963,21.5879562341155));
#3050=CARTESIAN_POINT('Ctrl Pts',(6.09846368316898,-14.1329522982227,21.4888853556116));
#3051=CARTESIAN_POINT('Ctrl Pts',(6.47947004275202,-14.0594242284077,21.2905073510763));
#3052=CARTESIAN_POINT('Ctrl Pts',(6.68059105774604,-13.9944080536253,21.194210011566));
#3053=CARTESIAN_POINT('Ctrl Pts',(6.88000812657768,-13.9118067991465,21.1097089018465));
#3054=CARTESIAN_POINT('',(5.94606141442973,-12.2941636511623,21.1097089018359));
#3055=CARTESIAN_POINT('Ctrl Pts',(5.94606141803781,-12.2941636483937,21.1097089018465));
#3056=CARTESIAN_POINT('Ctrl Pts',(5.62188306429825,-12.5429144481367,21.2696767812907));
#3057=CARTESIAN_POINT('Ctrl Pts',(5.38608646722439,-12.8008798805054,21.4530982408947));
#3058=CARTESIAN_POINT('Ctrl Pts',(5.0957812649105,-13.3215979368684,21.7889935053099));
#3059=CARTESIAN_POINT('Ctrl Pts',(5.02769861745688,-13.5705945551708,21.9360348741196));
#3060=CARTESIAN_POINT('Ctrl Pts',(5.00659576408617,-13.8578028684597,22.0672864739988));
#3061=CARTESIAN_POINT('Ctrl Pts',(5.0050841007574,-13.8870256548421,22.0802206325711));
#3062=CARTESIAN_POINT('Ctrl Pts',(5.00417819391029,-13.9163889485575,22.0927677835762));
#3063=CARTESIAN_POINT('',(4.13533478788336,-12.7840901767974,22.0927677835762));
#3064=CARTESIAN_POINT('Ctrl Pts',(5.94606141803782,-12.2941636483937,21.1097089018465));
#3065=CARTESIAN_POINT('Ctrl Pts',(5.62376850972866,-12.5414676949736,21.2687463961992));
#3066=CARTESIAN_POINT('Ctrl Pts',(5.31524083740933,-12.7020711255925,21.4509895669596));
#3067=CARTESIAN_POINT('Ctrl Pts',(4.86356395524059,-12.8172377858938,21.7134808108931));
#3068=CARTESIAN_POINT('Ctrl Pts',(4.71595772378048,-12.8363781735119,21.7986799692196));
#3069=CARTESIAN_POINT('Ctrl Pts',(4.42245615793554,-12.8356285114767,21.9572247092875));
#3070=CARTESIAN_POINT('Ctrl Pts',(4.27975415128199,-12.818050906521,22.0294031996539));
#3071=CARTESIAN_POINT('Ctrl Pts',(4.13533478788332,-12.7840901767974,22.0927677835762));
#3072=CARTESIAN_POINT('',(4.62526131567673,-10.9733635474383,21.1097089018442));
#3073=CARTESIAN_POINT('Ctrl Pts',(4.13533478788336,-12.7840901767974,22.0927677835762));
#3074=CARTESIAN_POINT('Ctrl Pts',(4.13417653230897,-12.7791646485751,22.0906066880066));
#3075=CARTESIAN_POINT('Ctrl Pts',(4.13303661674658,-12.7742380892841,22.0884339352879));
#3076=CARTESIAN_POINT('Ctrl Pts',(4.07617116838461,-12.5243776372743,21.9776785612956));
#3077=CARTESIAN_POINT('Ctrl Pts',(4.06542588109379,-12.2755627688894,21.8398987475279));
#3078=CARTESIAN_POINT('Ctrl Pts',(4.14958323706787,-11.8402445411931,21.588713036718));
#3079=CARTESIAN_POINT('Ctrl Pts',(4.20930460472502,-11.6708983422826,21.4887839632668));
#3080=CARTESIAN_POINT('Ctrl Pts',(4.3796267840341,-11.3210909650356,21.2899866928958));
#3081=CARTESIAN_POINT('Ctrl Pts',(4.4942172926471,-11.1441434432097,21.1939813327178));
#3082=CARTESIAN_POINT('Ctrl Pts',(4.62526131628703,-10.973363546643,21.1097089018465));
#3083=CARTESIAN_POINT('',(3.0030360161233,-11.9152467707705,22.0927677835762));
#3084=CARTESIAN_POINT('Ctrl Pts',(4.62526131628703,-10.973363546643,21.1097089018465));
#3085=CARTESIAN_POINT('Ctrl Pts',(4.37795726970731,-11.295656454952,21.2687463961991));
#3086=CARTESIAN_POINT('Ctrl Pts',(4.12150964944221,-11.5306402939149,21.4509895669595));
#3087=CARTESIAN_POINT('Ctrl Pts',(3.71503060886437,-11.7587853247652,21.7134808108931));
#3088=CARTESIAN_POINT('Ctrl Pts',(3.57740783462207,-11.8154768233685,21.7986799692196));
#3089=CARTESIAN_POINT('Ctrl Pts',(3.29371306530404,-11.8907165004557,21.9572247092875));
#3090=CARTESIAN_POINT('Ctrl Pts',(3.1513240926843,-11.910671834961,22.0294031996539));
#3091=CARTESIAN_POINT('Ctrl Pts',(3.00303601612325,-11.9152467707705,22.0927677835762));
#3092=CARTESIAN_POINT('',(3.00761816515062,-10.0394168390293,21.1097089018442));
#3093=CARTESIAN_POINT('Ctrl Pts',(3.0030360161233,-11.9152467707705,22.0927677835762));
#3094=CARTESIAN_POINT('Ctrl Pts',(3.00064240663942,-11.9107888544542,22.0906066880066));
#3095=CARTESIAN_POINT('Ctrl Pts',(2.99826624538661,-11.9063251954577,22.0884339352879));
#3096=CARTESIAN_POINT('Ctrl Pts',(2.87866979659235,-11.6796963929378,21.9776785612957));
#3097=CARTESIAN_POINT('Ctrl Pts',(2.80389261944443,-11.442140770596,21.839898747528));
#3098=CARTESIAN_POINT('Ctrl Pts',(2.77251373504389,-10.999874125298,21.588713036718));
#3099=CARTESIAN_POINT('Ctrl Pts',(2.7863701249515,-10.8208412308372,21.4887839632668));
#3100=CARTESIAN_POINT('Ctrl Pts',(2.86035190538706,-10.4388706271193,21.2899866928958));
#3101=CARTESIAN_POINT('Ctrl Pts',(2.92524044847174,-10.2382942398728,21.1939813327178));
#3102=CARTESIAN_POINT('Ctrl Pts',(3.00761816553427,-10.0394168381031,21.1097089018465));
#3103=CARTESIAN_POINT('',(1.68444616871336,-11.3690689727658,22.0927677835762));
#3104=CARTESIAN_POINT('Ctrl Pts',(3.00761816553427,-10.0394168381031,21.1097089018465));
#3105=CARTESIAN_POINT('Ctrl Pts',(2.85215634276904,-10.4147348790542,21.268746396199));
#3106=CARTESIAN_POINT('Ctrl Pts',(2.66526525607955,-10.7080853660649,21.4509895669594));
#3107=CARTESIAN_POINT('Ctrl Pts',(2.33168493196971,-11.0336610606394,21.713480810893));
#3108=CARTESIAN_POINT('Ctrl Pts',(2.21342437957743,-11.124040238285,21.7986799692195));
#3109=CARTESIAN_POINT('Ctrl Pts',(1.95886973648753,-11.2701417948407,21.9572247092875));
#3110=CARTESIAN_POINT('Ctrl Pts',(1.82649737107674,-11.3262701457382,22.0294031996539));
#3111=CARTESIAN_POINT('Ctrl Pts',(1.68444616871331,-11.3690689727658,22.0927677835762));
#3112=CARTESIAN_POINT('',(1.20337167262801,-9.55597045205022,21.1097089018359));
#3113=CARTESIAN_POINT('Ctrl Pts',(1.68444616871336,-11.3690689727658,22.0927677835762));
#3114=CARTESIAN_POINT('Ctrl Pts',(1.68098032585069,-11.3653824679854,22.0906066880065));
#3115=CARTESIAN_POINT('Ctrl Pts',(1.67752985037003,-11.3616859002674,22.0884339352879));
#3116=CARTESIAN_POINT('Ctrl Pts',(1.50335270148623,-11.173733125607,21.9776785612957));
#3117=CARTESIAN_POINT('Ctrl Pts',(1.36963957552886,-10.9636257723918,21.839898747528));
#3118=CARTESIAN_POINT('Ctrl Pts',(1.22486286986953,-10.5445504504892,21.588713036718));
#3119=CARTESIAN_POINT('Ctrl Pts',(1.19190999195413,-10.3680316563698,21.4887839632668));
#3120=CARTESIAN_POINT('Ctrl Pts',(1.16450963744018,-9.97992849158809,21.2899866928958));
#3121=CARTESIAN_POINT('Ctrl Pts',(1.1752741680187,-9.76939218824372,21.1939813327178));
#3122=CARTESIAN_POINT('Ctrl Pts',(1.20337167322163,-9.55597044754123,21.1097089018465));
#3123=CARTESIAN_POINT('',(0.269424964681759,-11.1827778971159,22.0927677835762));
#3124=CARTESIAN_POINT('Ctrl Pts',(1.20337167322162,-9.55597044754124,21.1097089018465));
#3125=CARTESIAN_POINT('Ctrl Pts',(1.15034654057936,-9.95873631688648,21.2687463961992));
#3126=CARTESIAN_POINT('Ctrl Pts',(1.04574830617112,-10.2904621010396,21.4509895669596));
#3127=CARTESIAN_POINT('Ctrl Pts',(0.80779964635007,-10.691281013792,21.713480810893));
#3128=CARTESIAN_POINT('Ctrl Pts',(0.716960577018556,-10.8091886788821,21.7986799692196));
#3129=CARTESIAN_POINT('Ctrl Pts',(0.508893538411958,-11.0161955352713,21.9572247092875));
#3130=CARTESIAN_POINT('Ctrl Pts',(0.395558738157175,-11.1046718482038,22.0294031996539));
#3131=CARTESIAN_POINT('Ctrl Pts',(0.269424964681714,-11.182777897116,22.0927677835762));
#3132=CARTESIAN_POINT('Ctrl Pts',(0.269424964681759,-11.1827778971159,22.0927677835762));
#3133=CARTESIAN_POINT('Ctrl Pts',(0.265123079903809,-11.18011403308,22.0906066880066));
#3134=CARTESIAN_POINT('Ctrl Pts',(0.260833434397145,-11.1774364716216,22.0884339352879));
#3135=CARTESIAN_POINT('Ctrl Pts',(0.0439454702788249,-11.0409683958072,
21.9776785612956));
#3136=CARTESIAN_POINT('Ctrl Pts',(-0.13959127592539,-10.8726277806213,21.8398987475279));
#3137=CARTESIAN_POINT('Ctrl Pts',(-0.387899509607611,-10.5053030727471,
21.5887130367179));
#3138=CARTESIAN_POINT('Ctrl Pts',(-0.465415971173278,-10.3433278430772,
21.4887839632668));
#3139=CARTESIAN_POINT('Ctrl Pts',(-0.592331171757833,-9.97554070654077,
21.2899866928958));
#3140=CARTESIAN_POINT('Ctrl Pts',(-0.636424238655176,-9.76939218824368,
21.1939813327178));
#3141=CARTESIAN_POINT('Ctrl Pts',(-0.664521743858103,-9.55597044754123,
21.1097089018465));
#3142=CARTESIAN_POINT('',(-2.46418608675978,-11.9152467707705,22.0927677835762));
#3143=CARTESIAN_POINT('Ctrl Pts',(-2.46418608675978,-11.9152467707705,22.0927677835762));
#3144=CARTESIAN_POINT('Ctrl Pts',(-2.46177163430058,-11.9107500359917,22.0905878697064));
#3145=CARTESIAN_POINT('Ctrl Pts',(-2.45937493499138,-11.9062474575725,22.0883960945378));
#3146=CARTESIAN_POINT('Ctrl Pts',(-2.33936929316204,-11.678808658927,21.9772371819651));
#3147=CARTESIAN_POINT('Ctrl Pts',(-2.26450357369237,-11.4403873718623,21.8388803561899));
#3148=CARTESIAN_POINT('Ctrl Pts',(-2.23384850772096,-10.9985146987966,21.5879562341155));
#3149=CARTESIAN_POINT('Ctrl Pts',(-2.24762273709455,-10.8209612815118,21.4888853556116));
#3150=CARTESIAN_POINT('Ctrl Pts',(-2.32115080690956,-10.4399549219287,21.2905073510762));
#3151=CARTESIAN_POINT('Ctrl Pts',(-2.38616698169198,-10.2388339069347,21.194210011566));
#3152=CARTESIAN_POINT('Ctrl Pts',(-2.46876823617074,-10.0394168381031,21.1097089018465));
#3153=CARTESIAN_POINT('',(-4.0864113863132,-10.9733635474383,21.1097089018442));
#3154=CARTESIAN_POINT('Ctrl Pts',(-4.08641138692351,-10.9733635466429,21.1097089018465));
#3155=CARTESIAN_POINT('Ctrl Pts',(-3.83766058718055,-11.2975419003825,21.2696767812907));
#3156=CARTESIAN_POINT('Ctrl Pts',(-3.57969515481189,-11.5333384974564,21.4530982408947));
#3157=CARTESIAN_POINT('Ctrl Pts',(-3.05897709844887,-11.8236436997703,21.7889935053099));
#3158=CARTESIAN_POINT('Ctrl Pts',(-2.80998048014646,-11.8917263472239,21.9360348741196));
#3159=CARTESIAN_POINT('Ctrl Pts',(-2.52277216685757,-11.9128292005946,22.0672864739988));
#3160=CARTESIAN_POINT('Ctrl Pts',(-2.49354938047513,-11.9143408639234,22.0802206325711));
#3161=CARTESIAN_POINT('Ctrl Pts',(-2.46418608675978,-11.9152467707705,22.0927677835762));
#3162=CARTESIAN_POINT('',(-3.59648485851984,-12.7840901767974,22.0927677835762));
#3163=CARTESIAN_POINT('Ctrl Pts',(-3.59648485851985,-12.7840901767974,22.0927677835762));
#3164=CARTESIAN_POINT('Ctrl Pts',(-3.59531651713468,-12.7791217582607,22.0905878697064));
#3165=CARTESIAN_POINT('Ctrl Pts',(-3.59416683642102,-12.7741522900541,22.0883960945378));
#3166=CARTESIAN_POINT('Ctrl Pts',(-3.53711578036238,-12.523403534917,21.9772371819651));
#3167=CARTESIAN_POINT('Ctrl Pts',(-3.52650901827311,-12.2737295821801,21.8388803561899));
#3168=CARTESIAN_POINT('Ctrl Pts',(-3.6112635616445,-11.8389792404323,21.5879562341155));
#3169=CARTESIAN_POINT('Ctrl Pts',(-3.67052265145001,-11.6710408420245,21.4888853556116));
#3170=CARTESIAN_POINT('Ctrl Pts',(-3.84015701520679,-11.3220474241406,21.2905073510762));
#3171=CARTESIAN_POINT('Ctrl Pts',(-3.95501176660646,-11.1446068658218,21.194210011566));
#3172=CARTESIAN_POINT('Ctrl Pts',(-4.08641138692351,-10.973363546643,21.1097089018465));
#3173=CARTESIAN_POINT('',(-5.40721148506621,-12.2941636511623,21.1097089018359));
#3174=CARTESIAN_POINT('Ctrl Pts',(-5.40721148867429,-12.2941636483937,21.1097089018465));
#3175=CARTESIAN_POINT('Ctrl Pts',(-5.08303313493473,-12.5429144481367,21.2696767812907));
#3176=CARTESIAN_POINT('Ctrl Pts',(-4.77282901142694,-12.7039101041263,21.4530982408947));
#3177=CARTESIAN_POINT('Ctrl Pts',(-4.19471747731967,-12.8495516464318,21.7889935053099));
#3178=CARTESIAN_POINT('Ctrl Pts',(-3.93658412724074,-12.8508693669466,21.9360348741196));
#3179=CARTESIAN_POINT('Ctrl Pts',(-3.65370037955173,-12.7969181766349,22.0672864739988));
#3180=CARTESIAN_POINT('Ctrl Pts',(-3.62508208820954,-12.790814917618,22.0802206325711));
#3181=CARTESIAN_POINT('Ctrl Pts',(-3.59648485851984,-12.7840901767974,22.0927677835762));
#3182=CARTESIAN_POINT('',(-4.46532826454677,-13.9163889485575,22.0927677835762));
#3183=CARTESIAN_POINT('Ctrl Pts',(-5.40721148867429,-12.2941636483937,21.1097089018465));
#3184=CARTESIAN_POINT('Ctrl Pts',(-5.0849185803651,-12.5414676949736,21.2687463961992));
#3185=CARTESIAN_POINT('Ctrl Pts',(-4.84993474140228,-12.7979153152387,21.4509895669596));
#3186=CARTESIAN_POINT('Ctrl Pts',(-4.62178971055206,-13.2043943558163,21.713480810893));
#3187=CARTESIAN_POINT('Ctrl Pts',(-4.5650982119488,-13.3420171300587,21.7986799692195));
#3188=CARTESIAN_POINT('Ctrl Pts',(-4.48985853486157,-13.6257118993767,21.9572247092875));
#3189=CARTESIAN_POINT('Ctrl Pts',(-4.46990320035622,-13.7681008719965,22.0294031996539));
#3190=CARTESIAN_POINT('Ctrl Pts',(-4.46532826454677,-13.9163889485575,22.0927677835762));
#3191=CARTESIAN_POINT('',(-6.34115819628793,-13.9118067995301,21.1097089018442));
#3192=CARTESIAN_POINT('Ctrl Pts',(-4.46532826454677,-13.9163889485575,22.0927677835762));
#3193=CARTESIAN_POINT('Ctrl Pts',(-4.46978618086311,-13.9187825580413,22.0906066880065));
#3194=CARTESIAN_POINT('Ctrl Pts',(-4.47424983985957,-13.9211587192942,22.0884339352878));
#3195=CARTESIAN_POINT('Ctrl Pts',(-4.70087864237955,-14.0407551680885,21.9776785612956));
#3196=CARTESIAN_POINT('Ctrl Pts',(-4.93843426472132,-14.1155323452363,21.839898747528));
#3197=CARTESIAN_POINT('Ctrl Pts',(-5.38070091001931,-14.1469112296369,21.5887130367179));
#3198=CARTESIAN_POINT('Ctrl Pts',(-5.55973380448012,-14.1330548397293,21.4887839632668));
#3199=CARTESIAN_POINT('Ctrl Pts',(-5.94170440819799,-14.0590730592937,21.2899866928958));
#3200=CARTESIAN_POINT('Ctrl Pts',(-6.14228079544443,-13.994184516209,21.1939813327178));
#3201=CARTESIAN_POINT('Ctrl Pts',(-6.34115819721416,-13.9118067991465,21.1097089018465));
#3202=CARTESIAN_POINT('',(-5.01150606255143,-15.2349787959674,22.0927677835762));
#3203=CARTESIAN_POINT('Ctrl Pts',(-5.01150606255144,-15.2349787959674,22.0927677835761));
#3204=CARTESIAN_POINT('Ctrl Pts',(-5.01297845849994,-15.2300918486054,22.0905878697064));
#3205=CARTESIAN_POINT('Ctrl Pts',(-5.01446753989898,-15.2252133225384,22.0883960945378));
#3206=CARTESIAN_POINT('Ctrl Pts',(-5.09043425360801,-14.979533002593,21.9772371819651));
#3207=CARTESIAN_POINT('Ctrl Pts',(-5.20608550455525,-14.7580056358149,21.8388803561899));
#3208=CARTESIAN_POINT('Ctrl Pts',(-5.49686026307495,-14.423878067243,21.5879562341155));
#3209=CARTESIAN_POINT('Ctrl Pts',(-5.63214933945554,-14.3080686928538,21.4888853556116));
#3210=CARTESIAN_POINT('Ctrl Pts',(-5.95355371676567,-14.0906487090912,21.2905073510762));
#3211=CARTESIAN_POINT('Ctrl Pts',(-6.14174112838251,-13.9944080536252,21.194210011566));
#3212=CARTESIAN_POINT('Ctrl Pts',(-6.34115819721416,-13.9118067991465,21.1097089018465));
#3213=CARTESIAN_POINT('',(-6.82460458678205,-15.71605329159,21.1097089018442));
#3214=CARTESIAN_POINT('Ctrl Pts',(-6.82460458777601,-15.7160532914591,21.1097089018465));
#3215=CARTESIAN_POINT('Ctrl Pts',(-6.41948249820905,-15.7693886263785,21.2696767812906));
#3216=CARTESIAN_POINT('Ctrl Pts',(-6.07034001889782,-15.7537128926105,21.4530982408947));
#3217=CARTESIAN_POINT('Ctrl Pts',(-5.49685997298737,-15.5907864010398,21.7889935053099));
#3218=CARTESIAN_POINT('Ctrl Pts',(-5.27265107399763,-15.4628609054412,21.9360348741196));
#3219=CARTESIAN_POINT('Ctrl Pts',(-5.05464215733709,-15.2746959302223,22.0672864739988));
#3220=CARTESIAN_POINT('Ctrl Pts',(-5.03290961953025,-15.2551012071968,22.0802206325711));
#3221=CARTESIAN_POINT('Ctrl Pts',(-5.01150606255143,-15.2349787959674,22.0927677835761));
#3222=CARTESIAN_POINT('',(-5.19779713820132,-16.649999999999,22.0927677835762));
#3223=CARTESIAN_POINT('Ctrl Pts',(-5.19779713820132,-16.649999999999,22.0927677835762));
#3224=CARTESIAN_POINT('Ctrl Pts',(-5.2004841985242,-16.6456606554437,22.0905878697064));
#3225=CARTESIAN_POINT('Ctrl Pts',(-5.20318519616316,-16.6413337637471,22.0883960945378));
#3226=CARTESIAN_POINT('Ctrl Pts',(-5.34015015268177,-16.4236864300027,21.9772371819651));
#3227=CARTESIAN_POINT('Ctrl Pts',(-5.50919618434792,-16.239640171537,21.8388803561899));
#3228=CARTESIAN_POINT('Ctrl Pts',(-5.87654161147528,-15.9921557691182,21.5879562341155));
#3229=CARTESIAN_POINT('Ctrl Pts',(-6.03719449605942,-15.9153078930309,21.4888853556116));
#3230=CARTESIAN_POINT('Ctrl Pts',(-6.40391971736927,-15.7884818895904,21.2905073510762));
#3231=CARTESIAN_POINT('Ctrl Pts',(-6.61060371298021,-15.7442270411119,21.194210011566));
#3232=CARTESIAN_POINT('Ctrl Pts',(-6.82460458777602,-15.7160532914591,21.1097089018465));
#3233=CARTESIAN_POINT('',(-6.82460458326703,-17.5839467079453,21.1097089018359));
#3234=CARTESIAN_POINT('Ctrl Pts',(-6.82460458777602,-17.5839467085389,21.1097089018465));
#3235=CARTESIAN_POINT('Ctrl Pts',(-6.41948249820905,-17.5306113736196,21.2696767812906));
#3236=CARTESIAN_POINT('Ctrl Pts',(-6.08629393883285,-17.425105054427,21.4530982408947));
#3237=CARTESIAN_POINT('Ctrl Pts',(-5.57452323059673,-17.1193025905643,21.7889935053099));
#3238=CARTESIAN_POINT('Ctrl Pts',(-5.39106361919379,-16.9377065173848,21.9360348741196));
#3239=CARTESIAN_POINT('Ctrl Pts',(-5.22918385543797,-16.6995282485839,22.0672864739988));
#3240=CARTESIAN_POINT('Ctrl Pts',(-5.21326332340206,-16.6749764048717,22.0802206325711));
#3241=CARTESIAN_POINT('Ctrl Pts',(-5.19779713820132,-16.649999999999,22.0927677835762));
#3242=CARTESIAN_POINT('',(-5.01150606255144,-18.0650212040306,22.0927677835762));
#3243=CARTESIAN_POINT('Ctrl Pts',(-6.82460458777602,-17.5839467085389,21.1097089018465));
#3244=CARTESIAN_POINT('Ctrl Pts',(-6.42183871843132,-17.5309215758967,21.2687463961989));
#3245=CARTESIAN_POINT('Ctrl Pts',(-6.07434420112274,-17.5460987612052,21.4509895669593));
#3246=CARTESIAN_POINT('Ctrl Pts',(-5.62559721671139,-17.6721999487998,21.713480810893));
#3247=CARTESIAN_POINT('Ctrl Pts',(-5.48819627670098,-17.7294270026143,21.7986799692195));
#3248=CARTESIAN_POINT('Ctrl Pts',(-5.23439129564638,-17.8768270119035,21.9572247092875));
#3249=CARTESIAN_POINT('Ctrl Pts',(-5.1195965351912,-17.9634006676596,22.0294031996539));
#3250=CARTESIAN_POINT('Ctrl Pts',(-5.01150606255141,-18.0650212040306,22.0927677835762));
#3251=CARTESIAN_POINT('',(-6.34115819301245,-19.3881931991111,21.1097089018359));
#3252=CARTESIAN_POINT('Ctrl Pts',(-5.01150606255144,-18.0650212040306,22.0927677835762));
#3253=CARTESIAN_POINT('Ctrl Pts',(-5.01296574791113,-18.0698659643854,22.0906066880065));
#3254=CARTESIAN_POINT('Ctrl Pts',(-5.01444183172137,-18.0747024476658,22.0884339352878));
#3255=CARTESIAN_POINT('Ctrl Pts',(-5.09012513484717,-18.3195206706882,21.9776785612956));
#3256=CARTESIAN_POINT('Ctrl Pts',(-5.20522687727478,-18.5403733111943,21.8398987475279));
#3257=CARTESIAN_POINT('Ctrl Pts',(-5.49576839931189,-18.8752912771227,21.5887130367179));
#3258=CARTESIAN_POINT('Ctrl Pts',(-5.63216172030703,-18.992088703585,21.4887839632668));
#3259=CARTESIAN_POINT('Ctrl Pts',(-5.9545687430401,-19.2098696890576,21.2899866928958));
#3260=CARTESIAN_POINT('Ctrl Pts',(-6.14228079544443,-19.305815483789,21.1939813327178));
#3261=CARTESIAN_POINT('Ctrl Pts',(-6.34115819721416,-19.3881932008515,21.1097089018465));
#3262=CARTESIAN_POINT('',(-4.46532826454677,-19.3836110514405,22.0927677835762));
#3263=CARTESIAN_POINT('Ctrl Pts',(-6.34115819721416,-19.3881932008515,21.1097089018465));
#3264=CARTESIAN_POINT('Ctrl Pts',(-5.96584015626314,-19.2327313780863,21.268746396199));
#3265=CARTESIAN_POINT('Ctrl Pts',(-5.62625808289202,-19.1574532141981,21.4509895669594));
#3266=CARTESIAN_POINT('Ctrl Pts',(-5.16016439222027,-19.1631133420234,21.7134808108931));
#3267=CARTESIAN_POINT('Ctrl Pts',(-5.01263382428557,-19.1828284511756,21.7986799692196));
#3268=CARTESIAN_POINT('Ctrl Pts',(-4.7293271085918,-19.2595163641045,21.9572247092875));
#3269=CARTESIAN_POINT('Ctrl Pts',(-4.59603697383166,-19.3134290237917,22.0294031996539));
#3270=CARTESIAN_POINT('Ctrl Pts',(-4.46532826454672,-19.3836110514406,22.0927677835762));
#3271=CARTESIAN_POINT('',(-5.40721148506621,-21.0058363488357,21.1097089018359));
#3272=CARTESIAN_POINT('Ctrl Pts',(-4.46532826454677,-19.3836110514405,22.0927677835762));
#3273=CARTESIAN_POINT('Ctrl Pts',(-4.46548429608517,-19.3886685249604,22.0906066880065));
#3274=CARTESIAN_POINT('Ctrl Pts',(-4.46565830957496,-19.3937222476716,22.0884339352879));
#3275=CARTESIAN_POINT('Ctrl Pts',(-4.47539914797669,-19.6497867722804,21.9776785612956));
#3276=CARTESIAN_POINT('Ctrl Pts',(-4.52941802411428,-19.8929045646141,21.8398987475279));
#3277=CARTESIAN_POINT('Ctrl Pts',(-4.72337643572992,-20.2916081568888,21.5887130367179));
#3278=CARTESIAN_POINT('Ctrl Pts',(-4.82489286862505,-20.4397269966511,21.4887839632668));
#3279=CARTESIAN_POINT('Ctrl Pts',(-5.0799482717584,-20.7335323527519,21.2899866928958));
#3280=CARTESIAN_POINT('Ctrl Pts',(-5.23643159210752,-20.8747923279643,21.1939813327178));
#3281=CARTESIAN_POINT('Ctrl Pts',(-5.40721148867429,-21.0058363516043,21.1097089018465));
#3282=CARTESIAN_POINT('',(-3.59648485851985,-20.5159098232006,22.0927677835762));
#3283=CARTESIAN_POINT('Ctrl Pts',(-5.4072114886743,-21.0058363516043,21.1097089018465));
#3284=CARTESIAN_POINT('Ctrl Pts',(-5.08491858036567,-20.7585323050248,21.2687463961989));
#3285=CARTESIAN_POINT('Ctrl Pts',(-4.77639090804634,-20.5979288744056,21.4509895669593));
#3286=CARTESIAN_POINT('Ctrl Pts',(-4.32471402587698,-20.4827622141042,21.7134808108931));
#3287=CARTESIAN_POINT('Ctrl Pts',(-4.1771077944169,-20.4636218264861,21.7986799692196));
#3288=CARTESIAN_POINT('Ctrl Pts',(-3.88360622857196,-20.4643714885214,21.9572247092875));
#3289=CARTESIAN_POINT('Ctrl Pts',(-3.74090422191843,-20.481949093477,22.0294031996539));
#3290=CARTESIAN_POINT('Ctrl Pts',(-3.59648485851979,-20.5159098232006,22.0927677835762));
#3291=CARTESIAN_POINT('',(-4.0864113863132,-22.3266364525597,21.1097089018442));
#3292=CARTESIAN_POINT('Ctrl Pts',(-3.59648485851986,-20.5159098232006,22.0927677835762));
#3293=CARTESIAN_POINT('Ctrl Pts',(-3.59532660294547,-20.520835351423,22.0906066880065));
#3294=CARTESIAN_POINT('Ctrl Pts',(-3.59418668738306,-20.5257619107139,22.0884339352878));
#3295=CARTESIAN_POINT('Ctrl Pts',(-3.5373212390211,-20.7756223627236,21.9776785612956));
#3296=CARTESIAN_POINT('Ctrl Pts',(-3.52657595173027,-21.0244372311086,21.8398987475279));
#3297=CARTESIAN_POINT('Ctrl Pts',(-3.61073330770435,-21.4597554588049,21.5887130367179));
#3298=CARTESIAN_POINT('Ctrl Pts',(-3.67045467536151,-21.6291016577154,21.4887839632668));
#3299=CARTESIAN_POINT('Ctrl Pts',(-3.84077685467058,-21.9789090349624,21.2899866928958));
#3300=CARTESIAN_POINT('Ctrl Pts',(-3.95536736328358,-22.1558565567883,21.1939813327178));
#3301=CARTESIAN_POINT('Ctrl Pts',(-4.08641138692351,-22.3266364533551,21.1097089018465));
#3302=CARTESIAN_POINT('',(-2.46418608675979,-21.3847532292275,22.0927677835762));
#3303=CARTESIAN_POINT('Ctrl Pts',(-4.08641138692351,-22.3266364533551,21.1097089018465));
#3304=CARTESIAN_POINT('Ctrl Pts',(-3.83910734034365,-22.0043435450459,21.2687463961992));
#3305=CARTESIAN_POINT('Ctrl Pts',(-3.58265972007854,-21.7693597060831,21.4509895669596));
#3306=CARTESIAN_POINT('Ctrl Pts',(-3.1761806795009,-21.5412146752328,21.713480810893));
#3307=CARTESIAN_POINT('Ctrl Pts',(-3.03855790525858,-21.4845231766296,21.7986799692195));
#3308=CARTESIAN_POINT('Ctrl Pts',(-2.7548631359405,-21.4092834995423,21.9572247092875));
#3309=CARTESIAN_POINT('Ctrl Pts',(-2.61247416332078,-21.389328165037,22.0294031996539));
#3310=CARTESIAN_POINT('Ctrl Pts',(-2.46418608675974,-21.3847532292275,22.0927677835762));
#3311=CARTESIAN_POINT('',(-2.4687682357871,-23.2605831609687,21.1097089018442));
#3312=CARTESIAN_POINT('Ctrl Pts',(-2.46418608675979,-21.3847532292275,22.0927677835762));
#3313=CARTESIAN_POINT('Ctrl Pts',(-2.46179247727591,-21.3892111455439,22.0906066880065));
#3314=CARTESIAN_POINT('Ctrl Pts',(-2.45941631602308,-21.3936748045403,22.0884339352879));
#3315=CARTESIAN_POINT('Ctrl Pts',(-2.33981986722876,-21.6203036070604,21.9776785612956));
#3316=CARTESIAN_POINT('Ctrl Pts',(-2.2650426900809,-21.8578592294021,21.8398987475279));
#3317=CARTESIAN_POINT('Ctrl Pts',(-2.23366380568037,-22.3001258747001,21.5887130367179));
#3318=CARTESIAN_POINT('Ctrl Pts',(-2.24752019558799,-22.4791587691609,21.4887839632668));
#3319=CARTESIAN_POINT('Ctrl Pts',(-2.32150197602354,-22.8611293728788,21.2899866928958));
#3320=CARTESIAN_POINT('Ctrl Pts',(-2.3863905191082,-23.0617057601252,21.1939813327178));
#3321=CARTESIAN_POINT('Ctrl Pts',(-2.46876823617075,-23.2605831618949,21.1097089018465));
#3322=CARTESIAN_POINT('',(-1.14559623934984,-21.9309310272322,22.0927677835762));
#3323=CARTESIAN_POINT('Ctrl Pts',(-2.46876823617075,-23.2605831618949,21.1097089018465));
#3324=CARTESIAN_POINT('Ctrl Pts',(-2.31330641340552,-22.8852651209439,21.268746396199));
#3325=CARTESIAN_POINT('Ctrl Pts',(-2.12641532671605,-22.5919146339331,21.4509895669594));
#3326=CARTESIAN_POINT('Ctrl Pts',(-1.79283500260623,-22.2663389393587,21.713480810893));
#3327=CARTESIAN_POINT('Ctrl Pts',(-1.67457445021393,-22.175959761713,21.7986799692195));
#3328=CARTESIAN_POINT('Ctrl Pts',(-1.42001980712398,-22.0298582051573,21.9572247092875));
#3329=CARTESIAN_POINT('Ctrl Pts',(-1.28764744171321,-21.9737298542598,22.0294031996539));
#3330=CARTESIAN_POINT('Ctrl Pts',(-1.1455962393498,-21.9309310272322,22.0927677835762));
#3331=CARTESIAN_POINT('',(-0.664521743727249,-23.7440295514628,21.1097089018442));
#3332=CARTESIAN_POINT('Ctrl Pts',(-1.14559623934984,-21.9309310272322,22.0927677835762));
#3333=CARTESIAN_POINT('Ctrl Pts',(-1.14213039648717,-21.9346175320126,22.0906066880065));
#3334=CARTESIAN_POINT('Ctrl Pts',(-1.13867992100652,-21.9383140997306,22.0884339352879));
#3335=CARTESIAN_POINT('Ctrl Pts',(-0.964502772122605,-22.1262668743911,
21.9776785612956));
#3336=CARTESIAN_POINT('Ctrl Pts',(-0.830789646165293,-22.3363742276063,
21.8398987475279));
#3337=CARTESIAN_POINT('Ctrl Pts',(-0.686012940506002,-22.7554495495088,
21.5887130367179));
#3338=CARTESIAN_POINT('Ctrl Pts',(-0.653060062590611,-22.9319683436283,
21.4887839632668));
#3339=CARTESIAN_POINT('Ctrl Pts',(-0.625659708076667,-23.3200715084099,
21.2899866928958));
#3340=CARTESIAN_POINT('Ctrl Pts',(-0.636424238655178,-23.5306078117543,
21.1939813327178));
#3341=CARTESIAN_POINT('Ctrl Pts',(-0.66452174385811,-23.7440295524568,21.1097089018465));
#3342=CARTESIAN_POINT('',(0.26942496468175,-22.1172221028821,22.0927677835762));
#3343=CARTESIAN_POINT('Ctrl Pts',(0.269424964681751,-22.1172221028821,22.0927677835762));
#3344=CARTESIAN_POINT('Ctrl Pts',(0.265085620126479,-22.119909163205,22.0905878697064));
#3345=CARTESIAN_POINT('Ctrl Pts',(0.26075872842988,-22.1226101608439,22.0883960945378));
#3346=CARTESIAN_POINT('Ctrl Pts',(0.0431113946854378,-22.2595751173625,
21.9772371819651));
#3347=CARTESIAN_POINT('Ctrl Pts',(-0.140934863780231,-22.4286211490287,
21.8388803561899));
#3348=CARTESIAN_POINT('Ctrl Pts',(-0.388419266199027,-22.795966576156,21.5879562341155));
#3349=CARTESIAN_POINT('Ctrl Pts',(-0.465267142286327,-22.9566194607402,
21.4888853556116));
#3350=CARTESIAN_POINT('Ctrl Pts',(-0.592093145726813,-23.32334468205,21.2905073510763));
#3351=CARTESIAN_POINT('Ctrl Pts',(-0.63634799420535,-23.530028677661,21.194210011566));
#3352=CARTESIAN_POINT('Ctrl Pts',(-0.664521743858105,-23.7440295524568,
21.1097089018465));
#3353=CARTESIAN_POINT('',(1.203371672628,-23.7440295479478,21.1097089018359));
#3354=CARTESIAN_POINT('Ctrl Pts',(1.20337167322162,-23.7440295524568,21.1097089018465));
#3355=CARTESIAN_POINT('Ctrl Pts',(1.1500363383023,-23.3389074628898,21.2696767812907));
#3356=CARTESIAN_POINT('Ctrl Pts',(1.04453001910974,-23.0057189035136,21.4530982408947));
#3357=CARTESIAN_POINT('Ctrl Pts',(0.738727555247047,-22.4939481952775,21.7889935053099));
#3358=CARTESIAN_POINT('Ctrl Pts',(0.557131482067552,-22.3104885838746,21.9360348741196));
#3359=CARTESIAN_POINT('Ctrl Pts',(0.318953213266648,-22.1486088201187,22.0672864739988));
#3360=CARTESIAN_POINT('Ctrl Pts',(0.294401369554474,-22.1326882880828,22.0802206325711));
#3361=CARTESIAN_POINT('Ctrl Pts',(0.269424964681751,-22.1172221028821,22.0927677835762));
#3362=CARTESIAN_POINT('',(1.68444616871334,-21.9309310272322,22.0927677835762));
#3363=CARTESIAN_POINT('Ctrl Pts',(1.20337167322162,-23.7440295524568,21.1097089018465));
#3364=CARTESIAN_POINT('Ctrl Pts',(1.1503465405794,-23.3412636831118,21.268746396199));
#3365=CARTESIAN_POINT('Ctrl Pts',(1.16552372588804,-22.9937691658033,21.4509895669595));
#3366=CARTESIAN_POINT('Ctrl Pts',(1.29162491348255,-22.5450221813922,21.7134808108931));
#3367=CARTESIAN_POINT('Ctrl Pts',(1.34885196729702,-22.4076212413817,21.7986799692196));
#3368=CARTESIAN_POINT('Ctrl Pts',(1.49625197658632,-22.1538162603271,21.9572247092875));
#3369=CARTESIAN_POINT('Ctrl Pts',(1.58282563234234,-22.0390214998719,22.0294031996539));
#3370=CARTESIAN_POINT('Ctrl Pts',(1.68444616871339,-21.9309310272322,22.0927677835762));
#3371=CARTESIAN_POINT('',(3.00761816379386,-23.2605831576932,21.1097089018359));
#3372=CARTESIAN_POINT('Ctrl Pts',(1.68444616871334,-21.9309310272322,22.0927677835762));
#3373=CARTESIAN_POINT('Ctrl Pts',(1.68929092906815,-21.9323907125919,22.0906066880066));
#3374=CARTESIAN_POINT('Ctrl Pts',(1.69412741234851,-21.9338667964021,22.0884339352879));
#3375=CARTESIAN_POINT('Ctrl Pts',(1.93894563537089,-22.0095500995279,21.9776785612956));
#3376=CARTESIAN_POINT('Ctrl Pts',(2.15979827587699,-22.1246518419555,21.839898747528));
#3377=CARTESIAN_POINT('Ctrl Pts',(2.49471624180547,-22.4151933639926,21.588713036718));
#3378=CARTESIAN_POINT('Ctrl Pts',(2.61151366826772,-22.5515866849878,21.4887839632668));
#3379=CARTESIAN_POINT('Ctrl Pts',(2.82929465374034,-22.8739937077209,21.2899866928958));
#3380=CARTESIAN_POINT('Ctrl Pts',(2.92524044847173,-23.0617057601252,21.1939813327178));
#3381=CARTESIAN_POINT('Ctrl Pts',(3.00761816553426,-23.2605831618949,21.1097089018465));
#3382=CARTESIAN_POINT('',(3.00303601612329,-21.3847532292275,22.0927677835762));
#3383=CARTESIAN_POINT('Ctrl Pts',(3.00761816553426,-23.2605831618949,21.1097089018465));
#3384=CARTESIAN_POINT('Ctrl Pts',(2.85215634276912,-22.8852651209441,21.2687463961989));
#3385=CARTESIAN_POINT('Ctrl Pts',(2.77687817888082,-22.5456830475729,21.4509895669593));
#3386=CARTESIAN_POINT('Ctrl Pts',(2.78253830670616,-22.0795893569011,21.7134808108931));
#3387=CARTESIAN_POINT('Ctrl Pts',(2.80225341585831,-21.9320587889663,21.7986799692196));
#3388=CARTESIAN_POINT('Ctrl Pts',(2.87894132878724,-21.6487520732726,21.9572247092875));
#3389=CARTESIAN_POINT('Ctrl Pts',(2.93285398847447,-21.5154619385124,22.0294031996539));
#3390=CARTESIAN_POINT('Ctrl Pts',(3.00303601612332,-21.3847532292275,22.0927677835762));
#3391=CARTESIAN_POINT('',(4.62526131351845,-22.326636449747,21.1097089018359));
#3392=CARTESIAN_POINT('Ctrl Pts',(3.00303601612329,-21.3847532292275,22.0927677835762));
#3393=CARTESIAN_POINT('Ctrl Pts',(3.00809348964313,-21.3849092607659,22.0906066880066));
#3394=CARTESIAN_POINT('Ctrl Pts',(3.0131472123543,-21.3850832742557,22.0884339352879));
#3395=CARTESIAN_POINT('Ctrl Pts',(3.26921173696301,-21.3948241126575,21.9776785612957));
#3396=CARTESIAN_POINT('Ctrl Pts',(3.51232952929673,-21.448842988795,21.839898747528));
#3397=CARTESIAN_POINT('Ctrl Pts',(3.91103312157155,-21.6428014004107,21.588713036718));
#3398=CARTESIAN_POINT('Ctrl Pts',(4.05915196133385,-21.7443178333058,21.4887839632668));
#3399=CARTESIAN_POINT('Ctrl Pts',(4.35295731743467,-21.9993732364392,21.2899866928958));
#3400=CARTESIAN_POINT('Ctrl Pts',(4.49421729264706,-22.1558565567883,21.1939813327178));
#3401=CARTESIAN_POINT('Ctrl Pts',(4.62526131628703,-22.3266364533551,21.1097089018465));
#3402=CARTESIAN_POINT('',(4.13533478788335,-20.5159098232006,22.0927677835762));
#3403=CARTESIAN_POINT('Ctrl Pts',(4.62526131628702,-22.3266364533551,21.1097089018465));
#3404=CARTESIAN_POINT('Ctrl Pts',(4.37795726970719,-22.0043435450459,21.2687463961992));
#3405=CARTESIAN_POINT('Ctrl Pts',(4.21735383908826,-21.6958158727266,21.4509895669596));
#3406=CARTESIAN_POINT('Ctrl Pts',(4.10218717878698,-21.2441389905578,21.7134808108931));
#3407=CARTESIAN_POINT('Ctrl Pts',(4.08304679116884,-21.0965327590977,21.7986799692196));
#3408=CARTESIAN_POINT('Ctrl Pts',(4.0837964532041,-20.8030311932528,21.9572247092875));
#3409=CARTESIAN_POINT('Ctrl Pts',(4.10137405815971,-20.6603291865992,22.0294031996539));
#3410=CARTESIAN_POINT('Ctrl Pts',(4.13533478788337,-20.5159098232006,22.0927677835762));
#3411=CARTESIAN_POINT('',(5.94606141724244,-21.005836350994,21.1097089018442));
#3412=CARTESIAN_POINT('Ctrl Pts',(4.13533478788335,-20.5159098232006,22.0927677835762));
#3413=CARTESIAN_POINT('Ctrl Pts',(4.14026031610571,-20.5147515676262,22.0906066880066));
#3414=CARTESIAN_POINT('Ctrl Pts',(4.14518687539661,-20.5136116520638,22.0884339352879));
#3415=CARTESIAN_POINT('Ctrl Pts',(4.39504732740628,-20.4567462037019,21.9776785612956));
#3416=CARTESIAN_POINT('Ctrl Pts',(4.64386219579123,-20.446000916411,21.839898747528));
#3417=CARTESIAN_POINT('Ctrl Pts',(5.07918042348761,-20.5301582723851,21.588713036718));
#3418=CARTESIAN_POINT('Ctrl Pts',(5.24852662239809,-20.5898796400422,21.4887839632669));
#3419=CARTESIAN_POINT('Ctrl Pts',(5.59833399964519,-20.7602018193513,21.2899866928958));
#3420=CARTESIAN_POINT('Ctrl Pts',(5.77528152147103,-20.8747923279643,21.1939813327178));
#3421=CARTESIAN_POINT('Ctrl Pts',(5.94606141803782,-21.0058363516043,21.1097089018465));
#3422=CARTESIAN_POINT('',(5.00417819391028,-19.3836110514406,22.0927677835762));
#3423=CARTESIAN_POINT('Ctrl Pts',(5.94606141803781,-21.0058363516043,21.1097089018465));
#3424=CARTESIAN_POINT('Ctrl Pts',(5.62376850972889,-20.7585323050246,21.268746396199));
#3425=CARTESIAN_POINT('Ctrl Pts',(5.38878467076593,-20.5020846847595,21.4509895669595));
#3426=CARTESIAN_POINT('Ctrl Pts',(5.16063963991552,-20.0956056441816,21.7134808108931));
#3427=CARTESIAN_POINT('Ctrl Pts',(5.10394814131231,-19.9579828699393,21.7986799692196));
#3428=CARTESIAN_POINT('Ctrl Pts',(5.0287084642251,-19.6742881006213,21.9572247092875));
#3429=CARTESIAN_POINT('Ctrl Pts',(5.00875312971974,-19.5318991280016,22.0294031996539));
#3430=CARTESIAN_POINT('Ctrl Pts',(5.00417819391028,-19.3836110514405,22.0927677835762));
#3431=CARTESIAN_POINT('',(6.88000812237597,-19.3881931991111,21.1097089018359));
#3432=CARTESIAN_POINT('Ctrl Pts',(5.00417819391028,-19.3836110514406,22.0927677835762));
#3433=CARTESIAN_POINT('Ctrl Pts',(5.00863611022662,-19.3812174419567,22.0906066880066));
#3434=CARTESIAN_POINT('Ctrl Pts',(5.01309976922307,-19.3788412807039,22.0884339352879));
#3435=CARTESIAN_POINT('Ctrl Pts',(5.23972857174338,-19.2592448319094,21.9776785612955));
#3436=CARTESIAN_POINT('Ctrl Pts',(5.4772841940852,-19.1844676547617,21.8398987475278));
#3437=CARTESIAN_POINT('Ctrl Pts',(5.91955083938278,-19.1530887703611,21.588713036718));
#3438=CARTESIAN_POINT('Ctrl Pts',(6.09858373384353,-19.1669451602687,21.4887839632669));
#3439=CARTESIAN_POINT('Ctrl Pts',(6.48055433756149,-19.2409269407043,21.2899866928958));
#3440=CARTESIAN_POINT('Ctrl Pts',(6.68113072480792,-19.305815483789,21.1939813327178));
#3441=CARTESIAN_POINT('Ctrl Pts',(6.88000812657768,-19.3881932008515,21.1097089018465));
#3442=CARTESIAN_POINT('',(5.55035599191495,-18.0650212040306,22.0927677835762));
#3443=CARTESIAN_POINT('Ctrl Pts',(6.88000812657767,-19.3881932008515,21.1097089018465));
#3444=CARTESIAN_POINT('Ctrl Pts',(6.50469008562658,-19.2327313780863,21.268746396199));
#3445=CARTESIAN_POINT('Ctrl Pts',(6.21133959861587,-19.0458402913968,21.4509895669595));
#3446=CARTESIAN_POINT('Ctrl Pts',(5.88576390404137,-18.7122599672869,21.7134808108931));
#3447=CARTESIAN_POINT('Ctrl Pts',(5.79538472639573,-18.5939994148947,21.7986799692196));
#3448=CARTESIAN_POINT('Ctrl Pts',(5.64928316984004,-18.3394447718048,21.9572247092875));
#3449=CARTESIAN_POINT('Ctrl Pts',(5.59315481894252,-18.207072406394,22.0294031996539));
#3450=CARTESIAN_POINT('Ctrl Pts',(5.55035599191494,-18.0650212040306,22.0927677835762));
#3451=CARTESIAN_POINT('',(7.36345451614557,-17.583946708408,21.1097089018442));
#3452=CARTESIAN_POINT('Ctrl Pts',(5.55035599191495,-18.0650212040306,22.0927677835762));
#3453=CARTESIAN_POINT('Ctrl Pts',(5.55404249669538,-18.0615553611679,22.0906066880066));
#3454=CARTESIAN_POINT('Ctrl Pts',(5.55773906441334,-18.0581048856873,22.0884339352879));
#3455=CARTESIAN_POINT('Ctrl Pts',(5.74569183907369,-17.8839277368035,21.9776785612957));
#3456=CARTESIAN_POINT('Ctrl Pts',(5.95579919228887,-17.7502146108461,21.8398987475281));
#3457=CARTESIAN_POINT('Ctrl Pts',(6.37487451419158,-17.6054379051868,21.588713036718));
#3458=CARTESIAN_POINT('Ctrl Pts',(6.55139330831101,-17.5724850272714,21.4887839632668));
#3459=CARTESIAN_POINT('Ctrl Pts',(6.93949647309268,-17.5450846727574,21.2899866928958));
#3460=CARTESIAN_POINT('Ctrl Pts',(7.15003277643706,-17.5558492033359,21.1939813327178));
#3461=CARTESIAN_POINT('Ctrl Pts',(7.36345451713954,-17.5839467085389,21.1097089018465));
#3462=CARTESIAN_POINT('Ctrl Pts',(5.73664706756484,-16.649999999999,22.0927677835762));
#3463=CARTESIAN_POINT('Ctrl Pts',(5.73933412788772,-16.6543393445543,22.0905878697065));
#3464=CARTESIAN_POINT('Ctrl Pts',(5.74203512552668,-16.6586662362509,22.0883960945378));
#3465=CARTESIAN_POINT('Ctrl Pts',(5.87900008204528,-16.8763135699953,21.9772371819651));
#3466=CARTESIAN_POINT('Ctrl Pts',(6.04804611371144,-17.060359828461,21.8388803561899));
#3467=CARTESIAN_POINT('Ctrl Pts',(6.41539154083879,-17.3078442308798,21.5879562341155));
#3468=CARTESIAN_POINT('Ctrl Pts',(6.57604442542293,-17.3846921069671,21.4888853556116));
#3469=CARTESIAN_POINT('Ctrl Pts',(6.94276964673279,-17.5115181104076,21.2905073510763));
#3470=CARTESIAN_POINT('Ctrl Pts',(7.14945364234373,-17.5557729588861,21.194210011566));
#3471=CARTESIAN_POINT('Ctrl Pts',(7.36345451713954,-17.5839467085389,21.1097089018465));
#3472=CARTESIAN_POINT('Origin',(0.269424964681764,-16.649999999999,19.2000000000077));
#3473=CARTESIAN_POINT('',(-1.61141908225973,12.3411983504421,19.2000000000074));
#3474=CARTESIAN_POINT('Ctrl Pts',(-1.61141908225969,12.3411983504418,19.2000000000077));
#3475=CARTESIAN_POINT('Ctrl Pts',(-1.82157959930607,12.3275638965427,19.2000000000077));
#3476=CARTESIAN_POINT('Ctrl Pts',(-2.02594452670805,12.2729259539012,19.2000000000077));
#3477=CARTESIAN_POINT('Ctrl Pts',(-2.41249099904766,12.0849085602538,19.2000000000077));
#3478=CARTESIAN_POINT('Ctrl Pts',(-2.58787017981964,11.9512504925301,19.2000000000077));
#3479=CARTESIAN_POINT('Ctrl Pts',(-2.90010587421692,11.6087430913073,19.2000000000077));
#3480=CARTESIAN_POINT('Ctrl Pts',(-3.02668070894525,11.3975113066197,19.2000000000083));
#3481=CARTESIAN_POINT('Ctrl Pts',(-3.1832925798569,10.9900864996881,19.2000000000083));
#3482=CARTESIAN_POINT('Ctrl Pts',(-3.22760917329394,10.8020948616766,19.2000000000091));
#3483=CARTESIAN_POINT('Ctrl Pts',(-3.27042441413438,10.4140424697783,19.2000000000091));
#3484=CARTESIAN_POINT('Ctrl Pts',(-3.26734794445191,10.2144573703281,19.2000000000077));
#3485=CARTESIAN_POINT('Ctrl Pts',(-3.24145580862537,10.0177870731364,19.2000000000077));
#3486=CARTESIAN_POINT('',(2.15026901164826,12.3411983506418,19.1999999998139));
#3487=CARTESIAN_POINT('Origin',(0.269424964681853,-16.6499999999997,19.2000000000077));
#3488=CARTESIAN_POINT('',(3.78030573800724,10.0177870732755,19.1999999998989));
#3489=CARTESIAN_POINT('Ctrl Pts',(3.78030573798893,10.0177870731364,19.2000000000077));
#3490=CARTESIAN_POINT('Ctrl Pts',(3.8216685599595,10.3319688982333,19.2000000000077));
#3491=CARTESIAN_POINT('Ctrl Pts',(3.80473426524871,10.6530499602593,19.2000000000217));
#3492=CARTESIAN_POINT('Ctrl Pts',(3.65163943301991,11.2184806125414,19.2000000000217));
#3493=CARTESIAN_POINT('Ctrl Pts',(3.53420305608751,11.4637808603479,19.200000000033));
#3494=CARTESIAN_POINT('Ctrl Pts',(3.22606639570771,11.8611405865344,19.200000000033));
#3495=CARTESIAN_POINT('Ctrl Pts',(3.04988534970722,12.0170251758785,19.2000000000113));
#3496=CARTESIAN_POINT('Ctrl Pts',(2.73977306442496,12.1927385944901,19.2000000000113));
#3497=CARTESIAN_POINT('Ctrl Pts',(2.62667106639384,12.2412655286388,19.2000000000077));
#3498=CARTESIAN_POINT('Ctrl Pts',(2.39216664391528,12.3116222476296,19.2000000000077));
#3499=CARTESIAN_POINT('Ctrl Pts',(2.27196981085033,12.3333028429513,19.2000000000077));
#3500=CARTESIAN_POINT('Ctrl Pts',(2.15026901162325,12.3411983504418,19.2000000000077));
#3501=CARTESIAN_POINT('',(5.95614339795789,11.8401454819772,19.2000000000075));
#3502=CARTESIAN_POINT('Ctrl Pts',(5.95614339795784,11.8401454819769,19.2000000000077));
#3503=CARTESIAN_POINT('Ctrl Pts',(5.74961507053783,11.8813691551687,19.2000000000077));
#3504=CARTESIAN_POINT('Ctrl Pts',(5.53807236903173,11.8814864906386,19.2000000000077));
#3505=CARTESIAN_POINT('Ctrl Pts',(5.11603466605148,11.7999212231817,19.2000000000077));
#3506=CARTESIAN_POINT('Ctrl Pts',(4.91203813249192,11.7162089157737,19.2000000000077));
#3507=CARTESIAN_POINT('Ctrl Pts',(4.52179417285925,11.4661847155083,19.2000000000077));
#3508=CARTESIAN_POINT('Ctrl Pts',(4.34486146222874,11.2949104572038,19.2000000000083));
#3509=CARTESIAN_POINT('Ctrl Pts',(4.0881367119306,10.9419024487988,19.2000000000083));
#3510=CARTESIAN_POINT('Ctrl Pts',(3.99667435355922,10.7717864489127,19.2000000000091));
#3511=CARTESIAN_POINT('Ctrl Pts',(3.85488265715179,10.408038021375,19.2000000000091));
#3512=CARTESIAN_POINT('Ctrl Pts',(3.80619787381548,10.2144573703281,19.2000000000077));
#3513=CARTESIAN_POINT('Ctrl Pts',(3.78030573798894,10.0177870731364,19.2000000000077));
#3514=CARTESIAN_POINT('',(9.58965507835941,10.8665489617314,19.199999999814));
#3515=CARTESIAN_POINT('Origin',(0.269424964681659,-16.6499999999997,19.2000000000077));
#3516=CARTESIAN_POINT('',(10.5628065621233,8.20042145522588,19.1999999995696));
#3517=CARTESIAN_POINT('Ctrl Pts',(10.5628065619072,8.20042145470411,19.2000000000077));
#3518=CARTESIAN_POINT('Ctrl Pts',(10.6840762198569,8.49319230763068,19.2000000000077));
#3519=CARTESIAN_POINT('Ctrl Pts',(10.7508208411198,8.80771571576041,19.2000000000217));
#3520=CARTESIAN_POINT('Ctrl Pts',(10.749286810294,9.39350364406279,19.2000000000217));
#3521=CARTESIAN_POINT('Ctrl Pts',(10.6993403567698,9.66084025955213,19.200000000033));
#3522=CARTESIAN_POINT('Ctrl Pts',(10.5045474633763,10.1244119176034,19.200000000033));
#3523=CARTESIAN_POINT('Ctrl Pts',(10.374715541502,10.3205838784623,19.2000000000113));
#3524=CARTESIAN_POINT('Ctrl Pts',(10.1206480553152,10.5705729730761,19.2000000000113));
#3525=CARTESIAN_POINT('Ctrl Pts',(10.0239596091701,10.6467193431706,19.2000000000077));
#3526=CARTESIAN_POINT('Ctrl Pts',(9.81565538994481,10.775372925795,19.2000000000077));
#3527=CARTESIAN_POINT('Ctrl Pts',(9.70516551562765,10.8274240023037,19.2000000000077));
#3528=CARTESIAN_POINT('Ctrl Pts',(9.58965507828347,10.8665489615446,19.2000000000077));
#3529=CARTESIAN_POINT('',(13.1361654146943,9.39753628110724,19.2000000000075));
#3530=CARTESIAN_POINT('Ctrl Pts',(13.1361654146941,9.39753628110697,19.2000000000077));
#3531=CARTESIAN_POINT('Ctrl Pts',(12.94734384111,9.4908087561868,19.2000000000077));
#3532=CARTESIAN_POINT('Ctrl Pts',(12.7430396510165,9.54567337354977,19.2000000000077));
#3533=CARTESIAN_POINT('Ctrl Pts',(12.3142718894035,9.57611877046759,19.2000000000077));
#3534=CARTESIAN_POINT('Ctrl Pts',(12.0955600296982,9.54805707878411,19.2000000000077));
#3535=CARTESIAN_POINT('Ctrl Pts',(11.6539022857705,9.40755481553961,19.2000000000077));
#3536=CARTESIAN_POINT('Ctrl Pts',(11.4386693710721,9.2879101412776,19.2000000000083));
#3537=CARTESIAN_POINT('Ctrl Pts',(11.0993271088626,9.01337584379864,19.2000000000083));
#3538=CARTESIAN_POINT('Ctrl Pts',(10.9669519941312,8.8727286063002,19.2000000000091));
#3539=CARTESIAN_POINT('Ctrl Pts',(10.7358467119451,8.55807299733718,19.2000000000091));
#3540=CARTESIAN_POINT('Ctrl Pts',(10.638718463119,8.38368899615523,19.2000000000077));
#3541=CARTESIAN_POINT('Ctrl Pts',(10.5628065619072,8.20042145470412,19.2000000000077));
#3542=CARTESIAN_POINT('',(16.3938828652319,7.51669223432621,19.199999999814));
#3543=CARTESIAN_POINT('Origin',(0.269424964681475,-16.6499999999997,19.2000000000077));
#3544=CARTESIAN_POINT('',(16.6438304409357,4.68954068184501,19.1999999995696));
#3545=CARTESIAN_POINT('Ctrl Pts',(16.6438304405919,4.68954068139696,19.2000000000077));
#3546=CARTESIAN_POINT('Ctrl Pts',(16.836742607739,4.94094871235295,19.2000000000077));
#3547=CARTESIAN_POINT('Ctrl Pts',(16.9826176093373,5.22748021609692,19.2000000000217));
#3548=CARTESIAN_POINT('Ctrl Pts',(17.1327489215801,5.79370494116605,19.2000000000217));
#3549=CARTESIAN_POINT('Ctrl Pts',(17.1536961597315,6.06485937578729,19.200000000033));
#3550=CARTESIAN_POINT('Ctrl Pts',(17.0855218470985,6.56305132329555,19.200000000033));
#3551=CARTESIAN_POINT('Ctrl Pts',(17.0108868802688,6.78614186072621,19.2000000000113));
#3552=CARTESIAN_POINT('Ctrl Pts',(16.8301784724946,7.09337028767084,19.2000000000113));
#3553=CARTESIAN_POINT('Ctrl Pts',(16.7564927360552,7.19194684442694,19.2000000000077));
#3554=CARTESIAN_POINT('Ctrl Pts',(16.5885843083843,7.37012976163916,19.2000000000077));
#3555=CARTESIAN_POINT('Ctrl Pts',(16.4953310951565,7.44900412448941,19.2000000000077));
#3556=CARTESIAN_POINT('Ctrl Pts',(16.3938828651102,7.5166922341655,19.2000000000077));
#3557=CARTESIAN_POINT('',(19.4393403330563,5.17983052826882,19.2000000000075));
#3558=CARTESIAN_POINT('Ctrl Pts',(19.4393403330561,5.17983052826858,19.2000000000077));
#3559=CARTESIAN_POINT('Ctrl Pts',(19.2810933915051,5.31879544019992,19.2000000000077));
#3560=CARTESIAN_POINT('Ctrl Pts',(19.0979507057506,5.42466840645069,19.2000000000077));
#3561=CARTESIAN_POINT('Ctrl Pts',(18.6916726998864,5.56504966425667,19.2000000000077));
#3562=CARTESIAN_POINT('Ctrl Pts',(18.4731503658359,5.59455094621176,19.2000000000077));
#3563=CARTESIAN_POINT('Ctrl Pts',(18.0101770829878,5.57314561703734,19.2000000000077));
#3564=CARTESIAN_POINT('Ctrl Pts',(17.7713117316691,5.51328411364658,19.2000000000083));
#3565=CARTESIAN_POINT('Ctrl Pts',(17.3724775719282,5.33593258577752,19.2000000000083));
#3566=CARTESIAN_POINT('Ctrl Pts',(17.2082108461455,5.23433898747168,19.2000000000091));
#3567=CARTESIAN_POINT('Ctrl Pts',(16.9035414212422,4.99021945684115,19.2000000000091));
#3568=CARTESIAN_POINT('Ctrl Pts',(16.7645888365717,4.84691608702153,19.2000000000077));
#3569=CARTESIAN_POINT('Ctrl Pts',(16.6438304405919,4.68954068139697,19.2000000000077));
#3570=CARTESIAN_POINT('',(22.0992554931085,2.51991536849901,19.199999999814));
#3571=CARTESIAN_POINT('Origin',(0.269424964681308,-16.6499999999996,19.2000000000077));
#3572=CARTESIAN_POINT('',(21.608965646189,-0.275594524003582,19.199999999899));
#3573=CARTESIAN_POINT('Ctrl Pts',(21.6089656460778,-0.275594524088957,19.2000000000077));
#3574=CARTESIAN_POINT('Ctrl Pts',(21.8603736770337,-0.0826823569417784,
19.2000000000077));
#3575=CARTESIAN_POINT('Ctrl Pts',(22.0754379186783,0.156330593951974,19.2000000000217));
#3576=CARTESIAN_POINT('Ctrl Pts',(22.3670033731641,0.664404836505006,19.2000000000217));
#3577=CARTESIAN_POINT('Ctrl Pts',(22.4574167833279,0.920898363642593,19.200000000033));
#3578=CARTESIAN_POINT('Ctrl Pts',(22.5205070181981,1.41975964268624,19.200000000033));
#3579=CARTESIAN_POINT('Ctrl Pts',(22.5061552560623,1.65456550523737,19.2000000000113));
#3580=CARTESIAN_POINT('Ctrl Pts',(22.4111209060557,1.99809615493547,19.2000000000113));
#3581=CARTESIAN_POINT('Ctrl Pts',(22.3654594404889,2.11238506891576,19.2000000000077));
#3582=CARTESIAN_POINT('Ctrl Pts',(22.2493894862365,2.327954449369,19.2000000000077));
#3583=CARTESIAN_POINT('Ctrl Pts',(22.1797279864712,2.42827694107852,19.2000000000077));
#3584=CARTESIAN_POINT('Ctrl Pts',(22.0992554929494,2.51991536837526,19.2000000000077));
#3585=CARTESIAN_POINT('',(24.4361171988465,-0.525542099570395,19.2000000000075));
#3586=CARTESIAN_POINT('Ctrl Pts',(24.4361171988463,-0.525542099570573,19.2000000000077));
#3587=CARTESIAN_POINT('Ctrl Pts',(24.3192291568798,-0.350354979885492,19.2000000000077));
#3588=CARTESIAN_POINT('Ctrl Pts',(24.1697288468407,-0.200688732433547,19.2000000000077));
#3589=CARTESIAN_POINT('Ctrl Pts',(23.8136277714189,0.0400616355321182,19.2000000000077));
#3590=CARTESIAN_POINT('Ctrl Pts',(23.6101868989635,0.125115427513705,19.2000000000077));
#3591=CARTESIAN_POINT('Ctrl Pts',(23.1574489413217,0.224265770218621,19.2000000000077));
#3592=CARTESIAN_POINT('Ctrl Pts',(22.9112294323314,0.228266900229372,19.2000000000083));
#3593=CARTESIAN_POINT('Ctrl Pts',(22.4800832639408,0.160184355507238,19.2000000000083));
#3594=CARTESIAN_POINT('Ctrl Pts',(22.2951194330053,0.104567832227183,19.2000000000091));
#3595=CARTESIAN_POINT('Ctrl Pts',(21.9376485832018,-0.0523792774849952,
19.2000000000091));
#3596=CARTESIAN_POINT('Ctrl Pts',(21.7663410517023,-0.154836128109085,19.2000000000077));
#3597=CARTESIAN_POINT('Ctrl Pts',(21.6089656460778,-0.275594524088944,19.2000000000077));
#3598=CARTESIAN_POINT('',(26.3169612459735,-3.78325954990832,19.199999999814));
#3599=CARTESIAN_POINT('Origin',(0.269424964681174,-16.6499999999995,19.2000000000077));
#3600=CARTESIAN_POINT('',(25.1198464195145,-6.35661840271998,19.199999999899));
#3601=CARTESIAN_POINT('Ctrl Pts',(25.1198464193849,-6.35661840277364,19.2000000000078));
#3602=CARTESIAN_POINT('Ctrl Pts',(25.4126172723115,-6.23534874482392,19.2000000000078));
#3603=CARTESIAN_POINT('Ctrl Pts',(25.6822144813446,-6.06014268439622,19.2000000000217));
#3604=CARTESIAN_POINT('Ctrl Pts',(26.095344374185,-5.6448433443569,19.2000000000217));
#3605=CARTESIAN_POINT('Ctrl Pts',(26.2490624318738,-5.4204903347018,19.200000000033));
#3606=CARTESIAN_POINT('Ctrl Pts',(26.4391177190023,-4.95495629588233,19.200000000033));
#3607=CARTESIAN_POINT('Ctrl Pts',(26.4860272104325,-4.72443673970858,19.2000000000113));
#3608=CARTESIAN_POINT('Ctrl Pts',(26.4831433520948,-4.36801491332268,19.2000000000113));
#3609=CARTESIAN_POINT('Ctrl Pts',(26.4686179108198,-4.2458022427346,19.2000000000078));
#3610=CARTESIAN_POINT('Ctrl Pts',(26.4122964055535,-4.00753709607298,19.2000000000078));
#3611=CARTESIAN_POINT('Ctrl Pts',(26.3709739353388,-3.89260328752344,19.2000000000078));
#3612=CARTESIAN_POINT('Ctrl Pts',(26.3169612457878,-3.78325954998667,19.2000000000078));
#3613=CARTESIAN_POINT('',(27.7859739262257,-7.32976988639724,19.2000000000075));
#3614=CARTESIAN_POINT('Ctrl Pts',(27.7859739262254,-7.32976988639735,19.2000000000078));
#3615=CARTESIAN_POINT('Ctrl Pts',(27.7184105107367,-7.13029927165465,19.2000000000078));
#3616=CARTESIAN_POINT('Ctrl Pts',(27.6127407754814,-6.94703925043021,19.2000000000078));
#3617=CARTESIAN_POINT('Ctrl Pts',(27.3310843303072,-6.62232651202293,19.2000000000078));
#3618=CARTESIAN_POINT('Ctrl Pts',(27.1565890787027,-6.48751648538036,19.2000000000078));
#3619=CARTESIAN_POINT('Ctrl Pts',(26.7449397898956,-6.27456740279776,19.2000000000078));
#3620=CARTESIAN_POINT('Ctrl Pts',(26.5081455758743,-6.20697630978354,19.2000000000084));
#3621=CARTESIAN_POINT('Ctrl Pts',(26.0740692977071,-6.16115015844766,19.2000000000083));
#3622=CARTESIAN_POINT('Ctrl Pts',(25.8810133410299,-6.16699943255105,19.2000000000092));
#3623=CARTESIAN_POINT('Ctrl Pts',(25.4951021139919,-6.22607843518534,19.2000000000091));
#3624=CARTESIAN_POINT('Ctrl Pts',(25.303113960836,-6.28070650156183,19.2000000000078));
#3625=CARTESIAN_POINT('Ctrl Pts',(25.1198464193849,-6.35661840277365,19.2000000000078));
#3626=CARTESIAN_POINT('',(28.7595704468574,-10.9632815666954,19.199999999814));
#3627=CARTESIAN_POINT('Origin',(0.26942496468108,-16.6499999999993,19.2000000000077));
#3628=CARTESIAN_POINT('',(26.9372120383771,-13.1391192266182,19.1999999995697));
#3629=CARTESIAN_POINT('Ctrl Pts',(26.9372120378172,-13.1391192266919,19.2000000000078));
#3630=CARTESIAN_POINT('Ctrl Pts',(27.2513938629141,-13.0977564047213,19.2000000000078));
#3631=CARTESIAN_POINT('Ctrl Pts',(27.5571514350708,-12.9982972382361,19.2000000000217));
#3632=CARTESIAN_POINT('Ctrl Pts',(28.063691646798,-12.7040747644195,19.2000000000217));
#3633=CARTESIAN_POINT('Ctrl Pts',(28.2702387204114,-12.527151559094,19.200000000033));
#3634=CARTESIAN_POINT('Ctrl Pts',(28.5743071060616,-12.1266701359129,19.200000000033));
#3635=CARTESIAN_POINT('Ctrl Pts',(28.6792810467384,-11.9161464129182,19.2000000000114));
#3636=CARTESIAN_POINT('Ctrl Pts',(28.7687442102496,-11.5711229682978,19.2000000000114));
#3637=CARTESIAN_POINT('Ctrl Pts',(28.7863446780849,-11.4493151326365,19.2000000000078));
#3638=CARTESIAN_POINT('Ctrl Pts',(28.7936098393128,-11.2045915957597,19.2000000000078));
#3639=CARTESIAN_POINT('Ctrl Pts',(28.7834424567052,-11.0828790194857,19.2000000000078));
#3640=CARTESIAN_POINT('Ctrl Pts',(28.7595704466577,-10.963281566723,19.2000000000078));
#3641=CARTESIAN_POINT('',(29.2606233151229,-14.7691559530575,19.2000000000075));
#3642=CARTESIAN_POINT('Ctrl Pts',(29.2606233151226,-14.7691559530576,19.2000000000078));
#3643=CARTESIAN_POINT('Ctrl Pts',(29.2469888612235,-14.5589954360112,19.2000000000078));
#3644=CARTESIAN_POINT('Ctrl Pts',(29.192350918582,-14.3546305086092,19.2000000000078));
#3645=CARTESIAN_POINT('Ctrl Pts',(29.0043335249346,-13.9680840362696,19.2000000000078));
#3646=CARTESIAN_POINT('Ctrl Pts',(28.8706754572109,-13.7927048554976,19.2000000000078));
#3647=CARTESIAN_POINT('Ctrl Pts',(28.5281680559881,-13.4804691611003,19.2000000000078));
#3648=CARTESIAN_POINT('Ctrl Pts',(28.3169362713005,-13.353894326372,19.2000000000084));
#3649=CARTESIAN_POINT('Ctrl Pts',(27.9095114643689,-13.1972824554603,19.2000000000084));
#3650=CARTESIAN_POINT('Ctrl Pts',(27.7215198263574,-13.1529658620233,19.2000000000092));
#3651=CARTESIAN_POINT('Ctrl Pts',(27.3334674344591,-13.1101506211829,19.2000000000092));
#3652=CARTESIAN_POINT('Ctrl Pts',(27.1338823350089,-13.1132270908653,19.2000000000078));
#3653=CARTESIAN_POINT('Ctrl Pts',(26.9372120378172,-13.1391192266919,19.2000000000078));
#3654=CARTESIAN_POINT('',(29.2606233153226,-18.5308440469655,19.199999999814));
#3655=CARTESIAN_POINT('Origin',(0.269424964681032,-16.6499999999991,19.2000000000077));
#3656=CARTESIAN_POINT('',(26.9372120383771,-20.1608807733799,19.1999999995697));
#3657=CARTESIAN_POINT('Ctrl Pts',(26.9372120378172,-20.1608807733062,19.2000000000078));
#3658=CARTESIAN_POINT('Ctrl Pts',(27.2513938629141,-20.2022435952767,19.2000000000078));
#3659=CARTESIAN_POINT('Ctrl Pts',(27.5724749249401,-20.1853093005659,19.2000000000217));
#3660=CARTESIAN_POINT('Ctrl Pts',(28.1379055772222,-20.0322144683371,19.2000000000217));
#3661=CARTESIAN_POINT('Ctrl Pts',(28.3832058250287,-19.9147780914048,19.200000000033));
#3662=CARTESIAN_POINT('Ctrl Pts',(28.7805655512152,-19.606641431025,19.200000000033));
#3663=CARTESIAN_POINT('Ctrl Pts',(28.9364501405592,-19.4304603850245,19.2000000000114));
#3664=CARTESIAN_POINT('Ctrl Pts',(29.1121635591709,-19.1203480997422,19.2000000000114));
#3665=CARTESIAN_POINT('Ctrl Pts',(29.1606904933196,-19.0072461017111,19.2000000000078));
#3666=CARTESIAN_POINT('Ctrl Pts',(29.2310472123104,-18.7727416792325,19.2000000000078));
#3667=CARTESIAN_POINT('Ctrl Pts',(29.2527278076321,-18.6525448461676,19.2000000000078));
#3668=CARTESIAN_POINT('Ctrl Pts',(29.2606233151226,-18.5308440469405,19.2000000000078));
#3669=CARTESIAN_POINT('',(28.759570446658,-22.3367184332751,19.2000000000075));
#3670=CARTESIAN_POINT('Ctrl Pts',(28.7595704466577,-22.3367184332751,19.2000000000078));
#3671=CARTESIAN_POINT('Ctrl Pts',(28.8007941198494,-22.1301901058551,19.2000000000078));
#3672=CARTESIAN_POINT('Ctrl Pts',(28.8009114553194,-21.918647404349,19.2000000000078));
#3673=CARTESIAN_POINT('Ctrl Pts',(28.7193461878625,-21.4966097013687,19.2000000000078));
#3674=CARTESIAN_POINT('Ctrl Pts',(28.6356338804545,-21.2926131678091,19.2000000000078));
#3675=CARTESIAN_POINT('Ctrl Pts',(28.3856096801891,-20.9023692081765,19.2000000000078));
#3676=CARTESIAN_POINT('Ctrl Pts',(28.2143354218846,-20.725436497546,19.2000000000084));
#3677=CARTESIAN_POINT('Ctrl Pts',(27.8613274134795,-20.4687117472478,19.2000000000084));
#3678=CARTESIAN_POINT('Ctrl Pts',(27.6912114135935,-20.3772493888765,19.2000000000092));
#3679=CARTESIAN_POINT('Ctrl Pts',(27.3274629860558,-20.235457692469,19.2000000000092));
#3680=CARTESIAN_POINT('Ctrl Pts',(27.1338823350089,-20.1867729091327,19.2000000000078));
#3681=CARTESIAN_POINT('Ctrl Pts',(26.9372120378172,-20.1608807733062,19.2000000000078));
#3682=CARTESIAN_POINT('',(27.7859739264121,-25.9702301136766,19.199999999814));
#3683=CARTESIAN_POINT('Origin',(0.269424964681033,-16.6499999999989,19.2000000000077));
#3684=CARTESIAN_POINT('',(25.1198464195144,-26.9433815972781,19.199999999899));
#3685=CARTESIAN_POINT('Ctrl Pts',(25.1198464193849,-26.9433815972244,19.2000000000078));
#3686=CARTESIAN_POINT('Ctrl Pts',(25.4126172723114,-27.0646512551741,19.2000000000078));
#3687=CARTESIAN_POINT('Ctrl Pts',(25.7271406804412,-27.131395876437,19.2000000000217));
#3688=CARTESIAN_POINT('Ctrl Pts',(26.3129286087436,-27.1298618456112,19.2000000000217));
#3689=CARTESIAN_POINT('Ctrl Pts',(26.5802652242329,-27.0799153920871,19.200000000033));
#3690=CARTESIAN_POINT('Ctrl Pts',(27.0438368822842,-26.8851224986936,19.200000000033));
#3691=CARTESIAN_POINT('Ctrl Pts',(27.2400088431431,-26.7552905768193,19.2000000000113));
#3692=CARTESIAN_POINT('Ctrl Pts',(27.4899979377569,-26.5012230906324,19.2000000000114));
#3693=CARTESIAN_POINT('Ctrl Pts',(27.5661443078513,-26.4045346444873,19.2000000000078));
#3694=CARTESIAN_POINT('Ctrl Pts',(27.6947978904757,-26.196230425262,19.2000000000078));
#3695=CARTESIAN_POINT('Ctrl Pts',(27.7468489669845,-26.0857405509449,19.2000000000078));
#3696=CARTESIAN_POINT('Ctrl Pts',(27.7859739262254,-25.9702301136007,19.2000000000078));
#3697=CARTESIAN_POINT('',(26.316961245788,-29.5167404500115,19.2000000000075));
#3698=CARTESIAN_POINT('Ctrl Pts',(26.3169612457877,-29.5167404500114,19.2000000000078));
#3699=CARTESIAN_POINT('Ctrl Pts',(26.4102337208676,-29.3279188764272,19.2000000000078));
#3700=CARTESIAN_POINT('Ctrl Pts',(26.4650983382305,-29.1236146863338,19.2000000000078));
#3701=CARTESIAN_POINT('Ctrl Pts',(26.4955437351484,-28.6948469247207,19.2000000000078));
#3702=CARTESIAN_POINT('Ctrl Pts',(26.4674820434649,-28.4761350650154,19.2000000000078));
#3703=CARTESIAN_POINT('Ctrl Pts',(26.3269797802204,-28.0344773210877,19.2000000000078));
#3704=CARTESIAN_POINT('Ctrl Pts',(26.2073351059584,-27.8192444063894,19.2000000000084));
#3705=CARTESIAN_POINT('Ctrl Pts',(25.9328008084794,-27.4799021441798,19.2000000000083));
#3706=CARTESIAN_POINT('Ctrl Pts',(25.792153570981,-27.3475270294485,19.2000000000092));
#3707=CARTESIAN_POINT('Ctrl Pts',(25.477497962018,-27.1164217472623,19.2000000000092));
#3708=CARTESIAN_POINT('Ctrl Pts',(25.303113960836,-27.0192934984362,19.2000000000078));
#3709=CARTESIAN_POINT('Ctrl Pts',(25.1198464193849,-26.9433815972244,19.2000000000078));
#3710=CARTESIAN_POINT('',(24.436117199007,-32.7744579005492,19.199999999814));
#3711=CARTESIAN_POINT('Origin',(0.269424964681085,-16.6499999999987,19.2000000000077));
#3712=CARTESIAN_POINT('',(21.6089656465258,-33.0244054762529,19.1999999995697));
#3713=CARTESIAN_POINT('Ctrl Pts',(21.6089656460777,-33.0244054759091,19.2000000000077));
#3714=CARTESIAN_POINT('Ctrl Pts',(21.8603736770337,-33.2173176430563,19.2000000000077));
#3715=CARTESIAN_POINT('Ctrl Pts',(22.1469051807777,-33.3631926446545,19.2000000000217));
#3716=CARTESIAN_POINT('Ctrl Pts',(22.7131299058468,-33.5133239568973,19.2000000000217));
#3717=CARTESIAN_POINT('Ctrl Pts',(22.9842843404681,-33.5342711950487,19.200000000033));
#3718=CARTESIAN_POINT('Ctrl Pts',(23.4824762879763,-33.4660968824158,19.200000000033));
#3719=CARTESIAN_POINT('Ctrl Pts',(23.705566825407,-33.3914619155861,19.2000000000113));
#3720=CARTESIAN_POINT('Ctrl Pts',(24.0127952523516,-33.2107535078118,19.2000000000113));
#3721=CARTESIAN_POINT('Ctrl Pts',(24.1113718091077,-33.1370677713724,19.2000000000077));
#3722=CARTESIAN_POINT('Ctrl Pts',(24.2895547263199,-32.9691593437016,19.2000000000077));
#3723=CARTESIAN_POINT('Ctrl Pts',(24.3684290891702,-32.8759061304738,19.2000000000078));
#3724=CARTESIAN_POINT('Ctrl Pts',(24.4361171988463,-32.7744579004275,19.2000000000078));
#3725=CARTESIAN_POINT('',(22.0992554929496,-35.8199153683735,19.2000000000075));
#3726=CARTESIAN_POINT('Ctrl Pts',(22.0992554929494,-35.8199153683733,19.2000000000077));
#3727=CARTESIAN_POINT('Ctrl Pts',(22.2382204048807,-35.6616684268223,19.2000000000077));
#3728=CARTESIAN_POINT('Ctrl Pts',(22.3440933711315,-35.4785257410678,19.2000000000077));
#3729=CARTESIAN_POINT('Ctrl Pts',(22.4844746289375,-35.0722477352036,19.2000000000077));
#3730=CARTESIAN_POINT('Ctrl Pts',(22.5139759108925,-34.8537254011531,19.2000000000077));
#3731=CARTESIAN_POINT('Ctrl Pts',(22.4925705817181,-34.3907521183051,19.2000000000077));
#3732=CARTESIAN_POINT('Ctrl Pts',(22.4327090783274,-34.1518867669864,19.2000000000083));
#3733=CARTESIAN_POINT('Ctrl Pts',(22.2553575504583,-33.7530526072454,19.2000000000083));
#3734=CARTESIAN_POINT('Ctrl Pts',(22.1537639521525,-33.5887858814627,19.2000000000091));
#3735=CARTESIAN_POINT('Ctrl Pts',(21.9096444215219,-33.2841164565594,19.2000000000091));
#3736=CARTESIAN_POINT('Ctrl Pts',(21.7663410517023,-33.1451638718889,19.2000000000077));
#3737=CARTESIAN_POINT('Ctrl Pts',(21.6089656460777,-33.0244054759091,19.2000000000077));
#3738=CARTESIAN_POINT('',(19.4393403331798,-38.4798305284258,19.199999999814));
#3739=CARTESIAN_POINT('Origin',(0.269424964681182,-16.6499999999985,19.2000000000077));
#3740=CARTESIAN_POINT('',(16.6438304406772,-37.9895406815062,19.199999999899));
#3741=CARTESIAN_POINT('Ctrl Pts',(16.6438304405918,-37.989540681395,19.2000000000077));
#3742=CARTESIAN_POINT('Ctrl Pts',(16.836742607739,-38.240948712351,19.2000000000077));
#3743=CARTESIAN_POINT('Ctrl Pts',(17.0757555586328,-38.4560129539955,19.2000000000217));
#3744=CARTESIAN_POINT('Ctrl Pts',(17.5838298011858,-38.7475784084813,19.2000000000217));
#3745=CARTESIAN_POINT('Ctrl Pts',(17.8403233283234,-38.8379918186452,19.200000000033));
#3746=CARTESIAN_POINT('Ctrl Pts',(18.339184607367,-38.9010820535154,19.200000000033));
#3747=CARTESIAN_POINT('Ctrl Pts',(18.5739904699181,-38.8867302913795,19.2000000000113));
#3748=CARTESIAN_POINT('Ctrl Pts',(18.9175211196163,-38.7916959413729,19.2000000000113));
#3749=CARTESIAN_POINT('Ctrl Pts',(19.0318100335965,-38.7460344758061,19.2000000000077));
#3750=CARTESIAN_POINT('Ctrl Pts',(19.2473794140498,-38.6299645215537,19.2000000000077));
#3751=CARTESIAN_POINT('Ctrl Pts',(19.3477019057593,-38.5603030217885,19.2000000000077));
#3752=CARTESIAN_POINT('Ctrl Pts',(19.439340333056,-38.4798305282666,19.2000000000077));
#3753=CARTESIAN_POINT('',(16.3938828651104,-40.8166922341638,19.2000000000075));
#3754=CARTESIAN_POINT('Ctrl Pts',(16.3938828651102,-40.8166922341635,19.2000000000077));
#3755=CARTESIAN_POINT('Ctrl Pts',(16.5690699847953,-40.699804192197,19.2000000000077));
#3756=CARTESIAN_POINT('Ctrl Pts',(16.7187362322472,-40.550303882158,19.2000000000077));
#3757=CARTESIAN_POINT('Ctrl Pts',(16.9594866002129,-40.1942028067362,19.2000000000077));
#3758=CARTESIAN_POINT('Ctrl Pts',(17.0445403921945,-39.9907619342807,19.2000000000077));
#3759=CARTESIAN_POINT('Ctrl Pts',(17.1436907348994,-39.538023976639,19.2000000000077));
#3760=CARTESIAN_POINT('Ctrl Pts',(17.1476918649101,-39.2918044676486,19.2000000000083));
#3761=CARTESIAN_POINT('Ctrl Pts',(17.079609320188,-38.860658299258,19.2000000000083));
#3762=CARTESIAN_POINT('Ctrl Pts',(17.023992796908,-38.6756944683225,19.2000000000091));
#3763=CARTESIAN_POINT('Ctrl Pts',(16.8670456871958,-38.3182236185191,19.2000000000091));
#3764=CARTESIAN_POINT('Ctrl Pts',(16.7645888365717,-38.1469160870196,19.2000000000077));
#3765=CARTESIAN_POINT('Ctrl Pts',(16.6438304405918,-37.989540681395,19.2000000000077));
#3766=CARTESIAN_POINT('',(13.1361654147725,-42.6975362812907,19.199999999814));
#3767=CARTESIAN_POINT('Origin',(0.269424964681322,-16.6499999999984,19.2000000000077));
#3768=CARTESIAN_POINT('',(10.5628065619608,-41.5004214548317,19.199999999899));
#3769=CARTESIAN_POINT('Ctrl Pts',(10.5628065619071,-41.5004214547021,19.2000000000077));
#3770=CARTESIAN_POINT('Ctrl Pts',(10.6840762198568,-41.7931923076287,19.2000000000077));
#3771=CARTESIAN_POINT('Ctrl Pts',(10.8592822802846,-42.0627895166619,19.2000000000217));
#3772=CARTESIAN_POINT('Ctrl Pts',(11.2745816203239,-42.4759194095022,19.2000000000217));
#3773=CARTESIAN_POINT('Ctrl Pts',(11.498934629979,-42.6296374671911,19.200000000033));
#3774=CARTESIAN_POINT('Ctrl Pts',(11.9644686687984,-42.8196927543195,19.200000000033));
#3775=CARTESIAN_POINT('Ctrl Pts',(12.1949882249722,-42.8666022457497,19.2000000000113));
#3776=CARTESIAN_POINT('Ctrl Pts',(12.5514100513581,-42.8637183874121,19.2000000000113));
#3777=CARTESIAN_POINT('Ctrl Pts',(12.6736227219462,-42.849192946137,19.2000000000077));
#3778=CARTESIAN_POINT('Ctrl Pts',(12.9118878686078,-42.7928714408707,19.2000000000077));
#3779=CARTESIAN_POINT('Ctrl Pts',(13.0268216771573,-42.751548970656,19.2000000000077));
#3780=CARTESIAN_POINT('Ctrl Pts',(13.1361654146941,-42.697536281105,19.2000000000077));
#3781=CARTESIAN_POINT('',(9.58965507828354,-44.1665489615429,19.2000000000075));
#3782=CARTESIAN_POINT('Ctrl Pts',(9.58965507828343,-44.1665489615427,19.2000000000077));
#3783=CARTESIAN_POINT('Ctrl Pts',(9.78912569302613,-44.098985546054,19.2000000000077));
#3784=CARTESIAN_POINT('Ctrl Pts',(9.97238571425057,-43.9933158107986,19.2000000000077));
#3785=CARTESIAN_POINT('Ctrl Pts',(10.2970984526578,-43.7116593656244,19.2000000000077));
#3786=CARTESIAN_POINT('Ctrl Pts',(10.4319084793004,-43.5371641140199,19.2000000000077));
#3787=CARTESIAN_POINT('Ctrl Pts',(10.644857561883,-43.1255148252128,19.2000000000077));
#3788=CARTESIAN_POINT('Ctrl Pts',(10.7124486548972,-42.8887206111916,19.2000000000083));
#3789=CARTESIAN_POINT('Ctrl Pts',(10.7582748062331,-42.4546443330244,19.2000000000083));
#3790=CARTESIAN_POINT('Ctrl Pts',(10.7524255321297,-42.2615883763471,19.2000000000091));
#3791=CARTESIAN_POINT('Ctrl Pts',(10.6933465294954,-41.8756771493092,19.2000000000091));
#3792=CARTESIAN_POINT('Ctrl Pts',(10.638718463119,-41.6836889961533,19.2000000000077));
#3793=CARTESIAN_POINT('Ctrl Pts',(10.5628065619071,-41.5004214547021,19.2000000000077));
#3794=CARTESIAN_POINT('',(5.95614339798541,-45.1401454821747,19.199999999814));
#3795=CARTESIAN_POINT('Origin',(0.269424964681488,-16.6499999999983,19.2000000000077));
#3796=CARTESIAN_POINT('',(3.78030573800721,-43.3177870732735,19.1999999998989));
#3797=CARTESIAN_POINT('Ctrl Pts',(3.7803057379889,-43.3177870731345,19.2000000000077));
#3798=CARTESIAN_POINT('Ctrl Pts',(3.82166855995947,-43.6319688982314,19.2000000000077));
#3799=CARTESIAN_POINT('Ctrl Pts',(3.92112772644469,-43.937726470388,19.2000000000217));
#3800=CARTESIAN_POINT('Ctrl Pts',(4.21535020026123,-44.4442666821152,19.2000000000217));
#3801=CARTESIAN_POINT('Ctrl Pts',(4.39227340558674,-44.6508137557287,19.200000000033));
#3802=CARTESIAN_POINT('Ctrl Pts',(4.79275482876785,-44.9548821413788,19.200000000033));
#3803=CARTESIAN_POINT('Ctrl Pts',(5.00327855176256,-45.0598560820556,19.2000000000113));
#3804=CARTESIAN_POINT('Ctrl Pts',(5.34830199638298,-45.1493192455669,19.2000000000113));
#3805=CARTESIAN_POINT('Ctrl Pts',(5.47010983204425,-45.1669197134021,19.2000000000077));
#3806=CARTESIAN_POINT('Ctrl Pts',(5.71483336892104,-45.17418487463,19.2000000000077));
#3807=CARTESIAN_POINT('Ctrl Pts',(5.83654594519505,-45.1640174920224,19.2000000000077));
#3808=CARTESIAN_POINT('Ctrl Pts',(5.9561433979578,-45.140145481975,19.2000000000077));
#3809=CARTESIAN_POINT('',(2.15026901162326,-45.6411983504401,19.2000000000074));
#3810=CARTESIAN_POINT('Ctrl Pts',(2.15026901162322,-45.6411983504398,19.2000000000077));
#3811=CARTESIAN_POINT('Ctrl Pts',(2.3604295286696,-45.6275638965407,19.2000000000077));
#3812=CARTESIAN_POINT('Ctrl Pts',(2.56479445607158,-45.5729259538992,19.2000000000077));
#3813=CARTESIAN_POINT('Ctrl Pts',(2.95134092841119,-45.3849085602518,19.2000000000077));
#3814=CARTESIAN_POINT('Ctrl Pts',(3.12672010918317,-45.2512504925281,19.2000000000077));
#3815=CARTESIAN_POINT('Ctrl Pts',(3.43895580358045,-44.9087430913053,19.2000000000077));
#3816=CARTESIAN_POINT('Ctrl Pts',(3.56553063830878,-44.6975113066178,19.2000000000083));
#3817=CARTESIAN_POINT('Ctrl Pts',(3.72214250922043,-44.2900864996861,19.2000000000083));
#3818=CARTESIAN_POINT('Ctrl Pts',(3.76645910265747,-44.1020948616746,19.2000000000091));
#3819=CARTESIAN_POINT('Ctrl Pts',(3.80927434349791,-43.7140424697763,19.2000000000091));
#3820=CARTESIAN_POINT('Ctrl Pts',(3.80619787381544,-43.5144573703261,19.2000000000077));
#3821=CARTESIAN_POINT('Ctrl Pts',(3.7803057379889,-43.3177870731345,19.2000000000077));
#3822=CARTESIAN_POINT('',(-1.61141908228474,-45.6411983506398,19.1999999998139));
#3823=CARTESIAN_POINT('Origin',(0.269424964681675,-16.6499999999983,19.2000000000077));
#3824=CARTESIAN_POINT('',(-3.24145580869911,-43.3177870736944,19.1999999995696));
#3825=CARTESIAN_POINT('Ctrl Pts',(-3.24145580862539,-43.3177870731345,19.2000000000077));
#3826=CARTESIAN_POINT('Ctrl Pts',(-3.28281863059597,-43.6319688982314,19.2000000000077));
#3827=CARTESIAN_POINT('Ctrl Pts',(-3.26588433588518,-43.9530499602573,19.2000000000216));
#3828=CARTESIAN_POINT('Ctrl Pts',(-3.11278950365638,-44.5184806125394,19.2000000000216));
#3829=CARTESIAN_POINT('Ctrl Pts',(-2.99535312672398,-44.7637808603459,19.2000000000329));
#3830=CARTESIAN_POINT('Ctrl Pts',(-2.68721646634418,-45.1611405865325,19.2000000000329));
#3831=CARTESIAN_POINT('Ctrl Pts',(-2.51103542034369,-45.3170251758765,19.2000000000113));
#3832=CARTESIAN_POINT('Ctrl Pts',(-2.20092313506143,-45.4927385944881,19.2000000000113));
#3833=CARTESIAN_POINT('Ctrl Pts',(-2.08782113703031,-45.5412655286368,19.2000000000077));
#3834=CARTESIAN_POINT('Ctrl Pts',(-1.85331671455175,-45.6116222476276,19.2000000000077));
#3835=CARTESIAN_POINT('Ctrl Pts',(-1.7331198814868,-45.6333028429493,19.2000000000077));
#3836=CARTESIAN_POINT('Ctrl Pts',(-1.61141908225972,-45.6411983504398,19.2000000000077));
#3837=CARTESIAN_POINT('',(-5.41729346859434,-45.1401454819753,19.2000000000074));
#3838=CARTESIAN_POINT('Ctrl Pts',(-5.4172934685943,-45.140145481975,19.2000000000077));
#3839=CARTESIAN_POINT('Ctrl Pts',(-5.21076514117429,-45.1813691551667,19.2000000000077));
#3840=CARTESIAN_POINT('Ctrl Pts',(-4.99922243966818,-45.1814864906366,19.2000000000077));
#3841=CARTESIAN_POINT('Ctrl Pts',(-4.57718473668794,-45.0999212231797,19.2000000000077));
#3842=CARTESIAN_POINT('Ctrl Pts',(-4.37318820312837,-45.0162089157718,19.2000000000077));
#3843=CARTESIAN_POINT('Ctrl Pts',(-3.98294424349571,-44.7661847155063,19.2000000000077));
#3844=CARTESIAN_POINT('Ctrl Pts',(-3.8060115328652,-44.5949104572018,19.2000000000083));
#3845=CARTESIAN_POINT('Ctrl Pts',(-3.54928678256705,-44.2419024487968,19.2000000000083));
#3846=CARTESIAN_POINT('Ctrl Pts',(-3.45782442419568,-44.0717864489107,19.2000000000091));
#3847=CARTESIAN_POINT('Ctrl Pts',(-3.31603272778825,-43.7080380213731,19.2000000000091));
#3848=CARTESIAN_POINT('Ctrl Pts',(-3.26734794445194,-43.5144573703261,19.2000000000077));
#3849=CARTESIAN_POINT('Ctrl Pts',(-3.2414558086254,-43.3177870731345,19.2000000000077));
#3850=CARTESIAN_POINT('',(-9.05080514899586,-44.1665489617294,19.1999999998139));
#3851=CARTESIAN_POINT('Origin',(0.269424964681866,-16.6499999999983,19.2000000000077));
#3852=CARTESIAN_POINT('',(-10.0239566327597,-41.5004214552239,19.1999999995696));
#3853=CARTESIAN_POINT('Ctrl Pts',(-10.0239566325436,-41.5004214547021,19.2000000000077));
#3854=CARTESIAN_POINT('Ctrl Pts',(-10.1452262904933,-41.7931923076287,19.2000000000077));
#3855=CARTESIAN_POINT('Ctrl Pts',(-10.2119709117563,-42.1077157157584,19.2000000000216));
#3856=CARTESIAN_POINT('Ctrl Pts',(-10.2104368809304,-42.6935036440608,19.2000000000216));
#3857=CARTESIAN_POINT('Ctrl Pts',(-10.1604904274063,-42.9608402595501,19.2000000000329));
#3858=CARTESIAN_POINT('Ctrl Pts',(-9.96569753401278,-43.4244119176014,19.2000000000329));
#3859=CARTESIAN_POINT('Ctrl Pts',(-9.8358656121385,-43.6205838784603,19.2000000000112));
#3860=CARTESIAN_POINT('Ctrl Pts',(-9.58179812595161,-43.8705729730741,19.2000000000112));
#3861=CARTESIAN_POINT('Ctrl Pts',(-9.48510967980657,-43.9467193431686,19.2000000000077));
#3862=CARTESIAN_POINT('Ctrl Pts',(-9.27680546058127,-44.075372925793,19.2000000000077));
#3863=CARTESIAN_POINT('Ctrl Pts',(-9.1663155862641,-44.1274240023018,19.2000000000077));
#3864=CARTESIAN_POINT('Ctrl Pts',(-9.05080514891993,-44.1665489615427,19.2000000000077));
#3865=CARTESIAN_POINT('',(-12.5973154853307,-42.6975362811053,19.2000000000074));
#3866=CARTESIAN_POINT('Ctrl Pts',(-12.5973154853306,-42.697536281105,19.2000000000077));
#3867=CARTESIAN_POINT('Ctrl Pts',(-12.4084939117464,-42.7908087561848,19.2000000000077));
#3868=CARTESIAN_POINT('Ctrl Pts',(-12.204189721653,-42.8456733735478,19.2000000000076));
#3869=CARTESIAN_POINT('Ctrl Pts',(-11.7754219600399,-42.8761187704656,19.2000000000077));
#3870=CARTESIAN_POINT('Ctrl Pts',(-11.5567101003347,-42.8480570787821,19.2000000000077));
#3871=CARTESIAN_POINT('Ctrl Pts',(-11.1150523564069,-42.7075548155376,19.2000000000077));
#3872=CARTESIAN_POINT('Ctrl Pts',(-10.8998194417086,-42.5879101412756,19.2000000000082));
#3873=CARTESIAN_POINT('Ctrl Pts',(-10.5604771794991,-42.3133758437967,19.2000000000082));
#3874=CARTESIAN_POINT('Ctrl Pts',(-10.4281020647677,-42.1727286062982,19.2000000000091));
#3875=CARTESIAN_POINT('Ctrl Pts',(-10.1969967825816,-41.8580729973352,19.2000000000091));
#3876=CARTESIAN_POINT('Ctrl Pts',(-10.0998685337554,-41.6836889961532,19.2000000000077));
#3877=CARTESIAN_POINT('Ctrl Pts',(-10.0239566325436,-41.5004214547021,19.2000000000077));
#3878=CARTESIAN_POINT('',(-15.8550329358684,-40.8166922343242,19.1999999998139));
#3879=CARTESIAN_POINT('Origin',(0.269424964682055,-16.6499999999983,19.2000000000077));
#3880=CARTESIAN_POINT('',(-16.1049805115721,-37.989540681843,19.1999999995695));
#3881=CARTESIAN_POINT('Ctrl Pts',(-16.1049805112283,-37.989540681395,19.2000000000076));
#3882=CARTESIAN_POINT('Ctrl Pts',(-16.2978926783755,-38.240948712351,19.2000000000076));
#3883=CARTESIAN_POINT('Ctrl Pts',(-16.4437676799738,-38.5274802160949,19.2000000000216));
#3884=CARTESIAN_POINT('Ctrl Pts',(-16.5938989922166,-39.0937049411641,19.2000000000216));
#3885=CARTESIAN_POINT('Ctrl Pts',(-16.614846230368,-39.3648593757853,19.2000000000329));
#3886=CARTESIAN_POINT('Ctrl Pts',(-16.546671917735,-39.8630513232936,19.2000000000329));
#3887=CARTESIAN_POINT('Ctrl Pts',(-16.4720369509053,-40.0861418607242,19.2000000000112));
#3888=CARTESIAN_POINT('Ctrl Pts',(-16.291328543131,-40.3933702876689,19.2000000000112));
#3889=CARTESIAN_POINT('Ctrl Pts',(-16.2176428066916,-40.491946844425,19.2000000000076));
#3890=CARTESIAN_POINT('Ctrl Pts',(-16.0497343790208,-40.6701297616372,19.2000000000076));
#3891=CARTESIAN_POINT('Ctrl Pts',(-15.956481165793,-40.7490041244874,19.2000000000076));
#3892=CARTESIAN_POINT('Ctrl Pts',(-15.8550329357467,-40.8166922341635,19.2000000000076));
#3893=CARTESIAN_POINT('',(-18.9004904036927,-38.4798305282668,19.2000000000074));
#3894=CARTESIAN_POINT('Ctrl Pts',(-18.9004904036925,-38.4798305282666,19.2000000000076));
#3895=CARTESIAN_POINT('Ctrl Pts',(-18.7422434621415,-38.6187954401979,19.2000000000076));
#3896=CARTESIAN_POINT('Ctrl Pts',(-18.559100776387,-38.7246684064487,19.2000000000076));
#3897=CARTESIAN_POINT('Ctrl Pts',(-18.1528227705229,-38.8650496642547,19.2000000000076));
#3898=CARTESIAN_POINT('Ctrl Pts',(-17.9343004364723,-38.8945509462098,19.2000000000076));
#3899=CARTESIAN_POINT('Ctrl Pts',(-17.4713271536243,-38.8731456170354,19.2000000000076));
#3900=CARTESIAN_POINT('Ctrl Pts',(-17.2324618023056,-38.8132841136446,19.2000000000082));
#3901=CARTESIAN_POINT('Ctrl Pts',(-16.8336276425647,-38.6359325857755,19.2000000000082));
#3902=CARTESIAN_POINT('Ctrl Pts',(-16.669360916782,-38.5343389874697,19.200000000009));
#3903=CARTESIAN_POINT('Ctrl Pts',(-16.3646914918786,-38.2902194568392,19.200000000009));
#3904=CARTESIAN_POINT('Ctrl Pts',(-16.2257389072082,-38.1469160870195,19.2000000000076));
#3905=CARTESIAN_POINT('Ctrl Pts',(-16.1049805112283,-37.989540681395,19.2000000000076));
#3906=CARTESIAN_POINT('',(-21.560405563745,-35.819915368497,19.1999999998139));
#3907=CARTESIAN_POINT('Origin',(0.269424964682221,-16.6499999999984,19.2000000000077));
#3908=CARTESIAN_POINT('',(-21.0701157168255,-33.0244054759944,19.1999999998989));
#3909=CARTESIAN_POINT('Ctrl Pts',(-21.0701157167142,-33.0244054759091,19.2000000000076));
#3910=CARTESIAN_POINT('Ctrl Pts',(-21.3215237476702,-33.2173176430562,19.2000000000076));
#3911=CARTESIAN_POINT('Ctrl Pts',(-21.5365879893147,-33.45633059395,19.2000000000216));
#3912=CARTESIAN_POINT('Ctrl Pts',(-21.8281534438006,-33.964404836503,19.2000000000216));
#3913=CARTESIAN_POINT('Ctrl Pts',(-21.9185668539644,-34.2208983636406,19.2000000000329));
#3914=CARTESIAN_POINT('Ctrl Pts',(-21.9816570888346,-34.7197596426843,19.2000000000329));
#3915=CARTESIAN_POINT('Ctrl Pts',(-21.9673053266987,-34.9545655052354,19.2000000000112));
#3916=CARTESIAN_POINT('Ctrl Pts',(-21.8722709766922,-35.2980961549335,19.2000000000112));
#3917=CARTESIAN_POINT('Ctrl Pts',(-21.8266095111253,-35.4123850689138,19.2000000000076));
#3918=CARTESIAN_POINT('Ctrl Pts',(-21.7105395568729,-35.627954449367,19.2000000000076));
#3919=CARTESIAN_POINT('Ctrl Pts',(-21.6408780571077,-35.7282769410766,19.2000000000076));
#3920=CARTESIAN_POINT('Ctrl Pts',(-21.5604055635858,-35.8199153683733,19.2000000000076));
#3921=CARTESIAN_POINT('',(-23.897267269483,-32.7744579004276,19.2000000000074));
#3922=CARTESIAN_POINT('Ctrl Pts',(-23.8972672694828,-32.7744579004274,19.2000000000076));
#3923=CARTESIAN_POINT('Ctrl Pts',(-23.7803792275162,-32.9496450201125,19.2000000000076));
#3924=CARTESIAN_POINT('Ctrl Pts',(-23.6308789174772,-33.0993112675645,19.2000000000076));
#3925=CARTESIAN_POINT('Ctrl Pts',(-23.2747778420554,-33.3400616355301,19.2000000000076));
#3926=CARTESIAN_POINT('Ctrl Pts',(-23.0713369696,-33.4251154275117,19.2000000000076));
#3927=CARTESIAN_POINT('Ctrl Pts',(-22.6185990119582,-33.5242657702166,19.2000000000076));
#3928=CARTESIAN_POINT('Ctrl Pts',(-22.3723795029678,-33.5282669002274,19.2000000000082));
#3929=CARTESIAN_POINT('Ctrl Pts',(-21.9412333345772,-33.4601843555053,19.2000000000082));
#3930=CARTESIAN_POINT('Ctrl Pts',(-21.7562695036417,-33.4045678322252,19.200000000009));
#3931=CARTESIAN_POINT('Ctrl Pts',(-21.3987986538383,-33.247620722513,19.200000000009));
#3932=CARTESIAN_POINT('Ctrl Pts',(-21.2274911223388,-33.1451638718889,19.2000000000076));
#3933=CARTESIAN_POINT('Ctrl Pts',(-21.0701157167142,-33.0244054759091,19.2000000000076));
#3934=CARTESIAN_POINT('',(-25.77811131661,-29.5167404500897,19.1999999998139));
#3935=CARTESIAN_POINT('Origin',(0.269424964682353,-16.6499999999986,19.2000000000077));
#3936=CARTESIAN_POINT('',(-24.5809964901509,-26.943381597278,19.1999999998989));
#3937=CARTESIAN_POINT('Ctrl Pts',(-24.5809964900214,-26.9433815972244,19.2000000000076));
#3938=CARTESIAN_POINT('Ctrl Pts',(-24.8737673429479,-27.0646512551741,19.2000000000076));
#3939=CARTESIAN_POINT('Ctrl Pts',(-25.1433645519811,-27.2398573156018,19.2000000000216));
#3940=CARTESIAN_POINT('Ctrl Pts',(-25.5564944448214,-27.6551566556411,19.2000000000216));
#3941=CARTESIAN_POINT('Ctrl Pts',(-25.7102125025103,-27.8795096652962,19.2000000000329));
#3942=CARTESIAN_POINT('Ctrl Pts',(-25.9002677896387,-28.3450437041157,19.2000000000329));
#3943=CARTESIAN_POINT('Ctrl Pts',(-25.9471772810689,-28.5755632602894,19.2000000000112));
#3944=CARTESIAN_POINT('Ctrl Pts',(-25.9442934227313,-28.9319850866753,19.2000000000112));
#3945=CARTESIAN_POINT('Ctrl Pts',(-25.9297679814563,-29.0541977572634,19.2000000000076));
#3946=CARTESIAN_POINT('Ctrl Pts',(-25.8734464761899,-29.292462903925,19.2000000000076));
#3947=CARTESIAN_POINT('Ctrl Pts',(-25.8321240059752,-29.4073967124746,19.2000000000076));
#3948=CARTESIAN_POINT('Ctrl Pts',(-25.7781113164242,-29.5167404500114,19.2000000000076));
#3949=CARTESIAN_POINT('',(-27.2471239968622,-25.9702301136008,19.2000000000074));
#3950=CARTESIAN_POINT('Ctrl Pts',(-27.2471239968619,-25.9702301136007,19.2000000000076));
#3951=CARTESIAN_POINT('Ctrl Pts',(-27.1795605813732,-26.1697007283434,19.2000000000076));
#3952=CARTESIAN_POINT('Ctrl Pts',(-27.0738908461179,-26.3529607495678,19.2000000000076));
#3953=CARTESIAN_POINT('Ctrl Pts',(-26.7922344009436,-26.6776734879751,19.2000000000076));
#3954=CARTESIAN_POINT('Ctrl Pts',(-26.6177391493391,-26.8124835146177,19.2000000000076));
#3955=CARTESIAN_POINT('Ctrl Pts',(-26.2060898605321,-27.0254325972003,19.2000000000076));
#3956=CARTESIAN_POINT('Ctrl Pts',(-25.9692956465108,-27.0930236902145,19.2000000000082));
#3957=CARTESIAN_POINT('Ctrl Pts',(-25.5352193683436,-27.1388498415504,19.2000000000082));
#3958=CARTESIAN_POINT('Ctrl Pts',(-25.3421634116664,-27.133000567447,19.200000000009));
#3959=CARTESIAN_POINT('Ctrl Pts',(-24.9562521846284,-27.0739215648127,19.200000000009));
#3960=CARTESIAN_POINT('Ctrl Pts',(-24.7642640314725,-27.0192934984362,19.2000000000076));
#3961=CARTESIAN_POINT('Ctrl Pts',(-24.5809964900214,-26.9433815972244,19.2000000000076));
#3962=CARTESIAN_POINT('',(-28.2207205174939,-22.3367184333027,19.1999999998139));
#3963=CARTESIAN_POINT('Origin',(0.269424964682449,-16.6499999999987,19.2000000000077));
#3964=CARTESIAN_POINT('',(-26.3983621085927,-20.1608807733245,19.1999999998989));
#3965=CARTESIAN_POINT('Ctrl Pts',(-26.3983621084537,-20.1608807733061,19.2000000000076));
#3966=CARTESIAN_POINT('Ctrl Pts',(-26.7125439335506,-20.2022435952767,19.2000000000076));
#3967=CARTESIAN_POINT('Ctrl Pts',(-27.0183015057072,-20.3017027617619,19.2000000000216));
#3968=CARTESIAN_POINT('Ctrl Pts',(-27.5248417174345,-20.5959252355785,19.2000000000216));
#3969=CARTESIAN_POINT('Ctrl Pts',(-27.7313887910479,-20.772848440904,19.2000000000329));
#3970=CARTESIAN_POINT('Ctrl Pts',(-28.035457176698,-21.1733298640851,19.2000000000329));
#3971=CARTESIAN_POINT('Ctrl Pts',(-28.1404311173749,-21.3838535870798,19.2000000000112));
#3972=CARTESIAN_POINT('Ctrl Pts',(-28.2298942808861,-21.7288770317002,19.2000000000112));
#3973=CARTESIAN_POINT('Ctrl Pts',(-28.2474947487213,-21.8506848673615,19.2000000000076));
#3974=CARTESIAN_POINT('Ctrl Pts',(-28.2547599099493,-22.0954084042383,19.2000000000076));
#3975=CARTESIAN_POINT('Ctrl Pts',(-28.2445925273416,-22.2171209805123,19.2000000000076));
#3976=CARTESIAN_POINT('Ctrl Pts',(-28.2207205172942,-22.336718433275,19.2000000000076));
#3977=CARTESIAN_POINT('',(-28.7217733857593,-18.5308440469405,19.2000000000074));
#3978=CARTESIAN_POINT('Ctrl Pts',(-28.721773385759,-18.5308440469405,19.2000000000076));
#3979=CARTESIAN_POINT('Ctrl Pts',(-28.7081389318599,-18.7410045639868,19.2000000000076));
#3980=CARTESIAN_POINT('Ctrl Pts',(-28.6535009892185,-18.9453694913888,19.2000000000076));
#3981=CARTESIAN_POINT('Ctrl Pts',(-28.4654835955711,-19.3319159637284,19.2000000000076));
#3982=CARTESIAN_POINT('Ctrl Pts',(-28.3318255278474,-19.5072951445004,19.2000000000076));
#3983=CARTESIAN_POINT('Ctrl Pts',(-27.9893181266246,-19.8195308388977,19.2000000000076));
#3984=CARTESIAN_POINT('Ctrl Pts',(-27.778086341937,-19.946105673626,19.2000000000082));
#3985=CARTESIAN_POINT('Ctrl Pts',(-27.3706615350053,-20.1027175445377,19.2000000000082));
#3986=CARTESIAN_POINT('Ctrl Pts',(-27.1826698969939,-20.1470341379747,19.200000000009));
#3987=CARTESIAN_POINT('Ctrl Pts',(-26.7946175050956,-20.1898493788152,19.200000000009));
#3988=CARTESIAN_POINT('Ctrl Pts',(-26.5950324056454,-20.1867729091327,19.2000000000076));
#3989=CARTESIAN_POINT('Ctrl Pts',(-26.3983621084537,-20.1608807733062,19.2000000000076));
#3990=CARTESIAN_POINT('',(-28.7217733859591,-14.7691559530325,19.1999999998139));
#3991=CARTESIAN_POINT('Origin',(0.269424964682496,-16.6499999999989,19.2000000000077));
#3992=CARTESIAN_POINT('',(-26.3983621090136,-13.1391192266181,19.1999999995695));
#3993=CARTESIAN_POINT('Ctrl Pts',(-26.3983621084537,-13.1391192266918,19.2000000000076));
#3994=CARTESIAN_POINT('Ctrl Pts',(-26.7125439335506,-13.0977564047213,19.2000000000076));
#3995=CARTESIAN_POINT('Ctrl Pts',(-27.0336249955765,-13.1146906994321,19.2000000000216));
#3996=CARTESIAN_POINT('Ctrl Pts',(-27.5990556478587,-13.2677855316609,19.2000000000216));
#3997=CARTESIAN_POINT('Ctrl Pts',(-27.8443558956652,-13.3852219085933,19.2000000000329));
#3998=CARTESIAN_POINT('Ctrl Pts',(-28.2417156218517,-13.6933585689731,19.2000000000329));
#3999=CARTESIAN_POINT('Ctrl Pts',(-28.3976002111957,-13.8695396149736,19.2000000000112));
#4000=CARTESIAN_POINT('Ctrl Pts',(-28.5733136298074,-14.1796519002558,19.2000000000112));
#4001=CARTESIAN_POINT('Ctrl Pts',(-28.621840563956,-14.2927538982869,19.2000000000076));
#4002=CARTESIAN_POINT('Ctrl Pts',(-28.6921972829468,-14.5272583207655,19.2000000000076));
#4003=CARTESIAN_POINT('Ctrl Pts',(-28.7138778782686,-14.6474551538304,19.2000000000076));
#4004=CARTESIAN_POINT('Ctrl Pts',(-28.721773385759,-14.7691559530575,19.2000000000076));
#4005=CARTESIAN_POINT('',(-28.2207205172945,-10.9632815667229,19.2000000000074));
#4006=CARTESIAN_POINT('Ctrl Pts',(-28.2207205172942,-10.9632815667229,19.2000000000076));
#4007=CARTESIAN_POINT('Ctrl Pts',(-28.2619441904859,-11.1698098941429,19.2000000000076));
#4008=CARTESIAN_POINT('Ctrl Pts',(-28.2620615259558,-11.381352595649,19.2000000000076));
#4009=CARTESIAN_POINT('Ctrl Pts',(-28.1804962584989,-11.8033902986293,19.2000000000076));
#4010=CARTESIAN_POINT('Ctrl Pts',(-28.096783951091,-12.0073868321889,19.2000000000076));
#4011=CARTESIAN_POINT('Ctrl Pts',(-27.8467597508256,-12.3976307918215,19.2000000000076));
#4012=CARTESIAN_POINT('Ctrl Pts',(-27.6754854925211,-12.574563502452,19.2000000000082));
#4013=CARTESIAN_POINT('Ctrl Pts',(-27.322477484116,-12.8312882527502,19.2000000000082));
#4014=CARTESIAN_POINT('Ctrl Pts',(-27.1523614842299,-12.9227506111215,19.200000000009));
#4015=CARTESIAN_POINT('Ctrl Pts',(-26.7886130566923,-13.064542307529,19.200000000009));
#4016=CARTESIAN_POINT('Ctrl Pts',(-26.5950324056454,-13.1132270908653,19.2000000000076));
#4017=CARTESIAN_POINT('Ctrl Pts',(-26.3983621084537,-13.1391192266918,19.2000000000076));
#4018=CARTESIAN_POINT('',(-27.2471239970486,-7.32976988632136,19.1999999998139));
#4019=CARTESIAN_POINT('Origin',(0.269424964682495,-16.6499999999991,19.2000000000077));
#4020=CARTESIAN_POINT('',(-24.5809964905431,-6.35661840255748,19.1999999995695));
#4021=CARTESIAN_POINT('Ctrl Pts',(-24.5809964900214,-6.3566184027736,19.2000000000076));
#4022=CARTESIAN_POINT('Ctrl Pts',(-24.8737673429479,-6.23534874482388,19.2000000000076));
#4023=CARTESIAN_POINT('Ctrl Pts',(-25.1882907510777,-6.16860412356097,19.2000000000216));
#4024=CARTESIAN_POINT('Ctrl Pts',(-25.77407867938,-6.1701381543868,19.2000000000216));
#4025=CARTESIAN_POINT('Ctrl Pts',(-26.0414152948694,-6.22008460791093,19.2000000000329));
#4026=CARTESIAN_POINT('Ctrl Pts',(-26.5049869529207,-6.41487750130445,19.2000000000329));
#4027=CARTESIAN_POINT('Ctrl Pts',(-26.7011589137795,-6.54470942317872,19.2000000000112));
#4028=CARTESIAN_POINT('Ctrl Pts',(-26.9511480083934,-6.79877690936562,19.2000000000112));
#4029=CARTESIAN_POINT('Ctrl Pts',(-27.0272943784878,-6.89546535551065,19.2000000000076));
#4030=CARTESIAN_POINT('Ctrl Pts',(-27.1559479611122,-7.10376957473596,19.2000000000076));
#4031=CARTESIAN_POINT('Ctrl Pts',(-27.207999037621,-7.21425944905312,19.2000000000076));
#4032=CARTESIAN_POINT('Ctrl Pts',(-27.2471239968619,-7.3297698863973,19.2000000000076));
#4033=CARTESIAN_POINT('',(-25.7781113164245,-3.78325954998651,19.2000000000074));
#4034=CARTESIAN_POINT('Ctrl Pts',(-25.7781113164242,-3.78325954998663,19.2000000000076));
#4035=CARTESIAN_POINT('Ctrl Pts',(-25.871383791504,-3.97208112357081,19.2000000000076));
#4036=CARTESIAN_POINT('Ctrl Pts',(-25.926248408867,-4.17638531366423,19.2000000000076));
#4037=CARTESIAN_POINT('Ctrl Pts',(-25.9566938057848,-4.60515307527729,19.2000000000076));
#4038=CARTESIAN_POINT('Ctrl Pts',(-25.9286321141014,-4.82386493498257,19.2000000000076));
#4039=CARTESIAN_POINT('Ctrl Pts',(-25.7881298508569,-5.26552267891029,19.2000000000076));
#4040=CARTESIAN_POINT('Ctrl Pts',(-25.6684851765948,-5.48075559360864,19.2000000000082));
#4041=CARTESIAN_POINT('Ctrl Pts',(-25.3939508791159,-5.82009785581817,19.2000000000082));
#4042=CARTESIAN_POINT('Ctrl Pts',(-25.2533036416174,-5.95247297054956,19.200000000009));
#4043=CARTESIAN_POINT('Ctrl Pts',(-24.9386480326544,-6.18357825273567,19.200000000009));
#4044=CARTESIAN_POINT('Ctrl Pts',(-24.7642640314725,-6.28070650156179,19.2000000000076));
#4045=CARTESIAN_POINT('Ctrl Pts',(-24.5809964900214,-6.35661840277361,19.2000000000076));
#4046=CARTESIAN_POINT('',(-23.8972672696435,-0.525542099448861,19.1999999998139));
#4047=CARTESIAN_POINT('Origin',(0.269424964682442,-16.6499999999993,19.2000000000077));
#4048=CARTESIAN_POINT('',(-21.0701157168255,-0.275594524003562,19.1999999998989));
#4049=CARTESIAN_POINT('Ctrl Pts',(-21.0701157167142,-0.275594524088916,
19.2000000000076));
#4050=CARTESIAN_POINT('Ctrl Pts',(-21.3215237476702,-0.0826823569417374,
19.2000000000076));
#4051=CARTESIAN_POINT('Ctrl Pts',(-21.6080552514142,0.0631926446565223,
19.2000000000216));
#4052=CARTESIAN_POINT('Ctrl Pts',(-22.1742799764833,0.213323956899334,19.2000000000216));
#4053=CARTESIAN_POINT('Ctrl Pts',(-22.4454344111045,0.234271195050719,19.2000000000329));
#4054=CARTESIAN_POINT('Ctrl Pts',(-22.9436263586128,0.166096882417772,19.2000000000329));
#4055=CARTESIAN_POINT('Ctrl Pts',(-23.1667168960435,0.0914619155880447,
19.2000000000112));
#4056=CARTESIAN_POINT('Ctrl Pts',(-23.4739453229881,-0.0892464921862146,
19.2000000000112));
#4057=CARTESIAN_POINT('Ctrl Pts',(-23.5725218797442,-0.162932228625599,
19.2000000000076));
#4058=CARTESIAN_POINT('Ctrl Pts',(-23.7507047969564,-0.330840656296443,
19.2000000000076));
#4059=CARTESIAN_POINT('Ctrl Pts',(-23.8295791598067,-0.424093869524259,
19.2000000000076));
#4060=CARTESIAN_POINT('Ctrl Pts',(-23.8972672694827,-0.525542099570543,
19.2000000000076));
#4061=CARTESIAN_POINT('',(-21.5604055635861,2.51991536837547,19.2000000000074));
#4062=CARTESIAN_POINT('Ctrl Pts',(-21.5604055635858,2.51991536837529,19.2000000000076));
#4063=CARTESIAN_POINT('Ctrl Pts',(-21.6993704755172,2.36166842682429,19.2000000000076));
#4064=CARTESIAN_POINT('Ctrl Pts',(-21.8052434417679,2.17852574106978,19.2000000000076));
#4065=CARTESIAN_POINT('Ctrl Pts',(-21.9456246995739,1.77224773520561,19.2000000000076));
#4066=CARTESIAN_POINT('Ctrl Pts',(-21.975125981529,1.55372540115509,19.2000000000076));
#4067=CARTESIAN_POINT('Ctrl Pts',(-21.9537206523546,1.09075211830706,19.2000000000076));
#4068=CARTESIAN_POINT('Ctrl Pts',(-21.8938591489638,0.851886766988357,19.2000000000082));
#4069=CARTESIAN_POINT('Ctrl Pts',(-21.7165076210948,0.453052607247419,19.2000000000082));
#4070=CARTESIAN_POINT('Ctrl Pts',(-21.6149140227889,0.288785881464735,19.200000000009));
#4071=CARTESIAN_POINT('Ctrl Pts',(-21.3707944921584,-0.0158835434386173,
19.200000000009));
#4072=CARTESIAN_POINT('Ctrl Pts',(-21.2274911223388,-0.154836128109059,
19.2000000000076));
#4073=CARTESIAN_POINT('Ctrl Pts',(-21.0701157167142,-0.275594524088923,
19.2000000000076));
#4074=CARTESIAN_POINT('',(-18.9004904038163,5.17983052842774,19.1999999998139));
#4075=CARTESIAN_POINT('Origin',(0.269424964682345,-16.6499999999995,19.2000000000077));
#4076=CARTESIAN_POINT('',(-16.1049805115721,4.68954068184503,19.1999999995695));
#4077=CARTESIAN_POINT('Ctrl Pts',(-16.1049805112283,4.68954068139699,19.2000000000076));
#4078=CARTESIAN_POINT('Ctrl Pts',(-16.2978926783755,4.94094871235297,19.2000000000076));
#4079=CARTESIAN_POINT('Ctrl Pts',(-16.5369056292692,5.15601295399749,19.2000000000216));
#4080=CARTESIAN_POINT('Ctrl Pts',(-17.0449798718223,5.44757840848332,19.2000000000216));
#4081=CARTESIAN_POINT('Ctrl Pts',(-17.3014733989598,5.53799181864716,19.2000000000329));
#4082=CARTESIAN_POINT('Ctrl Pts',(-17.8003346780035,5.60108205351734,19.2000000000329));
#4083=CARTESIAN_POINT('Ctrl Pts',(-18.0351405405546,5.58673029138149,19.2000000000112));
#4084=CARTESIAN_POINT('Ctrl Pts',(-18.3786711902527,5.49169594137492,19.2000000000112));
#4085=CARTESIAN_POINT('Ctrl Pts',(-18.492960104233,5.44603447580809,19.2000000000076));
#4086=CARTESIAN_POINT('Ctrl Pts',(-18.7085294846863,5.32996452155569,19.2000000000076));
#4087=CARTESIAN_POINT('Ctrl Pts',(-18.8088519763958,5.26030302179047,19.2000000000076));
#4088=CARTESIAN_POINT('Ctrl Pts',(-18.9004904036925,5.17983052826861,19.2000000000076));
#4089=CARTESIAN_POINT('',(-15.8550329357468,7.51669223416576,19.2000000000074));
#4090=CARTESIAN_POINT('Ctrl Pts',(-15.8550329357467,7.51669223416553,19.2000000000076));
#4091=CARTESIAN_POINT('Ctrl Pts',(-16.0302200554317,7.39980419219899,19.2000000000076));
#4092=CARTESIAN_POINT('Ctrl Pts',(-16.1798863028837,7.25030388215996,19.2000000000076));
#4093=CARTESIAN_POINT('Ctrl Pts',(-16.4206366708493,6.89420280673818,19.2000000000076));
#4094=CARTESIAN_POINT('Ctrl Pts',(-16.5056904628309,6.69076193428272,19.2000000000076));
#4095=CARTESIAN_POINT('Ctrl Pts',(-16.6048408055359,6.23802397664095,19.2000000000076));
#4096=CARTESIAN_POINT('Ctrl Pts',(-16.6088419355466,5.9918044676506,19.2000000000082));
#4097=CARTESIAN_POINT('Ctrl Pts',(-16.5407593908245,5.56065829925999,19.2000000000082));
#4098=CARTESIAN_POINT('Ctrl Pts',(-16.4851428675444,5.3756944683245,19.200000000009));
#4099=CARTESIAN_POINT('Ctrl Pts',(-16.3281957578322,5.01822361852105,19.200000000009));
#4100=CARTESIAN_POINT('Ctrl Pts',(-16.2257389072082,4.84691608702156,19.2000000000076));
#4101=CARTESIAN_POINT('Ctrl Pts',(-16.1049805112283,4.689540681397,19.2000000000076));
#4102=CARTESIAN_POINT('',(-12.5973154854089,9.39753628129273,19.1999999998139));
#4103=CARTESIAN_POINT('Origin',(0.269424964682208,-16.6499999999996,19.2000000000077));
#4104=CARTESIAN_POINT('Ctrl Pts',(-10.0239566325436,8.20042145470414,19.2000000000077));
#4105=CARTESIAN_POINT('Ctrl Pts',(-10.1452262904933,8.4931923076307,19.2000000000077));
#4106=CARTESIAN_POINT('Ctrl Pts',(-10.320432350921,8.76278951666387,19.2000000000216));
#4107=CARTESIAN_POINT('Ctrl Pts',(-10.7357316909603,9.17591940950421,19.2000000000216));
#4108=CARTESIAN_POINT('Ctrl Pts',(-10.9600847006154,9.32963746719305,19.2000000000329));
#4109=CARTESIAN_POINT('Ctrl Pts',(-11.4256187394349,9.5196927543215,19.2000000000329));
#4110=CARTESIAN_POINT('Ctrl Pts',(-11.6561382956086,9.56660224575168,19.2000000000112));
#4111=CARTESIAN_POINT('Ctrl Pts',(-12.0125601219946,9.56371838741405,19.2000000000112));
#4112=CARTESIAN_POINT('Ctrl Pts',(-12.1347727925826,9.54919294613903,19.2000000000076));
#4113=CARTESIAN_POINT('Ctrl Pts',(-12.3730379392443,9.49287144087269,19.2000000000076));
#4114=CARTESIAN_POINT('Ctrl Pts',(-12.4879717477938,9.451548970658,19.2000000000076));
#4115=CARTESIAN_POINT('Ctrl Pts',(-12.5973154853306,9.39753628110699,19.2000000000076));
#4116=CARTESIAN_POINT('Ctrl Pts',(22.1006098581088,2.52096859781088,19.1967002157848));
#4117=CARTESIAN_POINT('Ctrl Pts',(21.5062902081909,2.0587930156994,20.6452419635315));
#4118=CARTESIAN_POINT('Ctrl Pts',(19.8547427780566,0.773723585936826,23.2330934871782));
#4119=CARTESIAN_POINT('Ctrl Pts',(15.8071582243081,-2.38843298829952,25.9916808081692));
#4120=CARTESIAN_POINT('Ctrl Pts',(12.4661574318479,-5.02501810169981,25.971199679401));
#4121=CARTESIAN_POINT('Ctrl Pts',(10.6459392299599,-6.48463031988429,25.2448073649481));
#4122=CARTESIAN_POINT('Ctrl Pts',(22.4658134645003,2.09311883427364,19.2119230953032));
#4123=CARTESIAN_POINT('Ctrl Pts',(21.8678922483599,1.62924033069009,20.6644487889416));
#4124=CARTESIAN_POINT('Ctrl Pts',(20.2088088812556,0.341413060794551,23.2556684834961));
#4125=CARTESIAN_POINT('Ctrl Pts',(16.1412085509489,-2.82601100457619,26.0069720813905));
#4126=CARTESIAN_POINT('Ctrl Pts',(12.7937464498481,-5.45405578824191,25.9662295301827));
#4127=CARTESIAN_POINT('Ctrl Pts',(10.9728883372097,-6.90143903434562,25.2266196183007));
#4128=CARTESIAN_POINT('Ctrl Pts',(22.7692785554525,1.06541936456366,19.0118070603687));
#4129=CARTESIAN_POINT('Ctrl Pts',(22.1905997766763,0.619819451556625,20.411427698874));
#4130=CARTESIAN_POINT('Ctrl Pts',(20.5820140577436,-0.618973170497576,22.9090661059274));
#4131=CARTESIAN_POINT('Ctrl Pts',(16.6439558857545,-3.65489375301342,25.5523161794066));
#4132=CARTESIAN_POINT('Ctrl Pts',(13.3976409246608,-6.16369500922628,25.5007086030643));
#4133=CARTESIAN_POINT('Ctrl Pts',(11.6320029593892,-7.53343280721268,24.7817459668919));
#4134=CARTESIAN_POINT('Ctrl Pts',(22.292130300617,0.248616152572284,18.556434390436));
#4135=CARTESIAN_POINT('Ctrl Pts',(21.7620007477831,-0.158148351812035,19.8400476499299));
#4136=CARTESIAN_POINT('Ctrl Pts',(20.2883446442583,-1.28903770555697,22.1325413416401));
#4137=CARTESIAN_POINT('Ctrl Pts',(16.6734609940157,-4.06268749585374,24.5704982121916));
#4138=CARTESIAN_POINT('Ctrl Pts',(13.6811287881207,-6.35898220801245,24.5428841776543));
#4139=CARTESIAN_POINT('Ctrl Pts',(12.0428282739157,-7.61594990046298,23.8941181091877));
#4140=CARTESIAN_POINT('Ctrl Pts',(21.9950580352701,0.0206645859915652,18.3617349566363));
#4141=CARTESIAN_POINT('Ctrl Pts',(21.4859790061874,-0.36996549203765,19.5958320156842));
#4142=CARTESIAN_POINT('Ctrl Pts',(20.0709802220245,-1.45573224708328,21.8005734113347));
#4143=CARTESIAN_POINT('Ctrl Pts',(16.5970894424205,-4.12134239556471,24.1507745741647));
#4144=CARTESIAN_POINT('Ctrl Pts',(13.7171031475949,-6.33123360459389,24.1333255080138));
#4145=CARTESIAN_POINT('Ctrl Pts',(12.1363792975458,-7.54416567527858,23.5144695997351));
#4146=CARTESIAN_POINT('',(10.6459392299594,-6.48463031988475,25.2448073649481));
#4147=CARTESIAN_POINT('Ctrl Pts',(22.0992554881457,2.51991536474901,19.1999999930041));
#4148=CARTESIAN_POINT('Ctrl Pts',(21.5050359364866,2.05781706555322,20.6472070184185));
#4149=CARTESIAN_POINT('Ctrl Pts',(19.8538645739892,0.773037493100865,23.2336920176285));
#4150=CARTESIAN_POINT('Ctrl Pts',(15.8071582243081,-2.38843298829952,25.9916808081692));
#4151=CARTESIAN_POINT('Ctrl Pts',(12.4661574318479,-5.02501810169981,25.971199679401));
#4152=CARTESIAN_POINT('Ctrl Pts',(10.6459392299599,-6.48463031988429,25.2448073649481));
#4153=CARTESIAN_POINT('',(12.1363792975449,-7.54416567527927,23.5144695997347));
#4154=CARTESIAN_POINT('Origin',(11.0326634972657,-6.10577523994777,23.5144695997351));
#4155=CARTESIAN_POINT('Ctrl Pts',(21.6086719844792,-0.275819858558869,19.199761538077));
#4156=CARTESIAN_POINT('Ctrl Pts',(21.1496636252481,-0.628029360304853,20.0961146599518));
#4157=CARTESIAN_POINT('Ctrl Pts',(19.8408464675948,-1.63232008770211,21.9559908535117));
#4158=CARTESIAN_POINT('Ctrl Pts',(16.5978347383986,-4.12077050984667,24.1506146025037));
#4159=CARTESIAN_POINT('Ctrl Pts',(13.7173525005062,-6.33104226937554,24.1334231300764));
#4160=CARTESIAN_POINT('Ctrl Pts',(12.1363792975449,-7.54416567527927,23.5144695997347));
#4161=CARTESIAN_POINT('Ctrl Pts',(10.6459392299596,-6.48463031988455,25.244807364948));
#4162=CARTESIAN_POINT('Ctrl Pts',(8.24418065475238,-8.34400507817424,24.3009154088444));
#4163=CARTESIAN_POINT('Ctrl Pts',(5.83009720452371,-10.2040267189401,23.3510093346129));
#4164=CARTESIAN_POINT('Ctrl Pts',(3.4811340759492,-12.1028083581574,22.4417758242045));
#4165=CARTESIAN_POINT('Ctrl Pts',(10.9728883372094,-6.90143903434587,25.2266196183006));
#4166=CARTESIAN_POINT('Ctrl Pts',(8.5704184552099,-8.7580354006325,24.2790604169561));
#4167=CARTESIAN_POINT('Ctrl Pts',(6.15649900096501,-10.6170769059668,23.3276949007076));
#4168=CARTESIAN_POINT('Ctrl Pts',(3.8017842483547,-12.4993568118992,22.3983131415352));
#4169=CARTESIAN_POINT('Ctrl Pts',(11.6320061848086,-7.53344237315064,24.7817564771494));
#4170=CARTESIAN_POINT('Ctrl Pts',(9.22523447423419,-9.3841213896388,23.8322592147497));
#4171=CARTESIAN_POINT('Ctrl Pts',(6.81075059558129,-11.2388265265387,22.8786266446521));
#4172=CARTESIAN_POINT('Ctrl Pts',(4.42758904072191,-13.0894954650314,21.9389991793213));
#4173=CARTESIAN_POINT('Ctrl Pts',(12.0428282739156,-7.61594990046313,23.8941181091876));
#4174=CARTESIAN_POINT('Ctrl Pts',(9.63254179231226,-9.46539000174756,22.9485613709851));
#4175=CARTESIAN_POINT('Ctrl Pts',(7.21830220100883,-11.3181303141863,21.9974973612387));
#4176=CARTESIAN_POINT('Ctrl Pts',(4.80999673680511,-13.1658967383933,21.0792355516784));
#4177=CARTESIAN_POINT('Ctrl Pts',(12.1363792975456,-7.54416567527871,23.514469599735));
#4178=CARTESIAN_POINT('Ctrl Pts',(9.72542626805635,-9.39415500155547,22.5705776436315));
#4179=CARTESIAN_POINT('Ctrl Pts',(7.311528507992,-11.2464038990748,21.6206715693999));
#4180=CARTESIAN_POINT('Ctrl Pts',(4.89717675664731,-13.0990011563559,20.7114380589915));
#4181=CARTESIAN_POINT('Ctrl Pts',(12.1363792975449,-7.54416567527926,23.5144695997347));
#4182=CARTESIAN_POINT('Ctrl Pts',(10.0746256013289,-9.12620492895114,22.707289739521));
#4183=CARTESIAN_POINT('Ctrl Pts',(8.01090825304033,-10.7097509458534,21.895782552449));
#4184=CARTESIAN_POINT('Ctrl Pts',(5.94624579719093,-12.2940221692935,21.108943697724));
#4185=CARTESIAN_POINT('',(9.70855933485975,-7.21086562982103,24.87651871701));
#4186=CARTESIAN_POINT('Ctrl Pts',(10.6459392299596,-6.48463031988455,25.244807364948));
#4187=CARTESIAN_POINT('Ctrl Pts',(10.3335265922365,-6.72649150391423,25.1220290895726));
#4188=CARTESIAN_POINT('Ctrl Pts',(10.0209054185266,-6.96836363314825,24.999149055757));
#4189=CARTESIAN_POINT('Ctrl Pts',(9.7082461569509,-7.21033059024535,24.8762700156091));
#4190=CARTESIAN_POINT('Ctrl Pts',(9.70855933486597,-7.21086562981301,24.8765187170132));
#4191=CARTESIAN_POINT('Ctrl Pts',(9.70084305422099,-7.21858191045798,24.8731045066338));
#4192=CARTESIAN_POINT('Ctrl Pts',(9.69312710787336,-7.22629785680706,24.8696887503791));
#4193=CARTESIAN_POINT('Ctrl Pts',(7.85456750948938,-9.06485745521119,24.0553770944285));
#4194=CARTESIAN_POINT('Ctrl Pts',(5.92475678130136,-10.9946681833794,23.1052865684332));
#4195=CARTESIAN_POINT('Ctrl Pts',(4.13533478788336,-12.7840901767974,22.0927677835762));
#4196=CARTESIAN_POINT('Ctrl Pts',(4.81661660652336,-13.4382908887316,22.4417758242045));
#4197=CARTESIAN_POINT('Ctrl Pts',(6.71564605842301,-11.0890211936506,23.3511279999667));
#4198=CARTESIAN_POINT('Ctrl Pts',(8.57544127152905,-8.6752166868465,24.3009262647252));
#4199=CARTESIAN_POINT('Ctrl Pts',(10.4347946447957,-6.2734857347219,25.2448073649477));
#4200=CARTESIAN_POINT('Ctrl Pts',(4.42006815278161,-13.1176407163261,22.3983131415352));
#4201=CARTESIAN_POINT('Ctrl Pts',(6.30259371773174,-10.7626186465567,23.3278161956379));
#4202=CARTESIAN_POINT('Ctrl Pts',(8.16141091711599,-8.3489788782081,24.2790713150146));
#4203=CARTESIAN_POINT('Ctrl Pts',(10.0179859303343,-5.94653662747211,25.2266196183003));
#4204=CARTESIAN_POINT('Ctrl Pts',(3.82991803849701,-12.4918316969159,21.9390113074827));
#4205=CARTESIAN_POINT('Ctrl Pts',(5.68082851041531,-10.108359112265,22.8787614049255));
#4206=CARTESIAN_POINT('Ctrl Pts',(7.53531194734068,-7.69415845583074,23.8322843225138));
#4207=CARTESIAN_POINT('Ctrl Pts',(9.38596967881715,-5.28741442599601,24.7817706645646));
#4208=CARTESIAN_POINT('Ctrl Pts',(3.75352822628747,-12.1094282278757,21.0792355516784));
#4209=CARTESIAN_POINT('Ctrl Pts',(5.60153580510883,-9.70080845231321,21.9976172048886));
#4210=CARTESIAN_POINT('Ctrl Pts',(7.45405623369537,-7.28685545120556,22.9485722460129));
#4211=CARTESIAN_POINT('Ctrl Pts',(9.30347506421709,-4.87659669076596,23.8941181091873));
#4212=CARTESIAN_POINT('Ctrl Pts',(3.82042380832493,-12.0222482080335,20.7114380589915));
#4213=CARTESIAN_POINT('Ctrl Pts',(5.67326285069918,-9.60758135622053,21.6207902347538));
#4214=CARTESIAN_POINT('Ctrl Pts',(7.52529124020419,-7.19397096779537,22.5705884995123));
#4215=CARTESIAN_POINT('Ctrl Pts',(9.37525928940151,-4.78304566713587,23.5144695997347));
#4216=CARTESIAN_POINT('',(10.4347946447957,-6.27348573472191,25.2448073649477));
#4217=CARTESIAN_POINT('Ctrl Pts',(9.70909469778676,-7.2111789953895,24.8762698614242));
#4218=CARTESIAN_POINT('Ctrl Pts',(9.95105907880941,-6.89852269407223,24.9991477869824));
#4219=CARTESIAN_POINT('Ctrl Pts',(10.1929305999259,-6.58590206779863,25.1220276372971));
#4220=CARTESIAN_POINT('Ctrl Pts',(10.4347946447957,-6.2734857347219,25.2448073649477));
#4221=CARTESIAN_POINT('',(9.37525928940219,-4.78304566713498,23.5144695997351));
#4222=CARTESIAN_POINT('Origin',(10.8136497247323,-5.88676146741602,23.5144695997347));
#4223=CARTESIAN_POINT('Ctrl Pts',(4.62540272356932,-10.9731792610848,21.1089440974054));
#4224=CARTESIAN_POINT('Ctrl Pts',(6.20954384487053,-8.90868635764392,21.8957196872992));
#4225=CARTESIAN_POINT('Ctrl Pts',(7.79322777221507,-6.84478928096772,22.7072936867905));
#4226=CARTESIAN_POINT('Ctrl Pts',(9.37525928940207,-4.78304566713515,23.514469599735));
#4227=CARTESIAN_POINT('Ctrl Pts',(10.4347946447957,-6.2734857347219,25.2448073649477));
#4228=CARTESIAN_POINT('Ctrl Pts',(11.8946371110132,-4.45298040063847,25.9713142649048));
#4229=CARTESIAN_POINT('Ctrl Pts',(14.5316698974395,-1.11140490917899,25.9916281596324));
#4230=CARTESIAN_POINT('Ctrl Pts',(17.6941317113216,2.93657896368679,23.2319196538747));
#4231=CARTESIAN_POINT('Ctrl Pts',(18.9791072341504,4.58800813934242,20.6432373457639));
#4232=CARTESIAN_POINT('Ctrl Pts',(19.4411587282212,5.18216883390462,19.1943013999059));
#4233=CARTESIAN_POINT('Ctrl Pts',(10.0179859303343,-5.94653662747211,25.2266196183003));
#4234=CARTESIAN_POINT('Ctrl Pts',(11.4655974953993,-4.12539128169494,25.96634620071));
#4235=CARTESIAN_POINT('Ctrl Pts',(14.0940933553614,-0.777349392923052,26.006910050738));
#4236=CARTESIAN_POINT('Ctrl Pts',(17.2618224498309,3.29064991350673,23.2544854131051));
#4237=CARTESIAN_POINT('Ctrl Pts',(18.5495571551753,4.94961634537342,20.6624410745538));
#4238=CARTESIAN_POINT('Ctrl Pts',(19.0133113109638,5.54737777903682,19.2095190042768));
#4239=CARTESIAN_POINT('Ctrl Pts',(9.38598485439521,-5.28741954286045,24.7817539909003));
#4240=CARTESIAN_POINT('Ctrl Pts',(10.7559387230816,-3.52150305520916,25.5008300405747));
#4241=CARTESIAN_POINT('Ctrl Pts',(13.2651730002227,-0.274624301755773,25.5522877030818));
#4242=CARTESIAN_POINT('Ctrl Pts',(16.3013945547709,3.66382634290517,22.9079483908686));
#4243=CARTESIAN_POINT('Ctrl Pts',(17.5401006437913,5.27230069307845,20.4094971525747));
#4244=CARTESIAN_POINT('Ctrl Pts',(17.9855813485408,5.85082481253187,19.0094939163044));
#4245=CARTESIAN_POINT('Ctrl Pts',(9.30347506421709,-4.87659669076596,23.8941181091873));
#4246=CARTESIAN_POINT('Ctrl Pts',(10.5606410383312,-3.2380377411586,24.542986517926));
#4247=CARTESIAN_POINT('Ctrl Pts',(12.8573290012243,-0.245193837257604,24.570456812431));
#4248=CARTESIAN_POINT('Ctrl Pts',(15.6312514988544,3.37004537071443,22.1315044984213));
#4249=CARTESIAN_POINT('Ctrl Pts',(16.7620590393715,4.84359546907623,19.8382715569726));
#4250=CARTESIAN_POINT('Ctrl Pts',(17.1687146459318,5.37358309559958,18.5543084734361));
#4251=CARTESIAN_POINT('Ctrl Pts',(9.37525928940151,-4.78304566713587,23.5144695997347));
#4252=CARTESIAN_POINT('Ctrl Pts',(10.5883826953052,-3.20207246417461,24.1334231300764));
#4253=CARTESIAN_POINT('Ctrl Pts',(12.7986516972197,-0.321593820075251,24.1507297198106));
#4254=CARTESIAN_POINT('Ctrl Pts',(15.4645224762752,3.15263661990575,21.7995733543948));
#4255=CARTESIAN_POINT('Ctrl Pts',(16.5502108363378,4.56753323773775,19.5941241650853));
#4256=CARTESIAN_POINT('Ctrl Pts',(16.9407362677408,5.07647588868183,18.3596912657134));
#4257=CARTESIAN_POINT('Ctrl Pts',(9.37525928940219,-4.78304566713498,23.5144695997351));
#4258=CARTESIAN_POINT('Ctrl Pts',(10.5881913600869,-3.20232181708585,24.1333255080138));
#4259=CARTESIAN_POINT('Ctrl Pts',(12.798081533104,-0.32233687241751,24.1508148361346));
#4260=CARTESIAN_POINT('Ctrl Pts',(15.2866971085239,2.92089008871751,21.9566450838182));
#4261=CARTESIAN_POINT('Ctrl Pts',(16.2912182794583,4.23000756623537,20.0965872786622));
#4262=CARTESIAN_POINT('Ctrl Pts',(16.6436075126509,4.68925015604797,19.199764083253));
#4263=CARTESIAN_POINT('Ctrl Pts',(10.4347946447957,-6.2734857347219,25.2448073649477));
#4264=CARTESIAN_POINT('Ctrl Pts',(11.8946371110132,-4.45298040063847,25.9713142649048));
#4265=CARTESIAN_POINT('Ctrl Pts',(14.5316698974395,-1.11140490917899,25.9916281596324));
#4266=CARTESIAN_POINT('Ctrl Pts',(17.6929469953921,2.93506251502791,23.2329534910622));
#4267=CARTESIAN_POINT('Ctrl Pts',(18.9774221962258,4.58584256063791,20.646631097726));
#4268=CARTESIAN_POINT('Ctrl Pts',(19.4393403220307,5.17983051367195,19.1999999798689));
#4269=CARTESIAN_POINT('Origin',(0.269424964681779,-16.649999999999,13.5566349703643));
#4270=CARTESIAN_POINT('Origin',(0.269424964680705,-16.65,25.2448073649476));
#4271=CARTESIAN_POINT('Origin',(0.26942496468175,-16.649999999999,23.785253849923));
#4272=CARTESIAN_POINT('Ctrl Pts',(16.3949184855591,7.51806011117566,19.1967002157848));
#4273=CARTESIAN_POINT('Ctrl Pts',(15.9404696294641,6.91781153585657,20.6452419635315));
#4274=CARTESIAN_POINT('Ctrl Pts',(14.6778017272877,5.24908305064879,23.2331107741512));
#4275=CARTESIAN_POINT('Ctrl Pts',(11.5865564178188,1.14707599786908,25.9917280663195));
#4276=CARTESIAN_POINT('Ctrl Pts',(9.04179713680408,-2.26438310376601,25.971199679401));
#4277=CARTESIAN_POINT('Ctrl Pts',(7.66137680664944,-4.14536737856838,25.2448073649481));
#4278=CARTESIAN_POINT('Ctrl Pts',(16.8584137480727,7.19931062347761,19.2119230953032));
#4279=CARTESIAN_POINT('Ctrl Pts',(16.4009267946576,6.59648499839794,20.6644487889416));
#4280=CARTESIAN_POINT('Ctrl Pts',(15.1316915295601,4.92314014206371,23.2556700959304));
#4281=CARTESIAN_POINT('Ctrl Pts',(12.0224806376476,0.810871427154844,26.0069965836764));
#4282=CARTESIAN_POINT('Ctrl Pts',(9.46926695404292,-2.59401540882347,25.9662295301827));
#4283=CARTESIAN_POINT('Ctrl Pts',(8.08506342669146,-4.46335302475341,25.2266196183007));
#4284=CARTESIAN_POINT('Ctrl Pts',(17.4175480193518,6.28517594466232,19.0118155519679));
#4285=CARTESIAN_POINT('Ctrl Pts',(16.9739169857887,5.70498639155271,20.4114361904731));
#4286=CARTESIAN_POINT('Ctrl Pts',(15.7407650863369,4.0920719622306,22.9091014675736));
#4287=CARTESIAN_POINT('Ctrl Pts',(12.7226388846117,0.140342786606446,25.5523860610753));
#4288=CARTESIAN_POINT('Ctrl Pts',(10.2362595019881,-3.12318559079131,25.500722010861));
#4289=CARTESIAN_POINT('Ctrl Pts',(8.88529842037148,-4.90323143727905,24.7817593746886));
#4290=CARTESIAN_POINT('Ctrl Pts',(17.1680411172531,5.37270533593614,18.5564343904359));
#4291=CARTESIAN_POINT('Ctrl Pts',(16.7612536914982,4.84259337128858,19.8400476499299));
#4292=CARTESIAN_POINT('Ctrl Pts',(15.6305101912294,3.36883313996269,22.1325596030877));
#4293=CARTESIAN_POINT('Ctrl Pts',(12.8566684115603,-0.245914742729287,24.5705448764923));
#4294=CARTESIAN_POINT('Ctrl Pts',(10.5606246642263,-3.23843575913856,24.5428841776543));
#4295=CARTESIAN_POINT('Ctrl Pts',(9.3034750642178,-4.87659669076503,23.8941181091877));
#4296=CARTESIAN_POINT('Ctrl Pts',(16.9400895506724,5.07563307058925,18.3617349566363));
#4297=CARTESIAN_POINT('Ctrl Pts',(16.5494594726432,4.56655404150664,19.5958320156842));
#4298=CARTESIAN_POINT('Ctrl Pts',(15.4636960589625,3.15155961189539,21.8005881391136));
#4299=CARTESIAN_POINT('Ctrl Pts',(12.798081533104,-0.32233687241751,24.1508148361346));
#4300=CARTESIAN_POINT('Ctrl Pts',(10.5881913600869,-3.20232181708585,24.1333255080138));
#4301=CARTESIAN_POINT('Ctrl Pts',(9.37525928940219,-4.78304566713498,23.5144695997351));
#4302=CARTESIAN_POINT('',(7.66137680664911,-4.14536737856894,25.2448073649481));
#4303=CARTESIAN_POINT('Ctrl Pts',(16.3938828614122,7.51669222942402,19.199999993019));
#4304=CARTESIAN_POINT('Ctrl Pts',(15.9395106935314,6.91654421494371,20.6472070315461));
#4305=CARTESIAN_POINT('Ctrl Pts',(14.6771310200627,5.24819303853652,23.2337093111043));
#4306=CARTESIAN_POINT('Ctrl Pts',(11.5865564178188,1.14707599786908,25.9917280663195));
#4307=CARTESIAN_POINT('Ctrl Pts',(9.04179713680408,-2.26438310376601,25.971199679401));
#4308=CARTESIAN_POINT('Ctrl Pts',(7.66137680664944,-4.14536737856838,25.2448073649481));
#4309=CARTESIAN_POINT('Origin',(7.93686885407137,-3.67932986685484,23.5144695997351));
#4310=CARTESIAN_POINT('Ctrl Pts',(7.66137680664922,-4.14536737856871,25.244807364948));
#4311=CARTESIAN_POINT('Ctrl Pts',(5.8226977697736,-6.56300633935264,24.3009154088444));
#4312=CARTESIAN_POINT('Ctrl Pts',(3.97228124331374,-8.98446005301095,23.3510093346129));
#4313=CARTESIAN_POINT('Ctrl Pts',(2.19479794314328,-11.4264986707331,22.4417758242045));
#4314=CARTESIAN_POINT('Ctrl Pts',(8.08506342669124,-4.46335302475374,25.2266196183006));
#4315=CARTESIAN_POINT('Ctrl Pts',(6.2449782194494,-6.87849236469109,24.2790604169561));
#4316=CARTESIAN_POINT('Ctrl Pts',(4.3944664232292,-9.29895689493885,23.3276949007076));
#4317=CARTESIAN_POINT('Ctrl Pts',(2.60715651800812,-11.7265446921433,22.3983131415351));
#4318=CARTESIAN_POINT('Ctrl Pts',(8.88532238832821,-4.90326746698177,24.7818044279973));
#4319=CARTESIAN_POINT('Ctrl Pts',(7.03955041094124,-7.31380448108954,23.8323071655976));
#4320=CARTESIAN_POINT('Ctrl Pts',(5.18736940403476,-9.73022185697256,22.8786676356007));
#4321=CARTESIAN_POINT('Ctrl Pts',(3.36440047743846,-12.1346383785274,21.9390401702699));
#4322=CARTESIAN_POINT('Ctrl Pts',(9.30347506421765,-4.87659669076523,23.8941181091876));
#4323=CARTESIAN_POINT('Ctrl Pts',(7.45398742387037,-7.28684669436261,22.9485613709851));
#4324=CARTESIAN_POINT('Ctrl Pts',(5.60153553026914,-9.70130759722392,21.9974973612387));
#4325=CARTESIAN_POINT('Ctrl Pts',(3.75352822628746,-12.1094282278757,21.0792355516784));
#4326=CARTESIAN_POINT('Ctrl Pts',(9.37525928940207,-4.78304566713515,23.514469599735));
#4327=CARTESIAN_POINT('Ctrl Pts',(7.52526996312531,-7.19399869662443,22.5705776436315));
#4328=CARTESIAN_POINT('Ctrl Pts',(5.67302106560597,-9.60789645668878,21.6206715693999));
#4329=CARTESIAN_POINT('Ctrl Pts',(3.82042380832492,-12.0222482080335,20.7114380589915));
#4330=CARTESIAN_POINT('',(6.94390088636563,-5.08946858974744,24.87651871701));
#4331=CARTESIAN_POINT('Ctrl Pts',(7.66137680664922,-4.14536737856871,25.244807364948));
#4332=CARTESIAN_POINT('Ctrl Pts',(7.42220765211131,-4.45984568317328,25.1220290895726));
#4333=CARTESIAN_POINT('Ctrl Pts',(7.18283990010538,-4.77438853311836,24.999149055757));
#4334=CARTESIAN_POINT('Ctrl Pts',(6.94345990130321,-5.08903283761049,24.8762700156092));
#4335=CARTESIAN_POINT('Ctrl Pts',(6.94390088636956,-5.08946858973809,24.8765187170132));
#4336=CARTESIAN_POINT('Ctrl Pts',(6.93844465199996,-5.09891906488424,24.8731045066338));
#4337=CARTESIAN_POINT('Ctrl Pts',(6.93298865401465,-5.10836913060283,24.8696887503791));
#4338=CARTESIAN_POINT('Ctrl Pts',(5.63293069438694,-7.36013556949085,24.0553770944285));
#4339=CARTESIAN_POINT('Ctrl Pts',(4.26834844207352,-9.72366136157649,23.1052865684332));
#4340=CARTESIAN_POINT('Ctrl Pts',(3.0030360161233,-11.9152467707705,22.0927677835762));
#4341=CARTESIAN_POINT('Ctrl Pts',(3.83042332329704,-12.3708274242583,22.4417758242045));
#4342=CARTESIAN_POINT('Ctrl Pts',(5.05670917660135,-9.61010216349913,23.3511279999667));
#4343=CARTESIAN_POINT('Ctrl Pts',(6.22839482703405,-6.79719562962171,24.3009262647252));
#4344=CARTESIAN_POINT('Ctrl Pts',(7.40277855884791,-3.99606561058971,25.2448073649477));
#4345=CARTESIAN_POINT('Ctrl Pts',(3.36439655901895,-12.1637374336621,22.3983131415352));
#4346=CARTESIAN_POINT('Ctrl Pts',(4.57325205756063,-9.40172732588967,23.3278161956379));
#4347=CARTESIAN_POINT('Ctrl Pts',(5.74403565673074,-6.58923304571857,24.2790713150146));
#4348=CARTESIAN_POINT('Ctrl Pts',(6.91555160119186,-3.78813505748228,25.2266196183003));
#4349=CARTESIAN_POINT('Ctrl Pts',(2.63235826867278,-11.7119920638478,21.9390369909368));
#4350=CARTESIAN_POINT('Ctrl Pts',(3.80331239726019,-8.93068345716943,22.8787870883796));
#4351=CARTESIAN_POINT('Ctrl Pts',(4.96976169612562,-6.11876959712232,23.8323143667904));
#4352=CARTESIAN_POINT('Ctrl Pts',(6.13444860297225,-3.31504791456562,24.7818007088413));
#4353=CARTESIAN_POINT('Ctrl Pts',(2.45962383624427,-11.3623921799786,21.0792355516784));
#4354=CARTESIAN_POINT('Ctrl Pts',(3.62126541347962,-8.55754457615947,21.9976172048886));
#4355=CARTESIAN_POINT('Ctrl Pts',(4.78588572851041,-5.74637746058187,22.9485722460129));
#4356=CARTESIAN_POINT('Ctrl Pts',(5.9484662697097,-2.93958146012355,23.8941181091873));
#4357=CARTESIAN_POINT('Ctrl Pts',(2.50167615711131,-11.2608688966121,20.7114380589915));
#4358=CARTESIAN_POINT('Ctrl Pts',(3.66641947127037,-8.4489297908859,21.6207902347538));
#4359=CARTESIAN_POINT('Ctrl Pts',(4.83065318773209,-5.63822096283197,22.5705884995123));
#4360=CARTESIAN_POINT('Ctrl Pts',(5.99359172013118,-2.83063898570782,23.5144695997347));
#4361=CARTESIAN_POINT('',(7.40277855884792,-3.99606561058972,25.2448073649477));
#4362=CARTESIAN_POINT('Ctrl Pts',(6.94449911222048,-5.08963271552152,24.8762698614242));
#4363=CARTESIAN_POINT('Ctrl Pts',(7.09729735154008,-4.72500492928205,24.9991477869824));
#4364=CARTESIAN_POINT('Ctrl Pts',(7.25001512845881,-4.36043563640087,25.1220276372971));
#4365=CARTESIAN_POINT('Ctrl Pts',(7.40277855884791,-3.99606561058971,25.2448073649477));
#4366=CARTESIAN_POINT('',(5.99359172013162,-2.83063898570678,23.5144695997351));
#4367=CARTESIAN_POINT('Origin',(7.66863285939747,-3.5244637431248,23.5144695997347));
#4368=CARTESIAN_POINT('Ctrl Pts',(3.00770705786804,-10.0392022330253,21.1089440974054));
#4369=CARTESIAN_POINT('Ctrl Pts',(4.00353979752992,-7.63504932707846,21.8957196872992));
#4370=CARTESIAN_POINT('Ctrl Pts',(4.99908513305569,-5.23159027609487,22.7072936867905));
#4371=CARTESIAN_POINT('Ctrl Pts',(5.99359172013154,-2.83063898570697,23.514469599735));
#4372=CARTESIAN_POINT('Ctrl Pts',(7.40277855884792,-3.99606561058971,25.2448073649477));
#4373=CARTESIAN_POINT('Ctrl Pts',(8.3416966471094,-1.859757458395,25.9713142649048));
#4374=CARTESIAN_POINT('Ctrl Pts',(10.0240113315305,2.05047087347531,25.9916293904042));
#4375=CARTESIAN_POINT('Ctrl Pts',(12.0310196281414,6.77902858858084,23.2319201029289));
#4376=CARTESIAN_POINT('Ctrl Pts',(12.8447892839203,8.70676265988376,20.6432373457639));
#4377=CARTESIAN_POINT('Ctrl Pts',(13.1373166515146,9.40026554621082,19.1943013999059));
#4378=CARTESIAN_POINT('Ctrl Pts',(6.91555160119186,-3.78813505748228,25.2266196183003));
#4379=CARTESIAN_POINT('Ctrl Pts',(7.84248989893587,-1.65437429162051,25.96634620071));
#4380=CARTESIAN_POINT('Ctrl Pts',(9.51488498878119,2.25989070768202,26.006910689483));
#4381=CARTESIAN_POINT('Ctrl Pts',(11.5218006217064,7.00914492111246,23.25448545435));
#4382=CARTESIAN_POINT('Ctrl Pts',(12.3362846783676,8.94487362382312,20.6624410745538));
#4383=CARTESIAN_POINT('Ctrl Pts',(12.6295247510327,9.64229523832168,19.2095190042768));
#4384=CARTESIAN_POINT('Ctrl Pts',(6.1344779878073,-3.3150497802701,24.7817700538799));
#4385=CARTESIAN_POINT('Ctrl Pts',(7.00069899133141,-1.2547352856501,25.5008461035543));
#4386=CARTESIAN_POINT('Ctrl Pts',(8.58408261006537,2.53095955804717,25.5523062448447));
#4387=CARTESIAN_POINT('Ctrl Pts',(10.4975022918525,7.12104494015738,22.9079643175773));
#4388=CARTESIAN_POINT('Ctrl Pts',(11.2776993407992,8.99532084492593,20.4095073215894));
#4389=CARTESIAN_POINT('Ctrl Pts',(11.5582675984644,9.66943112365198,19.009504085319));
#4390=CARTESIAN_POINT('Ctrl Pts',(5.9484662697097,-2.93958146012355,23.8941181091873));
#4391=CARTESIAN_POINT('Ctrl Pts',(6.73870508935678,-1.03147655584513,24.542986517926));
#4392=CARTESIAN_POINT('Ctrl Pts',(8.18253029428398,2.45381517091222,24.570458027634));
#4393=CARTESIAN_POINT('Ctrl Pts',(9.92624100341204,6.66381228475497,22.1315049728915));
#4394=CARTESIAN_POINT('Ctrl Pts',(10.6371343058338,8.37982676582696,19.8382715569726));
#4395=CARTESIAN_POINT('Ctrl Pts',(10.8927625672027,8.99700571767504,18.5543084734361));
#4396=CARTESIAN_POINT('Ctrl Pts',(5.99359172013118,-2.83063898570782,23.5144695997347));
#4397=CARTESIAN_POINT('Ctrl Pts',(6.75619297364623,-0.98955669678907,24.1334231300764));
#4398=CARTESIAN_POINT('Ctrl Pts',(8.14562613645689,2.36483168887936,24.1507307683768));
#4399=CARTESIAN_POINT('Ctrl Pts',(9.82146263845956,6.41065890033407,21.7995737369702));
#4400=CARTESIAN_POINT('Ctrl Pts',(10.5039548183745,8.05834077729827,19.5941241650853));
#4401=CARTESIAN_POINT('Ctrl Pts',(10.74944936746,8.65101704718915,18.3596912657133));
#4402=CARTESIAN_POINT('Ctrl Pts',(5.99359172013162,-2.83063898570679,23.5144695997351));
#4403=CARTESIAN_POINT('Ctrl Pts',(6.75607269529976,-0.989847074404406,24.1333255080137));
#4404=CARTESIAN_POINT('Ctrl Pts',(8.14526721506936,2.36396517599775,24.1508454171042));
#4405=CARTESIAN_POINT('Ctrl Pts',(9.70967841869229,6.14078792091259,21.9566573118687));
#4406=CARTESIAN_POINT('Ctrl Pts',(10.3411457194043,7.66528484248675,20.0965895711623));
#4407=CARTESIAN_POINT('Ctrl Pts',(10.562666646253,8.20008366843425,19.1997644579938));
#4408=CARTESIAN_POINT('Ctrl Pts',(7.40277855884792,-3.99606561058971,25.2448073649477));
#4409=CARTESIAN_POINT('Ctrl Pts',(8.3416966471094,-1.859757458395,25.9713142649048));
#4410=CARTESIAN_POINT('Ctrl Pts',(10.0240113315305,2.05047087347531,25.9916293904042));
#4411=CARTESIAN_POINT('Ctrl Pts',(12.0302677661935,6.77725718453608,23.2329539404093));
#4412=CARTESIAN_POINT('Ctrl Pts',(12.843722155369,8.70423475178405,20.6466310983148));
#4413=CARTESIAN_POINT('Ctrl Pts',(13.1361654078225,9.39753626415454,19.1999999798701));
#4414=CARTESIAN_POINT('Origin',(0.269424964681777,-16.649999999999,13.5566349703643));
#4415=CARTESIAN_POINT('Origin',(0.269424964681,-16.6500000000002,25.2448073649476));
#4416=CARTESIAN_POINT('Origin',(0.269424964681748,-16.649999999999,23.785253849923));
#4417=CARTESIAN_POINT('Ctrl Pts',(-23.8986351464929,-0.524506479121623,
19.1967002157847));
#4418=CARTESIAN_POINT('Ctrl Pts',(-23.2983865711738,-0.978955335216627,
20.6452419635313));
#4419=CARTESIAN_POINT('Ctrl Pts',(-21.6296430227056,-2.24163474454076,23.2330591953222));
#4420=CARTESIAN_POINT('Ctrl Pts',(-17.5276542838787,-5.33286512450853,25.9915893362232));
#4421=CARTESIAN_POINT('Ctrl Pts',(-14.1161919315512,-7.87762782787667,25.9711996794009));
#4422=CARTESIAN_POINT('Ctrl Pts',(-12.2352076567489,-9.25804815803131,25.244807364948));
#4423=CARTESIAN_POINT('Ctrl Pts',(-23.5798856587949,-0.0610112166081081,
19.2119230953031));
#4424=CARTESIAN_POINT('Ctrl Pts',(-22.9770600337152,-0.518498170023208,
20.6644487889414));
#4425=CARTESIAN_POINT('Ctrl Pts',(-21.3037059614442,-1.7877392442528,23.2556647167135));
#4426=CARTESIAN_POINT('Ctrl Pts',(-17.1914359286092,-4.89694916707062,26.0069249621465));
#4427=CARTESIAN_POINT('Ctrl Pts',(-13.7865596264938,-7.45015801063783,25.9662295301826));
#4428=CARTESIAN_POINT('Ctrl Pts',(-11.9172220105638,-8.83436153798929,25.2266196183007));
#4429=CARTESIAN_POINT('Ctrl Pts',(-22.6657392517373,0.498064055558659,19.011792038882));
#4430=CARTESIAN_POINT('Ctrl Pts',(-22.0855496986277,0.0544330219955545,
20.4114126773872));
#4431=CARTESIAN_POINT('Ctrl Pts',(-20.4726347087876,-1.17871789914769,22.9089991065478));
#4432=CARTESIAN_POINT('Ctrl Pts',(-16.5209358350874,-4.19682078309935,25.5521835426056));
#4433=CARTESIAN_POINT('Ctrl Pts',(-13.2574191346181,-6.68318521336504,25.5006848849121));
#4434=CARTESIAN_POINT('Ctrl Pts',(-11.4773732881303,-8.03414629498166,24.7817222487398));
#4435=CARTESIAN_POINT('Ctrl Pts',(-21.7532803712534,0.248616152572326,18.5564343904358));
#4436=CARTESIAN_POINT('Ctrl Pts',(-21.2231684066058,-0.158171273182611,
19.8400476499298));
#4437=CARTESIAN_POINT('Ctrl Pts',(-19.7493929196379,-1.28892425733,22.1325052088608));
#4438=CARTESIAN_POINT('Ctrl Pts',(-16.1346656650258,-4.06274966261636,24.5704078399327));
#4439=CARTESIAN_POINT('Ctrl Pts',(-13.1421392761787,-6.35880030045444,24.5428841776542));
#4440=CARTESIAN_POINT('Ctrl Pts',(-11.5039783445522,-7.61594990046295,23.8941181091876));
#4441=CARTESIAN_POINT('Ctrl Pts',(-21.4562081059065,0.0206645859916074,
18.3617349566362));
#4442=CARTESIAN_POINT('Ctrl Pts',(-20.9471290768239,-0.369965492037606,
19.5958320156841));
#4443=CARTESIAN_POINT('Ctrl Pts',(-19.5321220294223,-1.45573858768926,21.800544196106));
#4444=CARTESIAN_POINT('Ctrl Pts',(-16.0582419239615,-4.12134054561257,24.1506966438878));
#4445=CARTESIAN_POINT('Ctrl Pts',(-13.1782532182314,-6.33123360459386,24.1333255080137));
#4446=CARTESIAN_POINT('Ctrl Pts',(-11.5975293681823,-7.54416567527856,23.514469599735));
#4447=CARTESIAN_POINT('',(-12.2352076567483,-9.25804815803165,25.244807364948));
#4448=CARTESIAN_POINT('Ctrl Pts',(-23.8972672647282,-0.525542103278522,
19.1999999929743));
#4449=CARTESIAN_POINT('Ctrl Pts',(-23.2971192388257,-0.979914279884944,
20.6472069923776));
#4450=CARTESIAN_POINT('Ctrl Pts',(-21.6287530145669,-2.24230544852654,23.2336577133662));
#4451=CARTESIAN_POINT('Ctrl Pts',(-17.5276542838787,-5.33286512450853,25.9915893362232));
#4452=CARTESIAN_POINT('Ctrl Pts',(-14.1161919315512,-7.87762782787667,25.9711996794009));
#4453=CARTESIAN_POINT('Ctrl Pts',(-12.2352076567489,-9.25804815803131,25.244807364948));
#4454=CARTESIAN_POINT('',(-11.5975293681814,-7.54416567527926,23.5144695997347));
#4455=CARTESIAN_POINT('Origin',(-12.7012451684624,-8.98255611060939,23.514469599735));
#4456=CARTESIAN_POINT('Ctrl Pts',(-21.0698236375587,-0.27581864430756,19.1997628224462));
#4457=CARTESIAN_POINT('Ctrl Pts',(-20.6108166615459,-0.62802708467283,20.0961226583307));
#4458=CARTESIAN_POINT('Ctrl Pts',(-19.3020069784165,-1.63231207666624,21.9560334153387));
#4459=CARTESIAN_POINT('Ctrl Pts',(-16.0589816218501,-4.12077295545967,24.1507175730569));
#4460=CARTESIAN_POINT('Ctrl Pts',(-13.1785025711426,-6.33104226937554,24.1334231300764));
#4461=CARTESIAN_POINT('Ctrl Pts',(-11.5975293681814,-7.54416567527925,23.5144695997347));
#4462=CARTESIAN_POINT('Ctrl Pts',(-12.2352076567486,-9.25804815803154,25.2448073649479));
#4463=CARTESIAN_POINT('Ctrl Pts',(-9.81756869596462,-11.0967271949072,24.3009154088444));
#4464=CARTESIAN_POINT('Ctrl Pts',(-7.39611498230631,-12.947143721367,23.3510093346128));
#4465=CARTESIAN_POINT('Ctrl Pts',(-4.95407636458413,-14.7246270215375,22.4417758242045));
#4466=CARTESIAN_POINT('Ctrl Pts',(-11.9172220105635,-8.83436153798952,25.2266196183006));
#4467=CARTESIAN_POINT('Ctrl Pts',(-9.50208267062617,-10.6744467452314,24.2790604169561));
#4468=CARTESIAN_POINT('Ctrl Pts',(-7.0816181403784,-12.5249585414516,23.3276949007075));
#4469=CARTESIAN_POINT('Ctrl Pts',(-4.65403034317393,-14.3122684466726,22.3983131415351));
#4470=CARTESIAN_POINT('Ctrl Pts',(-11.4773644699717,-8.03414042889846,24.7817332753978));
#4471=CARTESIAN_POINT('Ctrl Pts',(-9.06682745586392,-9.87991240628543,23.8322360129981));
#4472=CARTESIAN_POINT('Ctrl Pts',(-6.65040321281845,-11.7320909146058,22.8786068105544));
#4473=CARTESIAN_POINT('Ctrl Pts',(-4.2459866912636,-13.5550598412021,21.9389793452236));
#4474=CARTESIAN_POINT('Ctrl Pts',(-11.503978344552,-7.61594990046311,23.8941181091875));
#4475=CARTESIAN_POINT('Ctrl Pts',(-9.09372834095466,-9.4654375408104,22.9485613709851));
#4476=CARTESIAN_POINT('Ctrl Pts',(-6.67926743809333,-11.3178894344116,21.9974973612386));
#4477=CARTESIAN_POINT('Ctrl Pts',(-4.27114680744158,-13.1658967383933,21.0792355516784));
#4478=CARTESIAN_POINT('Ctrl Pts',(-11.5975293681821,-7.54416567527869,23.514469599735));
#4479=CARTESIAN_POINT('Ctrl Pts',(-9.18657633869283,-9.39415500155545,22.5705776436314));
#4480=CARTESIAN_POINT('Ctrl Pts',(-6.77267857862847,-11.2464038990748,21.6206715693999));
#4481=CARTESIAN_POINT('Ctrl Pts',(-4.35832682728378,-13.0990011563558,20.7114380589915));
#4482=CARTESIAN_POINT('Ctrl Pts',(-11.5975293681814,-7.54416567527926,23.5144695997347));
#4483=CARTESIAN_POINT('Ctrl Pts',(-9.53577567196538,-9.12620492895116,22.707289739521));
#4484=CARTESIAN_POINT('Ctrl Pts',(-7.47205832367677,-10.7097509458534,21.8957825524489));
#4485=CARTESIAN_POINT('Ctrl Pts',(-5.40739586782736,-12.2940221692936,21.1089436977239));
#4486=CARTESIAN_POINT('',(-11.2911064455698,-9.97552407831513,24.87651871701));
#4487=CARTESIAN_POINT('Ctrl Pts',(-12.2352076567486,-9.25804815803154,25.2448073649479));
#4488=CARTESIAN_POINT('Ctrl Pts',(-11.920729352144,-9.49721731256946,25.1220290895725));
#4489=CARTESIAN_POINT('Ctrl Pts',(-11.6061865021989,-9.7365850645754,24.9991490557569));
#4490=CARTESIAN_POINT('Ctrl Pts',(-11.2915421977067,-9.97596506337759,24.8762700156091));
#4491=CARTESIAN_POINT('Ctrl Pts',(-11.2911064455792,-9.9755240783112,24.8765187170131));
#4492=CARTESIAN_POINT('Ctrl Pts',(-11.281655970433,-9.9809803126808,24.8731045066337));
#4493=CARTESIAN_POINT('Ctrl Pts',(-11.2722059047144,-9.9864363106661,24.8696887503791));
#4494=CARTESIAN_POINT('Ctrl Pts',(-9.02043946582641,-11.2864942702938,24.0553770944285));
#4495=CARTESIAN_POINT('Ctrl Pts',(-6.65691367374077,-12.6510765226072,23.1052865684331));
#4496=CARTESIAN_POINT('Ctrl Pts',(-4.46532826454676,-13.9163889485575,22.0927677835762));
#4497=CARTESIAN_POINT('Ctrl Pts',(-4.00974761105899,-13.0890016413837,22.4417758242045));
#4498=CARTESIAN_POINT('Ctrl Pts',(-6.77047287181812,-11.8627157880794,23.3511279999667));
#4499=CARTESIAN_POINT('Ctrl Pts',(-9.58337940569555,-10.6910301376467,24.3009262647252));
#4500=CARTESIAN_POINT('Ctrl Pts',(-12.3845094247275,-9.51664640583284,25.2448073649476));
#4501=CARTESIAN_POINT('Ctrl Pts',(-4.21683760165519,-13.5550284056618,22.3983131415351));
#4502=CARTESIAN_POINT('Ctrl Pts',(-6.97884770942759,-12.3461729071201,23.3278161956379));
#4503=CARTESIAN_POINT('Ctrl Pts',(-9.79134198959868,-11.17538930795,24.2790713150146));
#4504=CARTESIAN_POINT('Ctrl Pts',(-12.592439977835,-10.0038733634889,25.2266196183003));
#4505=CARTESIAN_POINT('Ctrl Pts',(-4.66857675532224,-14.2869989777102,21.9389694758322));
#4506=CARTESIAN_POINT('Ctrl Pts',(-7.44988536200061,-13.1160448491228,22.878719573275));
#4507=CARTESIAN_POINT('Ctrl Pts',(-10.261800631447,-11.9495875623023,23.8322353882202));
#4508=CARTESIAN_POINT('Ctrl Pts',(-13.0655223140037,-10.7849006554557,24.7817217302711));
#4509=CARTESIAN_POINT('Ctrl Pts',(-5.01818285533868,-14.4598011284365,21.0792355516784));
#4510=CARTESIAN_POINT('Ctrl Pts',(-7.82303045915779,-13.2981595512011,21.9976172048886));
#4511=CARTESIAN_POINT('Ctrl Pts',(-10.6341975747354,-12.1335392361704,22.9485722460129));
#4512=CARTESIAN_POINT('Ctrl Pts',(-13.4409935751937,-10.9709586949711,23.8941181091873));
#4513=CARTESIAN_POINT('Ctrl Pts',(-5.11970613870517,-14.4177488075695,20.7114380589915));
#4514=CARTESIAN_POINT('Ctrl Pts',(-7.93164524443135,-13.2530054934104,21.6207902347537));
#4515=CARTESIAN_POINT('Ctrl Pts',(-10.7423540724853,-12.0887717769487,22.5705884995122));
#4516=CARTESIAN_POINT('Ctrl Pts',(-13.5499360496094,-10.9258332445496,23.5144695997347));
#4517=CARTESIAN_POINT('',(-12.3845094247275,-9.51664640583284,25.2448073649476));
#4518=CARTESIAN_POINT('Ctrl Pts',(-11.2909423197957,-9.97492585246031,24.8762698614241));
#4519=CARTESIAN_POINT('Ctrl Pts',(-11.6555701060352,-9.8221276131407,24.9991477869823));
#4520=CARTESIAN_POINT('Ctrl Pts',(-12.0201393989164,-9.66940983622196,25.122027637297));
#4521=CARTESIAN_POINT('Ctrl Pts',(-12.3845094247275,-9.51664640583284,25.2448073649476));
#4522=CARTESIAN_POINT('',(-13.5499360496105,-10.9258332445491,23.514469599735));
#4523=CARTESIAN_POINT('Origin',(-12.8561112921925,-9.25079210528329,23.5144695997347));
#4524=CARTESIAN_POINT('Ctrl Pts',(-6.34137280229217,-13.9117179068126,21.1089440974055));
#4525=CARTESIAN_POINT('Ctrl Pts',(-8.74552570823896,-12.9158851671508,21.8957196872992));
#4526=CARTESIAN_POINT('Ctrl Pts',(-11.1489847592225,-11.920339831625,22.7072936867905));
#4527=CARTESIAN_POINT('Ctrl Pts',(-13.5499360496103,-10.9258332445492,23.514469599735));
#4528=CARTESIAN_POINT('Ctrl Pts',(-12.3845094247276,-9.51664640583284,25.2448073649476));
#4529=CARTESIAN_POINT('Ctrl Pts',(-14.5208175769223,-8.57772831757135,25.9713142649047));
#4530=CARTESIAN_POINT('Ctrl Pts',(-18.4310540919834,-6.89541182527505,25.9913515347607));
#4531=CARTESIAN_POINT('Ctrl Pts',(-23.1595693754125,-4.88841963709638,23.2318138092849));
#4532=CARTESIAN_POINT('Ctrl Pts',(-25.087337695201,-4.07463568076048,20.6432373457638));
#4533=CARTESIAN_POINT('Ctrl Pts',(-25.7808405815281,-3.78210831316612,19.1943013999058));
#4534=CARTESIAN_POINT('Ctrl Pts',(-12.592439977835,-10.0038733634889,25.2266196183003));
#4535=CARTESIAN_POINT('Ctrl Pts',(-14.7262007436968,-9.07693506574489,25.96634620071));
#4536=CARTESIAN_POINT('Ctrl Pts',(-18.64044650273,-7.40455352296268,26.006768301927));
#4537=CARTESIAN_POINT('Ctrl Pts',(-23.3897006750862,-5.39763455808257,23.2544723246145));
#4538=CARTESIAN_POINT('Ctrl Pts',(-25.3254486591404,-4.5831402863132,20.6624410745536));
#4539=CARTESIAN_POINT('Ctrl Pts',(-26.0228702736389,-4.28990021364809,19.2095190042767));
#4540=CARTESIAN_POINT('Ctrl Pts',(-13.0655207742991,-10.7848764051167,24.7816964317386));
#4541=CARTESIAN_POINT('Ctrl Pts',(-15.1258352689191,-9.91865540159255,25.5007724814129));
#4542=CARTESIAN_POINT('Ctrl Pts',(-18.9114916794276,-8.33527753002359,25.5519019663081));
#4543=CARTESIAN_POINT('Ctrl Pts',(-23.5015089644784,-6.42188594428654,22.9077573172409));
#4544=CARTESIAN_POINT('Ctrl Pts',(-25.3757829179665,-5.6416872706326,20.4094607135094));
#4545=CARTESIAN_POINT('Ctrl Pts',(-26.0498931966926,-5.36111901296739,19.009457477239));
#4546=CARTESIAN_POINT('Ctrl Pts',(-13.4409935751937,-10.9709586949711,23.8941181091872));
#4547=CARTESIAN_POINT('Ctrl Pts',(-15.3490984794721,-10.180719875324,24.5429865179259));
#4548=CARTESIAN_POINT('Ctrl Pts',(-18.8344065324579,-8.73689272065875,24.5701833927245));
#4549=CARTESIAN_POINT('Ctrl Pts',(-23.0443564691993,-6.99320057442524,22.131393209001));
#4550=CARTESIAN_POINT('Ctrl Pts',(-24.7604018011442,-6.28229065884699,19.8382715569725));
#4551=CARTESIAN_POINT('Ctrl Pts',(-25.3775807529923,-6.02666239747808,18.554308473436));
#4552=CARTESIAN_POINT('Ctrl Pts',(-13.5499360496094,-10.9258332445496,23.5144695997347));
#4553=CARTESIAN_POINT('Ctrl Pts',(-15.3910183385282,-10.1632319910345,24.1334231300764));
#4554=CARTESIAN_POINT('Ctrl Pts',(-18.7454146397451,-8.77379554949634,24.1504940469754));
#4555=CARTESIAN_POINT('Ctrl Pts',(-22.7912051929637,-7.09797423183225,21.7994831792257));
#4556=CARTESIAN_POINT('Ctrl Pts',(-24.4389158126155,-6.41547014630627,19.5941241650852));
#4557=CARTESIAN_POINT('Ctrl Pts',(-25.0315920825064,-6.16997559722077,18.3596912657132));
#4558=CARTESIAN_POINT('Ctrl Pts',(-13.5499360496105,-10.9258332445491,23.514469599735));
#4559=CARTESIAN_POINT('Ctrl Pts',(-15.3907279609128,-10.163352269381,24.1333255080137));
#4560=CARTESIAN_POINT('Ctrl Pts',(-18.7445519489696,-8.77415288771566,24.1504870124074));
#4561=CARTESIAN_POINT('Ctrl Pts',(-22.5213214095802,-7.20976375517422,21.956505884715));
#4562=CARTESIAN_POINT('Ctrl Pts',(-24.0458479821889,-6.57828417260152,20.0965611534539));
#4563=CARTESIAN_POINT('Ctrl Pts',(-24.5806522577575,-6.3567609884459,19.1997599653671));
#4564=CARTESIAN_POINT('Ctrl Pts',(-12.3845094247276,-9.51664640583284,25.2448073649476));
#4565=CARTESIAN_POINT('Ctrl Pts',(-14.5208175769223,-8.57772831757135,25.9713142649047));
#4566=CARTESIAN_POINT('Ctrl Pts',(-18.4310540919834,-6.89541182527505,25.9913515347607));
#4567=CARTESIAN_POINT('Ctrl Pts',(-23.1577979872634,-4.88917149300977,23.232847582495));
#4568=CARTESIAN_POINT('Ctrl Pts',(-25.0848097422211,-4.07570282805209,20.6466309589498));
#4569=CARTESIAN_POINT('Ctrl Pts',(-25.7781112993835,-3.78325955689508,19.199999979596));
#4570=CARTESIAN_POINT('Origin',(0.269424964681777,-16.649999999999,13.5566349703643));
#4571=CARTESIAN_POINT('Origin',(0.269424964682978,-16.6499999999998,25.2448073649476));
#4572=CARTESIAN_POINT('Origin',(0.269424964681749,-16.649999999999,23.785253849923));
#4573=CARTESIAN_POINT('Ctrl Pts',(2.15048194673561,12.3429007769063,19.1967002157848));
#4574=CARTESIAN_POINT('Ctrl Pts',(2.05704198029609,11.5958458340471,20.6452419635314));
#4575=CARTESIAN_POINT('Ctrl Pts',(1.79790563848178,9.51936514715189,23.2331476220067));
#4576=CARTESIAN_POINT('Ctrl Pts',(1.17180921607439,4.42128167107013,25.9918317180108));
#4577=CARTESIAN_POINT('Ctrl Pts',(0.673713669074861,0.194495767310574,25.971199679401));
#4578=CARTESIAN_POINT('Ctrl Pts',(0.418726732661626,-2.12469456386464,25.2448073649481));
#4579=CARTESIAN_POINT('Ctrl Pts',(2.71125536245507,12.2986032543733,19.2119230953032));
#4580=CARTESIAN_POINT('Ctrl Pts',(2.61647285143747,11.5477974722945,20.6644487889415));
#4581=CARTESIAN_POINT('Ctrl Pts',(2.35395564272869,9.4640288140953,23.2556728032136));
#4582=CARTESIAN_POINT('Ctrl Pts',(1.71743320841685,4.34809449517101,26.0070507188446));
#4583=CARTESIAN_POINT('Ctrl Pts',(1.20872954268351,0.122760725842217,25.9662295301827));
#4584=CARTESIAN_POINT('Ctrl Pts',(0.944642931954094,-2.18823490147868,25.2266196183007));
#4585=CARTESIAN_POINT('Ctrl Pts',(3.65264736804916,11.7865943725143,19.0118676320666));
#4586=CARTESIAN_POINT('Ctrl Pts',(3.55854639963116,11.0623199637295,20.4114882705719));
#4587=CARTESIAN_POINT('Ctrl Pts',(3.2970557234611,9.04889059751693,22.9092290303374));
#4588=CARTESIAN_POINT('Ctrl Pts',(2.65914135918838,4.11749237058631,25.5525965177493));
#4589=CARTESIAN_POINT('Ctrl Pts',(2.13762043124836,0.0479471012003352,25.5008042426488));
#4590=CARTESIAN_POINT('Ctrl Pts',(1.85767673828812,-2.16909836256733,24.7818416064764));
#4591=CARTESIAN_POINT('Ctrl Pts',(3.892703173643,10.8715303572656,18.5564343904359));
#4592=CARTESIAN_POINT('Ctrl Pts',(3.80547091132293,10.2090462161533,19.8400476499299));
#4593=CARTESIAN_POINT('Ctrl Pts',(3.56309894532445,8.36737461312397,22.1325986463745));
#4594=CARTESIAN_POINT('Ctrl Pts',(2.96825242021134,3.84996961670158,24.5706471617942));
#4595=CARTESIAN_POINT('Ctrl Pts',(2.4760832194759,0.110355186845381,24.5428841776543));
#4596=CARTESIAN_POINT('Ctrl Pts',(2.20644019532431,-1.93690859543458,23.8941181091877));
#4597=CARTESIAN_POINT('Ctrl Pts',(3.84382745882509,10.500282445425,18.3617349566362));
#4598=CARTESIAN_POINT('Ctrl Pts',(3.76007140231079,9.86409203469098,19.5958320156842));
#4599=CARTESIAN_POINT('Ctrl Pts',(3.52727152465683,8.09580140655907,21.8006195319473));
#4600=CARTESIAN_POINT('Ctrl Pts',(2.95572773445802,3.75449531155401,24.1509031430457));
#4601=CARTESIAN_POINT('Ctrl Pts',(2.4818997073632,0.155414126024111,24.1333255080137));
#4602=CARTESIAN_POINT('Ctrl Pts',(2.22183164610995,-1.81999891982873,23.5144695997351));
#4603=CARTESIAN_POINT('',(0.418726732661618,-2.12469456386529,25.2448073649481));
#4604=CARTESIAN_POINT('Ctrl Pts',(2.15026901079303,12.3411983444991,19.1999999930509));
#4605=CARTESIAN_POINT('Ctrl Pts',(2.05684517931301,11.5942688450015,20.6472070595283));
#4606=CARTESIAN_POINT('Ctrl Pts',(1.79776979439565,9.51825901642498,23.2337461734543));
#4607=CARTESIAN_POINT('Ctrl Pts',(1.17180921607439,4.42128167107013,25.9918317180108));
#4608=CARTESIAN_POINT('Ctrl Pts',(0.673713669074861,0.194495767310574,25.971199679401));
#4609=CARTESIAN_POINT('Ctrl Pts',(0.418726732661626,-2.12469456386464,25.2448073649481));
#4610=CARTESIAN_POINT('',(2.22183164610982,-1.81999891982984,23.5144695997347));
#4611=CARTESIAN_POINT('Origin',(0.424291088412836,-1.58334821589326,23.5144695997351));
#4612=CARTESIAN_POINT('Ctrl Pts',(3.780257782335,10.0174228137808,19.1997633087243));
#4613=CARTESIAN_POINT('Ctrl Pts',(3.70473990320083,9.44380757276312,20.0961256412994));
#4614=CARTESIAN_POINT('Ctrl Pts',(3.48940891077854,7.80820630147437,21.9560492958088));
#4615=CARTESIAN_POINT('Ctrl Pts',(2.95585036088784,3.75542675176253,24.1507569572801));
#4616=CARTESIAN_POINT('Ctrl Pts',(2.48194073206731,0.155725739588922,24.1334231300764));
#4617=CARTESIAN_POINT('Ctrl Pts',(2.22183164610982,-1.81999891982984,23.5144695997347));
#4618=CARTESIAN_POINT('Ctrl Pts',(0.418726732661598,-2.12469456386503,25.2448073649479));
#4619=CARTESIAN_POINT('Ctrl Pts',(0.0352034577133733,-5.13777083952074,
24.3009154088444));
#4620=CARTESIAN_POINT('Ctrl Pts',(-0.356577404954272,-8.16001953286693,
23.3510093346128));
#4621=CARTESIAN_POINT('Ctrl Pts',(-0.674903788843395,-11.1636286629222,
22.4417758242045));
#4622=CARTESIAN_POINT('Ctrl Pts',(0.944642931954063,-2.18823490147907,25.2266196183006));
#4623=CARTESIAN_POINT('Ctrl Pts',(0.55865206732335,-5.19984952716492,24.2790604169561));
#4624=CARTESIAN_POINT('Ctrl Pts',(0.166294106917774,-8.22128919742875,23.3276949007076));
#4625=CARTESIAN_POINT('Ctrl Pts',(-0.167767776837001,-11.2172968523355,
22.3983131415351));
#4626=CARTESIAN_POINT('Ctrl Pts',(1.857681338606,-2.16910064288855,24.7818469521146));
#4627=CARTESIAN_POINT('Ctrl Pts',(1.46446442364935,-5.17957292256206,23.8323496897149));
#4628=CARTESIAN_POINT('Ctrl Pts',(1.06863396192294,-8.19833945202505,22.8787039874899));
#4629=CARTESIAN_POINT('Ctrl Pts',(0.692104821958324,-11.1921097042687,21.9390765221591));
#4630=CARTESIAN_POINT('Ctrl Pts',(2.20644019532428,-1.93690859543482,23.8941181091876));
#4631=CARTESIAN_POINT('Ctrl Pts',(1.80986191659688,-4.94899014819532,22.9485613709851));
#4632=CARTESIAN_POINT('Ctrl Pts',(1.4128219688803,-7.96620057331815,21.9974973612386));
#4633=CARTESIAN_POINT('Ctrl Pts',(1.01646101257884,-10.9756978668308,21.0792355516784));
#4634=CARTESIAN_POINT('Ctrl Pts',(2.22183164610993,-1.81999891982892,23.514469599735));
#4635=CARTESIAN_POINT('Ctrl Pts',(1.82517040756884,-4.83294015383606,22.5705776436315));
#4636=CARTESIAN_POINT('Ctrl Pts',(1.42802468821755,-7.84956138494983,21.6206715693999));
#4637=CARTESIAN_POINT('Ctrl Pts',(1.03080427610313,-10.8667499639263,20.7114380589915));
#4638=CARTESIAN_POINT('Ctrl Pts',(2.22183164610982,-1.81999891982984,23.5144695997347));
#4639=CARTESIAN_POINT('Ctrl Pts',(1.88262231075376,-4.39654962393533,22.707289739521));
#4640=CARTESIAN_POINT('Ctrl Pts',(1.54308990619908,-6.97555428223509,21.895782552449));
#4641=CARTESIAN_POINT('Ctrl Pts',(1.20340200813993,-9.55574003096079,21.1089436977239));
#4642=CARTESIAN_POINT('',(0.269424964681757,-3.30104815663127,24.87651871701));
#4643=CARTESIAN_POINT('Ctrl Pts',(0.418726732661598,-2.12469456386503,25.2448073649479));
#4644=CARTESIAN_POINT('Ctrl Pts',(0.368839321332407,-2.51662534186059,25.1220290895726));
#4645=CARTESIAN_POINT('Ctrl Pts',(0.318812192221042,-2.90871131649474,24.999149055757));
#4646=CARTESIAN_POINT('Ctrl Pts',(0.268825184346542,-3.30089127674208,24.8762700156091));
#4647=CARTESIAN_POINT('Ctrl Pts',(0.269424964680485,-3.30104815662121,24.8765187170132));
#4648=CARTESIAN_POINT('Ctrl Pts',(0.269424964680485,-3.31196062536041,24.8731045066337));
#4649=CARTESIAN_POINT('Ctrl Pts',(0.269424964681506,-3.32287262133278,24.8696887503791));
#4650=CARTESIAN_POINT('Ctrl Pts',(0.26942496469575,-5.9229885406129,24.0553770944285));
#4651=CARTESIAN_POINT('Ctrl Pts',(0.269424964681759,-8.6521530452155,23.1052865684331));
#4652=CARTESIAN_POINT('Ctrl Pts',(0.26942496468176,-11.1827778971159,22.0927677835762));
#4653=CARTESIAN_POINT('Ctrl Pts',(1.21375371820691,-11.1636286629222,22.4417758242045));
#4654=CARTESIAN_POINT('Ctrl Pts',(0.895385789090348,-8.15962752758319,23.3511279999667));
#4655=CARTESIAN_POINT('Ctrl Pts',(0.503642060676052,-5.13773618555778,24.3009262647252));
#4656=CARTESIAN_POINT('Ctrl Pts',(0.120123196702027,-2.12469456386595,25.2448073649477));
#4657=CARTESIAN_POINT('Ctrl Pts',(0.706617706200513,-11.2172968523354,22.3983131415352));
#4658=CARTESIAN_POINT('Ctrl Pts',(0.372512223555918,-8.22089818422431,23.3278161956379));
#4659=CARTESIAN_POINT('Ctrl Pts',(-0.0198065773141427,-5.19981489001266,
24.2790713150146));
#4660=CARTESIAN_POINT('Ctrl Pts',(-0.405793002590438,-2.18823490147999,
25.2266196183003));
#4661=CARTESIAN_POINT('Ctrl Pts',(-0.153250057540073,-11.1921074747379,
21.9390712360226));
#4662=CARTESIAN_POINT('Ctrl Pts',(-0.529828338856299,-8.19794650129639,
22.8788213334654));
#4663=CARTESIAN_POINT('Ctrl Pts',(-0.925613695237269,-5.17953566074072,
23.8323544263879));
#4664=CARTESIAN_POINT('Ctrl Pts',(-1.31882608773132,-2.16909800508203,24.7818407684388));
#4665=CARTESIAN_POINT('Ctrl Pts',(-0.477611083215325,-10.9756978668308,
21.0792355516784));
#4666=CARTESIAN_POINT('Ctrl Pts',(-0.874023769146838,-7.96580779956187,
21.9976172048886));
#4667=CARTESIAN_POINT('Ctrl Pts',(-1.27101654835553,-4.94895550567285,22.9485722460129));
#4668=CARTESIAN_POINT('Ctrl Pts',(-1.66759026596065,-1.93690859543574,23.8941181091873));
#4669=CARTESIAN_POINT('Ctrl Pts',(-0.491954346739611,-10.8667499639263,
20.7114380589915));
#4670=CARTESIAN_POINT('Ctrl Pts',(-0.889226600652882,-7.84916760739298,
21.6207902347537));
#4671=CARTESIAN_POINT('Ctrl Pts',(-1.28632504028162,-4.83290550142624,22.5705884995123));
#4672=CARTESIAN_POINT('Ctrl Pts',(-1.68298171674629,-1.81999891982984,23.5144695997347));
#4673=CARTESIAN_POINT('',(0.120123196702029,-2.12469456386595,25.2448073649477));
#4674=CARTESIAN_POINT('Ctrl Pts',(0.270025106356295,-3.30089118079357,24.8762698614242));
#4675=CARTESIAN_POINT('Ctrl Pts',(0.220038370140866,-2.90871513532473,24.9991477869824));
#4676=CARTESIAN_POINT('Ctrl Pts',(0.170011198121386,-2.51662997779054,25.1220276372971));
#4677=CARTESIAN_POINT('Ctrl Pts',(0.120123196702027,-2.12469456386595,25.2448073649477));
#4678=CARTESIAN_POINT('Origin',(0.114558840950829,-1.58334821589438,23.5144695997347));
#4679=CARTESIAN_POINT('Ctrl Pts',(0.120123196702027,-2.12469456386594,25.2448073649477));
#4680=CARTESIAN_POINT('Ctrl Pts',(-0.134903962888167,0.194861610377215,
25.9713142649048));
#4681=CARTESIAN_POINT('Ctrl Pts',(-0.633089405230475,4.42237062550652,25.9917695539496));
#4682=CARTESIAN_POINT('Ctrl Pts',(-1.25925212785593,9.5209509331611,23.2319698824799));
#4683=CARTESIAN_POINT('Ctrl Pts',(-1.51837140295466,11.5972827808114,20.6432373457639));
#4684=CARTESIAN_POINT('Ctrl Pts',(-1.61178671447929,12.3441375817657,19.1943013999059));
#4685=CARTESIAN_POINT('Ctrl Pts',(-0.405793002590437,-2.18823490147998,
25.2266196183003));
#4686=CARTESIAN_POINT('Ctrl Pts',(-0.669921271934315,0.123125276226854,
25.96634620071));
#4687=CARTESIAN_POINT('Ctrl Pts',(-1.17871601834093,4.34918712996436,26.0069839331451));
#4688=CARTESIAN_POINT('Ctrl Pts',(-1.81530479306632,9.46561935306863,23.2544890952207));
#4689=CARTESIAN_POINT('Ctrl Pts',(-2.07780479127438,11.5492406217261,20.6624410745537));
#4690=CARTESIAN_POINT('Ctrl Pts',(-2.17256224618808,12.2998454933628,19.2095190042767));
#4691=CARTESIAN_POINT('Ctrl Pts',(-1.31883214920451,-2.16910100967958,24.7818478119614));
#4692=CARTESIAN_POINT('Ctrl Pts',(-1.59882000217098,0.0482941842087012,
25.5009238616358));
#4693=CARTESIAN_POINT('Ctrl Pts',(-2.12043306364966,4.11854349483395,25.552555136585));
#4694=CARTESIAN_POINT('Ctrl Pts',(-2.75841184592137,9.05042995978013,22.9081047449882));
#4695=CARTESIAN_POINT('Ctrl Pts',(-3.01988493119797,11.0637195980276,20.4095565480151));
#4696=CARTESIAN_POINT('Ctrl Pts',(-3.11396083192738,11.7878003531892,19.0095533117448));
#4697=CARTESIAN_POINT('Ctrl Pts',(-1.66759026596064,-1.93690859543574,23.8941181091873));
#4698=CARTESIAN_POINT('Ctrl Pts',(-1.93727582522886,0.110678134578584,24.542986517926));
#4699=CARTESIAN_POINT('Ctrl Pts',(-2.42952899598002,3.85093288958241,24.5705963368167));
#4700=CARTESIAN_POINT('Ctrl Pts',(-3.02443386785002,8.36878059523042,22.1315577208929));
#4701=CARTESIAN_POINT('Ctrl Pts',(-3.26678874974035,10.210320502106,19.8382715569725));
#4702=CARTESIAN_POINT('Ctrl Pts',(-3.35399765739367,10.8726272837719,18.5543084734361));
#4703=CARTESIAN_POINT('Ctrl Pts',(-1.68298171674629,-1.81999891982984,23.5144695997347));
#4704=CARTESIAN_POINT('Ctrl Pts',(-1.94309080270378,0.155725739588927,24.1334231300764));
#4705=CARTESIAN_POINT('Ctrl Pts',(-2.41699986174095,3.75542242382823,24.1508501818624));
#4706=CARTESIAN_POINT('Ctrl Pts',(-2.98859937615189,8.09715178624688,21.7996161470683));
#4707=CARTESIAN_POINT('Ctrl Pts',(-3.22138257487874,9.86531572534975,19.5941241650852));
#4708=CARTESIAN_POINT('Ctrl Pts',(-3.30511619382553,10.5013357058382,18.3596912657133));
#4709=CARTESIAN_POINT('Ctrl Pts',(0.120123196702027,-2.12469456386594,25.2448073649477));
#4710=CARTESIAN_POINT('Ctrl Pts',(-0.134903962888167,0.194861610377215,
25.9713142649048));
#4711=CARTESIAN_POINT('Ctrl Pts',(-0.633089405230475,4.42237062550652,25.9917695539496));
#4712=CARTESIAN_POINT('Ctrl Pts',(-1.25901755586879,9.51904091189803,23.2330037538198));
#4713=CARTESIAN_POINT('Ctrl Pts',(-1.51803161270149,11.5945600096629,20.6466311635847));
#4714=CARTESIAN_POINT('Ctrl Pts',(-1.61141907974108,12.3411983323754,19.1999999799983));
#4715=CARTESIAN_POINT('Origin',(0.269424964681777,-16.649999999999,13.5566349703643));
#4716=CARTESIAN_POINT('Origin',(0.269424964681715,-16.6500000000004,25.2448073649476));
#4717=CARTESIAN_POINT('Origin',(0.269424964681748,-16.649999999999,23.785253849923));
#4718=CARTESIAN_POINT('Ctrl Pts',(9.59030137819972,10.8681382675716,19.1967002157848));
#4719=CARTESIAN_POINT('Ctrl Pts',(9.30669325445826,10.1707226474953,20.6452419635314));
#4720=CARTESIAN_POINT('Ctrl Pts',(8.51895034687102,8.23205685028994,23.2331237030387));
#4721=CARTESIAN_POINT('Ctrl Pts',(6.59471160290922,3.46974331550937,25.9917639612362));
#4722=CARTESIAN_POINT('Ctrl Pts',(5.01961417526053,-0.484104123954547,25.971199679401));
#4723=CARTESIAN_POINT('Ctrl Pts',(4.17306508108689,-2.65827448552049,25.2448073649481));
#4724=CARTESIAN_POINT('Ctrl Pts',(10.1205018606571,10.680211306541,19.2119230953032));
#4725=CARTESIAN_POINT('Ctrl Pts',(9.83462614980958,9.9795201300979,20.6644487889415));
#4726=CARTESIAN_POINT('Ctrl Pts',(9.04173338704939,8.03469354715553,23.2556711642203));
#4727=CARTESIAN_POINT('Ctrl Pts',(7.10279939369869,3.2578242195428,26.0070152687245));
#4728=CARTESIAN_POINT('Ctrl Pts',(5.51783343012051,-0.69186715068084,25.9662295301827));
#4729=CARTESIAN_POINT('Ctrl Pts',(4.66461567094052,-2.85576686713785,25.2266196183007));
#4730=CARTESIAN_POINT('Ctrl Pts',(10.8972187838212,9.94195894773032,19.0118326466245));
#4731=CARTESIAN_POINT('Ctrl Pts',(10.6188682172736,9.266718713754,20.4114532851298));
#4732=CARTESIAN_POINT('Ctrl Pts',(9.8451833456097,7.38959154058688,22.9091442746256));
#4733=CARTESIAN_POINT('Ctrl Pts',(7.95267521928,2.79135409191874,25.5524571784835));
#4734=CARTESIAN_POINT('Ctrl Pts',(6.39567011868519,-1.00451115063168,25.5007490024415));
#4735=CARTESIAN_POINT('Ctrl Pts',(5.55145168586694,-3.07355786284746,24.7817863662691));
#4736=CARTESIAN_POINT('Ctrl Pts',(10.8923391693751,8.99598354489737,18.5564343904359));
#4737=CARTESIAN_POINT('Ctrl Pts',(10.6366157615163,8.37865037432584,19.8400476499299));
#4738=CARTESIAN_POINT('Ctrl Pts',(9.92584002850603,6.6624539218858,22.1325732830985));
#4739=CARTESIAN_POINT('Ctrl Pts',(8.18207739554418,2.45294598877054,24.5705803082978));
#4740=CARTESIAN_POINT('Ctrl Pts',(6.73879228781955,-1.03186524962149,24.5428841776543));
#4741=CARTESIAN_POINT('Ctrl Pts',(5.94846626971016,-2.93958146012248,23.8941181091877));
#4742=CARTESIAN_POINT('Ctrl Pts',(10.7490428241153,8.65003556473256,18.3617349566363));
#4743=CARTESIAN_POINT('Ctrl Pts',(10.5034824914104,8.05720047913566,19.5958320156842));
#4744=CARTESIAN_POINT('Ctrl Pts',(9.82094469072537,6.40940846388956,21.8005991539857));
#4745=CARTESIAN_POINT('Ctrl Pts',(8.14526721506936,2.36396517599775,24.1508454171042));
#4746=CARTESIAN_POINT('Ctrl Pts',(6.75607269529976,-0.989847074404406,24.1333255080137));
#4747=CARTESIAN_POINT('Ctrl Pts',(5.99359172013162,-2.83063898570679,23.5144695997351));
#4748=CARTESIAN_POINT('',(4.17306508108671,-2.65827448552112,25.2448073649481));
#4749=CARTESIAN_POINT('Ctrl Pts',(9.58965507594029,10.8665489560116,19.1999999930302));
#4750=CARTESIAN_POINT('Ctrl Pts',(9.30609500171814,10.1692503221387,20.6472070413643));
#4751=CARTESIAN_POINT('Ctrl Pts',(8.51853284495867,8.23102357153789,23.2337222449747));
#4752=CARTESIAN_POINT('Ctrl Pts',(6.59471160290922,3.46974331550937,25.9917639612362));
#4753=CARTESIAN_POINT('Ctrl Pts',(5.01961417526053,-0.484104123954547,25.971199679401));
#4754=CARTESIAN_POINT('Ctrl Pts',(4.17306508108689,-2.65827448552049,25.2448073649481));
#4755=CARTESIAN_POINT('Origin',(4.31855058086533,-2.13681422828981,23.5144695997351));
#4756=CARTESIAN_POINT('Ctrl Pts',(4.17306508108676,-2.65827448552087,25.244807364948));
#4757=CARTESIAN_POINT('Ctrl Pts',(3.02276852034504,-5.4694195489589,24.3009154088444));
#4758=CARTESIAN_POINT('Ctrl Pts',(1.86212174597435,-8.28728726656528,23.3510093346129));
#4759=CARTESIAN_POINT('Ctrl Pts',(0.777250823684512,-11.1061619666542,22.4417758242045));
#4760=CARTESIAN_POINT('Ctrl Pts',(4.66461567094039,-2.85576686713822,25.2266196183006));
#4761=CARTESIAN_POINT('Ctrl Pts',(3.51231390444513,-5.66486142591605,24.2790604169561));
#4762=CARTESIAN_POINT('Ctrl Pts',(2.35131908704673,-8.48179832334765,23.3276949007076));
#4763=CARTESIAN_POINT('Ctrl Pts',(1.25321624558641,-11.2892579152232,22.3983131415351));
#4764=CARTESIAN_POINT('Ctrl Pts',(5.5514876917245,-3.07358956949712,24.7818363157997));
#4765=CARTESIAN_POINT('Ctrl Pts',(4.39250175750144,-5.87971046731385,23.8323390534));
#4766=CARTESIAN_POINT('Ctrl Pts',(3.2288452476109,-8.69316745442856,22.8786948949992));
#4767=CARTESIAN_POINT('Ctrl Pts',(2.09030126902662,-11.4874745465877,21.9390674296683));
#4768=CARTESIAN_POINT('Ctrl Pts',(5.94846626971006,-2.9395814601227,23.8941181091876));
#4769=CARTESIAN_POINT('Ctrl Pts',(4.7858169968856,-5.74638681141434,22.9485613709851));
#4770=CARTESIAN_POINT('Ctrl Pts',(3.62139433621404,-8.5580267842535,21.9974973612386));
#4771=CARTESIAN_POINT('Ctrl Pts',(2.45962383624426,-11.3623921799786,21.0792355516784));
#4772=CARTESIAN_POINT('Ctrl Pts',(5.99359172013154,-2.83063898570697,23.514469599735));
#4773=CARTESIAN_POINT('Ctrl Pts',(4.83063981240115,-5.63825325373736,22.5705776436315));
#4774=CARTESIAN_POINT('Ctrl Pts',(3.66626747880674,-8.44929673315298,21.6206715693999));
#4775=CARTESIAN_POINT('Ctrl Pts',(2.50167615711131,-11.2608688966121,20.7114380589915));
#4776=CARTESIAN_POINT('',(3.72438793390174,-3.75590266060105,24.87651871701));
#4777=CARTESIAN_POINT('Ctrl Pts',(4.17306508108676,-2.65827448552087,25.244807364948));
#4778=CARTESIAN_POINT('Ctrl Pts',(4.02343839237009,-3.02393873394149,25.1220290895726));
#4779=CARTESIAN_POINT('Ctrl Pts',(3.87363657879342,-3.38971672918052,24.999149055757));
#4780=CARTESIAN_POINT('Ctrl Pts',(3.72384919408896,-3.75559589169084,24.8762700156092));
#4781=CARTESIAN_POINT('Ctrl Pts',(3.72438793390311,-3.755902660591,24.8765187170132));
#4782=CARTESIAN_POINT('Ctrl Pts',(3.72156357916432,-3.76644329597476,24.8731045066337));
#4783=CARTESIAN_POINT('Ctrl Pts',(3.71873934678758,-3.77698347470111,24.8696887503791));
#4784=CARTESIAN_POINT('Ctrl Pts',(3.04577982741739,-6.2885025924828,24.0553770944285));
#4785=CARTESIAN_POINT('Ctrl Pts',(2.33942007639494,-8.92467307166624,23.1052865684332));
#4786=CARTESIAN_POINT('Ctrl Pts',(1.68444616871336,-11.3690689727658,22.0927677835762));
#4787=CARTESIAN_POINT('Ctrl Pts',(2.60155388675913,-11.5949824991547,22.4417758242045));
#4788=CARTESIAN_POINT('Ctrl Pts',(3.07152678709861,-8.61094053692383,23.3511279999667));
#4789=CARTESIAN_POINT('Ctrl Pts',(3.47525443408306,-5.59062690770905,24.3009262647252));
#4790=CARTESIAN_POINT('Ctrl Pts',(3.88463621388194,-2.58099020348046,25.2448073649477));
#4791=CARTESIAN_POINT('Ctrl Pts',(2.09780776578459,-11.5155655309945,22.3983131415352));
#4792=CARTESIAN_POINT('Ctrl Pts',(2.5506116934204,-8.53479380962619,23.3278161956379));
#4793=CARTESIAN_POINT('Ctrl Pts',(2.95357472490428,-5.51511185495976,24.2790713150146));
#4794=CARTESIAN_POINT('Ctrl Pts',(3.3601947250148,-2.50624832808816,25.2266196183003));
#4795=CARTESIAN_POINT('Ctrl Pts',(1.27377562257028,-11.2686814107744,21.9390542651788));
#4796=CARTESIAN_POINT('Ctrl Pts',(1.68497481905675,-8.27907836728381,22.8788043626216));
#4797=CARTESIAN_POINT('Ctrl Pts',(2.0838995809135,-5.26107973215785,23.8323345740454));
#4798=CARTESIAN_POINT('Ctrl Pts',(2.48324417516483,-2.25144939617623,24.7818209160963));
#4799=CARTESIAN_POINT('Ctrl Pts',(1.01646101257885,-10.9756978668308,21.0792355516784));
#4800=CARTESIAN_POINT('Ctrl Pts',(1.4125726344431,-7.96576816372547,21.9976172048886));
#4801=CARTESIAN_POINT('Ctrl Pts',(1.80992588607484,-4.94896332693127,22.9485722460129));
#4802=CARTESIAN_POINT('Ctrl Pts',(2.20644019532417,-1.93690859543574,23.8941181091873));
#4803=CARTESIAN_POINT('Ctrl Pts',(1.03080427610314,-10.8667499639263,20.7114380589915));
#4804=CARTESIAN_POINT('Ctrl Pts',(1.42807653001641,-7.84916760739298,21.6207902347538));
#4805=CARTESIAN_POINT('Ctrl Pts',(1.82517496964515,-4.83290550142624,22.5705884995123));
#4806=CARTESIAN_POINT('Ctrl Pts',(2.22183164610982,-1.81999891982984,23.5144695997347));
#4807=CARTESIAN_POINT('',(3.88463621388194,-2.58099020348046,25.2448073649477));
#4808=CARTESIAN_POINT('Ctrl Pts',(3.72500825458102,-3.75590636168046,24.8762698614242));
#4809=CARTESIAN_POINT('Ctrl Pts',(3.77822740469897,-3.36415587157511,24.9991477869824));
#4810=CARTESIAN_POINT('Ctrl Pts',(3.83138397330102,-2.97248270691696,25.1220276372971));
#4811=CARTESIAN_POINT('Ctrl Pts',(3.88463621388194,-2.58099020348046,25.2448073649477));
#4812=CARTESIAN_POINT('Origin',(4.01937220380693,-2.05664962376531,23.5144695997347));
#4813=CARTESIAN_POINT('Ctrl Pts',(3.88463621388194,-2.58099020348045,25.2448073649477));
#4814=CARTESIAN_POINT('Ctrl Pts',(4.2386442081079,-0.274465103330378,25.9713142649048));
#4815=CARTESIAN_POINT('Ctrl Pts',(4.85159386169766,3.93793936535379,25.9916601300607));
#4816=CARTESIAN_POINT('Ctrl Pts',(5.56637476694217,9.02483274189413,23.2319312522708));
#4817=CARTESIAN_POINT('Ctrl Pts',(5.85348103710619,11.0974957091857,20.6432373457639));
#4818=CARTESIAN_POINT('Ctrl Pts',(5.95654902154693,11.8430797116421,19.1943013999059));
#4819=CARTESIAN_POINT('Ctrl Pts',(3.3601947250148,-2.50624832808816,25.2266196183003));
#4820=CARTESIAN_POINT('Ctrl Pts',(3.70329044228459,-0.205284412128868,25.96634620071));
#4821=CARTESIAN_POINT('Ctrl Pts',(4.30561460900795,4.00845531599678,26.0069266671469));
#4822=CARTESIAN_POINT('Ctrl Pts',(5.01494845112335,9.11531058431566,23.2544864330647));
#4823=CARTESIAN_POINT('Ctrl Pts',(5.30067565350067,11.1958825623379,20.6624410745537));
#4824=CARTESIAN_POINT('Ctrl Pts',(5.40341781669241,11.9454362271873,19.2095190042767));
#4825=CARTESIAN_POINT('Ctrl Pts',(2.48325284146477,-2.25144765392986,24.7818117128489));
#4826=CARTESIAN_POINT('Ctrl Pts',(2.78670944993432,-0.0371421803188343,
25.5008877625232));
#4827=CARTESIAN_POINT('Ctrl Pts',(3.33633005032314,4.02940069205436,25.5523869284719));
#4828=CARTESIAN_POINT('Ctrl Pts',(3.99655169698057,8.95832522314836,22.9080187950174));
#4829=CARTESIAN_POINT('Ctrl Pts',(4.26506652878756,10.9706849144295,20.4095336946956));
#4830=CARTESIAN_POINT('Ctrl Pts',(4.36160207626965,11.6944418509529,19.0095304584253));
#4831=CARTESIAN_POINT('Ctrl Pts',(2.20644019532417,-1.93690859543574,23.8941181091873));
#4832=CARTESIAN_POINT('Ctrl Pts',(2.47589839087669,0.110708067579615,24.542986517926));
#4833=CARTESIAN_POINT('Ctrl Pts',(2.96846678844888,3.8509287994065,24.570488374484));
#4834=CARTESIAN_POINT('Ctrl Pts',(3.56313525771924,8.36878526643302,22.1315167606227));
#4835=CARTESIAN_POINT('Ctrl Pts',(3.80566731414634,10.2103167322311,19.8382715569726));
#4836=CARTESIAN_POINT('Ctrl Pts',(3.89284758675724,10.8726272837719,18.5543084734361));
#4837=CARTESIAN_POINT('Ctrl Pts',(2.22183164610982,-1.81999891982984,23.5144695997347));
#4838=CARTESIAN_POINT('Ctrl Pts',(2.48194073206731,0.155725739588922,24.1334231300764));
#4839=CARTESIAN_POINT('Ctrl Pts',(2.95585036088784,3.75542675176253,24.1507569572801));
#4840=CARTESIAN_POINT('Ctrl Pts',(3.52744760066009,8.09713883658487,21.7995832357438));
#4841=CARTESIAN_POINT('Ctrl Pts',(3.76023250424231,9.86531572534975,19.5941241650852));
#4842=CARTESIAN_POINT('Ctrl Pts',(3.8439661231891,10.5013357058382,18.3596912657133));
#4843=CARTESIAN_POINT('Ctrl Pts',(3.88463621388194,-2.58099020348045,25.2448073649477));
#4844=CARTESIAN_POINT('Ctrl Pts',(4.2386442081079,-0.274465103330378,25.9713142649048));
#4845=CARTESIAN_POINT('Ctrl Pts',(4.85159386169766,3.93793936535379,25.9916601300607));
#4846=CARTESIAN_POINT('Ctrl Pts',(5.56610699696601,9.02292709876881,23.2329650970901));
#4847=CARTESIAN_POINT('Ctrl Pts',(5.85310454157999,11.094777749834,20.6466311129334));
#4848=CARTESIAN_POINT('Ctrl Pts',(5.95614339570945,11.8401454638346,19.1999999798988));
#4849=CARTESIAN_POINT('Origin',(0.269424964681777,-16.649999999999,13.5566349703643));
#4850=CARTESIAN_POINT('Origin',(0.269424964681342,-16.6500000000004,25.2448073649476));
#4851=CARTESIAN_POINT('Origin',(0.26942496468175,-16.649999999999,23.785253849923));
#4852=CARTESIAN_POINT('Ctrl Pts',(27.7875632322524,-25.970876413517,19.1967002157848));
#4853=CARTESIAN_POINT('Ctrl Pts',(27.090147612176,-25.6872682897755,20.6452419635315));
#4854=CARTESIAN_POINT('Ctrl Pts',(25.1513939053332,-24.8994894105118,23.232823829435));
#4855=CARTESIAN_POINT('Ctrl Pts',(20.3891821861622,-22.9752965702101,25.9910199444475));
#4856=CARTESIAN_POINT('Ctrl Pts',(16.4353208407262,-21.4001892105778,25.971199679401));
#4857=CARTESIAN_POINT('Ctrl Pts',(14.2611504791603,-20.5536401164041,25.2448073649481));
#4858=CARTESIAN_POINT('Ctrl Pts',(27.5996362712217,-26.5010768959743,19.2119230953033));
#4859=CARTESIAN_POINT('Ctrl Pts',(26.8989450947787,-26.2152011851268,20.6644487889416));
#4860=CARTESIAN_POINT('Ctrl Pts',(24.9540625456831,-25.4222915075794,23.2556242558812));
#4861=CARTESIAN_POINT('Ctrl Pts',(20.1771854106202,-23.4833629674546,26.0066397410778));
#4862=CARTESIAN_POINT('Ctrl Pts',(16.2275578139999,-21.8984084654378,25.9662295301827));
#4863=CARTESIAN_POINT('Ctrl Pts',(14.0636580975429,-21.0451907062578,25.2266196183007));
#4864=CARTESIAN_POINT('Ctrl Pts',(26.8612517662853,-27.2775257716581,19.0117158302954));
#4865=CARTESIAN_POINT('Ctrl Pts',(26.1860115323089,-26.9991752051105,20.4113364688006));
#4866=CARTESIAN_POINT('Ctrl Pts',(24.3088848020718,-26.2254967492605,22.9085895870377));
#4867=CARTESIAN_POINT('Ctrl Pts',(19.7108143898025,-24.3330581299313,25.5513928291395));
#4868=CARTESIAN_POINT('Ctrl Pts',(15.9150308961281,-22.7761121963811,25.5005645554874));
#4869=CARTESIAN_POINT('Ctrl Pts',(13.8459841839123,-21.9318937635629,24.781601919315));
#4870=CARTESIAN_POINT('Ctrl Pts',(25.9154085095781,-27.2729142046923,18.556434390436));
#4871=CARTESIAN_POINT('Ctrl Pts',(25.2980753390066,-27.0171907968335,19.8400476499299));
#4872=CARTESIAN_POINT('Ctrl Pts',(23.5817934986633,-26.3063900354982,22.1322595757908));
#4873=CARTESIAN_POINT('Ctrl Pts',(19.3724003586298,-24.5626777726987,24.5698439826071));
#4874=CARTESIAN_POINT('Ctrl Pts',(15.8875597150593,-23.1193673231368,24.5428841776543));
#4875=CARTESIAN_POINT('Ctrl Pts',(13.9798435045583,-22.3290413050274,23.8941181091877));
#4876=CARTESIAN_POINT('Ctrl Pts',(25.5694605294133,-27.1296178594325,18.3617349566363));
#4877=CARTESIAN_POINT('Ctrl Pts',(24.9766254438164,-26.8840575267276,19.5958320156842));
#4878=CARTESIAN_POINT('Ctrl Pts',(23.32876000995,-26.2014893150543,21.800343674202));
#4879=CARTESIAN_POINT('Ctrl Pts',(19.2834070376491,-24.525849249341,24.1502115458801));
#4880=CARTESIAN_POINT('Ctrl Pts',(15.9295778902764,-23.136647730617,24.1333255080138));
#4881=CARTESIAN_POINT('Ctrl Pts',(14.088785978974,-22.3741667554489,23.5144695997351));
#4882=CARTESIAN_POINT('',(14.2611504791596,-20.553640116404,25.2448073649481));
#4883=CARTESIAN_POINT('Ctrl Pts',(27.7859739206164,-25.9702301112264,19.1999999927709));
#4884=CARTESIAN_POINT('Ctrl Pts',(27.0886752200824,-25.6866700097276,20.6472068136485));
#4885=CARTESIAN_POINT('Ctrl Pts',(25.1503606486721,-24.8990719185592,23.2334222750054));
#4886=CARTESIAN_POINT('Ctrl Pts',(20.3891821861622,-22.9752965702101,25.9910199444475));
#4887=CARTESIAN_POINT('Ctrl Pts',(16.4353208407262,-21.4001892105778,25.971199679401));
#4888=CARTESIAN_POINT('Ctrl Pts',(14.2611504791603,-20.5536401164041,25.2448073649481));
#4889=CARTESIAN_POINT('',(14.0887859789729,-22.3741667554484,23.5144695997348));
#4890=CARTESIAN_POINT('Origin',(14.782610736391,-20.6991256161826,23.5144695997351));
#4891=CARTESIAN_POINT('Ctrl Pts',(25.1194952677756,-26.9432361454654,19.1997551433171));
#4892=CARTESIAN_POINT('Ctrl Pts',(24.5849618370889,-26.7218251489331,20.0960727311369));
#4893=CARTESIAN_POINT('Ctrl Pts',(23.0607739406852,-26.0904858506378,21.9557680717098));
#4894=CARTESIAN_POINT('Ctrl Pts',(19.2842720088649,-24.5262075321496,24.1501204315397));
#4895=CARTESIAN_POINT('Ctrl Pts',(15.9298682678917,-23.1367680089635,24.1334231300764));
#4896=CARTESIAN_POINT('Ctrl Pts',(14.0887859789729,-22.3741667554484,23.5144695997347));
#4897=CARTESIAN_POINT('Ctrl Pts',(14.2611504791599,-20.553640116404,25.244807364948));
#4898=CARTESIAN_POINT('Ctrl Pts',(11.4500054157219,-19.4033435556623,24.3009154088444));
#4899=CARTESIAN_POINT('Ctrl Pts',(8.63213769811547,-18.2426967812916,23.3510093346129));
#4900=CARTESIAN_POINT('Ctrl Pts',(5.81326299802656,-17.1578258590018,22.4417758242045));
#4901=CARTESIAN_POINT('Ctrl Pts',(14.0636580975425,-21.0451907062576,25.2266196183006));
#4902=CARTESIAN_POINT('Ctrl Pts',(11.2545635387647,-19.8928889397624,24.2790604169561));
#4903=CARTESIAN_POINT('Ctrl Pts',(8.43762664133311,-18.731894122364,23.3276949007076));
#4904=CARTESIAN_POINT('Ctrl Pts',(5.63016704945752,-17.6337912809037,22.3983131415352));
#4905=CARTESIAN_POINT('Ctrl Pts',(13.8459512176028,-21.9319311998818,24.7816538532691));
#4906=CARTESIAN_POINT('Ctrl Pts',(11.0398303197861,-20.7729452656587,23.8321565908695));
#4907=CARTESIAN_POINT('Ctrl Pts',(8.22635798102237,-19.6092995025886,22.8785389162723));
#4908=CARTESIAN_POINT('Ctrl Pts',(5.4320508888632,-18.4707555240043,21.9389114509415));
#4909=CARTESIAN_POINT('Ctrl Pts',(13.9798435045581,-22.3290413050273,23.8941181091876));
#4910=CARTESIAN_POINT('Ctrl Pts',(11.1730381532665,-21.1663920322029,22.9485613709851));
#4911=CARTESIAN_POINT('Ctrl Pts',(8.36139818042726,-20.0019693715313,21.9974973612387));
#4912=CARTESIAN_POINT('Ctrl Pts',(5.55703278470219,-18.8401988715615,21.0792355516784));
#4913=CARTESIAN_POINT('Ctrl Pts',(14.0887859789738,-22.3741667554488,23.514469599735));
#4914=CARTESIAN_POINT('Ctrl Pts',(11.2811717109434,-21.2112148477184,22.5705776436315));
#4915=CARTESIAN_POINT('Ctrl Pts',(8.47012823152778,-20.046842514124,21.6206715693999));
#4916=CARTESIAN_POINT('Ctrl Pts',(5.65855606806867,-18.8822511924286,20.7114380589915));
#4917=CARTESIAN_POINT('Ctrl Pts',(14.0887859789729,-22.3741667554484,23.5144695997348));
#4918=CARTESIAN_POINT('Ctrl Pts',(11.687822947401,-21.3796553050149,22.707289739521));
#4919=CARTESIAN_POINT('Ctrl Pts',(9.28457319455775,-20.3841966636175,21.895782552449));
#4920=CARTESIAN_POINT('Ctrl Pts',(6.88022284064926,-19.388282138332,21.108943697724));
#4921=CARTESIAN_POINT('',(13.1635223040797,-20.104962969219,24.87651871701));
#4922=CARTESIAN_POINT('Ctrl Pts',(14.2611504791599,-20.553640116404,25.244807364948));
#4923=CARTESIAN_POINT('Ctrl Pts',(13.8954862307392,-20.4040134276873,25.1220290895726));
#4924=CARTESIAN_POINT('Ctrl Pts',(13.5297082355001,-20.2542116141106,24.999149055757));
#4925=CARTESIAN_POINT('Ctrl Pts',(13.1638290729898,-20.1044242294062,24.8762700156091));
#4926=CARTESIAN_POINT('Ctrl Pts',(13.1635223040898,-20.1049629692204,24.8765187170132));
#4927=CARTESIAN_POINT('Ctrl Pts',(13.152981668706,-20.1021386144816,24.8731045066338));
#4928=CARTESIAN_POINT('Ctrl Pts',(13.1424414899796,-20.0993143821048,24.8696887503791));
#4929=CARTESIAN_POINT('Ctrl Pts',(10.630922372198,-19.4263548627346,24.0553770944285));
#4930=CARTESIAN_POINT('Ctrl Pts',(7.99475189301452,-18.7199951117122,23.1052865684332));
#4931=CARTESIAN_POINT('Ctrl Pts',(5.55035599191495,-18.0650212040306,22.0927677835762));
#4932=CARTESIAN_POINT('Ctrl Pts',(5.32444246552611,-18.9821289220764,22.4417758242045));
#4933=CARTESIAN_POINT('Ctrl Pts',(8.30848442775693,-19.4521018224159,23.3511279999667));
#4934=CARTESIAN_POINT('Ctrl Pts',(11.3287980569717,-19.8558294694003,24.3009262647252));
#4935=CARTESIAN_POINT('Ctrl Pts',(14.3384347612003,-20.2652112491992,25.2448073649477));
#4936=CARTESIAN_POINT('Ctrl Pts',(5.40385943368626,-18.4783828011018,22.3983131415352));
#4937=CARTESIAN_POINT('Ctrl Pts',(8.38463115505457,-18.9311867287376,23.3278161956379));
#4938=CARTESIAN_POINT('Ctrl Pts',(11.404313109721,-19.3341497602215,24.2790713150146));
#4939=CARTESIAN_POINT('Ctrl Pts',(14.4131766365926,-19.7407697603321,25.2266196183003));
#4940=CARTESIAN_POINT('Ctrl Pts',(5.65076753443711,-17.654490139377,21.9389137526739));
#4941=CARTESIAN_POINT('Ctrl Pts',(8.64037057792766,-18.0656893358634,22.8786638501167));
#4942=CARTESIAN_POINT('Ctrl Pts',(11.6583763490966,-18.4646293966138,23.8321702037641));
#4943=CARTESIAN_POINT('Ctrl Pts',(14.6680066850782,-18.8639739908651,24.781656545815));
#4944=CARTESIAN_POINT('Ctrl Pts',(5.94372709784997,-17.3970360478961,21.0792355516784));
#4945=CARTESIAN_POINT('Ctrl Pts',(8.9536568009553,-17.7931476697603,21.9976172048886));
#4946=CARTESIAN_POINT('Ctrl Pts',(11.9704616377495,-18.1905009213921,22.9485722460129));
#4947=CARTESIAN_POINT('Ctrl Pts',(14.982516369245,-18.5870152306414,23.8941181091873));
#4948=CARTESIAN_POINT('Ctrl Pts',(6.05267500075448,-17.4113793114204,20.7114380589916));
#4949=CARTESIAN_POINT('Ctrl Pts',(9.07025735728778,-17.8086515653337,21.6207902347538));
#4950=CARTESIAN_POINT('Ctrl Pts',(12.0865194632545,-18.2057500049624,22.5705884995123));
#4951=CARTESIAN_POINT('Ctrl Pts',(15.0994260448509,-18.6024066814271,23.5144695997348));
#4952=CARTESIAN_POINT('',(14.3384347612003,-20.2652112491992,25.2448073649477));
#4953=CARTESIAN_POINT('Ctrl Pts',(13.1635186030001,-20.1055832898982,24.8762698614241));
#4954=CARTESIAN_POINT('Ctrl Pts',(13.5552690931055,-20.1588024400162,24.9991477869823));
#4955=CARTESIAN_POINT('Ctrl Pts',(13.9469422577637,-20.2119590086183,25.1220276372971));
#4956=CARTESIAN_POINT('Ctrl Pts',(14.3384347612003,-20.2652112491992,25.2448073649477));
#4957=CARTESIAN_POINT('',(15.099426044852,-18.6024066814272,23.5144695997351));
#4958=CARTESIAN_POINT('Origin',(14.8627753409155,-20.3999472391242,23.5144695997348));
#4959=CARTESIAN_POINT('Ctrl Pts',(7.36368481675588,-17.5839770280586,21.1089440974055));
#4960=CARTESIAN_POINT('Ctrl Pts',(9.94365867771887,-17.9236370305645,21.8957196872993));
#4961=CARTESIAN_POINT('Ctrl Pts',(12.5228879405891,-18.2631990048719,22.7072936867905));
#4962=CARTESIAN_POINT('Ctrl Pts',(15.0994260448518,-18.6024066814272,23.514469599735));
#4963=CARTESIAN_POINT('Ctrl Pts',(14.3384347612003,-20.2652112491992,25.2448073649477));
#4964=CARTESIAN_POINT('Ctrl Pts',(16.6449598613504,-20.6192192434252,25.9713142649048));
#4965=CARTESIAN_POINT('Ctrl Pts',(20.8573809299668,-21.2321670300596,25.9908813993434));
#4966=CARTESIAN_POINT('Ctrl Pts',(25.9441601135658,-21.946936496929,23.2316141109606));
#4967=CARTESIAN_POINT('Ctrl Pts',(28.0169206738664,-22.2340560724234,20.6432373457639));
#4968=CARTESIAN_POINT('Ctrl Pts',(28.7625046763229,-22.3371240568642,19.1943013999059));
#4969=CARTESIAN_POINT('Ctrl Pts',(14.4131766365926,-19.7407697603321,25.2266196183003));
#4970=CARTESIAN_POINT('Ctrl Pts',(16.7141405525519,-20.0838654776019,25.9663462007101));
#4971=CARTESIAN_POINT('Ctrl Pts',(20.9278161672682,-20.6861666220323,26.0065347025724));
#4972=CARTESIAN_POINT('Ctrl Pts',(26.0346759881551,-21.3955094760237,23.2544346936314));
#4973=CARTESIAN_POINT('Ctrl Pts',(28.1153075270187,-21.6812506888179,20.6624410745538));
#4974=CARTESIAN_POINT('Ctrl Pts',(28.864861191868,-21.7839928520096,19.2095190042768));
#4975=CARTESIAN_POINT('Ctrl Pts',(14.6680152900654,-18.8640167938815,24.7816110908051));
#4976=CARTESIAN_POINT('Ctrl Pts',(16.8823207636765,-19.167473402351,25.5006871404794));
#4977=CARTESIAN_POINT('Ctrl Pts',(20.9487506655521,-19.7171047202706,25.5512642308075));
#4978=CARTESIAN_POINT('Ctrl Pts',(25.8774890670838,-20.3773021519516,22.9074272350683));
#4979=CARTESIAN_POINT('Ctrl Pts',(27.8898395932436,-20.6458221873151,20.4094066865961));
#4980=CARTESIAN_POINT('Ctrl Pts',(28.613596529767,-20.7423577347972,19.0094034503258));
#4981=CARTESIAN_POINT('Ctrl Pts',(14.982516369245,-18.5870152306414,23.8941181091873));
#4982=CARTESIAN_POINT('Ctrl Pts',(17.0301330322604,-18.8564734261939,24.542986517926));
#4983=CARTESIAN_POINT('Ctrl Pts',(20.7703924530027,-19.3490340290336,24.5697175197104));
#4984=CARTESIAN_POINT('Ctrl Pts',(25.2881207473358,-19.9436884162564,22.1311853352165));
#4985=CARTESIAN_POINT('Ctrl Pts',(27.1297416969119,-20.1862423494636,19.8382715569726));
#4986=CARTESIAN_POINT('Ctrl Pts',(27.7920522484527,-20.2734226220745,18.5543084734362));
#4987=CARTESIAN_POINT('Ctrl Pts',(15.0994260448509,-18.6024066814271,23.5144695997348));
#4988=CARTESIAN_POINT('Ctrl Pts',(17.0751507042697,-18.8625157673846,24.1334231300765));
#4989=CARTESIAN_POINT('Ctrl Pts',(20.6748696701499,-19.3364277598554,24.1500935112389));
#4990=CARTESIAN_POINT('Ctrl Pts',(25.0164821346098,-19.9080118843581,21.7993130445955));
#4991=CARTESIAN_POINT('Ctrl Pts',(26.7847406900305,-20.1408075395595,19.5941241650853));
#4992=CARTESIAN_POINT('Ctrl Pts',(27.420760670519,-20.2245411585063,18.3596912657134));
#4993=CARTESIAN_POINT('Ctrl Pts',(15.099426044852,-18.6024066814272,23.5144695997351));
#4994=CARTESIAN_POINT('Ctrl Pts',(17.0748390907049,-18.8624747426805,24.1333255080138));
#4995=CARTESIAN_POINT('Ctrl Pts',(20.6739413031379,-19.3363055380196,24.1501965072057));
#4996=CARTESIAN_POINT('Ctrl Pts',(24.726875127863,-19.8698843986011,21.9563716203977));
#4997=CARTESIAN_POINT('Ctrl Pts',(26.3629169530379,-20.0852733910428,20.0965359184725));
#4998=CARTESIAN_POINT('Ctrl Pts',(26.9368368037328,-20.1608313728018,19.1997561808296));
#4999=CARTESIAN_POINT('Ctrl Pts',(14.3384347612003,-20.2652112491992,25.2448073649477));
#5000=CARTESIAN_POINT('Ctrl Pts',(16.6449598613504,-20.6192192434252,25.9713142649048));
#5001=CARTESIAN_POINT('Ctrl Pts',(20.8573809299668,-21.2321670300596,25.9908813993434));
#5002=CARTESIAN_POINT('Ctrl Pts',(25.9422545102499,-21.9466687308207,23.2326477844708));
#5003=CARTESIAN_POINT('Ctrl Pts',(28.0142025823883,-22.2336795588735,20.6466307024191));
#5004=CARTESIAN_POINT('Ctrl Pts',(28.7595704236893,-22.33671843036,19.1999999879599));
#5005=CARTESIAN_POINT('Origin',(0.269424964681781,-16.649999999999,13.5566349703643));
#5006=CARTESIAN_POINT('Origin',(0.269424964680365,-16.6499999999986,25.2448073649476));
#5007=CARTESIAN_POINT('Origin',(0.269424964681752,-16.649999999999,23.785253849923));
#5008=CARTESIAN_POINT('Ctrl Pts',(19.4403935624917,-38.481184893426,19.1967002157848));
#5009=CARTESIAN_POINT('Ctrl Pts',(18.9782179803802,-37.8868652435081,20.6452419635315));
#5010=CARTESIAN_POINT('Ctrl Pts',(17.6930972927168,-36.2352516557419,23.2328228028058));
#5011=CARTESIAN_POINT('Ctrl Pts',(14.5309975534122,-32.1877461487977,25.9910176272832));
#5012=CARTESIAN_POINT('Ctrl Pts',(11.894406862981,-28.8467324671652,25.971199679401));
#5013=CARTESIAN_POINT('Ctrl Pts',(10.4347946447965,-27.0265142652772,25.2448073649481));
#5014=CARTESIAN_POINT('Ctrl Pts',(19.0125437989544,-38.8463884998176,19.2119230953032));
#5015=CARTESIAN_POINT('Ctrl Pts',(18.5486652953709,-38.2484672836772,20.6644487889415));
#5016=CARTESIAN_POINT('Ctrl Pts',(17.2608023133151,-36.589345953706,23.2556240377942));
#5017=CARTESIAN_POINT('Ctrl Pts',(14.0933695988614,-32.5217460073982,26.00663860575));
#5018=CARTESIAN_POINT('Ctrl Pts',(11.4653691764389,-29.1743214851654,25.9662295301827));
#5019=CARTESIAN_POINT('Ctrl Pts',(10.0179859303351,-27.3534633725269,25.2266196183007));
#5020=CARTESIAN_POINT('Ctrl Pts',(17.9848609272148,-39.1496008226729,19.0117080444364));
#5021=CARTESIAN_POINT('Ctrl Pts',(17.5392610142077,-38.5709220438967,20.4113286829417));
#5022=CARTESIAN_POINT('Ctrl Pts',(16.3004643344188,-36.9623390484779,22.9085771627611));
#5023=CARTESIAN_POINT('Ctrl Pts',(13.2646388906283,-33.0244053198317,25.5513779299199));
#5024=CARTESIAN_POINT('Ctrl Pts',(10.7558722496563,-29.7781679815658,25.500552262018));
#5025=CARTESIAN_POINT('Ctrl Pts',(9.38613445166986,-28.0125300162942,24.7815896258456));
#5026=CARTESIAN_POINT('Ctrl Pts',(17.1680411172531,-38.6727053359342,18.5564343904359));
#5027=CARTESIAN_POINT('Ctrl Pts',(16.7612766128687,-38.1425757831003,19.8400476499299));
#5028=CARTESIAN_POINT('Ctrl Pts',(15.6303331460795,-36.6688631697768,22.1322585111226));
#5029=CARTESIAN_POINT('Ctrl Pts',(12.856748075394,-33.054067748307,24.5698416838489));
#5030=CARTESIAN_POINT('Ctrl Pts',(10.5604427566683,-30.061703823438,24.5428841776543));
#5031=CARTESIAN_POINT('Ctrl Pts',(9.30347506421779,-28.423403309233,23.8941181091877));
#5032=CARTESIAN_POINT('Ctrl Pts',(16.9400895506724,-38.3756330705873,18.3617349566363));
#5033=CARTESIAN_POINT('Ctrl Pts',(16.5494594726431,-37.8665540415047,19.5958320156842));
#5034=CARTESIAN_POINT('Ctrl Pts',(15.4636501142129,-36.45149973553,21.8003427995568));
#5035=CARTESIAN_POINT('Ctrl Pts',(12.79809185966,-32.9776765854103,24.1502095717529));
#5036=CARTESIAN_POINT('Ctrl Pts',(10.5881913600869,-30.0976781829122,24.1333255080138));
#5037=CARTESIAN_POINT('Ctrl Pts',(9.37525928940218,-28.5169543328631,23.5144695997351));
#5038=CARTESIAN_POINT('',(10.434794644796,-27.0265142652767,25.2448073649481));
#5039=CARTESIAN_POINT('Ctrl Pts',(19.4393403293855,-38.4798305234057,19.19999999277));
#5040=CARTESIAN_POINT('Ctrl Pts',(18.9772419913211,-37.8856109215801,20.6472068128689));
#5041=CARTESIAN_POINT('Ctrl Pts',(17.6924112122123,-36.2343734688252,23.2334212480961));
#5042=CARTESIAN_POINT('Ctrl Pts',(14.5309975534122,-32.1877461487977,25.9910176272832));
#5043=CARTESIAN_POINT('Ctrl Pts',(11.894406862981,-28.8467324671652,25.971199679401));
#5044=CARTESIAN_POINT('Ctrl Pts',(10.4347946447965,-27.0265142652772,25.2448073649481));
#5045=CARTESIAN_POINT('',(9.37525928940149,-28.5169543328622,23.5144695997347));
#5046=CARTESIAN_POINT('Origin',(10.813649724733,-27.4132385325829,23.5144695997351));
#5047=CARTESIAN_POINT('Ctrl Pts',(16.6435993849013,-37.9892395637565,19.1997554866869));
#5048=CARTESIAN_POINT('Ctrl Pts',(16.2913855696658,-37.5302255830765,20.0960750567734));
#5049=CARTESIAN_POINT('Ctrl Pts',(15.2870710028768,-36.221377357323,21.9557804173718));
#5050=CARTESIAN_POINT('Ctrl Pts',(12.7986615649826,-32.9784190398418,24.1501463134882));
#5051=CARTESIAN_POINT('Ctrl Pts',(10.5883826953052,-30.0979275358234,24.1334231300764));
#5052=CARTESIAN_POINT('Ctrl Pts',(9.3752592894015,-28.5169543328622,23.5144695997347));
#5053=CARTESIAN_POINT('Ctrl Pts',(10.4347946447962,-27.0265142652769,25.244807364948));
#5054=CARTESIAN_POINT('Ctrl Pts',(8.57541988650653,-24.6247556900696,24.3009154088444));
#5055=CARTESIAN_POINT('Ctrl Pts',(6.71539824574067,-22.210672239841,23.3510093346129));
#5056=CARTESIAN_POINT('Ctrl Pts',(4.81661660652334,-19.8617091112664,22.4417758242045));
#5057=CARTESIAN_POINT('Ctrl Pts',(10.0179859303349,-27.3534633725266,25.2266196183006));
#5058=CARTESIAN_POINT('Ctrl Pts',(8.16138956404829,-24.9509934905272,24.2790604169561));
#5059=CARTESIAN_POINT('Ctrl Pts',(6.302348058714,-22.5370740362823,23.3276949007076));
#5060=CARTESIAN_POINT('Ctrl Pts',(4.4200681527816,-20.182359283672,22.3983131415352));
#5061=CARTESIAN_POINT('Ctrl Pts',(9.38608548843999,-28.0125465255964,24.7816434225741));
#5062=CARTESIAN_POINT('Ctrl Pts',(7.53540647195184,-25.6057748150221,23.8321461601744));
#5063=CARTESIAN_POINT('Ctrl Pts',(5.6806897680748,-23.1912919470647,22.8785299995565));
#5064=CARTESIAN_POINT('Ctrl Pts',(3.83002082958207,-20.8081303922053,21.9389025342257));
#5065=CARTESIAN_POINT('Ctrl Pts',(9.30347506421763,-28.4234033092328,23.8941181091876));
#5066=CARTESIAN_POINT('Ctrl Pts',(7.45403496293321,-26.0131168276295,22.9485613709851));
#5067=CARTESIAN_POINT('Ctrl Pts',(5.60129465049449,-23.5988772363261,21.9974973612387));
#5068=CARTESIAN_POINT('Ctrl Pts',(3.75352822628746,-21.1905717721224,21.0792355516784));
#5069=CARTESIAN_POINT('Ctrl Pts',(9.37525928940205,-28.5169543328629,23.514469599735));
#5070=CARTESIAN_POINT('Ctrl Pts',(7.52526996312529,-26.1060013033736,22.5705776436315));
#5071=CARTESIAN_POINT('Ctrl Pts',(5.67302106560597,-23.6921035433093,21.6206715693999));
#5072=CARTESIAN_POINT('Ctrl Pts',(3.82042380832492,-21.2777517919646,20.7114380589915));
#5073=CARTESIAN_POINT('Ctrl Pts',(9.3752592894015,-28.5169543328622,23.5144695997347));
#5074=CARTESIAN_POINT('Ctrl Pts',(7.79322003572965,-26.4552006366462,22.707289739521));
#5075=CARTESIAN_POINT('Ctrl Pts',(6.20967401882746,-24.3914832883577,21.895782552449));
#5076=CARTESIAN_POINT('Ctrl Pts',(4.62540279538733,-22.3268208325083,21.108943697724));
#5077=CARTESIAN_POINT('',(9.70855933485973,-26.089134370177,24.87651871701));
#5078=CARTESIAN_POINT('Ctrl Pts',(10.4347946447962,-27.0265142652769,25.244807364948));
#5079=CARTESIAN_POINT('Ctrl Pts',(10.1929334607665,-26.7141016275537,25.1220290895726));
#5080=CARTESIAN_POINT('Ctrl Pts',(9.95106133153247,-26.4014804538438,24.999149055757));
#5081=CARTESIAN_POINT('Ctrl Pts',(9.70909437443534,-26.0888211922681,24.8762700156091));
#5082=CARTESIAN_POINT('Ctrl Pts',(9.70855933486775,-26.0891343701832,24.8765187170132));
#5083=CARTESIAN_POINT('Ctrl Pts',(9.70084305422277,-26.0814180895382,24.8731045066338));
#5084=CARTESIAN_POINT('Ctrl Pts',(9.6931271078737,-26.0737021431906,24.8696887503791));
#5085=CARTESIAN_POINT('Ctrl Pts',(7.85456750946958,-24.2351425448066,24.0553770944285));
#5086=CARTESIAN_POINT('Ctrl Pts',(5.92475678130134,-22.3053318166186,23.1052865684332));
#5087=CARTESIAN_POINT('Ctrl Pts',(4.13533478788335,-20.5159098232006,22.0927677835762));
#5088=CARTESIAN_POINT('Ctrl Pts',(3.48113407594921,-21.1971916418406,22.4417758242045));
#5089=CARTESIAN_POINT('Ctrl Pts',(5.83040377103012,-23.0962210937403,23.3511279999667));
#5090=CARTESIAN_POINT('Ctrl Pts',(8.24420827783427,-24.9560163068463,24.3009262647252));
#5091=CARTESIAN_POINT('Ctrl Pts',(10.6459392299589,-26.8153696801129,25.2448073649477));
#5092=CARTESIAN_POINT('Ctrl Pts',(3.80178424835471,-20.8006431880989,22.3983131415352));
#5093=CARTESIAN_POINT('Ctrl Pts',(6.15680631812403,-22.683168753049,23.3278161956379));
#5094=CARTESIAN_POINT('Ctrl Pts',(8.57044608647267,-24.5419859524332,24.2790713150146));
#5095=CARTESIAN_POINT('Ctrl Pts',(10.9728883372086,-26.3985609656516,25.2266196183003));
#5096=CARTESIAN_POINT('Ctrl Pts',(4.42755535688803,-20.2105958648993,21.9389025342257));
#5097=CARTESIAN_POINT('Ctrl Pts',(6.81102794153888,-22.0615063368176,22.8786526316685));
#5098=CARTESIAN_POINT('Ctrl Pts',(9.22522746044372,-23.9160027922802,23.8321570805229));
#5099=CARTESIAN_POINT('Ctrl Pts',(11.6319714902784,-25.7666605237567,24.7816434225738));
#5100=CARTESIAN_POINT('Ctrl Pts',(4.80999673680512,-20.1341032616047,21.0792355516784));
#5101=CARTESIAN_POINT('Ctrl Pts',(7.21861651236756,-21.9821108404261,21.9976172048886));
#5102=CARTESIAN_POINT('Ctrl Pts',(9.63256951347523,-23.8346312690126,22.9485722460129));
#5103=CARTESIAN_POINT('Ctrl Pts',(12.0428282739148,-25.6840500995343,23.8941181091873));
#5104=CARTESIAN_POINT('Ctrl Pts',(4.89717675664732,-20.2009988436422,20.7114380589915));
#5105=CARTESIAN_POINT('Ctrl Pts',(7.31184360846023,-22.0538378860164,21.6207902347538));
#5106=CARTESIAN_POINT('Ctrl Pts',(9.72545399688542,-23.9058662755214,22.5705884995123));
#5107=CARTESIAN_POINT('Ctrl Pts',(12.1363792975449,-25.7558343247188,23.5144695997347));
#5108=CARTESIAN_POINT('',(10.6459392299589,-26.8153696801129,25.2448073649477));
#5109=CARTESIAN_POINT('Ctrl Pts',(9.70824596929116,-26.0896697331039,24.8762698614241));
#5110=CARTESIAN_POINT('Ctrl Pts',(10.0209022706085,-26.3316341141266,24.9991477869823));
#5111=CARTESIAN_POINT('Ctrl Pts',(10.3335228968821,-26.5735056352431,25.1220276372971));
#5112=CARTESIAN_POINT('Ctrl Pts',(10.6459392299589,-26.8153696801129,25.2448073649477));
#5113=CARTESIAN_POINT('',(12.1363792975458,-25.7558343247194,23.5144695997351));
#5114=CARTESIAN_POINT('Origin',(11.0326634972647,-27.1942247600496,23.5144695997347));
#5115=CARTESIAN_POINT('Ctrl Pts',(5.94624570359624,-21.0059777588868,21.1089440974055));
#5116=CARTESIAN_POINT('Ctrl Pts',(8.01073860703702,-22.5901188801879,21.8957196872993));
#5117=CARTESIAN_POINT('Ctrl Pts',(10.0746356837131,-24.1738028075324,22.7072936867905));
#5118=CARTESIAN_POINT('Ctrl Pts',(12.1363792975456,-25.7558343247193,23.514469599735));
#5119=CARTESIAN_POINT('Ctrl Pts',(10.6459392299589,-26.8153696801129,25.2448073649477));
#5120=CARTESIAN_POINT('Ctrl Pts',(12.4664445640423,-28.2752121463304,25.9713142649048));
#5121=CARTESIAN_POINT('Ctrl Pts',(15.8080338653327,-30.912251018148,25.9909349518583));
#5122=CARTESIAN_POINT('Ctrl Pts',(19.8559344673915,-34.0746529455044,23.2316379740761));
#5123=CARTESIAN_POINT('Ctrl Pts',(21.5074331040232,-35.3596822694676,20.6432373457639));
#5124=CARTESIAN_POINT('Ctrl Pts',(22.1015937985854,-35.8217337635384,19.1943013999059));
#5125=CARTESIAN_POINT('Ctrl Pts',(10.9728883372087,-26.3985609656516,25.2266196183003));
#5126=CARTESIAN_POINT('Ctrl Pts',(12.7940336829858,-27.8461725307165,25.96634620071));
#5127=CARTESIAN_POINT('Ctrl Pts',(16.1420364502816,-30.4746221511258,26.0065608999578));
#5128=CARTESIAN_POINT('Ctrl Pts',(20.2100351907348,-33.6423601834629,23.2544398466826));
#5129=CARTESIAN_POINT('Ctrl Pts',(21.8690413100542,-34.9301321904926,20.6624410745538));
#5130=CARTESIAN_POINT('Ctrl Pts',(22.4668027437176,-35.3938863462811,19.2095190042768));
#5131=CARTESIAN_POINT('Ctrl Pts',(11.6319549807488,-25.7667094876601,24.7815896251049));
#5132=CARTESIAN_POINT('Ctrl Pts',(13.3978714684001,-27.1366633563465,25.5006656747793));
#5133=CARTESIAN_POINT('Ctrl Pts',(16.6446688314886,-29.6458614276245,25.5513056374755));
#5134=CARTESIAN_POINT('Ctrl Pts',(20.5829883572891,-32.6819827346973,22.9074374936406));
#5135=CARTESIAN_POINT('Ctrl Pts',(22.1914598945004,-33.9206931145151,20.409393097273));
#5136=CARTESIAN_POINT('Ctrl Pts',(22.7699840139538,-34.3661738192645,19.0093898610026));
#5137=CARTESIAN_POINT('Ctrl Pts',(12.0428282739148,-25.6840500995343,23.8941181091873));
#5138=CARTESIAN_POINT('Ctrl Pts',(13.6813872235222,-26.9412160736484,24.542986517926));
#5139=CARTESIAN_POINT('Ctrl Pts',(16.6742645993832,-29.2379153961449,24.5697706534333));
#5140=CARTESIAN_POINT('Ctrl Pts',(20.2894109267729,-32.0117697204543,22.1312100688619));
#5141=CARTESIAN_POINT('Ctrl Pts',(21.763020433757,-33.1426340746888,19.8382715569726));
#5142=CARTESIAN_POINT('Ctrl Pts',(22.2930080602804,-33.549289681249,18.5543084734362));
#5143=CARTESIAN_POINT('Ctrl Pts',(12.1363792975449,-25.7558343247188,23.5144695997347));
#5144=CARTESIAN_POINT('Ctrl Pts',(13.7173525005062,-26.9689577306225,24.1334231300764));
#5145=CARTESIAN_POINT('Ctrl Pts',(16.5978440872149,-29.1792366637505,24.1501391357445));
#5146=CARTESIAN_POINT('Ctrl Pts',(20.0720032862725,-31.8450527777227,21.799333374973));
#5147=CARTESIAN_POINT('Ctrl Pts',(21.4869582024185,-32.930785871655,19.5941241650853));
#5148=CARTESIAN_POINT('Ctrl Pts',(21.9959008533626,-33.321311303058,18.3596912657134));
#5149=CARTESIAN_POINT('Ctrl Pts',(12.1363792975458,-25.7558343247195,23.5144695997351));
#5150=CARTESIAN_POINT('Ctrl Pts',(13.7171031475949,-26.9687663954042,24.1333255080138));
#5151=CARTESIAN_POINT('Ctrl Pts',(16.59710146732,-29.1786668314633,24.1502167440724));
#5152=CARTESIAN_POINT('Ctrl Pts',(19.8402577160879,-31.6672281473755,21.9563812672192));
#5153=CARTESIAN_POINT('Ctrl Pts',(21.1494157546603,-32.6717804419017,20.0965377324845));
#5154=CARTESIAN_POINT('Ctrl Pts',(21.6086657134119,-33.0241753294801,19.1997564481115));
#5155=CARTESIAN_POINT('Ctrl Pts',(10.6459392299589,-26.8153696801129,25.2448073649477));
#5156=CARTESIAN_POINT('Ctrl Pts',(12.4664445640423,-28.2752121463304,25.9713142649048));
#5157=CARTESIAN_POINT('Ctrl Pts',(15.8080338653327,-30.912251018148,25.9909349518583));
#5158=CARTESIAN_POINT('Ctrl Pts',(19.8544180475756,-34.0734682501722,23.2326716587009));
#5159=CARTESIAN_POINT('Ctrl Pts',(21.5052674309351,-35.357997158425,20.6466307336797));
#5160=CARTESIAN_POINT('Ctrl Pts',(22.0992554745454,-35.8199153543877,19.1999999879795));
#5161=CARTESIAN_POINT('Origin',(0.269424964681781,-16.649999999999,13.5566349703643));
#5162=CARTESIAN_POINT('Origin',(0.269424964680751,-16.649999999998,25.2448073649476));
#5163=CARTESIAN_POINT('Origin',(0.269424964681753,-16.649999999999,23.785253849923));
#5164=CARTESIAN_POINT('Ctrl Pts',(13.1368322207097,-42.6991170932275,19.1967002157848));
#5165=CARTESIAN_POINT('Ctrl Pts',(12.8442261339455,-42.0054285514689,20.6452419635315));
#5166=CARTESIAN_POINT('Ctrl Pts',(12.0303629333906,-40.0774762831151,23.232813062391));
#5167=CARTESIAN_POINT('Ctrl Pts',(10.023581592486,-35.3494770824092,25.9909956987092));
#5168=CARTESIAN_POINT('Ctrl Pts',(8.34154855986901,-31.4399056006251,25.971199679401));
#5169=CARTESIAN_POINT('Ctrl Pts',(7.40277855884843,-29.3039343894095,25.2448073649481));
#5170=CARTESIAN_POINT('Ctrl Pts',(12.6290394356632,-42.9411410212489,19.2119230953032));
#5171=CARTESIAN_POINT('Ctrl Pts',(12.3357206069995,-42.2435328851517,20.6644487889415));
#5172=CARTESIAN_POINT('Ctrl Pts',(11.5211518613679,-40.3076197636212,23.2556219546059));
#5173=CARTESIAN_POINT('Ctrl Pts',(9.51441883155889,-35.5588278627258,26.0066278707103));
#5174=CARTESIAN_POINT('Ctrl Pts',(7.84234370116181,-31.6452891691763,25.9662295301827));
#5175=CARTESIAN_POINT('Ctrl Pts',(6.91555160119237,-29.511864942517,25.2266196183007));
#5176=CARTESIAN_POINT('Ctrl Pts',(11.5578936631778,-42.9680472218924,19.0117119606166));
#5177=CARTESIAN_POINT('Ctrl Pts',(11.277250287956,-42.2937567003648,20.4113325991219));
#5178=CARTESIAN_POINT('Ctrl Pts',(10.4969945540007,-40.4193550002402,22.9085706569797));
#5179=CARTESIAN_POINT('Ctrl Pts',(8.58382584106107,-35.8298766134841,25.5513584290166));
#5180=CARTESIAN_POINT('Ctrl Pts',(7.00072939507512,-32.0449291544039,25.5005584454644));
#5181=CARTESIAN_POINT('Ctrl Pts',(6.13464501292408,-29.984939614956,24.781595809292));
#5182=CARTESIAN_POINT('Ctrl Pts',(10.8923391693751,-42.2959835448954,18.5564343904359));
#5183=CARTESIAN_POINT('Ctrl Pts',(10.6366424540177,-41.6786393179278,19.8400476499299));
#5184=CARTESIAN_POINT('Ctrl Pts',(9.92565869121177,-39.9624305018446,22.1322484120787));
#5185=CARTESIAN_POINT('Ctrl Pts',(8.18216023567737,-35.7529524845208,24.569819927973));
#5186=CARTESIAN_POINT('Ctrl Pts',(6.73858045198158,-32.2682224956536,24.5428841776543));
#5187=CARTESIAN_POINT('Ctrl Pts',(5.94846626971013,-30.3604185398756,23.8941181091877));
#5188=CARTESIAN_POINT('Ctrl Pts',(10.7490428241152,-41.9500355647306,18.3617349566363));
#5189=CARTESIAN_POINT('Ctrl Pts',(10.5034824914104,-41.3572004791337,19.5958320156842));
#5190=CARTESIAN_POINT('Ctrl Pts',(9.82091338413911,-39.7093328831025,21.8003345011303));
#5191=CARTESIAN_POINT('Ctrl Pts',(8.14527432527543,-35.6639823415518,24.1501908895239));
#5192=CARTESIAN_POINT('Ctrl Pts',(6.75607269529974,-32.3101529255936,24.1333255080138));
#5193=CARTESIAN_POINT('Ctrl Pts',(5.9935917201316,-30.4693610142913,23.5144695997351));
#5194=CARTESIAN_POINT('',(7.4027785588481,-29.3039343894089,25.2448073649481));
#5195=CARTESIAN_POINT('Ctrl Pts',(13.1361654124059,-42.6975362754577,19.1999999927616));
#5196=CARTESIAN_POINT('Ctrl Pts',(12.8436080425591,-42.0039643631917,20.6472068054725));
#5197=CARTESIAN_POINT('Ctrl Pts',(12.0299275222182,-40.0764504495411,23.2334115050369));
#5198=CARTESIAN_POINT('Ctrl Pts',(10.023581592486,-35.3494770824092,25.9909956987092));
#5199=CARTESIAN_POINT('Ctrl Pts',(8.34154855986901,-31.4399056006251,25.971199679401));
#5200=CARTESIAN_POINT('Ctrl Pts',(7.40277855884843,-29.3039343894095,25.2448073649481));
#5201=CARTESIAN_POINT('',(5.99359172013116,-30.4693610142902,23.5144695997347));
#5202=CARTESIAN_POINT('Origin',(7.66863285939789,-29.7755362568743,23.5144695997351));
#5203=CARTESIAN_POINT('Ctrl Pts',(10.5626612731886,-41.5000706967075,19.199755417637));
#5204=CARTESIAN_POINT('Ctrl Pts',(10.3412503853269,-40.9655375283747,20.0960745896837));
#5205=CARTESIAN_POINT('Ctrl Pts',(9.70991170037294,-39.441351112708,21.9557779377365));
#5206=CARTESIAN_POINT('Ctrl Pts',(8.14563238570179,-35.6648467758892,24.1501411036352));
#5207=CARTESIAN_POINT('Ctrl Pts',(6.75619297364622,-32.310443303209,24.1334231300764));
#5208=CARTESIAN_POINT('Ctrl Pts',(5.99359172013117,-30.4693610142902,23.5144695997347));
#5209=CARTESIAN_POINT('Ctrl Pts',(7.40277855884826,-29.3039343894092,25.244807364948));
#5210=CARTESIAN_POINT('Ctrl Pts',(6.22838132006817,-26.502772153677,24.3009154088444));
#5211=CARTESIAN_POINT('Ctrl Pts',(5.05654915318184,-23.6895375773511,23.3510093346129));
#5212=CARTESIAN_POINT('Ctrl Pts',(3.83042332329703,-20.9291725757397,22.4417758242045));
#5213=CARTESIAN_POINT('Ctrl Pts',(6.9155516011922,-29.5118649425166,25.2266196183006));
#5214=CARTESIAN_POINT('Ctrl Pts',(5.7440221827482,-26.7107347379485,24.2790604169561));
#5215=CARTESIAN_POINT('Ctrl Pts',(4.57309430870457,-23.8979122472952,23.3276949007076));
#5216=CARTESIAN_POINT('Ctrl Pts',(3.36439655901893,-21.1362625663359,22.3983131415352));
#5217=CARTESIAN_POINT('Ctrl Pts',(6.13459614582733,-29.9849427176296,24.7816467886136));
#5218=CARTESIAN_POINT('Ctrl Pts',(4.96989584354078,-27.1811887885651,23.8321495262139));
#5219=CARTESIAN_POINT('Ctrl Pts',(3.80329156956124,-24.3689414831075,22.878532877027));
#5220=CARTESIAN_POINT('Ctrl Pts',(2.63249024391388,-21.5879958215881,21.9389054116962));
#5221=CARTESIAN_POINT('Ctrl Pts',(5.94846626971004,-30.3604185398753,23.8941181091876));
#5222=CARTESIAN_POINT('Ctrl Pts',(4.78587235729682,-27.5535902575505,22.9485613709851));
#5223=CARTESIAN_POINT('Ctrl Pts',(3.62111382577523,-24.7420894069726,21.9974973612386));
#5224=CARTESIAN_POINT('Ctrl Pts',(2.45962383624425,-21.9376078200194,21.0792355516784));
#5225=CARTESIAN_POINT('Ctrl Pts',(5.99359172013152,-30.4693610142911,23.514469599735));
#5226=CARTESIAN_POINT('Ctrl Pts',(4.83063981240113,-27.6617467462607,22.5705776436315));
#5227=CARTESIAN_POINT('Ctrl Pts',(3.66626747880672,-24.850703266845,21.6206715693999));
#5228=CARTESIAN_POINT('Ctrl Pts',(2.5016761571113,-22.0391311033859,20.7114380589915));
#5229=CARTESIAN_POINT('Ctrl Pts',(5.99359172013116,-30.4693610142902,23.5144695997347));
#5230=CARTESIAN_POINT('Ctrl Pts',(4.99908026969764,-28.0683979827182,22.707289739521));
#5231=CARTESIAN_POINT('Ctrl Pts',(4.00362162830019,-25.665148229875,21.895782552449));
#5232=CARTESIAN_POINT('Ctrl Pts',(3.00770710301475,-23.2607978759665,21.108943697724));
#5233=CARTESIAN_POINT('',(6.94390088636561,-28.2105314102506,24.87651871701));
#5234=CARTESIAN_POINT('Ctrl Pts',(7.40277855884826,-29.3039343894092,25.244807364948));
#5235=CARTESIAN_POINT('Ctrl Pts',(7.25001693539057,-28.9395686734754,25.1220290895726));
#5236=CARTESIAN_POINT('Ctrl Pts',(7.09729871276232,-28.5749986944189,24.999149055757));
#5237=CARTESIAN_POINT('Ctrl Pts',(6.94449875131711,-28.2103673820522,24.8762700156091));
#5238=CARTESIAN_POINT('Ctrl Pts',(6.94390088637174,-28.2105314102587,24.8765187170132));
#5239=CARTESIAN_POINT('Ctrl Pts',(6.93844465200215,-28.2010809351125,24.8731045066338));
#5240=CARTESIAN_POINT('Ctrl Pts',(6.93298865401507,-28.191630869395,24.8696887503791));
#5241=CARTESIAN_POINT('Ctrl Pts',(5.63293069436268,-25.9398644305212,24.0553770944285));
#5242=CARTESIAN_POINT('Ctrl Pts',(4.2683484420735,-23.5763386384215,23.1052865684332));
#5243=CARTESIAN_POINT('Ctrl Pts',(3.00303601612329,-21.3847532292275,22.0927677835762));
#5244=CARTESIAN_POINT('Ctrl Pts',(2.19479794314329,-21.8735013292649,22.4417758242045));
#5245=CARTESIAN_POINT('Ctrl Pts',(3.97251322517796,-24.3158586609075,23.3511279999667));
#5246=CARTESIAN_POINT('Ctrl Pts',(5.82271891677068,-26.7370214663706,24.3009262647252));
#5247=CARTESIAN_POINT('Ctrl Pts',(7.66137680664865,-29.1546326214286,25.2448073649477));
#5248=CARTESIAN_POINT('Ctrl Pts',(2.60715651800813,-21.5734553078547,22.3983131415352));
#5249=CARTESIAN_POINT('Ctrl Pts',(4.39469968757758,-24.0013599329825,23.3278161956379));
#5250=CARTESIAN_POINT('Ctrl Pts',(6.24499938261911,-26.4215354122836,24.2790713150146));
#5251=CARTESIAN_POINT('Ctrl Pts',(8.08506342669066,-28.8366469752436,25.2266196183003));
#5252=CARTESIAN_POINT('Ctrl Pts',(3.36432180849722,-21.165472957205,21.9389048235641));
#5253=CARTESIAN_POINT('Ctrl Pts',(5.1875286533513,-23.5702032825672,22.8786549210069));
#5254=CARTESIAN_POINT('Ctrl Pts',(7.03948741076927,-25.9863498593631,23.8321597585707));
#5255=CARTESIAN_POINT('Ctrl Pts',(8.88523815958132,-28.3968591494257,24.7816461006216));
#5256=CARTESIAN_POINT('Ctrl Pts',(3.75352822628747,-21.1905717721224,21.0792355516784));
#5257=CARTESIAN_POINT('Ctrl Pts',(5.60177671632105,-23.59900669001,21.9976172048886));
#5258=CARTESIAN_POINT('Ctrl Pts',(7.45400869517926,-26.0131810263789,22.9485722460129));
#5259=CARTESIAN_POINT('Ctrl Pts',(9.30347506421708,-28.4234033092321,23.8941181091873));
#5260=CARTESIAN_POINT('Ctrl Pts',(3.82042380832493,-21.2777517919646,20.7114380589915));
#5261=CARTESIAN_POINT('Ctrl Pts',(5.67326285069918,-23.6924186437775,21.6207902347538));
#5262=CARTESIAN_POINT('Ctrl Pts',(7.52529124020419,-26.1060290322027,22.5705884995123));
#5263=CARTESIAN_POINT('Ctrl Pts',(9.3752592894015,-28.5169543328622,23.5144695997347));
#5264=CARTESIAN_POINT('',(7.66137680664864,-29.1546326214286,25.2448073649477));
#5265=CARTESIAN_POINT('Ctrl Pts',(6.94345963634832,-28.2109674261509,24.8762698614241));
#5266=CARTESIAN_POINT('Ctrl Pts',(7.18283744249762,-28.525608476175,24.9991477869823));
#5267=CARTESIAN_POINT('Ctrl Pts',(7.42220482311311,-28.8401505970367,25.1220276372971));
#5268=CARTESIAN_POINT('Ctrl Pts',(7.66137680664865,-29.1546326214286,25.2448073649477));
#5269=CARTESIAN_POINT('Origin',(7.93686885407067,-29.6206701331423,23.5144695997347));
#5270=CARTESIAN_POINT('Ctrl Pts',(7.66137680664865,-29.1546326214286,25.2448073649477));
#5271=CARTESIAN_POINT('Ctrl Pts',(9.04201489263032,-31.0359136140331,25.9713142649048));
#5272=CARTESIAN_POINT('Ctrl Pts',(11.587226341944,-34.4479644890724,25.9909433768532));
#5273=CARTESIAN_POINT('Ctrl Pts',(14.6787088942692,-38.5502847623905,23.2316417039628));
#5274=CARTESIAN_POINT('Ctrl Pts',(15.9413434262537,-40.2189662922453,20.6432373457639));
#5275=CARTESIAN_POINT('Ctrl Pts',(16.3956708596136,-40.8190538670478,19.1943013999059));
#5276=CARTESIAN_POINT('Ctrl Pts',(8.08506342669067,-28.8366469752436,25.2266196183003));
#5277=CARTESIAN_POINT('Ctrl Pts',(9.4694853066535,-30.7062794717615,25.96634620071));
#5278=CARTESIAN_POINT('Ctrl Pts',(12.023115160385,-34.1116944165559,26.0065650303539));
#5279=CARTESIAN_POINT('Ctrl Pts',(15.1326292814586,-38.2243698143649,23.2544406384914));
#5280=CARTESIAN_POINT('Ctrl Pts',(16.4018058727211,-39.897643867865,20.6624410745538));
#5281=CARTESIAN_POINT('Ctrl Pts',(16.8591706716927,-40.5003080274499,19.2095190042768));
#5282=CARTESIAN_POINT('Ctrl Pts',(8.88520922737383,-28.3969026416112,24.7815917158577));
#5283=CARTESIAN_POINT('Ctrl Pts',(10.236383417738,-30.1772292832647,25.500667765532));
#5284=CARTESIAN_POINT('Ctrl Pts',(12.723121586651,-33.4412623706536,25.5513175529419));
#5285=CARTESIAN_POINT('Ctrl Pts',(15.7414411613845,-37.3932438124951,22.9074440262883));
#5286=CARTESIAN_POINT('Ctrl Pts',(16.9745036907995,-39.0060493251875,20.409394420869));
#5287=CARTESIAN_POINT('Ctrl Pts',(17.4180161882959,-39.5860837031841,19.0093911845986));
#5288=CARTESIAN_POINT('Ctrl Pts',(9.30347506421708,-28.4234033092321,23.8941181091873));
#5289=CARTESIAN_POINT('Ctrl Pts',(10.5608229745843,-30.0618226542423,24.542986517926));
#5290=CARTESIAN_POINT('Ctrl Pts',(12.8572907082179,-33.0548773627828,24.569779011089));
#5291=CARTESIAN_POINT('Ctrl Pts',(15.6313283355508,-36.6698845373693,22.1312139370252));
#5292=CARTESIAN_POINT('Ctrl Pts',(16.7620361256347,-38.1436130514029,19.8382715569726));
#5293=CARTESIAN_POINT('Ctrl Pts',(17.1687146459318,-38.6735830955976,18.5543084734361));
#5294=CARTESIAN_POINT('Ctrl Pts',(9.3752592894015,-28.5169543328622,23.5144695997347));
#5295=CARTESIAN_POINT('Ctrl Pts',(10.5883826953052,-30.0979275358234,24.1334231300764));
#5296=CARTESIAN_POINT('Ctrl Pts',(12.7986615649826,-32.9784190398418,24.1501463134882));
#5297=CARTESIAN_POINT('Ctrl Pts',(15.4644782393305,-36.4525789691951,21.7993365526807));
#5298=CARTESIAN_POINT('Ctrl Pts',(16.5502108363378,-37.8675332377358,19.5941241650853));
#5299=CARTESIAN_POINT('Ctrl Pts',(16.9407362677407,-38.3764758886799,18.3596912657134));
#5300=CARTESIAN_POINT('Ctrl Pts',(7.66137680664865,-29.1546326214286,25.2448073649477));
#5301=CARTESIAN_POINT('Ctrl Pts',(9.04201489263032,-31.0359136140331,25.9713142649048));
#5302=CARTESIAN_POINT('Ctrl Pts',(11.587226341944,-34.4479644890724,25.9909433768532));
#5303=CARTESIAN_POINT('Ctrl Pts',(14.6775507666721,-38.5487479559424,23.2326753903453));
#5304=CARTESIAN_POINT('Ctrl Pts',(15.9396876862935,-40.2167780835555,20.6466307385658));
#5305=CARTESIAN_POINT('Ctrl Pts',(16.3938828509567,-40.816692215896,19.1999999879825));
#5306=CARTESIAN_POINT('Origin',(0.269424964681781,-16.649999999999,13.5566349703643));
#5307=CARTESIAN_POINT('Origin',(0.269424964681055,-16.6499999999977,25.2448073649476));
#5308=CARTESIAN_POINT('Origin',(0.269424964681753,-16.649999999999,23.785253849923));
#5309=CARTESIAN_POINT('Ctrl Pts',(-21.5617599287453,-35.8209685978089,19.1967002157847));
#5310=CARTESIAN_POINT('Ctrl Pts',(-20.9674402788274,-35.3587930156974,20.6452419635314));
#5311=CARTESIAN_POINT('Ctrl Pts',(-19.3158274369145,-34.0736729092954,23.2328264041969));
#5312=CARTESIAN_POINT('Ctrl Pts',(-15.2683211070084,-30.9115725810243,25.9910257608619));
#5313=CARTESIAN_POINT('Ctrl Pts',(-11.9273075024844,-28.2749818982982,25.9711996794009));
#5314=CARTESIAN_POINT('Ctrl Pts',(-10.1070893005964,-26.8153696801137,25.244807364948));
#5315=CARTESIAN_POINT('Ctrl Pts',(-21.9269635351368,-35.3931188342717,19.2119230953031));
#5316=CARTESIAN_POINT('Ctrl Pts',(-21.3290423189964,-34.9292403306881,20.6644487889414));
#5317=CARTESIAN_POINT('Ctrl Pts',(-19.6699214515489,-33.641377790653,23.255624801583));
#5318=CARTESIAN_POINT('Ctrl Pts',(-15.6023215292539,-30.4739451982073,26.0066425917342));
#5319=CARTESIAN_POINT('Ctrl Pts',(-12.2548965204846,-27.8459442117561,25.9662295301826));
#5320=CARTESIAN_POINT('Ctrl Pts',(-10.4340384078462,-26.3985609656524,25.2266196183007));
#5321=CARTESIAN_POINT('Ctrl Pts',(-22.2301785608097,-34.365435785052,19.0117091032013));
#5322=CARTESIAN_POINT('Ctrl Pts',(-21.6514997820335,-33.919835872045,20.4113297417065));
#5323=CARTESIAN_POINT('Ctrl Pts',(-20.0429167677645,-32.6810392463875,22.9085831559309));
#5324=CARTESIAN_POINT('Ctrl Pts',(-16.1049817502838,-29.6452128183667,25.5513890896682));
#5325=CARTESIAN_POINT('Ctrl Pts',(-12.8587435299122,-27.1364457634395,25.5005539337531));
#5326=CARTESIAN_POINT('Ctrl Pts',(-11.0931055646406,-25.7667079654531,24.7815912975807));
#5327=CARTESIAN_POINT('Ctrl Pts',(-21.7532803712534,-33.5486161525703,18.5564343904358));
#5328=CARTESIAN_POINT('Ctrl Pts',(-21.2231508184196,-33.141851648186,19.8400476499298));
#5329=CARTESIAN_POINT('Ctrl Pts',(-19.7494388262788,-32.0109087914118,22.1322622461568));
#5330=CARTESIAN_POINT('Ctrl Pts',(-16.1346424733549,-29.2373230468859,24.5698497526867));
#5331=CARTESIAN_POINT('Ctrl Pts',(-13.1422788587573,-26.9410177919856,24.5428841776542));
#5332=CARTESIAN_POINT('Ctrl Pts',(-11.5039783445522,-25.684050099535,23.8941181091876));
#5333=CARTESIAN_POINT('Ctrl Pts',(-21.4562081059065,-33.3206645859896,18.3617349566362));
#5334=CARTESIAN_POINT('Ctrl Pts',(-20.9471290768239,-32.9300345079604,19.5958320156841));
#5335=CARTESIAN_POINT('Ctrl Pts',(-19.5320753958046,-31.8442256290753,21.8003458677916));
#5336=CARTESIAN_POINT('Ctrl Pts',(-16.0582515407857,-29.1786668336341,24.1502165012222));
#5337=CARTESIAN_POINT('Ctrl Pts',(-13.1782532182314,-26.9687663954041,24.1333255080137));
#5338=CARTESIAN_POINT('Ctrl Pts',(-11.5975293681823,-25.7558343247194,23.514469599735));
#5339=CARTESIAN_POINT('',(-10.1070893005959,-26.8153696801133,25.244807364948));
#5340=CARTESIAN_POINT('Ctrl Pts',(-21.5604055587256,-35.8199153647032,19.199999992773));
#5341=CARTESIAN_POINT('Ctrl Pts',(-20.9661859574656,-35.3578170270796,20.6472068156035));
#5342=CARTESIAN_POINT('Ctrl Pts',(-19.3149492498193,-34.0729868286631,23.2334248504706));
#5343=CARTESIAN_POINT('Ctrl Pts',(-15.2683211070084,-30.9115725810243,25.9910257608619));
#5344=CARTESIAN_POINT('Ctrl Pts',(-11.9273075024844,-28.2749818982982,25.9711996794009));
#5345=CARTESIAN_POINT('Ctrl Pts',(-10.1070893005964,-26.8153696801137,25.244807364948));
#5346=CARTESIAN_POINT('',(-11.5975293681814,-25.7558343247188,23.5144695997347));
#5347=CARTESIAN_POINT('Origin',(-10.4938135679021,-27.1942247600503,23.514469599735));
#5348=CARTESIAN_POINT('Ctrl Pts',(-21.0698147134774,-33.024174508002,19.1997555795338));
#5349=CARTESIAN_POINT('Ctrl Pts',(-20.610800809726,-32.6719607517959,20.0960756843724));
#5350=CARTESIAN_POINT('Ctrl Pts',(-19.3019530174759,-31.6676465176458,21.9557837491704));
#5351=CARTESIAN_POINT('Ctrl Pts',(-16.0589939928375,-29.1792365371308,24.1501533229669));
#5352=CARTESIAN_POINT('Ctrl Pts',(-13.1785025711427,-26.9689577306225,24.1334231300764));
#5353=CARTESIAN_POINT('Ctrl Pts',(-11.5975293681814,-25.7558343247188,23.5144695997347));
#5354=CARTESIAN_POINT('Ctrl Pts',(-10.1070893005961,-26.8153696801135,25.2448073649479));
#5355=CARTESIAN_POINT('Ctrl Pts',(-7.70533072538888,-24.9559949218238,24.3009154088444));
#5356=CARTESIAN_POINT('Ctrl Pts',(-5.29124727516018,-23.0959732810579,23.3510093346128));
#5357=CARTESIAN_POINT('Ctrl Pts',(-2.94228414658568,-21.1971916418406,22.4417758242045));
#5358=CARTESIAN_POINT('Ctrl Pts',(-10.4340384078459,-26.3985609656521,25.2266196183006));
#5359=CARTESIAN_POINT('Ctrl Pts',(-8.0315685258464,-24.5419645993655,24.2790604169561));
#5360=CARTESIAN_POINT('Ctrl Pts',(-5.61764907160148,-22.6829230940312,23.3276949007075));
#5361=CARTESIAN_POINT('Ctrl Pts',(-3.26293431899118,-20.8006431880988,22.3983131415351));
#5362=CARTESIAN_POINT('Ctrl Pts',(-11.0931222963955,-25.7666583424739,24.7816458191869));
#5363=CARTESIAN_POINT('Ctrl Pts',(-8.6863505858211,-23.9159793259858,23.8321485567872));
#5364=CARTESIAN_POINT('Ctrl Pts',(-6.27186769643821,-22.0612628673139,22.8785320483093));
#5365=CARTESIAN_POINT('Ctrl Pts',(-3.88870614157883,-20.2105939288212,21.9389045829785));
#5366=CARTESIAN_POINT('Ctrl Pts',(-11.503978344552,-25.6840500995349,23.8941181091875));
#5367=CARTESIAN_POINT('Ctrl Pts',(-9.09369186294875,-23.8346099982505,22.9485613709851));
#5368=CARTESIAN_POINT('Ctrl Pts',(-6.6794522716453,-21.9818696858117,21.9974973612386));
#5369=CARTESIAN_POINT('Ctrl Pts',(-4.27114680744159,-20.1341032616047,21.0792355516784));
#5370=CARTESIAN_POINT('Ctrl Pts',(-11.5975293681821,-25.7558343247193,23.514469599735));
#5371=CARTESIAN_POINT('Ctrl Pts',(-9.18657633869284,-23.9058449984426,22.5705776436314));
#5372=CARTESIAN_POINT('Ctrl Pts',(-6.77267857862847,-22.0535961009232,21.6206715693999));
#5373=CARTESIAN_POINT('Ctrl Pts',(-4.35832682728378,-20.2009988436422,20.7114380589915));
#5374=CARTESIAN_POINT('Ctrl Pts',(-11.5975293681814,-25.7558343247188,23.5144695997347));
#5375=CARTESIAN_POINT('Ctrl Pts',(-9.53577567196546,-24.1737950710469,22.707289739521));
#5376=CARTESIAN_POINT('Ctrl Pts',(-7.4720583236769,-22.5902490541447,21.895782552449));
#5377=CARTESIAN_POINT('Ctrl Pts',(-5.40739586782754,-21.0059778307046,21.108943697724));
#5378=CARTESIAN_POINT('',(-9.16970940549625,-26.089134370177,24.87651871701));
#5379=CARTESIAN_POINT('Ctrl Pts',(-10.1070893005961,-26.8153696801135,25.2448073649479));
#5380=CARTESIAN_POINT('Ctrl Pts',(-9.79467666287296,-26.5735084960838,25.1220290895725));
#5381=CARTESIAN_POINT('Ctrl Pts',(-9.48205548916302,-26.3316363668497,24.9991490557569));
#5382=CARTESIAN_POINT('Ctrl Pts',(-9.16939622758732,-26.0896694097526,24.8762700156091));
#5383=CARTESIAN_POINT('Ctrl Pts',(-9.16970940550246,-26.089134370185,24.8765187170131));
#5384=CARTESIAN_POINT('Ctrl Pts',(-9.16199312485749,-26.08141808954,24.8731045066337));
#5385=CARTESIAN_POINT('Ctrl Pts',(-9.15427717850986,-26.073702143191,24.8696887503791));
#5386=CARTESIAN_POINT('Ctrl Pts',(-7.31571758012587,-24.2351425447868,24.0553770944285));
#5387=CARTESIAN_POINT('Ctrl Pts',(-5.38590685193785,-22.3053318166186,23.1052865684331));
#5388=CARTESIAN_POINT('Ctrl Pts',(-3.59648485851985,-20.5159098232006,22.0927677835762));
#5389=CARTESIAN_POINT('Ctrl Pts',(-4.27776667715985,-19.8617091112665,22.4417758242045));
#5390=CARTESIAN_POINT('Ctrl Pts',(-6.1767961290595,-22.2109788063474,23.3511279999667));
#5391=CARTESIAN_POINT('Ctrl Pts',(-8.03659134216555,-24.6247833131515,24.3009262647252));
#5392=CARTESIAN_POINT('Ctrl Pts',(-9.89594471543216,-27.0265142652761,25.2448073649476));
#5393=CARTESIAN_POINT('Ctrl Pts',(-3.8812182234181,-20.182359283672,22.3983131415351));
#5394=CARTESIAN_POINT('Ctrl Pts',(-5.76374378836823,-22.5373813534413,23.3278161956379));
#5395=CARTESIAN_POINT('Ctrl Pts',(-7.62256098775249,-24.9510211217899,24.2790713150146));
#5396=CARTESIAN_POINT('Ctrl Pts',(-9.47913600097084,-27.3534633725259,25.2266196183003));
#5397=CARTESIAN_POINT('Ctrl Pts',(-3.29116896414044,-20.8081311062596,21.9389045829785));
#5398=CARTESIAN_POINT('Ctrl Pts',(-5.14207943605875,-23.1916036909105,22.8786546804212));
#5399=CARTESIAN_POINT('Ctrl Pts',(-6.99657564631619,-25.6058032312408,23.8321594771357));
#5400=CARTESIAN_POINT('Ctrl Pts',(-8.84723337779265,-28.0125472610755,24.7816458191866));
#5401=CARTESIAN_POINT('Ctrl Pts',(-3.21467829692395,-21.1905717721224,21.0792355516784));
#5402=CARTESIAN_POINT('Ctrl Pts',(-5.06268587574531,-23.5991915476848,21.9976172048886));
#5403=CARTESIAN_POINT('Ctrl Pts',(-6.91520630433187,-26.0131445487925,22.9485722460129));
#5404=CARTESIAN_POINT('Ctrl Pts',(-8.76462513485358,-28.4234033092321,23.8941181091873));
#5405=CARTESIAN_POINT('Ctrl Pts',(-3.28157387896141,-21.2777517919646,20.7114380589915));
#5406=CARTESIAN_POINT('Ctrl Pts',(-5.13441292133566,-23.6924186437775,21.6207902347537));
#5407=CARTESIAN_POINT('Ctrl Pts',(-6.98644131084069,-26.1060290322027,22.5705884995122));
#5408=CARTESIAN_POINT('Ctrl Pts',(-8.836409360038,-28.5169543328621,23.5144695997347));
#5409=CARTESIAN_POINT('',(-9.89594471543216,-27.0265142652761,25.2448073649476));
#5410=CARTESIAN_POINT('Ctrl Pts',(-9.17024476842319,-26.0888210046084,24.8762698614241));
#5411=CARTESIAN_POINT('Ctrl Pts',(-9.41220914944586,-26.4014773059257,24.9991477869823));
#5412=CARTESIAN_POINT('Ctrl Pts',(-9.65408067056236,-26.7140979321994,25.122027637297));
#5413=CARTESIAN_POINT('Ctrl Pts',(-9.89594471543216,-27.0265142652761,25.2448073649476));
#5414=CARTESIAN_POINT('',(-8.83640936003868,-28.516954332863,23.514469599735));
#5415=CARTESIAN_POINT('Origin',(-10.2747997953688,-27.413238532582,23.5144695997347));
#5416=CARTESIAN_POINT('Ctrl Pts',(-4.08655279420599,-22.3268207389135,21.1089440974055));
#5417=CARTESIAN_POINT('Ctrl Pts',(-5.67069391550714,-24.3913136423543,21.8957196872993));
#5418=CARTESIAN_POINT('Ctrl Pts',(-7.25437784285162,-26.4552107190304,22.7072936867905));
#5419=CARTESIAN_POINT('Ctrl Pts',(-8.83640936003856,-28.5169543328629,23.514469599735));
#5420=CARTESIAN_POINT('Ctrl Pts',(-9.89594471543217,-27.0265142652761,25.2448073649476));
#5421=CARTESIAN_POINT('Ctrl Pts',(-11.3557871816497,-28.8470195993595,25.9713142649048));
#5422=CARTESIAN_POINT('Ctrl Pts',(-13.9928260458583,-32.1886088236708,25.9909430912482));
#5423=CARTESIAN_POINT('Ctrl Pts',(-17.1552285626938,-36.2365102493689,23.23164157763));
#5424=CARTESIAN_POINT('Ctrl Pts',(-18.4402573047869,-37.8880081393404,20.6432373457638));
#5425=CARTESIAN_POINT('Ctrl Pts',(-18.9023087988576,-38.4821688339026,19.1943013999058));
#5426=CARTESIAN_POINT('Ctrl Pts',(-9.47913600097084,-27.3534633725259,25.2266196183003));
#5427=CARTESIAN_POINT('Ctrl Pts',(-10.9267475660358,-29.1746087183031,25.96634620071));
#5428=CARTESIAN_POINT('Ctrl Pts',(-13.5551977503756,-32.5226119719397,26.0065648902943));
#5429=CARTESIAN_POINT('Ctrl Pts',(-16.722935660979,-36.5906106887894,23.2544406117342));
#5430=CARTESIAN_POINT('Ctrl Pts',(-18.0107072258118,-38.2496163453714,20.6624410745537));
#5431=CARTESIAN_POINT('Ctrl Pts',(-18.4744613816003,-38.8473777790348,19.2095190042767));
#5432=CARTESIAN_POINT('Ctrl Pts',(-8.8472830014536,-28.0125305290904,24.781591296831));
#5433=CARTESIAN_POINT('Ctrl Pts',(-10.21723687014,-29.7784470167417,25.5006673465053));
#5434=CARTESIAN_POINT('Ctrl Pts',(-12.7264353555567,-33.0252452622182,25.5513168034687));
#5435=CARTESIAN_POINT('Ctrl Pts',(-15.7625576474982,-36.9635660776801,22.907443489082));
#5436=CARTESIAN_POINT('Ctrl Pts',(-17.0012679725029,-38.5720376328337,20.409394155595));
#5437=CARTESIAN_POINT('Ctrl Pts',(-17.4467486772523,-39.1505617522871,19.0093909193247));
#5438=CARTESIAN_POINT('Ctrl Pts',(-8.76462513485358,-28.4234033092321,23.8941181091873));
#5439=CARTESIAN_POINT('Ctrl Pts',(-10.0217911089677,-30.0619622588394,24.5429865179259));
#5440=CARTESIAN_POINT('Ctrl Pts',(-12.3184903677766,-33.0548393245155,24.5697787277734));
#5441=CARTESIAN_POINT('Ctrl Pts',(-15.0923453664346,-36.6699865840504,22.1312138059989));
#5442=CARTESIAN_POINT('Ctrl Pts',(-16.223209110008,-38.1435954690742,19.8382715569725));
#5443=CARTESIAN_POINT('Ctrl Pts',(-16.6298647165683,-38.6735830955976,18.5543084734361));
#5444=CARTESIAN_POINT('Ctrl Pts',(-8.836409360038,-28.5169543328621,23.5144695997347));
#5445=CARTESIAN_POINT('Ctrl Pts',(-10.0495327659417,-30.0979275358234,24.1334231300764));
#5446=CARTESIAN_POINT('Ctrl Pts',(-12.2598116377905,-32.9784190426717,24.1501460701647));
#5447=CARTESIAN_POINT('Ctrl Pts',(-14.9256282931046,-36.4525789472197,21.7993364450504));
#5448=CARTESIAN_POINT('Ctrl Pts',(-16.0113609069743,-37.8675332377358,19.5941241650852));
#5449=CARTESIAN_POINT('Ctrl Pts',(-16.4018863383772,-38.3764758886799,18.3596912657133));
#5450=CARTESIAN_POINT('Ctrl Pts',(-8.83640936003869,-28.516954332863,23.514469599735));
#5451=CARTESIAN_POINT('Ctrl Pts',(-10.0493414307234,-30.0976781829122,24.1333255080137));
#5452=CARTESIAN_POINT('Ctrl Pts',(-12.2592418035501,-32.9776764202312,24.1502237485525));
#5453=CARTESIAN_POINT('Ctrl Pts',(-14.7478036615946,-36.2208333755196,21.9563845965101));
#5454=CARTESIAN_POINT('Ctrl Pts',(-15.7523556235136,-37.5299909806299,20.0965383585039));
#5455=CARTESIAN_POINT('Ctrl Pts',(-16.1047504521526,-37.9892408625702,19.1997565405037));
#5456=CARTESIAN_POINT('Ctrl Pts',(-9.89594471543217,-27.0265142652761,25.2448073649476));
#5457=CARTESIAN_POINT('Ctrl Pts',(-11.3557871816497,-28.8470195993595,25.9713142649048));
#5458=CARTESIAN_POINT('Ctrl Pts',(-13.9928260458583,-32.1886088236708,25.9909430912482));
#5459=CARTESIAN_POINT('Ctrl Pts',(-17.1540438671421,-36.2349938292462,23.2326752639528));
#5460=CARTESIAN_POINT('Ctrl Pts',(-18.4385721945086,-37.8858424672332,20.6466307384002));
#5461=CARTESIAN_POINT('Ctrl Pts',(-18.9004903897105,-38.4798305098672,19.1999999879823));
#5462=CARTESIAN_POINT('Origin',(0.269424964681781,-16.649999999999,13.5566349703643));
#5463=CARTESIAN_POINT('Origin',(0.269424964682787,-16.649999999998,25.2448073649476));
#5464=CARTESIAN_POINT('Origin',(0.269424964681753,-16.649999999999,23.785253849923));
#5465=CARTESIAN_POINT('Ctrl Pts',(-25.7796921285467,-29.517407256027,19.1967002157847));
#5466=CARTESIAN_POINT('Ctrl Pts',(-25.0860035867882,-29.2248011692627,20.6452419635313));
#5467=CARTESIAN_POINT('Ctrl Pts',(-23.1580522028286,-28.410938343029,23.2328167554562));
#5468=CARTESIAN_POINT('Ctrl Pts',(-18.4300520453247,-26.4041566428468,25.9910040010179));
#5469=CARTESIAN_POINT('Ctrl Pts',(-14.5204806359444,-24.7221235951863,25.9711996794009));
#5470=CARTESIAN_POINT('Ctrl Pts',(-12.3845094247288,-23.7833535941657,25.244807364948));
#5471=CARTESIAN_POINT('Ctrl Pts',(-26.0217160565682,-29.0096144709804,19.2119230953031));
#5472=CARTESIAN_POINT('Ctrl Pts',(-25.3241079204709,-28.7162956423167,20.6644487889414));
#5473=CARTESIAN_POINT('Ctrl Pts',(-23.3881953716327,-27.9017272105906,23.2556227474137));
#5474=CARTESIAN_POINT('Ctrl Pts',(-18.639403528566,-25.8949942952123,26.0066319331223));
#5475=CARTESIAN_POINT('Ctrl Pts',(-14.7258642044956,-24.2229187364791,25.9662295301826));
#5476=CARTESIAN_POINT('Ctrl Pts',(-12.5924399778362,-23.2961266365096,25.2266196183007));
#5477=CARTESIAN_POINT('Ctrl Pts',(-26.0486249396012,-27.9384677875849,19.0117130679292));
#5478=CARTESIAN_POINT('Ctrl Pts',(-25.3743344180737,-27.6578244123632,20.4113337064344));
#5479=CARTESIAN_POINT('Ctrl Pts',(-23.4999326852492,-26.8775687271416,22.9085768320204));
#5480=CARTESIAN_POINT('Ctrl Pts',(-18.9104527761202,-24.9643993877267,25.5513698650472));
#5481=CARTESIAN_POINT('Ctrl Pts',(-15.1255042961327,-23.3813027544438,25.5005601938539));
#5482=CARTESIAN_POINT('Ctrl Pts',(-13.0655147566847,-22.5152183722927,24.7815975576815));
#5483=CARTESIAN_POINT('Ctrl Pts',(-25.3765585802146,-27.2729142046923,18.5564343904358));
#5484=CARTESIAN_POINT('Ctrl Pts',(-24.759214353247,-27.0172174893349,19.8400476499298));
#5485=CARTESIAN_POINT('Ctrl Pts',(-23.043006305767,-26.3062341618712,22.1322522406361));
#5486=CARTESIAN_POINT('Ctrl Pts',(-18.8335272026773,-24.5627352926629,24.5698281652128));
#5487=CARTESIAN_POINT('Ctrl Pts',(-15.3487975309729,-23.1191554872988,24.5428841776542));
#5488=CARTESIAN_POINT('Ctrl Pts',(-13.4409935751948,-22.3290413050274,23.8941181091876));
#5489=CARTESIAN_POINT('Ctrl Pts',(-25.0306106000498,-27.1296178594325,18.3617349566362));
#5490=CARTESIAN_POINT('Ctrl Pts',(-24.4377755144529,-26.8840575267276,19.5958320156841));
#5491=CARTESIAN_POINT('Ctrl Pts',(-22.7899086573672,-26.2014887255376,21.8003376474675));
#5492=CARTESIAN_POINT('Ctrl Pts',(-18.7445572866523,-24.5258493232229,24.1501979627441));
#5493=CARTESIAN_POINT('Ctrl Pts',(-15.3907279609129,-23.136647730617,24.1333255080137));
#5494=CARTESIAN_POINT('Ctrl Pts',(-13.5499360496105,-22.3741667554489,23.514469599735));
#5495=CARTESIAN_POINT('',(-12.3845094247282,-23.7833535941654,25.244807364948));
#5496=CARTESIAN_POINT('Ctrl Pts',(-25.7781113107777,-29.5167404477234,19.1999999927647));
#5497=CARTESIAN_POINT('Ctrl Pts',(-25.0845393991823,-29.2241830781605,20.6472068082767));
#5498=CARTESIAN_POINT('Ctrl Pts',(-23.1570263690471,-28.4105029317786,23.2334151991021));
#5499=CARTESIAN_POINT('Ctrl Pts',(-18.4300520453247,-26.4041566428468,25.9910040010179));
#5500=CARTESIAN_POINT('Ctrl Pts',(-14.5204806359444,-24.7221235951863,25.9711996794009));
#5501=CARTESIAN_POINT('Ctrl Pts',(-12.3845094247288,-23.7833535941657,25.244807364948));
#5502=CARTESIAN_POINT('',(-13.5499360496094,-22.3741667554484,23.5144695997347));
#5503=CARTESIAN_POINT('Origin',(-12.8561112921935,-24.0492078947151,23.514469599735));
#5504=CARTESIAN_POINT('Ctrl Pts',(-24.5806458708437,-26.9432363660058,19.1997555143821));
#5505=CARTESIAN_POINT('Ctrl Pts',(-24.0461127956377,-26.7218255167184,20.0960752440362));
#5506=CARTESIAN_POINT('Ctrl Pts',(-22.5219269049738,-26.0904870492277,21.9557814115048));
#5507=CARTESIAN_POINT('Ctrl Pts',(-18.7454217127259,-24.5262073802262,24.150148403852));
#5508=CARTESIAN_POINT('Ctrl Pts',(-15.3910183385282,-23.1367680089635,24.1334231300764));
#5509=CARTESIAN_POINT('Ctrl Pts',(-13.5499360496094,-22.3741667554484,23.5144695997347));
#5510=CARTESIAN_POINT('Ctrl Pts',(-12.3845094247284,-23.7833535941655,25.2448073649479));
#5511=CARTESIAN_POINT('Ctrl Pts',(-9.58334718899625,-22.6089563553854,24.3009154088444));
#5512=CARTESIAN_POINT('Ctrl Pts',(-6.77011261267029,-21.4371241884991,23.3510093346128));
#5513=CARTESIAN_POINT('Ctrl Pts',(-4.00974761105898,-20.2109983586143,22.4417758242045));
#5514=CARTESIAN_POINT('Ctrl Pts',(-12.5924399778358,-23.2961266365095,25.2266196183005));
#5515=CARTESIAN_POINT('Ctrl Pts',(-9.79130977326778,-22.1245972180655,24.2790604169561));
#5516=CARTESIAN_POINT('Ctrl Pts',(-6.97848728261444,-20.9536693440218,23.3276949007075));
#5517=CARTESIAN_POINT('Ctrl Pts',(-4.21683760165518,-19.7449715943362,22.3983131415351));
#5518=CARTESIAN_POINT('Ctrl Pts',(-13.0655179018358,-22.5151688361751,24.7816492349417));
#5519=CARTESIAN_POINT('Ctrl Pts',(-10.2617639727714,-21.3504685338886,23.832151972542));
#5520=CARTESIAN_POINT('Ctrl Pts',(-7.44951671096932,-20.1838645073326,22.8785349682791));
#5521=CARTESIAN_POINT('Ctrl Pts',(-4.66857104944986,-19.0130631816852,21.9389075029483));
#5522=CARTESIAN_POINT('Ctrl Pts',(-13.4409935751946,-22.3290413050273,23.8941181091875));
#5523=CARTESIAN_POINT('Ctrl Pts',(-10.6341652928698,-21.1664473926141,22.9485613709851));
#5524=CARTESIAN_POINT('Ctrl Pts',(-7.82266444229189,-20.0016888610925,21.9974973612386));
#5525=CARTESIAN_POINT('Ctrl Pts',(-5.01818285533867,-18.8401988715615,21.0792355516784));
#5526=CARTESIAN_POINT('Ctrl Pts',(-13.5499360496103,-22.3741667554488,23.514469599735));
#5527=CARTESIAN_POINT('Ctrl Pts',(-10.7423217815799,-21.2112148477184,22.5705776436314));
#5528=CARTESIAN_POINT('Ctrl Pts',(-7.93127830216427,-20.046842514124,21.6206715693999));
#5529=CARTESIAN_POINT('Ctrl Pts',(-5.11970613870515,-18.8822511924286,20.7114380589915));
#5530=CARTESIAN_POINT('Ctrl Pts',(-13.5499360496094,-22.3741667554484,23.5144695997347));
#5531=CARTESIAN_POINT('Ctrl Pts',(-11.1489730180375,-21.3796553050149,22.707289739521));
#5532=CARTESIAN_POINT('Ctrl Pts',(-8.74572326519423,-20.3841966636174,21.895782552449));
#5533=CARTESIAN_POINT('Ctrl Pts',(-6.34137291128574,-19.388282138332,21.108943697724));
#5534=CARTESIAN_POINT('',(-11.2911064455698,-23.3244759216829,24.87651871701));
#5535=CARTESIAN_POINT('Ctrl Pts',(-12.3845094247284,-23.7833535941655,25.2448073649479));
#5536=CARTESIAN_POINT('Ctrl Pts',(-12.0201437087946,-23.6305919707078,25.1220290895725));
#5537=CARTESIAN_POINT('Ctrl Pts',(-11.6555737297381,-23.4778737480796,24.9991490557569));
#5538=CARTESIAN_POINT('Ctrl Pts',(-11.2909424173714,-23.3250737866344,24.8762700156091));
#5539=CARTESIAN_POINT('Ctrl Pts',(-11.2911064455779,-23.324475921689,24.8765187170131));
#5540=CARTESIAN_POINT('Ctrl Pts',(-11.2816559704318,-23.3190196873194,24.8731045066337));
#5541=CARTESIAN_POINT('Ctrl Pts',(-11.2722059047142,-23.3135636893323,24.8696887503791));
#5542=CARTESIAN_POINT('Ctrl Pts',(-9.02043946584041,-22.0135057296799,24.0553770944285));
#5543=CARTESIAN_POINT('Ctrl Pts',(-6.65691367374078,-20.6489234773908,23.1052865684331));
#5544=CARTESIAN_POINT('Ctrl Pts',(-4.46532826454677,-19.3836110514405,22.0927677835762));
#5545=CARTESIAN_POINT('Ctrl Pts',(-4.95407636458415,-18.5753729784605,22.4417758242045));
#5546=CARTESIAN_POINT('Ctrl Pts',(-7.39643369622674,-20.3530882604952,23.3511279999667));
#5547=CARTESIAN_POINT('Ctrl Pts',(-9.81759650168985,-22.2032939520879,24.3009262647252));
#5548=CARTESIAN_POINT('Ctrl Pts',(-12.2352076567478,-24.0419518419659,25.2448073649476));
#5549=CARTESIAN_POINT('Ctrl Pts',(-4.65403034317395,-18.9877315533254,22.3983131415351));
#5550=CARTESIAN_POINT('Ctrl Pts',(-7.08193496830177,-20.7752747228948,23.3278161956379));
#5551=CARTESIAN_POINT('Ctrl Pts',(-9.50211044760279,-22.6255744179364,24.2790713150146));
#5552=CARTESIAN_POINT('Ctrl Pts',(-11.9172220105628,-24.4656384620079,25.2266196183003));
#5553=CARTESIAN_POINT('Ctrl Pts',(-4.24604627944236,-19.7448980542645,21.9389069060939));
#5554=CARTESIAN_POINT('Ctrl Pts',(-6.65077660480453,-21.5681048991185,22.8786570035367));
#5555=CARTESIAN_POINT('Ctrl Pts',(-9.06692294648231,-23.4200637420832,23.8321621946955));
#5556=CARTESIAN_POINT('Ctrl Pts',(-11.477432236545,-25.2658144908952,24.7816485367464));
#5557=CARTESIAN_POINT('Ctrl Pts',(-4.27114680744161,-20.1341032616047,21.0792355516784));
#5558=CARTESIAN_POINT('Ctrl Pts',(-6.6795817253292,-21.9823517516383,21.9976172048886));
#5559=CARTESIAN_POINT('Ctrl Pts',(-9.0937560616981,-23.8345837304965,22.9485722460129));
#5560=CARTESIAN_POINT('Ctrl Pts',(-11.5039783445513,-25.6840500995343,23.8941181091873));
#5561=CARTESIAN_POINT('Ctrl Pts',(-4.3583268272838,-20.2009988436422,20.7114380589915));
#5562=CARTESIAN_POINT('Ctrl Pts',(-6.77299367909673,-22.0538378860164,21.6207902347537));
#5563=CARTESIAN_POINT('Ctrl Pts',(-9.18660406752191,-23.9058662755214,22.5705884995122));
#5564=CARTESIAN_POINT('Ctrl Pts',(-11.5975293681814,-25.7558343247188,23.5144695997347));
#5565=CARTESIAN_POINT('',(-12.2352076567478,-24.0419518419659,25.2448073649476));
#5566=CARTESIAN_POINT('Ctrl Pts',(-11.2915424614702,-23.3240346716656,24.8762698614241));
#5567=CARTESIAN_POINT('Ctrl Pts',(-11.6061835114942,-23.5634124778149,24.9991477869823));
#5568=CARTESIAN_POINT('Ctrl Pts',(-11.920725632356,-23.8027798584304,25.122027637297));
#5569=CARTESIAN_POINT('Ctrl Pts',(-12.2352076567478,-24.0419518419659,25.2448073649476));
#5570=CARTESIAN_POINT('Origin',(-12.7012451684615,-24.3174438893879,23.5144695997347));
#5571=CARTESIAN_POINT('Ctrl Pts',(-12.2352076567478,-24.0419518419659,25.2448073649476));
#5572=CARTESIAN_POINT('Ctrl Pts',(-14.1164886493524,-25.4225899279476,25.9713142649048));
#5573=CARTESIAN_POINT('Ctrl Pts',(-17.5285394949672,-27.9678013026333,25.9909516043442));
#5574=CARTESIAN_POINT('Ctrl Pts',(-21.6308605626412,-31.0592845075722,23.2316453399554));
#5575=CARTESIAN_POINT('Ctrl Pts',(-23.2995413275646,-32.3219184615709,20.6432373457638));
#5576=CARTESIAN_POINT('Ctrl Pts',(-23.899628902367,-32.7762458949308,19.1943013999058));
#5577=CARTESIAN_POINT('Ctrl Pts',(-11.9172220105628,-24.4656384620079,25.2266196183003));
#5578=CARTESIAN_POINT('Ctrl Pts',(-13.7868545070807,-25.8500603419708,25.96634620071));
#5579=CARTESIAN_POINT('Ctrl Pts',(-17.1922701291184,-28.403690522563,26.0065690663043));
#5580=CARTESIAN_POINT('Ctrl Pts',(-21.3049454024268,-31.5132046529901,23.2544414067242));
#5581=CARTESIAN_POINT('Ctrl Pts',(-22.9782189031842,-32.7823809080384,20.6624410745537));
#5582=CARTESIAN_POINT('Ctrl Pts',(-23.5808830627691,-33.2397457070099,19.2095190042767));
#5583=CARTESIAN_POINT('Ctrl Pts',(-11.4774763194573,-25.2657851657198,24.7815934133087));
#5584=CARTESIAN_POINT('Ctrl Pts',(-13.2578029611108,-26.616959356084,25.500669462983));
#5585=CARTESIAN_POINT('Ctrl Pts',(-16.5218366855321,-29.1036982808892,25.5513288501083));
#5586=CARTESIAN_POINT('Ctrl Pts',(-20.473819432059,-32.1220188615036,22.9074500886487));
#5587=CARTESIAN_POINT('Ctrl Pts',(-22.0866248969394,-33.3550814238102,20.4093954954767));
#5588=CARTESIAN_POINT('Ctrl Pts',(-22.666659274936,-33.7985939213066,19.0093922592064));
#5589=CARTESIAN_POINT('Ctrl Pts',(-11.5039783445513,-25.6840500995343,23.8941181091873));
#5590=CARTESIAN_POINT('Ctrl Pts',(-13.1423976895615,-26.9413980099016,24.5429865179259));
#5591=CARTESIAN_POINT('Ctrl Pts',(-16.1354522528002,-29.2378654559646,24.5697871724334));
#5592=CARTESIAN_POINT('Ctrl Pts',(-19.750460333286,-32.0119038196719,22.1312177084043));
#5593=CARTESIAN_POINT('Ctrl Pts',(-21.2241880867221,-33.142611160952,19.8382715569725));
#5594=CARTESIAN_POINT('Ctrl Pts',(-21.7541581309168,-33.549289681249,18.554308473436));
#5595=CARTESIAN_POINT('Ctrl Pts',(-11.5975293681814,-25.7558343247188,23.5144695997347));
#5596=CARTESIAN_POINT('Ctrl Pts',(-13.1785025711427,-26.9689577306225,24.1334231300764));
#5597=CARTESIAN_POINT('Ctrl Pts',(-16.0589939928375,-29.1792365371308,24.1501533229669));
#5598=CARTESIAN_POINT('Ctrl Pts',(-19.5331546382216,-31.8450537609085,21.7993396503945));
#5599=CARTESIAN_POINT('Ctrl Pts',(-20.948108273055,-32.930785871655,19.5941241650852));
#5600=CARTESIAN_POINT('Ctrl Pts',(-21.4570509239991,-33.321311303058,18.3596912657133));
#5601=CARTESIAN_POINT('Ctrl Pts',(-12.2352076567478,-24.0419518419659,25.2448073649476));
#5602=CARTESIAN_POINT('Ctrl Pts',(-14.1164886493524,-25.4225899279476,25.9713142649048));
#5603=CARTESIAN_POINT('Ctrl Pts',(-17.5285394949672,-27.9678013026333,25.9909516043442));
#5604=CARTESIAN_POINT('Ctrl Pts',(-21.6293237558973,-31.0581263797319,23.2326790280568));
#5605=CARTESIAN_POINT('Ctrl Pts',(-23.2973531198796,-32.32026272237,20.6466307433289));
#5606=CARTESIAN_POINT('Ctrl Pts',(-23.8972672512198,-32.7744578862774,19.1999999879854));
#5607=CARTESIAN_POINT('Origin',(0.269424964681779,-16.649999999999,13.5566349703643));
#5608=CARTESIAN_POINT('Origin',(0.269424964683009,-16.6499999999983,25.2448073649476));
#5609=CARTESIAN_POINT('Origin',(0.269424964681751,-16.649999999999,23.785253849923));
#5610=CARTESIAN_POINT('Ctrl Pts',(-28.2224200466461,-22.3369533741426,19.1967002157847));
#5611=CARTESIAN_POINT('Ctrl Pts',(-27.4766363407932,-22.2338574039842,20.6452419635313));
#5612=CARTESIAN_POINT('Ctrl Pts',(-25.4037315503571,-21.9467163207388,23.2328028738197));
#5613=CARTESIAN_POINT('Ctrl Pts',(-20.3174445613815,-21.2320109051753,25.9909728679475));
#5614=CARTESIAN_POINT('Ctrl Pts',(-16.1057461441962,-20.6191634088773,25.9711996794009));
#5615=CARTESIAN_POINT('Ctrl Pts',(-13.7995848318381,-20.2652112491994,25.244807364948));
#5616=CARTESIAN_POINT('Ctrl Pts',(-28.3247707655662,-21.7838228067204,19.2119230953031));
#5617=CARTESIAN_POINT('Ctrl Pts',(-27.5750165511352,-21.6810528464178,20.6644487889414));
#5618=CARTESIAN_POINT('Ctrl Pts',(-25.4942404201395,-21.3952906164534,23.2556197488868));
#5619=CARTESIAN_POINT('Ctrl Pts',(-20.3878787139536,-20.6860128789444,26.0066167115083));
#5620=CARTESIAN_POINT('Ctrl Pts',(-16.1749277125141,-20.0838113641508,25.9662295301826));
#5621=CARTESIAN_POINT('Ctrl Pts',(-13.8743267072304,-19.7407697603322,25.2266196183007));
#5622=CARTESIAN_POINT('Ctrl Pts',(-28.073550438773,-20.7421960949781,19.0117228705222));
#5623=CARTESIAN_POINT('Ctrl Pts',(-27.3495999592183,-20.645634639778,20.4113435090275));
#5624=CARTESIAN_POINT('Ctrl Pts',(-25.3371096803923,-20.3770956511538,22.9085735580403));
#5625=CARTESIAN_POINT('Ctrl Pts',(-20.4088516008967,-19.7169613236316,25.5513487352674));
#5626=CARTESIAN_POINT('Ctrl Pts',(-16.3431212233677,-19.1674237096193,25.5005756716423));
#5627=CARTESIAN_POINT('Ctrl Pts',(-14.129164992563,-18.8640149626751,24.78161303547));
#5628=CARTESIAN_POINT('Ctrl Pts',(-27.2521053925829,-20.2732782089602,18.5564343904358));
#5629=CARTESIAN_POINT('Ctrl Pts',(-26.5896174803397,-20.1860745912225,19.8400476499298));
#5630=CARTESIAN_POINT('Ctrl Pts',(-24.7478685819834,-19.9435039315344,22.1322378527037));
#5631=CARTESIAN_POINT('Ctrl Pts',(-20.2305776006735,-19.3489071487635,24.5697972741774));
#5632=CARTESIAN_POINT('Ctrl Pts',(-16.4909601504426,-18.8564309269375,24.5428841776542));
#5633=CARTESIAN_POINT('Ctrl Pts',(-14.4436664398827,-18.5870152306416,23.8941181091876));
#5634=CARTESIAN_POINT('Ctrl Pts',(-26.8808574807423,-20.2244024941423,18.3617349566361));
#5635=CARTESIAN_POINT('Ctrl Pts',(-26.2446670700082,-20.140646437628,19.5958320156841));
#5636=CARTESIAN_POINT('Ctrl Pts',(-24.4762851436569,-19.9078345403355,21.8003258208931));
#5637=CARTESIAN_POINT('Ctrl Pts',(-20.1350917067371,-19.336305581855,24.1501714386686));
#5638=CARTESIAN_POINT('Ctrl Pts',(-16.5359891613414,-18.8624747426804,24.1333255080137));
#5639=CARTESIAN_POINT('Ctrl Pts',(-14.5605761154885,-18.6024066814272,23.514469599735));
#5640=CARTESIAN_POINT('',(-13.7995848318375,-20.2652112491992,25.244807364948));
#5641=CARTESIAN_POINT('Ctrl Pts',(-28.2207205112448,-22.3367184325261,19.1999999927526));
#5642=CARTESIAN_POINT('Ctrl Pts',(-27.4750620677207,-22.2336393330866,20.6472067977357));
#5643=CARTESIAN_POINT('Ctrl Pts',(-25.402627979113,-21.9465612511672,23.2334013137226));
#5644=CARTESIAN_POINT('Ctrl Pts',(-20.3174445613815,-21.2320109051753,25.9909728679475));
#5645=CARTESIAN_POINT('Ctrl Pts',(-16.1057461441962,-20.6191634088773,25.9711996794009));
#5646=CARTESIAN_POINT('Ctrl Pts',(-13.7995848318381,-20.2652112491994,25.244807364948));
#5647=CARTESIAN_POINT('',(-14.5605761154874,-18.6024066814271,23.5144695997347));
#5648=CARTESIAN_POINT('Origin',(-14.3239254115531,-20.3999472391243,23.514469599735));
#5649=CARTESIAN_POINT('Ctrl Pts',(-26.3979855521086,-20.1608311987228,19.1997553223966));
#5650=CARTESIAN_POINT('Ctrl Pts',(-25.8243607071835,-20.0853120552103,20.0960739449437));
#5651=CARTESIAN_POINT('Ctrl Pts',(-24.1887066555318,-19.8699741141214,21.9557745150819));
#5652=CARTESIAN_POINT('Ctrl Pts',(-20.1360192047388,-19.3364276892834,24.150133921949));
#5653=CARTESIAN_POINT('Ctrl Pts',(-16.5363007749062,-18.8625157673845,24.1334231300764));
#5654=CARTESIAN_POINT('Ctrl Pts',(-14.5605761154874,-18.6024066814271,23.5144695997347));
#5655=CARTESIAN_POINT('Ctrl Pts',(-13.7995848318377,-20.2652112491993,25.2448073649479));
#5656=CARTESIAN_POINT('Ctrl Pts',(-10.7899135128063,-19.8558247609685,24.3009154088444));
#5657=CARTESIAN_POINT('Ctrl Pts',(-7.76924509766974,-19.4520404935908,23.3510093346128));
#5658=CARTESIAN_POINT('Ctrl Pts',(-4.78559253616258,-18.9821289220764,22.4417758242045));
#5659=CARTESIAN_POINT('Ctrl Pts',(-13.87432670723,-19.7407697603322,25.2266196183005));
#5660=CARTESIAN_POINT('Ctrl Pts',(-10.8654285744481,-19.3341450835538,24.2790604169561));
#5661=CARTESIAN_POINT('Ctrl Pts',(-7.84539225171544,-18.9311276403671,23.3276949007075));
#5662=CARTESIAN_POINT('Ctrl Pts',(-4.86500950432273,-18.4783828011018,22.3983131415351));
#5663=CARTESIAN_POINT('Ctrl Pts',(-14.1291562647753,-18.8639715488248,24.7816591391598));
#5664=CARTESIAN_POINT('Ctrl Pts',(-11.1194913140641,-18.4646223615824,23.8321618767601));
#5665=CARTESIAN_POINT('Ctrl Pts',(-8.10113014379885,-18.0656334760139,22.8785434349343));
#5666=CARTESIAN_POINT('Ctrl Pts',(-5.11191722672185,-17.6544879387141,21.9389159696035));
#5667=CARTESIAN_POINT('Ctrl Pts',(-14.4436664398824,-18.5870152306415,23.8941181091875));
#5668=CARTESIAN_POINT('Ctrl Pts',(-11.4315770657736,-18.1904963609532,22.9485613709851));
#5669=CARTESIAN_POINT('Ctrl Pts',(-8.41441409266324,-17.7930959794174,21.9974973612386));
#5670=CARTESIAN_POINT('Ctrl Pts',(-5.40487716848644,-17.3970360478961,21.0792355516784));
#5671=CARTESIAN_POINT('Ctrl Pts',(-14.5605761154883,-18.6024066814272,23.514469599735));
#5672=CARTESIAN_POINT('Ctrl Pts',(-11.5476348814812,-18.2057454428861,22.5705776436314));
#5673=CARTESIAN_POINT('Ctrl Pts',(-8.53101365036742,-17.8085997235348,21.6206715693999));
#5674=CARTESIAN_POINT('Ctrl Pts',(-5.51382507139094,-17.4113793114204,20.7114380589915));
#5675=CARTESIAN_POINT('Ctrl Pts',(-14.5605761154874,-18.6024066814271,23.5144695997347));
#5676=CARTESIAN_POINT('Ctrl Pts',(-11.984025411382,-18.263197346071,22.707289739521));
#5677=CARTESIAN_POINT('Ctrl Pts',(-9.40502075308235,-17.9236649415163,21.895782552449));
#5678=CARTESIAN_POINT('Ctrl Pts',(-6.82483500435676,-17.5839770434572,21.108943697724));
#5679=CARTESIAN_POINT('',(-12.6246723747162,-20.104962969219,24.87651871701));
#5680=CARTESIAN_POINT('Ctrl Pts',(-13.7995848318377,-20.2652112491993,25.2448073649479));
#5681=CARTESIAN_POINT('Ctrl Pts',(-13.4080969590913,-20.2119596385018,25.1220290895725));
#5682=CARTESIAN_POINT('Ctrl Pts',(-13.0164230162806,-20.1588028169726,24.9991490557569));
#5683=CARTESIAN_POINT('Ctrl Pts',(-12.624668674479,-20.105582916038,24.8762700156091));
#5684=CARTESIAN_POINT('Ctrl Pts',(-12.6246723747256,-20.1049629692228,24.8765187170131));
#5685=CARTESIAN_POINT('Ctrl Pts',(-12.6141317393418,-20.102138614484,24.8731045066337));
#5686=CARTESIAN_POINT('Ctrl Pts',(-12.603591560616,-20.0993143821053,24.8696887503791));
#5687=CARTESIAN_POINT('Ctrl Pts',(-10.0920724428417,-19.4263548627076,24.0553770944285));
#5688=CARTESIAN_POINT('Ctrl Pts',(-7.45590196365102,-18.7199951117122,23.1052865684331));
#5689=CARTESIAN_POINT('Ctrl Pts',(-5.01150606255144,-18.0650212040306,22.0927677835762));
#5690=CARTESIAN_POINT('Ctrl Pts',(-5.27441306866307,-17.1578258590018,22.4417758242045));
#5691=CARTESIAN_POINT('Ctrl Pts',(-8.09365566408346,-18.2428383693329,23.3511279999667));
#5692=CARTESIAN_POINT('Ctrl Pts',(-10.9111878178721,-19.4033567854417,24.3009262647252));
#5693=CARTESIAN_POINT('Ctrl Pts',(-13.7223005497955,-20.5536401164036,25.2448073649476));
#5694=CARTESIAN_POINT('Ctrl Pts',(-5.09131712009403,-17.6337912809037,22.3983131415351));
#5695=CARTESIAN_POINT('Ctrl Pts',(-7.89914311749916,-18.7320374373218,23.3278161956379));
#5696=CARTESIAN_POINT('Ctrl Pts',(-10.7157459173317,-19.892902192604,24.2790713150145));
#5697=CARTESIAN_POINT('Ctrl Pts',(-13.5248081681782,-21.0451907062573,25.2266196183003));
#5698=CARTESIAN_POINT('Ctrl Pts',(-4.89319955408314,-18.4707572135175,21.9389136328207));
#5699=CARTESIAN_POINT('Ctrl Pts',(-7.68787133522046,-19.6094497850898,22.8786637302635));
#5700=CARTESIAN_POINT('Ctrl Pts',(-10.5010110439921,-20.7729604352193,23.8321700635609));
#5701=CARTESIAN_POINT('Ctrl Pts',(-13.3070996680782,-21.9319330397245,24.7816564056117));
#5702=CARTESIAN_POINT('Ctrl Pts',(-5.01818285533869,-18.8401988715615,21.0792355516784));
#5703=CARTESIAN_POINT('Ctrl Pts',(-7.82291425276538,-20.0021209958455,21.9976172048886));
#5704=CARTESIAN_POINT('Ctrl Pts',(-10.6342205055048,-21.1664054040531,22.9485722460129));
#5705=CARTESIAN_POINT('Ctrl Pts',(-13.4409935751937,-22.3290413050269,23.8941181091873));
#5706=CARTESIAN_POINT('Ctrl Pts',(-5.11970613870517,-18.8822511924286,20.7114380589915));
#5707=CARTESIAN_POINT('Ctrl Pts',(-7.93164524443136,-20.0469945065876,21.6207902347537));
#5708=CARTESIAN_POINT('Ctrl Pts',(-10.7423540724853,-21.2112282230493,22.5705884995122));
#5709=CARTESIAN_POINT('Ctrl Pts',(-13.5499360496094,-22.3741667554484,23.5144695997347));
#5710=CARTESIAN_POINT('',(-13.7223005497955,-20.5536401164036,25.2448073649476));
#5711=CARTESIAN_POINT('Ctrl Pts',(-12.6249793298269,-20.1044239052124,24.8762698614241));
#5712=CARTESIAN_POINT('Ctrl Pts',(-12.9908547812622,-20.2542100142952,24.9991477869823));
#5713=CARTESIAN_POINT('Ctrl Pts',(-13.3566319761379,-20.4040116578369,25.122027637297));
#5714=CARTESIAN_POINT('Ctrl Pts',(-13.7223005497955,-20.5536401164036,25.2448073649476));
#5715=CARTESIAN_POINT('Origin',(-14.2437608070264,-20.6991256161821,23.5144695997347));
#5716=CARTESIAN_POINT('Ctrl Pts',(-13.7223005497956,-20.5536401164037,25.2448073649476));
#5717=CARTESIAN_POINT('Ctrl Pts',(-15.8968138781049,-21.4003227503362,25.9713142649047));
#5718=CARTESIAN_POINT('Ctrl Pts',(-19.8513511217979,-22.9757044541445,25.9909458304521));
#5719=CARTESIAN_POINT('Ctrl Pts',(-24.6140230624452,-24.9000888036178,23.2316427889557));
#5720=CARTESIAN_POINT('Ctrl Pts',(-26.5526392470841,-25.6878134397151,20.6432373457638));
#5721=CARTESIAN_POINT('Ctrl Pts',(-27.249867926087,-25.9713459481007,19.1943013999058));
#5722=CARTESIAN_POINT('Ctrl Pts',(-13.5248081681782,-21.0451907062573,25.2266196183003));
#5723=CARTESIAN_POINT('Ctrl Pts',(-15.6890492312252,-21.8985430571516,25.96634620071));
#5724=CARTESIAN_POINT('Ctrl Pts',(-19.6393557363066,-23.4837738813751,26.0065662337066));
#5725=CARTESIAN_POINT('Ctrl Pts',(-24.4166965585346,-25.4228951711168,23.2544408681128));
#5726=CARTESIAN_POINT('Ctrl Pts',(-26.3614420695096,-26.2157503718424,20.6624410745536));
#5727=CARTESIAN_POINT('Ctrl Pts',(-27.0619456663647,-26.5015498809032,19.2095190042767));
#5728=CARTESIAN_POINT('Ctrl Pts',(-13.3071330957717,-21.9318950794606,24.7816037448091));
#5729=CARTESIAN_POINT('Ctrl Pts',(-15.3765061918926,-22.7762466843852,25.5006797944834));
#5730=CARTESIAN_POINT('Ctrl Pts',(-19.1729442182666,-24.3334625139147,25.5513323598342));
#5731=CARTESIAN_POINT('Ctrl Pts',(-23.7714653411369,-26.2260879732261,22.9074562899783));
#5732=CARTESIAN_POINT('Ctrl Pts',(-25.648461596337,-26.9997131150055,20.4094020360553));
#5733=CARTESIAN_POINT('Ctrl Pts',(-26.3235212632725,-27.2779893467795,19.009398799785));
#5734=CARTESIAN_POINT('Ctrl Pts',(-13.4409935751937,-22.3290413050269,23.8941181091872));
#5735=CARTESIAN_POINT('Ctrl Pts',(-15.3490107203536,-23.1194919939282,24.5429865179259));
#5736=CARTESIAN_POINT('Ctrl Pts',(-18.8344490849351,-24.5630498539418,24.5697814450017));
#5737=CARTESIAN_POINT('Ctrl Pts',(-23.0442519642363,-26.3069318783444,22.1312150623566));
#5738=CARTESIAN_POINT('Ctrl Pts',(-24.760412853858,-27.0176826575394,19.8382715569725));
#5739=CARTESIAN_POINT('Ctrl Pts',(-25.3775807529923,-27.2733376025199,18.554308473436));
#5740=CARTESIAN_POINT('Ctrl Pts',(-13.5499360496094,-22.3741667554484,23.5144695997347));
#5741=CARTESIAN_POINT('Ctrl Pts',(-15.3910183385282,-23.1367680089635,24.1334231300764));
#5742=CARTESIAN_POINT('Ctrl Pts',(-18.7454217127259,-24.5262073802262,24.150148403852));
#5743=CARTESIAN_POINT('Ctrl Pts',(-22.7911668875416,-26.2020099015404,21.7993374770493));
#5744=CARTESIAN_POINT('Ctrl Pts',(-24.4389158126155,-26.8845298536917,19.5941241650852));
#5745=CARTESIAN_POINT('Ctrl Pts',(-25.0315920825064,-27.1300244027772,18.3596912657132));
#5746=CARTESIAN_POINT('Ctrl Pts',(-13.7223005497956,-20.5536401164037,25.2448073649476));
#5747=CARTESIAN_POINT('Ctrl Pts',(-15.8968138781049,-21.4003227503362,25.9713142649047));
#5748=CARTESIAN_POINT('Ctrl Pts',(-19.8513511217979,-22.9757044541445,25.9909458304521));
#5749=CARTESIAN_POINT('Ctrl Pts',(-24.6122388758243,-24.8993678929919,23.2326764758505));
#5750=CARTESIAN_POINT('Ctrl Pts',(-26.5500970631097,-25.6867804679505,20.646630739987));
#5751=CARTESIAN_POINT('Ctrl Pts',(-27.2471239755552,-25.9702301046581,19.1999999879833));
#5752=CARTESIAN_POINT('Origin',(0.26942496468178,-16.649999999999,13.5566349703643));
#5753=CARTESIAN_POINT('Origin',(0.269424964683146,-16.6499999999987,25.2448073649476));
#5754=CARTESIAN_POINT('Origin',(0.269424964681752,-16.649999999999,23.785253849923));
#5755=CARTESIAN_POINT('Ctrl Pts',(-15.8560685561956,-40.8180601111737,19.1967002157847));
#5756=CARTESIAN_POINT('Ctrl Pts',(-15.4016197001006,-40.2178115358546,20.6452419635314));
#5757=CARTESIAN_POINT('Ctrl Pts',(-14.1388983572005,-38.5490127671669,23.2328301641151));
#5758=CARTESIAN_POINT('Ctrl Pts',(-11.047718573911,-34.4470858502854,25.9910342675352));
#5759=CARTESIAN_POINT('Ctrl Pts',(-8.50294720744059,-31.035616896232,25.9711996794009));
#5760=CARTESIAN_POINT('Ctrl Pts',(-7.12252687728595,-29.1546326214296,25.244807364948));
#5761=CARTESIAN_POINT('Ctrl Pts',(-16.3195638187091,-40.4993106234756,19.2119230953031));
#5762=CARTESIAN_POINT('Ctrl Pts',(-15.862076865294,-39.896484998396,20.6644487889415));
#5763=CARTESIAN_POINT('Ctrl Pts',(-14.5928128710273,-38.2230938033152,23.2556255952258));
#5764=CARTESIAN_POINT('Ctrl Pts',(-11.4836049247471,-34.1108166607107,26.0066467630216));
#5765=CARTESIAN_POINT('Ctrl Pts',(-8.93041702467943,-30.7059845911746,25.9662295301826));
#5766=CARTESIAN_POINT('Ctrl Pts',(-7.54621349732796,-28.8366469752446,25.2266196183007));
#5767=CARTESIAN_POINT('Ctrl Pts',(-16.878434351833,-39.5851235170077,19.0117104436429));
#5768=CARTESIAN_POINT('Ctrl Pts',(-16.4348033182699,-39.0049339638981,20.4113310821481));
#5769=CARTESIAN_POINT('Ctrl Pts',(-15.2016554302232,-37.3920162902868,22.908589752977));
#5770=CARTESIAN_POINT('Ctrl Pts',(-12.1836309273321,-33.4404191791551,25.5514011293922));
#5771=CARTESIAN_POINT('Ctrl Pts',(-9.69732128306068,-30.1769471300192,25.5005560502412));
#5772=CARTESIAN_POINT('Ctrl Pts',(-8.34636020144405,-28.3969012835314,24.7815934140688));
#5773=CARTESIAN_POINT('Ctrl Pts',(-16.6291911878895,-38.6727053359342,18.5564343904359));
#5774=CARTESIAN_POINT('Ctrl Pts',(-16.2224037621346,-38.1425933712866,19.8400476499298));
#5775=CARTESIAN_POINT('Ctrl Pts',(-15.0916173024,-36.6687625133845,22.1322661462114));
#5776=CARTESIAN_POINT('Ctrl Pts',(-12.3178482009478,-33.0541053344749,24.5698581912501));
#5777=CARTESIAN_POINT('Ctrl Pts',(-10.0217747348628,-30.0615642408595,24.5428841776542));
#5778=CARTESIAN_POINT('Ctrl Pts',(-8.7646251348543,-28.423403309233,23.8941181091876));
#5779=CARTESIAN_POINT('Ctrl Pts',(-16.4012396213088,-38.3756330705873,18.3617349566362));
#5780=CARTESIAN_POINT('Ctrl Pts',(-16.0106095432796,-37.8665540415047,19.5958320156841));
#5781=CARTESIAN_POINT('Ctrl Pts',(-14.9248011669548,-36.4515010154346,21.8003490710848));
#5782=CARTESIAN_POINT('Ctrl Pts',(-12.2592418035501,-32.9776764202312,24.1502237485525));
#5783=CARTESIAN_POINT('Ctrl Pts',(-10.0493414307234,-30.0976781829122,24.1333255080137));
#5784=CARTESIAN_POINT('Ctrl Pts',(-8.83640936003869,-28.516954332863,23.514469599735));
#5785=CARTESIAN_POINT('',(-7.12252687728561,-29.1546326214291,25.244807364948));
#5786=CARTESIAN_POINT('Ctrl Pts',(-15.8550329320025,-40.8166922293613,19.1999999927763));
#5787=CARTESIAN_POINT('Ctrl Pts',(-15.4006607235984,-40.2165441615856,20.6472068184587));
#5788=CARTESIAN_POINT('Ctrl Pts',(-14.1382276641926,-38.5481227724417,23.2334286114188));
#5789=CARTESIAN_POINT('Ctrl Pts',(-11.047718573911,-34.4470858502854,25.9910342675352));
#5790=CARTESIAN_POINT('Ctrl Pts',(-8.50294720744059,-31.035616896232,25.9711996794009));
#5791=CARTESIAN_POINT('Ctrl Pts',(-7.12252687728595,-29.1546326214296,25.244807364948));
#5792=CARTESIAN_POINT('Origin',(-7.39801892470786,-29.6206701331432,23.514469599735));
#5793=CARTESIAN_POINT('Ctrl Pts',(-7.12252687728572,-29.1546326214293,25.2448073649479));
#5794=CARTESIAN_POINT('Ctrl Pts',(-5.28384784041009,-26.7369936606454,24.3009154088444));
#5795=CARTESIAN_POINT('Ctrl Pts',(-3.43343131395023,-24.3155399469871,23.3510093346128));
#5796=CARTESIAN_POINT('Ctrl Pts',(-1.65594801377977,-21.8735013292649,22.4417758242045));
#5797=CARTESIAN_POINT('Ctrl Pts',(-7.54621349732774,-28.8366469752443,25.2266196183006));
#5798=CARTESIAN_POINT('Ctrl Pts',(-5.70612829008589,-26.4215076353069,24.2790604169561));
#5799=CARTESIAN_POINT('Ctrl Pts',(-3.85561649386569,-24.0010431050592,23.3276949007076));
#5800=CARTESIAN_POINT('Ctrl Pts',(-2.06830658864461,-21.5734553078547,22.3983131415351));
#5801=CARTESIAN_POINT('Ctrl Pts',(-8.34638952621505,-28.3968572012265,24.7816485367467));
#5802=CARTESIAN_POINT('Ctrl Pts',(-6.50061754882808,-25.9863201871187,23.832151274347));
#5803=CARTESIAN_POINT('Ctrl Pts',(-4.64844201617999,-23.5698877656779,22.8785343714247));
#5804=CARTESIAN_POINT('Ctrl Pts',(-2.82547308958369,-21.1654712441231,21.9389069060939));
#5805=CARTESIAN_POINT('Ctrl Pts',(-8.76462513485415,-28.4234033092328,23.8941181091876));
#5806=CARTESIAN_POINT('Ctrl Pts',(-6.91513749450686,-26.0131533056354,22.9485613709851));
#5807=CARTESIAN_POINT('Ctrl Pts',(-5.06268560090563,-23.5986924027741,21.9974973612386));
#5808=CARTESIAN_POINT('Ctrl Pts',(-3.21467829692394,-21.1905717721223,21.0792355516784));
#5809=CARTESIAN_POINT('Ctrl Pts',(-8.83640936003856,-28.5169543328629,23.514469599735));
#5810=CARTESIAN_POINT('Ctrl Pts',(-6.98642003376181,-26.1060013033736,22.5705776436314));
#5811=CARTESIAN_POINT('Ctrl Pts',(-5.13417113624245,-23.6921035433092,21.6206715693999));
#5812=CARTESIAN_POINT('Ctrl Pts',(-3.2815738789614,-21.2777517919645,20.7114380589915));
#5813=CARTESIAN_POINT('',(-6.40505095700212,-28.2105314102506,24.87651871701));
#5814=CARTESIAN_POINT('Ctrl Pts',(-7.12252687728572,-29.1546326214293,25.2448073649479));
#5815=CARTESIAN_POINT('Ctrl Pts',(-6.88335772274778,-28.8401543168247,25.1220290895726));
#5816=CARTESIAN_POINT('Ctrl Pts',(-6.64398997074182,-28.5256114668796,24.9991490557569));
#5817=CARTESIAN_POINT('Ctrl Pts',(-6.40460997193962,-28.2109671623874,24.8762700156091));
#5818=CARTESIAN_POINT('Ctrl Pts',(-6.40505095700606,-28.2105314102599,24.8765187170131));
#5819=CARTESIAN_POINT('Ctrl Pts',(-6.39959472263646,-28.2010809351138,24.8731045066337));
#5820=CARTESIAN_POINT('Ctrl Pts',(-6.39413872465115,-28.1916308693952,24.8696887503791));
#5821=CARTESIAN_POINT('Ctrl Pts',(-5.09408076502343,-25.9398644305072,24.0553770944285));
#5822=CARTESIAN_POINT('Ctrl Pts',(-3.72949851271001,-23.5763386384215,23.1052865684331));
#5823=CARTESIAN_POINT('Ctrl Pts',(-2.46418608675979,-21.3847532292275,22.0927677835762));
#5824=CARTESIAN_POINT('Ctrl Pts',(-3.29157339393353,-20.9291725757398,22.4417758242045));
#5825=CARTESIAN_POINT('Ctrl Pts',(-4.51785924723785,-23.6898978364989,23.3511279999667));
#5826=CARTESIAN_POINT('Ctrl Pts',(-5.68954489767055,-26.5028043703763,24.3009262647252));
#5827=CARTESIAN_POINT('Ctrl Pts',(-6.86392862948441,-29.3039343894083,25.2448073649476));
#5828=CARTESIAN_POINT('Ctrl Pts',(-2.82554662965543,-21.136262566336,22.3983131415351));
#5829=CARTESIAN_POINT('Ctrl Pts',(-4.03440212819713,-23.8982726741084,23.3278161956379));
#5830=CARTESIAN_POINT('Ctrl Pts',(-5.20518572736723,-26.7107669542794,24.2790713150146));
#5831=CARTESIAN_POINT('Ctrl Pts',(-6.37670167182836,-29.5118649425157,25.2266196183003));
#5832=CARTESIAN_POINT('Ctrl Pts',(-2.09363821700445,-21.5879960141306,21.9389075029483));
#5833=CARTESIAN_POINT('Ctrl Pts',(-3.26459234559187,-24.369304620809,22.8786576003911));
#5834=CARTESIAN_POINT('Ctrl Pts',(-4.43105696464737,-27.181221183959,23.8321628928905));
#5835=CARTESIAN_POINT('Ctrl Pts',(-5.59574387149399,-29.9849428665157,24.7816492349414));
#5836=CARTESIAN_POINT('Ctrl Pts',(-1.92077390688074,-21.9376078200195,21.0792355516784));
#5837=CARTESIAN_POINT('Ctrl Pts',(-3.0824154841161,-24.7424554238386,21.9976172048886));
#5838=CARTESIAN_POINT('Ctrl Pts',(-4.2470357991469,-27.5536225394162,22.9485722460129));
#5839=CARTESIAN_POINT('Ctrl Pts',(-5.40961634034619,-30.3604185398745,23.8941181091873));
#5840=CARTESIAN_POINT('Ctrl Pts',(-1.96282622774779,-22.0391311033859,20.7114380589915));
#5841=CARTESIAN_POINT('Ctrl Pts',(-3.12756954190685,-24.8510702091121,21.6207902347537));
#5842=CARTESIAN_POINT('Ctrl Pts',(-4.29180325836858,-27.6617790371661,22.5705884995123));
#5843=CARTESIAN_POINT('Ctrl Pts',(-5.45474179076767,-30.4693610142902,23.5144695997347));
#5844=CARTESIAN_POINT('',(-6.86392862948442,-29.3039343894083,25.2448073649476));
#5845=CARTESIAN_POINT('Ctrl Pts',(-6.40564918285692,-28.2103672844764,24.8762698614241));
#5846=CARTESIAN_POINT('Ctrl Pts',(-6.55844742217654,-28.5749950707159,24.9991477869823));
#5847=CARTESIAN_POINT('Ctrl Pts',(-6.71116519909529,-28.9395643635971,25.122027637297));
#5848=CARTESIAN_POINT('Ctrl Pts',(-6.86392862948441,-29.3039343894083,25.2448073649476));
#5849=CARTESIAN_POINT('',(-5.45474179076811,-30.4693610142912,23.514469599735));
#5850=CARTESIAN_POINT('Origin',(-7.12978293003396,-29.7755362568732,23.5144695997347));
#5851=CARTESIAN_POINT('Ctrl Pts',(-2.46885712850466,-23.260797766973,21.1089440974055));
#5852=CARTESIAN_POINT('Ctrl Pts',(-3.4646898681665,-25.6649506729198,21.8957196872993));
#5853=CARTESIAN_POINT('Ctrl Pts',(-4.46023520369223,-28.0684097239033,22.7072936867905));
#5854=CARTESIAN_POINT('Ctrl Pts',(-5.45474179076804,-30.4693610142911,23.514469599735));
#5855=CARTESIAN_POINT('Ctrl Pts',(-6.86392862948441,-29.3039343894083,25.2448073649476));
#5856=CARTESIAN_POINT('Ctrl Pts',(-7.8028467177459,-31.440242541603,25.9713142649048));
#5857=CARTESIAN_POINT('Ctrl Pts',(-9.48516369393271,-35.3504859545885,25.9909213057436));
#5858=CARTESIAN_POINT('Ctrl Pts',(-11.4921350262471,-40.0789459542126,23.2316319185943));
#5859=CARTESIAN_POINT('Ctrl Pts',(-12.3059393545568,-42.0067626598818,20.6432373457638));
#5860=CARTESIAN_POINT('Ctrl Pts',(-12.5984667221511,-42.7002655462088,19.1943013999058));
#5861=CARTESIAN_POINT('Ctrl Pts',(-6.37670167182836,-29.5118649425157,25.2266196183003));
#5862=CARTESIAN_POINT('Ctrl Pts',(-7.30363996957236,-31.6456257083775,25.96634620071));
#5863=CARTESIAN_POINT('Ctrl Pts',(-8.97599975895886,-35.5598398348723,26.0065542150897));
#5864=CARTESIAN_POINT('Ctrl Pts',(-10.9829243731201,-40.3090959048781,23.2544385532108));
#5865=CARTESIAN_POINT('Ctrl Pts',(-11.797434749004,-42.2448736238211,20.6624410745537));
#5866=CARTESIAN_POINT('Ctrl Pts',(-12.0906748216692,-42.9422952383197,19.2095190042767));
#5867=CARTESIAN_POINT('Ctrl Pts',(-5.59579340793896,-29.9849397213435,24.7815975573395));
#5868=CARTESIAN_POINT('Ctrl Pts',(-6.46201441146307,-32.0452542159635,25.5006736070139));
#5869=CARTESIAN_POINT('Ctrl Pts',(-8.04538282983804,-35.830855302218,25.5512975501448));
#5870=CARTESIAN_POINT('Ctrl Pts',(-9.95873809834871,-40.4207844348024,22.9074371527513));
#5871=CARTESIAN_POINT('Ctrl Pts',(-10.7389392730268,-42.2950561745194,20.4093981189446));
#5872=CARTESIAN_POINT('Ctrl Pts',(-11.019507530692,-42.9691664532455,19.0093948826743));
#5873=CARTESIAN_POINT('Ctrl Pts',(-5.40961634034619,-30.3604185398745,23.8941181091873));
#5874=CARTESIAN_POINT('Ctrl Pts',(-6.19985515999327,-32.2685234441529,24.5429865179259));
#5875=CARTESIAN_POINT('Ctrl Pts',(-7.64368265266604,-35.7538510472934,24.5697571155448));
#5876=CARTESIAN_POINT('Ctrl Pts',(-9.38735077874416,-39.9637387847844,22.1312037901793));
#5877=CARTESIAN_POINT('Ctrl Pts',(-10.0982843764703,-41.679826765825,19.8382715569725));
#5878=CARTESIAN_POINT('Ctrl Pts',(-10.3539126378392,-42.2970057176731,18.5543084734361));
#5879=CARTESIAN_POINT('Ctrl Pts',(-5.45474179076767,-30.4693610142902,23.5144695997347));
#5880=CARTESIAN_POINT('Ctrl Pts',(-6.21734304428272,-32.3104433032089,24.1334231300764));
#5881=CARTESIAN_POINT('Ctrl Pts',(-7.60678253014314,-35.6648469540698,24.1501275098249));
#5882=CARTESIAN_POINT('Ctrl Pts',(-9.28258402877127,-39.7105896599031,21.7993282159555));
#5883=CARTESIAN_POINT('Ctrl Pts',(-9.96510488901097,-41.3583407772963,19.5941241650852));
#5884=CARTESIAN_POINT('Ctrl Pts',(-10.2105994380965,-41.9510170471872,18.3596912657133));
#5885=CARTESIAN_POINT('Ctrl Pts',(-5.45474179076811,-30.4693610142912,23.514469599735));
#5886=CARTESIAN_POINT('Ctrl Pts',(-6.21722276593625,-32.3101529255936,24.1333255080137));
#5887=CARTESIAN_POINT('Ctrl Pts',(-7.60642424382454,-35.6639819743803,24.1502188408894));
#5888=CARTESIAN_POINT('Ctrl Pts',(-9.1707993876342,-39.4407176632049,21.9563822643808));
#5889=CARTESIAN_POINT('Ctrl Pts',(-9.80228729679687,-40.9652643379801,20.0965379199861));
#5890=CARTESIAN_POINT('Ctrl Pts',(-10.0238119728923,-41.50007221541,19.1997564757759));
#5891=CARTESIAN_POINT('Ctrl Pts',(-6.86392862948441,-29.3039343894083,25.2448073649476));
#5892=CARTESIAN_POINT('Ctrl Pts',(-7.8028467177459,-31.440242541603,25.9713142649048));
#5893=CARTESIAN_POINT('Ctrl Pts',(-9.48516369393271,-35.3504859545885,25.9909213057436));
#5894=CARTESIAN_POINT('Ctrl Pts',(-11.4913831769793,-40.0771745840233,23.2326656003774));
#5895=CARTESIAN_POINT('Ctrl Pts',(-12.3048721789108,-42.0042346395685,20.6466307257469));
#5896=CARTESIAN_POINT('Ctrl Pts',(-12.5973154765812,-42.6975362596996,19.1999999879744));
#5897=CARTESIAN_POINT('Origin',(0.269424964681784,-16.649999999999,13.5566349703643));
#5898=CARTESIAN_POINT('Origin',(0.269424964682496,-16.6499999999978,25.2448073649476));
#5899=CARTESIAN_POINT('Origin',(0.269424964681753,-16.649999999999,23.785253849923));
#5900=CARTESIAN_POINT('Ctrl Pts',(5.95637833882535,-45.1418450113269,19.1967002157848));
#5901=CARTESIAN_POINT('Ctrl Pts',(5.85328236866691,-44.3960613054739,20.6452419635314));
#5902=CARTESIAN_POINT('Ctrl Pts',(5.56614114615366,-42.323155518486,23.232798950953));
#5903=CARTESIAN_POINT('Ctrl Pts',(4.85143583365829,-37.2368695867152,25.9909641060238));
#5904=CARTESIAN_POINT('Ctrl Pts',(4.23858837356001,-33.025171108877,25.971199679401));
#5905=CARTESIAN_POINT('Ctrl Pts',(3.88463621388212,-30.7190097965189,25.2448073649481));
#5906=CARTESIAN_POINT('Ctrl Pts',(5.40324777140318,-45.244195730247,19.2119230953032));
#5907=CARTESIAN_POINT('Ctrl Pts',(5.30047781110052,-44.4944415158159,20.6644487889415));
#5908=CARTESIAN_POINT('Ctrl Pts',(5.014715417118,-42.4136647153339,23.2556188924989));
#5909=CARTESIAN_POINT('Ctrl Pts',(4.30543757880492,-37.307302915984,26.0066124335591));
#5910=CARTESIAN_POINT('Ctrl Pts',(3.70323632883357,-33.0943526771949,25.9662295301827));
#5911=CARTESIAN_POINT('Ctrl Pts',(3.36019472501497,-30.7937516719112,25.2266196183007));
#5912=CARTESIAN_POINT('Ctrl Pts',(4.36162281101727,-44.9929727830492,19.0117216385369));
#5913=CARTESIAN_POINT('Ctrl Pts',(4.26506135581714,-44.2690223034945,20.4113422770422));
#5914=CARTESIAN_POINT('Ctrl Pts',(3.99652231260354,-42.2565321098847,22.9085669175816));
#5915=CARTESIAN_POINT('Ctrl Pts',(3.33638820688312,-37.3282757453647,25.5513365566374));
#5916=CARTESIAN_POINT('Ctrl Pts',(2.78685050605169,-33.2625465562978,25.500573726401));
#5917=CARTESIAN_POINT('Ctrl Pts',(2.4834417591075,-31.0485903254931,24.7816110902287));
#5918=CARTESIAN_POINT('Ctrl Pts',(3.89270317364297,-44.1715303572636,18.5564343904359));
#5919=CARTESIAN_POINT('Ctrl Pts',(3.80549955590529,-43.5090424450205,19.8400476499299));
#5920=CARTESIAN_POINT('Ctrl Pts',(3.5629286633191,-41.6672926522587,22.1322337882235));
#5921=CARTESIAN_POINT('Ctrl Pts',(2.96833200310388,-37.1500028736278,24.5697885794078));
#5922=CARTESIAN_POINT('Ctrl Pts',(2.47585589162026,-33.4103851151234,24.5428841776543));
#5923=CARTESIAN_POINT('Ctrl Pts',(2.2064401953243,-31.3630914045634,23.8941181091877));
#5924=CARTESIAN_POINT('Ctrl Pts',(3.84382745882505,-43.8002824454231,18.3617349566362));
#5925=CARTESIAN_POINT('Ctrl Pts',(3.76007140231076,-43.164092034689,19.5958320156841));
#5926=CARTESIAN_POINT('Ctrl Pts',(3.52725939566954,-41.3957092777522,21.8003224787746));
#5927=CARTESIAN_POINT('Ctrl Pts',(2.95573055897397,-37.0545167658808,24.1501639738757));
#5928=CARTESIAN_POINT('Ctrl Pts',(2.48189970736319,-33.4554141260221,24.1333255080137));
#5929=CARTESIAN_POINT('Ctrl Pts',(2.22183164610994,-31.4800010801693,23.5144695997351));
#5930=CARTESIAN_POINT('',(3.88463621388195,-30.7190097965182,25.2448073649481));
#5931=CARTESIAN_POINT('Ctrl Pts',(5.95614339720871,-45.1401454759247,19.1999999927493));
#5932=CARTESIAN_POINT('Ctrl Pts',(5.85306429766362,-44.3944870316449,20.6472067947569));
#5933=CARTESIAN_POINT('Ctrl Pts',(5.56598607660438,-42.3220519474713,23.233397389806));
#5934=CARTESIAN_POINT('Ctrl Pts',(4.85143583365829,-37.2368695867152,25.9909641060238));
#5935=CARTESIAN_POINT('Ctrl Pts',(4.23858837356001,-33.025171108877,25.971199679401));
#5936=CARTESIAN_POINT('Ctrl Pts',(3.88463621388212,-30.7190097965189,25.2448073649481));
#5937=CARTESIAN_POINT('',(2.2218316461098,-31.4800010801682,23.5144695997347));
#5938=CARTESIAN_POINT('Origin',(4.01937220380706,-31.2433503762338,23.5144695997351));
#5939=CARTESIAN_POINT('Ctrl Pts',(3.7802561422812,-43.3174103563337,19.1997552181918));
#5940=CARTESIAN_POINT('Ctrl Pts',(3.70473698469378,-42.7437854044995,20.0960732388784));
#5941=CARTESIAN_POINT('Ctrl Pts',(3.48939896416069,-41.1081307494093,21.9557707669701));
#5942=CARTESIAN_POINT('Ctrl Pts',(2.95585266833213,-37.0554442785402,24.1501260699005));
#5943=CARTESIAN_POINT('Ctrl Pts',(2.48194073206728,-33.455725739587,24.1334231300764));
#5944=CARTESIAN_POINT('Ctrl Pts',(2.2218316461098,-31.4800010801682,23.5144695997347));
#5945=CARTESIAN_POINT('Ctrl Pts',(3.88463621388204,-30.7190097965185,25.244807364948));
#5946=CARTESIAN_POINT('Ctrl Pts',(3.47524972565123,-27.7093384774871,24.3009154088444));
#5947=CARTESIAN_POINT('Ctrl Pts',(3.07146545827352,-24.6886700623505,23.3510093346129));
#5948=CARTESIAN_POINT('Ctrl Pts',(2.60155388675912,-21.7050175008433,22.4417758242045));
#5949=CARTESIAN_POINT('Ctrl Pts',(3.3601947250149,-30.7937516719108,25.2266196183006));
#5950=CARTESIAN_POINT('Ctrl Pts',(2.95357004823657,-27.7848535391289,24.2790604169561));
#5951=CARTESIAN_POINT('Ctrl Pts',(2.55055260504986,-24.7648172163962,23.3276949007076));
#5952=CARTESIAN_POINT('Ctrl Pts',(2.09780776578458,-21.7844344690035,22.3983131415351));
#5953=CARTESIAN_POINT('Ctrl Pts',(2.48339895554798,-31.0485817203964,24.7816565458152));
#5954=CARTESIAN_POINT('Ctrl Pts',(2.08404976830562,-28.0389167696852,23.8321592834155));
#5955=CARTESIAN_POINT('Ctrl Pts',(1.68506064135949,-25.0205554868313,22.8785412180047));
#5956=CARTESIAN_POINT('Ctrl Pts',(1.2739151040597,-22.0313425697543,21.9389137526738));
#5957=CARTESIAN_POINT('Ctrl Pts',(2.20644019532427,-31.3630914045632,23.8941181091876));
#5958=CARTESIAN_POINT('Ctrl Pts',(1.80992132563594,-28.3510020304543,22.9485613709851));
#5959=CARTESIAN_POINT('Ctrl Pts',(1.4125209441002,-25.333839057344,21.9974973612386));
#5960=CARTESIAN_POINT('Ctrl Pts',(1.01646101257884,-22.3243021331672,21.0792355516784));
#5961=CARTESIAN_POINT('Ctrl Pts',(2.22183164610992,-31.4800010801691,23.514469599735));
#5962=CARTESIAN_POINT('Ctrl Pts',(1.82517040756883,-28.4670598461619,22.5705776436315));
#5963=CARTESIAN_POINT('Ctrl Pts',(1.42802468821755,-25.4504386150482,21.6206715693999));
#5964=CARTESIAN_POINT('Ctrl Pts',(1.03080427610313,-22.4332500360717,20.7114380589915));
#5965=CARTESIAN_POINT('Ctrl Pts',(2.2218316461098,-31.4800010801682,23.5144695997347));
#5966=CARTESIAN_POINT('Ctrl Pts',(1.88262231075376,-28.9034503760628,22.707289739521));
#5967=CARTESIAN_POINT('Ctrl Pts',(1.54308990619908,-26.3244457177631,21.895782552449));
#5968=CARTESIAN_POINT('Ctrl Pts',(1.20340200813996,-23.7442599690375,21.108943697724));
#5969=CARTESIAN_POINT('',(3.72438793390171,-29.544097339397,24.87651871701));
#5970=CARTESIAN_POINT('Ctrl Pts',(3.88463621388204,-30.7190097965185,25.244807364948));
#5971=CARTESIAN_POINT('Ctrl Pts',(3.83138460318451,-30.3275219237721,25.1220290895726));
#5972=CARTESIAN_POINT('Ctrl Pts',(3.77822778165536,-29.9358479809614,24.9991490557569));
#5973=CARTESIAN_POINT('Ctrl Pts',(3.72500788072069,-29.5440936391598,24.8762700156091));
#5974=CARTESIAN_POINT('Ctrl Pts',(3.72438793390554,-29.5440973394064,24.8765187170132));
#5975=CARTESIAN_POINT('Ctrl Pts',(3.72156357916675,-29.5335567040226,24.8731045066337));
#5976=CARTESIAN_POINT('Ctrl Pts',(3.71873934678803,-29.5230165252968,24.8696887503791));
#5977=CARTESIAN_POINT('Ctrl Pts',(3.04577982739034,-27.0114974075225,24.0553770944285));
#5978=CARTESIAN_POINT('Ctrl Pts',(2.33942007639492,-24.3753269283318,23.1052865684332));
#5979=CARTESIAN_POINT('Ctrl Pts',(1.68444616871335,-21.9309310272322,22.0927677835762));
#5980=CARTESIAN_POINT('Ctrl Pts',(0.777250823684509,-22.1938380333438,22.4417758242045));
#5981=CARTESIAN_POINT('Ctrl Pts',(1.86226333401568,-25.0130806287642,23.3511279999667));
#5982=CARTESIAN_POINT('Ctrl Pts',(3.02278175012441,-27.8306127825528,24.3009262647252));
#5983=CARTESIAN_POINT('Ctrl Pts',(4.17306508108639,-30.6417255144763,25.2448073649477));
#5984=CARTESIAN_POINT('Ctrl Pts',(1.25321624558641,-22.0107420847748,22.3983131415352));
#5985=CARTESIAN_POINT('Ctrl Pts',(2.35146240200459,-24.8185680821799,23.3278161956379));
#5986=CARTESIAN_POINT('Ctrl Pts',(3.51232715728676,-27.6351708820124,24.2790713150146));
#5987=CARTESIAN_POINT('Ctrl Pts',(4.66461567094001,-30.4442331328589,25.2266196183003));
#5988=CARTESIAN_POINT('Ctrl Pts',(2.09018048868708,-21.8126259241805,21.9389114509415));
#5989=CARTESIAN_POINT('Ctrl Pts',(3.22887306025933,-24.6072977053178,22.8786615483843));
#5990=CARTESIAN_POINT('Ctrl Pts',(4.39238356005898,-27.4204376288331,23.8321675112179));
#5991=CARTESIAN_POINT('Ctrl Pts',(5.55135616456415,-30.2265262529192,24.7816538532688));
#5992=CARTESIAN_POINT('Ctrl Pts',(2.45962383624426,-21.9376078200195,21.0792355516784));
#5993=CARTESIAN_POINT('Ctrl Pts',(3.62154596052823,-24.7423392174461,21.9976172048886));
#5994=CARTESIAN_POINT('Ctrl Pts',(4.78583036873587,-27.5536454701856,22.9485722460129));
#5995=CARTESIAN_POINT('Ctrl Pts',(5.94846626970968,-30.3604185398745,23.8941181091873));
#5996=CARTESIAN_POINT('Ctrl Pts',(2.50167615711131,-22.0391311033859,20.7114380589915));
#5997=CARTESIAN_POINT('Ctrl Pts',(3.66641947127037,-24.8510702091121,21.6207902347538));
#5998=CARTESIAN_POINT('Ctrl Pts',(4.83065318773208,-27.6617790371661,22.5705884995123));
#5999=CARTESIAN_POINT('Ctrl Pts',(5.99359172013116,-30.4693610142902,23.5144695997347));
#6000=CARTESIAN_POINT('',(4.17306508108639,-30.6417255144763,25.2448073649477));
#6001=CARTESIAN_POINT('Ctrl Pts',(3.72384886989519,-29.5444042945077,24.8762698614241));
#6002=CARTESIAN_POINT('Ctrl Pts',(3.87363497897793,-29.9102797459429,24.9991477869823));
#6003=CARTESIAN_POINT('Ctrl Pts',(4.02343662251964,-30.2760569408186,25.122027637297));
#6004=CARTESIAN_POINT('Ctrl Pts',(4.17306508108639,-30.6417255144763,25.2448073649477));
#6005=CARTESIAN_POINT('Origin',(4.31855058086488,-31.1631857717072,23.5144695997347));
#6006=CARTESIAN_POINT('Ctrl Pts',(4.17306508108639,-30.6417255144763,25.2448073649477));
#6007=CARTESIAN_POINT('Ctrl Pts',(5.01974771501897,-32.8162388427857,25.9713142649048));
#6008=CARTESIAN_POINT('Ctrl Pts',(6.59512948529219,-36.7707761346084,25.9909372617024));
#6009=CARTESIAN_POINT('Ctrl Pts',(8.51951339360696,-41.5334471030726,23.2316389973468));
#6010=CARTESIAN_POINT('Ctrl Pts',(9.3072384043978,-43.4720642117649,20.6432373457639));
#6011=CARTESIAN_POINT('Ctrl Pts',(9.5907709127835,-44.1692928907678,19.1943013999059));
#6012=CARTESIAN_POINT('Ctrl Pts',(4.66461567094001,-30.444233132859,25.2266196183003));
#6013=CARTESIAN_POINT('Ctrl Pts',(5.51796802183438,-32.6084741959059,25.96634620071));
#6014=CARTESIAN_POINT('Ctrl Pts',(7.10319869958419,-36.5587799310667,26.0065620321256));
#6015=CARTESIAN_POINT('Ctrl Pts',(9.04231994664539,-41.3361208765008,23.254440064285));
#6016=CARTESIAN_POINT('Ctrl Pts',(9.8351753365251,-43.2808670341903,20.6624410745537));
#6017=CARTESIAN_POINT('Ctrl Pts',(10.120974845586,-43.9813706310455,19.2095190042768));
#6018=CARTESIAN_POINT('Ctrl Pts',(5.55131872800475,-30.2265592194401,24.7816019189811));
#6019=CARTESIAN_POINT('Ctrl Pts',(6.39567033292937,-32.295932315561,25.5006779686555));
#6020=CARTESIAN_POINT('Ctrl Pts',(7.95288554806466,-36.0923694532935,25.5513205277822));
#6021=CARTESIAN_POINT('Ctrl Pts',(9.8455103454735,-40.6908889883197,22.9074499127955));
#6022=CARTESIAN_POINT('Ctrl Pts',(10.6191354261833,-42.5678852526561,20.4094008801757));
#6023=CARTESIAN_POINT('Ctrl Pts',(10.8974116579572,-43.2429449195916,19.0093976439054));
#6024=CARTESIAN_POINT('Ctrl Pts',(5.94846626970969,-30.3604185398745,23.8941181091873));
#6025=CARTESIAN_POINT('Ctrl Pts',(6.73891695861097,-32.2684356850343,24.542986517926));
#6026=CARTESIAN_POINT('Ctrl Pts',(8.18247506815288,-35.7538742716535,24.569772944855));
#6027=CARTESIAN_POINT('Ctrl Pts',(9.92635659716131,-39.9636760441917,22.1312111300071));
#6028=CARTESIAN_POINT('Ctrl Pts',(10.6371076222222,-41.6798378185388,19.8382715569726));
#6029=CARTESIAN_POINT('Ctrl Pts',(10.8927625672027,-42.2970057176731,18.5543084734361));
#6030=CARTESIAN_POINT('Ctrl Pts',(5.99359172013117,-30.4693610142902,23.5144695997347));
#6031=CARTESIAN_POINT('Ctrl Pts',(6.75619297364622,-32.310443303209,24.1334231300764));
#6032=CARTESIAN_POINT('Ctrl Pts',(8.14563238570179,-35.6648467758892,24.1501411036352));
#6033=CARTESIAN_POINT('Ctrl Pts',(9.82143454832871,-39.7105910847573,21.7993342467569));
#6034=CARTESIAN_POINT('Ctrl Pts',(10.5039548183745,-41.3583407772963,19.5941241650853));
#6035=CARTESIAN_POINT('Ctrl Pts',(10.74944936746,-41.9510170471872,18.3596912657133));
#6036=CARTESIAN_POINT('Ctrl Pts',(4.17306508108639,-30.6417255144763,25.2448073649477));
#6037=CARTESIAN_POINT('Ctrl Pts',(5.01974771501897,-32.8162388427857,25.9713142649048));
#6038=CARTESIAN_POINT('Ctrl Pts',(6.59512948529219,-36.7707761346084,25.9909372617024));
#6039=CARTESIAN_POINT('Ctrl Pts',(8.51879248314548,-41.5316629168139,23.2326726824532));
#6040=CARTESIAN_POINT('Ctrl Pts',(9.30620543214106,-43.4695220265765,20.6466307350201));
#6041=CARTESIAN_POINT('Ctrl Pts',(9.58965506933855,-44.1665489402304,19.1999999879803));
#6042=CARTESIAN_POINT('Origin',(0.269424964681781,-16.649999999999,13.5566349703643));
#6043=CARTESIAN_POINT('Origin',(0.269424964681402,-16.6499999999976,25.2448073649476));
#6044=CARTESIAN_POINT('Origin',(0.269424964681755,-16.649999999999,23.785253849923));
#6045=CARTESIAN_POINT('Ctrl Pts',(24.4374850758564,-32.7754935208764,19.1967002157848));
#6046=CARTESIAN_POINT('Ctrl Pts',(23.8372365005373,-32.3210446647814,20.6452419635315));
#6047=CARTESIAN_POINT('Ctrl Pts',(22.1684369677245,-31.0583227445247,23.2328265302984));
#6048=CARTESIAN_POINT('Ctrl Pts',(18.0665108445183,-27.9671436133193,25.9910260459114));
#6049=CARTESIAN_POINT('Ctrl Pts',(14.6550418609147,-25.4223721721213,25.971199679401));
#6050=CARTESIAN_POINT('Ctrl Pts',(12.7740575861124,-24.0419518419667,25.2448073649481));
#6051=CARTESIAN_POINT('Ctrl Pts',(24.1187355881584,-33.2389887833899,19.2119230953032));
#6052=CARTESIAN_POINT('Ctrl Pts',(23.5159099630787,-32.7815018299748,20.6644487889416));
#6053=CARTESIAN_POINT('Ctrl Pts',(21.8425182154834,-31.5122374996568,23.2556248282631));
#6054=CARTESIAN_POINT('Ctrl Pts',(17.7302409480018,-28.4030295624008,26.0066427314688));
#6055=CARTESIAN_POINT('Ctrl Pts',(14.3254095558573,-25.8498419893602,25.9662295301827));
#6056=CARTESIAN_POINT('Ctrl Pts',(12.4560719399273,-24.4656384620087,25.2266196183007));
#6057=CARTESIAN_POINT('Ctrl Pts',(23.2045479454556,-33.797856618976,19.0117093685855));
#6058=CARTESIAN_POINT('Ctrl Pts',(22.624358392346,-33.3542255854129,20.4113300070907));
#6059=CARTESIAN_POINT('Ctrl Pts',(21.0114406718271,-32.1210777309669,22.9085836929011));
#6060=CARTESIAN_POINT('Ctrl Pts',(17.0598448645376,-29.1030542333136,25.5513898385306));
#6061=CARTESIAN_POINT('Ctrl Pts',(13.7963734521824,-26.6167453447077,25.5005543527809));
#6062=CARTESIAN_POINT('Ctrl Pts',(12.0163276056947,-25.2657842630911,24.7815917166086));
#6063=CARTESIAN_POINT('Ctrl Pts',(22.2921303006169,-33.5486161525703,18.556434390436));
#6064=CARTESIAN_POINT('Ctrl Pts',(21.7620183359693,-33.1418287268154,19.8400476499299));
#6065=CARTESIAN_POINT('Ctrl Pts',(20.2881867183048,-32.0110418188678,22.1322623769481));
#6066=CARTESIAN_POINT('Ctrl Pts',(16.6735304446146,-29.2372734532461,24.5698500354604));
#6067=CARTESIAN_POINT('Ctrl Pts',(13.6809892055422,-26.9411996995436,24.5428841776543));
#6068=CARTESIAN_POINT('Ctrl Pts',(12.0428282739157,-25.6840500995351,23.8941181091877));
#6069=CARTESIAN_POINT('Ctrl Pts',(21.99505803527,-33.3206645859896,18.3617349566363));
#6070=CARTESIAN_POINT('Ctrl Pts',(21.4859790061874,-32.9300345079604,19.5958320156842));
#6071=CARTESIAN_POINT('Ctrl Pts',(20.0709253470927,-31.8442256458986,21.8003459752248));
#6072=CARTESIAN_POINT('Ctrl Pts',(16.59710146732,-29.1786668314633,24.1502167440724));
#6073=CARTESIAN_POINT('Ctrl Pts',(13.7171031475949,-26.9687663954042,24.1333255080138));
#6074=CARTESIAN_POINT('Ctrl Pts',(12.1363792975458,-25.7558343247195,23.5144695997351));
#6075=CARTESIAN_POINT('',(12.7740575861118,-24.0419518419664,25.2448073649481));
#6076=CARTESIAN_POINT('Ctrl Pts',(24.4361171940434,-32.7744578966827,19.1999999927732));
#6077=CARTESIAN_POINT('Ctrl Pts',(23.8359691256882,-32.3200856878408,20.6472068156994));
#6078=CARTESIAN_POINT('Ctrl Pts',(22.1675469731715,-31.0576520516583,23.2334249766066));
#6079=CARTESIAN_POINT('Ctrl Pts',(18.0665108445183,-27.9671436133193,25.9910260459114));
#6080=CARTESIAN_POINT('Ctrl Pts',(14.6550418609147,-25.4223721721213,25.971199679401));
#6081=CARTESIAN_POINT('Ctrl Pts',(12.7740575861124,-24.0419518419667,25.2448073649481));
#6082=CARTESIAN_POINT('Origin',(13.2400950978259,-24.3174438893886,23.5144695997351));
#6083=CARTESIAN_POINT('Ctrl Pts',(12.7740575861121,-24.0419518419665,25.244807364948));
#6084=CARTESIAN_POINT('Ctrl Pts',(10.3564186253281,-22.2032728050909,24.3009154088444));
#6085=CARTESIAN_POINT('Ctrl Pts',(7.93496491166982,-20.352856278631,23.3510093346129));
#6086=CARTESIAN_POINT('Ctrl Pts',(5.49292629394764,-18.5753729784605,22.4417758242045));
#6087=CARTESIAN_POINT('Ctrl Pts',(12.456071939927,-24.4656384620085,25.2266196183006));
#6088=CARTESIAN_POINT('Ctrl Pts',(10.0409325999897,-22.6255532547667,24.2790604169561));
#6089=CARTESIAN_POINT('Ctrl Pts',(7.62046806974192,-20.7750414585465,23.3276949007076));
#6090=CARTESIAN_POINT('Ctrl Pts',(5.19288027253744,-18.9877315533254,22.3983131415352));
#6091=CARTESIAN_POINT('Ctrl Pts',(12.0162841141092,-25.2658131948992,24.7816461006218));
#6092=CARTESIAN_POINT('Ctrl Pts',(9.60574710000142,-23.4200412175122,23.8321488382222));
#6093=CARTESIAN_POINT('Ctrl Pts',(7.18931444344257,-21.5678657704108,22.8785322888949));
#6094=CARTESIAN_POINT('Ctrl Pts',(4.78489792188774,-19.7448968438145,21.9389048235641));
#6095=CARTESIAN_POINT('Ctrl Pts',(12.0428282739155,-25.6840500995349,23.8941181091876));
#6096=CARTESIAN_POINT('Ctrl Pts',(9.63257827031818,-23.8345624591876,22.9485613709851));
#6097=CARTESIAN_POINT('Ctrl Pts',(7.21811736745686,-21.9821105655864,21.9974973612387));
#6098=CARTESIAN_POINT('Ctrl Pts',(4.8099967368051,-20.1341032616047,21.0792355516784));
#6099=CARTESIAN_POINT('Ctrl Pts',(12.1363792975456,-25.7558343247193,23.514469599735));
#6100=CARTESIAN_POINT('Ctrl Pts',(9.72542626805636,-23.9058449984426,22.5705776436315));
#6101=CARTESIAN_POINT('Ctrl Pts',(7.31152850799199,-22.0535961009232,21.6206715693999));
#6102=CARTESIAN_POINT('Ctrl Pts',(4.8971767566473,-20.2009988436422,20.7114380589915));
#6103=CARTESIAN_POINT('',(11.8299563749333,-23.3244759216829,24.87651871701));
#6104=CARTESIAN_POINT('Ctrl Pts',(12.7740575861121,-24.0419518419665,25.244807364948));
#6105=CARTESIAN_POINT('Ctrl Pts',(12.4595792815074,-23.8027826874285,25.1220290895726));
#6106=CARTESIAN_POINT('Ctrl Pts',(12.1450364315623,-23.5634149354226,24.999149055757));
#6107=CARTESIAN_POINT('Ctrl Pts',(11.8303921270701,-23.3240349366204,24.8762700156091));
#6108=CARTESIAN_POINT('Ctrl Pts',(11.8299563749427,-23.3244759216868,24.8765187170132));
#6109=CARTESIAN_POINT('Ctrl Pts',(11.8205058997965,-23.3190196873172,24.8731045066338));
#6110=CARTESIAN_POINT('Ctrl Pts',(11.8110558340779,-23.3135636893319,24.8696887503791));
#6111=CARTESIAN_POINT('Ctrl Pts',(9.55928939518991,-22.0135057297042,24.0553770944285));
#6112=CARTESIAN_POINT('Ctrl Pts',(7.19576360310429,-20.6489234773908,23.1052865684332));
#6113=CARTESIAN_POINT('Ctrl Pts',(5.00417819391028,-19.3836110514405,22.0927677835762));
#6114=CARTESIAN_POINT('Ctrl Pts',(4.5485975404225,-20.2109983586143,22.4417758242045));
#6115=CARTESIAN_POINT('Ctrl Pts',(7.30932280118164,-21.4372842119186,23.3511279999667));
#6116=CARTESIAN_POINT('Ctrl Pts',(10.122229335059,-22.6089698623513,24.3009262647252));
#6117=CARTESIAN_POINT('Ctrl Pts',(12.923359354091,-23.7833535941652,25.2448073649477));
#6118=CARTESIAN_POINT('Ctrl Pts',(4.7556875310187,-19.7449715943362,22.3983131415352));
#6119=CARTESIAN_POINT('Ctrl Pts',(7.5176976387911,-20.9538270928779,23.3278161956379));
#6120=CARTESIAN_POINT('Ctrl Pts',(10.3301919189622,-22.124610692048,24.2790713150146));
#6121=CARTESIAN_POINT('Ctrl Pts',(13.1312899071985,-23.2961266365091,25.2266196183003));
#6122=CARTESIAN_POINT('Ctrl Pts',(5.20742078627083,-19.0130652792312,21.9389054116962));
#6123=CARTESIAN_POINT('Ctrl Pts',(7.98872939294921,-20.1840194078186,22.878655509139));
#6124=CARTESIAN_POINT('Ctrl Pts',(10.8006459997547,-21.3504842742976,23.8321604465624));
#6125=CARTESIAN_POINT('Ctrl Pts',(13.6043676823115,-22.5151711811443,24.7816467886133));
#6126=CARTESIAN_POINT('Ctrl Pts',(5.5570327847022,-18.8401988715615,21.0792355516784));
#6127=CARTESIAN_POINT('Ctrl Pts',(8.36188038852131,-20.0018404487969,21.9976172048886));
#6128=CARTESIAN_POINT('Ctrl Pts',(11.1730475040989,-21.1664607638277,22.9485722460129));
#6129=CARTESIAN_POINT('Ctrl Pts',(13.9798435045572,-22.329041305027,23.8941181091873));
#6130=CARTESIAN_POINT('Ctrl Pts',(5.65855606806869,-18.8822511924286,20.7114380589916));
#6131=CARTESIAN_POINT('Ctrl Pts',(8.47049517379488,-20.0469945065876,21.6207902347538));
#6132=CARTESIAN_POINT('Ctrl Pts',(11.2812040018488,-21.2112282230493,22.5705884995123));
#6133=CARTESIAN_POINT('Ctrl Pts',(14.0887859789729,-22.3741667554484,23.5144695997348));
#6134=CARTESIAN_POINT('',(12.923359354091,-23.7833535941652,25.2448073649477));
#6135=CARTESIAN_POINT('Ctrl Pts',(11.8297922491591,-23.3250741475377,24.8762698614241));
#6136=CARTESIAN_POINT('Ctrl Pts',(12.1944200353986,-23.4778723868573,24.9991477869823));
#6137=CARTESIAN_POINT('Ctrl Pts',(12.5589893282798,-23.6305901637761,25.1220276372971));
#6138=CARTESIAN_POINT('Ctrl Pts',(12.923359354091,-23.7833535941652,25.2448073649477));
#6139=CARTESIAN_POINT('Origin',(13.394961221556,-24.0492078947147,23.5144695997348));
#6140=CARTESIAN_POINT('Ctrl Pts',(12.923359354091,-23.7833535941652,25.2448073649477));
#6141=CARTESIAN_POINT('Ctrl Pts',(15.0596675062858,-24.7222716824267,25.9713142649048));
#6142=CARTESIAN_POINT('Ctrl Pts',(18.9699109915133,-26.4045886435056,25.9909129974898));
#6143=CARTESIAN_POINT('Ctrl Pts',(23.6983700335497,-28.4115596162216,23.23162822329));
#6144=CARTESIAN_POINT('Ctrl Pts',(25.6261876245645,-29.2253643192375,20.6432373457639));
#6145=CARTESIAN_POINT('Ctrl Pts',(26.3196905108916,-29.5178916868319,19.1943013999059));
#6146=CARTESIAN_POINT('Ctrl Pts',(13.1312899071985,-23.2961266365091,25.2266196183003));
#6147=CARTESIAN_POINT('Ctrl Pts',(15.2650506730603,-24.2230649342531,25.96634620071));
#6148=CARTESIAN_POINT('Ctrl Pts',(19.1792641692484,-25.8954242953463,26.0065501482353));
#6149=CARTESIAN_POINT('Ctrl Pts',(23.9285202966124,-27.9023490237782,23.2544377590921));
#6150=CARTESIAN_POINT('Ctrl Pts',(25.8642985885039,-28.7168597136848,20.6624410745538));
#6151=CARTESIAN_POINT('Ctrl Pts',(26.5617202030025,-29.0100997863499,19.2095190042768));
#6152=CARTESIAN_POINT('Ctrl Pts',(13.604364579617,-22.5152200485643,24.7815958089543));
#6153=CARTESIAN_POINT('Ctrl Pts',(15.664679074237,-23.3814410520884,25.5006718586286));
#6154=CARTESIAN_POINT('Ctrl Pts',(19.4502791392388,-24.9648092830534,25.5512861077206));
#6155=CARTESIAN_POINT('Ctrl Pts',(24.0402067484816,-26.8781639246842,22.9074309753572));
#6156=CARTESIAN_POINT('Ctrl Pts',(25.9144784565637,-27.6583651485241,20.4093970120918));
#6157=CARTESIAN_POINT('Ctrl Pts',(26.5885887352898,-27.9389334061893,19.0093937758215));
#6158=CARTESIAN_POINT('Ctrl Pts',(13.9798435045572,-22.329041305027,23.8941181091873));
#6159=CARTESIAN_POINT('Ctrl Pts',(15.8879484088356,-23.119280124674,24.542986517926));
#6160=CARTESIAN_POINT('Ctrl Pts',(19.3732763290092,-24.5631075955614,24.5697488726742));
#6161=CARTESIAN_POINT('Ctrl Pts',(23.5831629799323,-26.3067753076532,22.1311999594451));
#6162=CARTESIAN_POINT('Ctrl Pts',(25.2992517305077,-27.017709341151,19.8382715569726));
#6163=CARTESIAN_POINT('Ctrl Pts',(25.9164306823558,-27.2733376025199,18.5543084734362));
#6164=CARTESIAN_POINT('Ctrl Pts',(14.0887859789729,-22.3741667554484,23.5144695997347));
#6165=CARTESIAN_POINT('Ctrl Pts',(15.9298682678917,-23.1367680089635,24.1334231300764));
#6166=CARTESIAN_POINT('Ctrl Pts',(19.2842720088649,-24.5262075321496,24.1501204315397));
#6167=CARTESIAN_POINT('Ctrl Pts',(23.3300138848429,-26.2020086870405,21.7993250677106));
#6168=CARTESIAN_POINT('Ctrl Pts',(24.977765741979,-26.8845298536917,19.5941241650853));
#6169=CARTESIAN_POINT('Ctrl Pts',(25.5704420118699,-27.1300244027772,18.3596912657134));
#6170=CARTESIAN_POINT('Ctrl Pts',(12.923359354091,-23.7833535941652,25.2448073649477));
#6171=CARTESIAN_POINT('Ctrl Pts',(15.0596675062858,-24.7222716824267,25.9713142649048));
#6172=CARTESIAN_POINT('Ctrl Pts',(18.9699109915133,-26.4045886435056,25.9909129974898));
#6173=CARTESIAN_POINT('Ctrl Pts',(23.6965986637172,-28.4108077670876,23.2326619033462));
#6174=CARTESIAN_POINT('Ctrl Pts',(25.6236596030882,-29.2242971430993,20.6466307209062));
#6175=CARTESIAN_POINT('Ctrl Pts',(26.316961224377,-29.5167404412597,19.1999999879715));
#6176=CARTESIAN_POINT('Origin',(0.269424964681781,-16.649999999999,13.5566349703643));
#6177=CARTESIAN_POINT('Origin',(0.269424964680516,-16.6499999999983,25.2448073649476));
#6178=CARTESIAN_POINT('Origin',(0.269424964681753,-16.649999999999,23.785253849923));
#6179=CARTESIAN_POINT('Ctrl Pts',(-9.05145144883618,-44.1681382675696,19.1967002157847));
#6180=CARTESIAN_POINT('Ctrl Pts',(-8.76784332509473,-43.4707226474933,20.6452419635314));
#6181=CARTESIAN_POINT('Ctrl Pts',(-7.98006482011042,-41.531969863726,23.2328276187643));
#6182=CARTESIAN_POINT('Ctrl Pts',(-6.05587153899623,-36.7697571731922,25.9910285070848));
#6183=CARTESIAN_POINT('Ctrl Pts',(-4.48076424589703,-32.8158958760435,25.971199679401));
#6184=CARTESIAN_POINT('Ctrl Pts',(-3.63421515172339,-30.6417255144775,25.2448073649481));
#6185=CARTESIAN_POINT('Ctrl Pts',(-9.58165193129355,-43.980211306539,19.2119230953031));
#6186=CARTESIAN_POINT('Ctrl Pts',(-9.29577622044605,-43.2795201300959,20.6644487889415));
#6187=CARTESIAN_POINT('Ctrl Pts',(-8.50286673195076,-41.3346382274419,23.2556250583762));
#6188=CARTESIAN_POINT('Ctrl Pts',(-6.56393814937421,-36.5577612160506,26.0066439380818));
#6189=CARTESIAN_POINT('Ctrl Pts',(-4.97898350075701,-32.6081328493172,25.9662295301827));
#6190=CARTESIAN_POINT('Ctrl Pts',(-4.12576574157702,-30.4442331328602,25.2266196183007));
#6191=CARTESIAN_POINT('Ctrl Pts',(-10.3581034603675,-43.2418281097112,19.011716986655));
#6192=CARTESIAN_POINT('Ctrl Pts',(-10.0797528938199,-42.5665878757349,20.4113376251602));
#6193=CARTESIAN_POINT('Ctrl Pts',(-9.30607437643363,-40.6894611535399,22.9085959618265));
#6194=CARTESIAN_POINT('Ctrl Pts',(-7.41363509561837,-36.0913891544414,25.551404654618));
#6195=CARTESIAN_POINT('Ctrl Pts',(-5.85668854784202,-32.295604772455,25.5005663813196));
#6196=CARTESIAN_POINT('Ctrl Pts',(-5.01247011502377,-30.2265580602393,24.7816037451473));
#6197=CARTESIAN_POINT('Ctrl Pts',(-10.3534892400116,-42.2959835448954,18.5564343904359));
#6198=CARTESIAN_POINT('Ctrl Pts',(-10.0977658321527,-41.6786503743239,19.8400476499298));
#6199=CARTESIAN_POINT('Ctrl Pts',(-9.38696531631534,-39.9623694177097,22.132263505924));
#6200=CARTESIAN_POINT('Ctrl Pts',(-7.64325255848266,-35.7529751717364,24.5698524769662));
#6201=CARTESIAN_POINT('Ctrl Pts',(-6.19994235845603,-32.2681347503765,24.5428841776542));
#6202=CARTESIAN_POINT('Ctrl Pts',(-5.40961634034665,-30.3604185398756,23.8941181091876));
#6203=CARTESIAN_POINT('Ctrl Pts',(-10.2101928947517,-41.9500355647306,18.3617349566362));
#6204=CARTESIAN_POINT('Ctrl Pts',(-9.96463256204687,-41.3572004791337,19.5958320156841));
#6205=CARTESIAN_POINT('Ctrl Pts',(-9.28206466792613,-39.7093358119069,21.8003469025523));
#6206=CARTESIAN_POINT('Ctrl Pts',(-7.60642424382454,-35.6639819743803,24.1502188408894));
#6207=CARTESIAN_POINT('Ctrl Pts',(-6.21722276593625,-32.3101529255936,24.1333255080137));
#6208=CARTESIAN_POINT('Ctrl Pts',(-5.45474179076811,-30.4693610142912,23.514469599735));
#6209=CARTESIAN_POINT('',(-3.63421515172321,-30.6417255144769,25.2448073649481));
#6210=CARTESIAN_POINT('Ctrl Pts',(-9.05080514654597,-44.1665489559344,19.1999999927741));
#6211=CARTESIAN_POINT('Ctrl Pts',(-8.76724504533102,-43.4692502561005,20.6472068165259));
#6212=CARTESIAN_POINT('Ctrl Pts',(-7.97964732806213,-41.5309366068541,23.2334260653704));
#6213=CARTESIAN_POINT('Ctrl Pts',(-6.05587153899623,-36.7697571731922,25.9910285070848));
#6214=CARTESIAN_POINT('Ctrl Pts',(-4.48076424589703,-32.8158958760435,25.971199679401));
#6215=CARTESIAN_POINT('Ctrl Pts',(-3.63421515172339,-30.6417255144775,25.2448073649481));
#6216=CARTESIAN_POINT('Origin',(-3.77970065150182,-31.1631857717082,23.514469599735));
#6217=CARTESIAN_POINT('Ctrl Pts',(-3.63421515172326,-30.6417255144772,25.2448073649479));
#6218=CARTESIAN_POINT('Ctrl Pts',(-2.48391859098153,-27.8305804510391,24.3009154088444));
#6219=CARTESIAN_POINT('Ctrl Pts',(-1.32327181661083,-25.0127127334327,23.3510093346128));
#6220=CARTESIAN_POINT('Ctrl Pts',(-0.238400894320998,-22.1938380333438,
22.4417758242045));
#6221=CARTESIAN_POINT('Ctrl Pts',(-4.12576574157689,-30.4442331328598,25.2266196183006));
#6222=CARTESIAN_POINT('Ctrl Pts',(-2.97346397508163,-27.635138574082,24.2790604169561));
#6223=CARTESIAN_POINT('Ctrl Pts',(-1.81246915768322,-24.8182016766504,23.3276949007076));
#6224=CARTESIAN_POINT('Ctrl Pts',(-0.714366316222897,-22.0107420847748,
22.3983131415351));
#6225=CARTESIAN_POINT('Ctrl Pts',(-5.01250807504409,-30.2265246327598,24.781656405612));
#6226=CARTESIAN_POINT('Ctrl Pts',(-3.85352214082103,-27.4204037349431,23.8321591432124));
#6227=CARTESIAN_POINT('Ctrl Pts',(-2.68987622742102,-24.606931610923,22.8785410981515));
#6228=CARTESIAN_POINT('Ctrl Pts',(-1.55133224883675,-21.8126245187639,21.9389136328207));
#6229=CARTESIAN_POINT('Ctrl Pts',(-5.40961634034656,-30.3604185398753,23.8941181091876));
#6230=CARTESIAN_POINT('Ctrl Pts',(-4.2469670675221,-27.5536131885837,22.9485613709851));
#6231=CARTESIAN_POINT('Ctrl Pts',(-3.08254440685053,-24.7419732157445,21.9974973612386));
#6232=CARTESIAN_POINT('Ctrl Pts',(-1.92077390688075,-21.9376078200194,21.0792355516784));
#6233=CARTESIAN_POINT('Ctrl Pts',(-5.45474179076804,-30.4693610142911,23.514469599735));
#6234=CARTESIAN_POINT('Ctrl Pts',(-4.29178988303764,-27.6617467462607,22.5705776436314));
#6235=CARTESIAN_POINT('Ctrl Pts',(-3.12741754944322,-24.850703266845,21.6206715693999));
#6236=CARTESIAN_POINT('Ctrl Pts',(-1.96282622774779,-22.0391311033859,20.7114380589915));
#6237=CARTESIAN_POINT('',(-3.18553800453823,-29.544097339397,24.87651871701));
#6238=CARTESIAN_POINT('Ctrl Pts',(-3.63421515172326,-30.6417255144772,25.2448073649479));
#6239=CARTESIAN_POINT('Ctrl Pts',(-3.48458846300657,-30.2760612660565,25.1220290895726));
#6240=CARTESIAN_POINT('Ctrl Pts',(-3.33478664942988,-29.9102832708174,24.9991490557569));
#6241=CARTESIAN_POINT('Ctrl Pts',(-3.1849992647254,-29.544404108307,24.8762700156091));
#6242=CARTESIAN_POINT('Ctrl Pts',(-3.18553800453961,-29.544097339407,24.8765187170131));
#6243=CARTESIAN_POINT('Ctrl Pts',(-3.18271364980082,-29.5335567040233,24.8731045066337));
#6244=CARTESIAN_POINT('Ctrl Pts',(-3.17988941742407,-29.5230165252969,24.8696887503791));
#6245=CARTESIAN_POINT('Ctrl Pts',(-2.50692989805388,-27.0114974075152,24.0553770944285));
#6246=CARTESIAN_POINT('Ctrl Pts',(-1.80057014703142,-24.3753269283318,23.1052865684331));
#6247=CARTESIAN_POINT('Ctrl Pts',(-1.14559623934984,-21.9309310272322,22.0927677835762));
#6248=CARTESIAN_POINT('Ctrl Pts',(-2.06270395739562,-21.7050175008434,22.4417758242045));
#6249=CARTESIAN_POINT('Ctrl Pts',(-2.53267685773509,-24.6890594630742,23.3511279999667));
#6250=CARTESIAN_POINT('Ctrl Pts',(-2.93640450471956,-27.709373092289,24.3009262647252));
#6251=CARTESIAN_POINT('Ctrl Pts',(-3.34578628451844,-30.7190097965176,25.2448073649477));
#6252=CARTESIAN_POINT('Ctrl Pts',(-1.55895783642108,-21.7844344690035,22.3983131415351));
#6253=CARTESIAN_POINT('Ctrl Pts',(-2.01176176405688,-24.7652061903718,23.3278161956379));
#6254=CARTESIAN_POINT('Ctrl Pts',(-2.41472479554077,-27.7848881450383,24.2790713150146));
#6255=CARTESIAN_POINT('Ctrl Pts',(-2.8213447956513,-30.7937516719099,25.2266196183003));
#6256=CARTESIAN_POINT('Ctrl Pts',(-0.735062974033336,-22.0313421914026,
21.9389159696035));
#6257=CARTESIAN_POINT('Ctrl Pts',(-1.14626217051981,-25.0209452348932,22.8786660670463));
#6258=CARTESIAN_POINT('Ctrl Pts',(-1.54520198989259,-28.0389508934736,23.8321727971087));
#6259=CARTESIAN_POINT('Ctrl Pts',(-1.94454658414392,-31.0485812294552,24.7816591391595));
#6260=CARTESIAN_POINT('Ctrl Pts',(-0.477611083215325,-22.3243021331672,
21.0792355516784));
#6261=CARTESIAN_POINT('Ctrl Pts',(-0.873722705079571,-25.3342318362725,
21.9976172048886));
#6262=CARTESIAN_POINT('Ctrl Pts',(-1.27107595671132,-28.3510366730667,22.9485722460129));
#6263=CARTESIAN_POINT('Ctrl Pts',(-1.66759026596065,-31.3630914045623,23.8941181091873));
#6264=CARTESIAN_POINT('Ctrl Pts',(-0.491954346739611,-22.4332500360717,
20.7114380589915));
#6265=CARTESIAN_POINT('Ctrl Pts',(-0.889226600652884,-25.450832392605,21.6207902347537));
#6266=CARTESIAN_POINT('Ctrl Pts',(-1.28632504028162,-28.4670944985718,22.5705884995123));
#6267=CARTESIAN_POINT('Ctrl Pts',(-1.6829817167463,-31.4800010801682,23.5144695997347));
#6268=CARTESIAN_POINT('',(-3.34578628451844,-30.7190097965176,25.2448073649477));
#6269=CARTESIAN_POINT('Ctrl Pts',(-3.18615832521749,-29.5440936383174,24.8762698614241));
#6270=CARTESIAN_POINT('Ctrl Pts',(-3.23937747533545,-29.9358441284228,24.9991477869823));
#6271=CARTESIAN_POINT('Ctrl Pts',(-3.29253404393751,-30.327517293081,25.122027637297));
#6272=CARTESIAN_POINT('Ctrl Pts',(-3.34578628451844,-30.7190097965176,25.2448073649477));
#6273=CARTESIAN_POINT('',(-1.68298171674645,-31.4800010801693,23.514469599735));
#6274=CARTESIAN_POINT('Origin',(-3.48052227444342,-31.2433503762327,23.5144695997347));
#6275=CARTESIAN_POINT('Ctrl Pts',(-0.664552063377795,-23.7442598520731,
21.1089440974055));
#6276=CARTESIAN_POINT('Ctrl Pts',(-1.00421206588377,-26.3242337130361,21.8957196872993));
#6277=CARTESIAN_POINT('Ctrl Pts',(-1.34377404019114,-28.9034629759063,22.7072936867905));
#6278=CARTESIAN_POINT('Ctrl Pts',(-1.68298171674643,-31.4800010801691,23.514469599735));
#6279=CARTESIAN_POINT('Ctrl Pts',(-3.34578628451844,-30.7190097965176,25.2448073649476));
#6280=CARTESIAN_POINT('Ctrl Pts',(-3.6997942787444,-33.0255348966676,25.9713142649048));
#6281=CARTESIAN_POINT('Ctrl Pts',(-4.31274210160101,-37.2379559048179,25.990890167641));
#6282=CARTESIAN_POINT('Ctrl Pts',(-5.02751167165015,-42.3247361465184,23.2316180362476));
#6283=CARTESIAN_POINT('Ctrl Pts',(-5.31463110774266,-44.3974957091837,20.6432373457638));
#6284=CARTESIAN_POINT('Ctrl Pts',(-5.41769909218339,-45.1430797116401,19.1943013999059));
#6285=CARTESIAN_POINT('Ctrl Pts',(-2.8213447956513,-30.7937516719099,25.2266196183003));
#6286=CARTESIAN_POINT('Ctrl Pts',(-3.16444051292109,-33.0947155878691,25.96634620071));
#6287=CARTESIAN_POINT('Ctrl Pts',(-3.76674192219197,-37.3083919650169,26.006538985258));
#6288=CARTESIAN_POINT('Ctrl Pts',(-4.47608467541219,-42.4152516932565,23.2544355514235));
#6289=CARTESIAN_POINT('Ctrl Pts',(-4.76182572413713,-44.4958825623359,20.6624410745537));
#6290=CARTESIAN_POINT('Ctrl Pts',(-4.86456788732886,-45.2454362271853,19.2095190042767));
#6291=CARTESIAN_POINT('Ctrl Pts',(-1.9445899974439,-31.0485899571319,24.781613036054));
#6292=CARTESIAN_POINT('Ctrl Pts',(-2.24804660591345,-33.2628954307429,25.5006890857283));
#6293=CARTESIAN_POINT('Ctrl Pts',(-2.79767783703401,-37.3293265214848,25.5512764163162));
#6294=CARTESIAN_POINT('Ctrl Pts',(-3.45787549066711,-42.2580666391033,22.9074338780852));
#6295=CARTESIAN_POINT('Ctrl Pts',(-3.72639547129577,-44.2704172492764,20.4094079180777));
#6296=CARTESIAN_POINT('Ctrl Pts',(-3.82293101877785,-44.9941741857998,19.0094046818074));
#6297=CARTESIAN_POINT('Ctrl Pts',(-1.66759026596066,-31.3630914045623,23.8941181091873));
#6298=CARTESIAN_POINT('Ctrl Pts',(-1.93704846151318,-33.4107080675776,24.5429865179259));
#6299=CARTESIAN_POINT('Ctrl Pts',(-2.42960917478096,-37.1509671802121,24.5697262205216));
#6300=CARTESIAN_POINT('Ctrl Pts',(-3.02426368465951,-41.6686966781331,22.1311894020518));
#6301=CARTESIAN_POINT('Ctrl Pts',(-3.2668173847828,-43.5103167322292,19.8382715569725));
#6302=CARTESIAN_POINT('Ctrl Pts',(-3.3539976573937,-44.1726272837699,18.5543084734361));
#6303=CARTESIAN_POINT('Ctrl Pts',(-1.6829817167463,-31.4800010801682,23.5144695997347));
#6304=CARTESIAN_POINT('Ctrl Pts',(-1.94309080270379,-33.4557257395869,24.1334231300764));
#6305=CARTESIAN_POINT('Ctrl Pts',(-2.41700278275467,-37.0554446111281,24.1501009814622));
#6306=CARTESIAN_POINT('Ctrl Pts',(-2.98858702914583,-41.3970580014227,21.7993163887761));
#6307=CARTESIAN_POINT('Ctrl Pts',(-3.22138257487877,-43.1653157253478,19.5941241650852));
#6308=CARTESIAN_POINT('Ctrl Pts',(-3.30511619382556,-43.8013357058362,18.3596912657133));
#6309=CARTESIAN_POINT('Ctrl Pts',(-1.68298171674645,-31.4800010801693,23.514469599735));
#6310=CARTESIAN_POINT('Ctrl Pts',(-1.94304977799971,-33.4554141260221,24.1333255080137));
#6311=CARTESIAN_POINT('Ctrl Pts',(-2.4168805589572,-37.0545162292158,24.150204353574));
#6312=CARTESIAN_POINT('Ctrl Pts',(-2.9504595484299,-41.1074510329668,21.9563753656547));
#6313=CARTESIAN_POINT('Ctrl Pts',(-3.16584846143596,-42.7434922547681,20.0965366227543));
#6314=CARTESIAN_POINT('Ctrl Pts',(-3.24140642914166,-43.3174119987178,19.199756284523));
#6315=CARTESIAN_POINT('Ctrl Pts',(-3.34578628451844,-30.7190097965176,25.2448073649476));
#6316=CARTESIAN_POINT('Ctrl Pts',(-3.6997942787444,-33.0255348966676,25.9713142649048));
#6317=CARTESIAN_POINT('Ctrl Pts',(-4.31274210160101,-37.2379559048179,25.990890167641));
#6318=CARTESIAN_POINT('Ctrl Pts',(-5.02724390550344,-42.3228305428084,23.2326517115709));
#6319=CARTESIAN_POINT('Ctrl Pts',(-5.31425459437589,-44.3947776190163,20.6466307075611));
#6320=CARTESIAN_POINT('Ctrl Pts',(-5.41729346568009,-45.1401454590127,19.199999987963));
#6321=CARTESIAN_POINT('Origin',(0.269424964681781,-16.649999999999,13.5566349703643));
#6322=CARTESIAN_POINT('Origin',(0.269424964682152,-16.6499999999976,25.2448073649476));
#6323=CARTESIAN_POINT('Origin',(0.269424964681753,-16.649999999999,23.785253849923));
#6324=CARTESIAN_POINT('Origin',(-2.28057503531827,-16.649999999999,30.2448073649476));
#6325=CARTESIAN_POINT('',(2.81942496468173,-16.649999999999,30.2448073649476));
#6326=CARTESIAN_POINT('Origin',(0.269424964681733,-16.649999999999,30.2448073649476));
#6327=CARTESIAN_POINT('Origin',(0.269424964681739,-16.649999999999,28.1577897645426));
#6328=CARTESIAN_POINT('',(3.13817496468174,-16.649999999999,28.1577897645426));
#6329=CARTESIAN_POINT('Ctrl Pts',(-27.2487133028889,-7.32912358648105,19.1967002157847));
#6330=CARTESIAN_POINT('Ctrl Pts',(-26.5512976828125,-7.6127317102225,20.6452419635313));
#6331=CARTESIAN_POINT('Ctrl Pts',(-24.6125801604787,-8.40049586137174,23.2329618507176));
#6332=CARTESIAN_POINT('Ctrl Pts',(-19.850328758921,-10.3247066579446,25.9913432778206));
#6333=CARTESIAN_POINT('Ctrl Pts',(-15.8964709113627,-11.8998107894202,25.9711996794009));
#6334=CARTESIAN_POINT('Ctrl Pts',(-13.7223005497968,-12.7463598835939,25.244807364948));
#6335=CARTESIAN_POINT('Ctrl Pts',(-27.0607863418582,-6.79892310402369,19.2119230953031));
#6336=CARTESIAN_POINT('Ctrl Pts',(-26.3600951654151,-7.08479881487118,20.6644487889414));
#6337=CARTESIAN_POINT('Ctrl Pts',(-24.4152369914163,-7.8777012695023,23.2556506233852));
#6338=CARTESIAN_POINT('Ctrl Pts',(-19.6383640195729,-9.81663171693817,26.0068000942319));
#6339=CARTESIAN_POINT('Ctrl Pts',(-15.6887078846364,-11.4015915345603,25.9662295301826));
#6340=CARTESIAN_POINT('Ctrl Pts',(-13.5248081681794,-12.2548092937402,25.2266196183007));
#6341=CARTESIAN_POINT('Ctrl Pts',(-26.3224544369473,-6.02236753354116,19.011762328381));
#6342=CARTESIAN_POINT('Ctrl Pts',(-25.6472142029709,-6.30071810008879,20.4113829668863));
#6343=CARTESIAN_POINT('Ctrl Pts',(-23.770087534378,-7.07439908359104,22.9088304691586));
#6344=CARTESIAN_POINT('Ctrl Pts',(-19.1719522361575,-8.96686472935635,25.5518457543698));
#6345=CARTESIAN_POINT('Ctrl Pts',(-15.3761343628986,-10.5238348805801,25.5006379735647));
#6346=CARTESIAN_POINT('Ctrl Pts',(-13.3070876506828,-11.3680533133984,24.7816753373923));
#6347=CARTESIAN_POINT('Ctrl Pts',(-25.3765585802146,-6.02708579530567,18.5564343904358));
#6348=CARTESIAN_POINT('Ctrl Pts',(-24.7592254096431,-6.2828092031645,19.8400476499298));
#6349=CARTESIAN_POINT('Ctrl Pts',(-23.0429784227593,-6.9936000567699,22.1324031897248));
#6350=CARTESIAN_POINT('Ctrl Pts',(-18.8335402971684,-8.7373322810523,24.57016443451));
#6351=CARTESIAN_POINT('Ctrl Pts',(-15.3487097856958,-10.1806326768612,24.5428841776542));
#6352=CARTESIAN_POINT('Ctrl Pts',(-13.4409935751948,-10.9709586949706,23.8941181091876));
#6353=CARTESIAN_POINT('Ctrl Pts',(-25.0306106000498,-6.17038214056551,18.3617349566361));
#6354=CARTESIAN_POINT('Ctrl Pts',(-24.4377755144529,-6.41594247327036,19.5958320156841));
#6355=CARTESIAN_POINT('Ctrl Pts',(-22.7899402030485,-7.09849820781138,21.8004612625692));
#6356=CARTESIAN_POINT('Ctrl Pts',(-18.7445519489696,-8.77415288771566,24.1504870124074));
#6357=CARTESIAN_POINT('Ctrl Pts',(-15.3907279609128,-10.163352269381,24.1333255080137));
#6358=CARTESIAN_POINT('Ctrl Pts',(-13.5499360496105,-10.9258332445491,23.514469599735));
#6359=CARTESIAN_POINT('',(-13.7223005497961,-12.746359883594,25.244807364948));
#6360=CARTESIAN_POINT('Ctrl Pts',(-27.2471239912841,-7.32976988875885,19.1999999928901));
#6361=CARTESIAN_POINT('Ctrl Pts',(-26.5498253181888,-7.6133299790895,20.6472069184564));
#6362=CARTESIAN_POINT('Ctrl Pts',(-24.6115468952077,-8.40091335722035,23.2335603364951));
#6363=CARTESIAN_POINT('Ctrl Pts',(-19.850328758921,-10.3247066579446,25.9913432778206));
#6364=CARTESIAN_POINT('Ctrl Pts',(-15.8964709113627,-11.8998107894202,25.9711996794009));
#6365=CARTESIAN_POINT('Ctrl Pts',(-13.7223005497968,-12.7463598835939,25.244807364948));
#6366=CARTESIAN_POINT('Origin',(-14.2437608070274,-12.6008743838154,23.514469599735));
#6367=CARTESIAN_POINT('Ctrl Pts',(-13.7223005497964,-12.746359883594,25.2448073649479));
#6368=CARTESIAN_POINT('Ctrl Pts',(-10.9111554863584,-13.8966564443357,24.3009154088444));
#6369=CARTESIAN_POINT('Ctrl Pts',(-8.09328776875196,-15.0573032187064,23.3510093346128));
#6370=CARTESIAN_POINT('Ctrl Pts',(-5.27441306866305,-16.1421741409963,22.4417758242045));
#6371=CARTESIAN_POINT('Ctrl Pts',(-13.524808168179,-12.2548092937404,25.2266196183006));
#6372=CARTESIAN_POINT('Ctrl Pts',(-10.7157136094012,-13.4071110602356,24.2790604169561));
#6373=CARTESIAN_POINT('Ctrl Pts',(-7.89877671196959,-14.568105877634,23.3276949007075));
#6374=CARTESIAN_POINT('Ctrl Pts',(-5.09131712009401,-15.6662087190944,22.3983131415351));
#6375=CARTESIAN_POINT('Ctrl Pts',(-13.3070717377885,-11.3680352428231,24.781700406001));
#6376=CARTESIAN_POINT('Ctrl Pts',(-10.5009508399718,-12.5270211770462,23.8322031436013));
#6377=CARTESIAN_POINT('Ctrl Pts',(-7.68748241796401,-13.6906696820154,22.8785787120365));
#6378=CARTESIAN_POINT('Ctrl Pts',(-4.89317532580484,-14.8292136605997,21.9389512467057));
#6379=CARTESIAN_POINT('Ctrl Pts',(-13.4409935751946,-10.9709586949707,23.8941181091875));
#6380=CARTESIAN_POINT('Ctrl Pts',(-10.6341882239029,-12.1336079677951,22.9485613709851));
#6381=CARTESIAN_POINT('Ctrl Pts',(-7.82254825106373,-13.2980306284667,21.9974973612386));
#6382=CARTESIAN_POINT('Ctrl Pts',(-5.01818285533867,-14.4598011284365,21.0792355516784));
#6383=CARTESIAN_POINT('Ctrl Pts',(-13.5499360496103,-10.9258332445492,23.514469599735));
#6384=CARTESIAN_POINT('Ctrl Pts',(-10.7423217815799,-12.0887851522796,22.5705776436314));
#6385=CARTESIAN_POINT('Ctrl Pts',(-7.93127830216426,-13.253157485874,21.6206715693999));
#6386=CARTESIAN_POINT('Ctrl Pts',(-5.11970613870515,-14.4177488075695,20.7114380589915));
#6387=CARTESIAN_POINT('',(-12.6246723747162,-13.195037030779,24.87651871701));
#6388=CARTESIAN_POINT('Ctrl Pts',(-13.7223005497964,-12.746359883594,25.2448073649479));
#6389=CARTESIAN_POINT('Ctrl Pts',(-13.3566363013757,-12.8959865723107,25.1220290895725));
#6390=CARTESIAN_POINT('Ctrl Pts',(-12.9908583061367,-13.0457883858874,24.9991490557569));
#6391=CARTESIAN_POINT('Ctrl Pts',(-12.6249791436263,-13.1955757705918,24.8762700156091));
#6392=CARTESIAN_POINT('Ctrl Pts',(-12.6246723747263,-13.1950370307776,24.8765187170131));
#6393=CARTESIAN_POINT('Ctrl Pts',(-12.6141317393425,-13.1978613855164,24.8731045066337));
#6394=CARTESIAN_POINT('Ctrl Pts',(-12.6035915606161,-13.2006856178932,24.8696887503791));
#6395=CARTESIAN_POINT('Ctrl Pts',(-10.0920724428345,-13.8736451372634,24.0553770944285));
#6396=CARTESIAN_POINT('Ctrl Pts',(-7.45590196365101,-14.5800048882858,23.1052865684331));
#6397=CARTESIAN_POINT('Ctrl Pts',(-5.01150606255144,-15.2349787959674,22.0927677835762));
#6398=CARTESIAN_POINT('Ctrl Pts',(-4.7855925361626,-14.3178710779216,22.4417758242045));
#6399=CARTESIAN_POINT('Ctrl Pts',(-7.76963449839343,-13.8478981775822,23.3511279999667));
#6400=CARTESIAN_POINT('Ctrl Pts',(-10.7899481276082,-13.4441705305977,24.3009262647252));
#6401=CARTESIAN_POINT('Ctrl Pts',(-13.7995848318368,-13.0347887507988,25.2448073649476));
#6402=CARTESIAN_POINT('Ctrl Pts',(-4.86500950432275,-14.8216171988962,22.3983131415351));
#6403=CARTESIAN_POINT('Ctrl Pts',(-7.84578122569106,-14.3688132712604,23.3278161956379));
#6404=CARTESIAN_POINT('Ctrl Pts',(-10.8654631803575,-13.9658502397765,24.2790713150145));
#6405=CARTESIAN_POINT('Ctrl Pts',(-13.8743267072291,-13.559230239666,25.2266196183003));
#6406=CARTESIAN_POINT('Ctrl Pts',(-5.11191244108906,-15.6455398966642,21.9389440107366));
#6407=CARTESIAN_POINT('Ctrl Pts',(-8.10151548457961,-15.2343407001777,22.8786941081794));
#6408=CARTESIAN_POINT('Ctrl Pts',(-11.119519719068,-14.835403933902,23.8322055993773));
#6409=CARTESIAN_POINT('Ctrl Pts',(-14.1291500550496,-14.4360593396507,24.7816919414282));
#6410=CARTESIAN_POINT('Ctrl Pts',(-5.40487716848646,-15.9029639521019,21.0792355516784));
#6411=CARTESIAN_POINT('Ctrl Pts',(-8.41480687159178,-15.5068523302377,21.9976172048886));
#6412=CARTESIAN_POINT('Ctrl Pts',(-11.431611708386,-15.1094990786059,22.9485722460129));
#6413=CARTESIAN_POINT('Ctrl Pts',(-14.4436664398815,-14.7129847693566,23.8941181091872));
#6414=CARTESIAN_POINT('Ctrl Pts',(-5.51382507139096,-15.8886206885776,20.7114380589915));
#6415=CARTESIAN_POINT('Ctrl Pts',(-8.53140742792427,-15.4913484346644,21.6207902347537));
#6416=CARTESIAN_POINT('Ctrl Pts',(-11.547669533891,-15.0942499950356,22.5705884995122));
#6417=CARTESIAN_POINT('Ctrl Pts',(-14.5605761154874,-14.6975933185709,23.5144695997347));
#6418=CARTESIAN_POINT('',(-13.7995848318368,-13.0347887507988,25.2448073649476));
#6419=CARTESIAN_POINT('Ctrl Pts',(-12.6246686736367,-13.1944167100998,24.8762698614241));
#6420=CARTESIAN_POINT('Ctrl Pts',(-13.0164191637421,-13.1411975599818,24.9991477869823));
#6421=CARTESIAN_POINT('Ctrl Pts',(-13.4080923284003,-13.0880409913797,25.122027637297));
#6422=CARTESIAN_POINT('Ctrl Pts',(-13.7995848318368,-13.0347887507988,25.2448073649476));
#6423=CARTESIAN_POINT('',(-14.5605761154885,-14.6975933185708,23.514469599735));
#6424=CARTESIAN_POINT('Origin',(-14.3239254115519,-12.9000527608738,23.5144695997347));
#6425=CARTESIAN_POINT('Ctrl Pts',(-6.82483488739235,-15.7160229719395,21.1089440974055));
#6426=CARTESIAN_POINT('Ctrl Pts',(-9.40480874835535,-15.3763629694335,21.8957196872992));
#6427=CARTESIAN_POINT('Ctrl Pts',(-11.9840380112256,-15.0368009951261,22.7072936867905));
#6428=CARTESIAN_POINT('Ctrl Pts',(-14.5605761154883,-14.6975933185708,23.514469599735));
#6429=CARTESIAN_POINT('Ctrl Pts',(-13.7995848318368,-13.0347887507988,25.2448073649476));
#6430=CARTESIAN_POINT('Ctrl Pts',(-16.1061099319869,-12.6807807565729,25.9713142649047));
#6431=CARTESIAN_POINT('Ctrl Pts',(-20.3185291529318,-12.0678322657975,25.9910681438127));
#6432=CARTESIAN_POINT('Ctrl Pts',(-25.4053318797882,-11.3530604880256,23.2316961414287));
#6433=CARTESIAN_POINT('Ctrl Pts',(-27.4780707445029,-11.0659439275746,20.6432373457638));
#6434=CARTESIAN_POINT('Ctrl Pts',(-28.2236547469594,-10.9628759431338,19.1943013999058));
#6435=CARTESIAN_POINT('Ctrl Pts',(-13.8743267072291,-13.559230239666,25.2266196183003));
#6436=CARTESIAN_POINT('Ctrl Pts',(-16.1752906231884,-13.2161345223962,25.96634620071));
#6437=CARTESIAN_POINT('Ctrl Pts',(-20.3889822964609,-12.6138277623427,26.0066264927326));
#6438=CARTESIAN_POINT('Ctrl Pts',(-25.4958403274314,-11.9044870576438,23.2544517439775));
#6439=CARTESIAN_POINT('Ctrl Pts',(-27.5764575976551,-11.6187493111801,20.6624410745536));
#6440=CARTESIAN_POINT('Ctrl Pts',(-28.3260112625045,-11.5160071479884,19.2095190042767));
#6441=CARTESIAN_POINT('Ctrl Pts',(-14.1291572510251,-14.4360235453549,24.7816539293859));
#6442=CARTESIAN_POINT('Ctrl Pts',(-16.3434627246361,-14.1325669368854,25.5007299790602));
#6443=CARTESIAN_POINT('Ctrl Pts',(-20.4099183463846,-13.5829376164462,25.5515258016118));
#6444=CARTESIAN_POINT('Ctrl Pts',(-25.3386949507598,-12.9227352363684,22.9075688201259));
#6445=CARTESIAN_POINT('Ctrl Pts',(-27.3510473776924,-12.6542163809373,20.4094338064809));
#6446=CARTESIAN_POINT('Ctrl Pts',(-28.0748043142158,-12.5576808334552,19.0094305702106));
#6447=CARTESIAN_POINT('Ctrl Pts',(-14.4436664398815,-14.7129847693566,23.8941181091872));
#6448=CARTESIAN_POINT('Ctrl Pts',(-16.4912831028969,-14.4435265738041,24.5429865179259));
#6449=CARTESIAN_POINT('Ctrl Pts',(-20.2315353970152,-13.9509637194431,24.5699027330267));
#6450=CARTESIAN_POINT('Ctrl Pts',(-24.7492903859185,-13.3563065609566,22.1312704657352));
#6451=CARTESIAN_POINT('Ctrl Pts',(-26.5908917675484,-13.1137576505344,19.8382715569725));
#6452=CARTESIAN_POINT('Ctrl Pts',(-27.2532023190892,-13.0265773779235,18.554308473436));
#6453=CARTESIAN_POINT('Ctrl Pts',(-14.5605761154874,-14.6975933185709,23.5144695997347));
#6454=CARTESIAN_POINT('Ctrl Pts',(-16.5363007749062,-14.4374842326135,24.1334231300764));
#6455=CARTESIAN_POINT('Ctrl Pts',(-20.1360172541894,-13.9635725675093,24.1502526097258));
#6456=CARTESIAN_POINT('Ctrl Pts',(-24.4776503040502,-13.3919857328871,21.7993829311276));
#6457=CARTESIAN_POINT('Ctrl Pts',(-26.245890760667,-13.1591924604385,19.5941241650851));
#6458=CARTESIAN_POINT('Ctrl Pts',(-26.8819107411554,-13.0754588414917,18.3596912657132));
#6459=CARTESIAN_POINT('Ctrl Pts',(-14.5605761154885,-14.6975933185708,23.514469599735));
#6460=CARTESIAN_POINT('Ctrl Pts',(-16.5359891613414,-14.4375252573176,24.1333255080137));
#6461=CARTESIAN_POINT('Ctrl Pts',(-20.1350904151007,-13.9636945881902,24.1502602912954));
#6462=CARTESIAN_POINT('Ctrl Pts',(-24.1880323141996,-13.4301146645972,21.9564018835446));
#6463=CARTESIAN_POINT('Ctrl Pts',(-25.8240691949173,-13.2147263231056,20.0965416088094));
#6464=CARTESIAN_POINT('Ctrl Pts',(-26.3979881688356,-13.1391684567765,19.1997570215006));
#6465=CARTESIAN_POINT('Ctrl Pts',(-13.7995848318368,-13.0347887507988,25.2448073649476));
#6466=CARTESIAN_POINT('Ctrl Pts',(-16.1061099319869,-12.6807807565729,25.9713142649047));
#6467=CARTESIAN_POINT('Ctrl Pts',(-20.3185291529318,-12.0678322657975,25.9910681438127));
#6468=CARTESIAN_POINT('Ctrl Pts',(-25.4034262706219,-11.3533282545824,23.2327298525559));
#6469=CARTESIAN_POINT('Ctrl Pts',(-27.4753526856922,-11.0663204365864,20.6466308046778));
#6470=CARTESIAN_POINT('Ctrl Pts',(-28.2207204989563,-10.9632815689978,19.1999999792927));
#6471=CARTESIAN_POINT('Origin',(0.269424964681779,-16.649999999999,13.5566349703643));
#6472=CARTESIAN_POINT('Origin',(0.26942496468313,-16.6499999999994,25.2448073649476));
#6473=CARTESIAN_POINT('Origin',(0.269424964681751,-16.649999999999,23.785253849923));
#6474=CARTESIAN_POINT('Ctrl Pts',(29.2623257415871,-18.5310569820528,19.1967002157848));
#6475=CARTESIAN_POINT('Ctrl Pts',(28.5152707987278,-18.4376170156133,20.6452419635315));
#6476=CARTESIAN_POINT('Ctrl Pts',(26.4386843135681,-18.1784671820364,23.2328159960156));
#6477=CARTESIAN_POINT('Ctrl Pts',(21.3407254257961,-17.5523910699606,25.9910022925557));
#6478=CARTESIAN_POINT('Ctrl Pts',(17.1139207319913,-17.0542887043921,25.971199679401));
#6479=CARTESIAN_POINT('Ctrl Pts',(14.7947304008161,-16.7993017679789,25.2448073649481));
#6480=CARTESIAN_POINT('Ctrl Pts',(29.218028219054,-19.0918303977723,19.2119230953033));
#6481=CARTESIAN_POINT('Ctrl Pts',(28.4672224369753,-18.9970478867547,20.6644487889416));
#6482=CARTESIAN_POINT('Ctrl Pts',(26.3833886399559,-18.7345285643389,23.2556225846756));
#6483=CARTESIAN_POINT('Ctrl Pts',(21.2674477868657,-18.0980143405933,26.0066310969593));
#6484=CARTESIAN_POINT('Ctrl Pts',(17.042185690523,-17.5893045780008,25.9662295301827));
#6485=CARTESIAN_POINT('Ctrl Pts',(14.7311900632021,-17.3252179672714,25.2266196183007));
#6486=CARTESIAN_POINT('Ctrl Pts',(28.7057841546206,-20.0329541636611,19.0117281879303));
#6487=CARTESIAN_POINT('Ctrl Pts',(27.9815097458358,-19.9388531952431,20.4113488264356));
#6488=CARTESIAN_POINT('Ctrl Pts',(25.9680891833632,-19.6773706552073,22.9085975071046));
#6489=CARTESIAN_POINT('Ctrl Pts',(21.0368960864535,-19.0394835924514,25.5513915000792));
#6490=CARTESIAN_POINT('Ctrl Pts',(16.9674659872864,-18.5180059895818,25.5005840675551));
#6491=CARTESIAN_POINT('Ctrl Pts',(14.7504205235188,-18.2380622966216,24.7816214313827));
#6492=CARTESIAN_POINT('Ctrl Pts',(27.7909553219464,-20.2732782089602,18.556434390436));
#6493=CARTESIAN_POINT('Ctrl Pts',(27.128471180834,-20.1860459466402,19.84004764993));
#6494=CARTESIAN_POINT('Ctrl Pts',(25.2866995678729,-19.943671544628,22.1322514532852));
#6495=CARTESIAN_POINT('Ctrl Pts',(20.7694345297093,-19.348846343321,24.5698264701719));
#6496=CARTESIAN_POINT('Ctrl Pts',(17.0297801515261,-18.8566582547932,24.5428841776543));
#6497=CARTESIAN_POINT('Ctrl Pts',(14.9825163692462,-18.5870152306416,23.8941181091877));
#6498=CARTESIAN_POINT('Ctrl Pts',(27.4197074101058,-20.2244024941423,18.3617349566363));
#6499=CARTESIAN_POINT('Ctrl Pts',(26.7835169993717,-20.140646437628,19.5958320156842));
#6500=CARTESIAN_POINT('Ctrl Pts',(25.0151378751739,-19.907834909246,21.8003370004559));
#6501=CARTESIAN_POINT('Ctrl Pts',(20.6739413031379,-19.3363055380196,24.1501965072057));
#6502=CARTESIAN_POINT('Ctrl Pts',(17.0748390907049,-18.8624747426805,24.1333255080138));
#6503=CARTESIAN_POINT('Ctrl Pts',(15.099426044852,-18.6024066814272,23.5144695997351));
#6504=CARTESIAN_POINT('',(14.7947304008155,-16.7993017679789,25.2448073649481));
#6505=CARTESIAN_POINT('Ctrl Pts',(29.2606233090884,-18.5308440460986,19.1999999927642));
#6506=CARTESIAN_POINT('Ctrl Pts',(28.5136937293652,-18.4374202043883,20.6472068077002));
#6507=CARTESIAN_POINT('Ctrl Pts',(26.4375782098731,-18.178331342357,23.2334144394556));
#6508=CARTESIAN_POINT('Ctrl Pts',(21.3407254257961,-17.5523910699606,25.9910022925557));
#6509=CARTESIAN_POINT('Ctrl Pts',(17.1139207319913,-17.0542887043921,25.971199679401));
#6510=CARTESIAN_POINT('Ctrl Pts',(14.7947304008161,-16.7993017679789,25.2448073649481));
#6511=CARTESIAN_POINT('Origin',(15.3360767487875,-16.8048661237301,23.5144695997351));
#6512=CARTESIAN_POINT('Ctrl Pts',(14.7947304008157,-16.7993017679789,25.244807364948));
#6513=CARTESIAN_POINT('Ctrl Pts',(11.78165412516,-16.4157784930306,24.3009154088444));
#6514=CARTESIAN_POINT('Ctrl Pts',(8.75940543181384,-16.023997630363,23.3510093346129));
#6515=CARTESIAN_POINT('Ctrl Pts',(5.75579630175856,-15.7056712464739,22.4417758242045));
#6516=CARTESIAN_POINT('Ctrl Pts',(14.7311900632017,-17.3252179672713,25.2266196183006));
#6517=CARTESIAN_POINT('Ctrl Pts',(11.7195754375158,-16.9392271026406,24.2790604169561));
#6518=CARTESIAN_POINT('Ctrl Pts',(8.69813576725202,-16.546869142235,23.3276949007076));
#6519=CARTESIAN_POINT('Ctrl Pts',(5.7021281123453,-16.2128072584803,22.3983131415352));
#6520=CARTESIAN_POINT('Ctrl Pts',(14.7504007713367,-18.2381021446605,24.7816677354008));
#6521=CARTESIAN_POINT('Ctrl Pts',(11.7399284916632,-17.8448852297038,23.8321704730011));
#6522=CARTESIAN_POINT('Ctrl Pts',(8.7211501294326,-17.4490688665666,22.8785507834607));
#6523=CARTESIAN_POINT('Ctrl Pts',(5.72737987718894,-17.072539726602,21.9389233181299));
#6524=CARTESIAN_POINT('Ctrl Pts',(14.9825163692459,-18.5870152306415,23.8941181091876));
#6525=CARTESIAN_POINT('Ctrl Pts',(11.9704348164854,-18.1904369519141,22.9485613709851));
#6526=CARTESIAN_POINT('Ctrl Pts',(8.95322439136262,-17.7933970041976,21.9974973612387));
#6527=CARTESIAN_POINT('Ctrl Pts',(5.94372709784995,-17.3970360478961,21.0792355516784));
#6528=CARTESIAN_POINT('Ctrl Pts',(15.0994260448518,-18.6024066814272,23.514469599735));
#6529=CARTESIAN_POINT('Ctrl Pts',(12.0864848108447,-18.2057454428861,22.5705776436315));
#6530=CARTESIAN_POINT('Ctrl Pts',(9.06986357973094,-17.8085997235348,21.6206715693999));
#6531=CARTESIAN_POINT('Ctrl Pts',(6.05267500075446,-17.4113793114204,20.7114380589915));
#6532=CARTESIAN_POINT('',(13.6183768080495,-16.649999999999,24.87651871701));
#6533=CARTESIAN_POINT('Ctrl Pts',(14.7947304008157,-16.7993017679789,25.244807364948));
#6534=CARTESIAN_POINT('Ctrl Pts',(14.4027996228201,-16.7494143566497,25.1220290895726));
#6535=CARTESIAN_POINT('Ctrl Pts',(14.0107136481859,-16.6993872275383,24.999149055757));
#6536=CARTESIAN_POINT('Ctrl Pts',(13.6185336879385,-16.6494002196638,24.8762700156091));
#6537=CARTESIAN_POINT('Ctrl Pts',(13.6183768080595,-16.6499999999977,24.8765187170132));
#6538=CARTESIAN_POINT('Ctrl Pts',(13.6074643393203,-16.6499999999977,24.8731045066338));
#6539=CARTESIAN_POINT('Ctrl Pts',(13.596552343348,-16.6499999999988,24.8696887503791));
#6540=CARTESIAN_POINT('Ctrl Pts',(10.9964364240679,-16.650000000013,24.0553770944285));
#6541=CARTESIAN_POINT('Ctrl Pts',(8.26727191946526,-16.649999999999,23.1052865684332));
#6542=CARTESIAN_POINT('Ctrl Pts',(5.73664706756483,-16.649999999999,22.0927677835762));
#6543=CARTESIAN_POINT('Ctrl Pts',(5.75579630175858,-17.5943287535242,22.4417758242045));
#6544=CARTESIAN_POINT('Ctrl Pts',(8.75979743709756,-17.2759608244076,23.3511279999667));
#6545=CARTESIAN_POINT('Ctrl Pts',(11.781688779123,-16.8842170959933,24.3009262647252));
#6546=CARTESIAN_POINT('Ctrl Pts',(14.7947304008148,-16.5006982320193,25.2448073649477));
#6547=CARTESIAN_POINT('Ctrl Pts',(5.70212811234532,-17.0871927415178,22.3983131415352));
#6548=CARTESIAN_POINT('Ctrl Pts',(8.69852678045645,-16.7530872588732,23.3278161956379));
#6549=CARTESIAN_POINT('Ctrl Pts',(11.7196100746681,-16.3607684580031,24.2790713150146));
#6550=CARTESIAN_POINT('Ctrl Pts',(14.7311900632008,-15.9747820327268,25.2266196183003));
#6551=CARTESIAN_POINT('Ctrl Pts',(5.72737793722799,-16.2274560663147,21.9389279177068));
#6552=CARTESIAN_POINT('Ctrl Pts',(8.72153891066947,-15.8508777849985,22.8786780151496));
#6553=CARTESIAN_POINT('Ctrl Pts',(11.7399608204662,-15.4551056174747,23.8321867738939));
#6554=CARTESIAN_POINT('Ctrl Pts',(14.7503984761249,-15.0618932249806,24.7816731159448));
#6555=CARTESIAN_POINT('Ctrl Pts',(5.94372709784997,-15.9029639521019,21.0792355516784));
#6556=CARTESIAN_POINT('Ctrl Pts',(8.9536171651189,-15.5065512661704,21.9976172048886));
#6557=CARTESIAN_POINT('Ctrl Pts',(11.9704694590079,-15.1095584869617,22.9485722460129));
#6558=CARTESIAN_POINT('Ctrl Pts',(14.982516369245,-14.7129847693566,23.8941181091873));
#6559=CARTESIAN_POINT('Ctrl Pts',(6.05267500075448,-15.8886206885776,20.7114380589916));
#6560=CARTESIAN_POINT('Ctrl Pts',(9.07025735728778,-15.4913484346644,21.6207902347538));
#6561=CARTESIAN_POINT('Ctrl Pts',(12.0865194632545,-15.0942499950356,22.5705884995123));
#6562=CARTESIAN_POINT('Ctrl Pts',(15.0994260448509,-14.697593318571,23.5144695997348));
#6563=CARTESIAN_POINT('',(14.7947304008148,-16.5006982320193,25.2448073649477));
#6564=CARTESIAN_POINT('Ctrl Pts',(13.618533783887,-16.6506001416736,24.8762698614241));
#6565=CARTESIAN_POINT('Ctrl Pts',(14.0107098293559,-16.6006134054581,24.9991477869824));
#6566=CARTESIAN_POINT('Ctrl Pts',(14.4027949868902,-16.5505862334387,25.1220276372971));
#6567=CARTESIAN_POINT('Ctrl Pts',(14.7947304008148,-16.5006982320193,25.2448073649477));
#6568=CARTESIAN_POINT('',(15.099426044852,-14.6975933185708,23.5144695997351));
#6569=CARTESIAN_POINT('Origin',(15.3360767487864,-16.4951338762681,23.5144695997348));
#6570=CARTESIAN_POINT('Ctrl Pts',(7.36368481675584,-15.7160229719395,21.1089440974055));
#6571=CARTESIAN_POINT('Ctrl Pts',(9.94365867771885,-15.3763629694335,21.8957196872993));
#6572=CARTESIAN_POINT('Ctrl Pts',(12.5228879405891,-15.0368009951261,22.7072936867905));
#6573=CARTESIAN_POINT('Ctrl Pts',(15.0994260448518,-14.6975933185708,23.514469599735));
#6574=CARTESIAN_POINT('Ctrl Pts',(14.7947304008148,-16.5006982320193,25.2448073649477));
#6575=CARTESIAN_POINT('Ctrl Pts',(17.114286575058,-16.2456710724291,25.9713142649048));
#6576=CARTESIAN_POINT('Ctrl Pts',(21.3418146985307,-15.747478990478,25.9909846383173));
#6577=CARTESIAN_POINT('Ctrl Pts',(26.4402746737426,-15.1213358526755,23.2316598739543));
#6578=CARTESIAN_POINT('Ctrl Pts',(28.5167077454922,-14.8622036323626,20.6432373457639));
#6579=CARTESIAN_POINT('Ctrl Pts',(29.2635625464464,-14.768788320838,19.194301399906));
#6580=CARTESIAN_POINT('Ctrl Pts',(14.7311900632008,-15.9747820327268,25.2266196183003));
#6581=CARTESIAN_POINT('Ctrl Pts',(17.0425502409076,-15.7106537633829,25.96634620071));
#6582=CARTESIAN_POINT('Ctrl Pts',(21.2685447739747,-15.2018531901094,26.0065852948348));
#6583=CARTESIAN_POINT('Ctrl Pts',(26.3849826965336,-14.5652723118426,23.2544444409263));
#6584=CARTESIAN_POINT('Ctrl Pts',(28.4686655864069,-14.3027702440429,20.6624410745538));
#6585=CARTESIAN_POINT('Ctrl Pts',(29.2192704580436,-14.2080127891292,19.2095190042768));
#6586=CARTESIAN_POINT('Ctrl Pts',(14.7504141843988,-15.0619249148424,24.7816362918506));
#6587=CARTESIAN_POINT('Ctrl Pts',(16.967809378287,-14.7819370618759,25.500712341525));
#6588=CARTESIAN_POINT('Ctrl Pts',(21.0379490436291,-14.2603655442381,25.551410180815));
#6589=CARTESIAN_POINT('Ctrl Pts',(25.9696373006306,-13.6224131285576,22.9075072011391));
#6590=CARTESIAN_POINT('Ctrl Pts',(27.9829185927767,-13.3609478053092,20.40942264066));
#6591=CARTESIAN_POINT('Ctrl Pts',(28.7069993479383,-13.2668719045798,19.0094194043897));
#6592=CARTESIAN_POINT('Ctrl Pts',(14.982516369245,-14.7129847693566,23.8941181091873));
#6593=CARTESIAN_POINT('Ctrl Pts',(17.0301030992594,-14.4432992100884,24.542986517926));
#6594=CARTESIAN_POINT('Ctrl Pts',(20.7703970028355,-13.9510280547138,24.5698199369484));
#6595=CARTESIAN_POINT('Ctrl Pts',(25.2881096895308,-13.3561436540553,22.1312327895152));
#6596=CARTESIAN_POINT('Ctrl Pts',(27.1297454667868,-13.1137862855769,19.8382715569726));
#6597=CARTESIAN_POINT('Ctrl Pts',(27.7920522484527,-13.0265773779236,18.5543084734362));
#6598=CARTESIAN_POINT('Ctrl Pts',(15.0994260448509,-14.697593318571,23.5144695997347));
#6599=CARTESIAN_POINT('Ctrl Pts',(17.0751507042697,-14.4374842326135,24.1334231300764));
#6600=CARTESIAN_POINT('Ctrl Pts',(20.6748684213205,-13.9635724045541,24.150181466532));
#6601=CARTESIAN_POINT('Ctrl Pts',(25.0164920374939,-13.3919868119005,21.7993520327544));
#6602=CARTESIAN_POINT('Ctrl Pts',(26.7847406900305,-13.1591924604385,19.5941241650853));
#6603=CARTESIAN_POINT('Ctrl Pts',(27.420760670519,-13.0754588414917,18.3596912657134));
#6604=CARTESIAN_POINT('Ctrl Pts',(15.099426044852,-14.6975933185708,23.5144695997351));
#6605=CARTESIAN_POINT('Ctrl Pts',(17.0748390907049,-14.4375252573176,24.1333255080138));
#6606=CARTESIAN_POINT('Ctrl Pts',(20.6739394107959,-13.96369471111,24.150313927687));
#6607=CARTESIAN_POINT('Ctrl Pts',(24.7268883085872,-13.4301138661217,21.9564270026053));
#6608=CARTESIAN_POINT('Ctrl Pts',(26.362920960088,-13.2147260814171,20.0965463309369));
#6609=CARTESIAN_POINT('Ctrl Pts',(26.9368391804203,-13.1391683142994,19.1997577243369));
#6610=CARTESIAN_POINT('Ctrl Pts',(14.7947304008148,-16.5006982320193,25.2448073649477));
#6611=CARTESIAN_POINT('Ctrl Pts',(17.114286575058,-16.2456710724291,25.9713142649048));
#6612=CARTESIAN_POINT('Ctrl Pts',(21.3418146985307,-15.747478990478,25.9909846383173));
#6613=CARTESIAN_POINT('Ctrl Pts',(26.4383646946089,-15.121570417688,23.2326935689815));
#6614=CARTESIAN_POINT('Ctrl Pts',(28.5139848374901,-14.8625434401035,20.6466307623687));
#6615=CARTESIAN_POINT('Ctrl Pts',(29.2606232922544,-14.7691559561775,19.1999999879976));
#6616=CARTESIAN_POINT('Origin',(0.26942496468178,-16.649999999999,13.5566349703643));
#6617=CARTESIAN_POINT('Origin',(0.269424964680308,-16.649999999999,25.2448073649476));
#6618=CARTESIAN_POINT('Origin',(0.269424964681751,-16.649999999999,23.785253849923));
#6619=CARTESIAN_POINT('Ctrl Pts',(26.3185420579103,-3.78259274397106,19.1967002157848));
#6620=CARTESIAN_POINT('Ctrl Pts',(25.6248535161517,-4.0751988307353,20.6452419635315));
#6621=CARTESIAN_POINT('Ctrl Pts',(23.6969489563755,-4.88904193864093,23.2329934377624));
#6622=CARTESIAN_POINT('Ctrl Pts',(18.9688953722845,-6.89584379014012,25.9914211761606));
#6623=CARTESIAN_POINT('Ctrl Pts',(15.0593305653079,-8.57787640481175,25.971199679401));
#6624=CARTESIAN_POINT('Ctrl Pts',(12.9233593540923,-9.51664640583232,25.2448073649481));
#6625=CARTESIAN_POINT('Ctrl Pts',(26.5605659859317,-4.29038552901761,19.2119230953032));
#6626=CARTESIAN_POINT('Ctrl Pts',(25.8629578498344,-4.58370435768128,20.6644487889416));
#6627=CARTESIAN_POINT('Ctrl Pts',(23.927074138422,-5.39825716418042,23.2556556825176));
#6628=CARTESIAN_POINT('Ctrl Pts',(19.17828419537,-7.40498458068974,26.0068393416068));
#6629=CARTESIAN_POINT('Ctrl Pts',(15.2647141338591,-9.07708126351895,25.9662295301827));
#6630=CARTESIAN_POINT('Ctrl Pts',(13.1312899071997,-10.0038733634884,25.2266196183007));
#6631=CARTESIAN_POINT('Ctrl Pts',(26.5876216756413,-5.36158206634852,19.011773670942));
#6632=CARTESIAN_POINT('Ctrl Pts',(25.9133311541137,-5.64222544157022,20.4113943094472));
#6633=CARTESIAN_POINT('Ctrl Pts',(24.0389272327275,-6.42247872187104,22.9088873870694));
#6634=CARTESIAN_POINT('Ctrl Pts',(19.4493621252406,-8.33568316005357,25.5519556782954));
#6635=CARTESIAN_POINT('Ctrl Pts',(15.6643600492664,-9.91878896990178,25.5006558828828));
#6636=CARTESIAN_POINT('Ctrl Pts',(13.6043705098184,-10.7848733520528,24.7816932467105));
#6637=CARTESIAN_POINT('Ctrl Pts',(25.9154085095782,-6.02708579530571,18.556434390436));
#6638=CARTESIAN_POINT('Ctrl Pts',(25.2980642826105,-6.28278251066312,19.8400476499299));
#6639=CARTESIAN_POINT('Ctrl Pts',(23.5818974856172,-6.99374291449624,22.1324362147951));
#6640=CARTESIAN_POINT('Ctrl Pts',(19.3723582533327,-8.73726499525213,24.5702415389852));
#6641=CARTESIAN_POINT('Ctrl Pts',(15.8876474603364,-10.1808445126992,24.5428841776543));
#6642=CARTESIAN_POINT('Ctrl Pts',(13.9798435045583,-10.9709586949706,23.8941181091877));
#6643=CARTESIAN_POINT('Ctrl Pts',(25.5694605294133,-6.17038214056556,18.3617349566363));
#6644=CARTESIAN_POINT('Ctrl Pts',(24.9766254438164,-6.41594247327041,19.5958320156842));
#6645=CARTESIAN_POINT('Ctrl Pts',(23.3287977752388,-7.0984950420489,21.8004881734119));
#6646=CARTESIAN_POINT('Ctrl Pts',(19.283400163194,-8.77415359814959,24.150553378539));
#6647=CARTESIAN_POINT('Ctrl Pts',(15.9295778902764,-10.163352269381,24.1333255080138));
#6648=CARTESIAN_POINT('Ctrl Pts',(14.088785978974,-10.9258332445492,23.5144695997351));
#6649=CARTESIAN_POINT('',(12.9233593540917,-9.51664640583265,25.2448073649481));
#6650=CARTESIAN_POINT('Ctrl Pts',(26.3169612401817,-3.78325955225754,19.1999999929176));
#6651=CARTESIAN_POINT('Ctrl Pts',(25.6233893640927,-4.07581690686799,20.6472069424428));
#6652=CARTESIAN_POINT('Ctrl Pts',(23.695923111002,-4.88947735426352,23.2335919335881));
#6653=CARTESIAN_POINT('Ctrl Pts',(18.9688953722845,-6.89584379014012,25.9914211761606));
#6654=CARTESIAN_POINT('Ctrl Pts',(15.0593305653079,-8.57787640481175,25.971199679401));
#6655=CARTESIAN_POINT('Ctrl Pts',(12.9233593540923,-9.51664640583232,25.2448073649481));
#6656=CARTESIAN_POINT('',(14.0887859789729,-10.9258332445496,23.5144695997348));
#6657=CARTESIAN_POINT('Origin',(13.394961221557,-9.25079210528287,23.5144695997351));
#6658=CARTESIAN_POINT('Ctrl Pts',(25.1195006462399,-6.35676162669983,19.1997588917588));
#6659=CARTESIAN_POINT('Ctrl Pts',(24.5849710367304,-6.57817104044863,20.0960976927728));
#6660=CARTESIAN_POINT('Ctrl Pts',(23.0608044681037,-7.20950150448949,21.9559006432377));
#6661=CARTESIAN_POINT('Ctrl Pts',(19.2842668260651,-8.77379461463438,24.1504067252024));
#6662=CARTESIAN_POINT('Ctrl Pts',(15.9298682678917,-10.1632319910346,24.1334231300764));
#6663=CARTESIAN_POINT('Ctrl Pts',(14.0887859789729,-10.9258332445496,23.5144695997347));
#6664=CARTESIAN_POINT('Ctrl Pts',(12.9233593540919,-9.5166464058325,25.244807364948));
#6665=CARTESIAN_POINT('Ctrl Pts',(10.1221971183597,-10.6910436446126,24.3009154088444));
#6666=CARTESIAN_POINT('Ctrl Pts',(7.30896254203379,-11.8628758114989,23.3510093346129));
#6667=CARTESIAN_POINT('Ctrl Pts',(4.54859754042249,-13.0890016413837,22.4417758242045));
#6668=CARTESIAN_POINT('Ctrl Pts',(13.1312899071993,-10.0038733634886,25.2266196183006));
#6669=CARTESIAN_POINT('Ctrl Pts',(10.3301597026313,-11.1754027819326,24.2790604169561));
#6670=CARTESIAN_POINT('Ctrl Pts',(7.51733721197794,-12.3463306559762,23.3276949007076));
#6671=CARTESIAN_POINT('Ctrl Pts',(4.75568753101869,-13.5550284056618,22.3983131415352));
#6672=CARTESIAN_POINT('Ctrl Pts',(13.6043720230032,-10.7848971847106,24.7817181095078));
#6673=CARTESIAN_POINT('Ctrl Pts',(10.8006180939388,-11.9495974869972,23.8322208471081));
#6674=CARTESIAN_POINT('Ctrl Pts',(7.98837206122663,-13.1161945475251,22.8785938459407));
#6675=CARTESIAN_POINT('Ctrl Pts',(5.20742639970717,-14.2869958731724,21.9389663806099));
#6676=CARTESIAN_POINT('Ctrl Pts',(13.9798435045581,-10.9709586949707,23.8941181091876));
#6677=CARTESIAN_POINT('Ctrl Pts',(11.1730152222333,-12.1335526073839,22.9485613709851));
#6678=CARTESIAN_POINT('Ctrl Pts',(8.3615143716554,-13.2983111389055,21.9974973612387));
#6679=CARTESIAN_POINT('Ctrl Pts',(5.55703278470219,-14.4598011284365,21.0792355516784));
#6680=CARTESIAN_POINT('Ctrl Pts',(14.0887859789738,-10.9258332445492,23.514469599735));
#6681=CARTESIAN_POINT('Ctrl Pts',(11.2811717109434,-12.0887851522796,22.5705776436315));
#6682=CARTESIAN_POINT('Ctrl Pts',(8.47012823152778,-13.253157485874,21.6206715693999));
#6683=CARTESIAN_POINT('Ctrl Pts',(5.65855606806868,-14.4177488075695,20.7114380589915));
#6684=CARTESIAN_POINT('Ctrl Pts',(14.0887859789729,-10.9258332445496,23.5144695997348));
#6685=CARTESIAN_POINT('Ctrl Pts',(11.687822947401,-11.9203446949831,22.707289739521));
#6686=CARTESIAN_POINT('Ctrl Pts',(9.28457319455769,-12.9158033363806,21.895782552449));
#6687=CARTESIAN_POINT('Ctrl Pts',(6.88022284064918,-13.9117178616661,21.108943697724));
#6688=CARTESIAN_POINT('',(11.8299563749333,-9.97552407831515,24.87651871701));
#6689=CARTESIAN_POINT('Ctrl Pts',(12.9233593540919,-9.5166464058325,25.244807364948));
#6690=CARTESIAN_POINT('Ctrl Pts',(12.5589936381581,-9.66940802929017,25.1220290895726));
#6691=CARTESIAN_POINT('Ctrl Pts',(12.1944236591016,-9.82212625191842,24.999149055757));
#6692=CARTESIAN_POINT('Ctrl Pts',(11.829792346735,-9.97492621336361,24.8762700156091));
#6693=CARTESIAN_POINT('Ctrl Pts',(11.8299563749414,-9.97552407830902,24.8765187170132));
#6694=CARTESIAN_POINT('Ctrl Pts',(11.8205058997953,-9.98098031267861,24.8731045066338));
#6695=CARTESIAN_POINT('Ctrl Pts',(11.8110558340777,-9.98643631066569,24.8696887503791));
#6696=CARTESIAN_POINT('Ctrl Pts',(9.55928939520391,-11.2864942703181,24.0553770944285));
#6697=CARTESIAN_POINT('Ctrl Pts',(7.19576360310429,-12.6510765226073,23.1052865684332));
#6698=CARTESIAN_POINT('Ctrl Pts',(5.00417819391029,-13.9163889485575,22.0927677835762));
#6699=CARTESIAN_POINT('Ctrl Pts',(5.49292629394766,-14.7246270215375,22.4417758242045));
#6700=CARTESIAN_POINT('Ctrl Pts',(7.93528362559024,-12.9469117395028,23.3511279999667));
#6701=CARTESIAN_POINT('Ctrl Pts',(10.3564464310533,-11.0967060479101,24.3009262647252));
#6702=CARTESIAN_POINT('Ctrl Pts',(12.7740575861113,-9.25804815803211,25.2448073649477));
#6703=CARTESIAN_POINT('Ctrl Pts',(5.19288027253746,-14.3122684466726,22.3983131415352));
#6704=CARTESIAN_POINT('Ctrl Pts',(7.62078489766527,-12.5247252771032,23.3278161956379));
#6705=CARTESIAN_POINT('Ctrl Pts',(10.0409603769663,-10.6744255820616,24.2790713150146));
#6706=CARTESIAN_POINT('Ctrl Pts',(12.4560719399263,-8.83436153799009,25.2266196183003));
#6707=CARTESIAN_POINT('Ctrl Pts',(4.78483931302862,-13.5550617436315,21.9389760721714));
#6708=CARTESIAN_POINT('Ctrl Pts',(7.18956963839078,-11.7318548987774,22.8787261696142));
#6709=CARTESIAN_POINT('Ctrl Pts',(9.60570817120167,-9.87989321459171,23.8322431045592));
#6710=CARTESIAN_POINT('Ctrl Pts',(12.0162174612643,-8.03414246577967,24.7817294466101));
#6711=CARTESIAN_POINT('Ctrl Pts',(4.80999673680513,-13.1658967383933,21.0792355516784));
#6712=CARTESIAN_POINT('Ctrl Pts',(7.21843165469272,-11.3176482483597,21.9976172048886));
#6713=CARTESIAN_POINT('Ctrl Pts',(9.63260599106161,-9.4654162695015,22.9485722460129));
#6714=CARTESIAN_POINT('Ctrl Pts',(12.0428282739148,-7.61594990046368,23.8941181091873));
#6715=CARTESIAN_POINT('Ctrl Pts',(4.89717675664733,-13.0990011563558,20.7114380589915));
#6716=CARTESIAN_POINT('Ctrl Pts',(7.31184360846025,-11.2461621139816,21.6207902347538));
#6717=CARTESIAN_POINT('Ctrl Pts',(9.72545399688542,-9.39413372447657,22.5705884995123));
#6718=CARTESIAN_POINT('Ctrl Pts',(12.1363792975449,-7.54416567527926,23.5144695997347));
#6719=CARTESIAN_POINT('',(12.7740575861113,-9.25804815803211,25.2448073649477));
#6720=CARTESIAN_POINT('Ctrl Pts',(11.8303923908337,-9.97596532833238,24.8762698614242));
#6721=CARTESIAN_POINT('Ctrl Pts',(12.1450334408578,-9.73658752218311,24.9991477869824));
#6722=CARTESIAN_POINT('Ctrl Pts',(12.4595755617195,-9.49722014156763,25.1220276372971));
#6723=CARTESIAN_POINT('Ctrl Pts',(12.7740575861113,-9.25804815803211,25.2448073649477));
#6724=CARTESIAN_POINT('Origin',(13.240095097825,-8.98255611061009,23.5144695997348));
#6725=CARTESIAN_POINT('Ctrl Pts',(12.7740575861113,-9.25804815803211,25.2448073649477));
#6726=CARTESIAN_POINT('Ctrl Pts',(14.6553385787158,-7.87741007205043,25.9713142649048));
#6727=CARTESIAN_POINT('Ctrl Pts',(18.0673831155596,-5.33220704243055,25.9914930387975));
#6728=CARTESIAN_POINT('Ctrl Pts',(22.169764277023,-2.24067465277246,23.2318691476136));
#6729=CARTESIAN_POINT('Ctrl Pts',(23.8383912569281,-0.978081538427115,20.6432373457639));
#6730=CARTESIAN_POINT('Ctrl Pts',(24.4384788317305,-0.523754105067222,19.1943013999059));
#6731=CARTESIAN_POINT('Ctrl Pts',(12.4560719399263,-8.83436153799009,25.2266196183003));
#6732=CARTESIAN_POINT('Ctrl Pts',(14.3257044364442,-7.44993965802726,25.96634620071));
#6733=CARTESIAN_POINT('Ctrl Pts',(17.7311632019725,-4.89628904521209,26.0068403709868));
#6734=CARTESIAN_POINT('Ctrl Pts',(21.8438315380897,-1.78677300009115,23.2544799478571));
#6735=CARTESIAN_POINT('Ctrl Pts',(23.5170688325478,-0.51761909195967,20.6624410745538));
#6736=CARTESIAN_POINT('Ctrl Pts',(24.1197329921326,-0.0602542929881136,
19.2095190042768));
#6737=CARTESIAN_POINT('Ctrl Pts',(12.0162261204625,-8.03414822611838,24.7817186187236));
#6738=CARTESIAN_POINT('Ctrl Pts',(13.7965527621161,-6.68297403575421,25.5007946683979));
#6739=CARTESIAN_POINT('Ctrl Pts',(17.0606299838254,-4.19618179205113,25.5520913854298));
#6740=CARTESIAN_POINT('Ctrl Pts',(21.0127116174028,-1.17778504401706,22.9078492347948));
#6741=CARTESIAN_POINT('Ctrl Pts',(22.6255143940264,0.0552804079423686,20.4094747594575));
#6742=CARTESIAN_POINT('Ctrl Pts',(23.2055487720231,0.498792905438729,19.0094715231871));
#6743=CARTESIAN_POINT('Ctrl Pts',(12.0428282739148,-7.61594990046368,23.8941181091873));
#6744=CARTESIAN_POINT('Ctrl Pts',(13.681247618925,-6.35860199009643,24.542986517926));
#6745=CARTESIAN_POINT('Ctrl Pts',(16.6742879842731,-4.0621567052788,24.5703233286623));
#6746=CARTESIAN_POINT('Ctrl Pts',(20.2893641846736,-1.28806359438746,22.1314512675343));
#6747=CARTESIAN_POINT('Ctrl Pts',(21.7630380160856,-0.157388839046029,19.8382715569726));
#6748=CARTESIAN_POINT('Ctrl Pts',(22.2930080602804,0.249289681251004,18.5543084734362));
#6749=CARTESIAN_POINT('Ctrl Pts',(12.1363792975449,-7.54416567527927,23.5144695997347));
#6750=CARTESIAN_POINT('Ctrl Pts',(13.7173525005062,-6.33104226937554,24.1334231300764));
#6751=CARTESIAN_POINT('Ctrl Pts',(16.5978347383986,-4.12077050984667,24.1506146025037));
#6752=CARTESIAN_POINT('Ctrl Pts',(20.0720493463576,-1.45491187912901,21.7995303251701));
#6753=CARTESIAN_POINT('Ctrl Pts',(21.4869582024185,-0.369214128342983,19.5941241650853));
#6754=CARTESIAN_POINT('Ctrl Pts',(21.9959008533626,0.0213113030599688,18.3596912657134));
#6755=CARTESIAN_POINT('Ctrl Pts',(12.7740575861113,-9.25804815803211,25.2448073649477));
#6756=CARTESIAN_POINT('Ctrl Pts',(14.6553385787158,-7.87741007205043,25.9713142649048));
#6757=CARTESIAN_POINT('Ctrl Pts',(18.0673831155596,-5.33220704243055,25.9914930387975));
#6758=CARTESIAN_POINT('Ctrl Pts',(22.1682274501467,-2.24183279724473,23.232902953103));
#6759=CARTESIAN_POINT('Ctrl Pts',(23.8362031231154,-0.979737221545733,20.6466310315049));
#6760=CARTESIAN_POINT('Ctrl Pts',(24.4361171843811,-0.525542110845025,19.1999999797387));
#6761=CARTESIAN_POINT('Origin',(0.269424964681779,-16.649999999999,13.5566349703643));
#6762=CARTESIAN_POINT('Origin',(0.269424964680485,-16.6499999999997,25.2448073649476));
#6763=CARTESIAN_POINT('Origin',(0.26942496468175,-16.649999999999,23.785253849923));
#6764=CARTESIAN_POINT('Ctrl Pts',(-1.61163201737207,-45.6429007769043,19.1967002157848));
#6765=CARTESIAN_POINT('Ctrl Pts',(-1.51819205093257,-44.8958458340451,20.6452419635314));
#6766=CARTESIAN_POINT('Ctrl Pts',(-1.25904234855778,-42.8192604078454,23.2328200867079));
#6767=CARTESIAN_POINT('Ctrl Pts',(-0.632966050360756,-37.7213003977483,
25.9910115023597));
#6768=CARTESIAN_POINT('Ctrl Pts',(-0.13486373971137,-33.4944957673086,25.971199679401));
#6769=CARTESIAN_POINT('Ctrl Pts',(0.120123196701871,-31.1753054361334,25.2448073649481));
#6770=CARTESIAN_POINT('Ctrl Pts',(-2.17240543309153,-45.5986032543713,19.2119230953032));
#6771=CARTESIAN_POINT('Ctrl Pts',(-2.07762292207395,-44.8477974722925,20.6644487889415));
#6772=CARTESIAN_POINT('Ctrl Pts',(-1.81510361584657,-42.7639643995455,23.255623459445));
#6773=CARTESIAN_POINT('Ctrl Pts',(-1.17858931404937,-37.6480236648019,26.0066356056512));
#6774=CARTESIAN_POINT('Ctrl Pts',(-0.669879613320023,-33.4227607258402,
25.9662295301827));
#6775=CARTESIAN_POINT('Ctrl Pts',(-0.405793002590599,-31.1117650985193,
25.2266196183007));
#6776=CARTESIAN_POINT('Ctrl Pts',(-3.11353173847549,-45.0863614164726,19.0117295080842));
#6777=CARTESIAN_POINT('Ctrl Pts',(-3.0194307700575,-44.3620870076878,20.4113501465895));
#6778=CARTESIAN_POINT('Ctrl Pts',(-2.75794814936303,-42.3486663657513,22.9086044998444));
#6779=CARTESIAN_POINT('Ctrl Pts',(-2.12006084059662,-37.4174714313147,25.5514043560724));
#6780=CARTESIAN_POINT('Ctrl Pts',(-1.59858281872908,-33.3480401334253,25.5005861520101));
#6781=CARTESIAN_POINT('Ctrl Pts',(-1.31863912576884,-31.1309946696576,24.7816235158377));
#6782=CARTESIAN_POINT('Ctrl Pts',(-3.35385324427946,-44.1715303572636,18.5564343904359));
#6783=CARTESIAN_POINT('Ctrl Pts',(-3.26662098195939,-43.5090462161513,19.8400476499298));
#6784=CARTESIAN_POINT('Ctrl Pts',(-3.02424658830449,-41.6672755849481,22.1322556946092));
#6785=CARTESIAN_POINT('Ctrl Pts',(-2.42942118171873,-37.1500092701482,24.5698356074327));
#6786=CARTESIAN_POINT('Ctrl Pts',(-1.9372332901124,-33.4103551868434,24.5428841776543));
#6787=CARTESIAN_POINT('Ctrl Pts',(-1.66759026596081,-31.3630914045634,23.8941181091876));
#6788=CARTESIAN_POINT('Ctrl Pts',(-3.30497752946154,-43.8002824454231,18.3617349566362));
#6789=CARTESIAN_POINT('Ctrl Pts',(-3.22122147294726,-43.164092034689,19.5958320156841));
#6790=CARTESIAN_POINT('Ctrl Pts',(-2.98841006057312,-41.3957137916587,21.8003404855549));
#6791=CARTESIAN_POINT('Ctrl Pts',(-2.4168805589572,-37.0545162292158,24.150204353574));
#6792=CARTESIAN_POINT('Ctrl Pts',(-1.94304977799971,-33.4554141260221,24.1333255080137));
#6793=CARTESIAN_POINT('Ctrl Pts',(-1.68298171674645,-31.4800010801693,23.514469599735));
#6794=CARTESIAN_POINT('',(0.120123196701876,-31.1753054361327,25.2448073649481));
#6795=CARTESIAN_POINT('Ctrl Pts',(-1.61141908141795,-45.6411983444066,19.1999999927676));
#6796=CARTESIAN_POINT('Ctrl Pts',(-1.51799523980713,-44.8942687654864,20.6472068108064));
#6797=CARTESIAN_POINT('Ctrl Pts',(-1.258906508838,-42.8181543039069,23.2334185312587));
#6798=CARTESIAN_POINT('Ctrl Pts',(-0.632966050360756,-37.7213003977483,
25.9910115023597));
#6799=CARTESIAN_POINT('Ctrl Pts',(-0.13486373971137,-33.4944957673086,25.971199679401));
#6800=CARTESIAN_POINT('Ctrl Pts',(0.120123196701871,-31.1753054361334,25.2448073649481));
#6801=CARTESIAN_POINT('Origin',(0.114558840950671,-31.7166517841048,23.5144695997351));
#6802=CARTESIAN_POINT('Ctrl Pts',(0.120123196701899,-31.175305436133,25.2448073649479));
#6803=CARTESIAN_POINT('Ctrl Pts',(0.503646471650124,-28.1622291604773,24.3009154088444));
#6804=CARTESIAN_POINT('Ctrl Pts',(0.895427334317777,-25.1399804671311,23.3510093346129));
#6805=CARTESIAN_POINT('Ctrl Pts',(1.21375371820691,-22.1363713370758,22.4417758242045));
#6806=CARTESIAN_POINT('Ctrl Pts',(-0.405793002590566,-31.1117650985189,
25.2266196183006));
#6807=CARTESIAN_POINT('Ctrl Pts',(-0.0198021379598524,-28.1001504728331,
24.2790604169561));
#6808=CARTESIAN_POINT('Ctrl Pts',(0.372555822445729,-25.0787108025693,23.3276949007076));
#6809=CARTESIAN_POINT('Ctrl Pts',(0.70661770620051,-22.0827031476625,22.3983131415351));
#6810=CARTESIAN_POINT('Ctrl Pts',(-1.3186795614167,-31.130974626205,24.7816705026662));
#6811=CARTESIAN_POINT('Ctrl Pts',(-0.925462646460046,-28.1205023465315,
23.8321732402666));
#6812=CARTESIAN_POINT('Ctrl Pts',(-0.529646065628069,-25.1017241670094,
22.8785531490671));
#6813=CARTESIAN_POINT('Ctrl Pts',(-0.153116925663445,-22.1079539147657,
21.9389256837363));
#6814=CARTESIAN_POINT('Ctrl Pts',(-1.66759026596078,-31.3630914045632,23.8941181091876));
#6815=CARTESIAN_POINT('Ctrl Pts',(-1.27101198723338,-28.3510098518027,22.9485613709851));
#6816=CARTESIAN_POINT('Ctrl Pts',(-0.873972039516792,-25.3337994266799,
21.9974973612386));
#6817=CARTESIAN_POINT('Ctrl Pts',(-0.47761108321533,-22.3243021331672,21.0792355516784));
#6818=CARTESIAN_POINT('Ctrl Pts',(-1.68298171674643,-31.4800010801691,23.514469599735));
#6819=CARTESIAN_POINT('Ctrl Pts',(-1.28632047820533,-28.4670598461619,22.5705776436315));
#6820=CARTESIAN_POINT('Ctrl Pts',(-0.889174758854038,-25.4504386150482,
21.6206715693999));
#6821=CARTESIAN_POINT('Ctrl Pts',(-0.491954346739615,-22.4332500360717,
20.7114380589915));
#6822=CARTESIAN_POINT('',(0.269424964681741,-29.9989518433667,24.87651871701));
#6823=CARTESIAN_POINT('Ctrl Pts',(0.120123196701899,-31.175305436133,25.2448073649479));
#6824=CARTESIAN_POINT('Ctrl Pts',(0.170010608031097,-30.7833746581374,25.1220290895726));
#6825=CARTESIAN_POINT('Ctrl Pts',(0.220037737142471,-30.3912886835032,24.9991490557569));
#6826=CARTESIAN_POINT('Ctrl Pts',(0.270024745016978,-29.9991087232558,24.8762700156091));
#6827=CARTESIAN_POINT('Ctrl Pts',(0.269424964683014,-29.9989518433768,24.8765187170132));
#6828=CARTESIAN_POINT('Ctrl Pts',(0.269424964683014,-29.9880393746376,24.8731045066337));
#6829=CARTESIAN_POINT('Ctrl Pts',(0.269424964681992,-29.9771273786652,24.8696887503791));
#6830=CARTESIAN_POINT('Ctrl Pts',(0.269424964667753,-27.3770114593851,24.0553770944285));
#6831=CARTESIAN_POINT('Ctrl Pts',(0.269424964681746,-24.6478469547825,23.1052865684331));
#6832=CARTESIAN_POINT('Ctrl Pts',(0.269424964681751,-22.1172221028821,22.0927677835762));
#6833=CARTESIAN_POINT('Ctrl Pts',(-0.674903788843399,-22.1363713370758,
22.4417758242045));
#6834=CARTESIAN_POINT('Ctrl Pts',(-0.356535859726844,-25.1403724724148,
23.3511279999667));
#6835=CARTESIAN_POINT('Ctrl Pts',(0.0352078686874499,-28.1622638144402,
24.3009262647252));
#6836=CARTESIAN_POINT('Ctrl Pts',(0.41872673266147,-31.1753054361321,25.2448073649477));
#6837=CARTESIAN_POINT('Ctrl Pts',(-0.167767776837005,-22.0827031476626,
22.3983131415351));
#6838=CARTESIAN_POINT('Ctrl Pts',(0.166337705807585,-25.0791018157737,23.3278161956379));
#6839=CARTESIAN_POINT('Ctrl Pts',(0.558656506677644,-28.1001851099854,24.2790713150146));
#6840=CARTESIAN_POINT('Ctrl Pts',(0.944642931953934,-31.111765098518,25.2266196183003));
#6841=CARTESIAN_POINT('Ctrl Pts',(0.691964691284698,-22.1079549125062,21.9389233181298));
#6842=CARTESIAN_POINT('Ctrl Pts',(1.06854297260092,-25.1021158859477,22.8786734155726));
#6843=CARTESIAN_POINT('Ctrl Pts',(1.46431471684901,-28.1205381509944,23.8321813933496));
#6844=CARTESIAN_POINT('Ctrl Pts',(1.85752710934306,-31.1309758066531,24.7816677354005));
#6845=CARTESIAN_POINT('Ctrl Pts',(1.01646101257884,-22.3243021331672,21.0792355516784));
#6846=CARTESIAN_POINT('Ctrl Pts',(1.41287369851035,-25.3341922004361,21.9976172048886));
#6847=CARTESIAN_POINT('Ctrl Pts',(1.80986647771904,-28.3510444943252,22.9485722460129));
#6848=CARTESIAN_POINT('Ctrl Pts',(2.20644019532415,-31.3630914045623,23.8941181091873));
#6849=CARTESIAN_POINT('Ctrl Pts',(1.03080427610313,-22.4332500360717,20.7114380589915));
#6850=CARTESIAN_POINT('Ctrl Pts',(1.42807653001639,-25.450832392605,21.6207902347537));
#6851=CARTESIAN_POINT('Ctrl Pts',(1.82517496964513,-28.4670944985718,22.5705884995123));
#6852=CARTESIAN_POINT('Ctrl Pts',(2.2218316461098,-31.4800010801682,23.5144695997347));
#6853=CARTESIAN_POINT('',(0.418726732661465,-31.1753054361321,25.2448073649477));
#6854=CARTESIAN_POINT('Ctrl Pts',(0.268824823007183,-29.9991088192043,24.8762698614241));
#6855=CARTESIAN_POINT('Ctrl Pts',(0.318811559222618,-30.3912848646732,24.9991477869823));
#6856=CARTESIAN_POINT('Ctrl Pts',(0.368838731242105,-30.7833700222074,25.122027637297));
#6857=CARTESIAN_POINT('Ctrl Pts',(0.41872673266147,-31.1753054361321,25.2448073649477));
#6858=CARTESIAN_POINT('Origin',(0.424291088412678,-31.7166517841036,23.5144695997347));
#6859=CARTESIAN_POINT('Ctrl Pts',(0.41872673266147,-31.1753054361321,25.2448073649477));
#6860=CARTESIAN_POINT('Ctrl Pts',(0.673753892251661,-33.4948616103752,25.9713142649048));
#6861=CARTESIAN_POINT('Ctrl Pts',(1.17194637018495,-37.7223902404704,25.9909196156087));
#6862=CARTESIAN_POINT('Ctrl Pts',(1.79808817744714,-42.8208421814696,23.2316311673846));
#6863=CARTESIAN_POINT('Ctrl Pts',(2.05722133231819,-44.8972827808094,20.6432373457639));
#6864=CARTESIAN_POINT('Ctrl Pts',(2.15063664384282,-45.6441375817637,19.1943013999059));
#6865=CARTESIAN_POINT('Ctrl Pts',(0.944642931953934,-31.111765098518,25.2266196183003));
#6866=CARTESIAN_POINT('Ctrl Pts',(1.20877120129781,-33.4231252762249,25.96634620071));
#6867=CARTESIAN_POINT('Ctrl Pts',(1.71757221401943,-37.6491138857669,26.0065533875841));
#6868=CARTESIAN_POINT('Ctrl Pts',(2.3541525353643,-42.7655526202195,23.2544383920685));
#6869=CARTESIAN_POINT('Ctrl Pts',(2.61665472063791,-44.8492406217241,20.6624410745537));
#6870=CARTESIAN_POINT('Ctrl Pts',(2.71141217555161,-45.5998454933608,19.2095190042767));
#6871=CARTESIAN_POINT('Ctrl Pts',(1.85748726185107,-31.1309955585637,24.7816214320178));
#6872=CARTESIAN_POINT('Ctrl Pts',(2.13747511481753,-33.348390752452,25.5006974816921));
#6873=CARTESIAN_POINT('Ctrl Pts',(2.65904364875689,-37.4185219199042,25.5513192064552));
#6874=CARTESIAN_POINT('Ctrl Pts',(3.29699430436388,-42.3501970240503,22.9074578366053));
#6875=CARTESIAN_POINT('Ctrl Pts',(3.55845905519893,-44.3634777531241,20.4094132333232));
#6876=CARTESIAN_POINT('Ctrl Pts',(3.65253495592835,-45.0875585082856,19.0094099970529));
#6877=CARTESIAN_POINT('Ctrl Pts',(2.20644019532415,-31.3630914045623,23.8941181091873));
#6878=CARTESIAN_POINT('Ctrl Pts',(2.47612575459236,-33.4106781345766,24.542986517926));
#6879=CARTESIAN_POINT('Ctrl Pts',(2.96839830492672,-37.1509741795704,24.5697554387417));
#6880=CARTESIAN_POINT('Ctrl Pts',(3.56328124309355,-41.6686777364704,22.1312030113909));
#6881=CARTESIAN_POINT('Ctrl Pts',(3.80563867910388,-43.510320502104,19.8382715569726));
#6882=CARTESIAN_POINT('Ctrl Pts',(3.8928475867572,-44.1726272837699,18.5543084734361));
#6883=CARTESIAN_POINT('Ctrl Pts',(2.2218316461098,-31.4800010801682,23.5144695997347));
#6884=CARTESIAN_POINT('Ctrl Pts',(2.48194073206728,-33.455725739587,24.1334231300764));
#6885=CARTESIAN_POINT('Ctrl Pts',(2.95585266833213,-37.0554442785402,24.1501260699005));
#6886=CARTESIAN_POINT('Ctrl Pts',(3.52743732784846,-41.3970608068319,21.7993275759562));
#6887=CARTESIAN_POINT('Ctrl Pts',(3.76023250424227,-43.1653157253478,19.5941241650852));
#6888=CARTESIAN_POINT('Ctrl Pts',(3.84396612318906,-43.8013357058362,18.3596912657133));
#6889=CARTESIAN_POINT('Ctrl Pts',(0.41872673266147,-31.1753054361321,25.2448073649477));
#6890=CARTESIAN_POINT('Ctrl Pts',(0.673753892251661,-33.4948616103752,25.9713142649048));
#6891=CARTESIAN_POINT('Ctrl Pts',(1.17194637018495,-37.7223902404704,25.9909196156087));
#6892=CARTESIAN_POINT('Ctrl Pts',(1.79785361293101,-42.8189322053288,23.2326648488162));
#6893=CARTESIAN_POINT('Ctrl Pts',(2.05688152334968,-44.8945598629187,20.6466307247628));
#6894=CARTESIAN_POINT('Ctrl Pts',(2.15026900849763,-45.6411983275263,19.1999999879738));
#6895=CARTESIAN_POINT('Origin',(0.269424964681781,-16.649999999999,13.5566349703643));
#6896=CARTESIAN_POINT('Origin',(0.269424964681777,-16.6499999999976,25.2448073649476));
#6897=CARTESIAN_POINT('Origin',(0.269424964681753,-16.649999999999,23.785253849923));
#6898=CARTESIAN_POINT('Ctrl Pts',(-12.5979822913462,9.39911709322951,19.1967002157847));
#6899=CARTESIAN_POINT('Ctrl Pts',(-12.3053762045819,8.70542855147092,20.6452419635314));
#6900=CARTESIAN_POINT('Ctrl Pts',(-11.4915488931818,6.77756182355972,23.233110758698));
#6901=CARTESIAN_POINT('Ctrl Pts',(-9.48472923637713,2.04946133685949,25.9917280237057));
#6902=CARTESIAN_POINT('Ctrl Pts',(-7.8026986305055,-1.86009439937289,25.971199679401));
#6903=CARTESIAN_POINT('Ctrl Pts',(-6.86392862948493,-3.99606561058849,25.244807364948));
#6904=CARTESIAN_POINT('Ctrl Pts',(-12.0901895062996,9.64114102125093,19.2119230953031));
#6905=CARTESIAN_POINT('Ctrl Pts',(-11.796870677636,8.94353288515367,20.6644487889415));
#6906=CARTESIAN_POINT('Ctrl Pts',(-10.9823291537543,7.00767047106963,23.2556700945812));
#6907=CARTESIAN_POINT('Ctrl Pts',(-8.97560542492308,2.25888049559534,26.0069965615323));
#6908=CARTESIAN_POINT('Ctrl Pts',(-7.30349377179831,-1.65471083082169,25.9662295301826));
#6909=CARTESIAN_POINT('Ctrl Pts',(-6.37670167182887,-3.78813505748106,25.2266196183007));
#6910=CARTESIAN_POINT('Ctrl Pts',(-11.018950543916,9.66832164153901,19.01182524332));
#6911=CARTESIAN_POINT('Ctrl Pts',(-10.7383071686943,8.99403112001141,20.4114458818252));
#6912=CARTESIAN_POINT('Ctrl Pts',(-9.95805566730693,7.11962499712833,22.9091160794021));
#6913=CARTESIAN_POINT('Ctrl Pts',(-8.04482016415884,2.52998459660854,25.5524023203784));
#6914=CARTESIAN_POINT('Ctrl Pts',(-6.46170800918489,-1.25505995946146,25.5007373130058));
#6915=CARTESIAN_POINT('Ctrl Pts',(-5.59562362703386,-3.31504949890943,24.7817746768334));
#6916=CARTESIAN_POINT('Ctrl Pts',(-10.3534892400115,8.9959835448974,18.5564343904359));
#6917=CARTESIAN_POINT('Ctrl Pts',(-10.0977925246541,8.37863931792976,19.8400476499298));
#6918=CARTESIAN_POINT('Ctrl Pts',(-9.3868504727253,6.66250660088857,22.1325595867485));
#6919=CARTESIAN_POINT('Ctrl Pts',(-7.64330787095171,2.45291522003919,24.5705448344221));
#6920=CARTESIAN_POINT('Ctrl Pts',(-6.19973052261807,-1.03177750434441,24.5428841776542));
#6921=CARTESIAN_POINT('Ctrl Pts',(-5.40961634034662,-2.93958146012246,23.8941181091876));
#6922=CARTESIAN_POINT('Ctrl Pts',(-10.2101928947517,8.65003556473259,18.3617349566362));
#6923=CARTESIAN_POINT('Ctrl Pts',(-9.96463256204683,8.05720047913568,19.5958320156841));
#6924=CARTESIAN_POINT('Ctrl Pts',(-9.28209314472334,6.40940456097907,21.8005881259482));
#6925=CARTESIAN_POINT('Ctrl Pts',(-7.60641780463027,2.36396642879223,24.1508147998295));
#6926=CARTESIAN_POINT('Ctrl Pts',(-6.21722276593622,-0.989847074404392,
24.1333255080137));
#6927=CARTESIAN_POINT('Ctrl Pts',(-5.45474179076808,-2.83063898570677,23.514469599735));
#6928=CARTESIAN_POINT('',(-6.8639286294846,-3.99606561058906,25.244807364948));
#6929=CARTESIAN_POINT('Ctrl Pts',(-12.5973154830733,9.39753627553366,19.1999999930189));
#6930=CARTESIAN_POINT('Ctrl Pts',(-12.3047581404413,8.70396442813197,20.6472070315343));
#6931=CARTESIAN_POINT('Ctrl Pts',(-11.491113473696,6.77653596800972,23.2337092956453));
#6932=CARTESIAN_POINT('Ctrl Pts',(-9.48472923637713,2.04946133685949,25.9917280237057));
#6933=CARTESIAN_POINT('Ctrl Pts',(-7.8026986305055,-1.86009439937289,25.971199679401));
#6934=CARTESIAN_POINT('Ctrl Pts',(-6.86392862948493,-3.99606561058849,25.244807364948));
#6935=CARTESIAN_POINT('Origin',(-7.12978293003437,-3.52446374312375,23.514469599735));
#6936=CARTESIAN_POINT('Ctrl Pts',(-6.86392862948475,-3.99606561058885,25.2448073649479));
#6937=CARTESIAN_POINT('Ctrl Pts',(-5.68953139070466,-6.79722784632102,24.3009154088444));
#6938=CARTESIAN_POINT('Ctrl Pts',(-4.51769922381833,-9.61046242264696,23.3510093346128));
#6939=CARTESIAN_POINT('Ctrl Pts',(-3.29157339393352,-12.3708274242583,22.4417758242045));
#6940=CARTESIAN_POINT('Ctrl Pts',(-6.3767016718287,-3.78813505748141,25.2266196183006));
#6941=CARTESIAN_POINT('Ctrl Pts',(-5.20517225338469,-6.58926526204949,24.2790604169561));
#6942=CARTESIAN_POINT('Ctrl Pts',(-4.03424437934106,-9.40208775270282,23.3276949007075));
#6943=CARTESIAN_POINT('Ctrl Pts',(-2.82554662965542,-12.1637374336621,22.3983131415351));
#6944=CARTESIAN_POINT('Ctrl Pts',(-5.59559362113918,-3.31504759377289,24.7818059796988));
#6945=CARTESIAN_POINT('Ctrl Pts',(-4.43089331885263,-6.11880152283734,23.8323087172991));
#6946=CARTESIAN_POINT('Ctrl Pts',(-3.26430514558537,-8.93104598747628,22.8786689620781));
#6947=CARTESIAN_POINT('Ctrl Pts',(-2.09350381993802,-11.7119916489957,21.9390414967473));
#6948=CARTESIAN_POINT('Ctrl Pts',(-5.40961634034653,-2.93958146012269,23.8941181091876));
#6949=CARTESIAN_POINT('Ctrl Pts',(-4.24702242793331,-5.74640974244747,22.9485613709851));
#6950=CARTESIAN_POINT('Ctrl Pts',(-3.08226389641171,-8.55791059302537,21.9974973612386));
#6951=CARTESIAN_POINT('Ctrl Pts',(-1.92077390688073,-11.3623921799786,21.0792355516784));
#6952=CARTESIAN_POINT('Ctrl Pts',(-5.45474179076801,-2.83063898570696,23.514469599735));
#6953=CARTESIAN_POINT('Ctrl Pts',(-4.29178988303762,-5.63825325373733,22.5705776436314));
#6954=CARTESIAN_POINT('Ctrl Pts',(-3.1274175494432,-8.44929673315299,21.6206715693999));
#6955=CARTESIAN_POINT('Ctrl Pts',(-1.96282622774777,-11.2608688966121,20.7114380589915));
#6956=CARTESIAN_POINT('',(-6.4050509570021,-5.08946858974743,24.87651871701));
#6957=CARTESIAN_POINT('Ctrl Pts',(-6.86392862948475,-3.99606561058885,25.2448073649479));
#6958=CARTESIAN_POINT('Ctrl Pts',(-6.71116700602709,-4.36043132652261,25.1220290895726));
#6959=CARTESIAN_POINT('Ctrl Pts',(-6.55844878339886,-4.72500130557906,24.999149055757));
#6960=CARTESIAN_POINT('Ctrl Pts',(-6.40564882195367,-5.08963261794569,24.8762700156091));
#6961=CARTESIAN_POINT('Ctrl Pts',(-6.40505095700824,-5.08946858973935,24.8765187170131));
#6962=CARTESIAN_POINT('Ctrl Pts',(-6.39959472263864,-5.0989190648855,24.8731045066337));
#6963=CARTESIAN_POINT('Ctrl Pts',(-6.39413872465157,-5.10836913060306,24.8696887503791));
#6964=CARTESIAN_POINT('Ctrl Pts',(-5.09408076499918,-7.36013556947684,24.0553770944285));
#6965=CARTESIAN_POINT('Ctrl Pts',(-3.72949851270999,-9.72366136157647,23.1052865684331));
#6966=CARTESIAN_POINT('Ctrl Pts',(-2.46418608675978,-11.9152467707705,22.0927677835762));
#6967=CARTESIAN_POINT('Ctrl Pts',(-1.65594801377978,-11.4264986707331,22.4417758242045));
#6968=CARTESIAN_POINT('Ctrl Pts',(-3.43366329581445,-8.98414133909052,23.3511279999667));
#6969=CARTESIAN_POINT('Ctrl Pts',(-5.28386898740718,-6.5629785336274,24.3009262647252));
#6970=CARTESIAN_POINT('Ctrl Pts',(-7.12252687728514,-4.14536737856943,25.2448073649476));
#6971=CARTESIAN_POINT('Ctrl Pts',(-2.06830658864462,-11.7265446921433,22.3983131415351));
#6972=CARTESIAN_POINT('Ctrl Pts',(-3.85584975821406,-9.29864006701549,23.3278161956379));
#6973=CARTESIAN_POINT('Ctrl Pts',(-5.70614945325561,-6.87846458771445,24.2790713150146));
#6974=CARTESIAN_POINT('Ctrl Pts',(-7.54621349732716,-4.46335302475446,25.2266196183003));
#6975=CARTESIAN_POINT('Ctrl Pts',(-2.82555320760034,-12.1346421424043,21.9390447458749));
#6976=CARTESIAN_POINT('Ctrl Pts',(-4.64876005245442,-9.72991181704214,22.8787948433177));
#6977=CARTESIAN_POINT('Ctrl Pts',(-6.5007245576353,-7.31378103750897,23.8323234384482));
#6978=CARTESIAN_POINT('Ctrl Pts',(-8.34647530644734,-4.90327174744632,24.7818097804991));
#6979=CARTESIAN_POINT('Ctrl Pts',(-3.21467829692395,-12.1094282278756,21.0792355516784));
#6980=CARTESIAN_POINT('Ctrl Pts',(-5.06292678695753,-9.70099330998805,21.9976172048886));
#6981=CARTESIAN_POINT('Ctrl Pts',(-6.91515876581576,-7.28681897361914,22.9485722460129));
#6982=CARTESIAN_POINT('Ctrl Pts',(-8.76462513485356,-4.87659669076594,23.8941181091873));
#6983=CARTESIAN_POINT('Ctrl Pts',(-3.28157387896141,-12.0222482080334,20.7114380589915));
#6984=CARTESIAN_POINT('Ctrl Pts',(-5.13441292133565,-9.60758135622052,21.6207902347537));
#6985=CARTESIAN_POINT('Ctrl Pts',(-6.98644131084068,-7.19397096779533,22.5705884995122));
#6986=CARTESIAN_POINT('Ctrl Pts',(-8.83640936003798,-4.78304566713586,23.5144695997347));
#6987=CARTESIAN_POINT('',(-7.12252687728514,-4.14536737856943,25.2448073649476));
#6988=CARTESIAN_POINT('Ctrl Pts',(-6.40460970698492,-5.08903257384696,24.8762698614241));
#6989=CARTESIAN_POINT('Ctrl Pts',(-6.64398751313418,-4.77439152382292,24.9991477869823));
#6990=CARTESIAN_POINT('Ctrl Pts',(-6.88335489374964,-4.45984940296122,25.122027637297));
#6991=CARTESIAN_POINT('Ctrl Pts',(-7.12252687728514,-4.14536737856943,25.2448073649476));
#6992=CARTESIAN_POINT('',(-8.83640936003867,-4.78304566713497,23.514469599735));
#6993=CARTESIAN_POINT('Origin',(-7.39801892470716,-3.67932986685572,23.5144695997347));
#6994=CARTESIAN_POINT('Ctrl Pts',(-4.08655279420583,-10.9731792610847,21.1089440974054));
#6995=CARTESIAN_POINT('Ctrl Pts',(-5.67069391550703,-8.90868635764387,21.8957196872992));
#6996=CARTESIAN_POINT('Ctrl Pts',(-7.25437784285157,-6.84478928096768,22.7072936867905));
#6997=CARTESIAN_POINT('Ctrl Pts',(-8.83640936003855,-4.78304566713513,23.514469599735));
#6998=CARTESIAN_POINT('Ctrl Pts',(-7.12252687728514,-4.14536737856943,25.2448073649476));
#6999=CARTESIAN_POINT('Ctrl Pts',(-8.50316496326682,-2.2640863859649,25.9713142649048));
#7000=CARTESIAN_POINT('Ctrl Pts',(-11.0483638257472,1.14795419061053,25.9916618190006));
#7001=CARTESIAN_POINT('Ctrl Pts',(-14.139914391731,5.25035765007107,23.2319318611427));
#7002=CARTESIAN_POINT('Ctrl Pts',(-15.4024934968901,6.91896629224734,20.6432373457638));
#7003=CARTESIAN_POINT('Ctrl Pts',(-15.85682093025,7.51905386704978,19.1943013999058));
#7004=CARTESIAN_POINT('Ctrl Pts',(-7.54621349732716,-4.46335302475446,25.2266196183003));
#7005=CARTESIAN_POINT('Ctrl Pts',(-8.93063537729,-2.59372052823655,25.96634620071));
#7006=CARTESIAN_POINT('Ctrl Pts',(-11.4842918679564,0.811751036799543,26.0069275463822));
#7007=CARTESIAN_POINT('Ctrl Pts',(-14.5938091023076,4.92441778305876,23.2544864839568));
#7008=CARTESIAN_POINT('Ctrl Pts',(-15.8629559433576,6.59764386786699,20.6624410745537));
#7009=CARTESIAN_POINT('Ctrl Pts',(-16.3203207423291,7.20030802745185,19.2095190042767));
#7010=CARTESIAN_POINT('Ctrl Pts',(-8.34645083397351,-4.90323495933157,24.7817637788343));
#7011=CARTESIAN_POINT('Ctrl Pts',(-9.69762502433767,-3.12290831767803,25.5008398285086));
#7012=CARTESIAN_POINT('Ctrl Pts',(-12.1844354554904,0.141183105447306,25.5523377594979));
#7013=CARTESIAN_POINT('Ctrl Pts',(-15.202860589067,4.09330162694624,22.9079737157565));
#7014=CARTESIAN_POINT('Ctrl Pts',(-16.4359272144795,5.70610370095508,20.4095033490367));
#7015=CARTESIAN_POINT('Ctrl Pts',(-16.8794397119759,6.28613807895172,19.0095001127664));
#7016=CARTESIAN_POINT('Ctrl Pts',(-8.76462513485356,-4.87659669076594,23.8941181091873));
#7017=CARTESIAN_POINT('Ctrl Pts',(-10.0219730452208,-3.23817734575572,24.5429865179259));
#7018=CARTESIAN_POINT('Ctrl Pts',(-12.3184099459009,-0.245143520065405,
24.5704900416199));
#7019=CARTESIAN_POINT('Ctrl Pts',(-15.0925229900462,3.36995779294366,22.1315174047718));
#7020=CARTESIAN_POINT('Ctrl Pts',(-16.2231861962712,4.84361305140485,19.8382715569725));
#7021=CARTESIAN_POINT('Ctrl Pts',(-16.6298647165682,5.37358309559961,18.5543084734361));
#7022=CARTESIAN_POINT('Ctrl Pts',(-8.83640936003798,-4.78304566713586,23.5144695997347));
#7023=CARTESIAN_POINT('Ctrl Pts',(-10.0495327659417,-3.20207246417459,24.1334231300764));
#7024=CARTESIAN_POINT('Ctrl Pts',(-12.2598010110262,-0.321594806395324,
24.1507583961863));
#7025=CARTESIAN_POINT('Ctrl Pts',(-14.9256749432733,3.15263974290514,21.7995837544772));
#7026=CARTESIAN_POINT('Ctrl Pts',(-16.0113609069743,4.56753323773778,19.5941241650852));
#7027=CARTESIAN_POINT('Ctrl Pts',(-16.4018863383772,5.07647588868187,18.3596912657133));
#7028=CARTESIAN_POINT('Ctrl Pts',(-8.83640936003868,-4.78304566713497,23.514469599735));
#7029=CARTESIAN_POINT('Ctrl Pts',(-10.0493414307234,-3.20232181708584,24.1333255080137));
#7030=CARTESIAN_POINT('Ctrl Pts',(-12.2592316491555,-0.322336813231554,
24.1508131156687));
#7031=CARTESIAN_POINT('Ctrl Pts',(-14.7478470424563,2.92088991056127,21.9566443917841));
#7032=CARTESIAN_POINT('Ctrl Pts',(-15.7523683118185,4.23000751635279,20.0965871489062));
#7033=CARTESIAN_POINT('Ctrl Pts',(-16.1047575633079,4.68925013001025,19.1997640621194));
#7034=CARTESIAN_POINT('Ctrl Pts',(-7.12252687728514,-4.14536737856943,25.2448073649476));
#7035=CARTESIAN_POINT('Ctrl Pts',(-8.50316496326682,-2.2640863859649,25.9713142649048));
#7036=CARTESIAN_POINT('Ctrl Pts',(-11.0483638257472,1.14795419061053,25.9916618190006));
#7037=CARTESIAN_POINT('Ctrl Pts',(-14.1387562404496,5.24882081484157,23.2329657063666));
#7038=CARTESIAN_POINT('Ctrl Pts',(-15.4008378321294,6.91677818246503,20.6466311137317));
#7039=CARTESIAN_POINT('Ctrl Pts',(-15.8550329245083,7.51669221974758,19.1999999799003));
#7040=CARTESIAN_POINT('Origin',(0.269424964681779,-16.649999999999,13.5566349703643));
#7041=CARTESIAN_POINT('Origin',(0.269424964682439,-16.6500000000003,25.2448073649476));
#7042=CARTESIAN_POINT('Origin',(0.269424964681748,-16.649999999999,23.785253849923));
#7043=CARTESIAN_POINT('Ctrl Pts',(-18.9015436331281,5.18118489342804,19.1967002157847));
#7044=CARTESIAN_POINT('Ctrl Pts',(-18.4393680510167,4.58686524351011,20.6452419635314));
#7045=CARTESIAN_POINT('Ctrl Pts',(-17.1543024393012,2.93532277090482,23.2331100415736));
#7046=CARTESIAN_POINT('Ctrl Pts',(-13.9921412548298,-1.1122681689113,25.9917260468942));
#7047=CARTESIAN_POINT('Ctrl Pts',(-11.3555569336175,-4.45326753283281,25.9711996794009));
#7048=CARTESIAN_POINT('Ctrl Pts',(-9.89594471543298,-6.27348573472086,25.244807364948));
#7049=CARTESIAN_POINT('Ctrl Pts',(-18.4736938695909,5.54638849981954,19.2119230953031));
#7050=CARTESIAN_POINT('Ctrl Pts',(-18.0098153660073,4.94846728367914,20.6644487889415));
#7051=CARTESIAN_POINT('Ctrl Pts',(-16.7219905048752,3.28938652704174,23.2556700317856));
#7052=CARTESIAN_POINT('Ctrl Pts',(-13.5545669214209,-0.778214024313203,
26.006995534389));
#7053=CARTESIAN_POINT('Ctrl Pts',(-10.9265192470754,-4.12567851483266,25.9662295301826));
#7054=CARTESIAN_POINT('Ctrl Pts',(-9.47913600097164,-5.94653662747107,25.2266196183007));
#7055=CARTESIAN_POINT('Ctrl Pts',(-17.4459930913751,5.84987351781873,19.0118148663187));
#7056=CARTESIAN_POINT('Ctrl Pts',(-17.000393178368,5.27119473904253,20.4114355048239));
#7057=CARTESIAN_POINT('Ctrl Pts',(-15.7616008182165,3.66260875531365,22.9090994742095));
#7058=CARTESIAN_POINT('Ctrl Pts',(-12.7256724825468,-0.275459548620419,
25.5523825298404));
#7059=CARTESIAN_POINT('Ctrl Pts',(-10.2168688082859,-3.52178025762773,25.5007209282564));
#7060=CARTESIAN_POINT('Ctrl Pts',(-8.84713101029947,-5.28741822289931,24.781758292084));
#7061=CARTESIAN_POINT('Ctrl Pts',(-16.6291911878895,5.37270533593617,18.5564343904359));
#7062=CARTESIAN_POINT('Ctrl Pts',(-16.2224266835052,4.84257578310232,19.8400476499298));
#7063=CARTESIAN_POINT('Ctrl Pts',(-15.0915413850601,3.36892402202504,22.1325588285357));
#7064=CARTESIAN_POINT('Ctrl Pts',(-12.3178863664376,-0.245966668581641,
24.5705428828098));
#7065=CARTESIAN_POINT('Ctrl Pts',(-10.0215928273048,-3.23829617656,24.5428841776542));
#7066=CARTESIAN_POINT('Ctrl Pts',(-8.76462513485429,-4.87659669076502,23.8941181091876));
#7067=CARTESIAN_POINT('Ctrl Pts',(-16.4012396213088,5.07563307058927,18.3617349566362));
#7068=CARTESIAN_POINT('Ctrl Pts',(-16.0106095432796,4.56655404150666,19.5958320156841));
#7069=CARTESIAN_POINT('Ctrl Pts',(-14.9248459858818,3.15155942459955,21.8005875149881));
#7070=CARTESIAN_POINT('Ctrl Pts',(-12.2592316491555,-0.322336813231554,
24.1508131156687));
#7071=CARTESIAN_POINT('Ctrl Pts',(-10.0493414307234,-3.20232181708584,24.1333255080137));
#7072=CARTESIAN_POINT('Ctrl Pts',(-8.83640936003868,-4.78304566713497,23.514469599735));
#7073=CARTESIAN_POINT('',(-9.89594471543252,-6.27348573472133,25.244807364948));
#7074=CARTESIAN_POINT('Ctrl Pts',(-18.9004904000696,5.1798305234692,19.1999999930183));
#7075=CARTESIAN_POINT('Ctrl Pts',(-18.4383921037689,4.58561097556929,20.6472070309897));
#7076=CARTESIAN_POINT('Ctrl Pts',(-17.1536163454649,2.93444456545183,23.2337085782476));
#7077=CARTESIAN_POINT('Ctrl Pts',(-13.9921412548298,-1.1122681689113,25.9917260468942));
#7078=CARTESIAN_POINT('Ctrl Pts',(-11.3555569336175,-4.45326753283281,25.9711996794009));
#7079=CARTESIAN_POINT('Ctrl Pts',(-9.89594471543298,-6.27348573472086,25.244807364948));
#7080=CARTESIAN_POINT('Origin',(-10.2747997953695,-5.88676146741512,23.514469599735));
#7081=CARTESIAN_POINT('Ctrl Pts',(-9.89594471543272,-6.27348573472116,25.2448073649479));
#7082=CARTESIAN_POINT('Ctrl Pts',(-8.03656995714302,-8.67524430992839,24.3009154088444));
#7083=CARTESIAN_POINT('Ctrl Pts',(-6.17654831637715,-11.0893277601571,23.3510093346128));
#7084=CARTESIAN_POINT('Ctrl Pts',(-4.27776667715983,-13.4382908887316,22.4417758242045));
#7085=CARTESIAN_POINT('Ctrl Pts',(-9.47913600097139,-5.94653662747137,25.2266196183006));
#7086=CARTESIAN_POINT('Ctrl Pts',(-7.62253963468477,-8.34900650947086,24.2790604169561));
#7087=CARTESIAN_POINT('Ctrl Pts',(-5.76349812935048,-10.7629259637158,23.3276949007075));
#7088=CARTESIAN_POINT('Ctrl Pts',(-3.88121822341808,-13.1176407163261,22.3983131415351));
#7089=CARTESIAN_POINT('Ctrl Pts',(-8.84711553130526,-5.28741300373009,24.7817752991165));
#7090=CARTESIAN_POINT('Ctrl Pts',(-6.99643651481711,-7.69418471430446,23.8322780367168));
#7091=CARTESIAN_POINT('Ctrl Pts',(-5.14173330365314,-10.1086687612237,22.878642734676));
#7092=CARTESIAN_POINT('Ctrl Pts',(-3.29106436516041,-12.4918303160831,21.9390152693452));
#7093=CARTESIAN_POINT('Ctrl Pts',(-8.76462513485413,-4.87659669076521,23.8941181091876));
#7094=CARTESIAN_POINT('Ctrl Pts',(-6.91518503356972,-7.28688317236849,22.9485613709851));
#7095=CARTESIAN_POINT('Ctrl Pts',(-5.06244472113096,-9.70112276367195,21.9974973612386));
#7096=CARTESIAN_POINT('Ctrl Pts',(-3.21467829692393,-12.1094282278757,21.0792355516784));
#7097=CARTESIAN_POINT('Ctrl Pts',(-8.83640936003855,-4.78304566713513,23.514469599735));
#7098=CARTESIAN_POINT('Ctrl Pts',(-6.9864200337618,-7.1939986966244,22.5705776436314));
#7099=CARTESIAN_POINT('Ctrl Pts',(-5.13417113624245,-9.60789645668877,21.6206715693999));
#7100=CARTESIAN_POINT('Ctrl Pts',(-3.28157387896139,-12.0222482080335,20.7114380589915));
#7101=CARTESIAN_POINT('',(-9.16970940549624,-7.21086562982101,24.87651871701));
#7102=CARTESIAN_POINT('Ctrl Pts',(-9.89594471543272,-6.27348573472116,25.2448073649479));
#7103=CARTESIAN_POINT('Ctrl Pts',(-9.65408353140304,-6.58589837244427,25.1220290895726));
#7104=CARTESIAN_POINT('Ctrl Pts',(-9.41221140216902,-6.89851954615417,24.9991490557569));
#7105=CARTESIAN_POINT('Ctrl Pts',(-9.17024444507192,-7.21117880772984,24.8762700156091));
#7106=CARTESIAN_POINT('Ctrl Pts',(-9.16970940550425,-7.21086562981479,24.8765187170131));
#7107=CARTESIAN_POINT('Ctrl Pts',(-9.16199312485928,-7.21858191045977,24.8731045066337));
#7108=CARTESIAN_POINT('Ctrl Pts',(-9.15427717851021,-7.2262978568074,24.8696887503791));
#7109=CARTESIAN_POINT('Ctrl Pts',(-7.31571758010607,-9.06485745519139,24.0553770944285));
#7110=CARTESIAN_POINT('Ctrl Pts',(-5.38590685193784,-10.9946681833794,23.1052865684331));
#7111=CARTESIAN_POINT('Ctrl Pts',(-3.59648485851984,-12.7840901767974,22.0927677835762));
#7112=CARTESIAN_POINT('Ctrl Pts',(-2.94228414658569,-12.1028083581574,22.4417758242045));
#7113=CARTESIAN_POINT('Ctrl Pts',(-5.29155384166661,-10.2037789062578,23.3511279999667));
#7114=CARTESIAN_POINT('Ctrl Pts',(-7.70535834847076,-8.34398369315171,24.3009262647252));
#7115=CARTESIAN_POINT('Ctrl Pts',(-10.1070893005954,-6.4846303198851,25.2448073649476));
#7116=CARTESIAN_POINT('Ctrl Pts',(-3.26293431899119,-12.4993568118992,22.3983131415351));
#7117=CARTESIAN_POINT('Ctrl Pts',(-5.61795638876051,-10.616831246949,23.3278161956379));
#7118=CARTESIAN_POINT('Ctrl Pts',(-8.03159615710916,-8.75801404756477,24.2790713150146));
#7119=CARTESIAN_POINT('Ctrl Pts',(-10.4340384078451,-6.90143903434643,25.2266196183003));
#7120=CARTESIAN_POINT('Ctrl Pts',(-3.88874040694631,-13.0894989778726,21.9390028966006));
#7121=CARTESIAN_POINT('Ctrl Pts',(-6.27221299159718,-11.2385885059543,22.8787529940434));
#7122=CARTESIAN_POINT('Ctrl Pts',(-8.68641356007208,-9.38410406237169,23.8322744835385));
#7123=CARTESIAN_POINT('Ctrl Pts',(-11.0931575899068,-7.53344633089523,24.7817608255893));
#7124=CARTESIAN_POINT('Ctrl Pts',(-4.2711468074416,-13.1658967383933,21.0792355516784));
#7125=CARTESIAN_POINT('Ctrl Pts',(-6.67976658300404,-11.3178891595719,21.9976172048886));
#7126=CARTESIAN_POINT('Ctrl Pts',(-9.09371958411171,-9.4653687309854,22.9485722460129));
#7127=CARTESIAN_POINT('Ctrl Pts',(-11.5039783445513,-7.61594990046367,23.8941181091873));
#7128=CARTESIAN_POINT('Ctrl Pts',(-4.3583268272838,-13.0990011563558,20.7114380589915));
#7129=CARTESIAN_POINT('Ctrl Pts',(-6.77299367909672,-11.2461621139816,21.6207902347537));
#7130=CARTESIAN_POINT('Ctrl Pts',(-9.18660406752188,-9.39413372447658,22.5705884995122));
#7131=CARTESIAN_POINT('Ctrl Pts',(-11.5975293681814,-7.54416567527926,23.5144695997347));
#7132=CARTESIAN_POINT('',(-10.1070893005954,-6.4846303198851,25.2448073649476));
#7133=CARTESIAN_POINT('Ctrl Pts',(-9.16939603992775,-7.210330266894,24.8762698614241));
#7134=CARTESIAN_POINT('Ctrl Pts',(-9.48205234124503,-6.96836588587136,24.9991477869823));
#7135=CARTESIAN_POINT('Ctrl Pts',(-9.79467296751863,-6.72649436475488,25.122027637297));
#7136=CARTESIAN_POINT('Ctrl Pts',(-10.1070893005954,-6.4846303198851,25.2448073649476));
#7137=CARTESIAN_POINT('Origin',(-10.4938135679012,-6.10577523994844,23.5144695997347));
#7138=CARTESIAN_POINT('Ctrl Pts',(-10.1070893005954,-6.4846303198851,25.2448073649476));
#7139=CARTESIAN_POINT('Ctrl Pts',(-11.9275946346788,-5.0247878536676,25.9713142649048));
#7140=CARTESIAN_POINT('Ctrl Pts',(-15.2691705760222,-2.38775481775909,25.9916139021801));
#7141=CARTESIAN_POINT('Ctrl Pts',(-19.3171524361584,0.774705543034994,23.2319144372015));
#7142=CARTESIAN_POINT('Ctrl Pts',(-20.9685831746597,2.05968226946964,20.6432373457638));
#7143=CARTESIAN_POINT('Ctrl Pts',(-21.5627438692219,2.52173376354039,19.1943013999058));
#7144=CARTESIAN_POINT('Ctrl Pts',(-10.4340384078452,-6.90143903434642,25.2266196183003));
#7145=CARTESIAN_POINT('Ctrl Pts',(-12.2551837536223,-5.4538274692815,25.96634620071));
#7146=CARTESIAN_POINT('Ctrl Pts',(-15.603224890328,-2.82533251944626,26.0069026568618));
#7147=CARTESIAN_POINT('Ctrl Pts',(-19.6712241262136,0.3423967261594,23.2544849238546));
#7148=CARTESIAN_POINT('Ctrl Pts',(-21.3301913806907,1.63013219049456,20.6624410745537));
#7149=CARTESIAN_POINT('Ctrl Pts',(-21.9279528143541,2.09388634628305,19.2095190042767));
#7150=CARTESIAN_POINT('Ctrl Pts',(-11.0931543012876,-7.53343657752018,24.7817501093912));
#7151=CARTESIAN_POINT('Ctrl Pts',(-12.8590707889389,-6.16348270883377,25.5008261590655));
#7152=CARTESIAN_POINT('Ctrl Pts',(-16.1059477318464,-3.65424919341661,25.5522667962337));
#7153=CARTESIAN_POINT('Ctrl Pts',(-20.044395183781,-0.61803008201682,22.9079378789859));
#7154=CARTESIAN_POINT('Ctrl Pts',(-21.6528694523789,0.620676090848835,20.4094946953018));
#7155=CARTESIAN_POINT('Ctrl Pts',(-22.2313935718323,1.06615679559826,19.0094914590315));
#7156=CARTESIAN_POINT('Ctrl Pts',(-11.5039783445513,-7.61594990046367,23.8941181091873));
#7157=CARTESIAN_POINT('Ctrl Pts',(-13.1425372941587,-6.3587839263496,24.5429865179259));
#7158=CARTESIAN_POINT('Ctrl Pts',(-16.1353820477845,-4.06209559410749,24.5704427344483));
#7159=CARTESIAN_POINT('Ctrl Pts',(-19.7506190369501,-1.28817474420962,22.1314989881294));
#7160=CARTESIAN_POINT('Ctrl Pts',(-21.2241705043935,-0.157365925309262,
19.8382715569725));
#7161=CARTESIAN_POINT('Ctrl Pts',(-21.7541581309168,0.249289681251027,18.554308473436));
#7162=CARTESIAN_POINT('Ctrl Pts',(-11.5975293681814,-7.54416567527925,23.5144695997347));
#7163=CARTESIAN_POINT('Ctrl Pts',(-13.1785025711426,-6.33104226937554,24.1334231300764));
#7164=CARTESIAN_POINT('Ctrl Pts',(-16.0589816218501,-4.12077295545967,24.1507175730569));
#7165=CARTESIAN_POINT('Ctrl Pts',(-19.53321034151,-1.45490349645308,21.7995689100072));
#7166=CARTESIAN_POINT('Ctrl Pts',(-20.948108273055,-0.369214128342961,19.5941241650852));
#7167=CARTESIAN_POINT('Ctrl Pts',(-21.4570509239991,0.0213113030599921,
18.3596912657132));
#7168=CARTESIAN_POINT('Ctrl Pts',(-10.1070893005954,-6.4846303198851,25.2448073649476));
#7169=CARTESIAN_POINT('Ctrl Pts',(-11.9275946346788,-5.0247878536676,25.9713142649048));
#7170=CARTESIAN_POINT('Ctrl Pts',(-15.2691705760222,-2.38775481775909,25.9916139021801));
#7171=CARTESIAN_POINT('Ctrl Pts',(-19.3156359882535,0.773520827649878,23.2329482710023));
#7172=CARTESIAN_POINT('Ctrl Pts',(-20.9664175939072,2.05799722996777,20.646631090886));
#7173=CARTESIAN_POINT('Ctrl Pts',(-21.5604055489852,2.51991535734685,19.1999999798554));
#7174=CARTESIAN_POINT('Origin',(0.269424964681777,-16.649999999999,13.5566349703643));
#7175=CARTESIAN_POINT('Origin',(0.269424964682743,-16.65,25.2448073649476));
#7176=CARTESIAN_POINT('Origin',(0.269424964681748,-16.649999999999,23.785253849923));
#7177=CARTESIAN_POINT('Ctrl Pts',(28.7612699760096,-10.9630466258554,19.1967002157848));
#7178=CARTESIAN_POINT('Ctrl Pts',(28.0154862701567,-11.0661425960139,20.6452419635315));
#7179=CARTESIAN_POINT('Ctrl Pts',(25.9426008985252,-11.3532809801209,23.2328763663508));
#7180=CARTESIAN_POINT('Ctrl Pts',(20.8562928378581,-12.0679884633574,25.9911401167794));
#7181=CARTESIAN_POINT('Ctrl Pts',(16.6445960735597,-12.6808365911208,25.971199679401));
#7182=CARTESIAN_POINT('Ctrl Pts',(14.3384347612016,-13.0347887507986,25.2448073649481));
#7183=CARTESIAN_POINT('Ctrl Pts',(28.8636206949297,-11.5161771932776,19.2119230953033));
#7184=CARTESIAN_POINT('Ctrl Pts',(28.1138664804987,-11.6189471535803,20.6644487889416));
#7185=CARTESIAN_POINT('Ctrl Pts',(26.0331031319359,-11.9047062775078,23.2556350180206));
#7186=CARTESIAN_POINT('Ctrl Pts',(20.9267430422335,-12.6139820880738,26.0066988817739));
#7187=CARTESIAN_POINT('Ctrl Pts',(16.7137776418776,-13.2161886358472,25.9662295301827));
#7188=CARTESIAN_POINT('Ctrl Pts',(14.4131766365939,-13.5592302396658,25.2266196183007));
#7189=CARTESIAN_POINT('Ctrl Pts',(28.6124520674332,-12.5578384584222,19.0117471769899));
#7190=CARTESIAN_POINT('Ctrl Pts',(27.8885015878785,-12.6543999136224,20.4113678154952));
#7191=CARTESIAN_POINT('Ctrl Pts',(25.8760095830017,-12.9229378477484,22.9087004058446));
#7192=CARTESIAN_POINT('Ctrl Pts',(20.9477173049341,-13.5830766047973,25.5515830154749));
#7193=CARTESIAN_POINT('Ctrl Pts',(16.8819638873526,-14.1326124299002,25.5006140503));
#7194=CARTESIAN_POINT('Ctrl Pts',(14.6680076565479,-14.4360211768444,24.7816514141277));
#7195=CARTESIAN_POINT('Ctrl Pts',(27.7909553219464,-13.0267217910378,18.556434390436));
#7196=CARTESIAN_POINT('Ctrl Pts',(27.1284674097032,-13.1139254087755,19.8400476499299));
#7197=CARTESIAN_POINT('Ctrl Pts',(25.2867360228783,-13.3564915710036,22.132314123888));
#7198=CARTESIAN_POINT('Ctrl Pts',(20.7694211463166,-13.9510908337559,24.5699631581278));
#7199=CARTESIAN_POINT('Ctrl Pts',(17.0298100798061,-14.4435690730605,24.5428841776543));
#7200=CARTESIAN_POINT('Ctrl Pts',(14.9825163692462,-14.7129847693565,23.8941181091877));
#7201=CARTESIAN_POINT('Ctrl Pts',(27.4197074101058,-13.0755975058557,18.3617349566363));
#7202=CARTESIAN_POINT('Ctrl Pts',(26.7835169993718,-13.15935356237,19.5958320156842));
#7203=CARTESIAN_POINT('Ctrl Pts',(25.0151512721893,-13.3921633270015,21.8003884334597));
#7204=CARTESIAN_POINT('Ctrl Pts',(20.6739394107959,-13.96369471111,24.150313927687));
#7205=CARTESIAN_POINT('Ctrl Pts',(17.0748390907049,-14.4375252573176,24.1333255080138));
#7206=CARTESIAN_POINT('Ctrl Pts',(15.099426044852,-14.6975933185708,23.5144695997351));
#7207=CARTESIAN_POINT('',(14.338434761201,-13.0347887507988,25.2448073649481));
#7208=CARTESIAN_POINT('Ctrl Pts',(28.7595704406252,-10.9632815674696,19.1999999928164));
#7209=CARTESIAN_POINT('Ctrl Pts',(28.0139120118262,-11.0663606648623,20.6472068535428));
#7210=CARTESIAN_POINT('Ctrl Pts',(25.9414973227092,-11.3534360501412,23.233474826596));
#7211=CARTESIAN_POINT('Ctrl Pts',(20.8562928378581,-12.0679884633574,25.9911401167794));
#7212=CARTESIAN_POINT('Ctrl Pts',(16.6445960735597,-12.6808365911208,25.971199679401));
#7213=CARTESIAN_POINT('Ctrl Pts',(14.3384347612016,-13.0347887507986,25.2448073649481));
#7214=CARTESIAN_POINT('Origin',(14.8627753409166,-12.9000527608737,23.5144695997351));
#7215=CARTESIAN_POINT('Ctrl Pts',(14.3384347612012,-13.0347887507987,25.244807364948));
#7216=CARTESIAN_POINT('Ctrl Pts',(11.3287634421698,-13.4441752390295,24.3009154088444));
#7217=CARTESIAN_POINT('Ctrl Pts',(8.30809502703324,-13.8479595064072,23.3510093346129));
#7218=CARTESIAN_POINT('Ctrl Pts',(5.32444246552609,-14.3178710779216,22.4417758242045));
#7219=CARTESIAN_POINT('Ctrl Pts',(14.4131766365935,-13.5592302396659,25.2266196183006));
#7220=CARTESIAN_POINT('Ctrl Pts',(11.4042785038117,-13.9658549164442,24.2790604169561));
#7221=CARTESIAN_POINT('Ctrl Pts',(8.38424218107895,-14.3688723596309,23.3276949007076));
#7222=CARTESIAN_POINT('Ctrl Pts',(5.40385943368624,-14.8216171988962,22.3983131415352));
#7223=CARTESIAN_POINT('Ctrl Pts',(14.6680005732809,-14.4360564105029,24.7816888307965));
#7224=CARTESIAN_POINT('Ctrl Pts',(11.6583356225697,-14.8354055977453,23.8321915683968));
#7225=CARTESIAN_POINT('Ctrl Pts',(8.63997574135008,-15.2343917197413,22.8785688169328));
#7226=CARTESIAN_POINT('Ctrl Pts',(5.65076282427308,-15.6455372570411,21.938941351602));
#7227=CARTESIAN_POINT('Ctrl Pts',(14.9825163692459,-14.7129847693565,23.8941181091876));
#7228=CARTESIAN_POINT('Ctrl Pts',(11.9704269951371,-15.1095036390448,22.9485613709852));
#7229=CARTESIAN_POINT('Ctrl Pts',(8.95326402202676,-15.5069040205806,21.9974973612387));
#7230=CARTESIAN_POINT('Ctrl Pts',(5.94372709784995,-15.9029639521019,21.0792355516784));
#7231=CARTESIAN_POINT('Ctrl Pts',(15.0994260448518,-14.6975933185708,23.514469599735));
#7232=CARTESIAN_POINT('Ctrl Pts',(12.0864848108447,-15.0942545571119,22.5705776436315));
#7233=CARTESIAN_POINT('Ctrl Pts',(9.06986357973094,-15.4914002764632,21.6206715693999));
#7234=CARTESIAN_POINT('Ctrl Pts',(6.05267500075446,-15.8886206885776,20.7114380589915));
#7235=CARTESIAN_POINT('',(13.1635223040797,-13.195037030779,24.87651871701));
#7236=CARTESIAN_POINT('Ctrl Pts',(14.3384347612012,-13.0347887507987,25.244807364948));
#7237=CARTESIAN_POINT('Ctrl Pts',(13.9469468884548,-13.0880403614963,25.1220290895726));
#7238=CARTESIAN_POINT('Ctrl Pts',(13.5552729456441,-13.1411971830254,24.999149055757));
#7239=CARTESIAN_POINT('Ctrl Pts',(13.1635186038425,-13.1944170839601,24.8762700156091));
#7240=CARTESIAN_POINT('Ctrl Pts',(13.1635223040891,-13.1950370307752,24.8765187170132));
#7241=CARTESIAN_POINT('Ctrl Pts',(13.1529816687053,-13.197861385514,24.8731045066338));
#7242=CARTESIAN_POINT('Ctrl Pts',(13.1424414899795,-13.2006856178927,24.8696887503791));
#7243=CARTESIAN_POINT('Ctrl Pts',(10.6309223722052,-13.8736451372904,24.0553770944285));
#7244=CARTESIAN_POINT('Ctrl Pts',(7.99475189301452,-14.5800048882858,23.1052865684332));
#7245=CARTESIAN_POINT('Ctrl Pts',(5.55035599191495,-15.2349787959674,22.0927677835762));
#7246=CARTESIAN_POINT('Ctrl Pts',(5.81326299802658,-16.1421741409963,22.4417758242045));
#7247=CARTESIAN_POINT('Ctrl Pts',(8.63250559344696,-15.0571616306651,23.3511279999667));
#7248=CARTESIAN_POINT('Ctrl Pts',(11.4500377472356,-13.8966432145564,24.3009262647252));
#7249=CARTESIAN_POINT('Ctrl Pts',(14.261150479159,-12.7463598835944,25.2448073649477));
#7250=CARTESIAN_POINT('Ctrl Pts',(5.63016704945754,-15.6662087190944,22.3983131415352));
#7251=CARTESIAN_POINT('Ctrl Pts',(8.43799304686266,-14.5679625626762,23.3278161956379));
#7252=CARTESIAN_POINT('Ctrl Pts',(11.2545958466952,-13.407097807394,24.2790713150146));
#7253=CARTESIAN_POINT('Ctrl Pts',(14.0636580975417,-12.2548092937407,25.2266196183003));
#7254=CARTESIAN_POINT('Ctrl Pts',(5.43202704566804,-14.8292158130382,21.9389484669932));
#7255=CARTESIAN_POINT('Ctrl Pts',(8.22669882680536,-13.690523241466,22.878698564436));
#7256=CARTESIAN_POINT('Ctrl Pts',(11.0398351071481,-12.5270101912874,23.8322108122668));
#7257=CARTESIAN_POINT('Ctrl Pts',(13.8459237312341,-11.3680375867822,24.7816971543177));
#7258=CARTESIAN_POINT('Ctrl Pts',(5.55703278470221,-14.4598011284365,21.0792355516784));
#7259=CARTESIAN_POINT('Ctrl Pts',(8.36176418212889,-13.2978790041525,21.9976172048886));
#7260=CARTESIAN_POINT('Ctrl Pts',(11.1730704348683,-12.1335945959449,22.9485722460129));
#7261=CARTESIAN_POINT('Ctrl Pts',(13.9798435045572,-10.9709586949711,23.8941181091873));
#7262=CARTESIAN_POINT('Ctrl Pts',(5.65855606806869,-14.4177488075695,20.7114380589916));
#7263=CARTESIAN_POINT('Ctrl Pts',(8.47049517379488,-13.2530054934104,21.6207902347538));
#7264=CARTESIAN_POINT('Ctrl Pts',(11.2812040018488,-12.0887717769487,22.5705884995123));
#7265=CARTESIAN_POINT('Ctrl Pts',(14.0887859789729,-10.9258332445496,23.5144695997348));
#7266=CARTESIAN_POINT('',(14.261150479159,-12.7463598835944,25.2448073649477));
#7267=CARTESIAN_POINT('Ctrl Pts',(13.1638292591905,-13.1955760947856,24.8762698614241));
#7268=CARTESIAN_POINT('Ctrl Pts',(13.5297047106257,-13.0457899857028,24.9991477869824));
#7269=CARTESIAN_POINT('Ctrl Pts',(13.8954819055014,-12.8959883421611,25.1220276372971));
#7270=CARTESIAN_POINT('Ctrl Pts',(14.261150479159,-12.7463598835944,25.2448073649477));
#7271=CARTESIAN_POINT('Origin',(14.7826107363899,-12.6008743838159,23.5144695997348));
#7272=CARTESIAN_POINT('Ctrl Pts',(14.261150479159,-12.7463598835944,25.2448073649477));
#7273=CARTESIAN_POINT('Ctrl Pts',(16.4356638074684,-11.8996772496618,25.9713142649048));
#7274=CARTESIAN_POINT('Ctrl Pts',(20.3901977964499,-10.3242985610087,25.9912490393915));
#7275=CARTESIAN_POINT('Ctrl Pts',(25.15290692047,-8.39989738648582,23.2317722614507));
#7276=CARTESIAN_POINT('Ctrl Pts',(27.0914891764476,-7.61218656028298,20.6432373457639));
#7277=CARTESIAN_POINT('Ctrl Pts',(27.7887178554505,-7.32865405189728,19.1943013999059));
#7278=CARTESIAN_POINT('Ctrl Pts',(14.0636580975417,-12.2548092937407,25.2266196183003));
#7279=CARTESIAN_POINT('Ctrl Pts',(16.2278991605887,-11.4014569428464,25.96634620071));
#7280=CARTESIAN_POINT('Ctrl Pts',(20.1782324073554,-9.81622113967101,26.0067166406308));
#7281=CARTESIAN_POINT('Ctrl Pts',(24.9555693401414,-7.87709805744584,23.2544656652884));
#7282=CARTESIAN_POINT('Ctrl Pts',(26.9002919988731,-7.08424962815568,20.6624410745538));
#7283=CARTESIAN_POINT('Ctrl Pts',(27.6007955957282,-6.79845011909481,19.2095190042768));
#7284=CARTESIAN_POINT('Ctrl Pts',(13.845939384758,-11.3680553628187,24.7816724943114));
#7285=CARTESIAN_POINT('Ctrl Pts',(15.9153124808788,-10.523703757894,25.5007485439857));
#7286=CARTESIAN_POINT('Ctrl Pts',(19.7117827266383,-8.9664652394851,25.5517569532923));
#7287=CARTESIAN_POINT('Ctrl Pts',(24.3103646347116,-7.07381446181231,22.9076820977353));
#7288=CARTESIAN_POINT('Ctrl Pts',(26.1873607905881,-6.30018697024241,20.4094455594064));
#7289=CARTESIAN_POINT('Ctrl Pts',(26.8624204575236,-6.02191073846844,19.009442323136));
#7290=CARTESIAN_POINT('Ctrl Pts',(13.9798435045572,-10.9709586949711,23.8941181091873));
#7291=CARTESIAN_POINT('Ctrl Pts',(15.8878606497171,-10.1805080060698,24.542986517926));
#7292=CARTESIAN_POINT('Ctrl Pts',(19.3732895440251,-8.7369595604932,24.5700819455683));
#7293=CARTESIAN_POINT('Ctrl Pts',(23.5831345738463,-6.9930588309992,22.131349770566));
#7294=CARTESIAN_POINT('Ctrl Pts',(25.2992627832216,-6.28231734245862,19.8382715569726));
#7295=CARTESIAN_POINT('Ctrl Pts',(25.9164306823558,-6.02666239747812,18.5543084734362));
#7296=CARTESIAN_POINT('Ctrl Pts',(14.0887859789729,-10.9258332445496,23.5144695997347));
#7297=CARTESIAN_POINT('Ctrl Pts',(15.9298682678917,-10.1632319910346,24.1334231300764));
#7298=CARTESIAN_POINT('Ctrl Pts',(19.2842668260651,-8.77379461463438,24.1504067252024));
#7299=CARTESIAN_POINT('Ctrl Pts',(23.3300450611212,-7.09797839932025,21.7994477822066));
#7300=CARTESIAN_POINT('Ctrl Pts',(24.9777657419791,-6.41547014630631,19.5941241650853));
#7301=CARTESIAN_POINT('Ctrl Pts',(25.5704420118699,-6.16997559722081,18.3596912657134));
#7302=CARTESIAN_POINT('Ctrl Pts',(14.261150479159,-12.7463598835944,25.2448073649477));
#7303=CARTESIAN_POINT('Ctrl Pts',(16.4356638074684,-11.8996772496618,25.9713142649048));
#7304=CARTESIAN_POINT('Ctrl Pts',(20.3901977964499,-10.3242985610087,25.9912490393915));
#7305=CARTESIAN_POINT('Ctrl Pts',(25.151122722684,-8.40061830229772,23.2328060118288));
#7306=CARTESIAN_POINT('Ctrl Pts',(27.0889470408749,-7.61321951234983,20.6466309044768));
#7307=CARTESIAN_POINT('Ctrl Pts',(27.7859739092598,-7.32976989357461,19.199999979489));
#7308=CARTESIAN_POINT('Origin',(0.26942496468178,-16.649999999999,13.5566349703643));
#7309=CARTESIAN_POINT('Origin',(0.269424964680349,-16.6499999999994,25.2448073649476));
#7310=CARTESIAN_POINT('Origin',(0.269424964681751,-16.649999999999,23.785253849923));
#7311=CARTESIAN_POINT('Ctrl Pts',(-28.7234758122236,-14.7689430179452,19.1967002157847));
#7312=CARTESIAN_POINT('Ctrl Pts',(-27.9764208693643,-14.8623829843847,20.6452419635313));
#7313=CARTESIAN_POINT('Ctrl Pts',(-25.8998430584786,-15.1215317408212,23.2328490175204));
#7314=CARTESIAN_POINT('Ctrl Pts',(-20.8018748987131,-15.7476093883063,25.9910771601815));
#7315=CARTESIAN_POINT('Ctrl Pts',(-16.5750708026278,-16.2457112956059,25.9711996794009));
#7316=CARTESIAN_POINT('Ctrl Pts',(-14.2558804714526,-16.5006982320191,25.244807364948));
#7317=CARTESIAN_POINT('Ctrl Pts',(-28.6791782896905,-14.2081696022257,19.2119230953031));
#7318=CARTESIAN_POINT('Ctrl Pts',(-27.9283725076118,-14.3029521132433,20.6644487889414));
#7319=CARTESIAN_POINT('Ctrl Pts',(-25.8445445977334,-14.5654712999204,23.2556295154249));
#7320=CARTESIAN_POINT('Ctrl Pts',(-20.7286046806548,-15.2019861656165,26.0066678343811));
#7321=CARTESIAN_POINT('Ctrl Pts',(-16.5033357611595,-15.7106954219972,25.9662295301826));
#7322=CARTESIAN_POINT('Ctrl Pts',(-14.1923401338386,-15.9747820327267,25.2266196183007));
#7323=CARTESIAN_POINT('Ctrl Pts',(-28.1669525482075,-13.2670249379229,19.0117390519493));
#7324=CARTESIAN_POINT('Ctrl Pts',(-27.4426781394226,-13.3611259063409,20.4113596904546));
#7325=CARTESIAN_POINT('Ctrl Pts',(-25.429256915464,-13.6226091083651,22.9086543681271));
#7326=CARTESIAN_POINT('Ctrl Pts',(-20.498048635831,-14.2604982027198,25.5514963120811));
#7327=CARTESIAN_POINT('Ctrl Pts',(-16.4286087405558,-14.7819792483643,25.5006012212805));
#7328=CARTESIAN_POINT('Ctrl Pts',(-14.2115632767881,-15.0619229413245,24.7816385851081));
#7329=CARTESIAN_POINT('Ctrl Pts',(-27.2521053925829,-13.0267217910378,18.5564343904358));
#7330=CARTESIAN_POINT('Ctrl Pts',(-26.5896212514705,-13.1139540533578,19.8400476499298));
#7331=CARTESIAN_POINT('Ctrl Pts',(-24.7478576925508,-13.3563283768031,22.1322857119306));
#7332=CARTESIAN_POINT('Ctrl Pts',(-20.2305821186794,-13.9511552647582,24.5699007341882));
#7333=CARTESIAN_POINT('Ctrl Pts',(-16.4909302221626,-14.4433417452049,24.5428841776542));
#7334=CARTESIAN_POINT('Ctrl Pts',(-14.4436664398827,-14.7129847693564,23.8941181091876));
#7335=CARTESIAN_POINT('Ctrl Pts',(-26.8808574807423,-13.0755975058557,18.3617349566361));
#7336=CARTESIAN_POINT('Ctrl Pts',(-26.2446670700082,-13.15935356237,19.5958320156841));
#7337=CARTESIAN_POINT('Ctrl Pts',(-24.4762951666388,-13.3921641401119,21.8003651333985));
#7338=CARTESIAN_POINT('Ctrl Pts',(-20.1350904151007,-13.9636945881902,24.1502602912954));
#7339=CARTESIAN_POINT('Ctrl Pts',(-16.5359891613414,-14.4375252573176,24.1333255080137));
#7340=CARTESIAN_POINT('Ctrl Pts',(-14.5605761154885,-14.6975933185708,23.514469599735));
#7341=CARTESIAN_POINT('',(-14.255880471452,-16.5006982320191,25.244807364948));
#7342=CARTESIAN_POINT('Ctrl Pts',(-28.7217733797324,-14.7691559538985,19.1999999927925));
#7343=CARTESIAN_POINT('Ctrl Pts',(-27.9748438065868,-14.862579794792,20.6472068327751));
#7344=CARTESIAN_POINT('Ctrl Pts',(-25.8987369527719,-15.1216675808338,23.2334474700398));
#7345=CARTESIAN_POINT('Ctrl Pts',(-20.8018748987131,-15.7476093883063,25.9910771601815));
#7346=CARTESIAN_POINT('Ctrl Pts',(-16.5750708026278,-16.2457112956059,25.9711996794009));
#7347=CARTESIAN_POINT('Ctrl Pts',(-14.2558804714526,-16.5006982320191,25.244807364948));
#7348=CARTESIAN_POINT('Origin',(-14.797226819424,-16.4951338762679,23.514469599735));
#7349=CARTESIAN_POINT('Ctrl Pts',(-14.2558804714522,-16.5006982320192,25.2448073649479));
#7350=CARTESIAN_POINT('Ctrl Pts',(-11.2428041957965,-16.8842215069674,24.3009154088444));
#7351=CARTESIAN_POINT('Ctrl Pts',(-8.22055550245033,-17.276002369635,23.3510093346128));
#7352=CARTESIAN_POINT('Ctrl Pts',(-5.21694637239505,-17.5943287535242,22.4417758242045));
#7353=CARTESIAN_POINT('Ctrl Pts',(-14.1923401338382,-15.9747820327267,25.2266196183005));
#7354=CARTESIAN_POINT('Ctrl Pts',(-11.1807255081524,-16.3607728973574,24.2790604169561));
#7355=CARTESIAN_POINT('Ctrl Pts',(-8.15928583788851,-16.753130857763,23.3276949007075));
#7356=CARTESIAN_POINT('Ctrl Pts',(-5.16327818298179,-17.0871927415178,22.3983131415351));
#7357=CARTESIAN_POINT('Ctrl Pts',(-14.2115473297746,-15.0618907698302,24.7816759688664));
#7358=CARTESIAN_POINT('Ctrl Pts',(-11.2010750501011,-15.4551076847869,23.8321787064667));
#7359=CARTESIAN_POINT('Ctrl Pts',(-8.18229723148428,-15.8509246956329,22.8785578218673));
#7360=CARTESIAN_POINT('Ctrl Pts',(-5.18852697924062,-16.2274538355976,21.9389303565365));
#7361=CARTESIAN_POINT('Ctrl Pts',(-14.4436664398824,-14.7129847693565,23.8941181091875));
#7362=CARTESIAN_POINT('Ctrl Pts',(-11.4315848871219,-15.1095630480839,22.9485613709851));
#7363=CARTESIAN_POINT('Ctrl Pts',(-8.41437446199911,-15.5066029958005,21.9974973612386));
#7364=CARTESIAN_POINT('Ctrl Pts',(-5.40487716848644,-15.9029639521019,21.0792355516784));
#7365=CARTESIAN_POINT('Ctrl Pts',(-14.5605761154883,-14.6975933185708,23.514469599735));
#7366=CARTESIAN_POINT('Ctrl Pts',(-11.5476348814812,-15.0942545571119,22.5705776436314));
#7367=CARTESIAN_POINT('Ctrl Pts',(-8.53101365036742,-15.4914002764632,21.6206715693999));
#7368=CARTESIAN_POINT('Ctrl Pts',(-5.51382507139094,-15.8886206885776,20.7114380589915));
#7369=CARTESIAN_POINT('',(-13.079526878686,-16.649999999999,24.87651871701));
#7370=CARTESIAN_POINT('Ctrl Pts',(-14.2558804714522,-16.5006982320192,25.2448073649479));
#7371=CARTESIAN_POINT('Ctrl Pts',(-13.8639496934566,-16.5505856433484,25.1220290895725));
#7372=CARTESIAN_POINT('Ctrl Pts',(-13.4718637188224,-16.6006127724597,24.9991490557569));
#7373=CARTESIAN_POINT('Ctrl Pts',(-13.079683758575,-16.6505997803342,24.8762700156091));
#7374=CARTESIAN_POINT('Ctrl Pts',(-13.0795268786961,-16.6500000000003,24.8765187170131));
#7375=CARTESIAN_POINT('Ctrl Pts',(-13.0686144099569,-16.6500000000003,24.8731045066337));
#7376=CARTESIAN_POINT('Ctrl Pts',(-13.0577024139845,-16.6499999999993,24.869688750379));
#7377=CARTESIAN_POINT('Ctrl Pts',(-10.4575864947044,-16.649999999985,24.0553770944285));
#7378=CARTESIAN_POINT('Ctrl Pts',(-7.72842199010175,-16.649999999999,23.1052865684331));
#7379=CARTESIAN_POINT('Ctrl Pts',(-5.19779713820132,-16.649999999999,22.0927677835762));
#7380=CARTESIAN_POINT('Ctrl Pts',(-5.21694637239507,-15.7056712464739,22.4417758242045));
#7381=CARTESIAN_POINT('Ctrl Pts',(-8.22094750773405,-16.0240391755904,23.3511279999667));
#7382=CARTESIAN_POINT('Ctrl Pts',(-11.2428388497595,-16.4157829040047,24.3009262647252));
#7383=CARTESIAN_POINT('Ctrl Pts',(-14.2558804714513,-16.7993017679787,25.2448073649476));
#7384=CARTESIAN_POINT('Ctrl Pts',(-5.1632781829818,-16.2128072584802,22.3983131415351));
#7385=CARTESIAN_POINT('Ctrl Pts',(-8.15967685109293,-16.5469127411248,23.3278161956379));
#7386=CARTESIAN_POINT('Ctrl Pts',(-11.1807601453046,-16.9392315419949,24.2790713150146));
#7387=CARTESIAN_POINT('Ctrl Pts',(-14.1923401338373,-17.3252179672712,25.2266196183003));
#7388=CARTESIAN_POINT('Ctrl Pts',(-5.18852895008493,-17.0725418903442,21.9389256837363));
#7389=CARTESIAN_POINT('Ctrl Pts',(-8.18268992352643,-17.4491201716604,22.8786757811791));
#7390=CARTESIAN_POINT('Ctrl Pts',(-11.2011120058647,-17.8448921336033,23.832184160615));
#7391=CARTESIAN_POINT('Ctrl Pts',(-14.2115496615233,-18.2381045260973,24.7816705026659));
#7392=CARTESIAN_POINT('Ctrl Pts',(-5.40487716848645,-17.3970360478961,21.0792355516784));
#7393=CARTESIAN_POINT('Ctrl Pts',(-8.41476723575538,-17.7934487338276,21.9976172048886));
#7394=CARTESIAN_POINT('Ctrl Pts',(-11.4316195296444,-18.1904415130363,22.9485722460129));
#7395=CARTESIAN_POINT('Ctrl Pts',(-14.4436664398815,-18.5870152306414,23.8941181091873));
#7396=CARTESIAN_POINT('Ctrl Pts',(-5.51382507139096,-17.4113793114204,20.7114380589915));
#7397=CARTESIAN_POINT('Ctrl Pts',(-8.53140742792427,-17.8086515653336,21.6207902347537));
#7398=CARTESIAN_POINT('Ctrl Pts',(-11.547669533891,-18.2057500049624,22.5705884995122));
#7399=CARTESIAN_POINT('Ctrl Pts',(-14.5605761154874,-18.6024066814271,23.5144695997347));
#7400=CARTESIAN_POINT('',(-14.2558804714513,-16.7993017679787,25.2448073649476));
#7401=CARTESIAN_POINT('Ctrl Pts',(-13.0796838545235,-16.6493998583244,24.8762698614241));
#7402=CARTESIAN_POINT('Ctrl Pts',(-13.4718598999924,-16.6993865945399,24.9991477869823));
#7403=CARTESIAN_POINT('Ctrl Pts',(-13.8639450575267,-16.7494137665594,25.122027637297));
#7404=CARTESIAN_POINT('Ctrl Pts',(-14.2558804714513,-16.7993017679787,25.2448073649476));
#7405=CARTESIAN_POINT('Origin',(-14.7972268194229,-16.8048661237299,23.5144695997347));
#7406=CARTESIAN_POINT('Ctrl Pts',(-14.2558804714513,-16.7993017679787,25.2448073649476));
#7407=CARTESIAN_POINT('Ctrl Pts',(-16.5754366456945,-17.0543289275689,25.9713142649047));
#7408=CARTESIAN_POINT('Ctrl Pts',(-20.8029652126067,-17.5525213506095,25.9909288320799));
#7409=CARTESIAN_POINT('Ctrl Pts',(-25.9014182768913,-18.1786633441261,23.2316352605697));
#7410=CARTESIAN_POINT('Ctrl Pts',(-27.9778578161287,-18.4377963676354,20.6432373457638));
#7411=CARTESIAN_POINT('Ctrl Pts',(-28.7247126170829,-18.5312116791601,19.1943013999058));
#7412=CARTESIAN_POINT('Ctrl Pts',(-14.1923401338373,-17.3252179672712,25.2266196183002));
#7413=CARTESIAN_POINT('Ctrl Pts',(-16.5037003115441,-17.5893462366151,25.96634620071));
#7414=CARTESIAN_POINT('Ctrl Pts',(-20.7296897634789,-18.098147187395,26.0065579012469));
#7415=CARTESIAN_POINT('Ctrl Pts',(-25.8461283801288,-18.7347275869,23.2544392682808));
#7416=CARTESIAN_POINT('Ctrl Pts',(-27.9298156570434,-18.9972297559552,20.6624410745536));
#7417=CARTESIAN_POINT('Ctrl Pts',(-28.6804205286801,-19.0919872108689,19.2095190042766));
#7418=CARTESIAN_POINT('Ctrl Pts',(-14.2115697047008,-18.2380640910038,24.7816235164815));
#7419=CARTESIAN_POINT('Ctrl Pts',(-16.4289648985891,-18.5180519439703,25.5006995661558));
#7420=CARTESIAN_POINT('Ctrl Pts',(-20.4990972651712,-19.0396208969968,25.5513320696447));
#7421=CARTESIAN_POINT('Ctrl Pts',(-25.4307742080385,-19.6775717987672,22.9074648319775));
#7422=CARTESIAN_POINT('Ctrl Pts',(-27.4440550153054,-19.9390366300798,20.4094145529377));
#7423=CARTESIAN_POINT('Ctrl Pts',(-28.168135770467,-20.0331125308092,19.0094113166674));
#7424=CARTESIAN_POINT('Ctrl Pts',(-14.4436664398815,-18.5870152306414,23.8941181091872));
#7425=CARTESIAN_POINT('Ctrl Pts',(-16.4912531698959,-18.8567007899096,24.5429865179259));
#7426=CARTESIAN_POINT('Ctrl Pts',(-20.2315489201901,-19.3489731432797,24.5697645823192));
#7427=CARTESIAN_POINT('Ctrl Pts',(-24.7492537546957,-19.9438562868732,22.131207255141));
#7428=CARTESIAN_POINT('Ctrl Pts',(-26.5908955374232,-20.1862137144211,19.8382715569725));
#7429=CARTESIAN_POINT('Ctrl Pts',(-27.2532023190892,-20.2734226220744,18.554308473436));
#7430=CARTESIAN_POINT('Ctrl Pts',(-14.5605761154874,-18.6024066814271,23.5144695997347));
#7431=CARTESIAN_POINT('Ctrl Pts',(-16.5363007749062,-18.8625157673845,24.1334231300764));
#7432=CARTESIAN_POINT('Ctrl Pts',(-20.1360192047388,-19.3364276892834,24.150133921949));
#7433=CARTESIAN_POINT('Ctrl Pts',(-24.4776367242807,-19.9080124793003,21.799331063179));
#7434=CARTESIAN_POINT('Ctrl Pts',(-26.245890760667,-20.1408075395595,19.5941241650852));
#7435=CARTESIAN_POINT('Ctrl Pts',(-26.8819107411554,-20.2245411585063,18.3596912657132));
#7436=CARTESIAN_POINT('Ctrl Pts',(-14.2558804714513,-16.7993017679787,25.2448073649476));
#7437=CARTESIAN_POINT('Ctrl Pts',(-16.5754366456945,-17.0543289275689,25.9713142649047));
#7438=CARTESIAN_POINT('Ctrl Pts',(-20.8029652126067,-17.5525213506095,25.9909288320799));
#7439=CARTESIAN_POINT('Ctrl Pts',(-25.8995083003322,-18.1784287795405,23.2326689439193));
#7440=CARTESIAN_POINT('Ctrl Pts',(-27.9751348996306,-18.4374565588395,20.6466307301248));
#7441=CARTESIAN_POINT('Ctrl Pts',(-28.721773362852,-18.5308440438157,19.1999999879771));
#7442=CARTESIAN_POINT('Origin',(0.26942496468178,-16.649999999999,13.5566349703643));
#7443=CARTESIAN_POINT('Origin',(0.269424964683187,-16.649999999999,25.2448073649476));
#7444=CARTESIAN_POINT('Origin',(0.269424964681751,-16.649999999999,23.785253849923));
#7445=CARTESIAN_POINT('',(-0.269424964681853,16.6499999999997,-19.2000000000077));
#7446=UNCERTAINTY_MEASURE_WITH_UNIT(LENGTH_MEASURE(0.01),#7452,
'DISTANCE_ACCURACY_VALUE',
'Maximum model space distance between geometric entities at asserted c
onnectivities');
#7447=UNCERTAINTY_MEASURE_WITH_UNIT(LENGTH_MEASURE(0.01),#7452,
'DISTANCE_ACCURACY_VALUE',
'Maximum model space distance between geometric entities at asserted c
onnectivities');
#7448=UNCERTAINTY_MEASURE_WITH_UNIT(LENGTH_MEASURE(0.01),#7452,
'DISTANCE_ACCURACY_VALUE',
'Maximum model space distance between geometric entities at asserted c
onnectivities');
#7449=(
GEOMETRIC_REPRESENTATION_CONTEXT(3)
GLOBAL_UNCERTAINTY_ASSIGNED_CONTEXT((#7446))
GLOBAL_UNIT_ASSIGNED_CONTEXT((#7452,#7454,#7455))
REPRESENTATION_CONTEXT('','3D')
);
#7450=(
GEOMETRIC_REPRESENTATION_CONTEXT(3)
GLOBAL_UNCERTAINTY_ASSIGNED_CONTEXT((#7447))
GLOBAL_UNIT_ASSIGNED_CONTEXT((#7452,#7454,#7455))
REPRESENTATION_CONTEXT('','3D')
);
#7451=(
GEOMETRIC_REPRESENTATION_CONTEXT(3)
GLOBAL_UNCERTAINTY_ASSIGNED_CONTEXT((#7448))
GLOBAL_UNIT_ASSIGNED_CONTEXT((#7452,#7454,#7455))
REPRESENTATION_CONTEXT('','3D')
);
#7452=(
LENGTH_UNIT()
NAMED_UNIT(*)
SI_UNIT(.MILLI.,.METRE.)
);
#7453=(
LENGTH_UNIT()
NAMED_UNIT(*)
SI_UNIT($,.METRE.)
);
#7454=(
NAMED_UNIT(*)
PLANE_ANGLE_UNIT()
SI_UNIT($,.RADIAN.)
);
#7455=(
NAMED_UNIT(*)
SI_UNIT($,.STERADIAN.)
SOLID_ANGLE_UNIT()
);
#7456=SHAPE_DEFINITION_REPRESENTATION(#7458,#7461);
#7457=SHAPE_DEFINITION_REPRESENTATION(#7459,#7462);
#7458=PRODUCT_DEFINITION_SHAPE('',$,#7464);
#7459=PRODUCT_DEFINITION_SHAPE('',$,#7465);
#7460=PRODUCT_DEFINITION_SHAPE($,$,#14);
#7461=SHAPE_REPRESENTATION('',(#2322,#2478),#7449);
#7462=SHAPE_REPRESENTATION('',(#2323),#7450);
#7463=PRODUCT_DEFINITION_CONTEXT('part definition',#7471,'design');
#7464=PRODUCT_DEFINITION('2026-09-30-17-57-44-837','PRINT_LAYOUT',#7466,
#7463);
#7465=PRODUCT_DEFINITION('2026-09-30-17-57-44-826','PumpkinTop',#7467,#7463);
#7466=PRODUCT_DEFINITION_FORMATION('',$,#7473);
#7467=PRODUCT_DEFINITION_FORMATION('',$,#7474);
#7468=PRODUCT_RELATED_PRODUCT_CATEGORY('PRINT_LAYOUT','PRINT_LAYOUT',(#7473));
#7469=PRODUCT_RELATED_PRODUCT_CATEGORY('PumpkinTop','PumpkinTop',(#7474));
#7470=APPLICATION_PROTOCOL_DEFINITION('international standard',
'automotive_design',2009,#7471);
#7471=APPLICATION_CONTEXT(
'Core Data for Automotive Mechanical Design Process');
#7472=PRODUCT_CONTEXT('part definition',#7471,'mechanical');
#7473=PRODUCT('2026-09-30-17-57-44-837','PRINT_LAYOUT',$,(#7472));
#7474=PRODUCT('2026-09-30-17-57-44-826','PumpkinTop',$,(#7472));
#7475=PRESENTATION_STYLE_ASSIGNMENT((#7477));
#7476=PRESENTATION_STYLE_ASSIGNMENT((#7478));
#7477=SURFACE_STYLE_USAGE(.BOTH.,#7479);
#7478=SURFACE_STYLE_USAGE(.BOTH.,#7480);
#7479=SURFACE_SIDE_STYLE('',(#7481));
#7480=SURFACE_SIDE_STYLE('',(#7482));
#7481=SURFACE_STYLE_FILL_AREA(#7483);
#7482=SURFACE_STYLE_FILL_AREA(#7484);
#7483=FILL_AREA_STYLE('Steel - Satin',(#7485));
#7484=FILL_AREA_STYLE('Plastic - Matte (Red)',(#7486));
#7485=FILL_AREA_STYLE_COLOUR('Steel - Satin',#7487);
#7486=FILL_AREA_STYLE_COLOUR('Plastic - Matte (Red)',#7488);
#7487=COLOUR_RGB('Steel - Satin',0.627450980392157,0.627450980392157,0.627450980392157);
#7488=COLOUR_RGB('Plastic - Matte (Red)',0.901960784313726,0.392156862745098,
0.0784313725490196);
ENDSEC;
END-ISO-10303-21;
