// SPDX-License-Identifier: MIT
// Generated by scripts/expressions/generate.js. Do not edit by hand.
#pragma once
#include "TinyEngineerExpressions.h"
namespace tiny_engineer { namespace expressions { namespace detail {
constexpr std::size_t kUniqueFrameCount = 87;
constexpr std::size_t kRleDataSize = 17968;
const uint8_t kRleData[kRleDataSize] TE_EXPR_PROGMEM = {
  0x53, 0x00, 0x01, 0x0f, 0x01, 0xff, 0x06, 0x00, 0x01, 0xff, 0x01, 0xf0, 0x06, 0x00, 0x01, 0x3f, 0x01, 0xff, 0x01, 0xc0, 0x04, 0x00, 0x01, 0x03,
  0x01, 0xff, 0x01, 0xfc, 0x06, 0x00, 0x01, 0x3f, 0x01, 0xff, 0x01, 0xc0, 0x04, 0x00, 0x01, 0x03, 0x01, 0xff, 0x01, 0xfc, 0x06, 0x00, 0x01, 0x7f,
  0x01, 0xff, 0x01, 0xe0, 0x04, 0x00, 0x01, 0x07, 0x01, 0xff, 0x01, 0xfe, 0x06, 0x00, 0x01, 0x7f, 0x01, 0xff, 0x01, 0xe0, 0x04, 0x00, 0x01, 0x07,
  0x01, 0xff, 0x01, 0xfe, 0x06, 0x00, 0x01, 0x7f, 0x01, 0xff, 0x01, 0xe0, 0x04, 0x00, 0x01, 0x07, 0x01, 0xff, 0x01, 0xfe, 0x06, 0x00, 0x01, 0x7f,
  0x01, 0xff, 0x01, 0xe0, 0x04, 0x00, 0x01, 0x07, 0x01, 0xff, 0x01, 0xfe, 0x06, 0x00, 0x01, 0x7f, 0x01, 0xff, 0x01, 0xe0, 0x04, 0x00, 0x01, 0x07,
  0x01, 0xff, 0x01, 0xfe, 0x06, 0x00, 0x01, 0x7f, 0x01, 0xff, 0x01, 0xe0, 0x04, 0x00, 0x01, 0x07, 0x01, 0xff, 0x01, 0xfe, 0x06, 0x00, 0x01, 0x7f,
  0x01, 0xff, 0x01, 0xe0, 0x04, 0x00, 0x01, 0x07, 0x01, 0xff, 0x01, 0xfe, 0x06, 0x00, 0x01, 0x7f, 0x01, 0xff, 0x01, 0xe0, 0x04, 0x00, 0x01, 0x07,
  0x01, 0xff, 0x01, 0xfe, 0x06, 0x00, 0x01, 0x7f, 0x01, 0xff, 0x01, 0xe0, 0x04, 0x00, 0x01, 0x07, 0x01, 0xff, 0x01, 0xfe, 0x06, 0x00, 0x01, 0x7f,
  0x01, 0xff, 0x01, 0xe0, 0x04, 0x00, 0x01, 0x07, 0x01, 0xff, 0x01, 0xfe, 0x06, 0x00, 0x01, 0x3f, 0x01, 0xff, 0x01, 0xc0, 0x04, 0x00, 0x01, 0x03,
  0x01, 0xff, 0x01, 0xfc, 0x06, 0x00, 0x01, 0x3f, 0x01, 0xff, 0x01, 0xc0, 0x04, 0x00, 0x01, 0x03, 0x01, 0xff, 0x01, 0xfc, 0x06, 0x00, 0x01, 0x0f,
  0x01, 0xff, 0x06, 0x00, 0x01, 0xff, 0x01, 0xf0, 0x1a, 0x00, 0x01, 0x10, 0x01, 0x04, 0x0e, 0x00, 0x02, 0x08, 0x0e, 0x00, 0x01, 0x06, 0x01, 0x30,
  0x0e, 0x00, 0x01, 0x03, 0x01, 0xe0, 0x67, 0x00, 0x53, 0x00, 0x01, 0x07, 0x01, 0xff, 0x01, 0x80, 0x05, 0x00, 0x01, 0x7f, 0x01, 0xf8, 0x06, 0x00,
  0x01, 0x1f, 0x01, 0xff, 0x01, 0xe0, 0x04, 0x00, 0x01, 0x01, 0x01, 0xff, 0x01, 0xfe, 0x06, 0x00, 0x01, 0x1f, 0x01, 0xff, 0x01, 0xe0, 0x04, 0x00,
  0x01, 0x01, 0x01, 0xff, 0x01, 0xfe, 0x06, 0x00, 0x01, 0x3f, 0x01, 0xff, 0x01, 0xf0, 0x04, 0x00, 0x01, 0x03, 0x02, 0xff, 0x06, 0x00, 0x01, 0x3f,
  0x01, 0xff, 0x01, 0xf0, 0x04, 0x00, 0x01, 0x03, 0x02, 0xff, 0x06, 0x00, 0x01, 0x3f, 0x01, 0xff, 0x01, 0xf0, 0x04, 0x00, 0x01, 0x03, 0x02, 0xff,
  0x06, 0x00, 0x01, 0x3f, 0x01, 0xff, 0x01, 0xf0, 0x04, 0x00, 0x01, 0x03, 0x02, 0xff, 0x06, 0x00, 0x01, 0x3f, 0x01, 0xff, 0x01, 0xf0, 0x04, 0x00,
  0x01, 0x03, 0x02, 0xff, 0x06, 0x00, 0x01, 0x3f, 0x01, 0xff, 0x01, 0xf0, 0x04, 0x00, 0x01, 0x03, 0x02, 0xff, 0x06, 0x00, 0x01, 0x3f, 0x01, 0xff,
  0x01, 0xf0, 0x04, 0x00, 0x01, 0x03, 0x02, 0xff, 0x06, 0x00, 0x01, 0x3f, 0x01, 0xff, 0x01, 0xf0, 0x04, 0x00, 0x01, 0x03, 0x02, 0xff, 0x06, 0x00,
  0x01, 0x3f, 0x01, 0xff, 0x01, 0xf0, 0x04, 0x00, 0x01, 0x03, 0x02, 0xff, 0x06, 0x00, 0x01, 0x3f, 0x01, 0xff, 0x01, 0xf0, 0x04, 0x00, 0x01, 0x03,
  0x02, 0xff, 0x06, 0x00, 0x01, 0x1f, 0x01, 0xff, 0x01, 0xe0, 0x04, 0x00, 0x01, 0x01, 0x01, 0xff, 0x01, 0xfe, 0x06, 0x00, 0x01, 0x1f, 0x01, 0xff,
  0x01, 0xe0, 0x04, 0x00, 0x01, 0x01, 0x01, 0xff, 0x01, 0xfe, 0x06, 0x00, 0x01, 0x07, 0x01, 0xff, 0x01, 0x80, 0x05, 0x00, 0x01, 0x7f, 0x01, 0xf8,
  0x1a, 0x00, 0x01, 0x10, 0x01, 0x04, 0x0e, 0x00, 0x02, 0x08, 0x0e, 0x00, 0x01, 0x06, 0x01, 0x30, 0x0e, 0x00, 0x01, 0x03, 0x01, 0xe0, 0x67, 0x00,
  0x53, 0x00, 0x01, 0x03, 0x01, 0xff, 0x01, 0xc0, 0x05, 0x00, 0x01, 0x3f, 0x01, 0xfc, 0x06, 0x00, 0x01, 0x0f, 0x01, 0xff, 0x01, 0xf0, 0x05, 0x00,
  0x02, 0xff, 0x06, 0x00, 0x01, 0x0f, 0x01, 0xff, 0x01, 0xf0, 0x05, 0x00, 0x02, 0xff, 0x06, 0x00, 0x01, 0x1f, 0x01, 0xff, 0x01, 0xf8, 0x04, 0x00,
  0x01, 0x01, 0x02, 0xff, 0x01, 0x80, 0x05, 0x00, 0x01, 0x1f, 0x01, 0xff, 0x01, 0xf8, 0x04, 0x00, 0x01, 0x01, 0x02, 0xff, 0x01, 0x80, 0x05, 0x00,
  0x01, 0x1f, 0x01, 0xff, 0x01, 0xf8, 0x04, 0x00, 0x01, 0x01, 0x02, 0xff, 0x01, 0x80, 0x05, 0x00, 0x01, 0x1f, 0x01, 0xff, 0x01, 0xf8, 0x04, 0x00,
  0x01, 0x01, 0x02, 0xff, 0x01, 0x80, 0x05, 0x00, 0x01, 0x1f, 0x01, 0xff, 0x01, 0xf8, 0x04, 0x00, 0x01, 0x01, 0x02, 0xff, 0x01, 0x80, 0x05, 0x00,
  0x01, 0x1f, 0x01, 0xff, 0x01, 0xf8, 0x04, 0x00, 0x01, 0x01, 0x02, 0xff, 0x01, 0x80, 0x05, 0x00, 0x01, 0x1f, 0x01, 0xff, 0x01, 0xf8, 0x04, 0x00,
  0x01, 0x01, 0x02, 0xff, 0x01, 0x80, 0x05, 0x00, 0x01, 0x1f, 0x01, 0xff, 0x01, 0xf8, 0x04, 0x00, 0x01, 0x01, 0x02, 0xff, 0x01, 0x80, 0x05, 0x00,
  0x01, 0x1f, 0x01, 0xff, 0x01, 0xf8, 0x04, 0x00, 0x01, 0x01, 0x02, 0xff, 0x01, 0x80, 0x05, 0x00, 0x01, 0x1f, 0x01, 0xff, 0x01, 0xf8, 0x04, 0x00,
  0x01, 0x01, 0x02, 0xff, 0x01, 0x80, 0x05, 0x00, 0x01, 0x0f, 0x01, 0xff, 0x01, 0xf0, 0x05, 0x00, 0x02, 0xff, 0x06, 0x00, 0x01, 0x0f, 0x01, 0xff,
  0x01, 0xf0, 0x05, 0x00, 0x02, 0xff, 0x06, 0x00, 0x01, 0x03, 0x01, 0xff, 0x01, 0xc0, 0x05, 0x00, 0x01, 0x3f, 0x01, 0xfc, 0x1a, 0x00, 0x01, 0x10,
  0x01, 0x04, 0x0e, 0x00, 0x02, 0x08, 0x0e, 0x00, 0x01, 0x06, 0x01, 0x30, 0x0e, 0x00, 0x01, 0x03, 0x01, 0xe0, 0x67, 0x00, 0x93, 0x00, 0x01, 0x08,
  0x01, 0x01, 0x06, 0x00, 0x01, 0x80, 0x01, 0x10, 0x06, 0x00, 0x01, 0x3f, 0x01, 0xff, 0x01, 0xc0, 0x04, 0x00, 0x01, 0x03, 0x01, 0xff, 0x01, 0xfc,
  0x06, 0x00, 0x01, 0x3f, 0x01, 0xff, 0x01, 0xc0, 0x04, 0x00, 0x01, 0x03, 0x01, 0xff, 0x01, 0xfc, 0x06, 0x00, 0x01, 0x7f, 0x01, 0xff, 0x01, 0xe0,
  0x04, 0x00, 0x01, 0x07, 0x01, 0xff, 0x01, 0xfe, 0x06, 0x00, 0x01, 0x7f, 0x01, 0xff, 0x01, 0xe0, 0x04, 0x00, 0x01, 0x07, 0x01, 0xff, 0x01, 0xfe,
  0x06, 0x00, 0x01, 0x3f, 0x01, 0xff, 0x01, 0xc0, 0x04, 0x00, 0x01, 0x03, 0x01, 0xff, 0x01, 0xfc, 0x06, 0x00, 0x01, 0x3f, 0x01, 0xff, 0x01, 0xc0,
  0x04, 0x00, 0x01, 0x03, 0x01, 0xff, 0x01, 0xfc, 0x06, 0x00, 0x01, 0x08, 0x01, 0x01, 0x06, 0x00, 0x01, 0x80, 0x01, 0x10, 0x5a, 0x00, 0x01, 0x10,
  0x01, 0x04, 0x0e, 0x00, 0x02, 0x08, 0x0e, 0x00, 0x01, 0x06, 0x01, 0x30, 0x0e, 0x00, 0x01, 0x03, 0x01, 0xe0, 0x67, 0x00, 0xa3, 0x00, 0x01, 0x10,
  0x01, 0x00, 0x01, 0x80, 0x04, 0x00, 0x01, 0x01, 0x01, 0x00, 0x01, 0x08, 0x06, 0x00, 0x01, 0x3f, 0x01, 0xff, 0x01, 0xc0, 0x04, 0x00, 0x01, 0x03,
  0x01, 0xff, 0x01, 0xfc, 0x06, 0x00, 0x01, 0x7f, 0x01, 0xff, 0x01, 0xe0, 0x04, 0x00, 0x01, 0x07, 0x01, 0xff, 0x01, 0xfe, 0x06, 0x00, 0x01, 0x7f,
  0x01, 0xff, 0x01, 0xe0, 0x04, 0x00, 0x01, 0x07, 0x01, 0xff, 0x01, 0xfe, 0x06, 0x00, 0x01, 0x3f, 0x01, 0xff, 0x01, 0xc0, 0x04, 0x00, 0x01, 0x03,
  0x01, 0xff, 0x01, 0xfc, 0x06, 0x00, 0x01, 0x10, 0x01, 0x00, 0x01, 0x80, 0x04, 0x00, 0x01, 0x01, 0x01, 0x00, 0x01, 0x08, 0x6a, 0x00, 0x01, 0x10,
  0x01, 0x04, 0x0e, 0x00, 0x02, 0x08, 0x0e, 0x00, 0x01, 0x06, 0x01, 0x30, 0x0e, 0x00, 0x01, 0x03, 0x01, 0xe0, 0x67, 0x00, 0x63, 0x00, 0x01, 0x0f,
  0x01, 0xff, 0x06, 0x00, 0x01, 0xff, 0x01, 0xf0, 0x06, 0x00, 0x01, 0x3f, 0x01, 0xff, 0x01, 0xc0, 0x04, 0x00, 0x01, 0x03, 0x01, 0xff, 0x01, 0xfc,
  0x06, 0x00, 0x01, 0x3f, 0x01, 0xff, 0x01, 0xc0, 0x04, 0x00, 0x01, 0x03, 0x01, 0xff, 0x01, 0xfc, 0x06, 0x00, 0x01, 0x7f, 0x01, 0xff, 0x01, 0xe0,
  0x04, 0x00, 0x01, 0x07, 0x01, 0xff, 0x01, 0xfe, 0x06, 0x00, 0x01, 0x7f, 0x01, 0xff, 0x01, 0xe0, 0x04, 0x00, 0x01, 0x07, 0x01, 0xff, 0x01, 0xfe,
  0x06, 0x00, 0x01, 0x7f, 0x01, 0xff, 0x01, 0xe0, 0x04, 0x00, 0x01, 0x07, 0x01, 0xff, 0x01, 0xfe, 0x06, 0x00, 0x01, 0x7f, 0x01, 0xff, 0x01, 0xe0,
  0x04, 0x00, 0x01, 0x07, 0x01, 0xff, 0x01, 0xfe, 0x06, 0x00, 0x01, 0x7f, 0x01, 0xff, 0x01, 0xe0, 0x04, 0x00, 0x01, 0x07, 0x01, 0xff, 0x01, 0xfe,
  0x06, 0x00, 0x01, 0x7f, 0x01, 0xff, 0x01, 0xe0, 0x04, 0x00, 0x01, 0x07, 0x01, 0xff, 0x01, 0xfe, 0x06, 0x00, 0x01, 0x7f, 0x01, 0xff, 0x01, 0xe0,
  0x04, 0x00, 0x01, 0x07, 0x01, 0xff, 0x01, 0xfe, 0x06, 0x00, 0x01, 0x7f, 0x01, 0xff, 0x01, 0xe0, 0x04, 0x00, 0x01, 0x07, 0x01, 0xff, 0x01, 0xfe,
  0x06, 0x00, 0x01, 0x3f, 0x01, 0xff, 0x01, 0xc0, 0x04, 0x00, 0x01, 0x03, 0x01, 0xff, 0x01, 0xfc, 0x06, 0x00, 0x01, 0x3f, 0x01, 0xff, 0x01, 0xc0,
  0x04, 0x00, 0x01, 0x03, 0x01, 0xff, 0x01, 0xfc, 0x06, 0x00, 0x01, 0x0f, 0x01, 0xff, 0x06, 0x00, 0x01, 0xff, 0x01, 0xf0, 0x2a, 0x00, 0x01, 0x10,
  0x01, 0x04, 0x0e, 0x00, 0x02, 0x08, 0x0e, 0x00, 0x01, 0x06, 0x01, 0x30, 0x0e, 0x00, 0x01, 0x03, 0x01, 0xe0, 0x67, 0x00, 0x53, 0x00, 0x01, 0x1f,
  0x01, 0xfe, 0x05, 0x00, 0x01, 0x01, 0x01, 0xff, 0x01, 0xe0, 0x06, 0x00, 0x01, 0x7f, 0x01, 0xff, 0x01, 0x80, 0x04, 0x00, 0x01, 0x07, 0x01, 0xff,
  0x01, 0xf8, 0x06, 0x00, 0x01, 0x7f, 0x01, 0xff, 0x01, 0x80, 0x04, 0x00, 0x01, 0x07, 0x01, 0xff, 0x01, 0xf8, 0x06, 0x00, 0x02, 0xff, 0x01, 0xc0,
  0x04, 0x00, 0x01, 0x0f, 0x01, 0xff, 0x01, 0xfc, 0x06, 0x00, 0x02, 0xff, 0x01, 0xc0, 0x04, 0x00, 0x01, 0x0f, 0x01, 0xff, 0x01, 0xfc, 0x06, 0x00,
  0x02, 0xff, 0x01, 0xc0, 0x04, 0x00, 0x01, 0x0f, 0x01, 0xff, 0x01, 0xfc, 0x06, 0x00, 0x02, 0xff, 0x01, 0xc0, 0x04, 0x00, 0x01, 0x0f, 0x01, 0xff,
  0x01, 0xfc, 0x06, 0x00, 0x02, 0xff, 0x01, 0xc0, 0x04, 0x00, 0x01, 0x0f, 0x01, 0xff, 0x01, 0xfc, 0x06, 0x00, 0x02, 0xff, 0x01, 0xc0, 0x04, 0x00,
  0x01, 0x0f, 0x01, 0xff, 0x01, 0xfc, 0x06, 0x00, 0x02, 0xff, 0x01, 0xc0, 0x04, 0x00, 0x01, 0x0f, 0x01, 0xff, 0x01, 0xfc, 0x06, 0x00, 0x02, 0xff,
  0x01, 0xc0, 0x04, 0x00, 0x01, 0x0f, 0x01, 0xff, 0x01, 0xfc, 0x06, 0x00, 0x02, 0xff, 0x01, 0xc0, 0x04, 0x00, 0x01, 0x0f, 0x01, 0xff, 0x01, 0xfc,
  0x06, 0x00, 0x02, 0xff, 0x01, 0xc0, 0x04, 0x00, 0x01, 0x0f, 0x01, 0xff, 0x01, 0xfc, 0x06, 0x00, 0x01, 0x7f, 0x01, 0xff, 0x01, 0x80, 0x04, 0x00,
  0x01, 0x07, 0x01, 0xff, 0x01, 0xf8, 0x06, 0x00, 0x01, 0x7f, 0x01, 0xff, 0x01, 0x80, 0x04, 0x00, 0x01, 0x07, 0x01, 0xff, 0x01, 0xf8, 0x06, 0x00,
  0x01, 0x1f, 0x01, 0xfe, 0x05, 0x00, 0x01, 0x01, 0x01, 0xff, 0x01, 0xe0, 0x1a, 0x00, 0x01, 0x10, 0x01, 0x04, 0x0e, 0x00, 0x02, 0x08, 0x0e, 0x00,
  0x01, 0x06, 0x01, 0x30, 0x0e, 0x00, 0x01, 0x03, 0x01, 0xe0, 0x67, 0x00, 0x53, 0x00, 0x01, 0x3f, 0x01, 0xfc, 0x05, 0x00, 0x01, 0x03, 0x01, 0xff,
  0x01, 0xc0, 0x06, 0x00, 0x02, 0xff, 0x05, 0x00, 0x01, 0x0f, 0x01, 0xff, 0x01, 0xf0, 0x06, 0x00, 0x02, 0xff, 0x05, 0x00, 0x01, 0x0f, 0x01, 0xff,
  0x01, 0xf0, 0x05, 0x00, 0x01, 0x01, 0x02, 0xff, 0x01, 0x80, 0x04, 0x00, 0x01, 0x1f, 0x01, 0xff, 0x01, 0xf8, 0x05, 0x00, 0x01, 0x01, 0x02, 0xff,
  0x01, 0x80, 0x04, 0x00, 0x01, 0x1f, 0x01, 0xff, 0x01, 0xf8, 0x05, 0x00, 0x01, 0x01, 0x02, 0xff, 0x01, 0x80, 0x04, 0x00, 0x01, 0x1f, 0x01, 0xff,
  0x01, 0xf8, 0x05, 0x00, 0x01, 0x01, 0x02, 0xff, 0x01, 0x80, 0x04, 0x00, 0x01, 0x1f, 0x01, 0xff, 0x01, 0xf8, 0x05, 0x00, 0x01, 0x01, 0x02, 0xff,
  0x01, 0x80, 0x04, 0x00, 0x01, 0x1f, 0x01, 0xff, 0x01, 0xf8, 0x05, 0x00, 0x01, 0x01, 0x02, 0xff, 0x01, 0x80, 0x04, 0x00, 0x01, 0x1f, 0x01, 0xff,
  0x01, 0xf8, 0x05, 0x00, 0x01, 0x01, 0x02, 0xff, 0x01, 0x80, 0x04, 0x00, 0x01, 0x1f, 0x01, 0xff, 0x01, 0xf8, 0x05, 0x00, 0x01, 0x01, 0x02, 0xff,
  0x01, 0x80, 0x04, 0x00, 0x01, 0x1f, 0x01, 0xff, 0x01, 0xf8, 0x05, 0x00, 0x01, 0x01, 0x02, 0xff, 0x01, 0x80, 0x04, 0x00, 0x01, 0x1f, 0x01, 0xff,
  0x01, 0xf8, 0x05, 0x00, 0x01, 0x01, 0x02, 0xff, 0x01, 0x80, 0x04, 0x00, 0x01, 0x1f, 0x01, 0xff, 0x01, 0xf8, 0x06, 0x00, 0x02, 0xff, 0x05, 0x00,
  0x01, 0x0f, 0x01, 0xff, 0x01, 0xf0, 0x06, 0x00, 0x02, 0xff, 0x05, 0x00, 0x01, 0x0f, 0x01, 0xff, 0x01, 0xf0, 0x06, 0x00, 0x01, 0x3f, 0x01, 0xfc,
  0x05, 0x00, 0x01, 0x03, 0x01, 0xff, 0x01, 0xc0, 0x1a, 0x00, 0x01, 0x10, 0x01, 0x04, 0x0e, 0x00, 0x02, 0x08, 0x0e, 0x00, 0x01, 0x06, 0x01, 0x30,
  0x0e, 0x00, 0x01, 0x03, 0x01, 0xe0, 0x67, 0x00, 0x84, 0x00, 0x01, 0xfc, 0x06, 0x00, 0x01, 0x0f, 0x01, 0xc0, 0x06, 0x00, 0x01, 0x03, 0x01, 0xff,
  0x06, 0x00, 0x01, 0x3f, 0x01, 0xf0, 0x06, 0x00, 0x01, 0x07, 0x01, 0x87, 0x01, 0x80, 0x05, 0x00, 0x02, 0x78, 0x06, 0x00, 0x01, 0x0f, 0x01, 0x01,
  0x01, 0xc0, 0x05, 0x00, 0x01, 0xf0, 0x01, 0x1c, 0x06, 0x00, 0x01, 0x1c, 0x01, 0x00, 0x01, 0xe0, 0x04, 0x00, 0x01, 0x01, 0x01, 0xc0, 0x01, 0x0e,
  0x06, 0x00, 0x01, 0x38, 0x01, 0x00, 0x01, 0x70, 0x04, 0x00, 0x01, 0x03, 0x01, 0x80, 0x01, 0x07, 0x06, 0x00, 0x01, 0x30, 0x01, 0x00, 0x01, 0x30,
  0x04, 0x00, 0x01, 0x03, 0x01, 0x00, 0x01, 0x03, 0x06, 0x00, 0x01, 0x70, 0x01, 0x00, 0x01, 0x38, 0x04, 0x00, 0x01, 0x07, 0x01, 0x00, 0x01, 0x03,
  0x01, 0x80, 0x05, 0x00, 0x01, 0x60, 0x01, 0x00, 0x01, 0x18, 0x04, 0x00, 0x01, 0x06, 0x01, 0x00, 0x01, 0x01, 0x01, 0x80, 0x69, 0x00, 0x01, 0x20,
  0x01, 0x02, 0x0e, 0x00, 0x01, 0x10, 0x01, 0x84, 0x0e, 0x00, 0x01, 0x10, 0x01, 0xc4, 0x0e, 0x00, 0x01, 0x0f, 0x01, 0x78, 0x57, 0x00, 0x74, 0x00,
  0x01, 0xfc, 0x06, 0x00, 0x01, 0x0f, 0x01, 0xc0, 0x06, 0x00, 0x01, 0x03, 0x01, 0xff, 0x06, 0x00, 0x01, 0x3f, 0x01, 0xf0, 0x06, 0x00, 0x01, 0x07,
  0x01, 0x87, 0x01, 0x80, 0x05, 0x00, 0x02, 0x78, 0x06, 0x00, 0x01, 0x0f, 0x01, 0x01, 0x01, 0xc0, 0x05, 0x00, 0x01, 0xf0, 0x01, 0x1c, 0x06, 0x00,
  0x01, 0x1c, 0x01, 0x00, 0x01, 0xe0, 0x04, 0x00, 0x01, 0x01, 0x01, 0xc0, 0x01, 0x0e, 0x06, 0x00, 0x01, 0x38, 0x01, 0x00, 0x01, 0x70, 0x04, 0x00,
  0x01, 0x03, 0x01, 0x80, 0x01, 0x07, 0x06, 0x00, 0x01, 0x30, 0x01, 0x00, 0x01, 0x30, 0x04, 0x00, 0x01, 0x03, 0x01, 0x00, 0x01, 0x03, 0x06, 0x00,
  0x01, 0x70, 0x01, 0x00, 0x01, 0x38, 0x04, 0x00, 0x01, 0x07, 0x01, 0x00, 0x01, 0x03, 0x01, 0x80, 0x05, 0x00, 0x01, 0x60, 0x01, 0x00, 0x01, 0x18,
  0x04, 0x00, 0x01, 0x06, 0x01, 0x00, 0x01, 0x01, 0x01, 0x80, 0x79, 0x00, 0x01, 0x20, 0x01, 0x02, 0x0e, 0x00, 0x01, 0x10, 0x01, 0x84, 0x0e, 0x00,
  0x01, 0x10, 0x01, 0xc4, 0x0e, 0x00, 0x01, 0x0f, 0x01, 0x78, 0x57, 0x00, 0x64, 0x00, 0x01, 0xfc, 0x06, 0x00, 0x01, 0x0f, 0x01, 0xc0, 0x06, 0x00,
  0x01, 0x03, 0x01, 0xff, 0x06, 0x00, 0x01, 0x3f, 0x01, 0xf0, 0x06, 0x00, 0x01, 0x07, 0x01, 0x87, 0x01, 0x80, 0x05, 0x00, 0x02, 0x78, 0x06, 0x00,
  0x01, 0x0f, 0x01, 0x01, 0x01, 0xc0, 0x05, 0x00, 0x01, 0xf0, 0x01, 0x1c, 0x06, 0x00, 0x01, 0x1c, 0x01, 0x00, 0x01, 0xe0, 0x04, 0x00, 0x01, 0x01,
  0x01, 0xc0, 0x01, 0x0e, 0x06, 0x00, 0x01, 0x38, 0x01, 0x00, 0x01, 0x70, 0x04, 0x00, 0x01, 0x03, 0x01, 0x80, 0x01, 0x07, 0x06, 0x00, 0x01, 0x30,
  0x01, 0x00, 0x01, 0x30, 0x04, 0x00, 0x01, 0x03, 0x01, 0x00, 0x01, 0x03, 0x06, 0x00, 0x01, 0x70, 0x01, 0x00, 0x01, 0x38, 0x04, 0x00, 0x01, 0x07,
  0x01, 0x00, 0x01, 0x03, 0x01, 0x80, 0x05, 0x00, 0x01, 0x60, 0x01, 0x00, 0x01, 0x18, 0x04, 0x00, 0x01, 0x06, 0x01, 0x00, 0x01, 0x01, 0x01, 0x80,
  0x89, 0x00, 0x01, 0x20, 0x01, 0x02, 0x0e, 0x00, 0x01, 0x10, 0x01, 0x84, 0x0e, 0x00, 0x01, 0x10, 0x01, 0xc4, 0x0e, 0x00, 0x01, 0x0f, 0x01, 0x78,
  0x57, 0x00, 0x63, 0x00, 0x01, 0x38, 0x08, 0x00, 0x01, 0x0e, 0x06, 0x00, 0x01, 0x3c, 0x08, 0x00, 0x01, 0x1e, 0x06, 0x00, 0x01, 0x3f, 0x08, 0x00,
  0x01, 0x7e, 0x06, 0x00, 0x01, 0x1f, 0x01, 0x80, 0x07, 0x00, 0x01, 0xfc, 0x06, 0x00, 0x01, 0x0f, 0x01, 0xc0, 0x06, 0x00, 0x01, 0x01, 0x01, 0xf8,
  0x06, 0x00, 0x01, 0x03, 0x01, 0xf0, 0x06, 0x00, 0x01, 0x07, 0x01, 0xe0, 0x06, 0x00, 0x01, 0x01, 0x01, 0xf8, 0x06, 0x00, 0x01, 0x0f, 0x01, 0xc0,
  0x07, 0x00, 0x01, 0xfc, 0x06, 0x00, 0x01, 0x1f, 0x01, 0x80, 0x07, 0x00, 0x01, 0x7c, 0x06, 0x00, 0x01, 0x1f, 0x08, 0x00, 0x01, 0xfc, 0x06, 0x00,
  0x01, 0x1f, 0x01, 0x80, 0x06, 0x00, 0x01, 0x03, 0x01, 0xf8, 0x06, 0x00, 0x01, 0x0f, 0x01, 0xe0, 0x06, 0x00, 0x01, 0x07, 0x01, 0xe0, 0x06, 0x00,
  0x01, 0x03, 0x01, 0xf0, 0x06, 0x00, 0x01, 0x1f, 0x01, 0xc0, 0x06, 0x00, 0x01, 0x01, 0x01, 0xfc, 0x06, 0x00, 0x01, 0x3f, 0x08, 0x00, 0x01, 0x7e,
  0x06, 0x00, 0x01, 0x3e, 0x08, 0x00, 0x01, 0x3e, 0x06, 0x00, 0x01, 0x38, 0x08, 0x00, 0x01, 0x0e, 0x0a, 0x00, 0x01, 0x1f, 0x01, 0xfc, 0x0e, 0x00,
  0x01, 0x17, 0x01, 0xf4, 0x0e, 0x00, 0x01, 0x17, 0x01, 0xf8, 0x0e, 0x00, 0x01, 0x0f, 0x01, 0xf8, 0x0e, 0x00, 0x02, 0x08, 0x0e, 0x00, 0x01, 0x04,
  0x01, 0x10, 0x0e, 0x00, 0x01, 0x03, 0x01, 0xe0, 0x37, 0x00, 0x63, 0x00, 0x01, 0x38, 0x08, 0x00, 0x01, 0x0e, 0x06, 0x00, 0x01, 0x3c, 0x08, 0x00,
  0x01, 0x1e, 0x06, 0x00, 0x01, 0x3f, 0x08, 0x00, 0x01, 0x7e, 0x06, 0x00, 0x01, 0x1f, 0x01, 0x80, 0x07, 0x00, 0x01, 0xfc, 0x06, 0x00, 0x01, 0x0f,
  0x01, 0xc0, 0x06, 0x00, 0x01, 0x01, 0x01, 0xf8, 0x06, 0x00, 0x01, 0x03, 0x01, 0xf0, 0x06, 0x00, 0x01, 0x07, 0x01, 0xe0, 0x06, 0x00, 0x01, 0x01,
  0x01, 0xf8, 0x06, 0x00, 0x01, 0x0f, 0x01, 0xc0, 0x07, 0x00, 0x01, 0xfc, 0x06, 0x00, 0x01, 0x1f, 0x01, 0x80, 0x07, 0x00, 0x01, 0x7c, 0x06, 0x00,
  0x01, 0x1f, 0x08, 0x00, 0x01, 0xfc, 0x06, 0x00, 0x01, 0x1f, 0x01, 0x80, 0x06, 0x00, 0x01, 0x03, 0x01, 0xf8, 0x06, 0x00, 0x01, 0x0f, 0x01, 0xe0,
  0x06, 0x00, 0x01, 0x07, 0x01, 0xe0, 0x06, 0x00, 0x01, 0x03, 0x01, 0xf0, 0x06, 0x00, 0x01, 0x1f, 0x01, 0xc0, 0x06, 0x00, 0x01, 0x01, 0x01, 0xfc,
  0x06, 0x00, 0x01, 0x3f, 0x08, 0x00, 0x01, 0x7e, 0x06, 0x00, 0x01, 0x3e, 0x08, 0x00, 0x01, 0x3e, 0x06, 0x00, 0x01, 0x38, 0x08, 0x00, 0x01, 0x0e,
  0x0a, 0x00, 0x01, 0x10, 0x01, 0x04, 0x0e, 0x00, 0x02, 0x08, 0x0e, 0x00, 0x01, 0x06, 0x01, 0x30, 0x0e, 0x00, 0x01, 0x03, 0x01, 0xe0, 0x67, 0x00,
  0x3e, 0x00, 0x01, 0x08, 0x0f, 0x00, 0x01, 0x08, 0x04, 0x00, 0x01, 0x0f, 0x01, 0xff, 0x09, 0x00, 0x01, 0x08, 0x04, 0x00, 0x01, 0x3f, 0x01, 0xff,
  0x01, 0xc0, 0x08, 0x00, 0x01, 0x18, 0x04, 0x00, 0x01, 0x3f, 0x01, 0xff, 0x01, 0xc0, 0x08, 0x00, 0x01, 0xff, 0x01, 0x80, 0x03, 0x00, 0x01, 0x7f,
  0x01, 0xff, 0x01, 0xe0, 0x06, 0x00, 0x01, 0x03, 0x01, 0x00, 0x01, 0x0c, 0x04, 0x00, 0x01, 0x7f, 0x01, 0xff, 0x01, 0xe0, 0x06, 0x00, 0x01, 0x0f,
  0x01, 0x00, 0x01, 0x08, 0x04, 0x00, 0x01, 0x7f, 0x01, 0xff, 0x01, 0xe0, 0x06, 0x00, 0x01, 0x3e, 0x01, 0x00, 0x01, 0x08, 0x04, 0x00, 0x01, 0x7f,
  0x01, 0xff, 0x01, 0xe0, 0x06, 0x00, 0x01, 0xf8, 0x01, 0x00, 0x01, 0x08, 0x04, 0x00, 0x01, 0x7f, 0x01, 0xff, 0x01, 0xe0, 0x05, 0x00, 0x01, 0x03,
  0x01, 0xe0, 0x06, 0x00, 0x01, 0x7f, 0x01, 0xff, 0x01, 0xe0, 0x05, 0x00, 0x01, 0x0f, 0x01, 0x80, 0x06, 0x00, 0x01, 0x7f, 0x01, 0xff, 0x01, 0xe0,
  0x05, 0x00, 0x01, 0x1e, 0x07, 0x00, 0x01, 0x7f, 0x01, 0xff, 0x01, 0xe0, 0x05, 0x00, 0x01, 0x1f, 0x01, 0x80, 0x06, 0x00, 0x01, 0x7f, 0x01, 0xff,
  0x01, 0xe0, 0x05, 0x00, 0x01, 0x07, 0x01, 0xe0, 0x06, 0x00, 0x01, 0x7f, 0x01, 0xff, 0x01, 0xe0, 0x06, 0x00, 0x01, 0xfc, 0x06, 0x00, 0x01, 0x3f,
  0x01, 0xff, 0x01, 0xc0, 0x06, 0x00, 0x01, 0x3f, 0x06, 0x00, 0x01, 0x3f, 0x01, 0xff, 0x01, 0xc0, 0x06, 0x00, 0x01, 0x07, 0x06, 0x00, 0x01, 0x0f,
  0x01, 0xff, 0x22, 0x00, 0x01, 0x10, 0x01, 0x04, 0x0e, 0x00, 0x02, 0x08, 0x0e, 0x00, 0x01, 0x06, 0x01, 0x30, 0x0e, 0x00, 0x01, 0x03, 0x01, 0xe0,
  0x67, 0x00, 0x3e, 0x00, 0x01, 0x08, 0x0f, 0x00, 0x01, 0x08, 0x04, 0x00, 0x01, 0x0f, 0x01, 0xff, 0x06, 0x00, 0x01, 0xff, 0x01, 0xf0, 0x01, 0x00,
  0x01, 0x08, 0x04, 0x00, 0x01, 0x3f, 0x01, 0xff, 0x01, 0xc0, 0x04, 0x00, 0x01, 0x03, 0x01, 0xff, 0x01, 0xfc, 0x01, 0x00, 0x01, 0x18, 0x04, 0x00,
  0x01, 0x3f, 0x01, 0xff, 0x01, 0xc0, 0x04, 0x00, 0x01, 0x03, 0x01, 0xff, 0x01, 0xfc, 0x01, 0x00, 0x01, 0xff, 0x01, 0x80, 0x03, 0x00, 0x01, 0x7f,
  0x01, 0xff, 0x01, 0xe0, 0x04, 0x00, 0x01, 0x07, 0x01, 0xff, 0x01, 0xfe, 0x01, 0x00, 0x01, 0x0c, 0x04, 0x00, 0x01, 0x7f, 0x01, 0xff, 0x01, 0xe0,
  0x04, 0x00, 0x01, 0x07, 0x01, 0xff, 0x01, 0xfe, 0x01, 0x00, 0x01, 0x08, 0x04, 0x00, 0x01, 0x7f, 0x01, 0xff, 0x01, 0xe0, 0x04, 0x00, 0x01, 0x07,
  0x01, 0xff, 0x01, 0xfe, 0x01, 0x00, 0x01, 0x08, 0x04, 0x00, 0x01, 0x7f, 0x01, 0xff, 0x01, 0xe0, 0x04, 0x00, 0x01, 0x07, 0x01, 0xff, 0x01, 0xfe,
  0x01, 0x00, 0x01, 0x08, 0x04, 0x00, 0x01, 0x7f, 0x01, 0xff, 0x01, 0xe0, 0x04, 0x00, 0x01, 0x07, 0x01, 0xff, 0x01, 0xfe, 0x06, 0x00, 0x01, 0x7f,
  0x01, 0xff, 0x01, 0xe0, 0x04, 0x00, 0x01, 0x07, 0x01, 0xff, 0x01, 0xfe, 0x06, 0x00, 0x01, 0x7f, 0x01, 0xff, 0x01, 0xe0, 0x04, 0x00, 0x01, 0x07,
  0x01, 0xff, 0x01, 0xfe, 0x06, 0x00, 0x01, 0x7f, 0x01, 0xff, 0x01, 0xe0, 0x04, 0x00, 0x01, 0x07, 0x01, 0xff, 0x01, 0xfe, 0x06, 0x00, 0x01, 0x7f,
  0x01, 0xff, 0x01, 0xe0, 0x04, 0x00, 0x01, 0x07, 0x01, 0xff, 0x01, 0xfe, 0x06, 0x00, 0x01, 0x7f, 0x01, 0xff, 0x01, 0xe0, 0x04, 0x00, 0x01, 0x07,
  0x01, 0xff, 0x01, 0xfe, 0x06, 0x00, 0x01, 0x3f, 0x01, 0xff, 0x01, 0xc0, 0x04, 0x00, 0x01, 0x03, 0x01, 0xff, 0x01, 0xfc, 0x06, 0x00, 0x01, 0x3f,
  0x01, 0xff, 0x01, 0xc0, 0x04, 0x00, 0x01, 0x03, 0x01, 0xff, 0x01, 0xfc, 0x06, 0x00, 0x01, 0x0f, 0x01, 0xff, 0x06, 0x00, 0x01, 0xff, 0x01, 0xf0,
  0x1a, 0x00, 0x01, 0x10, 0x01, 0x04, 0x0e, 0x00, 0x02, 0x08, 0x0e, 0x00, 0x01, 0x06, 0x01, 0x30, 0x0e, 0x00, 0x01, 0x03, 0x01, 0xe0, 0x67, 0x00,
  0x3e, 0x00, 0x01, 0x08, 0x0f, 0x00, 0x01, 0x08, 0x0f, 0x00, 0x01, 0x08, 0x0f, 0x00, 0x01, 0x18, 0x0f, 0x00, 0x01, 0xff, 0x01, 0x80, 0x0e, 0x00,
  0x01, 0x0c, 0x04, 0x00, 0x01, 0x08, 0x01, 0x01, 0x06, 0x00, 0x01, 0x80, 0x01, 0x10, 0x01, 0x00, 0x01, 0x08, 0x04, 0x00, 0x01, 0x3f, 0x01, 0xff,
  0x01, 0xc0, 0x04, 0x00, 0x01, 0x03, 0x01, 0xff, 0x01, 0xfc, 0x01, 0x00, 0x01, 0x08, 0x04, 0x00, 0x01, 0x3f, 0x01, 0xff, 0x01, 0xc0, 0x04, 0x00,
  0x01, 0x03, 0x01, 0xff, 0x01, 0xfc, 0x01, 0x00, 0x01, 0x08, 0x04, 0x00, 0x01, 0x7f, 0x01, 0xff, 0x01, 0xe0, 0x04, 0x00, 0x01, 0x07, 0x01, 0xff,
  0x01, 0xfe, 0x06, 0x00, 0x01, 0x7f, 0x01, 0xff, 0x01, 0xe0, 0x04, 0x00, 0x01, 0x07, 0x01, 0xff, 0x01, 0xfe, 0x06, 0x00, 0x01, 0x3f, 0x01, 0xff,
  0x01, 0xc0, 0x04, 0x00, 0x01, 0x03, 0x01, 0xff, 0x01, 0xfc, 0x06, 0x00, 0x01, 0x3f, 0x01, 0xff, 0x01, 0xc0, 0x04, 0x00, 0x01, 0x03, 0x01, 0xff,
  0x01, 0xfc, 0x06, 0x00, 0x01, 0x08, 0x01, 0x01, 0x06, 0x00, 0x01, 0x80, 0x01, 0x10, 0x5a, 0x00, 0x01, 0x10, 0x01, 0x04, 0x0e, 0x00, 0x02, 0x08,
  0x0e, 0x00, 0x01, 0x06, 0x01, 0x30, 0x0e, 0x00, 0x01, 0x03, 0x01, 0xe0, 0x67, 0x00, 0x2e, 0x00, 0x01, 0x3c, 0x0c, 0x00, 0x01, 0x0f, 0x01, 0x80,
  0x01, 0x00, 0x01, 0x42, 0x0c, 0x00, 0x01, 0x3f, 0x01, 0xe0, 0x01, 0x00, 0x01, 0x81, 0x0c, 0x00, 0x01, 0xff, 0x01, 0xf8, 0x01, 0x00, 0x01, 0x01,
  0x0b, 0x00, 0x01, 0x01, 0x01, 0xff, 0x01, 0xfc, 0x01, 0x00, 0x01, 0x01, 0x05, 0x00, 0x01, 0x70, 0x05, 0x00, 0x01, 0x03, 0x01, 0xf8, 0x01, 0xfe,
  0x01, 0x00, 0x01, 0x02, 0x04, 0x00, 0x01, 0x01, 0x01, 0xfc, 0x05, 0x00, 0x01, 0x03, 0x01, 0xe0, 0x01, 0x3e, 0x01, 0x00, 0x01, 0x0c, 0x04, 0x00,
  0x01, 0x03, 0x01, 0xfe, 0x05, 0x00, 0x01, 0x07, 0x01, 0xc0, 0x01, 0x1f, 0x01, 0x00, 0x01, 0x10, 0x04, 0x00, 0x01, 0x07, 0x01, 0xdf, 0x05, 0x00,
  0x01, 0x07, 0x01, 0x80, 0x01, 0x0f, 0x01, 0x00, 0x01, 0x10, 0x04, 0x00, 0x02, 0x07, 0x05, 0x00, 0x01, 0x0f, 0x01, 0x80, 0x01, 0x0f, 0x01, 0x80,
  0x01, 0x10, 0x04, 0x00, 0x01, 0x0f, 0x01, 0x07, 0x01, 0x80, 0x04, 0x00, 0x01, 0x0f, 0x01, 0x00, 0x01, 0x07, 0x01, 0x80, 0x05, 0x00, 0x01, 0x0e,
  0x01, 0x03, 0x01, 0x80, 0x04, 0x00, 0x01, 0x0f, 0x01, 0x00, 0x01, 0x07, 0x01, 0x80, 0x05, 0x00, 0x01, 0x0f, 0x01, 0x07, 0x01, 0x80, 0x04, 0x00,
  0x01, 0x0f, 0x01, 0x00, 0x01, 0x07, 0x01, 0x80, 0x01, 0x18, 0x04, 0x00, 0x02, 0x07, 0x05, 0x00, 0x01, 0x0f, 0x01, 0x80, 0x01, 0x0f, 0x01, 0x80,
  0x01, 0x18, 0x04, 0x00, 0x01, 0x07, 0x01, 0xdf, 0x05, 0x00, 0x01, 0x07, 0x01, 0x80, 0x01, 0x0f, 0x06, 0x00, 0x01, 0x03, 0x01, 0xfe, 0x05, 0x00,
  0x01, 0x07, 0x01, 0xc0, 0x01, 0x1f, 0x06, 0x00, 0x01, 0x01, 0x01, 0xfc, 0x05, 0x00, 0x01, 0x03, 0x01, 0xe0, 0x01, 0x3e, 0x07, 0x00, 0x01, 0x70,
  0x05, 0x00, 0x01, 0x03, 0x01, 0xf8, 0x01, 0xfe, 0x0d, 0x00, 0x01, 0x01, 0x01, 0xff, 0x01, 0xfc, 0x0e, 0x00, 0x01, 0xff, 0x01, 0xf8, 0x0e, 0x00,
  0x01, 0x3f, 0x01, 0xe0, 0x0e, 0x00, 0x01, 0x0f, 0x01, 0x80, 0x1a, 0x00, 0x01, 0x0f, 0x01, 0xf8, 0x67, 0x00, 0x2b, 0x00, 0x01, 0x0f, 0x01, 0x80,
  0x01, 0x00, 0x01, 0x3c, 0x0c, 0x00, 0x01, 0x3f, 0x01, 0xe0, 0x01, 0x00, 0x01, 0x42, 0x0c, 0x00, 0x01, 0xff, 0x01, 0xf8, 0x01, 0x00, 0x01, 0x81,
  0x0b, 0x00, 0x01, 0x01, 0x01, 0xff, 0x01, 0xfc, 0x01, 0x00, 0x01, 0x01, 0x0b, 0x00, 0x01, 0x03, 0x01, 0xf8, 0x01, 0xfe, 0x01, 0x00, 0x01, 0x01,
  0x0b, 0x00, 0x01, 0x03, 0x01, 0xe0, 0x01, 0x3e, 0x01, 0x00, 0x01, 0x02, 0x05, 0x00, 0x01, 0x70, 0x05, 0x00, 0x01, 0x07, 0x01, 0xc0, 0x01, 0x1f,
  0x01, 0x00, 0x01, 0x0c, 0x04, 0x00, 0x01, 0x01, 0x01, 0xfc, 0x05, 0x00, 0x01, 0x07, 0x01, 0x80, 0x01, 0x0f, 0x01, 0x00, 0x01, 0x10, 0x04, 0x00,
  0x01, 0x03, 0x01, 0xfe, 0x05, 0x00, 0x01, 0x0f, 0x01, 0x80, 0x01, 0x0f, 0x01, 0x80, 0x01, 0x10, 0x04, 0x00, 0x01, 0x07, 0x01, 0xdf, 0x05, 0x00,
  0x01, 0x0f, 0x01, 0x00, 0x01, 0x07, 0x01, 0x80, 0x01, 0x10, 0x04, 0x00, 0x02, 0x07, 0x05, 0x00, 0x01, 0x0f, 0x01, 0x00, 0x01, 0x07, 0x01, 0x80,
  0x05, 0x00, 0x01, 0x0f, 0x01, 0x07, 0x01, 0x80, 0x04, 0x00, 0x01, 0x0f, 0x01, 0x00, 0x01, 0x07, 0x01, 0x80, 0x05, 0x00, 0x01, 0x0e, 0x01, 0x03,
  0x01, 0x80, 0x04, 0x00, 0x01, 0x0f, 0x01, 0x80, 0x01, 0x0f, 0x01, 0x80, 0x01, 0x18, 0x04, 0x00, 0x01, 0x0f, 0x01, 0x07, 0x01, 0x80, 0x04, 0x00,
  0x01, 0x07, 0x01, 0x80, 0x01, 0x0f, 0x01, 0x00, 0x01, 0x18, 0x04, 0x00, 0x02, 0x07, 0x05, 0x00, 0x01, 0x07, 0x01, 0xc0, 0x01, 0x1f, 0x06, 0x00,
  0x01, 0x07, 0x01, 0xdf, 0x05, 0x00, 0x01, 0x03, 0x01, 0xe0, 0x01, 0x3e, 0x06, 0x00, 0x01, 0x03, 0x01, 0xfe, 0x05, 0x00, 0x01, 0x03, 0x01, 0xf8,
  0x01, 0xfe, 0x06, 0x00, 0x01, 0x01, 0x01, 0xfc, 0x05, 0x00, 0x01, 0x01, 0x01, 0xff, 0x01, 0xfc, 0x07, 0x00, 0x01, 0x70, 0x06, 0x00, 0x01, 0xff,
  0x01, 0xf8, 0x0e, 0x00, 0x01, 0x3f, 0x01, 0xe0, 0x0e, 0x00, 0x01, 0x0f, 0x01, 0x80, 0x2a, 0x00, 0x01, 0x0f, 0x01, 0xf8, 0x67, 0x00, 0x1b, 0x00,
  0x01, 0x0f, 0x01, 0x80, 0x0e, 0x00, 0x01, 0x3f, 0x01, 0xe0, 0x01, 0x00, 0x01, 0x3c, 0x0c, 0x00, 0x01, 0xff, 0x01, 0xf8, 0x01, 0x00, 0x01, 0x42,
  0x0b, 0x00, 0x01, 0x01, 0x01, 0xff, 0x01, 0xfc, 0x01, 0x00, 0x01, 0x81, 0x0b, 0x00, 0x01, 0x03, 0x01, 0xf8, 0x01, 0xfe, 0x01, 0x00, 0x01, 0x01,
  0x0b, 0x00, 0x01, 0x03, 0x01, 0xe0, 0x01, 0x3e, 0x01, 0x00, 0x01, 0x01, 0x0b, 0x00, 0x01, 0x07, 0x01, 0xc0, 0x01, 0x1f, 0x01, 0x00, 0x01, 0x02,
  0x0b, 0x00, 0x01, 0x07, 0x01, 0x80, 0x01, 0x0f, 0x01, 0x00, 0x01, 0x0c, 0x05, 0x00, 0x01, 0x70, 0x05, 0x00, 0x01, 0x0f, 0x01, 0x80, 0x01, 0x0f,
  0x01, 0x80, 0x01, 0x10, 0x04, 0x00, 0x01, 0x01, 0x01, 0xfc, 0x05, 0x00, 0x01, 0x0f, 0x01, 0x00, 0x01, 0x07, 0x01, 0x80, 0x01, 0x10, 0x04, 0x00,
  0x01, 0x03, 0x01, 0xfe, 0x05, 0x00, 0x01, 0x0f, 0x01, 0x00, 0x01, 0x07, 0x01, 0x80, 0x01, 0x10, 0x04, 0x00, 0x01, 0x07, 0x01, 0xdf, 0x05, 0x00,
  0x01, 0x0f, 0x01, 0x00, 0x01, 0x07, 0x01, 0x80, 0x05, 0x00, 0x02, 0x07, 0x05, 0x00, 0x01, 0x0f, 0x01, 0x80, 0x01, 0x0f, 0x01, 0x80, 0x05, 0x00,
  0x01, 0x0f, 0x01, 0x07, 0x01, 0x80, 0x04, 0x00, 0x01, 0x07, 0x01, 0x80, 0x01, 0x0f, 0x01, 0x00, 0x01, 0x18, 0x04, 0x00, 0x01, 0x0e, 0x01, 0x03,
  0x01, 0x80, 0x04, 0x00, 0x01, 0x07, 0x01, 0xc0, 0x01, 0x1f, 0x01, 0x00, 0x01, 0x18, 0x04, 0x00, 0x01, 0x0f, 0x01, 0x07, 0x01, 0x80, 0x04, 0x00,
  0x01, 0x03, 0x01, 0xe0, 0x01, 0x3e, 0x06, 0x00, 0x02, 0x07, 0x05, 0x00, 0x01, 0x03, 0x01, 0xf8, 0x01, 0xfe, 0x06, 0x00, 0x01, 0x07, 0x01, 0xdf,
  0x05, 0x00, 0x01, 0x01, 0x01, 0xff, 0x01, 0xfc, 0x06, 0x00, 0x01, 0x03, 0x01, 0xfe, 0x06, 0x00, 0x01, 0xff, 0x01, 0xf8, 0x06, 0x00, 0x01, 0x01,
  0x01, 0xfc, 0x06, 0x00, 0x01, 0x3f, 0x01, 0xe0, 0x07, 0x00, 0x01, 0x70, 0x06, 0x00, 0x01, 0x0f, 0x01, 0x80, 0x3a, 0x00, 0x01, 0x0f, 0x01, 0xf8,
  0x67, 0x00, 0x2e, 0x00, 0x01, 0x3c, 0x0f, 0x00, 0x01, 0x42, 0x0c, 0x00, 0x01, 0x0f, 0x01, 0x80, 0x01, 0x00, 0x01, 0x81, 0x0c, 0x00, 0x01, 0x3f,
  0x01, 0xe0, 0x01, 0x00, 0x01, 0x01, 0x05, 0x00, 0x01, 0x70, 0x06, 0x00, 0x01, 0xff, 0x01, 0xf8, 0x01, 0x00, 0x01, 0x01, 0x04, 0x00, 0x01, 0x01,
  0x01, 0xfc, 0x05, 0x00, 0x01, 0x01, 0x01, 0xff, 0x01, 0xfc, 0x01, 0x00, 0x01, 0x02, 0x04, 0x00, 0x01, 0x03, 0x01, 0xfe, 0x05, 0x00, 0x01, 0x03,
  0x01, 0xf8, 0x01, 0xfe, 0x01, 0x00, 0x01, 0x0c, 0x04, 0x00, 0x01, 0x07, 0x01, 0xdf, 0x05, 0x00, 0x01, 0x03, 0x01, 0xe0, 0x01, 0x3e, 0x01, 0x00,
  0x01, 0x10, 0x04, 0x00, 0x02, 0x07, 0x05, 0x00, 0x01, 0x07, 0x01, 0xc0, 0x01, 0x1f, 0x01, 0x00, 0x01, 0x10, 0x04, 0x00, 0x01, 0x0f, 0x01, 0x07,
  0x01, 0x80, 0x04, 0x00, 0x01, 0x07, 0x01, 0x80, 0x01, 0x0f, 0x01, 0x00, 0x01, 0x10, 0x04, 0x00, 0x01, 0x0e, 0x01, 0x03, 0x01, 0x80, 0x04, 0x00,
  0x01, 0x0f, 0x01, 0x80, 0x01, 0x0f, 0x01, 0x80, 0x05, 0x00, 0x01, 0x0f, 0x01, 0x07, 0x01, 0x80, 0x04, 0x00, 0x01, 0x0f, 0x01, 0x00, 0x01, 0x07,
  0x01, 0x80, 0x05, 0x00, 0x02, 0x07, 0x05, 0x00, 0x01, 0x0f, 0x01, 0x00, 0x01, 0x07, 0x01, 0x80, 0x01, 0x18, 0x04, 0x00, 0x01, 0x07, 0x01, 0xdf,
  0x05, 0x00, 0x01, 0x0f, 0x01, 0x00, 0x01, 0x07, 0x01, 0x80, 0x01, 0x18, 0x04, 0x00, 0x01, 0x03, 0x01, 0xfe, 0x05, 0x00, 0x01, 0x0f, 0x01, 0x80,
  0x01, 0x0f, 0x01, 0x80, 0x05, 0x00, 0x01, 0x01, 0x01, 0xfc, 0x05, 0x00, 0x01, 0x07, 0x01, 0x80, 0x01, 0x0f, 0x07, 0x00, 0x01, 0x70, 0x05, 0x00,
  0x01, 0x07, 0x01, 0xc0, 0x01, 0x1f, 0x0d, 0x00, 0x01, 0x03, 0x01, 0xe0, 0x01, 0x3e, 0x0d, 0x00, 0x01, 0x03, 0x01, 0xf8, 0x01, 0xfe, 0x0d, 0x00,
  0x01, 0x01, 0x01, 0xff, 0x01, 0xfc, 0x0e, 0x00, 0x01, 0xff, 0x01, 0xf8, 0x0e, 0x00, 0x01, 0x3f, 0x01, 0xe0, 0x0e, 0x00, 0x01, 0x0f, 0x01, 0x80,
  0x0a, 0x00, 0x01, 0x0f, 0x01, 0xf8, 0x67, 0x00, 0x2e, 0x00, 0x01, 0x3c, 0x0f, 0x00, 0x01, 0x42, 0x0f, 0x00, 0x01, 0x81, 0x05, 0x00, 0x01, 0x70,
  0x06, 0x00, 0x01, 0x0f, 0x01, 0x80, 0x01, 0x00, 0x01, 0x01, 0x04, 0x00, 0x01, 0x01, 0x01, 0xfc, 0x06, 0x00, 0x01, 0x3f, 0x01, 0xe0, 0x01, 0x00,
  0x01, 0x01, 0x04, 0x00, 0x01, 0x03, 0x01, 0xfe, 0x06, 0x00, 0x01, 0xff, 0x01, 0xf8, 0x01, 0x00, 0x01, 0x02, 0x04, 0x00, 0x01, 0x07, 0x01, 0xdf,
  0x05, 0x00, 0x01, 0x01, 0x01, 0xff, 0x01, 0xfc, 0x01, 0x00, 0x01, 0x0c, 0x04, 0x00, 0x02, 0x07, 0x05, 0x00, 0x01, 0x03, 0x01, 0xf8, 0x01, 0xfe,
  0x01, 0x00, 0x01, 0x10, 0x04, 0x00, 0x01, 0x0f, 0x01, 0x07, 0x01, 0x80, 0x04, 0x00, 0x01, 0x03, 0x01, 0xe0, 0x01, 0x3e, 0x01, 0x00, 0x01, 0x10,
  0x04, 0x00, 0x01, 0x0e, 0x01, 0x03, 0x01, 0x80, 0x04, 0x00, 0x01, 0x07, 0x01, 0xc0, 0x01, 0x1f, 0x01, 0x00, 0x01, 0x10, 0x04, 0x00, 0x01, 0x0f,
  0x01, 0x07, 0x01, 0x80, 0x04, 0x00, 0x01, 0x07, 0x01, 0x80, 0x01, 0x0f, 0x06, 0x00, 0x02, 0x07, 0x05, 0x00, 0x01, 0x0f, 0x01, 0x80, 0x01, 0x0f,
  0x01, 0x80, 0x05, 0x00, 0x01, 0x07, 0x01, 0xdf, 0x05, 0x00, 0x01, 0x0f, 0x01, 0x00, 0x01, 0x07, 0x01, 0x80, 0x01, 0x18, 0x04, 0x00, 0x01, 0x03,
  0x01, 0xfe, 0x05, 0x00, 0x01, 0x0f, 0x01, 0x00, 0x01, 0x07, 0x01, 0x80, 0x01, 0x18, 0x04, 0x00, 0x01, 0x01, 0x01, 0xfc, 0x05, 0x00, 0x01, 0x0f,
  0x01, 0x00, 0x01, 0x07, 0x01, 0x80, 0x06, 0x00, 0x01, 0x70, 0x05, 0x00, 0x01, 0x0f, 0x01, 0x80, 0x01, 0x0f, 0x01, 0x80, 0x0c, 0x00, 0x01, 0x07,
  0x01, 0x80, 0x01, 0x0f, 0x0d, 0x00, 0x01, 0x07, 0x01, 0xc0, 0x01, 0x1f, 0x0d, 0x00, 0x01, 0x03, 0x01, 0xe0, 0x01, 0x3e, 0x0d, 0x00, 0x01, 0x03,
  0x01, 0xf8, 0x01, 0xfe, 0x0d, 0x00, 0x01, 0x01, 0x01, 0xff, 0x01, 0xfc, 0x0e, 0x00, 0x01, 0xff, 0x01, 0xf8, 0x0e, 0x00, 0x01, 0x3f, 0x01, 0xe0,
  0x0a, 0x00, 0x01, 0x0f, 0x01, 0xf8, 0x02, 0x00, 0x01, 0x0f, 0x01, 0x80, 0x63, 0x00, 0x63, 0x00, 0x01, 0x7f, 0x01, 0xff, 0x01, 0xfc, 0x0d, 0x00,
  0x01, 0x7f, 0x01, 0xff, 0x01, 0xfc, 0x05, 0x00, 0x01, 0x07, 0x01, 0xf8, 0x0e, 0x00, 0x01, 0x1f, 0x01, 0xfe, 0x0e, 0x00, 0x01, 0x1f, 0x01, 0xfe,
  0x0e, 0x00, 0x01, 0x3f, 0x01, 0xff, 0x06, 0x00, 0x01, 0x03, 0x01, 0xff, 0x01, 0xf8, 0x05, 0x00, 0x01, 0x3f, 0x01, 0xff, 0x06, 0x00, 0x01, 0x07,
  0x01, 0xff, 0x01, 0xfc, 0x05, 0x00, 0x01, 0x3f, 0x01, 0xff, 0x06, 0x00, 0x01, 0x0f, 0x01, 0xff, 0x01, 0xfe, 0x05, 0x00, 0x01, 0x3f, 0x01, 0xff,
  0x06, 0x00, 0x01, 0x0f, 0x01, 0xff, 0x01, 0xfe, 0x05, 0x00, 0x01, 0x3f, 0x01, 0xff, 0x06, 0x00, 0x01, 0x0f, 0x01, 0xff, 0x01, 0xfe, 0x05, 0x00,
  0x01, 0x3f, 0x01, 0xff, 0x06, 0x00, 0x01, 0x07, 0x01, 0xff, 0x01, 0xfc, 0x05, 0x00, 0x01, 0x1f, 0x01, 0xfe, 0x06, 0x00, 0x01, 0x03, 0x01, 0xff,
  0x01, 0xf8, 0x05, 0x00, 0x01, 0x1f, 0x01, 0xfe, 0x0e, 0x00, 0x01, 0x07, 0x01, 0xf8, 0x6a, 0x00, 0x01, 0x0f, 0x01, 0xf8, 0x04, 0x00, 0x01, 0x03,
  0x01, 0x33, 0x0e, 0x00, 0x01, 0x03, 0x01, 0x33, 0x51, 0x00, 0x63, 0x00, 0x01, 0x7f, 0x01, 0xff, 0x01, 0xfc, 0x0d, 0x00, 0x01, 0x7f, 0x01, 0xff,
  0x01, 0xfc, 0x05, 0x00, 0x01, 0x07, 0x01, 0xf8, 0x0e, 0x00, 0x01, 0x1f, 0x01, 0xfe, 0x0e, 0x00, 0x01, 0x1f, 0x01, 0xfe, 0x0e, 0x00, 0x01, 0x3f,
  0x01, 0xff, 0x06, 0x00, 0x01, 0x03, 0x01, 0xff, 0x01, 0xf8, 0x05, 0x00, 0x01, 0x3f, 0x01, 0xff, 0x06, 0x00, 0x01, 0x07, 0x01, 0xff, 0x01, 0xfc,
  0x05, 0x00, 0x01, 0x3f, 0x01, 0xff, 0x06, 0x00, 0x01, 0x0f, 0x01, 0xff, 0x01, 0xfe, 0x05, 0x00, 0x01, 0x3f, 0x01, 0xff, 0x06, 0x00, 0x01, 0x0f,
  0x01, 0xff, 0x01, 0xfe, 0x05, 0x00, 0x01, 0x3f, 0x01, 0xff, 0x06, 0x00, 0x01, 0x0f, 0x01, 0xff, 0x01, 0xfe, 0x05, 0x00, 0x01, 0x3f, 0x01, 0xff,
  0x06, 0x00, 0x01, 0x07, 0x01, 0xff, 0x01, 0xfc, 0x05, 0x00, 0x01, 0x1f, 0x01, 0xfe, 0x06, 0x00, 0x01, 0x03, 0x01, 0xff, 0x01, 0xf8, 0x05, 0x00,
  0x01, 0x1f, 0x01, 0xfe, 0x0e, 0x00, 0x01, 0x07, 0x01, 0xf8, 0x6a, 0x00, 0x01, 0x0f, 0x01, 0xf8, 0x04, 0x00, 0x01, 0x03, 0x0f, 0x00, 0x01, 0x03,
  0x52, 0x00, 0x63, 0x00, 0x01, 0x7f, 0x01, 0xff, 0x01, 0xfc, 0x0d, 0x00, 0x01, 0x7f, 0x01, 0xff, 0x01, 0xfc, 0x05, 0x00, 0x01, 0x07, 0x01, 0xf8,
  0x0e, 0x00, 0x01, 0x1f, 0x01, 0xfe, 0x0e, 0x00, 0x01, 0x1f, 0x01, 0xfe, 0x0e, 0x00, 0x01, 0x3f, 0x01, 0xff, 0x06, 0x00, 0x01, 0x03, 0x01, 0xff,
  0x01, 0xf8, 0x05, 0x00, 0x01, 0x3f, 0x01, 0xff, 0x06, 0x00, 0x01, 0x07, 0x01, 0xff, 0x01, 0xfc, 0x05, 0x00, 0x01, 0x3f, 0x01, 0xff, 0x06, 0x00,
  0x01, 0x0f, 0x01, 0xff, 0x01, 0xfe, 0x05, 0x00, 0x01, 0x3f, 0x01, 0xff, 0x06, 0x00, 0x01, 0x0f, 0x01, 0xff, 0x01, 0xfe, 0x05, 0x00, 0x01, 0x3f,
  0x01, 0xff, 0x06, 0x00, 0x01, 0x0f, 0x01, 0xff, 0x01, 0xfe, 0x05, 0x00, 0x01, 0x3f, 0x01, 0xff, 0x06, 0x00, 0x01, 0x07, 0x01, 0xff, 0x01, 0xfc,
  0x05, 0x00, 0x01, 0x1f, 0x01, 0xfe, 0x06, 0x00, 0x01, 0x03, 0x01, 0xff, 0x01, 0xf8, 0x05, 0x00, 0x01, 0x1f, 0x01, 0xfe, 0x0e, 0x00, 0x01, 0x07,
  0x01, 0xf8, 0x6a, 0x00, 0x01, 0x0f, 0x01, 0xf8, 0x04, 0x00, 0x01, 0x03, 0x01, 0x30, 0x0e, 0x00, 0x01, 0x03, 0x01, 0x30, 0x51, 0x00, 0x63, 0x00,
  0x01, 0x7f, 0x01, 0xff, 0x01, 0xfc, 0x0d, 0x00, 0x01, 0x7f, 0x01, 0xff, 0x01, 0xfc, 0x3d, 0x00, 0x01, 0x03, 0x01, 0xff, 0x01, 0xf8, 0x05, 0x00,
  0x01, 0x0f, 0x01, 0xfc, 0x06, 0x00, 0x01, 0x07, 0x01, 0xff, 0x01, 0xfc, 0x05, 0x00, 0x01, 0x1f, 0x01, 0xfe, 0x06, 0x00, 0x01, 0x0f, 0x01, 0xff,
  0x01, 0xfe, 0x05, 0x00, 0x01, 0x3f, 0x01, 0xff, 0x06, 0x00, 0x01, 0x0f, 0x01, 0xff, 0x01, 0xfe, 0x05, 0x00, 0x01, 0x1f, 0x01, 0xfe, 0x06, 0x00,
  0x01, 0x0f, 0x01, 0xff, 0x01, 0xfe, 0x05, 0x00, 0x01, 0x0f, 0x01, 0xfc, 0x06, 0x00, 0x01, 0x07, 0x01, 0xff, 0x01, 0xfc, 0x0d, 0x00, 0x01, 0x03,
  0x01, 0xff, 0x01, 0xf8, 0x81, 0x00, 0x01, 0x0f, 0x01, 0xf8, 0x04, 0x00, 0x01, 0x03, 0x01, 0x33, 0x0e, 0x00, 0x01, 0x03, 0x01, 0x33, 0x51, 0x00,
  0x63, 0x00, 0x01, 0x7f, 0x01, 0xff, 0x01, 0xfc, 0x0d, 0x00, 0x01, 0x7f, 0x01, 0xff, 0x01, 0xfc, 0x3d, 0x00, 0x01, 0x03, 0x01, 0xff, 0x01, 0xf8,
  0x0d, 0x00, 0x01, 0x07, 0x01, 0xff, 0x01, 0xfc, 0x05, 0x00, 0x01, 0x1f, 0x01, 0xfe, 0x06, 0x00, 0x01, 0x0f, 0x01, 0xff, 0x01, 0xfe, 0x05, 0x00,
  0x01, 0x3f, 0x01, 0xff, 0x06, 0x00, 0x01, 0x0f, 0x01, 0xff, 0x01, 0xfe, 0x05, 0x00, 0x01, 0x1f, 0x01, 0xfe, 0x06, 0x00, 0x01, 0x0f, 0x01, 0xff,
  0x01, 0xfe, 0x0d, 0x00, 0x01, 0x07, 0x01, 0xff, 0x01, 0xfc, 0x0d, 0x00, 0x01, 0x03, 0x01, 0xff, 0x01, 0xf8, 0x81, 0x00, 0x01, 0x0f, 0x01, 0xf8,
  0x04, 0x00, 0x01, 0x03, 0x0f, 0x00, 0x01, 0x03, 0x52, 0x00, 0x63, 0x00, 0x01, 0x7f, 0x01, 0xff, 0x01, 0xfc, 0x0d, 0x00, 0x01, 0x7f, 0x01, 0xff,
  0x01, 0xfc, 0x15, 0x00, 0x01, 0x07, 0x01, 0xf8, 0x0e, 0x00, 0x01, 0x1f, 0x01, 0xfe, 0x0e, 0x00, 0x01, 0x1f, 0x01, 0xfe, 0x06, 0x00, 0x01, 0x03,
  0x01, 0xff, 0x01, 0xf8, 0x05, 0x00, 0x01, 0x3f, 0x01, 0xff, 0x06, 0x00, 0x01, 0x07, 0x01, 0xff, 0x01, 0xfc, 0x05, 0x00, 0x01, 0x3f, 0x01, 0xff,
  0x06, 0x00, 0x01, 0x0f, 0x01, 0xff, 0x01, 0xfe, 0x05, 0x00, 0x01, 0x3f, 0x01, 0xff, 0x06, 0x00, 0x01, 0x0f, 0x01, 0xff, 0x01, 0xfe, 0x05, 0x00,
  0x01, 0x3f, 0x01, 0xff, 0x06, 0x00, 0x01, 0x0f, 0x01, 0xff, 0x01, 0xfe, 0x05, 0x00, 0x01, 0x3f, 0x01, 0xff, 0x06, 0x00, 0x01, 0x07, 0x01, 0xff,
  0x01, 0xfc, 0x05, 0x00, 0x01, 0x1f, 0x01, 0xfe, 0x06, 0x00, 0x01, 0x03, 0x01, 0xff, 0x01, 0xf8, 0x05, 0x00, 0x01, 0x1f, 0x01, 0xfe, 0x0e, 0x00,
  0x01, 0x07, 0x01, 0xf8, 0x6a, 0x00, 0x01, 0x0f, 0x01, 0xf8, 0x04, 0x00, 0x01, 0x03, 0x0f, 0x00, 0x01, 0x03, 0x52, 0x00, 0x34, 0x00, 0x01, 0xf8,
  0x06, 0x00, 0x01, 0x0f, 0x01, 0x80, 0x06, 0x00, 0x01, 0x03, 0x01, 0xfe, 0x06, 0x00, 0x01, 0x3f, 0x01, 0xe0, 0x06, 0x00, 0x01, 0x07, 0x01, 0xff,
  0x06, 0x00, 0x01, 0x7f, 0x01, 0xf0, 0x06, 0x00, 0x01, 0x0f, 0x01, 0xff, 0x01, 0x80, 0x05, 0x00, 0x01, 0xff, 0x01, 0xf8, 0x06, 0x00, 0x01, 0x1f,
  0x01, 0x8f, 0x01, 0xc0, 0x04, 0x00, 0x01, 0x01, 0x01, 0xf8, 0x01, 0xfc, 0x06, 0x00, 0x01, 0x3f, 0x01, 0x07, 0x01, 0xe0, 0x04, 0x00, 0x01, 0x03,
  0x01, 0xf0, 0x01, 0x7e, 0x06, 0x00, 0x01, 0x3e, 0x01, 0x03, 0x01, 0xe0, 0x04, 0x00, 0x01, 0x03, 0x01, 0xe0, 0x01, 0x3e, 0x06, 0x00, 0x01, 0x3c,
  0x01, 0x01, 0x01, 0xe0, 0x04, 0x00, 0x01, 0x03, 0x01, 0xc0, 0x01, 0x1e, 0x06, 0x00, 0x01, 0x7c, 0x01, 0x01, 0x01, 0xf0, 0x04, 0x00, 0x01, 0x07,
  0x01, 0xc0, 0x01, 0x1f, 0x06, 0x00, 0x01, 0x78, 0x01, 0x00, 0x01, 0xf0, 0x04, 0x00, 0x01, 0x07, 0x01, 0x80, 0x01, 0x0f, 0x06, 0x00, 0x01, 0x78,
  0x01, 0x00, 0x01, 0xf0, 0x04, 0x00, 0x01, 0x07, 0x01, 0x80, 0x01, 0x0f, 0x06, 0x00, 0x01, 0x78, 0x01, 0x00, 0x01, 0xf0, 0x04, 0x00, 0x01, 0x07,
  0x01, 0x80, 0x01, 0x0f, 0x06, 0x00, 0x01, 0x7c, 0x01, 0x01, 0x01, 0xf0, 0x04, 0x00, 0x01, 0x07, 0x01, 0xc0, 0x01, 0x1f, 0x06, 0x00, 0x01, 0x3c,
  0x01, 0x01, 0x01, 0xe0, 0x04, 0x00, 0x01, 0x03, 0x01, 0xc0, 0x01, 0x1e, 0x06, 0x00, 0x01, 0x3e, 0x01, 0x03, 0x01, 0xe0, 0x04, 0x00, 0x01, 0x03,
  0x01, 0xe0, 0x01, 0x3e, 0x06, 0x00, 0x01, 0x3f, 0x01, 0x07, 0x01, 0xe0, 0x04, 0x00, 0x01, 0x03, 0x01, 0xf0, 0x01, 0x7e, 0x06, 0x00, 0x01, 0x1f,
  0x01, 0x8f, 0x01, 0xc0, 0x04, 0x00, 0x01, 0x01, 0x01, 0xf8, 0x01, 0xfc, 0x06, 0x00, 0x01, 0x0f, 0x01, 0xff, 0x01, 0x80, 0x02, 0x00, 0x01, 0x80,
  0x02, 0x00, 0x01, 0xff, 0x01, 0xf8, 0x06, 0x00, 0x01, 0x07, 0x01, 0xff, 0x02, 0x00, 0x01, 0x03, 0x01, 0xe0, 0x02, 0x00, 0x01, 0x7f, 0x01, 0xf0,
  0x06, 0x00, 0x01, 0x03, 0x01, 0xfe, 0x02, 0x00, 0x01, 0x03, 0x01, 0x60, 0x02, 0x00, 0x01, 0x3f, 0x01, 0xe0, 0x07, 0x00, 0x01, 0xf8, 0x02, 0x00,
  0x01, 0x03, 0x01, 0x60, 0x02, 0x00, 0x01, 0x0f, 0x01, 0x80, 0x0a, 0x00, 0x01, 0x06, 0x01, 0x30, 0x0e, 0x00, 0x01, 0x03, 0x01, 0x60, 0x0e, 0x00,
  0x01, 0x03, 0x01, 0x60, 0x0e, 0x00, 0x01, 0x03, 0x01, 0xe0, 0x0f, 0x00, 0x01, 0x80, 0x37, 0x00, 0x14, 0x00, 0x01, 0xf8, 0x06, 0x00, 0x01, 0x0f,
  0x01, 0x80, 0x06, 0x00, 0x01, 0x07, 0x01, 0xff, 0x06, 0x00, 0x01, 0x7f, 0x01, 0xf0, 0x06, 0x00, 0x01, 0x0f, 0x01, 0xff, 0x01, 0x80, 0x05, 0x00,
  0x01, 0xff, 0x01, 0xf8, 0x06, 0x00, 0x01, 0x1f, 0x01, 0xff, 0x01, 0xc0, 0x04, 0x00, 0x01, 0x01, 0x01, 0xff, 0x01, 0xfc, 0x06, 0x00, 0x01, 0x3f,
  0x01, 0xff, 0x01, 0xe0, 0x04, 0x00, 0x01, 0x03, 0x01, 0xff, 0x01, 0xfe, 0x06, 0x00, 0x01, 0x7f, 0x01, 0xff, 0x01, 0xf0, 0x04, 0x00, 0x01, 0x07,
  0x02, 0xff, 0x06, 0x00, 0x01, 0x7f, 0x01, 0x8f, 0x01, 0xf0, 0x04, 0x00, 0x01, 0x07, 0x01, 0xf8, 0x01, 0xff, 0x06, 0x00, 0x01, 0xff, 0x01, 0x07,
  0x01, 0xf8, 0x04, 0x00, 0x01, 0x0f, 0x01, 0xf0, 0x01, 0x7f, 0x01, 0x80, 0x05, 0x00, 0x01, 0xfe, 0x01, 0x03, 0x01, 0xf8, 0x04, 0x00, 0x01, 0x0f,
  0x01, 0xe0, 0x01, 0x3f, 0x01, 0x80, 0x05, 0x00, 0x01, 0xfc, 0x01, 0x01, 0x01, 0xf8, 0x04, 0x00, 0x01, 0x0f, 0x01, 0xc0, 0x01, 0x1f, 0x01, 0x80,
  0x04, 0x00, 0x01, 0x01, 0x01, 0xfc, 0x01, 0x01, 0x01, 0xfc, 0x04, 0x00, 0x01, 0x1f, 0x01, 0xc0, 0x01, 0x1f, 0x01, 0xc0, 0x04, 0x00, 0x01, 0x01,
  0x01, 0xf8, 0x01, 0x00, 0x01, 0xfc, 0x04, 0x00, 0x01, 0x1f, 0x01, 0x80, 0x01, 0x0f, 0x01, 0xc0, 0x04, 0x00, 0x01, 0x01, 0x01, 0xf8, 0x01, 0x00,
  0x01, 0xfc, 0x04, 0x00, 0x01, 0x1f, 0x01, 0x80, 0x01, 0x0f, 0x01, 0xc0, 0x04, 0x00, 0x01, 0x01, 0x01, 0xf8, 0x01, 0x00, 0x01, 0xfc, 0x04, 0x00,
  0x01, 0x1f, 0x01, 0x80, 0x01, 0x0f, 0x01, 0xc0, 0x04, 0x00, 0x01, 0x01, 0x01, 0xfc, 0x01, 0x01, 0x01, 0xfc, 0x04, 0x00, 0x01, 0x1f, 0x01, 0xc0,
  0x01, 0x1f, 0x01, 0xc0, 0x05, 0x00, 0x01, 0xfc, 0x01, 0x01, 0x01, 0xf8, 0x04, 0x00, 0x01, 0x0f, 0x01, 0xc0, 0x01, 0x1f, 0x01, 0x80, 0x05, 0x00,
  0x01, 0xfe, 0x01, 0x03, 0x01, 0xf8, 0x04, 0x00, 0x01, 0x0f, 0x01, 0xe0, 0x01, 0x3f, 0x01, 0x80, 0x05, 0x00, 0x01, 0xff, 0x01, 0x07, 0x01, 0xf8,
  0x04, 0x00, 0x01, 0x0f, 0x01, 0xf0, 0x01, 0x7f, 0x01, 0x80, 0x05, 0x00, 0x01, 0x7f, 0x01, 0x8f, 0x01, 0xf0, 0x04, 0x00, 0x01, 0x07, 0x01, 0xf8,
  0x01, 0xff, 0x06, 0x00, 0x01, 0x7f, 0x01, 0xff, 0x01, 0xf0, 0x02, 0x00, 0x01, 0x80, 0x01, 0x00, 0x01, 0x07, 0x02, 0xff, 0x06, 0x00, 0x01, 0x3f,
  0x01, 0xff, 0x01, 0xe0, 0x01, 0x00, 0x01, 0x03, 0x01, 0xe0, 0x01, 0x00, 0x01, 0x03, 0x01, 0xff, 0x01, 0xfe, 0x06, 0x00, 0x01, 0x1f, 0x01, 0xff,
  0x01, 0xc0, 0x01, 0x00, 0x01, 0x03, 0x01, 0x60, 0x01, 0x00, 0x01, 0x01, 0x01, 0xff, 0x01, 0xfc, 0x06, 0x00, 0x01, 0x0f, 0x01, 0xff, 0x01, 0x80,
  0x01, 0x00, 0x01, 0x03, 0x01, 0x60, 0x02, 0x00, 0x01, 0xff, 0x01, 0xf8, 0x06, 0x00, 0x01, 0x07, 0x01, 0xff, 0x02, 0x00, 0x01, 0x06, 0x01, 0x30,
  0x02, 0x00, 0x01, 0x7f, 0x01, 0xf0, 0x07, 0x00, 0x01, 0xf8, 0x02, 0x00, 0x01, 0x03, 0x01, 0x60, 0x02, 0x00, 0x01, 0x0f, 0x01, 0x80, 0x0a, 0x00,
  0x01, 0x03, 0x01, 0x60, 0x0e, 0x00, 0x01, 0x03, 0x01, 0xe0, 0x0f, 0x00, 0x01, 0x80, 0x37, 0x00, 0x24, 0x00, 0x01, 0xf8, 0x06, 0x00, 0x01, 0x0f,
  0x01, 0x80, 0x06, 0x00, 0x01, 0x03, 0x01, 0xfe, 0x06, 0x00, 0x01, 0x3f, 0x01, 0xe0, 0x06, 0x00, 0x01, 0x0f, 0x01, 0xff, 0x01, 0x80, 0x05, 0x00,
  0x01, 0xff, 0x01, 0xf8, 0x06, 0x00, 0x01, 0x1f, 0x01, 0xff, 0x01, 0xc0, 0x04, 0x00, 0x01, 0x01, 0x01, 0xff, 0x01, 0xfc, 0x06, 0x00, 0x01, 0x3f,
  0x01, 0xff, 0x01, 0xe0, 0x04, 0x00, 0x01, 0x03, 0x01, 0xff, 0x01, 0xfe, 0x06, 0x00, 0x01, 0x3f, 0x01, 0x8f, 0x01, 0xe0, 0x04, 0x00, 0x01, 0x03,
  0x01, 0xf8, 0x01, 0xfe, 0x06, 0x00, 0x01, 0x7f, 0x01, 0x07, 0x01, 0xf0, 0x04, 0x00, 0x01, 0x07, 0x01, 0xf0, 0x01, 0x7f, 0x06, 0x00, 0x01, 0x7e,
  0x01, 0x03, 0x01, 0xf0, 0x04, 0x00, 0x01, 0x07, 0x01, 0xe0, 0x01, 0x3f, 0x06, 0x00, 0x01, 0x7c, 0x01, 0x01, 0x01, 0xf0, 0x04, 0x00, 0x01, 0x07,
  0x01, 0xc0, 0x01, 0x1f, 0x06, 0x00, 0x01, 0xfc, 0x01, 0x01, 0x01, 0xf8, 0x04, 0x00, 0x01, 0x0f, 0x01, 0xc0, 0x01, 0x1f, 0x01, 0x80, 0x05, 0x00,
  0x01, 0xf8, 0x01, 0x00, 0x01, 0xf8, 0x04, 0x00, 0x01, 0x0f, 0x01, 0x80, 0x01, 0x0f, 0x01, 0x80, 0x05, 0x00, 0x01, 0xf8, 0x01, 0x00, 0x01, 0xf8,
  0x04, 0x00, 0x01, 0x0f, 0x01, 0x80, 0x01, 0x0f, 0x01, 0x80, 0x05, 0x00, 0x01, 0xf8, 0x01, 0x00, 0x01, 0xf8, 0x04, 0x00, 0x01, 0x0f, 0x01, 0x80,
  0x01, 0x0f, 0x01, 0x80, 0x05, 0x00, 0x01, 0xfc, 0x01, 0x01, 0x01, 0xf8, 0x04, 0x00, 0x01, 0x0f, 0x01, 0xc0, 0x01, 0x1f, 0x01, 0x80, 0x05, 0x00,
  0x01, 0x7c, 0x01, 0x01, 0x01, 0xf0, 0x04, 0x00, 0x01, 0x07, 0x01, 0xc0, 0x01, 0x1f, 0x06, 0x00, 0x01, 0x7e, 0x01, 0x03, 0x01, 0xf0, 0x04, 0x00,
  0x01, 0x07, 0x01, 0xe0, 0x01, 0x3f, 0x06, 0x00, 0x01, 0x7f, 0x01, 0x07, 0x01, 0xf0, 0x04, 0x00, 0x01, 0x07, 0x01, 0xf0, 0x01, 0x7f, 0x06, 0x00,
  0x01, 0x3f, 0x01, 0x8f, 0x01, 0xe0, 0x04, 0x00, 0x01, 0x03, 0x01, 0xf8, 0x01, 0xfe, 0x06, 0x00, 0x01, 0x3f, 0x01, 0xff, 0x01, 0xe0, 0x02, 0x00,
  0x01, 0x80, 0x01, 0x00, 0x01, 0x03, 0x01, 0xff, 0x01, 0xfe, 0x06, 0x00, 0x01, 0x1f, 0x01, 0xff, 0x01, 0xc0, 0x01, 0x00, 0x01, 0x03, 0x01, 0xe0,
  0x01, 0x00, 0x01, 0x01, 0x01, 0xff, 0x01, 0xfc, 0x06, 0x00, 0x01, 0x0f, 0x01, 0xff, 0x01, 0x80, 0x01, 0x00, 0x01, 0x03, 0x01, 0x60, 0x02, 0x00,
  0x01, 0xff, 0x01, 0xf8, 0x06, 0x00, 0x01, 0x03, 0x01, 0xfe, 0x02, 0x00, 0x01, 0x03, 0x01, 0x60, 0x02, 0x00, 0x01, 0x3f, 0x01, 0xe0, 0x07, 0x00,
  0x01, 0xf8, 0x02, 0x00, 0x01, 0x06, 0x01, 0x30, 0x02, 0x00, 0x01, 0x0f, 0x01, 0x80, 0x0a, 0x00, 0x01, 0x03, 0x01, 0x60, 0x0e, 0x00, 0x01, 0x03,
  0x01, 0x60, 0x0e, 0x00, 0x01, 0x03, 0x01, 0xe0, 0x0f, 0x00, 0x01, 0x80, 0x37, 0x00, 0x54, 0x00, 0x01, 0x03, 0x01, 0xf0, 0x0d, 0x00, 0x01, 0x03,
  0x01, 0xff, 0x01, 0xf0, 0x0d, 0x00, 0x01, 0x7f, 0x01, 0xfe, 0x05, 0x00, 0x01, 0x07, 0x02, 0xff, 0x06, 0x00, 0x01, 0x7e, 0x06, 0x00, 0x01, 0x07,
  0x02, 0xff, 0x76, 0x00, 0x01, 0xff, 0x01, 0xf8, 0x01, 0xf0, 0x04, 0x00, 0x01, 0x0f, 0x01, 0xff, 0x01, 0x8f, 0x06, 0x00, 0x01, 0xff, 0x01, 0xf8,
  0x01, 0xf0, 0x04, 0x00, 0x01, 0x0f, 0x01, 0xff, 0x01, 0x8f, 0x06, 0x00, 0x01, 0xff, 0x01, 0xf8, 0x01, 0xf0, 0x04, 0x00, 0x01, 0x0f, 0x01, 0xff,
  0x01, 0x8f, 0x06, 0x00, 0x01, 0x7f, 0x01, 0xf8, 0x01, 0xe0, 0x04, 0x00, 0x01, 0x07, 0x01, 0xff, 0x01, 0x8e, 0x06, 0x00, 0x01, 0x3f, 0x01, 0xff,
  0x01, 0xc0, 0x04, 0x00, 0x01, 0x03, 0x01, 0xff, 0x01, 0xfc, 0x1a, 0x00, 0x01, 0x10, 0x01, 0x04, 0x0e, 0x00, 0x02, 0x08, 0x0e, 0x00, 0x01, 0x06,
  0x01, 0x30, 0x0e, 0x00, 0x01, 0x03, 0x01, 0xe0, 0x67, 0x00, 0x64, 0x00, 0x01, 0x3f, 0x01, 0xf0, 0x0d, 0x00, 0x01, 0x7f, 0x01, 0xff, 0x01, 0xf0,
  0x04, 0x00, 0x01, 0x07, 0x02, 0xff, 0x06, 0x00, 0x01, 0x7f, 0x01, 0xe0, 0x05, 0x00, 0x01, 0x07, 0x02, 0xff, 0x76, 0x00, 0x01, 0xff, 0x01, 0xf8,
  0x01, 0xf0, 0x04, 0x00, 0x01, 0x0f, 0x01, 0xff, 0x01, 0x8f, 0x06, 0x00, 0x01, 0xff, 0x01, 0xf8, 0x01, 0xf0, 0x04, 0x00, 0x01, 0x0f, 0x01, 0xff,
  0x01, 0x8f, 0x06, 0x00, 0x01, 0xff, 0x01, 0xf8, 0x01, 0xf0, 0x04, 0x00, 0x01, 0x0f, 0x01, 0xff, 0x01, 0x8f, 0x06, 0x00, 0x01, 0x7f, 0x01, 0xf8,
  0x01, 0xe0, 0x04, 0x00, 0x01, 0x07, 0x01, 0xff, 0x01, 0x8e, 0x06, 0x00, 0x01, 0x3f, 0x01, 0xff, 0x01, 0xc0, 0x04, 0x00, 0x01, 0x03, 0x01, 0xff,
  0x01, 0xfc, 0x1a, 0x00, 0x01, 0x10, 0x01, 0x04, 0x0e, 0x00, 0x02, 0x08, 0x0e, 0x00, 0x01, 0x06, 0x01, 0x30, 0x0e, 0x00, 0x01, 0x03, 0x01, 0xe0,
  0x67, 0x00, 0x73, 0x00, 0x01, 0x7f, 0x01, 0xff, 0x01, 0xf0, 0x04, 0x00, 0x01, 0x07, 0x02, 0xff, 0x06, 0x00, 0x01, 0x7f, 0x01, 0xff, 0x01, 0xf0,
  0x04, 0x00, 0x01, 0x07, 0x02, 0xff, 0x76, 0x00, 0x01, 0xff, 0x01, 0xf8, 0x01, 0xf0, 0x04, 0x00, 0x01, 0x0f, 0x01, 0xff, 0x01, 0x8f, 0x06, 0x00,
  0x01, 0xff, 0x01, 0xf8, 0x01, 0xf0, 0x04, 0x00, 0x01, 0x0f, 0x01, 0xff, 0x01, 0x8f, 0x06, 0x00, 0x01, 0xff, 0x01, 0xf8, 0x01, 0xf0, 0x04, 0x00,
  0x01, 0x0f, 0x01, 0xff, 0x01, 0x8f, 0x06, 0x00, 0x01, 0x7f, 0x01, 0xf8, 0x01, 0xe0, 0x04, 0x00, 0x01, 0x07, 0x01, 0xff, 0x01, 0x8e, 0x06, 0x00,
  0x01, 0x3f, 0x01, 0xff, 0x01, 0xc0, 0x04, 0x00, 0x01, 0x03, 0x01, 0xff, 0x01, 0xfc, 0x1a, 0x00, 0x01, 0x10, 0x01, 0x04, 0x0e, 0x00, 0x02, 0x08,
  0x0e, 0x00, 0x01, 0x06, 0x01, 0x30, 0x0e, 0x00, 0x01, 0x03, 0x01, 0xe0, 0x67, 0x00, 0x45, 0x00, 0x01, 0xf0, 0x0e, 0x00, 0x01, 0x3f, 0x01, 0xf0,
  0x0d, 0x00, 0x01, 0x0f, 0x01, 0xff, 0x01, 0x80, 0x0d, 0x00, 0x01, 0x7f, 0x01, 0xe0, 0x05, 0x00, 0x01, 0x07, 0x02, 0xff, 0x06, 0x00, 0x01, 0x78,
  0x06, 0x00, 0x01, 0x07, 0x02, 0xff, 0x76, 0x00, 0x01, 0xff, 0x01, 0xf8, 0x01, 0xf0, 0x04, 0x00, 0x01, 0x0f, 0x01, 0xff, 0x01, 0x8f, 0x06, 0x00,
  0x01, 0xff, 0x01, 0xf8, 0x01, 0xf0, 0x04, 0x00, 0x01, 0x0f, 0x01, 0xff, 0x01, 0x8f, 0x06, 0x00, 0x01, 0xff, 0x01, 0xf8, 0x01, 0xf0, 0x04, 0x00,
  0x01, 0x0f, 0x01, 0xff, 0x01, 0x8f, 0x06, 0x00, 0x01, 0x7f, 0x01, 0xf8, 0x01, 0xe0, 0x04, 0x00, 0x01, 0x07, 0x01, 0xff, 0x01, 0x8e, 0x06, 0x00,
  0x01, 0x3f, 0x01, 0xff, 0x01, 0xc0, 0x04, 0x00, 0x01, 0x03, 0x01, 0xff, 0x01, 0xfc, 0x1a, 0x00, 0x01, 0x10, 0x01, 0x04, 0x0e, 0x00, 0x02, 0x08,
  0x0e, 0x00, 0x01, 0x06, 0x01, 0x30, 0x0e, 0x00, 0x01, 0x03, 0x01, 0xe0, 0x67, 0x00, 0x35, 0x00, 0x01, 0xf0, 0x0e, 0x00, 0x01, 0x0f, 0x01, 0xf0,
  0x0e, 0x00, 0x01, 0xff, 0x01, 0x80, 0x0d, 0x00, 0x01, 0x0f, 0x01, 0xf8, 0x0e, 0x00, 0x01, 0x7f, 0x01, 0x80, 0x05, 0x00, 0x01, 0x07, 0x02, 0xff,
  0x06, 0x00, 0x01, 0x78, 0x06, 0x00, 0x01, 0x07, 0x02, 0xff, 0x76, 0x00, 0x01, 0xff, 0x01, 0xf8, 0x01, 0xf0, 0x04, 0x00, 0x01, 0x0f, 0x01, 0xff,
  0x01, 0x8f, 0x06, 0x00, 0x01, 0xff, 0x01, 0xf8, 0x01, 0xf0, 0x04, 0x00, 0x01, 0x0f, 0x01, 0xff, 0x01, 0x8f, 0x06, 0x00, 0x01, 0xff, 0x01, 0xf8,
  0x01, 0xf0, 0x04, 0x00, 0x01, 0x0f, 0x01, 0xff, 0x01, 0x8f, 0x06, 0x00, 0x01, 0x7f, 0x01, 0xf8, 0x01, 0xe0, 0x04, 0x00, 0x01, 0x07, 0x01, 0xff,
  0x01, 0x8e, 0x06, 0x00, 0x01, 0x3f, 0x01, 0xff, 0x01, 0xc0, 0x04, 0x00, 0x01, 0x03, 0x01, 0xff, 0x01, 0xfc, 0x1a, 0x00, 0x01, 0x10, 0x01, 0x04,
  0x0e, 0x00, 0x02, 0x08, 0x0e, 0x00, 0x01, 0x06, 0x01, 0x30, 0x0e, 0x00, 0x01, 0x03, 0x01, 0xe0, 0x67, 0x00, 0xb3, 0x00, 0x01, 0x7f, 0x01, 0xff,
  0x01, 0xf0, 0x04, 0x00, 0x01, 0x07, 0x02, 0xff, 0x06, 0x00, 0x01, 0x7f, 0x01, 0xff, 0x01, 0xf0, 0x04, 0x00, 0x01, 0x07, 0x02, 0xff, 0x16, 0x00,
  0x01, 0x3f, 0x01, 0xff, 0x01, 0xc0, 0x04, 0x00, 0x01, 0x03, 0x01, 0xff, 0x01, 0xfc, 0x06, 0x00, 0x01, 0x7f, 0x01, 0xff, 0x01, 0xe0, 0x04, 0x00,
  0x01, 0x07, 0x01, 0xff, 0x01, 0xfe, 0x06, 0x00, 0x01, 0x7f, 0x01, 0xff, 0x01, 0xe0, 0x04, 0x00, 0x01, 0x07, 0x01, 0xff, 0x01, 0xfe, 0x06, 0x00,
  0x01, 0x7f, 0x01, 0xff, 0x01, 0xe0, 0x04, 0x00, 0x01, 0x07, 0x01, 0xff, 0x01, 0xfe, 0x06, 0x00, 0x01, 0x3f, 0x01, 0xff, 0x01, 0xc0, 0x04, 0x00,
  0x01, 0x03, 0x01, 0xff, 0x01, 0xfc, 0x6a, 0x00, 0x01, 0x0f, 0x01, 0xf8, 0x67, 0x00, 0xb3, 0x00, 0x01, 0x7f, 0x01, 0xff, 0x01, 0xf0, 0x04, 0x00,
  0x01, 0x07, 0x02, 0xff, 0x06, 0x00, 0x01, 0x7f, 0x01, 0xff, 0x01, 0xf0, 0x04, 0x00, 0x01, 0x07, 0x02, 0xff, 0x06, 0x00, 0x01, 0x7f, 0x01, 0xff,
  0x01, 0xe0, 0x04, 0x00, 0x01, 0x07, 0x01, 0xff, 0x01, 0xfe, 0x06, 0x00, 0x01, 0x7f, 0x01, 0xff, 0x01, 0xe0, 0x04, 0x00, 0x01, 0x07, 0x01, 0xff,
  0x01, 0xfe, 0x06, 0x00, 0x01, 0x7f, 0x01, 0xff, 0x01, 0xe0, 0x04, 0x00, 0x01, 0x07, 0x01, 0xff, 0x01, 0xfe, 0x06, 0x00, 0x01, 0x7f, 0x01, 0xff,
  0x01, 0xe0, 0x04, 0x00, 0x01, 0x07, 0x01, 0xff, 0x01, 0xfe, 0x06, 0x00, 0x01, 0x7f, 0x01, 0xff, 0x01, 0xe0, 0x04, 0x00, 0x01, 0x07, 0x01, 0xff,
  0x01, 0xfe, 0x06, 0x00, 0x01, 0x7f, 0x01, 0xff, 0x01, 0xe0, 0x04, 0x00, 0x01, 0x07, 0x01, 0xff, 0x01, 0xfe, 0x06, 0x00, 0x01, 0x3f, 0x01, 0xff,
  0x01, 0xc0, 0x04, 0x00, 0x01, 0x03, 0x01, 0xff, 0x01, 0xfc, 0x5a, 0x00, 0x01, 0x0f, 0x01, 0xf8, 0x67, 0x00, 0xb3, 0x00, 0x01, 0x7f, 0x01, 0xff,
  0x01, 0xf0, 0x04, 0x00, 0x01, 0x07, 0x02, 0xff, 0x06, 0x00, 0x01, 0x7f, 0x01, 0xff, 0x01, 0xf0, 0x04, 0x00, 0x01, 0x07, 0x02, 0xff, 0x06, 0x00,
  0x01, 0x3f, 0x01, 0xff, 0x01, 0xc0, 0x04, 0x00, 0x01, 0x03, 0x01, 0xff, 0x01, 0xfc, 0x06, 0x00, 0x01, 0x7f, 0x01, 0xff, 0x01, 0xe0, 0x04, 0x00,
  0x01, 0x07, 0x01, 0xff, 0x01, 0xfe, 0x06, 0x00, 0x01, 0x7f, 0x01, 0xff, 0x01, 0xe0, 0x04, 0x00, 0x01, 0x07, 0x01, 0xff, 0x01, 0xfe, 0x06, 0x00,
  0x01, 0x7f, 0x01, 0xff, 0x01, 0xe0, 0x04, 0x00, 0x01, 0x07, 0x01, 0xff, 0x01, 0xfe, 0x06, 0x00, 0x01, 0x7f, 0x01, 0xff, 0x01, 0xe0, 0x04, 0x00,
  0x01, 0x07, 0x01, 0xff, 0x01, 0xfe, 0x06, 0x00, 0x01, 0x7f, 0x01, 0xff, 0x01, 0xe0, 0x04, 0x00, 0x01, 0x07, 0x01, 0xff, 0x01, 0xfe, 0x06, 0x00,
  0x01, 0x3f, 0x01, 0xff, 0x01, 0xc0, 0x04, 0x00, 0x01, 0x03, 0x01, 0xff, 0x01, 0xfc, 0x5a, 0x00, 0x01, 0x0f, 0x01, 0xf8, 0x67, 0x00, 0xb3, 0x00,
  0x01, 0x7f, 0x01, 0xff, 0x01, 0xf0, 0x04, 0x00, 0x01, 0x07, 0x02, 0xff, 0x06, 0x00, 0x01, 0x7f, 0x01, 0xff, 0x01, 0xf0, 0x04, 0x00, 0x01, 0x07,
  0x02, 0xff, 0x06, 0x00, 0x01, 0x3f, 0x01, 0xff, 0x01, 0xc0, 0x04, 0x00, 0x01, 0x03, 0x01, 0xff, 0x01, 0xfc, 0x06, 0x00, 0x01, 0x7f, 0x01, 0xff,
  0x01, 0xe0, 0x04, 0x00, 0x01, 0x07, 0x01, 0xff, 0x01, 0xfe, 0x06, 0x00, 0x01, 0x7f, 0x01, 0xff, 0x01, 0xe0, 0x04, 0x00, 0x01, 0x07, 0x01, 0xff,
  0x01, 0xfe, 0x06, 0x00, 0x01, 0x7f, 0x01, 0xff, 0x01, 0xe0, 0x04, 0x00, 0x01, 0x07, 0x01, 0xff, 0x01, 0xfe, 0x06, 0x00, 0x01, 0x7f, 0x01, 0xff,
  0x01, 0xe0, 0x04, 0x00, 0x01, 0x07, 0x01, 0xff, 0x01, 0xfe, 0x06, 0x00, 0x01, 0x7f, 0x01, 0xff, 0x01, 0xe0, 0x04, 0x00, 0x01, 0x07, 0x01, 0xff,
  0x01, 0xfe, 0x06, 0x00, 0x01, 0x3f, 0x01, 0xff, 0x01, 0xc0, 0x04, 0x00, 0x01, 0x03, 0x01, 0xff, 0x01, 0xfc, 0x0b, 0x00, 0x01, 0x80, 0x0e, 0x00,
  0x01, 0x03, 0x01, 0xe0, 0x0e, 0x00, 0x01, 0x03, 0x01, 0x60, 0x0e, 0x00, 0x01, 0x03, 0x01, 0x60, 0x0e, 0x00, 0x01, 0x06, 0x01, 0x30, 0x0e, 0x00,
  0x01, 0x03, 0x01, 0x60, 0x0e, 0x00, 0x01, 0x03, 0x01, 0x60, 0x0e, 0x00, 0x01, 0x03, 0x01, 0xe0, 0x0f, 0x00, 0x01, 0x80, 0x37, 0x00, 0xb3, 0x00,
  0x01, 0x7f, 0x01, 0xff, 0x01, 0xf0, 0x04, 0x00, 0x01, 0x07, 0x02, 0xff, 0x06, 0x00, 0x01, 0x7f, 0x01, 0xff, 0x01, 0xf0, 0x04, 0x00, 0x01, 0x07,
  0x02, 0xff, 0x06, 0x00, 0x01, 0x3f, 0x01, 0xff, 0x01, 0xc0, 0x04, 0x00, 0x01, 0x03, 0x01, 0xff, 0x01, 0xfc, 0x06, 0x00, 0x01, 0x7f, 0x01, 0xff,
  0x01, 0xe0, 0x04, 0x00, 0x01, 0x07, 0x01, 0xff, 0x01, 0xfe, 0x06, 0x00, 0x01, 0x7f, 0x01, 0xff, 0x01, 0xe0, 0x04, 0x00, 0x01, 0x07, 0x01, 0xff,
  0x01, 0xfe, 0x06, 0x00, 0x01, 0x7f, 0x01, 0xff, 0x01, 0xe0, 0x04, 0x00, 0x01, 0x07, 0x01, 0xff, 0x01, 0xfe, 0x06, 0x00, 0x01, 0x7f, 0x01, 0xff,
  0x01, 0xe0, 0x04, 0x00, 0x01, 0x07, 0x01, 0xff, 0x01, 0xfe, 0x06, 0x00, 0x01, 0x3f, 0x01, 0xff, 0x01, 0xc0, 0x04, 0x00, 0x01, 0x03, 0x01, 0xff,
  0x01, 0xfc, 0x1b, 0x00, 0x01, 0x80, 0x0e, 0x00, 0x01, 0x03, 0x01, 0xe0, 0x0e, 0x00, 0x01, 0x03, 0x01, 0x60, 0x0e, 0x00, 0x01, 0x03, 0x01, 0x60,
  0x0e, 0x00, 0x01, 0x06, 0x01, 0x30, 0x0e, 0x00, 0x01, 0x03, 0x01, 0x60, 0x0e, 0x00, 0x01, 0x03, 0x01, 0x60, 0x0e, 0x00, 0x01, 0x03, 0x01, 0xe0,
  0x0f, 0x00, 0x01, 0x80, 0x37, 0x00, 0xb3, 0x00, 0x01, 0x7f, 0x01, 0xff, 0x01, 0xf0, 0x04, 0x00, 0x01, 0x07, 0x02, 0xff, 0x06, 0x00, 0x01, 0x7f,
  0x01, 0xff, 0x01, 0xf0, 0x04, 0x00, 0x01, 0x07, 0x02, 0xff, 0x16, 0x00, 0x01, 0x3f, 0x01, 0xff, 0x01, 0xc0, 0x04, 0x00, 0x01, 0x03, 0x01, 0xff,
  0x01, 0xfc, 0x06, 0x00, 0x01, 0x7f, 0x01, 0xff, 0x01, 0xe0, 0x04, 0x00, 0x01, 0x07, 0x01, 0xff, 0x01, 0xfe, 0x06, 0x00, 0x01, 0x7f, 0x01, 0xff,
  0x01, 0xe0, 0x04, 0x00, 0x01, 0x07, 0x01, 0xff, 0x01, 0xfe, 0x06, 0x00, 0x01, 0x7f, 0x01, 0xff, 0x01, 0xe0, 0x04, 0x00, 0x01, 0x07, 0x01, 0xff,
  0x01, 0xfe, 0x06, 0x00, 0x01, 0x3f, 0x01, 0xff, 0x01, 0xc0, 0x04, 0x00, 0x01, 0x03, 0x01, 0xff, 0x01, 0xfc, 0x1b, 0x00, 0x01, 0x80, 0x0e, 0x00,
  0x01, 0x03, 0x01, 0xe0, 0x0e, 0x00, 0x01, 0x03, 0x01, 0x60, 0x0e, 0x00, 0x01, 0x03, 0x01, 0x60, 0x0e, 0x00, 0x01, 0x06, 0x01, 0x30, 0x0e, 0x00,
  0x01, 0x03, 0x01, 0x60, 0x0e, 0x00, 0x01, 0x03, 0x01, 0x60, 0x0e, 0x00, 0x01, 0x03, 0x01, 0xe0, 0x0f, 0x00, 0x01, 0x80, 0x37, 0x00, 0xb3, 0x00,
  0x01, 0x7f, 0x01, 0xff, 0x01, 0xf0, 0x04, 0x00, 0x01, 0x07, 0x02, 0xff, 0x06, 0x00, 0x01, 0x7f, 0x01, 0xff, 0x01, 0xf0, 0x04, 0x00, 0x01, 0x07,
  0x02, 0xff, 0x16, 0x00, 0x01, 0x3f, 0x01, 0xff, 0x01, 0xc0, 0x04, 0x00, 0x01, 0x03, 0x01, 0xff, 0x01, 0xfc, 0x06, 0x00, 0x01, 0x7f, 0x01, 0xff,
  0x01, 0xe0, 0x04, 0x00, 0x01, 0x07, 0x01, 0xff, 0x01, 0xfe, 0x06, 0x00, 0x01, 0x7f, 0x01, 0xff, 0x01, 0xe0, 0x04, 0x00, 0x01, 0x07, 0x01, 0xff,
  0x01, 0xfe, 0x06, 0x00, 0x01, 0x3f, 0x01, 0xff, 0x01, 0xc0, 0x04, 0x00, 0x01, 0x03, 0x01, 0xff, 0x01, 0xfc, 0x7a, 0x00, 0x01, 0x0f, 0x01, 0xf8,
  0x67, 0x00, 0xb3, 0x00, 0x01, 0x7f, 0x01, 0xff, 0x01, 0xf0, 0x04, 0x00, 0x01, 0x07, 0x02, 0xff, 0x06, 0x00, 0x01, 0x7f, 0x01, 0xff, 0x01, 0xf0,
  0x04, 0x00, 0x01, 0x07, 0x02, 0xff, 0x26, 0x00, 0x01, 0x3f, 0x01, 0xff, 0x01, 0xc0, 0x04, 0x00, 0x01, 0x03, 0x01, 0xff, 0x01, 0xfc, 0x06, 0x00,
  0x01, 0x7f, 0x01, 0xff, 0x01, 0xe0, 0x04, 0x00, 0x01, 0x07, 0x01, 0xff, 0x01, 0xfe, 0x06, 0x00, 0x01, 0x3f, 0x01, 0xff, 0x01, 0xc0, 0x04, 0x00,
  0x01, 0x03, 0x01, 0xff, 0x01, 0xfc, 0x7a, 0x00, 0x01, 0x0f, 0x01, 0xf8, 0x67, 0x00, 0x4e, 0x00, 0x01, 0x07, 0x01, 0xf0, 0x0f, 0x00, 0x01, 0x20,
  0x0f, 0x00, 0x01, 0x40, 0x0f, 0x00, 0x01, 0x80, 0x0e, 0x00, 0x01, 0x01, 0x0f, 0x00, 0x01, 0x02, 0x0f, 0x00, 0x01, 0x07, 0x01, 0xf0, 0x23, 0x00,
  0x01, 0x70, 0x01, 0x00, 0x01, 0x38, 0x04, 0x00, 0x01, 0x07, 0x01, 0x00, 0x01, 0x03, 0x01, 0x87, 0x01, 0xe0, 0x04, 0x00, 0x01, 0x78, 0x01, 0x00,
  0x01, 0x78, 0x04, 0x00, 0x01, 0x07, 0x01, 0x80, 0x01, 0x07, 0x01, 0x80, 0x01, 0x40, 0x04, 0x00, 0x01, 0x3f, 0x01, 0x03, 0x01, 0xf0, 0x04, 0x00,
  0x01, 0x03, 0x01, 0xf0, 0x01, 0x3f, 0x01, 0x00, 0x01, 0x80, 0x04, 0x00, 0x01, 0x0f, 0x01, 0xff, 0x01, 0xc0, 0x05, 0x00, 0x01, 0xff, 0x01, 0xfc,
  0x01, 0x01, 0x05, 0x00, 0x01, 0x01, 0x01, 0xfe, 0x06, 0x00, 0x01, 0x1f, 0x01, 0xe0, 0x01, 0x02, 0x0f, 0x00, 0x01, 0x07, 0x01, 0xe0, 0x48, 0x00,
  0x01, 0x20, 0x01, 0x02, 0x0e, 0x00, 0x01, 0x10, 0x01, 0x84, 0x0e, 0x00, 0x01, 0x10, 0x01, 0xc4, 0x0e, 0x00, 0x01, 0x0f, 0x01, 0x78, 0x57, 0x00,
  0x4e, 0x00, 0x01, 0x07, 0x01, 0xf0, 0x0f, 0x00, 0x01, 0x20, 0x0f, 0x00, 0x01, 0x40, 0x0f, 0x00, 0x01, 0x80, 0x0e, 0x00, 0x01, 0x01, 0x0f, 0x00,
  0x01, 0x02, 0x0f, 0x00, 0x01, 0x07, 0x01, 0xf0, 0x2d, 0x00, 0x01, 0x07, 0x01, 0xe0, 0x04, 0x00, 0x01, 0x70, 0x01, 0x00, 0x01, 0x38, 0x04, 0x00,
  0x01, 0x07, 0x01, 0x00, 0x01, 0x03, 0x01, 0x80, 0x01, 0x40, 0x04, 0x00, 0x01, 0x78, 0x01, 0x00, 0x01, 0x78, 0x04, 0x00, 0x01, 0x07, 0x01, 0x80,
  0x01, 0x07, 0x02, 0x80, 0x04, 0x00, 0x01, 0x3f, 0x01, 0x03, 0x01, 0xf0, 0x04, 0x00, 0x01, 0x03, 0x01, 0xf0, 0x01, 0x3f, 0x01, 0x01, 0x05, 0x00,
  0x01, 0x0f, 0x01, 0xff, 0x01, 0xc0, 0x05, 0x00, 0x01, 0xff, 0x01, 0xfc, 0x01, 0x02, 0x05, 0x00, 0x01, 0x01, 0x01, 0xfe, 0x06, 0x00, 0x01, 0x1f,
  0x01, 0xe0, 0x01, 0x07, 0x01, 0xe0, 0x48, 0x00, 0x01, 0x20, 0x01, 0x02, 0x0e, 0x00, 0x01, 0x10, 0x01, 0x84, 0x0e, 0x00, 0x01, 0x10, 0x01, 0xc4,
  0x0e, 0x00, 0x01, 0x0f, 0x01, 0x78, 0x57, 0x00, 0x3e, 0x00, 0x01, 0x07, 0x01, 0xf0, 0x0f, 0x00, 0x01, 0x20, 0x0f, 0x00, 0x01, 0x40, 0x0f, 0x00,
  0x01, 0x80, 0x0e, 0x00, 0x01, 0x01, 0x0f, 0x00, 0x01, 0x02, 0x0f, 0x00, 0x01, 0x07, 0x01, 0xf0, 0x2d, 0x00, 0x01, 0x07, 0x01, 0xe0, 0x0f, 0x00,
  0x01, 0x40, 0x04, 0x00, 0x01, 0x70, 0x01, 0x00, 0x01, 0x38, 0x04, 0x00, 0x01, 0x07, 0x01, 0x00, 0x01, 0x03, 0x02, 0x80, 0x04, 0x00, 0x01, 0x78,
  0x01, 0x00, 0x01, 0x78, 0x04, 0x00, 0x01, 0x07, 0x01, 0x80, 0x01, 0x07, 0x01, 0x81, 0x05, 0x00, 0x01, 0x3f, 0x01, 0x03, 0x01, 0xf0, 0x04, 0x00,
  0x01, 0x03, 0x01, 0xf0, 0x01, 0x3f, 0x01, 0x02, 0x05, 0x00, 0x01, 0x0f, 0x01, 0xff, 0x01, 0xc0, 0x05, 0x00, 0x01, 0xff, 0x01, 0xfc, 0x01, 0x07,
  0x01, 0xe0, 0x04, 0x00, 0x01, 0x01, 0x01, 0xfe, 0x06, 0x00, 0x01, 0x1f, 0x01, 0xe0, 0x4a, 0x00, 0x01, 0x20, 0x01, 0x02, 0x0e, 0x00, 0x01, 0x10,
  0x01, 0x84, 0x0e, 0x00, 0x01, 0x10, 0x01, 0xc4, 0x0e, 0x00, 0x01, 0x0f, 0x01, 0x78, 0x57, 0x00, 0x2e, 0x00, 0x01, 0x07, 0x01, 0xf0, 0x0f, 0x00,
  0x01, 0x20, 0x0f, 0x00, 0x01, 0x40, 0x0f, 0x00, 0x01, 0x80, 0x0e, 0x00, 0x01, 0x01, 0x0f, 0x00, 0x01, 0x02, 0x0f, 0x00, 0x01, 0x07, 0x01, 0xf0,
  0x2d, 0x00, 0x01, 0x07, 0x01, 0xe0, 0x0f, 0x00, 0x01, 0x40, 0x04, 0x00, 0x01, 0x70, 0x01, 0x00, 0x01, 0x38, 0x04, 0x00, 0x01, 0x07, 0x01, 0x00,
  0x01, 0x03, 0x02, 0x80, 0x04, 0x00, 0x01, 0x78, 0x01, 0x00, 0x01, 0x78, 0x04, 0x00, 0x01, 0x07, 0x01, 0x80, 0x01, 0x07, 0x01, 0x81, 0x05, 0x00,
  0x01, 0x3f, 0x01, 0x03, 0x01, 0xf0, 0x04, 0x00, 0x01, 0x03, 0x01, 0xf0, 0x01, 0x3f, 0x01, 0x02, 0x05, 0x00, 0x01, 0x0f, 0x01, 0xff, 0x01, 0xc0,
  0x05, 0x00, 0x01, 0xff, 0x01, 0xfc, 0x01, 0x07, 0x01, 0xe0, 0x04, 0x00, 0x01, 0x01, 0x01, 0xfe, 0x06, 0x00, 0x01, 0x1f, 0x01, 0xe0, 0x5a, 0x00,
  0x01, 0x20, 0x01, 0x02, 0x0e, 0x00, 0x01, 0x10, 0x01, 0x84, 0x0e, 0x00, 0x01, 0x10, 0x01, 0xc4, 0x0e, 0x00, 0x01, 0x0f, 0x01, 0x78, 0x57, 0x00,
  0x2e, 0x00, 0x01, 0x07, 0x01, 0xf0, 0x0f, 0x00, 0x01, 0x20, 0x0f, 0x00, 0x01, 0x40, 0x0f, 0x00, 0x01, 0x80, 0x0e, 0x00, 0x01, 0x01, 0x0f, 0x00,
  0x01, 0x02, 0x0f, 0x00, 0x01, 0x07, 0x01, 0xf0, 0x2d, 0x00, 0x01, 0x07, 0x01, 0xe0, 0x04, 0x00, 0x01, 0x70, 0x01, 0x00, 0x01, 0x38, 0x04, 0x00,
  0x01, 0x07, 0x01, 0x00, 0x01, 0x03, 0x01, 0x80, 0x01, 0x40, 0x04, 0x00, 0x01, 0x78, 0x01, 0x00, 0x01, 0x78, 0x04, 0x00, 0x01, 0x07, 0x01, 0x80,
  0x01, 0x07, 0x02, 0x80, 0x04, 0x00, 0x01, 0x3f, 0x01, 0x03, 0x01, 0xf0, 0x04, 0x00, 0x01, 0x03, 0x01, 0xf0, 0x01, 0x3f, 0x01, 0x01, 0x05, 0x00,
  0x01, 0x0f, 0x01, 0xff, 0x01, 0xc0, 0x05, 0x00, 0x01, 0xff, 0x01, 0xfc, 0x01, 0x02, 0x05, 0x00, 0x01, 0x01, 0x01, 0xfe, 0x06, 0x00, 0x01, 0x1f,
  0x01, 0xe0, 0x01, 0x07, 0x01, 0xe0, 0x68, 0x00, 0x01, 0x20, 0x01, 0x02, 0x0e, 0x00, 0x01, 0x10, 0x01, 0x84, 0x0e, 0x00, 0x01, 0x10, 0x01, 0xc4,
  0x0e, 0x00, 0x01, 0x0f, 0x01, 0x78, 0x57, 0x00, 0x4e, 0x00, 0x01, 0x07, 0x01, 0xf0, 0x0f, 0x00, 0x01, 0x20, 0x0f, 0x00, 0x01, 0x40, 0x0f, 0x00,
  0x01, 0x80, 0x0e, 0x00, 0x01, 0x01, 0x0f, 0x00, 0x01, 0x02, 0x0f, 0x00, 0x01, 0x07, 0x01, 0xf0, 0x13, 0x00, 0x01, 0x70, 0x01, 0x00, 0x01, 0x38,
  0x04, 0x00, 0x01, 0x07, 0x01, 0x00, 0x01, 0x03, 0x01, 0x80, 0x05, 0x00, 0x01, 0x78, 0x01, 0x00, 0x01, 0x78, 0x04, 0x00, 0x01, 0x07, 0x01, 0x80,
  0x01, 0x07, 0x01, 0x87, 0x01, 0xe0, 0x04, 0x00, 0x01, 0x3f, 0x01, 0x03, 0x01, 0xf0, 0x04, 0x00, 0x01, 0x03, 0x01, 0xf0, 0x01, 0x3f, 0x01, 0x00,
  0x01, 0x40, 0x04, 0x00, 0x01, 0x0f, 0x01, 0xff, 0x01, 0xc0, 0x05, 0x00, 0x01, 0xff, 0x01, 0xfc, 0x01, 0x00, 0x01, 0x80, 0x04, 0x00, 0x01, 0x01,
  0x01, 0xfe, 0x06, 0x00, 0x01, 0x1f, 0x01, 0xe0, 0x01, 0x01, 0x0f, 0x00, 0x01, 0x02, 0x0f, 0x00, 0x01, 0x07, 0x01, 0xe0, 0x48, 0x00, 0x01, 0x20,
  0x01, 0x02, 0x0e, 0x00, 0x01, 0x10, 0x01, 0x84, 0x0e, 0x00, 0x01, 0x10, 0x01, 0xc4, 0x0e, 0x00, 0x01, 0x0f, 0x01, 0x78, 0x57, 0x00, 0x24, 0x00,
  0x01, 0x03, 0x01, 0xc0, 0x05, 0x00, 0x01, 0xf0, 0x08, 0x00, 0x01, 0x7f, 0x01, 0xc0, 0x05, 0x00, 0x01, 0xff, 0x01, 0x80, 0x06, 0x00, 0x01, 0x0f,
  0x01, 0xfe, 0x06, 0x00, 0x01, 0x1f, 0x01, 0xfc, 0x06, 0x00, 0x01, 0x7f, 0x01, 0xc0, 0x07, 0x00, 0x01, 0xff, 0x01, 0x80, 0x05, 0x00, 0x01, 0x78,
  0x08, 0x00, 0x01, 0x07, 0x01, 0x80, 0x16, 0x00, 0x01, 0x70, 0x06, 0x00, 0x01, 0x07, 0x07, 0x00, 0x01, 0x01, 0x01, 0xfc, 0x06, 0x00, 0x01, 0x1f,
  0x01, 0xc0, 0x06, 0x00, 0x01, 0x03, 0x01, 0xfe, 0x06, 0x00, 0x01, 0x3f, 0x01, 0xe0, 0x06, 0x00, 0x01, 0x07, 0x01, 0xff, 0x06, 0x00, 0x01, 0x7f,
  0x01, 0xf0, 0x06, 0x00, 0x01, 0x0f, 0x01, 0xff, 0x01, 0x80, 0x05, 0x00, 0x01, 0xff, 0x01, 0xf8, 0x06, 0x00, 0x01, 0x0f, 0x01, 0xff, 0x01, 0x80,
  0x05, 0x00, 0x01, 0xff, 0x01, 0xf8, 0x06, 0x00, 0x01, 0x0f, 0x01, 0xff, 0x01, 0x80, 0x05, 0x00, 0x01, 0xff, 0x01, 0xf8, 0x06, 0x00, 0x01, 0x19,
  0x01, 0xff, 0x01, 0xc0, 0x04, 0x00, 0x01, 0x01, 0x01, 0x9f, 0x01, 0xfc, 0x06, 0x00, 0x01, 0x19, 0x01, 0xff, 0x01, 0xc0, 0x04, 0x00, 0x01, 0x01,
  0x01, 0x9f, 0x01, 0xfc, 0x06, 0x00, 0x01, 0x19, 0x01, 0xff, 0x01, 0xc0, 0x04, 0x00, 0x01, 0x01, 0x01, 0x9f, 0x01, 0xfc, 0x06, 0x00, 0x01, 0x09,
  0x01, 0xff, 0x01, 0x80, 0x05, 0x00, 0x01, 0x9f, 0x01, 0xf8, 0x06, 0x00, 0x01, 0x0f, 0x01, 0xff, 0x01, 0x80, 0x05, 0x00, 0x01, 0xff, 0x01, 0xf8,
  0x06, 0x00, 0x01, 0x2f, 0x01, 0xff, 0x01, 0x80, 0x05, 0x00, 0x01, 0xff, 0x01, 0xf8, 0x06, 0x00, 0x01, 0x57, 0x01, 0xff, 0x06, 0x00, 0x01, 0x7f,
  0x01, 0xf0, 0x06, 0x00, 0x01, 0x53, 0x01, 0xfe, 0x06, 0x00, 0x01, 0x3f, 0x01, 0xe0, 0x06, 0x00, 0x01, 0xf9, 0x01, 0xfc, 0x06, 0x00, 0x01, 0x1f,
  0x01, 0xc0, 0x06, 0x00, 0x01, 0xf8, 0x01, 0x70, 0x02, 0x00, 0x01, 0x03, 0x01, 0xf0, 0x02, 0x00, 0x01, 0x07, 0x07, 0x00, 0x01, 0xf8, 0x03, 0x00,
  0x01, 0x0c, 0x01, 0x18, 0x0a, 0x00, 0x01, 0x98, 0x03, 0x00, 0x01, 0x18, 0x01, 0x0c, 0x0a, 0x00, 0x01, 0x60, 0x03, 0x00, 0x01, 0x10, 0x01, 0x04,
  0x47, 0x00, 0x24, 0x00, 0x01, 0x03, 0x01, 0xc0, 0x05, 0x00, 0x01, 0xf0, 0x08, 0x00, 0x01, 0x7f, 0x01, 0xc0, 0x05, 0x00, 0x01, 0xff, 0x01, 0x80,
  0x06, 0x00, 0x01, 0x0f, 0x01, 0xfe, 0x06, 0x00, 0x01, 0x1f, 0x01, 0xfc, 0x06, 0x00, 0x01, 0x7f, 0x01, 0xc0, 0x07, 0x00, 0x01, 0xff, 0x01, 0x80,
  0x05, 0x00, 0x01, 0x78, 0x08, 0x00, 0x01, 0x07, 0x01, 0x80, 0x16, 0x00, 0x01, 0x70, 0x06, 0x00, 0x01, 0x07, 0x07, 0x00, 0x01, 0x01, 0x01, 0xfc,
  0x06, 0x00, 0x01, 0x1f, 0x01, 0xc0, 0x06, 0x00, 0x01, 0x03, 0x01, 0xfe, 0x06, 0x00, 0x01, 0x3f, 0x01, 0xe0, 0x06, 0x00, 0x01, 0x07, 0x01, 0xff,
  0x06, 0x00, 0x01, 0x7f, 0x01, 0xf0, 0x06, 0x00, 0x01, 0x0f, 0x01, 0xff, 0x01, 0x80, 0x05, 0x00, 0x01, 0xff, 0x01, 0xf8, 0x06, 0x00, 0x01, 0x0f,
  0x01, 0xff, 0x01, 0x80, 0x05, 0x00, 0x01, 0xff, 0x01, 0xf8, 0x06, 0x00, 0x01, 0x0f, 0x01, 0xff, 0x01, 0x80, 0x05, 0x00, 0x01, 0xff, 0x01, 0xf8,
  0x06, 0x00, 0x01, 0x19, 0x01, 0xff, 0x01, 0xc0, 0x04, 0x00, 0x01, 0x01, 0x01, 0x9f, 0x01, 0xfc, 0x06, 0x00, 0x01, 0x19, 0x01, 0xff, 0x01, 0xc0,
  0x04, 0x00, 0x01, 0x01, 0x01, 0x9f, 0x01, 0xfc, 0x06, 0x00, 0x01, 0x19, 0x01, 0xff, 0x01, 0xc0, 0x04, 0x00, 0x01, 0x01, 0x01, 0x9f, 0x01, 0xfc,
  0x06, 0x00, 0x01, 0x09, 0x01, 0xff, 0x01, 0x80, 0x05, 0x00, 0x01, 0x9f, 0x01, 0xf8, 0x06, 0x00, 0x01, 0x0f, 0x01, 0xff, 0x01, 0x80, 0x05, 0x00,
  0x01, 0xff, 0x01, 0xf8, 0x06, 0x00, 0x01, 0x0f, 0x01, 0xff, 0x01, 0x80, 0x05, 0x00, 0x01, 0xff, 0x01, 0xf8, 0x06, 0x00, 0x01, 0x27, 0x01, 0xff,
  0x06, 0x00, 0x01, 0x7f, 0x01, 0xf0, 0x06, 0x00, 0x01, 0x53, 0x01, 0xfe, 0x06, 0x00, 0x01, 0x3f, 0x01, 0xe0, 0x06, 0x00, 0x01, 0x51, 0x01, 0xfc,
  0x06, 0x00, 0x01, 0x1f, 0x01, 0xc0, 0x06, 0x00, 0x01, 0xf8, 0x01, 0x70, 0x02, 0x00, 0x01, 0x03, 0x01, 0xf0, 0x02, 0x00, 0x01, 0x07, 0x07, 0x00,
  0x01, 0xf8, 0x03, 0x00, 0x01, 0x0c, 0x01, 0x18, 0x0a, 0x00, 0x01, 0xf8, 0x03, 0x00, 0x01, 0x18, 0x01, 0x0c, 0x0a, 0x00, 0x01, 0x98, 0x03, 0x00,
  0x01, 0x10, 0x01, 0x04, 0x0a, 0x00, 0x01, 0x60, 0x3c, 0x00, 0x24, 0x00, 0x01, 0x03, 0x01, 0xc0, 0x05, 0x00, 0x01, 0xf0, 0x08, 0x00, 0x01, 0x7f,
  0x01, 0xc0, 0x05, 0x00, 0x01, 0xff, 0x01, 0x80, 0x06, 0x00, 0x01, 0x0f, 0x01, 0xfe, 0x06, 0x00, 0x01, 0x1f, 0x01, 0xfc, 0x06, 0x00, 0x01, 0x7f,
  0x01, 0xc0, 0x07, 0x00, 0x01, 0xff, 0x01, 0x80, 0x05, 0x00, 0x01, 0x78, 0x08, 0x00, 0x01, 0x07, 0x01, 0x80, 0x16, 0x00, 0x01, 0x70, 0x06, 0x00,
  0x01, 0x07, 0x07, 0x00, 0x01, 0x01, 0x01, 0xfc, 0x06, 0x00, 0x01, 0x1f, 0x01, 0xc0, 0x06, 0x00, 0x01, 0x03, 0x01, 0xfe, 0x06, 0x00, 0x01, 0x3f,
  0x01, 0xe0, 0x06, 0x00, 0x01, 0x07, 0x01, 0xff, 0x06, 0x00, 0x01, 0x7f, 0x01, 0xf0, 0x06, 0x00, 0x01, 0x0f, 0x01, 0xff, 0x01, 0x80, 0x05, 0x00,
  0x01, 0xff, 0x01, 0xf8, 0x06, 0x00, 0x01, 0x0f, 0x01, 0xff, 0x01, 0x80, 0x05, 0x00, 0x01, 0xff, 0x01, 0xf8, 0x06, 0x00, 0x01, 0x0f, 0x01, 0xff,
  0x01, 0x80, 0x05, 0x00, 0x01, 0xff, 0x01, 0xf8, 0x06, 0x00, 0x01, 0x19, 0x01, 0xff, 0x01, 0xc0, 0x04, 0x00, 0x01, 0x01, 0x01, 0x9f, 0x01, 0xfc,
  0x06, 0x00, 0x01, 0x19, 0x01, 0xff, 0x01, 0xc0, 0x04, 0x00, 0x01, 0x01, 0x01, 0x9f, 0x01, 0xfc, 0x06, 0x00, 0x01, 0x19, 0x01, 0xff, 0x01, 0xc0,
  0x04, 0x00, 0x01, 0x01, 0x01, 0x9f, 0x01, 0xfc, 0x06, 0x00, 0x01, 0x09, 0x01, 0xff, 0x01, 0x80, 0x05, 0x00, 0x01, 0x9f, 0x01, 0xf8, 0x06, 0x00,
  0x01, 0x2f, 0x01, 0xff, 0x01, 0x80, 0x05, 0x00, 0x01, 0xff, 0x01, 0xf8, 0x06, 0x00, 0x01, 0x5f, 0x01, 0xff, 0x01, 0x80, 0x05, 0x00, 0x01, 0xff,
  0x01, 0xf8, 0x06, 0x00, 0x01, 0x57, 0x01, 0xff, 0x06, 0x00, 0x01, 0x7f, 0x01, 0xf0, 0x06, 0x00, 0x01, 0xfb, 0x01, 0xfe, 0x06, 0x00, 0x01, 0x3f,
  0x01, 0xe0, 0x06, 0x00, 0x01, 0xf9, 0x01, 0xfc, 0x06, 0x00, 0x01, 0x1f, 0x01, 0xc0, 0x06, 0x00, 0x01, 0xf8, 0x01, 0x70, 0x02, 0x00, 0x01, 0x03,
  0x01, 0xf0, 0x02, 0x00, 0x01, 0x07, 0x07, 0x00, 0x01, 0x98, 0x03, 0x00, 0x01, 0x0c, 0x01, 0x18, 0x0a, 0x00, 0x01, 0x60, 0x03, 0x00, 0x01, 0x18,
  0x01, 0x0c, 0x0e, 0x00, 0x01, 0x10, 0x01, 0x04, 0x47, 0x00, 0x73, 0x00, 0x02, 0xff, 0x01, 0xf8, 0x04, 0x00, 0x01, 0x0f, 0x02, 0xff, 0x01, 0x80,
  0x05, 0x00, 0x02, 0xff, 0x01, 0xf8, 0x04, 0x00, 0x01, 0x0f, 0x02, 0xff, 0x01, 0x80, 0x05, 0x00, 0x02, 0xff, 0x01, 0xf8, 0x04, 0x00, 0x01, 0x0f,
  0x02, 0xff, 0x01, 0x80, 0x05, 0x00, 0x02, 0x07, 0x06, 0x00, 0x02, 0x70, 0x06, 0x00, 0x02, 0x07, 0x06, 0x00, 0x02, 0x70, 0x06, 0x00, 0x02, 0x07,
  0x06, 0x00, 0x02, 0x70, 0x06, 0x00, 0x02, 0x07, 0x06, 0x00, 0x02, 0x70, 0x06, 0x00, 0x02, 0x07, 0x06, 0x00, 0x02, 0x70, 0x06, 0x00, 0x02, 0x07,
  0x06, 0x00, 0x02, 0x70, 0x06, 0x00, 0x02, 0x07, 0x06, 0x00, 0x02, 0x70, 0x06, 0x00, 0x02, 0x07, 0x06, 0x00, 0x02, 0x70, 0x06, 0x00, 0x02, 0x07,
  0x06, 0x00, 0x02, 0x70, 0x06, 0x00, 0x02, 0x07, 0x06, 0x00, 0x02, 0x70, 0x06, 0x00, 0x02, 0x07, 0x06, 0x00, 0x02, 0x70, 0x06, 0x00, 0x02, 0x07,
  0x06, 0x00, 0x02, 0x70, 0x06, 0x00, 0x02, 0x07, 0x06, 0x00, 0x02, 0x70, 0x06, 0x00, 0x02, 0x07, 0x02, 0x00, 0x01, 0x04, 0x01, 0x10, 0x02, 0x00,
  0x02, 0x70, 0x06, 0x00, 0x02, 0x07, 0x02, 0x00, 0x01, 0x1b, 0x01, 0x6c, 0x02, 0x00, 0x02, 0x70, 0x06, 0x00, 0x02, 0x07, 0x02, 0x00, 0x01, 0x20,
  0x01, 0x82, 0x02, 0x00, 0x02, 0x70, 0x06, 0x00, 0x02, 0x07, 0x06, 0x00, 0x02, 0x70, 0x53, 0x00, 0x73, 0x00, 0x02, 0xff, 0x01, 0xf8, 0x04, 0x00,
  0x01, 0x0f, 0x02, 0xff, 0x01, 0x80, 0x05, 0x00, 0x02, 0xff, 0x01, 0xf8, 0x04, 0x00, 0x01, 0x0f, 0x02, 0xff, 0x01, 0x80, 0x05, 0x00, 0x02, 0xff,
  0x01, 0xf8, 0x04, 0x00, 0x01, 0x0f, 0x02, 0xff, 0x01, 0x80, 0x05, 0x00, 0x02, 0x07, 0x06, 0x00, 0x02, 0x70, 0x06, 0x00, 0x02, 0x07, 0x06, 0x00,
  0x02, 0x70, 0x07, 0x00, 0x01, 0x07, 0x07, 0x00, 0x01, 0x70, 0x07, 0x00, 0x01, 0x07, 0x07, 0x00, 0x01, 0x70, 0x06, 0x00, 0x02, 0x07, 0x06, 0x00,
  0x02, 0x70, 0x06, 0x00, 0x02, 0x07, 0x06, 0x00, 0x02, 0x70, 0x06, 0x00, 0x02, 0x07, 0x06, 0x00, 0x02, 0x70, 0x06, 0x00, 0x01, 0x07, 0x07, 0x00,
  0x01, 0x70, 0x07, 0x00, 0x01, 0x07, 0x07, 0x00, 0x01, 0x70, 0x07, 0x00, 0x02, 0x07, 0x06, 0x00, 0x02, 0x70, 0x06, 0x00, 0x02, 0x07, 0x06, 0x00,
  0x02, 0x70, 0x06, 0x00, 0x02, 0x07, 0x06, 0x00, 0x02, 0x70, 0x06, 0x00, 0x02, 0x07, 0x06, 0x00, 0x02, 0x70, 0x06, 0x00, 0x02, 0x07, 0x02, 0x00,
  0x01, 0x04, 0x01, 0x10, 0x02, 0x00, 0x02, 0x70, 0x06, 0x00, 0x02, 0x07, 0x02, 0x00, 0x01, 0x1b, 0x01, 0x6c, 0x02, 0x00, 0x02, 0x70, 0x06, 0x00,
  0x02, 0x07, 0x02, 0x00, 0x01, 0x20, 0x01, 0x82, 0x02, 0x00, 0x02, 0x70, 0x06, 0x00, 0x02, 0x07, 0x06, 0x00, 0x02, 0x70, 0x53, 0x00, 0x73, 0x00,
  0x02, 0xff, 0x01, 0xf8, 0x04, 0x00, 0x01, 0x0f, 0x02, 0xff, 0x01, 0x80, 0x05, 0x00, 0x02, 0xff, 0x01, 0xf8, 0x04, 0x00, 0x01, 0x0f, 0x02, 0xff,
  0x01, 0x80, 0x05, 0x00, 0x02, 0xff, 0x01, 0xf8, 0x04, 0x00, 0x01, 0x0f, 0x02, 0xff, 0x01, 0x80, 0x05, 0x00, 0x02, 0x07, 0x06, 0x00, 0x02, 0x70,
  0x06, 0x00, 0x02, 0x07, 0x06, 0x00, 0x02, 0x70, 0x06, 0x00, 0x02, 0x07, 0x06, 0x00, 0x02, 0x70, 0x07, 0x00, 0x01, 0x07, 0x07, 0x00, 0x01, 0x70,
  0x07, 0x00, 0x01, 0x07, 0x07, 0x00, 0x01, 0x70, 0x06, 0x00, 0x02, 0x07, 0x06, 0x00, 0x02, 0x70, 0x06, 0x00, 0x02, 0x07, 0x06, 0x00, 0x02, 0x70,
  0x06, 0x00, 0x02, 0x07, 0x06, 0x00, 0x02, 0x70, 0x06, 0x00, 0x01, 0x07, 0x07, 0x00, 0x01, 0x70, 0x07, 0x00, 0x01, 0x07, 0x07, 0x00, 0x01, 0x70,
  0x07, 0x00, 0x02, 0x07, 0x06, 0x00, 0x02, 0x70, 0x06, 0x00, 0x02, 0x07, 0x06, 0x00, 0x02, 0x70, 0x06, 0x00, 0x02, 0x07, 0x06, 0x00, 0x02, 0x70,
  0x06, 0x00, 0x02, 0x07, 0x02, 0x00, 0x01, 0x04, 0x01, 0x10, 0x02, 0x00, 0x02, 0x70, 0x06, 0x00, 0x02, 0x07, 0x02, 0x00, 0x01, 0x1b, 0x01, 0x6c,
  0x02, 0x00, 0x02, 0x70, 0x06, 0x00, 0x02, 0x07, 0x02, 0x00, 0x01, 0x20, 0x01, 0x82, 0x02, 0x00, 0x02, 0x70, 0x06, 0x00, 0x02, 0x07, 0x06, 0x00,
  0x02, 0x70, 0x53, 0x00, 0x73, 0x00, 0x02, 0xff, 0x01, 0xf8, 0x04, 0x00, 0x01, 0x0f, 0x02, 0xff, 0x01, 0x80, 0x05, 0x00, 0x02, 0xff, 0x01, 0xf8,
  0x04, 0x00, 0x01, 0x0f, 0x02, 0xff, 0x01, 0x80, 0x05, 0x00, 0x02, 0xff, 0x01, 0xf8, 0x04, 0x00, 0x01, 0x0f, 0x02, 0xff, 0x01, 0x80, 0x05, 0x00,
  0x02, 0x07, 0x06, 0x00, 0x02, 0x70, 0x06, 0x00, 0x02, 0x07, 0x06, 0x00, 0x02, 0x70, 0x06, 0x00, 0x02, 0x07, 0x06, 0x00, 0x02, 0x70, 0x06, 0x00,
  0x02, 0x07, 0x06, 0x00, 0x02, 0x70, 0x07, 0x00, 0x01, 0x07, 0x07, 0x00, 0x01, 0x70, 0x07, 0x00, 0x01, 0x07, 0x07, 0x00, 0x01, 0x70, 0x06, 0x00,
  0x02, 0x07, 0x06, 0x00, 0x02, 0x70, 0x06, 0x00, 0x02, 0x07, 0x06, 0x00, 0x02, 0x70, 0x06, 0x00, 0x02, 0x07, 0x06, 0x00, 0x02, 0x70, 0x06, 0x00,
  0x01, 0x07, 0x07, 0x00, 0x01, 0x70, 0x07, 0x00, 0x01, 0x07, 0x07, 0x00, 0x01, 0x70, 0x07, 0x00, 0x02, 0x07, 0x06, 0x00, 0x02, 0x70, 0x06, 0x00,
  0x02, 0x07, 0x06, 0x00, 0x02, 0x70, 0x06, 0x00, 0x02, 0x07, 0x02, 0x00, 0x01, 0x04, 0x01, 0x10, 0x02, 0x00, 0x02, 0x70, 0x06, 0x00, 0x02, 0x07,
  0x02, 0x00, 0x01, 0x1b, 0x01, 0x6c, 0x02, 0x00, 0x02, 0x70, 0x06, 0x00, 0x02, 0x07, 0x02, 0x00, 0x01, 0x20, 0x01, 0x82, 0x02, 0x00, 0x02, 0x70,
  0x06, 0x00, 0x02, 0x07, 0x06, 0x00, 0x02, 0x70, 0x53, 0x00, 0x73, 0x00, 0x02, 0xff, 0x01, 0xf8, 0x04, 0x00, 0x01, 0x0f, 0x02, 0xff, 0x01, 0x80,
  0x05, 0x00, 0x02, 0xff, 0x01, 0xf8, 0x04, 0x00, 0x01, 0x0f, 0x02, 0xff, 0x01, 0x80, 0x05, 0x00, 0x02, 0xff, 0x01, 0xf8, 0x04, 0x00, 0x01, 0x0f,
  0x02, 0xff, 0x01, 0x80, 0x05, 0x00, 0x02, 0x07, 0x06, 0x00, 0x02, 0x70, 0x06, 0x00, 0x02, 0x07, 0x06, 0x00, 0x02, 0x70, 0x06, 0x00, 0x02, 0x07,
  0x06, 0x00, 0x02, 0x70, 0x06, 0x00, 0x02, 0x07, 0x06, 0x00, 0x02, 0x70, 0x06, 0x00, 0x02, 0x07, 0x06, 0x00, 0x02, 0x70, 0x07, 0x00, 0x01, 0x07,
  0x07, 0x00, 0x01, 0x70, 0x07, 0x00, 0x01, 0x07, 0x07, 0x00, 0x01, 0x70, 0x06, 0x00, 0x02, 0x07, 0x06, 0x00, 0x02, 0x70, 0x06, 0x00, 0x02, 0x07,
  0x06, 0x00, 0x02, 0x70, 0x06, 0x00, 0x02, 0x07, 0x06, 0x00, 0x02, 0x70, 0x06, 0x00, 0x01, 0x07, 0x07, 0x00, 0x01, 0x70, 0x07, 0x00, 0x01, 0x07,
  0x07, 0x00, 0x01, 0x70, 0x07, 0x00, 0x02, 0x07, 0x06, 0x00, 0x02, 0x70, 0x06, 0x00, 0x02, 0x07, 0x02, 0x00, 0x01, 0x04, 0x01, 0x10, 0x02, 0x00,
  0x02, 0x70, 0x06, 0x00, 0x02, 0x07, 0x02, 0x00, 0x01, 0x1b, 0x01, 0x6c, 0x02, 0x00, 0x02, 0x70, 0x06, 0x00, 0x02, 0x07, 0x02, 0x00, 0x01, 0x20,
  0x01, 0x82, 0x02, 0x00, 0x02, 0x70, 0x06, 0x00, 0x02, 0x07, 0x06, 0x00, 0x02, 0x70, 0x53, 0x00, 0x73, 0x00, 0x02, 0xff, 0x01, 0xf8, 0x04, 0x00,
  0x01, 0x0f, 0x02, 0xff, 0x01, 0x80, 0x05, 0x00, 0x02, 0xff, 0x01, 0xf8, 0x04, 0x00, 0x01, 0x0f, 0x02, 0xff, 0x01, 0x80, 0x05, 0x00, 0x02, 0xff,
  0x01, 0xf8, 0x04, 0x00, 0x01, 0x0f, 0x02, 0xff, 0x01, 0x80, 0x05, 0x00, 0x02, 0x07, 0x06, 0x00, 0x02, 0x70, 0x06, 0x00, 0x02, 0x07, 0x06, 0x00,
  0x02, 0x70, 0x06, 0x00, 0x02, 0x07, 0x06, 0x00, 0x02, 0x70, 0x06, 0x00, 0x02, 0x07, 0x06, 0x00, 0x02, 0x70, 0x06, 0x00, 0x02, 0x07, 0x06, 0x00,
  0x02, 0x70, 0x06, 0x00, 0x02, 0x07, 0x06, 0x00, 0x02, 0x70, 0x07, 0x00, 0x01, 0x07, 0x07, 0x00, 0x01, 0x70, 0x07, 0x00, 0x01, 0x07, 0x07, 0x00,
  0x01, 0x70, 0x06, 0x00, 0x02, 0x07, 0x06, 0x00, 0x02, 0x70, 0x06, 0x00, 0x02, 0x07, 0x06, 0x00, 0x02, 0x70, 0x06, 0x00, 0x02, 0x07, 0x06, 0x00,
  0x02, 0x70, 0x06, 0x00, 0x01, 0x07, 0x07, 0x00, 0x01, 0x70, 0x07, 0x00, 0x01, 0x07, 0x07, 0x00, 0x01, 0x70, 0x07, 0x00, 0x02, 0x07, 0x02, 0x00,
  0x01, 0x04, 0x01, 0x10, 0x02, 0x00, 0x02, 0x70, 0x06, 0x00, 0x02, 0x07, 0x02, 0x00, 0x01, 0x1b, 0x01, 0x6c, 0x02, 0x00, 0x02, 0x70, 0x06, 0x00,
  0x02, 0x07, 0x02, 0x00, 0x01, 0x20, 0x01, 0x82, 0x02, 0x00, 0x02, 0x70, 0x06, 0x00, 0x02, 0x07, 0x06, 0x00, 0x02, 0x70, 0x53, 0x00, 0x73, 0x00,
  0x02, 0xff, 0x01, 0xf8, 0x04, 0x00, 0x01, 0x0f, 0x02, 0xff, 0x01, 0x80, 0x05, 0x00, 0x02, 0xff, 0x01, 0xf8, 0x04, 0x00, 0x01, 0x0f, 0x02, 0xff,
  0x01, 0x80, 0x05, 0x00, 0x02, 0xff, 0x01, 0xf8, 0x04, 0x00, 0x01, 0x0f, 0x02, 0xff, 0x01, 0x80, 0x05, 0x00, 0x02, 0x07, 0x06, 0x00, 0x02, 0x70,
  0x06, 0x00, 0x02, 0x07, 0x06, 0x00, 0x02, 0x70, 0x06, 0x00, 0x02, 0x07, 0x06, 0x00, 0x02, 0x70, 0x06, 0x00, 0x02, 0x07, 0x06, 0x00, 0x02, 0x70,
  0x06, 0x00, 0x02, 0x07, 0x06, 0x00, 0x02, 0x70, 0x06, 0x00, 0x02, 0x07, 0x06, 0x00, 0x02, 0x70, 0x06, 0x00, 0x02, 0x07, 0x06, 0x00, 0x02, 0x70,
  0x07, 0x00, 0x01, 0x07, 0x07, 0x00, 0x01, 0x70, 0x07, 0x00, 0x01, 0x07, 0x07, 0x00, 0x01, 0x70, 0x06, 0x00, 0x02, 0x07, 0x06, 0x00, 0x02, 0x70,
  0x06, 0x00, 0x02, 0x07, 0x06, 0x00, 0x02, 0x70, 0x06, 0x00, 0x02, 0x07, 0x06, 0x00, 0x02, 0x70, 0x06, 0x00, 0x01, 0x07, 0x07, 0x00, 0x01, 0x70,
  0x07, 0x00, 0x01, 0x07, 0x03, 0x00, 0x01, 0x04, 0x01, 0x10, 0x02, 0x00, 0x01, 0x70, 0x07, 0x00, 0x02, 0x07, 0x02, 0x00, 0x01, 0x1b, 0x01, 0x6c,
  0x02, 0x00, 0x02, 0x70, 0x06, 0x00, 0x02, 0x07, 0x02, 0x00, 0x01, 0x20, 0x01, 0x82, 0x02, 0x00, 0x02, 0x70, 0x06, 0x00, 0x02, 0x07, 0x06, 0x00,
  0x02, 0x70, 0x53, 0x00, 0x73, 0x00, 0x02, 0xff, 0x01, 0xf8, 0x04, 0x00, 0x01, 0x0f, 0x02, 0xff, 0x01, 0x80, 0x05, 0x00, 0x02, 0xff, 0x01, 0xf8,
  0x04, 0x00, 0x01, 0x0f, 0x02, 0xff, 0x01, 0x80, 0x05, 0x00, 0x02, 0xff, 0x01, 0xf8, 0x04, 0x00, 0x01, 0x0f, 0x02, 0xff, 0x01, 0x80, 0x05, 0x00,
  0x02, 0x07, 0x06, 0x00, 0x02, 0x70, 0x06, 0x00, 0x02, 0x07, 0x06, 0x00, 0x02, 0x70, 0x06, 0x00, 0x02, 0x07, 0x06, 0x00, 0x02, 0x70, 0x06, 0x00,
  0x02, 0x07, 0x06, 0x00, 0x02, 0x70, 0x06, 0x00, 0x02, 0x07, 0x06, 0x00, 0x02, 0x70, 0x06, 0x00, 0x02, 0x07, 0x06, 0x00, 0x02, 0x70, 0x06, 0x00,
  0x02, 0x07, 0x06, 0x00, 0x02, 0x70, 0x06, 0x00, 0x02, 0x07, 0x06, 0x00, 0x02, 0x70, 0x07, 0x00, 0x01, 0x07, 0x07, 0x00, 0x01, 0x70, 0x07, 0x00,
  0x01, 0x07, 0x07, 0x00, 0x01, 0x70, 0x06, 0x00, 0x02, 0x07, 0x06, 0x00, 0x02, 0x70, 0x06, 0x00, 0x02, 0x07, 0x06, 0x00, 0x02, 0x70, 0x06, 0x00,
  0x02, 0x07, 0x06, 0x00, 0x02, 0x70, 0x06, 0x00, 0x01, 0x07, 0x03, 0x00, 0x01, 0x04, 0x01, 0x10, 0x02, 0x00, 0x01, 0x70, 0x07, 0x00, 0x01, 0x07,
  0x03, 0x00, 0x01, 0x1b, 0x01, 0x6c, 0x02, 0x00, 0x01, 0x70, 0x07, 0x00, 0x02, 0x07, 0x02, 0x00, 0x01, 0x20, 0x01, 0x82, 0x02, 0x00, 0x02, 0x70,
  0x06, 0x00, 0x02, 0x07, 0x06, 0x00, 0x02, 0x70, 0x53, 0x00, 0x73, 0x00, 0x02, 0xff, 0x01, 0xf8, 0x04, 0x00, 0x01, 0x0f, 0x02, 0xff, 0x01, 0x80,
  0x05, 0x00, 0x02, 0xff, 0x01, 0xf8, 0x04, 0x00, 0x01, 0x0f, 0x02, 0xff, 0x01, 0x80, 0x05, 0x00, 0x02, 0xff, 0x01, 0xf8, 0x04, 0x00, 0x01, 0x0f,
  0x02, 0xff, 0x01, 0x80, 0x05, 0x00, 0x02, 0x07, 0x06, 0x00, 0x02, 0x70, 0x06, 0x00, 0x01, 0x07, 0x07, 0x00, 0x01, 0x70, 0x07, 0x00, 0x01, 0x07,
  0x07, 0x00, 0x01, 0x70, 0x07, 0x00, 0x02, 0x07, 0x06, 0x00, 0x02, 0x70, 0x06, 0x00, 0x02, 0x07, 0x06, 0x00, 0x02, 0x70, 0x06, 0x00, 0x02, 0x07,
  0x06, 0x00, 0x02, 0x70, 0x06, 0x00, 0x02, 0x07, 0x06, 0x00, 0x02, 0x70, 0x06, 0x00, 0x02, 0x07, 0x06, 0x00, 0x02, 0x70, 0x06, 0x00, 0x02, 0x07,
  0x06, 0x00, 0x02, 0x70, 0x07, 0x00, 0x01, 0x07, 0x07, 0x00, 0x01, 0x70, 0x07, 0x00, 0x01, 0x07, 0x07, 0x00, 0x01, 0x70, 0x06, 0x00, 0x02, 0x07,
  0x06, 0x00, 0x02, 0x70, 0x06, 0x00, 0x02, 0x07, 0x06, 0x00, 0x02, 0x70, 0x06, 0x00, 0x02, 0x07, 0x02, 0x00, 0x01, 0x04, 0x01, 0x10, 0x02, 0x00,
  0x02, 0x70, 0x06, 0x00, 0x02, 0x07, 0x02, 0x00, 0x01, 0x1b, 0x01, 0x6c, 0x02, 0x00, 0x02, 0x70, 0x06, 0x00, 0x02, 0x07, 0x02, 0x00, 0x01, 0x20,
  0x01, 0x82, 0x02, 0x00, 0x02, 0x70, 0x06, 0x00, 0x02, 0x07, 0x06, 0x00, 0x02, 0x70, 0x53, 0x00, 0x73, 0x00, 0x02, 0xff, 0x01, 0xf8, 0x04, 0x00,
  0x01, 0x0f, 0x02, 0xff, 0x01, 0x80, 0x05, 0x00, 0x02, 0xff, 0x01, 0xf8, 0x04, 0x00, 0x01, 0x0f, 0x02, 0xff, 0x01, 0x80, 0x05, 0x00, 0x02, 0xff,
  0x01, 0xf8, 0x04, 0x00, 0x01, 0x0f, 0x02, 0xff, 0x01, 0x80, 0x05, 0x00, 0x02, 0x07, 0x06, 0x00, 0x02, 0x70, 0x06, 0x00, 0x02, 0x07, 0x06, 0x00,
  0x02, 0x70, 0x06, 0x00, 0x01, 0x07, 0x07, 0x00, 0x01, 0x70, 0x07, 0x00, 0x01, 0x07, 0x07, 0x00, 0x01, 0x70, 0x07, 0x00, 0x02, 0x07, 0x06, 0x00,
  0x02, 0x70, 0x06, 0x00, 0x02, 0x07, 0x06, 0x00, 0x02, 0x70, 0x06, 0x00, 0x02, 0x07, 0x06, 0x00, 0x02, 0x70, 0x06, 0x00, 0x02, 0x07, 0x06, 0x00,
  0x02, 0x70, 0x06, 0x00, 0x02, 0x07, 0x06, 0x00, 0x02, 0x70, 0x06, 0x00, 0x02, 0x07, 0x06, 0x00, 0x02, 0x70, 0x07, 0x00, 0x01, 0x07, 0x07, 0x00,
  0x01, 0x70, 0x07, 0x00, 0x01, 0x07, 0x07, 0x00, 0x01, 0x70, 0x06, 0x00, 0x02, 0x07, 0x06, 0x00, 0x02, 0x70, 0x06, 0x00, 0x02, 0x07, 0x02, 0x00,
  0x01, 0x04, 0x01, 0x10, 0x02, 0x00, 0x02, 0x70, 0x06, 0x00, 0x02, 0x07, 0x02, 0x00, 0x01, 0x1b, 0x01, 0x6c, 0x02, 0x00, 0x02, 0x70, 0x06, 0x00,
  0x02, 0x07, 0x02, 0x00, 0x01, 0x20, 0x01, 0x82, 0x02, 0x00, 0x02, 0x70, 0x06, 0x00, 0x02, 0x07, 0x06, 0x00, 0x02, 0x70, 0x53, 0x00, 0x73, 0x00,
  0x02, 0xff, 0x01, 0xf8, 0x04, 0x00, 0x01, 0x0f, 0x02, 0xff, 0x01, 0x80, 0x05, 0x00, 0x02, 0xff, 0x01, 0xf8, 0x04, 0x00, 0x01, 0x0f, 0x02, 0xff,
  0x01, 0x80, 0x05, 0x00, 0x02, 0xff, 0x01, 0xf8, 0x04, 0x00, 0x01, 0x0f, 0x02, 0xff, 0x01, 0x80, 0x05, 0x00, 0x02, 0x07, 0x06, 0x00, 0x02, 0x70,
  0x06, 0x00, 0x02, 0x07, 0x06, 0x00, 0x02, 0x70, 0x06, 0x00, 0x02, 0x07, 0x06, 0x00, 0x02, 0x70, 0x06, 0x00, 0x01, 0x07, 0x07, 0x00, 0x01, 0x70,
  0x07, 0x00, 0x01, 0x07, 0x07, 0x00, 0x01, 0x70, 0x07, 0x00, 0x02, 0x07, 0x06, 0x00, 0x02, 0x70, 0x06, 0x00, 0x02, 0x07, 0x06, 0x00, 0x02, 0x70,
  0x06, 0x00, 0x02, 0x07, 0x06, 0x00, 0x02, 0x70, 0x06, 0x00, 0x02, 0x07, 0x06, 0x00, 0x02, 0x70, 0x06, 0x00, 0x02, 0x07, 0x06, 0x00, 0x02, 0x70,
  0x06, 0x00, 0x02, 0x07, 0x06, 0x00, 0x02, 0x70, 0x07, 0x00, 0x01, 0x07, 0x07, 0x00, 0x01, 0x70, 0x07, 0x00, 0x01, 0x07, 0x07, 0x00, 0x01, 0x70,
  0x06, 0x00, 0x02, 0x07, 0x02, 0x00, 0x01, 0x04, 0x01, 0x10, 0x02, 0x00, 0x02, 0x70, 0x06, 0x00, 0x02, 0x07, 0x02, 0x00, 0x01, 0x1b, 0x01, 0x6c,
  0x02, 0x00, 0x02, 0x70, 0x06, 0x00, 0x02, 0x07, 0x02, 0x00, 0x01, 0x20, 0x01, 0x82, 0x02, 0x00, 0x02, 0x70, 0x06, 0x00, 0x02, 0x07, 0x06, 0x00,
  0x02, 0x70, 0x53, 0x00, 0x73, 0x00, 0x02, 0xff, 0x01, 0xf8, 0x04, 0x00, 0x01, 0x0f, 0x02, 0xff, 0x01, 0x80, 0x05, 0x00, 0x02, 0xff, 0x01, 0xf8,
  0x04, 0x00, 0x01, 0x0f, 0x02, 0xff, 0x01, 0x80, 0x05, 0x00, 0x02, 0xff, 0x01, 0xf8, 0x04, 0x00, 0x01, 0x0f, 0x02, 0xff, 0x01, 0x80, 0x05, 0x00,
  0x02, 0x07, 0x06, 0x00, 0x02, 0x70, 0x06, 0x00, 0x02, 0x07, 0x06, 0x00, 0x02, 0x70, 0x06, 0x00, 0x02, 0x07, 0x06, 0x00, 0x02, 0x70, 0x06, 0x00,
  0x02, 0x07, 0x06, 0x00, 0x02, 0x70, 0x06, 0x00, 0x01, 0x07, 0x07, 0x00, 0x01, 0x70, 0x07, 0x00, 0x01, 0x07, 0x07, 0x00, 0x01, 0x70, 0x07, 0x00,
  0x02, 0x07, 0x06, 0x00, 0x02, 0x70, 0x06, 0x00, 0x02, 0x07, 0x06, 0x00, 0x02, 0x70, 0x06, 0x00, 0x02, 0x07, 0x06, 0x00, 0x02, 0x70, 0x06, 0x00,
  0x02, 0x07, 0x06, 0x00, 0x02, 0x70, 0x06, 0x00, 0x02, 0x07, 0x06, 0x00, 0x02, 0x70, 0x06, 0x00, 0x02, 0x07, 0x06, 0x00, 0x02, 0x70, 0x07, 0x00,
  0x01, 0x07, 0x07, 0x00, 0x01, 0x70, 0x07, 0x00, 0x01, 0x07, 0x02, 0x00, 0x01, 0x04, 0x01, 0x10, 0x03, 0x00, 0x01, 0x70, 0x06, 0x00, 0x02, 0x07,
  0x02, 0x00, 0x01, 0x1b, 0x01, 0x6c, 0x02, 0x00, 0x02, 0x70, 0x06, 0x00, 0x02, 0x07, 0x02, 0x00, 0x01, 0x20, 0x01, 0x82, 0x02, 0x00, 0x02, 0x70,
  0x06, 0x00, 0x02, 0x07, 0x06, 0x00, 0x02, 0x70, 0x53, 0x00, 0x73, 0x00, 0x02, 0xff, 0x01, 0xf8, 0x04, 0x00, 0x01, 0x0f, 0x02, 0xff, 0x01, 0x80,
  0x05, 0x00, 0x02, 0xff, 0x01, 0xf8, 0x04, 0x00, 0x01, 0x0f, 0x02, 0xff, 0x01, 0x80, 0x05, 0x00, 0x02, 0xff, 0x01, 0xf8, 0x04, 0x00, 0x01, 0x0f,
  0x02, 0xff, 0x01, 0x80, 0x05, 0x00, 0x02, 0x07, 0x06, 0x00, 0x02, 0x70, 0x06, 0x00, 0x02, 0x07, 0x06, 0x00, 0x02, 0x70, 0x06, 0x00, 0x02, 0x07,
  0x06, 0x00, 0x02, 0x70, 0x06, 0x00, 0x02, 0x07, 0x06, 0x00, 0x02, 0x70, 0x06, 0x00, 0x02, 0x07, 0x06, 0x00, 0x02, 0x70, 0x06, 0x00, 0x01, 0x07,
  0x07, 0x00, 0x01, 0x70, 0x07, 0x00, 0x01, 0x07, 0x07, 0x00, 0x01, 0x70, 0x07, 0x00, 0x02, 0x07, 0x06, 0x00, 0x02, 0x70, 0x06, 0x00, 0x02, 0x07,
  0x06, 0x00, 0x02, 0x70, 0x06, 0x00, 0x02, 0x07, 0x06, 0x00, 0x02, 0x70, 0x06, 0x00, 0x02, 0x07, 0x06, 0x00, 0x02, 0x70, 0x06, 0x00, 0x02, 0x07,
  0x06, 0x00, 0x02, 0x70, 0x06, 0x00, 0x02, 0x07, 0x06, 0x00, 0x02, 0x70, 0x07, 0x00, 0x01, 0x07, 0x02, 0x00, 0x01, 0x04, 0x01, 0x10, 0x03, 0x00,
  0x01, 0x70, 0x07, 0x00, 0x01, 0x07, 0x02, 0x00, 0x01, 0x1b, 0x01, 0x6c, 0x03, 0x00, 0x01, 0x70, 0x06, 0x00, 0x02, 0x07, 0x02, 0x00, 0x01, 0x20,
  0x01, 0x82, 0x02, 0x00, 0x02, 0x70, 0x06, 0x00, 0x02, 0x07, 0x06, 0x00, 0x02, 0x70, 0x53, 0x00, 0x73, 0x00, 0x02, 0xff, 0x01, 0xf8, 0x04, 0x00,
  0x01, 0x0f, 0x02, 0xff, 0x01, 0x80, 0x05, 0x00, 0x02, 0xff, 0x01, 0xf8, 0x04, 0x00, 0x01, 0x0f, 0x02, 0xff, 0x01, 0x80, 0x05, 0x00, 0x02, 0xff,
  0x01, 0xf8, 0x04, 0x00, 0x01, 0x0f, 0x02, 0xff, 0x01, 0x80, 0x05, 0x00, 0x02, 0x07, 0x06, 0x00, 0x02, 0x70, 0x06, 0x00, 0x02, 0x07, 0x06, 0x00,
  0x02, 0x70, 0x06, 0x00, 0x02, 0x07, 0x06, 0x00, 0x02, 0x70, 0x06, 0x00, 0x02, 0x07, 0x06, 0x00, 0x02, 0x70, 0x06, 0x00, 0x02, 0x07, 0x06, 0x00,
  0x02, 0x70, 0x06, 0x00, 0x02, 0x07, 0x06, 0x00, 0x02, 0x70, 0x06, 0x00, 0x01, 0x07, 0x07, 0x00, 0x01, 0x70, 0x07, 0x00, 0x01, 0x07, 0x07, 0x00,
  0x01, 0x70, 0x07, 0x00, 0x02, 0x07, 0x06, 0x00, 0x02, 0x70, 0x06, 0x00, 0x02, 0x07, 0x06, 0x00, 0x02, 0x70, 0x06, 0x00, 0x02, 0x07, 0x06, 0x00,
  0x02, 0x70, 0x06, 0x00, 0x02, 0x07, 0x06, 0x00, 0x02, 0x70, 0x06, 0x00, 0x02, 0x07, 0x06, 0x00, 0x02, 0x70, 0x06, 0x00, 0x02, 0x07, 0x02, 0x00,
  0x01, 0x04, 0x01, 0x10, 0x02, 0x00, 0x02, 0x70, 0x07, 0x00, 0x01, 0x07, 0x02, 0x00, 0x01, 0x1b, 0x01, 0x6c, 0x03, 0x00, 0x01, 0x70, 0x07, 0x00,
  0x01, 0x07, 0x02, 0x00, 0x01, 0x20, 0x01, 0x82, 0x03, 0x00, 0x01, 0x70, 0x06, 0x00, 0x02, 0x07, 0x06, 0x00, 0x02, 0x70, 0x53, 0x00, 0x3e, 0x00,
  0x01, 0x22, 0x03, 0x00, 0x01, 0x07, 0x01, 0x80, 0x09, 0x00, 0x01, 0xf0, 0x01, 0x22, 0x03, 0x00, 0x01, 0x07, 0x01, 0xf0, 0x08, 0x00, 0x01, 0x07,
  0x01, 0xf0, 0x01, 0x22, 0x03, 0x00, 0x01, 0x07, 0x01, 0xfe, 0x08, 0x00, 0x01, 0x3f, 0x01, 0xf0, 0x01, 0x22, 0x03, 0x00, 0x01, 0x01, 0x01, 0xff,
  0x01, 0xc0, 0x06, 0x00, 0x01, 0x03, 0x01, 0xff, 0x01, 0xc1, 0x01, 0xe3, 0x01, 0xc0, 0x03, 0x00, 0x01, 0x3f, 0x01, 0xfc, 0x06, 0x00, 0x01, 0x1f,
  0x01, 0xfe, 0x06, 0x00, 0x01, 0x07, 0x01, 0xff, 0x01, 0x80, 0x05, 0x00, 0x01, 0xff, 0x01, 0xf0, 0x06, 0x00, 0x01, 0x0f, 0x01, 0xff, 0x01, 0xf0,
  0x04, 0x00, 0x01, 0x07, 0x01, 0xff, 0x01, 0xf0, 0x01, 0x01, 0x01, 0xe3, 0x01, 0xc0, 0x03, 0x00, 0x01, 0x3f, 0x01, 0xff, 0x01, 0xfc, 0x04, 0x00,
  0x01, 0x1f, 0x01, 0xff, 0x01, 0xfc, 0x01, 0x00, 0x01, 0x22, 0x04, 0x00, 0x01, 0x3f, 0x01, 0xff, 0x01, 0xfc, 0x04, 0x00, 0x01, 0x1f, 0x01, 0xff,
  0x01, 0xfc, 0x01, 0x00, 0x01, 0x22, 0x04, 0x00, 0x01, 0x7f, 0x01, 0xff, 0x01, 0xfc, 0x04, 0x00, 0x01, 0x1f, 0x01, 0xff, 0x01, 0xfe, 0x01, 0x00,
  0x01, 0x22, 0x04, 0x00, 0x01, 0x7f, 0x01, 0xff, 0x01, 0xe0, 0x04, 0x00, 0x01, 0x07, 0x01, 0xff, 0x01, 0xfe, 0x01, 0x00, 0x01, 0x22, 0x04, 0x00,
  0x01, 0x7f, 0x01, 0xff, 0x01, 0xe0, 0x04, 0x00, 0x01, 0x07, 0x01, 0xff, 0x01, 0xfe, 0x06, 0x00, 0x01, 0x7f, 0x01, 0xff, 0x01, 0xe0, 0x04, 0x00,
  0x01, 0x07, 0x01, 0xff, 0x01, 0xfe, 0x06, 0x00, 0x01, 0x7f, 0x01, 0xff, 0x01, 0xe0, 0x04, 0x00, 0x01, 0x07, 0x01, 0xff, 0x01, 0xfe, 0x06, 0x00,
  0x01, 0x7f, 0x01, 0xff, 0x01, 0xe0, 0x04, 0x00, 0x01, 0x07, 0x01, 0xff, 0x01, 0xfe, 0x06, 0x00, 0x01, 0x3f, 0x01, 0xff, 0x01, 0xc0, 0x04, 0x00,
  0x01, 0x03, 0x01, 0xff, 0x01, 0xfc, 0x06, 0x00, 0x01, 0x3f, 0x01, 0xff, 0x01, 0xc0, 0x04, 0x00, 0x01, 0x03, 0x01, 0xff, 0x01, 0xfc, 0x06, 0x00,
  0x01, 0x0f, 0x01, 0xff, 0x06, 0x00, 0x01, 0xff, 0x01, 0xf0, 0x2a, 0x00, 0x01, 0x03, 0x01, 0xf0, 0x0e, 0x00, 0x01, 0x0c, 0x01, 0x18, 0x0e, 0x00,
  0x01, 0x18, 0x01, 0x0c, 0x0e, 0x00, 0x01, 0x10, 0x01, 0x04, 0x47, 0x00, 0x42, 0x00, 0x01, 0x07, 0x01, 0x80, 0x09, 0x00, 0x01, 0xf0, 0x04, 0x00,
  0x01, 0x07, 0x01, 0xf0, 0x08, 0x00, 0x01, 0x07, 0x01, 0xf0, 0x04, 0x00, 0x01, 0x07, 0x01, 0xfe, 0x08, 0x00, 0x01, 0x3f, 0x01, 0xf0, 0x04, 0x00,
  0x01, 0x01, 0x01, 0xff, 0x01, 0xc0, 0x06, 0x00, 0x01, 0x03, 0x01, 0xff, 0x01, 0xc0, 0x05, 0x00, 0x01, 0x3f, 0x01, 0xfc, 0x06, 0x00, 0x01, 0x1f,
  0x01, 0xfe, 0x06, 0x00, 0x01, 0x07, 0x01, 0xff, 0x01, 0x80, 0x05, 0x00, 0x01, 0xff, 0x01, 0xf0, 0x06, 0x00, 0x01, 0x0f, 0x01, 0xff, 0x01, 0xf0,
  0x04, 0x00, 0x01, 0x07, 0x01, 0xff, 0x01, 0xf0, 0x06, 0x00, 0x01, 0x3f, 0x01, 0xff, 0x01, 0xfc, 0x04, 0x00, 0x01, 0x1f, 0x01, 0xff, 0x01, 0xfc,
  0x06, 0x00, 0x01, 0x3f, 0x01, 0xff, 0x01, 0xfc, 0x04, 0x00, 0x01, 0x1f, 0x01, 0xff, 0x01, 0xfc, 0x06, 0x00, 0x01, 0x7f, 0x01, 0xff, 0x01, 0xfc,
  0x04, 0x00, 0x01, 0x1f, 0x01, 0xff, 0x01, 0xfe, 0x06, 0x00, 0x01, 0x7f, 0x01, 0xff, 0x01, 0xe0, 0x04, 0x00, 0x01, 0x07, 0x01, 0xff, 0x01, 0xfe,
  0x06, 0x00, 0x01, 0x7f, 0x01, 0xff, 0x01, 0xe0, 0x04, 0x00, 0x01, 0x07, 0x01, 0xff, 0x01, 0xfe, 0x06, 0x00, 0x01, 0x7f, 0x01, 0xff, 0x01, 0xe0,
  0x04, 0x00, 0x01, 0x07, 0x01, 0xff, 0x01, 0xfe, 0x06, 0x00, 0x01, 0x7f, 0x01, 0xff, 0x01, 0xe0, 0x04, 0x00, 0x01, 0x07, 0x01, 0xff, 0x01, 0xfe,
  0x06, 0x00, 0x01, 0x7f, 0x01, 0xff, 0x01, 0xe0, 0x04, 0x00, 0x01, 0x07, 0x01, 0xff, 0x01, 0xfe, 0x06, 0x00, 0x01, 0x3f, 0x01, 0xff, 0x01, 0xc0,
  0x04, 0x00, 0x01, 0x03, 0x01, 0xff, 0x01, 0xfc, 0x06, 0x00, 0x01, 0x3f, 0x01, 0xff, 0x01, 0xc0, 0x04, 0x00, 0x01, 0x03, 0x01, 0xff, 0x01, 0xfc,
  0x06, 0x00, 0x01, 0x0f, 0x01, 0xff, 0x06, 0x00, 0x01, 0xff, 0x01, 0xf0, 0x2a, 0x00, 0x01, 0x03, 0x01, 0xf0, 0x0e, 0x00, 0x01, 0x0c, 0x01, 0x18,
  0x0e, 0x00, 0x01, 0x18, 0x01, 0x0c, 0x0e, 0x00, 0x01, 0x10, 0x01, 0x04, 0x47, 0x00, 0x3e, 0x00, 0x01, 0x22, 0x03, 0x00, 0x01, 0x07, 0x01, 0x80,
  0x09, 0x00, 0x01, 0xf0, 0x01, 0x22, 0x03, 0x00, 0x01, 0x07, 0x01, 0xf0, 0x08, 0x00, 0x01, 0x07, 0x01, 0xf0, 0x01, 0x22, 0x03, 0x00, 0x01, 0x07,
  0x01, 0xfe, 0x08, 0x00, 0x01, 0x3f, 0x01, 0xf0, 0x01, 0x22, 0x03, 0x00, 0x01, 0x01, 0x01, 0xff, 0x01, 0xc0, 0x06, 0x00, 0x01, 0x03, 0x01, 0xff,
  0x01, 0xc1, 0x01, 0xe3, 0x01, 0xc0, 0x03, 0x00, 0x01, 0x3f, 0x01, 0xfc, 0x06, 0x00, 0x01, 0x1f, 0x01, 0xfe, 0x06, 0x00, 0x01, 0x07, 0x01, 0xff,
  0x01, 0x80, 0x05, 0x00, 0x01, 0xff, 0x01, 0xf0, 0x07, 0x00, 0x01, 0xff, 0x01, 0xf0, 0x04, 0x00, 0x01, 0x07, 0x01, 0xff, 0x01, 0x00, 0x01, 0x01,
  0x01, 0xe3, 0x01, 0xc0, 0x04, 0x00, 0x01, 0x0f, 0x01, 0xfc, 0x04, 0x00, 0x01, 0x1f, 0x01, 0xf8, 0x02, 0x00, 0x01, 0x22, 0x05, 0x00, 0x01, 0x01,
  0x01, 0xfc, 0x04, 0x00, 0x01, 0x1f, 0x01, 0xc0, 0x02, 0x00, 0x01, 0x22, 0x06, 0x00, 0x01, 0x3c, 0x04, 0x00, 0x01, 0x1e, 0x03, 0x00, 0x01, 0x22,
  0x04, 0x00, 0x01, 0x1f, 0x01, 0xff, 0x01, 0x80, 0x04, 0x00, 0x01, 0x01, 0x01, 0xff, 0x01, 0xf8, 0x01, 0x00, 0x01, 0x22, 0x04, 0x00, 0x01, 0x3f,
  0x01, 0xff, 0x01, 0xc0, 0x04, 0x00, 0x01, 0x03, 0x01, 0xff, 0x01, 0xfc, 0x06, 0x00, 0x01, 0x7f, 0x01, 0xff, 0x01, 0xe0, 0x04, 0x00, 0x01, 0x07,
  0x01, 0xff, 0x01, 0xfe, 0x06, 0x00, 0x01, 0x3f, 0x01, 0xff, 0x01, 0xc0, 0x04, 0x00, 0x01, 0x03, 0x01, 0xff, 0x01, 0xfc, 0x06, 0x00, 0x01, 0x1f,
  0x01, 0xff, 0x01, 0x80, 0x04, 0x00, 0x01, 0x01, 0x01, 0xff, 0x01, 0xf8, 0x5a, 0x00, 0x01, 0x03, 0x01, 0xf0, 0x0e, 0x00, 0x01, 0x0c, 0x01, 0x18,
  0x0e, 0x00, 0x01, 0x18, 0x01, 0x0c, 0x0e, 0x00, 0x01, 0x10, 0x01, 0x04, 0x47, 0x00, 0x3e, 0x00, 0x01, 0x22, 0x03, 0x00, 0x01, 0x07, 0x01, 0x80,
  0x09, 0x00, 0x01, 0xf0, 0x01, 0x22, 0x03, 0x00, 0x01, 0x07, 0x01, 0xf0, 0x08, 0x00, 0x01, 0x07, 0x01, 0xf0, 0x01, 0x22, 0x03, 0x00, 0x01, 0x07,
  0x01, 0xfe, 0x08, 0x00, 0x01, 0x3f, 0x01, 0xf0, 0x01, 0x22, 0x03, 0x00, 0x01, 0x01, 0x01, 0xff, 0x01, 0xc0, 0x06, 0x00, 0x01, 0x03, 0x01, 0xff,
  0x01, 0xc1, 0x01, 0xe3, 0x01, 0xc0, 0x03, 0x00, 0x01, 0x3f, 0x01, 0xfc, 0x06, 0x00, 0x01, 0x1f, 0x01, 0xfe, 0x06, 0x00, 0x01, 0x07, 0x01, 0xff,
  0x01, 0x80, 0x05, 0x00, 0x01, 0xff, 0x01, 0xf0, 0x07, 0x00, 0x01, 0xff, 0x01, 0xf0, 0x04, 0x00, 0x01, 0x07, 0x01, 0xff, 0x01, 0x00, 0x01, 0x01,
  0x01, 0xe3, 0x01, 0xc0, 0x04, 0x00, 0x01, 0x0f, 0x01, 0xfc, 0x04, 0x00, 0x01, 0x1f, 0x01, 0xf8, 0x02, 0x00, 0x01, 0x22, 0x05, 0x00, 0x01, 0x01,
  0x01, 0xfc, 0x04, 0x00, 0x01, 0x1f, 0x01, 0xc0, 0x02, 0x00, 0x01, 0x22, 0x06, 0x00, 0x01, 0x3c, 0x04, 0x00, 0x01, 0x1e, 0x03, 0x00, 0x01, 0x22,
  0x0f, 0x00, 0x01, 0x22, 0x04, 0x00, 0x01, 0x3f, 0x01, 0xff, 0x01, 0xc0, 0x04, 0x00, 0x01, 0x03, 0x01, 0xff, 0x01, 0xfc, 0x06, 0x00, 0x01, 0x7f,
  0x01, 0xff, 0x01, 0xe0, 0x04, 0x00, 0x01, 0x07, 0x01, 0xff, 0x01, 0xfe, 0x06, 0x00, 0x01, 0x3f, 0x01, 0xff, 0x01, 0xc0, 0x04, 0x00, 0x01, 0x03,
  0x01, 0xff, 0x01, 0xfc, 0x6a, 0x00, 0x01, 0x03, 0x01, 0xf0, 0x0e, 0x00, 0x01, 0x0c, 0x01, 0x18, 0x0e, 0x00, 0x01, 0x18, 0x01, 0x0c, 0x0e, 0x00,
  0x01, 0x10, 0x01, 0x04, 0x47, 0x00, 0x3e, 0x00, 0x01, 0x22, 0x03, 0x00, 0x01, 0x07, 0x01, 0x80, 0x09, 0x00, 0x01, 0xf0, 0x01, 0x22, 0x03, 0x00,
  0x01, 0x07, 0x01, 0xf0, 0x08, 0x00, 0x01, 0x07, 0x01, 0xf0, 0x01, 0x22, 0x03, 0x00, 0x01, 0x07, 0x01, 0xfe, 0x08, 0x00, 0x01, 0x3f, 0x01, 0xf0,
  0x01, 0x22, 0x03, 0x00, 0x01, 0x01, 0x01, 0xff, 0x01, 0xc0, 0x06, 0x00, 0x01, 0x03, 0x01, 0xff, 0x01, 0xc1, 0x01, 0xe3, 0x01, 0xc0, 0x03, 0x00,
  0x01, 0x3f, 0x01, 0xfc, 0x06, 0x00, 0x01, 0x1f, 0x01, 0xfe, 0x06, 0x00, 0x01, 0x07, 0x01, 0xff, 0x01, 0x80, 0x05, 0x00, 0x01, 0xff, 0x01, 0xf0,
  0x07, 0x00, 0x01, 0xff, 0x01, 0xf0, 0x04, 0x00, 0x01, 0x07, 0x01, 0xff, 0x01, 0x00, 0x01, 0x01, 0x01, 0xe3, 0x01, 0xc0, 0x03, 0x00, 0x01, 0x0f,
  0x01, 0xff, 0x01, 0xfc, 0x04, 0x00, 0x01, 0x1f, 0x01, 0xff, 0x01, 0xf0, 0x01, 0x00, 0x01, 0x22, 0x04, 0x00, 0x01, 0x3f, 0x01, 0xff, 0x01, 0xfc,
  0x04, 0x00, 0x01, 0x1f, 0x01, 0xff, 0x01, 0xfc, 0x01, 0x00, 0x01, 0x22, 0x04, 0x00, 0x01, 0x3f, 0x01, 0xff, 0x01, 0xfc, 0x04, 0x00, 0x01, 0x1f,
  0x01, 0xff, 0x01, 0xfc, 0x01, 0x00, 0x01, 0x22, 0x04, 0x00, 0x01, 0x7f, 0x01, 0xff, 0x01, 0xe0, 0x04, 0x00, 0x01, 0x07, 0x01, 0xff, 0x01, 0xfe,
  0x01, 0x00, 0x01, 0x22, 0x04, 0x00, 0x01, 0x7f, 0x01, 0xff, 0x01, 0xe0, 0x04, 0x00, 0x01, 0x07, 0x01, 0xff, 0x01, 0xfe, 0x06, 0x00, 0x01, 0x7f,
  0x01, 0xff, 0x01, 0xe0, 0x04, 0x00, 0x01, 0x07, 0x01, 0xff, 0x01, 0xfe, 0x06, 0x00, 0x01, 0x7f, 0x01, 0xff, 0x01, 0xe0, 0x04, 0x00, 0x01, 0x07,
  0x01, 0xff, 0x01, 0xfe, 0x06, 0x00, 0x01, 0x7f, 0x01, 0xff, 0x01, 0xe0, 0x04, 0x00, 0x01, 0x07, 0x01, 0xff, 0x01, 0xfe, 0x06, 0x00, 0x01, 0x3f,
  0x01, 0xff, 0x01, 0xc0, 0x04, 0x00, 0x01, 0x03, 0x01, 0xff, 0x01, 0xfc, 0x06, 0x00, 0x01, 0x3f, 0x01, 0xff, 0x01, 0xc0, 0x04, 0x00, 0x01, 0x03,
  0x01, 0xff, 0x01, 0xfc, 0x06, 0x00, 0x01, 0x0f, 0x01, 0xff, 0x06, 0x00, 0x01, 0xff, 0x01, 0xf0, 0x2a, 0x00, 0x01, 0x03, 0x01, 0xf0, 0x0e, 0x00,
  0x01, 0x0c, 0x01, 0x18, 0x0e, 0x00, 0x01, 0x18, 0x01, 0x0c, 0x0e, 0x00, 0x01, 0x10, 0x01, 0x04, 0x47, 0x00, 0x73, 0x00, 0x01, 0x0c, 0x08, 0x00,
  0x01, 0x0c, 0x01, 0x00, 0x01, 0x08, 0x04, 0x00, 0x01, 0x0f, 0x08, 0x00, 0x01, 0x3c, 0x01, 0x00, 0x01, 0x14, 0x04, 0x00, 0x01, 0x07, 0x01, 0x80,
  0x07, 0x00, 0x01, 0x78, 0x01, 0x00, 0x01, 0x14, 0x04, 0x00, 0x01, 0x01, 0x01, 0xc0, 0x07, 0x00, 0x01, 0xe0, 0x01, 0x00, 0x01, 0x3e, 0x05, 0x00,
  0x01, 0xf0, 0x06, 0x00, 0x01, 0x03, 0x01, 0xc0, 0x01, 0x00, 0x01, 0x3e, 0x05, 0x00, 0x01, 0x78, 0x06, 0x00, 0x01, 0x07, 0x01, 0x80, 0x01, 0x00,
  0x01, 0x3e, 0x05, 0x00, 0x01, 0x1e, 0x06, 0x00, 0x01, 0x1e, 0x02, 0x00, 0x01, 0x26, 0x05, 0x00, 0x01, 0x0f, 0x06, 0x00, 0x01, 0x3c, 0x02, 0x00,
  0x01, 0x18, 0x05, 0x00, 0x01, 0x0f, 0x06, 0x00, 0x01, 0x3c, 0x08, 0x00, 0x01, 0x1e, 0x06, 0x00, 0x01, 0x1e, 0x08, 0x00, 0x01, 0x38, 0x06, 0x00,
  0x01, 0x07, 0x08, 0x00, 0x01, 0xf0, 0x06, 0x00, 0x01, 0x03, 0x01, 0xc0, 0x06, 0x00, 0x01, 0x01, 0x01, 0xe0, 0x06, 0x00, 0x01, 0x01, 0x01, 0xe0,
  0x06, 0x00, 0x01, 0x07, 0x01, 0x80, 0x07, 0x00, 0x01, 0x78, 0x06, 0x00, 0x01, 0x0f, 0x08, 0x00, 0x01, 0x3c, 0x06, 0x00, 0x01, 0x0c, 0x08, 0x00,
  0x01, 0x0c, 0x0a, 0x00, 0x01, 0x04, 0x01, 0x10, 0x0e, 0x00, 0x01, 0x1b, 0x01, 0x6c, 0x0e, 0x00, 0x01, 0x20, 0x01, 0x82, 0x67, 0x00, 0x73, 0x00,
  0x01, 0x0c, 0x08, 0x00, 0x01, 0x0c, 0x06, 0x00, 0x01, 0x0f, 0x08, 0x00, 0x01, 0x3c, 0x01, 0x00, 0x01, 0x08, 0x04, 0x00, 0x01, 0x07, 0x01, 0x80,
  0x07, 0x00, 0x01, 0x78, 0x01, 0x00, 0x01, 0x14, 0x04, 0x00, 0x01, 0x01, 0x01, 0xc0, 0x07, 0x00, 0x01, 0xe0, 0x01, 0x00, 0x01, 0x14, 0x05, 0x00,
  0x01, 0xf0, 0x06, 0x00, 0x01, 0x03, 0x01, 0xc0, 0x01, 0x00, 0x01, 0x3e, 0x05, 0x00, 0x01, 0x78, 0x06, 0x00, 0x01, 0x07, 0x01, 0x80, 0x01, 0x00,
  0x01, 0x3e, 0x05, 0x00, 0x01, 0x1e, 0x06, 0x00, 0x01, 0x1e, 0x02, 0x00, 0x01, 0x3e, 0x05, 0x00, 0x01, 0x0f, 0x06, 0x00, 0x01, 0x3c, 0x02, 0x00,
  0x01, 0x26, 0x05, 0x00, 0x01, 0x0f, 0x06, 0x00, 0x01, 0x3c, 0x02, 0x00, 0x01, 0x18, 0x05, 0x00, 0x01, 0x1e, 0x06, 0x00, 0x01, 0x1e, 0x08, 0x00,
  0x01, 0x38, 0x06, 0x00, 0x01, 0x07, 0x08, 0x00, 0x01, 0xf0, 0x06, 0x00, 0x01, 0x03, 0x01, 0xc0, 0x06, 0x00, 0x01, 0x01, 0x01, 0xe0, 0x06, 0x00,
  0x01, 0x01, 0x01, 0xe0, 0x06, 0x00, 0x01, 0x07, 0x01, 0x80, 0x07, 0x00, 0x01, 0x78, 0x06, 0x00, 0x01, 0x0f, 0x08, 0x00, 0x01, 0x3c, 0x06, 0x00,
  0x01, 0x0c, 0x08, 0x00, 0x01, 0x0c, 0x0a, 0x00, 0x01, 0x04, 0x01, 0x10, 0x0e, 0x00, 0x01, 0x1b, 0x01, 0x6c, 0x0e, 0x00, 0x01, 0x20, 0x01, 0x82,
  0x67, 0x00, 0x73, 0x00, 0x01, 0x0c, 0x08, 0x00, 0x01, 0x0c, 0x06, 0x00, 0x01, 0x0f, 0x08, 0x00, 0x01, 0x3c, 0x06, 0x00, 0x01, 0x07, 0x01, 0x80,
  0x07, 0x00, 0x01, 0x78, 0x01, 0x00, 0x01, 0x08, 0x04, 0x00, 0x01, 0x01, 0x01, 0xc0, 0x07, 0x00, 0x01, 0xe0, 0x01, 0x00, 0x01, 0x14, 0x05, 0x00,
  0x01, 0xf0, 0x06, 0x00, 0x01, 0x03, 0x01, 0xc0, 0x01, 0x00, 0x01, 0x14, 0x05, 0x00, 0x01, 0x78, 0x06, 0x00, 0x01, 0x07, 0x01, 0x80, 0x01, 0x00,
  0x01, 0x3e, 0x05, 0x00, 0x01, 0x1e, 0x06, 0x00, 0x01, 0x1e, 0x02, 0x00, 0x01, 0x3e, 0x05, 0x00, 0x01, 0x0f, 0x06, 0x00, 0x01, 0x3c, 0x02, 0x00,
  0x01, 0x3e, 0x05, 0x00, 0x01, 0x0f, 0x06, 0x00, 0x01, 0x3c, 0x02, 0x00, 0x01, 0x26, 0x05, 0x00, 0x01, 0x1e, 0x06, 0x00, 0x01, 0x1e, 0x02, 0x00,
  0x01, 0x18, 0x05, 0x00, 0x01, 0x38, 0x06, 0x00, 0x01, 0x07, 0x08, 0x00, 0x01, 0xf0, 0x06, 0x00, 0x01, 0x03, 0x01, 0xc0, 0x06, 0x00, 0x01, 0x01,
  0x01, 0xe0, 0x06, 0x00, 0x01, 0x01, 0x01, 0xe0, 0x06, 0x00, 0x01, 0x07, 0x01, 0x80, 0x07, 0x00, 0x01, 0x78, 0x06, 0x00, 0x01, 0x0f, 0x08, 0x00,
  0x01, 0x3c, 0x06, 0x00, 0x01, 0x0c, 0x08, 0x00, 0x01, 0x0c, 0x0a, 0x00, 0x01, 0x04, 0x01, 0x10, 0x0e, 0x00, 0x01, 0x1b, 0x01, 0x6c, 0x0e, 0x00,
  0x01, 0x20, 0x01, 0x82, 0x67, 0x00, 0x73, 0x00, 0x01, 0x0c, 0x08, 0x00, 0x01, 0x0c, 0x06, 0x00, 0x01, 0x0f, 0x08, 0x00, 0x01, 0x3c, 0x06, 0x00,
  0x01, 0x07, 0x01, 0x80, 0x07, 0x00, 0x01, 0x78, 0x06, 0x00, 0x01, 0x01, 0x01, 0xc0, 0x07, 0x00, 0x01, 0xe0, 0x01, 0x00, 0x01, 0x08, 0x05, 0x00,
  0x01, 0xf0, 0x06, 0x00, 0x01, 0x03, 0x01, 0xc0, 0x01, 0x00, 0x01, 0x14, 0x05, 0x00, 0x01, 0x78, 0x06, 0x00, 0x01, 0x07, 0x01, 0x80, 0x01, 0x00,
  0x01, 0x14, 0x05, 0x00, 0x01, 0x1e, 0x06, 0x00, 0x01, 0x1e, 0x02, 0x00, 0x01, 0x3e, 0x05, 0x00, 0x01, 0x0f, 0x06, 0x00, 0x01, 0x3c, 0x02, 0x00,
  0x01, 0x3e, 0x05, 0x00, 0x01, 0x0f, 0x06, 0x00, 0x01, 0x3c, 0x02, 0x00, 0x01, 0x3e, 0x05, 0x00, 0x01, 0x1e, 0x06, 0x00, 0x01, 0x1e, 0x02, 0x00,
  0x01, 0x26, 0x05, 0x00, 0x01, 0x38, 0x06, 0x00, 0x01, 0x07, 0x02, 0x00, 0x01, 0x18, 0x05, 0x00, 0x01, 0xf0, 0x06, 0x00, 0x01, 0x03, 0x01, 0xc0,
  0x06, 0x00, 0x01, 0x01, 0x01, 0xe0, 0x06, 0x00, 0x01, 0x01, 0x01, 0xe0, 0x06, 0x00, 0x01, 0x07, 0x01, 0x80, 0x07, 0x00, 0x01, 0x78, 0x06, 0x00,
  0x01, 0x0f, 0x08, 0x00, 0x01, 0x3c, 0x06, 0x00, 0x01, 0x0c, 0x08, 0x00, 0x01, 0x0c, 0x0a, 0x00, 0x01, 0x04, 0x01, 0x10, 0x0e, 0x00, 0x01, 0x1b,
  0x01, 0x6c, 0x0e, 0x00, 0x01, 0x20, 0x01, 0x82, 0x67, 0x00, 0x73, 0x00, 0x01, 0x0c, 0x08, 0x00, 0x01, 0x0c, 0x06, 0x00, 0x01, 0x0f, 0x08, 0x00,
  0x01, 0x3c, 0x06, 0x00, 0x01, 0x07, 0x01, 0x80, 0x07, 0x00, 0x01, 0x78, 0x06, 0x00, 0x01, 0x01, 0x01, 0xc0, 0x07, 0x00, 0x01, 0xe0, 0x07, 0x00,
  0x01, 0xf0, 0x06, 0x00, 0x01, 0x03, 0x01, 0xc0, 0x01, 0x00, 0x01, 0x08, 0x05, 0x00, 0x01, 0x78, 0x06, 0x00, 0x01, 0x07, 0x01, 0x80, 0x01, 0x00,
  0x01, 0x14, 0x05, 0x00, 0x01, 0x1e, 0x06, 0x00, 0x01, 0x1e, 0x02, 0x00, 0x01, 0x14, 0x05, 0x00, 0x01, 0x0f, 0x06, 0x00, 0x01, 0x3c, 0x02, 0x00,
  0x01, 0x3e, 0x05, 0x00, 0x01, 0x0f, 0x06, 0x00, 0x01, 0x3c, 0x02, 0x00, 0x01, 0x3e, 0x05, 0x00, 0x01, 0x1e, 0x06, 0x00, 0x01, 0x1e, 0x02, 0x00,
  0x01, 0x3e, 0x05, 0x00, 0x01, 0x38, 0x06, 0x00, 0x01, 0x07, 0x02, 0x00, 0x01, 0x26, 0x05, 0x00, 0x01, 0xf0, 0x06, 0x00, 0x01, 0x03, 0x01, 0xc0,
  0x01, 0x00, 0x01, 0x18, 0x04, 0x00, 0x01, 0x01, 0x01, 0xe0, 0x06, 0x00, 0x01, 0x01, 0x01, 0xe0, 0x06, 0x00, 0x01, 0x07, 0x01, 0x80, 0x07, 0x00,
  0x01, 0x78, 0x06, 0x00, 0x01, 0x0f, 0x08, 0x00, 0x01, 0x3c, 0x06, 0x00, 0x01, 0x0c, 0x08, 0x00, 0x01, 0x0c, 0x0a, 0x00, 0x01, 0x04, 0x01, 0x10,
  0x0e, 0x00, 0x01, 0x1b, 0x01, 0x6c, 0x0e, 0x00, 0x01, 0x20, 0x01, 0x82, 0x67, 0x00, 0x73, 0x00, 0x01, 0x0c, 0x08, 0x00, 0x01, 0x0c, 0x06, 0x00,
  0x01, 0x0f, 0x08, 0x00, 0x01, 0x3c, 0x06, 0x00, 0x01, 0x07, 0x01, 0x80, 0x07, 0x00, 0x01, 0x78, 0x06, 0x00, 0x01, 0x01, 0x01, 0xc0, 0x07, 0x00,
  0x01, 0xe0, 0x07, 0x00, 0x01, 0xf0, 0x06, 0x00, 0x01, 0x03, 0x01, 0xc0, 0x07, 0x00, 0x01, 0x78, 0x06, 0x00, 0x01, 0x07, 0x01, 0x80, 0x01, 0x00,
  0x01, 0x08, 0x05, 0x00, 0x01, 0x1e, 0x06, 0x00, 0x01, 0x1e, 0x02, 0x00, 0x01, 0x14, 0x05, 0x00, 0x01, 0x0f, 0x06, 0x00, 0x01, 0x3c, 0x02, 0x00,
  0x01, 0x14, 0x05, 0x00, 0x01, 0x0f, 0x06, 0x00, 0x01, 0x3c, 0x02, 0x00, 0x01, 0x3e, 0x05, 0x00, 0x01, 0x1e, 0x06, 0x00, 0x01, 0x1e, 0x02, 0x00,
  0x01, 0x3e, 0x05, 0x00, 0x01, 0x38, 0x06, 0x00, 0x01, 0x07, 0x02, 0x00, 0x01, 0x3e, 0x05, 0x00, 0x01, 0xf0, 0x06, 0x00, 0x01, 0x03, 0x01, 0xc0,
  0x01, 0x00, 0x01, 0x26, 0x04, 0x00, 0x01, 0x01, 0x01, 0xe0, 0x06, 0x00, 0x01, 0x01, 0x01, 0xe0, 0x01, 0x00, 0x01, 0x18, 0x04, 0x00, 0x01, 0x07,
  0x01, 0x80, 0x07, 0x00, 0x01, 0x78, 0x06, 0x00, 0x01, 0x0f, 0x08, 0x00, 0x01, 0x3c, 0x06, 0x00, 0x01, 0x0c, 0x08, 0x00, 0x01, 0x0c, 0x0a, 0x00,
  0x01, 0x04, 0x01, 0x10, 0x0e, 0x00, 0x01, 0x1b, 0x01, 0x6c, 0x0e, 0x00, 0x01, 0x20, 0x01, 0x82, 0x67, 0x00, 0x73, 0x00, 0x01, 0x0c, 0x08, 0x00,
  0x01, 0x0c, 0x06, 0x00, 0x01, 0x0f, 0x08, 0x00, 0x01, 0x3c, 0x06, 0x00, 0x01, 0x07, 0x01, 0x80, 0x07, 0x00, 0x01, 0x78, 0x06, 0x00, 0x01, 0x01,
  0x01, 0xc0, 0x07, 0x00, 0x01, 0xe0, 0x07, 0x00, 0x01, 0xf0, 0x06, 0x00, 0x01, 0x03, 0x01, 0xc0, 0x07, 0x00, 0x01, 0x78, 0x06, 0x00, 0x01, 0x07,
  0x01, 0x80, 0x07, 0x00, 0x01, 0x1e, 0x06, 0x00, 0x01, 0x1e, 0x02, 0x00, 0x01, 0x08, 0x05, 0x00, 0x01, 0x0f, 0x06, 0x00, 0x01, 0x3c, 0x02, 0x00,
  0x01, 0x14, 0x05, 0x00, 0x01, 0x0f, 0x06, 0x00, 0x01, 0x3c, 0x02, 0x00, 0x01, 0x14, 0x05, 0x00, 0x01, 0x1e, 0x06, 0x00, 0x01, 0x1e, 0x02, 0x00,
  0x01, 0x3e, 0x05, 0x00, 0x01, 0x38, 0x06, 0x00, 0x01, 0x07, 0x02, 0x00, 0x01, 0x3e, 0x05, 0x00, 0x01, 0xf0, 0x06, 0x00, 0x01, 0x03, 0x01, 0xc0,
  0x01, 0x00, 0x01, 0x3e, 0x04, 0x00, 0x01, 0x01, 0x01, 0xe0, 0x06, 0x00, 0x01, 0x01, 0x01, 0xe0, 0x01, 0x00, 0x01, 0x26, 0x04, 0x00, 0x01, 0x07,
  0x01, 0x80, 0x07, 0x00, 0x01, 0x78, 0x01, 0x00, 0x01, 0x18, 0x04, 0x00, 0x01, 0x0f, 0x08, 0x00, 0x01, 0x3c, 0x06, 0x00, 0x01, 0x0c, 0x08, 0x00,
  0x01, 0x0c, 0x0a, 0x00, 0x01, 0x04, 0x01, 0x10, 0x0e, 0x00, 0x01, 0x1b, 0x01, 0x6c, 0x0e, 0x00, 0x01, 0x20, 0x01, 0x82, 0x67, 0x00, 0x73, 0x00,
  0x01, 0x0c, 0x08, 0x00, 0x01, 0x0c, 0x06, 0x00, 0x01, 0x0f, 0x08, 0x00, 0x01, 0x3c, 0x06, 0x00, 0x01, 0x07, 0x01, 0x80, 0x07, 0x00, 0x01, 0x78,
  0x06, 0x00, 0x01, 0x01, 0x01, 0xc0, 0x07, 0x00, 0x01, 0xe0, 0x07, 0x00, 0x01, 0xf0, 0x06, 0x00, 0x01, 0x03, 0x01, 0xc0, 0x07, 0x00, 0x01, 0x78,
  0x06, 0x00, 0x01, 0x07, 0x01, 0x80, 0x07, 0x00, 0x01, 0x1e, 0x06, 0x00, 0x01, 0x1e, 0x08, 0x00, 0x01, 0x0f, 0x06, 0x00, 0x01, 0x3c, 0x02, 0x00,
  0x01, 0x08, 0x05, 0x00, 0x01, 0x0f, 0x06, 0x00, 0x01, 0x3c, 0x02, 0x00, 0x01, 0x14, 0x05, 0x00, 0x01, 0x1e, 0x06, 0x00, 0x01, 0x1e, 0x02, 0x00,
  0x01, 0x14, 0x05, 0x00, 0x01, 0x38, 0x06, 0x00, 0x01, 0x07, 0x02, 0x00, 0x01, 0x3e, 0x05, 0x00, 0x01, 0xf0, 0x06, 0x00, 0x01, 0x03, 0x01, 0xc0,
  0x01, 0x00, 0x01, 0x3e, 0x04, 0x00, 0x01, 0x01, 0x01, 0xe0, 0x06, 0x00, 0x01, 0x01, 0x01, 0xe0, 0x01, 0x00, 0x01, 0x3e, 0x04, 0x00, 0x01, 0x07,
  0x01, 0x80, 0x07, 0x00, 0x01, 0x78, 0x01, 0x00, 0x01, 0x26, 0x04, 0x00, 0x01, 0x0f, 0x08, 0x00, 0x01, 0x3c, 0x01, 0x00, 0x01, 0x18, 0x04, 0x00,
  0x01, 0x0c, 0x08, 0x00, 0x01, 0x0c, 0x0a, 0x00, 0x01, 0x04, 0x01, 0x10, 0x0e, 0x00, 0x01, 0x1b, 0x01, 0x6c, 0x0e, 0x00, 0x01, 0x20, 0x01, 0x82,
  0x67, 0x00, 0xb3, 0x00, 0x01, 0x70, 0x01, 0x00, 0x01, 0x38, 0x04, 0x00, 0x01, 0x07, 0x01, 0x00, 0x01, 0x03, 0x01, 0x80, 0x05, 0x00, 0x01, 0x78,
  0x01, 0x00, 0x01, 0x78, 0x04, 0x00, 0x01, 0x07, 0x01, 0x80, 0x01, 0x07, 0x01, 0x80, 0x05, 0x00, 0x01, 0x3f, 0x01, 0x03, 0x01, 0xf0, 0x04, 0x00,
  0x01, 0x03, 0x01, 0xf0, 0x01, 0x3f, 0x06, 0x00, 0x01, 0x0f, 0x01, 0xff, 0x01, 0xc0, 0x05, 0x00, 0x01, 0xff, 0x01, 0xfc, 0x06, 0x00, 0x01, 0x01,
  0x01, 0xfe, 0x06, 0x00, 0x01, 0x1f, 0x01, 0xe0, 0x45, 0x00, 0x01, 0x10, 0x01, 0x80, 0x08, 0x00, 0x01, 0x04, 0x01, 0x20, 0x04, 0x00, 0x01, 0x21,
  0x09, 0x00, 0x01, 0x08, 0x01, 0x40, 0x04, 0x00, 0x01, 0x21, 0x09, 0x00, 0x01, 0x08, 0x01, 0x40, 0x04, 0x00, 0x01, 0x42, 0x04, 0x00, 0x01, 0x20,
  0x01, 0x02, 0x03, 0x00, 0x01, 0x10, 0x01, 0x80, 0x04, 0x00, 0x01, 0x42, 0x04, 0x00, 0x01, 0x10, 0x01, 0x84, 0x03, 0x00, 0x01, 0x10, 0x01, 0x80,
  0x09, 0x00, 0x01, 0x10, 0x01, 0xc4, 0x0e, 0x00, 0x01, 0x0f, 0x01, 0x78, 0x57, 0x00, 0xb3, 0x00, 0x01, 0x70, 0x01, 0x00, 0x01, 0x38, 0x04, 0x00,
  0x01, 0x07, 0x01, 0x00, 0x01, 0x03, 0x01, 0x80, 0x05, 0x00, 0x01, 0x78, 0x01, 0x00, 0x01, 0x78, 0x04, 0x00, 0x01, 0x07, 0x01, 0x80, 0x01, 0x07,
  0x01, 0x80, 0x05, 0x00, 0x01, 0x3f, 0x01, 0x03, 0x01, 0xf0, 0x04, 0x00, 0x01, 0x03, 0x01, 0xf0, 0x01, 0x3f, 0x06, 0x00, 0x01, 0x0f, 0x01, 0xff,
  0x01, 0xc0, 0x05, 0x00, 0x01, 0xff, 0x01, 0xfc, 0x06, 0x00, 0x01, 0x01, 0x01, 0xfe, 0x06, 0x00, 0x01, 0x1f, 0x01, 0xe0, 0x7a, 0x00, 0x01, 0x20,
  0x01, 0x02, 0x0e, 0x00, 0x01, 0x10, 0x01, 0x84, 0x0e, 0x00, 0x01, 0x10, 0x01, 0xc4, 0x0e, 0x00, 0x01, 0x0f, 0x01, 0x78, 0x57, 0x00, 0x73, 0x00,
  0x01, 0x07, 0x01, 0x0e, 0x06, 0x00, 0x01, 0x70, 0x01, 0xe0, 0x06, 0x00, 0x01, 0x0f, 0x01, 0x9f, 0x06, 0x00, 0x01, 0xf9, 0x01, 0xf0, 0x04, 0x00,
  0x01, 0x02, 0x01, 0x00, 0x01, 0x1f, 0x01, 0xff, 0x01, 0x80, 0x04, 0x00, 0x01, 0x01, 0x01, 0xff, 0x01, 0xf8, 0x04, 0x00, 0x01, 0x06, 0x01, 0x00,
  0x01, 0x1f, 0x01, 0xff, 0x01, 0x80, 0x04, 0x00, 0x01, 0x01, 0x01, 0xff, 0x01, 0xf8, 0x04, 0x00, 0x01, 0x0f, 0x01, 0x80, 0x01, 0x1f, 0x01, 0xff,
  0x01, 0x80, 0x04, 0x00, 0x01, 0x01, 0x01, 0xff, 0x01, 0xf8, 0x04, 0x00, 0x01, 0x03, 0x01, 0x00, 0x01, 0x1f, 0x01, 0xff, 0x01, 0x80, 0x04, 0x00,
  0x01, 0x01, 0x01, 0xff, 0x01, 0xf8, 0x04, 0x00, 0x01, 0x02, 0x01, 0x00, 0x01, 0x1f, 0x01, 0xff, 0x01, 0x80, 0x04, 0x00, 0x01, 0x01, 0x01, 0xff,
  0x01, 0xf8, 0x06, 0x00, 0x01, 0x0f, 0x01, 0xff, 0x06, 0x00, 0x01, 0xff, 0x01, 0xf0, 0x06, 0x00, 0x01, 0x07, 0x01, 0xfe, 0x06, 0x00, 0x01, 0x7f,
  0x01, 0xe0, 0x06, 0x00, 0x01, 0x03, 0x01, 0xfc, 0x06, 0x00, 0x01, 0x3f, 0x01, 0xc0, 0x06, 0x00, 0x01, 0x01, 0x01, 0xf8, 0x06, 0x00, 0x01, 0x1f,
  0x01, 0x80, 0x07, 0x00, 0x01, 0xf0, 0x06, 0x00, 0x01, 0x0f, 0x08, 0x00, 0x01, 0x60, 0x06, 0x00, 0x01, 0x06, 0x12, 0x00, 0x01, 0x40, 0x0f, 0x00,
  0x01, 0xc0, 0x0e, 0x00, 0x01, 0x01, 0x01, 0xf0, 0x08, 0x00, 0x01, 0x20, 0x01, 0x02, 0x05, 0x00, 0x01, 0x60, 0x08, 0x00, 0x01, 0x10, 0x01, 0x84,
  0x05, 0x00, 0x01, 0x40, 0x08, 0x00, 0x01, 0x10, 0x01, 0xc4, 0x0e, 0x00, 0x01, 0x0f, 0x01, 0x78, 0x57, 0x00, 0x83, 0x00, 0x01, 0x07, 0x01, 0x0e,
  0x06, 0x00, 0x01, 0x70, 0x01, 0xe0, 0x04, 0x00, 0x01, 0x02, 0x01, 0x00, 0x01, 0x0f, 0x01, 0x9f, 0x06, 0x00, 0x01, 0xf9, 0x01, 0xf0, 0x04, 0x00,
  0x01, 0x06, 0x01, 0x00, 0x01, 0x1f, 0x01, 0xff, 0x01, 0x80, 0x04, 0x00, 0x01, 0x01, 0x01, 0xff, 0x01, 0xf8, 0x04, 0x00, 0x01, 0x0f, 0x01, 0x80,
  0x01, 0x1f, 0x01, 0xff, 0x01, 0x80, 0x04, 0x00, 0x01, 0x01, 0x01, 0xff, 0x01, 0xf8, 0x04, 0x00, 0x01, 0x03, 0x01, 0x00, 0x01, 0x1f, 0x01, 0xff,
  0x01, 0x80, 0x04, 0x00, 0x01, 0x01, 0x01, 0xff, 0x01, 0xf8, 0x04, 0x00, 0x01, 0x02, 0x01, 0x00, 0x01, 0x1f, 0x01, 0xff, 0x01, 0x80, 0x04, 0x00,
  0x01, 0x01, 0x01, 0xff, 0x01, 0xf8, 0x06, 0x00, 0x01, 0x1f, 0x01, 0xff, 0x01, 0x80, 0x04, 0x00, 0x01, 0x01, 0x01, 0xff, 0x01, 0xf8, 0x06, 0x00,
  0x01, 0x0f, 0x01, 0xff, 0x06, 0x00, 0x01, 0xff, 0x01, 0xf0, 0x06, 0x00, 0x01, 0x07, 0x01, 0xfe, 0x06, 0x00, 0x01, 0x7f, 0x01, 0xe0, 0x06, 0x00,
  0x01, 0x03, 0x01, 0xfc, 0x06, 0x00, 0x01, 0x3f, 0x01, 0xc0, 0x06, 0x00, 0x01, 0x01, 0x01, 0xf8, 0x06, 0x00, 0x01, 0x1f, 0x01, 0x80, 0x07, 0x00,
  0x01, 0xf0, 0x06, 0x00, 0x01, 0x0f, 0x08, 0x00, 0x01, 0x60, 0x06, 0x00, 0x01, 0x06, 0x02, 0x00, 0x01, 0x40, 0x0f, 0x00, 0x01, 0xc0, 0x0e, 0x00,
  0x01, 0x01, 0x01, 0xf0, 0x08, 0x00, 0x01, 0x20, 0x01, 0x02, 0x05, 0x00, 0x01, 0x60, 0x08, 0x00, 0x01, 0x10, 0x01, 0x84, 0x05, 0x00, 0x01, 0x40,
  0x08, 0x00, 0x01, 0x10, 0x01, 0xc4, 0x0e, 0x00, 0x01, 0x0f, 0x01, 0x78, 0x57, 0x00, 0x73, 0x00, 0x01, 0x07, 0x01, 0x0e, 0x06, 0x00, 0x01, 0x70,
  0x01, 0xe0, 0x06, 0x00, 0x01, 0x0f, 0x01, 0x9f, 0x06, 0x00, 0x01, 0xf9, 0x01, 0xf0, 0x06, 0x00, 0x01, 0x1f, 0x01, 0xff, 0x01, 0x80, 0x04, 0x00,
  0x01, 0x01, 0x01, 0xff, 0x01, 0xf8, 0x06, 0x00, 0x01, 0x1f, 0x01, 0xff, 0x01, 0x80, 0x04, 0x00, 0x01, 0x01, 0x01, 0xff, 0x01, 0xf8, 0x06, 0x00,
  0x01, 0x1f, 0x01, 0xff, 0x01, 0x80, 0x04, 0x00, 0x01, 0x01, 0x01, 0xff, 0x01, 0xf8, 0x06, 0x00, 0x01, 0x1f, 0x01, 0xff, 0x01, 0x80, 0x04, 0x00,
  0x01, 0x01, 0x01, 0xff, 0x01, 0xf8, 0x06, 0x00, 0x01, 0x1f, 0x01, 0xff, 0x01, 0x80, 0x04, 0x00, 0x01, 0x01, 0x01, 0xff, 0x01, 0xf8, 0x06, 0x00,
  0x01, 0x0f, 0x01, 0xff, 0x06, 0x00, 0x01, 0xff, 0x01, 0xf0, 0x06, 0x00, 0x01, 0x07, 0x01, 0xfe, 0x06, 0x00, 0x01, 0x7f, 0x01, 0xe0, 0x06, 0x00,
  0x01, 0x03, 0x01, 0xfc, 0x06, 0x00, 0x01, 0x3f, 0x01, 0xc0, 0x06, 0x00, 0x01, 0x01, 0x01, 0xf8, 0x06, 0x00, 0x01, 0x1f, 0x01, 0x80, 0x07, 0x00,
  0x01, 0xf0, 0x06, 0x00, 0x01, 0x0f, 0x08, 0x00, 0x01, 0x60, 0x06, 0x00, 0x01, 0x06, 0x3b, 0x00, 0x01, 0x20, 0x01, 0x02, 0x0e, 0x00, 0x01, 0x10,
  0x01, 0x84, 0x0e, 0x00, 0x01, 0x10, 0x01, 0xc4, 0x0e, 0x00, 0x01, 0x0f, 0x01, 0x78, 0x57, 0x00, 0x63, 0x00, 0x01, 0x07, 0x01, 0x0e, 0x06, 0x00,
  0x01, 0x70, 0x01, 0xe0, 0x06, 0x00, 0x01, 0x0f, 0x01, 0x9f, 0x06, 0x00, 0x01, 0xf9, 0x01, 0xf0, 0x06, 0x00, 0x01, 0x1f, 0x01, 0xff, 0x01, 0x80,
  0x04, 0x00, 0x01, 0x01, 0x01, 0xff, 0x01, 0xf8, 0x06, 0x00, 0x01, 0x1f, 0x01, 0xff, 0x01, 0x80, 0x04, 0x00, 0x01, 0x01, 0x01, 0xff, 0x01, 0xf8,
  0x06, 0x00, 0x01, 0x1f, 0x01, 0xff, 0x01, 0x80, 0x04, 0x00, 0x01, 0x01, 0x01, 0xff, 0x01, 0xf8, 0x06, 0x00, 0x01, 0x1f, 0x01, 0xff, 0x01, 0x80,
  0x04, 0x00, 0x01, 0x01, 0x01, 0xff, 0x01, 0xf8, 0x06, 0x00, 0x01, 0x1f, 0x01, 0xff, 0x01, 0x80, 0x04, 0x00, 0x01, 0x01, 0x01, 0xff, 0x01, 0xf8,
  0x06, 0x00, 0x01, 0x0f, 0x01, 0xff, 0x06, 0x00, 0x01, 0xff, 0x01, 0xf0, 0x06, 0x00, 0x01, 0x07, 0x01, 0xfe, 0x06, 0x00, 0x01, 0x7f, 0x01, 0xe0,
  0x06, 0x00, 0x01, 0x03, 0x01, 0xfc, 0x06, 0x00, 0x01, 0x3f, 0x01, 0xc0, 0x06, 0x00, 0x01, 0x01, 0x01, 0xf8, 0x06, 0x00, 0x01, 0x1f, 0x01, 0x80,
  0x07, 0x00, 0x01, 0xf0, 0x06, 0x00, 0x01, 0x0f, 0x08, 0x00, 0x01, 0x60, 0x06, 0x00, 0x01, 0x06, 0x4b, 0x00, 0x01, 0x20, 0x01, 0x02, 0x0e, 0x00,
  0x01, 0x10, 0x01, 0x84, 0x0e, 0x00, 0x01, 0x10, 0x01, 0xc4, 0x0e, 0x00, 0x01, 0x0f, 0x01, 0x78, 0x57, 0x00, 0x83, 0x00, 0x01, 0x07, 0x01, 0x0e,
  0x06, 0x00, 0x01, 0x70, 0x01, 0xe0, 0x06, 0x00, 0x01, 0x0f, 0x01, 0x9f, 0x06, 0x00, 0x01, 0xf9, 0x01, 0xf0, 0x06, 0x00, 0x01, 0x1f, 0x01, 0xff,
  0x01, 0x80, 0x04, 0x00, 0x01, 0x01, 0x01, 0xff, 0x01, 0xf8, 0x06, 0x00, 0x01, 0x1f, 0x01, 0xff, 0x01, 0x80, 0x04, 0x00, 0x01, 0x01, 0x01, 0xff,
  0x01, 0xf8, 0x06, 0x00, 0x01, 0x1f, 0x01, 0xff, 0x01, 0x80, 0x04, 0x00, 0x01, 0x01, 0x01, 0xff, 0x01, 0xf8, 0x06, 0x00, 0x01, 0x1f, 0x01, 0xff,
  0x01, 0x80, 0x04, 0x00, 0x01, 0x01, 0x01, 0xff, 0x01, 0xf8, 0x06, 0x00, 0x01, 0x1f, 0x01, 0xff, 0x01, 0x80, 0x04, 0x00, 0x01, 0x01, 0x01, 0xff,
  0x01, 0xf8, 0x06, 0x00, 0x01, 0x0f, 0x01, 0xff, 0x06, 0x00, 0x01, 0xff, 0x01, 0xf0, 0x06, 0x00, 0x01, 0x07, 0x01, 0xfe, 0x06, 0x00, 0x01, 0x7f,
  0x01, 0xe0, 0x06, 0x00, 0x01, 0x03, 0x01, 0xfc, 0x06, 0x00, 0x01, 0x3f, 0x01, 0xc0, 0x06, 0x00, 0x01, 0x01, 0x01, 0xf8, 0x06, 0x00, 0x01, 0x1f,
  0x01, 0x80, 0x07, 0x00, 0x01, 0xf0, 0x06, 0x00, 0x01, 0x0f, 0x08, 0x00, 0x01, 0x60, 0x06, 0x00, 0x01, 0x06, 0x2b, 0x00, 0x01, 0x20, 0x01, 0x02,
  0x0e, 0x00, 0x01, 0x10, 0x01, 0x84, 0x0e, 0x00, 0x01, 0x10, 0x01, 0xc4, 0x0e, 0x00, 0x01, 0x0f, 0x01, 0x78, 0x57, 0x00, 0x63, 0x00, 0x01, 0x07,
  0x01, 0x0e, 0x06, 0x00, 0x01, 0x70, 0x01, 0xe0, 0x06, 0x00, 0x01, 0x0f, 0x01, 0x9f, 0x06, 0x00, 0x01, 0xf9, 0x01, 0xf0, 0x06, 0x00, 0x01, 0x1f,
  0x01, 0xff, 0x01, 0x80, 0x04, 0x00, 0x01, 0x01, 0x01, 0xff, 0x01, 0xf8, 0x04, 0x00, 0x01, 0x02, 0x01, 0x00, 0x01, 0x1f, 0x01, 0xff, 0x01, 0x80,
  0x04, 0x00, 0x01, 0x01, 0x01, 0xff, 0x01, 0xf8, 0x04, 0x00, 0x01, 0x06, 0x01, 0x00, 0x01, 0x1f, 0x01, 0xff, 0x01, 0x80, 0x04, 0x00, 0x01, 0x01,
  0x01, 0xff, 0x01, 0xf8, 0x04, 0x00, 0x01, 0x0f, 0x01, 0x80, 0x01, 0x1f, 0x01, 0xff, 0x01, 0x80, 0x04, 0x00, 0x01, 0x01, 0x01, 0xff, 0x01, 0xf8,
  0x04, 0x00, 0x01, 0x03, 0x01, 0x00, 0x01, 0x1f, 0x01, 0xff, 0x01, 0x80, 0x04, 0x00, 0x01, 0x01, 0x01, 0xff, 0x01, 0xf8, 0x04, 0x00, 0x01, 0x02,
  0x01, 0x00, 0x01, 0x0f, 0x01, 0xff, 0x06, 0x00, 0x01, 0xff, 0x01, 0xf0, 0x06, 0x00, 0x01, 0x07, 0x01, 0xfe, 0x06, 0x00, 0x01, 0x7f, 0x01, 0xe0,
  0x06, 0x00, 0x01, 0x03, 0x01, 0xfc, 0x06, 0x00, 0x01, 0x3f, 0x01, 0xc0, 0x06, 0x00, 0x01, 0x01, 0x01, 0xf8, 0x06, 0x00, 0x01, 0x1f, 0x01, 0x80,
  0x07, 0x00, 0x01, 0xf0, 0x06, 0x00, 0x01, 0x0f, 0x08, 0x00, 0x01, 0x60, 0x06, 0x00, 0x01, 0x06, 0x22, 0x00, 0x01, 0x40, 0x0f, 0x00, 0x01, 0xc0,
  0x0e, 0x00, 0x01, 0x01, 0x01, 0xf0, 0x08, 0x00, 0x01, 0x20, 0x01, 0x02, 0x05, 0x00, 0x01, 0x60, 0x08, 0x00, 0x01, 0x10, 0x01, 0x84, 0x05, 0x00,
  0x01, 0x40, 0x08, 0x00, 0x01, 0x10, 0x01, 0xc4, 0x0e, 0x00, 0x01, 0x0f, 0x01, 0x78, 0x57, 0x00,
};
const uint16_t kFrameOffsets[kUniqueFrameCount + 1] TE_EXPR_PROGMEM = {
  0, 272, 528, 788, 932, 1052, 1292, 1548, 1808, 1966, 2124, 2282,
  2482, 2664, 2906, 3216, 3398, 3690, 3982, 4274, 4568, 4862, 5026, 5186,
  5350, 5472, 5578, 5732, 6088, 6544, 6950, 7090, 7226, 7358, 7502, 7650,
  7766, 7914, 8062, 8254, 8430, 8590, 8690, 8774, 8928, 9080, 9232, 9384,
  9536, 9694, 10010, 10330, 10642, 10840, 11038, 11236, 11434, 11632, 11830, 12028,
  12226, 12424, 12622, 12820, 13018, 13216, 13414, 13740, 14030, 14294, 14526, 14850,
  15046, 15242, 15438, 15634, 15830, 16026, 16222, 16418, 16574, 16678, 16914, 17150,
  17344, 17538, 17732, 17968,
};
const uint8_t kFrameIndices[kExpressionCount][kFramesPerExpression] TE_EXPR_PROGMEM = {
  {0, 0, 1, 1, 1, 2, 2, 2, 2, 2, 2, 1, 1, 1, 3, 4, 5, 6, 6, 7, 7, 7, 7, 7, 7, 7, 0, 0, 0, 0}, // idle
  {8, 9, 9, 10, 10, 10, 9, 9, 8, 8, 8, 8, 8, 8, 8, 8, 8, 8, 8, 8, 8, 8, 8, 8, 8, 8, 8, 8, 8, 8}, // happy
  {11, 11, 11, 11, 12, 12, 12, 11, 11, 11, 11, 12, 12, 12, 11, 11, 11, 11, 12, 12, 12, 11, 11, 11, 11, 12, 11, 11, 11, 11}, // laugh
  {13, 13, 13, 13, 13, 13, 13, 13, 13, 13, 13, 13, 13, 14, 15, 4, 5, 0, 0, 0, 13, 13, 13, 13, 13, 13, 13, 13, 13, 13}, // wink
  {16, 17, 17, 18, 18, 18, 18, 18, 17, 17, 16, 16, 19, 19, 20, 20, 20, 20, 20, 19, 19, 16, 17, 17, 18, 18, 16, 16, 16, 16}, // curious
  {21, 22, 22, 22, 22, 23, 23, 23, 23, 23, 21, 21, 21, 21, 24, 25, 26, 22, 22, 22, 23, 23, 23, 23, 23, 21, 21, 21, 21, 21}, // thinking
  {27, 28, 28, 29, 29, 29, 29, 27, 27, 27, 27, 27, 27, 27, 27, 27, 27, 27, 27, 27, 27, 27, 27, 27, 27, 27, 27, 27, 27, 27}, // surprise
  {30, 31, 31, 32, 32, 32, 32, 32, 31, 31, 30, 30, 33, 33, 34, 34, 34, 34, 34, 33, 33, 30, 31, 31, 32, 32, 30, 30, 30, 30}, // smug
  {35, 36, 36, 37, 37, 37, 37, 38, 39, 39, 39, 39, 39, 40, 40, 40, 40, 40, 41, 41, 41, 41, 41, 42, 42, 42, 35, 35, 35, 35}, // sleepy
  {43, 43, 43, 44, 44, 44, 44, 45, 45, 45, 45, 45, 45, 45, 46, 46, 46, 46, 46, 47, 48, 48, 48, 48, 48, 48, 43, 43, 43, 43}, // sleep
  {49, 49, 50, 50, 50, 50, 50, 50, 50, 49, 49, 49, 49, 51, 51, 51, 51, 51, 51, 51, 49, 49, 49, 50, 50, 50, 49, 49, 49, 49}, // sad
  {52, 53, 54, 55, 55, 56, 57, 57, 58, 59, 60, 60, 61, 62, 62, 63, 64, 64, 65, 53, 54, 54, 55, 56, 56, 57, 52, 52, 52, 52}, // cry
  {66, 66, 66, 66, 66, 66, 66, 67, 67, 67, 67, 66, 66, 66, 68, 69, 70, 66, 67, 67, 67, 67, 66, 66, 66, 66, 66, 66, 66, 66}, // angry
  {71, 71, 72, 72, 73, 73, 74, 74, 75, 75, 76, 76, 77, 77, 78, 78, 71, 71, 72, 72, 73, 73, 74, 74, 75, 75, 71, 71, 71, 71}, // panic
  {79, 79, 79, 79, 79, 79, 79, 79, 79, 79, 79, 80, 80, 80, 80, 79, 79, 79, 79, 79, 79, 79, 79, 79, 79, 79, 79, 79, 79, 79}, // shy
  {81, 82, 82, 82, 81, 83, 84, 84, 84, 83, 82, 82, 82, 81, 81, 84, 84, 84, 83, 85, 82, 82, 81, 81, 86, 84, 81, 81, 81, 81}, // love
};
}}} // namespace tiny_engineer::expressions::detail
