ISO-10303-21;
HEADER;
/* Generated by software containing ST-Developer
 * from STEP Tools, Inc. (www.steptools.com) 
 */

FILE_DESCRIPTION(
/* description */ (''),
/* implementation_level */ '2;1');

FILE_NAME(
/* name */ 'LampDiffuser.step',
/* time_stamp */ '2026-09-30T17:58:31+02:00',
/* author */ (''),
/* organization */ (''),
/* preprocessor_version */ 'ST-DEVELOPER v20.2',
/* originating_system */ 'Autodesk Translation Framework v15.15.0.0',
/* authorisation */ '');

FILE_SCHEMA (('AUTOMOTIVE_DESIGN { 1 0 10303 214 3 1 1 }'));
ENDSEC;

DATA;
#10=MECHANICAL_DESIGN_GEOMETRIC_PRESENTATION_REPRESENTATION('',(#17),#4669);
#11=ITEM_DEFINED_TRANSFORMATION($,$,#1203,#1318);
#12=(
REPRESENTATION_RELATIONSHIP($,$,#4680,#4679)
REPRESENTATION_RELATIONSHIP_WITH_TRANSFORMATION(#11)
SHAPE_REPRESENTATION_RELATIONSHIP()
);
#13=CONTEXT_DEPENDENT_SHAPE_REPRESENTATION(#12,#4678);
#14=NEXT_ASSEMBLY_USAGE_OCCURRENCE('LampDiffuser:1','LampDiffuser:1',
'LampDiffuser:1',#4682,#4683,'LampDiffuser:1');
#15=SHAPE_REPRESENTATION_RELATIONSHIP('SRR','None',#4680,#16);
#16=ADVANCED_BREP_SHAPE_REPRESENTATION('',(#18),#4668);
#17=STYLED_ITEM('',(#4694),#18);
#18=MANIFOLD_SOLID_BREP('Body4',#1189);
#19=FACE_BOUND('',#310,.T.);
#20=FACE_BOUND('',#322,.T.);
#21=PLANE('',#1258);
#22=PLANE('',#1259);
#23=PLANE('',#1290);
#24=PLANE('',#1291);
#25=PLANE('',#1292);
#26=PLANE('',#1293);
#27=PLANE('',#1294);
#28=PLANE('',#1295);
#29=PLANE('',#1299);
#30=PLANE('',#1300);
#31=PLANE('',#1306);
#32=PLANE('',#1309);
#33=PLANE('',#1312);
#34=PLANE('',#1313);
#35=PLANE('',#1314);
#36=PLANE('',#1315);
#37=PLANE('',#1316);
#38=PLANE('',#1317);
#39=LINE('',#4286,#95);
#40=LINE('',#4287,#96);
#41=LINE('',#4292,#97);
#42=LINE('',#4293,#98);
#43=LINE('',#4298,#99);
#44=LINE('',#4299,#100);
#45=LINE('',#4304,#101);
#46=LINE('',#4305,#102);
#47=LINE('',#4307,#103);
#48=LINE('',#4309,#104);
#49=LINE('',#4425,#105);
#50=LINE('',#4426,#106);
#51=LINE('',#4431,#107);
#52=LINE('',#4432,#108);
#53=LINE('',#4491,#109);
#54=LINE('',#4492,#110);
#55=LINE('',#4562,#111);
#56=LINE('',#4563,#112);
#57=LINE('',#4568,#113);
#58=LINE('',#4569,#114);
#59=LINE('',#4571,#115);
#60=LINE('',#4572,#116);
#61=LINE('',#4574,#117);
#62=LINE('',#4575,#118);
#63=LINE('',#4577,#119);
#64=LINE('',#4578,#120);
#65=LINE('',#4580,#121);
#66=LINE('',#4581,#122);
#67=LINE('',#4583,#123);
#68=LINE('',#4584,#124);
#69=LINE('',#4589,#125);
#70=LINE('',#4590,#126);
#71=LINE('',#4595,#127);
#72=LINE('',#4596,#128);
#73=LINE('',#4598,#129);
#74=LINE('',#4600,#130);
#75=LINE('',#4610,#131);
#76=LINE('',#4613,#132);
#77=LINE('',#4616,#133);
#78=LINE('',#4618,#134);
#79=LINE('',#4619,#135);
#80=LINE('',#4622,#136);
#81=LINE('',#4626,#137);
#82=LINE('',#4630,#138);
#83=LINE('',#4632,#139);
#84=LINE('',#4633,#140);
#85=LINE('',#4638,#141);
#86=LINE('',#4639,#142);
#87=LINE('',#4642,#143);
#88=LINE('',#4643,#144);
#89=LINE('',#4647,#145);
#90=LINE('',#4649,#146);
#91=LINE('',#4653,#147);
#92=LINE('',#4655,#148);
#93=LINE('',#4657,#149);
#94=LINE('',#4660,#150);
#95=VECTOR('',#1419,10.);
#96=VECTOR('',#1420,10.);
#97=VECTOR('',#1425,10.);
#98=VECTOR('',#1426,10.);
#99=VECTOR('',#1431,10.);
#100=VECTOR('',#1432,10.);
#101=VECTOR('',#1437,10.);
#102=VECTOR('',#1438,10.);
#103=VECTOR('',#1441,10.);
#104=VECTOR('',#1444,10.);
#105=VECTOR('',#1455,10.);
#106=VECTOR('',#1456,10.);
#107=VECTOR('',#1461,10.);
#108=VECTOR('',#1462,10.);
#109=VECTOR('',#1469,10.);
#110=VECTOR('',#1470,10.);
#111=VECTOR('',#1489,10.);
#112=VECTOR('',#1490,10.);
#113=VECTOR('',#1495,10.);
#114=VECTOR('',#1496,10.);
#115=VECTOR('',#1499,10.);
#116=VECTOR('',#1500,10.);
#117=VECTOR('',#1503,10.);
#118=VECTOR('',#1504,10.);
#119=VECTOR('',#1507,10.);
#120=VECTOR('',#1508,10.);
#121=VECTOR('',#1511,10.);
#122=VECTOR('',#1512,10.);
#123=VECTOR('',#1515,10.);
#124=VECTOR('',#1516,10.);
#125=VECTOR('',#1521,10.);
#126=VECTOR('',#1522,10.);
#127=VECTOR('',#1527,10.);
#128=VECTOR('',#1528,10.);
#129=VECTOR('',#1531,10.);
#130=VECTOR('',#1534,10.);
#131=VECTOR('',#1547,10.);
#132=VECTOR('',#1550,10.);
#133=VECTOR('',#1553,10.);
#134=VECTOR('',#1554,10.);
#135=VECTOR('',#1555,10.);
#136=VECTOR('',#1558,10.);
#137=VECTOR('',#1561,10.);
#138=VECTOR('',#1564,10.);
#139=VECTOR('',#1567,10.);
#140=VECTOR('',#1568,10.);
#141=VECTOR('',#1573,10.);
#142=VECTOR('',#1574,10.);
#143=VECTOR('',#1577,10.);
#144=VECTOR('',#1578,10.);
#145=VECTOR('',#1583,10.);
#146=VECTOR('',#1586,10.);
#147=VECTOR('',#1591,10.);
#148=VECTOR('',#1594,10.);
#149=VECTOR('',#1597,10.);
#150=VECTOR('',#1602,10.);
#151=ELLIPSE('',#1251,0.551107190846272,0.5);
#152=ELLIPSE('',#1253,0.551107190846272,0.5);
#153=ELLIPSE('',#1255,0.551107190846272,0.5);
#154=ELLIPSE('',#1257,0.551107190846272,0.5);
#155=CYLINDRICAL_SURFACE('',#1250,0.5);
#156=CYLINDRICAL_SURFACE('',#1252,0.5);
#157=CYLINDRICAL_SURFACE('',#1254,0.5);
#158=CYLINDRICAL_SURFACE('',#1256,0.5);
#159=CYLINDRICAL_SURFACE('',#1264,0.5);
#160=CYLINDRICAL_SURFACE('',#1265,0.5);
#161=CYLINDRICAL_SURFACE('',#1269,0.5);
#162=CYLINDRICAL_SURFACE('',#1278,0.5);
#163=CYLINDRICAL_SURFACE('',#1279,0.5);
#164=CYLINDRICAL_SURFACE('',#1281,0.5);
#165=CYLINDRICAL_SURFACE('',#1282,0.5);
#166=CYLINDRICAL_SURFACE('',#1283,0.5);
#167=CYLINDRICAL_SURFACE('',#1284,0.5);
#168=CYLINDRICAL_SURFACE('',#1285,0.5);
#169=CYLINDRICAL_SURFACE('',#1286,0.5);
#170=CYLINDRICAL_SURFACE('',#1288,0.5);
#171=CYLINDRICAL_SURFACE('',#1296,0.5);
#172=CYLINDRICAL_SURFACE('',#1304,0.5);
#173=CYLINDRICAL_SURFACE('',#1307,0.5);
#174=CYLINDRICAL_SURFACE('',#1310,0.5);
#175=SPHERICAL_SURFACE('',#1244,0.499999999999998);
#176=SPHERICAL_SURFACE('',#1270,0.500000000000002);
#177=FACE_OUTER_BOUND('',#249,.T.);
#178=FACE_OUTER_BOUND('',#250,.T.);
#179=FACE_OUTER_BOUND('',#251,.T.);
#180=FACE_OUTER_BOUND('',#252,.T.);
#181=FACE_OUTER_BOUND('',#253,.T.);
#182=FACE_OUTER_BOUND('',#254,.T.);
#183=FACE_OUTER_BOUND('',#255,.T.);
#184=FACE_OUTER_BOUND('',#256,.T.);
#185=FACE_OUTER_BOUND('',#257,.T.);
#186=FACE_OUTER_BOUND('',#258,.T.);
#187=FACE_OUTER_BOUND('',#259,.T.);
#188=FACE_OUTER_BOUND('',#260,.T.);
#189=FACE_OUTER_BOUND('',#261,.T.);
#190=FACE_OUTER_BOUND('',#262,.T.);
#191=FACE_OUTER_BOUND('',#263,.T.);
#192=FACE_OUTER_BOUND('',#264,.T.);
#193=FACE_OUTER_BOUND('',#265,.T.);
#194=FACE_OUTER_BOUND('',#266,.T.);
#195=FACE_OUTER_BOUND('',#267,.T.);
#196=FACE_OUTER_BOUND('',#268,.T.);
#197=FACE_OUTER_BOUND('',#269,.T.);
#198=FACE_OUTER_BOUND('',#270,.T.);
#199=FACE_OUTER_BOUND('',#271,.T.);
#200=FACE_OUTER_BOUND('',#272,.T.);
#201=FACE_OUTER_BOUND('',#273,.T.);
#202=FACE_OUTER_BOUND('',#274,.T.);
#203=FACE_OUTER_BOUND('',#275,.T.);
#204=FACE_OUTER_BOUND('',#276,.T.);
#205=FACE_OUTER_BOUND('',#277,.T.);
#206=FACE_OUTER_BOUND('',#278,.T.);
#207=FACE_OUTER_BOUND('',#279,.T.);
#208=FACE_OUTER_BOUND('',#280,.T.);
#209=FACE_OUTER_BOUND('',#281,.T.);
#210=FACE_OUTER_BOUND('',#282,.T.);
#211=FACE_OUTER_BOUND('',#283,.T.);
#212=FACE_OUTER_BOUND('',#284,.T.);
#213=FACE_OUTER_BOUND('',#285,.T.);
#214=FACE_OUTER_BOUND('',#286,.T.);
#215=FACE_OUTER_BOUND('',#287,.T.);
#216=FACE_OUTER_BOUND('',#288,.T.);
#217=FACE_OUTER_BOUND('',#289,.T.);
#218=FACE_OUTER_BOUND('',#290,.T.);
#219=FACE_OUTER_BOUND('',#291,.T.);
#220=FACE_OUTER_BOUND('',#292,.T.);
#221=FACE_OUTER_BOUND('',#293,.T.);
#222=FACE_OUTER_BOUND('',#294,.T.);
#223=FACE_OUTER_BOUND('',#295,.T.);
#224=FACE_OUTER_BOUND('',#296,.T.);
#225=FACE_OUTER_BOUND('',#297,.T.);
#226=FACE_OUTER_BOUND('',#298,.T.);
#227=FACE_OUTER_BOUND('',#299,.T.);
#228=FACE_OUTER_BOUND('',#300,.T.);
#229=FACE_OUTER_BOUND('',#301,.T.);
#230=FACE_OUTER_BOUND('',#302,.T.);
#231=FACE_OUTER_BOUND('',#303,.T.);
#232=FACE_OUTER_BOUND('',#304,.T.);
#233=FACE_OUTER_BOUND('',#305,.T.);
#234=FACE_OUTER_BOUND('',#306,.T.);
#235=FACE_OUTER_BOUND('',#307,.T.);
#236=FACE_OUTER_BOUND('',#308,.T.);
#237=FACE_OUTER_BOUND('',#309,.T.);
#238=FACE_OUTER_BOUND('',#311,.T.);
#239=FACE_OUTER_BOUND('',#312,.T.);
#240=FACE_OUTER_BOUND('',#313,.T.);
#241=FACE_OUTER_BOUND('',#314,.T.);
#242=FACE_OUTER_BOUND('',#315,.T.);
#243=FACE_OUTER_BOUND('',#316,.T.);
#244=FACE_OUTER_BOUND('',#317,.T.);
#245=FACE_OUTER_BOUND('',#318,.T.);
#246=FACE_OUTER_BOUND('',#319,.T.);
#247=FACE_OUTER_BOUND('',#320,.T.);
#248=FACE_OUTER_BOUND('',#321,.T.);
#249=EDGE_LOOP('',(#729,#730,#731,#732));
#250=EDGE_LOOP('',(#733,#734,#735,#736));
#251=EDGE_LOOP('',(#737,#738,#739,#740));
#252=EDGE_LOOP('',(#741,#742,#743,#744));
#253=EDGE_LOOP('',(#745,#746,#747,#748));
#254=EDGE_LOOP('',(#749,#750,#751,#752));
#255=EDGE_LOOP('',(#753,#754,#755,#756));
#256=EDGE_LOOP('',(#757,#758,#759,#760));
#257=EDGE_LOOP('',(#761,#762,#763,#764));
#258=EDGE_LOOP('',(#765,#766,#767,#768));
#259=EDGE_LOOP('',(#769,#770,#771,#772));
#260=EDGE_LOOP('',(#773,#774,#775,#776));
#261=EDGE_LOOP('',(#777,#778,#779,#780));
#262=EDGE_LOOP('',(#781,#782,#783,#784));
#263=EDGE_LOOP('',(#785,#786,#787,#788));
#264=EDGE_LOOP('',(#789,#790,#791,#792));
#265=EDGE_LOOP('',(#793,#794,#795,#796));
#266=EDGE_LOOP('',(#797,#798,#799,#800));
#267=EDGE_LOOP('',(#801,#802,#803,#804));
#268=EDGE_LOOP('',(#805,#806,#807,#808));
#269=EDGE_LOOP('',(#809,#810,#811,#812));
#270=EDGE_LOOP('',(#813,#814,#815,#816));
#271=EDGE_LOOP('',(#817,#818,#819,#820));
#272=EDGE_LOOP('',(#821,#822,#823,#824));
#273=EDGE_LOOP('',(#825,#826,#827,#828));
#274=EDGE_LOOP('',(#829,#830,#831,#832));
#275=EDGE_LOOP('',(#833,#834,#835,#836));
#276=EDGE_LOOP('',(#837,#838,#839,#840));
#277=EDGE_LOOP('',(#841,#842,#843,#844,#845,#846));
#278=EDGE_LOOP('',(#847,#848,#849,#850));
#279=EDGE_LOOP('',(#851,#852,#853,#854));
#280=EDGE_LOOP('',(#855,#856,#857,#858));
#281=EDGE_LOOP('',(#859,#860,#861,#862));
#282=EDGE_LOOP('',(#863,#864,#865));
#283=EDGE_LOOP('',(#866,#867,#868));
#284=EDGE_LOOP('',(#869,#870,#871,#872));
#285=EDGE_LOOP('',(#873,#874,#875,#876));
#286=EDGE_LOOP('',(#877,#878,#879,#880,#881,#882));
#287=EDGE_LOOP('',(#883,#884,#885,#886,#887));
#288=EDGE_LOOP('',(#888,#889,#890,#891));
#289=EDGE_LOOP('',(#892,#893,#894,#895,#896,#897));
#290=EDGE_LOOP('',(#898,#899,#900,#901,#902,#903));
#291=EDGE_LOOP('',(#904,#905,#906,#907));
#292=EDGE_LOOP('',(#908,#909,#910,#911,#912,#913));
#293=EDGE_LOOP('',(#914,#915,#916,#917,#918));
#294=EDGE_LOOP('',(#919,#920,#921,#922,#923,#924));
#295=EDGE_LOOP('',(#925,#926,#927,#928,#929));
#296=EDGE_LOOP('',(#930,#931,#932,#933,#934));
#297=EDGE_LOOP('',(#935,#936,#937,#938,#939));
#298=EDGE_LOOP('',(#940,#941,#942,#943,#944));
#299=EDGE_LOOP('',(#945,#946,#947,#948,#949));
#300=EDGE_LOOP('',(#950,#951,#952,#953,#954));
#301=EDGE_LOOP('',(#955,#956,#957,#958,#959,#960,#961,#962));
#302=EDGE_LOOP('',(#963,#964,#965,#966,#967,#968,#969,#970));
#303=EDGE_LOOP('',(#971,#972,#973,#974,#975,#976,#977));
#304=EDGE_LOOP('',(#978,#979,#980,#981,#982,#983,#984));
#305=EDGE_LOOP('',(#985,#986,#987,#988,#989,#990,#991));
#306=EDGE_LOOP('',(#992,#993,#994,#995,#996,#997,#998));
#307=EDGE_LOOP('',(#999,#1000,#1001,#1002));
#308=EDGE_LOOP('',(#1003,#1004,#1005,#1006));
#309=EDGE_LOOP('',(#1007,#1008,#1009,#1010,#1011,#1012,#1013,#1014));
#310=EDGE_LOOP('',(#1015,#1016,#1017,#1018,#1019,#1020,#1021,#1022));
#311=EDGE_LOOP('',(#1023,#1024,#1025,#1026));
#312=EDGE_LOOP('',(#1027,#1028,#1029,#1030));
#313=EDGE_LOOP('',(#1031,#1032,#1033,#1034));
#314=EDGE_LOOP('',(#1035,#1036,#1037,#1038));
#315=EDGE_LOOP('',(#1039,#1040,#1041,#1042));
#316=EDGE_LOOP('',(#1043,#1044,#1045));
#317=EDGE_LOOP('',(#1046,#1047,#1048));
#318=EDGE_LOOP('',(#1049,#1050,#1051,#1052,#1053,#1054,#1055,#1056));
#319=EDGE_LOOP('',(#1057,#1058,#1059,#1060));
#320=EDGE_LOOP('',(#1061,#1062,#1063,#1064,#1065,#1066,#1067,#1068));
#321=EDGE_LOOP('',(#1069,#1070,#1071,#1072,#1073,#1074,#1075,#1076));
#322=EDGE_LOOP('',(#1077,#1078,#1079,#1080,#1081,#1082,#1083,#1084));
#323=CIRCLE('',#1204,0.500000000000001);
#324=CIRCLE('',#1205,0.5);
#325=CIRCLE('',#1206,0.5);
#326=CIRCLE('',#1207,0.5);
#327=CIRCLE('',#1208,0.43626445846013);
#328=CIRCLE('',#1209,0.5);
#329=CIRCLE('',#1210,0.5);
#330=CIRCLE('',#1211,0.43626445846013);
#331=CIRCLE('',#1212,0.4362644584601);
#332=CIRCLE('',#1213,0.5);
#333=CIRCLE('',#1214,0.500000000000001);
#334=CIRCLE('',#1215,0.5);
#335=CIRCLE('',#1216,0.5);
#336=CIRCLE('',#1217,0.5);
#337=CIRCLE('',#1218,0.43626445846013);
#338=CIRCLE('',#1219,0.5);
#339=CIRCLE('',#1220,0.499999999999999);
#340=CIRCLE('',#1221,0.43626445846013);
#341=CIRCLE('',#1222,0.436264458460123);
#342=CIRCLE('',#1223,0.499999999999999);
#343=CIRCLE('',#1224,0.436264458460137);
#344=CIRCLE('',#1225,0.5);
#345=CIRCLE('',#1226,0.499999999999999);
#346=CIRCLE('',#1227,0.436264458460137);
#347=CIRCLE('',#1228,0.499999999999999);
#348=CIRCLE('',#1229,0.5);
#349=CIRCLE('',#1230,0.5);
#350=CIRCLE('',#1231,0.5);
#351=CIRCLE('',#1232,0.436264458460129);
#352=CIRCLE('',#1233,0.5);
#353=CIRCLE('',#1234,0.436264458460161);
#354=CIRCLE('',#1235,0.500000000000002);
#355=CIRCLE('',#1236,0.499999999999999);
#356=CIRCLE('',#1237,0.436264458460161);
#357=CIRCLE('',#1238,0.499999999999999);
#358=CIRCLE('',#1239,0.5);
#359=CIRCLE('',#1240,0.5);
#360=CIRCLE('',#1241,0.5);
#361=CIRCLE('',#1242,0.436264458460131);
#362=CIRCLE('',#1243,0.5);
#363=CIRCLE('',#1245,0.499999999999998);
#364=CIRCLE('',#1246,0.499999999999998);
#365=CIRCLE('',#1247,0.499999999999998);
#366=CIRCLE('',#1248,0.499999999999998);
#367=CIRCLE('',#1249,0.499999999999999);
#368=CIRCLE('',#1260,0.500000000000002);
#369=CIRCLE('',#1261,0.436264458460131);
#370=CIRCLE('',#1262,0.5);
#371=CIRCLE('',#1263,0.436264458460129);
#372=CIRCLE('',#1266,0.5);
#373=CIRCLE('',#1267,0.500000000000001);
#374=CIRCLE('',#1268,0.436264458460123);
#375=CIRCLE('',#1271,0.499999999999999);
#376=CIRCLE('',#1272,0.500000000000002);
#377=CIRCLE('',#1273,0.500000000000002);
#378=CIRCLE('',#1274,0.5);
#379=CIRCLE('',#1275,0.499999999999998);
#380=CIRCLE('',#1276,0.500000000000001);
#381=CIRCLE('',#1277,0.4362644584601);
#382=CIRCLE('',#1280,0.5);
#383=CIRCLE('',#1287,0.5);
#384=CIRCLE('',#1289,0.5);
#385=CIRCLE('',#1297,0.5);
#386=CIRCLE('',#1298,0.5);
#387=CIRCLE('',#1301,0.5);
#388=CIRCLE('',#1302,0.5);
#389=CIRCLE('',#1303,0.5);
#390=CIRCLE('',#1305,0.5);
#391=CIRCLE('',#1308,0.5);
#392=CIRCLE('',#1311,0.5);
#393=B_SPLINE_CURVE_WITH_KNOTS('',3,(#1667,#1668,#1669,#1670,#1671,#1672,
#1673,#1674,#1675),.UNSPECIFIED.,.F.,.F.,(4,1,1,1,1,1,4),(0.,0.166666666666667,
0.333333333333333,0.5,0.666666666666667,0.833333333333333,1.),
 .UNSPECIFIED.);
#394=B_SPLINE_CURVE_WITH_KNOTS('',3,(#1677,#1678,#1679,#1680,#1681,#1682),
 .UNSPECIFIED.,.F.,.F.,(4,1,1,4),(0.,0.333333333333333,0.666666666666667,
1.),.UNSPECIFIED.);
#395=B_SPLINE_CURVE_WITH_KNOTS('',3,(#1684,#1685,#1686,#1687,#1688,#1689,
#1690,#1691,#1692,#1693,#1694,#1695,#1696,#1697,#1698,#1699,#1700,#1701,
#1702,#1703,#1704,#1705,#1706,#1707,#1708,#1709,#1710,#1711,#1712,#1713,
#1714,#1715,#1716,#1717,#1718,#1719,#1720,#1721,#1722,#1723,#1724,#1725,
#1726,#1727,#1728,#1729),.UNSPECIFIED.,.F.,.F.,(4,3,3,3,3,3,3,3,3,3,3,3,
3,3,3,4),(0.500000000000002,0.552166687912316,0.608145851923277,0.665038029276727,
0.711031897917955,0.756946058536469,0.802809918270176,0.848623708714906,
0.894364197171802,0.922523481332803,0.942148725424724,0.956794406901967,
0.968802171970425,0.984401085985213,0.993321481540437,1.),.UNSPECIFIED.);
#396=B_SPLINE_CURVE_WITH_KNOTS('',3,(#1786,#1787,#1788,#1789,#1790,#1791,
#1792,#1793,#1794),.UNSPECIFIED.,.F.,.F.,(4,1,1,1,1,1,4),(0.,0.166666666666667,
0.333333333333333,0.5,0.666666666666667,0.833333333333333,1.),
 .UNSPECIFIED.);
#397=B_SPLINE_CURVE_WITH_KNOTS('',3,(#1797,#1798,#1799,#1800,#1801,#1802,
#1803,#1804,#1805,#1806,#1807,#1808,#1809,#1810,#1811,#1812,#1813,#1814,
#1815,#1816,#1817,#1818,#1819,#1820,#1821,#1822,#1823,#1824,#1825,#1826,
#1827,#1828,#1829,#1830,#1831,#1832,#1833,#1834,#1835,#1836),
 .UNSPECIFIED.,.F.,.F.,(4,3,3,3,3,3,3,3,3,3,3,3,3,4),(0.,0.0325071716645239,
0.067415302174363,0.104879686372133,0.142430135958156,0.177259569701132,
0.211545723702509,0.25262162329112,0.29507251696644,0.337497798313089,0.378218178814952,
0.421975556249038,0.472423133695084,0.500000000000002),.UNSPECIFIED.);
#398=B_SPLINE_CURVE_WITH_KNOTS('',3,(#1892,#1893,#1894,#1895,#1896,#1897),
 .UNSPECIFIED.,.F.,.F.,(4,1,1,4),(0.,0.333333333333333,0.666666666666667,
1.),.UNSPECIFIED.);
#399=B_SPLINE_CURVE_WITH_KNOTS('',3,(#1899,#1900,#1901,#1902,#1903,#1904,
#1905,#1906,#1907,#1908,#1909,#1910,#1911,#1912,#1913,#1914,#1915,#1916,
#1917,#1918,#1919,#1920,#1921,#1922,#1923,#1924,#1925,#1926,#1927,#1928,
#1929,#1930,#1931,#1932,#1933,#1934,#1935,#1936,#1937,#1938,#1939,#1940,
#1941,#1942,#1943,#1944,#1945,#1946,#1947,#1948,#1949,#1950,#1951,#1952,
#1953,#1954,#1955,#1956,#1957,#1958,#1959),.UNSPECIFIED.,.F.,.F.,(4,3,3,
3,3,3,3,3,3,3,3,3,3,3,3,3,3,3,3,3,4),(0.499999999999999,0.527854096733145,
0.560806126674464,0.604398281909526,0.633674278617178,0.659969903953766,
0.684976099532287,0.71246941971313,0.741986922503419,0.777801853235661,
0.817261873278229,0.847666955560624,0.875100726531784,0.901696424973062,
0.926272318729796,0.943020481892722,0.958606471092031,0.972035552078264,
0.986017776039132,0.998076366682584,1.),.UNSPECIFIED.);
#400=B_SPLINE_CURVE_WITH_KNOTS('',3,(#2016,#2017,#2018,#2019,#2020,#2021,
#2022,#2023,#2024),.UNSPECIFIED.,.F.,.F.,(4,1,1,1,1,1,4),(0.,0.166666666666667,
0.333333333333333,0.5,0.666666666666667,0.833333333333333,1.),
 .UNSPECIFIED.);
#401=B_SPLINE_CURVE_WITH_KNOTS('',3,(#2027,#2028,#2029,#2030,#2031,#2032,
#2033,#2034,#2035,#2036,#2037,#2038,#2039,#2040,#2041,#2042,#2043,#2044,
#2045,#2046,#2047,#2048,#2049,#2050,#2051,#2052,#2053,#2054,#2055,#2056,
#2057,#2058,#2059,#2060,#2061,#2062,#2063,#2064,#2065,#2066,#2067,#2068,
#2069,#2070,#2071,#2072,#2073,#2074,#2075,#2076,#2077,#2078,#2079,#2080,
#2081,#2082,#2083,#2084),.UNSPECIFIED.,.F.,.F.,(4,3,3,3,3,3,3,3,3,3,3,3,
3,3,3,3,3,3,3,4),(0.,0.0197058803990061,0.0402592492556672,0.061933329853871,
0.0852197566028631,0.111493472969062,0.160056788847929,0.185761162782589,
0.208737473862672,0.230527772988064,0.254092318432821,0.278601985422735,
0.305053125889727,0.335715798984651,0.376786849238488,0.407590136928865,
0.433269608121147,0.457616034283965,0.484917769140667,0.499999999999999),
 .UNSPECIFIED.);
#402=B_SPLINE_CURVE_WITH_KNOTS('',3,(#2140,#2141,#2142,#2143,#2144,#2145),
 .UNSPECIFIED.,.F.,.F.,(4,1,1,4),(0.,0.333333333333333,0.666666666666667,
1.),.UNSPECIFIED.);
#403=B_SPLINE_CURVE_WITH_KNOTS('',3,(#2186,#2187,#2188,#2189,#2190,#2191),
 .UNSPECIFIED.,.F.,.F.,(4,1,1,4),(0.,0.333333333333333,0.666666666666667,
1.),.UNSPECIFIED.);
#404=B_SPLINE_CURVE_WITH_KNOTS('',3,(#2232,#2233,#2234,#2235,#2236,#2237),
 .UNSPECIFIED.,.F.,.F.,(4,1,1,4),(0.,0.333333333333333,0.666666666666667,
1.),.UNSPECIFIED.);
#405=B_SPLINE_CURVE_WITH_KNOTS('',3,(#2297,#2298,#2299,#2300,#2301,#2302,
#2303,#2304,#2305),.UNSPECIFIED.,.F.,.F.,(4,1,1,1,1,1,4),(0.,0.166666666666667,
0.333333333333333,0.5,0.666666666666667,0.833333333333333,1.),
 .UNSPECIFIED.);
#406=B_SPLINE_CURVE_WITH_KNOTS('',3,(#2307,#2308,#2309,#2310,#2311,#2312),
 .UNSPECIFIED.,.F.,.F.,(4,1,1,4),(0.,0.333333333333333,0.666666666666667,
1.),.UNSPECIFIED.);
#407=B_SPLINE_CURVE_WITH_KNOTS('',3,(#2314,#2315,#2316,#2317,#2318,#2319,
#2320,#2321,#2322,#2323,#2324,#2325,#2326,#2327,#2328,#2329,#2330,#2331,
#2332,#2333,#2334,#2335,#2336,#2337,#2338,#2339,#2340,#2341,#2342,#2343,
#2344,#2345,#2346,#2347,#2348,#2349,#2350,#2351,#2352,#2353,#2354,#2355,
#2356,#2357,#2358,#2359),.UNSPECIFIED.,.F.,.F.,(4,3,3,3,3,3,3,3,3,3,3,3,
3,3,3,4),(0.5,0.552166687913547,0.608145851924353,0.665038029276282,0.71103189791738,
0.756946058536579,0.802809918271464,0.848623708718456,0.894364197176735,
0.922523481338722,0.942148725427185,0.956794406903448,0.968802171971575,
0.984401085985788,0.993321481541021,1.),.UNSPECIFIED.);
#408=B_SPLINE_CURVE_WITH_KNOTS('',3,(#2416,#2417,#2418,#2419,#2420,#2421,
#2422,#2423,#2424),.UNSPECIFIED.,.F.,.F.,(4,1,1,1,1,1,4),(0.,0.166666666666667,
0.333333333333333,0.5,0.666666666666667,0.833333333333333,1.),
 .UNSPECIFIED.);
#409=B_SPLINE_CURVE_WITH_KNOTS('',3,(#2427,#2428,#2429,#2430,#2431,#2432,
#2433,#2434,#2435,#2436,#2437,#2438,#2439,#2440,#2441,#2442,#2443,#2444,
#2445,#2446,#2447,#2448,#2449,#2450,#2451,#2452,#2453,#2454,#2455,#2456,
#2457,#2458,#2459,#2460,#2461,#2462,#2463,#2464,#2465,#2466),
 .UNSPECIFIED.,.F.,.F.,(4,3,3,3,3,3,3,3,3,3,3,3,3,4),(0.,0.0325071716642841,
0.0674153021740574,0.104879686371369,0.142430135957559,0.177259569702796,
0.21154572369583,0.252621623283728,0.295072516958766,0.337497798305303,
0.378218178807131,0.421975556239056,0.472423133687479,0.5),
 .UNSPECIFIED.);
#410=B_SPLINE_CURVE_WITH_KNOTS('',3,(#2522,#2523,#2524,#2525,#2526,#2527),
 .UNSPECIFIED.,.F.,.F.,(4,1,1,4),(0.,0.333333333333333,0.666666666666667,
1.),.UNSPECIFIED.);
#411=B_SPLINE_CURVE_WITH_KNOTS('',3,(#2529,#2530,#2531,#2532,#2533,#2534,
#2535,#2536,#2537,#2538,#2539,#2540,#2541,#2542,#2543,#2544,#2545,#2546,
#2547,#2548,#2549,#2550,#2551,#2552,#2553,#2554,#2555,#2556,#2557,#2558,
#2559,#2560,#2561,#2562,#2563,#2564,#2565,#2566,#2567,#2568,#2569,#2570,
#2571,#2572,#2573,#2574,#2575,#2576,#2577,#2578,#2579,#2580,#2581,#2582,
#2583,#2584,#2585,#2586,#2587,#2588,#2589),.UNSPECIFIED.,.F.,.F.,(4,3,3,
3,3,3,3,3,3,3,3,3,3,3,3,3,3,3,3,3,4),(0.500000000000001,0.527854096728305,
0.560806126659203,0.604398281931981,0.633674278639743,0.659969903975628,
0.684976099554202,0.712469419734483,0.741986922521845,0.777801853252517,
0.817261873297594,0.847666955579115,0.875100726549367,0.901696424953071,
0.926272318714803,0.943020481880758,0.958606471090195,0.972035552069864,
0.986017776034932,0.998076366675336,1.),.UNSPECIFIED.);
#412=B_SPLINE_CURVE_WITH_KNOTS('',3,(#2646,#2647,#2648,#2649,#2650,#2651,
#2652,#2653,#2654),.UNSPECIFIED.,.F.,.F.,(4,1,1,1,1,1,4),(0.,0.166666666666667,
0.333333333333333,0.5,0.666666666666667,0.833333333333333,1.),
 .UNSPECIFIED.);
#413=B_SPLINE_CURVE_WITH_KNOTS('',3,(#2657,#2658,#2659,#2660,#2661,#2662,
#2663,#2664,#2665,#2666,#2667,#2668,#2669,#2670,#2671,#2672,#2673,#2674,
#2675,#2676,#2677,#2678,#2679,#2680,#2681,#2682,#2683,#2684,#2685,#2686,
#2687,#2688,#2689,#2690,#2691,#2692,#2693,#2694,#2695,#2696,#2697,#2698,
#2699,#2700,#2701,#2702,#2703,#2704,#2705,#2706,#2707,#2708,#2709,#2710,
#2711,#2712,#2713,#2714),.UNSPECIFIED.,.F.,.F.,(4,3,3,3,3,3,3,3,3,3,3,3,
3,3,3,3,3,3,3,4),(0.,0.0197058803994397,0.0402592492564914,0.061933329854799,
0.0852197566043347,0.111493472970243,0.160056788848963,0.185761162785865,
0.208737473867165,0.230527772993781,0.254092318440755,0.278601985430468,
0.305053125896908,0.335715798990293,0.37678684924272,0.40759013693204,0.433269608126388,
0.457616034284024,0.484917769153731,0.500000000000001),.UNSPECIFIED.);
#414=B_SPLINE_CURVE_WITH_KNOTS('',3,(#2770,#2771,#2772,#2773,#2774,#2775),
 .UNSPECIFIED.,.F.,.F.,(4,1,1,4),(0.,0.333333333333333,0.666666666666667,
1.),.UNSPECIFIED.);
#415=B_SPLINE_CURVE_WITH_KNOTS('',3,(#2816,#2817,#2818,#2819,#2820,#2821),
 .UNSPECIFIED.,.F.,.F.,(4,1,1,4),(0.,0.333333333333333,0.666666666666667,
1.),.UNSPECIFIED.);
#416=B_SPLINE_CURVE_WITH_KNOTS('',3,(#2862,#2863,#2864,#2865,#2866,#2867),
 .UNSPECIFIED.,.F.,.F.,(4,1,1,4),(0.,0.333333333333333,0.666666666666667,
1.),.UNSPECIFIED.);
#417=B_SPLINE_CURVE_WITH_KNOTS('',3,(#2927,#2928,#2929,#2930,#2931,#2932,
#2933,#2934,#2935),.UNSPECIFIED.,.F.,.F.,(4,1,1,1,1,1,4),(0.,0.166666666666667,
0.333333333333333,0.5,0.666666666666667,0.833333333333333,1.),
 .UNSPECIFIED.);
#418=B_SPLINE_CURVE_WITH_KNOTS('',3,(#2937,#2938,#2939,#2940,#2941,#2942),
 .UNSPECIFIED.,.F.,.F.,(4,1,1,4),(0.,0.333333333333333,0.666666666666667,
1.),.UNSPECIFIED.);
#419=B_SPLINE_CURVE_WITH_KNOTS('',3,(#3001,#3002,#3003,#3004,#3005,#3006,
#3007,#3008,#3009),.UNSPECIFIED.,.F.,.F.,(4,1,1,1,1,1,4),(0.,0.166666666666667,
0.333333333333333,0.5,0.666666666666667,0.833333333333333,1.),
 .UNSPECIFIED.);
#420=B_SPLINE_CURVE_WITH_KNOTS('',3,(#3068,#3069,#3070,#3071,#3072,#3073,
#3074,#3075,#3076,#3077,#3078,#3079,#3080,#3081,#3082,#3083,#3084,#3085,
#3086,#3087,#3088,#3089,#3090,#3091,#3092,#3093,#3094,#3095,#3096,#3097,
#3098,#3099,#3100,#3101,#3102,#3103,#3104),.UNSPECIFIED.,.F.,.F.,(4,3,3,
3,3,3,3,3,3,3,3,3,4),(0.,0.123239058070667,0.266707127968059,0.332647746632393,
0.454166807362757,0.57083644857391,0.665339110245047,0.765263149962878,
0.856579637952934,0.899544220479286,0.946504794888217,0.99357458414308,
1.),.UNSPECIFIED.);
#421=B_SPLINE_CURVE_WITH_KNOTS('',3,(#3106,#3107,#3108,#3109,#3110,#3111,
#3112,#3113,#3114,#3115,#3116,#3117,#3118,#3119,#3120,#3121,#3122,#3123,
#3124,#3125,#3126,#3127,#3128,#3129,#3130,#3131,#3132,#3133,#3134,#3135,
#3136,#3137,#3138,#3139,#3140,#3141,#3142,#3143,#3144,#3145,#3146,#3147,
#3148,#3149,#3150,#3151),.UNSPECIFIED.,.F.,.F.,(4,3,3,3,3,3,3,3,3,3,3,3,
3,3,3,4),(0.500000000000002,0.552166687912251,0.608145851923219,0.665038029278381,
0.711031897916464,0.756946058533865,0.802809918268864,0.848623708719469,
0.894364197181397,0.922523481342835,0.942148725428831,0.956794406904449,
0.968802171972361,0.984401085986181,0.993321481541434,1.),.UNSPECIFIED.);
#422=B_SPLINE_CURVE_WITH_KNOTS('',3,(#3208,#3209,#3210,#3211,#3212,#3213,
#3214,#3215,#3216),.UNSPECIFIED.,.F.,.F.,(4,1,1,1,1,1,4),(0.,0.166666666666667,
0.333333333333333,0.5,0.666666666666667,0.833333333333333,1.),
 .UNSPECIFIED.);
#423=B_SPLINE_CURVE_WITH_KNOTS('',3,(#3219,#3220,#3221,#3222,#3223,#3224,
#3225,#3226,#3227,#3228,#3229,#3230,#3231,#3232,#3233,#3234,#3235,#3236,
#3237,#3238,#3239,#3240,#3241,#3242,#3243,#3244,#3245,#3246,#3247,#3248,
#3249,#3250,#3251,#3252,#3253,#3254,#3255,#3256,#3257,#3258),
 .UNSPECIFIED.,.F.,.F.,(4,3,3,3,3,3,3,3,3,3,3,3,3,4),(0.,0.032507171664003,
0.0674153021739158,0.104879686371392,0.142430135956853,0.177259569700336,
0.211545723725702,0.252621623314495,0.295072516990275,0.337497798335663,
0.37821817883716,0.421975556284585,0.472423133733012,0.500000000000002),
 .UNSPECIFIED.);
#424=B_SPLINE_CURVE_WITH_KNOTS('',3,(#3314,#3315,#3316,#3317,#3318,#3319),
 .UNSPECIFIED.,.F.,.F.,(4,1,1,4),(0.,0.333333333333333,0.666666666666667,
1.),.UNSPECIFIED.);
#425=B_SPLINE_CURVE_WITH_KNOTS('',3,(#3321,#3322,#3323,#3324,#3325,#3326,
#3327,#3328,#3329,#3330,#3331,#3332,#3333,#3334,#3335,#3336,#3337,#3338,
#3339,#3340,#3341,#3342,#3343,#3344,#3345,#3346,#3347,#3348,#3349,#3350,
#3351,#3352,#3353,#3354,#3355,#3356,#3357,#3358,#3359,#3360,#3361,#3362,
#3363,#3364,#3365,#3366,#3367,#3368,#3369,#3370,#3371,#3372,#3373,#3374,
#3375,#3376,#3377,#3378,#3379,#3380,#3381),.UNSPECIFIED.,.F.,.F.,(4,3,3,
3,3,3,3,3,3,3,3,3,3,3,3,3,3,3,3,3,4),(0.499999999999999,0.527854096731101,
0.560806126669011,0.604398281914728,0.633674278623125,0.659969903959784,
0.684976099538506,0.712469419718286,0.741986922506509,0.777801853235505,
0.817261873280371,0.847666955562811,0.875100726534535,0.90169642495566,
0.926272318716745,0.943020481880713,0.95860647108794,0.972035552068202,
0.986017776034101,0.998076366676293,1.),.UNSPECIFIED.);
#426=B_SPLINE_CURVE_WITH_KNOTS('',3,(#3438,#3439,#3440,#3441,#3442,#3443,
#3444,#3445,#3446),.UNSPECIFIED.,.F.,.F.,(4,1,1,1,1,1,4),(0.,0.166666666666667,
0.333333333333333,0.5,0.666666666666667,0.833333333333333,1.),
 .UNSPECIFIED.);
#427=B_SPLINE_CURVE_WITH_KNOTS('',3,(#3449,#3450,#3451,#3452,#3453,#3454,
#3455,#3456,#3457,#3458,#3459,#3460,#3461,#3462,#3463,#3464,#3465,#3466,
#3467,#3468,#3469,#3470,#3471,#3472,#3473,#3474,#3475,#3476,#3477,#3478,
#3479,#3480,#3481,#3482,#3483,#3484,#3485,#3486,#3487,#3488,#3489,#3490,
#3491,#3492,#3493,#3494,#3495,#3496,#3497,#3498,#3499,#3500,#3501,#3502,
#3503,#3504,#3505,#3506),.UNSPECIFIED.,.F.,.F.,(4,3,3,3,3,3,3,3,3,3,3,3,
3,3,3,3,3,3,3,4),(0.,0.0197058803991105,0.0402592492559592,0.0619333298539792,
0.0852197566032199,0.111493472969759,0.160056788848539,0.185761162783916,
0.208737473864312,0.23052777298989,0.254092318435755,0.27860198542535,0.305053125891884,
0.335715798986895,0.376786849240171,0.407590136930128,0.43326960812299,
0.457616034283988,0.484917769144825,0.499999999999999),.UNSPECIFIED.);
#428=B_SPLINE_CURVE_WITH_KNOTS('',3,(#3562,#3563,#3564,#3565,#3566,#3567),
 .UNSPECIFIED.,.F.,.F.,(4,1,1,4),(0.,0.333333333333333,0.666666666666667,
1.),.UNSPECIFIED.);
#429=B_SPLINE_CURVE_WITH_KNOTS('',3,(#3627,#3628,#3629,#3630,#3631,#3632,
#3633,#3634,#3635),.UNSPECIFIED.,.F.,.F.,(4,1,1,1,1,1,4),(0.,0.166666666666667,
0.333333333333333,0.5,0.666666666666667,0.833333333333333,1.),
 .UNSPECIFIED.);
#430=B_SPLINE_CURVE_WITH_KNOTS('',3,(#3637,#3638,#3639,#3640,#3641,#3642),
 .UNSPECIFIED.,.F.,.F.,(4,1,1,4),(0.,0.333333333333333,0.666666666666667,
1.),.UNSPECIFIED.);
#431=B_SPLINE_CURVE_WITH_KNOTS('',3,(#3701,#3702,#3703,#3704,#3705,#3706,
#3707,#3708,#3709),.UNSPECIFIED.,.F.,.F.,(4,1,1,1,1,1,4),(0.,0.166666666666667,
0.333333333333333,0.5,0.666666666666667,0.833333333333333,1.),
 .UNSPECIFIED.);
#432=B_SPLINE_CURVE_WITH_KNOTS('',3,(#3768,#3769,#3770,#3771,#3772,#3773,
#3774,#3775,#3776,#3777,#3778,#3779,#3780,#3781,#3782,#3783,#3784,#3785,
#3786,#3787,#3788,#3789,#3790,#3791,#3792,#3793,#3794,#3795,#3796,#3797,
#3798,#3799,#3800,#3801,#3802,#3803,#3804),.UNSPECIFIED.,.F.,.F.,(4,3,3,
3,3,3,3,3,3,3,3,3,4),(0.,0.123239058070629,0.266707127967988,0.332647746632392,
0.454166807362707,0.570836448573854,0.665339110245042,0.765263149962901,
0.856579637952976,0.899544220479121,0.946504794887695,0.993574584142212,
1.),.UNSPECIFIED.);
#433=B_SPLINE_CURVE_WITH_KNOTS('',3,(#3806,#3807,#3808,#3809,#3810,#3811,
#3812,#3813,#3814,#3815,#3816,#3817,#3818,#3819,#3820,#3821,#3822,#3823,
#3824,#3825,#3826,#3827,#3828,#3829,#3830,#3831,#3832,#3833,#3834,#3835,
#3836,#3837,#3838,#3839,#3840,#3841,#3842,#3843,#3844,#3845,#3846,#3847,
#3848,#3849,#3850,#3851),.UNSPECIFIED.,.F.,.F.,(4,3,3,3,3,3,3,3,3,3,3,3,
3,3,3,4),(0.5,0.552166687912765,0.60814585192367,0.665038029278226,0.711031897917944,
0.756946058536396,0.802809918270264,0.848623708715298,0.894364197172634,
0.922523481333711,0.942148725424985,0.956794406902095,0.96880217197046,
0.98440108598523,0.993321481540451,1.),.UNSPECIFIED.);
#434=B_SPLINE_CURVE_WITH_KNOTS('',3,(#3908,#3909,#3910,#3911,#3912,#3913,
#3914,#3915,#3916),.UNSPECIFIED.,.F.,.F.,(4,1,1,1,1,1,4),(0.,0.166666666666667,
0.333333333333333,0.5,0.666666666666667,0.833333333333333,1.),
 .UNSPECIFIED.);
#435=B_SPLINE_CURVE_WITH_KNOTS('',3,(#3919,#3920,#3921,#3922,#3923,#3924,
#3925,#3926,#3927,#3928,#3929,#3930,#3931,#3932,#3933,#3934,#3935,#3936,
#3937,#3938,#3939,#3940,#3941,#3942,#3943,#3944,#3945,#3946,#3947,#3948,
#3949,#3950,#3951,#3952,#3953,#3954,#3955,#3956,#3957,#3958),
 .UNSPECIFIED.,.F.,.F.,(4,3,3,3,3,3,3,3,3,3,3,3,3,4),(0.,0.032507171664451,
0.0674153021739052,0.104879686371363,0.142430135956942,0.177259569700988,
0.211545723694913,0.252621623283482,0.29507251695842,0.337497798304859,
0.378218178805853,0.421975556233666,0.472423133680325,0.5),
 .UNSPECIFIED.);
#436=B_SPLINE_CURVE_WITH_KNOTS('',3,(#4014,#4015,#4016,#4017,#4018,#4019),
 .UNSPECIFIED.,.F.,.F.,(4,1,1,4),(0.,0.333333333333333,0.666666666666667,
1.),.UNSPECIFIED.);
#437=B_SPLINE_CURVE_WITH_KNOTS('',3,(#4021,#4022,#4023,#4024,#4025,#4026,
#4027,#4028,#4029,#4030,#4031,#4032,#4033,#4034,#4035,#4036,#4037,#4038,
#4039,#4040,#4041,#4042,#4043,#4044,#4045,#4046,#4047,#4048,#4049,#4050,
#4051,#4052,#4053,#4054,#4055,#4056,#4057,#4058,#4059,#4060,#4061,#4062,
#4063,#4064,#4065,#4066,#4067,#4068,#4069,#4070,#4071,#4072,#4073,#4074,
#4075,#4076,#4077,#4078,#4079,#4080,#4081),.UNSPECIFIED.,.F.,.F.,(4,3,3,
3,3,3,3,3,3,3,3,3,3,3,3,3,3,3,3,3,4),(0.499999999999998,0.527854096731566,
0.560806126670646,0.604398281916793,0.633674278624789,0.659969903961298,
0.68497609953984,0.712469419719845,0.741986922509645,0.777801853240942,
0.817261873284291,0.847666955566291,0.87510072653776,0.901696424972697,
0.926272318729523,0.943020481892837,0.958606471090761,0.97203555207395,
0.986017776036975,0.998076366679374,1.),.UNSPECIFIED.);
#438=B_SPLINE_CURVE_WITH_KNOTS('',3,(#4138,#4139,#4140,#4141,#4142,#4143,
#4144,#4145,#4146),.UNSPECIFIED.,.F.,.F.,(4,1,1,1,1,1,4),(0.,0.166666666666667,
0.333333333333333,0.5,0.666666666666667,0.833333333333333,1.),
 .UNSPECIFIED.);
#439=B_SPLINE_CURVE_WITH_KNOTS('',3,(#4149,#4150,#4151,#4152,#4153,#4154,
#4155,#4156,#4157,#4158,#4159,#4160,#4161,#4162,#4163,#4164,#4165,#4166,
#4167,#4168,#4169,#4170,#4171,#4172,#4173,#4174,#4175,#4176,#4177,#4178,
#4179,#4180,#4181,#4182,#4183,#4184,#4185,#4186,#4187,#4188,#4189,#4190,
#4191,#4192,#4193,#4194,#4195,#4196,#4197,#4198,#4199,#4200,#4201,#4202,
#4203,#4204,#4205,#4206),.UNSPECIFIED.,.F.,.F.,(4,3,3,3,3,3,3,3,3,3,3,3,
3,3,3,3,3,3,3,4),(0.,0.0197058803991532,0.0402592492560381,0.061933329853951,
0.0852197566033096,0.111493472969365,0.160056788848194,0.185761162783572,
0.208737473864027,0.230527772989803,0.254092318435337,0.278601985425282,
0.305053125891677,0.335715798986085,0.376786849239563,0.407590136929672,
0.433269608122547,0.457616034283587,0.484917769144616,0.499999999999998),
 .UNSPECIFIED.);
#440=B_SPLINE_CURVE_WITH_KNOTS('',3,(#4262,#4263,#4264,#4265,#4266,#4267),
 .UNSPECIFIED.,.F.,.F.,(4,1,1,4),(0.,0.333333333333333,0.666666666666667,
1.),.UNSPECIFIED.);
#441=VERTEX_POINT('',#1665);
#442=VERTEX_POINT('',#1666);
#443=VERTEX_POINT('',#1676);
#444=VERTEX_POINT('',#1683);
#445=VERTEX_POINT('',#1785);
#446=VERTEX_POINT('',#1795);
#447=VERTEX_POINT('',#1891);
#448=VERTEX_POINT('',#1898);
#449=VERTEX_POINT('',#2015);
#450=VERTEX_POINT('',#2025);
#451=VERTEX_POINT('',#2139);
#452=VERTEX_POINT('',#2146);
#453=VERTEX_POINT('',#2185);
#454=VERTEX_POINT('',#2192);
#455=VERTEX_POINT('',#2231);
#456=VERTEX_POINT('',#2238);
#457=VERTEX_POINT('',#2295);
#458=VERTEX_POINT('',#2296);
#459=VERTEX_POINT('',#2306);
#460=VERTEX_POINT('',#2313);
#461=VERTEX_POINT('',#2415);
#462=VERTEX_POINT('',#2425);
#463=VERTEX_POINT('',#2521);
#464=VERTEX_POINT('',#2528);
#465=VERTEX_POINT('',#2645);
#466=VERTEX_POINT('',#2655);
#467=VERTEX_POINT('',#2769);
#468=VERTEX_POINT('',#2776);
#469=VERTEX_POINT('',#2815);
#470=VERTEX_POINT('',#2822);
#471=VERTEX_POINT('',#2861);
#472=VERTEX_POINT('',#2868);
#473=VERTEX_POINT('',#2925);
#474=VERTEX_POINT('',#2926);
#475=VERTEX_POINT('',#2936);
#476=VERTEX_POINT('',#2943);
#477=VERTEX_POINT('',#3000);
#478=VERTEX_POINT('',#3010);
#479=VERTEX_POINT('',#3067);
#480=VERTEX_POINT('',#3105);
#481=VERTEX_POINT('',#3207);
#482=VERTEX_POINT('',#3217);
#483=VERTEX_POINT('',#3313);
#484=VERTEX_POINT('',#3320);
#485=VERTEX_POINT('',#3437);
#486=VERTEX_POINT('',#3447);
#487=VERTEX_POINT('',#3561);
#488=VERTEX_POINT('',#3568);
#489=VERTEX_POINT('',#3625);
#490=VERTEX_POINT('',#3626);
#491=VERTEX_POINT('',#3636);
#492=VERTEX_POINT('',#3643);
#493=VERTEX_POINT('',#3700);
#494=VERTEX_POINT('',#3710);
#495=VERTEX_POINT('',#3767);
#496=VERTEX_POINT('',#3805);
#497=VERTEX_POINT('',#3907);
#498=VERTEX_POINT('',#3917);
#499=VERTEX_POINT('',#4013);
#500=VERTEX_POINT('',#4020);
#501=VERTEX_POINT('',#4137);
#502=VERTEX_POINT('',#4147);
#503=VERTEX_POINT('',#4261);
#504=VERTEX_POINT('',#4268);
#505=VERTEX_POINT('',#4272);
#506=VERTEX_POINT('',#4273);
#507=VERTEX_POINT('',#4275);
#508=VERTEX_POINT('',#4277);
#509=VERTEX_POINT('',#4279);
#510=VERTEX_POINT('',#4283);
#511=VERTEX_POINT('',#4284);
#512=VERTEX_POINT('',#4289);
#513=VERTEX_POINT('',#4290);
#514=VERTEX_POINT('',#4295);
#515=VERTEX_POINT('',#4296);
#516=VERTEX_POINT('',#4301);
#517=VERTEX_POINT('',#4302);
#518=VERTEX_POINT('',#4364);
#519=VERTEX_POINT('',#4421);
#520=VERTEX_POINT('',#4428);
#521=VERTEX_POINT('',#4429);
#522=VERTEX_POINT('',#4487);
#523=VERTEX_POINT('',#4494);
#524=VERTEX_POINT('',#4495);
#525=VERTEX_POINT('',#4497);
#526=VERTEX_POINT('',#4499);
#527=VERTEX_POINT('',#4501);
#528=VERTEX_POINT('',#4558);
#529=VERTEX_POINT('',#4565);
#530=VERTEX_POINT('',#4566);
#531=VERTEX_POINT('',#4586);
#532=VERTEX_POINT('',#4587);
#533=VERTEX_POINT('',#4592);
#534=VERTEX_POINT('',#4593);
#535=VERTEX_POINT('',#4606);
#536=VERTEX_POINT('',#4607);
#537=VERTEX_POINT('',#4609);
#538=VERTEX_POINT('',#4611);
#539=VERTEX_POINT('',#4615);
#540=VERTEX_POINT('',#4617);
#541=VERTEX_POINT('',#4621);
#542=VERTEX_POINT('',#4623);
#543=VERTEX_POINT('',#4625);
#544=VERTEX_POINT('',#4627);
#545=VERTEX_POINT('',#4629);
#546=VERTEX_POINT('',#4635);
#547=VERTEX_POINT('',#4636);
#548=VERTEX_POINT('',#4641);
#549=VERTEX_POINT('',#4645);
#550=VERTEX_POINT('',#4651);
#551=EDGE_CURVE('',#441,#442,#393,.T.);
#552=EDGE_CURVE('',#441,#443,#394,.T.);
#553=EDGE_CURVE('',#443,#444,#395,.T.);
#554=EDGE_CURVE('',#442,#444,#323,.T.);
#555=EDGE_CURVE('',#441,#445,#396,.T.);
#556=EDGE_CURVE('',#446,#445,#324,.T.);
#557=EDGE_CURVE('',#446,#443,#397,.T.);
#558=EDGE_CURVE('',#441,#447,#398,.T.);
#559=EDGE_CURVE('',#447,#448,#399,.T.);
#560=EDGE_CURVE('',#445,#448,#325,.T.);
#561=EDGE_CURVE('',#441,#449,#400,.T.);
#562=EDGE_CURVE('',#450,#449,#326,.T.);
#563=EDGE_CURVE('',#450,#447,#401,.T.);
#564=EDGE_CURVE('',#441,#451,#402,.T.);
#565=EDGE_CURVE('',#451,#452,#327,.T.);
#566=EDGE_CURVE('',#449,#452,#328,.T.);
#567=EDGE_CURVE('',#441,#453,#403,.T.);
#568=EDGE_CURVE('',#454,#453,#329,.T.);
#569=EDGE_CURVE('',#454,#451,#330,.T.);
#570=EDGE_CURVE('',#441,#455,#404,.T.);
#571=EDGE_CURVE('',#455,#456,#331,.T.);
#572=EDGE_CURVE('',#453,#456,#332,.T.);
#573=EDGE_CURVE('',#457,#458,#405,.T.);
#574=EDGE_CURVE('',#457,#459,#406,.T.);
#575=EDGE_CURVE('',#459,#460,#407,.T.);
#576=EDGE_CURVE('',#458,#460,#333,.T.);
#577=EDGE_CURVE('',#457,#461,#408,.T.);
#578=EDGE_CURVE('',#462,#461,#334,.T.);
#579=EDGE_CURVE('',#462,#459,#409,.T.);
#580=EDGE_CURVE('',#457,#463,#410,.T.);
#581=EDGE_CURVE('',#463,#464,#411,.T.);
#582=EDGE_CURVE('',#461,#464,#335,.T.);
#583=EDGE_CURVE('',#457,#465,#412,.T.);
#584=EDGE_CURVE('',#466,#465,#336,.T.);
#585=EDGE_CURVE('',#466,#463,#413,.T.);
#586=EDGE_CURVE('',#457,#467,#414,.T.);
#587=EDGE_CURVE('',#467,#468,#337,.T.);
#588=EDGE_CURVE('',#465,#468,#338,.T.);
#589=EDGE_CURVE('',#457,#469,#415,.T.);
#590=EDGE_CURVE('',#470,#469,#339,.T.);
#591=EDGE_CURVE('',#470,#467,#340,.T.);
#592=EDGE_CURVE('',#457,#471,#416,.T.);
#593=EDGE_CURVE('',#471,#472,#341,.T.);
#594=EDGE_CURVE('',#469,#472,#342,.T.);
#595=EDGE_CURVE('',#473,#474,#417,.T.);
#596=EDGE_CURVE('',#473,#475,#418,.T.);
#597=EDGE_CURVE('',#475,#476,#343,.T.);
#598=EDGE_CURVE('',#474,#476,#344,.T.);
#599=EDGE_CURVE('',#473,#477,#419,.T.);
#600=EDGE_CURVE('',#478,#477,#345,.T.);
#601=EDGE_CURVE('',#478,#475,#346,.T.);
#602=EDGE_CURVE('',#473,#479,#420,.T.);
#603=EDGE_CURVE('',#479,#480,#421,.T.);
#604=EDGE_CURVE('',#477,#480,#347,.T.);
#605=EDGE_CURVE('',#473,#481,#422,.T.);
#606=EDGE_CURVE('',#482,#481,#348,.T.);
#607=EDGE_CURVE('',#482,#479,#423,.T.);
#608=EDGE_CURVE('',#473,#483,#424,.T.);
#609=EDGE_CURVE('',#483,#484,#425,.T.);
#610=EDGE_CURVE('',#481,#484,#349,.T.);
#611=EDGE_CURVE('',#473,#485,#426,.T.);
#612=EDGE_CURVE('',#486,#485,#350,.T.);
#613=EDGE_CURVE('',#486,#483,#427,.T.);
#614=EDGE_CURVE('',#473,#487,#428,.T.);
#615=EDGE_CURVE('',#487,#488,#351,.T.);
#616=EDGE_CURVE('',#485,#488,#352,.T.);
#617=EDGE_CURVE('',#489,#490,#429,.T.);
#618=EDGE_CURVE('',#489,#491,#430,.T.);
#619=EDGE_CURVE('',#491,#492,#353,.T.);
#620=EDGE_CURVE('',#490,#492,#354,.T.);
#621=EDGE_CURVE('',#489,#493,#431,.T.);
#622=EDGE_CURVE('',#494,#493,#355,.T.);
#623=EDGE_CURVE('',#494,#491,#356,.T.);
#624=EDGE_CURVE('',#489,#495,#432,.T.);
#625=EDGE_CURVE('',#495,#496,#433,.T.);
#626=EDGE_CURVE('',#493,#496,#357,.T.);
#627=EDGE_CURVE('',#489,#497,#434,.T.);
#628=EDGE_CURVE('',#498,#497,#358,.T.);
#629=EDGE_CURVE('',#498,#495,#435,.T.);
#630=EDGE_CURVE('',#489,#499,#436,.T.);
#631=EDGE_CURVE('',#499,#500,#437,.T.);
#632=EDGE_CURVE('',#497,#500,#359,.T.);
#633=EDGE_CURVE('',#489,#501,#438,.T.);
#634=EDGE_CURVE('',#502,#501,#360,.T.);
#635=EDGE_CURVE('',#502,#499,#439,.T.);
#636=EDGE_CURVE('',#489,#503,#440,.T.);
#637=EDGE_CURVE('',#503,#504,#361,.T.);
#638=EDGE_CURVE('',#501,#504,#362,.T.);
#639=EDGE_CURVE('',#505,#506,#363,.F.);
#640=EDGE_CURVE('',#507,#505,#364,.T.);
#641=EDGE_CURVE('',#507,#508,#365,.T.);
#642=EDGE_CURVE('',#509,#507,#366,.F.);
#643=EDGE_CURVE('',#506,#509,#367,.T.);
#644=EDGE_CURVE('',#510,#511,#151,.T.);
#645=EDGE_CURVE('',#511,#507,#39,.T.);
#646=EDGE_CURVE('',#505,#510,#40,.T.);
#647=EDGE_CURVE('',#512,#513,#152,.T.);
#648=EDGE_CURVE('',#513,#509,#41,.T.);
#649=EDGE_CURVE('',#507,#512,#42,.T.);
#650=EDGE_CURVE('',#514,#515,#153,.T.);
#651=EDGE_CURVE('',#515,#506,#43,.T.);
#652=EDGE_CURVE('',#509,#514,#44,.T.);
#653=EDGE_CURVE('',#516,#517,#154,.T.);
#654=EDGE_CURVE('',#517,#505,#45,.T.);
#655=EDGE_CURVE('',#506,#516,#46,.T.);
#656=EDGE_CURVE('',#512,#511,#47,.T.);
#657=EDGE_CURVE('',#510,#517,#48,.T.);
#658=EDGE_CURVE('',#518,#490,#368,.T.);
#659=EDGE_CURVE('',#518,#503,#369,.T.);
#660=EDGE_CURVE('',#519,#474,#370,.T.);
#661=EDGE_CURVE('',#519,#487,#371,.T.);
#662=EDGE_CURVE('',#496,#486,#49,.T.);
#663=EDGE_CURVE('',#488,#494,#50,.T.);
#664=EDGE_CURVE('',#520,#521,#372,.T.);
#665=EDGE_CURVE('',#521,#482,#51,.T.);
#666=EDGE_CURVE('',#484,#520,#52,.T.);
#667=EDGE_CURVE('',#522,#458,#373,.T.);
#668=EDGE_CURVE('',#522,#471,#374,.T.);
#669=EDGE_CURVE('',#460,#502,#53,.T.);
#670=EDGE_CURVE('',#504,#522,#54,.T.);
#671=EDGE_CURVE('',#523,#524,#375,.F.);
#672=EDGE_CURVE('',#523,#525,#376,.T.);
#673=EDGE_CURVE('',#526,#523,#377,.T.);
#674=EDGE_CURVE('',#527,#526,#378,.F.);
#675=EDGE_CURVE('',#524,#527,#379,.T.);
#676=EDGE_CURVE('',#528,#442,#380,.T.);
#677=EDGE_CURVE('',#528,#455,#381,.T.);
#678=EDGE_CURVE('',#480,#450,#55,.T.);
#679=EDGE_CURVE('',#452,#478,#56,.T.);
#680=EDGE_CURVE('',#529,#530,#382,.T.);
#681=EDGE_CURVE('',#530,#446,#57,.T.);
#682=EDGE_CURVE('',#448,#529,#58,.T.);
#683=EDGE_CURVE('',#444,#466,#59,.T.);
#684=EDGE_CURVE('',#468,#528,#60,.T.);
#685=EDGE_CURVE('',#523,#454,#61,.T.);
#686=EDGE_CURVE('',#456,#526,#62,.T.);
#687=EDGE_CURVE('',#526,#470,#63,.T.);
#688=EDGE_CURVE('',#472,#527,#64,.T.);
#689=EDGE_CURVE('',#527,#518,#65,.T.);
#690=EDGE_CURVE('',#492,#524,#66,.T.);
#691=EDGE_CURVE('',#524,#519,#67,.T.);
#692=EDGE_CURVE('',#476,#523,#68,.T.);
#693=EDGE_CURVE('',#531,#532,#383,.T.);
#694=EDGE_CURVE('',#532,#462,#69,.T.);
#695=EDGE_CURVE('',#464,#531,#70,.T.);
#696=EDGE_CURVE('',#533,#534,#384,.T.);
#697=EDGE_CURVE('',#534,#498,#71,.T.);
#698=EDGE_CURVE('',#500,#533,#72,.T.);
#699=EDGE_CURVE('',#521,#529,#73,.T.);
#700=EDGE_CURVE('',#534,#520,#74,.T.);
#701=EDGE_CURVE('',#535,#536,#385,.T.);
#702=EDGE_CURVE('',#536,#537,#75,.T.);
#703=EDGE_CURVE('',#537,#538,#386,.T.);
#704=EDGE_CURVE('',#538,#535,#76,.T.);
#705=EDGE_CURVE('',#539,#538,#77,.T.);
#706=EDGE_CURVE('',#540,#539,#78,.T.);
#707=EDGE_CURVE('',#540,#535,#79,.T.);
#708=EDGE_CURVE('',#537,#541,#80,.T.);
#709=EDGE_CURVE('',#542,#541,#387,.T.);
#710=EDGE_CURVE('',#542,#543,#81,.T.);
#711=EDGE_CURVE('',#544,#543,#388,.T.);
#712=EDGE_CURVE('',#544,#545,#82,.T.);
#713=EDGE_CURVE('',#539,#545,#389,.T.);
#714=EDGE_CURVE('',#532,#533,#83,.T.);
#715=EDGE_CURVE('',#530,#531,#84,.T.);
#716=EDGE_CURVE('',#546,#547,#390,.T.);
#717=EDGE_CURVE('',#547,#544,#85,.T.);
#718=EDGE_CURVE('',#543,#546,#86,.T.);
#719=EDGE_CURVE('',#548,#542,#87,.T.);
#720=EDGE_CURVE('',#548,#546,#88,.T.);
#721=EDGE_CURVE('',#549,#548,#391,.T.);
#722=EDGE_CURVE('',#541,#549,#89,.T.);
#723=EDGE_CURVE('',#536,#549,#90,.T.);
#724=EDGE_CURVE('',#550,#540,#392,.T.);
#725=EDGE_CURVE('',#545,#550,#91,.T.);
#726=EDGE_CURVE('',#514,#513,#92,.T.);
#727=EDGE_CURVE('',#516,#515,#93,.T.);
#728=EDGE_CURVE('',#547,#550,#94,.T.);
#729=ORIENTED_EDGE('',*,*,#551,.F.);
#730=ORIENTED_EDGE('',*,*,#552,.T.);
#731=ORIENTED_EDGE('',*,*,#553,.T.);
#732=ORIENTED_EDGE('',*,*,#554,.F.);
#733=ORIENTED_EDGE('',*,*,#552,.F.);
#734=ORIENTED_EDGE('',*,*,#555,.T.);
#735=ORIENTED_EDGE('',*,*,#556,.F.);
#736=ORIENTED_EDGE('',*,*,#557,.T.);
#737=ORIENTED_EDGE('',*,*,#555,.F.);
#738=ORIENTED_EDGE('',*,*,#558,.T.);
#739=ORIENTED_EDGE('',*,*,#559,.T.);
#740=ORIENTED_EDGE('',*,*,#560,.F.);
#741=ORIENTED_EDGE('',*,*,#558,.F.);
#742=ORIENTED_EDGE('',*,*,#561,.T.);
#743=ORIENTED_EDGE('',*,*,#562,.F.);
#744=ORIENTED_EDGE('',*,*,#563,.T.);
#745=ORIENTED_EDGE('',*,*,#561,.F.);
#746=ORIENTED_EDGE('',*,*,#564,.T.);
#747=ORIENTED_EDGE('',*,*,#565,.T.);
#748=ORIENTED_EDGE('',*,*,#566,.F.);
#749=ORIENTED_EDGE('',*,*,#564,.F.);
#750=ORIENTED_EDGE('',*,*,#567,.T.);
#751=ORIENTED_EDGE('',*,*,#568,.F.);
#752=ORIENTED_EDGE('',*,*,#569,.T.);
#753=ORIENTED_EDGE('',*,*,#567,.F.);
#754=ORIENTED_EDGE('',*,*,#570,.T.);
#755=ORIENTED_EDGE('',*,*,#571,.T.);
#756=ORIENTED_EDGE('',*,*,#572,.F.);
#757=ORIENTED_EDGE('',*,*,#573,.F.);
#758=ORIENTED_EDGE('',*,*,#574,.T.);
#759=ORIENTED_EDGE('',*,*,#575,.T.);
#760=ORIENTED_EDGE('',*,*,#576,.F.);
#761=ORIENTED_EDGE('',*,*,#574,.F.);
#762=ORIENTED_EDGE('',*,*,#577,.T.);
#763=ORIENTED_EDGE('',*,*,#578,.F.);
#764=ORIENTED_EDGE('',*,*,#579,.T.);
#765=ORIENTED_EDGE('',*,*,#577,.F.);
#766=ORIENTED_EDGE('',*,*,#580,.T.);
#767=ORIENTED_EDGE('',*,*,#581,.T.);
#768=ORIENTED_EDGE('',*,*,#582,.F.);
#769=ORIENTED_EDGE('',*,*,#580,.F.);
#770=ORIENTED_EDGE('',*,*,#583,.T.);
#771=ORIENTED_EDGE('',*,*,#584,.F.);
#772=ORIENTED_EDGE('',*,*,#585,.T.);
#773=ORIENTED_EDGE('',*,*,#583,.F.);
#774=ORIENTED_EDGE('',*,*,#586,.T.);
#775=ORIENTED_EDGE('',*,*,#587,.T.);
#776=ORIENTED_EDGE('',*,*,#588,.F.);
#777=ORIENTED_EDGE('',*,*,#586,.F.);
#778=ORIENTED_EDGE('',*,*,#589,.T.);
#779=ORIENTED_EDGE('',*,*,#590,.F.);
#780=ORIENTED_EDGE('',*,*,#591,.T.);
#781=ORIENTED_EDGE('',*,*,#589,.F.);
#782=ORIENTED_EDGE('',*,*,#592,.T.);
#783=ORIENTED_EDGE('',*,*,#593,.T.);
#784=ORIENTED_EDGE('',*,*,#594,.F.);
#785=ORIENTED_EDGE('',*,*,#595,.F.);
#786=ORIENTED_EDGE('',*,*,#596,.T.);
#787=ORIENTED_EDGE('',*,*,#597,.T.);
#788=ORIENTED_EDGE('',*,*,#598,.F.);
#789=ORIENTED_EDGE('',*,*,#596,.F.);
#790=ORIENTED_EDGE('',*,*,#599,.T.);
#791=ORIENTED_EDGE('',*,*,#600,.F.);
#792=ORIENTED_EDGE('',*,*,#601,.T.);
#793=ORIENTED_EDGE('',*,*,#599,.F.);
#794=ORIENTED_EDGE('',*,*,#602,.T.);
#795=ORIENTED_EDGE('',*,*,#603,.T.);
#796=ORIENTED_EDGE('',*,*,#604,.F.);
#797=ORIENTED_EDGE('',*,*,#602,.F.);
#798=ORIENTED_EDGE('',*,*,#605,.T.);
#799=ORIENTED_EDGE('',*,*,#606,.F.);
#800=ORIENTED_EDGE('',*,*,#607,.T.);
#801=ORIENTED_EDGE('',*,*,#605,.F.);
#802=ORIENTED_EDGE('',*,*,#608,.T.);
#803=ORIENTED_EDGE('',*,*,#609,.T.);
#804=ORIENTED_EDGE('',*,*,#610,.F.);
#805=ORIENTED_EDGE('',*,*,#608,.F.);
#806=ORIENTED_EDGE('',*,*,#611,.T.);
#807=ORIENTED_EDGE('',*,*,#612,.F.);
#808=ORIENTED_EDGE('',*,*,#613,.T.);
#809=ORIENTED_EDGE('',*,*,#611,.F.);
#810=ORIENTED_EDGE('',*,*,#614,.T.);
#811=ORIENTED_EDGE('',*,*,#615,.T.);
#812=ORIENTED_EDGE('',*,*,#616,.F.);
#813=ORIENTED_EDGE('',*,*,#617,.F.);
#814=ORIENTED_EDGE('',*,*,#618,.T.);
#815=ORIENTED_EDGE('',*,*,#619,.T.);
#816=ORIENTED_EDGE('',*,*,#620,.F.);
#817=ORIENTED_EDGE('',*,*,#618,.F.);
#818=ORIENTED_EDGE('',*,*,#621,.T.);
#819=ORIENTED_EDGE('',*,*,#622,.F.);
#820=ORIENTED_EDGE('',*,*,#623,.T.);
#821=ORIENTED_EDGE('',*,*,#621,.F.);
#822=ORIENTED_EDGE('',*,*,#624,.T.);
#823=ORIENTED_EDGE('',*,*,#625,.T.);
#824=ORIENTED_EDGE('',*,*,#626,.F.);
#825=ORIENTED_EDGE('',*,*,#624,.F.);
#826=ORIENTED_EDGE('',*,*,#627,.T.);
#827=ORIENTED_EDGE('',*,*,#628,.F.);
#828=ORIENTED_EDGE('',*,*,#629,.T.);
#829=ORIENTED_EDGE('',*,*,#627,.F.);
#830=ORIENTED_EDGE('',*,*,#630,.T.);
#831=ORIENTED_EDGE('',*,*,#631,.T.);
#832=ORIENTED_EDGE('',*,*,#632,.F.);
#833=ORIENTED_EDGE('',*,*,#630,.F.);
#834=ORIENTED_EDGE('',*,*,#633,.T.);
#835=ORIENTED_EDGE('',*,*,#634,.F.);
#836=ORIENTED_EDGE('',*,*,#635,.T.);
#837=ORIENTED_EDGE('',*,*,#633,.F.);
#838=ORIENTED_EDGE('',*,*,#636,.T.);
#839=ORIENTED_EDGE('',*,*,#637,.T.);
#840=ORIENTED_EDGE('',*,*,#638,.F.);
#841=ORIENTED_EDGE('',*,*,#639,.F.);
#842=ORIENTED_EDGE('',*,*,#640,.F.);
#843=ORIENTED_EDGE('',*,*,#641,.T.);
#844=ORIENTED_EDGE('',*,*,#641,.F.);
#845=ORIENTED_EDGE('',*,*,#642,.F.);
#846=ORIENTED_EDGE('',*,*,#643,.F.);
#847=ORIENTED_EDGE('',*,*,#644,.T.);
#848=ORIENTED_EDGE('',*,*,#645,.T.);
#849=ORIENTED_EDGE('',*,*,#640,.T.);
#850=ORIENTED_EDGE('',*,*,#646,.T.);
#851=ORIENTED_EDGE('',*,*,#647,.T.);
#852=ORIENTED_EDGE('',*,*,#648,.T.);
#853=ORIENTED_EDGE('',*,*,#642,.T.);
#854=ORIENTED_EDGE('',*,*,#649,.T.);
#855=ORIENTED_EDGE('',*,*,#650,.T.);
#856=ORIENTED_EDGE('',*,*,#651,.T.);
#857=ORIENTED_EDGE('',*,*,#643,.T.);
#858=ORIENTED_EDGE('',*,*,#652,.T.);
#859=ORIENTED_EDGE('',*,*,#653,.T.);
#860=ORIENTED_EDGE('',*,*,#654,.T.);
#861=ORIENTED_EDGE('',*,*,#639,.T.);
#862=ORIENTED_EDGE('',*,*,#655,.T.);
#863=ORIENTED_EDGE('',*,*,#649,.F.);
#864=ORIENTED_EDGE('',*,*,#645,.F.);
#865=ORIENTED_EDGE('',*,*,#656,.F.);
#866=ORIENTED_EDGE('',*,*,#646,.F.);
#867=ORIENTED_EDGE('',*,*,#654,.F.);
#868=ORIENTED_EDGE('',*,*,#657,.F.);
#869=ORIENTED_EDGE('',*,*,#617,.T.);
#870=ORIENTED_EDGE('',*,*,#658,.F.);
#871=ORIENTED_EDGE('',*,*,#659,.T.);
#872=ORIENTED_EDGE('',*,*,#636,.F.);
#873=ORIENTED_EDGE('',*,*,#595,.T.);
#874=ORIENTED_EDGE('',*,*,#660,.F.);
#875=ORIENTED_EDGE('',*,*,#661,.T.);
#876=ORIENTED_EDGE('',*,*,#614,.F.);
#877=ORIENTED_EDGE('',*,*,#622,.T.);
#878=ORIENTED_EDGE('',*,*,#626,.T.);
#879=ORIENTED_EDGE('',*,*,#662,.T.);
#880=ORIENTED_EDGE('',*,*,#612,.T.);
#881=ORIENTED_EDGE('',*,*,#616,.T.);
#882=ORIENTED_EDGE('',*,*,#663,.T.);
#883=ORIENTED_EDGE('',*,*,#664,.T.);
#884=ORIENTED_EDGE('',*,*,#665,.T.);
#885=ORIENTED_EDGE('',*,*,#606,.T.);
#886=ORIENTED_EDGE('',*,*,#610,.T.);
#887=ORIENTED_EDGE('',*,*,#666,.T.);
#888=ORIENTED_EDGE('',*,*,#573,.T.);
#889=ORIENTED_EDGE('',*,*,#667,.F.);
#890=ORIENTED_EDGE('',*,*,#668,.T.);
#891=ORIENTED_EDGE('',*,*,#592,.F.);
#892=ORIENTED_EDGE('',*,*,#667,.T.);
#893=ORIENTED_EDGE('',*,*,#576,.T.);
#894=ORIENTED_EDGE('',*,*,#669,.T.);
#895=ORIENTED_EDGE('',*,*,#634,.T.);
#896=ORIENTED_EDGE('',*,*,#638,.T.);
#897=ORIENTED_EDGE('',*,*,#670,.T.);
#898=ORIENTED_EDGE('',*,*,#671,.F.);
#899=ORIENTED_EDGE('',*,*,#672,.T.);
#900=ORIENTED_EDGE('',*,*,#672,.F.);
#901=ORIENTED_EDGE('',*,*,#673,.F.);
#902=ORIENTED_EDGE('',*,*,#674,.F.);
#903=ORIENTED_EDGE('',*,*,#675,.F.);
#904=ORIENTED_EDGE('',*,*,#551,.T.);
#905=ORIENTED_EDGE('',*,*,#676,.F.);
#906=ORIENTED_EDGE('',*,*,#677,.T.);
#907=ORIENTED_EDGE('',*,*,#570,.F.);
#908=ORIENTED_EDGE('',*,*,#600,.T.);
#909=ORIENTED_EDGE('',*,*,#604,.T.);
#910=ORIENTED_EDGE('',*,*,#678,.T.);
#911=ORIENTED_EDGE('',*,*,#562,.T.);
#912=ORIENTED_EDGE('',*,*,#566,.T.);
#913=ORIENTED_EDGE('',*,*,#679,.T.);
#914=ORIENTED_EDGE('',*,*,#680,.T.);
#915=ORIENTED_EDGE('',*,*,#681,.T.);
#916=ORIENTED_EDGE('',*,*,#556,.T.);
#917=ORIENTED_EDGE('',*,*,#560,.T.);
#918=ORIENTED_EDGE('',*,*,#682,.T.);
#919=ORIENTED_EDGE('',*,*,#676,.T.);
#920=ORIENTED_EDGE('',*,*,#554,.T.);
#921=ORIENTED_EDGE('',*,*,#683,.T.);
#922=ORIENTED_EDGE('',*,*,#584,.T.);
#923=ORIENTED_EDGE('',*,*,#588,.T.);
#924=ORIENTED_EDGE('',*,*,#684,.T.);
#925=ORIENTED_EDGE('',*,*,#673,.T.);
#926=ORIENTED_EDGE('',*,*,#685,.T.);
#927=ORIENTED_EDGE('',*,*,#568,.T.);
#928=ORIENTED_EDGE('',*,*,#572,.T.);
#929=ORIENTED_EDGE('',*,*,#686,.T.);
#930=ORIENTED_EDGE('',*,*,#674,.T.);
#931=ORIENTED_EDGE('',*,*,#687,.T.);
#932=ORIENTED_EDGE('',*,*,#590,.T.);
#933=ORIENTED_EDGE('',*,*,#594,.T.);
#934=ORIENTED_EDGE('',*,*,#688,.T.);
#935=ORIENTED_EDGE('',*,*,#675,.T.);
#936=ORIENTED_EDGE('',*,*,#689,.T.);
#937=ORIENTED_EDGE('',*,*,#658,.T.);
#938=ORIENTED_EDGE('',*,*,#620,.T.);
#939=ORIENTED_EDGE('',*,*,#690,.T.);
#940=ORIENTED_EDGE('',*,*,#671,.T.);
#941=ORIENTED_EDGE('',*,*,#691,.T.);
#942=ORIENTED_EDGE('',*,*,#660,.T.);
#943=ORIENTED_EDGE('',*,*,#598,.T.);
#944=ORIENTED_EDGE('',*,*,#692,.T.);
#945=ORIENTED_EDGE('',*,*,#693,.T.);
#946=ORIENTED_EDGE('',*,*,#694,.T.);
#947=ORIENTED_EDGE('',*,*,#578,.T.);
#948=ORIENTED_EDGE('',*,*,#582,.T.);
#949=ORIENTED_EDGE('',*,*,#695,.T.);
#950=ORIENTED_EDGE('',*,*,#696,.T.);
#951=ORIENTED_EDGE('',*,*,#697,.T.);
#952=ORIENTED_EDGE('',*,*,#628,.T.);
#953=ORIENTED_EDGE('',*,*,#632,.T.);
#954=ORIENTED_EDGE('',*,*,#698,.T.);
#955=ORIENTED_EDGE('',*,*,#682,.F.);
#956=ORIENTED_EDGE('',*,*,#559,.F.);
#957=ORIENTED_EDGE('',*,*,#563,.F.);
#958=ORIENTED_EDGE('',*,*,#678,.F.);
#959=ORIENTED_EDGE('',*,*,#603,.F.);
#960=ORIENTED_EDGE('',*,*,#607,.F.);
#961=ORIENTED_EDGE('',*,*,#665,.F.);
#962=ORIENTED_EDGE('',*,*,#699,.T.);
#963=ORIENTED_EDGE('',*,*,#666,.F.);
#964=ORIENTED_EDGE('',*,*,#609,.F.);
#965=ORIENTED_EDGE('',*,*,#613,.F.);
#966=ORIENTED_EDGE('',*,*,#662,.F.);
#967=ORIENTED_EDGE('',*,*,#625,.F.);
#968=ORIENTED_EDGE('',*,*,#629,.F.);
#969=ORIENTED_EDGE('',*,*,#697,.F.);
#970=ORIENTED_EDGE('',*,*,#700,.T.);
#971=ORIENTED_EDGE('',*,*,#661,.F.);
#972=ORIENTED_EDGE('',*,*,#691,.F.);
#973=ORIENTED_EDGE('',*,*,#690,.F.);
#974=ORIENTED_EDGE('',*,*,#619,.F.);
#975=ORIENTED_EDGE('',*,*,#623,.F.);
#976=ORIENTED_EDGE('',*,*,#663,.F.);
#977=ORIENTED_EDGE('',*,*,#615,.F.);
#978=ORIENTED_EDGE('',*,*,#668,.F.);
#979=ORIENTED_EDGE('',*,*,#670,.F.);
#980=ORIENTED_EDGE('',*,*,#637,.F.);
#981=ORIENTED_EDGE('',*,*,#659,.F.);
#982=ORIENTED_EDGE('',*,*,#689,.F.);
#983=ORIENTED_EDGE('',*,*,#688,.F.);
#984=ORIENTED_EDGE('',*,*,#593,.F.);
#985=ORIENTED_EDGE('',*,*,#677,.F.);
#986=ORIENTED_EDGE('',*,*,#684,.F.);
#987=ORIENTED_EDGE('',*,*,#587,.F.);
#988=ORIENTED_EDGE('',*,*,#591,.F.);
#989=ORIENTED_EDGE('',*,*,#687,.F.);
#990=ORIENTED_EDGE('',*,*,#686,.F.);
#991=ORIENTED_EDGE('',*,*,#571,.F.);
#992=ORIENTED_EDGE('',*,*,#569,.F.);
#993=ORIENTED_EDGE('',*,*,#685,.F.);
#994=ORIENTED_EDGE('',*,*,#692,.F.);
#995=ORIENTED_EDGE('',*,*,#597,.F.);
#996=ORIENTED_EDGE('',*,*,#601,.F.);
#997=ORIENTED_EDGE('',*,*,#679,.F.);
#998=ORIENTED_EDGE('',*,*,#565,.F.);
#999=ORIENTED_EDGE('',*,*,#701,.T.);
#1000=ORIENTED_EDGE('',*,*,#702,.T.);
#1001=ORIENTED_EDGE('',*,*,#703,.T.);
#1002=ORIENTED_EDGE('',*,*,#704,.T.);
#1003=ORIENTED_EDGE('',*,*,#704,.F.);
#1004=ORIENTED_EDGE('',*,*,#705,.F.);
#1005=ORIENTED_EDGE('',*,*,#706,.F.);
#1006=ORIENTED_EDGE('',*,*,#707,.T.);
#1007=ORIENTED_EDGE('',*,*,#703,.F.);
#1008=ORIENTED_EDGE('',*,*,#708,.T.);
#1009=ORIENTED_EDGE('',*,*,#709,.F.);
#1010=ORIENTED_EDGE('',*,*,#710,.T.);
#1011=ORIENTED_EDGE('',*,*,#711,.F.);
#1012=ORIENTED_EDGE('',*,*,#712,.T.);
#1013=ORIENTED_EDGE('',*,*,#713,.F.);
#1014=ORIENTED_EDGE('',*,*,#705,.T.);
#1015=ORIENTED_EDGE('',*,*,#714,.F.);
#1016=ORIENTED_EDGE('',*,*,#693,.F.);
#1017=ORIENTED_EDGE('',*,*,#715,.F.);
#1018=ORIENTED_EDGE('',*,*,#680,.F.);
#1019=ORIENTED_EDGE('',*,*,#699,.F.);
#1020=ORIENTED_EDGE('',*,*,#664,.F.);
#1021=ORIENTED_EDGE('',*,*,#700,.F.);
#1022=ORIENTED_EDGE('',*,*,#696,.F.);
#1023=ORIENTED_EDGE('',*,*,#716,.T.);
#1024=ORIENTED_EDGE('',*,*,#717,.T.);
#1025=ORIENTED_EDGE('',*,*,#711,.T.);
#1026=ORIENTED_EDGE('',*,*,#718,.T.);
#1027=ORIENTED_EDGE('',*,*,#718,.F.);
#1028=ORIENTED_EDGE('',*,*,#710,.F.);
#1029=ORIENTED_EDGE('',*,*,#719,.F.);
#1030=ORIENTED_EDGE('',*,*,#720,.T.);
#1031=ORIENTED_EDGE('',*,*,#721,.T.);
#1032=ORIENTED_EDGE('',*,*,#719,.T.);
#1033=ORIENTED_EDGE('',*,*,#709,.T.);
#1034=ORIENTED_EDGE('',*,*,#722,.T.);
#1035=ORIENTED_EDGE('',*,*,#702,.F.);
#1036=ORIENTED_EDGE('',*,*,#723,.T.);
#1037=ORIENTED_EDGE('',*,*,#722,.F.);
#1038=ORIENTED_EDGE('',*,*,#708,.F.);
#1039=ORIENTED_EDGE('',*,*,#724,.T.);
#1040=ORIENTED_EDGE('',*,*,#706,.T.);
#1041=ORIENTED_EDGE('',*,*,#713,.T.);
#1042=ORIENTED_EDGE('',*,*,#725,.T.);
#1043=ORIENTED_EDGE('',*,*,#648,.F.);
#1044=ORIENTED_EDGE('',*,*,#726,.F.);
#1045=ORIENTED_EDGE('',*,*,#652,.F.);
#1046=ORIENTED_EDGE('',*,*,#651,.F.);
#1047=ORIENTED_EDGE('',*,*,#727,.F.);
#1048=ORIENTED_EDGE('',*,*,#655,.F.);
#1049=ORIENTED_EDGE('',*,*,#681,.F.);
#1050=ORIENTED_EDGE('',*,*,#715,.T.);
#1051=ORIENTED_EDGE('',*,*,#695,.F.);
#1052=ORIENTED_EDGE('',*,*,#581,.F.);
#1053=ORIENTED_EDGE('',*,*,#585,.F.);
#1054=ORIENTED_EDGE('',*,*,#683,.F.);
#1055=ORIENTED_EDGE('',*,*,#553,.F.);
#1056=ORIENTED_EDGE('',*,*,#557,.F.);
#1057=ORIENTED_EDGE('',*,*,#717,.F.);
#1058=ORIENTED_EDGE('',*,*,#728,.T.);
#1059=ORIENTED_EDGE('',*,*,#725,.F.);
#1060=ORIENTED_EDGE('',*,*,#712,.F.);
#1061=ORIENTED_EDGE('',*,*,#694,.F.);
#1062=ORIENTED_EDGE('',*,*,#714,.T.);
#1063=ORIENTED_EDGE('',*,*,#698,.F.);
#1064=ORIENTED_EDGE('',*,*,#631,.F.);
#1065=ORIENTED_EDGE('',*,*,#635,.F.);
#1066=ORIENTED_EDGE('',*,*,#669,.F.);
#1067=ORIENTED_EDGE('',*,*,#575,.F.);
#1068=ORIENTED_EDGE('',*,*,#579,.F.);
#1069=ORIENTED_EDGE('',*,*,#701,.F.);
#1070=ORIENTED_EDGE('',*,*,#707,.F.);
#1071=ORIENTED_EDGE('',*,*,#724,.F.);
#1072=ORIENTED_EDGE('',*,*,#728,.F.);
#1073=ORIENTED_EDGE('',*,*,#716,.F.);
#1074=ORIENTED_EDGE('',*,*,#720,.F.);
#1075=ORIENTED_EDGE('',*,*,#721,.F.);
#1076=ORIENTED_EDGE('',*,*,#723,.F.);
#1077=ORIENTED_EDGE('',*,*,#726,.T.);
#1078=ORIENTED_EDGE('',*,*,#647,.F.);
#1079=ORIENTED_EDGE('',*,*,#656,.T.);
#1080=ORIENTED_EDGE('',*,*,#644,.F.);
#1081=ORIENTED_EDGE('',*,*,#657,.T.);
#1082=ORIENTED_EDGE('',*,*,#653,.F.);
#1083=ORIENTED_EDGE('',*,*,#727,.T.);
#1084=ORIENTED_EDGE('',*,*,#650,.F.);
#1085=B_SPLINE_SURFACE_WITH_KNOTS('',3,3,((#1611,#1612,#1613,#1614,#1615,
#1616,#1617,#1618,#1619),(#1620,#1621,#1622,#1623,#1624,#1625,#1626,#1627,
#1628),(#1629,#1630,#1631,#1632,#1633,#1634,#1635,#1636,#1637),(#1638,#1639,
#1640,#1641,#1642,#1643,#1644,#1645,#1646),(#1647,#1648,#1649,#1650,#1651,
#1652,#1653,#1654,#1655),(#1656,#1657,#1658,#1659,#1660,#1661,#1662,#1663,
#1664)),.UNSPECIFIED.,.F.,.F.,.F.,(4,1,1,4),(4,1,1,1,1,1,4),(0.,0.333333333333333,
0.666666666666667,1.),(0.,0.166666666666667,0.333333333333333,0.5,0.666666666666667,
0.833333333333333,1.),.UNSPECIFIED.);
#1086=B_SPLINE_SURFACE_WITH_KNOTS('',3,3,((#1731,#1732,#1733,#1734,#1735,
#1736),(#1737,#1738,#1739,#1740,#1741,#1742),(#1743,#1744,#1745,#1746,#1747,
#1748),(#1749,#1750,#1751,#1752,#1753,#1754),(#1755,#1756,#1757,#1758,#1759,
#1760),(#1761,#1762,#1763,#1764,#1765,#1766),(#1767,#1768,#1769,#1770,#1771,
#1772),(#1773,#1774,#1775,#1776,#1777,#1778),(#1779,#1780,#1781,#1782,#1783,
#1784)),.UNSPECIFIED.,.F.,.F.,.F.,(4,1,1,1,1,1,4),(4,1,1,4),(0.,0.166666666666667,
0.333333333333333,0.5,0.666666666666667,0.833333333333333,1.),(0.,0.333333333333333,
0.666666666666667,1.),.UNSPECIFIED.);
#1087=B_SPLINE_SURFACE_WITH_KNOTS('',3,3,((#1837,#1838,#1839,#1840,#1841,
#1842,#1843,#1844,#1845),(#1846,#1847,#1848,#1849,#1850,#1851,#1852,#1853,
#1854),(#1855,#1856,#1857,#1858,#1859,#1860,#1861,#1862,#1863),(#1864,#1865,
#1866,#1867,#1868,#1869,#1870,#1871,#1872),(#1873,#1874,#1875,#1876,#1877,
#1878,#1879,#1880,#1881),(#1882,#1883,#1884,#1885,#1886,#1887,#1888,#1889,
#1890)),.UNSPECIFIED.,.F.,.F.,.F.,(4,1,1,4),(4,1,1,1,1,1,4),(0.,0.333333333333333,
0.666666666666667,1.),(0.,0.166666666666667,0.333333333333333,0.5,0.666666666666667,
0.833333333333333,1.),.UNSPECIFIED.);
#1088=B_SPLINE_SURFACE_WITH_KNOTS('',3,3,((#1961,#1962,#1963,#1964,#1965,
#1966),(#1967,#1968,#1969,#1970,#1971,#1972),(#1973,#1974,#1975,#1976,#1977,
#1978),(#1979,#1980,#1981,#1982,#1983,#1984),(#1985,#1986,#1987,#1988,#1989,
#1990),(#1991,#1992,#1993,#1994,#1995,#1996),(#1997,#1998,#1999,#2000,#2001,
#2002),(#2003,#2004,#2005,#2006,#2007,#2008),(#2009,#2010,#2011,#2012,#2013,
#2014)),.UNSPECIFIED.,.F.,.F.,.F.,(4,1,1,1,1,1,4),(4,1,1,4),(0.,0.166666666666667,
0.333333333333333,0.5,0.666666666666667,0.833333333333333,1.),(0.,0.333333333333333,
0.666666666666667,1.),.UNSPECIFIED.);
#1089=B_SPLINE_SURFACE_WITH_KNOTS('',3,3,((#2085,#2086,#2087,#2088,#2089,
#2090,#2091,#2092,#2093),(#2094,#2095,#2096,#2097,#2098,#2099,#2100,#2101,
#2102),(#2103,#2104,#2105,#2106,#2107,#2108,#2109,#2110,#2111),(#2112,#2113,
#2114,#2115,#2116,#2117,#2118,#2119,#2120),(#2121,#2122,#2123,#2124,#2125,
#2126,#2127,#2128,#2129),(#2130,#2131,#2132,#2133,#2134,#2135,#2136,#2137,
#2138)),.UNSPECIFIED.,.F.,.F.,.F.,(4,1,1,4),(4,1,1,1,1,1,4),(0.,0.333333333333333,
0.666666666666667,1.),(0.,0.166666666666667,0.333333333333333,0.5,0.666666666666667,
0.833333333333333,1.),.UNSPECIFIED.);
#1090=B_SPLINE_SURFACE_WITH_KNOTS('',3,3,((#2149,#2150,#2151,#2152,#2153,
#2154),(#2155,#2156,#2157,#2158,#2159,#2160),(#2161,#2162,#2163,#2164,#2165,
#2166),(#2167,#2168,#2169,#2170,#2171,#2172),(#2173,#2174,#2175,#2176,#2177,
#2178),(#2179,#2180,#2181,#2182,#2183,#2184)),.UNSPECIFIED.,.F.,.F.,.F.,
(4,1,1,4),(4,1,1,4),(0.,0.333333333333333,0.666666666666667,1.),(0.,0.333333333333333,
0.666666666666667,1.),.UNSPECIFIED.);
#1091=B_SPLINE_SURFACE_WITH_KNOTS('',3,3,((#2195,#2196,#2197,#2198,#2199,
#2200),(#2201,#2202,#2203,#2204,#2205,#2206),(#2207,#2208,#2209,#2210,#2211,
#2212),(#2213,#2214,#2215,#2216,#2217,#2218),(#2219,#2220,#2221,#2222,#2223,
#2224),(#2225,#2226,#2227,#2228,#2229,#2230)),.UNSPECIFIED.,.F.,.F.,.F.,
(4,1,1,4),(4,1,1,4),(0.,0.333333333333333,0.666666666666667,1.),(0.,0.333333333333333,
0.666666666666667,1.),.UNSPECIFIED.);
#1092=B_SPLINE_SURFACE_WITH_KNOTS('',3,3,((#2241,#2242,#2243,#2244,#2245,
#2246,#2247,#2248,#2249),(#2250,#2251,#2252,#2253,#2254,#2255,#2256,#2257,
#2258),(#2259,#2260,#2261,#2262,#2263,#2264,#2265,#2266,#2267),(#2268,#2269,
#2270,#2271,#2272,#2273,#2274,#2275,#2276),(#2277,#2278,#2279,#2280,#2281,
#2282,#2283,#2284,#2285),(#2286,#2287,#2288,#2289,#2290,#2291,#2292,#2293,
#2294)),.UNSPECIFIED.,.F.,.F.,.F.,(4,1,1,4),(4,1,1,1,1,1,4),(0.,0.333333333333333,
0.666666666666667,1.),(0.,0.166666666666667,0.333333333333333,0.5,0.666666666666667,
0.833333333333333,1.),.UNSPECIFIED.);
#1093=B_SPLINE_SURFACE_WITH_KNOTS('',3,3,((#2361,#2362,#2363,#2364,#2365,
#2366),(#2367,#2368,#2369,#2370,#2371,#2372),(#2373,#2374,#2375,#2376,#2377,
#2378),(#2379,#2380,#2381,#2382,#2383,#2384),(#2385,#2386,#2387,#2388,#2389,
#2390),(#2391,#2392,#2393,#2394,#2395,#2396),(#2397,#2398,#2399,#2400,#2401,
#2402),(#2403,#2404,#2405,#2406,#2407,#2408),(#2409,#2410,#2411,#2412,#2413,
#2414)),.UNSPECIFIED.,.F.,.F.,.F.,(4,1,1,1,1,1,4),(4,1,1,4),(0.,0.166666666666667,
0.333333333333333,0.5,0.666666666666667,0.833333333333333,1.),(0.,0.333333333333333,
0.666666666666667,1.),.UNSPECIFIED.);
#1094=B_SPLINE_SURFACE_WITH_KNOTS('',3,3,((#2467,#2468,#2469,#2470,#2471,
#2472,#2473,#2474,#2475),(#2476,#2477,#2478,#2479,#2480,#2481,#2482,#2483,
#2484),(#2485,#2486,#2487,#2488,#2489,#2490,#2491,#2492,#2493),(#2494,#2495,
#2496,#2497,#2498,#2499,#2500,#2501,#2502),(#2503,#2504,#2505,#2506,#2507,
#2508,#2509,#2510,#2511),(#2512,#2513,#2514,#2515,#2516,#2517,#2518,#2519,
#2520)),.UNSPECIFIED.,.F.,.F.,.F.,(4,1,1,4),(4,1,1,1,1,1,4),(0.,0.333333333333333,
0.666666666666667,1.),(0.,0.166666666666667,0.333333333333333,0.5,0.666666666666667,
0.833333333333333,1.),.UNSPECIFIED.);
#1095=B_SPLINE_SURFACE_WITH_KNOTS('',3,3,((#2591,#2592,#2593,#2594,#2595,
#2596),(#2597,#2598,#2599,#2600,#2601,#2602),(#2603,#2604,#2605,#2606,#2607,
#2608),(#2609,#2610,#2611,#2612,#2613,#2614),(#2615,#2616,#2617,#2618,#2619,
#2620),(#2621,#2622,#2623,#2624,#2625,#2626),(#2627,#2628,#2629,#2630,#2631,
#2632),(#2633,#2634,#2635,#2636,#2637,#2638),(#2639,#2640,#2641,#2642,#2643,
#2644)),.UNSPECIFIED.,.F.,.F.,.F.,(4,1,1,1,1,1,4),(4,1,1,4),(0.,0.166666666666667,
0.333333333333333,0.5,0.666666666666667,0.833333333333333,1.),(0.,0.333333333333333,
0.666666666666667,1.),.UNSPECIFIED.);
#1096=B_SPLINE_SURFACE_WITH_KNOTS('',3,3,((#2715,#2716,#2717,#2718,#2719,
#2720,#2721,#2722,#2723),(#2724,#2725,#2726,#2727,#2728,#2729,#2730,#2731,
#2732),(#2733,#2734,#2735,#2736,#2737,#2738,#2739,#2740,#2741),(#2742,#2743,
#2744,#2745,#2746,#2747,#2748,#2749,#2750),(#2751,#2752,#2753,#2754,#2755,
#2756,#2757,#2758,#2759),(#2760,#2761,#2762,#2763,#2764,#2765,#2766,#2767,
#2768)),.UNSPECIFIED.,.F.,.F.,.F.,(4,1,1,4),(4,1,1,1,1,1,4),(0.,0.333333333333333,
0.666666666666667,1.),(0.,0.166666666666667,0.333333333333333,0.5,0.666666666666667,
0.833333333333333,1.),.UNSPECIFIED.);
#1097=B_SPLINE_SURFACE_WITH_KNOTS('',3,3,((#2779,#2780,#2781,#2782,#2783,
#2784),(#2785,#2786,#2787,#2788,#2789,#2790),(#2791,#2792,#2793,#2794,#2795,
#2796),(#2797,#2798,#2799,#2800,#2801,#2802),(#2803,#2804,#2805,#2806,#2807,
#2808),(#2809,#2810,#2811,#2812,#2813,#2814)),.UNSPECIFIED.,.F.,.F.,.F.,
(4,1,1,4),(4,1,1,4),(0.,0.333333333333333,0.666666666666667,1.),(0.,0.333333333333333,
0.666666666666667,1.),.UNSPECIFIED.);
#1098=B_SPLINE_SURFACE_WITH_KNOTS('',3,3,((#2825,#2826,#2827,#2828,#2829,
#2830),(#2831,#2832,#2833,#2834,#2835,#2836),(#2837,#2838,#2839,#2840,#2841,
#2842),(#2843,#2844,#2845,#2846,#2847,#2848),(#2849,#2850,#2851,#2852,#2853,
#2854),(#2855,#2856,#2857,#2858,#2859,#2860)),.UNSPECIFIED.,.F.,.F.,.F.,
(4,1,1,4),(4,1,1,4),(0.,0.333333333333333,0.666666666666667,1.),(0.,0.333333333333333,
0.666666666666667,1.),.UNSPECIFIED.);
#1099=B_SPLINE_SURFACE_WITH_KNOTS('',3,3,((#2871,#2872,#2873,#2874,#2875,
#2876,#2877,#2878,#2879),(#2880,#2881,#2882,#2883,#2884,#2885,#2886,#2887,
#2888),(#2889,#2890,#2891,#2892,#2893,#2894,#2895,#2896,#2897),(#2898,#2899,
#2900,#2901,#2902,#2903,#2904,#2905,#2906),(#2907,#2908,#2909,#2910,#2911,
#2912,#2913,#2914,#2915),(#2916,#2917,#2918,#2919,#2920,#2921,#2922,#2923,
#2924)),.UNSPECIFIED.,.F.,.F.,.F.,(4,1,1,4),(4,1,1,1,1,1,4),(0.,0.333333333333333,
0.666666666666667,1.),(0.,0.166666666666667,0.333333333333333,0.5,0.666666666666667,
0.833333333333333,1.),.UNSPECIFIED.);
#1100=B_SPLINE_SURFACE_WITH_KNOTS('',3,3,((#2946,#2947,#2948,#2949,#2950,
#2951),(#2952,#2953,#2954,#2955,#2956,#2957),(#2958,#2959,#2960,#2961,#2962,
#2963),(#2964,#2965,#2966,#2967,#2968,#2969),(#2970,#2971,#2972,#2973,#2974,
#2975),(#2976,#2977,#2978,#2979,#2980,#2981),(#2982,#2983,#2984,#2985,#2986,
#2987),(#2988,#2989,#2990,#2991,#2992,#2993),(#2994,#2995,#2996,#2997,#2998,
#2999)),.UNSPECIFIED.,.F.,.F.,.F.,(4,1,1,1,1,1,4),(4,1,1,4),(0.,0.166666666666667,
0.333333333333333,0.5,0.666666666666667,0.833333333333333,1.),(0.,0.333333333333333,
0.666666666666667,1.),.UNSPECIFIED.);
#1101=B_SPLINE_SURFACE_WITH_KNOTS('',3,3,((#3013,#3014,#3015,#3016,#3017,
#3018,#3019,#3020,#3021),(#3022,#3023,#3024,#3025,#3026,#3027,#3028,#3029,
#3030),(#3031,#3032,#3033,#3034,#3035,#3036,#3037,#3038,#3039),(#3040,#3041,
#3042,#3043,#3044,#3045,#3046,#3047,#3048),(#3049,#3050,#3051,#3052,#3053,
#3054,#3055,#3056,#3057),(#3058,#3059,#3060,#3061,#3062,#3063,#3064,#3065,
#3066)),.UNSPECIFIED.,.F.,.F.,.F.,(4,1,1,4),(4,1,1,1,1,1,4),(0.,0.333333333333333,
0.666666666666667,1.),(0.,0.166666666666667,0.333333333333333,0.5,0.666666666666667,
0.833333333333333,1.),.UNSPECIFIED.);
#1102=B_SPLINE_SURFACE_WITH_KNOTS('',3,3,((#3153,#3154,#3155,#3156,#3157,
#3158),(#3159,#3160,#3161,#3162,#3163,#3164),(#3165,#3166,#3167,#3168,#3169,
#3170),(#3171,#3172,#3173,#3174,#3175,#3176),(#3177,#3178,#3179,#3180,#3181,
#3182),(#3183,#3184,#3185,#3186,#3187,#3188),(#3189,#3190,#3191,#3192,#3193,
#3194),(#3195,#3196,#3197,#3198,#3199,#3200),(#3201,#3202,#3203,#3204,#3205,
#3206)),.UNSPECIFIED.,.F.,.F.,.F.,(4,1,1,1,1,1,4),(4,1,1,4),(0.,0.166666666666667,
0.333333333333333,0.5,0.666666666666667,0.833333333333333,1.),(0.,0.333333333333333,
0.666666666666667,1.),.UNSPECIFIED.);
#1103=B_SPLINE_SURFACE_WITH_KNOTS('',3,3,((#3259,#3260,#3261,#3262,#3263,
#3264,#3265,#3266,#3267),(#3268,#3269,#3270,#3271,#3272,#3273,#3274,#3275,
#3276),(#3277,#3278,#3279,#3280,#3281,#3282,#3283,#3284,#3285),(#3286,#3287,
#3288,#3289,#3290,#3291,#3292,#3293,#3294),(#3295,#3296,#3297,#3298,#3299,
#3300,#3301,#3302,#3303),(#3304,#3305,#3306,#3307,#3308,#3309,#3310,#3311,
#3312)),.UNSPECIFIED.,.F.,.F.,.F.,(4,1,1,4),(4,1,1,1,1,1,4),(0.,0.333333333333333,
0.666666666666667,1.),(0.,0.166666666666667,0.333333333333333,0.5,0.666666666666667,
0.833333333333333,1.),.UNSPECIFIED.);
#1104=B_SPLINE_SURFACE_WITH_KNOTS('',3,3,((#3383,#3384,#3385,#3386,#3387,
#3388),(#3389,#3390,#3391,#3392,#3393,#3394),(#3395,#3396,#3397,#3398,#3399,
#3400),(#3401,#3402,#3403,#3404,#3405,#3406),(#3407,#3408,#3409,#3410,#3411,
#3412),(#3413,#3414,#3415,#3416,#3417,#3418),(#3419,#3420,#3421,#3422,#3423,
#3424),(#3425,#3426,#3427,#3428,#3429,#3430),(#3431,#3432,#3433,#3434,#3435,
#3436)),.UNSPECIFIED.,.F.,.F.,.F.,(4,1,1,1,1,1,4),(4,1,1,4),(0.,0.166666666666667,
0.333333333333333,0.5,0.666666666666667,0.833333333333333,1.),(0.,0.333333333333333,
0.666666666666667,1.),.UNSPECIFIED.);
#1105=B_SPLINE_SURFACE_WITH_KNOTS('',3,3,((#3507,#3508,#3509,#3510,#3511,
#3512,#3513,#3514,#3515),(#3516,#3517,#3518,#3519,#3520,#3521,#3522,#3523,
#3524),(#3525,#3526,#3527,#3528,#3529,#3530,#3531,#3532,#3533),(#3534,#3535,
#3536,#3537,#3538,#3539,#3540,#3541,#3542),(#3543,#3544,#3545,#3546,#3547,
#3548,#3549,#3550,#3551),(#3552,#3553,#3554,#3555,#3556,#3557,#3558,#3559,
#3560)),.UNSPECIFIED.,.F.,.F.,.F.,(4,1,1,4),(4,1,1,1,1,1,4),(0.,0.333333333333333,
0.666666666666667,1.),(0.,0.166666666666667,0.333333333333333,0.5,0.666666666666667,
0.833333333333333,1.),.UNSPECIFIED.);
#1106=B_SPLINE_SURFACE_WITH_KNOTS('',3,3,((#3571,#3572,#3573,#3574,#3575,
#3576,#3577,#3578,#3579),(#3580,#3581,#3582,#3583,#3584,#3585,#3586,#3587,
#3588),(#3589,#3590,#3591,#3592,#3593,#3594,#3595,#3596,#3597),(#3598,#3599,
#3600,#3601,#3602,#3603,#3604,#3605,#3606),(#3607,#3608,#3609,#3610,#3611,
#3612,#3613,#3614,#3615),(#3616,#3617,#3618,#3619,#3620,#3621,#3622,#3623,
#3624)),.UNSPECIFIED.,.F.,.F.,.F.,(4,1,1,4),(4,1,1,1,1,1,4),(0.,0.333333333333333,
0.666666666666667,1.),(0.,0.166666666666667,0.333333333333333,0.5,0.666666666666667,
0.833333333333333,1.),.UNSPECIFIED.);
#1107=B_SPLINE_SURFACE_WITH_KNOTS('',3,3,((#3646,#3647,#3648,#3649,#3650,
#3651),(#3652,#3653,#3654,#3655,#3656,#3657),(#3658,#3659,#3660,#3661,#3662,
#3663),(#3664,#3665,#3666,#3667,#3668,#3669),(#3670,#3671,#3672,#3673,#3674,
#3675),(#3676,#3677,#3678,#3679,#3680,#3681),(#3682,#3683,#3684,#3685,#3686,
#3687),(#3688,#3689,#3690,#3691,#3692,#3693),(#3694,#3695,#3696,#3697,#3698,
#3699)),.UNSPECIFIED.,.F.,.F.,.F.,(4,1,1,1,1,1,4),(4,1,1,4),(0.,0.166666666666667,
0.333333333333333,0.5,0.666666666666667,0.833333333333333,1.),(0.,0.333333333333333,
0.666666666666667,1.),.UNSPECIFIED.);
#1108=B_SPLINE_SURFACE_WITH_KNOTS('',3,3,((#3713,#3714,#3715,#3716,#3717,
#3718,#3719,#3720,#3721),(#3722,#3723,#3724,#3725,#3726,#3727,#3728,#3729,
#3730),(#3731,#3732,#3733,#3734,#3735,#3736,#3737,#3738,#3739),(#3740,#3741,
#3742,#3743,#3744,#3745,#3746,#3747,#3748),(#3749,#3750,#3751,#3752,#3753,
#3754,#3755,#3756,#3757),(#3758,#3759,#3760,#3761,#3762,#3763,#3764,#3765,
#3766)),.UNSPECIFIED.,.F.,.F.,.F.,(4,1,1,4),(4,1,1,1,1,1,4),(0.,0.333333333333333,
0.666666666666667,1.),(0.,0.166666666666667,0.333333333333333,0.5,0.666666666666667,
0.833333333333333,1.),.UNSPECIFIED.);
#1109=B_SPLINE_SURFACE_WITH_KNOTS('',3,3,((#3853,#3854,#3855,#3856,#3857,
#3858),(#3859,#3860,#3861,#3862,#3863,#3864),(#3865,#3866,#3867,#3868,#3869,
#3870),(#3871,#3872,#3873,#3874,#3875,#3876),(#3877,#3878,#3879,#3880,#3881,
#3882),(#3883,#3884,#3885,#3886,#3887,#3888),(#3889,#3890,#3891,#3892,#3893,
#3894),(#3895,#3896,#3897,#3898,#3899,#3900),(#3901,#3902,#3903,#3904,#3905,
#3906)),.UNSPECIFIED.,.F.,.F.,.F.,(4,1,1,1,1,1,4),(4,1,1,4),(0.,0.166666666666667,
0.333333333333333,0.5,0.666666666666667,0.833333333333333,1.),(0.,0.333333333333333,
0.666666666666667,1.),.UNSPECIFIED.);
#1110=B_SPLINE_SURFACE_WITH_KNOTS('',3,3,((#3959,#3960,#3961,#3962,#3963,
#3964,#3965,#3966,#3967),(#3968,#3969,#3970,#3971,#3972,#3973,#3974,#3975,
#3976),(#3977,#3978,#3979,#3980,#3981,#3982,#3983,#3984,#3985),(#3986,#3987,
#3988,#3989,#3990,#3991,#3992,#3993,#3994),(#3995,#3996,#3997,#3998,#3999,
#4000,#4001,#4002,#4003),(#4004,#4005,#4006,#4007,#4008,#4009,#4010,#4011,
#4012)),.UNSPECIFIED.,.F.,.F.,.F.,(4,1,1,4),(4,1,1,1,1,1,4),(0.,0.333333333333333,
0.666666666666667,1.),(0.,0.166666666666667,0.333333333333333,0.5,0.666666666666667,
0.833333333333333,1.),.UNSPECIFIED.);
#1111=B_SPLINE_SURFACE_WITH_KNOTS('',3,3,((#4083,#4084,#4085,#4086,#4087,
#4088),(#4089,#4090,#4091,#4092,#4093,#4094),(#4095,#4096,#4097,#4098,#4099,
#4100),(#4101,#4102,#4103,#4104,#4105,#4106),(#4107,#4108,#4109,#4110,#4111,
#4112),(#4113,#4114,#4115,#4116,#4117,#4118),(#4119,#4120,#4121,#4122,#4123,
#4124),(#4125,#4126,#4127,#4128,#4129,#4130),(#4131,#4132,#4133,#4134,#4135,
#4136)),.UNSPECIFIED.,.F.,.F.,.F.,(4,1,1,1,1,1,4),(4,1,1,4),(0.,0.166666666666667,
0.333333333333333,0.5,0.666666666666667,0.833333333333333,1.),(0.,0.333333333333333,
0.666666666666667,1.),.UNSPECIFIED.);
#1112=B_SPLINE_SURFACE_WITH_KNOTS('',3,3,((#4207,#4208,#4209,#4210,#4211,
#4212,#4213,#4214,#4215),(#4216,#4217,#4218,#4219,#4220,#4221,#4222,#4223,
#4224),(#4225,#4226,#4227,#4228,#4229,#4230,#4231,#4232,#4233),(#4234,#4235,
#4236,#4237,#4238,#4239,#4240,#4241,#4242),(#4243,#4244,#4245,#4246,#4247,
#4248,#4249,#4250,#4251),(#4252,#4253,#4254,#4255,#4256,#4257,#4258,#4259,
#4260)),.UNSPECIFIED.,.F.,.F.,.F.,(4,1,1,4),(4,1,1,1,1,1,4),(0.,0.333333333333333,
0.666666666666667,1.),(0.,0.166666666666667,0.333333333333333,0.5,0.666666666666667,
0.833333333333333,1.),.UNSPECIFIED.);
#1113=B_SPLINE_SURFACE_WITH_KNOTS('',3,3,((#4310,#4311,#4312,#4313,#4314,
#4315),(#4316,#4317,#4318,#4319,#4320,#4321),(#4322,#4323,#4324,#4325,#4326,
#4327),(#4328,#4329,#4330,#4331,#4332,#4333),(#4334,#4335,#4336,#4337,#4338,
#4339),(#4340,#4341,#4342,#4343,#4344,#4345),(#4346,#4347,#4348,#4349,#4350,
#4351),(#4352,#4353,#4354,#4355,#4356,#4357),(#4358,#4359,#4360,#4361,#4362,
#4363)),.UNSPECIFIED.,.F.,.F.,.F.,(4,1,1,1,1,1,4),(4,1,1,4),(0.,0.166666666666667,
0.333333333333333,0.5,0.666666666666667,0.833333333333333,1.),(0.,0.333333333333333,
0.666666666666667,1.),.UNSPECIFIED.);
#1114=B_SPLINE_SURFACE_WITH_KNOTS('',3,3,((#4367,#4368,#4369,#4370,#4371,
#4372),(#4373,#4374,#4375,#4376,#4377,#4378),(#4379,#4380,#4381,#4382,#4383,
#4384),(#4385,#4386,#4387,#4388,#4389,#4390),(#4391,#4392,#4393,#4394,#4395,
#4396),(#4397,#4398,#4399,#4400,#4401,#4402),(#4403,#4404,#4405,#4406,#4407,
#4408),(#4409,#4410,#4411,#4412,#4413,#4414),(#4415,#4416,#4417,#4418,#4419,
#4420)),.UNSPECIFIED.,.F.,.F.,.F.,(4,1,1,1,1,1,4),(4,1,1,4),(0.,0.166666666666667,
0.333333333333333,0.5,0.666666666666667,0.833333333333333,1.),(0.,0.333333333333333,
0.666666666666667,1.),.UNSPECIFIED.);
#1115=B_SPLINE_SURFACE_WITH_KNOTS('',3,3,((#4433,#4434,#4435,#4436,#4437,
#4438),(#4439,#4440,#4441,#4442,#4443,#4444),(#4445,#4446,#4447,#4448,#4449,
#4450),(#4451,#4452,#4453,#4454,#4455,#4456),(#4457,#4458,#4459,#4460,#4461,
#4462),(#4463,#4464,#4465,#4466,#4467,#4468),(#4469,#4470,#4471,#4472,#4473,
#4474),(#4475,#4476,#4477,#4478,#4479,#4480),(#4481,#4482,#4483,#4484,#4485,
#4486)),.UNSPECIFIED.,.F.,.F.,.F.,(4,1,1,1,1,1,4),(4,1,1,4),(0.,0.166666666666667,
0.333333333333333,0.5,0.666666666666667,0.833333333333333,1.),(0.,0.333333333333333,
0.666666666666667,1.),.UNSPECIFIED.);
#1116=B_SPLINE_SURFACE_WITH_KNOTS('',3,3,((#4504,#4505,#4506,#4507,#4508,
#4509),(#4510,#4511,#4512,#4513,#4514,#4515),(#4516,#4517,#4518,#4519,#4520,
#4521),(#4522,#4523,#4524,#4525,#4526,#4527),(#4528,#4529,#4530,#4531,#4532,
#4533),(#4534,#4535,#4536,#4537,#4538,#4539),(#4540,#4541,#4542,#4543,#4544,
#4545),(#4546,#4547,#4548,#4549,#4550,#4551),(#4552,#4553,#4554,#4555,#4556,
#4557)),.UNSPECIFIED.,.F.,.F.,.F.,(4,1,1,1,1,1,4),(4,1,1,4),(0.,0.166666666666667,
0.333333333333333,0.5,0.666666666666667,0.833333333333333,1.),(0.,0.333333333333333,
0.666666666666667,1.),.UNSPECIFIED.);
#1117=ADVANCED_FACE('',(#177),#1085,.T.);
#1118=ADVANCED_FACE('',(#178),#1086,.T.);
#1119=ADVANCED_FACE('',(#179),#1087,.T.);
#1120=ADVANCED_FACE('',(#180),#1088,.T.);
#1121=ADVANCED_FACE('',(#181),#1089,.T.);
#1122=ADVANCED_FACE('',(#182),#1090,.T.);
#1123=ADVANCED_FACE('',(#183),#1091,.T.);
#1124=ADVANCED_FACE('',(#184),#1092,.T.);
#1125=ADVANCED_FACE('',(#185),#1093,.T.);
#1126=ADVANCED_FACE('',(#186),#1094,.T.);
#1127=ADVANCED_FACE('',(#187),#1095,.T.);
#1128=ADVANCED_FACE('',(#188),#1096,.T.);
#1129=ADVANCED_FACE('',(#189),#1097,.T.);
#1130=ADVANCED_FACE('',(#190),#1098,.T.);
#1131=ADVANCED_FACE('',(#191),#1099,.T.);
#1132=ADVANCED_FACE('',(#192),#1100,.T.);
#1133=ADVANCED_FACE('',(#193),#1101,.T.);
#1134=ADVANCED_FACE('',(#194),#1102,.T.);
#1135=ADVANCED_FACE('',(#195),#1103,.T.);
#1136=ADVANCED_FACE('',(#196),#1104,.T.);
#1137=ADVANCED_FACE('',(#197),#1105,.T.);
#1138=ADVANCED_FACE('',(#198),#1106,.T.);
#1139=ADVANCED_FACE('',(#199),#1107,.T.);
#1140=ADVANCED_FACE('',(#200),#1108,.T.);
#1141=ADVANCED_FACE('',(#201),#1109,.T.);
#1142=ADVANCED_FACE('',(#202),#1110,.T.);
#1143=ADVANCED_FACE('',(#203),#1111,.T.);
#1144=ADVANCED_FACE('',(#204),#1112,.T.);
#1145=ADVANCED_FACE('',(#205),#175,.F.);
#1146=ADVANCED_FACE('',(#206),#155,.F.);
#1147=ADVANCED_FACE('',(#207),#156,.F.);
#1148=ADVANCED_FACE('',(#208),#157,.F.);
#1149=ADVANCED_FACE('',(#209),#158,.F.);
#1150=ADVANCED_FACE('',(#210),#21,.T.);
#1151=ADVANCED_FACE('',(#211),#22,.T.);
#1152=ADVANCED_FACE('',(#212),#1113,.T.);
#1153=ADVANCED_FACE('',(#213),#1114,.T.);
#1154=ADVANCED_FACE('',(#214),#159,.F.);
#1155=ADVANCED_FACE('',(#215),#160,.F.);
#1156=ADVANCED_FACE('',(#216),#1115,.T.);
#1157=ADVANCED_FACE('',(#217),#161,.F.);
#1158=ADVANCED_FACE('',(#218),#176,.T.);
#1159=ADVANCED_FACE('',(#219),#1116,.T.);
#1160=ADVANCED_FACE('',(#220),#162,.F.);
#1161=ADVANCED_FACE('',(#221),#163,.F.);
#1162=ADVANCED_FACE('',(#222),#164,.F.);
#1163=ADVANCED_FACE('',(#223),#165,.T.);
#1164=ADVANCED_FACE('',(#224),#166,.T.);
#1165=ADVANCED_FACE('',(#225),#167,.T.);
#1166=ADVANCED_FACE('',(#226),#168,.T.);
#1167=ADVANCED_FACE('',(#227),#169,.F.);
#1168=ADVANCED_FACE('',(#228),#170,.F.);
#1169=ADVANCED_FACE('',(#229),#23,.T.);
#1170=ADVANCED_FACE('',(#230),#24,.T.);
#1171=ADVANCED_FACE('',(#231),#25,.F.);
#1172=ADVANCED_FACE('',(#232),#26,.F.);
#1173=ADVANCED_FACE('',(#233),#27,.F.);
#1174=ADVANCED_FACE('',(#234),#28,.F.);
#1175=ADVANCED_FACE('',(#235),#171,.T.);
#1176=ADVANCED_FACE('',(#236),#29,.T.);
#1177=ADVANCED_FACE('',(#237,#19),#30,.F.);
#1178=ADVANCED_FACE('',(#238),#172,.T.);
#1179=ADVANCED_FACE('',(#239),#31,.T.);
#1180=ADVANCED_FACE('',(#240),#173,.T.);
#1181=ADVANCED_FACE('',(#241),#32,.T.);
#1182=ADVANCED_FACE('',(#242),#174,.T.);
#1183=ADVANCED_FACE('',(#243),#33,.T.);
#1184=ADVANCED_FACE('',(#244),#34,.T.);
#1185=ADVANCED_FACE('',(#245),#35,.T.);
#1186=ADVANCED_FACE('',(#246),#36,.T.);
#1187=ADVANCED_FACE('',(#247),#37,.T.);
#1188=ADVANCED_FACE('',(#248,#20),#38,.T.);
#1189=CLOSED_SHELL('',(#1117,#1118,#1119,#1120,#1121,#1122,#1123,#1124,
#1125,#1126,#1127,#1128,#1129,#1130,#1131,#1132,#1133,#1134,#1135,#1136,
#1137,#1138,#1139,#1140,#1141,#1142,#1143,#1144,#1145,#1146,#1147,#1148,
#1149,#1150,#1151,#1152,#1153,#1154,#1155,#1156,#1157,#1158,#1159,#1160,
#1161,#1162,#1163,#1164,#1165,#1166,#1167,#1168,#1169,#1170,#1171,#1172,
#1173,#1174,#1175,#1176,#1177,#1178,#1179,#1180,#1181,#1182,#1183,#1184,
#1185,#1186,#1187,#1188));
#1190=DERIVED_UNIT_ELEMENT(#1192,1.);
#1191=DERIVED_UNIT_ELEMENT(#4671,-3.);
#1192=(
MASS_UNIT()
NAMED_UNIT(*)
SI_UNIT(.KILO.,.GRAM.)
);
#1193=DERIVED_UNIT((#1190,#1191));
#1194=MEASURE_REPRESENTATION_ITEM('density measure',
POSITIVE_RATIO_MEASURE(7850.),#1193);
#1195=PROPERTY_DEFINITION_REPRESENTATION(#1200,#1197);
#1196=PROPERTY_DEFINITION_REPRESENTATION(#1201,#1198);
#1197=REPRESENTATION('material name',(#1199),#4668);
#1198=REPRESENTATION('density',(#1194),#4668);
#1199=DESCRIPTIVE_REPRESENTATION_ITEM('Steel','Steel');
#1200=PROPERTY_DEFINITION('material property','material name',#4683);
#1201=PROPERTY_DEFINITION('material property','density of part',#4683);
#1202=AXIS2_PLACEMENT_3D('',#1609,#1319,#1320);
#1203=AXIS2_PLACEMENT_3D('',#1610,#1321,#1322);
#1204=AXIS2_PLACEMENT_3D('',#1730,#1323,#1324);
#1205=AXIS2_PLACEMENT_3D('',#1796,#1325,#1326);
#1206=AXIS2_PLACEMENT_3D('',#1960,#1327,#1328);
#1207=AXIS2_PLACEMENT_3D('',#2026,#1329,#1330);
#1208=AXIS2_PLACEMENT_3D('',#2147,#1331,#1332);
#1209=AXIS2_PLACEMENT_3D('',#2148,#1333,#1334);
#1210=AXIS2_PLACEMENT_3D('',#2193,#1335,#1336);
#1211=AXIS2_PLACEMENT_3D('',#2194,#1337,#1338);
#1212=AXIS2_PLACEMENT_3D('',#2239,#1339,#1340);
#1213=AXIS2_PLACEMENT_3D('',#2240,#1341,#1342);
#1214=AXIS2_PLACEMENT_3D('',#2360,#1343,#1344);
#1215=AXIS2_PLACEMENT_3D('',#2426,#1345,#1346);
#1216=AXIS2_PLACEMENT_3D('',#2590,#1347,#1348);
#1217=AXIS2_PLACEMENT_3D('',#2656,#1349,#1350);
#1218=AXIS2_PLACEMENT_3D('',#2777,#1351,#1352);
#1219=AXIS2_PLACEMENT_3D('',#2778,#1353,#1354);
#1220=AXIS2_PLACEMENT_3D('',#2823,#1355,#1356);
#1221=AXIS2_PLACEMENT_3D('',#2824,#1357,#1358);
#1222=AXIS2_PLACEMENT_3D('',#2869,#1359,#1360);
#1223=AXIS2_PLACEMENT_3D('',#2870,#1361,#1362);
#1224=AXIS2_PLACEMENT_3D('',#2944,#1363,#1364);
#1225=AXIS2_PLACEMENT_3D('',#2945,#1365,#1366);
#1226=AXIS2_PLACEMENT_3D('',#3011,#1367,#1368);
#1227=AXIS2_PLACEMENT_3D('',#3012,#1369,#1370);
#1228=AXIS2_PLACEMENT_3D('',#3152,#1371,#1372);
#1229=AXIS2_PLACEMENT_3D('',#3218,#1373,#1374);
#1230=AXIS2_PLACEMENT_3D('',#3382,#1375,#1376);
#1231=AXIS2_PLACEMENT_3D('',#3448,#1377,#1378);
#1232=AXIS2_PLACEMENT_3D('',#3569,#1379,#1380);
#1233=AXIS2_PLACEMENT_3D('',#3570,#1381,#1382);
#1234=AXIS2_PLACEMENT_3D('',#3644,#1383,#1384);
#1235=AXIS2_PLACEMENT_3D('',#3645,#1385,#1386);
#1236=AXIS2_PLACEMENT_3D('',#3711,#1387,#1388);
#1237=AXIS2_PLACEMENT_3D('',#3712,#1389,#1390);
#1238=AXIS2_PLACEMENT_3D('',#3852,#1391,#1392);
#1239=AXIS2_PLACEMENT_3D('',#3918,#1393,#1394);
#1240=AXIS2_PLACEMENT_3D('',#4082,#1395,#1396);
#1241=AXIS2_PLACEMENT_3D('',#4148,#1397,#1398);
#1242=AXIS2_PLACEMENT_3D('',#4269,#1399,#1400);
#1243=AXIS2_PLACEMENT_3D('',#4270,#1401,#1402);
#1244=AXIS2_PLACEMENT_3D('',#4271,#1403,#1404);
#1245=AXIS2_PLACEMENT_3D('',#4274,#1405,#1406);
#1246=AXIS2_PLACEMENT_3D('',#4276,#1407,#1408);
#1247=AXIS2_PLACEMENT_3D('',#4278,#1409,#1410);
#1248=AXIS2_PLACEMENT_3D('',#4280,#1411,#1412);
#1249=AXIS2_PLACEMENT_3D('',#4281,#1413,#1414);
#1250=AXIS2_PLACEMENT_3D('',#4282,#1415,#1416);
#1251=AXIS2_PLACEMENT_3D('',#4285,#1417,#1418);
#1252=AXIS2_PLACEMENT_3D('',#4288,#1421,#1422);
#1253=AXIS2_PLACEMENT_3D('',#4291,#1423,#1424);
#1254=AXIS2_PLACEMENT_3D('',#4294,#1427,#1428);
#1255=AXIS2_PLACEMENT_3D('',#4297,#1429,#1430);
#1256=AXIS2_PLACEMENT_3D('',#4300,#1433,#1434);
#1257=AXIS2_PLACEMENT_3D('',#4303,#1435,#1436);
#1258=AXIS2_PLACEMENT_3D('',#4306,#1439,#1440);
#1259=AXIS2_PLACEMENT_3D('',#4308,#1442,#1443);
#1260=AXIS2_PLACEMENT_3D('',#4365,#1445,#1446);
#1261=AXIS2_PLACEMENT_3D('',#4366,#1447,#1448);
#1262=AXIS2_PLACEMENT_3D('',#4422,#1449,#1450);
#1263=AXIS2_PLACEMENT_3D('',#4423,#1451,#1452);
#1264=AXIS2_PLACEMENT_3D('',#4424,#1453,#1454);
#1265=AXIS2_PLACEMENT_3D('',#4427,#1457,#1458);
#1266=AXIS2_PLACEMENT_3D('',#4430,#1459,#1460);
#1267=AXIS2_PLACEMENT_3D('',#4488,#1463,#1464);
#1268=AXIS2_PLACEMENT_3D('',#4489,#1465,#1466);
#1269=AXIS2_PLACEMENT_3D('',#4490,#1467,#1468);
#1270=AXIS2_PLACEMENT_3D('',#4493,#1471,#1472);
#1271=AXIS2_PLACEMENT_3D('',#4496,#1473,#1474);
#1272=AXIS2_PLACEMENT_3D('',#4498,#1475,#1476);
#1273=AXIS2_PLACEMENT_3D('',#4500,#1477,#1478);
#1274=AXIS2_PLACEMENT_3D('',#4502,#1479,#1480);
#1275=AXIS2_PLACEMENT_3D('',#4503,#1481,#1482);
#1276=AXIS2_PLACEMENT_3D('',#4559,#1483,#1484);
#1277=AXIS2_PLACEMENT_3D('',#4560,#1485,#1486);
#1278=AXIS2_PLACEMENT_3D('',#4561,#1487,#1488);
#1279=AXIS2_PLACEMENT_3D('',#4564,#1491,#1492);
#1280=AXIS2_PLACEMENT_3D('',#4567,#1493,#1494);
#1281=AXIS2_PLACEMENT_3D('',#4570,#1497,#1498);
#1282=AXIS2_PLACEMENT_3D('',#4573,#1501,#1502);
#1283=AXIS2_PLACEMENT_3D('',#4576,#1505,#1506);
#1284=AXIS2_PLACEMENT_3D('',#4579,#1509,#1510);
#1285=AXIS2_PLACEMENT_3D('',#4582,#1513,#1514);
#1286=AXIS2_PLACEMENT_3D('',#4585,#1517,#1518);
#1287=AXIS2_PLACEMENT_3D('',#4588,#1519,#1520);
#1288=AXIS2_PLACEMENT_3D('',#4591,#1523,#1524);
#1289=AXIS2_PLACEMENT_3D('',#4594,#1525,#1526);
#1290=AXIS2_PLACEMENT_3D('',#4597,#1529,#1530);
#1291=AXIS2_PLACEMENT_3D('',#4599,#1532,#1533);
#1292=AXIS2_PLACEMENT_3D('',#4601,#1535,#1536);
#1293=AXIS2_PLACEMENT_3D('',#4602,#1537,#1538);
#1294=AXIS2_PLACEMENT_3D('',#4603,#1539,#1540);
#1295=AXIS2_PLACEMENT_3D('',#4604,#1541,#1542);
#1296=AXIS2_PLACEMENT_3D('',#4605,#1543,#1544);
#1297=AXIS2_PLACEMENT_3D('',#4608,#1545,#1546);
#1298=AXIS2_PLACEMENT_3D('',#4612,#1548,#1549);
#1299=AXIS2_PLACEMENT_3D('',#4614,#1551,#1552);
#1300=AXIS2_PLACEMENT_3D('',#4620,#1556,#1557);
#1301=AXIS2_PLACEMENT_3D('',#4624,#1559,#1560);
#1302=AXIS2_PLACEMENT_3D('',#4628,#1562,#1563);
#1303=AXIS2_PLACEMENT_3D('',#4631,#1565,#1566);
#1304=AXIS2_PLACEMENT_3D('',#4634,#1569,#1570);
#1305=AXIS2_PLACEMENT_3D('',#4637,#1571,#1572);
#1306=AXIS2_PLACEMENT_3D('',#4640,#1575,#1576);
#1307=AXIS2_PLACEMENT_3D('',#4644,#1579,#1580);
#1308=AXIS2_PLACEMENT_3D('',#4646,#1581,#1582);
#1309=AXIS2_PLACEMENT_3D('',#4648,#1584,#1585);
#1310=AXIS2_PLACEMENT_3D('',#4650,#1587,#1588);
#1311=AXIS2_PLACEMENT_3D('',#4652,#1589,#1590);
#1312=AXIS2_PLACEMENT_3D('',#4654,#1592,#1593);
#1313=AXIS2_PLACEMENT_3D('',#4656,#1595,#1596);
#1314=AXIS2_PLACEMENT_3D('',#4658,#1598,#1599);
#1315=AXIS2_PLACEMENT_3D('',#4659,#1600,#1601);
#1316=AXIS2_PLACEMENT_3D('',#4661,#1603,#1604);
#1317=AXIS2_PLACEMENT_3D('',#4662,#1605,#1606);
#1318=AXIS2_PLACEMENT_3D('',#4663,#1607,#1608);
#1319=DIRECTION('axis',(0.,0.,1.));
#1320=DIRECTION('refdir',(1.,0.,0.));
#1321=DIRECTION('axis',(0.,0.,1.));
#1322=DIRECTION('refdir',(1.,0.,0.));
#1323=DIRECTION('center_axis',(-1.,0.,0.));
#1324=DIRECTION('ref_axis',(0.,-0.950255158703447,0.311472524241684));
#1325=DIRECTION('center_axis',(0.,0.,1.));
#1326=DIRECTION('ref_axis',(0.,1.,0.));
#1327=DIRECTION('center_axis',(0.,0.,1.));
#1328=DIRECTION('ref_axis',(0.,1.,0.));
#1329=DIRECTION('center_axis',(0.,1.,0.));
#1330=DIRECTION('ref_axis',(-1.,0.,0.));
#1331=DIRECTION('center_axis',(0.950255158703446,0.,0.311472524241686));
#1332=DIRECTION('ref_axis',(-0.184614004968168,0.805413293795268,0.563229167699499));
#1333=DIRECTION('center_axis',(0.,1.,0.));
#1334=DIRECTION('ref_axis',(-1.,0.,0.));
#1335=DIRECTION('center_axis',(0.297381147644297,-0.297381147644296,-0.907264518236839));
#1336=DIRECTION('ref_axis',(-0.950255158703447,0.,-0.311472524241685));
#1337=DIRECTION('center_axis',(0.950255158703446,0.,0.311472524241686));
#1338=DIRECTION('ref_axis',(-0.184614004968168,0.805413293795268,0.563229167699499));
#1339=DIRECTION('center_axis',(0.,-0.950255158703447,0.311472524241685));
#1340=DIRECTION('ref_axis',(-0.805413293795309,0.184614004968148,0.563229167699447));
#1341=DIRECTION('center_axis',(0.297381147644297,-0.297381147644296,-0.907264518236839));
#1342=DIRECTION('ref_axis',(-0.950255158703447,0.,-0.311472524241685));
#1343=DIRECTION('center_axis',(0.,1.,0.));
#1344=DIRECTION('ref_axis',(-0.950255158703447,0.,0.311472524241685));
#1345=DIRECTION('center_axis',(0.,0.,1.));
#1346=DIRECTION('ref_axis',(1.,0.,0.));
#1347=DIRECTION('center_axis',(0.,0.,1.));
#1348=DIRECTION('ref_axis',(1.,0.,0.));
#1349=DIRECTION('center_axis',(1.,0.,0.));
#1350=DIRECTION('ref_axis',(0.,1.,0.));
#1351=DIRECTION('center_axis',(0.,-0.950255158703447,0.311472524241685));
#1352=DIRECTION('ref_axis',(0.805413293795268,0.184614004968166,0.5632291676995));
#1353=DIRECTION('center_axis',(1.,0.,0.));
#1354=DIRECTION('ref_axis',(0.,1.,0.));
#1355=DIRECTION('center_axis',(-0.297381147644297,-0.297381147644297,-0.907264518236838));
#1356=DIRECTION('ref_axis',(-1.11022302462516E-15,0.950255158703447,-0.311472524241686));
#1357=DIRECTION('center_axis',(0.,-0.950255158703447,0.311472524241685));
#1358=DIRECTION('ref_axis',(0.805413293795268,0.184614004968166,0.5632291676995));
#1359=DIRECTION('center_axis',(-0.950255158703447,0.,0.311472524241684));
#1360=DIRECTION('ref_axis',(0.184614004968167,0.805413293795285,0.563229167699475));
#1361=DIRECTION('center_axis',(-0.297381147644297,-0.297381147644297,-0.907264518236838));
#1362=DIRECTION('ref_axis',(-1.11022302462516E-15,0.950255158703447,-0.311472524241686));
#1363=DIRECTION('center_axis',(0.950255158703446,0.,0.311472524241686));
#1364=DIRECTION('ref_axis',(-0.184614004968172,-0.805413293795266,0.5632291676995));
#1365=DIRECTION('center_axis',(0.297381147644297,0.297381147644297,-0.907264518236838));
#1366=DIRECTION('ref_axis',(0.,-0.950255158703447,-0.311472524241685));
#1367=DIRECTION('center_axis',(0.,-1.,0.));
#1368=DIRECTION('ref_axis',(0.950255158703447,0.,0.311472524241686));
#1369=DIRECTION('center_axis',(0.950255158703446,0.,0.311472524241686));
#1370=DIRECTION('ref_axis',(-0.184614004968172,-0.805413293795266,0.5632291676995));
#1371=DIRECTION('center_axis',(0.,-1.,0.));
#1372=DIRECTION('ref_axis',(0.950255158703447,0.,0.311472524241686));
#1373=DIRECTION('center_axis',(0.,0.,1.));
#1374=DIRECTION('ref_axis',(-1.,0.,0.));
#1375=DIRECTION('center_axis',(0.,0.,1.));
#1376=DIRECTION('ref_axis',(-1.,0.,0.));
#1377=DIRECTION('center_axis',(-1.,0.,0.));
#1378=DIRECTION('ref_axis',(0.,-1.,0.));
#1379=DIRECTION('center_axis',(0.,0.950255158703447,0.311472524241686));
#1380=DIRECTION('ref_axis',(-0.805413293795268,-0.184614004968164,0.5632291676995));
#1381=DIRECTION('center_axis',(-1.,0.,0.));
#1382=DIRECTION('ref_axis',(0.,-1.,0.));
#1383=DIRECTION('center_axis',(0.,0.950255158703447,0.311472524241686));
#1384=DIRECTION('ref_axis',(0.805413293795236,-0.184614004968186,0.563229167699539));
#1385=DIRECTION('center_axis',(-0.297381147644295,0.297381147644297,-0.907264518236839));
#1386=DIRECTION('ref_axis',(0.950255158703447,0.,-0.311472524241684));
#1387=DIRECTION('center_axis',(1.,0.,0.));
#1388=DIRECTION('ref_axis',(0.,0.950255158703447,0.311472524241686));
#1389=DIRECTION('center_axis',(0.,0.950255158703447,0.311472524241686));
#1390=DIRECTION('ref_axis',(0.805413293795236,-0.184614004968186,0.563229167699539));
#1391=DIRECTION('center_axis',(1.,0.,0.));
#1392=DIRECTION('ref_axis',(0.,0.950255158703447,0.311472524241686));
#1393=DIRECTION('center_axis',(0.,0.,1.));
#1394=DIRECTION('ref_axis',(0.,-1.,0.));
#1395=DIRECTION('center_axis',(0.,0.,1.));
#1396=DIRECTION('ref_axis',(0.,-1.,0.));
#1397=DIRECTION('center_axis',(0.,-1.,0.));
#1398=DIRECTION('ref_axis',(1.,0.,0.));
#1399=DIRECTION('center_axis',(-0.950255158703447,0.,0.311472524241684));
#1400=DIRECTION('ref_axis',(0.18461400496817,-0.805413293795276,0.563229167699488));
#1401=DIRECTION('center_axis',(0.,-1.,0.));
#1402=DIRECTION('ref_axis',(1.,0.,0.));
#1403=DIRECTION('center_axis',(6.12323399573678E-17,0.,1.));
#1404=DIRECTION('ref_axis',(1.,0.,0.));
#1405=DIRECTION('center_axis',(0.297381147644284,0.297381147644295,0.907264518236843));
#1406=DIRECTION('ref_axis',(0.,0.950255158703448,-0.311472524241682));
#1407=DIRECTION('center_axis',(0.297381147644297,-0.297381147644298,-0.907264518236838));
#1408=DIRECTION('ref_axis',(-0.950255158703447,0.,-0.311472524241686));
#1409=DIRECTION('center_axis',(1.22464679914735E-16,-1.,0.));
#1410=DIRECTION('ref_axis',(-1.,-1.22464679914735E-16,0.));
#1411=DIRECTION('center_axis',(-0.297381147644293,-0.297381147644298,0.907264518236839));
#1412=DIRECTION('ref_axis',(0.,-0.950255158703447,-0.311472524241686));
#1413=DIRECTION('center_axis',(-0.297381147644297,0.297381147644303,-0.907264518236836));
#1414=DIRECTION('ref_axis',(0.950255158703447,0.,-0.311472524241686));
#1415=DIRECTION('center_axis',(0.297381147644298,-0.297381147644296,-0.907264518236838));
#1416=DIRECTION('ref_axis',(-0.641532893175213,0.641532893175215,-0.420560452192641));
#1417=DIRECTION('center_axis',(0.,0.,1.));
#1418=DIRECTION('ref_axis',(-0.707106781186547,0.707106781186548,0.));
#1419=DIRECTION('',(0.297381147644298,-0.297381147644296,-0.907264518236838));
#1420=DIRECTION('',(-0.297381147644298,0.297381147644296,0.907264518236838));
#1421=DIRECTION('center_axis',(0.297381147644298,0.297381147644297,-0.907264518236838));
#1422=DIRECTION('ref_axis',(-0.641532893175214,-0.641532893175214,-0.42056045219264));
#1423=DIRECTION('center_axis',(0.,0.,1.));
#1424=DIRECTION('ref_axis',(-0.707106781186548,-0.707106781186548,0.));
#1425=DIRECTION('',(0.297381147644298,0.297381147644297,-0.907264518236838));
#1426=DIRECTION('',(-0.297381147644298,-0.297381147644297,0.907264518236838));
#1427=DIRECTION('center_axis',(-0.297381147644296,0.297381147644298,-0.907264518236838));
#1428=DIRECTION('ref_axis',(0.641532893175215,-0.641532893175213,-0.420560452192641));
#1429=DIRECTION('center_axis',(0.,0.,1.));
#1430=DIRECTION('ref_axis',(0.707106781186548,-0.707106781186547,0.));
#1431=DIRECTION('',(-0.297381147644296,0.297381147644298,-0.907264518236838));
#1432=DIRECTION('',(0.297381147644296,-0.297381147644298,0.907264518236838));
#1433=DIRECTION('center_axis',(-0.297381147644296,-0.297381147644296,-0.907264518236839));
#1434=DIRECTION('ref_axis',(0.641532893175214,0.641532893175214,-0.42056045219264));
#1435=DIRECTION('center_axis',(0.,0.,1.));
#1436=DIRECTION('ref_axis',(0.707106781186547,0.707106781186548,0.));
#1437=DIRECTION('',(-0.297381147644296,-0.297381147644297,-0.907264518236839));
#1438=DIRECTION('',(0.297381147644296,0.297381147644296,0.907264518236839));
#1439=DIRECTION('center_axis',(0.950255158703446,0.,0.311472524241686));
#1440=DIRECTION('ref_axis',(0.311472524241686,0.,-0.950255158703446));
#1441=DIRECTION('',(2.77166745798203E-32,1.,-8.45593461757227E-32));
#1442=DIRECTION('center_axis',(0.,-0.950255158703447,0.311472524241685));
#1443=DIRECTION('ref_axis',(0.,-0.311472524241685,-0.950255158703447));
#1444=DIRECTION('',(1.,-4.15750118697303E-32,-1.26839019263584E-31));
#1445=DIRECTION('center_axis',(-0.297381147644295,0.297381147644297,-0.907264518236839));
#1446=DIRECTION('ref_axis',(0.950255158703447,0.,-0.311472524241684));
#1447=DIRECTION('center_axis',(-0.950255158703447,0.,0.311472524241684));
#1448=DIRECTION('ref_axis',(0.18461400496817,-0.805413293795276,0.563229167699488));
#1449=DIRECTION('center_axis',(0.297381147644297,0.297381147644297,-0.907264518236838));
#1450=DIRECTION('ref_axis',(0.,-0.950255158703447,-0.311472524241685));
#1451=DIRECTION('center_axis',(0.,0.950255158703447,0.311472524241686));
#1452=DIRECTION('ref_axis',(-0.805413293795268,-0.184614004968164,0.5632291676995));
#1453=DIRECTION('center_axis',(1.,0.,0.));
#1454=DIRECTION('ref_axis',(0.,-0.15770992564921,0.987485483109357));
#1455=DIRECTION('',(-1.,0.,0.));
#1456=DIRECTION('',(1.,0.,0.));
#1457=DIRECTION('center_axis',(0.,0.,1.));
#1458=DIRECTION('ref_axis',(-0.707106781186548,-0.707106781186548,0.));
#1459=DIRECTION('center_axis',(0.,0.,-1.));
#1460=DIRECTION('ref_axis',(-0.707106781186548,-0.707106781186548,0.));
#1461=DIRECTION('',(0.,0.,1.));
#1462=DIRECTION('',(0.,0.,-1.));
#1463=DIRECTION('center_axis',(0.,1.,0.));
#1464=DIRECTION('ref_axis',(-0.950255158703447,0.,0.311472524241685));
#1465=DIRECTION('center_axis',(-0.950255158703447,0.,0.311472524241684));
#1466=DIRECTION('ref_axis',(0.184614004968167,0.805413293795285,0.563229167699475));
#1467=DIRECTION('center_axis',(0.,1.,0.));
#1468=DIRECTION('ref_axis',(0.157709925649196,0.,0.987485483109359));
#1469=DIRECTION('',(0.,-1.,0.));
#1470=DIRECTION('',(0.,1.,0.));
#1471=DIRECTION('center_axis',(6.12323399573677E-17,0.,1.));
#1472=DIRECTION('ref_axis',(1.,0.,0.));
#1473=DIRECTION('center_axis',(0.297381147644296,0.297381147644306,-0.907264518236835));
#1474=DIRECTION('ref_axis',(-0.950255158703447,0.,-0.311472524241686));
#1475=DIRECTION('center_axis',(1.22464679914735E-16,-1.,0.));
#1476=DIRECTION('ref_axis',(-1.,-1.22464679914735E-16,0.));
#1477=DIRECTION('center_axis',(-0.297381147644287,0.297381147644297,0.907264518236841));
#1478=DIRECTION('ref_axis',(0.,0.950255158703447,-0.311472524241684));
#1479=DIRECTION('center_axis',(-0.297381147644297,-0.297381147644298,-0.907264518236838));
#1480=DIRECTION('ref_axis',(0.950255158703447,-1.11022302462516E-15,-0.311472524241685));
#1481=DIRECTION('center_axis',(0.2973811476443,-0.297381147644297,0.907264518236837));
#1482=DIRECTION('ref_axis',(0.,-0.950255158703447,-0.311472524241686));
#1483=DIRECTION('center_axis',(-1.,0.,0.));
#1484=DIRECTION('ref_axis',(0.,-0.950255158703447,0.311472524241684));
#1485=DIRECTION('center_axis',(0.,-0.950255158703447,0.311472524241685));
#1486=DIRECTION('ref_axis',(-0.805413293795309,0.184614004968148,0.563229167699447));
#1487=DIRECTION('center_axis',(0.,-1.,0.));
#1488=DIRECTION('ref_axis',(-0.157709925649219,0.,0.987485483109356));
#1489=DIRECTION('',(0.,1.,0.));
#1490=DIRECTION('',(0.,-1.,0.));
#1491=DIRECTION('center_axis',(0.,0.,1.));
#1492=DIRECTION('ref_axis',(-0.707106781186548,0.707106781186548,0.));
#1493=DIRECTION('center_axis',(0.,0.,-1.));
#1494=DIRECTION('ref_axis',(-0.707106781186548,0.707106781186548,0.));
#1495=DIRECTION('',(0.,0.,1.));
#1496=DIRECTION('',(0.,0.,-1.));
#1497=DIRECTION('center_axis',(-1.,0.,0.));
#1498=DIRECTION('ref_axis',(0.,0.157709925649205,0.987485483109358));
#1499=DIRECTION('',(1.,0.,0.));
#1500=DIRECTION('',(-1.,0.,0.));
#1501=DIRECTION('center_axis',(0.297381147644298,-0.297381147644296,-0.907264518236838));
#1502=DIRECTION('ref_axis',(-0.641532893175213,0.641532893175217,-0.420560452192639));
#1503=DIRECTION('',(-0.297381147644298,0.297381147644296,0.907264518236838));
#1504=DIRECTION('',(0.297381147644298,-0.297381147644296,-0.907264518236838));
#1505=DIRECTION('center_axis',(-0.297381147644296,-0.297381147644296,-0.907264518236839));
#1506=DIRECTION('ref_axis',(0.641532893175213,0.641532893175215,-0.420560452192641));
#1507=DIRECTION('',(0.297381147644296,0.297381147644297,0.907264518236839));
#1508=DIRECTION('',(-0.297381147644296,-0.297381147644296,-0.907264518236839));
#1509=DIRECTION('center_axis',(-0.297381147644296,0.297381147644298,-0.907264518236838));
#1510=DIRECTION('ref_axis',(0.641532893175217,-0.641532893175212,-0.42056045219264));
#1511=DIRECTION('',(0.297381147644296,-0.297381147644298,0.907264518236838));
#1512=DIRECTION('',(-0.297381147644296,0.297381147644298,-0.907264518236838));
#1513=DIRECTION('center_axis',(0.297381147644298,0.297381147644297,-0.907264518236838));
#1514=DIRECTION('ref_axis',(-0.641532893175214,-0.641532893175215,-0.42056045219264));
#1515=DIRECTION('',(-0.297381147644298,-0.297381147644297,0.907264518236838));
#1516=DIRECTION('',(0.297381147644298,0.297381147644297,-0.907264518236838));
#1517=DIRECTION('center_axis',(0.,0.,1.));
#1518=DIRECTION('ref_axis',(0.707106781186548,0.707106781186548,0.));
#1519=DIRECTION('center_axis',(0.,0.,-1.));
#1520=DIRECTION('ref_axis',(0.707106781186548,0.707106781186548,0.));
#1521=DIRECTION('',(0.,0.,1.));
#1522=DIRECTION('',(0.,0.,-1.));
#1523=DIRECTION('center_axis',(0.,0.,1.));
#1524=DIRECTION('ref_axis',(0.707106781186548,-0.707106781186548,0.));
#1525=DIRECTION('center_axis',(0.,0.,-1.));
#1526=DIRECTION('ref_axis',(0.707106781186548,-0.707106781186548,0.));
#1527=DIRECTION('',(0.,0.,1.));
#1528=DIRECTION('',(0.,0.,-1.));
#1529=DIRECTION('center_axis',(1.,0.,0.));
#1530=DIRECTION('ref_axis',(0.,1.,0.));
#1531=DIRECTION('',(0.,1.,0.));
#1532=DIRECTION('center_axis',(0.,1.,0.));
#1533=DIRECTION('ref_axis',(-1.,0.,0.));
#1534=DIRECTION('',(-1.,0.,0.));
#1535=DIRECTION('center_axis',(0.,0.950255158703447,0.311472524241686));
#1536=DIRECTION('ref_axis',(0.,-0.311472524241686,0.950255158703447));
#1537=DIRECTION('center_axis',(-0.950255158703447,0.,0.311472524241684));
#1538=DIRECTION('ref_axis',(0.311472524241684,0.,0.950255158703447));
#1539=DIRECTION('center_axis',(0.,-0.950255158703447,0.311472524241685));
#1540=DIRECTION('ref_axis',(0.,-0.311472524241685,-0.950255158703447));
#1541=DIRECTION('center_axis',(0.950255158703446,0.,0.311472524241686));
#1542=DIRECTION('ref_axis',(0.311472524241686,0.,-0.950255158703446));
#1543=DIRECTION('center_axis',(0.,0.,1.));
#1544=DIRECTION('ref_axis',(0.707106781186548,0.707106781186548,0.));
#1545=DIRECTION('center_axis',(0.,0.,-1.));
#1546=DIRECTION('ref_axis',(0.707106781186548,0.707106781186548,0.));
#1547=DIRECTION('',(0.,0.,-1.));
#1548=DIRECTION('center_axis',(0.,0.,1.));
#1549=DIRECTION('ref_axis',(0.707106781186548,0.707106781186548,0.));
#1550=DIRECTION('',(0.,0.,1.));
#1551=DIRECTION('center_axis',(0.,1.,0.));
#1552=DIRECTION('ref_axis',(-1.,0.,0.));
#1553=DIRECTION('',(1.,0.,0.));
#1554=DIRECTION('',(0.,0.,-1.));
#1555=DIRECTION('',(1.,0.,0.));
#1556=DIRECTION('center_axis',(0.,0.,1.));
#1557=DIRECTION('ref_axis',(-1.,0.,0.));
#1558=DIRECTION('',(0.,-1.,0.));
#1559=DIRECTION('center_axis',(0.,0.,1.));
#1560=DIRECTION('ref_axis',(0.707106781186548,-0.707106781186548,0.));
#1561=DIRECTION('',(-1.,0.,0.));
#1562=DIRECTION('center_axis',(0.,0.,1.));
#1563=DIRECTION('ref_axis',(-0.707106781186548,-0.707106781186548,0.));
#1564=DIRECTION('',(0.,1.,0.));
#1565=DIRECTION('center_axis',(0.,0.,1.));
#1566=DIRECTION('ref_axis',(-0.707106781186548,0.707106781186548,0.));
#1567=DIRECTION('',(0.,-1.,0.));
#1568=DIRECTION('',(1.,0.,0.));
#1569=DIRECTION('center_axis',(0.,0.,1.));
#1570=DIRECTION('ref_axis',(-0.707106781186548,-0.707106781186548,0.));
#1571=DIRECTION('center_axis',(0.,0.,-1.));
#1572=DIRECTION('ref_axis',(-0.707106781186548,-0.707106781186548,0.));
#1573=DIRECTION('',(0.,0.,-1.));
#1574=DIRECTION('',(0.,0.,1.));
#1575=DIRECTION('center_axis',(0.,-1.,0.));
#1576=DIRECTION('ref_axis',(1.,0.,0.));
#1577=DIRECTION('',(0.,0.,-1.));
#1578=DIRECTION('',(-1.,0.,0.));
#1579=DIRECTION('center_axis',(0.,0.,1.));
#1580=DIRECTION('ref_axis',(0.707106781186548,-0.707106781186548,0.));
#1581=DIRECTION('center_axis',(0.,0.,-1.));
#1582=DIRECTION('ref_axis',(0.707106781186548,-0.707106781186548,0.));
#1583=DIRECTION('',(0.,0.,1.));
#1584=DIRECTION('center_axis',(1.,0.,0.));
#1585=DIRECTION('ref_axis',(0.,1.,0.));
#1586=DIRECTION('',(0.,-1.,0.));
#1587=DIRECTION('center_axis',(0.,0.,1.));
#1588=DIRECTION('ref_axis',(-0.707106781186548,0.707106781186548,0.));
#1589=DIRECTION('center_axis',(0.,0.,-1.));
#1590=DIRECTION('ref_axis',(-0.707106781186548,0.707106781186548,0.));
#1591=DIRECTION('',(0.,0.,1.));
#1592=DIRECTION('center_axis',(0.,0.950255158703447,0.311472524241686));
#1593=DIRECTION('ref_axis',(0.,-0.311472524241686,0.950255158703447));
#1594=DIRECTION('',(-1.,-4.15750118697305E-32,1.26839019263584E-31));
#1595=DIRECTION('center_axis',(-0.950255158703447,0.,0.311472524241684));
#1596=DIRECTION('ref_axis',(0.311472524241684,0.,0.950255158703447));
#1597=DIRECTION('',(2.77166745798201E-32,-1.,8.45593461757227E-32));
#1598=DIRECTION('center_axis',(0.,-1.,0.));
#1599=DIRECTION('ref_axis',(1.,0.,0.));
#1600=DIRECTION('center_axis',(-1.,0.,0.));
#1601=DIRECTION('ref_axis',(0.,-1.,0.));
#1602=DIRECTION('',(0.,1.,0.));
#1603=DIRECTION('center_axis',(-1.,0.,0.));
#1604=DIRECTION('ref_axis',(0.,-1.,0.));
#1605=DIRECTION('center_axis',(0.,0.,1.));
#1606=DIRECTION('ref_axis',(1.,0.,0.));
#1607=DIRECTION('',(0.,0.,-1.));
#1608=DIRECTION('',(-1.,6.12323399573677E-17,0.));
#1609=CARTESIAN_POINT('',(0.,0.,0.));
#1610=CARTESIAN_POINT('',(0.,0.,0.));
#1611=CARTESIAN_POINT('Ctrl Pts',(-4.77824774689785,4.77802933069074,26.9412832940777));
#1612=CARTESIAN_POINT('Ctrl Pts',(-4.75087909322789,4.80533594131463,26.9412986272757));
#1613=CARTESIAN_POINT('Ctrl Pts',(-4.6902744107746,4.854158724642,26.9457856442909));
#1614=CARTESIAN_POINT('Ctrl Pts',(-4.57056779522607,4.91703450750657,26.9672430183423));
#1615=CARTESIAN_POINT('Ctrl Pts',(-4.40320143035064,4.97443915767089,27.0067212712263));
#1616=CARTESIAN_POINT('Ctrl Pts',(-4.15753513717965,5.03024917492541,27.0692889428461));
#1617=CARTESIAN_POINT('Ctrl Pts',(-3.8089808946417,5.0753292794802,27.1389360155598));
#1618=CARTESIAN_POINT('Ctrl Pts',(-3.58071508839624,5.07885496282458,27.1427020000557));
#1619=CARTESIAN_POINT('Ctrl Pts',(-3.45692364202525,5.07885496282458,27.1427020000557));
#1620=CARTESIAN_POINT('Ctrl Pts',(-4.78473636396,4.86171907421585,26.9353097126667));
#1621=CARTESIAN_POINT('Ctrl Pts',(-4.75516734478832,4.88358897969452,26.937569240193));
#1622=CARTESIAN_POINT('Ctrl Pts',(-4.69022600989727,4.92417457071222,26.9459506152548));
#1623=CARTESIAN_POINT('Ctrl Pts',(-4.56330686287751,4.98013769647228,26.9720752603689));
#1624=CARTESIAN_POINT('Ctrl Pts',(-4.38798177377615,5.03506779689575,27.0145254304147));
#1625=CARTESIAN_POINT('Ctrl Pts',(-4.13500148725135,5.09132314167377,27.075806755689));
#1626=CARTESIAN_POINT('Ctrl Pts',(-3.79808613671992,5.13715728956534,27.1325946397163));
#1627=CARTESIAN_POINT('Ctrl Pts',(-3.57853507978633,5.14899231704677,27.13150046129));
#1628=CARTESIAN_POINT('Ctrl Pts',(-3.45692364202525,5.15634103967075,27.1303268070759));
#1629=CARTESIAN_POINT('Ctrl Pts',(-4.78132480292466,5.01970924809501,26.9053482777986));
#1630=CARTESIAN_POINT('Ctrl Pts',(-4.74855780032493,5.03433004871793,26.9128720153191));
#1631=CARTESIAN_POINT('Ctrl Pts',(-4.67630945107093,5.06405330402684,26.9309282473363));
#1632=CARTESIAN_POINT('Ctrl Pts',(-4.53490137127281,5.11306865302292,26.9681199086373));
#1633=CARTESIAN_POINT('Ctrl Pts',(-4.34201236288245,5.16747493902943,27.0153962725952));
#1634=CARTESIAN_POINT('Ctrl Pts',(-4.08038686009316,5.22286274132264,27.0665170657418));
#1635=CARTESIAN_POINT('Ctrl Pts',(-3.77534606782979,5.26730305441678,27.0928883299131));
#1636=CARTESIAN_POINT('Ctrl Pts',(-3.57094152781414,5.28987050517621,27.0781514890044));
#1637=CARTESIAN_POINT('Ctrl Pts',(-3.45692364202525,5.30530316660585,27.0684315499492));
#1638=CARTESIAN_POINT('Ctrl Pts',(-4.76290948601358,5.3222399196117,26.785693319102));
#1639=CARTESIAN_POINT('Ctrl Pts',(-4.72021164472279,5.33233703397195,26.8011098861578));
#1640=CARTESIAN_POINT('Ctrl Pts',(-4.62549662325185,5.35322237837179,26.8320556628162));
#1641=CARTESIAN_POINT('Ctrl Pts',(-4.44727997848552,5.38335665547976,26.8770264896076));
#1642=CARTESIAN_POINT('Ctrl Pts',(-4.22902064285449,5.40900963417769,26.9158055499137));
#1643=CARTESIAN_POINT('Ctrl Pts',(-3.9809060371405,5.42804849967619,26.937158867214));
#1644=CARTESIAN_POINT('Ctrl Pts',(-3.72341322320713,5.4424284118023,26.9280804401292));
#1645=CARTESIAN_POINT('Ctrl Pts',(-3.54500449359518,5.45520772325047,26.9010592195687));
#1646=CARTESIAN_POINT('Ctrl Pts',(-3.45692364202525,5.46237213807757,26.8842867595754));
#1647=CARTESIAN_POINT('Ctrl Pts',(-4.65420909631657,5.49999999999999,26.556188955535));
#1648=CARTESIAN_POINT('Ctrl Pts',(-4.60262448236219,5.49999999999999,26.5824084593086));
#1649=CARTESIAN_POINT('Ctrl Pts',(-4.49127185537456,5.49999999999999,26.6311992073271));
#1650=CARTESIAN_POINT('Ctrl Pts',(-4.30033106868594,5.49999999999999,26.6903251062377));
#1651=CARTESIAN_POINT('Ctrl Pts',(-4.09099931784629,5.49999999999999,26.7314528428744));
#1652=CARTESIAN_POINT('Ctrl Pts',(-3.87332100894907,5.49999999999999,26.7507650026349));
#1653=CARTESIAN_POINT('Ctrl Pts',(-3.65737110279496,5.49999999999999,26.7480425625831));
#1654=CARTESIAN_POINT('Ctrl Pts',(-3.52146557314696,5.49999999999999,26.7348691791239));
#1655=CARTESIAN_POINT('Ctrl Pts',(-3.45692364202525,5.49999999999999,26.7274273252944));
#1656=CARTESIAN_POINT('Ctrl Pts',(-4.56509198233412,5.49999999999999,26.4022742300936));
#1657=CARTESIAN_POINT('Ctrl Pts',(-4.50997565045363,5.49999999999999,26.4354234377046));
#1658=CARTESIAN_POINT('Ctrl Pts',(-4.39164520226129,5.49999999999999,26.4953027320509));
#1659=CARTESIAN_POINT('Ctrl Pts',(-4.19821575007544,5.49999999999999,26.5642325551225));
#1660=CARTESIAN_POINT('Ctrl Pts',(-3.99893223506556,5.49999999999999,26.6116400075565));
#1661=CARTESIAN_POINT('Ctrl Pts',(-3.80369642319666,5.49999999999999,26.6385581243434));
#1662=CARTESIAN_POINT('Ctrl Pts',(-3.61988433886049,5.49999999999999,26.6488533684635));
#1663=CARTESIAN_POINT('Ctrl Pts',(-3.50905121020593,5.49999999999999,26.648959258501));
#1664=CARTESIAN_POINT('Ctrl Pts',(-3.45692364202525,5.49999999999999,26.648959258501));
#1665=CARTESIAN_POINT('',(-4.77824774689785,4.77802933069074,26.9412832940777));
#1666=CARTESIAN_POINT('',(-3.45692364202525,5.07885496282459,27.1427020000557));
#1667=CARTESIAN_POINT('Ctrl Pts',(-4.77824774689785,4.77802933069074,26.9412832940777));
#1668=CARTESIAN_POINT('Ctrl Pts',(-4.75087909322789,4.80533594131463,26.9412986272757));
#1669=CARTESIAN_POINT('Ctrl Pts',(-4.6902744107746,4.854158724642,26.9457856442909));
#1670=CARTESIAN_POINT('Ctrl Pts',(-4.57056779522607,4.91703450750657,26.9672430183423));
#1671=CARTESIAN_POINT('Ctrl Pts',(-4.40320143035064,4.97443915767089,27.0067212712263));
#1672=CARTESIAN_POINT('Ctrl Pts',(-4.15753513717965,5.03024917492541,27.0692889428461));
#1673=CARTESIAN_POINT('Ctrl Pts',(-3.8089808946417,5.0753292794802,27.1389360155598));
#1674=CARTESIAN_POINT('Ctrl Pts',(-3.58071508839624,5.07885496282458,27.1427020000557));
#1675=CARTESIAN_POINT('Ctrl Pts',(-3.45692364202525,5.07885496282458,27.1427020000557));
#1676=CARTESIAN_POINT('',(-4.56509198233412,5.49999999999999,26.4022742300936));
#1677=CARTESIAN_POINT('Ctrl Pts',(-4.77824774689785,4.77802933069074,26.9412832940777));
#1678=CARTESIAN_POINT('Ctrl Pts',(-4.78473636396,4.86171907421585,26.9353097126667));
#1679=CARTESIAN_POINT('Ctrl Pts',(-4.78132480292466,5.01970924809501,26.9053482777986));
#1680=CARTESIAN_POINT('Ctrl Pts',(-4.76290948601358,5.3222399196117,26.785693319102));
#1681=CARTESIAN_POINT('Ctrl Pts',(-4.65420909631657,5.49999999999999,26.556188955535));
#1682=CARTESIAN_POINT('Ctrl Pts',(-4.56509198233412,5.49999999999999,26.4022742300936));
#1683=CARTESIAN_POINT('',(-3.45692364202525,5.49999999999999,26.648959258501));
#1684=CARTESIAN_POINT('Ctrl Pts',(-4.56509198233411,5.49999999999999,26.4022742300936));
#1685=CARTESIAN_POINT('Ctrl Pts',(-4.53058914452514,5.49999999999999,26.4230256425094));
#1686=CARTESIAN_POINT('Ctrl Pts',(-4.49450291570333,5.49999999999999,26.4425252767524));
#1687=CARTESIAN_POINT('Ctrl Pts',(-4.45716690488705,5.49999999999999,26.4606931596925));
#1688=CARTESIAN_POINT('Ctrl Pts',(-4.41710228210492,5.49999999999999,26.4801887983758));
#1689=CARTESIAN_POINT('Ctrl Pts',(-4.37559785341203,5.49999999999999,26.4981511483392));
#1690=CARTESIAN_POINT('Ctrl Pts',(-4.33311302327656,5.49999999999999,26.5145249030509));
#1691=CARTESIAN_POINT('Ctrl Pts',(-4.28993527073947,5.49999999999999,26.5311657117063));
#1692=CARTESIAN_POINT('Ctrl Pts',(-4.24574456798809,5.49999999999999,26.5461664405314));
#1693=CARTESIAN_POINT('Ctrl Pts',(-4.20107725792731,5.49999999999999,26.5595041326418));
#1694=CARTESIAN_POINT('Ctrl Pts',(-4.16496645171349,5.49999999999999,26.5702868463195));
#1695=CARTESIAN_POINT('Ctrl Pts',(-4.12854980532023,5.49999999999999,26.5799807582054));
#1696=CARTESIAN_POINT('Ctrl Pts',(-4.09211235344218,5.49999999999999,26.588599639429));
#1697=CARTESIAN_POINT('Ctrl Pts',(-4.05573804818188,5.49999999999999,26.5972035840098));
#1698=CARTESIAN_POINT('Ctrl Pts',(-4.01934300391141,5.49999999999999,26.6047362103787));
#1699=CARTESIAN_POINT('Ctrl Pts',(-3.98317888929165,5.49999999999999,26.6112522442457));
#1700=CARTESIAN_POINT('Ctrl Pts',(-3.94705439397319,5.49999999999999,26.6177611395249));
#1701=CARTESIAN_POINT('Ctrl Pts',(-3.91116031817689,5.49999999999999,26.6232556551621));
#1702=CARTESIAN_POINT('Ctrl Pts',(-3.87571573965762,5.49999999999999,26.627831487812));
#1703=CARTESIAN_POINT('Ctrl Pts',(-3.84030985576316,5.49999999999999,26.6324023250539));
#1704=CARTESIAN_POINT('Ctrl Pts',(-3.80535248386952,5.49999999999999,26.636056470807));
#1705=CARTESIAN_POINT('Ctrl Pts',(-3.77103033820091,5.49999999999999,26.6389305912921));
#1706=CARTESIAN_POINT('Ctrl Pts',(-3.73676310790777,5.49999999999999,26.6418001131893));
#1707=CARTESIAN_POINT('Ctrl Pts',(-3.70312906570697,5.49999999999999,26.643892094324));
#1708=CARTESIAN_POINT('Ctrl Pts',(-3.67028255772152,5.49999999999999,26.6453838846936));
#1709=CARTESIAN_POINT('Ctrl Pts',(-3.65006121371618,5.49999999999999,26.6463022777922));
#1710=CARTESIAN_POINT('Ctrl Pts',(-3.63013772995422,5.49999999999999,26.6469940087124));
#1711=CARTESIAN_POINT('Ctrl Pts',(-3.61054218845394,5.49999999999999,26.6475082946807));
#1712=CARTESIAN_POINT('Ctrl Pts',(-3.59688533258866,5.49999999999999,26.6478667195471));
#1713=CARTESIAN_POINT('Ctrl Pts',(-3.58338350693475,5.49999999999999,26.6481389741668));
#1714=CARTESIAN_POINT('Ctrl Pts',(-3.57006328882726,5.49999999999999,26.6483438768398));
#1715=CARTESIAN_POINT('Ctrl Pts',(-3.56012284321059,5.49999999999999,26.6484967890414));
#1716=CARTESIAN_POINT('Ctrl Pts',(-3.55028883075793,5.49999999999999,26.6486122850594));
#1717=CARTESIAN_POINT('Ctrl Pts',(-3.54056192336794,5.49999999999999,26.6486991358592));
#1718=CARTESIAN_POINT('Ctrl Pts',(-3.53258698420494,5.49999999999999,26.648770343471));
#1719=CARTESIAN_POINT('Ctrl Pts',(-3.52468258117377,5.49999999999999,26.6488223150216));
#1720=CARTESIAN_POINT('Ctrl Pts',(-3.51682074278245,5.49999999999999,26.6488600661751));
#1721=CARTESIAN_POINT('Ctrl Pts',(-3.50660767312583,5.49999999999999,26.6489091075241));
#1722=CARTESIAN_POINT('Ctrl Pts',(-3.49646448692539,5.49999999999999,26.6489341081918));
#1723=CARTESIAN_POINT('Ctrl Pts',(-3.48647415639883,5.49999999999999,26.6489466473033));
#1724=CARTESIAN_POINT('Ctrl Pts',(-3.48076108560814,5.49999999999999,26.6489538179201));
#1725=CARTESIAN_POINT('Ctrl Pts',(-3.47510063452786,5.49999999999999,26.6489569272106));
#1726=CARTESIAN_POINT('Ctrl Pts',(-3.46948502175625,5.49999999999999,26.6489582589672));
#1727=CARTESIAN_POINT('Ctrl Pts',(-3.46528072685422,5.49999999999999,26.6489592560264));
#1728=CARTESIAN_POINT('Ctrl Pts',(-3.46110126114141,5.49999999999999,26.648959258501));
#1729=CARTESIAN_POINT('Ctrl Pts',(-3.45692364202525,5.49999999999999,26.648959258501));
#1730=CARTESIAN_POINT('Origin',(-3.45692364202525,4.99999999999999,26.648959258501));
#1731=CARTESIAN_POINT('Ctrl Pts',(-4.77824774689785,4.77802933069074,26.9412832940777));
#1732=CARTESIAN_POINT('Ctrl Pts',(-4.78473636396,4.86171907421585,26.9353097126667));
#1733=CARTESIAN_POINT('Ctrl Pts',(-4.78132480292466,5.01970924809501,26.9053482777986));
#1734=CARTESIAN_POINT('Ctrl Pts',(-4.76290948601358,5.3222399196117,26.785693319102));
#1735=CARTESIAN_POINT('Ctrl Pts',(-4.65420909631657,5.49999999999999,26.556188955535));
#1736=CARTESIAN_POINT('Ctrl Pts',(-4.56509198233412,5.49999999999999,26.4022742300936));
#1737=CARTESIAN_POINT('Ctrl Pts',(-4.81020454569298,4.80990030522921,26.9370440009561));
#1738=CARTESIAN_POINT('Ctrl Pts',(-4.81511763735376,4.89126410706874,26.9248726178968));
#1739=CARTESIAN_POINT('Ctrl Pts',(-4.8112357314222,5.04555120117609,26.8851733436886));
#1740=CARTESIAN_POINT('Ctrl Pts',(-4.79878395067543,5.34110258026709,26.748117546399));
#1741=CARTESIAN_POINT('Ctrl Pts',(-4.69879200853576,5.49999999999999,26.5178767688631));
#1742=CARTESIAN_POINT('Ctrl Pts',(-4.62020831421461,5.49999999999999,26.3691250224825));
#1743=CARTESIAN_POINT('Ctrl Pts',(-4.87523246017706,4.874793366006,26.9149814852554));
#1744=CARTESIAN_POINT('Ctrl Pts',(-4.87772119137701,4.95193299252701,26.8921555813649));
#1745=CARTESIAN_POINT('Ctrl Pts',(-4.87436456204613,5.09854755619146,26.8347169782773));
#1746=CARTESIAN_POINT('Ctrl Pts',(-4.871079477398,5.37718645811513,26.6645262563113));
#1747=CARTESIAN_POINT('Ctrl Pts',(-4.78531843686915,5.49999999999999,26.435847033105));
#1748=CARTESIAN_POINT('Ctrl Pts',(-4.72236579430934,5.49999999999999,26.2963618855541));
#1749=CARTESIAN_POINT('Ctrl Pts',(-4.98071789839058,4.98053719400515,26.8347920561479));
#1750=CARTESIAN_POINT('Ctrl Pts',(-4.98117005228077,5.05085678286099,26.7990378921053));
#1751=CARTESIAN_POINT('Ctrl Pts',(-4.98052937824358,5.18389647271019,26.7180674572251));
#1752=CARTESIAN_POINT('Ctrl Pts',(-4.97790690432566,5.42475444925229,26.5075188062518));
#1753=CARTESIAN_POINT('Ctrl Pts',(-4.89874833758133,5.49999999999999,26.2946314790051));
#1754=CARTESIAN_POINT('Ctrl Pts',(-4.84407567840643,5.49999999999999,26.1715473108151));
#1755=CARTESIAN_POINT('Ctrl Pts',(-5.09837828625841,5.09866019821877,26.6911601182202));
#1756=CARTESIAN_POINT('Ctrl Pts',(-5.09716187515968,5.1593901995294,26.6456755823216));
#1757=CARTESIAN_POINT('Ctrl Pts',(-5.09666838179942,5.27670025084033,26.5420961523106));
#1758=CARTESIAN_POINT('Ctrl Pts',(-5.07377926795287,5.46146888990787,26.3155383453322));
#1759=CARTESIAN_POINT('Ctrl Pts',(-4.98549000723597,5.49999999999998,26.1365479933578));
#1760=CARTESIAN_POINT('Ctrl Pts',(-4.92983191388746,5.49999999999998,26.0345710746699));
#1761=CARTESIAN_POINT('Ctrl Pts',(-5.2302616394725,5.22973139132802,26.4512472505893));
#1762=CARTESIAN_POINT('Ctrl Pts',(-5.2245801128142,5.27801722456519,26.3982304773284));
#1763=CARTESIAN_POINT('Ctrl Pts',(-5.2101511215441,5.36939211854957,26.2840476959238));
#1764=CARTESIAN_POINT('Ctrl Pts',(-5.13992590226318,5.48083105702973,26.0927613441495));
#1765=CARTESIAN_POINT('Ctrl Pts',(-5.03830916360776,5.49999999999999,25.962332810075));
#1766=CARTESIAN_POINT('Ctrl Pts',(-4.98020611340358,5.49999999999999,25.8879915182083));
#1767=CARTESIAN_POINT('Ctrl Pts',(-5.34840071204139,5.34842611414332,26.064732340608));
#1768=CARTESIAN_POINT('Ctrl Pts',(-5.32698297122937,5.37546297431479,26.0285781041445));
#1769=CARTESIAN_POINT('Ctrl Pts',(-5.27590704706671,5.42695751311938,25.9575743085081));
#1770=CARTESIAN_POINT('Ctrl Pts',(-5.15718912888734,5.48354562435779,25.8536367632321));
#1771=CARTESIAN_POINT('Ctrl Pts',(-5.05499047710063,5.49999999999999,25.7776529398772));
#1772=CARTESIAN_POINT('Ctrl Pts',(-4.99980614502302,5.49999999999999,25.7370158323603));
#1773=CARTESIAN_POINT('Ctrl Pts',(-5.35355339059329,5.35355339059326,25.7607122748873));
#1774=CARTESIAN_POINT('Ctrl Pts',(-5.32562614626648,5.38148063492008,25.7465935684603));
#1775=CARTESIAN_POINT('Ctrl Pts',(-5.26117457390441,5.43277042455144,25.7181604276888));
#1776=CARTESIAN_POINT('Ctrl Pts',(-5.14045462185713,5.48632991136406,25.6754735722842));
#1777=CARTESIAN_POINT('Ctrl Pts',(-5.04777137491305,5.49999999999999,25.6472170096644));
#1778=CARTESIAN_POINT('Ctrl Pts',(-5.00000000000002,5.49999999999999,25.6331380480586));
#1779=CARTESIAN_POINT('Ctrl Pts',(-5.35355339059329,5.35355339059326,25.581010479878));
#1780=CARTESIAN_POINT('Ctrl Pts',(-5.32270003685608,5.38440674433047,25.581010479878));
#1781=CARTESIAN_POINT('Ctrl Pts',(-5.25287266827983,5.43798700916749,25.581010479878));
#1782=CARTESIAN_POINT('Ctrl Pts',(-5.13089560573658,5.48851156277133,25.581010479878));
#1783=CARTESIAN_POINT('Ctrl Pts',(-5.04363323129988,5.49999999999999,25.581010479878));
#1784=CARTESIAN_POINT('Ctrl Pts',(-5.00000000000002,5.49999999999999,25.581010479878));
#1785=CARTESIAN_POINT('',(-5.35355339059329,5.35355339059326,25.581010479878));
#1786=CARTESIAN_POINT('Ctrl Pts',(-4.77824774689785,4.77802933069074,26.9412832940777));
#1787=CARTESIAN_POINT('Ctrl Pts',(-4.81020454569298,4.80990030522921,26.9370440009561));
#1788=CARTESIAN_POINT('Ctrl Pts',(-4.87523246017706,4.874793366006,26.9149814852554));
#1789=CARTESIAN_POINT('Ctrl Pts',(-4.98071789839058,4.98053719400515,26.8347920561479));
#1790=CARTESIAN_POINT('Ctrl Pts',(-5.09837828625841,5.09866019821877,26.6911601182202));
#1791=CARTESIAN_POINT('Ctrl Pts',(-5.2302616394725,5.22973139132802,26.4512472505893));
#1792=CARTESIAN_POINT('Ctrl Pts',(-5.34840071204139,5.34842611414332,26.064732340608));
#1793=CARTESIAN_POINT('Ctrl Pts',(-5.35355339059329,5.35355339059326,25.7607122748873));
#1794=CARTESIAN_POINT('Ctrl Pts',(-5.35355339059329,5.35355339059326,25.581010479878));
#1795=CARTESIAN_POINT('',(-5.00000000000002,5.49999999999999,25.581010479878));
#1796=CARTESIAN_POINT('Origin',(-5.00000000000002,4.99999999999999,25.581010479878));
#1797=CARTESIAN_POINT('Ctrl Pts',(-5.00000000000002,5.49999999999999,25.581010479878));
#1798=CARTESIAN_POINT('Ctrl Pts',(-5.00000000000002,5.49999999999999,25.6013447175656));
#1799=CARTESIAN_POINT('Ctrl Pts',(-4.99999772737176,5.49999999999999,25.6216744364889));
#1800=CARTESIAN_POINT('Ctrl Pts',(-4.99978678339807,5.49999999999999,25.6419238537679));
#1801=CARTESIAN_POINT('Ctrl Pts',(-4.99956025923781,5.49999999999999,25.6636688800168));
#1802=CARTESIAN_POINT('Ctrl Pts',(-4.99909268191402,5.49999999999999,25.6853221732883));
#1803=CARTESIAN_POINT('Ctrl Pts',(-4.99816362343404,5.49999999999999,25.70684548029));
#1804=CARTESIAN_POINT('Ctrl Pts',(-4.99716653183023,5.49999999999999,25.7299448966993));
#1805=CARTESIAN_POINT('Ctrl Pts',(-4.9956373408535,5.49999999999999,25.752896265896));
#1806=CARTESIAN_POINT('Ctrl Pts',(-4.99335056744628,5.49999999999999,25.7756938791427));
#1807=CARTESIAN_POINT('Ctrl Pts',(-4.99105854072862,5.49999999999999,25.7985438644082));
#1808=CARTESIAN_POINT('Ctrl Pts',(-4.98800540294244,5.49999999999999,25.821241784334));
#1809=CARTESIAN_POINT('Ctrl Pts',(-4.98401353618822,5.49999999999999,25.8437899832823));
#1810=CARTESIAN_POINT('Ctrl Pts',(-4.98031093182104,5.49999999999999,25.8647042735225));
#1811=CARTESIAN_POINT('Ctrl Pts',(-4.97580119527022,5.49999999999999,25.8854913379101));
#1812=CARTESIAN_POINT('Ctrl Pts',(-4.97038092690299,5.49999999999999,25.9061321084429));
#1813=CARTESIAN_POINT('Ctrl Pts',(-4.96504520547442,5.49999999999999,25.9264509181721));
#1814=CARTESIAN_POINT('Ctrl Pts',(-4.95882729158454,5.49999999999999,25.9466290300129));
#1815=CARTESIAN_POINT('Ctrl Pts',(-4.95166346460012,5.49999999999999,25.9666065009466));
#1816=CARTESIAN_POINT('Ctrl Pts',(-4.94308097273269,5.49999999999999,25.9905401445414));
#1817=CARTESIAN_POINT('Ctrl Pts',(-4.93314135165883,5.49999999999999,26.0141781952706));
#1818=CARTESIAN_POINT('Ctrl Pts',(-4.92177616676891,5.49999999999999,26.0374266397525));
#1819=CARTESIAN_POINT('Ctrl Pts',(-4.91003053830564,5.49999999999999,26.0614533136586));
#1820=CARTESIAN_POINT('Ctrl Pts',(-4.89676178226196,5.49999999999999,26.0850651560296));
#1821=CARTESIAN_POINT('Ctrl Pts',(-4.88193866665435,5.49999999999999,26.1081942945345));
#1822=CARTESIAN_POINT('Ctrl Pts',(-4.86712449442757,5.49999999999999,26.1313094783014));
#1823=CARTESIAN_POINT('Ctrl Pts',(-4.85075754169834,5.49999999999999,26.1539441020921));
#1824=CARTESIAN_POINT('Ctrl Pts',(-4.83285604471844,5.49999999999999,26.1760436598129));
#1825=CARTESIAN_POINT('Ctrl Pts',(-4.81567393665844,5.49999999999999,26.1972551254944));
#1826=CARTESIAN_POINT('Ctrl Pts',(-4.7970782054432,5.49999999999999,26.2179749569075));
#1827=CARTESIAN_POINT('Ctrl Pts',(-4.77713163768246,5.49999999999999,26.2381464104241));
#1828=CARTESIAN_POINT('Ctrl Pts',(-4.75569742014166,5.49999999999999,26.2598222860922));
#1829=CARTESIAN_POINT('Ctrl Pts',(-4.73270296107741,5.49999999999999,26.2808659486677));
#1830=CARTESIAN_POINT('Ctrl Pts',(-4.70828766694124,5.49999999999999,26.3011743612031));
#1831=CARTESIAN_POINT('Ctrl Pts',(-4.68013944339521,5.49999999999999,26.3245877893896));
#1832=CARTESIAN_POINT('Ctrl Pts',(-4.65010509054108,5.49999999999999,26.3470187756309));
#1833=CARTESIAN_POINT('Ctrl Pts',(-4.61843877253222,5.49999999999999,26.3683337258116));
#1834=CARTESIAN_POINT('Ctrl Pts',(-4.60112856930129,5.49999999999999,26.3799854157676));
#1835=CARTESIAN_POINT('Ctrl Pts',(-4.58333121091994,5.49999999999999,26.3913044148967));
#1836=CARTESIAN_POINT('Ctrl Pts',(-4.56509198233411,5.49999999999999,26.4022742300936));
#1837=CARTESIAN_POINT('Ctrl Pts',(-4.77824774689785,4.77802933069074,26.9412832940777));
#1838=CARTESIAN_POINT('Ctrl Pts',(-4.81020454569298,4.80990030522921,26.9370440009561));
#1839=CARTESIAN_POINT('Ctrl Pts',(-4.87523246017706,4.874793366006,26.9149814852554));
#1840=CARTESIAN_POINT('Ctrl Pts',(-4.98071789839058,4.98053719400515,26.8347920561479));
#1841=CARTESIAN_POINT('Ctrl Pts',(-5.09837828625841,5.09866019821877,26.6911601182202));
#1842=CARTESIAN_POINT('Ctrl Pts',(-5.2302616394725,5.22973139132802,26.4512472505893));
#1843=CARTESIAN_POINT('Ctrl Pts',(-5.34840071204139,5.34842611414332,26.064732340608));
#1844=CARTESIAN_POINT('Ctrl Pts',(-5.35355339059329,5.35355339059326,25.7607122748873));
#1845=CARTESIAN_POINT('Ctrl Pts',(-5.35355339059329,5.35355339059326,25.581010479878));
#1846=CARTESIAN_POINT('Ctrl Pts',(-4.8621466063679,4.78448431604234,26.9352663438337));
#1847=CARTESIAN_POINT('Ctrl Pts',(-4.89171626070334,4.81476518281912,26.9248840352));
#1848=CARTESIAN_POINT('Ctrl Pts',(-4.95229847321132,4.87721527445726,26.8922978632562));
#1849=CARTESIAN_POINT('Ctrl Pts',(-5.05066415261654,4.98099232124212,26.7992038764762));
#1850=CARTESIAN_POINT('Ctrl Pts',(-5.15929832840049,5.0974708945877,26.6452976224431));
#1851=CARTESIAN_POINT('Ctrl Pts',(-5.27854771790072,5.22395823802879,26.3984758587827));
#1852=CARTESIAN_POINT('Ctrl Pts',(-5.37533852575053,5.3270303760921,26.0283948907267));
#1853=CARTESIAN_POINT('Ctrl Pts',(-5.38148063492011,5.32562614626645,25.7465935684603));
#1854=CARTESIAN_POINT('Ctrl Pts',(-5.3844067443305,5.32270003685604,25.581010479878));
#1855=CARTESIAN_POINT('Ctrl Pts',(-5.01953196406327,4.78100790396262,26.9057885720018));
#1856=CARTESIAN_POINT('Ctrl Pts',(-5.04528377553416,4.81078792042618,26.8856662168451));
#1857=CARTESIAN_POINT('Ctrl Pts',(-5.09818002835095,4.8737130636072,26.8351494480156));
#1858=CARTESIAN_POINT('Ctrl Pts',(-5.18403389020028,4.98037185010663,26.717419248753));
#1859=CARTESIAN_POINT('Ctrl Pts',(-5.27717814308137,5.09703407574156,26.5413521620877));
#1860=CARTESIAN_POINT('Ctrl Pts',(-5.36935710285602,5.20930786124306,26.2851577430017));
#1861=CARTESIAN_POINT('Ctrl Pts',(-5.42697812106639,5.27602090725987,25.9566010286314));
#1862=CARTESIAN_POINT('Ctrl Pts',(-5.43277042455147,5.26117457390438,25.7181604276888));
#1863=CARTESIAN_POINT('Ctrl Pts',(-5.43798700916752,5.25287266827979,25.581010479878));
#1864=CARTESIAN_POINT('Ctrl Pts',(-5.32237947905081,4.76223079227849,26.7857274848039));
#1865=CARTESIAN_POINT('Ctrl Pts',(-5.34127839883343,4.79779141109594,26.7482230231333));
#1866=CARTESIAN_POINT('Ctrl Pts',(-5.37740065981564,4.86975579032297,26.6645490916384));
#1867=CARTESIAN_POINT('Ctrl Pts',(-5.42479757733537,4.97813686831024,26.5065488330791));
#1868=CARTESIAN_POINT('Ctrl Pts',(-5.4613612920844,5.07384541203198,26.3158703900982));
#1869=CARTESIAN_POINT('Ctrl Pts',(-5.48083946604955,5.13878757775392,26.093279392836));
#1870=CARTESIAN_POINT('Ctrl Pts',(-5.48354292664559,5.15746280502919,25.8526089261775));
#1871=CARTESIAN_POINT('Ctrl Pts',(-5.48632991136409,5.14045462185709,25.6754735722842));
#1872=CARTESIAN_POINT('Ctrl Pts',(-5.48851156277137,5.13089560573653,25.581010479878));
#1873=CARTESIAN_POINT('Ctrl Pts',(-5.50000000000002,4.65333543148816,26.5564446730423));
#1874=CARTESIAN_POINT('Ctrl Pts',(-5.50000000000002,4.69743906350767,26.518254446371));
#1875=CARTESIAN_POINT('Ctrl Pts',(-5.50000000000002,4.78390565790118,26.4357669503205));
#1876=CARTESIAN_POINT('Ctrl Pts',(-5.50000000000002,4.89977612406854,26.2932313438647));
#1877=CARTESIAN_POINT('Ctrl Pts',(-5.50000000000002,4.98448903813186,26.1377562894791));
#1878=CARTESIAN_POINT('Ctrl Pts',(-5.50000000000002,5.03779033252231,25.9618626204083));
#1879=CARTESIAN_POINT('Ctrl Pts',(-5.50000000000002,5.0550809516705,25.7773047071954));
#1880=CARTESIAN_POINT('Ctrl Pts',(-5.50000000000002,5.04777137491302,25.6472170096644));
#1881=CARTESIAN_POINT('Ctrl Pts',(-5.50000000000002,5.04363323129985,25.581010479878));
#1882=CARTESIAN_POINT('Ctrl Pts',(-5.50000000000002,4.56421831750571,26.4025299476009));
#1883=CARTESIAN_POINT('Ctrl Pts',(-5.50000000000002,4.61874318017531,26.3695312481589));
#1884=CARTESIAN_POINT('Ctrl Pts',(-5.50000000000002,4.72148333744763,26.2958228208425));
#1885=CARTESIAN_POINT('Ctrl Pts',(-5.50000000000002,4.84486037843039,26.1707168717998));
#1886=CARTESIAN_POINT('Ctrl Pts',(-5.50000000000002,4.92865578844865,26.0356536303403));
#1887=CARTESIAN_POINT('Ctrl Pts',(-5.50000000000002,4.98001479142097,25.8871655255555));
#1888=CARTESIAN_POINT('Ctrl Pts',(-5.50000000000002,4.99980141592849,25.7369754330878));
#1889=CARTESIAN_POINT('Ctrl Pts',(-5.50000000000002,4.99999999999999,25.6331380480586));
#1890=CARTESIAN_POINT('Ctrl Pts',(-5.50000000000002,4.99999999999999,25.581010479878));
#1891=CARTESIAN_POINT('',(-5.50000000000002,4.56421831750571,26.4025299476009));
#1892=CARTESIAN_POINT('Ctrl Pts',(-4.77824774689785,4.77802933069074,26.9412832940777));
#1893=CARTESIAN_POINT('Ctrl Pts',(-4.8621466063679,4.78448431604234,26.9352663438337));
#1894=CARTESIAN_POINT('Ctrl Pts',(-5.01953196406327,4.78100790396262,26.9057885720018));
#1895=CARTESIAN_POINT('Ctrl Pts',(-5.32237947905081,4.76223079227849,26.7857274848039));
#1896=CARTESIAN_POINT('Ctrl Pts',(-5.50000000000002,4.65333543148816,26.5564446730423));
#1897=CARTESIAN_POINT('Ctrl Pts',(-5.50000000000002,4.56421831750571,26.4025299476009));
#1898=CARTESIAN_POINT('',(-5.50000000000002,4.99999999999999,25.581010479878));
#1899=CARTESIAN_POINT('Ctrl Pts',(-5.50000000000002,4.5642183175057,26.4025299476009));
#1900=CARTESIAN_POINT('Ctrl Pts',(-5.50000000000002,4.58244320709563,26.391500160005));
#1901=CARTESIAN_POINT('Ctrl Pts',(-5.50000000000002,4.60028536970388,26.380061964023));
#1902=CARTESIAN_POINT('Ctrl Pts',(-5.50000000000002,4.61771320317336,26.3682386218748));
#1903=CARTESIAN_POINT('Ctrl Pts',(-5.50000000000002,4.63833072654165,26.3542513392065));
#1904=CARTESIAN_POINT('Ctrl Pts',(-5.50000000000002,4.65836766963949,26.3397256342603));
#1905=CARTESIAN_POINT('Ctrl Pts',(-5.50000000000002,4.67771084043911,26.3247411327848));
#1906=CARTESIAN_POINT('Ctrl Pts',(-5.50000000000002,4.70329987109176,26.3049181745148));
#1907=CARTESIAN_POINT('Ctrl Pts',(-5.50000000000002,4.72766902314881,26.2842968955353));
#1908=CARTESIAN_POINT('Ctrl Pts',(-5.50000000000002,4.75050175189549,26.2630915660954));
#1909=CARTESIAN_POINT('Ctrl Pts',(-5.50000000000002,4.7658359533822,26.2488503075131));
#1910=CARTESIAN_POINT('Ctrl Pts',(-5.50000000000002,4.78047581715207,26.2343463872265));
#1911=CARTESIAN_POINT('Ctrl Pts',(-5.50000000000002,4.7943467140542,26.2196263026253));
#1912=CARTESIAN_POINT('Ctrl Pts',(-5.50000000000002,4.8068055181613,26.2064047602997));
#1913=CARTESIAN_POINT('Ctrl Pts',(-5.50000000000002,4.81864341523728,26.1930091879376));
#1914=CARTESIAN_POINT('Ctrl Pts',(-5.50000000000002,4.82983656167538,26.1794495849433));
#1915=CARTESIAN_POINT('Ctrl Pts',(-5.50000000000002,4.84048084205995,26.1665548893388));
#1916=CARTESIAN_POINT('Ctrl Pts',(-5.50000000000002,4.85054157513895,26.1535121944178));
#1917=CARTESIAN_POINT('Ctrl Pts',(-5.50000000000002,4.86003429949825,26.1403024831592));
#1918=CARTESIAN_POINT('Ctrl Pts',(-5.50000000000002,4.87047117340733,26.1257789295867));
#1919=CARTESIAN_POINT('Ctrl Pts',(-5.50000000000002,4.88022710163688,26.111046646696));
#1920=CARTESIAN_POINT('Ctrl Pts',(-5.50000000000002,4.88935123977038,26.0960709080556));
#1921=CARTESIAN_POINT('Ctrl Pts',(-5.50000000000002,4.89914713823018,26.0799925877875));
#1922=CARTESIAN_POINT('Ctrl Pts',(-5.50000000000002,4.90821441291912,26.063634201884));
#1923=CARTESIAN_POINT('Ctrl Pts',(-5.50000000000002,4.91658581457666,26.0470110228589));
#1924=CARTESIAN_POINT('Ctrl Pts',(-5.50000000000002,4.92674321754624,26.0268413625201));
#1925=CARTESIAN_POINT('Ctrl Pts',(-5.50000000000002,4.93587523543523,26.0062827111808));
#1926=CARTESIAN_POINT('Ctrl Pts',(-5.50000000000002,4.94401008977716,25.9854359665908));
#1927=CARTESIAN_POINT('Ctrl Pts',(-5.50000000000002,4.95297287453795,25.9624675301726));
#1928=CARTESIAN_POINT('Ctrl Pts',(-5.50000000000002,4.96072180930286,25.9391544457329));
#1929=CARTESIAN_POINT('Ctrl Pts',(-5.50000000000002,4.96729696189534,25.9156636847443));
#1930=CARTESIAN_POINT('Ctrl Pts',(-5.50000000000002,4.9723633063974,25.8975633766359));
#1931=CARTESIAN_POINT('Ctrl Pts',(-5.50000000000002,4.97673227000517,25.8793591487729));
#1932=CARTESIAN_POINT('Ctrl Pts',(-5.50000000000002,4.98044434271793,25.8611057917921));
#1933=CARTESIAN_POINT('Ctrl Pts',(-5.50000000000002,4.98379365622034,25.8446362289007));
#1934=CARTESIAN_POINT('Ctrl Pts',(-5.50000000000002,4.98660791308756,25.8281273036362));
#1935=CARTESIAN_POINT('Ctrl Pts',(-5.50000000000002,4.98894197126796,25.8115867828276));
#1936=CARTESIAN_POINT('Ctrl Pts',(-5.50000000000002,4.99120472645299,25.7955515573405));
#1937=CARTESIAN_POINT('Ctrl Pts',(-5.50000000000002,4.99301576917792,25.7794873513878));
#1938=CARTESIAN_POINT('Ctrl Pts',(-5.50000000000002,4.99445508857946,25.7633592543862));
#1939=CARTESIAN_POINT('Ctrl Pts',(-5.50000000000002,4.99578509917393,25.7484560022951));
#1940=CARTESIAN_POINT('Ctrl Pts',(-5.50000000000002,4.99680119459626,25.733497019921));
#1941=CARTESIAN_POINT('Ctrl Pts',(-5.50000000000002,4.99758107103115,25.7184175959254));
#1942=CARTESIAN_POINT('Ctrl Pts',(-5.50000000000002,4.99811254703393,25.7081411577221));
#1943=CARTESIAN_POINT('Ctrl Pts',(-5.50000000000002,4.99853314387773,25.6978053130932));
#1944=CARTESIAN_POINT('Ctrl Pts',(-5.50000000000002,4.99886178569623,25.6874154202325));
#1945=CARTESIAN_POINT('Ctrl Pts',(-5.50000000000002,4.99916762268766,25.6777464937758));
#1946=CARTESIAN_POINT('Ctrl Pts',(-5.50000000000002,4.99939341188404,25.6680297511383));
#1947=CARTESIAN_POINT('Ctrl Pts',(-5.50000000000002,4.99955804907541,25.6583232368907));
#1948=CARTESIAN_POINT('Ctrl Pts',(-5.50000000000002,4.99969990251494,25.6499599842118));
#1949=CARTESIAN_POINT('Ctrl Pts',(-5.50000000000002,4.99979667521517,25.6416108488231));
#1950=CARTESIAN_POINT('Ctrl Pts',(-5.50000000000002,4.99986232182754,25.6332703229533));
#1951=CARTESIAN_POINT('Ctrl Pts',(-5.50000000000002,4.99993067241962,25.6245862513641));
#1952=CARTESIAN_POINT('Ctrl Pts',(-5.50000000000002,4.99996527554135,25.6159066386403));
#1953=CARTESIAN_POINT('Ctrl Pts',(-5.50000000000002,4.99998260733811,25.6072006108215));
#1954=CARTESIAN_POINT('Ctrl Pts',(-5.50000000000002,4.99999755467717,25.599692332747));
#1955=CARTESIAN_POINT('Ctrl Pts',(-5.50000000000002,4.99999966796114,25.5921620025396));
#1956=CARTESIAN_POINT('Ctrl Pts',(-5.50000000000002,4.9999999543003,25.5846201633837));
#1957=CARTESIAN_POINT('Ctrl Pts',(-5.50000000000002,4.99999999997824,25.583417059845));
#1958=CARTESIAN_POINT('Ctrl Pts',(-5.50000000000002,4.99999999999999,25.5822137718009));
#1959=CARTESIAN_POINT('Ctrl Pts',(-5.50000000000002,4.99999999999999,25.581010479878));
#1960=CARTESIAN_POINT('Origin',(-5.00000000000002,4.99999999999999,25.581010479878));
#1961=CARTESIAN_POINT('Ctrl Pts',(-4.77824774689785,4.77802933069074,26.9412832940777));
#1962=CARTESIAN_POINT('Ctrl Pts',(-4.8621466063679,4.78448431604234,26.9352663438337));
#1963=CARTESIAN_POINT('Ctrl Pts',(-5.01953196406327,4.78100790396262,26.9057885720018));
#1964=CARTESIAN_POINT('Ctrl Pts',(-5.32237947905081,4.76223079227849,26.7857274848039));
#1965=CARTESIAN_POINT('Ctrl Pts',(-5.50000000000002,4.65333543148816,26.5564446730423));
#1966=CARTESIAN_POINT('Ctrl Pts',(-5.50000000000002,4.56421831750571,26.4025299476009));
#1967=CARTESIAN_POINT('Ctrl Pts',(-4.80561640056781,4.75072272006684,26.9412679608798));
#1968=CARTESIAN_POINT('Ctrl Pts',(-4.88398406047026,4.75499033829996,26.9375514024821));
#1969=CARTESIAN_POINT('Ctrl Pts',(-5.03412711409643,4.74834052158131,26.9132549270769));
#1970=CARTESIAN_POINT('Ctrl Pts',(-5.33247092572464,4.71980269475973,26.8010950641538));
#1971=CARTESIAN_POINT('Ctrl Pts',(-5.50000000000002,4.60223009773346,26.5825422168154));
#1972=CARTESIAN_POINT('Ctrl Pts',(-5.50000000000002,4.5096934548361,26.435528647043));
#1973=CARTESIAN_POINT('Ctrl Pts',(-4.85444771559657,4.69038108486124,26.9456733284018));
#1974=CARTESIAN_POINT('Ctrl Pts',(-4.924414311122,4.69036436897067,26.9458989754052));
#1975=CARTESIAN_POINT('Ctrl Pts',(-5.06387964419014,4.67652259498242,26.9310199896046));
#1976=CARTESIAN_POINT('Ctrl Pts',(-5.35332530797877,4.62625360880225,26.831533387091));
#1977=CARTESIAN_POINT('Ctrl Pts',(-5.50000000000002,4.49301995671204,26.6302803568254));
#1978=CARTESIAN_POINT('Ctrl Pts',(-5.50000000000002,4.39358329839805,26.4941274904104));
#1979=CARTESIAN_POINT('Ctrl Pts',(-4.91718806364299,4.57099054600852,26.9669545959259));
#1980=CARTESIAN_POINT('Ctrl Pts',(-4.9802013880984,4.56378485822981,26.9717925528392));
#1981=CARTESIAN_POINT('Ctrl Pts',(-5.11298221479119,4.53549956715777,26.9677067323588));
#1982=CARTESIAN_POINT('Ctrl Pts',(-5.38340980613043,4.44796136564133,26.8760252960362));
#1983=CARTESIAN_POINT('Ctrl Pts',(-5.50000000000002,4.2992921755305,26.6895945908032));
#1984=CARTESIAN_POINT('Ctrl Pts',(-5.50000000000002,4.19586181812316,26.563959091878));
#1985=CARTESIAN_POINT('Ctrl Pts',(-4.97447750820488,4.40232986721054,27.0066436922445));
#1986=CARTESIAN_POINT('Ctrl Pts',(-5.0350554357177,4.38689383902425,27.0144686919576));
#1987=CARTESIAN_POINT('Ctrl Pts',(-5.16745423294479,4.34037721061503,27.0152996041158));
#1988=CARTESIAN_POINT('Ctrl Pts',(-5.4090270866923,4.22542809676642,26.9160330865678));
#1989=CARTESIAN_POINT('Ctrl Pts',(-5.50000000000002,4.08801248065638,26.7320301414718));
#1990=CARTESIAN_POINT('Ctrl Pts',(-5.50000000000002,3.99806749637827,26.6119538011241));
#1991=CARTESIAN_POINT('Ctrl Pts',(-5.03024168468338,4.15738055957408,27.069504331601));
#1992=CARTESIAN_POINT('Ctrl Pts',(-5.09130720050359,4.13499384276306,27.0760189424192));
#1993=CARTESIAN_POINT('Ctrl Pts',(-5.22286731157038,4.08083757530348,27.0666861310919));
#1994=CARTESIAN_POINT('Ctrl Pts',(-5.4280492907474,3.9837452490359,26.9369816961671));
#1995=CARTESIAN_POINT('Ctrl Pts',(-5.50000000000002,3.87694943722278,26.7501084158029));
#1996=CARTESIAN_POINT('Ctrl Pts',(-5.50000000000002,3.80584704365824,26.6378831823743));
#1997=CARTESIAN_POINT('Ctrl Pts',(-5.07532746231775,3.80885510930888,27.1385349690405));
#1998=CARTESIAN_POINT('Ctrl Pts',(-5.13715751580098,3.79777890278278,27.1321355527423));
#1999=CARTESIAN_POINT('Ctrl Pts',(-5.26730402264308,3.77447252190349,27.0923112084601));
#2000=CARTESIAN_POINT('Ctrl Pts',(-5.44242778162387,3.72037097236745,26.927532284926));
#2001=CARTESIAN_POINT('Ctrl Pts',(-5.50000000000002,3.65308771764162,26.7477904954034));
#2002=CARTESIAN_POINT('Ctrl Pts',(-5.50000000000002,3.61593229443391,26.6487123816498));
#2003=CARTESIAN_POINT('Ctrl Pts',(-5.07885496282462,3.58071508839623,27.1427020000557));
#2004=CARTESIAN_POINT('Ctrl Pts',(-5.14899231704681,3.57853507978631,27.13150046129));
#2005=CARTESIAN_POINT('Ctrl Pts',(-5.28987050517624,3.57094152781413,27.0781514890045));
#2006=CARTESIAN_POINT('Ctrl Pts',(-5.4552077232505,3.54500449359516,26.9010592195687));
#2007=CARTESIAN_POINT('Ctrl Pts',(-5.50000000000002,3.52146557314695,26.7348691791239));
#2008=CARTESIAN_POINT('Ctrl Pts',(-5.50000000000002,3.50905121020592,26.648959258501));
#2009=CARTESIAN_POINT('Ctrl Pts',(-5.07885496282462,3.45692364202523,27.1427020000557));
#2010=CARTESIAN_POINT('Ctrl Pts',(-5.15634103967079,3.45692364202523,27.1303268070759));
#2011=CARTESIAN_POINT('Ctrl Pts',(-5.30530316660589,3.45692364202523,27.0684315499492));
#2012=CARTESIAN_POINT('Ctrl Pts',(-5.4623721380776,3.45692364202523,26.8842867595754));
#2013=CARTESIAN_POINT('Ctrl Pts',(-5.50000000000002,3.45692364202524,26.7274273252945));
#2014=CARTESIAN_POINT('Ctrl Pts',(-5.50000000000002,3.45692364202524,26.648959258501));
#2015=CARTESIAN_POINT('',(-5.07885496282462,3.45692364202523,27.1427020000557));
#2016=CARTESIAN_POINT('Ctrl Pts',(-4.77824774689785,4.77802933069074,26.9412832940777));
#2017=CARTESIAN_POINT('Ctrl Pts',(-4.80561640056781,4.75072272006684,26.9412679608798));
#2018=CARTESIAN_POINT('Ctrl Pts',(-4.85444771559657,4.69038108486124,26.9456733284018));
#2019=CARTESIAN_POINT('Ctrl Pts',(-4.91718806364299,4.57099054600852,26.9669545959259));
#2020=CARTESIAN_POINT('Ctrl Pts',(-4.97447750820488,4.40232986721054,27.0066436922445));
#2021=CARTESIAN_POINT('Ctrl Pts',(-5.03024168468338,4.15738055957408,27.069504331601));
#2022=CARTESIAN_POINT('Ctrl Pts',(-5.07532746231775,3.80885510930888,27.1385349690405));
#2023=CARTESIAN_POINT('Ctrl Pts',(-5.07885496282462,3.58071508839623,27.1427020000557));
#2024=CARTESIAN_POINT('Ctrl Pts',(-5.07885496282462,3.45692364202523,27.1427020000557));
#2025=CARTESIAN_POINT('',(-5.50000000000002,3.45692364202523,26.648959258501));
#2026=CARTESIAN_POINT('Origin',(-5.00000000000002,3.45692364202523,26.648959258501));
#2027=CARTESIAN_POINT('Ctrl Pts',(-5.50000000000002,3.45692364202523,26.648959258501));
#2028=CARTESIAN_POINT('Ctrl Pts',(-5.50000000000002,3.46925027751395,26.648959258501));
#2029=CARTESIAN_POINT('Ctrl Pts',(-5.50000000000002,3.48158150978314,26.6489588253406));
#2030=CARTESIAN_POINT('Ctrl Pts',(-5.50000000000002,3.49404368555595,26.6489291287657));
#2031=CARTESIAN_POINT('Ctrl Pts',(-5.50000000000002,3.50704182064196,26.6488981550337));
#2032=CARTESIAN_POINT('Ctrl Pts',(-5.50000000000002,3.5201821608278,26.6488353652573));
#2033=CARTESIAN_POINT('Ctrl Pts',(-5.50000000000002,3.53355003346928,26.6487135536399));
#2034=CARTESIAN_POINT('Ctrl Pts',(-5.50000000000002,3.54764681493019,26.6485851000112));
#2035=CARTESIAN_POINT('Ctrl Pts',(-5.50000000000002,3.56199630258079,26.6483910358837));
#2036=CARTESIAN_POINT('Ctrl Pts',(-5.50000000000002,3.57663958268327,26.6481051418551));
#2037=CARTESIAN_POINT('Ctrl Pts',(-5.50000000000002,3.59237218402368,26.6477979800208));
#2038=CARTESIAN_POINT('Ctrl Pts',(-5.50000000000002,3.60844346471207,26.6473848493177));
#2039=CARTESIAN_POINT('Ctrl Pts',(-5.50000000000002,3.62484382852432,26.6468392173483));
#2040=CARTESIAN_POINT('Ctrl Pts',(-5.50000000000002,3.6433481062201,26.6462235892074));
#2041=CARTESIAN_POINT('Ctrl Pts',(-5.50000000000002,3.66227060945275,26.6454393254046));
#2042=CARTESIAN_POINT('Ctrl Pts',(-5.50000000000002,3.68153147016574,26.6444551768475));
#2043=CARTESIAN_POINT('Ctrl Pts',(-5.50000000000002,3.71713249629643,26.6426361149157));
#2044=CARTESIAN_POINT('Ctrl Pts',(-5.50000000000002,3.75388527578405,26.6401337576104));
#2045=CARTESIAN_POINT('Ctrl Pts',(-5.50000000000002,3.79103956407497,26.6367824547228));
#2046=CARTESIAN_POINT('Ctrl Pts',(-5.50000000000002,3.81070518414688,26.6350086231582));
#2047=CARTESIAN_POINT('Ctrl Pts',(-5.50000000000002,3.83048077181328,26.6329973969131));
#2048=CARTESIAN_POINT('Ctrl Pts',(-5.50000000000002,3.85028064888491,26.6307234530966));
#2049=CARTESIAN_POINT('Ctrl Pts',(-5.50000000000002,3.86797912059645,26.6286908480373));
#2050=CARTESIAN_POINT('Ctrl Pts',(-5.50000000000002,3.88569633584826,26.6264484037799));
#2051=CARTESIAN_POINT('Ctrl Pts',(-5.50000000000002,3.90340928113397,26.6239753784065));
#2052=CARTESIAN_POINT('Ctrl Pts',(-5.50000000000002,3.92020790362919,26.6216300078879));
#2053=CARTESIAN_POINT('Ctrl Pts',(-5.50000000000002,3.93700210230919,26.6190773027126));
#2054=CARTESIAN_POINT('Ctrl Pts',(-5.50000000000002,3.95381737288551,26.6162961537973));
#2055=CARTESIAN_POINT('Ctrl Pts',(-5.50000000000002,3.97200180465405,26.6132885535058));
#2056=CARTESIAN_POINT('Ctrl Pts',(-5.50000000000002,3.99021967174555,26.6100121894451));
#2057=CARTESIAN_POINT('Ctrl Pts',(-5.50000000000002,4.00852688270061,26.6064430204492));
#2058=CARTESIAN_POINT('Ctrl Pts',(-5.50000000000002,4.02756835519898,26.6027307000175));
#2059=CARTESIAN_POINT('Ctrl Pts',(-5.50000000000002,4.04670609334247,26.5987017580652));
#2060=CARTESIAN_POINT('Ctrl Pts',(-5.50000000000002,4.0659458698489,26.5943457623625));
#2061=CARTESIAN_POINT('Ctrl Pts',(-5.50000000000002,4.08670967831413,26.589644717087));
#2062=CARTESIAN_POINT('Ctrl Pts',(-5.50000000000002,4.10759183520995,26.5845629219006));
#2063=CARTESIAN_POINT('Ctrl Pts',(-5.50000000000002,4.12854130422703,26.5791038456587));
#2064=CARTESIAN_POINT('Ctrl Pts',(-5.50000000000002,4.15282633347878,26.5727755790036));
#2065=CARTESIAN_POINT('Ctrl Pts',(-5.50000000000002,4.17720105823859,26.5659406144822));
#2066=CARTESIAN_POINT('Ctrl Pts',(-5.50000000000002,4.20151919762519,26.5586225258323));
#2067=CARTESIAN_POINT('Ctrl Pts',(-5.50000000000002,4.23409207611281,26.548820328034));
#2068=CARTESIAN_POINT('Ctrl Pts',(-5.50000000000002,4.26655847254003,26.5381531818557));
#2069=CARTESIAN_POINT('Ctrl Pts',(-5.50000000000002,4.29849188182064,26.5266935849543));
#2070=CARTESIAN_POINT('Ctrl Pts',(-5.50000000000002,4.32244193878109,26.5180988872783));
#2071=CARTESIAN_POINT('Ctrl Pts',(-5.50000000000002,4.34608901819725,26.5090592430803));
#2072=CARTESIAN_POINT('Ctrl Pts',(-5.50000000000002,4.36927886558322,26.4995942629522));
#2073=CARTESIAN_POINT('Ctrl Pts',(-5.50000000000002,4.38861131554399,26.4917036868885));
#2074=CARTESIAN_POINT('Ctrl Pts',(-5.50000000000002,4.40762563769494,26.4835175704119));
#2075=CARTESIAN_POINT('Ctrl Pts',(-5.50000000000002,4.42626838206342,26.4750348141264));
#2076=CARTESIAN_POINT('Ctrl Pts',(-5.50000000000002,4.44394336438065,26.4669924055419));
#2077=CARTESIAN_POINT('Ctrl Pts',(-5.50000000000002,4.46128376261396,26.4586835254251));
#2078=CARTESIAN_POINT('Ctrl Pts',(-5.50000000000002,4.47828630320924,26.4500931599673));
#2079=CARTESIAN_POINT('Ctrl Pts',(-5.50000000000002,4.49735270959342,26.440460046734));
#2080=CARTESIAN_POINT('Ctrl Pts',(-5.50000000000002,4.51599899643949,26.4304702557834));
#2081=CARTESIAN_POINT('Ctrl Pts',(-5.50000000000002,4.53427349783799,26.4200897991976));
#2082=CARTESIAN_POINT('Ctrl Pts',(-5.50000000000002,4.54436883611513,26.4143553488605));
#2083=CARTESIAN_POINT('Ctrl Pts',(-5.50000000000002,4.55435003870943,26.4085022756374));
#2084=CARTESIAN_POINT('Ctrl Pts',(-5.50000000000002,4.5642183175057,26.4025299476009));
#2085=CARTESIAN_POINT('Ctrl Pts',(-4.77824774689785,4.77802933069074,26.9412832940777));
#2086=CARTESIAN_POINT('Ctrl Pts',(-4.80561640056781,4.75072272006684,26.9412679608798));
#2087=CARTESIAN_POINT('Ctrl Pts',(-4.85444771559657,4.69038108486124,26.9456733284018));
#2088=CARTESIAN_POINT('Ctrl Pts',(-4.91718806364299,4.57099054600852,26.9669545959259));
#2089=CARTESIAN_POINT('Ctrl Pts',(-4.97447750820488,4.40232986721054,27.0066436922445));
#2090=CARTESIAN_POINT('Ctrl Pts',(-5.03024168468338,4.15738055957408,27.069504331601));
#2091=CARTESIAN_POINT('Ctrl Pts',(-5.07532746231775,3.80885510930888,27.1385349690405));
#2092=CARTESIAN_POINT('Ctrl Pts',(-5.07885496282462,3.58071508839623,27.1427020000557));
#2093=CARTESIAN_POINT('Ctrl Pts',(-5.07885496282462,3.45692364202523,27.1427020000557));
#2094=CARTESIAN_POINT('Ctrl Pts',(-4.7717591298357,4.69433958716562,26.9472568754887));
#2095=CARTESIAN_POINT('Ctrl Pts',(-4.79470683335063,4.6679614895882,26.949212221508));
#2096=CARTESIAN_POINT('Ctrl Pts',(-4.83659123180063,4.60846135907156,26.95678419391));
#2097=CARTESIAN_POINT('Ctrl Pts',(-4.89115282257432,4.48776412306652,26.9817589074466));
#2098=CARTESIAN_POINT('Ctrl Pts',(-4.94029990712497,4.31872457532331,27.0239678552407));
#2099=CARTESIAN_POINT('Ctrl Pts',(-4.9859078656841,4.08058081473751,27.0868594717197));
#2100=CARTESIAN_POINT('Ctrl Pts',(-5.0156264971329,3.76151475212346,27.1486705716484));
#2101=CARTESIAN_POINT('Ctrl Pts',(-5.00871760860243,3.56344314785463,27.1539035388214));
#2102=CARTESIAN_POINT('Ctrl Pts',(-5.00136888597845,3.45692364202523,27.1550771930355));
#2103=CARTESIAN_POINT('Ctrl Pts',(-4.74766792846454,4.5282009243534,26.9429821260195));
#2104=CARTESIAN_POINT('Ctrl Pts',(-4.76380271800307,4.50132675940045,26.9492980045335));
#2105=CARTESIAN_POINT('Ctrl Pts',(-4.79339691992566,4.43963036832983,26.9646543361323));
#2106=CARTESIAN_POINT('Ctrl Pts',(-4.83009485435195,4.31494286573538,26.99800203929));
#2107=CARTESIAN_POINT('Ctrl Pts',(-4.86014617264285,4.14769209653201,27.0447355985092));
#2108=CARTESIAN_POINT('Ctrl Pts',(-4.88275102425527,3.92477160714429,27.1043573971391));
#2109=CARTESIAN_POINT('Ctrl Pts',(-4.88239024356706,3.67547962943846,27.1469392310913));
#2110=CARTESIAN_POINT('Ctrl Pts',(-4.85823064452016,3.53302541121047,27.1470880875628));
#2111=CARTESIAN_POINT('Ctrl Pts',(-4.84053818443111,3.45692364202523,27.1426585153445));
#2112=CARTESIAN_POINT('Ctrl Pts',(-4.62857756926145,4.15930318428155,26.8609485200896));
#2113=CARTESIAN_POINT('Ctrl Pts',(-4.63573748687527,4.13093833846458,26.8734742558901));
#2114=CARTESIAN_POINT('Ctrl Pts',(-4.64820064987717,4.06913201660774,26.9001612383732));
#2115=CARTESIAN_POINT('Ctrl Pts',(-4.66375808950661,3.96054498171331,26.9469818757684));
#2116=CARTESIAN_POINT('Ctrl Pts',(-4.67591090370525,3.83683151479757,26.997237711428));
#2117=CARTESIAN_POINT('Ctrl Pts',(-4.67859214011743,3.70811108052065,27.0359581477356));
#2118=CARTESIAN_POINT('Ctrl Pts',(-4.66503966150943,3.58838553991136,27.0448370456633));
#2119=CARTESIAN_POINT('Ctrl Pts',(-4.64595872393456,3.50211490742531,27.0303032456296));
#2120=CARTESIAN_POINT('Ctrl Pts',(-4.63392654133419,3.45692364202523,27.0165966473678));
#2121=CARTESIAN_POINT('Ctrl Pts',(-4.49864173948593,3.90829746913694,26.7246697136859));
#2122=CARTESIAN_POINT('Ctrl Pts',(-4.50544004105179,3.89139168491806,26.7454102947342));
#2123=CARTESIAN_POINT('Ctrl Pts',(-4.51837168754207,3.85451112296633,26.784862775552));
#2124=CARTESIAN_POINT('Ctrl Pts',(-4.53452897130452,3.78929602035838,26.8341561836409));
#2125=CARTESIAN_POINT('Ctrl Pts',(-4.54629379635368,3.71498741763733,26.8700488702315));
#2126=CARTESIAN_POINT('Ctrl Pts',(-4.55292845316186,3.63343564331792,26.890290196087));
#2127=CARTESIAN_POINT('Ctrl Pts',(-4.5542749968554,3.54671261494949,26.894398295491));
#2128=CARTESIAN_POINT('Ctrl Pts',(-4.5516310004821,3.48683726134581,26.8863318658775));
#2129=CARTESIAN_POINT('Ctrl Pts',(-4.54931306748481,3.45692364202523,26.8792602058858));
#2130=CARTESIAN_POINT('Ctrl Pts',(-4.46952855743638,3.80829683647942,26.6358498362465));
#2131=CARTESIAN_POINT('Ctrl Pts',(-4.47522186285246,3.7948453324105,26.6532192426007));
#2132=CARTESIAN_POINT('Ctrl Pts',(-4.4859532155358,3.76508407563135,26.6859589626515));
#2133=CARTESIAN_POINT('Ctrl Pts',(-4.49969346301674,3.71295192751117,26.7278783617459));
#2134=CARTESIAN_POINT('Ctrl Pts',(-4.51074289262897,3.65459679046142,26.7615884859866));
#2135=CARTESIAN_POINT('Ctrl Pts',(-4.51883295490764,3.59143702024521,26.7862700319216));
#2136=CARTESIAN_POINT('Ctrl Pts',(-4.52376700821758,3.5250077174243,26.801323075918));
#2137=CARTESIAN_POINT('Ctrl Pts',(-4.5248724206483,3.47961842039763,26.8046955206219));
#2138=CARTESIAN_POINT('Ctrl Pts',(-4.5248724206483,3.45692364202523,26.8046955206219));
#2139=CARTESIAN_POINT('',(-4.46952855743638,3.80829683647942,26.6358498362465));
#2140=CARTESIAN_POINT('Ctrl Pts',(-4.77824774689785,4.77802933069074,26.9412832940777));
#2141=CARTESIAN_POINT('Ctrl Pts',(-4.7717591298357,4.69433958716562,26.9472568754887));
#2142=CARTESIAN_POINT('Ctrl Pts',(-4.74766792846454,4.5282009243534,26.9429821260195));
#2143=CARTESIAN_POINT('Ctrl Pts',(-4.62857756926145,4.15930318428155,26.8609485200896));
#2144=CARTESIAN_POINT('Ctrl Pts',(-4.49864173948593,3.90829746913694,26.7246697136859));
#2145=CARTESIAN_POINT('Ctrl Pts',(-4.46952855743638,3.80829683647942,26.6358498362465));
#2146=CARTESIAN_POINT('',(-4.5248724206483,3.45692364202523,26.8046955206219));
#2147=CARTESIAN_POINT('Origin',(-4.38898802853479,3.45692364202523,26.3901329684112));
#2148=CARTESIAN_POINT('Origin',(-5.00000000000002,3.45692364202523,26.648959258501));
#2149=CARTESIAN_POINT('Ctrl Pts',(-4.77824774689785,4.77802933069074,26.9412832940777));
#2150=CARTESIAN_POINT('Ctrl Pts',(-4.7717591298357,4.69433958716562,26.9472568754887));
#2151=CARTESIAN_POINT('Ctrl Pts',(-4.74766792846454,4.5282009243534,26.9429821260195));
#2152=CARTESIAN_POINT('Ctrl Pts',(-4.62857756926145,4.15930318428155,26.8609485200896));
#2153=CARTESIAN_POINT('Ctrl Pts',(-4.49864173948593,3.90829746913694,26.7246697136859));
#2154=CARTESIAN_POINT('Ctrl Pts',(-4.46952855743638,3.80829683647942,26.6358498362465));
#2155=CARTESIAN_POINT('Ctrl Pts',(-4.71433414930759,4.71428738161379,26.949761880321));
#2156=CARTESIAN_POINT('Ctrl Pts',(-4.7111748263605,4.63951646729516,26.942009573136));
#2157=CARTESIAN_POINT('Ctrl Pts',(-4.69155259301485,4.48759201705831,26.9165753358443));
#2158=CARTESIAN_POINT('Ctrl Pts',(-4.57907508848631,4.14229110880611,26.8059671124913));
#2159=CARTESIAN_POINT('Ctrl Pts',(-4.4804704411433,3.9263954541358,26.6692318543354));
#2160=CARTESIAN_POINT('Ctrl Pts',(-4.45814194660422,3.83519984461725,26.6011110235383));
#2161=CARTESIAN_POINT('Ctrl Pts',(-4.59656982316303,4.59680599054625,26.9223657826941));
#2162=CARTESIAN_POINT('Ctrl Pts',(-4.59636506047843,4.53573076870685,26.8968996835881));
#2163=CARTESIAN_POINT('Ctrl Pts',(-4.58174674180395,4.4026212756496,26.8362055573928));
#2164=CARTESIAN_POINT('Ctrl Pts',(-4.48406214587673,4.10421080612592,26.6716261266507));
#2165=CARTESIAN_POINT('Ctrl Pts',(-4.44486971266097,3.95368894049744,26.5606194623555));
#2166=CARTESIAN_POINT('Ctrl Pts',(-4.43273416561454,3.87749761678564,26.5235957595019));
#2167=CARTESIAN_POINT('Ctrl Pts',(-4.36163600033032,4.36155177774518,26.6410478402914));
#2168=CARTESIAN_POINT('Ctrl Pts',(-4.36568781389125,4.31563681811338,26.6002586046553));
#2169=CARTESIAN_POINT('Ctrl Pts',(-4.36563211216867,4.21541610179653,26.5189931655162));
#2170=CARTESIAN_POINT('Ctrl Pts',(-4.37293610767249,4.06012321446897,26.4276171883362));
#2171=CARTESIAN_POINT('Ctrl Pts',(-4.39445161126315,3.96322338855748,26.4068015258875));
#2172=CARTESIAN_POINT('Ctrl Pts',(-4.39039292783078,3.90030628115195,26.3944191018566));
#2173=CARTESIAN_POINT('Ctrl Pts',(-4.23814163913192,4.23814163913192,26.3463119502837));
#2174=CARTESIAN_POINT('Ctrl Pts',(-4.25814521658843,4.21123603955065,26.3357834419577));
#2175=CARTESIAN_POINT('Ctrl Pts',(-4.29814725121179,4.14987853746215,26.3181092281044));
#2176=CARTESIAN_POINT('Ctrl Pts',(-4.34616991418378,4.03171675407733,26.3042604232222));
#2177=CARTESIAN_POINT('Ctrl Pts',(-4.36106656183636,3.93694499868827,26.3049488327211));
#2178=CARTESIAN_POINT('Ctrl Pts',(-4.36207657053695,3.88694899118521,26.3080302151974));
#2179=CARTESIAN_POINT('Ctrl Pts',(-4.19421743929699,4.19421743929699,26.2123059168889));
#2180=CARTESIAN_POINT('Ctrl Pts',(-4.22316223395345,4.16527264464053,26.2123059168889));
#2181=CARTESIAN_POINT('Ctrl Pts',(-4.2745675597827,4.10090299430238,26.2165553343668));
#2182=CARTESIAN_POINT('Ctrl Pts',(-4.32760260178385,3.9906947983485,26.235295423718));
#2183=CARTESIAN_POINT('Ctrl Pts',(-4.34478700583253,3.91253320697202,26.2552823906755));
#2184=CARTESIAN_POINT('Ctrl Pts',(-4.34857857206112,3.87345099270938,26.2668498808644));
#2185=CARTESIAN_POINT('',(-4.19421743929699,4.19421743929699,26.2123059168889));
#2186=CARTESIAN_POINT('Ctrl Pts',(-4.77824774689785,4.77802933069074,26.9412832940777));
#2187=CARTESIAN_POINT('Ctrl Pts',(-4.71433414930759,4.71428738161379,26.949761880321));
#2188=CARTESIAN_POINT('Ctrl Pts',(-4.59656982316303,4.59680599054625,26.9223657826941));
#2189=CARTESIAN_POINT('Ctrl Pts',(-4.36163600033032,4.36155177774518,26.6410478402914));
#2190=CARTESIAN_POINT('Ctrl Pts',(-4.23814163913192,4.23814163913192,26.3463119502837));
#2191=CARTESIAN_POINT('Ctrl Pts',(-4.19421743929699,4.19421743929699,26.2123059168889));
#2192=CARTESIAN_POINT('',(-4.34857857206112,3.87345099270938,26.2668498808644));
#2193=CARTESIAN_POINT('Origin',(-3.8734509927094,3.87345099270938,26.4225861429852));
#2194=CARTESIAN_POINT('Origin',(-4.38898802853479,3.45692364202523,26.3901329684112));
#2195=CARTESIAN_POINT('Ctrl Pts',(-4.77824774689785,4.77802933069074,26.9412832940777));
#2196=CARTESIAN_POINT('Ctrl Pts',(-4.71433414930759,4.71428738161379,26.949761880321));
#2197=CARTESIAN_POINT('Ctrl Pts',(-4.59656982316303,4.59680599054625,26.9223657826941));
#2198=CARTESIAN_POINT('Ctrl Pts',(-4.36163600033032,4.36155177774518,26.6410478402914));
#2199=CARTESIAN_POINT('Ctrl Pts',(-4.23814163913192,4.23814163913192,26.3463119502837));
#2200=CARTESIAN_POINT('Ctrl Pts',(-4.19421743929699,4.19421743929699,26.2123059168889));
#2201=CARTESIAN_POINT('Ctrl Pts',(-4.6943488874278,4.77157434533913,26.9473002443217));
#2202=CARTESIAN_POINT('Ctrl Pts',(-4.63926676189638,4.71111363013377,26.9421585222505));
#2203=CARTESIAN_POINT('Ctrl Pts',(-4.53559866829895,4.59656364235671,26.8969471458896));
#2204=CARTESIAN_POINT('Ctrl Pts',(-4.31574010609809,4.36564584797255,26.6002286734613));
#2205=CARTESIAN_POINT('Ctrl Pts',(-4.21123603955064,4.25814521658842,26.3357834419577));
#2206=CARTESIAN_POINT('Ctrl Pts',(-4.16527264464053,4.22316223395344,26.2123059168889));
#2207=CARTESIAN_POINT('Ctrl Pts',(-4.52812732202541,4.74753126886973,26.9433272617293));
#2208=CARTESIAN_POINT('Ctrl Pts',(-4.48780087811188,4.69148564130193,26.9167682525272));
#2209=CARTESIAN_POINT('Ctrl Pts',(-4.40296031962681,4.58185136464728,26.8361380435309));
#2210=CARTESIAN_POINT('Ctrl Pts',(-4.21542886258958,4.36564021834917,26.5189668818292));
#2211=CARTESIAN_POINT('Ctrl Pts',(-4.14987853746215,4.29814725121178,26.3181092281044));
#2212=CARTESIAN_POINT('Ctrl Pts',(-4.10090299430237,4.27456755978269,26.2165553343668));
#2213=CARTESIAN_POINT('Ctrl Pts',(-4.15949420149287,4.6285237335549,26.8608635537116));
#2214=CARTESIAN_POINT('Ctrl Pts',(-4.14235331746923,4.57904439903058,26.8059180973534));
#2215=CARTESIAN_POINT('Ctrl Pts',(-4.10416254102832,4.4840707512774,26.6716166979796));
#2216=CARTESIAN_POINT('Ctrl Pts',(-4.06011686305365,4.372933285015,26.4276220922186));
#2217=CARTESIAN_POINT('Ctrl Pts',(-4.03171675407731,4.34616991418376,26.3042604232222));
#2218=CARTESIAN_POINT('Ctrl Pts',(-3.99069479834848,4.32760260178383,26.235295423718));
#2219=CARTESIAN_POINT('Ctrl Pts',(-3.90829746913693,4.49864173948591,26.7246697136859));
#2220=CARTESIAN_POINT('Ctrl Pts',(-3.92639545413579,4.48047044114327,26.6692318543354));
#2221=CARTESIAN_POINT('Ctrl Pts',(-3.95368894049743,4.44486971266095,26.5606194623555));
#2222=CARTESIAN_POINT('Ctrl Pts',(-3.96322338855747,4.39445161126312,26.4068015258875));
#2223=CARTESIAN_POINT('Ctrl Pts',(-3.93694499868825,4.36106656183634,26.3049488327211));
#2224=CARTESIAN_POINT('Ctrl Pts',(-3.91253320697201,4.34478700583251,26.2552823906755));
#2225=CARTESIAN_POINT('Ctrl Pts',(-3.80829683647941,4.46952855743635,26.6358498362465));
#2226=CARTESIAN_POINT('Ctrl Pts',(-3.83519984461724,4.45814194660419,26.6011110235383));
#2227=CARTESIAN_POINT('Ctrl Pts',(-3.87749761678563,4.43273416561451,26.5235957595019));
#2228=CARTESIAN_POINT('Ctrl Pts',(-3.90030628115193,4.39039292783075,26.3944191018566));
#2229=CARTESIAN_POINT('Ctrl Pts',(-3.88694899118519,4.36207657053693,26.3080302151975));
#2230=CARTESIAN_POINT('Ctrl Pts',(-3.87345099270936,4.3485785720611,26.2668498808644));
#2231=CARTESIAN_POINT('',(-3.80829683647941,4.46952855743635,26.6358498362465));
#2232=CARTESIAN_POINT('Ctrl Pts',(-4.77824774689785,4.77802933069074,26.9412832940777));
#2233=CARTESIAN_POINT('Ctrl Pts',(-4.6943488874278,4.77157434533913,26.9473002443217));
#2234=CARTESIAN_POINT('Ctrl Pts',(-4.52812732202541,4.74753126886973,26.9433272617293));
#2235=CARTESIAN_POINT('Ctrl Pts',(-4.15949420149287,4.6285237335549,26.8608635537116));
#2236=CARTESIAN_POINT('Ctrl Pts',(-3.90829746913693,4.49864173948591,26.7246697136859));
#2237=CARTESIAN_POINT('Ctrl Pts',(-3.80829683647941,4.46952855743635,26.6358498362465));
#2238=CARTESIAN_POINT('',(-3.8734509927094,4.3485785720611,26.2668498808644));
#2239=CARTESIAN_POINT('Origin',(-3.45692364202525,4.38898802853476,26.3901329684112));
#2240=CARTESIAN_POINT('Origin',(-3.8734509927094,3.87345099270938,26.4225861429852));
#2241=CARTESIAN_POINT('Ctrl Pts',(4.77802933069086,4.77824774689783,26.9412832940777));
#2242=CARTESIAN_POINT('Ctrl Pts',(4.8053359413147,4.75087909322787,26.9412986272757));
#2243=CARTESIAN_POINT('Ctrl Pts',(4.85415872464195,4.69027441077458,26.945785644291));
#2244=CARTESIAN_POINT('Ctrl Pts',(4.91703450750646,4.57056779522606,26.9672430183424));
#2245=CARTESIAN_POINT('Ctrl Pts',(4.97443915767082,4.40320143035062,27.0067212712263));
#2246=CARTESIAN_POINT('Ctrl Pts',(5.03024917492538,4.15753513717962,27.0692889428461));
#2247=CARTESIAN_POINT('Ctrl Pts',(5.07532927948019,3.80898089464168,27.1389360155597));
#2248=CARTESIAN_POINT('Ctrl Pts',(5.07885496282458,3.58071508839622,27.1427020000557));
#2249=CARTESIAN_POINT('Ctrl Pts',(5.07885496282458,3.45692364202523,27.1427020000557));
#2250=CARTESIAN_POINT('Ctrl Pts',(4.86171907421582,4.78473636395998,26.9353097126668));
#2251=CARTESIAN_POINT('Ctrl Pts',(4.88358897969441,4.7551673447883,26.9375692401931));
#2252=CARTESIAN_POINT('Ctrl Pts',(4.92417457071206,4.69022600989725,26.9459506152549));
#2253=CARTESIAN_POINT('Ctrl Pts',(4.98013769647216,4.56330686287749,26.972075260369));
#2254=CARTESIAN_POINT('Ctrl Pts',(5.03506779689569,4.38798177377613,27.0145254304147));
#2255=CARTESIAN_POINT('Ctrl Pts',(5.09132314167376,4.13500148725131,27.075806755689));
#2256=CARTESIAN_POINT('Ctrl Pts',(5.13715728956534,3.79808613671991,27.1325946397163));
#2257=CARTESIAN_POINT('Ctrl Pts',(5.14899231704677,3.57853507978631,27.13150046129));
#2258=CARTESIAN_POINT('Ctrl Pts',(5.15634103967075,3.45692364202523,27.1303268070759));
#2259=CARTESIAN_POINT('Ctrl Pts',(5.01970924809481,4.78132480292463,26.9053482777986));
#2260=CARTESIAN_POINT('Ctrl Pts',(5.03433004871781,4.74855780032491,26.912872015319));
#2261=CARTESIAN_POINT('Ctrl Pts',(5.06405330402682,4.6763094510709,26.9309282473361));
#2262=CARTESIAN_POINT('Ctrl Pts',(5.11306865302295,4.5349013712728,26.9681199086372));
#2263=CARTESIAN_POINT('Ctrl Pts',(5.16747493902946,4.34201236288242,27.0153962725951));
#2264=CARTESIAN_POINT('Ctrl Pts',(5.22286274132265,4.08038686009313,27.0665170657418));
#2265=CARTESIAN_POINT('Ctrl Pts',(5.26730305441677,3.77534606782977,27.0928883299131));
#2266=CARTESIAN_POINT('Ctrl Pts',(5.2898705051762,3.57094152781412,27.0781514890044));
#2267=CARTESIAN_POINT('Ctrl Pts',(5.30530316660585,3.45692364202522,27.0684315499492));
#2268=CARTESIAN_POINT('Ctrl Pts',(5.32223991961178,4.76290948601355,26.785693319102));
#2269=CARTESIAN_POINT('Ctrl Pts',(5.33233703397201,4.72021164472277,26.8011098861578));
#2270=CARTESIAN_POINT('Ctrl Pts',(5.35322237837181,4.62549662325183,26.8320556628162));
#2271=CARTESIAN_POINT('Ctrl Pts',(5.38335665547976,4.44727997848551,26.8770264896076));
#2272=CARTESIAN_POINT('Ctrl Pts',(5.40900963417767,4.22902064285445,26.9158055499137));
#2273=CARTESIAN_POINT('Ctrl Pts',(5.42804849967618,3.98090603714047,26.9371588672139));
#2274=CARTESIAN_POINT('Ctrl Pts',(5.44242841180229,3.72341322320711,26.9280804401292));
#2275=CARTESIAN_POINT('Ctrl Pts',(5.45520772325046,3.54500449359515,26.9010592195687));
#2276=CARTESIAN_POINT('Ctrl Pts',(5.46237213807756,3.45692364202523,26.8842867595754));
#2277=CARTESIAN_POINT('Ctrl Pts',(5.49999999999998,4.65420909631654,26.556188955535));
#2278=CARTESIAN_POINT('Ctrl Pts',(5.49999999999998,4.60262448236216,26.5824084593086));
#2279=CARTESIAN_POINT('Ctrl Pts',(5.49999999999998,4.49127185537454,26.6311992073271));
#2280=CARTESIAN_POINT('Ctrl Pts',(5.49999999999998,4.30033106868592,26.6903251062377));
#2281=CARTESIAN_POINT('Ctrl Pts',(5.49999999999998,4.09099931784624,26.7314528428744));
#2282=CARTESIAN_POINT('Ctrl Pts',(5.49999999999998,3.87332100894905,26.7507650026349));
#2283=CARTESIAN_POINT('Ctrl Pts',(5.49999999999998,3.65737110279493,26.7480425625831));
#2284=CARTESIAN_POINT('Ctrl Pts',(5.49999999999998,3.52146557314694,26.7348691791239));
#2285=CARTESIAN_POINT('Ctrl Pts',(5.49999999999998,3.45692364202523,26.7274273252944));
#2286=CARTESIAN_POINT('Ctrl Pts',(5.49999999999998,4.56509198233409,26.4022742300936));
#2287=CARTESIAN_POINT('Ctrl Pts',(5.49999999999998,4.50997565045361,26.4354234377046));
#2288=CARTESIAN_POINT('Ctrl Pts',(5.49999999999998,4.39164520226128,26.4953027320509));
#2289=CARTESIAN_POINT('Ctrl Pts',(5.49999999999998,4.19821575007541,26.5642325551225));
#2290=CARTESIAN_POINT('Ctrl Pts',(5.49999999999998,3.99893223506551,26.6116400075565));
#2291=CARTESIAN_POINT('Ctrl Pts',(5.49999999999998,3.80369642319665,26.6385581243433));
#2292=CARTESIAN_POINT('Ctrl Pts',(5.49999999999998,3.61988433886046,26.6488533684635));
#2293=CARTESIAN_POINT('Ctrl Pts',(5.49999999999998,3.5090512102059,26.648959258501));
#2294=CARTESIAN_POINT('Ctrl Pts',(5.49999999999998,3.45692364202523,26.648959258501));
#2295=CARTESIAN_POINT('',(4.77802933069086,4.77824774689783,26.9412832940777));
#2296=CARTESIAN_POINT('',(5.07885496282458,3.45692364202523,27.1427020000557));
#2297=CARTESIAN_POINT('Ctrl Pts',(4.77802933069086,4.77824774689783,26.9412832940777));
#2298=CARTESIAN_POINT('Ctrl Pts',(4.8053359413147,4.75087909322787,26.9412986272757));
#2299=CARTESIAN_POINT('Ctrl Pts',(4.85415872464195,4.69027441077458,26.945785644291));
#2300=CARTESIAN_POINT('Ctrl Pts',(4.91703450750646,4.57056779522606,26.9672430183424));
#2301=CARTESIAN_POINT('Ctrl Pts',(4.97443915767082,4.40320143035062,27.0067212712263));
#2302=CARTESIAN_POINT('Ctrl Pts',(5.03024917492538,4.15753513717962,27.0692889428461));
#2303=CARTESIAN_POINT('Ctrl Pts',(5.07532927948019,3.80898089464168,27.1389360155597));
#2304=CARTESIAN_POINT('Ctrl Pts',(5.07885496282458,3.58071508839622,27.1427020000557));
#2305=CARTESIAN_POINT('Ctrl Pts',(5.07885496282458,3.45692364202523,27.1427020000557));
#2306=CARTESIAN_POINT('',(5.49999999999998,4.56509198233409,26.4022742300936));
#2307=CARTESIAN_POINT('Ctrl Pts',(4.77802933069086,4.77824774689783,26.9412832940777));
#2308=CARTESIAN_POINT('Ctrl Pts',(4.86171907421582,4.78473636395998,26.9353097126668));
#2309=CARTESIAN_POINT('Ctrl Pts',(5.01970924809481,4.78132480292463,26.9053482777986));
#2310=CARTESIAN_POINT('Ctrl Pts',(5.32223991961178,4.76290948601355,26.785693319102));
#2311=CARTESIAN_POINT('Ctrl Pts',(5.49999999999998,4.65420909631654,26.556188955535));
#2312=CARTESIAN_POINT('Ctrl Pts',(5.49999999999998,4.56509198233409,26.4022742300936));
#2313=CARTESIAN_POINT('',(5.49999999999998,3.45692364202523,26.648959258501));
#2314=CARTESIAN_POINT('Ctrl Pts',(5.49999999999998,4.56509198233409,26.4022742300936));
#2315=CARTESIAN_POINT('Ctrl Pts',(5.49999999999998,4.5305891445243,26.4230256425099));
#2316=CARTESIAN_POINT('Ctrl Pts',(5.49999999999998,4.49450291570161,26.4425252767533));
#2317=CARTESIAN_POINT('Ctrl Pts',(5.49999999999998,4.45716690488439,26.4606931596938));
#2318=CARTESIAN_POINT('Ctrl Pts',(5.49999999999998,4.41710228210231,26.4801887983769));
#2319=CARTESIAN_POINT('Ctrl Pts',(5.49999999999998,4.37559785340949,26.4981511483403));
#2320=CARTESIAN_POINT('Ctrl Pts',(5.49999999999998,4.3331130232741,26.5145249030518));
#2321=CARTESIAN_POINT('Ctrl Pts',(5.49999999999998,4.28993527073812,26.5311657117067));
#2322=CARTESIAN_POINT('Ctrl Pts',(5.49999999999998,4.24574456798792,26.5461664405314));
#2323=CARTESIAN_POINT('Ctrl Pts',(5.49999999999998,4.20107725792833,26.5595041326415));
#2324=CARTESIAN_POINT('Ctrl Pts',(5.49999999999998,4.16496645171461,26.5702868463191));
#2325=CARTESIAN_POINT('Ctrl Pts',(5.49999999999998,4.12854980532146,26.5799807582051));
#2326=CARTESIAN_POINT('Ctrl Pts',(5.49999999999998,4.09211235344351,26.5885996394286));
#2327=CARTESIAN_POINT('Ctrl Pts',(5.49999999999998,4.05573804818267,26.5972035840096));
#2328=CARTESIAN_POINT('Ctrl Pts',(5.49999999999998,4.01934300391165,26.6047362103787));
#2329=CARTESIAN_POINT('Ctrl Pts',(5.49999999999998,3.98317888929135,26.6112522442457));
#2330=CARTESIAN_POINT('Ctrl Pts',(5.49999999999998,3.94705439397196,26.617761139525));
#2331=CARTESIAN_POINT('Ctrl Pts',(5.49999999999998,3.91116031817475,26.6232556551624));
#2332=CARTESIAN_POINT('Ctrl Pts',(5.49999999999998,3.87571573965461,26.6278314878123));
#2333=CARTESIAN_POINT('Ctrl Pts',(5.49999999999998,3.84030985575843,26.6324023250545));
#2334=CARTESIAN_POINT('Ctrl Pts',(5.49999999999998,3.80535248386312,26.6360564708076));
#2335=CARTESIAN_POINT('Ctrl Pts',(5.49999999999998,3.77103033819291,26.6389305912928));
#2336=CARTESIAN_POINT('Ctrl Pts',(5.49999999999998,3.73676310789883,26.6418001131899));
#2337=CARTESIAN_POINT('Ctrl Pts',(5.49999999999998,3.70312906569715,26.6438920943246));
#2338=CARTESIAN_POINT('Ctrl Pts',(5.49999999999998,3.67028255771087,26.6453838846941));
#2339=CARTESIAN_POINT('Ctrl Pts',(5.49999999999998,3.65006121370493,26.6463022777926));
#2340=CARTESIAN_POINT('Ctrl Pts',(5.49999999999998,3.63013772994239,26.6469940087127));
#2341=CARTESIAN_POINT('Ctrl Pts',(5.49999999999998,3.61054218844156,26.647508294681));
#2342=CARTESIAN_POINT('Ctrl Pts',(5.49999999999998,3.59688533257879,26.6478667195473));
#2343=CARTESIAN_POINT('Ctrl Pts',(5.49999999999998,3.58338350692733,26.6481389741669));
#2344=CARTESIAN_POINT('Ctrl Pts',(5.49999999999998,3.57006328882223,26.6483438768398));
#2345=CARTESIAN_POINT('Ctrl Pts',(5.49999999999998,3.56012284320626,26.6484967890414));
#2346=CARTESIAN_POINT('Ctrl Pts',(5.49999999999998,3.55028883075429,26.6486122850594));
#2347=CARTESIAN_POINT('Ctrl Pts',(5.49999999999998,3.54056192336496,26.6486991358592));
#2348=CARTESIAN_POINT('Ctrl Pts',(5.49999999999998,3.5325869842022,26.648770343471));
#2349=CARTESIAN_POINT('Ctrl Pts',(5.49999999999998,3.52468258117127,26.6488223150216));
#2350=CARTESIAN_POINT('Ctrl Pts',(5.49999999999998,3.51682074278016,26.6488600661751));
#2351=CARTESIAN_POINT('Ctrl Pts',(5.49999999999998,3.50660767312393,26.6489091075241));
#2352=CARTESIAN_POINT('Ctrl Pts',(5.49999999999998,3.49646448692388,26.6489341081918));
#2353=CARTESIAN_POINT('Ctrl Pts',(5.49999999999998,3.4864741563977,26.6489466473033));
#2354=CARTESIAN_POINT('Ctrl Pts',(5.49999999999998,3.48076108560702,26.6489538179201));
#2355=CARTESIAN_POINT('Ctrl Pts',(5.49999999999998,3.47510063452673,26.6489569272106));
#2356=CARTESIAN_POINT('Ctrl Pts',(5.49999999999998,3.46948502175512,26.6489582589672));
#2357=CARTESIAN_POINT('Ctrl Pts',(5.49999999999998,3.46528072685346,26.6489592560263));
#2358=CARTESIAN_POINT('Ctrl Pts',(5.49999999999998,3.46110126114102,26.648959258501));
#2359=CARTESIAN_POINT('Ctrl Pts',(5.49999999999998,3.45692364202523,26.648959258501));
#2360=CARTESIAN_POINT('Origin',(4.99999999999998,3.45692364202523,26.648959258501));
#2361=CARTESIAN_POINT('Ctrl Pts',(4.77802933069086,4.77824774689783,26.9412832940777));
#2362=CARTESIAN_POINT('Ctrl Pts',(4.86171907421582,4.78473636395998,26.9353097126668));
#2363=CARTESIAN_POINT('Ctrl Pts',(5.01970924809481,4.78132480292463,26.9053482777986));
#2364=CARTESIAN_POINT('Ctrl Pts',(5.32223991961178,4.76290948601355,26.785693319102));
#2365=CARTESIAN_POINT('Ctrl Pts',(5.49999999999998,4.65420909631654,26.556188955535));
#2366=CARTESIAN_POINT('Ctrl Pts',(5.49999999999998,4.56509198233409,26.4022742300936));
#2367=CARTESIAN_POINT('Ctrl Pts',(4.80990030522929,4.81020454569296,26.9370440009561));
#2368=CARTESIAN_POINT('Ctrl Pts',(4.89126410706863,4.81511763735374,26.924872617897));
#2369=CARTESIAN_POINT('Ctrl Pts',(5.04555120117597,4.81123573142217,26.8851733436885));
#2370=CARTESIAN_POINT('Ctrl Pts',(5.34110258026714,4.7987839506754,26.748117546399));
#2371=CARTESIAN_POINT('Ctrl Pts',(5.49999999999998,4.69879200853573,26.5178767688631));
#2372=CARTESIAN_POINT('Ctrl Pts',(5.49999999999998,4.62020831421457,26.3691250224825));
#2373=CARTESIAN_POINT('Ctrl Pts',(4.87479336600593,4.87523246017703,26.9149814852555));
#2374=CARTESIAN_POINT('Ctrl Pts',(4.95193299252673,4.87772119137698,26.8921555813651));
#2375=CARTESIAN_POINT('Ctrl Pts',(5.09854755619157,4.87436456204611,26.834716978277));
#2376=CARTESIAN_POINT('Ctrl Pts',(5.37718645811509,4.87107947739796,26.6645262563115));
#2377=CARTESIAN_POINT('Ctrl Pts',(5.49999999999998,4.78531843686911,26.435847033105));
#2378=CARTESIAN_POINT('Ctrl Pts',(5.49999999999998,4.7223657943093,26.2963618855541));
#2379=CARTESIAN_POINT('Ctrl Pts',(4.98053719400485,4.98071789839056,26.834792056148));
#2380=CARTESIAN_POINT('Ctrl Pts',(5.05085678286074,4.98117005228074,26.7990378921053));
#2381=CARTESIAN_POINT('Ctrl Pts',(5.18389647271054,4.98052937824355,26.7180674572248));
#2382=CARTESIAN_POINT('Ctrl Pts',(5.42475444925216,4.97790690432564,26.5075188062519));
#2383=CARTESIAN_POINT('Ctrl Pts',(5.49999999999998,4.89874833758131,26.2946314790051));
#2384=CARTESIAN_POINT('Ctrl Pts',(5.49999999999998,4.84407567840641,26.1715473108151));
#2385=CARTESIAN_POINT('Ctrl Pts',(5.09866019821889,5.09837828625838,26.6911601182198));
#2386=CARTESIAN_POINT('Ctrl Pts',(5.15939019952977,5.09716187515965,26.6456755823212));
#2387=CARTESIAN_POINT('Ctrl Pts',(5.27670025084019,5.0966683817994,26.5420961523109));
#2388=CARTESIAN_POINT('Ctrl Pts',(5.46146888990787,5.07377926795284,26.3155383453321));
#2389=CARTESIAN_POINT('Ctrl Pts',(5.49999999999998,4.98549000723594,26.1365479933578));
#2390=CARTESIAN_POINT('Ctrl Pts',(5.49999999999998,4.92983191388743,26.0345710746699));
#2391=CARTESIAN_POINT('Ctrl Pts',(5.22973139132809,5.23026163947248,26.4512472505895));
#2392=CARTESIAN_POINT('Ctrl Pts',(5.27801722456504,5.22458011281417,26.3982304773288));
#2393=CARTESIAN_POINT('Ctrl Pts',(5.36939211854946,5.21015112154406,26.2840476959238));
#2394=CARTESIAN_POINT('Ctrl Pts',(5.48083105702975,5.13992590226315,26.0927613441494));
#2395=CARTESIAN_POINT('Ctrl Pts',(5.49999999999998,5.03830916360772,25.9623328100751));
#2396=CARTESIAN_POINT('Ctrl Pts',(5.49999999999998,4.98020611340355,25.8879915182083));
#2397=CARTESIAN_POINT('Ctrl Pts',(5.34842611414318,5.34840071204136,26.0647323406079));
#2398=CARTESIAN_POINT('Ctrl Pts',(5.37546297431477,5.32698297122933,26.0285781041442));
#2399=CARTESIAN_POINT('Ctrl Pts',(5.42695751311944,5.27590704706667,25.9575743085079));
#2400=CARTESIAN_POINT('Ctrl Pts',(5.48354562435776,5.1571891288873,25.8536367632322));
#2401=CARTESIAN_POINT('Ctrl Pts',(5.49999999999998,5.0549904771006,25.7776529398772));
#2402=CARTESIAN_POINT('Ctrl Pts',(5.49999999999998,4.99980614502299,25.7370158323603));
#2403=CARTESIAN_POINT('Ctrl Pts',(5.35355339059325,5.35355339059326,25.7607122748872));
#2404=CARTESIAN_POINT('Ctrl Pts',(5.38148063492006,5.32562614626645,25.7465935684603));
#2405=CARTESIAN_POINT('Ctrl Pts',(5.43277042455143,5.26117457390438,25.7181604276888));
#2406=CARTESIAN_POINT('Ctrl Pts',(5.48632991136405,5.1404546218571,25.6754735722842));
#2407=CARTESIAN_POINT('Ctrl Pts',(5.49999999999998,5.04777137491302,25.6472170096644));
#2408=CARTESIAN_POINT('Ctrl Pts',(5.49999999999998,4.99999999999999,25.6331380480586));
#2409=CARTESIAN_POINT('Ctrl Pts',(5.35355339059325,5.35355339059326,25.581010479878));
#2410=CARTESIAN_POINT('Ctrl Pts',(5.38440674433046,5.32270003685605,25.581010479878));
#2411=CARTESIAN_POINT('Ctrl Pts',(5.43798700916748,5.2528726682798,25.581010479878));
#2412=CARTESIAN_POINT('Ctrl Pts',(5.48851156277132,5.13089560573655,25.581010479878));
#2413=CARTESIAN_POINT('Ctrl Pts',(5.49999999999998,5.04363323129984,25.581010479878));
#2414=CARTESIAN_POINT('Ctrl Pts',(5.49999999999998,4.99999999999999,25.581010479878));
#2415=CARTESIAN_POINT('',(5.35355339059325,5.35355339059326,25.581010479878));
#2416=CARTESIAN_POINT('Ctrl Pts',(4.77802933069086,4.77824774689783,26.9412832940777));
#2417=CARTESIAN_POINT('Ctrl Pts',(4.80990030522929,4.81020454569296,26.9370440009561));
#2418=CARTESIAN_POINT('Ctrl Pts',(4.87479336600593,4.87523246017703,26.9149814852555));
#2419=CARTESIAN_POINT('Ctrl Pts',(4.98053719400485,4.98071789839056,26.834792056148));
#2420=CARTESIAN_POINT('Ctrl Pts',(5.09866019821889,5.09837828625838,26.6911601182198));
#2421=CARTESIAN_POINT('Ctrl Pts',(5.22973139132809,5.23026163947248,26.4512472505895));
#2422=CARTESIAN_POINT('Ctrl Pts',(5.34842611414318,5.34840071204136,26.0647323406079));
#2423=CARTESIAN_POINT('Ctrl Pts',(5.35355339059325,5.35355339059326,25.7607122748872));
#2424=CARTESIAN_POINT('Ctrl Pts',(5.35355339059325,5.35355339059326,25.581010479878));
#2425=CARTESIAN_POINT('',(5.49999999999998,4.99999999999999,25.581010479878));
#2426=CARTESIAN_POINT('Origin',(4.99999999999998,4.99999999999999,25.581010479878));
#2427=CARTESIAN_POINT('Ctrl Pts',(5.49999999999998,4.99999999999999,25.581010479878));
#2428=CARTESIAN_POINT('Ctrl Pts',(5.49999999999998,4.99999999999999,25.6013447175655));
#2429=CARTESIAN_POINT('Ctrl Pts',(5.49999999999998,4.99999772737173,25.6216744364886));
#2430=CARTESIAN_POINT('Ctrl Pts',(5.49999999999998,4.99978678339804,25.6419238537674));
#2431=CARTESIAN_POINT('Ctrl Pts',(5.49999999999998,4.99956025923779,25.6636688800162));
#2432=CARTESIAN_POINT('Ctrl Pts',(5.49999999999998,4.99909268191401,25.6853221732878));
#2433=CARTESIAN_POINT('Ctrl Pts',(5.49999999999998,4.99816362343404,25.7068454802894));
#2434=CARTESIAN_POINT('Ctrl Pts',(5.49999999999998,4.99716653183025,25.7299448966985));
#2435=CARTESIAN_POINT('Ctrl Pts',(5.49999999999998,4.99563734085355,25.7528962658948));
#2436=CARTESIAN_POINT('Ctrl Pts',(5.49999999999998,4.99335056744639,25.7756938791413));
#2437=CARTESIAN_POINT('Ctrl Pts',(5.49999999999998,4.99105854072875,25.7985438644069));
#2438=CARTESIAN_POINT('Ctrl Pts',(5.49999999999998,4.98800540294259,25.8212417843328));
#2439=CARTESIAN_POINT('Ctrl Pts',(5.49999999999998,4.98401353618838,25.8437899832812));
#2440=CARTESIAN_POINT('Ctrl Pts',(5.49999999999998,4.98031093182098,25.8647042735228));
#2441=CARTESIAN_POINT('Ctrl Pts',(5.49999999999998,4.97580119526985,25.8854913379117));
#2442=CARTESIAN_POINT('Ctrl Pts',(5.49999999999998,4.97038092690218,25.9061321084459));
#2443=CARTESIAN_POINT('Ctrl Pts',(5.49999999999998,4.96504520547482,25.92645091817));
#2444=CARTESIAN_POINT('Ctrl Pts',(5.49999999999998,4.95882729158658,25.946629030006));
#2445=CARTESIAN_POINT('Ctrl Pts',(5.49999999999998,4.95166346460427,25.9666065009349));
#2446=CARTESIAN_POINT('Ctrl Pts',(5.49999999999998,4.94308097273743,25.9905401445294));
#2447=CARTESIAN_POINT('Ctrl Pts',(5.49999999999998,4.93314135166422,26.0141781952583));
#2448=CARTESIAN_POINT('Ctrl Pts',(5.49999999999998,4.92177616677502,26.0374266397399));
#2449=CARTESIAN_POINT('Ctrl Pts',(5.49999999999998,4.91003053831236,26.061453313646));
#2450=CARTESIAN_POINT('Ctrl Pts',(5.49999999999998,4.89676178226932,26.085065156017));
#2451=CARTESIAN_POINT('Ctrl Pts',(5.49999999999998,4.88193866666236,26.1081942945219));
#2452=CARTESIAN_POINT('Ctrl Pts',(5.49999999999998,4.86712449443618,26.131309478289));
#2453=CARTESIAN_POINT('Ctrl Pts',(5.49999999999998,4.85075754170757,26.1539441020798));
#2454=CARTESIAN_POINT('Ctrl Pts',(5.49999999999998,4.83285604472828,26.1760436598007));
#2455=CARTESIAN_POINT('Ctrl Pts',(5.49999999999998,4.81567393666882,26.1972551254824));
#2456=CARTESIAN_POINT('Ctrl Pts',(5.49999999999998,4.79707820545413,26.2179749568957));
#2457=CARTESIAN_POINT('Ctrl Pts',(5.49999999999998,4.77713163769393,26.2381464104124));
#2458=CARTESIAN_POINT('Ctrl Pts',(5.49999999999998,4.75569742015474,26.2598222860798));
#2459=CARTESIAN_POINT('Ctrl Pts',(5.49999999999998,4.73270296109224,26.2808659486545));
#2460=CARTESIAN_POINT('Ctrl Pts',(5.49999999999998,4.70828766695792,26.3011743611892));
#2461=CARTESIAN_POINT('Ctrl Pts',(5.49999999999998,4.6801394434113,26.3245877893772));
#2462=CARTESIAN_POINT('Ctrl Pts',(5.49999999999998,4.65010509055637,26.3470187756199));
#2463=CARTESIAN_POINT('Ctrl Pts',(5.49999999999998,4.61843877254651,26.368333725802));
#2464=CARTESIAN_POINT('Ctrl Pts',(5.49999999999998,4.60112856931107,26.3799854157613));
#2465=CARTESIAN_POINT('Ctrl Pts',(5.49999999999998,4.58333121092494,26.3913044148937));
#2466=CARTESIAN_POINT('Ctrl Pts',(5.49999999999998,4.56509198233409,26.4022742300936));
#2467=CARTESIAN_POINT('Ctrl Pts',(4.77802933069086,4.77824774689783,26.9412832940777));
#2468=CARTESIAN_POINT('Ctrl Pts',(4.80990030522929,4.81020454569296,26.9370440009561));
#2469=CARTESIAN_POINT('Ctrl Pts',(4.87479336600593,4.87523246017703,26.9149814852555));
#2470=CARTESIAN_POINT('Ctrl Pts',(4.98053719400485,4.98071789839056,26.834792056148));
#2471=CARTESIAN_POINT('Ctrl Pts',(5.09866019821889,5.09837828625838,26.6911601182198));
#2472=CARTESIAN_POINT('Ctrl Pts',(5.22973139132809,5.23026163947248,26.4512472505895));
#2473=CARTESIAN_POINT('Ctrl Pts',(5.34842611414318,5.34840071204136,26.0647323406079));
#2474=CARTESIAN_POINT('Ctrl Pts',(5.35355339059325,5.35355339059326,25.7607122748872));
#2475=CARTESIAN_POINT('Ctrl Pts',(5.35355339059325,5.35355339059326,25.581010479878));
#2476=CARTESIAN_POINT('Ctrl Pts',(4.78448431604249,4.86214660636788,26.9352663438337));
#2477=CARTESIAN_POINT('Ctrl Pts',(4.81476518281921,4.89171626070331,26.9248840352));
#2478=CARTESIAN_POINT('Ctrl Pts',(4.87721527445717,4.95229847321129,26.8922978632564));
#2479=CARTESIAN_POINT('Ctrl Pts',(4.98099232124177,5.05066415261651,26.7992038764764));
#2480=CARTESIAN_POINT('Ctrl Pts',(5.09747089458787,5.15929832840046,26.6452976224427));
#2481=CARTESIAN_POINT('Ctrl Pts',(5.22395823802885,5.27854771790068,26.398475858783));
#2482=CARTESIAN_POINT('Ctrl Pts',(5.32703037609196,5.3753385257505,26.0283948907265));
#2483=CARTESIAN_POINT('Ctrl Pts',(5.32562614626643,5.38148063492008,25.7465935684603));
#2484=CARTESIAN_POINT('Ctrl Pts',(5.32270003685604,5.38440674433047,25.581010479878));
#2485=CARTESIAN_POINT('Ctrl Pts',(4.78100790396281,5.01953196406324,26.9057885720018));
#2486=CARTESIAN_POINT('Ctrl Pts',(4.81078792042629,5.04528377553413,26.8856662168451));
#2487=CARTESIAN_POINT('Ctrl Pts',(4.87371306360706,5.09818002835093,26.8351494480158));
#2488=CARTESIAN_POINT('Ctrl Pts',(4.98037185010618,5.18403389020026,26.7174192487532));
#2489=CARTESIAN_POINT('Ctrl Pts',(5.09703407574185,5.27717814308134,26.5413521620871));
#2490=CARTESIAN_POINT('Ctrl Pts',(5.20930786124304,5.36935710285598,26.2851577430021));
#2491=CARTESIAN_POINT('Ctrl Pts',(5.27602090725974,5.42697812106636,25.9566010286311));
#2492=CARTESIAN_POINT('Ctrl Pts',(5.26117457390437,5.43277042455144,25.7181604276888));
#2493=CARTESIAN_POINT('Ctrl Pts',(5.25287266827979,5.43798700916748,25.581010479878));
#2494=CARTESIAN_POINT('Ctrl Pts',(4.76223079227891,5.32237947905078,26.7857274848038));
#2495=CARTESIAN_POINT('Ctrl Pts',(4.79779141109616,5.3412783988334,26.7482230231334));
#2496=CARTESIAN_POINT('Ctrl Pts',(4.86975579032252,5.37740065981561,26.6645490916389));
#2497=CARTESIAN_POINT('Ctrl Pts',(4.97813686830951,5.42479757733533,26.5065488330793));
#2498=CARTESIAN_POINT('Ctrl Pts',(5.07384541203284,5.46136129208437,26.3158703900972));
#2499=CARTESIAN_POINT('Ctrl Pts',(5.13878757775351,5.48083946604952,26.0932793928371));
#2500=CARTESIAN_POINT('Ctrl Pts',(5.15746280502925,5.48354292664556,25.8526089261767));
#2501=CARTESIAN_POINT('Ctrl Pts',(5.14045462185708,5.48632991136406,25.6754735722842));
#2502=CARTESIAN_POINT('Ctrl Pts',(5.13089560573652,5.48851156277133,25.581010479878));
#2503=CARTESIAN_POINT('Ctrl Pts',(4.65333543148871,5.49999999999999,26.5564446730422));
#2504=CARTESIAN_POINT('Ctrl Pts',(4.69743906350786,5.49999999999999,26.5182544463712));
#2505=CARTESIAN_POINT('Ctrl Pts',(4.78390565790021,5.49999999999999,26.4357669503213));
#2506=CARTESIAN_POINT('Ctrl Pts',(4.89977612406842,5.49999999999999,26.2932313438641));
#2507=CARTESIAN_POINT('Ctrl Pts',(4.98448903813244,5.49999999999999,26.1377562894789));
#2508=CARTESIAN_POINT('Ctrl Pts',(5.03779033252178,5.49999999999999,25.9618626204091));
#2509=CARTESIAN_POINT('Ctrl Pts',(5.0550809516707,5.49999999999999,25.7773047071946));
#2510=CARTESIAN_POINT('Ctrl Pts',(5.047771374913,5.49999999999999,25.6472170096644));
#2511=CARTESIAN_POINT('Ctrl Pts',(5.04363323129984,5.49999999999999,25.581010479878));
#2512=CARTESIAN_POINT('Ctrl Pts',(4.56421831750625,5.49999999999999,26.4025299476008));
#2513=CARTESIAN_POINT('Ctrl Pts',(4.61874318017543,5.49999999999999,26.3695312481591));
#2514=CARTESIAN_POINT('Ctrl Pts',(4.72148333744648,5.49999999999999,26.2958228208433));
#2515=CARTESIAN_POINT('Ctrl Pts',(4.8448603784308,5.49999999999999,26.1707168717989));
#2516=CARTESIAN_POINT('Ctrl Pts',(4.92865578844881,5.49999999999999,26.0356536303407));
#2517=CARTESIAN_POINT('Ctrl Pts',(4.98001479142061,5.49999999999999,25.8871655255558));
#2518=CARTESIAN_POINT('Ctrl Pts',(4.99980141592862,5.49999999999999,25.7369754330874));
#2519=CARTESIAN_POINT('Ctrl Pts',(4.99999999999997,5.49999999999999,25.6331380480586));
#2520=CARTESIAN_POINT('Ctrl Pts',(4.99999999999998,5.49999999999999,25.581010479878));
#2521=CARTESIAN_POINT('',(4.56421831750625,5.49999999999999,26.4025299476008));
#2522=CARTESIAN_POINT('Ctrl Pts',(4.77802933069086,4.77824774689783,26.9412832940777));
#2523=CARTESIAN_POINT('Ctrl Pts',(4.78448431604249,4.86214660636788,26.9352663438337));
#2524=CARTESIAN_POINT('Ctrl Pts',(4.78100790396281,5.01953196406324,26.9057885720018));
#2525=CARTESIAN_POINT('Ctrl Pts',(4.76223079227891,5.32237947905078,26.7857274848038));
#2526=CARTESIAN_POINT('Ctrl Pts',(4.65333543148871,5.49999999999999,26.5564446730422));
#2527=CARTESIAN_POINT('Ctrl Pts',(4.56421831750625,5.49999999999999,26.4025299476008));
#2528=CARTESIAN_POINT('',(4.99999999999998,5.49999999999999,25.581010479878));
#2529=CARTESIAN_POINT('Ctrl Pts',(4.56421831750625,5.49999999999999,26.4025299476008));
#2530=CARTESIAN_POINT('Ctrl Pts',(4.58244320709287,5.49999999999999,26.3915001600069));
#2531=CARTESIAN_POINT('Ctrl Pts',(4.6002853696979,5.49999999999999,26.3800619640271));
#2532=CARTESIAN_POINT('Ctrl Pts',(4.61771320316433,5.49999999999999,26.3682386218811));
#2533=CARTESIAN_POINT('Ctrl Pts',(4.63833072652608,5.49999999999999,26.3542513392175));
#2534=CARTESIAN_POINT('Ctrl Pts',(4.65836766961777,5.49999999999999,26.3397256342763));
#2535=CARTESIAN_POINT('Ctrl Pts',(4.67771084041181,5.49999999999999,26.3247411328061));
#2536=CARTESIAN_POINT('Ctrl Pts',(4.7032998710873,5.49999999999999,26.3049181745195));
#2537=CARTESIAN_POINT('Ctrl Pts',(4.7276690231653,5.49999999999999,26.2842968955218));
#2538=CARTESIAN_POINT('Ctrl Pts',(4.75050175193021,5.49999999999999,26.2630915660629));
#2539=CARTESIAN_POINT('Ctrl Pts',(4.76583595341596,5.49999999999999,26.24885030748));
#2540=CARTESIAN_POINT('Ctrl Pts',(4.78047581718484,5.49999999999999,26.2343463871929));
#2541=CARTESIAN_POINT('Ctrl Pts',(4.79434671408596,5.49999999999999,26.2196263025912));
#2542=CARTESIAN_POINT('Ctrl Pts',(4.80680551819177,5.49999999999999,26.2064047602655));
#2543=CARTESIAN_POINT('Ctrl Pts',(4.81864341526648,5.49999999999999,26.1930091879034));
#2544=CARTESIAN_POINT('Ctrl Pts',(4.82983656170332,5.49999999999999,26.1794495849091));
#2545=CARTESIAN_POINT('Ctrl Pts',(4.84048084208701,5.49999999999999,26.1665548893042));
#2546=CARTESIAN_POINT('Ctrl Pts',(4.85054157516511,5.49999999999999,26.1535121943829));
#2547=CARTESIAN_POINT('Ctrl Pts',(4.8600342995235,5.49999999999999,26.140302483124));
#2548=CARTESIAN_POINT('Ctrl Pts',(4.87047117343134,5.49999999999999,26.1257789295515));
#2549=CARTESIAN_POINT('Ctrl Pts',(4.88022710165967,5.49999999999999,26.1110466466607));
#2550=CARTESIAN_POINT('Ctrl Pts',(4.88935123979197,5.49999999999999,26.0960709080205));
#2551=CARTESIAN_POINT('Ctrl Pts',(4.89914713824971,5.49999999999999,26.0799925877536));
#2552=CARTESIAN_POINT('Ctrl Pts',(4.90821441293673,5.49999999999999,26.0636342018515));
#2553=CARTESIAN_POINT('Ctrl Pts',(4.91658581459251,5.49999999999999,26.0470110228278));
#2554=CARTESIAN_POINT('Ctrl Pts',(4.9267432175605,5.49999999999999,26.0268413624896));
#2555=CARTESIAN_POINT('Ctrl Pts',(4.93587523544801,5.49999999999999,26.006282711151));
#2556=CARTESIAN_POINT('Ctrl Pts',(4.94401008978857,5.49999999999999,25.9854359665617));
#2557=CARTESIAN_POINT('Ctrl Pts',(4.95297287454882,5.49999999999999,25.9624675301418));
#2558=CARTESIAN_POINT('Ctrl Pts',(4.96072180931308,5.49999999999999,25.9391544457004));
#2559=CARTESIAN_POINT('Ctrl Pts',(4.96729696190482,5.49999999999999,25.91566368471));
#2560=CARTESIAN_POINT('Ctrl Pts',(4.97236330640584,5.49999999999999,25.8975633766019));
#2561=CARTESIAN_POINT('Ctrl Pts',(4.97673227001265,5.49999999999999,25.8793591487393));
#2562=CARTESIAN_POINT('Ctrl Pts',(4.98044434272454,5.49999999999999,25.8611057917588));
#2563=CARTESIAN_POINT('Ctrl Pts',(4.98379365622614,5.49999999999999,25.8446362288679));
#2564=CARTESIAN_POINT('Ctrl Pts',(4.98660791309263,5.49999999999999,25.8281273036038));
#2565=CARTESIAN_POINT('Ctrl Pts',(4.98894197127237,5.49999999999999,25.8115867827956));
#2566=CARTESIAN_POINT('Ctrl Pts',(4.99120472645365,5.49999999999999,25.795551557331));
#2567=CARTESIAN_POINT('Ctrl Pts',(4.99301576917614,5.49999999999999,25.779487351401));
#2568=CARTESIAN_POINT('Ctrl Pts',(4.99445508857622,5.49999999999999,25.7633592544223));
#2569=CARTESIAN_POINT('Ctrl Pts',(4.99578509917149,5.49999999999999,25.7484560023283));
#2570=CARTESIAN_POINT('Ctrl Pts',(4.9968011945944,5.49999999999999,25.7334970199514));
#2571=CARTESIAN_POINT('Ctrl Pts',(4.99758107102973,5.49999999999999,25.7184175959529));
#2572=CARTESIAN_POINT('Ctrl Pts',(4.99811254703279,5.49999999999999,25.708141157748));
#2573=CARTESIAN_POINT('Ctrl Pts',(4.99853314387683,5.49999999999999,25.6978053131174));
#2574=CARTESIAN_POINT('Ctrl Pts',(4.99886178569552,5.49999999999999,25.6874154202549));
#2575=CARTESIAN_POINT('Ctrl Pts',(4.99916762268726,5.49999999999999,25.677746493792));
#2576=CARTESIAN_POINT('Ctrl Pts',(4.99939341188386,5.49999999999999,25.6680297511481));
#2577=CARTESIAN_POINT('Ctrl Pts',(4.99955804907535,5.49999999999999,25.6583232368942));
#2578=CARTESIAN_POINT('Ctrl Pts',(4.99969990251482,5.49999999999999,25.6499599842193));
#2579=CARTESIAN_POINT('Ctrl Pts',(4.99979667521504,5.49999999999999,25.6416108488346));
#2580=CARTESIAN_POINT('Ctrl Pts',(4.99986232182742,5.49999999999999,25.6332703229689));
#2581=CARTESIAN_POINT('Ctrl Pts',(4.99993067241956,5.49999999999999,25.624586251377));
#2582=CARTESIAN_POINT('Ctrl Pts',(4.99996527554131,5.49999999999999,25.6159066386507));
#2583=CARTESIAN_POINT('Ctrl Pts',(4.99998260733809,5.49999999999999,25.6072006108293));
#2584=CARTESIAN_POINT('Ctrl Pts',(4.99999755467715,5.49999999999999,25.5996923327568));
#2585=CARTESIAN_POINT('Ctrl Pts',(4.99999966796114,5.49999999999999,25.5921620025512));
#2586=CARTESIAN_POINT('Ctrl Pts',(4.9999999543003,5.49999999999999,25.5846201633973));
#2587=CARTESIAN_POINT('Ctrl Pts',(4.99999999997824,5.49999999999999,25.583417059854));
#2588=CARTESIAN_POINT('Ctrl Pts',(4.99999999999998,5.49999999999999,25.5822137718054));
#2589=CARTESIAN_POINT('Ctrl Pts',(4.99999999999998,5.49999999999999,25.581010479878));
#2590=CARTESIAN_POINT('Origin',(4.99999999999998,4.99999999999999,25.581010479878));
#2591=CARTESIAN_POINT('Ctrl Pts',(4.77802933069086,4.77824774689783,26.9412832940777));
#2592=CARTESIAN_POINT('Ctrl Pts',(4.78448431604249,4.86214660636788,26.9352663438337));
#2593=CARTESIAN_POINT('Ctrl Pts',(4.78100790396281,5.01953196406324,26.9057885720018));
#2594=CARTESIAN_POINT('Ctrl Pts',(4.76223079227891,5.32237947905078,26.7857274848038));
#2595=CARTESIAN_POINT('Ctrl Pts',(4.65333543148871,5.49999999999999,26.5564446730422));
#2596=CARTESIAN_POINT('Ctrl Pts',(4.56421831750625,5.49999999999999,26.4025299476008));
#2597=CARTESIAN_POINT('Ctrl Pts',(4.75072272006703,4.80561640056779,26.9412679608797));
#2598=CARTESIAN_POINT('Ctrl Pts',(4.75499033830018,4.88398406047023,26.937551402482));
#2599=CARTESIAN_POINT('Ctrl Pts',(4.74834052158159,5.0341271140964,26.9132549270768));
#2600=CARTESIAN_POINT('Ctrl Pts',(4.71980269476038,5.33247092572461,26.8010950641536));
#2601=CARTESIAN_POINT('Ctrl Pts',(4.60223009773436,5.49999999999999,26.582542216815));
#2602=CARTESIAN_POINT('Ctrl Pts',(4.50969345483708,5.49999999999999,26.4355286470425));
#2603=CARTESIAN_POINT('Ctrl Pts',(4.69038108486153,4.85444771559655,26.9456733284016));
#2604=CARTESIAN_POINT('Ctrl Pts',(4.690364368971,4.92441431112197,26.945898975405));
#2605=CARTESIAN_POINT('Ctrl Pts',(4.67652259498284,5.06387964419012,26.9310199896043));
#2606=CARTESIAN_POINT('Ctrl Pts',(4.62625360880301,5.35332530797874,26.8315333870903));
#2607=CARTESIAN_POINT('Ctrl Pts',(4.49301995671258,5.49999999999999,26.6302803568247));
#2608=CARTESIAN_POINT('Ctrl Pts',(4.39358329839802,5.49999999999999,26.4941274904098));
#2609=CARTESIAN_POINT('Ctrl Pts',(4.57099054600841,4.91718806364296,26.9669545959258));
#2610=CARTESIAN_POINT('Ctrl Pts',(4.56378485822965,4.98020138809837,26.9717925528391));
#2611=CARTESIAN_POINT('Ctrl Pts',(4.53549956715752,5.11298221479116,26.9677067323586));
#2612=CARTESIAN_POINT('Ctrl Pts',(4.44796136564042,5.38340980613039,26.8760252960361));
#2613=CARTESIAN_POINT('Ctrl Pts',(4.29929217552891,5.49999999999999,26.6895945908034));
#2614=CARTESIAN_POINT('Ctrl Pts',(4.19586181812187,5.49999999999999,26.5639590918783));
#2615=CARTESIAN_POINT('Ctrl Pts',(4.40232986721004,4.97447750820485,27.0066436922446));
#2616=CARTESIAN_POINT('Ctrl Pts',(4.38689383902369,5.03505543571767,27.0144686919577));
#2617=CARTESIAN_POINT('Ctrl Pts',(4.34037721061434,5.16745423294476,27.0152996041159));
#2618=CARTESIAN_POINT('Ctrl Pts',(4.22542809676586,5.40902708669227,26.9160330865681));
#2619=CARTESIAN_POINT('Ctrl Pts',(4.08801248065715,5.49999999999998,26.7320301414719));
#2620=CARTESIAN_POINT('Ctrl Pts',(3.9980674963794,5.49999999999998,26.6119538011239));
#2621=CARTESIAN_POINT('Ctrl Pts',(4.15738055957461,5.03024168468335,27.069504331601));
#2622=CARTESIAN_POINT('Ctrl Pts',(4.13499384276369,5.09130720050356,27.0760189424191));
#2623=CARTESIAN_POINT('Ctrl Pts',(4.08083757530439,5.22286731157036,27.0666861310918));
#2624=CARTESIAN_POINT('Ctrl Pts',(3.98374524903703,5.42804929074736,26.9369816961668));
#2625=CARTESIAN_POINT('Ctrl Pts',(3.87694943722288,5.49999999999999,26.7501084158026));
#2626=CARTESIAN_POINT('Ctrl Pts',(3.80584704365789,5.49999999999999,26.637883182374));
#2627=CARTESIAN_POINT('Ctrl Pts',(3.8088551093085,5.07532746231772,27.1385349690404));
#2628=CARTESIAN_POINT('Ctrl Pts',(3.79777890278232,5.13715751580095,27.1321355527422));
#2629=CARTESIAN_POINT('Ctrl Pts',(3.77447252190284,5.26730402264304,27.09231120846));
#2630=CARTESIAN_POINT('Ctrl Pts',(3.72037097236659,5.44242778162384,26.927532284926));
#2631=CARTESIAN_POINT('Ctrl Pts',(3.65308771764112,5.49999999999999,26.7477904954034));
#2632=CARTESIAN_POINT('Ctrl Pts',(3.61593229443363,5.49999999999999,26.6487123816498));
#2633=CARTESIAN_POINT('Ctrl Pts',(3.58071508839621,5.07885496282459,27.1427020000557));
#2634=CARTESIAN_POINT('Ctrl Pts',(3.5785350797863,5.14899231704677,27.13150046129));
#2635=CARTESIAN_POINT('Ctrl Pts',(3.57094152781412,5.28987050517621,27.0781514890044));
#2636=CARTESIAN_POINT('Ctrl Pts',(3.54500449359515,5.45520772325047,26.9010592195686));
#2637=CARTESIAN_POINT('Ctrl Pts',(3.52146557314694,5.49999999999999,26.7348691791239));
#2638=CARTESIAN_POINT('Ctrl Pts',(3.50905121020591,5.49999999999999,26.648959258501));
#2639=CARTESIAN_POINT('Ctrl Pts',(3.45692364202522,5.07885496282459,27.1427020000557));
#2640=CARTESIAN_POINT('Ctrl Pts',(3.45692364202522,5.15634103967075,27.1303268070759));
#2641=CARTESIAN_POINT('Ctrl Pts',(3.45692364202522,5.30530316660585,27.0684315499492));
#2642=CARTESIAN_POINT('Ctrl Pts',(3.45692364202522,5.46237213807757,26.8842867595754));
#2643=CARTESIAN_POINT('Ctrl Pts',(3.45692364202523,5.49999999999999,26.7274273252944));
#2644=CARTESIAN_POINT('Ctrl Pts',(3.45692364202523,5.49999999999999,26.648959258501));
#2645=CARTESIAN_POINT('',(3.45692364202522,5.07885496282459,27.1427020000557));
#2646=CARTESIAN_POINT('Ctrl Pts',(4.77802933069086,4.77824774689783,26.9412832940777));
#2647=CARTESIAN_POINT('Ctrl Pts',(4.75072272006703,4.80561640056779,26.9412679608797));
#2648=CARTESIAN_POINT('Ctrl Pts',(4.69038108486153,4.85444771559655,26.9456733284016));
#2649=CARTESIAN_POINT('Ctrl Pts',(4.57099054600841,4.91718806364296,26.9669545959258));
#2650=CARTESIAN_POINT('Ctrl Pts',(4.40232986721004,4.97447750820485,27.0066436922446));
#2651=CARTESIAN_POINT('Ctrl Pts',(4.15738055957461,5.03024168468335,27.069504331601));
#2652=CARTESIAN_POINT('Ctrl Pts',(3.8088551093085,5.07532746231772,27.1385349690404));
#2653=CARTESIAN_POINT('Ctrl Pts',(3.58071508839621,5.07885496282459,27.1427020000557));
#2654=CARTESIAN_POINT('Ctrl Pts',(3.45692364202522,5.07885496282459,27.1427020000557));
#2655=CARTESIAN_POINT('',(3.45692364202522,5.49999999999999,26.648959258501));
#2656=CARTESIAN_POINT('Origin',(3.45692364202522,4.99999999999999,26.648959258501));
#2657=CARTESIAN_POINT('Ctrl Pts',(3.45692364202522,5.49999999999999,26.648959258501));
#2658=CARTESIAN_POINT('Ctrl Pts',(3.46925027751421,5.49999999999999,26.648959258501));
#2659=CARTESIAN_POINT('Ctrl Pts',(3.48158150978368,5.49999999999999,26.6489588253405));
#2660=CARTESIAN_POINT('Ctrl Pts',(3.49404368555676,5.49999999999999,26.6489291287656));
#2661=CARTESIAN_POINT('Ctrl Pts',(3.50704182064302,5.49999999999999,26.6488981550337));
#2662=CARTESIAN_POINT('Ctrl Pts',(3.5201821608291,5.49999999999999,26.6488353652573));
#2663=CARTESIAN_POINT('Ctrl Pts',(3.53355003347083,5.49999999999999,26.6487135536399));
#2664=CARTESIAN_POINT('Ctrl Pts',(3.54764681493181,5.49999999999999,26.6485851000111));
#2665=CARTESIAN_POINT('Ctrl Pts',(3.56199630258247,5.49999999999999,26.6483910358836));
#2666=CARTESIAN_POINT('Ctrl Pts',(3.57663958268502,5.49999999999999,26.648105141855));
#2667=CARTESIAN_POINT('Ctrl Pts',(3.59237218402579,5.49999999999999,26.6477979800207));
#2668=CARTESIAN_POINT('Ctrl Pts',(3.60844346471455,5.49999999999999,26.6473848493176));
#2669=CARTESIAN_POINT('Ctrl Pts',(3.6248438285272,5.49999999999999,26.6468392173481));
#2670=CARTESIAN_POINT('Ctrl Pts',(3.64334810622278,5.49999999999999,26.6462235892072));
#2671=CARTESIAN_POINT('Ctrl Pts',(3.66227060945524,5.49999999999999,26.6454393254043));
#2672=CARTESIAN_POINT('Ctrl Pts',(3.68153147016803,5.49999999999999,26.6444551768473));
#2673=CARTESIAN_POINT('Ctrl Pts',(3.71713249629865,5.49999999999999,26.6426361149154));
#2674=CARTESIAN_POINT('Ctrl Pts',(3.75388527578624,5.49999999999999,26.6401337576101));
#2675=CARTESIAN_POINT('Ctrl Pts',(3.7910395640772,5.49999999999999,26.6367824547225));
#2676=CARTESIAN_POINT('Ctrl Pts',(3.8107051841509,5.49999999999999,26.6350086231576));
#2677=CARTESIAN_POINT('Ctrl Pts',(3.83048077181913,5.49999999999999,26.6329973969123));
#2678=CARTESIAN_POINT('Ctrl Pts',(3.85028064889261,5.49999999999999,26.6307234530956));
#2679=CARTESIAN_POINT('Ctrl Pts',(3.86797912060518,5.49999999999999,26.6286908480361));
#2680=CARTESIAN_POINT('Ctrl Pts',(3.88569633585802,5.49999999999999,26.6264484037785));
#2681=CARTESIAN_POINT('Ctrl Pts',(3.90340928114475,5.49999999999999,26.6239753784048));
#2682=CARTESIAN_POINT('Ctrl Pts',(3.920207903641,5.49999999999999,26.6216300078861));
#2683=CARTESIAN_POINT('Ctrl Pts',(3.937002102322,5.49999999999999,26.6190773027105));
#2684=CARTESIAN_POINT('Ctrl Pts',(3.9538173728993,5.49999999999999,26.616296153795));
#2685=CARTESIAN_POINT('Ctrl Pts',(3.97200180466958,5.49999999999999,26.6132885535031));
#2686=CARTESIAN_POINT('Ctrl Pts',(3.99021967176278,5.49999999999999,26.6100121894419));
#2687=CARTESIAN_POINT('Ctrl Pts',(4.00852688271955,5.49999999999999,26.6064430204456));
#2688=CARTESIAN_POINT('Ctrl Pts',(4.02756835521773,5.49999999999999,26.6027307000137));
#2689=CARTESIAN_POINT('Ctrl Pts',(4.046706093361,5.49999999999999,26.5987017580612));
#2690=CARTESIAN_POINT('Ctrl Pts',(4.0659458698672,5.49999999999999,26.5943457623584));
#2691=CARTESIAN_POINT('Ctrl Pts',(4.08670967833191,5.49999999999999,26.5896447170828));
#2692=CARTESIAN_POINT('Ctrl Pts',(4.10759183522721,5.49999999999999,26.5845629218963));
#2693=CARTESIAN_POINT('Ctrl Pts',(4.12854130424375,5.49999999999999,26.5791038456543));
#2694=CARTESIAN_POINT('Ctrl Pts',(4.15282633349416,5.49999999999999,26.5727755789994));
#2695=CARTESIAN_POINT('Ctrl Pts',(4.17720105825263,5.49999999999999,26.565940614478));
#2696=CARTESIAN_POINT('Ctrl Pts',(4.20151919763792,5.49999999999999,26.5586225258283));
#2697=CARTESIAN_POINT('Ctrl Pts',(4.2340920761243,5.49999999999999,26.54882032803));
#2698=CARTESIAN_POINT('Ctrl Pts',(4.26655847255034,5.49999999999999,26.5381531818519));
#2699=CARTESIAN_POINT('Ctrl Pts',(4.29849188182987,5.49999999999999,26.5266935849506));
#2700=CARTESIAN_POINT('Ctrl Pts',(4.32244193878952,5.49999999999999,26.5180988872747));
#2701=CARTESIAN_POINT('Ctrl Pts',(4.34608901820493,5.49999999999999,26.5090592430768));
#2702=CARTESIAN_POINT('Ctrl Pts',(4.36927886559022,5.49999999999999,26.4995942629489));
#2703=CARTESIAN_POINT('Ctrl Pts',(4.38861131555263,5.49999999999999,26.4917036868844));
#2704=CARTESIAN_POINT('Ctrl Pts',(4.40762563770518,5.49999999999999,26.483517570407));
#2705=CARTESIAN_POINT('Ctrl Pts',(4.42626838207518,5.49999999999999,26.4750348141207));
#2706=CARTESIAN_POINT('Ctrl Pts',(4.44394336438866,5.49999999999999,26.4669924055378));
#2707=CARTESIAN_POINT('Ctrl Pts',(4.46128376261836,5.49999999999999,26.4586835254227));
#2708=CARTESIAN_POINT('Ctrl Pts',(4.4782863032101,5.49999999999999,26.4500931599667));
#2709=CARTESIAN_POINT('Ctrl Pts',(4.49735270960345,5.49999999999999,26.4404600467289));
#2710=CARTESIAN_POINT('Ctrl Pts',(4.51599899645819,5.49999999999999,26.4304702557734));
#2711=CARTESIAN_POINT('Ctrl Pts',(4.53427349786495,5.49999999999999,26.4200897991824));
#2712=CARTESIAN_POINT('Ctrl Pts',(4.54436883613311,5.49999999999999,26.4143553488501));
#2713=CARTESIAN_POINT('Ctrl Pts',(4.5543500387186,5.49999999999999,26.4085022756321));
#2714=CARTESIAN_POINT('Ctrl Pts',(4.56421831750625,5.49999999999999,26.4025299476008));
#2715=CARTESIAN_POINT('Ctrl Pts',(4.77802933069086,4.77824774689783,26.9412832940777));
#2716=CARTESIAN_POINT('Ctrl Pts',(4.75072272006703,4.80561640056779,26.9412679608797));
#2717=CARTESIAN_POINT('Ctrl Pts',(4.69038108486153,4.85444771559655,26.9456733284016));
#2718=CARTESIAN_POINT('Ctrl Pts',(4.57099054600841,4.91718806364296,26.9669545959258));
#2719=CARTESIAN_POINT('Ctrl Pts',(4.40232986721004,4.97447750820485,27.0066436922446));
#2720=CARTESIAN_POINT('Ctrl Pts',(4.15738055957461,5.03024168468335,27.069504331601));
#2721=CARTESIAN_POINT('Ctrl Pts',(3.8088551093085,5.07532746231772,27.1385349690404));
#2722=CARTESIAN_POINT('Ctrl Pts',(3.58071508839621,5.07885496282459,27.1427020000557));
#2723=CARTESIAN_POINT('Ctrl Pts',(3.45692364202522,5.07885496282459,27.1427020000557));
#2724=CARTESIAN_POINT('Ctrl Pts',(4.6943395871659,4.77175912983567,26.9472568754886));
#2725=CARTESIAN_POINT('Ctrl Pts',(4.66796148958851,4.7947068333506,26.9492122215078));
#2726=CARTESIAN_POINT('Ctrl Pts',(4.60846135907165,4.8365912318006,26.9567841939097));
#2727=CARTESIAN_POINT('Ctrl Pts',(4.4877641230661,4.89115282257429,26.9817589074466));
#2728=CARTESIAN_POINT('Ctrl Pts',(4.31872457532303,4.94029990712494,27.0239678552408));
#2729=CARTESIAN_POINT('Ctrl Pts',(4.08058081473811,4.98590786568407,27.0868594717195));
#2730=CARTESIAN_POINT('Ctrl Pts',(3.76151475212303,5.01562649713287,27.1486705716483));
#2731=CARTESIAN_POINT('Ctrl Pts',(3.56344314785461,5.0087176086024,27.1539035388214));
#2732=CARTESIAN_POINT('Ctrl Pts',(3.45692364202522,5.00136888597842,27.1550771930355));
#2733=CARTESIAN_POINT('Ctrl Pts',(4.52820092435301,4.74766792846452,26.9429821260194));
#2734=CARTESIAN_POINT('Ctrl Pts',(4.50132675939998,4.76380271800305,26.9492980045335));
#2735=CARTESIAN_POINT('Ctrl Pts',(4.43963036832938,4.79339691992563,26.9646543361324));
#2736=CARTESIAN_POINT('Ctrl Pts',(4.31494286573539,4.83009485435192,26.99800203929));
#2737=CARTESIAN_POINT('Ctrl Pts',(4.14769209653257,4.86014617264282,27.0447355985091));
#2738=CARTESIAN_POINT('Ctrl Pts',(3.92477160714397,4.88275102425524,27.104357397139));
#2739=CARTESIAN_POINT('Ctrl Pts',(3.67547962943844,4.88239024356702,27.1469392310913));
#2740=CARTESIAN_POINT('Ctrl Pts',(3.53302541121046,4.85823064452012,27.1470880875627));
#2741=CARTESIAN_POINT('Ctrl Pts',(3.45692364202522,4.84053818443108,27.1426585153445));
#2742=CARTESIAN_POINT('Ctrl Pts',(4.1593031842817,4.62857756926142,26.8609485200896));
#2743=CARTESIAN_POINT('Ctrl Pts',(4.13093833846477,4.63573748687524,26.8734742558901));
#2744=CARTESIAN_POINT('Ctrl Pts',(4.06913201660794,4.64820064987714,26.9001612383732));
#2745=CARTESIAN_POINT('Ctrl Pts',(3.96054498171334,4.66375808950657,26.9469818757684));
#2746=CARTESIAN_POINT('Ctrl Pts',(3.83683151479737,4.67591090370522,26.9972377114279));
#2747=CARTESIAN_POINT('Ctrl Pts',(3.70811108052068,4.6785921401174,27.0359581477355));
#2748=CARTESIAN_POINT('Ctrl Pts',(3.58838553991135,4.6650396615094,27.0448370456633));
#2749=CARTESIAN_POINT('Ctrl Pts',(3.5021149074253,4.64595872393453,27.0303032456296));
#2750=CARTESIAN_POINT('Ctrl Pts',(3.45692364202522,4.63392654133416,27.0165966473678));
#2751=CARTESIAN_POINT('Ctrl Pts',(3.90829746913693,4.4986417394859,26.7246697136858));
#2752=CARTESIAN_POINT('Ctrl Pts',(3.89139168491805,4.50544004105176,26.7454102947342));
#2753=CARTESIAN_POINT('Ctrl Pts',(3.85451112296632,4.51837168754203,26.784862775552));
#2754=CARTESIAN_POINT('Ctrl Pts',(3.78929602035837,4.53452897130449,26.8341561836409));
#2755=CARTESIAN_POINT('Ctrl Pts',(3.71498741763731,4.54629379635365,26.8700488702315));
#2756=CARTESIAN_POINT('Ctrl Pts',(3.63343564331791,4.55292845316183,26.890290196087));
#2757=CARTESIAN_POINT('Ctrl Pts',(3.54671261494947,4.55427499685537,26.894398295491));
#2758=CARTESIAN_POINT('Ctrl Pts',(3.4868372613458,4.55163100048207,26.8863318658775));
#2759=CARTESIAN_POINT('Ctrl Pts',(3.45692364202522,4.54931306748478,26.8792602058858));
#2760=CARTESIAN_POINT('Ctrl Pts',(3.8082968364794,4.46952855743635,26.6358498362465));
#2761=CARTESIAN_POINT('Ctrl Pts',(3.79484533241049,4.47522186285243,26.6532192426007));
#2762=CARTESIAN_POINT('Ctrl Pts',(3.76508407563134,4.48595321553577,26.6859589626515));
#2763=CARTESIAN_POINT('Ctrl Pts',(3.71295192751116,4.4996934630167,26.7278783617459));
#2764=CARTESIAN_POINT('Ctrl Pts',(3.6545967904614,4.51074289262893,26.7615884859866));
#2765=CARTESIAN_POINT('Ctrl Pts',(3.5914370202452,4.5188329549076,26.7862700319215));
#2766=CARTESIAN_POINT('Ctrl Pts',(3.52500771742429,4.52376700821755,26.801323075918));
#2767=CARTESIAN_POINT('Ctrl Pts',(3.47961842039762,4.52487242064826,26.8046955206218));
#2768=CARTESIAN_POINT('Ctrl Pts',(3.45692364202522,4.52487242064826,26.8046955206218));
#2769=CARTESIAN_POINT('',(3.8082968364794,4.46952855743635,26.6358498362465));
#2770=CARTESIAN_POINT('Ctrl Pts',(4.77802933069086,4.77824774689783,26.9412832940777));
#2771=CARTESIAN_POINT('Ctrl Pts',(4.6943395871659,4.77175912983567,26.9472568754886));
#2772=CARTESIAN_POINT('Ctrl Pts',(4.52820092435301,4.74766792846452,26.9429821260194));
#2773=CARTESIAN_POINT('Ctrl Pts',(4.1593031842817,4.62857756926142,26.8609485200896));
#2774=CARTESIAN_POINT('Ctrl Pts',(3.90829746913693,4.4986417394859,26.7246697136858));
#2775=CARTESIAN_POINT('Ctrl Pts',(3.8082968364794,4.46952855743635,26.6358498362465));
#2776=CARTESIAN_POINT('',(3.45692364202522,4.52487242064826,26.8046955206218));
#2777=CARTESIAN_POINT('Origin',(3.45692364202522,4.38898802853475,26.3901329684111));
#2778=CARTESIAN_POINT('Origin',(3.45692364202522,4.99999999999999,26.648959258501));
#2779=CARTESIAN_POINT('Ctrl Pts',(4.77802933069086,4.77824774689783,26.9412832940777));
#2780=CARTESIAN_POINT('Ctrl Pts',(4.6943395871659,4.77175912983567,26.9472568754886));
#2781=CARTESIAN_POINT('Ctrl Pts',(4.52820092435301,4.74766792846452,26.9429821260194));
#2782=CARTESIAN_POINT('Ctrl Pts',(4.1593031842817,4.62857756926142,26.8609485200896));
#2783=CARTESIAN_POINT('Ctrl Pts',(3.90829746913693,4.4986417394859,26.7246697136858));
#2784=CARTESIAN_POINT('Ctrl Pts',(3.8082968364794,4.46952855743635,26.6358498362465));
#2785=CARTESIAN_POINT('Ctrl Pts',(4.71428738161401,4.71433414930757,26.9497618803209));
#2786=CARTESIAN_POINT('Ctrl Pts',(4.63951646729542,4.71117482636048,26.9420095731358));
#2787=CARTESIAN_POINT('Ctrl Pts',(4.48759201705791,4.69155259301482,26.9165753358443));
#2788=CARTESIAN_POINT('Ctrl Pts',(4.14229110880625,4.57907508848628,26.8059671124913));
#2789=CARTESIAN_POINT('Ctrl Pts',(3.92639545413578,4.48047044114326,26.6692318543354));
#2790=CARTESIAN_POINT('Ctrl Pts',(3.83519984461724,4.45814194660419,26.6011110235382));
#2791=CARTESIAN_POINT('Ctrl Pts',(4.59680599054623,4.59656982316301,26.9223657826939));
#2792=CARTESIAN_POINT('Ctrl Pts',(4.53573076870664,4.59636506047842,26.8968996835881));
#2793=CARTESIAN_POINT('Ctrl Pts',(4.40262127564951,4.58174674180393,26.8362055573928));
#2794=CARTESIAN_POINT('Ctrl Pts',(4.10421080612594,4.4840621458767,26.6716261266507));
#2795=CARTESIAN_POINT('Ctrl Pts',(3.95368894049743,4.44486971266094,26.5606194623555));
#2796=CARTESIAN_POINT('Ctrl Pts',(3.87749761678563,4.43273416561451,26.5235957595019));
#2797=CARTESIAN_POINT('Ctrl Pts',(4.36155177774511,4.3616360003303,26.6410478402914));
#2798=CARTESIAN_POINT('Ctrl Pts',(4.31563681811335,4.36568781389123,26.6002586046553));
#2799=CARTESIAN_POINT('Ctrl Pts',(4.21541610179651,4.36563211216865,26.5189931655162));
#2800=CARTESIAN_POINT('Ctrl Pts',(4.06012321446895,4.37293610767246,26.4276171883361));
#2801=CARTESIAN_POINT('Ctrl Pts',(3.96322338855747,4.39445161126312,26.4068015258875));
#2802=CARTESIAN_POINT('Ctrl Pts',(3.90030628115194,4.39039292783074,26.3944191018565));
#2803=CARTESIAN_POINT('Ctrl Pts',(4.23814163913191,4.23814163913191,26.3463119502836));
#2804=CARTESIAN_POINT('Ctrl Pts',(4.21123603955063,4.25814521658841,26.3357834419577));
#2805=CARTESIAN_POINT('Ctrl Pts',(4.14987853746214,4.29814725121176,26.3181092281044));
#2806=CARTESIAN_POINT('Ctrl Pts',(4.03171675407732,4.34616991418375,26.3042604232222));
#2807=CARTESIAN_POINT('Ctrl Pts',(3.93694499868826,4.36106656183633,26.304948832721));
#2808=CARTESIAN_POINT('Ctrl Pts',(3.88694899118519,4.36207657053692,26.3080302151974));
#2809=CARTESIAN_POINT('Ctrl Pts',(4.19421743929697,4.19421743929697,26.2123059168889));
#2810=CARTESIAN_POINT('Ctrl Pts',(4.16527264464052,4.22316223395342,26.2123059168889));
#2811=CARTESIAN_POINT('Ctrl Pts',(4.10090299430236,4.27456755978268,26.2165553343668));
#2812=CARTESIAN_POINT('Ctrl Pts',(3.99069479834849,4.32760260178382,26.235295423718));
#2813=CARTESIAN_POINT('Ctrl Pts',(3.91253320697201,4.34478700583249,26.2552823906754));
#2814=CARTESIAN_POINT('Ctrl Pts',(3.87345099270936,4.34857857206109,26.2668498808644));
#2815=CARTESIAN_POINT('',(4.19421743929697,4.19421743929697,26.2123059168889));
#2816=CARTESIAN_POINT('Ctrl Pts',(4.77802933069086,4.77824774689783,26.9412832940777));
#2817=CARTESIAN_POINT('Ctrl Pts',(4.71428738161401,4.71433414930757,26.9497618803209));
#2818=CARTESIAN_POINT('Ctrl Pts',(4.59680599054623,4.59656982316301,26.9223657826939));
#2819=CARTESIAN_POINT('Ctrl Pts',(4.36155177774511,4.3616360003303,26.6410478402914));
#2820=CARTESIAN_POINT('Ctrl Pts',(4.23814163913191,4.23814163913191,26.3463119502836));
#2821=CARTESIAN_POINT('Ctrl Pts',(4.19421743929697,4.19421743929697,26.2123059168889));
#2822=CARTESIAN_POINT('',(3.87345099270936,4.34857857206109,26.2668498808644));
#2823=CARTESIAN_POINT('Origin',(3.87345099270936,3.87345099270937,26.4225861429852));
#2824=CARTESIAN_POINT('Origin',(3.45692364202522,4.38898802853475,26.3901329684111));
#2825=CARTESIAN_POINT('Ctrl Pts',(4.77802933069086,4.77824774689783,26.9412832940777));
#2826=CARTESIAN_POINT('Ctrl Pts',(4.71428738161401,4.71433414930757,26.9497618803209));
#2827=CARTESIAN_POINT('Ctrl Pts',(4.59680599054623,4.59656982316301,26.9223657826939));
#2828=CARTESIAN_POINT('Ctrl Pts',(4.36155177774511,4.3616360003303,26.6410478402914));
#2829=CARTESIAN_POINT('Ctrl Pts',(4.23814163913191,4.23814163913191,26.3463119502836));
#2830=CARTESIAN_POINT('Ctrl Pts',(4.19421743929697,4.19421743929697,26.2123059168889));
#2831=CARTESIAN_POINT('Ctrl Pts',(4.77157434533924,4.69434888742778,26.9473002443217));
#2832=CARTESIAN_POINT('Ctrl Pts',(4.71111363013394,4.63926676189636,26.9421585222503));
#2833=CARTESIAN_POINT('Ctrl Pts',(4.59656364235674,4.53559866829893,26.8969471458895));
#2834=CARTESIAN_POINT('Ctrl Pts',(4.36564584797248,4.31574010609808,26.6002286734613));
#2835=CARTESIAN_POINT('Ctrl Pts',(4.25814521658841,4.21123603955063,26.3357834419577));
#2836=CARTESIAN_POINT('Ctrl Pts',(4.22316223395342,4.16527264464052,26.2123059168889));
#2837=CARTESIAN_POINT('Ctrl Pts',(4.74753126886981,4.5281273220254,26.9433272617293));
#2838=CARTESIAN_POINT('Ctrl Pts',(4.69148564130204,4.48780087811186,26.9167682525271));
#2839=CARTESIAN_POINT('Ctrl Pts',(4.58185136464735,4.40296031962679,26.8361380435309));
#2840=CARTESIAN_POINT('Ctrl Pts',(4.36564021834913,4.21542886258957,26.5189668818292));
#2841=CARTESIAN_POINT('Ctrl Pts',(4.29814725121176,4.14987853746214,26.3181092281044));
#2842=CARTESIAN_POINT('Ctrl Pts',(4.27456755978267,4.10090299430236,26.2165553343668));
#2843=CARTESIAN_POINT('Ctrl Pts',(4.62852373355492,4.15949420149286,26.8608635537116));
#2844=CARTESIAN_POINT('Ctrl Pts',(4.57904439903061,4.14235331746922,26.8059180973533));
#2845=CARTESIAN_POINT('Ctrl Pts',(4.48407075127742,4.10416254102831,26.6716166979795));
#2846=CARTESIAN_POINT('Ctrl Pts',(4.37293328501498,4.06011686305365,26.4276220922186));
#2847=CARTESIAN_POINT('Ctrl Pts',(4.34616991418375,4.03171675407731,26.3042604232222));
#2848=CARTESIAN_POINT('Ctrl Pts',(4.32760260178381,3.99069479834848,26.235295423718));
#2849=CARTESIAN_POINT('Ctrl Pts',(4.4986417394859,3.90829746913693,26.7246697136858));
#2850=CARTESIAN_POINT('Ctrl Pts',(4.48047044114326,3.92639545413578,26.6692318543354));
#2851=CARTESIAN_POINT('Ctrl Pts',(4.44486971266094,3.95368894049743,26.5606194623554));
#2852=CARTESIAN_POINT('Ctrl Pts',(4.39445161126311,3.96322338855747,26.4068015258875));
#2853=CARTESIAN_POINT('Ctrl Pts',(4.36106656183633,3.93694499868825,26.304948832721));
#2854=CARTESIAN_POINT('Ctrl Pts',(4.34478700583249,3.91253320697201,26.2552823906754));
#2855=CARTESIAN_POINT('Ctrl Pts',(4.46952855743634,3.8082968364794,26.6358498362465));
#2856=CARTESIAN_POINT('Ctrl Pts',(4.45814194660418,3.83519984461724,26.6011110235382));
#2857=CARTESIAN_POINT('Ctrl Pts',(4.4327341656145,3.87749761678563,26.5235957595019));
#2858=CARTESIAN_POINT('Ctrl Pts',(4.39039292783074,3.90030628115193,26.3944191018565));
#2859=CARTESIAN_POINT('Ctrl Pts',(4.36207657053692,3.88694899118519,26.3080302151974));
#2860=CARTESIAN_POINT('Ctrl Pts',(4.34857857206109,3.87345099270936,26.2668498808644));
#2861=CARTESIAN_POINT('',(4.46952855743634,3.8082968364794,26.6358498362465));
#2862=CARTESIAN_POINT('Ctrl Pts',(4.77802933069086,4.77824774689783,26.9412832940777));
#2863=CARTESIAN_POINT('Ctrl Pts',(4.77157434533924,4.69434888742778,26.9473002443217));
#2864=CARTESIAN_POINT('Ctrl Pts',(4.74753126886981,4.5281273220254,26.9433272617293));
#2865=CARTESIAN_POINT('Ctrl Pts',(4.62852373355492,4.15949420149286,26.8608635537116));
#2866=CARTESIAN_POINT('Ctrl Pts',(4.4986417394859,3.90829746913693,26.7246697136858));
#2867=CARTESIAN_POINT('Ctrl Pts',(4.46952855743634,3.8082968364794,26.6358498362465));
#2868=CARTESIAN_POINT('',(4.34857857206109,3.87345099270937,26.2668498808644));
#2869=CARTESIAN_POINT('Origin',(4.38898802853475,3.45692364202523,26.3901329684111));
#2870=CARTESIAN_POINT('Origin',(3.87345099270936,3.87345099270937,26.4225861429852));
#2871=CARTESIAN_POINT('Ctrl Pts',(-4.7780293306908,-4.77824774689785,26.9412832940777));
#2872=CARTESIAN_POINT('Ctrl Pts',(-4.74615835615234,-4.74629094810273,26.9455225871994));
#2873=CARTESIAN_POINT('Ctrl Pts',(-4.68358865010801,-4.68351779901822,26.9404166503474));
#2874=CARTESIAN_POINT('Ctrl Pts',(-4.5881354247175,-4.58799770444196,26.8907411715433));
#2875=CARTESIAN_POINT('Ctrl Pts',(-4.48567346809998,-4.48562298857632,26.7905895636812));
#2876=CARTESIAN_POINT('Ctrl Pts',(-4.36974105603833,-4.36976553345828,26.623761610972));
#2877=CARTESIAN_POINT('Ctrl Pts',(-4.25481197909904,-4.25482316060769,26.3998651415702));
#2878=CARTESIAN_POINT('Ctrl Pts',(-4.21617953921447,-4.21617953921447,26.2793089335863));
#2879=CARTESIAN_POINT('Ctrl Pts',(-4.19421743929701,-4.19421743929701,26.2123059168889));
#2880=CARTESIAN_POINT('Ctrl Pts',(-4.77157434533919,-4.69434888742781,26.9473002443217));
#2881=CARTESIAN_POINT('Ctrl Pts',(-4.74134398773652,-4.6668078246621,26.9447293832861));
#2882=CARTESIAN_POINT('Ctrl Pts',(-4.68111620510345,-4.61203646107424,26.9284722723905));
#2883=CARTESIAN_POINT('Ctrl Pts',(-4.58791411359883,-4.52628380111849,26.8665464400142));
#2884=CARTESIAN_POINT('Ctrl Pts',(-4.48751638192317,-4.43206392244091,26.7581234350032));
#2885=CARTESIAN_POINT('Ctrl Pts',(-4.3756516168278,-4.32509313116912,26.5897722093333));
#2886=CARTESIAN_POINT('Ctrl Pts',(-4.27341908590898,-4.22510665185097,26.3842103936045));
#2887=CARTESIAN_POINT('Ctrl Pts',(-4.24065372527095,-4.18825434209561,26.2740446794233));
#2888=CARTESIAN_POINT('Ctrl Pts',(-4.22316223395346,-4.16527264464056,26.2123059168889));
#2889=CARTESIAN_POINT('Ctrl Pts',(-4.74753126886979,-4.52812732202544,26.9433272617293));
#2890=CARTESIAN_POINT('Ctrl Pts',(-4.71950845508589,-4.50796410006867,26.9300477571283));
#2891=CARTESIAN_POINT('Ctrl Pts',(-4.66300844742163,-4.46585555236288,26.8947858042794));
#2892=CARTESIAN_POINT('Ctrl Pts',(-4.57434870881266,-4.3945239362362,26.8099981865075));
#2893=CARTESIAN_POINT('Ctrl Pts',(-4.47894517389553,-4.31354000114364,26.6858238626688));
#2894=CARTESIAN_POINT('Ctrl Pts',(-4.38056345577249,-4.22753074468561,26.5216633259198));
#2895=CARTESIAN_POINT('Ctrl Pts',(-4.30761400870167,-4.15811616499766,26.3572088057418));
#2896=CARTESIAN_POINT('Ctrl Pts',(-4.28635740549725,-4.12539076588229,26.2673322812356));
#2897=CARTESIAN_POINT('Ctrl Pts',(-4.27456755978271,-4.1009029943024,26.2165553343668));
#2898=CARTESIAN_POINT('Ctrl Pts',(-4.62852373355494,-4.15949420149289,26.8608635537117));
#2899=CARTESIAN_POINT('Ctrl Pts',(-4.60378406629278,-4.15092375948107,26.8333908255325));
#2900=CARTESIAN_POINT('Ctrl Pts',(-4.55586301946569,-4.13305926619362,26.7730229361715));
#2901=CARTESIAN_POINT('Ctrl Pts',(-4.48811677770916,-4.10605247588937,26.6663663893735));
#2902=CARTESIAN_POINT('Ctrl Pts',(-4.42741738272965,-4.08094656310572,26.5486691875116));
#2903=CARTESIAN_POINT('Ctrl Pts',(-4.38173557035562,-4.06034009348718,26.4348238479001));
#2904=CARTESIAN_POINT('Ctrl Pts',(-4.35423245595353,-4.03983975577787,26.3367200764657));
#2905=CARTESIAN_POINT('Ctrl Pts',(-4.33688625798381,-4.01120577621294,26.2697779234701));
#2906=CARTESIAN_POINT('Ctrl Pts',(-4.32760260178385,-3.99069479834853,26.235295423718));
#2907=CARTESIAN_POINT('Ctrl Pts',(-4.49864173948594,-3.90829746913697,26.7246697136859));
#2908=CARTESIAN_POINT('Ctrl Pts',(-4.48955609031462,-3.9173464616364,26.6969507840107));
#2909=CARTESIAN_POINT('Ctrl Pts',(-4.47157155322124,-3.93315410892812,26.6420827047427));
#2910=CARTESIAN_POINT('Ctrl Pts',(-4.44525359792949,-3.94979551098178,26.5617906377509));
#2911=CARTESIAN_POINT('Ctrl Pts',(-4.41961532235232,-3.95839170864714,26.4835721698884));
#2912=CARTESIAN_POINT('Ctrl Pts',(-4.39448183654164,-3.95711012859116,26.4068937386016));
#2913=CARTESIAN_POINT('Ctrl Pts',(-4.36950752631764,-3.94355607546942,26.3307009277487));
#2914=CARTESIAN_POINT('Ctrl Pts',(-4.35292678383444,-3.92473910283017,26.2801156116982));
#2915=CARTESIAN_POINT('Ctrl Pts',(-4.34478700583252,-3.91253320697205,26.2552823906755));
#2916=CARTESIAN_POINT('Ctrl Pts',(-4.46952855743638,-3.80829683647944,26.6358498362465));
#2917=CARTESIAN_POINT('Ctrl Pts',(-4.4638352520203,-3.82174834054836,26.6184804298924));
#2918=CARTESIAN_POINT('Ctrl Pts',(-4.45179351334723,-3.84579279216795,26.5817429220763));
#2919=CARTESIAN_POINT('Ctrl Pts',(-4.43220430474529,-3.87240774811975,26.5219792348161));
#2920=CARTESIAN_POINT('Ctrl Pts',(-4.4115646950596,-3.88892392218081,26.4590109340801));
#2921=CARTESIAN_POINT('Ctrl Pts',(-4.39037633810281,-3.89493992011589,26.3943684891272));
#2922=CARTESIAN_POINT('Ctrl Pts',(-4.36915422135686,-3.89030948495108,26.3296230482073));
#2923=CARTESIAN_POINT('Ctrl Pts',(-4.35532757129904,-3.88019999194732,26.2874400480309));
#2924=CARTESIAN_POINT('Ctrl Pts',(-4.34857857206112,-3.8734509927094,26.2668498808644));
#2925=CARTESIAN_POINT('',(-4.7780293306908,-4.77824774689785,26.9412832940777));
#2926=CARTESIAN_POINT('',(-4.19421743929701,-4.19421743929701,26.2123059168889));
#2927=CARTESIAN_POINT('Ctrl Pts',(-4.7780293306908,-4.77824774689785,26.9412832940777));
#2928=CARTESIAN_POINT('Ctrl Pts',(-4.74615835615234,-4.74629094810273,26.9455225871994));
#2929=CARTESIAN_POINT('Ctrl Pts',(-4.68358865010801,-4.68351779901822,26.9404166503474));
#2930=CARTESIAN_POINT('Ctrl Pts',(-4.5881354247175,-4.58799770444196,26.8907411715433));
#2931=CARTESIAN_POINT('Ctrl Pts',(-4.48567346809998,-4.48562298857632,26.7905895636812));
#2932=CARTESIAN_POINT('Ctrl Pts',(-4.36974105603833,-4.36976553345828,26.623761610972));
#2933=CARTESIAN_POINT('Ctrl Pts',(-4.25481197909904,-4.25482316060769,26.3998651415702));
#2934=CARTESIAN_POINT('Ctrl Pts',(-4.21617953921447,-4.21617953921447,26.2793089335863));
#2935=CARTESIAN_POINT('Ctrl Pts',(-4.19421743929701,-4.19421743929701,26.2123059168889));
#2936=CARTESIAN_POINT('',(-4.46952855743638,-3.80829683647944,26.6358498362465));
#2937=CARTESIAN_POINT('Ctrl Pts',(-4.7780293306908,-4.77824774689785,26.9412832940777));
#2938=CARTESIAN_POINT('Ctrl Pts',(-4.77157434533919,-4.69434888742781,26.9473002443217));
#2939=CARTESIAN_POINT('Ctrl Pts',(-4.74753126886979,-4.52812732202544,26.9433272617293));
#2940=CARTESIAN_POINT('Ctrl Pts',(-4.62852373355494,-4.15949420149289,26.8608635537117));
#2941=CARTESIAN_POINT('Ctrl Pts',(-4.49864173948594,-3.90829746913697,26.7246697136859));
#2942=CARTESIAN_POINT('Ctrl Pts',(-4.46952855743638,-3.80829683647944,26.6358498362465));
#2943=CARTESIAN_POINT('',(-4.34857857206112,-3.8734509927094,26.2668498808644));
#2944=CARTESIAN_POINT('Origin',(-4.38898802853478,-3.45692364202526,26.3901329684112));
#2945=CARTESIAN_POINT('Origin',(-3.8734509927094,-3.87345099270939,26.4225861429852));
#2946=CARTESIAN_POINT('Ctrl Pts',(-4.7780293306908,-4.77824774689785,26.9412832940777));
#2947=CARTESIAN_POINT('Ctrl Pts',(-4.77157434533919,-4.69434888742781,26.9473002443217));
#2948=CARTESIAN_POINT('Ctrl Pts',(-4.74753126886979,-4.52812732202544,26.9433272617293));
#2949=CARTESIAN_POINT('Ctrl Pts',(-4.62852373355494,-4.15949420149289,26.8608635537117));
#2950=CARTESIAN_POINT('Ctrl Pts',(-4.49864173948594,-3.90829746913697,26.7246697136859));
#2951=CARTESIAN_POINT('Ctrl Pts',(-4.46952855743638,-3.80829683647944,26.6358498362465));
#2952=CARTESIAN_POINT('Ctrl Pts',(-4.80533594131468,-4.7508790932279,26.9412986272757));
#2953=CARTESIAN_POINT('Ctrl Pts',(-4.79447716723924,-4.66782958758227,26.9493376354958));
#2954=CARTESIAN_POINT('Ctrl Pts',(-4.7636414184701,-4.50146867895725,26.9496031330883));
#2955=CARTESIAN_POINT('Ctrl Pts',(-4.63568128850368,-4.13101981818886,26.8734045880936));
#2956=CARTESIAN_POINT('Ctrl Pts',(-4.50544004105179,-3.89139168491809,26.7454102947342));
#2957=CARTESIAN_POINT('Ctrl Pts',(-4.47522186285246,-3.79484533241053,26.6532192426007));
#2958=CARTESIAN_POINT('Ctrl Pts',(-4.85415872464201,-4.69027441077461,26.945785644291));
#2959=CARTESIAN_POINT('Ctrl Pts',(-4.83634114108067,-4.60796876463635,26.9571235227832));
#2960=CARTESIAN_POINT('Ctrl Pts',(-4.79321672354978,-4.44036577275838,26.9647623126471));
#2961=CARTESIAN_POINT('Ctrl Pts',(-4.64814735375825,-4.06891013811672,26.9001585521407));
#2962=CARTESIAN_POINT('Ctrl Pts',(-4.51837168754207,-3.85451112296636,26.784862775552));
#2963=CARTESIAN_POINT('Ctrl Pts',(-4.4859532155358,-3.76508407563138,26.6859589626515));
#2964=CARTESIAN_POINT('Ctrl Pts',(-4.91703450750657,-4.57056779522611,26.9672430183423));
#2965=CARTESIAN_POINT('Ctrl Pts',(-4.89099607262686,-4.48763967513117,26.9820704840274));
#2966=CARTESIAN_POINT('Ctrl Pts',(-4.82995767369756,-4.31608725345773,26.9978140627693));
#2967=CARTESIAN_POINT('Ctrl Pts',(-4.66372448705267,-3.96005138761019,26.9470851867199));
#2968=CARTESIAN_POINT('Ctrl Pts',(-4.53452897130453,-3.78929602035841,26.8341561836409));
#2969=CARTESIAN_POINT('Ctrl Pts',(-4.49969346301674,-3.71295192751119,26.7278783617459));
#2970=CARTESIAN_POINT('Ctrl Pts',(-4.97443915767091,-4.40320143035065,27.0067212712263));
#2971=CARTESIAN_POINT('Ctrl Pts',(-4.94024587030286,-4.32014335604466,27.0238198825765));
#2972=CARTESIAN_POINT('Ctrl Pts',(-4.86007883541277,-4.14733704822078,27.0446704750426));
#2973=CARTESIAN_POINT('Ctrl Pts',(-4.67589910376671,-3.83685190640107,26.9973096578277));
#2974=CARTESIAN_POINT('Ctrl Pts',(-4.54629379635368,-3.71498741763735,26.8700488702315));
#2975=CARTESIAN_POINT('Ctrl Pts',(-4.51074289262897,-3.65459679046144,26.7615884859866));
#2976=CARTESIAN_POINT('Ctrl Pts',(-5.03024917492543,-4.15753513717963,27.0692889428461));
#2977=CARTESIAN_POINT('Ctrl Pts',(-4.9859078334933,-4.0796788928802,27.0868186778575));
#2978=CARTESIAN_POINT('Ctrl Pts',(-4.88273696409347,-3.9239939669233,27.1046046076307));
#2979=CARTESIAN_POINT('Ctrl Pts',(-4.67859207971613,-3.70849285499605,27.0359193256409));
#2980=CARTESIAN_POINT('Ctrl Pts',(-4.55292845316187,-3.63343564331795,26.890290196087));
#2981=CARTESIAN_POINT('Ctrl Pts',(-4.51883295490764,-3.59143702024523,26.7862700319216));
#2982=CARTESIAN_POINT('Ctrl Pts',(-5.07532927948023,-3.80898089464174,27.1389360155597));
#2983=CARTESIAN_POINT('Ctrl Pts',(-5.01562883596773,-3.76245063637244,27.1489478854973));
#2984=CARTESIAN_POINT('Ctrl Pts',(-4.88239144843899,-3.67666894897577,27.1469398478062));
#2985=CARTESIAN_POINT('Ctrl Pts',(-4.66504006511732,-3.58820508343243,27.0448396612858));
#2986=CARTESIAN_POINT('Ctrl Pts',(-4.5542749968554,-3.54671261494951,26.894398295491));
#2987=CARTESIAN_POINT('Ctrl Pts',(-4.52376700821758,-3.52500771742432,26.801323075918));
#2988=CARTESIAN_POINT('Ctrl Pts',(-5.07885496282462,-3.58071508839625,27.1427020000557));
#2989=CARTESIAN_POINT('Ctrl Pts',(-5.00871760860243,-3.56344314785465,27.1539035388214));
#2990=CARTESIAN_POINT('Ctrl Pts',(-4.85823064452016,-3.5330254112105,27.1470880875628));
#2991=CARTESIAN_POINT('Ctrl Pts',(-4.64595872393456,-3.50211490742533,27.0303032456296));
#2992=CARTESIAN_POINT('Ctrl Pts',(-4.5516310004821,-3.48683726134584,26.8863318658775));
#2993=CARTESIAN_POINT('Ctrl Pts',(-4.5248724206483,-3.47961842039765,26.8046955206219));
#2994=CARTESIAN_POINT('Ctrl Pts',(-5.07885496282462,-3.45692364202526,27.1427020000557));
#2995=CARTESIAN_POINT('Ctrl Pts',(-5.00136888597845,-3.45692364202526,27.1550771930355));
#2996=CARTESIAN_POINT('Ctrl Pts',(-4.84053818443111,-3.45692364202526,27.1426585153445));
#2997=CARTESIAN_POINT('Ctrl Pts',(-4.63392654133419,-3.45692364202525,27.0165966473678));
#2998=CARTESIAN_POINT('Ctrl Pts',(-4.54931306748481,-3.45692364202525,26.8792602058858));
#2999=CARTESIAN_POINT('Ctrl Pts',(-4.5248724206483,-3.45692364202525,26.8046955206219));
#3000=CARTESIAN_POINT('',(-5.07885496282462,-3.45692364202526,27.1427020000557));
#3001=CARTESIAN_POINT('Ctrl Pts',(-4.7780293306908,-4.77824774689785,26.9412832940777));
#3002=CARTESIAN_POINT('Ctrl Pts',(-4.80533594131468,-4.7508790932279,26.9412986272757));
#3003=CARTESIAN_POINT('Ctrl Pts',(-4.85415872464201,-4.69027441077461,26.945785644291));
#3004=CARTESIAN_POINT('Ctrl Pts',(-4.91703450750657,-4.57056779522611,26.9672430183423));
#3005=CARTESIAN_POINT('Ctrl Pts',(-4.97443915767091,-4.40320143035065,27.0067212712263));
#3006=CARTESIAN_POINT('Ctrl Pts',(-5.03024917492543,-4.15753513717963,27.0692889428461));
#3007=CARTESIAN_POINT('Ctrl Pts',(-5.07532927948023,-3.80898089464174,27.1389360155597));
#3008=CARTESIAN_POINT('Ctrl Pts',(-5.07885496282462,-3.58071508839625,27.1427020000557));
#3009=CARTESIAN_POINT('Ctrl Pts',(-5.07885496282462,-3.45692364202526,27.1427020000557));
#3010=CARTESIAN_POINT('',(-4.5248724206483,-3.45692364202526,26.8046955206219));
#3011=CARTESIAN_POINT('Origin',(-5.00000000000002,-3.45692364202526,26.648959258501));
#3012=CARTESIAN_POINT('Origin',(-4.38898802853478,-3.45692364202526,26.3901329684112));
#3013=CARTESIAN_POINT('Ctrl Pts',(-4.7780293306908,-4.77824774689785,26.9412832940777));
#3014=CARTESIAN_POINT('Ctrl Pts',(-4.80533594131468,-4.7508790932279,26.9412986272757));
#3015=CARTESIAN_POINT('Ctrl Pts',(-4.85415872464201,-4.69027441077461,26.945785644291));
#3016=CARTESIAN_POINT('Ctrl Pts',(-4.91703450750657,-4.57056779522611,26.9672430183423));
#3017=CARTESIAN_POINT('Ctrl Pts',(-4.97443915767091,-4.40320143035065,27.0067212712263));
#3018=CARTESIAN_POINT('Ctrl Pts',(-5.03024917492543,-4.15753513717963,27.0692889428461));
#3019=CARTESIAN_POINT('Ctrl Pts',(-5.07532927948023,-3.80898089464174,27.1389360155597));
#3020=CARTESIAN_POINT('Ctrl Pts',(-5.07885496282462,-3.58071508839625,27.1427020000557));
#3021=CARTESIAN_POINT('Ctrl Pts',(-5.07885496282462,-3.45692364202526,27.1427020000557));
#3022=CARTESIAN_POINT('Ctrl Pts',(-4.86171907421587,-4.78473636396001,26.9353097126668));
#3023=CARTESIAN_POINT('Ctrl Pts',(-4.88358897969451,-4.75516734478833,26.937569240193));
#3024=CARTESIAN_POINT('Ctrl Pts',(-4.9241745707122,-4.69022600989728,26.9459506152548));
#3025=CARTESIAN_POINT('Ctrl Pts',(-4.98013769647228,-4.56330686287755,26.972075260369));
#3026=CARTESIAN_POINT('Ctrl Pts',(-5.03506779689577,-4.38798177377616,27.0145254304147));
#3027=CARTESIAN_POINT('Ctrl Pts',(-5.0913231416738,-4.13500148725132,27.075806755689));
#3028=CARTESIAN_POINT('Ctrl Pts',(-5.13715728956538,-3.79808613671997,27.1325946397162));
#3029=CARTESIAN_POINT('Ctrl Pts',(-5.14899231704681,-3.57853507978634,27.13150046129));
#3030=CARTESIAN_POINT('Ctrl Pts',(-5.15634103967079,-3.45692364202526,27.1303268070759));
#3031=CARTESIAN_POINT('Ctrl Pts',(-5.01970924809499,-4.78132480292466,26.9053482777986));
#3032=CARTESIAN_POINT('Ctrl Pts',(-5.03433004871793,-4.74855780032493,26.9128720153191));
#3033=CARTESIAN_POINT('Ctrl Pts',(-5.06405330402687,-4.67630945107095,26.9309282473363));
#3034=CARTESIAN_POINT('Ctrl Pts',(-5.11306865302296,-4.53490137127285,26.9681199086373));
#3035=CARTESIAN_POINT('Ctrl Pts',(-5.16747493902947,-4.34201236288245,27.0153962725952));
#3036=CARTESIAN_POINT('Ctrl Pts',(-5.22286274132267,-4.08038686009312,27.0665170657418));
#3037=CARTESIAN_POINT('Ctrl Pts',(-5.26730305441681,-3.77534606782984,27.0928883299131));
#3038=CARTESIAN_POINT('Ctrl Pts',(-5.28987050517624,-3.57094152781415,27.0781514890044));
#3039=CARTESIAN_POINT('Ctrl Pts',(-5.30530316660589,-3.45692364202526,27.0684315499492));
#3040=CARTESIAN_POINT('Ctrl Pts',(-5.32223991961175,-4.76290948601357,26.785693319102));
#3041=CARTESIAN_POINT('Ctrl Pts',(-5.332337033972,-4.72021164472279,26.8011098861578));
#3042=CARTESIAN_POINT('Ctrl Pts',(-5.35322237837184,-4.62549662325189,26.8320556628162));
#3043=CARTESIAN_POINT('Ctrl Pts',(-5.38335665547979,-4.4472799784856,26.8770264896076));
#3044=CARTESIAN_POINT('Ctrl Pts',(-5.40900963417771,-4.22902064285442,26.9158055499137));
#3045=CARTESIAN_POINT('Ctrl Pts',(-5.42804849967622,-3.98090603714049,26.9371588672139));
#3046=CARTESIAN_POINT('Ctrl Pts',(-5.44242841180233,-3.72341322320717,26.9280804401292));
#3047=CARTESIAN_POINT('Ctrl Pts',(-5.4552077232505,-3.54500449359518,26.9010592195687));
#3048=CARTESIAN_POINT('Ctrl Pts',(-5.4623721380776,-3.45692364202526,26.8842867595755));
#3049=CARTESIAN_POINT('Ctrl Pts',(-5.50000000000002,-4.65420909631656,26.556188955535));
#3050=CARTESIAN_POINT('Ctrl Pts',(-5.50000000000002,-4.60262448236219,26.5824084593087));
#3051=CARTESIAN_POINT('Ctrl Pts',(-5.50000000000002,-4.49127185537463,26.6311992073271));
#3052=CARTESIAN_POINT('Ctrl Pts',(-5.50000000000002,-4.30033106868599,26.6903251062377));
#3053=CARTESIAN_POINT('Ctrl Pts',(-5.50000000000002,-4.09099931784619,26.7314528428744));
#3054=CARTESIAN_POINT('Ctrl Pts',(-5.50000000000002,-3.87332100894912,26.7507650026348));
#3055=CARTESIAN_POINT('Ctrl Pts',(-5.50000000000002,-3.65737110279496,26.7480425625832));
#3056=CARTESIAN_POINT('Ctrl Pts',(-5.50000000000002,-3.52146557314697,26.7348691791239));
#3057=CARTESIAN_POINT('Ctrl Pts',(-5.50000000000002,-3.45692364202525,26.7274273252945));
#3058=CARTESIAN_POINT('Ctrl Pts',(-5.50000000000002,-4.5650919823341,26.4022742300936));
#3059=CARTESIAN_POINT('Ctrl Pts',(-5.50000000000002,-4.50997565045364,26.4354234377047));
#3060=CARTESIAN_POINT('Ctrl Pts',(-5.50000000000002,-4.39164520226138,26.4953027320509));
#3061=CARTESIAN_POINT('Ctrl Pts',(-5.50000000000002,-4.19821575007544,26.5642325551225));
#3062=CARTESIAN_POINT('Ctrl Pts',(-5.50000000000002,-3.99893223506549,26.6116400075565));
#3063=CARTESIAN_POINT('Ctrl Pts',(-5.50000000000002,-3.80369642319672,26.6385581243433));
#3064=CARTESIAN_POINT('Ctrl Pts',(-5.50000000000002,-3.61988433886048,26.6488533684636));
#3065=CARTESIAN_POINT('Ctrl Pts',(-5.50000000000002,-3.50905121020594,26.648959258501));
#3066=CARTESIAN_POINT('Ctrl Pts',(-5.50000000000002,-3.45692364202525,26.648959258501));
#3067=CARTESIAN_POINT('',(-5.50000000000002,-4.5650919823341,26.4022742300936));
#3068=CARTESIAN_POINT('Ctrl Pts',(-4.7780293306908,-4.77824774689785,26.9412832940777));
#3069=CARTESIAN_POINT('Ctrl Pts',(-4.80897086617742,-4.78064670006262,26.9390747584385));
#3070=CARTESIAN_POINT('Ctrl Pts',(-4.83940438661242,-4.78202614471361,26.9356154112107));
#3071=CARTESIAN_POINT('Ctrl Pts',(-4.87005231771625,-4.78264029527269,26.9306875963675));
#3072=CARTESIAN_POINT('Ctrl Pts',(-4.90573093771424,-4.78335525525954,26.9249509078904));
#3073=CARTESIAN_POINT('Ctrl Pts',(-4.94170094079526,-4.78303417753117,26.917224379339));
#3074=CARTESIAN_POINT('Ctrl Pts',(-4.97913104786648,-4.78211125204096,26.9072224299085));
#3075=CARTESIAN_POINT('Ctrl Pts',(-4.99633462785967,-4.78168705815691,26.9026253461548));
#3076=CARTESIAN_POINT('Ctrl Pts',(-5.01384692895772,-4.78113602058847,26.8975482682671));
#3077=CARTESIAN_POINT('Ctrl Pts',(-5.03178234173746,-4.78050090260889,26.8919668051367));
#3078=CARTESIAN_POINT('Ctrl Pts',(-5.06483472369796,-4.7793304716682,26.8816809726581));
#3079=CARTESIAN_POINT('Ctrl Pts',(-5.09932436571319,-4.77787476984218,26.8696784475924));
#3080=CARTESIAN_POINT('Ctrl Pts',(-5.13436956946095,-4.7750365562742,26.8547967076809));
#3081=CARTESIAN_POINT('Ctrl Pts',(-5.16801623627066,-4.77231160632259,26.840508848265));
#3082=CARTESIAN_POINT('Ctrl Pts',(-5.2021731968049,-4.76831233677496,26.8235677778455));
#3083=CARTESIAN_POINT('Ctrl Pts',(-5.23607186007829,-4.76206345812144,26.802987886957));
#3084=CARTESIAN_POINT('Ctrl Pts',(-5.26352985063327,-4.75700185289931,26.7863181308347));
#3085=CARTESIAN_POINT('Ctrl Pts',(-5.29081782501362,-4.75046422174366,26.7672622099959));
#3086=CARTESIAN_POINT('Ctrl Pts',(-5.31754868910907,-4.74192963246965,26.7453098654259));
#3087=CARTESIAN_POINT('Ctrl Pts',(-5.34581303508971,-4.73290543545222,26.7220981705178));
#3088=CARTESIAN_POINT('Ctrl Pts',(-5.37345313043635,-4.72164985206303,26.6956499021831));
#3089=CARTESIAN_POINT('Ctrl Pts',(-5.39831722898095,-4.70785072111357,26.6659837670995));
#3090=CARTESIAN_POINT('Ctrl Pts',(-5.42103951045138,-4.69524026041585,26.6388731010804));
#3091=CARTESIAN_POINT('Ctrl Pts',(-5.4414460502536,-4.68050667192318,26.6090759410509));
#3092=CARTESIAN_POINT('Ctrl Pts',(-5.45791368456025,-4.66338661166131,26.5765868346331));
#3093=CARTESIAN_POINT('Ctrl Pts',(-5.46566173804714,-4.6553315905127,26.561300647827));
#3094=CARTESIAN_POINT('Ctrl Pts',(-5.47253789076926,-4.64674779967088,26.5454181671772));
#3095=CARTESIAN_POINT('Ctrl Pts',(-5.47837208422103,-4.63760451212532,26.5289362656231));
#3096=CARTESIAN_POINT('Ctrl Pts',(-5.48474889646028,-4.62761083803661,26.5109214376224));
#3097=CARTESIAN_POINT('Ctrl Pts',(-5.48987526011616,-4.61698718212779,26.4922042946382));
#3098=CARTESIAN_POINT('Ctrl Pts',(-5.49354129638168,-4.60575949763366,26.4726419708332));
#3099=CARTESIAN_POINT('Ctrl Pts',(-5.49721585864143,-4.59450570123934,26.453034151499));
#3100=CARTESIAN_POINT('Ctrl Pts',(-5.49942319535126,-4.58264431352531,26.4325764726313));
#3101=CARTESIAN_POINT('Ctrl Pts',(-5.49990166124095,-4.57021406112401,26.4111182291395));
#3102=CARTESIAN_POINT('Ctrl Pts',(-5.49996697579543,-4.56851722877891,26.4081890012807));
#3103=CARTESIAN_POINT('Ctrl Pts',(-5.50000000000002,-4.56680982588602,26.405241128446));
#3104=CARTESIAN_POINT('Ctrl Pts',(-5.50000000000002,-4.5650919823341,26.4022742300936));
#3105=CARTESIAN_POINT('',(-5.50000000000002,-3.45692364202526,26.648959258501));
#3106=CARTESIAN_POINT('Ctrl Pts',(-5.50000000000002,-4.5650919823341,26.4022742300936));
#3107=CARTESIAN_POINT('Ctrl Pts',(-5.50000000000002,-4.53058914452519,26.4230256425094));
#3108=CARTESIAN_POINT('Ctrl Pts',(-5.50000000000002,-4.49450291570344,26.4425252767523));
#3109=CARTESIAN_POINT('Ctrl Pts',(-5.50000000000002,-4.45716690488722,26.4606931596925));
#3110=CARTESIAN_POINT('Ctrl Pts',(-5.50000000000002,-4.41710228210511,26.4801887983757));
#3111=CARTESIAN_POINT('Ctrl Pts',(-5.50000000000002,-4.37559785341223,26.4981511483392));
#3112=CARTESIAN_POINT('Ctrl Pts',(-5.50000000000002,-4.33311302327675,26.5145249030508));
#3113=CARTESIAN_POINT('Ctrl Pts',(-5.50000000000002,-4.28993527073836,26.5311657117068));
#3114=CARTESIAN_POINT('Ctrl Pts',(-5.50000000000002,-4.24574456798559,26.5461664405322));
#3115=CARTESIAN_POINT('Ctrl Pts',(-5.50000000000002,-4.20107725792342,26.5595041326429));
#3116=CARTESIAN_POINT('Ctrl Pts',(-5.50000000000002,-4.16496645171203,26.5702868463198));
#3117=CARTESIAN_POINT('Ctrl Pts',(-5.50000000000002,-4.12854980532125,26.5799807582051));
#3118=CARTESIAN_POINT('Ctrl Pts',(-5.50000000000002,-4.09211235344569,26.5885996394281));
#3119=CARTESIAN_POINT('Ctrl Pts',(-5.50000000000002,-4.05573804818626,26.5972035840089));
#3120=CARTESIAN_POINT('Ctrl Pts',(-5.50000000000002,-4.01934300391667,26.6047362103777));
#3121=CARTESIAN_POINT('Ctrl Pts',(-5.50000000000002,-3.98317888929777,26.6112522442446));
#3122=CARTESIAN_POINT('Ctrl Pts',(-5.50000000000002,-3.94705439397827,26.617761139524));
#3123=CARTESIAN_POINT('Ctrl Pts',(-5.50000000000002,-3.91116031818094,26.6232556551615));
#3124=CARTESIAN_POINT('Ctrl Pts',(-5.50000000000002,-3.87571573966067,26.6278314878115));
#3125=CARTESIAN_POINT('Ctrl Pts',(-5.50000000000002,-3.84030985576165,26.6324023250541));
#3126=CARTESIAN_POINT('Ctrl Pts',(-5.50000000000002,-3.80535248386357,26.6360564708075));
#3127=CARTESIAN_POINT('Ctrl Pts',(-5.50000000000002,-3.77103033819068,26.6389305912929));
#3128=CARTESIAN_POINT('Ctrl Pts',(-5.50000000000002,-3.7367631078939,26.6418001131903));
#3129=CARTESIAN_POINT('Ctrl Pts',(-5.50000000000002,-3.70312906568961,26.643892094325));
#3130=CARTESIAN_POINT('Ctrl Pts',(-5.50000000000002,-3.67028255770087,26.6453838846945));
#3131=CARTESIAN_POINT('Ctrl Pts',(-5.50000000000002,-3.65006121369542,26.646302277793));
#3132=CARTESIAN_POINT('Ctrl Pts',(-5.50000000000002,-3.63013772993335,26.6469940087131));
#3133=CARTESIAN_POINT('Ctrl Pts',(-5.50000000000002,-3.61054218843301,26.6475082946813));
#3134=CARTESIAN_POINT('Ctrl Pts',(-5.50000000000002,-3.59688533257201,26.6478667195475));
#3135=CARTESIAN_POINT('Ctrl Pts',(-5.50000000000002,-3.5833835069223,26.6481389741671));
#3136=CARTESIAN_POINT('Ctrl Pts',(-5.50000000000002,-3.57006328881891,26.6483438768399));
#3137=CARTESIAN_POINT('Ctrl Pts',(-5.50000000000002,-3.5601228432034,26.6484967890415));
#3138=CARTESIAN_POINT('Ctrl Pts',(-5.50000000000002,-3.55028883075188,26.6486122850595));
#3139=CARTESIAN_POINT('Ctrl Pts',(-5.50000000000002,-3.540561923363,26.6486991358593));
#3140=CARTESIAN_POINT('Ctrl Pts',(-5.50000000000002,-3.53258698420039,26.648770343471));
#3141=CARTESIAN_POINT('Ctrl Pts',(-5.50000000000002,-3.52468258116961,26.6488223150217));
#3142=CARTESIAN_POINT('Ctrl Pts',(-5.50000000000002,-3.51682074277865,26.6488600661751));
#3143=CARTESIAN_POINT('Ctrl Pts',(-5.50000000000002,-3.50660767312268,26.6489091075241));
#3144=CARTESIAN_POINT('Ctrl Pts',(-5.50000000000002,-3.49646448692289,26.6489341081919));
#3145=CARTESIAN_POINT('Ctrl Pts',(-5.50000000000002,-3.48647415639697,26.6489466473033));
#3146=CARTESIAN_POINT('Ctrl Pts',(-5.50000000000002,-3.48076108560628,26.6489538179201));
#3147=CARTESIAN_POINT('Ctrl Pts',(-5.50000000000002,-3.47510063452599,26.6489569272106));
#3148=CARTESIAN_POINT('Ctrl Pts',(-5.50000000000002,-3.46948502175437,26.6489582589673));
#3149=CARTESIAN_POINT('Ctrl Pts',(-5.50000000000002,-3.46528072685298,26.6489592560264));
#3150=CARTESIAN_POINT('Ctrl Pts',(-5.50000000000002,-3.46110126114079,26.648959258501));
#3151=CARTESIAN_POINT('Ctrl Pts',(-5.50000000000002,-3.45692364202526,26.648959258501));
#3152=CARTESIAN_POINT('Origin',(-5.00000000000002,-3.45692364202526,26.648959258501));
#3153=CARTESIAN_POINT('Ctrl Pts',(-4.7780293306908,-4.77824774689785,26.9412832940777));
#3154=CARTESIAN_POINT('Ctrl Pts',(-4.86171907421587,-4.78473636396001,26.9353097126668));
#3155=CARTESIAN_POINT('Ctrl Pts',(-5.01970924809499,-4.78132480292466,26.9053482777986));
#3156=CARTESIAN_POINT('Ctrl Pts',(-5.32223991961175,-4.76290948601357,26.785693319102));
#3157=CARTESIAN_POINT('Ctrl Pts',(-5.50000000000002,-4.65420909631656,26.556188955535));
#3158=CARTESIAN_POINT('Ctrl Pts',(-5.50000000000002,-4.5650919823341,26.4022742300936));
#3159=CARTESIAN_POINT('Ctrl Pts',(-4.80990030522926,-4.81020454569298,26.9370440009561));
#3160=CARTESIAN_POINT('Ctrl Pts',(-4.89126410706873,-4.81511763735376,26.9248726178969));
#3161=CARTESIAN_POINT('Ctrl Pts',(-5.04555120117609,-4.81123573142219,26.8851733436886));
#3162=CARTESIAN_POINT('Ctrl Pts',(-5.34110258026713,-4.79878395067541,26.748117546399));
#3163=CARTESIAN_POINT('Ctrl Pts',(-5.50000000000002,-4.69879200853573,26.5178767688631));
#3164=CARTESIAN_POINT('Ctrl Pts',(-5.50000000000002,-4.62020831421457,26.3691250224826));
#3165=CARTESIAN_POINT('Ctrl Pts',(-4.87479336600601,-4.87523246017705,26.9149814852554));
#3166=CARTESIAN_POINT('Ctrl Pts',(-4.95193299252696,-4.87772119137699,26.892155581365));
#3167=CARTESIAN_POINT('Ctrl Pts',(-5.09854755619154,-4.87436456204612,26.8347169782772));
#3168=CARTESIAN_POINT('Ctrl Pts',(-5.37718645811514,-4.87107947739795,26.6645262563114));
#3169=CARTESIAN_POINT('Ctrl Pts',(-5.50000000000002,-4.7853184368691,26.435847033105));
#3170=CARTESIAN_POINT('Ctrl Pts',(-5.50000000000002,-4.72236579430931,26.2963618855541));
#3171=CARTESIAN_POINT('Ctrl Pts',(-4.98053719400509,-4.98071789839058,26.8347920561479));
#3172=CARTESIAN_POINT('Ctrl Pts',(-5.05085678286095,-4.98117005228077,26.7990378921053));
#3173=CARTESIAN_POINT('Ctrl Pts',(-5.18389647271033,-4.98052937824358,26.718067457225));
#3174=CARTESIAN_POINT('Ctrl Pts',(-5.42475444925229,-4.97790690432569,26.5075188062519));
#3175=CARTESIAN_POINT('Ctrl Pts',(-5.50000000000002,-4.8987483375814,26.294631479005));
#3176=CARTESIAN_POINT('Ctrl Pts',(-5.50000000000002,-4.84407567840649,26.1715473108151));
#3177=CARTESIAN_POINT('Ctrl Pts',(-5.09866019821885,-5.09837828625843,26.6911601182201));
#3178=CARTESIAN_POINT('Ctrl Pts',(-5.15939019952955,-5.0971618751597,26.6456755823215));
#3179=CARTESIAN_POINT('Ctrl Pts',(-5.27670025084031,-5.09666838179945,26.5420961523107));
#3180=CARTESIAN_POINT('Ctrl Pts',(-5.46146888990791,-5.0737792679529,26.3155383453321));
#3181=CARTESIAN_POINT('Ctrl Pts',(-5.50000000000002,-4.98549000723597,26.1365479933578));
#3182=CARTESIAN_POINT('Ctrl Pts',(-5.50000000000002,-4.92983191388744,26.0345710746699));
#3183=CARTESIAN_POINT('Ctrl Pts',(-5.22973139132807,-5.2302616394725,26.4512472505894));
#3184=CARTESIAN_POINT('Ctrl Pts',(-5.27801722456517,-5.22458011281419,26.3982304773286));
#3185=CARTESIAN_POINT('Ctrl Pts',(-5.36939211854957,-5.21015112154408,26.2840476959238));
#3186=CARTESIAN_POINT('Ctrl Pts',(-5.48083105702977,-5.13992590226317,26.0927613441496));
#3187=CARTESIAN_POINT('Ctrl Pts',(-5.50000000000002,-5.03830916360775,25.962332810075));
#3188=CARTESIAN_POINT('Ctrl Pts',(-5.50000000000002,-4.98020611340358,25.8879915182083));
#3189=CARTESIAN_POINT('Ctrl Pts',(-5.34842611414332,-5.34840071204139,26.064732340608));
#3190=CARTESIAN_POINT('Ctrl Pts',(-5.37546297431482,-5.32698297122937,26.0285781041444));
#3191=CARTESIAN_POINT('Ctrl Pts',(-5.42695751311944,-5.27590704706672,25.9575743085081));
#3192=CARTESIAN_POINT('Ctrl Pts',(-5.48354562435781,-5.15718912888735,25.8536367632321));
#3193=CARTESIAN_POINT('Ctrl Pts',(-5.50000000000002,-5.05499047710063,25.7776529398772));
#3194=CARTESIAN_POINT('Ctrl Pts',(-5.50000000000002,-4.99980614502303,25.7370158323603));
#3195=CARTESIAN_POINT('Ctrl Pts',(-5.35355339059329,-5.35355339059329,25.7607122748873));
#3196=CARTESIAN_POINT('Ctrl Pts',(-5.3814806349201,-5.32562614626647,25.7465935684603));
#3197=CARTESIAN_POINT('Ctrl Pts',(-5.43277042455147,-5.2611745739044,25.7181604276888));
#3198=CARTESIAN_POINT('Ctrl Pts',(-5.48632991136409,-5.14045462185712,25.6754735722842));
#3199=CARTESIAN_POINT('Ctrl Pts',(-5.50000000000002,-5.04777137491304,25.6472170096645));
#3200=CARTESIAN_POINT('Ctrl Pts',(-5.50000000000002,-5.00000000000001,25.6331380480587));
#3201=CARTESIAN_POINT('Ctrl Pts',(-5.35355339059329,-5.35355339059329,25.581010479878));
#3202=CARTESIAN_POINT('Ctrl Pts',(-5.3844067443305,-5.32270003685608,25.581010479878));
#3203=CARTESIAN_POINT('Ctrl Pts',(-5.43798700916752,-5.25287266827983,25.581010479878));
#3204=CARTESIAN_POINT('Ctrl Pts',(-5.48851156277136,-5.13089560573657,25.581010479878));
#3205=CARTESIAN_POINT('Ctrl Pts',(-5.50000000000002,-5.04363323129987,25.581010479878));
#3206=CARTESIAN_POINT('Ctrl Pts',(-5.50000000000002,-5.00000000000001,25.581010479878));
#3207=CARTESIAN_POINT('',(-5.35355339059329,-5.35355339059329,25.581010479878));
#3208=CARTESIAN_POINT('Ctrl Pts',(-4.7780293306908,-4.77824774689785,26.9412832940777));
#3209=CARTESIAN_POINT('Ctrl Pts',(-4.80990030522926,-4.81020454569298,26.9370440009561));
#3210=CARTESIAN_POINT('Ctrl Pts',(-4.87479336600601,-4.87523246017705,26.9149814852554));
#3211=CARTESIAN_POINT('Ctrl Pts',(-4.98053719400509,-4.98071789839058,26.8347920561479));
#3212=CARTESIAN_POINT('Ctrl Pts',(-5.09866019821885,-5.09837828625843,26.6911601182201));
#3213=CARTESIAN_POINT('Ctrl Pts',(-5.22973139132807,-5.2302616394725,26.4512472505894));
#3214=CARTESIAN_POINT('Ctrl Pts',(-5.34842611414332,-5.34840071204139,26.064732340608));
#3215=CARTESIAN_POINT('Ctrl Pts',(-5.35355339059329,-5.35355339059329,25.7607122748873));
#3216=CARTESIAN_POINT('Ctrl Pts',(-5.35355339059329,-5.35355339059329,25.581010479878));
#3217=CARTESIAN_POINT('',(-5.50000000000002,-5.00000000000001,25.581010479878));
#3218=CARTESIAN_POINT('Origin',(-5.00000000000002,-5.00000000000001,25.581010479878));
#3219=CARTESIAN_POINT('Ctrl Pts',(-5.50000000000002,-5.00000000000001,25.581010479878));
#3220=CARTESIAN_POINT('Ctrl Pts',(-5.50000000000002,-5.00000000000001,25.6013447175653));
#3221=CARTESIAN_POINT('Ctrl Pts',(-5.50000000000002,-4.99999772737175,25.6216744364883));
#3222=CARTESIAN_POINT('Ctrl Pts',(-5.50000000000002,-4.99978678339808,25.6419238537669));
#3223=CARTESIAN_POINT('Ctrl Pts',(-5.50000000000002,-4.99956025923782,25.6636688800158));
#3224=CARTESIAN_POINT('Ctrl Pts',(-5.50000000000002,-4.99909268191405,25.6853221732875));
#3225=CARTESIAN_POINT('Ctrl Pts',(-5.50000000000002,-4.99816362343408,25.7068454802892));
#3226=CARTESIAN_POINT('Ctrl Pts',(-5.50000000000002,-4.99716653183029,25.7299448966983));
#3227=CARTESIAN_POINT('Ctrl Pts',(-5.50000000000002,-4.99563734085359,25.7528962658948));
#3228=CARTESIAN_POINT('Ctrl Pts',(-5.50000000000002,-4.99335056744642,25.7756938791413));
#3229=CARTESIAN_POINT('Ctrl Pts',(-5.50000000000002,-4.99105854072882,25.7985438644065));
#3230=CARTESIAN_POINT('Ctrl Pts',(-5.50000000000002,-4.98800540294274,25.821241784332));
#3231=CARTESIAN_POINT('Ctrl Pts',(-5.50000000000002,-4.98401353618864,25.84378998328));
#3232=CARTESIAN_POINT('Ctrl Pts',(-5.50000000000002,-4.98031093182146,25.8647042735205));
#3233=CARTESIAN_POINT('Ctrl Pts',(-5.50000000000002,-4.97580119527063,25.8854913379084));
#3234=CARTESIAN_POINT('Ctrl Pts',(-5.50000000000002,-4.97038092690336,25.9061321084415));
#3235=CARTESIAN_POINT('Ctrl Pts',(-5.50000000000002,-4.96504520547109,25.9264509181849));
#3236=CARTESIAN_POINT('Ctrl Pts',(-5.50000000000002,-4.95882729157628,25.9466290300398));
#3237=CARTESIAN_POINT('Ctrl Pts',(-5.50000000000002,-4.95166346458557,25.9666065009871));
#3238=CARTESIAN_POINT('Ctrl Pts',(-5.50000000000002,-4.94308097271658,25.9905401445817));
#3239=CARTESIAN_POINT('Ctrl Pts',(-5.50000000000002,-4.93314135164109,26.0141781953107));
#3240=CARTESIAN_POINT('Ctrl Pts',(-5.50000000000002,-4.92177616674951,26.0374266397922));
#3241=CARTESIAN_POINT('Ctrl Pts',(-5.50000000000002,-4.91003053828445,26.0614533136981));
#3242=CARTESIAN_POINT('Ctrl Pts',(-5.50000000000002,-4.89676178223891,26.0850651560689));
#3243=CARTESIAN_POINT('Ctrl Pts',(-5.50000000000002,-4.8819386666294,26.1081942945735));
#3244=CARTESIAN_POINT('Ctrl Pts',(-5.50000000000002,-4.86712449440133,26.1313094783391));
#3245=CARTESIAN_POINT('Ctrl Pts',(-5.50000000000002,-4.8507575416709,26.1539441021286));
#3246=CARTESIAN_POINT('Ctrl Pts',(-5.50000000000002,-4.8328560446899,26.1760436598482));
#3247=CARTESIAN_POINT('Ctrl Pts',(-5.50000000000002,-4.81567393662849,26.1972551255289));
#3248=CARTESIAN_POINT('Ctrl Pts',(-5.50000000000002,-4.79707820541188,26.2179749569413));
#3249=CARTESIAN_POINT('Ctrl Pts',(-5.50000000000002,-4.77713163764984,26.2381464104571));
#3250=CARTESIAN_POINT('Ctrl Pts',(-5.50000000000002,-4.75569742010092,26.2598222861312));
#3251=CARTESIAN_POINT('Ctrl Pts',(-5.50000000000002,-4.73270296102765,26.2808659487122));
#3252=CARTESIAN_POINT('Ctrl Pts',(-5.50000000000002,-4.70828766688172,26.3011743612526));
#3253=CARTESIAN_POINT('Ctrl Pts',(-5.50000000000002,-4.68013944333169,26.3245877894389));
#3254=CARTESIAN_POINT('Ctrl Pts',(-5.50000000000002,-4.65010509047357,26.3470187756797));
#3255=CARTESIAN_POINT('Ctrl Pts',(-5.50000000000002,-4.61843877246077,26.3683337258598));
#3256=CARTESIAN_POINT('Ctrl Pts',(-5.50000000000002,-4.60112856925231,26.3799854157988));
#3257=CARTESIAN_POINT('Ctrl Pts',(-5.50000000000002,-4.58333121089483,26.3913044149119));
#3258=CARTESIAN_POINT('Ctrl Pts',(-5.50000000000002,-4.5650919823341,26.4022742300936));
#3259=CARTESIAN_POINT('Ctrl Pts',(-4.7780293306908,-4.77824774689785,26.9412832940777));
#3260=CARTESIAN_POINT('Ctrl Pts',(-4.80990030522926,-4.81020454569298,26.9370440009561));
#3261=CARTESIAN_POINT('Ctrl Pts',(-4.87479336600601,-4.87523246017705,26.9149814852554));
#3262=CARTESIAN_POINT('Ctrl Pts',(-4.98053719400509,-4.98071789839058,26.8347920561479));
#3263=CARTESIAN_POINT('Ctrl Pts',(-5.09866019821885,-5.09837828625843,26.6911601182201));
#3264=CARTESIAN_POINT('Ctrl Pts',(-5.22973139132807,-5.2302616394725,26.4512472505894));
#3265=CARTESIAN_POINT('Ctrl Pts',(-5.34842611414332,-5.34840071204139,26.064732340608));
#3266=CARTESIAN_POINT('Ctrl Pts',(-5.35355339059329,-5.35355339059329,25.7607122748873));
#3267=CARTESIAN_POINT('Ctrl Pts',(-5.35355339059329,-5.35355339059329,25.581010479878));
#3268=CARTESIAN_POINT('Ctrl Pts',(-4.78448431604241,-4.8621466063679,26.9352663438337));
#3269=CARTESIAN_POINT('Ctrl Pts',(-4.81476518281918,-4.89171626070333,26.9248840352));
#3270=CARTESIAN_POINT('Ctrl Pts',(-4.87721527445726,-4.95229847321131,26.8922978632563));
#3271=CARTESIAN_POINT('Ctrl Pts',(-4.98099232124205,-5.05066415261656,26.7992038764763));
#3272=CARTESIAN_POINT('Ctrl Pts',(-5.09747089458779,-5.15929832840051,26.645297622443));
#3273=CARTESIAN_POINT('Ctrl Pts',(-5.22395823802883,-5.27854771790071,26.3984758587829));
#3274=CARTESIAN_POINT('Ctrl Pts',(-5.32703037609209,-5.37533852575053,26.0283948907266));
#3275=CARTESIAN_POINT('Ctrl Pts',(-5.32562614626647,-5.3814806349201,25.7465935684603));
#3276=CARTESIAN_POINT('Ctrl Pts',(-5.32270003685607,-5.3844067443305,25.581010479878));
#3277=CARTESIAN_POINT('Ctrl Pts',(-4.78100790396271,-5.01953196406329,26.9057885720018));
#3278=CARTESIAN_POINT('Ctrl Pts',(-4.81078792042624,-5.04528377553418,26.8856662168451));
#3279=CARTESIAN_POINT('Ctrl Pts',(-4.87371306360718,-5.09818002835097,26.8351494480157));
#3280=CARTESIAN_POINT('Ctrl Pts',(-4.98037185010654,-5.1840338902003,26.7174192487531));
#3281=CARTESIAN_POINT('Ctrl Pts',(-5.09703407574168,-5.27717814308135,26.5413521620876));
#3282=CARTESIAN_POINT('Ctrl Pts',(-5.20930786124307,-5.36935710285602,26.2851577430019));
#3283=CARTESIAN_POINT('Ctrl Pts',(-5.27602090725987,-5.42697812106638,25.9566010286313));
#3284=CARTESIAN_POINT('Ctrl Pts',(-5.2611745739044,-5.43277042455147,25.7181604276888));
#3285=CARTESIAN_POINT('Ctrl Pts',(-5.25287266827982,-5.43798700916751,25.581010479878));
#3286=CARTESIAN_POINT('Ctrl Pts',(-4.76223079227864,-5.3223794790508,26.7857274848039));
#3287=CARTESIAN_POINT('Ctrl Pts',(-4.79779141109602,-5.34127839883342,26.7482230231334));
#3288=CARTESIAN_POINT('Ctrl Pts',(-4.86975579032286,-5.37740065981563,26.6645490916386));
#3289=CARTESIAN_POINT('Ctrl Pts',(-4.97813686831006,-5.42479757733536,26.5065488330792));
#3290=CARTESIAN_POINT('Ctrl Pts',(-5.07384541203227,-5.4613612920844,26.3158703900979));
#3291=CARTESIAN_POINT('Ctrl Pts',(-5.1387875777538,-5.48083946604955,26.0932793928364));
#3292=CARTESIAN_POINT('Ctrl Pts',(-5.15746280502925,-5.48354292664559,25.8526089261772));
#3293=CARTESIAN_POINT('Ctrl Pts',(-5.14045462185711,-5.48632991136409,25.6754735722842));
#3294=CARTESIAN_POINT('Ctrl Pts',(-5.13089560573657,-5.48851156277136,25.581010479878));
#3295=CARTESIAN_POINT('Ctrl Pts',(-4.65333543148835,-5.50000000000001,26.5564446730423));
#3296=CARTESIAN_POINT('Ctrl Pts',(-4.69743906350774,-5.50000000000001,26.518254446371));
#3297=CARTESIAN_POINT('Ctrl Pts',(-4.78390565790092,-5.50000000000001,26.4357669503207));
#3298=CARTESIAN_POINT('Ctrl Pts',(-4.89977612406856,-5.50000000000001,26.2932313438645));
#3299=CARTESIAN_POINT('Ctrl Pts',(-4.98448903813204,-5.50000000000001,26.137756289479));
#3300=CARTESIAN_POINT('Ctrl Pts',(-5.0377903325222,-5.50000000000001,25.9618626204086));
#3301=CARTESIAN_POINT('Ctrl Pts',(-5.05508095167058,-5.50000000000001,25.7773047071952));
#3302=CARTESIAN_POINT('Ctrl Pts',(-5.04777137491303,-5.50000000000001,25.6472170096644));
#3303=CARTESIAN_POINT('Ctrl Pts',(-5.04363323129986,-5.50000000000001,25.581010479878));
#3304=CARTESIAN_POINT('Ctrl Pts',(-4.56421831750589,-5.50000000000001,26.4025299476009));
#3305=CARTESIAN_POINT('Ctrl Pts',(-4.61874318017536,-5.50000000000001,26.369531248159));
#3306=CARTESIAN_POINT('Ctrl Pts',(-4.72148333744732,-5.50000000000001,26.2958228208427));
#3307=CARTESIAN_POINT('Ctrl Pts',(-4.84486037843056,-5.50000000000001,26.1707168717995));
#3308=CARTESIAN_POINT('Ctrl Pts',(-4.9286557884487,-5.50000000000001,26.0356536303404));
#3309=CARTESIAN_POINT('Ctrl Pts',(-4.98001479142091,-5.50000000000001,25.8871655255556));
#3310=CARTESIAN_POINT('Ctrl Pts',(-4.99980141592855,-5.50000000000001,25.7369754330877));
#3311=CARTESIAN_POINT('Ctrl Pts',(-5.00000000000001,-5.50000000000001,25.6331380480587));
#3312=CARTESIAN_POINT('Ctrl Pts',(-5.00000000000001,-5.50000000000001,25.581010479878));
#3313=CARTESIAN_POINT('',(-4.56421831750589,-5.50000000000001,26.4025299476009));
#3314=CARTESIAN_POINT('Ctrl Pts',(-4.7780293306908,-4.77824774689785,26.9412832940777));
#3315=CARTESIAN_POINT('Ctrl Pts',(-4.78448431604241,-4.8621466063679,26.9352663438337));
#3316=CARTESIAN_POINT('Ctrl Pts',(-4.78100790396271,-5.01953196406329,26.9057885720018));
#3317=CARTESIAN_POINT('Ctrl Pts',(-4.76223079227864,-5.3223794790508,26.7857274848039));
#3318=CARTESIAN_POINT('Ctrl Pts',(-4.65333543148835,-5.50000000000001,26.5564446730423));
#3319=CARTESIAN_POINT('Ctrl Pts',(-4.56421831750589,-5.50000000000001,26.4025299476009));
#3320=CARTESIAN_POINT('',(-5.00000000000002,-5.50000000000001,25.581010479878));
#3321=CARTESIAN_POINT('Ctrl Pts',(-4.56421831750589,-5.50000000000001,26.4025299476009));
#3322=CARTESIAN_POINT('Ctrl Pts',(-4.58244320709444,-5.50000000000001,26.3915001600058));
#3323=CARTESIAN_POINT('Ctrl Pts',(-4.60028536970135,-5.50000000000001,26.3800619640247));
#3324=CARTESIAN_POINT('Ctrl Pts',(-4.61771320316956,-5.50000000000001,26.3682386218774));
#3325=CARTESIAN_POINT('Ctrl Pts',(-4.63833072653573,-5.50000000000001,26.3542513392107));
#3326=CARTESIAN_POINT('Ctrl Pts',(-4.65836766963159,-5.50000000000001,26.3397256342662));
#3327=CARTESIAN_POINT('Ctrl Pts',(-4.67771084042941,-5.50000000000001,26.3247411327924));
#3328=CARTESIAN_POINT('Ctrl Pts',(-4.70329987108857,-5.50000000000001,26.3049181745178));
#3329=CARTESIAN_POINT('Ctrl Pts',(-4.72766902315162,-5.50000000000001,26.2842968955331));
#3330=CARTESIAN_POINT('Ctrl Pts',(-4.75050175190353,-5.50000000000001,26.2630915660879));
#3331=CARTESIAN_POINT('Ctrl Pts',(-4.7658359533904,-5.50000000000001,26.2488503075051));
#3332=CARTESIAN_POINT('Ctrl Pts',(-4.78047581716039,-5.50000000000001,26.234346387218));
#3333=CARTESIAN_POINT('Ctrl Pts',(-4.79434671406259,-5.50000000000001,26.2196263026163));
#3334=CARTESIAN_POINT('Ctrl Pts',(-4.80680551816948,-5.50000000000001,26.2064047602905));
#3335=CARTESIAN_POINT('Ctrl Pts',(-4.81864341524524,-5.50000000000001,26.1930091879284));
#3336=CARTESIAN_POINT('Ctrl Pts',(-4.82983656168311,-5.50000000000001,26.1794495849338));
#3337=CARTESIAN_POINT('Ctrl Pts',(-4.84048084206751,-5.50000000000001,26.1665548893292));
#3338=CARTESIAN_POINT('Ctrl Pts',(-4.85054157514634,-5.50000000000001,26.153512194408));
#3339=CARTESIAN_POINT('Ctrl Pts',(-4.86003429950545,-5.50000000000001,26.1403024831492));
#3340=CARTESIAN_POINT('Ctrl Pts',(-4.87047117341384,-5.50000000000001,26.1257789295772));
#3341=CARTESIAN_POINT('Ctrl Pts',(-4.88022710164275,-5.50000000000001,26.111046646687));
#3342=CARTESIAN_POINT('Ctrl Pts',(-4.88935123977564,-5.50000000000001,26.0960709080472));
#3343=CARTESIAN_POINT('Ctrl Pts',(-4.89914713823449,-5.50000000000001,26.0799925877801));
#3344=CARTESIAN_POINT('Ctrl Pts',(-4.90821441292258,-5.50000000000001,26.0636342018777));
#3345=CARTESIAN_POINT('Ctrl Pts',(-4.91658581457937,-5.50000000000001,26.0470110228538));
#3346=CARTESIAN_POINT('Ctrl Pts',(-4.92674321754782,-5.50000000000001,26.0268413625167));
#3347=CARTESIAN_POINT('Ctrl Pts',(-4.93587523543587,-5.50000000000001,26.0062827111793));
#3348=CARTESIAN_POINT('Ctrl Pts',(-4.94401008977705,-5.50000000000001,25.9854359665912));
#3349=CARTESIAN_POINT('Ctrl Pts',(-4.95297287453835,-5.50000000000001,25.9624675301717));
#3350=CARTESIAN_POINT('Ctrl Pts',(-4.96072180930365,-5.50000000000001,25.9391544457306));
#3351=CARTESIAN_POINT('Ctrl Pts',(-4.96729696189638,-5.50000000000001,25.9156636847406));
#3352=CARTESIAN_POINT('Ctrl Pts',(-4.97236330639835,-5.50000000000001,25.8975633766321));
#3353=CARTESIAN_POINT('Ctrl Pts',(-4.97673227000603,-5.50000000000001,25.8793591487691));
#3354=CARTESIAN_POINT('Ctrl Pts',(-4.98044434271871,-5.50000000000001,25.8611057917882));
#3355=CARTESIAN_POINT('Ctrl Pts',(-4.98379365622112,-5.50000000000001,25.8446362288964));
#3356=CARTESIAN_POINT('Ctrl Pts',(-4.98660791308832,-5.50000000000001,25.8281273036315));
#3357=CARTESIAN_POINT('Ctrl Pts',(-4.98894197126867,-5.50000000000001,25.8115867828226));
#3358=CARTESIAN_POINT('Ctrl Pts',(-4.99120472645192,-5.50000000000001,25.7955515573476));
#3359=CARTESIAN_POINT('Ctrl Pts',(-4.99301576917573,-5.50000000000001,25.7794873514071));
#3360=CARTESIAN_POINT('Ctrl Pts',(-4.99445508857667,-5.50000000000001,25.7633592544178));
#3361=CARTESIAN_POINT('Ctrl Pts',(-4.99578509917182,-5.50000000000001,25.7484560023242));
#3362=CARTESIAN_POINT('Ctrl Pts',(-4.99680119459467,-5.50000000000001,25.7334970199476));
#3363=CARTESIAN_POINT('Ctrl Pts',(-4.99758107102995,-5.50000000000001,25.7184175959495));
#3364=CARTESIAN_POINT('Ctrl Pts',(-4.99811254703293,-5.50000000000001,25.7081411577456));
#3365=CARTESIAN_POINT('Ctrl Pts',(-4.9985331438769,-5.50000000000001,25.6978053131162));
#3366=CARTESIAN_POINT('Ctrl Pts',(-4.99886178569556,-5.50000000000001,25.687415420255));
#3367=CARTESIAN_POINT('Ctrl Pts',(-4.99916762268726,-5.50000000000001,25.6777464937934));
#3368=CARTESIAN_POINT('Ctrl Pts',(-4.99939341188383,-5.50000000000001,25.6680297511509));
#3369=CARTESIAN_POINT('Ctrl Pts',(-4.99955804907532,-5.50000000000001,25.6583232368984));
#3370=CARTESIAN_POINT('Ctrl Pts',(-4.9996999025148,-5.50000000000001,25.6499599842232));
#3371=CARTESIAN_POINT('Ctrl Pts',(-4.99979667521503,-5.50000000000001,25.6416108488382));
#3372=CARTESIAN_POINT('Ctrl Pts',(-4.99986232182743,-5.50000000000001,25.6332703229721));
#3373=CARTESIAN_POINT('Ctrl Pts',(-4.99993067241958,-5.50000000000001,25.6245862513797));
#3374=CARTESIAN_POINT('Ctrl Pts',(-4.99996527554134,-5.50000000000001,25.6159066386528));
#3375=CARTESIAN_POINT('Ctrl Pts',(-4.99998260733812,-5.50000000000001,25.6072006108309));
#3376=CARTESIAN_POINT('Ctrl Pts',(-4.99999755467718,-5.50000000000001,25.5996923327573));
#3377=CARTESIAN_POINT('Ctrl Pts',(-4.99999966796117,-5.50000000000001,25.5921620025506));
#3378=CARTESIAN_POINT('Ctrl Pts',(-4.99999995430034,-5.50000000000001,25.5846201633955));
#3379=CARTESIAN_POINT('Ctrl Pts',(-4.99999999997828,-5.50000000000001,25.5834170598529));
#3380=CARTESIAN_POINT('Ctrl Pts',(-5.00000000000002,-5.50000000000001,25.5822137718048));
#3381=CARTESIAN_POINT('Ctrl Pts',(-5.00000000000002,-5.50000000000001,25.581010479878));
#3382=CARTESIAN_POINT('Origin',(-5.00000000000002,-5.00000000000001,25.581010479878));
#3383=CARTESIAN_POINT('Ctrl Pts',(-4.7780293306908,-4.77824774689785,26.9412832940777));
#3384=CARTESIAN_POINT('Ctrl Pts',(-4.78448431604241,-4.8621466063679,26.9352663438337));
#3385=CARTESIAN_POINT('Ctrl Pts',(-4.78100790396271,-5.01953196406329,26.9057885720018));
#3386=CARTESIAN_POINT('Ctrl Pts',(-4.76223079227864,-5.3223794790508,26.7857274848039));
#3387=CARTESIAN_POINT('Ctrl Pts',(-4.65333543148835,-5.50000000000001,26.5564446730423));
#3388=CARTESIAN_POINT('Ctrl Pts',(-4.56421831750589,-5.50000000000001,26.4025299476009));
#3389=CARTESIAN_POINT('Ctrl Pts',(-4.75072272006692,-4.80561640056781,26.9412679608798));
#3390=CARTESIAN_POINT('Ctrl Pts',(-4.75499033830005,-4.88398406047026,26.9375514024821));
#3391=CARTESIAN_POINT('Ctrl Pts',(-4.74834052158142,-5.03412711409644,26.9132549270768));
#3392=CARTESIAN_POINT('Ctrl Pts',(-4.71980269475996,-5.33247092572464,26.8010950641538));
#3393=CARTESIAN_POINT('Ctrl Pts',(-4.60223009773376,-5.50000000000001,26.5825422168153));
#3394=CARTESIAN_POINT('Ctrl Pts',(-4.50969345483642,-5.50000000000001,26.4355286470428));
#3395=CARTESIAN_POINT('Ctrl Pts',(-4.69038108486136,-4.85444771559657,26.9456733284018));
#3396=CARTESIAN_POINT('Ctrl Pts',(-4.6903643689708,-4.92441431112199,26.9458989754052));
#3397=CARTESIAN_POINT('Ctrl Pts',(-4.67652259498258,-5.06387964419015,26.9310199896045));
#3398=CARTESIAN_POINT('Ctrl Pts',(-4.62625360880252,-5.35332530797877,26.8315333870908));
#3399=CARTESIAN_POINT('Ctrl Pts',(-4.49301995671224,-5.50000000000001,26.6302803568251));
#3400=CARTESIAN_POINT('Ctrl Pts',(-4.39358329839809,-5.50000000000001,26.4941274904102));
#3401=CARTESIAN_POINT('Ctrl Pts',(-4.57099054600852,-4.91718806364299,26.9669545959259));
#3402=CARTESIAN_POINT('Ctrl Pts',(-4.56378485822979,-4.9802013880984,26.9717925528392));
#3403=CARTESIAN_POINT('Ctrl Pts',(-4.53549956715773,-5.1129822147912,26.9677067323588));
#3404=CARTESIAN_POINT('Ctrl Pts',(-4.44796136564108,-5.38340980613041,26.8760252960361));
#3405=CARTESIAN_POINT('Ctrl Pts',(-4.29929217553006,-5.50000000000001,26.6895945908033));
#3406=CARTESIAN_POINT('Ctrl Pts',(-4.1958618181228,-5.50000000000001,26.563959091878));
#3407=CARTESIAN_POINT('Ctrl Pts',(-4.40232986721042,-4.97447750820488,27.0066436922445));
#3408=CARTESIAN_POINT('Ctrl Pts',(-4.38689383902411,-5.0350554357177,27.0144686919577));
#3409=CARTESIAN_POINT('Ctrl Pts',(-4.34037721061485,-5.16745423294479,27.0152996041158));
#3410=CARTESIAN_POINT('Ctrl Pts',(-4.22542809676627,-5.4090270866923,26.9160330865679));
#3411=CARTESIAN_POINT('Ctrl Pts',(-4.08801248065663,-5.50000000000001,26.7320301414718));
#3412=CARTESIAN_POINT('Ctrl Pts',(-3.99806749637863,-5.50000000000001,26.611953801124));
#3413=CARTESIAN_POINT('Ctrl Pts',(-4.15738055957427,-5.03024168468338,27.069504331601));
#3414=CARTESIAN_POINT('Ctrl Pts',(-4.13499384276327,-5.09130720050359,27.0760189424192));
#3415=CARTESIAN_POINT('Ctrl Pts',(-4.08083757530379,-5.22286731157039,27.0666861310919));
#3416=CARTESIAN_POINT('Ctrl Pts',(-3.98374524903626,-5.42804929074739,26.9369816961669));
#3417=CARTESIAN_POINT('Ctrl Pts',(-3.87694943722285,-5.50000000000001,26.7501084158028));
#3418=CARTESIAN_POINT('Ctrl Pts',(-3.80584704365817,-5.50000000000001,26.6378831823742));
#3419=CARTESIAN_POINT('Ctrl Pts',(-3.8088551093088,-5.07532746231775,27.1385349690405));
#3420=CARTESIAN_POINT('Ctrl Pts',(-3.79777890278267,-5.13715751580097,27.1321355527423));
#3421=CARTESIAN_POINT('Ctrl Pts',(-3.77447252190332,-5.26730402264306,27.09231120846));
#3422=CARTESIAN_POINT('Ctrl Pts',(-3.72037097236724,-5.44242778162387,26.927532284926));
#3423=CARTESIAN_POINT('Ctrl Pts',(-3.65308771764151,-5.50000000000001,26.7477904954034));
#3424=CARTESIAN_POINT('Ctrl Pts',(-3.61593229443386,-5.50000000000001,26.6487123816498));
#3425=CARTESIAN_POINT('Ctrl Pts',(-3.58071508839625,-5.07885496282461,27.1427020000557));
#3426=CARTESIAN_POINT('Ctrl Pts',(-3.57853507978634,-5.1489923170468,27.13150046129));
#3427=CARTESIAN_POINT('Ctrl Pts',(-3.57094152781416,-5.28987050517624,27.0781514890044));
#3428=CARTESIAN_POINT('Ctrl Pts',(-3.54500449359519,-5.4552077232505,26.9010592195687));
#3429=CARTESIAN_POINT('Ctrl Pts',(-3.52146557314697,-5.50000000000001,26.7348691791239));
#3430=CARTESIAN_POINT('Ctrl Pts',(-3.50905121020594,-5.50000000000001,26.648959258501));
#3431=CARTESIAN_POINT('Ctrl Pts',(-3.45692364202526,-5.07885496282461,27.1427020000557));
#3432=CARTESIAN_POINT('Ctrl Pts',(-3.45692364202526,-5.15634103967078,27.1303268070759));
#3433=CARTESIAN_POINT('Ctrl Pts',(-3.45692364202526,-5.30530316660588,27.0684315499492));
#3434=CARTESIAN_POINT('Ctrl Pts',(-3.45692364202526,-5.4623721380776,26.8842867595754));
#3435=CARTESIAN_POINT('Ctrl Pts',(-3.45692364202526,-5.50000000000001,26.7274273252945));
#3436=CARTESIAN_POINT('Ctrl Pts',(-3.45692364202526,-5.50000000000001,26.648959258501));
#3437=CARTESIAN_POINT('',(-3.45692364202526,-5.07885496282461,27.1427020000557));
#3438=CARTESIAN_POINT('Ctrl Pts',(-4.7780293306908,-4.77824774689785,26.9412832940777));
#3439=CARTESIAN_POINT('Ctrl Pts',(-4.75072272006692,-4.80561640056781,26.9412679608798));
#3440=CARTESIAN_POINT('Ctrl Pts',(-4.69038108486136,-4.85444771559657,26.9456733284018));
#3441=CARTESIAN_POINT('Ctrl Pts',(-4.57099054600852,-4.91718806364299,26.9669545959259));
#3442=CARTESIAN_POINT('Ctrl Pts',(-4.40232986721042,-4.97447750820488,27.0066436922445));
#3443=CARTESIAN_POINT('Ctrl Pts',(-4.15738055957427,-5.03024168468338,27.069504331601));
#3444=CARTESIAN_POINT('Ctrl Pts',(-3.8088551093088,-5.07532746231775,27.1385349690405));
#3445=CARTESIAN_POINT('Ctrl Pts',(-3.58071508839625,-5.07885496282461,27.1427020000557));
#3446=CARTESIAN_POINT('Ctrl Pts',(-3.45692364202526,-5.07885496282461,27.1427020000557));
#3447=CARTESIAN_POINT('',(-3.45692364202526,-5.50000000000001,26.648959258501));
#3448=CARTESIAN_POINT('Origin',(-3.45692364202526,-5.00000000000001,26.648959258501));
#3449=CARTESIAN_POINT('Ctrl Pts',(-3.45692364202526,-5.50000000000001,26.648959258501));
#3450=CARTESIAN_POINT('Ctrl Pts',(-3.46925027751404,-5.50000000000001,26.648959258501));
#3451=CARTESIAN_POINT('Ctrl Pts',(-3.4815815097833,-5.50000000000001,26.6489588253405));
#3452=CARTESIAN_POINT('Ctrl Pts',(-3.49404368555617,-5.50000000000001,26.6489291287657));
#3453=CARTESIAN_POINT('Ctrl Pts',(-3.50704182064231,-5.50000000000001,26.6488981550337));
#3454=CARTESIAN_POINT('Ctrl Pts',(-3.52018216082826,-5.50000000000001,26.6488353652573));
#3455=CARTESIAN_POINT('Ctrl Pts',(-3.53355003346986,-5.50000000000001,26.6487135536399));
#3456=CARTESIAN_POINT('Ctrl Pts',(-3.54764681493066,-5.50000000000001,26.6485851000111));
#3457=CARTESIAN_POINT('Ctrl Pts',(-3.56199630258113,-5.50000000000001,26.6483910358837));
#3458=CARTESIAN_POINT('Ctrl Pts',(-3.57663958268349,-5.50000000000001,26.6481051418551));
#3459=CARTESIAN_POINT('Ctrl Pts',(-3.59237218402406,-5.50000000000001,26.6477979800208));
#3460=CARTESIAN_POINT('Ctrl Pts',(-3.6084434647126,-5.50000000000001,26.6473848493177));
#3461=CARTESIAN_POINT('Ctrl Pts',(-3.62484382852503,-5.50000000000001,26.6468392173482));
#3462=CARTESIAN_POINT('Ctrl Pts',(-3.64334810622105,-5.50000000000001,26.6462235892073));
#3463=CARTESIAN_POINT('Ctrl Pts',(-3.66227060945396,-5.50000000000001,26.6454393254045));
#3464=CARTESIAN_POINT('Ctrl Pts',(-3.68153147016721,-5.50000000000001,26.6444551768474));
#3465=CARTESIAN_POINT('Ctrl Pts',(-3.71713249629787,-5.50000000000001,26.6426361149155));
#3466=CARTESIAN_POINT('Ctrl Pts',(-3.75388527578546,-5.50000000000001,26.6401337576103));
#3467=CARTESIAN_POINT('Ctrl Pts',(-3.79103956407636,-5.50000000000001,26.6367824547227));
#3468=CARTESIAN_POINT('Ctrl Pts',(-3.81070518414884,-5.50000000000001,26.6350086231579));
#3469=CARTESIAN_POINT('Ctrl Pts',(-3.83048077181583,-5.50000000000001,26.6329973969128));
#3470=CARTESIAN_POINT('Ctrl Pts',(-3.85028064888805,-5.50000000000001,26.6307234530962));
#3471=CARTESIAN_POINT('Ctrl Pts',(-3.86797912059986,-5.50000000000001,26.6286908480369));
#3472=CARTESIAN_POINT('Ctrl Pts',(-3.88569633585194,-5.50000000000001,26.6264484037794));
#3473=CARTESIAN_POINT('Ctrl Pts',(-3.90340928113791,-5.50000000000001,26.6239753784059));
#3474=CARTESIAN_POINT('Ctrl Pts',(-3.9202079036333,-5.50000000000001,26.6216300078873));
#3475=CARTESIAN_POINT('Ctrl Pts',(-3.93700210231346,-5.50000000000001,26.6190773027119));
#3476=CARTESIAN_POINT('Ctrl Pts',(-3.95381737288994,-5.50000000000001,26.6162961537966));
#3477=CARTESIAN_POINT('Ctrl Pts',(-3.97200180465934,-5.50000000000001,26.6132885535048));
#3478=CARTESIAN_POINT('Ctrl Pts',(-3.99021967175169,-5.50000000000001,26.610012189444));
#3479=CARTESIAN_POINT('Ctrl Pts',(-4.00852688270762,-5.50000000000001,26.6064430204479));
#3480=CARTESIAN_POINT('Ctrl Pts',(-4.02756835520573,-5.50000000000001,26.6027307000161));
#3481=CARTESIAN_POINT('Ctrl Pts',(-4.04670609334895,-5.50000000000001,26.5987017580638));
#3482=CARTESIAN_POINT('Ctrl Pts',(-4.06594586985511,-5.50000000000001,26.5943457623611));
#3483=CARTESIAN_POINT('Ctrl Pts',(-4.08670967831996,-5.50000000000001,26.5896447170856));
#3484=CARTESIAN_POINT('Ctrl Pts',(-4.10759183521539,-5.50000000000001,26.5845629218992));
#3485=CARTESIAN_POINT('Ctrl Pts',(-4.12854130423208,-5.50000000000001,26.5791038456574));
#3486=CARTESIAN_POINT('Ctrl Pts',(-4.15282633348386,-5.50000000000001,26.5727755790022));
#3487=CARTESIAN_POINT('Ctrl Pts',(-4.17720105824371,-5.50000000000001,26.5659406144807));
#3488=CARTESIAN_POINT('Ctrl Pts',(-4.20151919763035,-5.50000000000001,26.5586225258307));
#3489=CARTESIAN_POINT('Ctrl Pts',(-4.23409207611749,-5.50000000000001,26.5488203280324));
#3490=CARTESIAN_POINT('Ctrl Pts',(-4.26655847254424,-5.50000000000001,26.5381531818542));
#3491=CARTESIAN_POINT('Ctrl Pts',(-4.2984918818244,-5.50000000000001,26.5266935849529));
#3492=CARTESIAN_POINT('Ctrl Pts',(-4.32244193878453,-5.50000000000001,26.5180988872769));
#3493=CARTESIAN_POINT('Ctrl Pts',(-4.34608901820038,-5.50000000000001,26.5090592430789));
#3494=CARTESIAN_POINT('Ctrl Pts',(-4.36927886558606,-5.50000000000001,26.4995942629509));
#3495=CARTESIAN_POINT('Ctrl Pts',(-4.38861131554729,-5.50000000000001,26.491703686887));
#3496=CARTESIAN_POINT('Ctrl Pts',(-4.40762563769868,-5.50000000000001,26.4835175704101));
#3497=CARTESIAN_POINT('Ctrl Pts',(-4.42626838206757,-5.50000000000001,26.4750348141244));
#3498=CARTESIAN_POINT('Ctrl Pts',(-4.44394336438348,-5.50000000000001,26.4669924055405));
#3499=CARTESIAN_POINT('Ctrl Pts',(-4.46128376261551,-5.50000000000001,26.4586835254242));
#3500=CARTESIAN_POINT('Ctrl Pts',(-4.47828630320954,-5.50000000000001,26.4500931599671));
#3501=CARTESIAN_POINT('Ctrl Pts',(-4.49735270959663,-5.50000000000001,26.4404600467324));
#3502=CARTESIAN_POINT('Ctrl Pts',(-4.51599899644546,-5.50000000000001,26.4304702557802));
#3503=CARTESIAN_POINT('Ctrl Pts',(-4.53427349784658,-5.50000000000001,26.4200897991928));
#3504=CARTESIAN_POINT('Ctrl Pts',(-4.54436883612087,-5.50000000000001,26.4143553488572));
#3505=CARTESIAN_POINT('Ctrl Pts',(-4.55435003871236,-5.50000000000001,26.4085022756357));
#3506=CARTESIAN_POINT('Ctrl Pts',(-4.56421831750589,-5.50000000000001,26.4025299476009));
#3507=CARTESIAN_POINT('Ctrl Pts',(-4.7780293306908,-4.77824774689785,26.9412832940777));
#3508=CARTESIAN_POINT('Ctrl Pts',(-4.75072272006692,-4.80561640056781,26.9412679608798));
#3509=CARTESIAN_POINT('Ctrl Pts',(-4.69038108486136,-4.85444771559657,26.9456733284018));
#3510=CARTESIAN_POINT('Ctrl Pts',(-4.57099054600852,-4.91718806364299,26.9669545959259));
#3511=CARTESIAN_POINT('Ctrl Pts',(-4.40232986721042,-4.97447750820488,27.0066436922445));
#3512=CARTESIAN_POINT('Ctrl Pts',(-4.15738055957427,-5.03024168468338,27.069504331601));
#3513=CARTESIAN_POINT('Ctrl Pts',(-3.8088551093088,-5.07532746231775,27.1385349690405));
#3514=CARTESIAN_POINT('Ctrl Pts',(-3.58071508839625,-5.07885496282461,27.1427020000557));
#3515=CARTESIAN_POINT('Ctrl Pts',(-3.45692364202526,-5.07885496282461,27.1427020000557));
#3516=CARTESIAN_POINT('Ctrl Pts',(-4.69433958716574,-4.7717591298357,26.9472568754887));
#3517=CARTESIAN_POINT('Ctrl Pts',(-4.66796148958833,-4.79470683335063,26.949212221508));
#3518=CARTESIAN_POINT('Ctrl Pts',(-4.60846135907162,-4.83659123180062,26.9567841939099));
#3519=CARTESIAN_POINT('Ctrl Pts',(-4.48776412306643,-4.89115282257432,26.9817589074466));
#3520=CARTESIAN_POINT('Ctrl Pts',(-4.31872457532325,-4.94029990712497,27.0239678552407));
#3521=CARTESIAN_POINT('Ctrl Pts',(-4.08058081473772,-4.9859078656841,27.0868594717196));
#3522=CARTESIAN_POINT('Ctrl Pts',(-3.76151475212336,-5.0156264971329,27.1486705716484));
#3523=CARTESIAN_POINT('Ctrl Pts',(-3.56344314785465,-5.00871760860243,27.1539035388214));
#3524=CARTESIAN_POINT('Ctrl Pts',(-3.45692364202526,-5.00136888597845,27.1550771930355));
#3525=CARTESIAN_POINT('Ctrl Pts',(-4.52820092435332,-4.74766792846455,26.9429821260195));
#3526=CARTESIAN_POINT('Ctrl Pts',(-4.50132675940034,-4.76380271800307,26.9492980045335));
#3527=CARTESIAN_POINT('Ctrl Pts',(-4.43963036832972,-4.79339691992566,26.9646543361323));
#3528=CARTESIAN_POINT('Ctrl Pts',(-4.31494286573541,-4.83009485435195,26.99800203929));
#3529=CARTESIAN_POINT('Ctrl Pts',(-4.14769209653221,-4.86014617264285,27.0447355985092));
#3530=CARTESIAN_POINT('Ctrl Pts',(-3.92477160714423,-4.88275102425527,27.1043573971391));
#3531=CARTESIAN_POINT('Ctrl Pts',(-3.67547962943848,-4.88239024356705,27.1469392310912));
#3532=CARTESIAN_POINT('Ctrl Pts',(-3.5330254112105,-4.85823064452015,27.1470880875628));
#3533=CARTESIAN_POINT('Ctrl Pts',(-3.45692364202526,-4.8405381844311,27.1426585153445));
#3534=CARTESIAN_POINT('Ctrl Pts',(-4.15930318428162,-4.62857756926145,26.8609485200896));
#3535=CARTESIAN_POINT('Ctrl Pts',(-4.13093833846467,-4.63573748687527,26.8734742558901));
#3536=CARTESIAN_POINT('Ctrl Pts',(-4.06913201660782,-4.64820064987716,26.9001612383732));
#3537=CARTESIAN_POINT('Ctrl Pts',(-3.96054498171335,-4.6637580895066,26.9469818757684));
#3538=CARTESIAN_POINT('Ctrl Pts',(-3.83683151479753,-4.67591090370524,26.997237711428));
#3539=CARTESIAN_POINT('Ctrl Pts',(-3.70811108052069,-4.67859214011743,27.0359581477356));
#3540=CARTESIAN_POINT('Ctrl Pts',(-3.58838553991139,-4.66503966150943,27.0448370456633));
#3541=CARTESIAN_POINT('Ctrl Pts',(-3.50211490742534,-4.64595872393456,27.0303032456296));
#3542=CARTESIAN_POINT('Ctrl Pts',(-3.45692364202526,-4.63392654133418,27.0165966473678));
#3543=CARTESIAN_POINT('Ctrl Pts',(-3.90829746913697,-4.49864173948593,26.7246697136859));
#3544=CARTESIAN_POINT('Ctrl Pts',(-3.89139168491808,-4.50544004105179,26.7454102947342));
#3545=CARTESIAN_POINT('Ctrl Pts',(-3.85451112296636,-4.51837168754206,26.784862775552));
#3546=CARTESIAN_POINT('Ctrl Pts',(-3.7892960203584,-4.53452897130452,26.8341561836409));
#3547=CARTESIAN_POINT('Ctrl Pts',(-3.71498741763735,-4.54629379635367,26.8700488702315));
#3548=CARTESIAN_POINT('Ctrl Pts',(-3.63343564331795,-4.55292845316186,26.890290196087));
#3549=CARTESIAN_POINT('Ctrl Pts',(-3.54671261494951,-4.5542749968554,26.894398295491));
#3550=CARTESIAN_POINT('Ctrl Pts',(-3.48683726134584,-4.55163100048209,26.8863318658775));
#3551=CARTESIAN_POINT('Ctrl Pts',(-3.45692364202526,-4.54931306748481,26.8792602058858));
#3552=CARTESIAN_POINT('Ctrl Pts',(-3.80829683647944,-4.46952855743637,26.6358498362465));
#3553=CARTESIAN_POINT('Ctrl Pts',(-3.79484533241052,-4.47522186285245,26.6532192426007));
#3554=CARTESIAN_POINT('Ctrl Pts',(-3.76508407563138,-4.48595321553579,26.6859589626515));
#3555=CARTESIAN_POINT('Ctrl Pts',(-3.71295192751119,-4.49969346301673,26.7278783617459));
#3556=CARTESIAN_POINT('Ctrl Pts',(-3.65459679046144,-4.51074289262896,26.7615884859866));
#3557=CARTESIAN_POINT('Ctrl Pts',(-3.59143702024523,-4.51883295490763,26.7862700319216));
#3558=CARTESIAN_POINT('Ctrl Pts',(-3.52500771742432,-4.52376700821758,26.801323075918));
#3559=CARTESIAN_POINT('Ctrl Pts',(-3.47961842039765,-4.52487242064829,26.8046955206219));
#3560=CARTESIAN_POINT('Ctrl Pts',(-3.45692364202526,-4.52487242064829,26.8046955206219));
#3561=CARTESIAN_POINT('',(-3.80829683647944,-4.46952855743637,26.6358498362465));
#3562=CARTESIAN_POINT('Ctrl Pts',(-4.7780293306908,-4.77824774689785,26.9412832940777));
#3563=CARTESIAN_POINT('Ctrl Pts',(-4.69433958716574,-4.7717591298357,26.9472568754887));
#3564=CARTESIAN_POINT('Ctrl Pts',(-4.52820092435332,-4.74766792846455,26.9429821260195));
#3565=CARTESIAN_POINT('Ctrl Pts',(-4.15930318428162,-4.62857756926145,26.8609485200896));
#3566=CARTESIAN_POINT('Ctrl Pts',(-3.90829746913697,-4.49864173948593,26.7246697136859));
#3567=CARTESIAN_POINT('Ctrl Pts',(-3.80829683647944,-4.46952855743637,26.6358498362465));
#3568=CARTESIAN_POINT('',(-3.45692364202526,-4.52487242064829,26.8046955206219));
#3569=CARTESIAN_POINT('Origin',(-3.45692364202526,-4.38898802853478,26.3901329684112));
#3570=CARTESIAN_POINT('Origin',(-3.45692364202526,-5.00000000000001,26.648959258501));
#3571=CARTESIAN_POINT('Ctrl Pts',(4.77824774689783,-4.7780293306908,26.9412832940777));
#3572=CARTESIAN_POINT('Ctrl Pts',(4.7462909481027,-4.74615835615234,26.9455225871994));
#3573=CARTESIAN_POINT('Ctrl Pts',(4.68351779901819,-4.68358865010801,26.9404166503474));
#3574=CARTESIAN_POINT('Ctrl Pts',(4.58799770444193,-4.58813542471749,26.8907411715433));
#3575=CARTESIAN_POINT('Ctrl Pts',(4.4856229885763,-4.48567346809997,26.7905895636812));
#3576=CARTESIAN_POINT('Ctrl Pts',(4.36976553345826,-4.36974105603832,26.623761610972));
#3577=CARTESIAN_POINT('Ctrl Pts',(4.25482316060767,-4.25481197909903,26.3998651415702));
#3578=CARTESIAN_POINT('Ctrl Pts',(4.21617953921446,-4.21617953921446,26.2793089335863));
#3579=CARTESIAN_POINT('Ctrl Pts',(4.19421743929699,-4.19421743929699,26.2123059168889));
#3580=CARTESIAN_POINT('Ctrl Pts',(4.69434888742778,-4.77157434533919,26.9473002443217));
#3581=CARTESIAN_POINT('Ctrl Pts',(4.66680782466207,-4.74134398773652,26.9447293832861));
#3582=CARTESIAN_POINT('Ctrl Pts',(4.61203646107421,-4.68111620510345,26.9284722723905));
#3583=CARTESIAN_POINT('Ctrl Pts',(4.52628380111846,-4.58791411359883,26.8665464400142));
#3584=CARTESIAN_POINT('Ctrl Pts',(4.43206392244089,-4.48751638192316,26.7581234350032));
#3585=CARTESIAN_POINT('Ctrl Pts',(4.3250931311691,-4.37565161682779,26.5897722093332));
#3586=CARTESIAN_POINT('Ctrl Pts',(4.22510665185095,-4.27341908590897,26.3842103936045));
#3587=CARTESIAN_POINT('Ctrl Pts',(4.1882543420956,-4.24065372527094,26.2740446794233));
#3588=CARTESIAN_POINT('Ctrl Pts',(4.16527264464054,-4.22316223395344,26.2123059168889));
#3589=CARTESIAN_POINT('Ctrl Pts',(4.52812732202541,-4.74753126886978,26.9433272617293));
#3590=CARTESIAN_POINT('Ctrl Pts',(4.50796410006864,-4.71950845508589,26.9300477571283));
#3591=CARTESIAN_POINT('Ctrl Pts',(4.46585555236286,-4.66300844742163,26.8947858042794));
#3592=CARTESIAN_POINT('Ctrl Pts',(4.39452393623618,-4.57434870881266,26.8099981865075));
#3593=CARTESIAN_POINT('Ctrl Pts',(4.31354000114362,-4.47894517389552,26.6858238626688));
#3594=CARTESIAN_POINT('Ctrl Pts',(4.22753074468559,-4.38056345577248,26.5216633259198));
#3595=CARTESIAN_POINT('Ctrl Pts',(4.15811616499765,-4.30761400870166,26.3572088057418));
#3596=CARTESIAN_POINT('Ctrl Pts',(4.12539076588228,-4.28635740549724,26.2673322812356));
#3597=CARTESIAN_POINT('Ctrl Pts',(4.10090299430239,-4.27456755978269,26.2165553343668));
#3598=CARTESIAN_POINT('Ctrl Pts',(4.15949420149288,-4.62852373355493,26.8608635537116));
#3599=CARTESIAN_POINT('Ctrl Pts',(4.15092375948106,-4.60378406629277,26.8333908255325));
#3600=CARTESIAN_POINT('Ctrl Pts',(4.13305926619361,-4.55586301946567,26.7730229361715));
#3601=CARTESIAN_POINT('Ctrl Pts',(4.10605247588936,-4.48811677770916,26.6663663893735));
#3602=CARTESIAN_POINT('Ctrl Pts',(4.08094656310571,-4.42741738272964,26.5486691875116));
#3603=CARTESIAN_POINT('Ctrl Pts',(4.06034009348718,-4.38173557035561,26.4348238479001));
#3604=CARTESIAN_POINT('Ctrl Pts',(4.03983975577787,-4.35423245595351,26.3367200764657));
#3605=CARTESIAN_POINT('Ctrl Pts',(4.01120577621294,-4.3368862579838,26.2697779234701));
#3606=CARTESIAN_POINT('Ctrl Pts',(3.99069479834852,-4.32760260178383,26.235295423718));
#3607=CARTESIAN_POINT('Ctrl Pts',(3.90829746913696,-4.49864173948593,26.7246697136858));
#3608=CARTESIAN_POINT('Ctrl Pts',(3.91734646163639,-4.48955609031461,26.6969507840106));
#3609=CARTESIAN_POINT('Ctrl Pts',(3.93315410892811,-4.47157155322123,26.6420827047427));
#3610=CARTESIAN_POINT('Ctrl Pts',(3.94979551098178,-4.44525359792948,26.5617906377509));
#3611=CARTESIAN_POINT('Ctrl Pts',(3.95839170864713,-4.41961532235231,26.4835721698884));
#3612=CARTESIAN_POINT('Ctrl Pts',(3.95711012859116,-4.39448183654163,26.4068937386015));
#3613=CARTESIAN_POINT('Ctrl Pts',(3.94355607546942,-4.36950752631763,26.3307009277487));
#3614=CARTESIAN_POINT('Ctrl Pts',(3.92473910283017,-4.35292678383443,26.2801156116982));
#3615=CARTESIAN_POINT('Ctrl Pts',(3.91253320697204,-4.34478700583251,26.2552823906754));
#3616=CARTESIAN_POINT('Ctrl Pts',(3.80829683647944,-4.46952855743637,26.6358498362465));
#3617=CARTESIAN_POINT('Ctrl Pts',(3.82174834054835,-4.46383525202029,26.6184804298924));
#3618=CARTESIAN_POINT('Ctrl Pts',(3.84579279216795,-4.45179351334722,26.5817429220763));
#3619=CARTESIAN_POINT('Ctrl Pts',(3.87240774811974,-4.43220430474528,26.5219792348161));
#3620=CARTESIAN_POINT('Ctrl Pts',(3.8889239221808,-4.41156469505959,26.4590109340801));
#3621=CARTESIAN_POINT('Ctrl Pts',(3.89493992011589,-4.39037633810279,26.3943684891271));
#3622=CARTESIAN_POINT('Ctrl Pts',(3.89030948495107,-4.36915422135685,26.3296230482073));
#3623=CARTESIAN_POINT('Ctrl Pts',(3.88019999194731,-4.35532757129902,26.2874400480309));
#3624=CARTESIAN_POINT('Ctrl Pts',(3.8734509927094,-4.34857857206111,26.2668498808644));
#3625=CARTESIAN_POINT('',(4.77824774689783,-4.7780293306908,26.9412832940777));
#3626=CARTESIAN_POINT('',(4.19421743929699,-4.19421743929699,26.2123059168889));
#3627=CARTESIAN_POINT('Ctrl Pts',(4.77824774689783,-4.7780293306908,26.9412832940777));
#3628=CARTESIAN_POINT('Ctrl Pts',(4.7462909481027,-4.74615835615234,26.9455225871994));
#3629=CARTESIAN_POINT('Ctrl Pts',(4.68351779901819,-4.68358865010801,26.9404166503474));
#3630=CARTESIAN_POINT('Ctrl Pts',(4.58799770444193,-4.58813542471749,26.8907411715433));
#3631=CARTESIAN_POINT('Ctrl Pts',(4.4856229885763,-4.48567346809997,26.7905895636812));
#3632=CARTESIAN_POINT('Ctrl Pts',(4.36976553345826,-4.36974105603832,26.623761610972));
#3633=CARTESIAN_POINT('Ctrl Pts',(4.25482316060767,-4.25481197909903,26.3998651415702));
#3634=CARTESIAN_POINT('Ctrl Pts',(4.21617953921446,-4.21617953921446,26.2793089335863));
#3635=CARTESIAN_POINT('Ctrl Pts',(4.19421743929699,-4.19421743929699,26.2123059168889));
#3636=CARTESIAN_POINT('',(3.80829683647944,-4.46952855743637,26.6358498362465));
#3637=CARTESIAN_POINT('Ctrl Pts',(4.77824774689783,-4.7780293306908,26.9412832940777));
#3638=CARTESIAN_POINT('Ctrl Pts',(4.69434888742778,-4.77157434533919,26.9473002443217));
#3639=CARTESIAN_POINT('Ctrl Pts',(4.52812732202541,-4.74753126886978,26.9433272617293));
#3640=CARTESIAN_POINT('Ctrl Pts',(4.15949420149288,-4.62852373355493,26.8608635537116));
#3641=CARTESIAN_POINT('Ctrl Pts',(3.90829746913696,-4.49864173948593,26.7246697136858));
#3642=CARTESIAN_POINT('Ctrl Pts',(3.80829683647944,-4.46952855743637,26.6358498362465));
#3643=CARTESIAN_POINT('',(3.87345099270936,-4.34857857206111,26.2668498808644));
#3644=CARTESIAN_POINT('Origin',(3.45692364202523,-4.38898802853477,26.3901329684111));
#3645=CARTESIAN_POINT('Origin',(3.87345099270936,-3.87345099270939,26.4225861429852));
#3646=CARTESIAN_POINT('Ctrl Pts',(4.77824774689783,-4.7780293306908,26.9412832940777));
#3647=CARTESIAN_POINT('Ctrl Pts',(4.69434888742778,-4.77157434533919,26.9473002443217));
#3648=CARTESIAN_POINT('Ctrl Pts',(4.52812732202541,-4.74753126886978,26.9433272617293));
#3649=CARTESIAN_POINT('Ctrl Pts',(4.15949420149288,-4.62852373355493,26.8608635537116));
#3650=CARTESIAN_POINT('Ctrl Pts',(3.90829746913696,-4.49864173948593,26.7246697136858));
#3651=CARTESIAN_POINT('Ctrl Pts',(3.80829683647944,-4.46952855743637,26.6358498362465));
#3652=CARTESIAN_POINT('Ctrl Pts',(4.75087909322787,-4.80533594131468,26.9412986272757));
#3653=CARTESIAN_POINT('Ctrl Pts',(4.66782958758223,-4.79447716723924,26.9493376354958));
#3654=CARTESIAN_POINT('Ctrl Pts',(4.50146867895722,-4.7636414184701,26.9496031330883));
#3655=CARTESIAN_POINT('Ctrl Pts',(4.13101981818886,-4.63568128850367,26.8734045880936));
#3656=CARTESIAN_POINT('Ctrl Pts',(3.89139168491808,-4.50544004105178,26.7454102947342));
#3657=CARTESIAN_POINT('Ctrl Pts',(3.79484533241052,-4.47522186285245,26.6532192426007));
#3658=CARTESIAN_POINT('Ctrl Pts',(4.69027441077458,-4.854158724642,26.9457856442909));
#3659=CARTESIAN_POINT('Ctrl Pts',(4.60796876463632,-4.83634114108066,26.9571235227832));
#3660=CARTESIAN_POINT('Ctrl Pts',(4.44036577275835,-4.79321672354977,26.9647623126471));
#3661=CARTESIAN_POINT('Ctrl Pts',(4.06891013811671,-4.64814735375824,26.9001585521406));
#3662=CARTESIAN_POINT('Ctrl Pts',(3.85451112296635,-4.51837168754206,26.784862775552));
#3663=CARTESIAN_POINT('Ctrl Pts',(3.76508407563137,-4.48595321553579,26.6859589626515));
#3664=CARTESIAN_POINT('Ctrl Pts',(4.57056779522607,-4.91703450750656,26.9672430183423));
#3665=CARTESIAN_POINT('Ctrl Pts',(4.48763967513113,-4.89099607262685,26.9820704840274));
#3666=CARTESIAN_POINT('Ctrl Pts',(4.31608725345773,-4.82995767369754,26.9978140627693));
#3667=CARTESIAN_POINT('Ctrl Pts',(3.96005138761017,-4.66372448705267,26.9470851867199));
#3668=CARTESIAN_POINT('Ctrl Pts',(3.7892960203584,-4.53452897130452,26.8341561836409));
#3669=CARTESIAN_POINT('Ctrl Pts',(3.71295192751118,-4.49969346301673,26.7278783617459));
#3670=CARTESIAN_POINT('Ctrl Pts',(4.40320143035062,-4.9744391576709,27.0067212712263));
#3671=CARTESIAN_POINT('Ctrl Pts',(4.32014335604466,-4.94024587030285,27.0238198825765));
#3672=CARTESIAN_POINT('Ctrl Pts',(4.14733704822078,-4.86007883541277,27.0446704750427));
#3673=CARTESIAN_POINT('Ctrl Pts',(3.83685190640105,-4.6758991037667,26.9973096578277));
#3674=CARTESIAN_POINT('Ctrl Pts',(3.71498741763733,-4.54629379635367,26.8700488702315));
#3675=CARTESIAN_POINT('Ctrl Pts',(3.65459679046142,-4.51074289262896,26.7615884859866));
#3676=CARTESIAN_POINT('Ctrl Pts',(4.15753513717962,-5.03024917492543,27.0692889428461));
#3677=CARTESIAN_POINT('Ctrl Pts',(4.07967889288019,-4.9859078334933,27.0868186778575));
#3678=CARTESIAN_POINT('Ctrl Pts',(3.92399396692326,-4.88273696409347,27.1046046076307));
#3679=CARTESIAN_POINT('Ctrl Pts',(3.70849285499603,-4.67859207971613,27.0359193256409));
#3680=CARTESIAN_POINT('Ctrl Pts',(3.63343564331793,-4.55292845316186,26.890290196087));
#3681=CARTESIAN_POINT('Ctrl Pts',(3.59143702024521,-4.51883295490763,26.7862700319216));
#3682=CARTESIAN_POINT('Ctrl Pts',(3.80898089464169,-5.07532927948023,27.1389360155598));
#3683=CARTESIAN_POINT('Ctrl Pts',(3.7624506363724,-5.01562883596772,27.1489478854973));
#3684=CARTESIAN_POINT('Ctrl Pts',(3.67666894897575,-4.88239144843899,27.1469398478062));
#3685=CARTESIAN_POINT('Ctrl Pts',(3.58820508343241,-4.66504006511732,27.0448396612858));
#3686=CARTESIAN_POINT('Ctrl Pts',(3.54671261494948,-4.5542749968554,26.894398295491));
#3687=CARTESIAN_POINT('Ctrl Pts',(3.5250077174243,-4.52376700821758,26.801323075918));
#3688=CARTESIAN_POINT('Ctrl Pts',(3.58071508839622,-5.07885496282461,27.1427020000557));
#3689=CARTESIAN_POINT('Ctrl Pts',(3.56344314785462,-5.00871760860243,27.1539035388214));
#3690=CARTESIAN_POINT('Ctrl Pts',(3.53302541121047,-4.85823064452015,27.1470880875628));
#3691=CARTESIAN_POINT('Ctrl Pts',(3.50211490742531,-4.64595872393456,27.0303032456296));
#3692=CARTESIAN_POINT('Ctrl Pts',(3.48683726134581,-4.55163100048209,26.8863318658775));
#3693=CARTESIAN_POINT('Ctrl Pts',(3.47961842039762,-4.52487242064829,26.8046955206219));
#3694=CARTESIAN_POINT('Ctrl Pts',(3.45692364202523,-5.07885496282461,27.1427020000557));
#3695=CARTESIAN_POINT('Ctrl Pts',(3.45692364202523,-5.00136888597845,27.1550771930355));
#3696=CARTESIAN_POINT('Ctrl Pts',(3.45692364202523,-4.8405381844311,27.1426585153445));
#3697=CARTESIAN_POINT('Ctrl Pts',(3.45692364202523,-4.63392654133418,27.0165966473678));
#3698=CARTESIAN_POINT('Ctrl Pts',(3.45692364202523,-4.54931306748481,26.8792602058858));
#3699=CARTESIAN_POINT('Ctrl Pts',(3.45692364202523,-4.52487242064829,26.8046955206219));
#3700=CARTESIAN_POINT('',(3.45692364202523,-5.07885496282461,27.1427020000557));
#3701=CARTESIAN_POINT('Ctrl Pts',(4.77824774689783,-4.7780293306908,26.9412832940777));
#3702=CARTESIAN_POINT('Ctrl Pts',(4.75087909322787,-4.80533594131468,26.9412986272757));
#3703=CARTESIAN_POINT('Ctrl Pts',(4.69027441077458,-4.854158724642,26.9457856442909));
#3704=CARTESIAN_POINT('Ctrl Pts',(4.57056779522607,-4.91703450750656,26.9672430183423));
#3705=CARTESIAN_POINT('Ctrl Pts',(4.40320143035062,-4.9744391576709,27.0067212712263));
#3706=CARTESIAN_POINT('Ctrl Pts',(4.15753513717962,-5.03024917492543,27.0692889428461));
#3707=CARTESIAN_POINT('Ctrl Pts',(3.80898089464169,-5.07532927948023,27.1389360155598));
#3708=CARTESIAN_POINT('Ctrl Pts',(3.58071508839622,-5.07885496282461,27.1427020000557));
#3709=CARTESIAN_POINT('Ctrl Pts',(3.45692364202523,-5.07885496282461,27.1427020000557));
#3710=CARTESIAN_POINT('',(3.45692364202523,-4.52487242064829,26.8046955206219));
#3711=CARTESIAN_POINT('Origin',(3.45692364202523,-5.00000000000001,26.648959258501));
#3712=CARTESIAN_POINT('Origin',(3.45692364202523,-4.38898802853477,26.3901329684111));
#3713=CARTESIAN_POINT('Ctrl Pts',(4.77824774689783,-4.7780293306908,26.9412832940777));
#3714=CARTESIAN_POINT('Ctrl Pts',(4.75087909322787,-4.80533594131468,26.9412986272757));
#3715=CARTESIAN_POINT('Ctrl Pts',(4.69027441077458,-4.854158724642,26.9457856442909));
#3716=CARTESIAN_POINT('Ctrl Pts',(4.57056779522607,-4.91703450750656,26.9672430183423));
#3717=CARTESIAN_POINT('Ctrl Pts',(4.40320143035062,-4.9744391576709,27.0067212712263));
#3718=CARTESIAN_POINT('Ctrl Pts',(4.15753513717962,-5.03024917492543,27.0692889428461));
#3719=CARTESIAN_POINT('Ctrl Pts',(3.80898089464169,-5.07532927948023,27.1389360155598));
#3720=CARTESIAN_POINT('Ctrl Pts',(3.58071508839622,-5.07885496282461,27.1427020000557));
#3721=CARTESIAN_POINT('Ctrl Pts',(3.45692364202523,-5.07885496282461,27.1427020000557));
#3722=CARTESIAN_POINT('Ctrl Pts',(4.78473636395998,-4.86171907421586,26.9353097126668));
#3723=CARTESIAN_POINT('Ctrl Pts',(4.7551673447883,-4.8835889796945,26.937569240193));
#3724=CARTESIAN_POINT('Ctrl Pts',(4.69022600989725,-4.92417457071219,26.9459506152548));
#3725=CARTESIAN_POINT('Ctrl Pts',(4.5633068628775,-4.98013769647227,26.9720752603689));
#3726=CARTESIAN_POINT('Ctrl Pts',(4.38798177377613,-5.03506779689576,27.0145254304147));
#3727=CARTESIAN_POINT('Ctrl Pts',(4.13500148725131,-5.0913231416738,27.075806755689));
#3728=CARTESIAN_POINT('Ctrl Pts',(3.79808613671992,-5.13715728956537,27.1325946397163));
#3729=CARTESIAN_POINT('Ctrl Pts',(3.57853507978631,-5.1489923170468,27.13150046129));
#3730=CARTESIAN_POINT('Ctrl Pts',(3.45692364202523,-5.15634103967078,27.1303268070759));
#3731=CARTESIAN_POINT('Ctrl Pts',(4.78132480292463,-5.01970924809498,26.9053482777986));
#3732=CARTESIAN_POINT('Ctrl Pts',(4.74855780032491,-5.03433004871792,26.9128720153191));
#3733=CARTESIAN_POINT('Ctrl Pts',(4.67630945107091,-5.06405330402686,26.9309282473363));
#3734=CARTESIAN_POINT('Ctrl Pts',(4.5349013712728,-5.11306865302295,26.9681199086373));
#3735=CARTESIAN_POINT('Ctrl Pts',(4.34201236288243,-5.16747493902947,27.0153962725952));
#3736=CARTESIAN_POINT('Ctrl Pts',(4.08038686009312,-5.22286274132267,27.0665170657418));
#3737=CARTESIAN_POINT('Ctrl Pts',(3.77534606782978,-5.26730305441681,27.0928883299132));
#3738=CARTESIAN_POINT('Ctrl Pts',(3.57094152781412,-5.28987050517624,27.0781514890044));
#3739=CARTESIAN_POINT('Ctrl Pts',(3.45692364202523,-5.30530316660588,27.0684315499492));
#3740=CARTESIAN_POINT('Ctrl Pts',(4.76290948601354,-5.32223991961175,26.785693319102));
#3741=CARTESIAN_POINT('Ctrl Pts',(4.72021164472276,-5.332337033972,26.8011098861578));
#3742=CARTESIAN_POINT('Ctrl Pts',(4.62549662325183,-5.35322237837183,26.8320556628163));
#3743=CARTESIAN_POINT('Ctrl Pts',(4.44727997848552,-5.38335665547979,26.8770264896076));
#3744=CARTESIAN_POINT('Ctrl Pts',(4.22902064285444,-5.40900963417771,26.9158055499137));
#3745=CARTESIAN_POINT('Ctrl Pts',(3.98090603714047,-5.42804849967622,26.937158867214));
#3746=CARTESIAN_POINT('Ctrl Pts',(3.72341322320712,-5.44242841180233,26.9280804401292));
#3747=CARTESIAN_POINT('Ctrl Pts',(3.54500449359515,-5.4552077232505,26.9010592195687));
#3748=CARTESIAN_POINT('Ctrl Pts',(3.45692364202523,-5.4623721380776,26.8842867595754));
#3749=CARTESIAN_POINT('Ctrl Pts',(4.65420909631653,-5.50000000000001,26.556188955535));
#3750=CARTESIAN_POINT('Ctrl Pts',(4.60262448236215,-5.50000000000001,26.5824084593086));
#3751=CARTESIAN_POINT('Ctrl Pts',(4.49127185537455,-5.50000000000001,26.6311992073271));
#3752=CARTESIAN_POINT('Ctrl Pts',(4.30033106868593,-5.50000000000001,26.6903251062377));
#3753=CARTESIAN_POINT('Ctrl Pts',(4.09099931784622,-5.50000000000001,26.7314528428744));
#3754=CARTESIAN_POINT('Ctrl Pts',(3.87332100894906,-5.50000000000001,26.750765002635));
#3755=CARTESIAN_POINT('Ctrl Pts',(3.65737110279494,-5.50000000000001,26.7480425625831));
#3756=CARTESIAN_POINT('Ctrl Pts',(3.52146557314694,-5.50000000000001,26.7348691791239));
#3757=CARTESIAN_POINT('Ctrl Pts',(3.45692364202522,-5.50000000000001,26.7274273252945));
#3758=CARTESIAN_POINT('Ctrl Pts',(4.56509198233408,-5.50000000000001,26.4022742300936));
#3759=CARTESIAN_POINT('Ctrl Pts',(4.5099756504536,-5.50000000000001,26.4354234377047));
#3760=CARTESIAN_POINT('Ctrl Pts',(4.39164520226129,-5.50000000000001,26.4953027320509));
#3761=CARTESIAN_POINT('Ctrl Pts',(4.19821575007541,-5.50000000000001,26.5642325551225));
#3762=CARTESIAN_POINT('Ctrl Pts',(3.9989322350655,-5.50000000000001,26.6116400075565));
#3763=CARTESIAN_POINT('Ctrl Pts',(3.80369642319666,-5.50000000000001,26.6385581243434));
#3764=CARTESIAN_POINT('Ctrl Pts',(3.61988433886046,-5.50000000000001,26.6488533684635));
#3765=CARTESIAN_POINT('Ctrl Pts',(3.50905121020591,-5.50000000000001,26.648959258501));
#3766=CARTESIAN_POINT('Ctrl Pts',(3.45692364202522,-5.50000000000001,26.648959258501));
#3767=CARTESIAN_POINT('',(4.56509198233408,-5.50000000000001,26.4022742300936));
#3768=CARTESIAN_POINT('Ctrl Pts',(4.77824774689783,-4.7780293306908,26.9412832940777));
#3769=CARTESIAN_POINT('Ctrl Pts',(4.78064670006259,-4.8089708661774,26.9390747584385));
#3770=CARTESIAN_POINT('Ctrl Pts',(4.78202614471358,-4.8394043866124,26.9356154112107));
#3771=CARTESIAN_POINT('Ctrl Pts',(4.78264029527266,-4.87005231771621,26.9306875963675));
#3772=CARTESIAN_POINT('Ctrl Pts',(4.78335525525951,-4.9057309377142,26.9249509078904));
#3773=CARTESIAN_POINT('Ctrl Pts',(4.78303417753115,-4.9417009407952,26.917224379339));
#3774=CARTESIAN_POINT('Ctrl Pts',(4.78211125204093,-4.97913104786642,26.9072224299085));
#3775=CARTESIAN_POINT('Ctrl Pts',(4.78168705815689,-4.99633462785963,26.9026253461548));
#3776=CARTESIAN_POINT('Ctrl Pts',(4.78113602058845,-5.01384692895769,26.8975482682671));
#3777=CARTESIAN_POINT('Ctrl Pts',(4.78050090260886,-5.03178234173745,26.8919668051367));
#3778=CARTESIAN_POINT('Ctrl Pts',(4.77933047166818,-5.06483472369794,26.8816809726581));
#3779=CARTESIAN_POINT('Ctrl Pts',(4.77787476984215,-5.09932436571315,26.8696784475924));
#3780=CARTESIAN_POINT('Ctrl Pts',(4.77503655627418,-5.13436956946091,26.8547967076809));
#3781=CARTESIAN_POINT('Ctrl Pts',(4.77231160632257,-5.16801623627062,26.840508848265));
#3782=CARTESIAN_POINT('Ctrl Pts',(4.76831233677494,-5.20217319680485,26.8235677778455));
#3783=CARTESIAN_POINT('Ctrl Pts',(4.76206345812142,-5.23607186007824,26.802987886957));
#3784=CARTESIAN_POINT('Ctrl Pts',(4.7570018528993,-5.26352985063323,26.7863181308347));
#3785=CARTESIAN_POINT('Ctrl Pts',(4.75046422174365,-5.29081782501361,26.7672622099959));
#3786=CARTESIAN_POINT('Ctrl Pts',(4.74192963246963,-5.31754868910906,26.7453098654259));
#3787=CARTESIAN_POINT('Ctrl Pts',(4.73290543545219,-5.34581303508972,26.7220981705178));
#3788=CARTESIAN_POINT('Ctrl Pts',(4.72164985206301,-5.37345313043637,26.695649902183));
#3789=CARTESIAN_POINT('Ctrl Pts',(4.70785072111354,-5.39831722898097,26.6659837670995));
#3790=CARTESIAN_POINT('Ctrl Pts',(4.69524026041581,-5.4210395104514,26.6388731010803));
#3791=CARTESIAN_POINT('Ctrl Pts',(4.68050667192313,-5.44144605025363,26.6090759410508));
#3792=CARTESIAN_POINT('Ctrl Pts',(4.66338661166126,-5.45791368456027,26.576586834633));
#3793=CARTESIAN_POINT('Ctrl Pts',(4.65533159051269,-5.46566173804712,26.561300647827));
#3794=CARTESIAN_POINT('Ctrl Pts',(4.64674779967091,-5.47253789076921,26.5454181671773));
#3795=CARTESIAN_POINT('Ctrl Pts',(4.6376045121254,-5.47837208422097,26.5289362656232));
#3796=CARTESIAN_POINT('Ctrl Pts',(4.62761083803677,-5.48474889646018,26.5109214376227));
#3797=CARTESIAN_POINT('Ctrl Pts',(4.61698718212804,-5.48987526011603,26.4922042946387));
#3798=CARTESIAN_POINT('Ctrl Pts',(4.60575949763401,-5.49354129638156,26.4726419708338));
#3799=CARTESIAN_POINT('Ctrl Pts',(4.59450570123978,-5.49721585864131,26.4530341514998));
#3800=CARTESIAN_POINT('Ctrl Pts',(4.58264431352586,-5.49942319535117,26.4325764726323));
#3801=CARTESIAN_POINT('Ctrl Pts',(4.57021406112467,-5.49990166124092,26.4111182291407));
#3802=CARTESIAN_POINT('Ctrl Pts',(4.56851722877934,-5.49996697579541,26.4081890012814));
#3803=CARTESIAN_POINT('Ctrl Pts',(4.56680982588623,-5.50000000000001,26.4052411284464));
#3804=CARTESIAN_POINT('Ctrl Pts',(4.56509198233408,-5.50000000000001,26.4022742300936));
#3805=CARTESIAN_POINT('',(3.45692364202523,-5.50000000000001,26.648959258501));
#3806=CARTESIAN_POINT('Ctrl Pts',(4.56509198233408,-5.50000000000001,26.4022742300936));
#3807=CARTESIAN_POINT('Ctrl Pts',(4.53058914452481,-5.50000000000001,26.4230256425096));
#3808=CARTESIAN_POINT('Ctrl Pts',(4.49450291570269,-5.50000000000001,26.4425252767527));
#3809=CARTESIAN_POINT('Ctrl Pts',(4.45716690488606,-5.50000000000001,26.460693159693));
#3810=CARTESIAN_POINT('Ctrl Pts',(4.41710228210396,-5.50000000000001,26.4801887983762));
#3811=CARTESIAN_POINT('Ctrl Pts',(4.3755978534111,-5.50000000000001,26.4981511483396));
#3812=CARTESIAN_POINT('Ctrl Pts',(4.33311302327566,-5.50000000000001,26.5145249030512));
#3813=CARTESIAN_POINT('Ctrl Pts',(4.28993527073771,-5.50000000000001,26.531165711707));
#3814=CARTESIAN_POINT('Ctrl Pts',(4.24574456798543,-5.50000000000001,26.5461664405322));
#3815=CARTESIAN_POINT('Ctrl Pts',(4.20107725792375,-5.50000000000001,26.5595041326428));
#3816=CARTESIAN_POINT('Ctrl Pts',(4.16496645171109,-5.50000000000001,26.5702868463201));
#3817=CARTESIAN_POINT('Ctrl Pts',(4.12854980531902,-5.50000000000001,26.5799807582057));
#3818=CARTESIAN_POINT('Ctrl Pts',(4.09211235344217,-5.50000000000001,26.588599639429));
#3819=CARTESIAN_POINT('Ctrl Pts',(4.05573804818191,-5.50000000000001,26.5972035840098));
#3820=CARTESIAN_POINT('Ctrl Pts',(4.01934300391149,-5.50000000000001,26.6047362103787));
#3821=CARTESIAN_POINT('Ctrl Pts',(3.98317888929178,-5.50000000000001,26.6112522442457));
#3822=CARTESIAN_POINT('Ctrl Pts',(3.94705439397319,-5.50000000000001,26.6177611395249));
#3823=CARTESIAN_POINT('Ctrl Pts',(3.91116031817677,-5.50000000000001,26.6232556551621));
#3824=CARTESIAN_POINT('Ctrl Pts',(3.87571573965739,-5.50000000000001,26.627831487812));
#3825=CARTESIAN_POINT('Ctrl Pts',(3.8403098557627,-5.50000000000001,26.632402325054));
#3826=CARTESIAN_POINT('Ctrl Pts',(3.80535248386884,-5.50000000000001,26.636056470807));
#3827=CARTESIAN_POINT('Ctrl Pts',(3.77103033820001,-5.50000000000001,26.6389305912922));
#3828=CARTESIAN_POINT('Ctrl Pts',(3.73676310790655,-5.50000000000001,26.6418001131894));
#3829=CARTESIAN_POINT('Ctrl Pts',(3.70312906570545,-5.50000000000001,26.6438920943241));
#3830=CARTESIAN_POINT('Ctrl Pts',(3.67028255771971,-5.50000000000001,26.6453838846937));
#3831=CARTESIAN_POINT('Ctrl Pts',(3.65006121371434,-5.50000000000001,26.6463022777923));
#3832=CARTESIAN_POINT('Ctrl Pts',(3.63013772995234,-5.50000000000001,26.6469940087124));
#3833=CARTESIAN_POINT('Ctrl Pts',(3.61054218845203,-5.50000000000001,26.6475082946808));
#3834=CARTESIAN_POINT('Ctrl Pts',(3.59688533258721,-5.50000000000001,26.6478667195471));
#3835=CARTESIAN_POINT('Ctrl Pts',(3.58338350693375,-5.50000000000001,26.6481389741669));
#3836=CARTESIAN_POINT('Ctrl Pts',(3.57006328882671,-5.50000000000001,26.6483438768398));
#3837=CARTESIAN_POINT('Ctrl Pts',(3.56012284321013,-5.50000000000001,26.6484967890414));
#3838=CARTESIAN_POINT('Ctrl Pts',(3.55028883075756,-5.50000000000001,26.6486122850594));
#3839=CARTESIAN_POINT('Ctrl Pts',(3.54056192336766,-5.50000000000001,26.6486991358592));
#3840=CARTESIAN_POINT('Ctrl Pts',(3.53258698420472,-5.50000000000001,26.648770343471));
#3841=CARTESIAN_POINT('Ctrl Pts',(3.52468258117362,-5.50000000000001,26.6488223150216));
#3842=CARTESIAN_POINT('Ctrl Pts',(3.51682074278236,-5.50000000000001,26.6488600661751));
#3843=CARTESIAN_POINT('Ctrl Pts',(3.50660767312575,-5.50000000000001,26.6489091075241));
#3844=CARTESIAN_POINT('Ctrl Pts',(3.49646448692532,-5.50000000000001,26.6489341081919));
#3845=CARTESIAN_POINT('Ctrl Pts',(3.48647415639878,-5.50000000000001,26.6489466473033));
#3846=CARTESIAN_POINT('Ctrl Pts',(3.48076108560809,-5.50000000000001,26.6489538179201));
#3847=CARTESIAN_POINT('Ctrl Pts',(3.4751006345278,-5.50000000000001,26.6489569272106));
#3848=CARTESIAN_POINT('Ctrl Pts',(3.4694850217562,-5.50000000000001,26.6489582589673));
#3849=CARTESIAN_POINT('Ctrl Pts',(3.46528072685418,-5.50000000000001,26.6489592560264));
#3850=CARTESIAN_POINT('Ctrl Pts',(3.46110126114138,-5.50000000000001,26.648959258501));
#3851=CARTESIAN_POINT('Ctrl Pts',(3.45692364202523,-5.50000000000001,26.648959258501));
#3852=CARTESIAN_POINT('Origin',(3.45692364202523,-5.00000000000001,26.648959258501));
#3853=CARTESIAN_POINT('Ctrl Pts',(4.77824774689783,-4.7780293306908,26.9412832940777));
#3854=CARTESIAN_POINT('Ctrl Pts',(4.78473636395998,-4.86171907421586,26.9353097126668));
#3855=CARTESIAN_POINT('Ctrl Pts',(4.78132480292463,-5.01970924809498,26.9053482777986));
#3856=CARTESIAN_POINT('Ctrl Pts',(4.76290948601354,-5.32223991961175,26.785693319102));
#3857=CARTESIAN_POINT('Ctrl Pts',(4.65420909631653,-5.50000000000001,26.556188955535));
#3858=CARTESIAN_POINT('Ctrl Pts',(4.56509198233408,-5.50000000000001,26.4022742300936));
#3859=CARTESIAN_POINT('Ctrl Pts',(4.81020454569296,-4.80990030522926,26.9370440009561));
#3860=CARTESIAN_POINT('Ctrl Pts',(4.81511763735374,-4.89126410706873,26.9248726178969));
#3861=CARTESIAN_POINT('Ctrl Pts',(4.81123573142217,-5.04555120117608,26.8851733436886));
#3862=CARTESIAN_POINT('Ctrl Pts',(4.79878395067539,-5.34110258026713,26.748117546399));
#3863=CARTESIAN_POINT('Ctrl Pts',(4.69879200853572,-5.50000000000001,26.5178767688631));
#3864=CARTESIAN_POINT('Ctrl Pts',(4.62020831421456,-5.50000000000001,26.3691250224826));
#3865=CARTESIAN_POINT('Ctrl Pts',(4.87523246017703,-4.874793366006,26.9149814852554));
#3866=CARTESIAN_POINT('Ctrl Pts',(4.87772119137698,-4.95193299252694,26.892155581365));
#3867=CARTESIAN_POINT('Ctrl Pts',(4.8743645620461,-5.09854755619153,26.8347169782772));
#3868=CARTESIAN_POINT('Ctrl Pts',(4.87107947739795,-5.37718645811514,26.6645262563114));
#3869=CARTESIAN_POINT('Ctrl Pts',(4.78531843686909,-5.50000000000001,26.435847033105));
#3870=CARTESIAN_POINT('Ctrl Pts',(4.72236579430929,-5.50000000000001,26.2963618855541));
#3871=CARTESIAN_POINT('Ctrl Pts',(4.98071789839056,-4.98053719400507,26.8347920561479));
#3872=CARTESIAN_POINT('Ctrl Pts',(4.98117005228075,-5.05085678286093,26.7990378921053));
#3873=CARTESIAN_POINT('Ctrl Pts',(4.98052937824354,-5.18389647271034,26.718067457225));
#3874=CARTESIAN_POINT('Ctrl Pts',(4.97790690432565,-5.42475444925227,26.5075188062519));
#3875=CARTESIAN_POINT('Ctrl Pts',(4.89874833758132,-5.50000000000001,26.2946314790051));
#3876=CARTESIAN_POINT('Ctrl Pts',(4.84407567840642,-5.50000000000001,26.1715473108151));
#3877=CARTESIAN_POINT('Ctrl Pts',(5.09837828625839,-5.09866019821884,26.69116011822));
#3878=CARTESIAN_POINT('Ctrl Pts',(5.09716187515966,-5.15939019952955,26.6456755823215));
#3879=CARTESIAN_POINT('Ctrl Pts',(5.09666838179941,-5.2767002508403,26.5420961523107));
#3880=CARTESIAN_POINT('Ctrl Pts',(5.07377926795284,-5.4614688899079,26.3155383453322));
#3881=CARTESIAN_POINT('Ctrl Pts',(4.98549000723593,-5.50000000000001,26.1365479933578));
#3882=CARTESIAN_POINT('Ctrl Pts',(4.92983191388742,-5.50000000000001,26.0345710746699));
#3883=CARTESIAN_POINT('Ctrl Pts',(5.23026163947247,-5.22973139132807,26.4512472505894));
#3884=CARTESIAN_POINT('Ctrl Pts',(5.22458011281416,-5.27801722456517,26.3982304773286));
#3885=CARTESIAN_POINT('Ctrl Pts',(5.21015112154405,-5.36939211854956,26.2840476959238));
#3886=CARTESIAN_POINT('Ctrl Pts',(5.13992590226314,-5.48083105702977,26.0927613441496));
#3887=CARTESIAN_POINT('Ctrl Pts',(5.03830916360772,-5.50000000000001,25.9623328100751));
#3888=CARTESIAN_POINT('Ctrl Pts',(4.98020611340354,-5.50000000000001,25.8879915182083));
#3889=CARTESIAN_POINT('Ctrl Pts',(5.34840071204136,-5.3484261141433,26.0647323406079));
#3890=CARTESIAN_POINT('Ctrl Pts',(5.32698297122933,-5.37546297431481,26.0285781041444));
#3891=CARTESIAN_POINT('Ctrl Pts',(5.27590704706667,-5.42695751311944,25.9575743085081));
#3892=CARTESIAN_POINT('Ctrl Pts',(5.1571891288873,-5.48354562435781,25.8536367632321));
#3893=CARTESIAN_POINT('Ctrl Pts',(5.05499047710059,-5.50000000000001,25.7776529398772));
#3894=CARTESIAN_POINT('Ctrl Pts',(4.99980614502299,-5.50000000000001,25.7370158323603));
#3895=CARTESIAN_POINT('Ctrl Pts',(5.35355339059325,-5.35355339059329,25.7607122748873));
#3896=CARTESIAN_POINT('Ctrl Pts',(5.32562614626644,-5.3814806349201,25.7465935684603));
#3897=CARTESIAN_POINT('Ctrl Pts',(5.26117457390437,-5.43277042455147,25.7181604276888));
#3898=CARTESIAN_POINT('Ctrl Pts',(5.14045462185709,-5.48632991136409,25.6754735722842));
#3899=CARTESIAN_POINT('Ctrl Pts',(5.04777137491301,-5.50000000000001,25.6472170096644));
#3900=CARTESIAN_POINT('Ctrl Pts',(4.99999999999998,-5.50000000000001,25.6331380480587));
#3901=CARTESIAN_POINT('Ctrl Pts',(5.35355339059325,-5.35355339059328,25.581010479878));
#3902=CARTESIAN_POINT('Ctrl Pts',(5.32270003685604,-5.38440674433049,25.581010479878));
#3903=CARTESIAN_POINT('Ctrl Pts',(5.25287266827979,-5.43798700916751,25.581010479878));
#3904=CARTESIAN_POINT('Ctrl Pts',(5.13089560573654,-5.48851156277136,25.581010479878));
#3905=CARTESIAN_POINT('Ctrl Pts',(5.04363323129984,-5.50000000000001,25.581010479878));
#3906=CARTESIAN_POINT('Ctrl Pts',(4.99999999999998,-5.50000000000001,25.581010479878));
#3907=CARTESIAN_POINT('',(5.35355339059325,-5.35355339059328,25.581010479878));
#3908=CARTESIAN_POINT('Ctrl Pts',(4.77824774689783,-4.7780293306908,26.9412832940777));
#3909=CARTESIAN_POINT('Ctrl Pts',(4.81020454569296,-4.80990030522926,26.9370440009561));
#3910=CARTESIAN_POINT('Ctrl Pts',(4.87523246017703,-4.874793366006,26.9149814852554));
#3911=CARTESIAN_POINT('Ctrl Pts',(4.98071789839056,-4.98053719400507,26.8347920561479));
#3912=CARTESIAN_POINT('Ctrl Pts',(5.09837828625839,-5.09866019821884,26.69116011822));
#3913=CARTESIAN_POINT('Ctrl Pts',(5.23026163947247,-5.22973139132807,26.4512472505894));
#3914=CARTESIAN_POINT('Ctrl Pts',(5.34840071204136,-5.3484261141433,26.0647323406079));
#3915=CARTESIAN_POINT('Ctrl Pts',(5.35355339059325,-5.35355339059329,25.7607122748873));
#3916=CARTESIAN_POINT('Ctrl Pts',(5.35355339059325,-5.35355339059328,25.581010479878));
#3917=CARTESIAN_POINT('',(4.99999999999998,-5.50000000000001,25.581010479878));
#3918=CARTESIAN_POINT('Origin',(4.99999999999998,-5.00000000000001,25.581010479878));
#3919=CARTESIAN_POINT('Ctrl Pts',(4.99999999999998,-5.50000000000001,25.581010479878));
#3920=CARTESIAN_POINT('Ctrl Pts',(4.99999999999998,-5.50000000000001,25.6013447175656));
#3921=CARTESIAN_POINT('Ctrl Pts',(4.99999772737172,-5.50000000000001,25.6216744364888));
#3922=CARTESIAN_POINT('Ctrl Pts',(4.99978678339803,-5.50000000000001,25.6419238537677));
#3923=CARTESIAN_POINT('Ctrl Pts',(4.99956025923778,-5.50000000000001,25.6636688800164));
#3924=CARTESIAN_POINT('Ctrl Pts',(4.999092681914,-5.50000000000001,25.6853221732877));
#3925=CARTESIAN_POINT('Ctrl Pts',(4.99816362343404,-5.50000000000001,25.7068454802892));
#3926=CARTESIAN_POINT('Ctrl Pts',(4.99716653183025,-5.50000000000001,25.7299448966983));
#3927=CARTESIAN_POINT('Ctrl Pts',(4.99563734085355,-5.50000000000001,25.7528962658948));
#3928=CARTESIAN_POINT('Ctrl Pts',(4.99335056744639,-5.50000000000001,25.7756938791413));
#3929=CARTESIAN_POINT('Ctrl Pts',(4.99105854072878,-5.50000000000001,25.7985438644065));
#3930=CARTESIAN_POINT('Ctrl Pts',(4.98800540294268,-5.50000000000001,25.8212417843321));
#3931=CARTESIAN_POINT('Ctrl Pts',(4.98401353618857,-5.50000000000001,25.8437899832802));
#3932=CARTESIAN_POINT('Ctrl Pts',(4.98031093182133,-5.50000000000001,25.864704273521));
#3933=CARTESIAN_POINT('Ctrl Pts',(4.9758011952704,-5.50000000000001,25.8854913379092));
#3934=CARTESIAN_POINT('Ctrl Pts',(4.97038092690302,-5.50000000000001,25.9061321084427));
#3935=CARTESIAN_POINT('Ctrl Pts',(4.96504520547561,-5.50000000000001,25.9264509181674));
#3936=CARTESIAN_POINT('Ctrl Pts',(4.95882729158728,-5.50000000000001,25.9466290300039));
#3937=CARTESIAN_POINT('Ctrl Pts',(4.95166346460484,-5.50000000000001,25.9666065009333));
#3938=CARTESIAN_POINT('Ctrl Pts',(4.94308097273792,-5.50000000000001,25.9905401445282));
#3939=CARTESIAN_POINT('Ctrl Pts',(4.93314135166459,-5.50000000000001,26.0141781952576));
#3940=CARTESIAN_POINT('Ctrl Pts',(4.92177616677521,-5.50000000000001,26.0374266397395));
#3941=CARTESIAN_POINT('Ctrl Pts',(4.9100305383126,-5.50000000000001,26.0614533136456));
#3942=CARTESIAN_POINT('Ctrl Pts',(4.89676178226962,-5.50000000000001,26.0850651560165));
#3943=CARTESIAN_POINT('Ctrl Pts',(4.88193866666272,-5.50000000000001,26.1081942945214));
#3944=CARTESIAN_POINT('Ctrl Pts',(4.8671244944366,-5.50000000000001,26.1313094782884));
#3945=CARTESIAN_POINT('Ctrl Pts',(4.85075754170806,-5.50000000000001,26.1539441020791));
#3946=CARTESIAN_POINT('Ctrl Pts',(4.83285604472884,-5.50000000000001,26.1760436598));
#3947=CARTESIAN_POINT('Ctrl Pts',(4.81567393666977,-5.50000000000001,26.1972551254813));
#3948=CARTESIAN_POINT('Ctrl Pts',(4.79707820545552,-5.50000000000001,26.2179749568941));
#3949=CARTESIAN_POINT('Ctrl Pts',(4.7771316376958,-5.50000000000001,26.2381464104105));
#3950=CARTESIAN_POINT('Ctrl Pts',(4.75569742015872,-5.50000000000001,26.2598222860759));
#3951=CARTESIAN_POINT('Ctrl Pts',(4.73270296109861,-5.50000000000001,26.2808659486487));
#3952=CARTESIAN_POINT('Ctrl Pts',(4.70828766696693,-5.50000000000001,26.3011743611817));
#3953=CARTESIAN_POINT('Ctrl Pts',(4.6801394434217,-5.50000000000001,26.3245877893691));
#3954=CARTESIAN_POINT('Ctrl Pts',(4.65010509056826,-5.50000000000001,26.3470187756113));
#3955=CARTESIAN_POINT('Ctrl Pts',(4.61843877255997,-5.50000000000001,26.3683337257929));
#3956=CARTESIAN_POINT('Ctrl Pts',(4.6011285693203,-5.50000000000001,26.3799854157555));
#3957=CARTESIAN_POINT('Ctrl Pts',(4.58333121092966,-5.50000000000001,26.3913044148909));
#3958=CARTESIAN_POINT('Ctrl Pts',(4.56509198233408,-5.50000000000001,26.4022742300936));
#3959=CARTESIAN_POINT('Ctrl Pts',(4.77824774689783,-4.7780293306908,26.9412832940777));
#3960=CARTESIAN_POINT('Ctrl Pts',(4.81020454569296,-4.80990030522926,26.9370440009561));
#3961=CARTESIAN_POINT('Ctrl Pts',(4.87523246017703,-4.874793366006,26.9149814852554));
#3962=CARTESIAN_POINT('Ctrl Pts',(4.98071789839056,-4.98053719400507,26.8347920561479));
#3963=CARTESIAN_POINT('Ctrl Pts',(5.09837828625839,-5.09866019821884,26.69116011822));
#3964=CARTESIAN_POINT('Ctrl Pts',(5.23026163947247,-5.22973139132807,26.4512472505894));
#3965=CARTESIAN_POINT('Ctrl Pts',(5.34840071204136,-5.3484261141433,26.0647323406079));
#3966=CARTESIAN_POINT('Ctrl Pts',(5.35355339059325,-5.35355339059329,25.7607122748873));
#3967=CARTESIAN_POINT('Ctrl Pts',(5.35355339059325,-5.35355339059328,25.581010479878));
#3968=CARTESIAN_POINT('Ctrl Pts',(4.86214660636788,-4.78448431604241,26.9352663438337));
#3969=CARTESIAN_POINT('Ctrl Pts',(4.89171626070331,-4.81476518281917,26.9248840352));
#3970=CARTESIAN_POINT('Ctrl Pts',(4.95229847321129,-4.87721527445725,26.8922978632563));
#3971=CARTESIAN_POINT('Ctrl Pts',(5.05066415261652,-4.98099232124203,26.7992038764763));
#3972=CARTESIAN_POINT('Ctrl Pts',(5.15929832840047,-5.09747089458779,26.645297622443));
#3973=CARTESIAN_POINT('Ctrl Pts',(5.27854771790068,-5.22395823802884,26.3984758587829));
#3974=CARTESIAN_POINT('Ctrl Pts',(5.3753385257505,-5.32703037609207,26.0283948907266));
#3975=CARTESIAN_POINT('Ctrl Pts',(5.38148063492007,-5.32562614626647,25.7465935684603));
#3976=CARTESIAN_POINT('Ctrl Pts',(5.38440674433047,-5.32270003685607,25.581010479878));
#3977=CARTESIAN_POINT('Ctrl Pts',(5.01953196406325,-4.7810079039627,26.9057885720018));
#3978=CARTESIAN_POINT('Ctrl Pts',(5.04528377553414,-4.81078792042623,26.8856662168451));
#3979=CARTESIAN_POINT('Ctrl Pts',(5.09818002835093,-4.87371306360717,26.8351494480157));
#3980=CARTESIAN_POINT('Ctrl Pts',(5.18403389020026,-4.98037185010651,26.7174192487531));
#3981=CARTESIAN_POINT('Ctrl Pts',(5.27717814308133,-5.09703407574169,26.5413521620875));
#3982=CARTESIAN_POINT('Ctrl Pts',(5.36935710285598,-5.20930786124306,26.2851577430019));
#3983=CARTESIAN_POINT('Ctrl Pts',(5.42697812106635,-5.27602090725986,25.9566010286313));
#3984=CARTESIAN_POINT('Ctrl Pts',(5.43277042455143,-5.26117457390441,25.7181604276889));
#3985=CARTESIAN_POINT('Ctrl Pts',(5.43798700916748,-5.25287266827982,25.581010479878));
#3986=CARTESIAN_POINT('Ctrl Pts',(5.32237947905078,-4.76223079227864,26.7857274848038));
#3987=CARTESIAN_POINT('Ctrl Pts',(5.34127839883339,-4.79779141109602,26.7482230231333));
#3988=CARTESIAN_POINT('Ctrl Pts',(5.37740065981561,-4.86975579032284,26.6645490916386));
#3989=CARTESIAN_POINT('Ctrl Pts',(5.42479757733533,-4.97813686831003,26.5065488330792));
#3990=CARTESIAN_POINT('Ctrl Pts',(5.46136129208436,-5.07384541203229,26.3158703900979));
#3991=CARTESIAN_POINT('Ctrl Pts',(5.48083946604951,-5.13878757775379,26.0932793928364));
#3992=CARTESIAN_POINT('Ctrl Pts',(5.48354292664555,-5.15746280502924,25.8526089261772));
#3993=CARTESIAN_POINT('Ctrl Pts',(5.48632991136405,-5.14045462185712,25.6754735722842));
#3994=CARTESIAN_POINT('Ctrl Pts',(5.48851156277133,-5.13089560573656,25.581010479878));
#3995=CARTESIAN_POINT('Ctrl Pts',(5.49999999999998,-4.65333543148836,26.5564446730423));
#3996=CARTESIAN_POINT('Ctrl Pts',(5.49999999999998,-4.69743906350775,26.5182544463711));
#3997=CARTESIAN_POINT('Ctrl Pts',(5.49999999999998,-4.78390565790087,26.4357669503208));
#3998=CARTESIAN_POINT('Ctrl Pts',(5.49999999999998,-4.89977612406855,26.2932313438645));
#3999=CARTESIAN_POINT('Ctrl Pts',(5.49999999999998,-4.98448903813206,26.1377562894791));
#4000=CARTESIAN_POINT('Ctrl Pts',(5.49999999999998,-5.03779033252217,25.9618626204086));
#4001=CARTESIAN_POINT('Ctrl Pts',(5.49999999999998,-5.05508095167059,25.7773047071951));
#4002=CARTESIAN_POINT('Ctrl Pts',(5.49999999999998,-5.04777137491304,25.6472170096644));
#4003=CARTESIAN_POINT('Ctrl Pts',(5.49999999999998,-5.04363323129986,25.581010479878));
#4004=CARTESIAN_POINT('Ctrl Pts',(5.49999999999998,-4.56421831750591,26.4025299476009));
#4005=CARTESIAN_POINT('Ctrl Pts',(5.49999999999998,-4.61874318017536,26.369531248159));
#4006=CARTESIAN_POINT('Ctrl Pts',(5.49999999999998,-4.72148333744727,26.2958228208427));
#4007=CARTESIAN_POINT('Ctrl Pts',(5.49999999999998,-4.84486037843056,26.1707168717995));
#4008=CARTESIAN_POINT('Ctrl Pts',(5.49999999999998,-4.92865578844872,26.0356536303405));
#4009=CARTESIAN_POINT('Ctrl Pts',(5.49999999999998,-4.98001479142088,25.8871655255556));
#4010=CARTESIAN_POINT('Ctrl Pts',(5.49999999999998,-4.99980141592856,25.7369754330877));
#4011=CARTESIAN_POINT('Ctrl Pts',(5.49999999999998,-5.00000000000001,25.6331380480587));
#4012=CARTESIAN_POINT('Ctrl Pts',(5.49999999999998,-5.,25.581010479878));
#4013=CARTESIAN_POINT('',(5.49999999999998,-4.56421831750591,26.4025299476009));
#4014=CARTESIAN_POINT('Ctrl Pts',(4.77824774689783,-4.7780293306908,26.9412832940777));
#4015=CARTESIAN_POINT('Ctrl Pts',(4.86214660636788,-4.78448431604241,26.9352663438337));
#4016=CARTESIAN_POINT('Ctrl Pts',(5.01953196406325,-4.7810079039627,26.9057885720018));
#4017=CARTESIAN_POINT('Ctrl Pts',(5.32237947905078,-4.76223079227864,26.7857274848038));
#4018=CARTESIAN_POINT('Ctrl Pts',(5.49999999999998,-4.65333543148836,26.5564446730423));
#4019=CARTESIAN_POINT('Ctrl Pts',(5.49999999999998,-4.56421831750591,26.4025299476009));
#4020=CARTESIAN_POINT('',(5.49999999999998,-5.00000000000001,25.581010479878));
#4021=CARTESIAN_POINT('Ctrl Pts',(5.49999999999998,-4.5642183175059,26.4025299476009));
#4022=CARTESIAN_POINT('Ctrl Pts',(5.49999999999998,-4.58244320709475,26.3915001600057));
#4023=CARTESIAN_POINT('Ctrl Pts',(5.49999999999998,-4.60028536970195,26.3800619640244));
#4024=CARTESIAN_POINT('Ctrl Pts',(5.49999999999998,-4.61771320317043,26.3682386218769));
#4025=CARTESIAN_POINT('Ctrl Pts',(5.49999999999998,-4.63833072653731,26.3542513392096));
#4026=CARTESIAN_POINT('Ctrl Pts',(5.49999999999998,-4.65836766963383,26.3397256342645));
#4027=CARTESIAN_POINT('Ctrl Pts',(5.49999999999998,-4.67771084043227,26.3247411327902));
#4028=CARTESIAN_POINT('Ctrl Pts',(5.49999999999998,-4.70329987109159,26.3049181745153));
#4029=CARTESIAN_POINT('Ctrl Pts',(5.49999999999998,-4.72766902315475,26.2842968955304));
#4030=CARTESIAN_POINT('Ctrl Pts',(5.49999999999998,-4.75050175190674,26.2630915660849));
#4031=CARTESIAN_POINT('Ctrl Pts',(5.49999999999998,-4.76583595339331,26.2488503075022));
#4032=CARTESIAN_POINT('Ctrl Pts',(5.49999999999998,-4.78047581716301,26.2343463872153));
#4033=CARTESIAN_POINT('Ctrl Pts',(5.49999999999998,-4.79434671406494,26.2196263026138));
#4034=CARTESIAN_POINT('Ctrl Pts',(5.49999999999998,-4.80680551817168,26.2064047602881));
#4035=CARTESIAN_POINT('Ctrl Pts',(5.49999999999998,-4.81864341524731,26.193009187926));
#4036=CARTESIAN_POINT('Ctrl Pts',(5.49999999999998,-4.82983656168504,26.1794495849315));
#4037=CARTESIAN_POINT('Ctrl Pts',(5.49999999999998,-4.8404808420693,26.1665548893269));
#4038=CARTESIAN_POINT('Ctrl Pts',(5.49999999999998,-4.85054157514799,26.1535121944058));
#4039=CARTESIAN_POINT('Ctrl Pts',(5.49999999999998,-4.86003429950698,26.1403024831471));
#4040=CARTESIAN_POINT('Ctrl Pts',(5.49999999999998,-4.87047117341538,26.125778929575));
#4041=CARTESIAN_POINT('Ctrl Pts',(5.49999999999998,-4.8802271016443,26.1110466466845));
#4042=CARTESIAN_POINT('Ctrl Pts',(5.49999999999998,-4.8893512397772,26.0960709080446));
#4043=CARTESIAN_POINT('Ctrl Pts',(5.49999999999998,-4.89914713823649,26.0799925877766));
#4044=CARTESIAN_POINT('Ctrl Pts',(5.49999999999998,-4.90821441292495,26.0636342018733));
#4045=CARTESIAN_POINT('Ctrl Pts',(5.49999999999998,-4.91658581458204,26.0470110228485));
#4046=CARTESIAN_POINT('Ctrl Pts',(5.49999999999998,-4.92674321755096,26.02684136251));
#4047=CARTESIAN_POINT('Ctrl Pts',(5.49999999999998,-4.93587523543936,26.0062827111713));
#4048=CARTESIAN_POINT('Ctrl Pts',(5.49999999999998,-4.94401008978075,25.9854359665817));
#4049=CARTESIAN_POINT('Ctrl Pts',(5.49999999999998,-4.95297287454138,25.962467530163));
#4050=CARTESIAN_POINT('Ctrl Pts',(5.49999999999998,-4.96072180930608,25.9391544457228));
#4051=CARTESIAN_POINT('Ctrl Pts',(5.49999999999998,-4.96729696189833,25.9156636847336));
#4052=CARTESIAN_POINT('Ctrl Pts',(5.49999999999998,-4.97236330640004,25.8975633766254));
#4053=CARTESIAN_POINT('Ctrl Pts',(5.49999999999998,-4.9767322700075,25.8793591487625));
#4054=CARTESIAN_POINT('Ctrl Pts',(5.49999999999998,-4.98044434271998,25.8611057917819));
#4055=CARTESIAN_POINT('Ctrl Pts',(5.49999999999998,-4.98379365622222,25.8446362288903));
#4056=CARTESIAN_POINT('Ctrl Pts',(5.49999999999998,-4.98660791308927,25.8281273036255));
#4057=CARTESIAN_POINT('Ctrl Pts',(5.49999999999998,-4.98894197126949,25.8115867828168));
#4058=CARTESIAN_POINT('Ctrl Pts',(5.49999999999998,-4.9912047264538,25.7955515573334));
#4059=CARTESIAN_POINT('Ctrl Pts',(5.49999999999998,-4.99301576917821,25.7794873513845));
#4060=CARTESIAN_POINT('Ctrl Pts',(5.49999999999998,-4.99445508857943,25.7633592543868));
#4061=CARTESIAN_POINT('Ctrl Pts',(5.49999999999998,-4.99578509917392,25.7484560022957));
#4062=CARTESIAN_POINT('Ctrl Pts',(5.49999999999998,-4.99680119459626,25.7334970199216));
#4063=CARTESIAN_POINT('Ctrl Pts',(5.49999999999998,-4.99758107103116,25.7184175959259));
#4064=CARTESIAN_POINT('Ctrl Pts',(5.49999999999998,-4.99811254703395,25.7081411577224));
#4065=CARTESIAN_POINT('Ctrl Pts',(5.49999999999998,-4.99853314387776,25.6978053130933));
#4066=CARTESIAN_POINT('Ctrl Pts',(5.49999999999998,-4.99886178569627,25.6874154202324));
#4067=CARTESIAN_POINT('Ctrl Pts',(5.49999999999998,-4.99916762268766,25.6777464937765));
#4068=CARTESIAN_POINT('Ctrl Pts',(5.49999999999998,-4.99939341188404,25.6680297511399));
#4069=CARTESIAN_POINT('Ctrl Pts',(5.49999999999998,-4.9995580490754,25.6583232368931));
#4070=CARTESIAN_POINT('Ctrl Pts',(5.49999999999998,-4.9996999025149,25.6499599842161));
#4071=CARTESIAN_POINT('Ctrl Pts',(5.49999999999998,-4.99979667521513,25.6416108488292));
#4072=CARTESIAN_POINT('Ctrl Pts',(5.49999999999998,-4.99986232182751,25.6332703229614));
#4073=CARTESIAN_POINT('Ctrl Pts',(5.49999999999998,-4.99993067241962,25.6245862513707));
#4074=CARTESIAN_POINT('Ctrl Pts',(5.49999999999998,-4.99996527554136,25.6159066386457));
#4075=CARTESIAN_POINT('Ctrl Pts',(5.49999999999998,-4.99998260733813,25.6072006108255));
#4076=CARTESIAN_POINT('Ctrl Pts',(5.49999999999998,-4.99999755467719,25.5996923327518));
#4077=CARTESIAN_POINT('Ctrl Pts',(5.49999999999998,-4.99999966796117,25.5921620025449));
#4078=CARTESIAN_POINT('Ctrl Pts',(5.49999999999998,-4.99999995430033,25.5846201633897));
#4079=CARTESIAN_POINT('Ctrl Pts',(5.49999999999998,-4.99999999997827,25.583417059849));
#4080=CARTESIAN_POINT('Ctrl Pts',(5.49999999999998,-5.00000000000001,25.5822137718029));
#4081=CARTESIAN_POINT('Ctrl Pts',(5.49999999999998,-5.00000000000001,25.581010479878));
#4082=CARTESIAN_POINT('Origin',(4.99999999999998,-5.00000000000001,25.581010479878));
#4083=CARTESIAN_POINT('Ctrl Pts',(4.77824774689783,-4.7780293306908,26.9412832940777));
#4084=CARTESIAN_POINT('Ctrl Pts',(4.86214660636788,-4.78448431604241,26.9352663438337));
#4085=CARTESIAN_POINT('Ctrl Pts',(5.01953196406325,-4.7810079039627,26.9057885720018));
#4086=CARTESIAN_POINT('Ctrl Pts',(5.32237947905078,-4.76223079227864,26.7857274848038));
#4087=CARTESIAN_POINT('Ctrl Pts',(5.49999999999998,-4.65333543148836,26.5564446730423));
#4088=CARTESIAN_POINT('Ctrl Pts',(5.49999999999998,-4.56421831750591,26.4025299476009));
#4089=CARTESIAN_POINT('Ctrl Pts',(4.80561640056779,-4.75072272006692,26.9412679608798));
#4090=CARTESIAN_POINT('Ctrl Pts',(4.88398406047023,-4.75499033830005,26.9375514024821));
#4091=CARTESIAN_POINT('Ctrl Pts',(5.0341271140964,-4.74834052158142,26.9132549270768));
#4092=CARTESIAN_POINT('Ctrl Pts',(5.33247092572461,-4.71980269475996,26.8010950641537));
#4093=CARTESIAN_POINT('Ctrl Pts',(5.49999999999998,-4.60223009773379,26.5825422168153));
#4094=CARTESIAN_POINT('Ctrl Pts',(5.49999999999998,-4.50969345483645,26.4355286470428));
#4095=CARTESIAN_POINT('Ctrl Pts',(4.85444771559655,-4.69038108486136,26.9456733284018));
#4096=CARTESIAN_POINT('Ctrl Pts',(4.92441431112197,-4.6903643689708,26.9458989754052));
#4097=CARTESIAN_POINT('Ctrl Pts',(5.06387964419012,-4.67652259498258,26.9310199896045));
#4098=CARTESIAN_POINT('Ctrl Pts',(5.35332530797874,-4.62625360880254,26.8315333870908));
#4099=CARTESIAN_POINT('Ctrl Pts',(5.49999999999998,-4.49301995671226,26.6302803568251));
#4100=CARTESIAN_POINT('Ctrl Pts',(5.49999999999998,-4.39358329839808,26.4941274904102));
#4101=CARTESIAN_POINT('Ctrl Pts',(4.91718806364296,-4.57099054600851,26.9669545959259));
#4102=CARTESIAN_POINT('Ctrl Pts',(4.98020138809837,-4.56378485822978,26.9717925528392));
#4103=CARTESIAN_POINT('Ctrl Pts',(5.11298221479116,-4.53549956715771,26.9677067323587));
#4104=CARTESIAN_POINT('Ctrl Pts',(5.38340980613038,-4.44796136564105,26.8760252960361));
#4105=CARTESIAN_POINT('Ctrl Pts',(5.49999999999998,-4.29929217552999,26.6895945908033));
#4106=CARTESIAN_POINT('Ctrl Pts',(5.49999999999998,-4.19586181812275,26.5639590918781));
#4107=CARTESIAN_POINT('Ctrl Pts',(4.97447750820485,-4.40232986721039,27.0066436922445));
#4108=CARTESIAN_POINT('Ctrl Pts',(5.03505543571766,-4.38689383902408,27.0144686919576));
#4109=CARTESIAN_POINT('Ctrl Pts',(5.16745423294476,-4.34037721061482,27.0152996041158));
#4110=CARTESIAN_POINT('Ctrl Pts',(5.40902708669226,-4.22542809676624,26.916033086568));
#4111=CARTESIAN_POINT('Ctrl Pts',(5.49999999999998,-4.08801248065665,26.7320301414718));
#4112=CARTESIAN_POINT('Ctrl Pts',(5.49999999999998,-3.99806749637866,26.611953801124));
#4113=CARTESIAN_POINT('Ctrl Pts',(5.03024168468334,-4.15738055957428,27.069504331601));
#4114=CARTESIAN_POINT('Ctrl Pts',(5.09130720050356,-4.13499384276328,27.0760189424192));
#4115=CARTESIAN_POINT('Ctrl Pts',(5.22286731157036,-4.08083757530381,27.0666861310919));
#4116=CARTESIAN_POINT('Ctrl Pts',(5.42804929074736,-3.98374524903629,26.9369816961669));
#4117=CARTESIAN_POINT('Ctrl Pts',(5.49999999999998,-3.87694943722283,26.7501084158028));
#4118=CARTESIAN_POINT('Ctrl Pts',(5.49999999999998,-3.80584704365815,26.6378831823742));
#4119=CARTESIAN_POINT('Ctrl Pts',(5.07532746231772,-3.80885510930877,27.1385349690405));
#4120=CARTESIAN_POINT('Ctrl Pts',(5.13715751580094,-3.79777890278264,27.1321355527422));
#4121=CARTESIAN_POINT('Ctrl Pts',(5.26730402264303,-3.77447252190328,27.09231120846));
#4122=CARTESIAN_POINT('Ctrl Pts',(5.44242778162384,-3.72037097236721,26.927532284926));
#4123=CARTESIAN_POINT('Ctrl Pts',(5.49999999999998,-3.65308771764147,26.7477904954033));
#4124=CARTESIAN_POINT('Ctrl Pts',(5.49999999999998,-3.61593229443384,26.6487123816497));
#4125=CARTESIAN_POINT('Ctrl Pts',(5.07885496282458,-3.58071508839624,27.1427020000557));
#4126=CARTESIAN_POINT('Ctrl Pts',(5.14899231704677,-3.57853507978633,27.13150046129));
#4127=CARTESIAN_POINT('Ctrl Pts',(5.2898705051762,-3.57094152781414,27.0781514890044));
#4128=CARTESIAN_POINT('Ctrl Pts',(5.45520772325047,-3.54500449359517,26.9010592195686));
#4129=CARTESIAN_POINT('Ctrl Pts',(5.49999999999998,-3.52146557314696,26.7348691791239));
#4130=CARTESIAN_POINT('Ctrl Pts',(5.49999999999998,-3.50905121020592,26.648959258501));
#4131=CARTESIAN_POINT('Ctrl Pts',(5.07885496282458,-3.45692364202524,27.1427020000557));
#4132=CARTESIAN_POINT('Ctrl Pts',(5.15634103967075,-3.45692364202524,27.1303268070759));
#4133=CARTESIAN_POINT('Ctrl Pts',(5.30530316660585,-3.45692364202524,27.0684315499492));
#4134=CARTESIAN_POINT('Ctrl Pts',(5.46237213807756,-3.45692364202524,26.8842867595754));
#4135=CARTESIAN_POINT('Ctrl Pts',(5.49999999999998,-3.45692364202524,26.7274273252944));
#4136=CARTESIAN_POINT('Ctrl Pts',(5.49999999999998,-3.45692364202524,26.648959258501));
#4137=CARTESIAN_POINT('',(5.07885496282458,-3.45692364202524,27.1427020000557));
#4138=CARTESIAN_POINT('Ctrl Pts',(4.77824774689783,-4.7780293306908,26.9412832940777));
#4139=CARTESIAN_POINT('Ctrl Pts',(4.80561640056779,-4.75072272006692,26.9412679608798));
#4140=CARTESIAN_POINT('Ctrl Pts',(4.85444771559655,-4.69038108486136,26.9456733284018));
#4141=CARTESIAN_POINT('Ctrl Pts',(4.91718806364296,-4.57099054600851,26.9669545959259));
#4142=CARTESIAN_POINT('Ctrl Pts',(4.97447750820485,-4.40232986721039,27.0066436922445));
#4143=CARTESIAN_POINT('Ctrl Pts',(5.03024168468334,-4.15738055957428,27.069504331601));
#4144=CARTESIAN_POINT('Ctrl Pts',(5.07532746231772,-3.80885510930877,27.1385349690405));
#4145=CARTESIAN_POINT('Ctrl Pts',(5.07885496282458,-3.58071508839624,27.1427020000557));
#4146=CARTESIAN_POINT('Ctrl Pts',(5.07885496282458,-3.45692364202524,27.1427020000557));
#4147=CARTESIAN_POINT('',(5.49999999999998,-3.45692364202524,26.648959258501));
#4148=CARTESIAN_POINT('Origin',(4.99999999999998,-3.45692364202524,26.648959258501));
#4149=CARTESIAN_POINT('Ctrl Pts',(5.49999999999998,-3.45692364202524,26.648959258501));
#4150=CARTESIAN_POINT('Ctrl Pts',(5.49999999999998,-3.46925027751405,26.648959258501));
#4151=CARTESIAN_POINT('Ctrl Pts',(5.49999999999998,-3.48158150978334,26.6489588253405));
#4152=CARTESIAN_POINT('Ctrl Pts',(5.49999999999998,-3.49404368555624,26.6489291287656));
#4153=CARTESIAN_POINT('Ctrl Pts',(5.49999999999998,-3.50704182064239,26.6488981550337));
#4154=CARTESIAN_POINT('Ctrl Pts',(5.49999999999998,-3.52018216082837,26.6488353652573));
#4155=CARTESIAN_POINT('Ctrl Pts',(5.49999999999998,-3.53355003347,26.6487135536399));
#4156=CARTESIAN_POINT('Ctrl Pts',(5.49999999999998,-3.54764681493073,26.6485851000111));
#4157=CARTESIAN_POINT('Ctrl Pts',(5.49999999999998,-3.56199630258112,26.6483910358837));
#4158=CARTESIAN_POINT('Ctrl Pts',(5.49999999999998,-3.57663958268341,26.6481051418551));
#4159=CARTESIAN_POINT('Ctrl Pts',(5.49999999999998,-3.59237218402406,26.6477979800207));
#4160=CARTESIAN_POINT('Ctrl Pts',(5.49999999999998,-3.60844346471269,26.6473848493177));
#4161=CARTESIAN_POINT('Ctrl Pts',(5.49999999999998,-3.6248438285252,26.6468392173482));
#4162=CARTESIAN_POINT('Ctrl Pts',(5.49999999999998,-3.64334810622088,26.6462235892073));
#4163=CARTESIAN_POINT('Ctrl Pts',(5.49999999999998,-3.66227060945344,26.6454393254045));
#4164=CARTESIAN_POINT('Ctrl Pts',(5.49999999999998,-3.68153147016632,26.6444551768474));
#4165=CARTESIAN_POINT('Ctrl Pts',(5.49999999999998,-3.71713249629699,26.6426361149156));
#4166=CARTESIAN_POINT('Ctrl Pts',(5.49999999999998,-3.75388527578461,26.6401337576103));
#4167=CARTESIAN_POINT('Ctrl Pts',(5.49999999999998,-3.79103956407555,26.6367824547227));
#4168=CARTESIAN_POINT('Ctrl Pts',(5.49999999999998,-3.81070518414803,26.6350086231579));
#4169=CARTESIAN_POINT('Ctrl Pts',(5.49999999999998,-3.83048077181503,26.6329973969128));
#4170=CARTESIAN_POINT('Ctrl Pts',(5.49999999999998,-3.85028064888725,26.6307234530963));
#4171=CARTESIAN_POINT('Ctrl Pts',(5.49999999999998,-3.86797912059911,26.6286908480369));
#4172=CARTESIAN_POINT('Ctrl Pts',(5.49999999999998,-3.88569633585123,26.6264484037794));
#4173=CARTESIAN_POINT('Ctrl Pts',(5.49999999999998,-3.90340928113725,26.6239753784059));
#4174=CARTESIAN_POINT('Ctrl Pts',(5.49999999999998,-3.9202079036328,26.6216300078873));
#4175=CARTESIAN_POINT('Ctrl Pts',(5.49999999999998,-3.93700210231311,26.619077302712));
#4176=CARTESIAN_POINT('Ctrl Pts',(5.49999999999998,-3.95381737288975,26.6162961537966));
#4177=CARTESIAN_POINT('Ctrl Pts',(5.49999999999998,-3.97200180465889,26.6132885535049));
#4178=CARTESIAN_POINT('Ctrl Pts',(5.49999999999998,-3.99021967175098,26.6100121894441));
#4179=CARTESIAN_POINT('Ctrl Pts',(5.49999999999998,-4.00852688270664,26.606443020448));
#4180=CARTESIAN_POINT('Ctrl Pts',(5.49999999999998,-4.02756835520502,26.6027307000162));
#4181=CARTESIAN_POINT('Ctrl Pts',(5.49999999999998,-4.04670609334851,26.5987017580639));
#4182=CARTESIAN_POINT('Ctrl Pts',(5.49999999999998,-4.06594586985494,26.5943457623611));
#4183=CARTESIAN_POINT('Ctrl Pts',(5.49999999999998,-4.08670967831967,26.5896447170857));
#4184=CARTESIAN_POINT('Ctrl Pts',(5.49999999999998,-4.10759183521499,26.5845629218993));
#4185=CARTESIAN_POINT('Ctrl Pts',(5.49999999999998,-4.12854130423156,26.5791038456575));
#4186=CARTESIAN_POINT('Ctrl Pts',(5.49999999999998,-4.15282633348286,26.5727755790025));
#4187=CARTESIAN_POINT('Ctrl Pts',(5.49999999999998,-4.17720105824222,26.5659406144811));
#4188=CARTESIAN_POINT('Ctrl Pts',(5.49999999999998,-4.20151919762838,26.5586225258312));
#4189=CARTESIAN_POINT('Ctrl Pts',(5.49999999999998,-4.23409207611569,26.5488203280329));
#4190=CARTESIAN_POINT('Ctrl Pts',(5.49999999999998,-4.26655847254261,26.5381531818547));
#4191=CARTESIAN_POINT('Ctrl Pts',(5.49999999999998,-4.29849188182296,26.5266935849534));
#4192=CARTESIAN_POINT('Ctrl Pts',(5.49999999999998,-4.32244193878321,26.5180988872774));
#4193=CARTESIAN_POINT('Ctrl Pts',(5.49999999999998,-4.3460890181992,26.5090592430794));
#4194=CARTESIAN_POINT('Ctrl Pts',(5.49999999999998,-4.36927886558501,26.4995942629514));
#4195=CARTESIAN_POINT('Ctrl Pts',(5.49999999999998,-4.38861131554627,26.4917036868874));
#4196=CARTESIAN_POINT('Ctrl Pts',(5.49999999999998,-4.40762563769769,26.4835175704105));
#4197=CARTESIAN_POINT('Ctrl Pts',(5.49999999999998,-4.42626838206661,26.4750348141248));
#4198=CARTESIAN_POINT('Ctrl Pts',(5.49999999999998,-4.44394336438257,26.4669924055409));
#4199=CARTESIAN_POINT('Ctrl Pts',(5.49999999999998,-4.46128376261465,26.4586835254247));
#4200=CARTESIAN_POINT('Ctrl Pts',(5.49999999999998,-4.47828630320872,26.4500931599675));
#4201=CARTESIAN_POINT('Ctrl Pts',(5.49999999999998,-4.49735270959596,26.4404600467327));
#4202=CARTESIAN_POINT('Ctrl Pts',(5.49999999999998,-4.51599899644493,26.4304702557805));
#4203=CARTESIAN_POINT('Ctrl Pts',(5.49999999999998,-4.53427349784618,26.420089799193));
#4204=CARTESIAN_POINT('Ctrl Pts',(5.49999999999998,-4.54436883612061,26.4143553488574));
#4205=CARTESIAN_POINT('Ctrl Pts',(5.49999999999998,-4.55435003871224,26.4085022756358));
#4206=CARTESIAN_POINT('Ctrl Pts',(5.49999999999998,-4.5642183175059,26.4025299476009));
#4207=CARTESIAN_POINT('Ctrl Pts',(4.77824774689783,-4.7780293306908,26.9412832940777));
#4208=CARTESIAN_POINT('Ctrl Pts',(4.80561640056779,-4.75072272006692,26.9412679608798));
#4209=CARTESIAN_POINT('Ctrl Pts',(4.85444771559655,-4.69038108486136,26.9456733284018));
#4210=CARTESIAN_POINT('Ctrl Pts',(4.91718806364296,-4.57099054600851,26.9669545959259));
#4211=CARTESIAN_POINT('Ctrl Pts',(4.97447750820485,-4.40232986721039,27.0066436922445));
#4212=CARTESIAN_POINT('Ctrl Pts',(5.03024168468334,-4.15738055957428,27.069504331601));
#4213=CARTESIAN_POINT('Ctrl Pts',(5.07532746231772,-3.80885510930877,27.1385349690405));
#4214=CARTESIAN_POINT('Ctrl Pts',(5.07885496282458,-3.58071508839624,27.1427020000557));
#4215=CARTESIAN_POINT('Ctrl Pts',(5.07885496282458,-3.45692364202524,27.1427020000557));
#4216=CARTESIAN_POINT('Ctrl Pts',(4.77175912983568,-4.69433958716574,26.9472568754887));
#4217=CARTESIAN_POINT('Ctrl Pts',(4.79470683335061,-4.66796148958833,26.949212221508));
#4218=CARTESIAN_POINT('Ctrl Pts',(4.8365912318006,-4.60846135907161,26.9567841939099));
#4219=CARTESIAN_POINT('Ctrl Pts',(4.89115282257429,-4.4877641230664,26.9817589074466));
#4220=CARTESIAN_POINT('Ctrl Pts',(4.94029990712494,-4.31872457532322,27.0239678552407));
#4221=CARTESIAN_POINT('Ctrl Pts',(4.98590786568406,-4.08058081473773,27.0868594717196));
#4222=CARTESIAN_POINT('Ctrl Pts',(5.01562649713287,-3.76151475212333,27.1486705716483));
#4223=CARTESIAN_POINT('Ctrl Pts',(5.00871760860239,-3.56344314785464,27.1539035388214));
#4224=CARTESIAN_POINT('Ctrl Pts',(5.00136888597841,-3.45692364202524,27.1550771930355));
#4225=CARTESIAN_POINT('Ctrl Pts',(4.74766792846452,-4.52820092435329,26.9429821260194));
#4226=CARTESIAN_POINT('Ctrl Pts',(4.76380271800305,-4.50132675940031,26.9492980045335));
#4227=CARTESIAN_POINT('Ctrl Pts',(4.79339691992563,-4.4396303683297,26.9646543361323));
#4228=CARTESIAN_POINT('Ctrl Pts',(4.83009485435193,-4.3149428657354,26.99800203929));
#4229=CARTESIAN_POINT('Ctrl Pts',(4.86014617264282,-4.14769209653222,27.0447355985092));
#4230=CARTESIAN_POINT('Ctrl Pts',(4.88275102425524,-3.92477160714421,27.1043573971391));
#4231=CARTESIAN_POINT('Ctrl Pts',(4.88239024356701,-3.67547962943847,27.1469392310912));
#4232=CARTESIAN_POINT('Ctrl Pts',(4.85823064452012,-3.53302541121048,27.1470880875628));
#4233=CARTESIAN_POINT('Ctrl Pts',(4.84053818443107,-3.45692364202524,27.1426585153445));
#4234=CARTESIAN_POINT('Ctrl Pts',(4.62857756926142,-4.15930318428162,26.8609485200896));
#4235=CARTESIAN_POINT('Ctrl Pts',(4.63573748687524,-4.13093833846467,26.8734742558901));
#4236=CARTESIAN_POINT('Ctrl Pts',(4.64820064987714,-4.06913201660782,26.9001612383732));
#4237=CARTESIAN_POINT('Ctrl Pts',(4.66375808950657,-3.96054498171334,26.9469818757684));
#4238=CARTESIAN_POINT('Ctrl Pts',(4.67591090370521,-3.83683151479751,26.9972377114279));
#4239=CARTESIAN_POINT('Ctrl Pts',(4.6785921401174,-3.70811108052068,27.0359581477355));
#4240=CARTESIAN_POINT('Ctrl Pts',(4.6650396615094,-3.58838553991137,27.0448370456633));
#4241=CARTESIAN_POINT('Ctrl Pts',(4.64595872393453,-3.50211490742532,27.0303032456296));
#4242=CARTESIAN_POINT('Ctrl Pts',(4.63392654133415,-3.45692364202524,27.0165966473678));
#4243=CARTESIAN_POINT('Ctrl Pts',(4.4986417394859,-3.90829746913695,26.7246697136858));
#4244=CARTESIAN_POINT('Ctrl Pts',(4.50544004105175,-3.89139168491807,26.7454102947342));
#4245=CARTESIAN_POINT('Ctrl Pts',(4.51837168754203,-3.85451112296635,26.784862775552));
#4246=CARTESIAN_POINT('Ctrl Pts',(4.53452897130449,-3.78929602035839,26.8341561836409));
#4247=CARTESIAN_POINT('Ctrl Pts',(4.54629379635364,-3.71498741763734,26.8700488702315));
#4248=CARTESIAN_POINT('Ctrl Pts',(4.55292845316183,-3.63343564331794,26.890290196087));
#4249=CARTESIAN_POINT('Ctrl Pts',(4.55427499685536,-3.5467126149495,26.894398295491));
#4250=CARTESIAN_POINT('Ctrl Pts',(4.55163100048206,-3.48683726134582,26.8863318658775));
#4251=CARTESIAN_POINT('Ctrl Pts',(4.54931306748477,-3.45692364202524,26.8792602058858));
#4252=CARTESIAN_POINT('Ctrl Pts',(4.46952855743634,-3.80829683647943,26.6358498362465));
#4253=CARTESIAN_POINT('Ctrl Pts',(4.47522186285242,-3.79484533241051,26.6532192426007));
#4254=CARTESIAN_POINT('Ctrl Pts',(4.48595321553576,-3.76508407563137,26.6859589626515));
#4255=CARTESIAN_POINT('Ctrl Pts',(4.4996934630167,-3.71295192751118,26.7278783617459));
#4256=CARTESIAN_POINT('Ctrl Pts',(4.51074289262893,-3.65459679046143,26.7615884859866));
#4257=CARTESIAN_POINT('Ctrl Pts',(4.5188329549076,-3.59143702024522,26.7862700319215));
#4258=CARTESIAN_POINT('Ctrl Pts',(4.52376700821755,-3.52500771742431,26.801323075918));
#4259=CARTESIAN_POINT('Ctrl Pts',(4.52487242064826,-3.47961842039764,26.8046955206218));
#4260=CARTESIAN_POINT('Ctrl Pts',(4.52487242064826,-3.45692364202524,26.8046955206218));
#4261=CARTESIAN_POINT('',(4.46952855743634,-3.80829683647943,26.6358498362465));
#4262=CARTESIAN_POINT('Ctrl Pts',(4.77824774689783,-4.7780293306908,26.9412832940777));
#4263=CARTESIAN_POINT('Ctrl Pts',(4.77175912983568,-4.69433958716574,26.9472568754887));
#4264=CARTESIAN_POINT('Ctrl Pts',(4.74766792846452,-4.52820092435329,26.9429821260194));
#4265=CARTESIAN_POINT('Ctrl Pts',(4.62857756926142,-4.15930318428162,26.8609485200896));
#4266=CARTESIAN_POINT('Ctrl Pts',(4.4986417394859,-3.90829746913695,26.7246697136858));
#4267=CARTESIAN_POINT('Ctrl Pts',(4.46952855743634,-3.80829683647943,26.6358498362465));
#4268=CARTESIAN_POINT('',(4.52487242064826,-3.45692364202524,26.8046955206218));
#4269=CARTESIAN_POINT('Origin',(4.38898802853475,-3.45692364202524,26.3901329684111));
#4270=CARTESIAN_POINT('Origin',(4.99999999999998,-3.45692364202524,26.648959258501));
#4271=CARTESIAN_POINT('Origin',(-4.44089209850063E-15,-3.33066907387547E-15,
15.8895004533422));
#4272=CARTESIAN_POINT('',(-3.33066907387547E-15,0.475127579351719,15.7337641912214));
#4273=CARTESIAN_POINT('',(0.475127579351721,-3.33066907387547E-15,15.7337641912214));
#4274=CARTESIAN_POINT('Origin',(-3.88578058618805E-15,-4.9960036108132E-15,
15.8895004533422));
#4275=CARTESIAN_POINT('',(-0.475127579351726,-2.22044604925031E-15,15.7337641912214));
#4276=CARTESIAN_POINT('Origin',(-4.44089209850063E-15,-3.33066907387547E-15,
15.8895004533422));
#4277=CARTESIAN_POINT('',(-4.47150826847931E-15,-3.33066907387547E-15,15.3895004533422));
#4278=CARTESIAN_POINT('Origin',(-4.44089209850063E-15,-3.33066907387547E-15,
15.8895004533422));
#4279=CARTESIAN_POINT('',(-3.88578058618805E-15,-0.475127579351724,15.7337641912214));
#4280=CARTESIAN_POINT('Origin',(-3.33066907387547E-15,-1.66533453693773E-15,
15.8895004533422));
#4281=CARTESIAN_POINT('Origin',(-2.77555756156289E-15,-3.88578058618805E-15,
15.8895004533422));
#4282=CARTESIAN_POINT('Origin',(-4.59863333127143,4.5986333312714,29.919229260611));
#4283=CARTESIAN_POINT('',(-5.00393284843301,5.4790604277847,31.));
#4284=CARTESIAN_POINT('',(-5.47906042778473,5.00393284843298,31.));
#4285=CARTESIAN_POINT('Origin',(-4.95288596251562,4.95288596251559,31.));
#4286=CARTESIAN_POINT('',(-5.07376091062315,4.5986333312714,29.7634929984901));
#4287=CARTESIAN_POINT('',(-4.59863333127143,5.07376091062313,29.7634929984901));
#4288=CARTESIAN_POINT('Origin',(-4.59863333127143,-4.59863333127143,29.919229260611));
#4289=CARTESIAN_POINT('',(-5.47906042778473,-5.003932848433,31.));
#4290=CARTESIAN_POINT('',(-5.00393284843301,-5.47906042778473,31.));
#4291=CARTESIAN_POINT('Origin',(-4.95288596251562,-4.95288596251561,31.));
#4292=CARTESIAN_POINT('',(-4.59863333127143,-5.07376091062315,29.7634929984901));
#4293=CARTESIAN_POINT('',(-5.07376091062316,-4.59863333127143,29.7634929984901));
#4294=CARTESIAN_POINT('Origin',(4.5986333312714,-4.59863333127143,29.919229260611));
#4295=CARTESIAN_POINT('',(5.00393284843297,-5.47906042778473,31.));
#4296=CARTESIAN_POINT('',(5.47906042778469,-5.003932848433,31.));
#4297=CARTESIAN_POINT('Origin',(4.95288596251558,-4.95288596251562,31.));
#4298=CARTESIAN_POINT('',(5.07376091062312,-4.59863333127143,29.7634929984901));
#4299=CARTESIAN_POINT('',(4.5986333312714,-5.07376091062315,29.7634929984901));
#4300=CARTESIAN_POINT('Origin',(4.5986333312714,4.5986333312714,29.919229260611));
#4301=CARTESIAN_POINT('',(5.47906042778469,5.00393284843298,31.));
#4302=CARTESIAN_POINT('',(5.00393284843297,5.4790604277847,31.));
#4303=CARTESIAN_POINT('Origin',(4.95288596251558,4.95288596251559,31.));
#4304=CARTESIAN_POINT('',(4.5986333312714,5.07376091062313,29.7634929984901));
#4305=CARTESIAN_POINT('',(5.07376091062312,4.5986333312714,29.7634929984901));
#4306=CARTESIAN_POINT('Origin',(-5.51989793651864,5.89999999999999,31.1245890096967));
#4307=CARTESIAN_POINT('',(-5.47906042778473,2.94999999999999,31.));
#4308=CARTESIAN_POINT('Origin',(5.89999999999998,5.51989793651861,31.1245890096967));
#4309=CARTESIAN_POINT('',(2.94999999999998,5.4790604277847,31.));
#4310=CARTESIAN_POINT('Ctrl Pts',(4.77824774689783,-4.7780293306908,26.9412832940777));
#4311=CARTESIAN_POINT('Ctrl Pts',(4.77175912983568,-4.69433958716574,26.9472568754887));
#4312=CARTESIAN_POINT('Ctrl Pts',(4.74766792846452,-4.52820092435329,26.9429821260194));
#4313=CARTESIAN_POINT('Ctrl Pts',(4.62857756926142,-4.15930318428162,26.8609485200896));
#4314=CARTESIAN_POINT('Ctrl Pts',(4.4986417394859,-3.90829746913695,26.7246697136858));
#4315=CARTESIAN_POINT('Ctrl Pts',(4.46952855743634,-3.80829683647943,26.6358498362465));
#4316=CARTESIAN_POINT('Ctrl Pts',(4.7462909481027,-4.74615835615234,26.9455225871994));
#4317=CARTESIAN_POINT('Ctrl Pts',(4.74146697809808,-4.66692802723051,26.9446332243123));
#4318=CARTESIAN_POINT('Ctrl Pts',(4.71961026073968,-4.50789647070575,26.9297787309318));
#4319=CARTESIAN_POINT('Ctrl Pts',(4.60382632887385,-4.1507971465439,26.8334578162904));
#4320=CARTESIAN_POINT('Ctrl Pts',(4.48955609031458,-3.91734646163638,26.6969507840106));
#4321=CARTESIAN_POINT('Ctrl Pts',(4.46383525202026,-3.82174834054835,26.6184804298924));
#4322=CARTESIAN_POINT('Ctrl Pts',(4.68351779901819,-4.68358865010801,26.9404166503474));
#4323=CARTESIAN_POINT('Ctrl Pts',(4.68109041684003,-4.61230340198776,26.9283283421051));
#4324=CARTESIAN_POINT('Ctrl Pts',(4.66302965981386,-4.46558808909366,26.8946730090659));
#4325=CARTESIAN_POINT('Ctrl Pts',(4.55588295027313,-4.13303214042266,26.7730579684275));
#4326=CARTESIAN_POINT('Ctrl Pts',(4.4715715532212,-3.93315410892811,26.6420827047427));
#4327=CARTESIAN_POINT('Ctrl Pts',(4.4517935133472,-3.84579279216794,26.5817429220762));
#4328=CARTESIAN_POINT('Ctrl Pts',(4.58799770444194,-4.58813542471749,26.8907411715433));
#4329=CARTESIAN_POINT('Ctrl Pts',(4.58779708096584,-4.52640358623036,26.8664922851851));
#4330=CARTESIAN_POINT('Ctrl Pts',(4.57428966147302,-4.39425510790553,26.8100076557632));
#4331=CARTESIAN_POINT('Ctrl Pts',(4.48811716098589,-4.10607334666289,26.6663821187064));
#4332=CARTESIAN_POINT('Ctrl Pts',(4.44525359792945,-3.94979551098177,26.5617906377509));
#4333=CARTESIAN_POINT('Ctrl Pts',(4.43220430474525,-3.87240774811973,26.5219792348161));
#4334=CARTESIAN_POINT('Ctrl Pts',(4.4856229885763,-4.48567346809997,26.7905895636812));
#4335=CARTESIAN_POINT('Ctrl Pts',(4.48744902440306,-4.4320514626209,26.7581243740719));
#4336=CARTESIAN_POINT('Ctrl Pts',(4.47888629229876,-4.3133700714416,26.6858719880383));
#4337=CARTESIAN_POINT('Ctrl Pts',(4.42741465675361,-4.08097217204482,26.5486728570973));
#4338=CARTESIAN_POINT('Ctrl Pts',(4.41961532235229,-3.95839170864712,26.4835721698884));
#4339=CARTESIAN_POINT('Ctrl Pts',(4.41156469505956,-3.88892392218079,26.4590109340801));
#4340=CARTESIAN_POINT('Ctrl Pts',(4.36976553345826,-4.36974105603832,26.623761610972));
#4341=CARTESIAN_POINT('Ctrl Pts',(4.37565354976478,-4.32504086581479,26.5897859376276));
#4342=CARTESIAN_POINT('Ctrl Pts',(4.38054461478718,-4.22747662948881,26.5216911555519));
#4343=CARTESIAN_POINT('Ctrl Pts',(4.38173644293803,-4.06035132864441,26.434821232047));
#4344=CARTESIAN_POINT('Ctrl Pts',(4.3944818365416,-3.95711012859114,26.4068937386015));
#4345=CARTESIAN_POINT('Ctrl Pts',(4.39037633810277,-3.89493992011587,26.3943684891271));
#4346=CARTESIAN_POINT('Ctrl Pts',(4.25482316060767,-4.25481197909903,26.3998651415702));
#4347=CARTESIAN_POINT('Ctrl Pts',(4.27342701051826,-4.22509876554957,26.3842118382357));
#4348=CARTESIAN_POINT('Ctrl Pts',(4.30761525976442,-4.15811884873386,26.3572088686101));
#4349=CARTESIAN_POINT('Ctrl Pts',(4.35423296550017,-4.03983970126095,26.336719135375));
#4350=CARTESIAN_POINT('Ctrl Pts',(4.36950752631761,-3.9435560754694,26.3307009277487));
#4351=CARTESIAN_POINT('Ctrl Pts',(4.36915422135682,-3.89030948495106,26.3296230482073));
#4352=CARTESIAN_POINT('Ctrl Pts',(4.21617953921446,-4.21617953921446,26.2793089335863));
#4353=CARTESIAN_POINT('Ctrl Pts',(4.24065372527093,-4.1882543420956,26.2740446794233));
#4354=CARTESIAN_POINT('Ctrl Pts',(4.28635740549722,-4.12539076588227,26.2673322812356));
#4355=CARTESIAN_POINT('Ctrl Pts',(4.33688625798378,-4.01120577621293,26.2697779234701));
#4356=CARTESIAN_POINT('Ctrl Pts',(4.35292678383441,-3.92473910283016,26.2801156116982));
#4357=CARTESIAN_POINT('Ctrl Pts',(4.355327571299,-3.8801999919473,26.2874400480309));
#4358=CARTESIAN_POINT('Ctrl Pts',(4.19421743929699,-4.19421743929699,26.2123059168889));
#4359=CARTESIAN_POINT('Ctrl Pts',(4.22316223395344,-4.16527264464054,26.2123059168889));
#4360=CARTESIAN_POINT('Ctrl Pts',(4.27456755978268,-4.10090299430239,26.2165553343668));
#4361=CARTESIAN_POINT('Ctrl Pts',(4.32760260178381,-3.99069479834851,26.235295423718));
#4362=CARTESIAN_POINT('Ctrl Pts',(4.34478700583249,-3.91253320697203,26.2552823906754));
#4363=CARTESIAN_POINT('Ctrl Pts',(4.34857857206109,-3.87345099270939,26.2668498808644));
#4364=CARTESIAN_POINT('',(4.34857857206109,-3.87345099270939,26.2668498808644));
#4365=CARTESIAN_POINT('Origin',(3.87345099270936,-3.87345099270939,26.4225861429852));
#4366=CARTESIAN_POINT('Origin',(4.38898802853475,-3.45692364202524,26.3901329684111));
#4367=CARTESIAN_POINT('Ctrl Pts',(-4.7780293306908,-4.77824774689785,26.9412832940777));
#4368=CARTESIAN_POINT('Ctrl Pts',(-4.69433958716574,-4.7717591298357,26.9472568754887));
#4369=CARTESIAN_POINT('Ctrl Pts',(-4.52820092435332,-4.74766792846455,26.9429821260195));
#4370=CARTESIAN_POINT('Ctrl Pts',(-4.15930318428162,-4.62857756926145,26.8609485200896));
#4371=CARTESIAN_POINT('Ctrl Pts',(-3.90829746913697,-4.49864173948593,26.7246697136859));
#4372=CARTESIAN_POINT('Ctrl Pts',(-3.80829683647944,-4.46952855743637,26.6358498362465));
#4373=CARTESIAN_POINT('Ctrl Pts',(-4.74615835615234,-4.74629094810273,26.9455225871994));
#4374=CARTESIAN_POINT('Ctrl Pts',(-4.6669280272305,-4.74146697809811,26.9446332243123));
#4375=CARTESIAN_POINT('Ctrl Pts',(-4.50789647070577,-4.7196102607397,26.9297787309319));
#4376=CARTESIAN_POINT('Ctrl Pts',(-4.1507971465439,-4.60382632887388,26.8334578162905));
#4377=CARTESIAN_POINT('Ctrl Pts',(-3.91734646163639,-4.48955609031461,26.6969507840107));
#4378=CARTESIAN_POINT('Ctrl Pts',(-3.82174834054836,-4.46383525202029,26.6184804298924));
#4379=CARTESIAN_POINT('Ctrl Pts',(-4.68358865010801,-4.68351779901822,26.9404166503474));
#4380=CARTESIAN_POINT('Ctrl Pts',(-4.61230340198777,-4.68109041684006,26.9283283421051));
#4381=CARTESIAN_POINT('Ctrl Pts',(-4.46558808909368,-4.66302965981388,26.894673009066));
#4382=CARTESIAN_POINT('Ctrl Pts',(-4.13303214042267,-4.55588295027316,26.7730579684275));
#4383=CARTESIAN_POINT('Ctrl Pts',(-3.93315410892812,-4.47157155322123,26.6420827047427));
#4384=CARTESIAN_POINT('Ctrl Pts',(-3.84579279216795,-4.45179351334723,26.5817429220763));
#4385=CARTESIAN_POINT('Ctrl Pts',(-4.5881354247175,-4.58799770444196,26.8907411715433));
#4386=CARTESIAN_POINT('Ctrl Pts',(-4.52640358623037,-4.58779708096587,26.8664922851851));
#4387=CARTESIAN_POINT('Ctrl Pts',(-4.39425510790554,-4.57428966147304,26.8100076557633));
#4388=CARTESIAN_POINT('Ctrl Pts',(-4.1060733466629,-4.48811716098592,26.6663821187065));
#4389=CARTESIAN_POINT('Ctrl Pts',(-3.94979551098178,-4.44525359792948,26.5617906377509));
#4390=CARTESIAN_POINT('Ctrl Pts',(-3.87240774811974,-4.43220430474529,26.5219792348161));
#4391=CARTESIAN_POINT('Ctrl Pts',(-4.48567346809998,-4.48562298857632,26.7905895636812));
#4392=CARTESIAN_POINT('Ctrl Pts',(-4.43205146262091,-4.48744902440309,26.7581243740719));
#4393=CARTESIAN_POINT('Ctrl Pts',(-4.31337007144162,-4.47888629229878,26.6858719880383));
#4394=CARTESIAN_POINT('Ctrl Pts',(-4.08097217204482,-4.42741465675364,26.5486728570973));
#4395=CARTESIAN_POINT('Ctrl Pts',(-3.95839170864713,-4.41961532235232,26.4835721698884));
#4396=CARTESIAN_POINT('Ctrl Pts',(-3.8889239221808,-4.41156469505959,26.4590109340801));
#4397=CARTESIAN_POINT('Ctrl Pts',(-4.36974105603833,-4.36976553345828,26.623761610972));
#4398=CARTESIAN_POINT('Ctrl Pts',(-4.3250408658148,-4.3756535497648,26.5897859376276));
#4399=CARTESIAN_POINT('Ctrl Pts',(-4.22747662948883,-4.3805446147872,26.5216911555519));
#4400=CARTESIAN_POINT('Ctrl Pts',(-4.06035132864442,-4.38173644293807,26.4348212320471));
#4401=CARTESIAN_POINT('Ctrl Pts',(-3.95711012859116,-4.39448183654164,26.4068937386016));
#4402=CARTESIAN_POINT('Ctrl Pts',(-3.89493992011589,-4.3903763381028,26.3943684891272));
#4403=CARTESIAN_POINT('Ctrl Pts',(-4.25481197909904,-4.25482316060769,26.3998651415702));
#4404=CARTESIAN_POINT('Ctrl Pts',(-4.22509876554958,-4.27342701051828,26.3842118382357));
#4405=CARTESIAN_POINT('Ctrl Pts',(-4.15811884873387,-4.30761525976445,26.3572088686101));
#4406=CARTESIAN_POINT('Ctrl Pts',(-4.03983970126096,-4.3542329655002,26.3367191353751));
#4407=CARTESIAN_POINT('Ctrl Pts',(-3.94355607546941,-4.36950752631764,26.3307009277487));
#4408=CARTESIAN_POINT('Ctrl Pts',(-3.89030948495107,-4.36915422135686,26.3296230482073));
#4409=CARTESIAN_POINT('Ctrl Pts',(-4.21617953921447,-4.21617953921448,26.2793089335863));
#4410=CARTESIAN_POINT('Ctrl Pts',(-4.18825434209561,-4.24065372527095,26.2740446794233));
#4411=CARTESIAN_POINT('Ctrl Pts',(-4.12539076588229,-4.28635740549725,26.2673322812356));
#4412=CARTESIAN_POINT('Ctrl Pts',(-4.01120577621294,-4.33688625798381,26.2697779234701));
#4413=CARTESIAN_POINT('Ctrl Pts',(-3.92473910283017,-4.35292678383444,26.2801156116983));
#4414=CARTESIAN_POINT('Ctrl Pts',(-3.88019999194732,-4.35532757129903,26.2874400480309));
#4415=CARTESIAN_POINT('Ctrl Pts',(-4.19421743929701,-4.19421743929701,26.2123059168889));
#4416=CARTESIAN_POINT('Ctrl Pts',(-4.16527264464055,-4.22316223395346,26.2123059168889));
#4417=CARTESIAN_POINT('Ctrl Pts',(-4.1009029943024,-4.2745675597827,26.2165553343668));
#4418=CARTESIAN_POINT('Ctrl Pts',(-3.99069479834852,-4.32760260178385,26.235295423718));
#4419=CARTESIAN_POINT('Ctrl Pts',(-3.91253320697205,-4.34478700583252,26.2552823906755));
#4420=CARTESIAN_POINT('Ctrl Pts',(-3.8734509927094,-4.34857857206112,26.2668498808644));
#4421=CARTESIAN_POINT('',(-3.8734509927094,-4.34857857206112,26.2668498808644));
#4422=CARTESIAN_POINT('Origin',(-3.8734509927094,-3.87345099270939,26.4225861429852));
#4423=CARTESIAN_POINT('Origin',(-3.45692364202526,-4.38898802853478,26.3901329684112));
#4424=CARTESIAN_POINT('Origin',(-0.200000000000019,-5.00000000000001,26.648959258501));
#4425=CARTESIAN_POINT('',(-0.200000000000019,-5.50000000000001,26.648959258501));
#4426=CARTESIAN_POINT('',(-0.200000000000019,-4.52487242064829,26.8046955206219));
#4427=CARTESIAN_POINT('Origin',(-5.00000000000002,-5.00000000000001,5.));
#4428=CARTESIAN_POINT('',(-5.00000000000002,-5.50000000000001,5.));
#4429=CARTESIAN_POINT('',(-5.50000000000002,-5.00000000000001,5.));
#4430=CARTESIAN_POINT('Origin',(-5.00000000000002,-5.00000000000001,5.));
#4431=CARTESIAN_POINT('',(-5.50000000000002,-5.00000000000001,5.));
#4432=CARTESIAN_POINT('',(-5.00000000000002,-5.50000000000001,5.));
#4433=CARTESIAN_POINT('Ctrl Pts',(4.77802933069086,4.77824774689783,26.9412832940777));
#4434=CARTESIAN_POINT('Ctrl Pts',(4.77157434533924,4.69434888742778,26.9473002443217));
#4435=CARTESIAN_POINT('Ctrl Pts',(4.74753126886981,4.5281273220254,26.9433272617293));
#4436=CARTESIAN_POINT('Ctrl Pts',(4.62852373355492,4.15949420149286,26.8608635537116));
#4437=CARTESIAN_POINT('Ctrl Pts',(4.4986417394859,3.90829746913693,26.7246697136858));
#4438=CARTESIAN_POINT('Ctrl Pts',(4.46952855743634,3.8082968364794,26.6358498362465));
#4439=CARTESIAN_POINT('Ctrl Pts',(4.8053359413147,4.75087909322787,26.9412986272757));
#4440=CARTESIAN_POINT('Ctrl Pts',(4.79447716723926,4.66782958758223,26.9493376354958));
#4441=CARTESIAN_POINT('Ctrl Pts',(4.76364141847011,4.50146867895721,26.9496031330883));
#4442=CARTESIAN_POINT('Ctrl Pts',(4.63568128850366,4.13101981818883,26.8734045880936));
#4443=CARTESIAN_POINT('Ctrl Pts',(4.50544004105175,3.89139168491805,26.7454102947342));
#4444=CARTESIAN_POINT('Ctrl Pts',(4.47522186285242,3.79484533241049,26.6532192426007));
#4445=CARTESIAN_POINT('Ctrl Pts',(4.85415872464195,4.69027441077458,26.945785644291));
#4446=CARTESIAN_POINT('Ctrl Pts',(4.83634114108062,4.60796876463631,26.9571235227832));
#4447=CARTESIAN_POINT('Ctrl Pts',(4.79321672354975,4.44036577275835,26.9647623126471));
#4448=CARTESIAN_POINT('Ctrl Pts',(4.64814735375822,4.06891013811669,26.9001585521406));
#4449=CARTESIAN_POINT('Ctrl Pts',(4.51837168754203,3.85451112296632,26.784862775552));
#4450=CARTESIAN_POINT('Ctrl Pts',(4.48595321553576,3.76508407563134,26.6859589626515));
#4451=CARTESIAN_POINT('Ctrl Pts',(4.91703450750646,4.57056779522606,26.9672430183424));
#4452=CARTESIAN_POINT('Ctrl Pts',(4.89099607262677,4.48763967513111,26.9820704840274));
#4453=CARTESIAN_POINT('Ctrl Pts',(4.82995767369749,4.31608725345773,26.9978140627693));
#4454=CARTESIAN_POINT('Ctrl Pts',(4.66372448705264,3.96005138761014,26.9470851867199));
#4455=CARTESIAN_POINT('Ctrl Pts',(4.53452897130449,3.78929602035837,26.8341561836409));
#4456=CARTESIAN_POINT('Ctrl Pts',(4.4996934630167,3.71295192751116,26.7278783617459));
#4457=CARTESIAN_POINT('Ctrl Pts',(4.97443915767082,4.40320143035062,27.0067212712263));
#4458=CARTESIAN_POINT('Ctrl Pts',(4.94024587030278,4.32014335604465,27.0238198825765));
#4459=CARTESIAN_POINT('Ctrl Pts',(4.86007883541271,4.14733704822076,27.0446704750427));
#4460=CARTESIAN_POINT('Ctrl Pts',(4.67589910376667,3.83685190640103,26.9973096578277));
#4461=CARTESIAN_POINT('Ctrl Pts',(4.54629379635364,3.71498741763732,26.8700488702315));
#4462=CARTESIAN_POINT('Ctrl Pts',(4.51074289262893,3.65459679046141,26.7615884859866));
#4463=CARTESIAN_POINT('Ctrl Pts',(5.03024917492538,4.15753513717962,27.0692889428461));
#4464=CARTESIAN_POINT('Ctrl Pts',(4.98590783349325,4.07967889288018,27.0868186778575));
#4465=CARTESIAN_POINT('Ctrl Pts',(4.88273696409342,3.92399396692324,27.1046046076306));
#4466=CARTESIAN_POINT('Ctrl Pts',(4.6785920797161,3.70849285499602,27.0359193256408));
#4467=CARTESIAN_POINT('Ctrl Pts',(4.55292845316183,3.63343564331791,26.890290196087));
#4468=CARTESIAN_POINT('Ctrl Pts',(4.5188329549076,3.5914370202452,26.7862700319215));
#4469=CARTESIAN_POINT('Ctrl Pts',(5.0753292794802,3.80898089464168,27.1389360155597));
#4470=CARTESIAN_POINT('Ctrl Pts',(5.01562883596769,3.76245063637239,27.1489478854973));
#4471=CARTESIAN_POINT('Ctrl Pts',(4.88239144843895,3.67666894897574,27.1469398478061));
#4472=CARTESIAN_POINT('Ctrl Pts',(4.66504006511728,3.5882050834324,27.0448396612858));
#4473=CARTESIAN_POINT('Ctrl Pts',(4.55427499685536,3.54671261494948,26.894398295491));
#4474=CARTESIAN_POINT('Ctrl Pts',(4.52376700821754,3.52500771742429,26.801323075918));
#4475=CARTESIAN_POINT('Ctrl Pts',(5.07885496282458,3.58071508839622,27.1427020000557));
#4476=CARTESIAN_POINT('Ctrl Pts',(5.00871760860239,3.56344314785462,27.1539035388214));
#4477=CARTESIAN_POINT('Ctrl Pts',(4.85823064452012,3.53302541121046,27.1470880875628));
#4478=CARTESIAN_POINT('Ctrl Pts',(4.64595872393453,3.5021149074253,27.0303032456296));
#4479=CARTESIAN_POINT('Ctrl Pts',(4.55163100048206,3.4868372613458,26.8863318658775));
#4480=CARTESIAN_POINT('Ctrl Pts',(4.52487242064826,3.47961842039762,26.8046955206218));
#4481=CARTESIAN_POINT('Ctrl Pts',(5.07885496282458,3.45692364202523,27.1427020000557));
#4482=CARTESIAN_POINT('Ctrl Pts',(5.00136888597841,3.45692364202523,27.1550771930355));
#4483=CARTESIAN_POINT('Ctrl Pts',(4.84053818443107,3.45692364202522,27.1426585153445));
#4484=CARTESIAN_POINT('Ctrl Pts',(4.63392654133415,3.45692364202523,27.0165966473678));
#4485=CARTESIAN_POINT('Ctrl Pts',(4.54931306748477,3.45692364202522,26.8792602058858));
#4486=CARTESIAN_POINT('Ctrl Pts',(4.52487242064826,3.45692364202522,26.8046955206218));
#4487=CARTESIAN_POINT('',(4.52487242064826,3.45692364202523,26.8046955206218));
#4488=CARTESIAN_POINT('Origin',(4.99999999999998,3.45692364202523,26.648959258501));
#4489=CARTESIAN_POINT('Origin',(4.38898802853475,3.45692364202523,26.3901329684111));
#4490=CARTESIAN_POINT('Origin',(4.99999999999998,-0.200000000000014,26.648959258501));
#4491=CARTESIAN_POINT('',(5.49999999999998,-0.200000000000014,26.648959258501));
#4492=CARTESIAN_POINT('',(4.52487242064826,-0.200000000000014,26.8046955206218));
#4493=CARTESIAN_POINT('Origin',(-1.11022302462516E-15,-4.44089209850063E-15,
14.6052780296346));
#4494=CARTESIAN_POINT('',(-0.475127579351726,-2.77555756156289E-15,14.4495417675137));
#4495=CARTESIAN_POINT('',(-2.77555756156289E-15,-0.475127579351723,14.4495417675137));
#4496=CARTESIAN_POINT('Origin',(-3.88578058618805E-15,-2.77555756156289E-15,
14.6052780296346));
#4497=CARTESIAN_POINT('',(-1.14083919460384E-15,-4.44089209850063E-15,14.1052780296346));
#4498=CARTESIAN_POINT('Origin',(-1.11022302462516E-15,-4.44089209850063E-15,
14.6052780296346));
#4499=CARTESIAN_POINT('',(-2.22044604925031E-15,0.47512757935172,14.4495417675137));
#4500=CARTESIAN_POINT('Origin',(-1.11022302462516E-15,-4.44089209850063E-15,
14.6052780296346));
#4501=CARTESIAN_POINT('',(0.475127579351721,-5.55111512312578E-16,14.4495417675137));
#4502=CARTESIAN_POINT('Origin',(-2.22044604925031E-15,-1.11022302462516E-15,
14.6052780296346));
#4503=CARTESIAN_POINT('Origin',(-4.44089209850063E-15,-1.66533453693773E-15,
14.6052780296346));
#4504=CARTESIAN_POINT('Ctrl Pts',(-4.77824774689785,4.77802933069074,26.9412832940777));
#4505=CARTESIAN_POINT('Ctrl Pts',(-4.6943488874278,4.77157434533913,26.9473002443217));
#4506=CARTESIAN_POINT('Ctrl Pts',(-4.52812732202541,4.74753126886973,26.9433272617293));
#4507=CARTESIAN_POINT('Ctrl Pts',(-4.15949420149287,4.6285237335549,26.8608635537116));
#4508=CARTESIAN_POINT('Ctrl Pts',(-3.90829746913693,4.49864173948591,26.7246697136859));
#4509=CARTESIAN_POINT('Ctrl Pts',(-3.80829683647941,4.46952855743635,26.6358498362465));
#4510=CARTESIAN_POINT('Ctrl Pts',(-4.75087909322789,4.80533594131463,26.9412986272757));
#4511=CARTESIAN_POINT('Ctrl Pts',(-4.66782958758225,4.7944771672392,26.9493376354958));
#4512=CARTESIAN_POINT('Ctrl Pts',(-4.50146867895722,4.76364141847005,26.9496031330883));
#4513=CARTESIAN_POINT('Ctrl Pts',(-4.13101981818884,4.63568128850364,26.8734045880936));
#4514=CARTESIAN_POINT('Ctrl Pts',(-3.89139168491805,4.50544004105176,26.7454102947342));
#4515=CARTESIAN_POINT('Ctrl Pts',(-3.79484533241049,4.47522186285243,26.6532192426007));
#4516=CARTESIAN_POINT('Ctrl Pts',(-4.6902744107746,4.854158724642,26.9457856442909));
#4517=CARTESIAN_POINT('Ctrl Pts',(-4.60796876463633,4.83634114108065,26.9571235227832));
#4518=CARTESIAN_POINT('Ctrl Pts',(-4.44036577275836,4.79321672354975,26.964762312647));
#4519=CARTESIAN_POINT('Ctrl Pts',(-4.0689101381167,4.64814735375822,26.9001585521407));
#4520=CARTESIAN_POINT('Ctrl Pts',(-3.85451112296633,4.51837168754204,26.784862775552));
#4521=CARTESIAN_POINT('Ctrl Pts',(-3.76508407563135,4.48595321553577,26.6859589626515));
#4522=CARTESIAN_POINT('Ctrl Pts',(-4.57056779522608,4.91703450750657,26.9672430183423));
#4523=CARTESIAN_POINT('Ctrl Pts',(-4.48763967513113,4.89099607262685,26.9820704840274));
#4524=CARTESIAN_POINT('Ctrl Pts',(-4.31608725345775,4.82995767369754,26.9978140627693));
#4525=CARTESIAN_POINT('Ctrl Pts',(-3.96005138761015,4.66372448705264,26.9470851867199));
#4526=CARTESIAN_POINT('Ctrl Pts',(-3.78929602035838,4.53452897130449,26.8341561836409));
#4527=CARTESIAN_POINT('Ctrl Pts',(-3.71295192751117,4.49969346301671,26.7278783617459));
#4528=CARTESIAN_POINT('Ctrl Pts',(-4.40320143035064,4.9744391576709,27.0067212712263));
#4529=CARTESIAN_POINT('Ctrl Pts',(-4.32014335604468,4.94024587030285,27.0238198825764));
#4530=CARTESIAN_POINT('Ctrl Pts',(-4.14733704822078,4.86007883541276,27.0446704750426));
#4531=CARTESIAN_POINT('Ctrl Pts',(-3.83685190640104,4.67589910376667,26.9973096578277));
#4532=CARTESIAN_POINT('Ctrl Pts',(-3.71498741763733,4.54629379635365,26.8700488702315));
#4533=CARTESIAN_POINT('Ctrl Pts',(-3.65459679046142,4.51074289262894,26.7615884859866));
#4534=CARTESIAN_POINT('Ctrl Pts',(-4.15753513717965,5.03024917492541,27.0692889428461));
#4535=CARTESIAN_POINT('Ctrl Pts',(-4.07967889288021,4.98590783349328,27.0868186778575));
#4536=CARTESIAN_POINT('Ctrl Pts',(-3.92399396692326,4.88273696409344,27.1046046076307));
#4537=CARTESIAN_POINT('Ctrl Pts',(-3.70849285499603,4.67859207971611,27.0359193256409));
#4538=CARTESIAN_POINT('Ctrl Pts',(-3.63343564331793,4.55292845316183,26.890290196087));
#4539=CARTESIAN_POINT('Ctrl Pts',(-3.59143702024522,4.5188329549076,26.7862700319215));
#4540=CARTESIAN_POINT('Ctrl Pts',(-3.8089808946417,5.0753292794802,27.1389360155597));
#4541=CARTESIAN_POINT('Ctrl Pts',(-3.7624506363724,5.01562883596769,27.1489478854973));
#4542=CARTESIAN_POINT('Ctrl Pts',(-3.67666894897576,4.88239144843896,27.1469398478061));
#4543=CARTESIAN_POINT('Ctrl Pts',(-3.58820508343242,4.66504006511729,27.0448396612858));
#4544=CARTESIAN_POINT('Ctrl Pts',(-3.54671261494949,4.55427499685537,26.894398295491));
#4545=CARTESIAN_POINT('Ctrl Pts',(-3.52500771742431,4.52376700821755,26.801323075918));
#4546=CARTESIAN_POINT('Ctrl Pts',(-3.58071508839624,5.07885496282459,27.1427020000557));
#4547=CARTESIAN_POINT('Ctrl Pts',(-3.56344314785464,5.0087176086024,27.1539035388214));
#4548=CARTESIAN_POINT('Ctrl Pts',(-3.53302541121049,4.85823064452012,27.1470880875628));
#4549=CARTESIAN_POINT('Ctrl Pts',(-3.50211490742533,4.64595872393453,27.0303032456296));
#4550=CARTESIAN_POINT('Ctrl Pts',(-3.48683726134583,4.55163100048207,26.8863318658775));
#4551=CARTESIAN_POINT('Ctrl Pts',(-3.47961842039764,4.52487242064826,26.8046955206218));
#4552=CARTESIAN_POINT('Ctrl Pts',(-3.45692364202525,5.07885496282459,27.1427020000557));
#4553=CARTESIAN_POINT('Ctrl Pts',(-3.45692364202525,5.00136888597842,27.1550771930355));
#4554=CARTESIAN_POINT('Ctrl Pts',(-3.45692364202525,4.84053818443108,27.1426585153445));
#4555=CARTESIAN_POINT('Ctrl Pts',(-3.45692364202525,4.63392654133416,27.0165966473678));
#4556=CARTESIAN_POINT('Ctrl Pts',(-3.45692364202525,4.54931306748478,26.8792602058858));
#4557=CARTESIAN_POINT('Ctrl Pts',(-3.45692364202525,4.52487242064826,26.8046955206218));
#4558=CARTESIAN_POINT('',(-3.45692364202525,4.52487242064826,26.8046955206218));
#4559=CARTESIAN_POINT('Origin',(-3.45692364202525,4.99999999999999,26.648959258501));
#4560=CARTESIAN_POINT('Origin',(-3.45692364202525,4.38898802853476,26.3901329684112));
#4561=CARTESIAN_POINT('Origin',(-5.00000000000002,0.199999999999987,26.648959258501));
#4562=CARTESIAN_POINT('',(-5.50000000000002,0.199999999999987,26.648959258501));
#4563=CARTESIAN_POINT('',(-4.5248724206483,0.199999999999987,26.8046955206219));
#4564=CARTESIAN_POINT('Origin',(-5.00000000000002,4.99999999999999,5.));
#4565=CARTESIAN_POINT('',(-5.50000000000002,4.99999999999999,5.));
#4566=CARTESIAN_POINT('',(-5.00000000000002,5.49999999999999,5.));
#4567=CARTESIAN_POINT('Origin',(-5.00000000000002,4.99999999999999,5.));
#4568=CARTESIAN_POINT('',(-5.00000000000002,5.49999999999999,5.));
#4569=CARTESIAN_POINT('',(-5.50000000000002,4.99999999999999,5.));
#4570=CARTESIAN_POINT('Origin',(0.199999999999981,4.99999999999999,26.648959258501));
#4571=CARTESIAN_POINT('',(0.199999999999981,5.49999999999999,26.648959258501));
#4572=CARTESIAN_POINT('',(0.199999999999981,4.52487242064826,26.8046955206218));
#4573=CARTESIAN_POINT('Origin',(-4.9451208608628,4.94512086086277,29.6920874356566));
#4574=CARTESIAN_POINT('',(-5.42024844021452,4.94512086086277,29.5363511735358));
#4575=CARTESIAN_POINT('',(-4.9451208608628,5.42024844021449,29.5363511735358));
#4576=CARTESIAN_POINT('Origin',(4.94512086086276,4.94512086086277,29.6920874356566));
#4577=CARTESIAN_POINT('',(4.94512086086276,5.42024844021449,29.5363511735358));
#4578=CARTESIAN_POINT('',(5.42024844021449,4.94512086086277,29.5363511735358));
#4579=CARTESIAN_POINT('Origin',(4.94512086086276,-4.9451208608628,29.6920874356566));
#4580=CARTESIAN_POINT('',(5.42024844021449,-4.9451208608628,29.5363511735358));
#4581=CARTESIAN_POINT('',(4.94512086086276,-5.42024844021452,29.5363511735358));
#4582=CARTESIAN_POINT('Origin',(-4.9451208608628,-4.94512086086279,29.6920874356566));
#4583=CARTESIAN_POINT('',(-4.9451208608628,-5.42024844021452,29.5363511735358));
#4584=CARTESIAN_POINT('',(-5.42024844021452,-4.94512086086279,29.5363511735358));
#4585=CARTESIAN_POINT('Origin',(4.99999999999998,4.99999999999999,5.));
#4586=CARTESIAN_POINT('',(4.99999999999998,5.49999999999999,5.));
#4587=CARTESIAN_POINT('',(5.49999999999998,4.99999999999999,5.));
#4588=CARTESIAN_POINT('Origin',(4.99999999999998,4.99999999999999,5.));
#4589=CARTESIAN_POINT('',(5.49999999999998,4.99999999999999,5.));
#4590=CARTESIAN_POINT('',(4.99999999999998,5.49999999999999,5.));
#4591=CARTESIAN_POINT('Origin',(4.99999999999998,-5.00000000000001,5.));
#4592=CARTESIAN_POINT('',(5.49999999999998,-5.00000000000001,5.));
#4593=CARTESIAN_POINT('',(4.99999999999998,-5.50000000000001,5.));
#4594=CARTESIAN_POINT('Origin',(4.99999999999998,-5.00000000000001,5.));
#4595=CARTESIAN_POINT('',(4.99999999999998,-5.50000000000001,5.));
#4596=CARTESIAN_POINT('',(5.49999999999998,-5.00000000000001,5.));
#4597=CARTESIAN_POINT('Origin',(-5.50000000000002,-5.50000000000001,5.));
#4598=CARTESIAN_POINT('',(-5.50000000000002,-5.50000000000001,5.));
#4599=CARTESIAN_POINT('Origin',(5.49999999999998,-5.50000000000001,5.));
#4600=CARTESIAN_POINT('',(5.49999999999998,-5.50000000000001,5.));
#4601=CARTESIAN_POINT('Origin',(-5.90000000000002,-5.90000000000001,31.));
#4602=CARTESIAN_POINT('Origin',(5.89999999999998,-5.90000000000001,31.));
#4603=CARTESIAN_POINT('Origin',(5.89999999999998,5.89999999999999,31.));
#4604=CARTESIAN_POINT('Origin',(-5.90000000000002,5.89999999999999,31.));
#4605=CARTESIAN_POINT('Origin',(5.39999999999998,5.39999999999999,5.));
#4606=CARTESIAN_POINT('',(5.39999999999998,5.89999999999999,31.));
#4607=CARTESIAN_POINT('',(5.89999999999998,5.39999999999999,31.));
#4608=CARTESIAN_POINT('Origin',(5.39999999999998,5.39999999999999,31.));
#4609=CARTESIAN_POINT('',(5.89999999999998,5.39999999999999,5.));
#4610=CARTESIAN_POINT('',(5.89999999999998,5.39999999999999,5.));
#4611=CARTESIAN_POINT('',(5.39999999999998,5.89999999999999,5.));
#4612=CARTESIAN_POINT('Origin',(5.39999999999998,5.39999999999999,5.));
#4613=CARTESIAN_POINT('',(5.39999999999998,5.89999999999999,5.));
#4614=CARTESIAN_POINT('Origin',(5.89999999999998,5.89999999999999,5.));
#4615=CARTESIAN_POINT('',(-5.40000000000002,5.89999999999999,5.));
#4616=CARTESIAN_POINT('',(-5.90000000000002,5.89999999999999,5.));
#4617=CARTESIAN_POINT('',(-5.40000000000002,5.89999999999999,31.));
#4618=CARTESIAN_POINT('',(-5.40000000000002,5.89999999999999,5.));
#4619=CARTESIAN_POINT('',(2.94999999999998,5.89999999999999,31.));
#4620=CARTESIAN_POINT('Origin',(-1.88737914186277E-14,-1.33226762955019E-14,
5.));
#4621=CARTESIAN_POINT('',(5.89999999999998,-5.40000000000001,5.));
#4622=CARTESIAN_POINT('',(5.89999999999998,5.89999999999999,5.));
#4623=CARTESIAN_POINT('',(5.39999999999998,-5.90000000000001,5.));
#4624=CARTESIAN_POINT('Origin',(5.39999999999998,-5.40000000000001,5.));
#4625=CARTESIAN_POINT('',(-5.40000000000002,-5.90000000000001,5.));
#4626=CARTESIAN_POINT('',(5.89999999999998,-5.90000000000001,5.));
#4627=CARTESIAN_POINT('',(-5.90000000000002,-5.40000000000001,5.));
#4628=CARTESIAN_POINT('Origin',(-5.40000000000002,-5.40000000000001,5.));
#4629=CARTESIAN_POINT('',(-5.90000000000002,5.39999999999999,5.));
#4630=CARTESIAN_POINT('',(-5.90000000000002,-5.90000000000001,5.));
#4631=CARTESIAN_POINT('Origin',(-5.40000000000002,5.39999999999999,5.));
#4632=CARTESIAN_POINT('',(5.49999999999998,5.49999999999999,5.));
#4633=CARTESIAN_POINT('',(-5.50000000000002,5.49999999999999,5.));
#4634=CARTESIAN_POINT('Origin',(-5.40000000000002,-5.40000000000001,5.));
#4635=CARTESIAN_POINT('',(-5.40000000000002,-5.90000000000001,31.));
#4636=CARTESIAN_POINT('',(-5.90000000000002,-5.40000000000001,31.));
#4637=CARTESIAN_POINT('Origin',(-5.40000000000002,-5.40000000000001,31.));
#4638=CARTESIAN_POINT('',(-5.90000000000002,-5.40000000000001,5.));
#4639=CARTESIAN_POINT('',(-5.40000000000002,-5.90000000000001,5.));
#4640=CARTESIAN_POINT('Origin',(-5.90000000000002,-5.90000000000001,5.));
#4641=CARTESIAN_POINT('',(5.39999999999998,-5.90000000000001,31.));
#4642=CARTESIAN_POINT('',(5.39999999999998,-5.90000000000001,5.));
#4643=CARTESIAN_POINT('',(-2.95000000000002,-5.90000000000001,31.));
#4644=CARTESIAN_POINT('Origin',(5.39999999999998,-5.40000000000001,5.));
#4645=CARTESIAN_POINT('',(5.89999999999998,-5.40000000000001,31.));
#4646=CARTESIAN_POINT('Origin',(5.39999999999998,-5.40000000000001,31.));
#4647=CARTESIAN_POINT('',(5.89999999999998,-5.40000000000001,5.));
#4648=CARTESIAN_POINT('Origin',(5.89999999999998,-5.90000000000001,5.));
#4649=CARTESIAN_POINT('',(5.89999999999998,-2.95000000000001,31.));
#4650=CARTESIAN_POINT('Origin',(-5.40000000000002,5.39999999999999,5.));
#4651=CARTESIAN_POINT('',(-5.90000000000002,5.39999999999999,31.));
#4652=CARTESIAN_POINT('Origin',(-5.40000000000002,5.39999999999999,31.));
#4653=CARTESIAN_POINT('',(-5.90000000000002,5.39999999999999,5.));
#4654=CARTESIAN_POINT('Origin',(-5.90000000000002,-5.51989793651864,31.1245890096967));
#4655=CARTESIAN_POINT('',(-2.95000000000002,-5.47906042778473,31.));
#4656=CARTESIAN_POINT('Origin',(5.5198979365186,-5.90000000000001,31.1245890096967));
#4657=CARTESIAN_POINT('',(5.47906042778469,-2.95000000000001,31.));
#4658=CARTESIAN_POINT('Origin',(-5.50000000000002,5.49999999999999,5.));
#4659=CARTESIAN_POINT('Origin',(-5.90000000000002,5.89999999999999,5.));
#4660=CARTESIAN_POINT('',(-5.90000000000002,2.94999999999999,31.));
#4661=CARTESIAN_POINT('Origin',(5.49999999999998,5.49999999999999,5.));
#4662=CARTESIAN_POINT('Origin',(-1.88737914186277E-14,-1.33226762955019E-14,
31.));
#4663=CARTESIAN_POINT('',(0.52093957221527,8.88178419700125E-15,31.));
#4664=UNCERTAINTY_MEASURE_WITH_UNIT(LENGTH_MEASURE(0.01),#4670,
'DISTANCE_ACCURACY_VALUE',
'Maximum model space distance between geometric entities at asserted c
onnectivities');
#4665=UNCERTAINTY_MEASURE_WITH_UNIT(LENGTH_MEASURE(0.01),#4670,
'DISTANCE_ACCURACY_VALUE',
'Maximum model space distance between geometric entities at asserted c
onnectivities');
#4666=UNCERTAINTY_MEASURE_WITH_UNIT(LENGTH_MEASURE(0.01),#4670,
'DISTANCE_ACCURACY_VALUE',
'Maximum model space distance between geometric entities at asserted c
onnectivities');
#4667=(
GEOMETRIC_REPRESENTATION_CONTEXT(3)
GLOBAL_UNCERTAINTY_ASSIGNED_CONTEXT((#4664))
GLOBAL_UNIT_ASSIGNED_CONTEXT((#4670,#4672,#4673))
REPRESENTATION_CONTEXT('','3D')
);
#4668=(
GEOMETRIC_REPRESENTATION_CONTEXT(3)
GLOBAL_UNCERTAINTY_ASSIGNED_CONTEXT((#4665))
GLOBAL_UNIT_ASSIGNED_CONTEXT((#4670,#4672,#4673))
REPRESENTATION_CONTEXT('','3D')
);
#4669=(
GEOMETRIC_REPRESENTATION_CONTEXT(3)
GLOBAL_UNCERTAINTY_ASSIGNED_CONTEXT((#4666))
GLOBAL_UNIT_ASSIGNED_CONTEXT((#4670,#4672,#4673))
REPRESENTATION_CONTEXT('','3D')
);
#4670=(
LENGTH_UNIT()
NAMED_UNIT(*)
SI_UNIT(.MILLI.,.METRE.)
);
#4671=(
LENGTH_UNIT()
NAMED_UNIT(*)
SI_UNIT($,.METRE.)
);
#4672=(
NAMED_UNIT(*)
PLANE_ANGLE_UNIT()
SI_UNIT($,.RADIAN.)
);
#4673=(
NAMED_UNIT(*)
SI_UNIT($,.STERADIAN.)
SOLID_ANGLE_UNIT()
);
#4674=SHAPE_DEFINITION_REPRESENTATION(#4676,#4679);
#4675=SHAPE_DEFINITION_REPRESENTATION(#4677,#4680);
#4676=PRODUCT_DEFINITION_SHAPE('',$,#4682);
#4677=PRODUCT_DEFINITION_SHAPE('',$,#4683);
#4678=PRODUCT_DEFINITION_SHAPE($,$,#14);
#4679=SHAPE_REPRESENTATION('',(#1202,#1318),#4667);
#4680=SHAPE_REPRESENTATION('',(#1203),#4668);
#4681=PRODUCT_DEFINITION_CONTEXT('part definition',#4689,'design');
#4682=PRODUCT_DEFINITION('2026-09-30-17-58-31-035','PRINT_LAYOUT',#4684,
#4681);
#4683=PRODUCT_DEFINITION('2026-09-30-17-58-31-032','LampDiffuser',#4685,
#4681);
#4684=PRODUCT_DEFINITION_FORMATION('',$,#4691);
#4685=PRODUCT_DEFINITION_FORMATION('',$,#4692);
#4686=PRODUCT_RELATED_PRODUCT_CATEGORY('PRINT_LAYOUT','PRINT_LAYOUT',(#4691));
#4687=PRODUCT_RELATED_PRODUCT_CATEGORY('LampDiffuser','LampDiffuser',(#4692));
#4688=APPLICATION_PROTOCOL_DEFINITION('international standard',
'automotive_design',2009,#4689);
#4689=APPLICATION_CONTEXT(
'Core Data for Automotive Mechanical Design Process');
#4690=PRODUCT_CONTEXT('part definition',#4689,'mechanical');
#4691=PRODUCT('2026-09-30-17-58-31-035','PRINT_LAYOUT',$,(#4690));
#4692=PRODUCT('2026-09-30-17-58-31-032','LampDiffuser',$,(#4690));
#4693=PRESENTATION_STYLE_ASSIGNMENT((#4695));
#4694=PRESENTATION_STYLE_ASSIGNMENT((#4696));
#4695=SURFACE_STYLE_USAGE(.BOTH.,#4697);
#4696=SURFACE_STYLE_USAGE(.BOTH.,#4698);
#4697=SURFACE_SIDE_STYLE('',(#4699));
#4698=SURFACE_SIDE_STYLE('',(#4700));
#4699=SURFACE_STYLE_FILL_AREA(#4701);
#4700=SURFACE_STYLE_FILL_AREA(#4702);
#4701=FILL_AREA_STYLE('Steel - Satin',(#4703));
#4702=FILL_AREA_STYLE('Glass - Noise',(#4704));
#4703=FILL_AREA_STYLE_COLOUR('Steel - Satin',#4705);
#4704=FILL_AREA_STYLE_COLOUR('Glass - Noise',#4706);
#4705=COLOUR_RGB('Steel - Satin',0.627450980392157,0.627450980392157,0.627450980392157);
#4706=COLOUR_RGB('Glass - Noise',0.964705882352941,0.964705882352941,0.952941176470588);
ENDSEC;
END-ISO-10303-21;
