ISO-10303-21;
HEADER;
/* Generated by software containing ST-Developer
 * from STEP Tools, Inc. (www.steptools.com) 
 */

FILE_DESCRIPTION(
/* description */ (''),
/* implementation_level */ '2;1');

FILE_NAME(
/* name */ 'PumpkinCover.step',
/* time_stamp */ '2026-09-30T18:07:10+02:00',
/* author */ (''),
/* organization */ (''),
/* preprocessor_version */ 'ST-DEVELOPER v20.2',
/* originating_system */ 'Autodesk Translation Framework v15.15.0.0',
/* authorisation */ '');

FILE_SCHEMA (('AUTOMOTIVE_DESIGN { 1 0 10303 214 3 1 1 }'));
ENDSEC;

DATA;
#10=MECHANICAL_DESIGN_GEOMETRIC_PRESENTATION_REPRESENTATION('',(#17),#9372);
#11=ITEM_DEFINED_TRANSFORMATION($,$,#3730,#4174);
#12=(
REPRESENTATION_RELATIONSHIP($,$,#9383,#9382)
REPRESENTATION_RELATIONSHIP_WITH_TRANSFORMATION(#11)
SHAPE_REPRESENTATION_RELATIONSHIP()
);
#13=CONTEXT_DEPENDENT_SHAPE_REPRESENTATION(#12,#9381);
#14=NEXT_ASSEMBLY_USAGE_OCCURRENCE('PumpkinCover:1','PumpkinCover:1',
'PumpkinCover:1',#9385,#9386,'PumpkinCover:1');
#15=SHAPE_REPRESENTATION_RELATIONSHIP('SRR','None',#9383,#16);
#16=ADVANCED_BREP_SHAPE_REPRESENTATION('',(#18),#9371);
#17=STYLED_ITEM('',(#9397),#18);
#18=MANIFOLD_SOLID_BREP('Body1',#3716);
#19=(
BOUNDED_CURVE()
B_SPLINE_CURVE(2,(#6117,#6118,#6119),.UNSPECIFIED.,.F.,.F.)
B_SPLINE_CURVE_WITH_KNOTS((3,3),(0.846842893799327,2.39010130516738),
 .UNSPECIFIED.)
CURVE()
GEOMETRIC_REPRESENTATION_ITEM()
RATIONAL_B_SPLINE_CURVE((1.,1.,1.))
REPRESENTATION_ITEM('')
);
#20=(
BOUNDED_CURVE()
B_SPLINE_CURVE(2,(#6123,#6124,#6125),.UNSPECIFIED.,.F.,.F.)
B_SPLINE_CURVE_WITH_KNOTS((3,3),(0.846842893799361,2.60579358993028),
 .UNSPECIFIED.)
CURVE()
GEOMETRIC_REPRESENTATION_ITEM()
RATIONAL_B_SPLINE_CURVE((1.,1.,1.))
REPRESENTATION_ITEM('')
);
#21=(
BOUNDED_CURVE()
B_SPLINE_CURVE(2,(#6214,#6215,#6216),.UNSPECIFIED.,.F.,.F.)
B_SPLINE_CURVE_WITH_KNOTS((3,3),(0.846842893799171,2.60579358993),
 .UNSPECIFIED.)
CURVE()
GEOMETRIC_REPRESENTATION_ITEM()
RATIONAL_B_SPLINE_CURVE((1.,1.,1.))
REPRESENTATION_ITEM('')
);
#22=(
BOUNDED_CURVE()
B_SPLINE_CURVE(2,(#6220,#6221,#6222),.UNSPECIFIED.,.F.,.F.)
B_SPLINE_CURVE_WITH_KNOTS((3,3),(0.846842893799459,2.39010130516757),
 .UNSPECIFIED.)
CURVE()
GEOMETRIC_REPRESENTATION_ITEM()
RATIONAL_B_SPLINE_CURVE((1.,1.,1.))
REPRESENTATION_ITEM('')
);
#23=CONICAL_SURFACE('',#3821,21.53125,0.174532925199433);
#24=CONICAL_SURFACE('',#3822,3.,0.174532925199433);
#25=CONICAL_SURFACE('',#3824,3.00000000000001,0.174532925199433);
#26=CONICAL_SURFACE('',#3826,87.0256250000829,0.174532925199433);
#27=FACE_BOUND('',#491,.T.);
#28=FACE_BOUND('',#493,.T.);
#29=FACE_BOUND('',#678,.T.);
#30=FACE_BOUND('',#686,.T.);
#31=FACE_BOUND('',#687,.T.);
#32=FACE_BOUND('',#699,.T.);
#33=FACE_BOUND('',#700,.T.);
#34=FACE_BOUND('',#707,.T.);
#35=SPHERICAL_SURFACE('',#3750,32.5285106469702);
#36=SPHERICAL_SURFACE('',#3846,32.5285106469702);
#37=SPHERICAL_SURFACE('',#3849,32.5285106469702);
#38=SPHERICAL_SURFACE('',#3861,32.5285106469702);
#39=SPHERICAL_SURFACE('',#3873,32.5285106469702);
#40=SPHERICAL_SURFACE('',#3876,32.5285106469702);
#41=SPHERICAL_SURFACE('',#3879,32.5285106469702);
#42=SPHERICAL_SURFACE('',#3895,32.5285106469702);
#43=SPHERICAL_SURFACE('',#3909,32.5285106469702);
#44=SPHERICAL_SURFACE('',#3912,32.5285106469702);
#45=SPHERICAL_SURFACE('',#3920,32.5285106469702);
#46=SPHERICAL_SURFACE('',#3932,32.5285106469702);
#47=SPHERICAL_SURFACE('',#3946,32.5285106469702);
#48=SPHERICAL_SURFACE('',#3955,32.5285106469702);
#49=SPHERICAL_SURFACE('',#3962,32.5285106469702);
#50=SPHERICAL_SURFACE('',#3975,32.5285106469702);
#51=SPHERICAL_SURFACE('',#3989,32.5285106469702);
#52=SPHERICAL_SURFACE('',#4000,32.5285106469702);
#53=SPHERICAL_SURFACE('',#4012,32.5285106469702);
#54=SPHERICAL_SURFACE('',#4025,32.5285106469702);
#55=SPHERICAL_SURFACE('',#4032,32.5285106469702);
#56=SPHERICAL_SURFACE('',#4042,32.5285106469702);
#57=SPHERICAL_SURFACE('',#4054,32.5285106469702);
#58=SPHERICAL_SURFACE('',#4071,32.5285106469702);
#59=SPHERICAL_SURFACE('',#4085,32.5285106469702);
#60=SPHERICAL_SURFACE('',#4097,32.5285106469702);
#61=SPHERICAL_SURFACE('',#4109,32.5285106469702);
#62=SPHERICAL_SURFACE('',#4119,32.5285106469702);
#63=SPHERICAL_SURFACE('',#4128,32.5285106469702);
#64=SPHERICAL_SURFACE('',#4135,32.5285106469702);
#65=SPHERICAL_SURFACE('',#4145,32.5285106469702);
#66=TOROIDAL_SURFACE('',#3745,30.68245928168,1.79366800104286);
#67=TOROIDAL_SURFACE('',#3748,30.68245928168,1.79366800104286);
#68=TOROIDAL_SURFACE('',#3804,30.68245928168,1.79366800104286);
#69=TOROIDAL_SURFACE('',#3809,22.5075202736116,7.11713416990193);
#70=TOROIDAL_SURFACE('',#3836,30.68245928168,1.79366800104286);
#71=TOROIDAL_SURFACE('',#3841,30.68245928168,1.79366800104286);
#72=TOROIDAL_SURFACE('',#3844,30.68245928168,1.79366800104286);
#73=TOROIDAL_SURFACE('',#3852,30.68245928168,1.79366800104286);
#74=TOROIDAL_SURFACE('',#3856,30.68245928168,1.79366800104286);
#75=TOROIDAL_SURFACE('',#3859,30.68245928168,1.79366800104286);
#76=TOROIDAL_SURFACE('',#3864,30.68245928168,1.79366800104286);
#77=TOROIDAL_SURFACE('',#3867,30.68245928168,1.79366800104286);
#78=TOROIDAL_SURFACE('',#3870,30.68245928168,1.79366800104286);
#79=TOROIDAL_SURFACE('',#3881,30.68245928168,1.79366800104286);
#80=TOROIDAL_SURFACE('',#3883,30.68245928168,1.79366800104286);
#81=TOROIDAL_SURFACE('',#3886,30.68245928168,1.79366800104286);
#82=TOROIDAL_SURFACE('',#3888,30.68245928168,1.79366800104286);
#83=TOROIDAL_SURFACE('',#3890,30.68245928168,1.79366800104286);
#84=TOROIDAL_SURFACE('',#3893,30.68245928168,1.79366800104286);
#85=TOROIDAL_SURFACE('',#3898,30.68245928168,1.79366800104286);
#86=TOROIDAL_SURFACE('',#3901,30.68245928168,1.79366800104286);
#87=TOROIDAL_SURFACE('',#3904,30.68245928168,1.79366800104286);
#88=TOROIDAL_SURFACE('',#3906,30.68245928168,1.79366800104286);
#89=TOROIDAL_SURFACE('',#3915,30.68245928168,1.79366800104286);
#90=TOROIDAL_SURFACE('',#3917,30.68245928168,1.79366800104286);
#91=TOROIDAL_SURFACE('',#3923,22.5075202736116,7.11713416990193);
#92=TOROIDAL_SURFACE('',#3924,30.68245928168,1.79366800104286);
#93=TOROIDAL_SURFACE('',#3929,30.68245928168,1.79366800104286);
#94=TOROIDAL_SURFACE('',#3936,22.5075202736116,7.11713416990193);
#95=TOROIDAL_SURFACE('',#3937,30.68245928168,1.79366800104286);
#96=TOROIDAL_SURFACE('',#3940,22.5075202736116,7.11713416990193);
#97=TOROIDAL_SURFACE('',#3943,30.68245928168,1.79366800104286);
#98=TOROIDAL_SURFACE('',#3948,22.5075202736116,7.11713416990193);
#99=TOROIDAL_SURFACE('',#3950,22.5075202736116,7.11713416990193);
#100=TOROIDAL_SURFACE('',#3952,30.68245928168,1.79366800104286);
#101=TOROIDAL_SURFACE('',#3958,30.68245928168,1.79366800104286);
#102=TOROIDAL_SURFACE('',#3960,30.68245928168,1.79366800104286);
#103=TOROIDAL_SURFACE('',#3966,22.5075202736116,7.11713416990193);
#104=TOROIDAL_SURFACE('',#3967,30.68245928168,1.79366800104286);
#105=TOROIDAL_SURFACE('',#3972,30.68245928168,1.79366800104286);
#106=TOROIDAL_SURFACE('',#3979,22.5075202736116,7.11713416990193);
#107=TOROIDAL_SURFACE('',#3980,30.68245928168,1.79366800104286);
#108=TOROIDAL_SURFACE('',#3986,30.68245928168,1.79366800104286);
#109=TOROIDAL_SURFACE('',#3993,22.5075202736116,7.11713416990193);
#110=TOROIDAL_SURFACE('',#3994,30.68245928168,1.79366800104286);
#111=TOROIDAL_SURFACE('',#3998,30.68245928168,1.79366800104286);
#112=TOROIDAL_SURFACE('',#4004,22.5075202736116,7.11713416990193);
#113=TOROIDAL_SURFACE('',#4005,30.68245928168,1.79366800104286);
#114=TOROIDAL_SURFACE('',#4009,30.68245928168,1.79366800104286);
#115=TOROIDAL_SURFACE('',#4016,22.5075202736116,7.11713416990193);
#116=TOROIDAL_SURFACE('',#4017,30.68245928168,1.79366800104286);
#117=TOROIDAL_SURFACE('',#4023,30.68245928168,1.79366800104286);
#118=TOROIDAL_SURFACE('',#4029,22.5075202736116,7.11713416990193);
#119=TOROIDAL_SURFACE('',#4030,30.68245928168,1.79366800104286);
#120=TOROIDAL_SURFACE('',#4036,22.5075202736116,7.11713416990193);
#121=TOROIDAL_SURFACE('',#4037,30.68245928168,1.79366800104286);
#122=TOROIDAL_SURFACE('',#4040,30.68245928168,1.79366800104286);
#123=TOROIDAL_SURFACE('',#4046,22.5075202736116,7.11713416990193);
#124=TOROIDAL_SURFACE('',#4047,30.68245928168,1.79366800104286);
#125=TOROIDAL_SURFACE('',#4051,30.68245928168,1.79366800104286);
#126=TOROIDAL_SURFACE('',#4058,22.5075202736116,7.11713416990193);
#127=TOROIDAL_SURFACE('',#4059,30.68245928168,1.79366800104286);
#128=TOROIDAL_SURFACE('',#4065,30.68245928168,1.79366800104286);
#129=TOROIDAL_SURFACE('',#4066,22.5075202736116,7.11713416990193);
#130=TOROIDAL_SURFACE('',#4068,30.68245928168,1.79366800104286);
#131=TOROIDAL_SURFACE('',#4075,22.5075202736116,7.11713416990193);
#132=TOROIDAL_SURFACE('',#4076,30.68245928168,1.79366800104286);
#133=TOROIDAL_SURFACE('',#4082,30.68245928168,1.79366800104286);
#134=TOROIDAL_SURFACE('',#4089,22.5075202736116,7.11713416990193);
#135=TOROIDAL_SURFACE('',#4090,30.68245928168,1.79366800104286);
#136=TOROIDAL_SURFACE('',#4095,30.68245928168,1.79366800104286);
#137=TOROIDAL_SURFACE('',#4101,22.5075202736116,7.11713416990193);
#138=TOROIDAL_SURFACE('',#4102,30.68245928168,1.79366800104286);
#139=TOROIDAL_SURFACE('',#4107,30.68245928168,1.79366800104286);
#140=TOROIDAL_SURFACE('',#4113,22.5075202736116,7.11713416990193);
#141=TOROIDAL_SURFACE('',#4114,30.68245928168,1.79366800104286);
#142=TOROIDAL_SURFACE('',#4117,30.68245928168,1.79366800104286);
#143=TOROIDAL_SURFACE('',#4123,22.5075202736116,7.11713416990193);
#144=TOROIDAL_SURFACE('',#4124,30.68245928168,1.79366800104286);
#145=TOROIDAL_SURFACE('',#4126,30.68245928168,1.79366800104286);
#146=TOROIDAL_SURFACE('',#4130,22.5075202736116,7.11713416990193);
#147=TOROIDAL_SURFACE('',#4131,30.68245928168,1.79366800104286);
#148=TOROIDAL_SURFACE('',#4133,30.68245928168,1.79366800104286);
#149=TOROIDAL_SURFACE('',#4139,22.5075202736116,7.11713416990193);
#150=TOROIDAL_SURFACE('',#4140,30.68245928168,1.79366800104286);
#151=TOROIDAL_SURFACE('',#4143,30.68245928168,1.79366800104286);
#152=TOROIDAL_SURFACE('',#4149,22.5075202736116,7.11713416990193);
#153=TOROIDAL_SURFACE('',#4150,30.68245928168,1.79366800104286);
#154=B_SPLINE_SURFACE_WITH_KNOTS('',3,3,((#5539,#5540,#5541,#5542),(#5543,
#5544,#5545,#5546),(#5547,#5548,#5549,#5550),(#5551,#5552,#5553,#5554)),
 .UNSPECIFIED.,.F.,.F.,.F.,(4,4),(4,4),(0.390405081481471,1.),(0.207004803823681,
0.448255054924403),.UNSPECIFIED.);
#155=B_SPLINE_SURFACE_WITH_KNOTS('',3,3,((#5559,#5560,#5561,#5562),(#5563,
#5564,#5565,#5566),(#5567,#5568,#5569,#5570),(#5571,#5572,#5573,#5574),
(#5575,#5576,#5577,#5578)),.UNSPECIFIED.,.F.,.F.,.F.,(4,1,4),(4,4),(0.,
0.571428571428571,1.),(0.,0.322607756216435),.UNSPECIFIED.);
#156=B_SPLINE_SURFACE_WITH_KNOTS('',3,3,((#5611,#5612,#5613,#5614),(#5615,
#5616,#5617,#5618),(#5619,#5620,#5621,#5622),(#5623,#5624,#5625,#5626)),
 .UNSPECIFIED.,.F.,.F.,.F.,(4,4),(4,4),(0.390405081481099,1.),(0.0639753362298744,
0.305225698889469),.UNSPECIFIED.);
#157=B_SPLINE_SURFACE_WITH_KNOTS('',3,3,((#5797,#5798,#5799,#5800),(#5801,
#5802,#5803,#5804),(#5805,#5806,#5807,#5808),(#5809,#5810,#5811,#5812),
(#5813,#5814,#5815,#5816)),.UNSPECIFIED.,.F.,.F.,.F.,(4,1,4),(4,4),(0.,
0.571428571428571,1.),(0.189929180896875,0.512230427636513),
 .UNSPECIFIED.);
#158=B_SPLINE_SURFACE_WITH_KNOTS('',3,3,((#6795,#6796,#6797,#6798),(#6799,
#6800,#6801,#6802),(#6803,#6804,#6805,#6806),(#6807,#6808,#6809,#6810),
(#6811,#6812,#6813,#6814)),.UNSPECIFIED.,.F.,.F.,.F.,(4,1,4),(4,4),(0.,
0.571428571428571,1.),(0.18962274810944,0.512230427636513),
 .UNSPECIFIED.);
#159=B_SPLINE_SURFACE_WITH_KNOTS('',3,3,((#6879,#6880,#6881,#6882),(#6883,
#6884,#6885,#6886),(#6887,#6888,#6889,#6890),(#6891,#6892,#6893,#6894),
(#6895,#6896,#6897,#6898)),.UNSPECIFIED.,.F.,.F.,.F.,(4,1,4),(4,4),(0.,
0.571428571428571,1.),(0.,0.322607756216435),.UNSPECIFIED.);
#160=B_SPLINE_SURFACE_WITH_KNOTS('',3,3,((#6942,#6943,#6944,#6945),(#6946,
#6947,#6948,#6949),(#6950,#6951,#6952,#6953),(#6954,#6955,#6956,#6957),
(#6958,#6959,#6960,#6961)),.UNSPECIFIED.,.F.,.F.,.F.,(4,1,4),(4,4),(0.,
0.571428571428571,1.),(0.18962274810944,0.512230427636513),
 .UNSPECIFIED.);
#161=B_SPLINE_SURFACE_WITH_KNOTS('',3,3,((#7030,#7031,#7032,#7033),(#7034,
#7035,#7036,#7037),(#7038,#7039,#7040,#7041),(#7042,#7043,#7044,#7045),
(#7046,#7047,#7048,#7049)),.UNSPECIFIED.,.F.,.F.,.F.,(4,1,4),(4,4),(0.,
0.571428571428571,1.),(0.,0.322607756216435),.UNSPECIFIED.);
#162=B_SPLINE_SURFACE_WITH_KNOTS('',3,3,((#7063,#7064,#7065,#7066),(#7067,
#7068,#7069,#7070),(#7071,#7072,#7073,#7074),(#7075,#7076,#7077,#7078),
(#7079,#7080,#7081,#7082)),.UNSPECIFIED.,.F.,.F.,.F.,(4,1,4),(4,4),(0.,
0.571428571428571,1.),(0.18962274810944,0.512230427636513),
 .UNSPECIFIED.);
#163=B_SPLINE_SURFACE_WITH_KNOTS('',3,3,((#7109,#7110,#7111,#7112),(#7113,
#7114,#7115,#7116),(#7117,#7118,#7119,#7120),(#7121,#7122,#7123,#7124),
(#7125,#7126,#7127,#7128)),.UNSPECIFIED.,.F.,.F.,.F.,(4,1,4),(4,4),(0.,
0.571428571428571,1.),(0.,0.322607756216435),.UNSPECIFIED.);
#164=B_SPLINE_SURFACE_WITH_KNOTS('',3,3,((#7172,#7173,#7174,#7175),(#7176,
#7177,#7178,#7179),(#7180,#7181,#7182,#7183),(#7184,#7185,#7186,#7187),
(#7188,#7189,#7190,#7191)),.UNSPECIFIED.,.F.,.F.,.F.,(4,1,4),(4,4),(0.,
0.571428571428571,1.),(0.18962274810944,0.512230427636513),
 .UNSPECIFIED.);
#165=B_SPLINE_SURFACE_WITH_KNOTS('',3,3,((#7223,#7224,#7225,#7226),(#7227,
#7228,#7229,#7230),(#7231,#7232,#7233,#7234),(#7235,#7236,#7237,#7238),
(#7239,#7240,#7241,#7242)),.UNSPECIFIED.,.F.,.F.,.F.,(4,1,4),(4,4),(0.,
0.571428571428571,1.),(0.,0.322607756216435),.UNSPECIFIED.);
#166=B_SPLINE_SURFACE_WITH_KNOTS('',3,3,((#7256,#7257,#7258,#7259),(#7260,
#7261,#7262,#7263),(#7264,#7265,#7266,#7267),(#7268,#7269,#7270,#7271),
(#7272,#7273,#7274,#7275)),.UNSPECIFIED.,.F.,.F.,.F.,(4,1,4),(4,4),(0.,
0.571428571428571,1.),(0.18962274810944,0.512230427636513),
 .UNSPECIFIED.);
#167=B_SPLINE_SURFACE_WITH_KNOTS('',3,3,((#7285,#7286,#7287,#7288),(#7289,
#7290,#7291,#7292),(#7293,#7294,#7295,#7296),(#7297,#7298,#7299,#7300),
(#7301,#7302,#7303,#7304)),.UNSPECIFIED.,.F.,.F.,.F.,(4,1,4),(4,4),(0.,
0.571428571428571,1.),(0.,0.322607756216435),.UNSPECIFIED.);
#168=B_SPLINE_SURFACE_WITH_KNOTS('',3,3,((#7371,#7372,#7373,#7374),(#7375,
#7376,#7377,#7378),(#7379,#7380,#7381,#7382),(#7383,#7384,#7385,#7386),
(#7387,#7388,#7389,#7390)),.UNSPECIFIED.,.F.,.F.,.F.,(4,1,4),(4,4),(0.,
0.571428571428571,1.),(0.18962274810944,0.512230427636513),
 .UNSPECIFIED.);
#169=B_SPLINE_SURFACE_WITH_KNOTS('',3,3,((#7428,#7429,#7430,#7431),(#7432,
#7433,#7434,#7435),(#7436,#7437,#7438,#7439),(#7440,#7441,#7442,#7443),
(#7444,#7445,#7446,#7447)),.UNSPECIFIED.,.F.,.F.,.F.,(4,1,4),(4,4),(0.,
0.571428571428571,1.),(0.,0.322607756216435),.UNSPECIFIED.);
#170=B_SPLINE_SURFACE_WITH_KNOTS('',3,3,((#7478,#7479,#7480,#7481),(#7482,
#7483,#7484,#7485),(#7486,#7487,#7488,#7489),(#7490,#7491,#7492,#7493),
(#7494,#7495,#7496,#7497)),.UNSPECIFIED.,.F.,.F.,.F.,(4,1,4),(4,4),(0.,
0.571428571428571,1.),(0.18962274810944,0.512230427636513),
 .UNSPECIFIED.);
#171=B_SPLINE_SURFACE_WITH_KNOTS('',3,3,((#7569,#7570,#7571,#7572),(#7573,
#7574,#7575,#7576),(#7577,#7578,#7579,#7580),(#7581,#7582,#7583,#7584),
(#7585,#7586,#7587,#7588)),.UNSPECIFIED.,.F.,.F.,.F.,(4,1,4),(4,4),(0.,
0.571428571428571,1.),(0.,0.322607756216435),.UNSPECIFIED.);
#172=B_SPLINE_SURFACE_WITH_KNOTS('',3,3,((#7632,#7633,#7634,#7635),(#7636,
#7637,#7638,#7639),(#7640,#7641,#7642,#7643),(#7644,#7645,#7646,#7647),
(#7648,#7649,#7650,#7651)),.UNSPECIFIED.,.F.,.F.,.F.,(4,1,4),(4,4),(0.,
0.571428571428571,1.),(0.18962274810944,0.512230427636513),
 .UNSPECIFIED.);
#173=B_SPLINE_SURFACE_WITH_KNOTS('',3,3,((#7720,#7721,#7722,#7723),(#7724,
#7725,#7726,#7727),(#7728,#7729,#7730,#7731),(#7732,#7733,#7734,#7735),
(#7736,#7737,#7738,#7739)),.UNSPECIFIED.,.F.,.F.,.F.,(4,1,4),(4,4),(0.,
0.571428571428571,1.),(0.,0.322607756216435),.UNSPECIFIED.);
#174=B_SPLINE_SURFACE_WITH_KNOTS('',3,3,((#7753,#7754,#7755,#7756),(#7757,
#7758,#7759,#7760),(#7761,#7762,#7763,#7764),(#7765,#7766,#7767,#7768),
(#7769,#7770,#7771,#7772)),.UNSPECIFIED.,.F.,.F.,.F.,(4,1,4),(4,4),(0.,
0.571428571428571,1.),(0.18962274810944,0.512230427636513),
 .UNSPECIFIED.);
#175=B_SPLINE_SURFACE_WITH_KNOTS('',3,3,((#7824,#7825,#7826,#7827),(#7828,
#7829,#7830,#7831),(#7832,#7833,#7834,#7835),(#7836,#7837,#7838,#7839),
(#7840,#7841,#7842,#7843)),.UNSPECIFIED.,.F.,.F.,.F.,(4,1,4),(4,4),(0.,
0.571428571428571,1.),(0.,0.322607756216435),.UNSPECIFIED.);
#176=B_SPLINE_SURFACE_WITH_KNOTS('',3,3,((#7861,#7862,#7863,#7864),(#7865,
#7866,#7867,#7868),(#7869,#7870,#7871,#7872),(#7873,#7874,#7875,#7876),
(#7877,#7878,#7879,#7880)),.UNSPECIFIED.,.F.,.F.,.F.,(4,1,4),(4,4),(0.,
0.571428571428571,1.),(0.18962274810944,0.512230427636513),
 .UNSPECIFIED.);
#177=B_SPLINE_SURFACE_WITH_KNOTS('',3,3,((#7952,#7953,#7954,#7955),(#7956,
#7957,#7958,#7959),(#7960,#7961,#7962,#7963),(#7964,#7965,#7966,#7967),
(#7968,#7969,#7970,#7971)),.UNSPECIFIED.,.F.,.F.,.F.,(4,1,4),(4,4),(0.,
0.571428571428571,1.),(0.,0.322607756216435),.UNSPECIFIED.);
#178=B_SPLINE_SURFACE_WITH_KNOTS('',3,3,((#8015,#8016,#8017,#8018),(#8019,
#8020,#8021,#8022),(#8023,#8024,#8025,#8026),(#8027,#8028,#8029,#8030),
(#8031,#8032,#8033,#8034)),.UNSPECIFIED.,.F.,.F.,.F.,(4,1,4),(4,4),(0.,
0.571428571428571,1.),(0.18962274810944,0.512230427636513),
 .UNSPECIFIED.);
#179=B_SPLINE_SURFACE_WITH_KNOTS('',3,3,((#8083,#8084,#8085,#8086),(#8087,
#8088,#8089,#8090),(#8091,#8092,#8093,#8094),(#8095,#8096,#8097,#8098),
(#8099,#8100,#8101,#8102)),.UNSPECIFIED.,.F.,.F.,.F.,(4,1,4),(4,4),(0.,
0.571428571428571,1.),(0.,0.322607756216435),.UNSPECIFIED.);
#180=B_SPLINE_SURFACE_WITH_KNOTS('',3,3,((#8103,#8104,#8105,#8106),(#8107,
#8108,#8109,#8110),(#8111,#8112,#8113,#8114),(#8115,#8116,#8117,#8118),
(#8119,#8120,#8121,#8122)),.UNSPECIFIED.,.F.,.F.,.F.,(4,1,4),(4,4),(0.,
0.571428571428571,1.),(0.18962274810944,0.512230427636513),
 .UNSPECIFIED.);
#181=B_SPLINE_SURFACE_WITH_KNOTS('',3,3,((#8153,#8154,#8155,#8156),(#8157,
#8158,#8159,#8160),(#8161,#8162,#8163,#8164),(#8165,#8166,#8167,#8168),
(#8169,#8170,#8171,#8172)),.UNSPECIFIED.,.F.,.F.,.F.,(4,1,4),(4,4),(0.,
0.571428571428571,1.),(0.,0.322607756216435),.UNSPECIFIED.);
#182=B_SPLINE_SURFACE_WITH_KNOTS('',3,3,((#8173,#8174,#8175,#8176),(#8177,
#8178,#8179,#8180),(#8181,#8182,#8183,#8184),(#8185,#8186,#8187,#8188),
(#8189,#8190,#8191,#8192)),.UNSPECIFIED.,.F.,.F.,.F.,(4,1,4),(4,4),(0.,
0.571428571428571,1.),(0.18962274810944,0.512230427636513),
 .UNSPECIFIED.);
#183=B_SPLINE_SURFACE_WITH_KNOTS('',3,3,((#8241,#8242,#8243,#8244),(#8245,
#8246,#8247,#8248),(#8249,#8250,#8251,#8252),(#8253,#8254,#8255,#8256),
(#8257,#8258,#8259,#8260)),.UNSPECIFIED.,.F.,.F.,.F.,(4,1,4),(4,4),(0.,
0.571428571428571,1.),(0.,0.322607756216435),.UNSPECIFIED.);
#184=B_SPLINE_SURFACE_WITH_KNOTS('',3,3,((#8274,#8275,#8276,#8277),(#8278,
#8279,#8280,#8281),(#8282,#8283,#8284,#8285),(#8286,#8287,#8288,#8289),
(#8290,#8291,#8292,#8293)),.UNSPECIFIED.,.F.,.F.,.F.,(4,1,4),(4,4),(0.,
0.571428571428571,1.),(0.18962274810944,0.512230427636513),
 .UNSPECIFIED.);
#185=B_SPLINE_SURFACE_WITH_KNOTS('',3,3,((#8365,#8366,#8367,#8368),(#8369,
#8370,#8371,#8372),(#8373,#8374,#8375,#8376),(#8377,#8378,#8379,#8380),
(#8381,#8382,#8383,#8384)),.UNSPECIFIED.,.F.,.F.,.F.,(4,1,4),(4,4),(0.,
0.571428571428571,1.),(0.,0.322607756216435),.UNSPECIFIED.);
#186=B_SPLINE_SURFACE_WITH_KNOTS('',3,3,((#8428,#8429,#8430,#8431),(#8432,
#8433,#8434,#8435),(#8436,#8437,#8438,#8439),(#8440,#8441,#8442,#8443),
(#8444,#8445,#8446,#8447)),.UNSPECIFIED.,.F.,.F.,.F.,(4,1,4),(4,4),(0.,
0.571428571428571,1.),(0.18962274810944,0.512230427636513),
 .UNSPECIFIED.);
#187=B_SPLINE_SURFACE_WITH_KNOTS('',3,3,((#8468,#8469,#8470,#8471),(#8472,
#8473,#8474,#8475),(#8476,#8477,#8478,#8479),(#8480,#8481,#8482,#8483),
(#8484,#8485,#8486,#8487)),.UNSPECIFIED.,.F.,.F.,.F.,(4,1,4),(4,4),(0.,
0.571428571428571,1.),(0.18962274810944,0.512230427636513),
 .UNSPECIFIED.);
#188=B_SPLINE_SURFACE_WITH_KNOTS('',3,3,((#8559,#8560,#8561,#8562),(#8563,
#8564,#8565,#8566),(#8567,#8568,#8569,#8570),(#8571,#8572,#8573,#8574),
(#8575,#8576,#8577,#8578)),.UNSPECIFIED.,.F.,.F.,.F.,(4,1,4),(4,4),(0.,
0.571428571428571,1.),(0.,0.322607756216435),.UNSPECIFIED.);
#189=B_SPLINE_SURFACE_WITH_KNOTS('',3,3,((#8622,#8623,#8624,#8625),(#8626,
#8627,#8628,#8629),(#8630,#8631,#8632,#8633),(#8634,#8635,#8636,#8637),
(#8638,#8639,#8640,#8641)),.UNSPECIFIED.,.F.,.F.,.F.,(4,1,4),(4,4),(0.,
0.571428571428571,1.),(0.18962274810944,0.512230427636513),
 .UNSPECIFIED.);
#190=B_SPLINE_SURFACE_WITH_KNOTS('',3,3,((#8713,#8714,#8715,#8716),(#8717,
#8718,#8719,#8720),(#8721,#8722,#8723,#8724),(#8725,#8726,#8727,#8728),
(#8729,#8730,#8731,#8732)),.UNSPECIFIED.,.F.,.F.,.F.,(4,1,4),(4,4),(0.,
0.571428571428571,1.),(0.,0.322607756216435),.UNSPECIFIED.);
#191=B_SPLINE_SURFACE_WITH_KNOTS('',3,3,((#8821,#8822,#8823,#8824),(#8825,
#8826,#8827,#8828),(#8829,#8830,#8831,#8832),(#8833,#8834,#8835,#8836),
(#8837,#8838,#8839,#8840)),.UNSPECIFIED.,.F.,.F.,.F.,(4,1,4),(4,4),(0.,
0.571428571428571,1.),(0.,0.322301323796116),.UNSPECIFIED.);
#192=B_SPLINE_SURFACE_WITH_KNOTS('',3,3,((#8871,#8872,#8873,#8874),(#8875,
#8876,#8877,#8878),(#8879,#8880,#8881,#8882),(#8883,#8884,#8885,#8886),
(#8887,#8888,#8889,#8890)),.UNSPECIFIED.,.F.,.F.,.F.,(4,1,4),(4,4),(0.,
0.571428571428571,1.),(0.18962274810944,0.512230427636513),
 .UNSPECIFIED.);
#193=B_SPLINE_SURFACE_WITH_KNOTS('',3,3,((#8939,#8940,#8941,#8942),(#8943,
#8944,#8945,#8946),(#8947,#8948,#8949,#8950),(#8951,#8952,#8953,#8954),
(#8955,#8956,#8957,#8958)),.UNSPECIFIED.,.F.,.F.,.F.,(4,1,4),(4,4),(0.,
0.571428571428571,1.),(0.,0.322607756216435),.UNSPECIFIED.);
#194=B_SPLINE_SURFACE_WITH_KNOTS('',3,3,((#8959,#8960,#8961,#8962),(#8963,
#8964,#8965,#8966),(#8967,#8968,#8969,#8970),(#8971,#8972,#8973,#8974),
(#8975,#8976,#8977,#8978)),.UNSPECIFIED.,.F.,.F.,.F.,(4,1,4),(4,4),(0.,
0.571428571428571,1.),(0.18962274810944,0.512230427636513),
 .UNSPECIFIED.);
#195=B_SPLINE_SURFACE_WITH_KNOTS('',3,3,((#9027,#9028,#9029,#9030),(#9031,
#9032,#9033,#9034),(#9035,#9036,#9037,#9038),(#9039,#9040,#9041,#9042),
(#9043,#9044,#9045,#9046)),.UNSPECIFIED.,.F.,.F.,.F.,(4,1,4),(4,4),(0.,
0.571428571428571,1.),(0.,0.322607756216435),.UNSPECIFIED.);
#196=B_SPLINE_SURFACE_WITH_KNOTS('',3,3,((#9047,#9048,#9049,#9050),(#9051,
#9052,#9053,#9054),(#9055,#9056,#9057,#9058),(#9059,#9060,#9061,#9062),
(#9063,#9064,#9065,#9066)),.UNSPECIFIED.,.F.,.F.,.F.,(4,1,4),(4,4),(0.,
0.571428571428571,1.),(0.18962274810944,0.512230427636513),
 .UNSPECIFIED.);
#197=B_SPLINE_SURFACE_WITH_KNOTS('',3,3,((#9094,#9095,#9096,#9097),(#9098,
#9099,#9100,#9101),(#9102,#9103,#9104,#9105),(#9106,#9107,#9108,#9109),
(#9110,#9111,#9112,#9113)),.UNSPECIFIED.,.F.,.F.,.F.,(4,1,4),(4,4),(0.,
0.571428571428571,1.),(0.,0.322607756216435),.UNSPECIFIED.);
#198=B_SPLINE_SURFACE_WITH_KNOTS('',3,3,((#9114,#9115,#9116,#9117),(#9118,
#9119,#9120,#9121),(#9122,#9123,#9124,#9125),(#9126,#9127,#9128,#9129),
(#9130,#9131,#9132,#9133)),.UNSPECIFIED.,.F.,.F.,.F.,(4,1,4),(4,4),(0.,
0.571428571428571,1.),(0.18962274810944,0.512230427636513),
 .UNSPECIFIED.);
#199=B_SPLINE_SURFACE_WITH_KNOTS('',3,3,((#9182,#9183,#9184,#9185),(#9186,
#9187,#9188,#9189),(#9190,#9191,#9192,#9193),(#9194,#9195,#9196,#9197),
(#9198,#9199,#9200,#9201)),.UNSPECIFIED.,.F.,.F.,.F.,(4,1,4),(4,4),(0.,
0.571428571428571,1.),(0.,0.322607756216435),.UNSPECIFIED.);
#200=B_SPLINE_SURFACE_WITH_KNOTS('',3,3,((#9202,#9203,#9204,#9205),(#9206,
#9207,#9208,#9209),(#9210,#9211,#9212,#9213),(#9214,#9215,#9216,#9217),
(#9218,#9219,#9220,#9221)),.UNSPECIFIED.,.F.,.F.,.F.,(4,1,4),(4,4),(0.,
0.571428571428571,1.),(0.18962274810944,0.512230427636513),
 .UNSPECIFIED.);
#201=B_SPLINE_SURFACE_WITH_KNOTS('',3,3,((#9270,#9271,#9272,#9273),(#9274,
#9275,#9276,#9277),(#9278,#9279,#9280,#9281),(#9282,#9283,#9284,#9285),
(#9286,#9287,#9288,#9289)),.UNSPECIFIED.,.F.,.F.,.F.,(4,1,4),(4,4),(0.,
0.571428571428571,1.),(0.,0.322607756216435),.UNSPECIFIED.);
#202=CYLINDRICAL_SURFACE('',#3733,1.49999999999964);
#203=CYLINDRICAL_SURFACE('',#3736,1.05);
#204=CYLINDRICAL_SURFACE('',#3737,1.49999999999963);
#205=CYLINDRICAL_SURFACE('',#3742,25.8113520145771);
#206=CYLINDRICAL_SURFACE('',#3754,25.8113520145771);
#207=CYLINDRICAL_SURFACE('',#3807,25.8113520145771);
#208=CYLINDRICAL_SURFACE('',#3811,1.05);
#209=CYLINDRICAL_SURFACE('',#3814,4.05);
#210=CYLINDRICAL_SURFACE('',#3831,25.4113520145771);
#211=CYLINDRICAL_SURFACE('',#3833,25.4113520145771);
#212=CYLINDRICAL_SURFACE('',#3926,25.8113520145771);
#213=CYLINDRICAL_SURFACE('',#3927,25.8113520145771);
#214=CYLINDRICAL_SURFACE('',#3939,25.8113520145771);
#215=CYLINDRICAL_SURFACE('',#3941,25.8113520145771);
#216=CYLINDRICAL_SURFACE('',#3942,25.8113520145771);
#217=CYLINDRICAL_SURFACE('',#3949,25.8113520145771);
#218=CYLINDRICAL_SURFACE('',#3951,25.8113520145771);
#219=CYLINDRICAL_SURFACE('',#3970,25.8113520145771);
#220=CYLINDRICAL_SURFACE('',#3983,25.8113520145771);
#221=CYLINDRICAL_SURFACE('',#3984,25.8113520145771);
#222=CYLINDRICAL_SURFACE('',#3996,25.8113520145771);
#223=CYLINDRICAL_SURFACE('',#4020,25.8113520145771);
#224=CYLINDRICAL_SURFACE('',#4021,25.8113520145771);
#225=CYLINDRICAL_SURFACE('',#4049,25.8113520145771);
#226=CYLINDRICAL_SURFACE('',#4062,25.8113520145771);
#227=CYLINDRICAL_SURFACE('',#4063,25.8113520145771);
#228=CYLINDRICAL_SURFACE('',#4079,25.8113520145771);
#229=CYLINDRICAL_SURFACE('',#4080,25.8113520145771);
#230=CYLINDRICAL_SURFACE('',#4093,25.8113520145771);
#231=CYLINDRICAL_SURFACE('',#4094,25.8113520145771);
#232=CYLINDRICAL_SURFACE('',#4105,25.8113520145771);
#233=CYLINDRICAL_SURFACE('',#4173,25.4113520145771);
#234=FACE_OUTER_BOUND('',#467,.T.);
#235=FACE_OUTER_BOUND('',#468,.T.);
#236=FACE_OUTER_BOUND('',#469,.T.);
#237=FACE_OUTER_BOUND('',#470,.T.);
#238=FACE_OUTER_BOUND('',#471,.T.);
#239=FACE_OUTER_BOUND('',#472,.T.);
#240=FACE_OUTER_BOUND('',#473,.T.);
#241=FACE_OUTER_BOUND('',#474,.T.);
#242=FACE_OUTER_BOUND('',#475,.T.);
#243=FACE_OUTER_BOUND('',#476,.T.);
#244=FACE_OUTER_BOUND('',#477,.T.);
#245=FACE_OUTER_BOUND('',#478,.T.);
#246=FACE_OUTER_BOUND('',#479,.T.);
#247=FACE_OUTER_BOUND('',#480,.T.);
#248=FACE_OUTER_BOUND('',#481,.T.);
#249=FACE_OUTER_BOUND('',#482,.T.);
#250=FACE_OUTER_BOUND('',#483,.T.);
#251=FACE_OUTER_BOUND('',#484,.T.);
#252=FACE_OUTER_BOUND('',#485,.T.);
#253=FACE_OUTER_BOUND('',#486,.T.);
#254=FACE_OUTER_BOUND('',#487,.T.);
#255=FACE_OUTER_BOUND('',#488,.T.);
#256=FACE_OUTER_BOUND('',#489,.T.);
#257=FACE_OUTER_BOUND('',#490,.T.);
#258=FACE_OUTER_BOUND('',#492,.T.);
#259=FACE_OUTER_BOUND('',#494,.T.);
#260=FACE_OUTER_BOUND('',#495,.T.);
#261=FACE_OUTER_BOUND('',#496,.T.);
#262=FACE_OUTER_BOUND('',#497,.T.);
#263=FACE_OUTER_BOUND('',#498,.T.);
#264=FACE_OUTER_BOUND('',#499,.T.);
#265=FACE_OUTER_BOUND('',#500,.T.);
#266=FACE_OUTER_BOUND('',#501,.T.);
#267=FACE_OUTER_BOUND('',#502,.T.);
#268=FACE_OUTER_BOUND('',#503,.T.);
#269=FACE_OUTER_BOUND('',#504,.T.);
#270=FACE_OUTER_BOUND('',#505,.T.);
#271=FACE_OUTER_BOUND('',#506,.T.);
#272=FACE_OUTER_BOUND('',#507,.T.);
#273=FACE_OUTER_BOUND('',#508,.T.);
#274=FACE_OUTER_BOUND('',#509,.T.);
#275=FACE_OUTER_BOUND('',#510,.T.);
#276=FACE_OUTER_BOUND('',#511,.T.);
#277=FACE_OUTER_BOUND('',#512,.T.);
#278=FACE_OUTER_BOUND('',#513,.T.);
#279=FACE_OUTER_BOUND('',#514,.T.);
#280=FACE_OUTER_BOUND('',#515,.T.);
#281=FACE_OUTER_BOUND('',#516,.T.);
#282=FACE_OUTER_BOUND('',#517,.T.);
#283=FACE_OUTER_BOUND('',#518,.T.);
#284=FACE_OUTER_BOUND('',#519,.T.);
#285=FACE_OUTER_BOUND('',#520,.T.);
#286=FACE_OUTER_BOUND('',#521,.T.);
#287=FACE_OUTER_BOUND('',#522,.T.);
#288=FACE_OUTER_BOUND('',#523,.T.);
#289=FACE_OUTER_BOUND('',#524,.T.);
#290=FACE_OUTER_BOUND('',#525,.T.);
#291=FACE_OUTER_BOUND('',#526,.T.);
#292=FACE_OUTER_BOUND('',#527,.T.);
#293=FACE_OUTER_BOUND('',#528,.T.);
#294=FACE_OUTER_BOUND('',#529,.T.);
#295=FACE_OUTER_BOUND('',#530,.T.);
#296=FACE_OUTER_BOUND('',#531,.T.);
#297=FACE_OUTER_BOUND('',#532,.T.);
#298=FACE_OUTER_BOUND('',#533,.T.);
#299=FACE_OUTER_BOUND('',#534,.T.);
#300=FACE_OUTER_BOUND('',#535,.T.);
#301=FACE_OUTER_BOUND('',#536,.T.);
#302=FACE_OUTER_BOUND('',#537,.T.);
#303=FACE_OUTER_BOUND('',#538,.T.);
#304=FACE_OUTER_BOUND('',#539,.T.);
#305=FACE_OUTER_BOUND('',#540,.T.);
#306=FACE_OUTER_BOUND('',#541,.T.);
#307=FACE_OUTER_BOUND('',#542,.T.);
#308=FACE_OUTER_BOUND('',#543,.T.);
#309=FACE_OUTER_BOUND('',#544,.T.);
#310=FACE_OUTER_BOUND('',#545,.T.);
#311=FACE_OUTER_BOUND('',#546,.T.);
#312=FACE_OUTER_BOUND('',#547,.T.);
#313=FACE_OUTER_BOUND('',#548,.T.);
#314=FACE_OUTER_BOUND('',#549,.T.);
#315=FACE_OUTER_BOUND('',#550,.T.);
#316=FACE_OUTER_BOUND('',#551,.T.);
#317=FACE_OUTER_BOUND('',#552,.T.);
#318=FACE_OUTER_BOUND('',#553,.T.);
#319=FACE_OUTER_BOUND('',#554,.T.);
#320=FACE_OUTER_BOUND('',#555,.T.);
#321=FACE_OUTER_BOUND('',#556,.T.);
#322=FACE_OUTER_BOUND('',#557,.T.);
#323=FACE_OUTER_BOUND('',#558,.T.);
#324=FACE_OUTER_BOUND('',#559,.T.);
#325=FACE_OUTER_BOUND('',#560,.T.);
#326=FACE_OUTER_BOUND('',#561,.T.);
#327=FACE_OUTER_BOUND('',#562,.T.);
#328=FACE_OUTER_BOUND('',#563,.T.);
#329=FACE_OUTER_BOUND('',#564,.T.);
#330=FACE_OUTER_BOUND('',#565,.T.);
#331=FACE_OUTER_BOUND('',#566,.T.);
#332=FACE_OUTER_BOUND('',#567,.T.);
#333=FACE_OUTER_BOUND('',#568,.T.);
#334=FACE_OUTER_BOUND('',#569,.T.);
#335=FACE_OUTER_BOUND('',#570,.T.);
#336=FACE_OUTER_BOUND('',#571,.T.);
#337=FACE_OUTER_BOUND('',#572,.T.);
#338=FACE_OUTER_BOUND('',#573,.T.);
#339=FACE_OUTER_BOUND('',#574,.T.);
#340=FACE_OUTER_BOUND('',#575,.T.);
#341=FACE_OUTER_BOUND('',#576,.T.);
#342=FACE_OUTER_BOUND('',#577,.T.);
#343=FACE_OUTER_BOUND('',#578,.T.);
#344=FACE_OUTER_BOUND('',#579,.T.);
#345=FACE_OUTER_BOUND('',#580,.T.);
#346=FACE_OUTER_BOUND('',#581,.T.);
#347=FACE_OUTER_BOUND('',#582,.T.);
#348=FACE_OUTER_BOUND('',#583,.T.);
#349=FACE_OUTER_BOUND('',#584,.T.);
#350=FACE_OUTER_BOUND('',#585,.T.);
#351=FACE_OUTER_BOUND('',#586,.T.);
#352=FACE_OUTER_BOUND('',#587,.T.);
#353=FACE_OUTER_BOUND('',#588,.T.);
#354=FACE_OUTER_BOUND('',#589,.T.);
#355=FACE_OUTER_BOUND('',#590,.T.);
#356=FACE_OUTER_BOUND('',#591,.T.);
#357=FACE_OUTER_BOUND('',#592,.T.);
#358=FACE_OUTER_BOUND('',#593,.T.);
#359=FACE_OUTER_BOUND('',#594,.T.);
#360=FACE_OUTER_BOUND('',#595,.T.);
#361=FACE_OUTER_BOUND('',#596,.T.);
#362=FACE_OUTER_BOUND('',#597,.T.);
#363=FACE_OUTER_BOUND('',#598,.T.);
#364=FACE_OUTER_BOUND('',#599,.T.);
#365=FACE_OUTER_BOUND('',#600,.T.);
#366=FACE_OUTER_BOUND('',#601,.T.);
#367=FACE_OUTER_BOUND('',#602,.T.);
#368=FACE_OUTER_BOUND('',#603,.T.);
#369=FACE_OUTER_BOUND('',#604,.T.);
#370=FACE_OUTER_BOUND('',#605,.T.);
#371=FACE_OUTER_BOUND('',#606,.T.);
#372=FACE_OUTER_BOUND('',#607,.T.);
#373=FACE_OUTER_BOUND('',#608,.T.);
#374=FACE_OUTER_BOUND('',#609,.T.);
#375=FACE_OUTER_BOUND('',#610,.T.);
#376=FACE_OUTER_BOUND('',#611,.T.);
#377=FACE_OUTER_BOUND('',#612,.T.);
#378=FACE_OUTER_BOUND('',#613,.T.);
#379=FACE_OUTER_BOUND('',#614,.T.);
#380=FACE_OUTER_BOUND('',#615,.T.);
#381=FACE_OUTER_BOUND('',#616,.T.);
#382=FACE_OUTER_BOUND('',#617,.T.);
#383=FACE_OUTER_BOUND('',#618,.T.);
#384=FACE_OUTER_BOUND('',#619,.T.);
#385=FACE_OUTER_BOUND('',#620,.T.);
#386=FACE_OUTER_BOUND('',#621,.T.);
#387=FACE_OUTER_BOUND('',#622,.T.);
#388=FACE_OUTER_BOUND('',#623,.T.);
#389=FACE_OUTER_BOUND('',#624,.T.);
#390=FACE_OUTER_BOUND('',#625,.T.);
#391=FACE_OUTER_BOUND('',#626,.T.);
#392=FACE_OUTER_BOUND('',#627,.T.);
#393=FACE_OUTER_BOUND('',#628,.T.);
#394=FACE_OUTER_BOUND('',#629,.T.);
#395=FACE_OUTER_BOUND('',#630,.T.);
#396=FACE_OUTER_BOUND('',#631,.T.);
#397=FACE_OUTER_BOUND('',#632,.T.);
#398=FACE_OUTER_BOUND('',#633,.T.);
#399=FACE_OUTER_BOUND('',#634,.T.);
#400=FACE_OUTER_BOUND('',#635,.T.);
#401=FACE_OUTER_BOUND('',#636,.T.);
#402=FACE_OUTER_BOUND('',#637,.T.);
#403=FACE_OUTER_BOUND('',#638,.T.);
#404=FACE_OUTER_BOUND('',#639,.T.);
#405=FACE_OUTER_BOUND('',#640,.T.);
#406=FACE_OUTER_BOUND('',#641,.T.);
#407=FACE_OUTER_BOUND('',#642,.T.);
#408=FACE_OUTER_BOUND('',#643,.T.);
#409=FACE_OUTER_BOUND('',#644,.T.);
#410=FACE_OUTER_BOUND('',#645,.T.);
#411=FACE_OUTER_BOUND('',#646,.T.);
#412=FACE_OUTER_BOUND('',#647,.T.);
#413=FACE_OUTER_BOUND('',#648,.T.);
#414=FACE_OUTER_BOUND('',#649,.T.);
#415=FACE_OUTER_BOUND('',#650,.T.);
#416=FACE_OUTER_BOUND('',#651,.T.);
#417=FACE_OUTER_BOUND('',#652,.T.);
#418=FACE_OUTER_BOUND('',#653,.T.);
#419=FACE_OUTER_BOUND('',#654,.T.);
#420=FACE_OUTER_BOUND('',#655,.T.);
#421=FACE_OUTER_BOUND('',#656,.T.);
#422=FACE_OUTER_BOUND('',#657,.T.);
#423=FACE_OUTER_BOUND('',#658,.T.);
#424=FACE_OUTER_BOUND('',#659,.T.);
#425=FACE_OUTER_BOUND('',#660,.T.);
#426=FACE_OUTER_BOUND('',#661,.T.);
#427=FACE_OUTER_BOUND('',#662,.T.);
#428=FACE_OUTER_BOUND('',#663,.T.);
#429=FACE_OUTER_BOUND('',#664,.T.);
#430=FACE_OUTER_BOUND('',#665,.T.);
#431=FACE_OUTER_BOUND('',#666,.T.);
#432=FACE_OUTER_BOUND('',#667,.T.);
#433=FACE_OUTER_BOUND('',#668,.T.);
#434=FACE_OUTER_BOUND('',#669,.T.);
#435=FACE_OUTER_BOUND('',#670,.T.);
#436=FACE_OUTER_BOUND('',#671,.T.);
#437=FACE_OUTER_BOUND('',#672,.T.);
#438=FACE_OUTER_BOUND('',#673,.T.);
#439=FACE_OUTER_BOUND('',#674,.T.);
#440=FACE_OUTER_BOUND('',#675,.T.);
#441=FACE_OUTER_BOUND('',#676,.T.);
#442=FACE_OUTER_BOUND('',#677,.T.);
#443=FACE_OUTER_BOUND('',#679,.T.);
#444=FACE_OUTER_BOUND('',#680,.T.);
#445=FACE_OUTER_BOUND('',#681,.T.);
#446=FACE_OUTER_BOUND('',#682,.T.);
#447=FACE_OUTER_BOUND('',#683,.T.);
#448=FACE_OUTER_BOUND('',#684,.T.);
#449=FACE_OUTER_BOUND('',#685,.T.);
#450=FACE_OUTER_BOUND('',#688,.T.);
#451=FACE_OUTER_BOUND('',#689,.T.);
#452=FACE_OUTER_BOUND('',#690,.T.);
#453=FACE_OUTER_BOUND('',#691,.T.);
#454=FACE_OUTER_BOUND('',#692,.T.);
#455=FACE_OUTER_BOUND('',#693,.T.);
#456=FACE_OUTER_BOUND('',#694,.T.);
#457=FACE_OUTER_BOUND('',#695,.T.);
#458=FACE_OUTER_BOUND('',#696,.T.);
#459=FACE_OUTER_BOUND('',#697,.T.);
#460=FACE_OUTER_BOUND('',#698,.T.);
#461=FACE_OUTER_BOUND('',#701,.T.);
#462=FACE_OUTER_BOUND('',#702,.T.);
#463=FACE_OUTER_BOUND('',#703,.T.);
#464=FACE_OUTER_BOUND('',#704,.T.);
#465=FACE_OUTER_BOUND('',#705,.T.);
#466=FACE_OUTER_BOUND('',#706,.T.);
#467=EDGE_LOOP('',(#2289,#2290,#2291,#2292,#2293,#2294,#2295,#2296));
#468=EDGE_LOOP('',(#2297,#2298,#2299,#2300,#2301,#2302));
#469=EDGE_LOOP('',(#2303,#2304,#2305,#2306,#2307,#2308,#2309,#2310));
#470=EDGE_LOOP('',(#2311,#2312,#2313,#2314,#2315,#2316));
#471=EDGE_LOOP('',(#2317,#2318,#2319,#2320,#2321,#2322));
#472=EDGE_LOOP('',(#2323,#2324,#2325,#2326,#2327,#2328,#2329,#2330));
#473=EDGE_LOOP('',(#2331,#2332,#2333,#2334,#2335,#2336,#2337,#2338));
#474=EDGE_LOOP('',(#2339,#2340,#2341,#2342));
#475=EDGE_LOOP('',(#2343,#2344,#2345));
#476=EDGE_LOOP('',(#2346,#2347,#2348,#2349,#2350));
#477=EDGE_LOOP('',(#2351,#2352,#2353,#2354));
#478=EDGE_LOOP('',(#2355,#2356,#2357));
#479=EDGE_LOOP('',(#2358,#2359,#2360,#2361,#2362,#2363,#2364));
#480=EDGE_LOOP('',(#2365,#2366,#2367));
#481=EDGE_LOOP('',(#2368,#2369,#2370,#2371));
#482=EDGE_LOOP('',(#2372,#2373,#2374,#2375,#2376,#2377,#2378,#2379,#2380,
#2381,#2382,#2383,#2384,#2385,#2386,#2387,#2388,#2389));
#483=EDGE_LOOP('',(#2390,#2391,#2392,#2393,#2394,#2395,#2396,#2397,#2398,
#2399,#2400,#2401,#2402,#2403,#2404,#2405,#2406,#2407,#2408,#2409,#2410,
#2411,#2412,#2413,#2414,#2415,#2416,#2417,#2418,#2419,#2420,#2421,#2422,
#2423,#2424,#2425,#2426,#2427));
#484=EDGE_LOOP('',(#2428,#2429,#2430,#2431));
#485=EDGE_LOOP('',(#2432,#2433,#2434,#2435));
#486=EDGE_LOOP('',(#2436,#2437,#2438,#2439,#2440));
#487=EDGE_LOOP('',(#2441,#2442,#2443));
#488=EDGE_LOOP('',(#2444,#2445,#2446,#2447));
#489=EDGE_LOOP('',(#2448,#2449,#2450,#2451));
#490=EDGE_LOOP('',(#2452));
#491=EDGE_LOOP('',(#2453));
#492=EDGE_LOOP('',(#2454,#2455,#2456,#2457,#2458,#2459,#2460,#2461,#2462,
#2463,#2464));
#493=EDGE_LOOP('',(#2465));
#494=EDGE_LOOP('',(#2466,#2467,#2468,#2469,#2470,#2471,#2472,#2473,#2474,
#2475,#2476,#2477,#2478,#2479,#2480,#2481,#2482,#2483,#2484,#2485));
#495=EDGE_LOOP('',(#2486,#2487,#2488,#2489,#2490,#2491,#2492,#2493,#2494,
#2495));
#496=EDGE_LOOP('',(#2496,#2497,#2498,#2499,#2500,#2501,#2502,#2503,#2504,
#2505));
#497=EDGE_LOOP('',(#2506,#2507,#2508,#2509,#2510,#2511,#2512,#2513,#2514,
#2515,#2516,#2517,#2518,#2519,#2520,#2521,#2522,#2523,#2524,#2525));
#498=EDGE_LOOP('',(#2526,#2527,#2528,#2529,#2530,#2531));
#499=EDGE_LOOP('',(#2532,#2533,#2534,#2535,#2536,#2537));
#500=EDGE_LOOP('',(#2538,#2539));
#501=EDGE_LOOP('',(#2540,#2541,#2542,#2543,#2544,#2545,#2546,#2547,#2548,
#2549,#2550,#2551,#2552,#2553));
#502=EDGE_LOOP('',(#2554,#2555,#2556,#2557,#2558,#2559,#2560));
#503=EDGE_LOOP('',(#2561,#2562,#2563,#2564));
#504=EDGE_LOOP('',(#2565,#2566,#2567,#2568));
#505=EDGE_LOOP('',(#2569,#2570,#2571,#2572));
#506=EDGE_LOOP('',(#2573,#2574,#2575,#2576));
#507=EDGE_LOOP('',(#2577,#2578,#2579,#2580));
#508=EDGE_LOOP('',(#2581,#2582,#2583,#2584));
#509=EDGE_LOOP('',(#2585,#2586,#2587,#2588));
#510=EDGE_LOOP('',(#2589,#2590,#2591,#2592));
#511=EDGE_LOOP('',(#2593,#2594,#2595,#2596));
#512=EDGE_LOOP('',(#2597,#2598,#2599,#2600));
#513=EDGE_LOOP('',(#2601,#2602,#2603,#2604,#2605,#2606));
#514=EDGE_LOOP('',(#2607,#2608,#2609,#2610));
#515=EDGE_LOOP('',(#2611,#2612,#2613,#2614));
#516=EDGE_LOOP('',(#2615,#2616,#2617,#2618));
#517=EDGE_LOOP('',(#2619,#2620,#2621,#2622,#2623));
#518=EDGE_LOOP('',(#2624,#2625,#2626,#2627));
#519=EDGE_LOOP('',(#2628,#2629,#2630,#2631));
#520=EDGE_LOOP('',(#2632,#2633,#2634,#2635));
#521=EDGE_LOOP('',(#2636,#2637,#2638,#2639));
#522=EDGE_LOOP('',(#2640,#2641,#2642,#2643));
#523=EDGE_LOOP('',(#2644,#2645,#2646,#2647));
#524=EDGE_LOOP('',(#2648,#2649,#2650,#2651));
#525=EDGE_LOOP('',(#2652,#2653,#2654,#2655));
#526=EDGE_LOOP('',(#2656,#2657,#2658,#2659,#2660));
#527=EDGE_LOOP('',(#2661,#2662,#2663,#2664));
#528=EDGE_LOOP('',(#2665,#2666,#2667,#2668));
#529=EDGE_LOOP('',(#2669,#2670,#2671,#2672));
#530=EDGE_LOOP('',(#2673,#2674,#2675,#2676));
#531=EDGE_LOOP('',(#2677,#2678,#2679,#2680));
#532=EDGE_LOOP('',(#2681,#2682,#2683,#2684));
#533=EDGE_LOOP('',(#2685,#2686,#2687,#2688));
#534=EDGE_LOOP('',(#2689,#2690,#2691,#2692));
#535=EDGE_LOOP('',(#2693,#2694,#2695,#2696));
#536=EDGE_LOOP('',(#2697,#2698,#2699,#2700));
#537=EDGE_LOOP('',(#2701,#2702,#2703));
#538=EDGE_LOOP('',(#2704,#2705,#2706));
#539=EDGE_LOOP('',(#2707,#2708,#2709,#2710));
#540=EDGE_LOOP('',(#2711,#2712,#2713,#2714));
#541=EDGE_LOOP('',(#2715,#2716,#2717,#2718));
#542=EDGE_LOOP('',(#2719,#2720,#2721,#2722));
#543=EDGE_LOOP('',(#2723,#2724,#2725,#2726,#2727,#2728,#2729));
#544=EDGE_LOOP('',(#2730,#2731,#2732,#2733));
#545=EDGE_LOOP('',(#2734,#2735,#2736));
#546=EDGE_LOOP('',(#2737,#2738,#2739,#2740));
#547=EDGE_LOOP('',(#2741,#2742,#2743,#2744));
#548=EDGE_LOOP('',(#2745,#2746,#2747,#2748));
#549=EDGE_LOOP('',(#2749,#2750,#2751));
#550=EDGE_LOOP('',(#2752,#2753,#2754));
#551=EDGE_LOOP('',(#2755,#2756,#2757,#2758));
#552=EDGE_LOOP('',(#2759,#2760,#2761,#2762));
#553=EDGE_LOOP('',(#2763,#2764,#2765,#2766,#2767,#2768,#2769,#2770,#2771,
#2772));
#554=EDGE_LOOP('',(#2773,#2774,#2775,#2776));
#555=EDGE_LOOP('',(#2777,#2778,#2779,#2780));
#556=EDGE_LOOP('',(#2781,#2782,#2783));
#557=EDGE_LOOP('',(#2784,#2785,#2786,#2787));
#558=EDGE_LOOP('',(#2788,#2789,#2790,#2791));
#559=EDGE_LOOP('',(#2792,#2793,#2794,#2795));
#560=EDGE_LOOP('',(#2796,#2797,#2798));
#561=EDGE_LOOP('',(#2799,#2800,#2801,#2802));
#562=EDGE_LOOP('',(#2803,#2804,#2805,#2806,#2807));
#563=EDGE_LOOP('',(#2808,#2809,#2810,#2811,#2812));
#564=EDGE_LOOP('',(#2813,#2814,#2815,#2816,#2817));
#565=EDGE_LOOP('',(#2818,#2819,#2820));
#566=EDGE_LOOP('',(#2821,#2822,#2823,#2824,#2825,#2826,#2827));
#567=EDGE_LOOP('',(#2828,#2829,#2830,#2831));
#568=EDGE_LOOP('',(#2832,#2833,#2834,#2835));
#569=EDGE_LOOP('',(#2836,#2837,#2838,#2839));
#570=EDGE_LOOP('',(#2840,#2841,#2842));
#571=EDGE_LOOP('',(#2843,#2844,#2845,#2846));
#572=EDGE_LOOP('',(#2847,#2848,#2849,#2850));
#573=EDGE_LOOP('',(#2851,#2852,#2853,#2854));
#574=EDGE_LOOP('',(#2855,#2856,#2857,#2858));
#575=EDGE_LOOP('',(#2859,#2860,#2861,#2862));
#576=EDGE_LOOP('',(#2863,#2864,#2865,#2866));
#577=EDGE_LOOP('',(#2867,#2868,#2869));
#578=EDGE_LOOP('',(#2870,#2871,#2872));
#579=EDGE_LOOP('',(#2873,#2874,#2875,#2876));
#580=EDGE_LOOP('',(#2877,#2878,#2879,#2880));
#581=EDGE_LOOP('',(#2881,#2882,#2883,#2884));
#582=EDGE_LOOP('',(#2885,#2886,#2887,#2888));
#583=EDGE_LOOP('',(#2889,#2890,#2891,#2892));
#584=EDGE_LOOP('',(#2893,#2894,#2895,#2896));
#585=EDGE_LOOP('',(#2897,#2898,#2899));
#586=EDGE_LOOP('',(#2900,#2901,#2902,#2903));
#587=EDGE_LOOP('',(#2904,#2905,#2906,#2907));
#588=EDGE_LOOP('',(#2908,#2909,#2910,#2911));
#589=EDGE_LOOP('',(#2912,#2913,#2914,#2915));
#590=EDGE_LOOP('',(#2916,#2917,#2918,#2919));
#591=EDGE_LOOP('',(#2920,#2921,#2922,#2923));
#592=EDGE_LOOP('',(#2924,#2925,#2926,#2927));
#593=EDGE_LOOP('',(#2928,#2929,#2930,#2931));
#594=EDGE_LOOP('',(#2932,#2933,#2934,#2935));
#595=EDGE_LOOP('',(#2936,#2937,#2938,#2939));
#596=EDGE_LOOP('',(#2940,#2941,#2942,#2943));
#597=EDGE_LOOP('',(#2944,#2945,#2946,#2947));
#598=EDGE_LOOP('',(#2948,#2949,#2950));
#599=EDGE_LOOP('',(#2951,#2952,#2953));
#600=EDGE_LOOP('',(#2954,#2955,#2956,#2957));
#601=EDGE_LOOP('',(#2958,#2959,#2960,#2961));
#602=EDGE_LOOP('',(#2962,#2963,#2964,#2965));
#603=EDGE_LOOP('',(#2966,#2967,#2968,#2969));
#604=EDGE_LOOP('',(#2970,#2971,#2972,#2973));
#605=EDGE_LOOP('',(#2974,#2975,#2976,#2977));
#606=EDGE_LOOP('',(#2978,#2979,#2980,#2981));
#607=EDGE_LOOP('',(#2982,#2983,#2984,#2985));
#608=EDGE_LOOP('',(#2986,#2987,#2988,#2989));
#609=EDGE_LOOP('',(#2990,#2991,#2992,#2993));
#610=EDGE_LOOP('',(#2994,#2995,#2996,#2997));
#611=EDGE_LOOP('',(#2998,#2999,#3000,#3001));
#612=EDGE_LOOP('',(#3002,#3003,#3004,#3005));
#613=EDGE_LOOP('',(#3006,#3007,#3008,#3009));
#614=EDGE_LOOP('',(#3010,#3011,#3012,#3013));
#615=EDGE_LOOP('',(#3014,#3015,#3016,#3017));
#616=EDGE_LOOP('',(#3018,#3019,#3020,#3021));
#617=EDGE_LOOP('',(#3022,#3023,#3024));
#618=EDGE_LOOP('',(#3025,#3026,#3027,#3028));
#619=EDGE_LOOP('',(#3029,#3030,#3031,#3032));
#620=EDGE_LOOP('',(#3033,#3034,#3035,#3036));
#621=EDGE_LOOP('',(#3037,#3038,#3039,#3040));
#622=EDGE_LOOP('',(#3041,#3042,#3043,#3044));
#623=EDGE_LOOP('',(#3045,#3046,#3047,#3048));
#624=EDGE_LOOP('',(#3049,#3050,#3051));
#625=EDGE_LOOP('',(#3052,#3053,#3054));
#626=EDGE_LOOP('',(#3055,#3056,#3057,#3058));
#627=EDGE_LOOP('',(#3059,#3060,#3061,#3062));
#628=EDGE_LOOP('',(#3063,#3064,#3065,#3066));
#629=EDGE_LOOP('',(#3067,#3068,#3069,#3070));
#630=EDGE_LOOP('',(#3071,#3072,#3073,#3074));
#631=EDGE_LOOP('',(#3075,#3076,#3077,#3078));
#632=EDGE_LOOP('',(#3079,#3080,#3081,#3082));
#633=EDGE_LOOP('',(#3083,#3084,#3085,#3086));
#634=EDGE_LOOP('',(#3087,#3088,#3089,#3090));
#635=EDGE_LOOP('',(#3091,#3092,#3093));
#636=EDGE_LOOP('',(#3094,#3095,#3096));
#637=EDGE_LOOP('',(#3097,#3098,#3099,#3100));
#638=EDGE_LOOP('',(#3101,#3102,#3103,#3104));
#639=EDGE_LOOP('',(#3105,#3106,#3107,#3108));
#640=EDGE_LOOP('',(#3109,#3110,#3111,#3112));
#641=EDGE_LOOP('',(#3113,#3114,#3115,#3116));
#642=EDGE_LOOP('',(#3117,#3118,#3119,#3120));
#643=EDGE_LOOP('',(#3121,#3122,#3123));
#644=EDGE_LOOP('',(#3124,#3125,#3126));
#645=EDGE_LOOP('',(#3127,#3128,#3129,#3130,#3131));
#646=EDGE_LOOP('',(#3132,#3133,#3134,#3135,#3136));
#647=EDGE_LOOP('',(#3137,#3138,#3139));
#648=EDGE_LOOP('',(#3140,#3141,#3142,#3143));
#649=EDGE_LOOP('',(#3144,#3145,#3146,#3147,#3148));
#650=EDGE_LOOP('',(#3149,#3150,#3151,#3152));
#651=EDGE_LOOP('',(#3153,#3154,#3155,#3156));
#652=EDGE_LOOP('',(#3157,#3158,#3159,#3160));
#653=EDGE_LOOP('',(#3161,#3162,#3163,#3164));
#654=EDGE_LOOP('',(#3165,#3166,#3167,#3168));
#655=EDGE_LOOP('',(#3169,#3170,#3171,#3172));
#656=EDGE_LOOP('',(#3173,#3174,#3175,#3176));
#657=EDGE_LOOP('',(#3177,#3178,#3179,#3180));
#658=EDGE_LOOP('',(#3181,#3182,#3183,#3184));
#659=EDGE_LOOP('',(#3185,#3186,#3187,#3188));
#660=EDGE_LOOP('',(#3189,#3190,#3191,#3192));
#661=EDGE_LOOP('',(#3193,#3194,#3195,#3196));
#662=EDGE_LOOP('',(#3197,#3198,#3199,#3200));
#663=EDGE_LOOP('',(#3201,#3202,#3203,#3204));
#664=EDGE_LOOP('',(#3205,#3206,#3207,#3208,#3209,#3210));
#665=EDGE_LOOP('',(#3211,#3212,#3213,#3214));
#666=EDGE_LOOP('',(#3215,#3216,#3217,#3218));
#667=EDGE_LOOP('',(#3219,#3220,#3221,#3222));
#668=EDGE_LOOP('',(#3223,#3224,#3225,#3226));
#669=EDGE_LOOP('',(#3227,#3228,#3229,#3230));
#670=EDGE_LOOP('',(#3231,#3232,#3233,#3234));
#671=EDGE_LOOP('',(#3235,#3236,#3237,#3238));
#672=EDGE_LOOP('',(#3239,#3240,#3241,#3242));
#673=EDGE_LOOP('',(#3243,#3244,#3245,#3246));
#674=EDGE_LOOP('',(#3247,#3248,#3249,#3250));
#675=EDGE_LOOP('',(#3251,#3252,#3253,#3254));
#676=EDGE_LOOP('',(#3255,#3256,#3257,#3258));
#677=EDGE_LOOP('',(#3259,#3260,#3261,#3262));
#678=EDGE_LOOP('',(#3263,#3264));
#679=EDGE_LOOP('',(#3265,#3266,#3267,#3268));
#680=EDGE_LOOP('',(#3269,#3270,#3271,#3272));
#681=EDGE_LOOP('',(#3273,#3274,#3275,#3276));
#682=EDGE_LOOP('',(#3277,#3278,#3279,#3280));
#683=EDGE_LOOP('',(#3281,#3282,#3283,#3284));
#684=EDGE_LOOP('',(#3285,#3286,#3287,#3288));
#685=EDGE_LOOP('',(#3289,#3290,#3291,#3292,#3293,#3294,#3295,#3296,#3297,
#3298,#3299,#3300,#3301,#3302,#3303,#3304,#3305,#3306,#3307,#3308,#3309,
#3310,#3311,#3312,#3313,#3314,#3315,#3316,#3317,#3318,#3319,#3320,#3321,
#3322,#3323,#3324,#3325,#3326,#3327,#3328,#3329,#3330,#3331,#3332,#3333,
#3334,#3335,#3336,#3337,#3338,#3339,#3340,#3341,#3342,#3343,#3344,#3345,
#3346,#3347,#3348,#3349,#3350,#3351,#3352,#3353,#3354,#3355,#3356,#3357,
#3358,#3359,#3360));
#686=EDGE_LOOP('',(#3361));
#687=EDGE_LOOP('',(#3362,#3363,#3364,#3365));
#688=EDGE_LOOP('',(#3366,#3367));
#689=EDGE_LOOP('',(#3368,#3369,#3370,#3371,#3372,#3373,#3374));
#690=EDGE_LOOP('',(#3375,#3376,#3377,#3378));
#691=EDGE_LOOP('',(#3379,#3380,#3381));
#692=EDGE_LOOP('',(#3382,#3383,#3384,#3385));
#693=EDGE_LOOP('',(#3386,#3387,#3388,#3389));
#694=EDGE_LOOP('',(#3390,#3391,#3392,#3393));
#695=EDGE_LOOP('',(#3394,#3395,#3396,#3397));
#696=EDGE_LOOP('',(#3398,#3399,#3400,#3401,#3402,#3403,#3404));
#697=EDGE_LOOP('',(#3405,#3406,#3407,#3408));
#698=EDGE_LOOP('',(#3409,#3410,#3411,#3412,#3413,#3414,#3415,#3416));
#699=EDGE_LOOP('',(#3417,#3418));
#700=EDGE_LOOP('',(#3419,#3420));
#701=EDGE_LOOP('',(#3421,#3422,#3423,#3424));
#702=EDGE_LOOP('',(#3425,#3426,#3427,#3428));
#703=EDGE_LOOP('',(#3429,#3430,#3431,#3432));
#704=EDGE_LOOP('',(#3433,#3434,#3435,#3436,#3437,#3438,#3439,#3440,#3441,
#3442));
#705=EDGE_LOOP('',(#3443,#3444,#3445,#3446));
#706=EDGE_LOOP('',(#3447,#3448,#3449,#3450));
#707=EDGE_LOOP('',(#3451,#3452));
#708=B_SPLINE_CURVE_WITH_KNOTS('',3,(#5152,#5153,#5154,#5155,#5156,#5157),
 .UNSPECIFIED.,.F.,.F.,(4,2,4),(5.04843100801996,5.05042199105073,5.17459798819262),
 .UNSPECIFIED.);
#709=B_SPLINE_CURVE_WITH_KNOTS('',3,(#5159,#5160,#5161,#5162,#5163,#5164,
#5165,#5166,#5167,#5168,#5169,#5170,#5171,#5172,#5173,#5174),
 .UNSPECIFIED.,.F.,.F.,(4,2,2,2,2,2,2,4),(-0.497686745219473,-0.411703228669639,
-0.357900199996703,-0.312701079649894,-0.264907356932821,-0.20326524094185,
-0.117050749949,0.),.UNSPECIFIED.);
#710=B_SPLINE_CURVE_WITH_KNOTS('',3,(#5176,#5177,#5178,#5179,#5180,#5181,
#5182,#5183),.UNSPECIFIED.,.F.,.F.,(4,2,2,4),(-0.28059396651971,-0.207899909413895,
-0.116320862342909,0.),.UNSPECIFIED.);
#711=B_SPLINE_CURVE_WITH_KNOTS('',3,(#5189,#5190,#5191,#5192,#5193,#5194,
#5195,#5196,#5197,#5198,#5199,#5200,#5201,#5202,#5203,#5204,#5205,#5206,
#5207,#5208),.UNSPECIFIED.,.F.,.F.,(4,2,2,2,2,2,2,2,2,4),(-0.548859961601588,
-0.520627415193429,-0.49239486878527,-0.435929775968952,-0.352006080382812,
-0.268082384796671,-0.189545728297039,-0.111009071797406,-0.0555045358987032,
0.),.UNSPECIFIED.);
#712=B_SPLINE_CURVE_WITH_KNOTS('',3,(#5212,#5213,#5214,#5215,#5216,#5217,
#5218,#5219,#5220,#5221),.UNSPECIFIED.,.F.,.F.,(4,2,2,2,4),(-0.17902501418198,
-0.151158878452053,-0.103149890132245,-0.0529151654993517,-0.0177751985182755),
 .UNSPECIFIED.);
#713=B_SPLINE_CURVE_WITH_KNOTS('',3,(#5223,#5224,#5225,#5226,#5227,#5228,
#5229,#5230,#5231,#5232,#5233,#5234,#5235,#5236,#5237,#5238,#5239,#5240,
#5241,#5242),.UNSPECIFIED.,.F.,.F.,(4,2,2,2,2,2,2,2,2,4),(-0.698550999230298,
-0.64017844408442,-0.590324170446209,-0.531184781772675,-0.507738732275928,
-0.495271338991452,-0.484283790870072,-0.470023970447636,-0.436739153059831,
-0.358269466990797),.UNSPECIFIED.);
#714=B_SPLINE_CURVE_WITH_KNOTS('',3,(#5243,#5244,#5245,#5246,#5247,#5248,
#5249,#5250,#5251,#5252,#5253,#5254),.UNSPECIFIED.,.F.,.F.,(4,2,2,2,2,4),
(0.,0.0557289295339702,0.11145785906794,0.17908707583134,0.24671629259474,
0.296352660208091),.UNSPECIFIED.);
#715=B_SPLINE_CURVE_WITH_KNOTS('',3,(#5263,#5264,#5265,#5266),
 .UNSPECIFIED.,.F.,.F.,(4,4),(-0.00840638396213261,-0.000625418017580679),
 .UNSPECIFIED.);
#716=B_SPLINE_CURVE_WITH_KNOTS('',3,(#5268,#5269,#5270,#5271,#5272,#5273,
#5274,#5275,#5276,#5277),.UNSPECIFIED.,.F.,.F.,(4,2,2,2,4),(2.78421399561887,
2.81594909719977,2.9498220587506,3.11983010905573,3.27453512292058),
 .UNSPECIFIED.);
#717=B_SPLINE_CURVE_WITH_KNOTS('',3,(#5280,#5281,#5282,#5283,#5284,#5285,
#5286,#5287),.UNSPECIFIED.,.F.,.F.,(4,2,2,4),(3.27012954880273,3.7390007605495,
4.30630260625839,4.53552658812403),.UNSPECIFIED.);
#718=B_SPLINE_CURVE_WITH_KNOTS('',3,(#5291,#5292,#5293,#5294,#5295,#5296,
#5297,#5298,#5299,#5300,#5301,#5302,#5303,#5304,#5305,#5306,#5307,#5308),
 .UNSPECIFIED.,.F.,.F.,(4,2,2,2,2,2,2,2,4),(0.,0.0418733130240951,0.0837466260481902,
0.123188478366978,0.162630330685765,0.202072183004553,0.24151403532334,
0.283387348347436,0.325260661371531),.UNSPECIFIED.);
#719=B_SPLINE_CURVE_WITH_KNOTS('',3,(#5309,#5310,#5311,#5312,#5313,#5314,
#5315,#5316,#5317,#5318,#5319,#5320,#5321,#5322,#5323,#5324,#5325,#5326),
 .UNSPECIFIED.,.F.,.F.,(4,2,2,2,2,2,2,2,4),(0.325260661371531,0.367173158431074,
0.409085655490617,0.448531894314027,0.487978133137437,0.527424371960847,
0.566870610784258,0.608783107843801,0.650695604903344),.UNSPECIFIED.);
#720=B_SPLINE_CURVE_WITH_KNOTS('',3,(#5330,#5331,#5332,#5333,#5334,#5335,
#5336,#5337,#5338,#5339,#5340,#5341,#5342,#5343,#5344,#5345,#5346,#5347),
 .UNSPECIFIED.,.F.,.F.,(4,2,2,2,2,2,2,2,4),(0.,0.039556934827285,0.07911386965457,
0.118670800587341,0.158227731520113,0.197784662452884,0.237341593385655,
0.27689852821294,0.316455463040226),.UNSPECIFIED.);
#721=B_SPLINE_CURVE_WITH_KNOTS('',3,(#5348,#5349,#5350,#5351,#5352,#5353,
#5354,#5355,#5356,#5357,#5358,#5359,#5360,#5361,#5362,#5363,#5364,#5365),
 .UNSPECIFIED.,.F.,.F.,(4,2,2,2,2,2,2,2,4),(0.316455463040226,0.356012397867511,
0.395569332694796,0.435126263627567,0.474683194560339,0.51424012549311,
0.553797056425881,0.593353991253166,0.632910926080451),.UNSPECIFIED.);
#722=B_SPLINE_CURVE_WITH_KNOTS('',3,(#5369,#5370,#5371,#5372,#5373,#5374,
#5375,#5376,#5377,#5378,#5379,#5380,#5381,#5382,#5383,#5384,#5385,#5386,
#5387,#5388),.UNSPECIFIED.,.F.,.F.,(4,2,2,2,2,2,2,2,2,4),(-0.548859961601559,
-0.493355425702856,-0.437850889804153,-0.359314233304526,-0.2807775768049,
-0.196853881218768,-0.112930185632635,-0.0564650928163175,-0.0282325464081588,
0.),.UNSPECIFIED.);
#723=B_SPLINE_CURVE_WITH_KNOTS('',3,(#5392,#5393,#5394,#5395,#5396,#5397,
#5398,#5399,#5400,#5401,#5402,#5403),.UNSPECIFIED.,.F.,.F.,(4,2,2,2,2,4),
(0.201331381983556,0.250967749597154,0.318596966360551,0.386226183123948,
0.441955112657918,0.497684042191888),.UNSPECIFIED.);
#724=B_SPLINE_CURVE_WITH_KNOTS('',3,(#5405,#5406,#5407,#5408,#5409,#5410,
#5411,#5412,#5413,#5414,#5415,#5416,#5417,#5418,#5419,#5420,#5421,#5422,
#5423,#5424),.UNSPECIFIED.,.F.,.F.,(4,2,2,2,2,2,2,2,2,4),(-0.325757365728565,
-0.272432331119175,-0.225564120432791,-0.206884492031209,-0.195533932129636,
-0.184812659045451,-0.169143650175728,-0.112568636836685,-0.0412327381803876,
-0.000433211880355812),.UNSPECIFIED.);
#725=B_SPLINE_CURVE_WITH_KNOTS('',3,(#5426,#5427,#5428,#5429,#5430,#5431,
#5432,#5433,#5434,#5435,#5436,#5437),.UNSPECIFIED.,.F.,.F.,(4,2,2,2,2,4),
(-0.570803433915882,-0.555656947442194,-0.521709127231446,-0.478120385254123,
-0.436197694815177,-0.409273145163655),.UNSPECIFIED.);
#726=B_SPLINE_CURVE_WITH_KNOTS('',3,(#5443,#5444,#5445,#5446,#5447,#5448,
#5449,#5450),.UNSPECIFIED.,.F.,.F.,(4,2,2,4),(1.8078712415577,2.03709522342385,
2.60439706913283,3.0732682808797),.UNSPECIFIED.);
#727=B_SPLINE_CURVE_WITH_KNOTS('',3,(#5454,#5455,#5456,#5457,#5458,#5459,
#5460,#5461,#5462,#5463),.UNSPECIFIED.,.F.,.F.,(4,2,2,2,4),(6.52437465796148,
6.67907967182668,6.84908772213181,6.98296068368264,7.01469578526355),
 .UNSPECIFIED.);
#728=B_SPLINE_CURVE_WITH_KNOTS('',3,(#5465,#5466,#5467,#5468),
 .UNSPECIFIED.,.F.,.F.,(4,4),(-0.0077809930245317,0.),.UNSPECIFIED.);
#729=B_SPLINE_CURVE_WITH_KNOTS('',3,(#5477,#5478,#5479,#5480,#5481,#5482,
#5483,#5484),.UNSPECIFIED.,.F.,.F.,(4,2,2,4),(-0.363679310889121,-0.245081450987044,
-0.12878171539578,-0.0266334601532168),.UNSPECIFIED.);
#730=B_SPLINE_CURVE_WITH_KNOTS('',3,(#5486,#5487,#5488,#5489,#5490,#5491,
#5492,#5493,#5494,#5495,#5496,#5497,#5498,#5499,#5500,#5501),
 .UNSPECIFIED.,.F.,.F.,(4,2,2,2,2,2,2,4),(-0.345247836160585,-0.275627334034414,
-0.210887892559396,-0.169671272058356,-0.137502498071935,-0.105542262246813,
-0.0661244732889325,0.),.UNSPECIFIED.);
#731=B_SPLINE_CURVE_WITH_KNOTS('',3,(#5503,#5504,#5505,#5506,#5507,#5508),
 .UNSPECIFIED.,.F.,.F.,(4,2,4),(1.35414458567868,1.47832058282022,1.48031156585013),
 .UNSPECIFIED.);
#732=B_SPLINE_CURVE_WITH_KNOTS('',3,(#5515,#5516,#5517,#5518,#5519,#5520,
#5521,#5522,#5523,#5524),.UNSPECIFIED.,.F.,.F.,(4,2,2,2,4),(0.11515634386004,
0.132312057412084,0.20654994778688,0.262580339706603,0.318533094600432),
 .UNSPECIFIED.);
#733=B_SPLINE_CURVE_WITH_KNOTS('',3,(#5526,#5527,#5528,#5529,#5530,#5531,
#5532,#5533,#5534,#5535,#5536,#5537),.UNSPECIFIED.,.F.,.F.,(4,2,2,2,2,4),
(0.,0.107519952392643,0.201494968220568,0.281786737866503,0.321369143850433,
0.360754701011847),.UNSPECIFIED.);
#734=B_SPLINE_CURVE_WITH_KNOTS('',3,(#5555,#5556,#5557,#5558),
 .UNSPECIFIED.,.F.,.F.,(4,4),(-0.4482550546229,-0.297226149773158),
 .UNSPECIFIED.);
#735=B_SPLINE_CURVE_WITH_KNOTS('',3,(#5581,#5582,#5583,#5584),
 .UNSPECIFIED.,.F.,.F.,(4,4),(0.,0.322607756216435),.UNSPECIFIED.);
#736=B_SPLINE_CURVE_WITH_KNOTS('',3,(#5589,#5590,#5591,#5592,#5593,#5594,
#5595,#5596,#5597,#5598,#5599,#5600,#5601),.UNSPECIFIED.,.F.,.F.,(4,2,2,
2,3,4),(-0.284536252964297,-0.205211511335517,-0.131628175909024,-0.063732834687388,
0.,0.010217889144194),.UNSPECIFIED.);
#737=B_SPLINE_CURVE_WITH_KNOTS('',3,(#5628,#5629,#5630,#5631,#5632,#5633,
#5634,#5635),.UNSPECIFIED.,.F.,.F.,(4,2,2,4),(0.,0.107519952392749,0.201494968220861,
0.227828061324272),.UNSPECIFIED.);
#738=B_SPLINE_CURVE_WITH_KNOTS('',3,(#5636,#5637,#5638,#5639),
 .UNSPECIFIED.,.F.,.F.,(4,4),(-0.4482414213735,-0.297232808278059),
 .UNSPECIFIED.);
#739=B_SPLINE_CURVE_WITH_KNOTS('',3,(#5643,#5644,#5645,#5646,#5647,#5648,
#5649,#5650,#5651,#5652,#5653,#5654),.UNSPECIFIED.,.F.,.F.,(4,2,2,2,2,4),
(0.,0.0645342301807948,0.132312057412075,0.206549947786867,0.262580339706583,
0.3185330946004),.UNSPECIFIED.);
#740=B_SPLINE_CURVE_WITH_KNOTS('',3,(#5757,#5758,#5759,#5760,#5761,#5762,
#5763,#5764,#5765,#5766,#5767,#5768,#5769),.UNSPECIFIED.,.F.,.F.,(4,3,2,
2,2,4),(-0.0102178891441941,0.,0.063732834687388,0.131628175909024,0.205211511335517,
0.284536252964297),.UNSPECIFIED.);
#741=B_SPLINE_CURVE_WITH_KNOTS('',3,(#5773,#5774,#5775,#5776,#5777,#5778,
#5779,#5780,#5781,#5782,#5783,#5784),.UNSPECIFIED.,.F.,.F.,(4,2,2,2,2,4),
(0.00579137311469569,0.0645342301807973,0.132312057412086,0.206549947786887,
0.262580339706608,0.318533094600433),.UNSPECIFIED.);
#742=B_SPLINE_CURVE_WITH_KNOTS('',3,(#5785,#5786,#5787,#5788,#5789,#5790,
#5791,#5792,#5793,#5794,#5795,#5796),.UNSPECIFIED.,.F.,.F.,(4,2,2,2,2,4),
(0.,0.107519952392681,0.201494968220674,0.281786737866665,0.321369143850623,
0.360754701012082),.UNSPECIFIED.);
#743=B_SPLINE_CURVE_WITH_KNOTS('',3,(#5818,#5819,#5820,#5821),
 .UNSPECIFIED.,.F.,.F.,(4,4),(0.193769066635711,0.512230427636513),
 .UNSPECIFIED.);
#744=B_SPLINE_CURVE_WITH_KNOTS('',3,(#5824,#5825,#5826,#5827),
 .UNSPECIFIED.,.F.,.F.,(4,4),(-0.214997689719084,0.),.UNSPECIFIED.);
#745=B_SPLINE_CURVE_WITH_KNOTS('',3,(#5869,#5870,#5871,#5872,#5873,#5874,
#5875,#5876,#5877,#5878,#5879,#5880,#5881,#5882,#5883,#5884,#5885,#5886,
#5887,#5888,#5889,#5890,#5891,#5892,#5893,#5894),.UNSPECIFIED.,.F.,.F.,
(4,2,2,2,2,2,2,2,2,2,2,2,4),(8.2604288414771,8.42075217806589,8.85493247339785,
9.31056408777441,9.76619570215097,10.2218273165275,10.6774589309041,11.1226660772647,
11.5678732236253,12.0130803699859,12.4582875163465,12.9028567814947,13.0919959797671),
 .UNSPECIFIED.);
#746=B_SPLINE_CURVE_WITH_KNOTS('',3,(#5896,#5897,#5898,#5899,#5900,#5901),
 .UNSPECIFIED.,.F.,.F.,(4,2,4),(1.66859247711783,2.0345419119395,2.42892264983345),
 .UNSPECIFIED.);
#747=B_SPLINE_CURVE_WITH_KNOTS('',3,(#5903,#5904,#5905,#5906,#5907,#5908,
#5909,#5910,#5911,#5912),.UNSPECIFIED.,.F.,.F.,(4,2,2,2,4),(-0.594921076142854,
-0.587962170242621,-0.458726680385312,-0.274189381690431,-0.0477004860461616),
 .UNSPECIFIED.);
#748=B_SPLINE_CURVE_WITH_KNOTS('',3,(#5914,#5915,#5916,#5917,#5918,#5919,
#5920,#5921,#5922,#5923,#5924,#5925,#5926,#5927,#5928,#5929),
 .UNSPECIFIED.,.F.,.F.,(4,2,2,2,2,2,2,4),(-1.7885240666472,-1.73637833245705,
-1.6264914709576,-1.51568538327172,-1.43712390669309,-1.37236795843246,
-1.30391861685673,-1.21535953772872),.UNSPECIFIED.);
#749=B_SPLINE_CURVE_WITH_KNOTS('',3,(#5931,#5932,#5933,#5934,#5935,#5936),
 .UNSPECIFIED.,.F.,.F.,(4,2,4),(6.60748642797043,7.00772901504846,7.2387696769256),
 .UNSPECIFIED.);
#750=B_SPLINE_CURVE_WITH_KNOTS('',3,(#5938,#5939,#5940,#5941,#5942,#5943,
#5944,#5945,#5946,#5947,#5948,#5949,#5950),.UNSPECIFIED.,.F.,.F.,(4,2,2,
2,3,4),(-0.33665515623906,-0.293825665176389,-0.210141969100847,-0.108224836147443,
0.,0.0132719168186879),.UNSPECIFIED.);
#751=B_SPLINE_CURVE_WITH_KNOTS('',3,(#5952,#5953,#5954,#5955,#5956,#5957,
#5958,#5959,#5960,#5961,#5962,#5963),.UNSPECIFIED.,.F.,.F.,(4,2,2,2,2,4),
(-0.797086703852766,-0.722220964238635,-0.655278483936612,-0.596250851490664,
-0.537003102276103,-0.488941757759171),.UNSPECIFIED.);
#752=B_SPLINE_CURVE_WITH_KNOTS('',3,(#5965,#5966,#5967,#5968,#5969,#5970,
#5971,#5972),.UNSPECIFIED.,.F.,.F.,(4,2,2,4),(5.01360447542839,5.03364593230141,
5.45306503332309,5.45908592092301),.UNSPECIFIED.);
#753=B_SPLINE_CURVE_WITH_KNOTS('',3,(#5974,#5975,#5976,#5977,#5978,#5979,
#5980,#5981,#5982,#5983,#5984,#5985),.UNSPECIFIED.,.F.,.F.,(4,2,2,2,2,4),
(-0.381711170429587,-0.371909635059754,-0.296647362926228,-0.220242111350805,
-0.14416302614905,-0.0765982983820609),.UNSPECIFIED.);
#754=B_SPLINE_CURVE_WITH_KNOTS('',3,(#5987,#5988,#5989,#5990,#5991,#5992,
#5993,#5994,#5995,#5996,#5997,#5998),.UNSPECIFIED.,.F.,.F.,(4,2,2,2,2,4),
(-0.534190504845036,-0.501237909133992,-0.432638151035021,-0.364478183262976,
-0.294756533147921,-0.238763319009092),.UNSPECIFIED.);
#755=B_SPLINE_CURVE_WITH_KNOTS('',3,(#6000,#6001,#6002,#6003,#6004,#6005),
 .UNSPECIFIED.,.F.,.F.,(4,2,4),(3.91975186351745,4.15720714960544,4.30528298829243),
 .UNSPECIFIED.);
#756=B_SPLINE_CURVE_WITH_KNOTS('',3,(#6007,#6008,#6009,#6010,#6011,#6012,
#6013,#6014,#6015,#6016,#6017,#6018),.UNSPECIFIED.,.F.,.F.,(4,2,2,2,2,4),
(-0.333323961121683,-0.277615472018891,-0.208985049904859,-0.140447676550742,
-0.0708659440611262,-0.0378836430477897),.UNSPECIFIED.);
#757=B_SPLINE_CURVE_WITH_KNOTS('',3,(#6020,#6021,#6022,#6023,#6024,#6025,
#6026,#6027,#6028,#6029,#6030,#6031),.UNSPECIFIED.,.F.,.F.,(4,2,2,2,2,4),
(-0.500524562874811,-0.428727272227819,-0.352261517043175,-0.276514123967031,
-0.202921100047965,-0.195505577383832),.UNSPECIFIED.);
#758=B_SPLINE_CURVE_WITH_KNOTS('',3,(#6033,#6034,#6035,#6036,#6037,#6038),
 .UNSPECIFIED.,.F.,.F.,(4,2,4),(3.43577298520273,3.77538862923637,3.88511739975557),
 .UNSPECIFIED.);
#759=B_SPLINE_CURVE_WITH_KNOTS('',3,(#6040,#6041,#6042,#6043,#6044,#6045,
#6046,#6047,#6048,#6049,#6050,#6051,#6052,#6053),.UNSPECIFIED.,.F.,.F.,
(4,2,2,2,2,2,4),(-0.48711759701962,-0.453522270137553,-0.395108577349219,
-0.334070105399526,-0.263750603603639,-0.179759505320467,-0.177571898096548),
 .UNSPECIFIED.);
#760=B_SPLINE_CURVE_WITH_KNOTS('',3,(#6055,#6056,#6057,#6058,#6059,#6060,
#6061,#6062,#6063,#6064,#6065,#6066,#6067,#6068,#6069),.UNSPECIFIED.,.F.,
 .F.,(4,3,2,2,2,2,4),(-0.0133360973756379,0.,0.086198940971743,0.172028774414089,
0.26034668706224,0.334680239466182,0.346746637081626),.UNSPECIFIED.);
#761=B_SPLINE_CURVE_WITH_KNOTS('',3,(#6071,#6072,#6073,#6074,#6075,#6076,
#6077,#6078),.UNSPECIFIED.,.F.,.F.,(4,2,2,4),(3.07343517735988,3.21966774665636,
3.69446696195062,3.69702095872583),.UNSPECIFIED.);
#762=B_SPLINE_CURVE_WITH_KNOTS('',3,(#6080,#6081,#6082,#6083,#6084,#6085,
#6086,#6087,#6088,#6089,#6090,#6091,#6092,#6093),.UNSPECIFIED.,.F.,.F.,
(4,2,2,2,2,2,4),(-0.51825365591404,-0.4522507446492,-0.396941420263071,
-0.34035080177195,-0.267939429407227,-0.160954489278302,-0.045569320016785),
 .UNSPECIFIED.);
#763=B_SPLINE_CURVE_WITH_KNOTS('',3,(#6095,#6096,#6097,#6098,#6099,#6100,
#6101,#6102,#6103,#6104),.UNSPECIFIED.,.F.,.F.,(4,2,2,2,4),(0.0477141552070455,
0.247412964180741,0.42404758832892,0.554645870706233,0.604660397242535),
 .UNSPECIFIED.);
#764=B_SPLINE_CURVE_WITH_KNOTS('',3,(#6105,#6106,#6107,#6108),
 .UNSPECIFIED.,.F.,.F.,(4,4),(1.59258340456918,2.37362472196005),
 .UNSPECIFIED.);
#765=B_SPLINE_CURVE_WITH_KNOTS('',3,(#6112,#6113,#6114,#6115),
 .UNSPECIFIED.,.F.,.F.,(4,4),(-0.112829219925471,-0.0747551085258961),
 .UNSPECIFIED.);
#766=B_SPLINE_CURVE_WITH_KNOTS('',3,(#6127,#6128,#6129,#6130,#6131,#6132,
#6133,#6134,#6135,#6136,#6137),.UNSPECIFIED.,.F.,.F.,(4,2,2,3,4),(-0.467807041584856,
-0.428534375876724,-0.214267187938362,0.,0.121178692253824),
 .UNSPECIFIED.);
#767=B_SPLINE_CURVE_WITH_KNOTS('',3,(#6139,#6140,#6141,#6142,#6143,#6144,
#6145,#6146,#6147,#6148,#6149,#6150,#6151,#6152),.UNSPECIFIED.,.F.,.F.,
(4,2,2,2,2,2,4),(-0.514604400417094,-0.454354853956202,-0.367121659042714,
-0.28666456791634,-0.202768469282274,-0.11066417034143,-0.0793767917996399),
 .UNSPECIFIED.);
#768=B_SPLINE_CURVE_WITH_KNOTS('',3,(#6154,#6155,#6156,#6157,#6158,#6159,
#6160,#6161,#6162,#6163,#6164,#6165),.UNSPECIFIED.,.F.,.F.,(4,2,2,2,2,4),
(-0.679960992279234,-0.635471609472972,-0.57015529325954,-0.494340885712415,
-0.413916299804032,-0.371806672419608),.UNSPECIFIED.);
#769=B_SPLINE_CURVE_WITH_KNOTS('',3,(#6167,#6168,#6169,#6170,#6171,#6172,
#6173,#6174),.UNSPECIFIED.,.F.,.F.,(4,2,2,4),(1.8795883446448,2.00861777660003,
2.22132741400633,2.4230471593424),.UNSPECIFIED.);
#770=B_SPLINE_CURVE_WITH_KNOTS('',3,(#6176,#6177,#6178,#6179,#6180,#6181,
#6182,#6183,#6184,#6185,#6186,#6187,#6188,#6189),.UNSPECIFIED.,.F.,.F.,
(4,2,2,2,2,2,4),(-0.653998823027761,-0.653628993723937,-0.516987524215708,
-0.440168153381537,-0.359955631812687,-0.229982911308639,-0.193897043458503),
 .UNSPECIFIED.);
#771=B_SPLINE_CURVE_WITH_KNOTS('',3,(#6190,#6191,#6192,#6193,#6194,#6195,
#6196,#6197,#6198,#6199),.UNSPECIFIED.,.F.,.F.,(4,2,2,2,4),(0.802180551448319,
0.826581399692948,1.01648637362337,1.20639134755378,1.25960148609883),
 .UNSPECIFIED.);
#772=B_SPLINE_CURVE_WITH_KNOTS('',3,(#6203,#6204,#6205,#6206,#6207,#6208,
#6209,#6210,#6211,#6212),.UNSPECIFIED.,.F.,.F.,(4,2,2,2,4),(1.47373158273389,
1.59491027498771,1.80917746292607,2.02344465086444,2.06271731626867),
 .UNSPECIFIED.);
#773=B_SPLINE_CURVE_WITH_KNOTS('',3,(#6224,#6225,#6226,#6227,#6228,#6229),
 .UNSPECIFIED.,.F.,.F.,(4,2,4),(-0.441307967896383,-0.419971453858781,-0.403338473037077),
 .UNSPECIFIED.);
#774=B_SPLINE_CURVE_WITH_KNOTS('',3,(#6231,#6232,#6233,#6234,#6235,#6236,
#6237,#6238,#6239,#6240),.UNSPECIFIED.,.F.,.F.,(4,2,2,2,4),(0.335308788888852,
0.388518927433926,0.578423901364344,0.768328875294763,0.792729723539377),
 .UNSPECIFIED.);
#775=B_SPLINE_CURVE_WITH_KNOTS('',3,(#6242,#6243,#6244,#6245,#6246,#6247,
#6248,#6249,#6250,#6251,#6252,#6253),.UNSPECIFIED.,.F.,.F.,(4,2,2,2,2,4),
(-0.656255947466271,-0.58938627147756,-0.478515554138424,-0.40942471253808,
-0.323906308030975,-0.198963225169113),.UNSPECIFIED.);
#776=B_SPLINE_CURVE_WITH_KNOTS('',3,(#6255,#6256,#6257,#6258,#6259,#6260,
#6261,#6262),.UNSPECIFIED.,.F.,.F.,(4,2,2,4),(2.45916777979411,2.66088752513017,
2.87359716253646,3.00262659449173),.UNSPECIFIED.);
#777=B_SPLINE_CURVE_WITH_KNOTS('',3,(#6264,#6265,#6266,#6267,#6268,#6269,
#6270,#6271,#6272,#6273,#6274,#6275),.UNSPECIFIED.,.F.,.F.,(4,2,2,2,2,4),
(-0.383849765203419,-0.341753562385759,-0.261255152918405,-0.190854517611928,
-0.128518511777883,-0.0760242887137497),.UNSPECIFIED.);
#778=B_SPLINE_CURVE_WITH_KNOTS('',3,(#6276,#6277,#6278,#6279,#6280,#6281,
#6282,#6283,#6284,#6285,#6286,#6287,#6288,#6289),.UNSPECIFIED.,.F.,.F.,
(4,2,2,2,2,2,4),(-0.962161618820971,-0.956348242077171,-0.869444326394308,
-0.794374843855039,-0.719965453413222,-0.639616963431682,-0.56207688641828),
 .UNSPECIFIED.);
#779=B_SPLINE_CURVE_WITH_KNOTS('',3,(#6291,#6292,#6293,#6294,#6295,#6296,
#6297,#6298,#6299,#6300,#6301,#6302,#6303,#6304,#6305,#6306,#6307,#6308,
#6309,#6310,#6311,#6312),.UNSPECIFIED.,.F.,.F.,(4,2,2,2,2,2,2,2,2,2,4),
(9.81687181957834,9.95700558124875,10.4214199474018,10.8858343135549,11.3502486797079,
11.814663045861,12.279077412014,12.7434917781671,13.2079061443201,13.6723205104732,
13.8124542721436),.UNSPECIFIED.);
#780=B_SPLINE_CURVE_WITH_KNOTS('',3,(#6314,#6315,#6316,#6317,#6318,#6319,
#6320,#6321,#6322,#6323,#6324,#6325),.UNSPECIFIED.,.F.,.F.,(4,2,2,2,2,4),
(-0.287629787825743,-0.286539911382851,-0.213085323993229,-0.140383792163678,
-0.0693070859271816,-0.021196053138666),.UNSPECIFIED.);
#781=B_SPLINE_CURVE_WITH_KNOTS('',3,(#6327,#6328,#6329,#6330,#6331,#6332,
#6333,#6334,#6335,#6336,#6337,#6338,#6339,#6340),.UNSPECIFIED.,.F.,.F.,
(4,2,2,2,2,2,4),(-0.710008154866508,-0.67832747578171,-0.63629873634147,
-0.567125923198493,-0.496181692706702,-0.423265753965968,-0.414713455419231),
 .UNSPECIFIED.);
#782=B_SPLINE_CURVE_WITH_KNOTS('',3,(#6342,#6343,#6344,#6345,#6346,#6347),
 .UNSPECIFIED.,.F.,.F.,(4,2,4),(4.86066850977146,4.88151594684856,5.32011393907546),
 .UNSPECIFIED.);
#783=B_SPLINE_CURVE_WITH_KNOTS('',3,(#6349,#6350,#6351,#6352,#6353,#6354,
#6355,#6356,#6357,#6358,#6359,#6360,#6361,#6362,#6363),.UNSPECIFIED.,.F.,
 .F.,(4,2,2,2,2,3,4),(-0.286094453000843,-0.28505857699891,-0.212743580730163,
-0.140819355739762,-0.0698371605357441,0.,0.010515577256502),
 .UNSPECIFIED.);
#784=B_SPLINE_CURVE_WITH_KNOTS('',3,(#6365,#6366,#6367,#6368,#6369,#6370,
#6371,#6372,#6373,#6374,#6375,#6376,#6377,#6378),.UNSPECIFIED.,.F.,.F.,
(4,2,2,2,2,2,4),(-0.625423512269551,-0.600273637774536,-0.564183180976583,
-0.494858089997239,-0.424616366699821,-0.353032083601042,-0.33103796897205),
 .UNSPECIFIED.);
#785=B_SPLINE_CURVE_WITH_KNOTS('',3,(#6380,#6381,#6382,#6383,#6384,#6385),
 .UNSPECIFIED.,.F.,.F.,(4,2,4),(3.80436801001824,3.99578675726609,4.26271785804887),
 .UNSPECIFIED.);
#786=B_SPLINE_CURVE_WITH_KNOTS('',3,(#6387,#6388,#6389,#6390,#6391,#6392,
#6393,#6394,#6395,#6396,#6397,#6398),.UNSPECIFIED.,.F.,.F.,(4,2,2,2,2,4),
(-0.369894159016939,-0.351570848510835,-0.280158970407321,-0.209291807794224,
-0.139077099686526,-0.0747813375467079),.UNSPECIFIED.);
#787=B_SPLINE_CURVE_WITH_KNOTS('',3,(#6400,#6401,#6402,#6403,#6404,#6405,
#6406,#6407,#6408,#6409,#6410,#6411),.UNSPECIFIED.,.F.,.F.,(4,2,2,2,2,4),
(-0.596011960496949,-0.563095152493226,-0.493354836079765,-0.423062033775534,
-0.351982642640557,-0.301658362644622),.UNSPECIFIED.);
#788=B_SPLINE_CURVE_WITH_KNOTS('',3,(#6413,#6414,#6415,#6416,#6417,#6418),
 .UNSPECIFIED.,.F.,.F.,(4,2,4),(2.77801953397134,3.01198529937596,3.24595106478057),
 .UNSPECIFIED.);
#789=B_SPLINE_CURVE_WITH_KNOTS('',3,(#6420,#6421,#6422,#6423,#6424,#6425,
#6426,#6427,#6428,#6429,#6430,#6431),.UNSPECIFIED.,.F.,.F.,(4,2,2,2,2,4),
(-0.344257413939146,-0.279496715205433,-0.209131110204156,-0.139326711936685,
-0.0697323792032982,-0.0498476677445672),.UNSPECIFIED.);
#790=B_SPLINE_CURVE_WITH_KNOTS('',3,(#6433,#6434,#6435,#6436,#6437,#6438,
#6439,#6440,#6441,#6442,#6443,#6444),.UNSPECIFIED.,.F.,.F.,(4,2,2,2,2,4),
(-0.664811103677804,-0.633900150140984,-0.563507722408315,-0.49245967341475,
-0.420920741763371,-0.36963832391175),.UNSPECIFIED.);
#791=B_SPLINE_CURVE_WITH_KNOTS('',3,(#6446,#6447,#6448,#6449,#6450,#6451),
 .UNSPECIFIED.,.F.,.F.,(4,2,4),(2.13054095357687,2.39747205435966,2.5888908016075),
 .UNSPECIFIED.);
#792=B_SPLINE_CURVE_WITH_KNOTS('',3,(#6453,#6454,#6455,#6456,#6457,#6458,
#6459,#6460,#6461,#6462,#6463,#6464),.UNSPECIFIED.,.F.,.F.,(4,2,2,2,2,4),
(-0.305554182352813,-0.278805774106283,-0.20835352730423,-0.138885338511814,
-0.0696624249980904,-0.0109798536448675),.UNSPECIFIED.);
#793=B_SPLINE_CURVE_WITH_KNOTS('',3,(#6466,#6467,#6468,#6469,#6470,#6471,
#6472,#6473,#6474,#6475,#6476,#6477,#6478,#6479,#6480),.UNSPECIFIED.,.F.,
 .F.,(4,3,2,2,2,2,4),(-0.0105227704117416,0.,0.0401186203843809,0.080301598775248,
0.152252474512883,0.224607894385591,0.285999689502516),.UNSPECIFIED.);
#794=B_SPLINE_CURVE_WITH_KNOTS('',3,(#6482,#6483,#6484,#6485,#6486,#6487),
 .UNSPECIFIED.,.F.,.F.,(4,2,4),(1.62898470904644,2.06758270127335,2.08843013835044),
 .UNSPECIFIED.);
#795=B_SPLINE_CURVE_WITH_KNOTS('',3,(#6489,#6490,#6491,#6492,#6493,#6494,
#6495,#6496,#6497,#6498,#6499,#6500),.UNSPECIFIED.,.F.,.F.,(4,2,2,2,2,4),
(-0.305826121865254,-0.277814117712651,-0.207094353905713,-0.13799339807163,
-0.0693650166773742,-0.010402275955687),.UNSPECIFIED.);
#796=B_SPLINE_CURVE_WITH_KNOTS('',3,(#6501,#6502,#6503,#6504,#6505,#6506,
#6507,#6508,#6509,#6510,#6511,#6512),.UNSPECIFIED.,.F.,.F.,(4,2,2,2,2,4),
(0.0211698087669918,0.0401178132616091,0.0803319346503417,0.153099563737479,
0.226616724188038,0.287556758217371),.UNSPECIFIED.);
#797=B_SPLINE_CURVE_WITH_KNOTS('',3,(#6515,#6516,#6517,#6518,#6519,#6520,
#6521,#6522,#6523,#6524),.UNSPECIFIED.,.F.,.F.,(4,2,2,2,4),(-0.304452428433228,
-0.24323376878775,-0.173887493311629,-0.0929391556714307,-0.0338525324656787),
 .UNSPECIFIED.);
#798=B_SPLINE_CURVE_WITH_KNOTS('',3,(#6526,#6527,#6528,#6529,#6530,#6531,
#6532,#6533,#6534,#6535,#6536,#6537,#6538),.UNSPECIFIED.,.F.,.F.,(4,3,2,
2,2,4),(-0.0132978708203619,0.,0.0929861920735619,0.175703513103735,0.246740331877169,
0.308199993033966),.UNSPECIFIED.);
#799=B_SPLINE_CURVE_WITH_KNOTS('',3,(#6545,#6546,#6547,#6548,#6549,#6550,
#6551,#6552,#6553,#6554,#6555,#6556,#6557),.UNSPECIFIED.,.F.,.F.,(4,2,2,
2,3,4),(-0.308199993033968,-0.24674033187717,-0.175703513103735,-0.0929861920735613,
0.,0.013317837193856),.UNSPECIFIED.);
#800=B_SPLINE_CURVE_WITH_KNOTS('',3,(#6558,#6559,#6560,#6561,#6562,#6563,
#6564,#6565,#6566,#6567),.UNSPECIFIED.,.F.,.F.,(4,2,2,2,4),(0.0338525324657035,
0.0929391556714307,0.173887493311631,0.243233768787752,0.304452428433229),
 .UNSPECIFIED.);
#801=B_SPLINE_CURVE_WITH_KNOTS('',3,(#6588,#6589,#6590,#6591,#6592,#6593,
#6594,#6595,#6596,#6597,#6598,#6599,#6600),.UNSPECIFIED.,.F.,.F.,(4,3,2,
2,2,4),(-0.0102178891441941,0.,0.063732834687388,0.131628175909024,0.205211511335517,
0.284536252964297),.UNSPECIFIED.);
#802=B_SPLINE_CURVE_WITH_KNOTS('',3,(#6608,#6609,#6610,#6611,#6612,#6613,
#6614,#6615,#6616,#6617,#6618,#6619,#6620),.UNSPECIFIED.,.F.,.F.,(4,2,2,
2,3,4),(-0.284536252964297,-0.205211511335517,-0.131628175909024,-0.063732834687388,
0.,0.010217889144194),.UNSPECIFIED.);
#803=B_SPLINE_CURVE_WITH_KNOTS('',3,(#6642,#6643,#6644,#6645,#6646,#6647,
#6648,#6649,#6650,#6651,#6652,#6653,#6654),.UNSPECIFIED.,.F.,.F.,(4,3,2,
2,2,4),(-0.0102178891441941,0.,0.063732834687388,0.131628175909024,0.205211511335517,
0.284536252964297),.UNSPECIFIED.);
#804=B_SPLINE_CURVE_WITH_KNOTS('',3,(#6670,#6671,#6672,#6673,#6674,#6675,
#6676,#6677,#6678,#6679,#6680,#6681,#6682),.UNSPECIFIED.,.F.,.F.,(4,2,2,
2,3,4),(-0.284536252964297,-0.205211511335517,-0.131628175909024,-0.063732834687388,
0.,0.010217889144194),.UNSPECIFIED.);
#805=B_SPLINE_CURVE_WITH_KNOTS('',3,(#6697,#6698,#6699,#6700,#6701,#6702,
#6703,#6704,#6705,#6706,#6707,#6708,#6709),.UNSPECIFIED.,.F.,.F.,(4,3,2,
2,2,4),(-0.0102178891441941,0.,0.063732834687388,0.131628175909024,0.205211511335517,
0.284536252964297),.UNSPECIFIED.);
#806=B_SPLINE_CURVE_WITH_KNOTS('',3,(#6719,#6720,#6721,#6722,#6723,#6724,
#6725,#6726,#6727,#6728,#6729,#6730,#6731),.UNSPECIFIED.,.F.,.F.,(4,2,2,
2,3,4),(-0.284536252964297,-0.205211511335517,-0.131628175909024,-0.063732834687388,
0.,0.010217889144194),.UNSPECIFIED.);
#807=B_SPLINE_CURVE_WITH_KNOTS('',3,(#6747,#6748,#6749,#6750,#6751,#6752,
#6753,#6754,#6755,#6756,#6757,#6758,#6759),.UNSPECIFIED.,.F.,.F.,(4,3,2,
2,2,4),(-0.0102178891441941,0.,0.063732834687388,0.131628175909024,0.205211511335517,
0.284536252964297),.UNSPECIFIED.);
#808=B_SPLINE_CURVE_WITH_KNOTS('',3,(#6767,#6768,#6769,#6770,#6771,#6772,
#6773,#6774,#6775,#6776,#6777,#6778,#6779),.UNSPECIFIED.,.F.,.F.,(4,2,2,
2,3,4),(-0.284536252964297,-0.205211511335517,-0.131628175909024,-0.063732834687388,
0.,0.010217889144194),.UNSPECIFIED.);
#809=B_SPLINE_CURVE_WITH_KNOTS('',3,(#6816,#6817,#6818,#6819,#6820,#6821,
#6822,#6823,#6824,#6825,#6826,#6827),.UNSPECIFIED.,.F.,.F.,(4,2,2,2,2,4),
(0.,0.0645342301807966,0.132312057412083,0.206549947786879,0.262580339706602,
0.318533094600434),.UNSPECIFIED.);
#810=B_SPLINE_CURVE_WITH_KNOTS('',3,(#6828,#6829,#6830,#6831),
 .UNSPECIFIED.,.F.,.F.,(4,4),(0.18962274810944,0.512230427636513),
 .UNSPECIFIED.);
#811=B_SPLINE_CURVE_WITH_KNOTS('',3,(#6832,#6833,#6834,#6835),
 .UNSPECIFIED.,.F.,.F.,(4,4),(-0.214997689721022,0.),.UNSPECIFIED.);
#812=B_SPLINE_CURVE_WITH_KNOTS('',3,(#6840,#6841,#6842,#6843,#6844,#6845,
#6846,#6847,#6848,#6849,#6850,#6851,#6852),.UNSPECIFIED.,.F.,.F.,(4,3,2,
2,2,4),(-0.0102178891441941,0.,0.063732834687388,0.131628175909024,0.205211511335517,
0.284536252964297),.UNSPECIFIED.);
#813=B_SPLINE_CURVE_WITH_KNOTS('',3,(#6859,#6860,#6861,#6862),
 .UNSPECIFIED.,.F.,.F.,(4,4),(0.,0.322607756216435),.UNSPECIFIED.);
#814=B_SPLINE_CURVE_WITH_KNOTS('',3,(#6866,#6867,#6868,#6869,#6870,#6871,
#6872,#6873,#6874,#6875,#6876,#6877,#6878),.UNSPECIFIED.,.F.,.F.,(4,2,2,
2,3,4),(-0.284536252964297,-0.205211511335517,-0.131628175909024,-0.063732834687388,
0.,0.010217889144194),.UNSPECIFIED.);
#815=B_SPLINE_CURVE_WITH_KNOTS('',3,(#6900,#6901,#6902,#6903,#6904,#6905,
#6906,#6907,#6908,#6909,#6910,#6911),.UNSPECIFIED.,.F.,.F.,(4,2,2,2,2,4),
(0.,0.10751995239274,0.201494968220846,0.281786737866932,0.321369143850937,
0.360754701012431),.UNSPECIFIED.);
#816=B_SPLINE_CURVE_WITH_KNOTS('',3,(#6912,#6913,#6914,#6915),
 .UNSPECIFIED.,.F.,.F.,(4,4),(-0.512230427636513,-0.297232808276457),
 .UNSPECIFIED.);
#817=B_SPLINE_CURVE_WITH_KNOTS('',3,(#6917,#6918,#6919,#6920,#6921,#6922,
#6923,#6924,#6925,#6926,#6927,#6928),.UNSPECIFIED.,.F.,.F.,(4,2,2,2,2,4),
(0.,0.107519952392729,0.201494968220805,0.281786737866866,0.321369143850876,
0.360754701012379),.UNSPECIFIED.);
#818=B_SPLINE_CURVE_WITH_KNOTS('',3,(#6930,#6931,#6932,#6933,#6934,#6935,
#6936,#6937,#6938,#6939,#6940,#6941),.UNSPECIFIED.,.F.,.F.,(4,2,2,2,2,4),
(0.,0.0645342301807934,0.132312057412072,0.206549947786866,0.262580339706586,
0.31853309460042),.UNSPECIFIED.);
#819=B_SPLINE_CURVE_WITH_KNOTS('',3,(#6963,#6964,#6965,#6966,#6967,#6968,
#6969,#6970,#6971,#6972,#6973,#6974),.UNSPECIFIED.,.F.,.F.,(4,2,2,2,2,4),
(0.,0.0645342301807954,0.132312057412078,0.206549947786873,0.26258033970659,
0.318533094600412),.UNSPECIFIED.);
#820=B_SPLINE_CURVE_WITH_KNOTS('',3,(#6976,#6977,#6978,#6979),
 .UNSPECIFIED.,.F.,.F.,(4,4),(0.18962274810944,0.512230427636513),
 .UNSPECIFIED.);
#821=B_SPLINE_CURVE_WITH_KNOTS('',3,(#6982,#6983,#6984,#6985),
 .UNSPECIFIED.,.F.,.F.,(4,4),(-0.214997689720999,0.),.UNSPECIFIED.);
#822=B_SPLINE_CURVE_WITH_KNOTS('',3,(#6989,#6990,#6991,#6992,#6993,#6994,
#6995,#6996,#6997,#6998,#6999,#7000,#7001),.UNSPECIFIED.,.F.,.F.,(4,3,2,
2,2,4),(-0.0102178891441941,0.,0.063732834687388,0.131628175909024,0.205211511335517,
0.284536252964297),.UNSPECIFIED.);
#823=B_SPLINE_CURVE_WITH_KNOTS('',3,(#7011,#7012,#7013,#7014),
 .UNSPECIFIED.,.F.,.F.,(4,4),(0.,0.322607756216435),.UNSPECIFIED.);
#824=B_SPLINE_CURVE_WITH_KNOTS('',3,(#7016,#7017,#7018,#7019,#7020,#7021,
#7022,#7023,#7024,#7025,#7026,#7027,#7028),.UNSPECIFIED.,.F.,.F.,(4,2,2,
2,3,4),(-0.284536252964297,-0.205211511335517,-0.131628175909024,-0.063732834687388,
0.,0.010217889144194),.UNSPECIFIED.);
#825=B_SPLINE_CURVE_WITH_KNOTS('',3,(#7051,#7052,#7053,#7054,#7055,#7056,
#7057,#7058,#7059,#7060,#7061,#7062),.UNSPECIFIED.,.F.,.F.,(4,2,2,2,2,4),
(0.,0.107519952392639,0.20149496822056,0.281786737866498,0.321369143850426,
0.360754701011823),.UNSPECIFIED.);
#826=B_SPLINE_CURVE_WITH_KNOTS('',3,(#7084,#7085,#7086,#7087,#7088,#7089,
#7090,#7091,#7092,#7093,#7094,#7095),.UNSPECIFIED.,.F.,.F.,(4,2,2,2,2,4),
(0.,0.0645342301807967,0.132312057412085,0.206549947786891,0.262580339706615,
0.318533094600436),.UNSPECIFIED.);
#827=B_SPLINE_CURVE_WITH_KNOTS('',3,(#7096,#7097,#7098,#7099),
 .UNSPECIFIED.,.F.,.F.,(4,4),(0.18962274810944,0.512230427636513),
 .UNSPECIFIED.);
#828=B_SPLINE_CURVE_WITH_KNOTS('',3,(#7100,#7101,#7102,#7103),
 .UNSPECIFIED.,.F.,.F.,(4,4),(-0.214997689720478,0.),.UNSPECIFIED.);
#829=B_SPLINE_CURVE_WITH_KNOTS('',3,(#7105,#7106,#7107,#7108),
 .UNSPECIFIED.,.F.,.F.,(4,4),(0.,0.322607756216435),.UNSPECIFIED.);
#830=B_SPLINE_CURVE_WITH_KNOTS('',3,(#7130,#7131,#7132,#7133,#7134,#7135,
#7136,#7137,#7138,#7139,#7140,#7141),.UNSPECIFIED.,.F.,.F.,(4,2,2,2,2,4),
(0.,0.107519952392751,0.201494968220874,0.281786737866976,0.321369143850983,
0.360754701012477),.UNSPECIFIED.);
#831=B_SPLINE_CURVE_WITH_KNOTS('',3,(#7142,#7143,#7144,#7145),
 .UNSPECIFIED.,.F.,.F.,(4,4),(-0.512230427636513,-0.297232808277574),
 .UNSPECIFIED.);
#832=B_SPLINE_CURVE_WITH_KNOTS('',3,(#7147,#7148,#7149,#7150,#7151,#7152,
#7153,#7154,#7155,#7156,#7157,#7158),.UNSPECIFIED.,.F.,.F.,(4,2,2,2,2,4),
(0.,0.107519952392753,0.20149496822087,0.281786737866963,0.321369143850979,
0.360754701012491),.UNSPECIFIED.);
#833=B_SPLINE_CURVE_WITH_KNOTS('',3,(#7160,#7161,#7162,#7163,#7164,#7165,
#7166,#7167,#7168,#7169,#7170,#7171),.UNSPECIFIED.,.F.,.F.,(4,2,2,2,2,4),
(0.,0.0645342301807947,0.132312057412076,0.206549947786871,0.262580339706585,
0.318533094600401),.UNSPECIFIED.);
#834=B_SPLINE_CURVE_WITH_KNOTS('',3,(#7193,#7194,#7195,#7196,#7197,#7198,
#7199,#7200,#7201,#7202,#7203,#7204),.UNSPECIFIED.,.F.,.F.,(4,2,2,2,2,4),
(0.,0.0645342301807956,0.132312057412079,0.206549947786873,0.262580339706589,
0.31853309460041),.UNSPECIFIED.);
#835=B_SPLINE_CURVE_WITH_KNOTS('',3,(#7205,#7206,#7207,#7208),
 .UNSPECIFIED.,.F.,.F.,(4,4),(0.18962274810944,0.512230427636513),
 .UNSPECIFIED.);
#836=B_SPLINE_CURVE_WITH_KNOTS('',3,(#7209,#7210,#7211,#7212),
 .UNSPECIFIED.,.F.,.F.,(4,4),(-0.214997689720776,0.),.UNSPECIFIED.);
#837=B_SPLINE_CURVE_WITH_KNOTS('',3,(#7219,#7220,#7221,#7222),
 .UNSPECIFIED.,.F.,.F.,(4,4),(0.,0.322607756216435),.UNSPECIFIED.);
#838=B_SPLINE_CURVE_WITH_KNOTS('',3,(#7244,#7245,#7246,#7247,#7248,#7249,
#7250,#7251,#7252,#7253,#7254,#7255),.UNSPECIFIED.,.F.,.F.,(4,2,2,2,2,4),
(0.,0.107519952392655,0.201494968220597,0.281786737866548,0.32136914385049,
0.360754701011924),.UNSPECIFIED.);
#839=B_SPLINE_CURVE_WITH_KNOTS('',3,(#7276,#7277,#7278,#7279),
 .UNSPECIFIED.,.F.,.F.,(4,4),(0.18962274810944,0.512230427636513),
 .UNSPECIFIED.);
#840=B_SPLINE_CURVE_WITH_KNOTS('',3,(#7281,#7282,#7283,#7284),
 .UNSPECIFIED.,.F.,.F.,(4,4),(0.,0.322607756216435),.UNSPECIFIED.);
#841=B_SPLINE_CURVE_WITH_KNOTS('',3,(#7306,#7307,#7308,#7309,#7310,#7311,
#7312,#7313,#7314,#7315,#7316,#7317),.UNSPECIFIED.,.F.,.F.,(4,2,2,2,2,4),
(0.,0.107519952392643,0.201494968220571,0.28178673786651,0.321369143850444,
0.360754701011877),.UNSPECIFIED.);
#842=B_SPLINE_CURVE_WITH_KNOTS('',3,(#7318,#7319,#7320,#7321),
 .UNSPECIFIED.,.F.,.F.,(4,4),(-0.512230427636513,-0.297232808278133),
 .UNSPECIFIED.);
#843=B_SPLINE_CURVE_WITH_KNOTS('',3,(#7323,#7324,#7325,#7326,#7327,#7328,
#7329,#7330,#7331,#7332,#7333,#7334),.UNSPECIFIED.,.F.,.F.,(4,2,2,2,2,4),
(0.,0.0645342301807974,0.132312057412086,0.206549947786884,0.262580339706605,
0.318533094600425),.UNSPECIFIED.);
#844=B_SPLINE_CURVE_WITH_KNOTS('',3,(#7338,#7339,#7340,#7341,#7342,#7343,
#7344,#7345,#7346,#7347,#7348,#7349,#7350),.UNSPECIFIED.,.F.,.F.,(4,3,2,
2,2,4),(-0.0102178891441941,0.,0.063732834687388,0.131628175909024,0.205211511335517,
0.284536252964297),.UNSPECIFIED.);
#845=B_SPLINE_CURVE_WITH_KNOTS('',3,(#7358,#7359,#7360,#7361,#7362,#7363,
#7364,#7365,#7366,#7367,#7368,#7369,#7370),.UNSPECIFIED.,.F.,.F.,(4,2,2,
2,3,4),(-0.284536252964297,-0.205211511335517,-0.131628175909024,-0.063732834687388,
0.,0.010217889144194),.UNSPECIFIED.);
#846=B_SPLINE_CURVE_WITH_KNOTS('',3,(#7392,#7393,#7394,#7395),
 .UNSPECIFIED.,.F.,.F.,(4,4),(0.18962274810944,0.512230427636513),
 .UNSPECIFIED.);
#847=B_SPLINE_CURVE_WITH_KNOTS('',3,(#7406,#7407,#7408,#7409),
 .UNSPECIFIED.,.F.,.F.,(4,4),(0.,0.322607756216435),.UNSPECIFIED.);
#848=B_SPLINE_CURVE_WITH_KNOTS('',3,(#7412,#7413,#7414,#7415,#7416,#7417,
#7418,#7419,#7420,#7421,#7422,#7423,#7424),.UNSPECIFIED.,.F.,.F.,(4,2,2,
2,3,4),(-0.284536252964297,-0.205211511335517,-0.131628175909024,-0.063732834687388,
0.,0.010217889144194),.UNSPECIFIED.);
#849=B_SPLINE_CURVE_WITH_KNOTS('',3,(#7449,#7450,#7451,#7452,#7453,#7454,
#7455,#7456,#7457,#7458,#7459,#7460),.UNSPECIFIED.,.F.,.F.,(4,2,2,2,2,4),
(0.,0.107519952392752,0.201494968220875,0.281786737866976,0.321369143850988,
0.360754701012499),.UNSPECIFIED.);
#850=B_SPLINE_CURVE_WITH_KNOTS('',3,(#7461,#7462,#7463,#7464),
 .UNSPECIFIED.,.F.,.F.,(4,4),(-0.512230427636513,-0.297232808277359),
 .UNSPECIFIED.);
#851=B_SPLINE_CURVE_WITH_KNOTS('',3,(#7466,#7467,#7468,#7469,#7470,#7471,
#7472,#7473,#7474,#7475,#7476,#7477),.UNSPECIFIED.,.F.,.F.,(4,2,2,2,2,4),
(0.,0.0645342301807938,0.132312057412074,0.206549947786871,0.262580339706585,
0.318533094600405),.UNSPECIFIED.);
#852=B_SPLINE_CURVE_WITH_KNOTS('',3,(#7499,#7500,#7501,#7502,#7503,#7504,
#7505,#7506,#7507,#7508,#7509,#7510),.UNSPECIFIED.,.F.,.F.,(4,2,2,2,2,4),
(0.,0.0645342301807962,0.132312057412082,0.206549947786883,0.262580339706606,
0.318533094600431),.UNSPECIFIED.);
#853=B_SPLINE_CURVE_WITH_KNOTS('',3,(#7512,#7513,#7514,#7515),
 .UNSPECIFIED.,.F.,.F.,(4,4),(0.18962274810944,0.512230427636513),
 .UNSPECIFIED.);
#854=B_SPLINE_CURVE_WITH_KNOTS('',3,(#7518,#7519,#7520,#7521),
 .UNSPECIFIED.,.F.,.F.,(4,4),(-0.214997689718015,0.),.UNSPECIFIED.);
#855=B_SPLINE_CURVE_WITH_KNOTS('',3,(#7525,#7526,#7527,#7528,#7529,#7530,
#7531,#7532,#7533,#7534,#7535,#7536,#7537),.UNSPECIFIED.,.F.,.F.,(4,3,2,
2,2,4),(-0.0102178891441941,0.,0.063732834687388,0.131628175909024,0.205211511335517,
0.284536252964297),.UNSPECIFIED.);
#856=B_SPLINE_CURVE_WITH_KNOTS('',3,(#7547,#7548,#7549,#7550),
 .UNSPECIFIED.,.F.,.F.,(4,4),(0.,0.322607756216435),.UNSPECIFIED.);
#857=B_SPLINE_CURVE_WITH_KNOTS('',3,(#7553,#7554,#7555,#7556,#7557,#7558,
#7559,#7560,#7561,#7562,#7563,#7564,#7565),.UNSPECIFIED.,.F.,.F.,(4,2,2,
2,3,4),(-0.284536252964297,-0.205211511335517,-0.131628175909024,-0.063732834687388,
0.,0.010217889144194),.UNSPECIFIED.);
#858=B_SPLINE_CURVE_WITH_KNOTS('',3,(#7590,#7591,#7592,#7593,#7594,#7595,
#7596,#7597,#7598,#7599,#7600,#7601),.UNSPECIFIED.,.F.,.F.,(4,2,2,2,2,4),
(0.,0.107519952392676,0.201494968220659,0.281786737866643,0.321369143850608,
0.360754701012068),.UNSPECIFIED.);
#859=B_SPLINE_CURVE_WITH_KNOTS('',3,(#7602,#7603,#7604,#7605),
 .UNSPECIFIED.,.F.,.F.,(4,4),(-0.512230427636513,-0.297232808278396),
 .UNSPECIFIED.);
#860=B_SPLINE_CURVE_WITH_KNOTS('',3,(#7607,#7608,#7609,#7610,#7611,#7612,
#7613,#7614,#7615,#7616,#7617,#7618),.UNSPECIFIED.,.F.,.F.,(4,2,2,2,2,4),
(0.,0.107519952392672,0.201494968220654,0.281786737866636,0.32136914385059,
0.36075470101204),.UNSPECIFIED.);
#861=B_SPLINE_CURVE_WITH_KNOTS('',3,(#7620,#7621,#7622,#7623,#7624,#7625,
#7626,#7627,#7628,#7629,#7630,#7631),.UNSPECIFIED.,.F.,.F.,(4,2,2,2,2,4),
(0.,0.0645342301807962,0.132312057412082,0.206549947786878,0.262580339706595,
0.318533094600414),.UNSPECIFIED.);
#862=B_SPLINE_CURVE_WITH_KNOTS('',3,(#7653,#7654,#7655,#7656,#7657,#7658,
#7659,#7660,#7661,#7662,#7663,#7664),.UNSPECIFIED.,.F.,.F.,(4,2,2,2,2,4),
(0.,0.0645342301807964,0.132312057412082,0.206549947786882,0.262580339706602,
0.318533094600419),.UNSPECIFIED.);
#863=B_SPLINE_CURVE_WITH_KNOTS('',3,(#7666,#7667,#7668,#7669),
 .UNSPECIFIED.,.F.,.F.,(4,4),(0.18962274810944,0.512230427636513),
 .UNSPECIFIED.);
#864=B_SPLINE_CURVE_WITH_KNOTS('',3,(#7672,#7673,#7674,#7675),
 .UNSPECIFIED.,.F.,.F.,(4,4),(-0.214997689718482,0.),.UNSPECIFIED.);
#865=B_SPLINE_CURVE_WITH_KNOTS('',3,(#7679,#7680,#7681,#7682,#7683,#7684,
#7685,#7686,#7687,#7688,#7689,#7690,#7691),.UNSPECIFIED.,.F.,.F.,(4,3,2,
2,2,4),(-0.0102178891441941,0.,0.063732834687388,0.131628175909024,0.205211511335517,
0.284536252964297),.UNSPECIFIED.);
#866=B_SPLINE_CURVE_WITH_KNOTS('',3,(#7701,#7702,#7703,#7704),
 .UNSPECIFIED.,.F.,.F.,(4,4),(0.,0.322607756216435),.UNSPECIFIED.);
#867=B_SPLINE_CURVE_WITH_KNOTS('',3,(#7706,#7707,#7708,#7709,#7710,#7711,
#7712,#7713,#7714,#7715,#7716,#7717,#7718),.UNSPECIFIED.,.F.,.F.,(4,2,2,
2,3,4),(-0.284536252964297,-0.205211511335517,-0.131628175909024,-0.063732834687388,
0.,0.010217889144194),.UNSPECIFIED.);
#868=B_SPLINE_CURVE_WITH_KNOTS('',3,(#7741,#7742,#7743,#7744,#7745,#7746,
#7747,#7748,#7749,#7750,#7751,#7752),.UNSPECIFIED.,.F.,.F.,(4,2,2,2,2,4),
(0.,0.107519952392745,0.201494968220856,0.281786737866942,0.32136914385096,
0.360754701012477),.UNSPECIFIED.);
#869=B_SPLINE_CURVE_WITH_KNOTS('',3,(#7774,#7775,#7776,#7777),
 .UNSPECIFIED.,.F.,.F.,(4,4),(0.18962274810944,0.512230427636513),
 .UNSPECIFIED.);
#870=B_SPLINE_CURVE_WITH_KNOTS('',3,(#7781,#7782,#7783,#7784,#7785,#7786,
#7787,#7788,#7789,#7790,#7791,#7792,#7793),.UNSPECIFIED.,.F.,.F.,(4,3,2,
2,2,4),(-0.0102178891441941,0.,0.063732834687388,0.131628175909024,0.205211511335517,
0.284536252964297),.UNSPECIFIED.);
#871=B_SPLINE_CURVE_WITH_KNOTS('',3,(#7802,#7803,#7804,#7805),
 .UNSPECIFIED.,.F.,.F.,(4,4),(0.,0.322607756216435),.UNSPECIFIED.);
#872=B_SPLINE_CURVE_WITH_KNOTS('',3,(#7808,#7809,#7810,#7811,#7812,#7813,
#7814,#7815,#7816,#7817,#7818,#7819,#7820),.UNSPECIFIED.,.F.,.F.,(4,2,2,
2,3,4),(-0.284536252964297,-0.205211511335517,-0.131628175909024,-0.063732834687388,
0.,0.010217889144194),.UNSPECIFIED.);
#873=B_SPLINE_CURVE_WITH_KNOTS('',3,(#7845,#7846,#7847,#7848,#7849,#7850,
#7851,#7852,#7853,#7854,#7855,#7856),.UNSPECIFIED.,.F.,.F.,(4,2,2,2,2,4),
(0.,0.107519952392725,0.2014949682208,0.281786737866859,0.321369143850867,
0.360754701012367),.UNSPECIFIED.);
#874=B_SPLINE_CURVE_WITH_KNOTS('',3,(#7857,#7858,#7859,#7860),
 .UNSPECIFIED.,.F.,.F.,(4,4),(-0.512230427636513,-0.297232808276893),
 .UNSPECIFIED.);
#875=B_SPLINE_CURVE_WITH_KNOTS('',3,(#7882,#7883,#7884,#7885,#7886,#7887,
#7888,#7889,#7890,#7891,#7892,#7893),.UNSPECIFIED.,.F.,.F.,(4,2,2,2,2,4),
(0.,0.0645342301807972,0.132312057412085,0.206549947786885,0.262580339706605,
0.318533094600425),.UNSPECIFIED.);
#876=B_SPLINE_CURVE_WITH_KNOTS('',3,(#7895,#7896,#7897,#7898),
 .UNSPECIFIED.,.F.,.F.,(4,4),(0.18962274810944,0.512230427636513),
 .UNSPECIFIED.);
#877=B_SPLINE_CURVE_WITH_KNOTS('',3,(#7901,#7902,#7903,#7904),
 .UNSPECIFIED.,.F.,.F.,(4,4),(-0.214997689719208,0.),.UNSPECIFIED.);
#878=B_SPLINE_CURVE_WITH_KNOTS('',3,(#7908,#7909,#7910,#7911,#7912,#7913,
#7914,#7915,#7916,#7917,#7918,#7919,#7920),.UNSPECIFIED.,.F.,.F.,(4,3,2,
2,2,4),(-0.0102178891441941,0.,0.063732834687388,0.131628175909024,0.205211511335517,
0.284536252964297),.UNSPECIFIED.);
#879=B_SPLINE_CURVE_WITH_KNOTS('',3,(#7930,#7931,#7932,#7933),
 .UNSPECIFIED.,.F.,.F.,(4,4),(0.,0.322607756216435),.UNSPECIFIED.);
#880=B_SPLINE_CURVE_WITH_KNOTS('',3,(#7936,#7937,#7938,#7939,#7940,#7941,
#7942,#7943,#7944,#7945,#7946,#7947,#7948),.UNSPECIFIED.,.F.,.F.,(4,2,2,
2,3,4),(-0.284536252964297,-0.205211511335517,-0.131628175909024,-0.063732834687388,
0.,0.010217889144194),.UNSPECIFIED.);
#881=B_SPLINE_CURVE_WITH_KNOTS('',3,(#7973,#7974,#7975,#7976,#7977,#7978,
#7979,#7980,#7981,#7982,#7983,#7984),.UNSPECIFIED.,.F.,.F.,(4,2,2,2,2,4),
(0.,0.10751995239277,0.201494968220925,0.281786737867062,0.321369143851088,
0.360754701012603),.UNSPECIFIED.);
#882=B_SPLINE_CURVE_WITH_KNOTS('',3,(#7985,#7986,#7987,#7988),
 .UNSPECIFIED.,.F.,.F.,(4,4),(-0.512230427636513,-0.297232808278531),
 .UNSPECIFIED.);
#883=B_SPLINE_CURVE_WITH_KNOTS('',3,(#7990,#7991,#7992,#7993,#7994,#7995,
#7996,#7997,#7998,#7999,#8000,#8001),.UNSPECIFIED.,.F.,.F.,(4,2,2,2,2,4),
(0.,0.0645342301807962,0.13231205741208,0.206549947786875,0.262580339706596,
0.318533094600418),.UNSPECIFIED.);
#884=B_SPLINE_CURVE_WITH_KNOTS('',3,(#8003,#8004,#8005,#8006,#8007,#8008,
#8009,#8010,#8011,#8012,#8013,#8014),.UNSPECIFIED.,.F.,.F.,(4,2,2,2,2,4),
(0.,0.107519952392731,0.201494968220815,0.281786737866878,0.321369143850871,
0.360754701012356),.UNSPECIFIED.);
#885=B_SPLINE_CURVE_WITH_KNOTS('',3,(#8036,#8037,#8038,#8039),
 .UNSPECIFIED.,.F.,.F.,(4,4),(0.18962274810944,0.512230427636513),
 .UNSPECIFIED.);
#886=B_SPLINE_CURVE_WITH_KNOTS('',3,(#8043,#8044,#8045,#8046,#8047,#8048,
#8049,#8050,#8051,#8052,#8053,#8054,#8055),.UNSPECIFIED.,.F.,.F.,(4,3,2,
2,2,4),(-0.0102178891441941,0.,0.063732834687388,0.131628175909024,0.205211511335517,
0.284536252964297),.UNSPECIFIED.);
#887=B_SPLINE_CURVE_WITH_KNOTS('',3,(#8064,#8065,#8066,#8067),
 .UNSPECIFIED.,.F.,.F.,(4,4),(0.,0.322607756216435),.UNSPECIFIED.);
#888=B_SPLINE_CURVE_WITH_KNOTS('',3,(#8069,#8070,#8071,#8072,#8073,#8074,
#8075,#8076,#8077,#8078,#8079,#8080,#8081),.UNSPECIFIED.,.F.,.F.,(4,2,2,
2,3,4),(-0.284536252964297,-0.205211511335517,-0.131628175909024,-0.063732834687388,
0.,0.010217889144194),.UNSPECIFIED.);
#889=B_SPLINE_CURVE_WITH_KNOTS('',3,(#8123,#8124,#8125,#8126),
 .UNSPECIFIED.,.F.,.F.,(4,4),(0.18962274810944,0.512230427636513),
 .UNSPECIFIED.);
#890=B_SPLINE_CURVE_WITH_KNOTS('',3,(#8134,#8135,#8136,#8137),
 .UNSPECIFIED.,.F.,.F.,(4,4),(0.,0.322607756216435),.UNSPECIFIED.);
#891=B_SPLINE_CURVE_WITH_KNOTS('',3,(#8139,#8140,#8141,#8142,#8143,#8144,
#8145,#8146,#8147,#8148,#8149,#8150,#8151),.UNSPECIFIED.,.F.,.F.,(4,2,2,
2,3,4),(-0.284536252964297,-0.205211511335517,-0.131628175909024,-0.063732834687388,
0.,0.010217889144194),.UNSPECIFIED.);
#892=B_SPLINE_CURVE_WITH_KNOTS('',3,(#8194,#8195,#8196,#8197),
 .UNSPECIFIED.,.F.,.F.,(4,4),(0.18962274810944,0.512230427636513),
 .UNSPECIFIED.);
#893=B_SPLINE_CURVE_WITH_KNOTS('',3,(#8201,#8202,#8203,#8204,#8205,#8206,
#8207,#8208,#8209,#8210,#8211,#8212,#8213),.UNSPECIFIED.,.F.,.F.,(4,3,2,
2,2,4),(-0.0102178891441941,0.,0.063732834687388,0.131628175909024,0.205211511335517,
0.284536252964297),.UNSPECIFIED.);
#894=B_SPLINE_CURVE_WITH_KNOTS('',3,(#8222,#8223,#8224,#8225),
 .UNSPECIFIED.,.F.,.F.,(4,4),(0.,0.322607756216435),.UNSPECIFIED.);
#895=B_SPLINE_CURVE_WITH_KNOTS('',3,(#8227,#8228,#8229,#8230,#8231,#8232,
#8233,#8234,#8235,#8236,#8237,#8238,#8239),.UNSPECIFIED.,.F.,.F.,(4,2,2,
2,3,4),(-0.284536252964297,-0.205211511335517,-0.131628175909024,-0.063732834687388,
0.,0.010217889144194),.UNSPECIFIED.);
#896=B_SPLINE_CURVE_WITH_KNOTS('',3,(#8262,#8263,#8264,#8265,#8266,#8267,
#8268,#8269,#8270,#8271,#8272,#8273),.UNSPECIFIED.,.F.,.F.,(4,2,2,2,2,4),
(0.,0.0645342289396022,0.132312052229175,0.206549938287762,0.262580326933765,
0.318533078558216),.UNSPECIFIED.);
#897=B_SPLINE_CURVE_WITH_KNOTS('',3,(#8295,#8296,#8297,#8298,#8299,#8300,
#8301,#8302,#8303,#8304,#8305,#8306),.UNSPECIFIED.,.F.,.F.,(4,2,2,2,2,4),
(0.,0.064534230180798,0.132312057412087,0.206549947786887,0.262580339706611,
0.318533094600427),.UNSPECIFIED.);
#898=B_SPLINE_CURVE_WITH_KNOTS('',3,(#8308,#8309,#8310,#8311),
 .UNSPECIFIED.,.F.,.F.,(4,4),(0.18962274810944,0.512230427636513),
 .UNSPECIFIED.);
#899=B_SPLINE_CURVE_WITH_KNOTS('',3,(#8314,#8315,#8316,#8317),
 .UNSPECIFIED.,.F.,.F.,(4,4),(-0.214997689720634,0.),.UNSPECIFIED.);
#900=B_SPLINE_CURVE_WITH_KNOTS('',3,(#8321,#8322,#8323,#8324,#8325,#8326,
#8327,#8328,#8329,#8330,#8331,#8332,#8333),.UNSPECIFIED.,.F.,.F.,(4,3,2,
2,2,4),(-0.0102178891441941,0.,0.063732834687388,0.131628175909024,0.205211511335517,
0.284536252964297),.UNSPECIFIED.);
#901=B_SPLINE_CURVE_WITH_KNOTS('',3,(#8343,#8344,#8345,#8346),
 .UNSPECIFIED.,.F.,.F.,(4,4),(0.,0.322607756216435),.UNSPECIFIED.);
#902=B_SPLINE_CURVE_WITH_KNOTS('',3,(#8349,#8350,#8351,#8352,#8353,#8354,
#8355,#8356,#8357,#8358,#8359,#8360,#8361),.UNSPECIFIED.,.F.,.F.,(4,2,2,
2,3,4),(-0.284536252964297,-0.205211511335517,-0.131628175909024,-0.063732834687388,
0.,0.010217889144194),.UNSPECIFIED.);
#903=B_SPLINE_CURVE_WITH_KNOTS('',3,(#8386,#8387,#8388,#8389,#8390,#8391,
#8392,#8393,#8394,#8395,#8396,#8397),.UNSPECIFIED.,.F.,.F.,(4,2,2,2,2,4),
(0.,0.107519952392828,0.201494968221093,0.281786737867317,0.321369143851378,
0.360754701012915),.UNSPECIFIED.);
#904=B_SPLINE_CURVE_WITH_KNOTS('',3,(#8398,#8399,#8400,#8401),
 .UNSPECIFIED.,.F.,.F.,(4,4),(-0.512230427636513,-0.29723280827641),
 .UNSPECIFIED.);
#905=B_SPLINE_CURVE_WITH_KNOTS('',3,(#8403,#8404,#8405,#8406,#8407,#8408,
#8409,#8410,#8411,#8412,#8413,#8414),.UNSPECIFIED.,.F.,.F.,(4,2,2,2,2,4),
(0.,0.0645342301807987,0.132312057412093,0.206549947786905,0.262580339706636,
0.318533094600463),.UNSPECIFIED.);
#906=B_SPLINE_CURVE_WITH_KNOTS('',3,(#8416,#8417,#8418,#8419,#8420,#8421,
#8422,#8423,#8424,#8425,#8426,#8427),.UNSPECIFIED.,.F.,.F.,(4,2,2,2,2,4),
(0.,0.107519952392845,0.201494968221131,0.281786737867374,0.321369143851464,
0.360754701013049),.UNSPECIFIED.);
#907=B_SPLINE_CURVE_WITH_KNOTS('',3,(#8448,#8449,#8450,#8451),
 .UNSPECIFIED.,.F.,.F.,(4,4),(0.18962274810944,0.512230427636513),
 .UNSPECIFIED.);
#908=B_SPLINE_CURVE_WITH_KNOTS('',3,(#8454,#8455,#8456,#8457,#8458,#8459,
#8460,#8461,#8462,#8463,#8464,#8465,#8466),.UNSPECIFIED.,.F.,.F.,(4,3,2,
2,2,4),(-0.0102178891441941,0.,0.063732834687388,0.131628175909024,0.205211511335517,
0.284536252964297),.UNSPECIFIED.);
#909=B_SPLINE_CURVE_WITH_KNOTS('',3,(#8489,#8490,#8491,#8492,#8493,#8494,
#8495,#8496,#8497,#8498,#8499,#8500),.UNSPECIFIED.,.F.,.F.,(4,2,2,2,2,4),
(0.,0.0645342301807959,0.132312057412081,0.20654994778688,0.262580339706602,
0.318533094600419),.UNSPECIFIED.);
#910=B_SPLINE_CURVE_WITH_KNOTS('',3,(#8502,#8503,#8504,#8505),
 .UNSPECIFIED.,.F.,.F.,(4,4),(0.18962274810944,0.512230427636513),
 .UNSPECIFIED.);
#911=B_SPLINE_CURVE_WITH_KNOTS('',3,(#8508,#8509,#8510,#8511),
 .UNSPECIFIED.,.F.,.F.,(4,4),(-0.214997689720931,0.),.UNSPECIFIED.);
#912=B_SPLINE_CURVE_WITH_KNOTS('',3,(#8515,#8516,#8517,#8518,#8519,#8520,
#8521,#8522,#8523,#8524,#8525,#8526,#8527),.UNSPECIFIED.,.F.,.F.,(4,3,2,
2,2,4),(-0.0102178891441941,0.,0.063732834687388,0.131628175909024,0.205211511335517,
0.284536252964297),.UNSPECIFIED.);
#913=B_SPLINE_CURVE_WITH_KNOTS('',3,(#8537,#8538,#8539,#8540),
 .UNSPECIFIED.,.F.,.F.,(4,4),(0.,0.322607756216435),.UNSPECIFIED.);
#914=B_SPLINE_CURVE_WITH_KNOTS('',3,(#8543,#8544,#8545,#8546,#8547,#8548,
#8549,#8550,#8551,#8552,#8553,#8554,#8555),.UNSPECIFIED.,.F.,.F.,(4,2,2,
2,3,4),(-0.284536252964297,-0.205211511335517,-0.131628175909024,-0.063732834687388,
0.,0.010217889144194),.UNSPECIFIED.);
#915=B_SPLINE_CURVE_WITH_KNOTS('',3,(#8580,#8581,#8582,#8583,#8584,#8585,
#8586,#8587,#8588,#8589,#8590,#8591),.UNSPECIFIED.,.F.,.F.,(4,2,2,2,2,4),
(0.,0.107519952392754,0.201494968220884,0.281786737866985,0.32136914385101,
0.360754701012526),.UNSPECIFIED.);
#916=B_SPLINE_CURVE_WITH_KNOTS('',3,(#8592,#8593,#8594,#8595),
 .UNSPECIFIED.,.F.,.F.,(4,4),(-0.512230427636513,-0.297232808276706),
 .UNSPECIFIED.);
#917=B_SPLINE_CURVE_WITH_KNOTS('',3,(#8597,#8598,#8599,#8600,#8601,#8602,
#8603,#8604,#8605,#8606,#8607,#8608),.UNSPECIFIED.,.F.,.F.,(4,2,2,2,2,4),
(0.,0.0645342301807979,0.132312057412089,0.206549947786897,0.262580339706625,
0.318533094600447),.UNSPECIFIED.);
#918=B_SPLINE_CURVE_WITH_KNOTS('',3,(#8610,#8611,#8612,#8613,#8614,#8615,
#8616,#8617,#8618,#8619,#8620,#8621),.UNSPECIFIED.,.F.,.F.,(4,2,2,2,2,4),
(0.,0.107519952392876,0.201494968221217,0.281786737867502,0.321369143851619,
0.360754701013227),.UNSPECIFIED.);
#919=B_SPLINE_CURVE_WITH_KNOTS('',3,(#8643,#8644,#8645,#8646,#8647,#8648,
#8649,#8650,#8651,#8652,#8653,#8654),.UNSPECIFIED.,.F.,.F.,(4,2,2,2,2,4),
(0.,0.0645342301807932,0.132312057412071,0.206549947786869,0.262580339706586,
0.318533094600407),.UNSPECIFIED.);
#920=B_SPLINE_CURVE_WITH_KNOTS('',3,(#8656,#8657,#8658,#8659),
 .UNSPECIFIED.,.F.,.F.,(4,4),(0.18962274810944,0.512230427636513),
 .UNSPECIFIED.);
#921=B_SPLINE_CURVE_WITH_KNOTS('',3,(#8662,#8663,#8664,#8665),
 .UNSPECIFIED.,.F.,.F.,(4,4),(-0.214997689720661,0.),.UNSPECIFIED.);
#922=B_SPLINE_CURVE_WITH_KNOTS('',3,(#8669,#8670,#8671,#8672,#8673,#8674,
#8675,#8676,#8677,#8678,#8679,#8680,#8681),.UNSPECIFIED.,.F.,.F.,(4,3,2,
2,2,4),(-0.0102178891441941,0.,0.063732834687388,0.131628175909024,0.205211511335517,
0.284536252964297),.UNSPECIFIED.);
#923=B_SPLINE_CURVE_WITH_KNOTS('',3,(#8691,#8692,#8693,#8694),
 .UNSPECIFIED.,.F.,.F.,(4,4),(0.,0.322607756216435),.UNSPECIFIED.);
#924=B_SPLINE_CURVE_WITH_KNOTS('',3,(#8697,#8698,#8699,#8700,#8701,#8702,
#8703,#8704,#8705,#8706,#8707,#8708,#8709),.UNSPECIFIED.,.F.,.F.,(4,2,2,
2,3,4),(-0.284536252964297,-0.205211511335517,-0.131628175909024,-0.063732834687388,
0.,0.010217889144194),.UNSPECIFIED.);
#925=B_SPLINE_CURVE_WITH_KNOTS('',3,(#8734,#8735,#8736,#8737,#8738,#8739,
#8740,#8741,#8742,#8743,#8744,#8745),.UNSPECIFIED.,.F.,.F.,(4,2,2,2,2,4),
(0.,0.107519952392746,0.20149496822086,0.28178673786695,0.321369143850969,
0.360754701012466),.UNSPECIFIED.);
#926=B_SPLINE_CURVE_WITH_KNOTS('',3,(#8746,#8747,#8748,#8749),
 .UNSPECIFIED.,.F.,.F.,(4,4),(-0.512230427636513,-0.297232808276388),
 .UNSPECIFIED.);
#927=B_SPLINE_CURVE_WITH_KNOTS('',3,(#8751,#8752,#8753,#8754,#8755,#8756,
#8757,#8758,#8759,#8760,#8761,#8762),.UNSPECIFIED.,.F.,.F.,(4,2,2,2,2,4),
(0.,0.107519952392822,0.201494968221068,0.281786737867279,0.321369143851347,
0.360754701012918),.UNSPECIFIED.);
#928=B_SPLINE_CURVE_WITH_KNOTS('',3,(#8764,#8765,#8766,#8767,#8768,#8769,
#8770,#8771,#8772,#8773,#8774,#8775),.UNSPECIFIED.,.F.,.F.,(4,2,2,2,2,4),
(0.,0.0645342301807977,0.132312057412088,0.206549947786892,0.262580339706613,
0.31853309460044),.UNSPECIFIED.);
#929=B_SPLINE_CURVE_WITH_KNOTS('',3,(#8779,#8780,#8781,#8782,#8783,#8784,
#8785,#8786,#8787,#8788,#8789,#8790,#8791),.UNSPECIFIED.,.F.,.F.,(4,3,2,
2,2,4),(-0.0102178891441941,0.,0.063732834687388,0.131628175909024,0.205211511335517,
0.284536252964297),.UNSPECIFIED.);
#930=B_SPLINE_CURVE_WITH_KNOTS('',3,(#8799,#8800,#8801,#8802),
 .UNSPECIFIED.,.F.,.F.,(4,4),(0.,0.318461439053371),.UNSPECIFIED.);
#931=B_SPLINE_CURVE_WITH_KNOTS('',3,(#8805,#8806,#8807,#8808,#8809,#8810,
#8811,#8812,#8813,#8814,#8815,#8816,#8817),.UNSPECIFIED.,.F.,.F.,(4,2,2,
2,3,4),(-0.284536252964297,-0.205211511335517,-0.131628175909024,-0.063732834687388,
0.,0.010217889144194),.UNSPECIFIED.);
#932=B_SPLINE_CURVE_WITH_KNOTS('',3,(#8842,#8843,#8844,#8845,#8846,#8847,
#8848,#8849,#8850,#8851,#8852,#8853),.UNSPECIFIED.,.F.,.F.,(4,2,2,2,2,4),
(0.,0.107519952392701,0.201494968220734,0.281786737866761,0.321369143850729,
0.354065103518981),.UNSPECIFIED.);
#933=B_SPLINE_CURVE_WITH_KNOTS('',3,(#8854,#8855,#8856,#8857),
 .UNSPECIFIED.,.F.,.F.,(4,4),(-0.512230427636513,-0.297232808276362),
 .UNSPECIFIED.);
#934=B_SPLINE_CURVE_WITH_KNOTS('',3,(#8859,#8860,#8861,#8862,#8863,#8864,
#8865,#8866,#8867,#8868,#8869,#8870),.UNSPECIFIED.,.F.,.F.,(4,2,2,2,2,4),
(0.,0.0645342301807967,0.132312057412082,0.206549947786876,0.26258033970659,
0.318533094600401),.UNSPECIFIED.);
#935=B_SPLINE_CURVE_WITH_KNOTS('',3,(#8892,#8893,#8894,#8895),
 .UNSPECIFIED.,.F.,.F.,(4,4),(0.18962274810944,0.512230427636513),
 .UNSPECIFIED.);
#936=B_SPLINE_CURVE_WITH_KNOTS('',3,(#8899,#8900,#8901,#8902,#8903,#8904,
#8905,#8906,#8907,#8908,#8909,#8910,#8911),.UNSPECIFIED.,.F.,.F.,(4,3,2,
2,2,4),(-0.0102178891441941,0.,0.063732834687388,0.131628175909024,0.205211511335517,
0.284536252964297),.UNSPECIFIED.);
#937=B_SPLINE_CURVE_WITH_KNOTS('',3,(#8920,#8921,#8922,#8923),
 .UNSPECIFIED.,.F.,.F.,(4,4),(0.,0.322607756216435),.UNSPECIFIED.);
#938=B_SPLINE_CURVE_WITH_KNOTS('',3,(#8925,#8926,#8927,#8928,#8929,#8930,
#8931,#8932,#8933,#8934,#8935,#8936,#8937),.UNSPECIFIED.,.F.,.F.,(4,2,2,
2,3,4),(-0.284536252964297,-0.205211511335517,-0.131628175909024,-0.063732834687388,
0.,0.010217889144194),.UNSPECIFIED.);
#939=B_SPLINE_CURVE_WITH_KNOTS('',3,(#8980,#8981,#8982,#8983),
 .UNSPECIFIED.,.F.,.F.,(4,4),(0.18962274810944,0.512230427636513),
 .UNSPECIFIED.);
#940=B_SPLINE_CURVE_WITH_KNOTS('',3,(#8987,#8988,#8989,#8990,#8991,#8992,
#8993,#8994,#8995,#8996,#8997,#8998,#8999),.UNSPECIFIED.,.F.,.F.,(4,3,2,
2,2,4),(-0.0102178891441941,0.,0.063732834687388,0.131628175909024,0.205211511335517,
0.284536252964297),.UNSPECIFIED.);
#941=B_SPLINE_CURVE_WITH_KNOTS('',3,(#9008,#9009,#9010,#9011),
 .UNSPECIFIED.,.F.,.F.,(4,4),(0.,0.322607756216435),.UNSPECIFIED.);
#942=B_SPLINE_CURVE_WITH_KNOTS('',3,(#9013,#9014,#9015,#9016,#9017,#9018,
#9019,#9020,#9021,#9022,#9023,#9024,#9025),.UNSPECIFIED.,.F.,.F.,(4,2,2,
2,3,4),(-0.284536252964297,-0.205211511335517,-0.131628175909024,-0.063732834687388,
0.,0.010217889144194),.UNSPECIFIED.);
#943=B_SPLINE_CURVE_WITH_KNOTS('',3,(#9067,#9068,#9069,#9070),
 .UNSPECIFIED.,.F.,.F.,(4,4),(0.18962274810944,0.512230427636513),
 .UNSPECIFIED.);
#944=B_SPLINE_CURVE_WITH_KNOTS('',3,(#9073,#9074,#9075,#9076,#9077,#9078,
#9079,#9080,#9081,#9082,#9083,#9084,#9085),.UNSPECIFIED.,.F.,.F.,(4,3,2,
2,2,4),(-0.0102178891441941,0.,0.063732834687388,0.131628175909024,0.205211511335517,
0.284536252964297),.UNSPECIFIED.);
#945=B_SPLINE_CURVE_WITH_KNOTS('',3,(#9089,#9090,#9091,#9092),
 .UNSPECIFIED.,.F.,.F.,(4,4),(0.,0.322607756216435),.UNSPECIFIED.);
#946=B_SPLINE_CURVE_WITH_KNOTS('',3,(#9135,#9136,#9137,#9138),
 .UNSPECIFIED.,.F.,.F.,(4,4),(0.18962274810944,0.512230427636513),
 .UNSPECIFIED.);
#947=B_SPLINE_CURVE_WITH_KNOTS('',3,(#9142,#9143,#9144,#9145,#9146,#9147,
#9148,#9149,#9150,#9151,#9152,#9153,#9154),.UNSPECIFIED.,.F.,.F.,(4,3,2,
2,2,4),(-0.0102178891441941,0.,0.063732834687388,0.131628175909024,0.205211511335517,
0.284536252964297),.UNSPECIFIED.);
#948=B_SPLINE_CURVE_WITH_KNOTS('',3,(#9163,#9164,#9165,#9166),
 .UNSPECIFIED.,.F.,.F.,(4,4),(0.,0.322607756216435),.UNSPECIFIED.);
#949=B_SPLINE_CURVE_WITH_KNOTS('',3,(#9168,#9169,#9170,#9171,#9172,#9173,
#9174,#9175,#9176,#9177,#9178,#9179,#9180),.UNSPECIFIED.,.F.,.F.,(4,2,2,
2,3,4),(-0.284536252964297,-0.205211511335517,-0.131628175909024,-0.063732834687388,
0.,0.010217889144194),.UNSPECIFIED.);
#950=B_SPLINE_CURVE_WITH_KNOTS('',3,(#9223,#9224,#9225,#9226),
 .UNSPECIFIED.,.F.,.F.,(4,4),(0.18962274810944,0.512230427636513),
 .UNSPECIFIED.);
#951=B_SPLINE_CURVE_WITH_KNOTS('',3,(#9230,#9231,#9232,#9233,#9234,#9235,
#9236,#9237,#9238,#9239,#9240,#9241,#9242),.UNSPECIFIED.,.F.,.F.,(4,3,2,
2,2,4),(-0.0102178891441941,0.,0.063732834687388,0.131628175909024,0.205211511335517,
0.284536252964297),.UNSPECIFIED.);
#952=B_SPLINE_CURVE_WITH_KNOTS('',3,(#9251,#9252,#9253,#9254),
 .UNSPECIFIED.,.F.,.F.,(4,4),(0.,0.322607756216435),.UNSPECIFIED.);
#953=B_SPLINE_CURVE_WITH_KNOTS('',3,(#9256,#9257,#9258,#9259,#9260,#9261,
#9262,#9263,#9264,#9265,#9266,#9267,#9268),.UNSPECIFIED.,.F.,.F.,(4,2,2,
2,3,4),(-0.284536252964297,-0.205211511335517,-0.131628175909024,-0.063732834687388,
0.,0.010217889144194),.UNSPECIFIED.);
#954=CIRCLE('',#3732,28.1297201388363);
#955=CIRCLE('',#3735,26.1586099955713);
#956=CIRCLE('',#3739,26.1586099955723);
#957=CIRCLE('',#3741,28.1297201388371);
#958=CIRCLE('',#3743,25.8113520145771);
#959=CIRCLE('',#3744,1.79366800104429);
#960=CIRCLE('',#3746,30.68245928168);
#961=CIRCLE('',#3747,32.4730702192682);
#962=CIRCLE('',#3749,32.4730702192682);
#963=CIRCLE('',#3751,28.8113520145974);
#964=CIRCLE('',#3752,32.4730702192682);
#965=CIRCLE('',#3753,28.8113520146279);
#966=CIRCLE('',#3755,25.8113520145771);
#967=CIRCLE('',#3757,25.8113520145771);
#968=CIRCLE('',#3758,25.8113520145771);
#969=CIRCLE('',#3759,25.8113520145771);
#970=CIRCLE('',#3760,25.8113520145771);
#971=CIRCLE('',#3761,25.8113520145771);
#972=CIRCLE('',#3762,25.8113520145771);
#973=CIRCLE('',#3763,25.8113520145771);
#974=CIRCLE('',#3764,25.8113520145771);
#975=CIRCLE('',#3765,25.8113520145771);
#976=CIRCLE('',#3766,25.4113520145771);
#977=CIRCLE('',#3768,25.4113520145771);
#978=CIRCLE('',#3769,25.8113520145771);
#979=CIRCLE('',#3770,25.8113520145771);
#980=CIRCLE('',#3771,25.8113520145771);
#981=CIRCLE('',#3772,25.8113520145771);
#982=CIRCLE('',#3773,25.8113520145771);
#983=CIRCLE('',#3774,25.8113520145771);
#984=CIRCLE('',#3775,25.8113520145771);
#985=CIRCLE('',#3776,25.8113520145771);
#986=CIRCLE('',#3777,25.8113520145771);
#987=CIRCLE('',#3778,25.8113520145771);
#988=CIRCLE('',#3779,25.8113520145771);
#989=CIRCLE('',#3780,25.8113520145771);
#990=CIRCLE('',#3781,25.8113520145771);
#991=CIRCLE('',#3782,25.8113520145771);
#992=CIRCLE('',#3783,25.8113520145771);
#993=CIRCLE('',#3784,25.8113520145771);
#994=CIRCLE('',#3785,25.8113520145771);
#995=CIRCLE('',#3786,25.8113520145771);
#996=CIRCLE('',#3787,25.8113520145771);
#997=CIRCLE('',#3788,25.8113520145771);
#998=CIRCLE('',#3789,25.8113520145771);
#999=CIRCLE('',#3790,25.8113520145771);
#1000=CIRCLE('',#3791,25.8113520145771);
#1001=CIRCLE('',#3792,25.8113520145771);
#1002=CIRCLE('',#3793,25.8113520145771);
#1003=CIRCLE('',#3794,25.8113520145771);
#1004=CIRCLE('',#3795,25.8113520145771);
#1005=CIRCLE('',#3796,25.8113520145771);
#1006=CIRCLE('',#3797,25.8113520145771);
#1007=CIRCLE('',#3798,25.8113520145771);
#1008=CIRCLE('',#3799,25.8113520145771);
#1009=CIRCLE('',#3800,25.8113520145771);
#1010=CIRCLE('',#3801,25.8113520145771);
#1011=CIRCLE('',#3802,25.8113520145771);
#1012=CIRCLE('',#3803,25.8113520145771);
#1013=CIRCLE('',#3805,32.4730702192682);
#1014=CIRCLE('',#3806,30.68245928168);
#1015=CIRCLE('',#3808,1.79366800104395);
#1016=CIRCLE('',#3810,28.8113520146279);
#1017=CIRCLE('',#3812,1.05);
#1018=CIRCLE('',#3813,1.05);
#1019=CIRCLE('',#3815,4.05);
#1020=CIRCLE('',#3816,4.05);
#1021=CIRCLE('',#3819,25.4113520145771);
#1022=CIRCLE('',#3820,25.4113520145771);
#1023=CIRCLE('',#3823,3.);
#1024=CIRCLE('',#3825,3.00000000000001);
#1025=CIRCLE('',#3828,32.518728419249);
#1026=CIRCLE('',#3830,32.518728419249);
#1027=CIRCLE('',#3832,25.4113520145771);
#1028=CIRCLE('',#3834,25.4113520145771);
#1029=CIRCLE('',#3835,25.4113520145771);
#1030=CIRCLE('',#3837,30.68245928168);
#1031=CIRCLE('',#3838,1.79366800104395);
#1032=CIRCLE('',#3839,32.4730702192682);
#1033=CIRCLE('',#3840,30.68245928168);
#1034=CIRCLE('',#3842,32.4730702192682);
#1035=CIRCLE('',#3843,1.79366800104429);
#1036=CIRCLE('',#3845,32.4730702192682);
#1037=CIRCLE('',#3847,32.4730702192682);
#1038=CIRCLE('',#3848,28.8113520146279);
#1039=CIRCLE('',#3850,28.8113520145974);
#1040=CIRCLE('',#3851,32.4730702192682);
#1041=CIRCLE('',#3853,30.68245928168);
#1042=CIRCLE('',#3854,1.79366800104395);
#1043=CIRCLE('',#3855,32.4730702192682);
#1044=CIRCLE('',#3857,30.68245928168);
#1045=CIRCLE('',#3858,1.79366800104395);
#1046=CIRCLE('',#3860,30.68245928168);
#1047=CIRCLE('',#3862,28.8113520146279);
#1048=CIRCLE('',#3863,32.4730702192682);
#1049=CIRCLE('',#3865,1.79366800104429);
#1050=CIRCLE('',#3866,30.68245928168);
#1051=CIRCLE('',#3868,32.4730702192682);
#1052=CIRCLE('',#3869,1.79366800104429);
#1053=CIRCLE('',#3871,32.4730702192682);
#1054=CIRCLE('',#3872,32.4730702192682);
#1055=CIRCLE('',#3874,28.8113520145974);
#1056=CIRCLE('',#3875,32.4730702192682);
#1057=CIRCLE('',#3877,32.4730702192682);
#1058=CIRCLE('',#3878,28.8113520146279);
#1059=CIRCLE('',#3880,32.4730702192682);
#1060=CIRCLE('',#3882,30.68245928168);
#1061=CIRCLE('',#3884,30.68245928168);
#1062=CIRCLE('',#3885,1.79366800104395);
#1063=CIRCLE('',#3887,30.68245928168);
#1064=CIRCLE('',#3889,32.4730702192682);
#1065=CIRCLE('',#3891,32.4730702192682);
#1066=CIRCLE('',#3892,1.79366800104429);
#1067=CIRCLE('',#3894,32.4730702192682);
#1068=CIRCLE('',#3896,32.4730702192682);
#1069=CIRCLE('',#3897,28.8113520146279);
#1070=CIRCLE('',#3899,32.4730702192682);
#1071=CIRCLE('',#3900,30.68245928168);
#1072=CIRCLE('',#3902,30.68245928168);
#1073=CIRCLE('',#3903,1.79366800104395);
#1074=CIRCLE('',#3905,32.4730702192682);
#1075=CIRCLE('',#3907,32.4730702192682);
#1076=CIRCLE('',#3908,1.79366800104429);
#1077=CIRCLE('',#3910,28.8113520145974);
#1078=CIRCLE('',#3911,32.4730702192682);
#1079=CIRCLE('',#3913,32.4730702192682);
#1080=CIRCLE('',#3914,28.8113520146279);
#1081=CIRCLE('',#3916,1.79366800104395);
#1082=CIRCLE('',#3918,32.4730702192682);
#1083=CIRCLE('',#3919,30.68245928168);
#1084=CIRCLE('',#3921,32.4730702192682);
#1085=CIRCLE('',#3922,28.8113520145974);
#1086=CIRCLE('',#3925,30.68245928168);
#1087=CIRCLE('',#3928,1.79366800104395);
#1088=CIRCLE('',#3930,30.68245928168);
#1089=CIRCLE('',#3931,32.4730702192682);
#1090=CIRCLE('',#3933,28.8113520146279);
#1091=CIRCLE('',#3934,32.4730702192682);
#1092=CIRCLE('',#3935,28.8113520145974);
#1093=CIRCLE('',#3938,1.79366800104429);
#1094=CIRCLE('',#3944,32.4730702192682);
#1095=CIRCLE('',#3945,30.68245928168);
#1096=CIRCLE('',#3947,28.8113520145974);
#1097=CIRCLE('',#3953,30.68245928168);
#1098=CIRCLE('',#3954,32.4730702192682);
#1099=CIRCLE('',#3956,32.4730702192682);
#1100=CIRCLE('',#3957,28.8113520145974);
#1101=CIRCLE('',#3959,1.79366800104395);
#1102=CIRCLE('',#3961,32.4730702192682);
#1103=CIRCLE('',#3963,28.8113520146279);
#1104=CIRCLE('',#3964,32.4730702192682);
#1105=CIRCLE('',#3965,28.8113520145974);
#1106=CIRCLE('',#3968,1.79366800104429);
#1107=CIRCLE('',#3969,30.68245928168);
#1108=CIRCLE('',#3971,1.79366800104395);
#1109=CIRCLE('',#3973,30.68245928168);
#1110=CIRCLE('',#3974,32.4730702192682);
#1111=CIRCLE('',#3976,28.8113520146279);
#1112=CIRCLE('',#3977,32.4730702192682);
#1113=CIRCLE('',#3978,28.8113520145974);
#1114=CIRCLE('',#3981,1.79366800104429);
#1115=CIRCLE('',#3982,30.68245928168);
#1116=CIRCLE('',#3985,1.79366800104395);
#1117=CIRCLE('',#3987,30.68245928168);
#1118=CIRCLE('',#3988,32.4730702192682);
#1119=CIRCLE('',#3990,28.8113520146279);
#1120=CIRCLE('',#3991,32.4730702192682);
#1121=CIRCLE('',#3992,28.8113520145974);
#1122=CIRCLE('',#3995,1.79366800104429);
#1123=CIRCLE('',#3997,1.79366800104395);
#1124=CIRCLE('',#3999,32.4730702192682);
#1125=CIRCLE('',#4001,28.8113520146279);
#1126=CIRCLE('',#4002,32.4730702192682);
#1127=CIRCLE('',#4003,28.8113520145974);
#1128=CIRCLE('',#4006,1.79366800104429);
#1129=CIRCLE('',#4007,30.68245928168);
#1130=CIRCLE('',#4008,1.79366800104395);
#1131=CIRCLE('',#4010,30.68245928168);
#1132=CIRCLE('',#4011,32.4730702192682);
#1133=CIRCLE('',#4013,28.8113520146279);
#1134=CIRCLE('',#4014,32.4730702192682);
#1135=CIRCLE('',#4015,28.8113520145974);
#1136=CIRCLE('',#4018,1.79366800104429);
#1137=CIRCLE('',#4019,30.68245928168);
#1138=CIRCLE('',#4022,1.79366800104395);
#1139=CIRCLE('',#4024,32.4730702192682);
#1140=CIRCLE('',#4026,28.8113520146279);
#1141=CIRCLE('',#4027,32.4730702192682);
#1142=CIRCLE('',#4028,28.8113520145974);
#1143=CIRCLE('',#4031,1.79366800104429);
#1144=CIRCLE('',#4033,28.8113520146279);
#1145=CIRCLE('',#4034,32.4730702192682);
#1146=CIRCLE('',#4035,28.8113520145974);
#1147=CIRCLE('',#4038,1.79366800104429);
#1148=CIRCLE('',#4039,1.79366800104395);
#1149=CIRCLE('',#4041,32.4730702192682);
#1150=CIRCLE('',#4043,28.8113520146279);
#1151=CIRCLE('',#4044,32.4730702192682);
#1152=CIRCLE('',#4045,28.8113520145974);
#1153=CIRCLE('',#4048,1.79366800104429);
#1154=CIRCLE('',#4050,1.79366800104395);
#1155=CIRCLE('',#4052,30.68245928168);
#1156=CIRCLE('',#4053,32.4730702192682);
#1157=CIRCLE('',#4055,28.8113520146279);
#1158=CIRCLE('',#4056,32.4730702192682);
#1159=CIRCLE('',#4057,28.8113520145974);
#1160=CIRCLE('',#4060,1.79366800104429);
#1161=CIRCLE('',#4061,30.68245928168);
#1162=CIRCLE('',#4064,1.79366800104395);
#1163=CIRCLE('',#4067,1.79366800104395);
#1164=CIRCLE('',#4069,30.68245928168);
#1165=CIRCLE('',#4070,32.4730702192682);
#1166=CIRCLE('',#4072,28.8113520146279);
#1167=CIRCLE('',#4073,32.4730702192682);
#1168=CIRCLE('',#4074,28.8113520145974);
#1169=CIRCLE('',#4077,1.79366800104429);
#1170=CIRCLE('',#4078,30.68245928168);
#1171=CIRCLE('',#4081,1.79366800104395);
#1172=CIRCLE('',#4083,30.68245928168);
#1173=CIRCLE('',#4084,32.4730702192682);
#1174=CIRCLE('',#4086,28.8113520146279);
#1175=CIRCLE('',#4087,32.4730702192682);
#1176=CIRCLE('',#4088,28.8113520145974);
#1177=CIRCLE('',#4091,1.79366800104429);
#1178=CIRCLE('',#4092,30.68245928168);
#1179=CIRCLE('',#4096,32.4730702192682);
#1180=CIRCLE('',#4098,28.8113520146279);
#1181=CIRCLE('',#4099,32.4730702192682);
#1182=CIRCLE('',#4100,28.8113520145974);
#1183=CIRCLE('',#4103,1.79366800104429);
#1184=CIRCLE('',#4104,30.68245928168);
#1185=CIRCLE('',#4106,1.79366800104395);
#1186=CIRCLE('',#4108,32.4730702192682);
#1187=CIRCLE('',#4110,28.8113520146279);
#1188=CIRCLE('',#4111,32.4730702192682);
#1189=CIRCLE('',#4112,28.8113520145974);
#1190=CIRCLE('',#4115,1.79366800104429);
#1191=CIRCLE('',#4116,1.79366800104395);
#1192=CIRCLE('',#4118,32.4730702192682);
#1193=CIRCLE('',#4120,28.8113520146279);
#1194=CIRCLE('',#4121,32.4730702192682);
#1195=CIRCLE('',#4122,28.8113520145974);
#1196=CIRCLE('',#4125,1.79366800104429);
#1197=CIRCLE('',#4127,32.4730702192682);
#1198=CIRCLE('',#4129,32.4730702192682);
#1199=CIRCLE('',#4132,1.79366800104395);
#1200=CIRCLE('',#4134,32.4730702192682);
#1201=CIRCLE('',#4136,28.8113520146279);
#1202=CIRCLE('',#4137,32.4730702192682);
#1203=CIRCLE('',#4138,28.8113520145974);
#1204=CIRCLE('',#4141,1.79366800104429);
#1205=CIRCLE('',#4142,1.79366800104395);
#1206=CIRCLE('',#4144,32.4730702192682);
#1207=CIRCLE('',#4146,28.8113520146279);
#1208=CIRCLE('',#4147,32.4730702192682);
#1209=CIRCLE('',#4148,28.8113520145974);
#1210=CIRCLE('',#4151,1.79366800104429);
#1211=CIRCLE('',#4159,25.4113520145771);
#1212=LINE('',#5146,#1286);
#1213=LINE('',#5148,#1287);
#1214=LINE('',#5185,#1288);
#1215=LINE('',#5186,#1289);
#1216=LINE('',#5210,#1290);
#1217=LINE('',#5257,#1291);
#1218=LINE('',#5259,#1292);
#1219=LINE('',#5261,#1293);
#1220=LINE('',#5328,#1294);
#1221=LINE('',#5390,#1295);
#1222=LINE('',#5438,#1296);
#1223=LINE('',#5441,#1297);
#1224=LINE('',#5470,#1298);
#1225=LINE('',#5471,#1299);
#1226=LINE('',#5475,#1300);
#1227=LINE('',#5511,#1301);
#1228=LINE('',#5512,#1302);
#1229=LINE('',#5674,#1303);
#1230=LINE('',#5676,#1304);
#1231=LINE('',#5680,#1305);
#1232=LINE('',#5681,#1306);
#1233=LINE('',#5834,#1307);
#1234=LINE('',#5840,#1308);
#1235=LINE('',#5846,#1309);
#1236=LINE('',#5848,#1310);
#1237=LINE('',#5850,#1311);
#1238=LINE('',#5852,#1312);
#1239=LINE('',#5854,#1313);
#1240=LINE('',#5856,#1314);
#1241=LINE('',#5860,#1315);
#1242=LINE('',#5864,#1316);
#1243=LINE('',#5865,#1317);
#1244=LINE('',#6540,#1318);
#1245=LINE('',#6568,#1319);
#1246=LINE('',#6572,#1320);
#1247=LINE('',#6574,#1321);
#1248=LINE('',#6578,#1322);
#1249=LINE('',#6579,#1323);
#1250=LINE('',#9293,#1324);
#1251=LINE('',#9295,#1325);
#1252=LINE('',#9297,#1326);
#1253=LINE('',#9298,#1327);
#1254=LINE('',#9301,#1328);
#1255=LINE('',#9303,#1329);
#1256=LINE('',#9304,#1330);
#1257=LINE('',#9307,#1331);
#1258=LINE('',#9309,#1332);
#1259=LINE('',#9310,#1333);
#1260=LINE('',#9312,#1334);
#1261=LINE('',#9313,#1335);
#1262=LINE('',#9315,#1336);
#1263=LINE('',#9318,#1337);
#1264=LINE('',#9320,#1338);
#1265=LINE('',#9322,#1339);
#1266=LINE('',#9324,#1340);
#1267=LINE('',#9326,#1341);
#1268=LINE('',#9327,#1342);
#1269=LINE('',#9331,#1343);
#1270=LINE('',#9333,#1344);
#1271=LINE('',#9335,#1345);
#1272=LINE('',#9339,#1346);
#1273=LINE('',#9340,#1347);
#1274=LINE('',#9342,#1348);
#1275=LINE('',#9344,#1349);
#1276=LINE('',#9346,#1350);
#1277=LINE('',#9348,#1351);
#1278=LINE('',#9350,#1352);
#1279=LINE('',#9352,#1353);
#1280=LINE('',#9354,#1354);
#1281=LINE('',#9356,#1355);
#1282=LINE('',#9359,#1356);
#1283=LINE('',#9360,#1357);
#1284=LINE('',#9362,#1358);
#1285=LINE('',#9364,#1359);
#1286=VECTOR('',#4181,10.);
#1287=VECTOR('',#4182,10.);
#1288=VECTOR('',#4185,10.);
#1289=VECTOR('',#4186,10.);
#1290=VECTOR('',#4189,10.);
#1291=VECTOR('',#4192,10.);
#1292=VECTOR('',#4193,10.);
#1293=VECTOR('',#4194,10.);
#1294=VECTOR('',#4199,1.05);
#1295=VECTOR('',#4202,10.);
#1296=VECTOR('',#4203,10.);
#1297=VECTOR('',#4206,10.);
#1298=VECTOR('',#4209,10.);
#1299=VECTOR('',#4210,10.);
#1300=VECTOR('',#4213,10.);
#1301=VECTOR('',#4216,10.);
#1302=VECTOR('',#4217,10.);
#1303=VECTOR('',#4266,10.);
#1304=VECTOR('',#4267,10.);
#1305=VECTOR('',#4270,10.);
#1306=VECTOR('',#4271,10.);
#1307=VECTOR('',#4364,1.05);
#1308=VECTOR('',#4371,4.05);
#1309=VECTOR('',#4378,10.);
#1310=VECTOR('',#4379,10.);
#1311=VECTOR('',#4380,10.);
#1312=VECTOR('',#4381,10.);
#1313=VECTOR('',#4382,10.);
#1314=VECTOR('',#4383,10.);
#1315=VECTOR('',#4386,10.);
#1316=VECTOR('',#4389,10.);
#1317=VECTOR('',#4390,10.);
#1318=VECTOR('',#4407,10.);
#1319=VECTOR('',#4412,10.);
#1320=VECTOR('',#4419,10.);
#1321=VECTOR('',#4420,10.);
#1322=VECTOR('',#4425,10.);
#1323=VECTOR('',#4426,10.);
#1324=VECTOR('',#5061,10.);
#1325=VECTOR('',#5062,10.);
#1326=VECTOR('',#5063,10.);
#1327=VECTOR('',#5064,10.);
#1328=VECTOR('',#5067,10.);
#1329=VECTOR('',#5068,10.);
#1330=VECTOR('',#5069,10.);
#1331=VECTOR('',#5072,10.);
#1332=VECTOR('',#5073,10.);
#1333=VECTOR('',#5074,10.);
#1334=VECTOR('',#5077,10.);
#1335=VECTOR('',#5078,10.);
#1336=VECTOR('',#5081,10.);
#1337=VECTOR('',#5084,10.);
#1338=VECTOR('',#5085,10.);
#1339=VECTOR('',#5086,10.);
#1340=VECTOR('',#5087,10.);
#1341=VECTOR('',#5088,10.);
#1342=VECTOR('',#5089,10.);
#1343=VECTOR('',#5092,10.);
#1344=VECTOR('',#5093,10.);
#1345=VECTOR('',#5094,10.);
#1346=VECTOR('',#5099,10.);
#1347=VECTOR('',#5100,10.);
#1348=VECTOR('',#5103,10.);
#1349=VECTOR('',#5106,10.);
#1350=VECTOR('',#5109,10.);
#1351=VECTOR('',#5112,10.);
#1352=VECTOR('',#5115,10.);
#1353=VECTOR('',#5118,10.);
#1354=VECTOR('',#5121,10.);
#1355=VECTOR('',#5124,10.);
#1356=VECTOR('',#5129,10.);
#1357=VECTOR('',#5130,10.);
#1358=VECTOR('',#5133,10.);
#1359=VECTOR('',#5136,10.);
#1360=VERTEX_POINT('',#5144);
#1361=VERTEX_POINT('',#5145);
#1362=VERTEX_POINT('',#5147);
#1363=VERTEX_POINT('',#5149);
#1364=VERTEX_POINT('',#5151);
#1365=VERTEX_POINT('',#5158);
#1366=VERTEX_POINT('',#5175);
#1367=VERTEX_POINT('',#5184);
#1368=VERTEX_POINT('',#5188);
#1369=VERTEX_POINT('',#5209);
#1370=VERTEX_POINT('',#5211);
#1371=VERTEX_POINT('',#5222);
#1372=VERTEX_POINT('',#5256);
#1373=VERTEX_POINT('',#5258);
#1374=VERTEX_POINT('',#5260);
#1375=VERTEX_POINT('',#5262);
#1376=VERTEX_POINT('',#5267);
#1377=VERTEX_POINT('',#5278);
#1378=VERTEX_POINT('',#5289);
#1379=VERTEX_POINT('',#5290);
#1380=VERTEX_POINT('',#5327);
#1381=VERTEX_POINT('',#5329);
#1382=VERTEX_POINT('',#5367);
#1383=VERTEX_POINT('',#5368);
#1384=VERTEX_POINT('',#5389);
#1385=VERTEX_POINT('',#5391);
#1386=VERTEX_POINT('',#5404);
#1387=VERTEX_POINT('',#5425);
#1388=VERTEX_POINT('',#5440);
#1389=VERTEX_POINT('',#5442);
#1390=VERTEX_POINT('',#5451);
#1391=VERTEX_POINT('',#5453);
#1392=VERTEX_POINT('',#5464);
#1393=VERTEX_POINT('',#5469);
#1394=VERTEX_POINT('',#5473);
#1395=VERTEX_POINT('',#5474);
#1396=VERTEX_POINT('',#5476);
#1397=VERTEX_POINT('',#5485);
#1398=VERTEX_POINT('',#5502);
#1399=VERTEX_POINT('',#5510);
#1400=VERTEX_POINT('',#5514);
#1401=VERTEX_POINT('',#5525);
#1402=VERTEX_POINT('',#5579);
#1403=VERTEX_POINT('',#5586);
#1404=VERTEX_POINT('',#5588);
#1405=VERTEX_POINT('',#5606);
#1406=VERTEX_POINT('',#5608);
#1407=VERTEX_POINT('',#5627);
#1408=VERTEX_POINT('',#5641);
#1409=VERTEX_POINT('',#5656);
#1410=VERTEX_POINT('',#5658);
#1411=VERTEX_POINT('',#5660);
#1412=VERTEX_POINT('',#5662);
#1413=VERTEX_POINT('',#5664);
#1414=VERTEX_POINT('',#5666);
#1415=VERTEX_POINT('',#5668);
#1416=VERTEX_POINT('',#5670);
#1417=VERTEX_POINT('',#5673);
#1418=VERTEX_POINT('',#5675);
#1419=VERTEX_POINT('',#5677);
#1420=VERTEX_POINT('',#5679);
#1421=VERTEX_POINT('',#5684);
#1422=VERTEX_POINT('',#5686);
#1423=VERTEX_POINT('',#5688);
#1424=VERTEX_POINT('',#5690);
#1425=VERTEX_POINT('',#5692);
#1426=VERTEX_POINT('',#5694);
#1427=VERTEX_POINT('',#5696);
#1428=VERTEX_POINT('',#5698);
#1429=VERTEX_POINT('',#5700);
#1430=VERTEX_POINT('',#5702);
#1431=VERTEX_POINT('',#5704);
#1432=VERTEX_POINT('',#5706);
#1433=VERTEX_POINT('',#5708);
#1434=VERTEX_POINT('',#5710);
#1435=VERTEX_POINT('',#5712);
#1436=VERTEX_POINT('',#5714);
#1437=VERTEX_POINT('',#5716);
#1438=VERTEX_POINT('',#5718);
#1439=VERTEX_POINT('',#5720);
#1440=VERTEX_POINT('',#5722);
#1441=VERTEX_POINT('',#5724);
#1442=VERTEX_POINT('',#5726);
#1443=VERTEX_POINT('',#5728);
#1444=VERTEX_POINT('',#5730);
#1445=VERTEX_POINT('',#5732);
#1446=VERTEX_POINT('',#5734);
#1447=VERTEX_POINT('',#5736);
#1448=VERTEX_POINT('',#5738);
#1449=VERTEX_POINT('',#5740);
#1450=VERTEX_POINT('',#5742);
#1451=VERTEX_POINT('',#5744);
#1452=VERTEX_POINT('',#5746);
#1453=VERTEX_POINT('',#5748);
#1454=VERTEX_POINT('',#5750);
#1455=VERTEX_POINT('',#5754);
#1456=VERTEX_POINT('',#5756);
#1457=VERTEX_POINT('',#5772);
#1458=VERTEX_POINT('',#5817);
#1459=VERTEX_POINT('',#5822);
#1460=VERTEX_POINT('',#5831);
#1461=VERTEX_POINT('',#5833);
#1462=VERTEX_POINT('',#5837);
#1463=VERTEX_POINT('',#5839);
#1464=VERTEX_POINT('',#5844);
#1465=VERTEX_POINT('',#5845);
#1466=VERTEX_POINT('',#5847);
#1467=VERTEX_POINT('',#5849);
#1468=VERTEX_POINT('',#5851);
#1469=VERTEX_POINT('',#5853);
#1470=VERTEX_POINT('',#5855);
#1471=VERTEX_POINT('',#5857);
#1472=VERTEX_POINT('',#5859);
#1473=VERTEX_POINT('',#5861);
#1474=VERTEX_POINT('',#5863);
#1475=VERTEX_POINT('',#5867);
#1476=VERTEX_POINT('',#5868);
#1477=VERTEX_POINT('',#5895);
#1478=VERTEX_POINT('',#5902);
#1479=VERTEX_POINT('',#5913);
#1480=VERTEX_POINT('',#5930);
#1481=VERTEX_POINT('',#5937);
#1482=VERTEX_POINT('',#5951);
#1483=VERTEX_POINT('',#5964);
#1484=VERTEX_POINT('',#5973);
#1485=VERTEX_POINT('',#5986);
#1486=VERTEX_POINT('',#5999);
#1487=VERTEX_POINT('',#6006);
#1488=VERTEX_POINT('',#6019);
#1489=VERTEX_POINT('',#6032);
#1490=VERTEX_POINT('',#6039);
#1491=VERTEX_POINT('',#6054);
#1492=VERTEX_POINT('',#6070);
#1493=VERTEX_POINT('',#6079);
#1494=VERTEX_POINT('',#6094);
#1495=VERTEX_POINT('',#6110);
#1496=VERTEX_POINT('',#6111);
#1497=VERTEX_POINT('',#6116);
#1498=VERTEX_POINT('',#6120);
#1499=VERTEX_POINT('',#6122);
#1500=VERTEX_POINT('',#6126);
#1501=VERTEX_POINT('',#6138);
#1502=VERTEX_POINT('',#6153);
#1503=VERTEX_POINT('',#6166);
#1504=VERTEX_POINT('',#6175);
#1505=VERTEX_POINT('',#6201);
#1506=VERTEX_POINT('',#6202);
#1507=VERTEX_POINT('',#6213);
#1508=VERTEX_POINT('',#6217);
#1509=VERTEX_POINT('',#6219);
#1510=VERTEX_POINT('',#6223);
#1511=VERTEX_POINT('',#6230);
#1512=VERTEX_POINT('',#6241);
#1513=VERTEX_POINT('',#6254);
#1514=VERTEX_POINT('',#6263);
#1515=VERTEX_POINT('',#6313);
#1516=VERTEX_POINT('',#6326);
#1517=VERTEX_POINT('',#6341);
#1518=VERTEX_POINT('',#6348);
#1519=VERTEX_POINT('',#6364);
#1520=VERTEX_POINT('',#6379);
#1521=VERTEX_POINT('',#6386);
#1522=VERTEX_POINT('',#6399);
#1523=VERTEX_POINT('',#6412);
#1524=VERTEX_POINT('',#6419);
#1525=VERTEX_POINT('',#6432);
#1526=VERTEX_POINT('',#6445);
#1527=VERTEX_POINT('',#6452);
#1528=VERTEX_POINT('',#6465);
#1529=VERTEX_POINT('',#6481);
#1530=VERTEX_POINT('',#6488);
#1531=VERTEX_POINT('',#6514);
#1532=VERTEX_POINT('',#6525);
#1533=VERTEX_POINT('',#6542);
#1534=VERTEX_POINT('',#6544);
#1535=VERTEX_POINT('',#6573);
#1536=VERTEX_POINT('',#6576);
#1537=VERTEX_POINT('',#6581);
#1538=VERTEX_POINT('',#6583);
#1539=VERTEX_POINT('',#6585);
#1540=VERTEX_POINT('',#6587);
#1541=VERTEX_POINT('',#6603);
#1542=VERTEX_POINT('',#6607);
#1543=VERTEX_POINT('',#6623);
#1544=VERTEX_POINT('',#6627);
#1545=VERTEX_POINT('',#6631);
#1546=VERTEX_POINT('',#6633);
#1547=VERTEX_POINT('',#6637);
#1548=VERTEX_POINT('',#6641);
#1549=VERTEX_POINT('',#6657);
#1550=VERTEX_POINT('',#6661);
#1551=VERTEX_POINT('',#6665);
#1552=VERTEX_POINT('',#6669);
#1553=VERTEX_POINT('',#6686);
#1554=VERTEX_POINT('',#6690);
#1555=VERTEX_POINT('',#6696);
#1556=VERTEX_POINT('',#6712);
#1557=VERTEX_POINT('',#6718);
#1558=VERTEX_POINT('',#6734);
#1559=VERTEX_POINT('',#6740);
#1560=VERTEX_POINT('',#6744);
#1561=VERTEX_POINT('',#6746);
#1562=VERTEX_POINT('',#6762);
#1563=VERTEX_POINT('',#6766);
#1564=VERTEX_POINT('',#6782);
#1565=VERTEX_POINT('',#6786);
#1566=VERTEX_POINT('',#6790);
#1567=VERTEX_POINT('',#6815);
#1568=VERTEX_POINT('',#6837);
#1569=VERTEX_POINT('',#6839);
#1570=VERTEX_POINT('',#6855);
#1571=VERTEX_POINT('',#6864);
#1572=VERTEX_POINT('',#6899);
#1573=VERTEX_POINT('',#6962);
#1574=VERTEX_POINT('',#6975);
#1575=VERTEX_POINT('',#6980);
#1576=VERTEX_POINT('',#6987);
#1577=VERTEX_POINT('',#6988);
#1578=VERTEX_POINT('',#7005);
#1579=VERTEX_POINT('',#7007);
#1580=VERTEX_POINT('',#7083);
#1581=VERTEX_POINT('',#7129);
#1582=VERTEX_POINT('',#7192);
#1583=VERTEX_POINT('',#7305);
#1584=VERTEX_POINT('',#7336);
#1585=VERTEX_POINT('',#7337);
#1586=VERTEX_POINT('',#7354);
#1587=VERTEX_POINT('',#7391);
#1588=VERTEX_POINT('',#7400);
#1589=VERTEX_POINT('',#7402);
#1590=VERTEX_POINT('',#7411);
#1591=VERTEX_POINT('',#7425);
#1592=VERTEX_POINT('',#7448);
#1593=VERTEX_POINT('',#7498);
#1594=VERTEX_POINT('',#7511);
#1595=VERTEX_POINT('',#7516);
#1596=VERTEX_POINT('',#7523);
#1597=VERTEX_POINT('',#7524);
#1598=VERTEX_POINT('',#7541);
#1599=VERTEX_POINT('',#7543);
#1600=VERTEX_POINT('',#7552);
#1601=VERTEX_POINT('',#7566);
#1602=VERTEX_POINT('',#7589);
#1603=VERTEX_POINT('',#7652);
#1604=VERTEX_POINT('',#7665);
#1605=VERTEX_POINT('',#7670);
#1606=VERTEX_POINT('',#7677);
#1607=VERTEX_POINT('',#7678);
#1608=VERTEX_POINT('',#7695);
#1609=VERTEX_POINT('',#7697);
#1610=VERTEX_POINT('',#7773);
#1611=VERTEX_POINT('',#7780);
#1612=VERTEX_POINT('',#7796);
#1613=VERTEX_POINT('',#7798);
#1614=VERTEX_POINT('',#7807);
#1615=VERTEX_POINT('',#7821);
#1616=VERTEX_POINT('',#7844);
#1617=VERTEX_POINT('',#7881);
#1618=VERTEX_POINT('',#7894);
#1619=VERTEX_POINT('',#7899);
#1620=VERTEX_POINT('',#7906);
#1621=VERTEX_POINT('',#7907);
#1622=VERTEX_POINT('',#7924);
#1623=VERTEX_POINT('',#7926);
#1624=VERTEX_POINT('',#7935);
#1625=VERTEX_POINT('',#7949);
#1626=VERTEX_POINT('',#7972);
#1627=VERTEX_POINT('',#8035);
#1628=VERTEX_POINT('',#8042);
#1629=VERTEX_POINT('',#8058);
#1630=VERTEX_POINT('',#8060);
#1631=VERTEX_POINT('',#8128);
#1632=VERTEX_POINT('',#8130);
#1633=VERTEX_POINT('',#8193);
#1634=VERTEX_POINT('',#8200);
#1635=VERTEX_POINT('',#8216);
#1636=VERTEX_POINT('',#8218);
#1637=VERTEX_POINT('',#8294);
#1638=VERTEX_POINT('',#8307);
#1639=VERTEX_POINT('',#8312);
#1640=VERTEX_POINT('',#8319);
#1641=VERTEX_POINT('',#8320);
#1642=VERTEX_POINT('',#8337);
#1643=VERTEX_POINT('',#8339);
#1644=VERTEX_POINT('',#8348);
#1645=VERTEX_POINT('',#8362);
#1646=VERTEX_POINT('',#8385);
#1647=VERTEX_POINT('',#8488);
#1648=VERTEX_POINT('',#8501);
#1649=VERTEX_POINT('',#8506);
#1650=VERTEX_POINT('',#8513);
#1651=VERTEX_POINT('',#8514);
#1652=VERTEX_POINT('',#8531);
#1653=VERTEX_POINT('',#8533);
#1654=VERTEX_POINT('',#8542);
#1655=VERTEX_POINT('',#8556);
#1656=VERTEX_POINT('',#8579);
#1657=VERTEX_POINT('',#8642);
#1658=VERTEX_POINT('',#8655);
#1659=VERTEX_POINT('',#8660);
#1660=VERTEX_POINT('',#8667);
#1661=VERTEX_POINT('',#8668);
#1662=VERTEX_POINT('',#8685);
#1663=VERTEX_POINT('',#8687);
#1664=VERTEX_POINT('',#8696);
#1665=VERTEX_POINT('',#8710);
#1666=VERTEX_POINT('',#8733);
#1667=VERTEX_POINT('',#8777);
#1668=VERTEX_POINT('',#8793);
#1669=VERTEX_POINT('',#8795);
#1670=VERTEX_POINT('',#8804);
#1671=VERTEX_POINT('',#8818);
#1672=VERTEX_POINT('',#8841);
#1673=VERTEX_POINT('',#8891);
#1674=VERTEX_POINT('',#8898);
#1675=VERTEX_POINT('',#8914);
#1676=VERTEX_POINT('',#8916);
#1677=VERTEX_POINT('',#8979);
#1678=VERTEX_POINT('',#8986);
#1679=VERTEX_POINT('',#9002);
#1680=VERTEX_POINT('',#9004);
#1681=VERTEX_POINT('',#9134);
#1682=VERTEX_POINT('',#9141);
#1683=VERTEX_POINT('',#9157);
#1684=VERTEX_POINT('',#9159);
#1685=VERTEX_POINT('',#9222);
#1686=VERTEX_POINT('',#9229);
#1687=VERTEX_POINT('',#9245);
#1688=VERTEX_POINT('',#9247);
#1689=VERTEX_POINT('',#9291);
#1690=VERTEX_POINT('',#9292);
#1691=VERTEX_POINT('',#9294);
#1692=VERTEX_POINT('',#9296);
#1693=VERTEX_POINT('',#9300);
#1694=VERTEX_POINT('',#9302);
#1695=VERTEX_POINT('',#9306);
#1696=VERTEX_POINT('',#9308);
#1697=VERTEX_POINT('',#9317);
#1698=VERTEX_POINT('',#9319);
#1699=VERTEX_POINT('',#9321);
#1700=VERTEX_POINT('',#9323);
#1701=VERTEX_POINT('',#9325);
#1702=VERTEX_POINT('',#9329);
#1703=VERTEX_POINT('',#9330);
#1704=VERTEX_POINT('',#9332);
#1705=VERTEX_POINT('',#9334);
#1706=VERTEX_POINT('',#9338);
#1707=EDGE_CURVE('',#1360,#1361,#1212,.T.);
#1708=EDGE_CURVE('',#1362,#1361,#1213,.T.);
#1709=EDGE_CURVE('',#1363,#1362,#954,.T.);
#1710=EDGE_CURVE('',#1364,#1363,#708,.T.);
#1711=EDGE_CURVE('',#1365,#1364,#709,.T.);
#1712=EDGE_CURVE('',#1366,#1365,#710,.T.);
#1713=EDGE_CURVE('',#1367,#1366,#1214,.T.);
#1714=EDGE_CURVE('',#1360,#1367,#1215,.T.);
#1715=EDGE_CURVE('',#1368,#1361,#711,.T.);
#1716=EDGE_CURVE('',#1369,#1368,#1216,.T.);
#1717=EDGE_CURVE('',#1370,#1369,#712,.T.);
#1718=EDGE_CURVE('',#1371,#1370,#713,.T.);
#1719=EDGE_CURVE('',#1362,#1371,#714,.T.);
#1720=EDGE_CURVE('',#1372,#1368,#1217,.T.);
#1721=EDGE_CURVE('',#1373,#1372,#1218,.T.);
#1722=EDGE_CURVE('',#1374,#1373,#1219,.T.);
#1723=EDGE_CURVE('',#1375,#1374,#715,.T.);
#1724=EDGE_CURVE('',#1376,#1375,#716,.T.);
#1725=EDGE_CURVE('',#1377,#1376,#955,.T.);
#1726=EDGE_CURVE('',#1369,#1377,#717,.T.);
#1727=EDGE_CURVE('',#1378,#1379,#718,.T.);
#1728=EDGE_CURVE('',#1379,#1378,#719,.T.);
#1729=EDGE_CURVE('',#1379,#1380,#1220,.T.);
#1730=EDGE_CURVE('',#1381,#1380,#720,.T.);
#1731=EDGE_CURVE('',#1380,#1381,#721,.T.);
#1732=EDGE_CURVE('',#1382,#1383,#722,.T.);
#1733=EDGE_CURVE('',#1384,#1382,#1221,.T.);
#1734=EDGE_CURVE('',#1385,#1384,#723,.T.);
#1735=EDGE_CURVE('',#1386,#1385,#724,.T.);
#1736=EDGE_CURVE('',#1387,#1386,#725,.T.);
#1737=EDGE_CURVE('',#1387,#1383,#1222,.T.);
#1738=EDGE_CURVE('',#1383,#1388,#1223,.T.);
#1739=EDGE_CURVE('',#1389,#1387,#726,.T.);
#1740=EDGE_CURVE('',#1390,#1389,#956,.T.);
#1741=EDGE_CURVE('',#1391,#1390,#727,.T.);
#1742=EDGE_CURVE('',#1392,#1391,#728,.T.);
#1743=EDGE_CURVE('',#1393,#1392,#1224,.T.);
#1744=EDGE_CURVE('',#1388,#1393,#1225,.T.);
#1745=EDGE_CURVE('',#1394,#1395,#1226,.T.);
#1746=EDGE_CURVE('',#1396,#1394,#729,.T.);
#1747=EDGE_CURVE('',#1397,#1396,#730,.T.);
#1748=EDGE_CURVE('',#1398,#1397,#731,.T.);
#1749=EDGE_CURVE('',#1384,#1398,#957,.T.);
#1750=EDGE_CURVE('',#1382,#1399,#1227,.T.);
#1751=EDGE_CURVE('',#1395,#1399,#1228,.T.);
#1752=EDGE_CURVE('',#1366,#1400,#732,.T.);
#1753=EDGE_CURVE('',#1400,#1401,#733,.T.);
#1754=EDGE_CURVE('',#1367,#1401,#958,.T.);
#1755=EDGE_CURVE('',#1365,#1400,#734,.T.);
#1756=EDGE_CURVE('',#1402,#1364,#959,.T.);
#1757=EDGE_CURVE('',#1402,#1401,#735,.T.);
#1758=EDGE_CURVE('',#1403,#1370,#960,.T.);
#1759=EDGE_CURVE('',#1403,#1404,#736,.T.);
#1760=EDGE_CURVE('',#1404,#1371,#961,.T.);
#1761=EDGE_CURVE('',#1363,#1402,#962,.T.);
#1762=EDGE_CURVE('',#1404,#1405,#963,.T.);
#1763=EDGE_CURVE('',#1406,#1405,#964,.T.);
#1764=EDGE_CURVE('',#1402,#1406,#965,.T.);
#1765=EDGE_CURVE('',#1407,#1394,#737,.T.);
#1766=EDGE_CURVE('',#1396,#1407,#738,.T.);
#1767=EDGE_CURVE('',#1408,#1395,#966,.T.);
#1768=EDGE_CURVE('',#1408,#1407,#739,.T.);
#1769=EDGE_CURVE('',#1401,#1409,#967,.T.);
#1770=EDGE_CURVE('',#1409,#1410,#968,.T.);
#1771=EDGE_CURVE('',#1410,#1411,#969,.T.);
#1772=EDGE_CURVE('',#1411,#1412,#970,.T.);
#1773=EDGE_CURVE('',#1412,#1413,#971,.T.);
#1774=EDGE_CURVE('',#1413,#1414,#972,.T.);
#1775=EDGE_CURVE('',#1414,#1415,#973,.T.);
#1776=EDGE_CURVE('',#1415,#1416,#974,.T.);
#1777=EDGE_CURVE('',#1416,#1408,#975,.T.);
#1778=EDGE_CURVE('',#1399,#1417,#1229,.T.);
#1779=EDGE_CURVE('',#1417,#1418,#1230,.T.);
#1780=EDGE_CURVE('',#1418,#1419,#976,.T.);
#1781=EDGE_CURVE('',#1419,#1420,#1231,.T.);
#1782=EDGE_CURVE('',#1420,#1360,#1232,.T.);
#1783=EDGE_CURVE('',#1372,#1388,#977,.T.);
#1784=EDGE_CURVE('',#1393,#1421,#978,.T.);
#1785=EDGE_CURVE('',#1421,#1422,#979,.T.);
#1786=EDGE_CURVE('',#1422,#1423,#980,.T.);
#1787=EDGE_CURVE('',#1423,#1424,#981,.T.);
#1788=EDGE_CURVE('',#1424,#1425,#982,.T.);
#1789=EDGE_CURVE('',#1425,#1426,#983,.T.);
#1790=EDGE_CURVE('',#1426,#1427,#984,.T.);
#1791=EDGE_CURVE('',#1427,#1428,#985,.T.);
#1792=EDGE_CURVE('',#1428,#1429,#986,.T.);
#1793=EDGE_CURVE('',#1429,#1430,#987,.T.);
#1794=EDGE_CURVE('',#1430,#1431,#988,.T.);
#1795=EDGE_CURVE('',#1431,#1432,#989,.T.);
#1796=EDGE_CURVE('',#1432,#1433,#990,.T.);
#1797=EDGE_CURVE('',#1433,#1434,#991,.T.);
#1798=EDGE_CURVE('',#1434,#1435,#992,.T.);
#1799=EDGE_CURVE('',#1435,#1436,#993,.T.);
#1800=EDGE_CURVE('',#1436,#1437,#994,.T.);
#1801=EDGE_CURVE('',#1437,#1438,#995,.T.);
#1802=EDGE_CURVE('',#1438,#1439,#996,.T.);
#1803=EDGE_CURVE('',#1439,#1440,#997,.T.);
#1804=EDGE_CURVE('',#1440,#1441,#998,.T.);
#1805=EDGE_CURVE('',#1441,#1442,#999,.T.);
#1806=EDGE_CURVE('',#1442,#1443,#1000,.T.);
#1807=EDGE_CURVE('',#1443,#1444,#1001,.T.);
#1808=EDGE_CURVE('',#1444,#1445,#1002,.T.);
#1809=EDGE_CURVE('',#1445,#1446,#1003,.T.);
#1810=EDGE_CURVE('',#1446,#1447,#1004,.T.);
#1811=EDGE_CURVE('',#1447,#1448,#1005,.T.);
#1812=EDGE_CURVE('',#1448,#1449,#1006,.T.);
#1813=EDGE_CURVE('',#1449,#1450,#1007,.T.);
#1814=EDGE_CURVE('',#1450,#1451,#1008,.T.);
#1815=EDGE_CURVE('',#1451,#1452,#1009,.T.);
#1816=EDGE_CURVE('',#1452,#1453,#1010,.T.);
#1817=EDGE_CURVE('',#1453,#1454,#1011,.T.);
#1818=EDGE_CURVE('',#1454,#1373,#1012,.T.);
#1819=EDGE_CURVE('',#1385,#1455,#1013,.T.);
#1820=EDGE_CURVE('',#1455,#1456,#740,.T.);
#1821=EDGE_CURVE('',#1456,#1386,#1014,.T.);
#1822=EDGE_CURVE('',#1392,#1457,#741,.T.);
#1823=EDGE_CURVE('',#1457,#1421,#742,.T.);
#1824=EDGE_CURVE('',#1391,#1458,#743,.T.);
#1825=EDGE_CURVE('',#1458,#1459,#1015,.T.);
#1826=EDGE_CURVE('',#1457,#1459,#744,.T.);
#1827=EDGE_CURVE('',#1390,#1458,#1016,.T.);
#1828=EDGE_CURVE('',#1460,#1460,#1017,.T.);
#1829=EDGE_CURVE('',#1460,#1461,#1233,.T.);
#1830=EDGE_CURVE('',#1461,#1461,#1018,.T.);
#1831=EDGE_CURVE('',#1462,#1462,#1019,.T.);
#1832=EDGE_CURVE('',#1462,#1463,#1234,.T.);
#1833=EDGE_CURVE('',#1463,#1463,#1020,.T.);
#1834=EDGE_CURVE('',#1464,#1465,#1235,.T.);
#1835=EDGE_CURVE('',#1465,#1466,#1236,.T.);
#1836=EDGE_CURVE('',#1466,#1467,#1237,.T.);
#1837=EDGE_CURVE('',#1467,#1468,#1238,.T.);
#1838=EDGE_CURVE('',#1468,#1469,#1239,.T.);
#1839=EDGE_CURVE('',#1469,#1470,#1240,.T.);
#1840=EDGE_CURVE('',#1470,#1471,#1021,.T.);
#1841=EDGE_CURVE('',#1471,#1472,#1241,.T.);
#1842=EDGE_CURVE('',#1472,#1473,#1022,.T.);
#1843=EDGE_CURVE('',#1473,#1474,#1242,.T.);
#1844=EDGE_CURVE('',#1474,#1464,#1243,.T.);
#1845=EDGE_CURVE('',#1475,#1476,#745,.T.);
#1846=EDGE_CURVE('',#1475,#1477,#746,.T.);
#1847=EDGE_CURVE('',#1478,#1477,#747,.T.);
#1848=EDGE_CURVE('',#1479,#1478,#748,.T.);
#1849=EDGE_CURVE('',#1480,#1479,#749,.T.);
#1850=EDGE_CURVE('',#1481,#1480,#750,.T.);
#1851=EDGE_CURVE('',#1482,#1481,#751,.T.);
#1852=EDGE_CURVE('',#1483,#1482,#752,.T.);
#1853=EDGE_CURVE('',#1484,#1483,#753,.T.);
#1854=EDGE_CURVE('',#1485,#1484,#754,.T.);
#1855=EDGE_CURVE('',#1486,#1485,#755,.T.);
#1856=EDGE_CURVE('',#1487,#1486,#756,.T.);
#1857=EDGE_CURVE('',#1488,#1487,#757,.T.);
#1858=EDGE_CURVE('',#1489,#1488,#758,.T.);
#1859=EDGE_CURVE('',#1490,#1489,#759,.T.);
#1860=EDGE_CURVE('',#1491,#1490,#760,.T.);
#1861=EDGE_CURVE('',#1492,#1491,#761,.T.);
#1862=EDGE_CURVE('',#1493,#1492,#762,.T.);
#1863=EDGE_CURVE('',#1494,#1493,#763,.T.);
#1864=EDGE_CURVE('',#1476,#1494,#764,.T.);
#1865=EDGE_CURVE('',#1495,#1496,#765,.T.);
#1866=EDGE_CURVE('',#1497,#1495,#19,.T.);
#1867=EDGE_CURVE('',#1498,#1497,#1023,.T.);
#1868=EDGE_CURVE('',#1498,#1499,#20,.T.);
#1869=EDGE_CURVE('',#1500,#1499,#766,.T.);
#1870=EDGE_CURVE('',#1501,#1500,#767,.T.);
#1871=EDGE_CURVE('',#1502,#1501,#768,.T.);
#1872=EDGE_CURVE('',#1503,#1502,#769,.T.);
#1873=EDGE_CURVE('',#1504,#1503,#770,.T.);
#1874=EDGE_CURVE('',#1496,#1504,#771,.T.);
#1875=EDGE_CURVE('',#1505,#1506,#772,.T.);
#1876=EDGE_CURVE('',#1507,#1505,#21,.T.);
#1877=EDGE_CURVE('',#1508,#1507,#1024,.T.);
#1878=EDGE_CURVE('',#1508,#1509,#22,.T.);
#1879=EDGE_CURVE('',#1510,#1509,#773,.T.);
#1880=EDGE_CURVE('',#1511,#1510,#774,.T.);
#1881=EDGE_CURVE('',#1512,#1511,#775,.T.);
#1882=EDGE_CURVE('',#1513,#1512,#776,.T.);
#1883=EDGE_CURVE('',#1514,#1513,#777,.T.);
#1884=EDGE_CURVE('',#1506,#1514,#778,.T.);
#1885=EDGE_CURVE('',#1476,#1475,#779,.T.);
#1886=EDGE_CURVE('',#1515,#1494,#780,.T.);
#1887=EDGE_CURVE('',#1516,#1515,#781,.T.);
#1888=EDGE_CURVE('',#1517,#1516,#782,.T.);
#1889=EDGE_CURVE('',#1518,#1517,#783,.T.);
#1890=EDGE_CURVE('',#1519,#1518,#784,.T.);
#1891=EDGE_CURVE('',#1520,#1519,#785,.T.);
#1892=EDGE_CURVE('',#1521,#1520,#786,.T.);
#1893=EDGE_CURVE('',#1522,#1521,#787,.T.);
#1894=EDGE_CURVE('',#1523,#1522,#788,.T.);
#1895=EDGE_CURVE('',#1524,#1523,#789,.T.);
#1896=EDGE_CURVE('',#1525,#1524,#790,.T.);
#1897=EDGE_CURVE('',#1526,#1525,#791,.T.);
#1898=EDGE_CURVE('',#1527,#1526,#792,.T.);
#1899=EDGE_CURVE('',#1528,#1527,#793,.T.);
#1900=EDGE_CURVE('',#1529,#1528,#794,.T.);
#1901=EDGE_CURVE('',#1530,#1529,#795,.T.);
#1902=EDGE_CURVE('',#1477,#1530,#796,.T.);
#1903=EDGE_CURVE('',#1531,#1495,#797,.T.);
#1904=EDGE_CURVE('',#1532,#1531,#798,.T.);
#1905=EDGE_CURVE('',#1499,#1532,#1025,.T.);
#1906=EDGE_CURVE('',#1497,#1498,#1244,.T.);
#1907=EDGE_CURVE('',#1533,#1505,#1026,.T.);
#1908=EDGE_CURVE('',#1534,#1533,#799,.T.);
#1909=EDGE_CURVE('',#1509,#1534,#800,.T.);
#1910=EDGE_CURVE('',#1507,#1508,#1245,.T.);
#1911=EDGE_CURVE('',#1475,#1476,#1027,.T.);
#1912=EDGE_CURVE('',#1361,#1471,#1246,.T.);
#1913=EDGE_CURVE('',#1535,#1470,#1247,.T.);
#1914=EDGE_CURVE('',#1535,#1475,#1028,.T.);
#1915=EDGE_CURVE('',#1476,#1536,#1029,.T.);
#1916=EDGE_CURVE('',#1536,#1473,#1248,.T.);
#1917=EDGE_CURVE('',#1472,#1382,#1249,.T.);
#1918=EDGE_CURVE('',#1493,#1537,#1030,.T.);
#1919=EDGE_CURVE('',#1538,#1537,#1031,.T.);
#1920=EDGE_CURVE('',#1538,#1539,#1032,.T.);
#1921=EDGE_CURVE('',#1539,#1540,#801,.T.);
#1922=EDGE_CURVE('',#1540,#1515,#1033,.T.);
#1923=EDGE_CURVE('',#1492,#1541,#1034,.T.);
#1924=EDGE_CURVE('',#1541,#1537,#1035,.T.);
#1925=EDGE_CURVE('',#1540,#1542,#802,.T.);
#1926=EDGE_CURVE('',#1542,#1516,#1036,.T.);
#1927=EDGE_CURVE('',#1543,#1491,#1037,.T.);
#1928=EDGE_CURVE('',#1541,#1543,#1038,.T.);
#1929=EDGE_CURVE('',#1542,#1544,#1039,.T.);
#1930=EDGE_CURVE('',#1517,#1544,#1040,.T.);
#1931=EDGE_CURVE('',#1545,#1478,#1041,.T.);
#1932=EDGE_CURVE('',#1546,#1545,#1042,.T.);
#1933=EDGE_CURVE('',#1546,#1479,#1043,.T.);
#1934=EDGE_CURVE('',#1490,#1547,#1044,.T.);
#1935=EDGE_CURVE('',#1543,#1547,#1045,.T.);
#1936=EDGE_CURVE('',#1544,#1548,#803,.T.);
#1937=EDGE_CURVE('',#1548,#1518,#1046,.T.);
#1938=EDGE_CURVE('',#1549,#1546,#1047,.T.);
#1939=EDGE_CURVE('',#1480,#1549,#1048,.T.);
#1940=EDGE_CURVE('',#1549,#1550,#1049,.T.);
#1941=EDGE_CURVE('',#1481,#1550,#1050,.T.);
#1942=EDGE_CURVE('',#1489,#1551,#1051,.T.);
#1943=EDGE_CURVE('',#1551,#1547,#1052,.T.);
#1944=EDGE_CURVE('',#1548,#1552,#804,.T.);
#1945=EDGE_CURVE('',#1552,#1504,#1053,.T.);
#1946=EDGE_CURVE('',#1503,#1519,#1054,.T.);
#1947=EDGE_CURVE('',#1552,#1553,#1055,.T.);
#1948=EDGE_CURVE('',#1496,#1553,#1056,.T.);
#1949=EDGE_CURVE('',#1554,#1488,#1057,.T.);
#1950=EDGE_CURVE('',#1551,#1554,#1058,.T.);
#1951=EDGE_CURVE('',#1520,#1502,#1059,.T.);
#1952=EDGE_CURVE('',#1553,#1555,#805,.T.);
#1953=EDGE_CURVE('',#1531,#1555,#1060,.T.);
#1954=EDGE_CURVE('',#1556,#1487,#1061,.T.);
#1955=EDGE_CURVE('',#1554,#1556,#1062,.T.);
#1956=EDGE_CURVE('',#1521,#1501,#1063,.T.);
#1957=EDGE_CURVE('',#1555,#1557,#806,.T.);
#1958=EDGE_CURVE('',#1557,#1532,#1064,.T.);
#1959=EDGE_CURVE('',#1486,#1558,#1065,.T.);
#1960=EDGE_CURVE('',#1558,#1556,#1066,.T.);
#1961=EDGE_CURVE('',#1500,#1522,#1067,.T.);
#1962=EDGE_CURVE('',#1559,#1485,#1068,.T.);
#1963=EDGE_CURVE('',#1558,#1559,#1069,.T.);
#1964=EDGE_CURVE('',#1533,#1560,#1070,.T.);
#1965=EDGE_CURVE('',#1560,#1561,#807,.T.);
#1966=EDGE_CURVE('',#1534,#1561,#1071,.T.);
#1967=EDGE_CURVE('',#1562,#1484,#1072,.T.);
#1968=EDGE_CURVE('',#1559,#1562,#1073,.T.);
#1969=EDGE_CURVE('',#1561,#1563,#808,.T.);
#1970=EDGE_CURVE('',#1563,#1510,#1074,.T.);
#1971=EDGE_CURVE('',#1483,#1564,#1075,.T.);
#1972=EDGE_CURVE('',#1564,#1562,#1076,.T.);
#1973=EDGE_CURVE('',#1563,#1565,#1077,.T.);
#1974=EDGE_CURVE('',#1511,#1565,#1078,.T.);
#1975=EDGE_CURVE('',#1566,#1482,#1079,.T.);
#1976=EDGE_CURVE('',#1564,#1566,#1080,.T.);
#1977=EDGE_CURVE('',#1566,#1550,#1081,.T.);
#1978=EDGE_CURVE('',#1442,#1567,#809,.T.);
#1979=EDGE_CURVE('',#1442,#1546,#810,.T.);
#1980=EDGE_CURVE('',#1567,#1545,#811,.T.);
#1981=EDGE_CURVE('',#1529,#1568,#1082,.T.);
#1982=EDGE_CURVE('',#1568,#1569,#812,.T.);
#1983=EDGE_CURVE('',#1530,#1569,#1083,.T.);
#1984=EDGE_CURVE('',#1570,#1528,#1084,.T.);
#1985=EDGE_CURVE('',#1570,#1568,#1085,.T.);
#1986=EDGE_CURVE('',#1549,#1441,#813,.T.);
#1987=EDGE_CURVE('',#1571,#1527,#1086,.T.);
#1988=EDGE_CURVE('',#1571,#1570,#814,.T.);
#1989=EDGE_CURVE('',#1572,#1441,#815,.T.);
#1990=EDGE_CURVE('',#1550,#1572,#816,.T.);
#1991=EDGE_CURVE('',#1567,#1443,#817,.T.);
#1992=EDGE_CURVE('',#1440,#1572,#818,.T.);
#1993=EDGE_CURVE('',#1444,#1573,#819,.T.);
#1994=EDGE_CURVE('',#1444,#1574,#820,.T.);
#1995=EDGE_CURVE('',#1574,#1575,#1087,.T.);
#1996=EDGE_CURVE('',#1573,#1575,#821,.T.);
#1997=EDGE_CURVE('',#1576,#1577,#822,.T.);
#1998=EDGE_CURVE('',#1575,#1577,#1088,.T.);
#1999=EDGE_CURVE('',#1574,#1576,#1089,.T.);
#2000=EDGE_CURVE('',#1578,#1574,#1090,.T.);
#2001=EDGE_CURVE('',#1579,#1578,#1091,.T.);
#2002=EDGE_CURVE('',#1579,#1576,#1092,.T.);
#2003=EDGE_CURVE('',#1578,#1443,#823,.T.);
#2004=EDGE_CURVE('',#1569,#1579,#824,.T.);
#2005=EDGE_CURVE('',#1578,#1545,#1093,.T.);
#2006=EDGE_CURVE('',#1573,#1445,#825,.T.);
#2007=EDGE_CURVE('',#1436,#1580,#826,.T.);
#2008=EDGE_CURVE('',#1436,#1554,#827,.T.);
#2009=EDGE_CURVE('',#1580,#1556,#828,.T.);
#2010=EDGE_CURVE('',#1551,#1435,#829,.T.);
#2011=EDGE_CURVE('',#1581,#1435,#830,.T.);
#2012=EDGE_CURVE('',#1547,#1581,#831,.T.);
#2013=EDGE_CURVE('',#1580,#1437,#832,.T.);
#2014=EDGE_CURVE('',#1434,#1581,#833,.T.);
#2015=EDGE_CURVE('',#1438,#1582,#834,.T.);
#2016=EDGE_CURVE('',#1438,#1559,#835,.T.);
#2017=EDGE_CURVE('',#1582,#1562,#836,.T.);
#2018=EDGE_CURVE('',#1523,#1506,#1094,.T.);
#2019=EDGE_CURVE('',#1524,#1514,#1095,.T.);
#2020=EDGE_CURVE('',#1557,#1560,#1096,.T.);
#2021=EDGE_CURVE('',#1558,#1437,#837,.T.);
#2022=EDGE_CURVE('',#1582,#1439,#838,.T.);
#2023=EDGE_CURVE('',#1434,#1543,#839,.T.);
#2024=EDGE_CURVE('',#1541,#1433,#840,.T.);
#2025=EDGE_CURVE('',#1583,#1433,#841,.T.);
#2026=EDGE_CURVE('',#1537,#1583,#842,.T.);
#2027=EDGE_CURVE('',#1432,#1583,#843,.T.);
#2028=EDGE_CURVE('',#1584,#1585,#844,.T.);
#2029=EDGE_CURVE('',#1459,#1585,#1097,.T.);
#2030=EDGE_CURVE('',#1458,#1584,#1098,.T.);
#2031=EDGE_CURVE('',#1586,#1389,#1099,.T.);
#2032=EDGE_CURVE('',#1586,#1584,#1100,.T.);
#2033=EDGE_CURVE('',#1456,#1586,#845,.T.);
#2034=EDGE_CURVE('',#1408,#1587,#846,.T.);
#2035=EDGE_CURVE('',#1587,#1397,#1101,.T.);
#2036=EDGE_CURVE('',#1587,#1398,#1102,.T.);
#2037=EDGE_CURVE('',#1588,#1587,#1103,.T.);
#2038=EDGE_CURVE('',#1589,#1588,#1104,.T.);
#2039=EDGE_CURVE('',#1589,#1455,#1105,.T.);
#2040=EDGE_CURVE('',#1588,#1416,#847,.T.);
#2041=EDGE_CURVE('',#1590,#1589,#848,.T.);
#2042=EDGE_CURVE('',#1588,#1591,#1106,.T.);
#2043=EDGE_CURVE('',#1590,#1591,#1107,.T.);
#2044=EDGE_CURVE('',#1592,#1416,#849,.T.);
#2045=EDGE_CURVE('',#1591,#1592,#850,.T.);
#2046=EDGE_CURVE('',#1415,#1592,#851,.T.);
#2047=EDGE_CURVE('',#1424,#1593,#852,.T.);
#2048=EDGE_CURVE('',#1424,#1594,#853,.T.);
#2049=EDGE_CURVE('',#1594,#1595,#1108,.T.);
#2050=EDGE_CURVE('',#1593,#1595,#854,.T.);
#2051=EDGE_CURVE('',#1596,#1597,#855,.T.);
#2052=EDGE_CURVE('',#1595,#1597,#1109,.T.);
#2053=EDGE_CURVE('',#1594,#1596,#1110,.T.);
#2054=EDGE_CURVE('',#1598,#1594,#1111,.T.);
#2055=EDGE_CURVE('',#1599,#1598,#1112,.T.);
#2056=EDGE_CURVE('',#1599,#1596,#1113,.T.);
#2057=EDGE_CURVE('',#1598,#1423,#856,.T.);
#2058=EDGE_CURVE('',#1600,#1599,#857,.T.);
#2059=EDGE_CURVE('',#1598,#1601,#1114,.T.);
#2060=EDGE_CURVE('',#1600,#1601,#1115,.T.);
#2061=EDGE_CURVE('',#1602,#1423,#858,.T.);
#2062=EDGE_CURVE('',#1601,#1602,#859,.T.);
#2063=EDGE_CURVE('',#1593,#1425,#860,.T.);
#2064=EDGE_CURVE('',#1422,#1602,#861,.T.);
#2065=EDGE_CURVE('',#1426,#1603,#862,.T.);
#2066=EDGE_CURVE('',#1426,#1604,#863,.T.);
#2067=EDGE_CURVE('',#1604,#1605,#1116,.T.);
#2068=EDGE_CURVE('',#1603,#1605,#864,.T.);
#2069=EDGE_CURVE('',#1606,#1607,#865,.T.);
#2070=EDGE_CURVE('',#1605,#1607,#1117,.T.);
#2071=EDGE_CURVE('',#1604,#1606,#1118,.T.);
#2072=EDGE_CURVE('',#1608,#1604,#1119,.T.);
#2073=EDGE_CURVE('',#1609,#1608,#1120,.T.);
#2074=EDGE_CURVE('',#1609,#1606,#1121,.T.);
#2075=EDGE_CURVE('',#1608,#1425,#866,.T.);
#2076=EDGE_CURVE('',#1597,#1609,#867,.T.);
#2077=EDGE_CURVE('',#1608,#1595,#1122,.T.);
#2078=EDGE_CURVE('',#1603,#1427,#868,.T.);
#2079=EDGE_CURVE('',#1415,#1610,#869,.T.);
#2080=EDGE_CURVE('',#1610,#1591,#1123,.T.);
#2081=EDGE_CURVE('',#1611,#1590,#870,.T.);
#2082=EDGE_CURVE('',#1610,#1611,#1124,.T.);
#2083=EDGE_CURVE('',#1612,#1610,#1125,.T.);
#2084=EDGE_CURVE('',#1613,#1612,#1126,.T.);
#2085=EDGE_CURVE('',#1613,#1611,#1127,.T.);
#2086=EDGE_CURVE('',#1612,#1414,#871,.T.);
#2087=EDGE_CURVE('',#1614,#1613,#872,.T.);
#2088=EDGE_CURVE('',#1612,#1615,#1128,.T.);
#2089=EDGE_CURVE('',#1614,#1615,#1129,.T.);
#2090=EDGE_CURVE('',#1616,#1414,#873,.T.);
#2091=EDGE_CURVE('',#1615,#1616,#874,.T.);
#2092=EDGE_CURVE('',#1430,#1617,#875,.T.);
#2093=EDGE_CURVE('',#1430,#1618,#876,.T.);
#2094=EDGE_CURVE('',#1618,#1619,#1130,.T.);
#2095=EDGE_CURVE('',#1617,#1619,#877,.T.);
#2096=EDGE_CURVE('',#1620,#1621,#878,.T.);
#2097=EDGE_CURVE('',#1619,#1621,#1131,.T.);
#2098=EDGE_CURVE('',#1618,#1620,#1132,.T.);
#2099=EDGE_CURVE('',#1622,#1618,#1133,.T.);
#2100=EDGE_CURVE('',#1623,#1622,#1134,.T.);
#2101=EDGE_CURVE('',#1623,#1620,#1135,.T.);
#2102=EDGE_CURVE('',#1622,#1429,#879,.T.);
#2103=EDGE_CURVE('',#1624,#1623,#880,.T.);
#2104=EDGE_CURVE('',#1622,#1625,#1136,.T.);
#2105=EDGE_CURVE('',#1624,#1625,#1137,.T.);
#2106=EDGE_CURVE('',#1626,#1429,#881,.T.);
#2107=EDGE_CURVE('',#1625,#1626,#882,.T.);
#2108=EDGE_CURVE('',#1428,#1626,#883,.T.);
#2109=EDGE_CURVE('',#1617,#1431,#884,.T.);
#2110=EDGE_CURVE('',#1428,#1627,#885,.T.);
#2111=EDGE_CURVE('',#1627,#1625,#1138,.T.);
#2112=EDGE_CURVE('',#1628,#1624,#886,.T.);
#2113=EDGE_CURVE('',#1627,#1628,#1139,.T.);
#2114=EDGE_CURVE('',#1629,#1627,#1140,.T.);
#2115=EDGE_CURVE('',#1630,#1629,#1141,.T.);
#2116=EDGE_CURVE('',#1630,#1628,#1142,.T.);
#2117=EDGE_CURVE('',#1629,#1427,#887,.T.);
#2118=EDGE_CURVE('',#1607,#1630,#888,.T.);
#2119=EDGE_CURVE('',#1629,#1605,#1143,.T.);
#2120=EDGE_CURVE('',#1432,#1538,#889,.T.);
#2121=EDGE_CURVE('',#1631,#1538,#1144,.T.);
#2122=EDGE_CURVE('',#1632,#1631,#1145,.T.);
#2123=EDGE_CURVE('',#1632,#1539,#1146,.T.);
#2124=EDGE_CURVE('',#1631,#1431,#890,.T.);
#2125=EDGE_CURVE('',#1621,#1632,#891,.T.);
#2126=EDGE_CURVE('',#1631,#1619,#1147,.T.);
#2127=EDGE_CURVE('',#1422,#1633,#892,.T.);
#2128=EDGE_CURVE('',#1633,#1601,#1148,.T.);
#2129=EDGE_CURVE('',#1634,#1600,#893,.T.);
#2130=EDGE_CURVE('',#1633,#1634,#1149,.T.);
#2131=EDGE_CURVE('',#1635,#1633,#1150,.T.);
#2132=EDGE_CURVE('',#1636,#1635,#1151,.T.);
#2133=EDGE_CURVE('',#1636,#1634,#1152,.T.);
#2134=EDGE_CURVE('',#1635,#1421,#894,.T.);
#2135=EDGE_CURVE('',#1585,#1636,#895,.T.);
#2136=EDGE_CURVE('',#1635,#1459,#1153,.T.);
#2137=EDGE_CURVE('',#1413,#1616,#896,.T.);
#2138=EDGE_CURVE('',#1411,#1637,#897,.T.);
#2139=EDGE_CURVE('',#1411,#1638,#898,.T.);
#2140=EDGE_CURVE('',#1638,#1639,#1154,.T.);
#2141=EDGE_CURVE('',#1637,#1639,#899,.T.);
#2142=EDGE_CURVE('',#1640,#1641,#900,.T.);
#2143=EDGE_CURVE('',#1639,#1641,#1155,.T.);
#2144=EDGE_CURVE('',#1638,#1640,#1156,.T.);
#2145=EDGE_CURVE('',#1642,#1638,#1157,.T.);
#2146=EDGE_CURVE('',#1643,#1642,#1158,.T.);
#2147=EDGE_CURVE('',#1643,#1640,#1159,.T.);
#2148=EDGE_CURVE('',#1642,#1410,#901,.T.);
#2149=EDGE_CURVE('',#1644,#1643,#902,.T.);
#2150=EDGE_CURVE('',#1642,#1645,#1160,.T.);
#2151=EDGE_CURVE('',#1644,#1645,#1161,.T.);
#2152=EDGE_CURVE('',#1646,#1410,#903,.T.);
#2153=EDGE_CURVE('',#1645,#1646,#904,.T.);
#2154=EDGE_CURVE('',#1409,#1646,#905,.T.);
#2155=EDGE_CURVE('',#1637,#1412,#906,.T.);
#2156=EDGE_CURVE('',#1409,#1406,#907,.T.);
#2157=EDGE_CURVE('',#1406,#1645,#1162,.T.);
#2158=EDGE_CURVE('',#1405,#1644,#908,.T.);
#2159=EDGE_CURVE('',#1452,#1647,#909,.T.);
#2160=EDGE_CURVE('',#1452,#1648,#910,.T.);
#2161=EDGE_CURVE('',#1648,#1649,#1163,.T.);
#2162=EDGE_CURVE('',#1647,#1649,#911,.T.);
#2163=EDGE_CURVE('',#1650,#1651,#912,.T.);
#2164=EDGE_CURVE('',#1649,#1651,#1164,.T.);
#2165=EDGE_CURVE('',#1648,#1650,#1165,.T.);
#2166=EDGE_CURVE('',#1652,#1648,#1166,.T.);
#2167=EDGE_CURVE('',#1653,#1652,#1167,.T.);
#2168=EDGE_CURVE('',#1653,#1650,#1168,.T.);
#2169=EDGE_CURVE('',#1652,#1451,#913,.T.);
#2170=EDGE_CURVE('',#1654,#1653,#914,.T.);
#2171=EDGE_CURVE('',#1652,#1655,#1169,.T.);
#2172=EDGE_CURVE('',#1654,#1655,#1170,.T.);
#2173=EDGE_CURVE('',#1656,#1451,#915,.T.);
#2174=EDGE_CURVE('',#1655,#1656,#916,.T.);
#2175=EDGE_CURVE('',#1450,#1656,#917,.T.);
#2176=EDGE_CURVE('',#1647,#1453,#918,.T.);
#2177=EDGE_CURVE('',#1448,#1657,#919,.T.);
#2178=EDGE_CURVE('',#1448,#1658,#920,.T.);
#2179=EDGE_CURVE('',#1658,#1659,#1171,.T.);
#2180=EDGE_CURVE('',#1657,#1659,#921,.T.);
#2181=EDGE_CURVE('',#1660,#1661,#922,.T.);
#2182=EDGE_CURVE('',#1659,#1661,#1172,.T.);
#2183=EDGE_CURVE('',#1658,#1660,#1173,.T.);
#2184=EDGE_CURVE('',#1662,#1658,#1174,.T.);
#2185=EDGE_CURVE('',#1663,#1662,#1175,.T.);
#2186=EDGE_CURVE('',#1663,#1660,#1176,.T.);
#2187=EDGE_CURVE('',#1662,#1447,#923,.T.);
#2188=EDGE_CURVE('',#1664,#1663,#924,.T.);
#2189=EDGE_CURVE('',#1662,#1665,#1177,.T.);
#2190=EDGE_CURVE('',#1664,#1665,#1178,.T.);
#2191=EDGE_CURVE('',#1666,#1447,#925,.T.);
#2192=EDGE_CURVE('',#1665,#1666,#926,.T.);
#2193=EDGE_CURVE('',#1657,#1449,#927,.T.);
#2194=EDGE_CURVE('',#1446,#1666,#928,.T.);
#2195=EDGE_CURVE('',#1377,#1667,#1179,.T.);
#2196=EDGE_CURVE('',#1667,#1403,#929,.T.);
#2197=EDGE_CURVE('',#1668,#1376,#1180,.T.);
#2198=EDGE_CURVE('',#1669,#1668,#1181,.T.);
#2199=EDGE_CURVE('',#1669,#1667,#1182,.T.);
#2200=EDGE_CURVE('',#1668,#1375,#930,.T.);
#2201=EDGE_CURVE('',#1670,#1669,#931,.T.);
#2202=EDGE_CURVE('',#1668,#1671,#1183,.T.);
#2203=EDGE_CURVE('',#1670,#1671,#1184,.T.);
#2204=EDGE_CURVE('',#1672,#1374,#932,.T.);
#2205=EDGE_CURVE('',#1671,#1672,#933,.T.);
#2206=EDGE_CURVE('',#1454,#1672,#934,.T.);
#2207=EDGE_CURVE('',#1450,#1673,#935,.T.);
#2208=EDGE_CURVE('',#1673,#1655,#1185,.T.);
#2209=EDGE_CURVE('',#1674,#1654,#936,.T.);
#2210=EDGE_CURVE('',#1673,#1674,#1186,.T.);
#2211=EDGE_CURVE('',#1675,#1673,#1187,.T.);
#2212=EDGE_CURVE('',#1676,#1675,#1188,.T.);
#2213=EDGE_CURVE('',#1676,#1674,#1189,.T.);
#2214=EDGE_CURVE('',#1675,#1449,#937,.T.);
#2215=EDGE_CURVE('',#1661,#1676,#938,.T.);
#2216=EDGE_CURVE('',#1675,#1659,#1190,.T.);
#2217=EDGE_CURVE('',#1454,#1677,#939,.T.);
#2218=EDGE_CURVE('',#1677,#1671,#1191,.T.);
#2219=EDGE_CURVE('',#1678,#1670,#940,.T.);
#2220=EDGE_CURVE('',#1677,#1678,#1192,.T.);
#2221=EDGE_CURVE('',#1679,#1677,#1193,.T.);
#2222=EDGE_CURVE('',#1680,#1679,#1194,.T.);
#2223=EDGE_CURVE('',#1680,#1678,#1195,.T.);
#2224=EDGE_CURVE('',#1679,#1453,#941,.T.);
#2225=EDGE_CURVE('',#1651,#1680,#942,.T.);
#2226=EDGE_CURVE('',#1679,#1649,#1196,.T.);
#2227=EDGE_CURVE('',#1440,#1566,#943,.T.);
#2228=EDGE_CURVE('',#1526,#1512,#1197,.T.);
#2229=EDGE_CURVE('',#1565,#1571,#944,.T.);
#2230=EDGE_CURVE('',#1513,#1525,#1198,.T.);
#2231=EDGE_CURVE('',#1564,#1439,#945,.T.);
#2232=EDGE_CURVE('',#1446,#1681,#946,.T.);
#2233=EDGE_CURVE('',#1681,#1665,#1199,.T.);
#2234=EDGE_CURVE('',#1682,#1664,#947,.T.);
#2235=EDGE_CURVE('',#1681,#1682,#1200,.T.);
#2236=EDGE_CURVE('',#1683,#1681,#1201,.T.);
#2237=EDGE_CURVE('',#1684,#1683,#1202,.T.);
#2238=EDGE_CURVE('',#1684,#1682,#1203,.T.);
#2239=EDGE_CURVE('',#1683,#1445,#948,.T.);
#2240=EDGE_CURVE('',#1577,#1684,#949,.T.);
#2241=EDGE_CURVE('',#1683,#1575,#1204,.T.);
#2242=EDGE_CURVE('',#1413,#1685,#950,.T.);
#2243=EDGE_CURVE('',#1685,#1615,#1205,.T.);
#2244=EDGE_CURVE('',#1686,#1614,#951,.T.);
#2245=EDGE_CURVE('',#1685,#1686,#1206,.T.);
#2246=EDGE_CURVE('',#1687,#1685,#1207,.T.);
#2247=EDGE_CURVE('',#1688,#1687,#1208,.T.);
#2248=EDGE_CURVE('',#1688,#1686,#1209,.T.);
#2249=EDGE_CURVE('',#1687,#1412,#952,.T.);
#2250=EDGE_CURVE('',#1641,#1688,#953,.T.);
#2251=EDGE_CURVE('',#1687,#1639,#1210,.T.);
#2252=EDGE_CURVE('',#1689,#1690,#1250,.T.);
#2253=EDGE_CURVE('',#1690,#1691,#1251,.T.);
#2254=EDGE_CURVE('',#1691,#1692,#1252,.T.);
#2255=EDGE_CURVE('',#1692,#1689,#1253,.T.);
#2256=EDGE_CURVE('',#1465,#1693,#1254,.T.);
#2257=EDGE_CURVE('',#1694,#1693,#1255,.T.);
#2258=EDGE_CURVE('',#1466,#1694,#1256,.T.);
#2259=EDGE_CURVE('',#1692,#1695,#1257,.T.);
#2260=EDGE_CURVE('',#1696,#1695,#1258,.T.);
#2261=EDGE_CURVE('',#1689,#1696,#1259,.T.);
#2262=EDGE_CURVE('',#1695,#1694,#1260,.T.);
#2263=EDGE_CURVE('',#1693,#1696,#1261,.T.);
#2264=EDGE_CURVE('',#1476,#1475,#1262,.T.);
#2265=EDGE_CURVE('',#1697,#1535,#1263,.T.);
#2266=EDGE_CURVE('',#1698,#1697,#1264,.T.);
#2267=EDGE_CURVE('',#1699,#1698,#1265,.T.);
#2268=EDGE_CURVE('',#1700,#1699,#1266,.T.);
#2269=EDGE_CURVE('',#1701,#1700,#1267,.T.);
#2270=EDGE_CURVE('',#1475,#1701,#1268,.T.);
#2271=EDGE_CURVE('',#1702,#1703,#1269,.T.);
#2272=EDGE_CURVE('',#1704,#1702,#1270,.T.);
#2273=EDGE_CURVE('',#1705,#1704,#1271,.T.);
#2274=EDGE_CURVE('',#1703,#1705,#1211,.T.);
#2275=EDGE_CURVE('',#1706,#1476,#1272,.T.);
#2276=EDGE_CURVE('',#1536,#1706,#1273,.T.);
#2277=EDGE_CURVE('',#1697,#1469,#1274,.T.);
#2278=EDGE_CURVE('',#1698,#1468,#1275,.T.);
#2279=EDGE_CURVE('',#1699,#1467,#1276,.T.);
#2280=EDGE_CURVE('',#1700,#1466,#1277,.T.);
#2281=EDGE_CURVE('',#1701,#1691,#1278,.T.);
#2282=EDGE_CURVE('',#1475,#1690,#1279,.T.);
#2283=EDGE_CURVE('',#1476,#1464,#1280,.T.);
#2284=EDGE_CURVE('',#1706,#1474,#1281,.T.);
#2285=EDGE_CURVE('',#1704,#1420,#1282,.T.);
#2286=EDGE_CURVE('',#1705,#1419,#1283,.T.);
#2287=EDGE_CURVE('',#1702,#1417,#1284,.T.);
#2288=EDGE_CURVE('',#1703,#1418,#1285,.T.);
#2289=ORIENTED_EDGE('',*,*,#1707,.T.);
#2290=ORIENTED_EDGE('',*,*,#1708,.F.);
#2291=ORIENTED_EDGE('',*,*,#1709,.F.);
#2292=ORIENTED_EDGE('',*,*,#1710,.F.);
#2293=ORIENTED_EDGE('',*,*,#1711,.F.);
#2294=ORIENTED_EDGE('',*,*,#1712,.F.);
#2295=ORIENTED_EDGE('',*,*,#1713,.F.);
#2296=ORIENTED_EDGE('',*,*,#1714,.F.);
#2297=ORIENTED_EDGE('',*,*,#1715,.F.);
#2298=ORIENTED_EDGE('',*,*,#1716,.F.);
#2299=ORIENTED_EDGE('',*,*,#1717,.F.);
#2300=ORIENTED_EDGE('',*,*,#1718,.F.);
#2301=ORIENTED_EDGE('',*,*,#1719,.F.);
#2302=ORIENTED_EDGE('',*,*,#1708,.T.);
#2303=ORIENTED_EDGE('',*,*,#1720,.F.);
#2304=ORIENTED_EDGE('',*,*,#1721,.F.);
#2305=ORIENTED_EDGE('',*,*,#1722,.F.);
#2306=ORIENTED_EDGE('',*,*,#1723,.F.);
#2307=ORIENTED_EDGE('',*,*,#1724,.F.);
#2308=ORIENTED_EDGE('',*,*,#1725,.F.);
#2309=ORIENTED_EDGE('',*,*,#1726,.F.);
#2310=ORIENTED_EDGE('',*,*,#1716,.T.);
#2311=ORIENTED_EDGE('',*,*,#1727,.F.);
#2312=ORIENTED_EDGE('',*,*,#1728,.F.);
#2313=ORIENTED_EDGE('',*,*,#1729,.T.);
#2314=ORIENTED_EDGE('',*,*,#1730,.F.);
#2315=ORIENTED_EDGE('',*,*,#1731,.F.);
#2316=ORIENTED_EDGE('',*,*,#1729,.F.);
#2317=ORIENTED_EDGE('',*,*,#1732,.F.);
#2318=ORIENTED_EDGE('',*,*,#1733,.F.);
#2319=ORIENTED_EDGE('',*,*,#1734,.F.);
#2320=ORIENTED_EDGE('',*,*,#1735,.F.);
#2321=ORIENTED_EDGE('',*,*,#1736,.F.);
#2322=ORIENTED_EDGE('',*,*,#1737,.T.);
#2323=ORIENTED_EDGE('',*,*,#1738,.F.);
#2324=ORIENTED_EDGE('',*,*,#1737,.F.);
#2325=ORIENTED_EDGE('',*,*,#1739,.F.);
#2326=ORIENTED_EDGE('',*,*,#1740,.F.);
#2327=ORIENTED_EDGE('',*,*,#1741,.F.);
#2328=ORIENTED_EDGE('',*,*,#1742,.F.);
#2329=ORIENTED_EDGE('',*,*,#1743,.F.);
#2330=ORIENTED_EDGE('',*,*,#1744,.F.);
#2331=ORIENTED_EDGE('',*,*,#1745,.F.);
#2332=ORIENTED_EDGE('',*,*,#1746,.F.);
#2333=ORIENTED_EDGE('',*,*,#1747,.F.);
#2334=ORIENTED_EDGE('',*,*,#1748,.F.);
#2335=ORIENTED_EDGE('',*,*,#1749,.F.);
#2336=ORIENTED_EDGE('',*,*,#1733,.T.);
#2337=ORIENTED_EDGE('',*,*,#1750,.T.);
#2338=ORIENTED_EDGE('',*,*,#1751,.F.);
#2339=ORIENTED_EDGE('',*,*,#1713,.T.);
#2340=ORIENTED_EDGE('',*,*,#1752,.T.);
#2341=ORIENTED_EDGE('',*,*,#1753,.T.);
#2342=ORIENTED_EDGE('',*,*,#1754,.F.);
#2343=ORIENTED_EDGE('',*,*,#1712,.T.);
#2344=ORIENTED_EDGE('',*,*,#1755,.T.);
#2345=ORIENTED_EDGE('',*,*,#1752,.F.);
#2346=ORIENTED_EDGE('',*,*,#1711,.T.);
#2347=ORIENTED_EDGE('',*,*,#1756,.F.);
#2348=ORIENTED_EDGE('',*,*,#1757,.T.);
#2349=ORIENTED_EDGE('',*,*,#1753,.F.);
#2350=ORIENTED_EDGE('',*,*,#1755,.F.);
#2351=ORIENTED_EDGE('',*,*,#1718,.T.);
#2352=ORIENTED_EDGE('',*,*,#1758,.F.);
#2353=ORIENTED_EDGE('',*,*,#1759,.T.);
#2354=ORIENTED_EDGE('',*,*,#1760,.T.);
#2355=ORIENTED_EDGE('',*,*,#1710,.T.);
#2356=ORIENTED_EDGE('',*,*,#1761,.T.);
#2357=ORIENTED_EDGE('',*,*,#1756,.T.);
#2358=ORIENTED_EDGE('',*,*,#1709,.T.);
#2359=ORIENTED_EDGE('',*,*,#1719,.T.);
#2360=ORIENTED_EDGE('',*,*,#1760,.F.);
#2361=ORIENTED_EDGE('',*,*,#1762,.T.);
#2362=ORIENTED_EDGE('',*,*,#1763,.F.);
#2363=ORIENTED_EDGE('',*,*,#1764,.F.);
#2364=ORIENTED_EDGE('',*,*,#1761,.F.);
#2365=ORIENTED_EDGE('',*,*,#1746,.T.);
#2366=ORIENTED_EDGE('',*,*,#1765,.F.);
#2367=ORIENTED_EDGE('',*,*,#1766,.F.);
#2368=ORIENTED_EDGE('',*,*,#1745,.T.);
#2369=ORIENTED_EDGE('',*,*,#1767,.F.);
#2370=ORIENTED_EDGE('',*,*,#1768,.T.);
#2371=ORIENTED_EDGE('',*,*,#1765,.T.);
#2372=ORIENTED_EDGE('',*,*,#1714,.T.);
#2373=ORIENTED_EDGE('',*,*,#1754,.T.);
#2374=ORIENTED_EDGE('',*,*,#1769,.T.);
#2375=ORIENTED_EDGE('',*,*,#1770,.T.);
#2376=ORIENTED_EDGE('',*,*,#1771,.T.);
#2377=ORIENTED_EDGE('',*,*,#1772,.T.);
#2378=ORIENTED_EDGE('',*,*,#1773,.T.);
#2379=ORIENTED_EDGE('',*,*,#1774,.T.);
#2380=ORIENTED_EDGE('',*,*,#1775,.T.);
#2381=ORIENTED_EDGE('',*,*,#1776,.T.);
#2382=ORIENTED_EDGE('',*,*,#1777,.T.);
#2383=ORIENTED_EDGE('',*,*,#1767,.T.);
#2384=ORIENTED_EDGE('',*,*,#1751,.T.);
#2385=ORIENTED_EDGE('',*,*,#1778,.T.);
#2386=ORIENTED_EDGE('',*,*,#1779,.T.);
#2387=ORIENTED_EDGE('',*,*,#1780,.T.);
#2388=ORIENTED_EDGE('',*,*,#1781,.T.);
#2389=ORIENTED_EDGE('',*,*,#1782,.T.);
#2390=ORIENTED_EDGE('',*,*,#1721,.T.);
#2391=ORIENTED_EDGE('',*,*,#1783,.T.);
#2392=ORIENTED_EDGE('',*,*,#1744,.T.);
#2393=ORIENTED_EDGE('',*,*,#1784,.T.);
#2394=ORIENTED_EDGE('',*,*,#1785,.T.);
#2395=ORIENTED_EDGE('',*,*,#1786,.T.);
#2396=ORIENTED_EDGE('',*,*,#1787,.T.);
#2397=ORIENTED_EDGE('',*,*,#1788,.T.);
#2398=ORIENTED_EDGE('',*,*,#1789,.T.);
#2399=ORIENTED_EDGE('',*,*,#1790,.T.);
#2400=ORIENTED_EDGE('',*,*,#1791,.T.);
#2401=ORIENTED_EDGE('',*,*,#1792,.T.);
#2402=ORIENTED_EDGE('',*,*,#1793,.T.);
#2403=ORIENTED_EDGE('',*,*,#1794,.T.);
#2404=ORIENTED_EDGE('',*,*,#1795,.T.);
#2405=ORIENTED_EDGE('',*,*,#1796,.T.);
#2406=ORIENTED_EDGE('',*,*,#1797,.T.);
#2407=ORIENTED_EDGE('',*,*,#1798,.T.);
#2408=ORIENTED_EDGE('',*,*,#1799,.T.);
#2409=ORIENTED_EDGE('',*,*,#1800,.T.);
#2410=ORIENTED_EDGE('',*,*,#1801,.T.);
#2411=ORIENTED_EDGE('',*,*,#1802,.T.);
#2412=ORIENTED_EDGE('',*,*,#1803,.T.);
#2413=ORIENTED_EDGE('',*,*,#1804,.T.);
#2414=ORIENTED_EDGE('',*,*,#1805,.T.);
#2415=ORIENTED_EDGE('',*,*,#1806,.T.);
#2416=ORIENTED_EDGE('',*,*,#1807,.T.);
#2417=ORIENTED_EDGE('',*,*,#1808,.T.);
#2418=ORIENTED_EDGE('',*,*,#1809,.T.);
#2419=ORIENTED_EDGE('',*,*,#1810,.T.);
#2420=ORIENTED_EDGE('',*,*,#1811,.T.);
#2421=ORIENTED_EDGE('',*,*,#1812,.T.);
#2422=ORIENTED_EDGE('',*,*,#1813,.T.);
#2423=ORIENTED_EDGE('',*,*,#1814,.T.);
#2424=ORIENTED_EDGE('',*,*,#1815,.T.);
#2425=ORIENTED_EDGE('',*,*,#1816,.T.);
#2426=ORIENTED_EDGE('',*,*,#1817,.T.);
#2427=ORIENTED_EDGE('',*,*,#1818,.T.);
#2428=ORIENTED_EDGE('',*,*,#1735,.T.);
#2429=ORIENTED_EDGE('',*,*,#1819,.T.);
#2430=ORIENTED_EDGE('',*,*,#1820,.T.);
#2431=ORIENTED_EDGE('',*,*,#1821,.T.);
#2432=ORIENTED_EDGE('',*,*,#1743,.T.);
#2433=ORIENTED_EDGE('',*,*,#1822,.T.);
#2434=ORIENTED_EDGE('',*,*,#1823,.T.);
#2435=ORIENTED_EDGE('',*,*,#1784,.F.);
#2436=ORIENTED_EDGE('',*,*,#1742,.T.);
#2437=ORIENTED_EDGE('',*,*,#1824,.T.);
#2438=ORIENTED_EDGE('',*,*,#1825,.T.);
#2439=ORIENTED_EDGE('',*,*,#1826,.F.);
#2440=ORIENTED_EDGE('',*,*,#1822,.F.);
#2441=ORIENTED_EDGE('',*,*,#1741,.T.);
#2442=ORIENTED_EDGE('',*,*,#1827,.T.);
#2443=ORIENTED_EDGE('',*,*,#1824,.F.);
#2444=ORIENTED_EDGE('',*,*,#1828,.F.);
#2445=ORIENTED_EDGE('',*,*,#1829,.T.);
#2446=ORIENTED_EDGE('',*,*,#1830,.F.);
#2447=ORIENTED_EDGE('',*,*,#1829,.F.);
#2448=ORIENTED_EDGE('',*,*,#1831,.F.);
#2449=ORIENTED_EDGE('',*,*,#1832,.T.);
#2450=ORIENTED_EDGE('',*,*,#1833,.F.);
#2451=ORIENTED_EDGE('',*,*,#1832,.F.);
#2452=ORIENTED_EDGE('',*,*,#1831,.T.);
#2453=ORIENTED_EDGE('',*,*,#1828,.T.);
#2454=ORIENTED_EDGE('',*,*,#1834,.T.);
#2455=ORIENTED_EDGE('',*,*,#1835,.T.);
#2456=ORIENTED_EDGE('',*,*,#1836,.T.);
#2457=ORIENTED_EDGE('',*,*,#1837,.T.);
#2458=ORIENTED_EDGE('',*,*,#1838,.T.);
#2459=ORIENTED_EDGE('',*,*,#1839,.T.);
#2460=ORIENTED_EDGE('',*,*,#1840,.T.);
#2461=ORIENTED_EDGE('',*,*,#1841,.T.);
#2462=ORIENTED_EDGE('',*,*,#1842,.T.);
#2463=ORIENTED_EDGE('',*,*,#1843,.T.);
#2464=ORIENTED_EDGE('',*,*,#1844,.T.);
#2465=ORIENTED_EDGE('',*,*,#1833,.T.);
#2466=ORIENTED_EDGE('',*,*,#1845,.F.);
#2467=ORIENTED_EDGE('',*,*,#1846,.T.);
#2468=ORIENTED_EDGE('',*,*,#1847,.F.);
#2469=ORIENTED_EDGE('',*,*,#1848,.F.);
#2470=ORIENTED_EDGE('',*,*,#1849,.F.);
#2471=ORIENTED_EDGE('',*,*,#1850,.F.);
#2472=ORIENTED_EDGE('',*,*,#1851,.F.);
#2473=ORIENTED_EDGE('',*,*,#1852,.F.);
#2474=ORIENTED_EDGE('',*,*,#1853,.F.);
#2475=ORIENTED_EDGE('',*,*,#1854,.F.);
#2476=ORIENTED_EDGE('',*,*,#1855,.F.);
#2477=ORIENTED_EDGE('',*,*,#1856,.F.);
#2478=ORIENTED_EDGE('',*,*,#1857,.F.);
#2479=ORIENTED_EDGE('',*,*,#1858,.F.);
#2480=ORIENTED_EDGE('',*,*,#1859,.F.);
#2481=ORIENTED_EDGE('',*,*,#1860,.F.);
#2482=ORIENTED_EDGE('',*,*,#1861,.F.);
#2483=ORIENTED_EDGE('',*,*,#1862,.F.);
#2484=ORIENTED_EDGE('',*,*,#1863,.F.);
#2485=ORIENTED_EDGE('',*,*,#1864,.F.);
#2486=ORIENTED_EDGE('',*,*,#1865,.F.);
#2487=ORIENTED_EDGE('',*,*,#1866,.F.);
#2488=ORIENTED_EDGE('',*,*,#1867,.F.);
#2489=ORIENTED_EDGE('',*,*,#1868,.T.);
#2490=ORIENTED_EDGE('',*,*,#1869,.F.);
#2491=ORIENTED_EDGE('',*,*,#1870,.F.);
#2492=ORIENTED_EDGE('',*,*,#1871,.F.);
#2493=ORIENTED_EDGE('',*,*,#1872,.F.);
#2494=ORIENTED_EDGE('',*,*,#1873,.F.);
#2495=ORIENTED_EDGE('',*,*,#1874,.F.);
#2496=ORIENTED_EDGE('',*,*,#1875,.F.);
#2497=ORIENTED_EDGE('',*,*,#1876,.F.);
#2498=ORIENTED_EDGE('',*,*,#1877,.F.);
#2499=ORIENTED_EDGE('',*,*,#1878,.T.);
#2500=ORIENTED_EDGE('',*,*,#1879,.F.);
#2501=ORIENTED_EDGE('',*,*,#1880,.F.);
#2502=ORIENTED_EDGE('',*,*,#1881,.F.);
#2503=ORIENTED_EDGE('',*,*,#1882,.F.);
#2504=ORIENTED_EDGE('',*,*,#1883,.F.);
#2505=ORIENTED_EDGE('',*,*,#1884,.F.);
#2506=ORIENTED_EDGE('',*,*,#1885,.F.);
#2507=ORIENTED_EDGE('',*,*,#1864,.T.);
#2508=ORIENTED_EDGE('',*,*,#1886,.F.);
#2509=ORIENTED_EDGE('',*,*,#1887,.F.);
#2510=ORIENTED_EDGE('',*,*,#1888,.F.);
#2511=ORIENTED_EDGE('',*,*,#1889,.F.);
#2512=ORIENTED_EDGE('',*,*,#1890,.F.);
#2513=ORIENTED_EDGE('',*,*,#1891,.F.);
#2514=ORIENTED_EDGE('',*,*,#1892,.F.);
#2515=ORIENTED_EDGE('',*,*,#1893,.F.);
#2516=ORIENTED_EDGE('',*,*,#1894,.F.);
#2517=ORIENTED_EDGE('',*,*,#1895,.F.);
#2518=ORIENTED_EDGE('',*,*,#1896,.F.);
#2519=ORIENTED_EDGE('',*,*,#1897,.F.);
#2520=ORIENTED_EDGE('',*,*,#1898,.F.);
#2521=ORIENTED_EDGE('',*,*,#1899,.F.);
#2522=ORIENTED_EDGE('',*,*,#1900,.F.);
#2523=ORIENTED_EDGE('',*,*,#1901,.F.);
#2524=ORIENTED_EDGE('',*,*,#1902,.F.);
#2525=ORIENTED_EDGE('',*,*,#1846,.F.);
#2526=ORIENTED_EDGE('',*,*,#1903,.F.);
#2527=ORIENTED_EDGE('',*,*,#1904,.F.);
#2528=ORIENTED_EDGE('',*,*,#1905,.F.);
#2529=ORIENTED_EDGE('',*,*,#1868,.F.);
#2530=ORIENTED_EDGE('',*,*,#1906,.F.);
#2531=ORIENTED_EDGE('',*,*,#1866,.T.);
#2532=ORIENTED_EDGE('',*,*,#1907,.F.);
#2533=ORIENTED_EDGE('',*,*,#1908,.F.);
#2534=ORIENTED_EDGE('',*,*,#1909,.F.);
#2535=ORIENTED_EDGE('',*,*,#1878,.F.);
#2536=ORIENTED_EDGE('',*,*,#1910,.F.);
#2537=ORIENTED_EDGE('',*,*,#1876,.T.);
#2538=ORIENTED_EDGE('',*,*,#1885,.T.);
#2539=ORIENTED_EDGE('',*,*,#1911,.T.);
#2540=ORIENTED_EDGE('',*,*,#1715,.T.);
#2541=ORIENTED_EDGE('',*,*,#1912,.T.);
#2542=ORIENTED_EDGE('',*,*,#1840,.F.);
#2543=ORIENTED_EDGE('',*,*,#1913,.F.);
#2544=ORIENTED_EDGE('',*,*,#1914,.T.);
#2545=ORIENTED_EDGE('',*,*,#1845,.T.);
#2546=ORIENTED_EDGE('',*,*,#1915,.T.);
#2547=ORIENTED_EDGE('',*,*,#1916,.T.);
#2548=ORIENTED_EDGE('',*,*,#1842,.F.);
#2549=ORIENTED_EDGE('',*,*,#1917,.T.);
#2550=ORIENTED_EDGE('',*,*,#1732,.T.);
#2551=ORIENTED_EDGE('',*,*,#1738,.T.);
#2552=ORIENTED_EDGE('',*,*,#1783,.F.);
#2553=ORIENTED_EDGE('',*,*,#1720,.T.);
#2554=ORIENTED_EDGE('',*,*,#1886,.T.);
#2555=ORIENTED_EDGE('',*,*,#1863,.T.);
#2556=ORIENTED_EDGE('',*,*,#1918,.T.);
#2557=ORIENTED_EDGE('',*,*,#1919,.F.);
#2558=ORIENTED_EDGE('',*,*,#1920,.T.);
#2559=ORIENTED_EDGE('',*,*,#1921,.T.);
#2560=ORIENTED_EDGE('',*,*,#1922,.T.);
#2561=ORIENTED_EDGE('',*,*,#1862,.T.);
#2562=ORIENTED_EDGE('',*,*,#1923,.T.);
#2563=ORIENTED_EDGE('',*,*,#1924,.T.);
#2564=ORIENTED_EDGE('',*,*,#1918,.F.);
#2565=ORIENTED_EDGE('',*,*,#1887,.T.);
#2566=ORIENTED_EDGE('',*,*,#1922,.F.);
#2567=ORIENTED_EDGE('',*,*,#1925,.T.);
#2568=ORIENTED_EDGE('',*,*,#1926,.T.);
#2569=ORIENTED_EDGE('',*,*,#1861,.T.);
#2570=ORIENTED_EDGE('',*,*,#1927,.F.);
#2571=ORIENTED_EDGE('',*,*,#1928,.F.);
#2572=ORIENTED_EDGE('',*,*,#1923,.F.);
#2573=ORIENTED_EDGE('',*,*,#1888,.T.);
#2574=ORIENTED_EDGE('',*,*,#1926,.F.);
#2575=ORIENTED_EDGE('',*,*,#1929,.T.);
#2576=ORIENTED_EDGE('',*,*,#1930,.F.);
#2577=ORIENTED_EDGE('',*,*,#1848,.T.);
#2578=ORIENTED_EDGE('',*,*,#1931,.F.);
#2579=ORIENTED_EDGE('',*,*,#1932,.F.);
#2580=ORIENTED_EDGE('',*,*,#1933,.T.);
#2581=ORIENTED_EDGE('',*,*,#1860,.T.);
#2582=ORIENTED_EDGE('',*,*,#1934,.T.);
#2583=ORIENTED_EDGE('',*,*,#1935,.F.);
#2584=ORIENTED_EDGE('',*,*,#1927,.T.);
#2585=ORIENTED_EDGE('',*,*,#1889,.T.);
#2586=ORIENTED_EDGE('',*,*,#1930,.T.);
#2587=ORIENTED_EDGE('',*,*,#1936,.T.);
#2588=ORIENTED_EDGE('',*,*,#1937,.T.);
#2589=ORIENTED_EDGE('',*,*,#1849,.T.);
#2590=ORIENTED_EDGE('',*,*,#1933,.F.);
#2591=ORIENTED_EDGE('',*,*,#1938,.F.);
#2592=ORIENTED_EDGE('',*,*,#1939,.F.);
#2593=ORIENTED_EDGE('',*,*,#1850,.T.);
#2594=ORIENTED_EDGE('',*,*,#1939,.T.);
#2595=ORIENTED_EDGE('',*,*,#1940,.T.);
#2596=ORIENTED_EDGE('',*,*,#1941,.F.);
#2597=ORIENTED_EDGE('',*,*,#1859,.T.);
#2598=ORIENTED_EDGE('',*,*,#1942,.T.);
#2599=ORIENTED_EDGE('',*,*,#1943,.T.);
#2600=ORIENTED_EDGE('',*,*,#1934,.F.);
#2601=ORIENTED_EDGE('',*,*,#1890,.T.);
#2602=ORIENTED_EDGE('',*,*,#1937,.F.);
#2603=ORIENTED_EDGE('',*,*,#1944,.T.);
#2604=ORIENTED_EDGE('',*,*,#1945,.T.);
#2605=ORIENTED_EDGE('',*,*,#1873,.T.);
#2606=ORIENTED_EDGE('',*,*,#1946,.T.);
#2607=ORIENTED_EDGE('',*,*,#1874,.T.);
#2608=ORIENTED_EDGE('',*,*,#1945,.F.);
#2609=ORIENTED_EDGE('',*,*,#1947,.T.);
#2610=ORIENTED_EDGE('',*,*,#1948,.F.);
#2611=ORIENTED_EDGE('',*,*,#1858,.T.);
#2612=ORIENTED_EDGE('',*,*,#1949,.F.);
#2613=ORIENTED_EDGE('',*,*,#1950,.F.);
#2614=ORIENTED_EDGE('',*,*,#1942,.F.);
#2615=ORIENTED_EDGE('',*,*,#1891,.T.);
#2616=ORIENTED_EDGE('',*,*,#1946,.F.);
#2617=ORIENTED_EDGE('',*,*,#1872,.T.);
#2618=ORIENTED_EDGE('',*,*,#1951,.F.);
#2619=ORIENTED_EDGE('',*,*,#1865,.T.);
#2620=ORIENTED_EDGE('',*,*,#1948,.T.);
#2621=ORIENTED_EDGE('',*,*,#1952,.T.);
#2622=ORIENTED_EDGE('',*,*,#1953,.F.);
#2623=ORIENTED_EDGE('',*,*,#1903,.T.);
#2624=ORIENTED_EDGE('',*,*,#1857,.T.);
#2625=ORIENTED_EDGE('',*,*,#1954,.F.);
#2626=ORIENTED_EDGE('',*,*,#1955,.F.);
#2627=ORIENTED_EDGE('',*,*,#1949,.T.);
#2628=ORIENTED_EDGE('',*,*,#1892,.T.);
#2629=ORIENTED_EDGE('',*,*,#1951,.T.);
#2630=ORIENTED_EDGE('',*,*,#1871,.T.);
#2631=ORIENTED_EDGE('',*,*,#1956,.F.);
#2632=ORIENTED_EDGE('',*,*,#1904,.T.);
#2633=ORIENTED_EDGE('',*,*,#1953,.T.);
#2634=ORIENTED_EDGE('',*,*,#1957,.T.);
#2635=ORIENTED_EDGE('',*,*,#1958,.T.);
#2636=ORIENTED_EDGE('',*,*,#1856,.T.);
#2637=ORIENTED_EDGE('',*,*,#1959,.T.);
#2638=ORIENTED_EDGE('',*,*,#1960,.T.);
#2639=ORIENTED_EDGE('',*,*,#1954,.T.);
#2640=ORIENTED_EDGE('',*,*,#1893,.T.);
#2641=ORIENTED_EDGE('',*,*,#1956,.T.);
#2642=ORIENTED_EDGE('',*,*,#1870,.T.);
#2643=ORIENTED_EDGE('',*,*,#1961,.T.);
#2644=ORIENTED_EDGE('',*,*,#1855,.T.);
#2645=ORIENTED_EDGE('',*,*,#1962,.F.);
#2646=ORIENTED_EDGE('',*,*,#1963,.F.);
#2647=ORIENTED_EDGE('',*,*,#1959,.F.);
#2648=ORIENTED_EDGE('',*,*,#1908,.T.);
#2649=ORIENTED_EDGE('',*,*,#1964,.T.);
#2650=ORIENTED_EDGE('',*,*,#1965,.T.);
#2651=ORIENTED_EDGE('',*,*,#1966,.F.);
#2652=ORIENTED_EDGE('',*,*,#1854,.T.);
#2653=ORIENTED_EDGE('',*,*,#1967,.F.);
#2654=ORIENTED_EDGE('',*,*,#1968,.F.);
#2655=ORIENTED_EDGE('',*,*,#1962,.T.);
#2656=ORIENTED_EDGE('',*,*,#1909,.T.);
#2657=ORIENTED_EDGE('',*,*,#1966,.T.);
#2658=ORIENTED_EDGE('',*,*,#1969,.T.);
#2659=ORIENTED_EDGE('',*,*,#1970,.T.);
#2660=ORIENTED_EDGE('',*,*,#1879,.T.);
#2661=ORIENTED_EDGE('',*,*,#1853,.T.);
#2662=ORIENTED_EDGE('',*,*,#1971,.T.);
#2663=ORIENTED_EDGE('',*,*,#1972,.T.);
#2664=ORIENTED_EDGE('',*,*,#1967,.T.);
#2665=ORIENTED_EDGE('',*,*,#1880,.T.);
#2666=ORIENTED_EDGE('',*,*,#1970,.F.);
#2667=ORIENTED_EDGE('',*,*,#1973,.T.);
#2668=ORIENTED_EDGE('',*,*,#1974,.F.);
#2669=ORIENTED_EDGE('',*,*,#1852,.T.);
#2670=ORIENTED_EDGE('',*,*,#1975,.F.);
#2671=ORIENTED_EDGE('',*,*,#1976,.F.);
#2672=ORIENTED_EDGE('',*,*,#1971,.F.);
#2673=ORIENTED_EDGE('',*,*,#1851,.T.);
#2674=ORIENTED_EDGE('',*,*,#1941,.T.);
#2675=ORIENTED_EDGE('',*,*,#1977,.F.);
#2676=ORIENTED_EDGE('',*,*,#1975,.T.);
#2677=ORIENTED_EDGE('',*,*,#1978,.F.);
#2678=ORIENTED_EDGE('',*,*,#1979,.T.);
#2679=ORIENTED_EDGE('',*,*,#1932,.T.);
#2680=ORIENTED_EDGE('',*,*,#1980,.F.);
#2681=ORIENTED_EDGE('',*,*,#1901,.T.);
#2682=ORIENTED_EDGE('',*,*,#1981,.T.);
#2683=ORIENTED_EDGE('',*,*,#1982,.T.);
#2684=ORIENTED_EDGE('',*,*,#1983,.F.);
#2685=ORIENTED_EDGE('',*,*,#1900,.T.);
#2686=ORIENTED_EDGE('',*,*,#1984,.F.);
#2687=ORIENTED_EDGE('',*,*,#1985,.T.);
#2688=ORIENTED_EDGE('',*,*,#1981,.F.);
#2689=ORIENTED_EDGE('',*,*,#1979,.F.);
#2690=ORIENTED_EDGE('',*,*,#1805,.F.);
#2691=ORIENTED_EDGE('',*,*,#1986,.F.);
#2692=ORIENTED_EDGE('',*,*,#1938,.T.);
#2693=ORIENTED_EDGE('',*,*,#1899,.T.);
#2694=ORIENTED_EDGE('',*,*,#1987,.F.);
#2695=ORIENTED_EDGE('',*,*,#1988,.T.);
#2696=ORIENTED_EDGE('',*,*,#1984,.T.);
#2697=ORIENTED_EDGE('',*,*,#1989,.F.);
#2698=ORIENTED_EDGE('',*,*,#1990,.F.);
#2699=ORIENTED_EDGE('',*,*,#1940,.F.);
#2700=ORIENTED_EDGE('',*,*,#1986,.T.);
#2701=ORIENTED_EDGE('',*,*,#1978,.T.);
#2702=ORIENTED_EDGE('',*,*,#1991,.T.);
#2703=ORIENTED_EDGE('',*,*,#1806,.F.);
#2704=ORIENTED_EDGE('',*,*,#1989,.T.);
#2705=ORIENTED_EDGE('',*,*,#1804,.F.);
#2706=ORIENTED_EDGE('',*,*,#1992,.T.);
#2707=ORIENTED_EDGE('',*,*,#1993,.F.);
#2708=ORIENTED_EDGE('',*,*,#1994,.T.);
#2709=ORIENTED_EDGE('',*,*,#1995,.T.);
#2710=ORIENTED_EDGE('',*,*,#1996,.F.);
#2711=ORIENTED_EDGE('',*,*,#1997,.T.);
#2712=ORIENTED_EDGE('',*,*,#1998,.F.);
#2713=ORIENTED_EDGE('',*,*,#1995,.F.);
#2714=ORIENTED_EDGE('',*,*,#1999,.T.);
#2715=ORIENTED_EDGE('',*,*,#1999,.F.);
#2716=ORIENTED_EDGE('',*,*,#2000,.F.);
#2717=ORIENTED_EDGE('',*,*,#2001,.F.);
#2718=ORIENTED_EDGE('',*,*,#2002,.T.);
#2719=ORIENTED_EDGE('',*,*,#1994,.F.);
#2720=ORIENTED_EDGE('',*,*,#1807,.F.);
#2721=ORIENTED_EDGE('',*,*,#2003,.F.);
#2722=ORIENTED_EDGE('',*,*,#2000,.T.);
#2723=ORIENTED_EDGE('',*,*,#1902,.T.);
#2724=ORIENTED_EDGE('',*,*,#1983,.T.);
#2725=ORIENTED_EDGE('',*,*,#2004,.T.);
#2726=ORIENTED_EDGE('',*,*,#2001,.T.);
#2727=ORIENTED_EDGE('',*,*,#2005,.T.);
#2728=ORIENTED_EDGE('',*,*,#1931,.T.);
#2729=ORIENTED_EDGE('',*,*,#1847,.T.);
#2730=ORIENTED_EDGE('',*,*,#1991,.F.);
#2731=ORIENTED_EDGE('',*,*,#1980,.T.);
#2732=ORIENTED_EDGE('',*,*,#2005,.F.);
#2733=ORIENTED_EDGE('',*,*,#2003,.T.);
#2734=ORIENTED_EDGE('',*,*,#1993,.T.);
#2735=ORIENTED_EDGE('',*,*,#2006,.T.);
#2736=ORIENTED_EDGE('',*,*,#1808,.F.);
#2737=ORIENTED_EDGE('',*,*,#2007,.F.);
#2738=ORIENTED_EDGE('',*,*,#2008,.T.);
#2739=ORIENTED_EDGE('',*,*,#1955,.T.);
#2740=ORIENTED_EDGE('',*,*,#2009,.F.);
#2741=ORIENTED_EDGE('',*,*,#2008,.F.);
#2742=ORIENTED_EDGE('',*,*,#1799,.F.);
#2743=ORIENTED_EDGE('',*,*,#2010,.F.);
#2744=ORIENTED_EDGE('',*,*,#1950,.T.);
#2745=ORIENTED_EDGE('',*,*,#2011,.F.);
#2746=ORIENTED_EDGE('',*,*,#2012,.F.);
#2747=ORIENTED_EDGE('',*,*,#1943,.F.);
#2748=ORIENTED_EDGE('',*,*,#2010,.T.);
#2749=ORIENTED_EDGE('',*,*,#2007,.T.);
#2750=ORIENTED_EDGE('',*,*,#2013,.T.);
#2751=ORIENTED_EDGE('',*,*,#1800,.F.);
#2752=ORIENTED_EDGE('',*,*,#2011,.T.);
#2753=ORIENTED_EDGE('',*,*,#1798,.F.);
#2754=ORIENTED_EDGE('',*,*,#2014,.T.);
#2755=ORIENTED_EDGE('',*,*,#2015,.F.);
#2756=ORIENTED_EDGE('',*,*,#2016,.T.);
#2757=ORIENTED_EDGE('',*,*,#1968,.T.);
#2758=ORIENTED_EDGE('',*,*,#2017,.F.);
#2759=ORIENTED_EDGE('',*,*,#1895,.T.);
#2760=ORIENTED_EDGE('',*,*,#2018,.T.);
#2761=ORIENTED_EDGE('',*,*,#1884,.T.);
#2762=ORIENTED_EDGE('',*,*,#2019,.F.);
#2763=ORIENTED_EDGE('',*,*,#1894,.T.);
#2764=ORIENTED_EDGE('',*,*,#1961,.F.);
#2765=ORIENTED_EDGE('',*,*,#1869,.T.);
#2766=ORIENTED_EDGE('',*,*,#1905,.T.);
#2767=ORIENTED_EDGE('',*,*,#1958,.F.);
#2768=ORIENTED_EDGE('',*,*,#2020,.T.);
#2769=ORIENTED_EDGE('',*,*,#1964,.F.);
#2770=ORIENTED_EDGE('',*,*,#1907,.T.);
#2771=ORIENTED_EDGE('',*,*,#1875,.T.);
#2772=ORIENTED_EDGE('',*,*,#2018,.F.);
#2773=ORIENTED_EDGE('',*,*,#2016,.F.);
#2774=ORIENTED_EDGE('',*,*,#1801,.F.);
#2775=ORIENTED_EDGE('',*,*,#2021,.F.);
#2776=ORIENTED_EDGE('',*,*,#1963,.T.);
#2777=ORIENTED_EDGE('',*,*,#2013,.F.);
#2778=ORIENTED_EDGE('',*,*,#2009,.T.);
#2779=ORIENTED_EDGE('',*,*,#1960,.F.);
#2780=ORIENTED_EDGE('',*,*,#2021,.T.);
#2781=ORIENTED_EDGE('',*,*,#2015,.T.);
#2782=ORIENTED_EDGE('',*,*,#2022,.T.);
#2783=ORIENTED_EDGE('',*,*,#1802,.F.);
#2784=ORIENTED_EDGE('',*,*,#2014,.F.);
#2785=ORIENTED_EDGE('',*,*,#2023,.T.);
#2786=ORIENTED_EDGE('',*,*,#1935,.T.);
#2787=ORIENTED_EDGE('',*,*,#2012,.T.);
#2788=ORIENTED_EDGE('',*,*,#2023,.F.);
#2789=ORIENTED_EDGE('',*,*,#1797,.F.);
#2790=ORIENTED_EDGE('',*,*,#2024,.F.);
#2791=ORIENTED_EDGE('',*,*,#1928,.T.);
#2792=ORIENTED_EDGE('',*,*,#2025,.F.);
#2793=ORIENTED_EDGE('',*,*,#2026,.F.);
#2794=ORIENTED_EDGE('',*,*,#1924,.F.);
#2795=ORIENTED_EDGE('',*,*,#2024,.T.);
#2796=ORIENTED_EDGE('',*,*,#2025,.T.);
#2797=ORIENTED_EDGE('',*,*,#1796,.F.);
#2798=ORIENTED_EDGE('',*,*,#2027,.T.);
#2799=ORIENTED_EDGE('',*,*,#2028,.T.);
#2800=ORIENTED_EDGE('',*,*,#2029,.F.);
#2801=ORIENTED_EDGE('',*,*,#1825,.F.);
#2802=ORIENTED_EDGE('',*,*,#2030,.T.);
#2803=ORIENTED_EDGE('',*,*,#1740,.T.);
#2804=ORIENTED_EDGE('',*,*,#2031,.F.);
#2805=ORIENTED_EDGE('',*,*,#2032,.T.);
#2806=ORIENTED_EDGE('',*,*,#2030,.F.);
#2807=ORIENTED_EDGE('',*,*,#1827,.F.);
#2808=ORIENTED_EDGE('',*,*,#1736,.T.);
#2809=ORIENTED_EDGE('',*,*,#1821,.F.);
#2810=ORIENTED_EDGE('',*,*,#2033,.T.);
#2811=ORIENTED_EDGE('',*,*,#2031,.T.);
#2812=ORIENTED_EDGE('',*,*,#1739,.T.);
#2813=ORIENTED_EDGE('',*,*,#1747,.T.);
#2814=ORIENTED_EDGE('',*,*,#1766,.T.);
#2815=ORIENTED_EDGE('',*,*,#1768,.F.);
#2816=ORIENTED_EDGE('',*,*,#2034,.T.);
#2817=ORIENTED_EDGE('',*,*,#2035,.T.);
#2818=ORIENTED_EDGE('',*,*,#1748,.T.);
#2819=ORIENTED_EDGE('',*,*,#2035,.F.);
#2820=ORIENTED_EDGE('',*,*,#2036,.T.);
#2821=ORIENTED_EDGE('',*,*,#1749,.T.);
#2822=ORIENTED_EDGE('',*,*,#2036,.F.);
#2823=ORIENTED_EDGE('',*,*,#2037,.F.);
#2824=ORIENTED_EDGE('',*,*,#2038,.F.);
#2825=ORIENTED_EDGE('',*,*,#2039,.T.);
#2826=ORIENTED_EDGE('',*,*,#1819,.F.);
#2827=ORIENTED_EDGE('',*,*,#1734,.T.);
#2828=ORIENTED_EDGE('',*,*,#2034,.F.);
#2829=ORIENTED_EDGE('',*,*,#1777,.F.);
#2830=ORIENTED_EDGE('',*,*,#2040,.F.);
#2831=ORIENTED_EDGE('',*,*,#2037,.T.);
#2832=ORIENTED_EDGE('',*,*,#2041,.T.);
#2833=ORIENTED_EDGE('',*,*,#2038,.T.);
#2834=ORIENTED_EDGE('',*,*,#2042,.T.);
#2835=ORIENTED_EDGE('',*,*,#2043,.F.);
#2836=ORIENTED_EDGE('',*,*,#2044,.F.);
#2837=ORIENTED_EDGE('',*,*,#2045,.F.);
#2838=ORIENTED_EDGE('',*,*,#2042,.F.);
#2839=ORIENTED_EDGE('',*,*,#2040,.T.);
#2840=ORIENTED_EDGE('',*,*,#2044,.T.);
#2841=ORIENTED_EDGE('',*,*,#1776,.F.);
#2842=ORIENTED_EDGE('',*,*,#2046,.T.);
#2843=ORIENTED_EDGE('',*,*,#2047,.F.);
#2844=ORIENTED_EDGE('',*,*,#2048,.T.);
#2845=ORIENTED_EDGE('',*,*,#2049,.T.);
#2846=ORIENTED_EDGE('',*,*,#2050,.F.);
#2847=ORIENTED_EDGE('',*,*,#2051,.T.);
#2848=ORIENTED_EDGE('',*,*,#2052,.F.);
#2849=ORIENTED_EDGE('',*,*,#2049,.F.);
#2850=ORIENTED_EDGE('',*,*,#2053,.T.);
#2851=ORIENTED_EDGE('',*,*,#2053,.F.);
#2852=ORIENTED_EDGE('',*,*,#2054,.F.);
#2853=ORIENTED_EDGE('',*,*,#2055,.F.);
#2854=ORIENTED_EDGE('',*,*,#2056,.T.);
#2855=ORIENTED_EDGE('',*,*,#2048,.F.);
#2856=ORIENTED_EDGE('',*,*,#1787,.F.);
#2857=ORIENTED_EDGE('',*,*,#2057,.F.);
#2858=ORIENTED_EDGE('',*,*,#2054,.T.);
#2859=ORIENTED_EDGE('',*,*,#2058,.T.);
#2860=ORIENTED_EDGE('',*,*,#2055,.T.);
#2861=ORIENTED_EDGE('',*,*,#2059,.T.);
#2862=ORIENTED_EDGE('',*,*,#2060,.F.);
#2863=ORIENTED_EDGE('',*,*,#2061,.F.);
#2864=ORIENTED_EDGE('',*,*,#2062,.F.);
#2865=ORIENTED_EDGE('',*,*,#2059,.F.);
#2866=ORIENTED_EDGE('',*,*,#2057,.T.);
#2867=ORIENTED_EDGE('',*,*,#2047,.T.);
#2868=ORIENTED_EDGE('',*,*,#2063,.T.);
#2869=ORIENTED_EDGE('',*,*,#1788,.F.);
#2870=ORIENTED_EDGE('',*,*,#2061,.T.);
#2871=ORIENTED_EDGE('',*,*,#1786,.F.);
#2872=ORIENTED_EDGE('',*,*,#2064,.T.);
#2873=ORIENTED_EDGE('',*,*,#2065,.F.);
#2874=ORIENTED_EDGE('',*,*,#2066,.T.);
#2875=ORIENTED_EDGE('',*,*,#2067,.T.);
#2876=ORIENTED_EDGE('',*,*,#2068,.F.);
#2877=ORIENTED_EDGE('',*,*,#2069,.T.);
#2878=ORIENTED_EDGE('',*,*,#2070,.F.);
#2879=ORIENTED_EDGE('',*,*,#2067,.F.);
#2880=ORIENTED_EDGE('',*,*,#2071,.T.);
#2881=ORIENTED_EDGE('',*,*,#2071,.F.);
#2882=ORIENTED_EDGE('',*,*,#2072,.F.);
#2883=ORIENTED_EDGE('',*,*,#2073,.F.);
#2884=ORIENTED_EDGE('',*,*,#2074,.T.);
#2885=ORIENTED_EDGE('',*,*,#2066,.F.);
#2886=ORIENTED_EDGE('',*,*,#1789,.F.);
#2887=ORIENTED_EDGE('',*,*,#2075,.F.);
#2888=ORIENTED_EDGE('',*,*,#2072,.T.);
#2889=ORIENTED_EDGE('',*,*,#2076,.T.);
#2890=ORIENTED_EDGE('',*,*,#2073,.T.);
#2891=ORIENTED_EDGE('',*,*,#2077,.T.);
#2892=ORIENTED_EDGE('',*,*,#2052,.T.);
#2893=ORIENTED_EDGE('',*,*,#2063,.F.);
#2894=ORIENTED_EDGE('',*,*,#2050,.T.);
#2895=ORIENTED_EDGE('',*,*,#2077,.F.);
#2896=ORIENTED_EDGE('',*,*,#2075,.T.);
#2897=ORIENTED_EDGE('',*,*,#2065,.T.);
#2898=ORIENTED_EDGE('',*,*,#2078,.T.);
#2899=ORIENTED_EDGE('',*,*,#1790,.F.);
#2900=ORIENTED_EDGE('',*,*,#2046,.F.);
#2901=ORIENTED_EDGE('',*,*,#2079,.T.);
#2902=ORIENTED_EDGE('',*,*,#2080,.T.);
#2903=ORIENTED_EDGE('',*,*,#2045,.T.);
#2904=ORIENTED_EDGE('',*,*,#2081,.T.);
#2905=ORIENTED_EDGE('',*,*,#2043,.T.);
#2906=ORIENTED_EDGE('',*,*,#2080,.F.);
#2907=ORIENTED_EDGE('',*,*,#2082,.T.);
#2908=ORIENTED_EDGE('',*,*,#2082,.F.);
#2909=ORIENTED_EDGE('',*,*,#2083,.F.);
#2910=ORIENTED_EDGE('',*,*,#2084,.F.);
#2911=ORIENTED_EDGE('',*,*,#2085,.T.);
#2912=ORIENTED_EDGE('',*,*,#2079,.F.);
#2913=ORIENTED_EDGE('',*,*,#1775,.F.);
#2914=ORIENTED_EDGE('',*,*,#2086,.F.);
#2915=ORIENTED_EDGE('',*,*,#2083,.T.);
#2916=ORIENTED_EDGE('',*,*,#2087,.T.);
#2917=ORIENTED_EDGE('',*,*,#2084,.T.);
#2918=ORIENTED_EDGE('',*,*,#2088,.T.);
#2919=ORIENTED_EDGE('',*,*,#2089,.F.);
#2920=ORIENTED_EDGE('',*,*,#2090,.F.);
#2921=ORIENTED_EDGE('',*,*,#2091,.F.);
#2922=ORIENTED_EDGE('',*,*,#2088,.F.);
#2923=ORIENTED_EDGE('',*,*,#2086,.T.);
#2924=ORIENTED_EDGE('',*,*,#2092,.F.);
#2925=ORIENTED_EDGE('',*,*,#2093,.T.);
#2926=ORIENTED_EDGE('',*,*,#2094,.T.);
#2927=ORIENTED_EDGE('',*,*,#2095,.F.);
#2928=ORIENTED_EDGE('',*,*,#2096,.T.);
#2929=ORIENTED_EDGE('',*,*,#2097,.F.);
#2930=ORIENTED_EDGE('',*,*,#2094,.F.);
#2931=ORIENTED_EDGE('',*,*,#2098,.T.);
#2932=ORIENTED_EDGE('',*,*,#2098,.F.);
#2933=ORIENTED_EDGE('',*,*,#2099,.F.);
#2934=ORIENTED_EDGE('',*,*,#2100,.F.);
#2935=ORIENTED_EDGE('',*,*,#2101,.T.);
#2936=ORIENTED_EDGE('',*,*,#2093,.F.);
#2937=ORIENTED_EDGE('',*,*,#1793,.F.);
#2938=ORIENTED_EDGE('',*,*,#2102,.F.);
#2939=ORIENTED_EDGE('',*,*,#2099,.T.);
#2940=ORIENTED_EDGE('',*,*,#2103,.T.);
#2941=ORIENTED_EDGE('',*,*,#2100,.T.);
#2942=ORIENTED_EDGE('',*,*,#2104,.T.);
#2943=ORIENTED_EDGE('',*,*,#2105,.F.);
#2944=ORIENTED_EDGE('',*,*,#2106,.F.);
#2945=ORIENTED_EDGE('',*,*,#2107,.F.);
#2946=ORIENTED_EDGE('',*,*,#2104,.F.);
#2947=ORIENTED_EDGE('',*,*,#2102,.T.);
#2948=ORIENTED_EDGE('',*,*,#2106,.T.);
#2949=ORIENTED_EDGE('',*,*,#1792,.F.);
#2950=ORIENTED_EDGE('',*,*,#2108,.T.);
#2951=ORIENTED_EDGE('',*,*,#2092,.T.);
#2952=ORIENTED_EDGE('',*,*,#2109,.T.);
#2953=ORIENTED_EDGE('',*,*,#1794,.F.);
#2954=ORIENTED_EDGE('',*,*,#2108,.F.);
#2955=ORIENTED_EDGE('',*,*,#2110,.T.);
#2956=ORIENTED_EDGE('',*,*,#2111,.T.);
#2957=ORIENTED_EDGE('',*,*,#2107,.T.);
#2958=ORIENTED_EDGE('',*,*,#2112,.T.);
#2959=ORIENTED_EDGE('',*,*,#2105,.T.);
#2960=ORIENTED_EDGE('',*,*,#2111,.F.);
#2961=ORIENTED_EDGE('',*,*,#2113,.T.);
#2962=ORIENTED_EDGE('',*,*,#2113,.F.);
#2963=ORIENTED_EDGE('',*,*,#2114,.F.);
#2964=ORIENTED_EDGE('',*,*,#2115,.F.);
#2965=ORIENTED_EDGE('',*,*,#2116,.T.);
#2966=ORIENTED_EDGE('',*,*,#2110,.F.);
#2967=ORIENTED_EDGE('',*,*,#1791,.F.);
#2968=ORIENTED_EDGE('',*,*,#2117,.F.);
#2969=ORIENTED_EDGE('',*,*,#2114,.T.);
#2970=ORIENTED_EDGE('',*,*,#2118,.T.);
#2971=ORIENTED_EDGE('',*,*,#2115,.T.);
#2972=ORIENTED_EDGE('',*,*,#2119,.T.);
#2973=ORIENTED_EDGE('',*,*,#2070,.T.);
#2974=ORIENTED_EDGE('',*,*,#2078,.F.);
#2975=ORIENTED_EDGE('',*,*,#2068,.T.);
#2976=ORIENTED_EDGE('',*,*,#2119,.F.);
#2977=ORIENTED_EDGE('',*,*,#2117,.T.);
#2978=ORIENTED_EDGE('',*,*,#2027,.F.);
#2979=ORIENTED_EDGE('',*,*,#2120,.T.);
#2980=ORIENTED_EDGE('',*,*,#1919,.T.);
#2981=ORIENTED_EDGE('',*,*,#2026,.T.);
#2982=ORIENTED_EDGE('',*,*,#1920,.F.);
#2983=ORIENTED_EDGE('',*,*,#2121,.F.);
#2984=ORIENTED_EDGE('',*,*,#2122,.F.);
#2985=ORIENTED_EDGE('',*,*,#2123,.T.);
#2986=ORIENTED_EDGE('',*,*,#2120,.F.);
#2987=ORIENTED_EDGE('',*,*,#1795,.F.);
#2988=ORIENTED_EDGE('',*,*,#2124,.F.);
#2989=ORIENTED_EDGE('',*,*,#2121,.T.);
#2990=ORIENTED_EDGE('',*,*,#2125,.T.);
#2991=ORIENTED_EDGE('',*,*,#2122,.T.);
#2992=ORIENTED_EDGE('',*,*,#2126,.T.);
#2993=ORIENTED_EDGE('',*,*,#2097,.T.);
#2994=ORIENTED_EDGE('',*,*,#2109,.F.);
#2995=ORIENTED_EDGE('',*,*,#2095,.T.);
#2996=ORIENTED_EDGE('',*,*,#2126,.F.);
#2997=ORIENTED_EDGE('',*,*,#2124,.T.);
#2998=ORIENTED_EDGE('',*,*,#2064,.F.);
#2999=ORIENTED_EDGE('',*,*,#2127,.T.);
#3000=ORIENTED_EDGE('',*,*,#2128,.T.);
#3001=ORIENTED_EDGE('',*,*,#2062,.T.);
#3002=ORIENTED_EDGE('',*,*,#2129,.T.);
#3003=ORIENTED_EDGE('',*,*,#2060,.T.);
#3004=ORIENTED_EDGE('',*,*,#2128,.F.);
#3005=ORIENTED_EDGE('',*,*,#2130,.T.);
#3006=ORIENTED_EDGE('',*,*,#2130,.F.);
#3007=ORIENTED_EDGE('',*,*,#2131,.F.);
#3008=ORIENTED_EDGE('',*,*,#2132,.F.);
#3009=ORIENTED_EDGE('',*,*,#2133,.T.);
#3010=ORIENTED_EDGE('',*,*,#2127,.F.);
#3011=ORIENTED_EDGE('',*,*,#1785,.F.);
#3012=ORIENTED_EDGE('',*,*,#2134,.F.);
#3013=ORIENTED_EDGE('',*,*,#2131,.T.);
#3014=ORIENTED_EDGE('',*,*,#2135,.T.);
#3015=ORIENTED_EDGE('',*,*,#2132,.T.);
#3016=ORIENTED_EDGE('',*,*,#2136,.T.);
#3017=ORIENTED_EDGE('',*,*,#2029,.T.);
#3018=ORIENTED_EDGE('',*,*,#1823,.F.);
#3019=ORIENTED_EDGE('',*,*,#1826,.T.);
#3020=ORIENTED_EDGE('',*,*,#2136,.F.);
#3021=ORIENTED_EDGE('',*,*,#2134,.T.);
#3022=ORIENTED_EDGE('',*,*,#2090,.T.);
#3023=ORIENTED_EDGE('',*,*,#1774,.F.);
#3024=ORIENTED_EDGE('',*,*,#2137,.T.);
#3025=ORIENTED_EDGE('',*,*,#2138,.F.);
#3026=ORIENTED_EDGE('',*,*,#2139,.T.);
#3027=ORIENTED_EDGE('',*,*,#2140,.T.);
#3028=ORIENTED_EDGE('',*,*,#2141,.F.);
#3029=ORIENTED_EDGE('',*,*,#2142,.T.);
#3030=ORIENTED_EDGE('',*,*,#2143,.F.);
#3031=ORIENTED_EDGE('',*,*,#2140,.F.);
#3032=ORIENTED_EDGE('',*,*,#2144,.T.);
#3033=ORIENTED_EDGE('',*,*,#2144,.F.);
#3034=ORIENTED_EDGE('',*,*,#2145,.F.);
#3035=ORIENTED_EDGE('',*,*,#2146,.F.);
#3036=ORIENTED_EDGE('',*,*,#2147,.T.);
#3037=ORIENTED_EDGE('',*,*,#2139,.F.);
#3038=ORIENTED_EDGE('',*,*,#1771,.F.);
#3039=ORIENTED_EDGE('',*,*,#2148,.F.);
#3040=ORIENTED_EDGE('',*,*,#2145,.T.);
#3041=ORIENTED_EDGE('',*,*,#2149,.T.);
#3042=ORIENTED_EDGE('',*,*,#2146,.T.);
#3043=ORIENTED_EDGE('',*,*,#2150,.T.);
#3044=ORIENTED_EDGE('',*,*,#2151,.F.);
#3045=ORIENTED_EDGE('',*,*,#2152,.F.);
#3046=ORIENTED_EDGE('',*,*,#2153,.F.);
#3047=ORIENTED_EDGE('',*,*,#2150,.F.);
#3048=ORIENTED_EDGE('',*,*,#2148,.T.);
#3049=ORIENTED_EDGE('',*,*,#2152,.T.);
#3050=ORIENTED_EDGE('',*,*,#1770,.F.);
#3051=ORIENTED_EDGE('',*,*,#2154,.T.);
#3052=ORIENTED_EDGE('',*,*,#2138,.T.);
#3053=ORIENTED_EDGE('',*,*,#2155,.T.);
#3054=ORIENTED_EDGE('',*,*,#1772,.F.);
#3055=ORIENTED_EDGE('',*,*,#2154,.F.);
#3056=ORIENTED_EDGE('',*,*,#2156,.T.);
#3057=ORIENTED_EDGE('',*,*,#2157,.T.);
#3058=ORIENTED_EDGE('',*,*,#2153,.T.);
#3059=ORIENTED_EDGE('',*,*,#2158,.T.);
#3060=ORIENTED_EDGE('',*,*,#2151,.T.);
#3061=ORIENTED_EDGE('',*,*,#2157,.F.);
#3062=ORIENTED_EDGE('',*,*,#1763,.T.);
#3063=ORIENTED_EDGE('',*,*,#2156,.F.);
#3064=ORIENTED_EDGE('',*,*,#1769,.F.);
#3065=ORIENTED_EDGE('',*,*,#1757,.F.);
#3066=ORIENTED_EDGE('',*,*,#1764,.T.);
#3067=ORIENTED_EDGE('',*,*,#2159,.F.);
#3068=ORIENTED_EDGE('',*,*,#2160,.T.);
#3069=ORIENTED_EDGE('',*,*,#2161,.T.);
#3070=ORIENTED_EDGE('',*,*,#2162,.F.);
#3071=ORIENTED_EDGE('',*,*,#2163,.T.);
#3072=ORIENTED_EDGE('',*,*,#2164,.F.);
#3073=ORIENTED_EDGE('',*,*,#2161,.F.);
#3074=ORIENTED_EDGE('',*,*,#2165,.T.);
#3075=ORIENTED_EDGE('',*,*,#2165,.F.);
#3076=ORIENTED_EDGE('',*,*,#2166,.F.);
#3077=ORIENTED_EDGE('',*,*,#2167,.F.);
#3078=ORIENTED_EDGE('',*,*,#2168,.T.);
#3079=ORIENTED_EDGE('',*,*,#2160,.F.);
#3080=ORIENTED_EDGE('',*,*,#1815,.F.);
#3081=ORIENTED_EDGE('',*,*,#2169,.F.);
#3082=ORIENTED_EDGE('',*,*,#2166,.T.);
#3083=ORIENTED_EDGE('',*,*,#2170,.T.);
#3084=ORIENTED_EDGE('',*,*,#2167,.T.);
#3085=ORIENTED_EDGE('',*,*,#2171,.T.);
#3086=ORIENTED_EDGE('',*,*,#2172,.F.);
#3087=ORIENTED_EDGE('',*,*,#2173,.F.);
#3088=ORIENTED_EDGE('',*,*,#2174,.F.);
#3089=ORIENTED_EDGE('',*,*,#2171,.F.);
#3090=ORIENTED_EDGE('',*,*,#2169,.T.);
#3091=ORIENTED_EDGE('',*,*,#2173,.T.);
#3092=ORIENTED_EDGE('',*,*,#1814,.F.);
#3093=ORIENTED_EDGE('',*,*,#2175,.T.);
#3094=ORIENTED_EDGE('',*,*,#2159,.T.);
#3095=ORIENTED_EDGE('',*,*,#2176,.T.);
#3096=ORIENTED_EDGE('',*,*,#1816,.F.);
#3097=ORIENTED_EDGE('',*,*,#2177,.F.);
#3098=ORIENTED_EDGE('',*,*,#2178,.T.);
#3099=ORIENTED_EDGE('',*,*,#2179,.T.);
#3100=ORIENTED_EDGE('',*,*,#2180,.F.);
#3101=ORIENTED_EDGE('',*,*,#2181,.T.);
#3102=ORIENTED_EDGE('',*,*,#2182,.F.);
#3103=ORIENTED_EDGE('',*,*,#2179,.F.);
#3104=ORIENTED_EDGE('',*,*,#2183,.T.);
#3105=ORIENTED_EDGE('',*,*,#2183,.F.);
#3106=ORIENTED_EDGE('',*,*,#2184,.F.);
#3107=ORIENTED_EDGE('',*,*,#2185,.F.);
#3108=ORIENTED_EDGE('',*,*,#2186,.T.);
#3109=ORIENTED_EDGE('',*,*,#2178,.F.);
#3110=ORIENTED_EDGE('',*,*,#1811,.F.);
#3111=ORIENTED_EDGE('',*,*,#2187,.F.);
#3112=ORIENTED_EDGE('',*,*,#2184,.T.);
#3113=ORIENTED_EDGE('',*,*,#2188,.T.);
#3114=ORIENTED_EDGE('',*,*,#2185,.T.);
#3115=ORIENTED_EDGE('',*,*,#2189,.T.);
#3116=ORIENTED_EDGE('',*,*,#2190,.F.);
#3117=ORIENTED_EDGE('',*,*,#2191,.F.);
#3118=ORIENTED_EDGE('',*,*,#2192,.F.);
#3119=ORIENTED_EDGE('',*,*,#2189,.F.);
#3120=ORIENTED_EDGE('',*,*,#2187,.T.);
#3121=ORIENTED_EDGE('',*,*,#2177,.T.);
#3122=ORIENTED_EDGE('',*,*,#2193,.T.);
#3123=ORIENTED_EDGE('',*,*,#1812,.F.);
#3124=ORIENTED_EDGE('',*,*,#2191,.T.);
#3125=ORIENTED_EDGE('',*,*,#1810,.F.);
#3126=ORIENTED_EDGE('',*,*,#2194,.T.);
#3127=ORIENTED_EDGE('',*,*,#1726,.T.);
#3128=ORIENTED_EDGE('',*,*,#2195,.T.);
#3129=ORIENTED_EDGE('',*,*,#2196,.T.);
#3130=ORIENTED_EDGE('',*,*,#1758,.T.);
#3131=ORIENTED_EDGE('',*,*,#1717,.T.);
#3132=ORIENTED_EDGE('',*,*,#1725,.T.);
#3133=ORIENTED_EDGE('',*,*,#2197,.F.);
#3134=ORIENTED_EDGE('',*,*,#2198,.F.);
#3135=ORIENTED_EDGE('',*,*,#2199,.T.);
#3136=ORIENTED_EDGE('',*,*,#2195,.F.);
#3137=ORIENTED_EDGE('',*,*,#1724,.T.);
#3138=ORIENTED_EDGE('',*,*,#2200,.F.);
#3139=ORIENTED_EDGE('',*,*,#2197,.T.);
#3140=ORIENTED_EDGE('',*,*,#2201,.T.);
#3141=ORIENTED_EDGE('',*,*,#2198,.T.);
#3142=ORIENTED_EDGE('',*,*,#2202,.T.);
#3143=ORIENTED_EDGE('',*,*,#2203,.F.);
#3144=ORIENTED_EDGE('',*,*,#1723,.T.);
#3145=ORIENTED_EDGE('',*,*,#2204,.F.);
#3146=ORIENTED_EDGE('',*,*,#2205,.F.);
#3147=ORIENTED_EDGE('',*,*,#2202,.F.);
#3148=ORIENTED_EDGE('',*,*,#2200,.T.);
#3149=ORIENTED_EDGE('',*,*,#1722,.T.);
#3150=ORIENTED_EDGE('',*,*,#1818,.F.);
#3151=ORIENTED_EDGE('',*,*,#2206,.T.);
#3152=ORIENTED_EDGE('',*,*,#2204,.T.);
#3153=ORIENTED_EDGE('',*,*,#2175,.F.);
#3154=ORIENTED_EDGE('',*,*,#2207,.T.);
#3155=ORIENTED_EDGE('',*,*,#2208,.T.);
#3156=ORIENTED_EDGE('',*,*,#2174,.T.);
#3157=ORIENTED_EDGE('',*,*,#2209,.T.);
#3158=ORIENTED_EDGE('',*,*,#2172,.T.);
#3159=ORIENTED_EDGE('',*,*,#2208,.F.);
#3160=ORIENTED_EDGE('',*,*,#2210,.T.);
#3161=ORIENTED_EDGE('',*,*,#2210,.F.);
#3162=ORIENTED_EDGE('',*,*,#2211,.F.);
#3163=ORIENTED_EDGE('',*,*,#2212,.F.);
#3164=ORIENTED_EDGE('',*,*,#2213,.T.);
#3165=ORIENTED_EDGE('',*,*,#2207,.F.);
#3166=ORIENTED_EDGE('',*,*,#1813,.F.);
#3167=ORIENTED_EDGE('',*,*,#2214,.F.);
#3168=ORIENTED_EDGE('',*,*,#2211,.T.);
#3169=ORIENTED_EDGE('',*,*,#2215,.T.);
#3170=ORIENTED_EDGE('',*,*,#2212,.T.);
#3171=ORIENTED_EDGE('',*,*,#2216,.T.);
#3172=ORIENTED_EDGE('',*,*,#2182,.T.);
#3173=ORIENTED_EDGE('',*,*,#2193,.F.);
#3174=ORIENTED_EDGE('',*,*,#2180,.T.);
#3175=ORIENTED_EDGE('',*,*,#2216,.F.);
#3176=ORIENTED_EDGE('',*,*,#2214,.T.);
#3177=ORIENTED_EDGE('',*,*,#2206,.F.);
#3178=ORIENTED_EDGE('',*,*,#2217,.T.);
#3179=ORIENTED_EDGE('',*,*,#2218,.T.);
#3180=ORIENTED_EDGE('',*,*,#2205,.T.);
#3181=ORIENTED_EDGE('',*,*,#2219,.T.);
#3182=ORIENTED_EDGE('',*,*,#2203,.T.);
#3183=ORIENTED_EDGE('',*,*,#2218,.F.);
#3184=ORIENTED_EDGE('',*,*,#2220,.T.);
#3185=ORIENTED_EDGE('',*,*,#2220,.F.);
#3186=ORIENTED_EDGE('',*,*,#2221,.F.);
#3187=ORIENTED_EDGE('',*,*,#2222,.F.);
#3188=ORIENTED_EDGE('',*,*,#2223,.T.);
#3189=ORIENTED_EDGE('',*,*,#2217,.F.);
#3190=ORIENTED_EDGE('',*,*,#1817,.F.);
#3191=ORIENTED_EDGE('',*,*,#2224,.F.);
#3192=ORIENTED_EDGE('',*,*,#2221,.T.);
#3193=ORIENTED_EDGE('',*,*,#2225,.T.);
#3194=ORIENTED_EDGE('',*,*,#2222,.T.);
#3195=ORIENTED_EDGE('',*,*,#2226,.T.);
#3196=ORIENTED_EDGE('',*,*,#2164,.T.);
#3197=ORIENTED_EDGE('',*,*,#2176,.F.);
#3198=ORIENTED_EDGE('',*,*,#2162,.T.);
#3199=ORIENTED_EDGE('',*,*,#2226,.F.);
#3200=ORIENTED_EDGE('',*,*,#2224,.T.);
#3201=ORIENTED_EDGE('',*,*,#1992,.F.);
#3202=ORIENTED_EDGE('',*,*,#2227,.T.);
#3203=ORIENTED_EDGE('',*,*,#1977,.T.);
#3204=ORIENTED_EDGE('',*,*,#1990,.T.);
#3205=ORIENTED_EDGE('',*,*,#1898,.T.);
#3206=ORIENTED_EDGE('',*,*,#2228,.T.);
#3207=ORIENTED_EDGE('',*,*,#1881,.T.);
#3208=ORIENTED_EDGE('',*,*,#1974,.T.);
#3209=ORIENTED_EDGE('',*,*,#2229,.T.);
#3210=ORIENTED_EDGE('',*,*,#1987,.T.);
#3211=ORIENTED_EDGE('',*,*,#1897,.T.);
#3212=ORIENTED_EDGE('',*,*,#2230,.F.);
#3213=ORIENTED_EDGE('',*,*,#1882,.T.);
#3214=ORIENTED_EDGE('',*,*,#2228,.F.);
#3215=ORIENTED_EDGE('',*,*,#2227,.F.);
#3216=ORIENTED_EDGE('',*,*,#1803,.F.);
#3217=ORIENTED_EDGE('',*,*,#2231,.F.);
#3218=ORIENTED_EDGE('',*,*,#1976,.T.);
#3219=ORIENTED_EDGE('',*,*,#1896,.T.);
#3220=ORIENTED_EDGE('',*,*,#2019,.T.);
#3221=ORIENTED_EDGE('',*,*,#1883,.T.);
#3222=ORIENTED_EDGE('',*,*,#2230,.T.);
#3223=ORIENTED_EDGE('',*,*,#2022,.F.);
#3224=ORIENTED_EDGE('',*,*,#2017,.T.);
#3225=ORIENTED_EDGE('',*,*,#1972,.F.);
#3226=ORIENTED_EDGE('',*,*,#2231,.T.);
#3227=ORIENTED_EDGE('',*,*,#2194,.F.);
#3228=ORIENTED_EDGE('',*,*,#2232,.T.);
#3229=ORIENTED_EDGE('',*,*,#2233,.T.);
#3230=ORIENTED_EDGE('',*,*,#2192,.T.);
#3231=ORIENTED_EDGE('',*,*,#2234,.T.);
#3232=ORIENTED_EDGE('',*,*,#2190,.T.);
#3233=ORIENTED_EDGE('',*,*,#2233,.F.);
#3234=ORIENTED_EDGE('',*,*,#2235,.T.);
#3235=ORIENTED_EDGE('',*,*,#2235,.F.);
#3236=ORIENTED_EDGE('',*,*,#2236,.F.);
#3237=ORIENTED_EDGE('',*,*,#2237,.F.);
#3238=ORIENTED_EDGE('',*,*,#2238,.T.);
#3239=ORIENTED_EDGE('',*,*,#2232,.F.);
#3240=ORIENTED_EDGE('',*,*,#1809,.F.);
#3241=ORIENTED_EDGE('',*,*,#2239,.F.);
#3242=ORIENTED_EDGE('',*,*,#2236,.T.);
#3243=ORIENTED_EDGE('',*,*,#2240,.T.);
#3244=ORIENTED_EDGE('',*,*,#2237,.T.);
#3245=ORIENTED_EDGE('',*,*,#2241,.T.);
#3246=ORIENTED_EDGE('',*,*,#1998,.T.);
#3247=ORIENTED_EDGE('',*,*,#2006,.F.);
#3248=ORIENTED_EDGE('',*,*,#1996,.T.);
#3249=ORIENTED_EDGE('',*,*,#2241,.F.);
#3250=ORIENTED_EDGE('',*,*,#2239,.T.);
#3251=ORIENTED_EDGE('',*,*,#2137,.F.);
#3252=ORIENTED_EDGE('',*,*,#2242,.T.);
#3253=ORIENTED_EDGE('',*,*,#2243,.T.);
#3254=ORIENTED_EDGE('',*,*,#2091,.T.);
#3255=ORIENTED_EDGE('',*,*,#2244,.T.);
#3256=ORIENTED_EDGE('',*,*,#2089,.T.);
#3257=ORIENTED_EDGE('',*,*,#2243,.F.);
#3258=ORIENTED_EDGE('',*,*,#2245,.T.);
#3259=ORIENTED_EDGE('',*,*,#2245,.F.);
#3260=ORIENTED_EDGE('',*,*,#2246,.F.);
#3261=ORIENTED_EDGE('',*,*,#2247,.F.);
#3262=ORIENTED_EDGE('',*,*,#2248,.T.);
#3263=ORIENTED_EDGE('',*,*,#1727,.T.);
#3264=ORIENTED_EDGE('',*,*,#1728,.T.);
#3265=ORIENTED_EDGE('',*,*,#2242,.F.);
#3266=ORIENTED_EDGE('',*,*,#1773,.F.);
#3267=ORIENTED_EDGE('',*,*,#2249,.F.);
#3268=ORIENTED_EDGE('',*,*,#2246,.T.);
#3269=ORIENTED_EDGE('',*,*,#2250,.T.);
#3270=ORIENTED_EDGE('',*,*,#2247,.T.);
#3271=ORIENTED_EDGE('',*,*,#2251,.T.);
#3272=ORIENTED_EDGE('',*,*,#2143,.T.);
#3273=ORIENTED_EDGE('',*,*,#2155,.F.);
#3274=ORIENTED_EDGE('',*,*,#2141,.T.);
#3275=ORIENTED_EDGE('',*,*,#2251,.F.);
#3276=ORIENTED_EDGE('',*,*,#2249,.T.);
#3277=ORIENTED_EDGE('',*,*,#2252,.T.);
#3278=ORIENTED_EDGE('',*,*,#2253,.T.);
#3279=ORIENTED_EDGE('',*,*,#2254,.T.);
#3280=ORIENTED_EDGE('',*,*,#2255,.T.);
#3281=ORIENTED_EDGE('',*,*,#1835,.F.);
#3282=ORIENTED_EDGE('',*,*,#2256,.T.);
#3283=ORIENTED_EDGE('',*,*,#2257,.F.);
#3284=ORIENTED_EDGE('',*,*,#2258,.F.);
#3285=ORIENTED_EDGE('',*,*,#2255,.F.);
#3286=ORIENTED_EDGE('',*,*,#2259,.T.);
#3287=ORIENTED_EDGE('',*,*,#2260,.F.);
#3288=ORIENTED_EDGE('',*,*,#2261,.F.);
#3289=ORIENTED_EDGE('',*,*,#2142,.F.);
#3290=ORIENTED_EDGE('',*,*,#2147,.F.);
#3291=ORIENTED_EDGE('',*,*,#2149,.F.);
#3292=ORIENTED_EDGE('',*,*,#2158,.F.);
#3293=ORIENTED_EDGE('',*,*,#1762,.F.);
#3294=ORIENTED_EDGE('',*,*,#1759,.F.);
#3295=ORIENTED_EDGE('',*,*,#2196,.F.);
#3296=ORIENTED_EDGE('',*,*,#2199,.F.);
#3297=ORIENTED_EDGE('',*,*,#2201,.F.);
#3298=ORIENTED_EDGE('',*,*,#2219,.F.);
#3299=ORIENTED_EDGE('',*,*,#2223,.F.);
#3300=ORIENTED_EDGE('',*,*,#2225,.F.);
#3301=ORIENTED_EDGE('',*,*,#2163,.F.);
#3302=ORIENTED_EDGE('',*,*,#2168,.F.);
#3303=ORIENTED_EDGE('',*,*,#2170,.F.);
#3304=ORIENTED_EDGE('',*,*,#2209,.F.);
#3305=ORIENTED_EDGE('',*,*,#2213,.F.);
#3306=ORIENTED_EDGE('',*,*,#2215,.F.);
#3307=ORIENTED_EDGE('',*,*,#2181,.F.);
#3308=ORIENTED_EDGE('',*,*,#2186,.F.);
#3309=ORIENTED_EDGE('',*,*,#2188,.F.);
#3310=ORIENTED_EDGE('',*,*,#2234,.F.);
#3311=ORIENTED_EDGE('',*,*,#2238,.F.);
#3312=ORIENTED_EDGE('',*,*,#2240,.F.);
#3313=ORIENTED_EDGE('',*,*,#1997,.F.);
#3314=ORIENTED_EDGE('',*,*,#2002,.F.);
#3315=ORIENTED_EDGE('',*,*,#2004,.F.);
#3316=ORIENTED_EDGE('',*,*,#1982,.F.);
#3317=ORIENTED_EDGE('',*,*,#1985,.F.);
#3318=ORIENTED_EDGE('',*,*,#1988,.F.);
#3319=ORIENTED_EDGE('',*,*,#2229,.F.);
#3320=ORIENTED_EDGE('',*,*,#1973,.F.);
#3321=ORIENTED_EDGE('',*,*,#1969,.F.);
#3322=ORIENTED_EDGE('',*,*,#1965,.F.);
#3323=ORIENTED_EDGE('',*,*,#2020,.F.);
#3324=ORIENTED_EDGE('',*,*,#1957,.F.);
#3325=ORIENTED_EDGE('',*,*,#1952,.F.);
#3326=ORIENTED_EDGE('',*,*,#1947,.F.);
#3327=ORIENTED_EDGE('',*,*,#1944,.F.);
#3328=ORIENTED_EDGE('',*,*,#1936,.F.);
#3329=ORIENTED_EDGE('',*,*,#1929,.F.);
#3330=ORIENTED_EDGE('',*,*,#1925,.F.);
#3331=ORIENTED_EDGE('',*,*,#1921,.F.);
#3332=ORIENTED_EDGE('',*,*,#2123,.F.);
#3333=ORIENTED_EDGE('',*,*,#2125,.F.);
#3334=ORIENTED_EDGE('',*,*,#2096,.F.);
#3335=ORIENTED_EDGE('',*,*,#2101,.F.);
#3336=ORIENTED_EDGE('',*,*,#2103,.F.);
#3337=ORIENTED_EDGE('',*,*,#2112,.F.);
#3338=ORIENTED_EDGE('',*,*,#2116,.F.);
#3339=ORIENTED_EDGE('',*,*,#2118,.F.);
#3340=ORIENTED_EDGE('',*,*,#2069,.F.);
#3341=ORIENTED_EDGE('',*,*,#2074,.F.);
#3342=ORIENTED_EDGE('',*,*,#2076,.F.);
#3343=ORIENTED_EDGE('',*,*,#2051,.F.);
#3344=ORIENTED_EDGE('',*,*,#2056,.F.);
#3345=ORIENTED_EDGE('',*,*,#2058,.F.);
#3346=ORIENTED_EDGE('',*,*,#2129,.F.);
#3347=ORIENTED_EDGE('',*,*,#2133,.F.);
#3348=ORIENTED_EDGE('',*,*,#2135,.F.);
#3349=ORIENTED_EDGE('',*,*,#2028,.F.);
#3350=ORIENTED_EDGE('',*,*,#2032,.F.);
#3351=ORIENTED_EDGE('',*,*,#2033,.F.);
#3352=ORIENTED_EDGE('',*,*,#1820,.F.);
#3353=ORIENTED_EDGE('',*,*,#2039,.F.);
#3354=ORIENTED_EDGE('',*,*,#2041,.F.);
#3355=ORIENTED_EDGE('',*,*,#2081,.F.);
#3356=ORIENTED_EDGE('',*,*,#2085,.F.);
#3357=ORIENTED_EDGE('',*,*,#2087,.F.);
#3358=ORIENTED_EDGE('',*,*,#2244,.F.);
#3359=ORIENTED_EDGE('',*,*,#2248,.F.);
#3360=ORIENTED_EDGE('',*,*,#2250,.F.);
#3361=ORIENTED_EDGE('',*,*,#1830,.T.);
#3362=ORIENTED_EDGE('',*,*,#2260,.T.);
#3363=ORIENTED_EDGE('',*,*,#2262,.T.);
#3364=ORIENTED_EDGE('',*,*,#2257,.T.);
#3365=ORIENTED_EDGE('',*,*,#2263,.T.);
#3366=ORIENTED_EDGE('',*,*,#1911,.F.);
#3367=ORIENTED_EDGE('',*,*,#2264,.F.);
#3368=ORIENTED_EDGE('',*,*,#1914,.F.);
#3369=ORIENTED_EDGE('',*,*,#2265,.F.);
#3370=ORIENTED_EDGE('',*,*,#2266,.F.);
#3371=ORIENTED_EDGE('',*,*,#2267,.F.);
#3372=ORIENTED_EDGE('',*,*,#2268,.F.);
#3373=ORIENTED_EDGE('',*,*,#2269,.F.);
#3374=ORIENTED_EDGE('',*,*,#2270,.F.);
#3375=ORIENTED_EDGE('',*,*,#2271,.F.);
#3376=ORIENTED_EDGE('',*,*,#2272,.F.);
#3377=ORIENTED_EDGE('',*,*,#2273,.F.);
#3378=ORIENTED_EDGE('',*,*,#2274,.F.);
#3379=ORIENTED_EDGE('',*,*,#1915,.F.);
#3380=ORIENTED_EDGE('',*,*,#2275,.F.);
#3381=ORIENTED_EDGE('',*,*,#2276,.F.);
#3382=ORIENTED_EDGE('',*,*,#2265,.T.);
#3383=ORIENTED_EDGE('',*,*,#1913,.T.);
#3384=ORIENTED_EDGE('',*,*,#1839,.F.);
#3385=ORIENTED_EDGE('',*,*,#2277,.F.);
#3386=ORIENTED_EDGE('',*,*,#2266,.T.);
#3387=ORIENTED_EDGE('',*,*,#2277,.T.);
#3388=ORIENTED_EDGE('',*,*,#1838,.F.);
#3389=ORIENTED_EDGE('',*,*,#2278,.F.);
#3390=ORIENTED_EDGE('',*,*,#2267,.T.);
#3391=ORIENTED_EDGE('',*,*,#2278,.T.);
#3392=ORIENTED_EDGE('',*,*,#1837,.F.);
#3393=ORIENTED_EDGE('',*,*,#2279,.F.);
#3394=ORIENTED_EDGE('',*,*,#2268,.T.);
#3395=ORIENTED_EDGE('',*,*,#2279,.T.);
#3396=ORIENTED_EDGE('',*,*,#1836,.F.);
#3397=ORIENTED_EDGE('',*,*,#2280,.F.);
#3398=ORIENTED_EDGE('',*,*,#2269,.T.);
#3399=ORIENTED_EDGE('',*,*,#2280,.T.);
#3400=ORIENTED_EDGE('',*,*,#2258,.T.);
#3401=ORIENTED_EDGE('',*,*,#2262,.F.);
#3402=ORIENTED_EDGE('',*,*,#2259,.F.);
#3403=ORIENTED_EDGE('',*,*,#2254,.F.);
#3404=ORIENTED_EDGE('',*,*,#2281,.F.);
#3405=ORIENTED_EDGE('',*,*,#2270,.T.);
#3406=ORIENTED_EDGE('',*,*,#2281,.T.);
#3407=ORIENTED_EDGE('',*,*,#2253,.F.);
#3408=ORIENTED_EDGE('',*,*,#2282,.F.);
#3409=ORIENTED_EDGE('',*,*,#2264,.T.);
#3410=ORIENTED_EDGE('',*,*,#2282,.T.);
#3411=ORIENTED_EDGE('',*,*,#2252,.F.);
#3412=ORIENTED_EDGE('',*,*,#2261,.T.);
#3413=ORIENTED_EDGE('',*,*,#2263,.F.);
#3414=ORIENTED_EDGE('',*,*,#2256,.F.);
#3415=ORIENTED_EDGE('',*,*,#1834,.F.);
#3416=ORIENTED_EDGE('',*,*,#2283,.F.);
#3417=ORIENTED_EDGE('',*,*,#1867,.T.);
#3418=ORIENTED_EDGE('',*,*,#1906,.T.);
#3419=ORIENTED_EDGE('',*,*,#1910,.T.);
#3420=ORIENTED_EDGE('',*,*,#1877,.T.);
#3421=ORIENTED_EDGE('',*,*,#2275,.T.);
#3422=ORIENTED_EDGE('',*,*,#2283,.T.);
#3423=ORIENTED_EDGE('',*,*,#1844,.F.);
#3424=ORIENTED_EDGE('',*,*,#2284,.F.);
#3425=ORIENTED_EDGE('',*,*,#2276,.T.);
#3426=ORIENTED_EDGE('',*,*,#2284,.T.);
#3427=ORIENTED_EDGE('',*,*,#1843,.F.);
#3428=ORIENTED_EDGE('',*,*,#1916,.F.);
#3429=ORIENTED_EDGE('',*,*,#2273,.T.);
#3430=ORIENTED_EDGE('',*,*,#2285,.T.);
#3431=ORIENTED_EDGE('',*,*,#1781,.F.);
#3432=ORIENTED_EDGE('',*,*,#2286,.F.);
#3433=ORIENTED_EDGE('',*,*,#2287,.T.);
#3434=ORIENTED_EDGE('',*,*,#1778,.F.);
#3435=ORIENTED_EDGE('',*,*,#1750,.F.);
#3436=ORIENTED_EDGE('',*,*,#1917,.F.);
#3437=ORIENTED_EDGE('',*,*,#1841,.F.);
#3438=ORIENTED_EDGE('',*,*,#1912,.F.);
#3439=ORIENTED_EDGE('',*,*,#1707,.F.);
#3440=ORIENTED_EDGE('',*,*,#1782,.F.);
#3441=ORIENTED_EDGE('',*,*,#2285,.F.);
#3442=ORIENTED_EDGE('',*,*,#2272,.T.);
#3443=ORIENTED_EDGE('',*,*,#2271,.T.);
#3444=ORIENTED_EDGE('',*,*,#2288,.T.);
#3445=ORIENTED_EDGE('',*,*,#1779,.F.);
#3446=ORIENTED_EDGE('',*,*,#2287,.F.);
#3447=ORIENTED_EDGE('',*,*,#2274,.T.);
#3448=ORIENTED_EDGE('',*,*,#2286,.T.);
#3449=ORIENTED_EDGE('',*,*,#1780,.F.);
#3450=ORIENTED_EDGE('',*,*,#2288,.F.);
#3451=ORIENTED_EDGE('',*,*,#1730,.T.);
#3452=ORIENTED_EDGE('',*,*,#1731,.T.);
#3453=PLANE('',#3731);
#3454=PLANE('',#3734);
#3455=PLANE('',#3738);
#3456=PLANE('',#3740);
#3457=PLANE('',#3756);
#3458=PLANE('',#3767);
#3459=PLANE('',#3817);
#3460=PLANE('',#3818);
#3461=PLANE('',#3827);
#3462=PLANE('',#3829);
#3463=PLANE('',#4152);
#3464=PLANE('',#4153);
#3465=PLANE('',#4154);
#3466=PLANE('',#4155);
#3467=PLANE('',#4156);
#3468=PLANE('',#4157);
#3469=PLANE('',#4158);
#3470=PLANE('',#4160);
#3471=PLANE('',#4161);
#3472=PLANE('',#4162);
#3473=PLANE('',#4163);
#3474=PLANE('',#4164);
#3475=PLANE('',#4165);
#3476=PLANE('',#4166);
#3477=PLANE('',#4167);
#3478=PLANE('',#4168);
#3479=PLANE('',#4169);
#3480=PLANE('',#4170);
#3481=PLANE('',#4171);
#3482=PLANE('',#4172);
#3483=ADVANCED_FACE('',(#234),#3453,.F.);
#3484=ADVANCED_FACE('',(#235),#202,.F.);
#3485=ADVANCED_FACE('',(#236),#3454,.F.);
#3486=ADVANCED_FACE('',(#237),#203,.F.);
#3487=ADVANCED_FACE('',(#238),#204,.F.);
#3488=ADVANCED_FACE('',(#239),#3455,.F.);
#3489=ADVANCED_FACE('',(#240),#3456,.F.);
#3490=ADVANCED_FACE('',(#241),#205,.T.);
#3491=ADVANCED_FACE('',(#242),#154,.F.);
#3492=ADVANCED_FACE('',(#243),#155,.F.);
#3493=ADVANCED_FACE('',(#244),#66,.T.);
#3494=ADVANCED_FACE('',(#245),#67,.T.);
#3495=ADVANCED_FACE('',(#246),#35,.T.);
#3496=ADVANCED_FACE('',(#247),#156,.F.);
#3497=ADVANCED_FACE('',(#248),#206,.T.);
#3498=ADVANCED_FACE('',(#249),#3457,.T.);
#3499=ADVANCED_FACE('',(#250),#3458,.T.);
#3500=ADVANCED_FACE('',(#251),#68,.T.);
#3501=ADVANCED_FACE('',(#252),#207,.T.);
#3502=ADVANCED_FACE('',(#253),#157,.F.);
#3503=ADVANCED_FACE('',(#254),#69,.T.);
#3504=ADVANCED_FACE('',(#255),#208,.F.);
#3505=ADVANCED_FACE('',(#256),#209,.T.);
#3506=ADVANCED_FACE('',(#257,#27),#3459,.F.);
#3507=ADVANCED_FACE('',(#258,#28),#3460,.F.);
#3508=ADVANCED_FACE('',(#259),#23,.F.);
#3509=ADVANCED_FACE('',(#260),#24,.F.);
#3510=ADVANCED_FACE('',(#261),#25,.F.);
#3511=ADVANCED_FACE('',(#262),#26,.T.);
#3512=ADVANCED_FACE('',(#263),#3461,.F.);
#3513=ADVANCED_FACE('',(#264),#3462,.F.);
#3514=ADVANCED_FACE('',(#265),#210,.F.);
#3515=ADVANCED_FACE('',(#266),#211,.F.);
#3516=ADVANCED_FACE('',(#267),#70,.T.);
#3517=ADVANCED_FACE('',(#268),#71,.T.);
#3518=ADVANCED_FACE('',(#269),#72,.T.);
#3519=ADVANCED_FACE('',(#270),#36,.T.);
#3520=ADVANCED_FACE('',(#271),#37,.T.);
#3521=ADVANCED_FACE('',(#272),#73,.T.);
#3522=ADVANCED_FACE('',(#273),#74,.T.);
#3523=ADVANCED_FACE('',(#274),#75,.T.);
#3524=ADVANCED_FACE('',(#275),#38,.T.);
#3525=ADVANCED_FACE('',(#276),#76,.T.);
#3526=ADVANCED_FACE('',(#277),#77,.T.);
#3527=ADVANCED_FACE('',(#278),#78,.T.);
#3528=ADVANCED_FACE('',(#279),#39,.T.);
#3529=ADVANCED_FACE('',(#280),#40,.T.);
#3530=ADVANCED_FACE('',(#281),#41,.T.);
#3531=ADVANCED_FACE('',(#282),#79,.T.);
#3532=ADVANCED_FACE('',(#283),#80,.T.);
#3533=ADVANCED_FACE('',(#284),#81,.T.);
#3534=ADVANCED_FACE('',(#285),#82,.T.);
#3535=ADVANCED_FACE('',(#286),#83,.T.);
#3536=ADVANCED_FACE('',(#287),#84,.T.);
#3537=ADVANCED_FACE('',(#288),#42,.T.);
#3538=ADVANCED_FACE('',(#289),#85,.T.);
#3539=ADVANCED_FACE('',(#290),#86,.T.);
#3540=ADVANCED_FACE('',(#291),#87,.T.);
#3541=ADVANCED_FACE('',(#292),#88,.T.);
#3542=ADVANCED_FACE('',(#293),#43,.T.);
#3543=ADVANCED_FACE('',(#294),#44,.T.);
#3544=ADVANCED_FACE('',(#295),#89,.T.);
#3545=ADVANCED_FACE('',(#296),#158,.F.);
#3546=ADVANCED_FACE('',(#297),#90,.T.);
#3547=ADVANCED_FACE('',(#298),#45,.T.);
#3548=ADVANCED_FACE('',(#299),#91,.T.);
#3549=ADVANCED_FACE('',(#300),#92,.T.);
#3550=ADVANCED_FACE('',(#301),#159,.F.);
#3551=ADVANCED_FACE('',(#302),#212,.T.);
#3552=ADVANCED_FACE('',(#303),#213,.T.);
#3553=ADVANCED_FACE('',(#304),#160,.F.);
#3554=ADVANCED_FACE('',(#305),#93,.T.);
#3555=ADVANCED_FACE('',(#306),#46,.T.);
#3556=ADVANCED_FACE('',(#307),#94,.T.);
#3557=ADVANCED_FACE('',(#308),#95,.T.);
#3558=ADVANCED_FACE('',(#309),#161,.F.);
#3559=ADVANCED_FACE('',(#310),#214,.T.);
#3560=ADVANCED_FACE('',(#311),#162,.F.);
#3561=ADVANCED_FACE('',(#312),#96,.T.);
#3562=ADVANCED_FACE('',(#313),#163,.F.);
#3563=ADVANCED_FACE('',(#314),#215,.T.);
#3564=ADVANCED_FACE('',(#315),#216,.T.);
#3565=ADVANCED_FACE('',(#316),#164,.F.);
#3566=ADVANCED_FACE('',(#317),#97,.T.);
#3567=ADVANCED_FACE('',(#318),#47,.T.);
#3568=ADVANCED_FACE('',(#319),#98,.T.);
#3569=ADVANCED_FACE('',(#320),#165,.F.);
#3570=ADVANCED_FACE('',(#321),#217,.T.);
#3571=ADVANCED_FACE('',(#322),#166,.F.);
#3572=ADVANCED_FACE('',(#323),#99,.T.);
#3573=ADVANCED_FACE('',(#324),#167,.F.);
#3574=ADVANCED_FACE('',(#325),#218,.T.);
#3575=ADVANCED_FACE('',(#326),#100,.T.);
#3576=ADVANCED_FACE('',(#327),#48,.T.);
#3577=ADVANCED_FACE('',(#328),#101,.T.);
#3578=ADVANCED_FACE('',(#329),#168,.F.);
#3579=ADVANCED_FACE('',(#330),#102,.T.);
#3580=ADVANCED_FACE('',(#331),#49,.T.);
#3581=ADVANCED_FACE('',(#332),#103,.T.);
#3582=ADVANCED_FACE('',(#333),#104,.T.);
#3583=ADVANCED_FACE('',(#334),#169,.F.);
#3584=ADVANCED_FACE('',(#335),#219,.T.);
#3585=ADVANCED_FACE('',(#336),#170,.F.);
#3586=ADVANCED_FACE('',(#337),#105,.T.);
#3587=ADVANCED_FACE('',(#338),#50,.T.);
#3588=ADVANCED_FACE('',(#339),#106,.T.);
#3589=ADVANCED_FACE('',(#340),#107,.T.);
#3590=ADVANCED_FACE('',(#341),#171,.F.);
#3591=ADVANCED_FACE('',(#342),#220,.T.);
#3592=ADVANCED_FACE('',(#343),#221,.T.);
#3593=ADVANCED_FACE('',(#344),#172,.F.);
#3594=ADVANCED_FACE('',(#345),#108,.T.);
#3595=ADVANCED_FACE('',(#346),#51,.T.);
#3596=ADVANCED_FACE('',(#347),#109,.T.);
#3597=ADVANCED_FACE('',(#348),#110,.T.);
#3598=ADVANCED_FACE('',(#349),#173,.F.);
#3599=ADVANCED_FACE('',(#350),#222,.T.);
#3600=ADVANCED_FACE('',(#351),#174,.F.);
#3601=ADVANCED_FACE('',(#352),#111,.T.);
#3602=ADVANCED_FACE('',(#353),#52,.T.);
#3603=ADVANCED_FACE('',(#354),#112,.T.);
#3604=ADVANCED_FACE('',(#355),#113,.T.);
#3605=ADVANCED_FACE('',(#356),#175,.F.);
#3606=ADVANCED_FACE('',(#357),#176,.F.);
#3607=ADVANCED_FACE('',(#358),#114,.T.);
#3608=ADVANCED_FACE('',(#359),#53,.T.);
#3609=ADVANCED_FACE('',(#360),#115,.T.);
#3610=ADVANCED_FACE('',(#361),#116,.T.);
#3611=ADVANCED_FACE('',(#362),#177,.F.);
#3612=ADVANCED_FACE('',(#363),#223,.T.);
#3613=ADVANCED_FACE('',(#364),#224,.T.);
#3614=ADVANCED_FACE('',(#365),#178,.F.);
#3615=ADVANCED_FACE('',(#366),#117,.T.);
#3616=ADVANCED_FACE('',(#367),#54,.T.);
#3617=ADVANCED_FACE('',(#368),#118,.T.);
#3618=ADVANCED_FACE('',(#369),#119,.T.);
#3619=ADVANCED_FACE('',(#370),#179,.F.);
#3620=ADVANCED_FACE('',(#371),#180,.F.);
#3621=ADVANCED_FACE('',(#372),#55,.T.);
#3622=ADVANCED_FACE('',(#373),#120,.T.);
#3623=ADVANCED_FACE('',(#374),#121,.T.);
#3624=ADVANCED_FACE('',(#375),#181,.F.);
#3625=ADVANCED_FACE('',(#376),#182,.F.);
#3626=ADVANCED_FACE('',(#377),#122,.T.);
#3627=ADVANCED_FACE('',(#378),#56,.T.);
#3628=ADVANCED_FACE('',(#379),#123,.T.);
#3629=ADVANCED_FACE('',(#380),#124,.T.);
#3630=ADVANCED_FACE('',(#381),#183,.F.);
#3631=ADVANCED_FACE('',(#382),#225,.T.);
#3632=ADVANCED_FACE('',(#383),#184,.F.);
#3633=ADVANCED_FACE('',(#384),#125,.T.);
#3634=ADVANCED_FACE('',(#385),#57,.T.);
#3635=ADVANCED_FACE('',(#386),#126,.T.);
#3636=ADVANCED_FACE('',(#387),#127,.T.);
#3637=ADVANCED_FACE('',(#388),#185,.F.);
#3638=ADVANCED_FACE('',(#389),#226,.T.);
#3639=ADVANCED_FACE('',(#390),#227,.T.);
#3640=ADVANCED_FACE('',(#391),#186,.F.);
#3641=ADVANCED_FACE('',(#392),#128,.T.);
#3642=ADVANCED_FACE('',(#393),#129,.T.);
#3643=ADVANCED_FACE('',(#394),#187,.F.);
#3644=ADVANCED_FACE('',(#395),#130,.T.);
#3645=ADVANCED_FACE('',(#396),#58,.T.);
#3646=ADVANCED_FACE('',(#397),#131,.T.);
#3647=ADVANCED_FACE('',(#398),#132,.T.);
#3648=ADVANCED_FACE('',(#399),#188,.F.);
#3649=ADVANCED_FACE('',(#400),#228,.T.);
#3650=ADVANCED_FACE('',(#401),#229,.T.);
#3651=ADVANCED_FACE('',(#402),#189,.F.);
#3652=ADVANCED_FACE('',(#403),#133,.T.);
#3653=ADVANCED_FACE('',(#404),#59,.T.);
#3654=ADVANCED_FACE('',(#405),#134,.T.);
#3655=ADVANCED_FACE('',(#406),#135,.T.);
#3656=ADVANCED_FACE('',(#407),#190,.F.);
#3657=ADVANCED_FACE('',(#408),#230,.T.);
#3658=ADVANCED_FACE('',(#409),#231,.T.);
#3659=ADVANCED_FACE('',(#410),#136,.T.);
#3660=ADVANCED_FACE('',(#411),#60,.T.);
#3661=ADVANCED_FACE('',(#412),#137,.T.);
#3662=ADVANCED_FACE('',(#413),#138,.T.);
#3663=ADVANCED_FACE('',(#414),#191,.F.);
#3664=ADVANCED_FACE('',(#415),#232,.T.);
#3665=ADVANCED_FACE('',(#416),#192,.F.);
#3666=ADVANCED_FACE('',(#417),#139,.T.);
#3667=ADVANCED_FACE('',(#418),#61,.T.);
#3668=ADVANCED_FACE('',(#419),#140,.T.);
#3669=ADVANCED_FACE('',(#420),#141,.T.);
#3670=ADVANCED_FACE('',(#421),#193,.F.);
#3671=ADVANCED_FACE('',(#422),#194,.F.);
#3672=ADVANCED_FACE('',(#423),#142,.T.);
#3673=ADVANCED_FACE('',(#424),#62,.T.);
#3674=ADVANCED_FACE('',(#425),#143,.T.);
#3675=ADVANCED_FACE('',(#426),#144,.T.);
#3676=ADVANCED_FACE('',(#427),#195,.F.);
#3677=ADVANCED_FACE('',(#428),#196,.F.);
#3678=ADVANCED_FACE('',(#429),#145,.T.);
#3679=ADVANCED_FACE('',(#430),#63,.T.);
#3680=ADVANCED_FACE('',(#431),#146,.T.);
#3681=ADVANCED_FACE('',(#432),#147,.T.);
#3682=ADVANCED_FACE('',(#433),#197,.F.);
#3683=ADVANCED_FACE('',(#434),#198,.F.);
#3684=ADVANCED_FACE('',(#435),#148,.T.);
#3685=ADVANCED_FACE('',(#436),#64,.T.);
#3686=ADVANCED_FACE('',(#437),#149,.T.);
#3687=ADVANCED_FACE('',(#438),#150,.T.);
#3688=ADVANCED_FACE('',(#439),#199,.F.);
#3689=ADVANCED_FACE('',(#440),#200,.F.);
#3690=ADVANCED_FACE('',(#441),#151,.T.);
#3691=ADVANCED_FACE('',(#442,#29),#65,.T.);
#3692=ADVANCED_FACE('',(#443),#152,.T.);
#3693=ADVANCED_FACE('',(#444),#153,.T.);
#3694=ADVANCED_FACE('',(#445),#201,.F.);
#3695=ADVANCED_FACE('',(#446),#3463,.F.);
#3696=ADVANCED_FACE('',(#447),#3464,.T.);
#3697=ADVANCED_FACE('',(#448),#3465,.T.);
#3698=ADVANCED_FACE('',(#449,#30,#31),#3466,.T.);
#3699=ADVANCED_FACE('',(#450),#3467,.F.);
#3700=ADVANCED_FACE('',(#451),#3468,.F.);
#3701=ADVANCED_FACE('',(#452),#3469,.F.);
#3702=ADVANCED_FACE('',(#453),#3470,.F.);
#3703=ADVANCED_FACE('',(#454),#3471,.T.);
#3704=ADVANCED_FACE('',(#455),#3472,.T.);
#3705=ADVANCED_FACE('',(#456),#3473,.T.);
#3706=ADVANCED_FACE('',(#457),#3474,.T.);
#3707=ADVANCED_FACE('',(#458),#3475,.T.);
#3708=ADVANCED_FACE('',(#459),#3476,.T.);
#3709=ADVANCED_FACE('',(#460,#32,#33),#3477,.T.);
#3710=ADVANCED_FACE('',(#461),#3478,.T.);
#3711=ADVANCED_FACE('',(#462),#3479,.T.);
#3712=ADVANCED_FACE('',(#463),#3480,.T.);
#3713=ADVANCED_FACE('',(#464),#3481,.T.);
#3714=ADVANCED_FACE('',(#465),#3482,.T.);
#3715=ADVANCED_FACE('',(#466,#34),#233,.F.);
#3716=CLOSED_SHELL('',(#3483,#3484,#3485,#3486,#3487,#3488,#3489,#3490,
#3491,#3492,#3493,#3494,#3495,#3496,#3497,#3498,#3499,#3500,#3501,#3502,
#3503,#3504,#3505,#3506,#3507,#3508,#3509,#3510,#3511,#3512,#3513,#3514,
#3515,#3516,#3517,#3518,#3519,#3520,#3521,#3522,#3523,#3524,#3525,#3526,
#3527,#3528,#3529,#3530,#3531,#3532,#3533,#3534,#3535,#3536,#3537,#3538,
#3539,#3540,#3541,#3542,#3543,#3544,#3545,#3546,#3547,#3548,#3549,#3550,
#3551,#3552,#3553,#3554,#3555,#3556,#3557,#3558,#3559,#3560,#3561,#3562,
#3563,#3564,#3565,#3566,#3567,#3568,#3569,#3570,#3571,#3572,#3573,#3574,
#3575,#3576,#3577,#3578,#3579,#3580,#3581,#3582,#3583,#3584,#3585,#3586,
#3587,#3588,#3589,#3590,#3591,#3592,#3593,#3594,#3595,#3596,#3597,#3598,
#3599,#3600,#3601,#3602,#3603,#3604,#3605,#3606,#3607,#3608,#3609,#3610,
#3611,#3612,#3613,#3614,#3615,#3616,#3617,#3618,#3619,#3620,#3621,#3622,
#3623,#3624,#3625,#3626,#3627,#3628,#3629,#3630,#3631,#3632,#3633,#3634,
#3635,#3636,#3637,#3638,#3639,#3640,#3641,#3642,#3643,#3644,#3645,#3646,
#3647,#3648,#3649,#3650,#3651,#3652,#3653,#3654,#3655,#3656,#3657,#3658,
#3659,#3660,#3661,#3662,#3663,#3664,#3665,#3666,#3667,#3668,#3669,#3670,
#3671,#3672,#3673,#3674,#3675,#3676,#3677,#3678,#3679,#3680,#3681,#3682,
#3683,#3684,#3685,#3686,#3687,#3688,#3689,#3690,#3691,#3692,#3693,#3694,
#3695,#3696,#3697,#3698,#3699,#3700,#3701,#3702,#3703,#3704,#3705,#3706,
#3707,#3708,#3709,#3710,#3711,#3712,#3713,#3714,#3715));
#3717=DERIVED_UNIT_ELEMENT(#3719,1.);
#3718=DERIVED_UNIT_ELEMENT(#9374,-3.);
#3719=(
MASS_UNIT()
NAMED_UNIT(*)
SI_UNIT(.KILO.,.GRAM.)
);
#3720=DERIVED_UNIT((#3717,#3718));
#3721=MEASURE_REPRESENTATION_ITEM('density measure',
POSITIVE_RATIO_MEASURE(7850.),#3720);
#3722=PROPERTY_DEFINITION_REPRESENTATION(#3727,#3724);
#3723=PROPERTY_DEFINITION_REPRESENTATION(#3728,#3725);
#3724=REPRESENTATION('material name',(#3726),#9371);
#3725=REPRESENTATION('density',(#3721),#9371);
#3726=DESCRIPTIVE_REPRESENTATION_ITEM('Steel','Steel');
#3727=PROPERTY_DEFINITION('material property','material name',#9386);
#3728=PROPERTY_DEFINITION('material property','density of part',#9386);
#3729=AXIS2_PLACEMENT_3D('',#5141,#4175,#4176);
#3730=AXIS2_PLACEMENT_3D('',#5142,#4177,#4178);
#3731=AXIS2_PLACEMENT_3D('',#5143,#4179,#4180);
#3732=AXIS2_PLACEMENT_3D('',#5150,#4183,#4184);
#3733=AXIS2_PLACEMENT_3D('',#5187,#4187,#4188);
#3734=AXIS2_PLACEMENT_3D('',#5255,#4190,#4191);
#3735=AXIS2_PLACEMENT_3D('',#5279,#4195,#4196);
#3736=AXIS2_PLACEMENT_3D('',#5288,#4197,#4198);
#3737=AXIS2_PLACEMENT_3D('',#5366,#4200,#4201);
#3738=AXIS2_PLACEMENT_3D('',#5439,#4204,#4205);
#3739=AXIS2_PLACEMENT_3D('',#5452,#4207,#4208);
#3740=AXIS2_PLACEMENT_3D('',#5472,#4211,#4212);
#3741=AXIS2_PLACEMENT_3D('',#5509,#4214,#4215);
#3742=AXIS2_PLACEMENT_3D('',#5513,#4218,#4219);
#3743=AXIS2_PLACEMENT_3D('',#5538,#4220,#4221);
#3744=AXIS2_PLACEMENT_3D('',#5580,#4222,#4223);
#3745=AXIS2_PLACEMENT_3D('',#5585,#4224,#4225);
#3746=AXIS2_PLACEMENT_3D('',#5587,#4226,#4227);
#3747=AXIS2_PLACEMENT_3D('',#5602,#4228,#4229);
#3748=AXIS2_PLACEMENT_3D('',#5603,#4230,#4231);
#3749=AXIS2_PLACEMENT_3D('',#5604,#4232,#4233);
#3750=AXIS2_PLACEMENT_3D('',#5605,#4234,#4235);
#3751=AXIS2_PLACEMENT_3D('',#5607,#4236,#4237);
#3752=AXIS2_PLACEMENT_3D('',#5609,#4238,#4239);
#3753=AXIS2_PLACEMENT_3D('',#5610,#4240,#4241);
#3754=AXIS2_PLACEMENT_3D('',#5640,#4242,#4243);
#3755=AXIS2_PLACEMENT_3D('',#5642,#4244,#4245);
#3756=AXIS2_PLACEMENT_3D('',#5655,#4246,#4247);
#3757=AXIS2_PLACEMENT_3D('',#5657,#4248,#4249);
#3758=AXIS2_PLACEMENT_3D('',#5659,#4250,#4251);
#3759=AXIS2_PLACEMENT_3D('',#5661,#4252,#4253);
#3760=AXIS2_PLACEMENT_3D('',#5663,#4254,#4255);
#3761=AXIS2_PLACEMENT_3D('',#5665,#4256,#4257);
#3762=AXIS2_PLACEMENT_3D('',#5667,#4258,#4259);
#3763=AXIS2_PLACEMENT_3D('',#5669,#4260,#4261);
#3764=AXIS2_PLACEMENT_3D('',#5671,#4262,#4263);
#3765=AXIS2_PLACEMENT_3D('',#5672,#4264,#4265);
#3766=AXIS2_PLACEMENT_3D('',#5678,#4268,#4269);
#3767=AXIS2_PLACEMENT_3D('',#5682,#4272,#4273);
#3768=AXIS2_PLACEMENT_3D('',#5683,#4274,#4275);
#3769=AXIS2_PLACEMENT_3D('',#5685,#4276,#4277);
#3770=AXIS2_PLACEMENT_3D('',#5687,#4278,#4279);
#3771=AXIS2_PLACEMENT_3D('',#5689,#4280,#4281);
#3772=AXIS2_PLACEMENT_3D('',#5691,#4282,#4283);
#3773=AXIS2_PLACEMENT_3D('',#5693,#4284,#4285);
#3774=AXIS2_PLACEMENT_3D('',#5695,#4286,#4287);
#3775=AXIS2_PLACEMENT_3D('',#5697,#4288,#4289);
#3776=AXIS2_PLACEMENT_3D('',#5699,#4290,#4291);
#3777=AXIS2_PLACEMENT_3D('',#5701,#4292,#4293);
#3778=AXIS2_PLACEMENT_3D('',#5703,#4294,#4295);
#3779=AXIS2_PLACEMENT_3D('',#5705,#4296,#4297);
#3780=AXIS2_PLACEMENT_3D('',#5707,#4298,#4299);
#3781=AXIS2_PLACEMENT_3D('',#5709,#4300,#4301);
#3782=AXIS2_PLACEMENT_3D('',#5711,#4302,#4303);
#3783=AXIS2_PLACEMENT_3D('',#5713,#4304,#4305);
#3784=AXIS2_PLACEMENT_3D('',#5715,#4306,#4307);
#3785=AXIS2_PLACEMENT_3D('',#5717,#4308,#4309);
#3786=AXIS2_PLACEMENT_3D('',#5719,#4310,#4311);
#3787=AXIS2_PLACEMENT_3D('',#5721,#4312,#4313);
#3788=AXIS2_PLACEMENT_3D('',#5723,#4314,#4315);
#3789=AXIS2_PLACEMENT_3D('',#5725,#4316,#4317);
#3790=AXIS2_PLACEMENT_3D('',#5727,#4318,#4319);
#3791=AXIS2_PLACEMENT_3D('',#5729,#4320,#4321);
#3792=AXIS2_PLACEMENT_3D('',#5731,#4322,#4323);
#3793=AXIS2_PLACEMENT_3D('',#5733,#4324,#4325);
#3794=AXIS2_PLACEMENT_3D('',#5735,#4326,#4327);
#3795=AXIS2_PLACEMENT_3D('',#5737,#4328,#4329);
#3796=AXIS2_PLACEMENT_3D('',#5739,#4330,#4331);
#3797=AXIS2_PLACEMENT_3D('',#5741,#4332,#4333);
#3798=AXIS2_PLACEMENT_3D('',#5743,#4334,#4335);
#3799=AXIS2_PLACEMENT_3D('',#5745,#4336,#4337);
#3800=AXIS2_PLACEMENT_3D('',#5747,#4338,#4339);
#3801=AXIS2_PLACEMENT_3D('',#5749,#4340,#4341);
#3802=AXIS2_PLACEMENT_3D('',#5751,#4342,#4343);
#3803=AXIS2_PLACEMENT_3D('',#5752,#4344,#4345);
#3804=AXIS2_PLACEMENT_3D('',#5753,#4346,#4347);
#3805=AXIS2_PLACEMENT_3D('',#5755,#4348,#4349);
#3806=AXIS2_PLACEMENT_3D('',#5770,#4350,#4351);
#3807=AXIS2_PLACEMENT_3D('',#5771,#4352,#4353);
#3808=AXIS2_PLACEMENT_3D('',#5823,#4354,#4355);
#3809=AXIS2_PLACEMENT_3D('',#5828,#4356,#4357);
#3810=AXIS2_PLACEMENT_3D('',#5829,#4358,#4359);
#3811=AXIS2_PLACEMENT_3D('',#5830,#4360,#4361);
#3812=AXIS2_PLACEMENT_3D('',#5832,#4362,#4363);
#3813=AXIS2_PLACEMENT_3D('',#5835,#4365,#4366);
#3814=AXIS2_PLACEMENT_3D('',#5836,#4367,#4368);
#3815=AXIS2_PLACEMENT_3D('',#5838,#4369,#4370);
#3816=AXIS2_PLACEMENT_3D('',#5841,#4372,#4373);
#3817=AXIS2_PLACEMENT_3D('',#5842,#4374,#4375);
#3818=AXIS2_PLACEMENT_3D('',#5843,#4376,#4377);
#3819=AXIS2_PLACEMENT_3D('',#5858,#4384,#4385);
#3820=AXIS2_PLACEMENT_3D('',#5862,#4387,#4388);
#3821=AXIS2_PLACEMENT_3D('',#5866,#4391,#4392);
#3822=AXIS2_PLACEMENT_3D('',#6109,#4393,#4394);
#3823=AXIS2_PLACEMENT_3D('',#6121,#4395,#4396);
#3824=AXIS2_PLACEMENT_3D('',#6200,#4397,#4398);
#3825=AXIS2_PLACEMENT_3D('',#6218,#4399,#4400);
#3826=AXIS2_PLACEMENT_3D('',#6290,#4401,#4402);
#3827=AXIS2_PLACEMENT_3D('',#6513,#4403,#4404);
#3828=AXIS2_PLACEMENT_3D('',#6539,#4405,#4406);
#3829=AXIS2_PLACEMENT_3D('',#6541,#4408,#4409);
#3830=AXIS2_PLACEMENT_3D('',#6543,#4410,#4411);
#3831=AXIS2_PLACEMENT_3D('',#6569,#4413,#4414);
#3832=AXIS2_PLACEMENT_3D('',#6570,#4415,#4416);
#3833=AXIS2_PLACEMENT_3D('',#6571,#4417,#4418);
#3834=AXIS2_PLACEMENT_3D('',#6575,#4421,#4422);
#3835=AXIS2_PLACEMENT_3D('',#6577,#4423,#4424);
#3836=AXIS2_PLACEMENT_3D('',#6580,#4427,#4428);
#3837=AXIS2_PLACEMENT_3D('',#6582,#4429,#4430);
#3838=AXIS2_PLACEMENT_3D('',#6584,#4431,#4432);
#3839=AXIS2_PLACEMENT_3D('',#6586,#4433,#4434);
#3840=AXIS2_PLACEMENT_3D('',#6601,#4435,#4436);
#3841=AXIS2_PLACEMENT_3D('',#6602,#4437,#4438);
#3842=AXIS2_PLACEMENT_3D('',#6604,#4439,#4440);
#3843=AXIS2_PLACEMENT_3D('',#6605,#4441,#4442);
#3844=AXIS2_PLACEMENT_3D('',#6606,#4443,#4444);
#3845=AXIS2_PLACEMENT_3D('',#6621,#4445,#4446);
#3846=AXIS2_PLACEMENT_3D('',#6622,#4447,#4448);
#3847=AXIS2_PLACEMENT_3D('',#6624,#4449,#4450);
#3848=AXIS2_PLACEMENT_3D('',#6625,#4451,#4452);
#3849=AXIS2_PLACEMENT_3D('',#6626,#4453,#4454);
#3850=AXIS2_PLACEMENT_3D('',#6628,#4455,#4456);
#3851=AXIS2_PLACEMENT_3D('',#6629,#4457,#4458);
#3852=AXIS2_PLACEMENT_3D('',#6630,#4459,#4460);
#3853=AXIS2_PLACEMENT_3D('',#6632,#4461,#4462);
#3854=AXIS2_PLACEMENT_3D('',#6634,#4463,#4464);
#3855=AXIS2_PLACEMENT_3D('',#6635,#4465,#4466);
#3856=AXIS2_PLACEMENT_3D('',#6636,#4467,#4468);
#3857=AXIS2_PLACEMENT_3D('',#6638,#4469,#4470);
#3858=AXIS2_PLACEMENT_3D('',#6639,#4471,#4472);
#3859=AXIS2_PLACEMENT_3D('',#6640,#4473,#4474);
#3860=AXIS2_PLACEMENT_3D('',#6655,#4475,#4476);
#3861=AXIS2_PLACEMENT_3D('',#6656,#4477,#4478);
#3862=AXIS2_PLACEMENT_3D('',#6658,#4479,#4480);
#3863=AXIS2_PLACEMENT_3D('',#6659,#4481,#4482);
#3864=AXIS2_PLACEMENT_3D('',#6660,#4483,#4484);
#3865=AXIS2_PLACEMENT_3D('',#6662,#4485,#4486);
#3866=AXIS2_PLACEMENT_3D('',#6663,#4487,#4488);
#3867=AXIS2_PLACEMENT_3D('',#6664,#4489,#4490);
#3868=AXIS2_PLACEMENT_3D('',#6666,#4491,#4492);
#3869=AXIS2_PLACEMENT_3D('',#6667,#4493,#4494);
#3870=AXIS2_PLACEMENT_3D('',#6668,#4495,#4496);
#3871=AXIS2_PLACEMENT_3D('',#6683,#4497,#4498);
#3872=AXIS2_PLACEMENT_3D('',#6684,#4499,#4500);
#3873=AXIS2_PLACEMENT_3D('',#6685,#4501,#4502);
#3874=AXIS2_PLACEMENT_3D('',#6687,#4503,#4504);
#3875=AXIS2_PLACEMENT_3D('',#6688,#4505,#4506);
#3876=AXIS2_PLACEMENT_3D('',#6689,#4507,#4508);
#3877=AXIS2_PLACEMENT_3D('',#6691,#4509,#4510);
#3878=AXIS2_PLACEMENT_3D('',#6692,#4511,#4512);
#3879=AXIS2_PLACEMENT_3D('',#6693,#4513,#4514);
#3880=AXIS2_PLACEMENT_3D('',#6694,#4515,#4516);
#3881=AXIS2_PLACEMENT_3D('',#6695,#4517,#4518);
#3882=AXIS2_PLACEMENT_3D('',#6710,#4519,#4520);
#3883=AXIS2_PLACEMENT_3D('',#6711,#4521,#4522);
#3884=AXIS2_PLACEMENT_3D('',#6713,#4523,#4524);
#3885=AXIS2_PLACEMENT_3D('',#6714,#4525,#4526);
#3886=AXIS2_PLACEMENT_3D('',#6715,#4527,#4528);
#3887=AXIS2_PLACEMENT_3D('',#6716,#4529,#4530);
#3888=AXIS2_PLACEMENT_3D('',#6717,#4531,#4532);
#3889=AXIS2_PLACEMENT_3D('',#6732,#4533,#4534);
#3890=AXIS2_PLACEMENT_3D('',#6733,#4535,#4536);
#3891=AXIS2_PLACEMENT_3D('',#6735,#4537,#4538);
#3892=AXIS2_PLACEMENT_3D('',#6736,#4539,#4540);
#3893=AXIS2_PLACEMENT_3D('',#6737,#4541,#4542);
#3894=AXIS2_PLACEMENT_3D('',#6738,#4543,#4544);
#3895=AXIS2_PLACEMENT_3D('',#6739,#4545,#4546);
#3896=AXIS2_PLACEMENT_3D('',#6741,#4547,#4548);
#3897=AXIS2_PLACEMENT_3D('',#6742,#4549,#4550);
#3898=AXIS2_PLACEMENT_3D('',#6743,#4551,#4552);
#3899=AXIS2_PLACEMENT_3D('',#6745,#4553,#4554);
#3900=AXIS2_PLACEMENT_3D('',#6760,#4555,#4556);
#3901=AXIS2_PLACEMENT_3D('',#6761,#4557,#4558);
#3902=AXIS2_PLACEMENT_3D('',#6763,#4559,#4560);
#3903=AXIS2_PLACEMENT_3D('',#6764,#4561,#4562);
#3904=AXIS2_PLACEMENT_3D('',#6765,#4563,#4564);
#3905=AXIS2_PLACEMENT_3D('',#6780,#4565,#4566);
#3906=AXIS2_PLACEMENT_3D('',#6781,#4567,#4568);
#3907=AXIS2_PLACEMENT_3D('',#6783,#4569,#4570);
#3908=AXIS2_PLACEMENT_3D('',#6784,#4571,#4572);
#3909=AXIS2_PLACEMENT_3D('',#6785,#4573,#4574);
#3910=AXIS2_PLACEMENT_3D('',#6787,#4575,#4576);
#3911=AXIS2_PLACEMENT_3D('',#6788,#4577,#4578);
#3912=AXIS2_PLACEMENT_3D('',#6789,#4579,#4580);
#3913=AXIS2_PLACEMENT_3D('',#6791,#4581,#4582);
#3914=AXIS2_PLACEMENT_3D('',#6792,#4583,#4584);
#3915=AXIS2_PLACEMENT_3D('',#6793,#4585,#4586);
#3916=AXIS2_PLACEMENT_3D('',#6794,#4587,#4588);
#3917=AXIS2_PLACEMENT_3D('',#6836,#4589,#4590);
#3918=AXIS2_PLACEMENT_3D('',#6838,#4591,#4592);
#3919=AXIS2_PLACEMENT_3D('',#6853,#4593,#4594);
#3920=AXIS2_PLACEMENT_3D('',#6854,#4595,#4596);
#3921=AXIS2_PLACEMENT_3D('',#6856,#4597,#4598);
#3922=AXIS2_PLACEMENT_3D('',#6857,#4599,#4600);
#3923=AXIS2_PLACEMENT_3D('',#6858,#4601,#4602);
#3924=AXIS2_PLACEMENT_3D('',#6863,#4603,#4604);
#3925=AXIS2_PLACEMENT_3D('',#6865,#4605,#4606);
#3926=AXIS2_PLACEMENT_3D('',#6916,#4607,#4608);
#3927=AXIS2_PLACEMENT_3D('',#6929,#4609,#4610);
#3928=AXIS2_PLACEMENT_3D('',#6981,#4611,#4612);
#3929=AXIS2_PLACEMENT_3D('',#6986,#4613,#4614);
#3930=AXIS2_PLACEMENT_3D('',#7002,#4615,#4616);
#3931=AXIS2_PLACEMENT_3D('',#7003,#4617,#4618);
#3932=AXIS2_PLACEMENT_3D('',#7004,#4619,#4620);
#3933=AXIS2_PLACEMENT_3D('',#7006,#4621,#4622);
#3934=AXIS2_PLACEMENT_3D('',#7008,#4623,#4624);
#3935=AXIS2_PLACEMENT_3D('',#7009,#4625,#4626);
#3936=AXIS2_PLACEMENT_3D('',#7010,#4627,#4628);
#3937=AXIS2_PLACEMENT_3D('',#7015,#4629,#4630);
#3938=AXIS2_PLACEMENT_3D('',#7029,#4631,#4632);
#3939=AXIS2_PLACEMENT_3D('',#7050,#4633,#4634);
#3940=AXIS2_PLACEMENT_3D('',#7104,#4635,#4636);
#3941=AXIS2_PLACEMENT_3D('',#7146,#4637,#4638);
#3942=AXIS2_PLACEMENT_3D('',#7159,#4639,#4640);
#3943=AXIS2_PLACEMENT_3D('',#7213,#4641,#4642);
#3944=AXIS2_PLACEMENT_3D('',#7214,#4643,#4644);
#3945=AXIS2_PLACEMENT_3D('',#7215,#4645,#4646);
#3946=AXIS2_PLACEMENT_3D('',#7216,#4647,#4648);
#3947=AXIS2_PLACEMENT_3D('',#7217,#4649,#4650);
#3948=AXIS2_PLACEMENT_3D('',#7218,#4651,#4652);
#3949=AXIS2_PLACEMENT_3D('',#7243,#4653,#4654);
#3950=AXIS2_PLACEMENT_3D('',#7280,#4655,#4656);
#3951=AXIS2_PLACEMENT_3D('',#7322,#4657,#4658);
#3952=AXIS2_PLACEMENT_3D('',#7335,#4659,#4660);
#3953=AXIS2_PLACEMENT_3D('',#7351,#4661,#4662);
#3954=AXIS2_PLACEMENT_3D('',#7352,#4663,#4664);
#3955=AXIS2_PLACEMENT_3D('',#7353,#4665,#4666);
#3956=AXIS2_PLACEMENT_3D('',#7355,#4667,#4668);
#3957=AXIS2_PLACEMENT_3D('',#7356,#4669,#4670);
#3958=AXIS2_PLACEMENT_3D('',#7357,#4671,#4672);
#3959=AXIS2_PLACEMENT_3D('',#7396,#4673,#4674);
#3960=AXIS2_PLACEMENT_3D('',#7397,#4675,#4676);
#3961=AXIS2_PLACEMENT_3D('',#7398,#4677,#4678);
#3962=AXIS2_PLACEMENT_3D('',#7399,#4679,#4680);
#3963=AXIS2_PLACEMENT_3D('',#7401,#4681,#4682);
#3964=AXIS2_PLACEMENT_3D('',#7403,#4683,#4684);
#3965=AXIS2_PLACEMENT_3D('',#7404,#4685,#4686);
#3966=AXIS2_PLACEMENT_3D('',#7405,#4687,#4688);
#3967=AXIS2_PLACEMENT_3D('',#7410,#4689,#4690);
#3968=AXIS2_PLACEMENT_3D('',#7426,#4691,#4692);
#3969=AXIS2_PLACEMENT_3D('',#7427,#4693,#4694);
#3970=AXIS2_PLACEMENT_3D('',#7465,#4695,#4696);
#3971=AXIS2_PLACEMENT_3D('',#7517,#4697,#4698);
#3972=AXIS2_PLACEMENT_3D('',#7522,#4699,#4700);
#3973=AXIS2_PLACEMENT_3D('',#7538,#4701,#4702);
#3974=AXIS2_PLACEMENT_3D('',#7539,#4703,#4704);
#3975=AXIS2_PLACEMENT_3D('',#7540,#4705,#4706);
#3976=AXIS2_PLACEMENT_3D('',#7542,#4707,#4708);
#3977=AXIS2_PLACEMENT_3D('',#7544,#4709,#4710);
#3978=AXIS2_PLACEMENT_3D('',#7545,#4711,#4712);
#3979=AXIS2_PLACEMENT_3D('',#7546,#4713,#4714);
#3980=AXIS2_PLACEMENT_3D('',#7551,#4715,#4716);
#3981=AXIS2_PLACEMENT_3D('',#7567,#4717,#4718);
#3982=AXIS2_PLACEMENT_3D('',#7568,#4719,#4720);
#3983=AXIS2_PLACEMENT_3D('',#7606,#4721,#4722);
#3984=AXIS2_PLACEMENT_3D('',#7619,#4723,#4724);
#3985=AXIS2_PLACEMENT_3D('',#7671,#4725,#4726);
#3986=AXIS2_PLACEMENT_3D('',#7676,#4727,#4728);
#3987=AXIS2_PLACEMENT_3D('',#7692,#4729,#4730);
#3988=AXIS2_PLACEMENT_3D('',#7693,#4731,#4732);
#3989=AXIS2_PLACEMENT_3D('',#7694,#4733,#4734);
#3990=AXIS2_PLACEMENT_3D('',#7696,#4735,#4736);
#3991=AXIS2_PLACEMENT_3D('',#7698,#4737,#4738);
#3992=AXIS2_PLACEMENT_3D('',#7699,#4739,#4740);
#3993=AXIS2_PLACEMENT_3D('',#7700,#4741,#4742);
#3994=AXIS2_PLACEMENT_3D('',#7705,#4743,#4744);
#3995=AXIS2_PLACEMENT_3D('',#7719,#4745,#4746);
#3996=AXIS2_PLACEMENT_3D('',#7740,#4747,#4748);
#3997=AXIS2_PLACEMENT_3D('',#7778,#4749,#4750);
#3998=AXIS2_PLACEMENT_3D('',#7779,#4751,#4752);
#3999=AXIS2_PLACEMENT_3D('',#7794,#4753,#4754);
#4000=AXIS2_PLACEMENT_3D('',#7795,#4755,#4756);
#4001=AXIS2_PLACEMENT_3D('',#7797,#4757,#4758);
#4002=AXIS2_PLACEMENT_3D('',#7799,#4759,#4760);
#4003=AXIS2_PLACEMENT_3D('',#7800,#4761,#4762);
#4004=AXIS2_PLACEMENT_3D('',#7801,#4763,#4764);
#4005=AXIS2_PLACEMENT_3D('',#7806,#4765,#4766);
#4006=AXIS2_PLACEMENT_3D('',#7822,#4767,#4768);
#4007=AXIS2_PLACEMENT_3D('',#7823,#4769,#4770);
#4008=AXIS2_PLACEMENT_3D('',#7900,#4771,#4772);
#4009=AXIS2_PLACEMENT_3D('',#7905,#4773,#4774);
#4010=AXIS2_PLACEMENT_3D('',#7921,#4775,#4776);
#4011=AXIS2_PLACEMENT_3D('',#7922,#4777,#4778);
#4012=AXIS2_PLACEMENT_3D('',#7923,#4779,#4780);
#4013=AXIS2_PLACEMENT_3D('',#7925,#4781,#4782);
#4014=AXIS2_PLACEMENT_3D('',#7927,#4783,#4784);
#4015=AXIS2_PLACEMENT_3D('',#7928,#4785,#4786);
#4016=AXIS2_PLACEMENT_3D('',#7929,#4787,#4788);
#4017=AXIS2_PLACEMENT_3D('',#7934,#4789,#4790);
#4018=AXIS2_PLACEMENT_3D('',#7950,#4791,#4792);
#4019=AXIS2_PLACEMENT_3D('',#7951,#4793,#4794);
#4020=AXIS2_PLACEMENT_3D('',#7989,#4795,#4796);
#4021=AXIS2_PLACEMENT_3D('',#8002,#4797,#4798);
#4022=AXIS2_PLACEMENT_3D('',#8040,#4799,#4800);
#4023=AXIS2_PLACEMENT_3D('',#8041,#4801,#4802);
#4024=AXIS2_PLACEMENT_3D('',#8056,#4803,#4804);
#4025=AXIS2_PLACEMENT_3D('',#8057,#4805,#4806);
#4026=AXIS2_PLACEMENT_3D('',#8059,#4807,#4808);
#4027=AXIS2_PLACEMENT_3D('',#8061,#4809,#4810);
#4028=AXIS2_PLACEMENT_3D('',#8062,#4811,#4812);
#4029=AXIS2_PLACEMENT_3D('',#8063,#4813,#4814);
#4030=AXIS2_PLACEMENT_3D('',#8068,#4815,#4816);
#4031=AXIS2_PLACEMENT_3D('',#8082,#4817,#4818);
#4032=AXIS2_PLACEMENT_3D('',#8127,#4819,#4820);
#4033=AXIS2_PLACEMENT_3D('',#8129,#4821,#4822);
#4034=AXIS2_PLACEMENT_3D('',#8131,#4823,#4824);
#4035=AXIS2_PLACEMENT_3D('',#8132,#4825,#4826);
#4036=AXIS2_PLACEMENT_3D('',#8133,#4827,#4828);
#4037=AXIS2_PLACEMENT_3D('',#8138,#4829,#4830);
#4038=AXIS2_PLACEMENT_3D('',#8152,#4831,#4832);
#4039=AXIS2_PLACEMENT_3D('',#8198,#4833,#4834);
#4040=AXIS2_PLACEMENT_3D('',#8199,#4835,#4836);
#4041=AXIS2_PLACEMENT_3D('',#8214,#4837,#4838);
#4042=AXIS2_PLACEMENT_3D('',#8215,#4839,#4840);
#4043=AXIS2_PLACEMENT_3D('',#8217,#4841,#4842);
#4044=AXIS2_PLACEMENT_3D('',#8219,#4843,#4844);
#4045=AXIS2_PLACEMENT_3D('',#8220,#4845,#4846);
#4046=AXIS2_PLACEMENT_3D('',#8221,#4847,#4848);
#4047=AXIS2_PLACEMENT_3D('',#8226,#4849,#4850);
#4048=AXIS2_PLACEMENT_3D('',#8240,#4851,#4852);
#4049=AXIS2_PLACEMENT_3D('',#8261,#4853,#4854);
#4050=AXIS2_PLACEMENT_3D('',#8313,#4855,#4856);
#4051=AXIS2_PLACEMENT_3D('',#8318,#4857,#4858);
#4052=AXIS2_PLACEMENT_3D('',#8334,#4859,#4860);
#4053=AXIS2_PLACEMENT_3D('',#8335,#4861,#4862);
#4054=AXIS2_PLACEMENT_3D('',#8336,#4863,#4864);
#4055=AXIS2_PLACEMENT_3D('',#8338,#4865,#4866);
#4056=AXIS2_PLACEMENT_3D('',#8340,#4867,#4868);
#4057=AXIS2_PLACEMENT_3D('',#8341,#4869,#4870);
#4058=AXIS2_PLACEMENT_3D('',#8342,#4871,#4872);
#4059=AXIS2_PLACEMENT_3D('',#8347,#4873,#4874);
#4060=AXIS2_PLACEMENT_3D('',#8363,#4875,#4876);
#4061=AXIS2_PLACEMENT_3D('',#8364,#4877,#4878);
#4062=AXIS2_PLACEMENT_3D('',#8402,#4879,#4880);
#4063=AXIS2_PLACEMENT_3D('',#8415,#4881,#4882);
#4064=AXIS2_PLACEMENT_3D('',#8452,#4883,#4884);
#4065=AXIS2_PLACEMENT_3D('',#8453,#4885,#4886);
#4066=AXIS2_PLACEMENT_3D('',#8467,#4887,#4888);
#4067=AXIS2_PLACEMENT_3D('',#8507,#4889,#4890);
#4068=AXIS2_PLACEMENT_3D('',#8512,#4891,#4892);
#4069=AXIS2_PLACEMENT_3D('',#8528,#4893,#4894);
#4070=AXIS2_PLACEMENT_3D('',#8529,#4895,#4896);
#4071=AXIS2_PLACEMENT_3D('',#8530,#4897,#4898);
#4072=AXIS2_PLACEMENT_3D('',#8532,#4899,#4900);
#4073=AXIS2_PLACEMENT_3D('',#8534,#4901,#4902);
#4074=AXIS2_PLACEMENT_3D('',#8535,#4903,#4904);
#4075=AXIS2_PLACEMENT_3D('',#8536,#4905,#4906);
#4076=AXIS2_PLACEMENT_3D('',#8541,#4907,#4908);
#4077=AXIS2_PLACEMENT_3D('',#8557,#4909,#4910);
#4078=AXIS2_PLACEMENT_3D('',#8558,#4911,#4912);
#4079=AXIS2_PLACEMENT_3D('',#8596,#4913,#4914);
#4080=AXIS2_PLACEMENT_3D('',#8609,#4915,#4916);
#4081=AXIS2_PLACEMENT_3D('',#8661,#4917,#4918);
#4082=AXIS2_PLACEMENT_3D('',#8666,#4919,#4920);
#4083=AXIS2_PLACEMENT_3D('',#8682,#4921,#4922);
#4084=AXIS2_PLACEMENT_3D('',#8683,#4923,#4924);
#4085=AXIS2_PLACEMENT_3D('',#8684,#4925,#4926);
#4086=AXIS2_PLACEMENT_3D('',#8686,#4927,#4928);
#4087=AXIS2_PLACEMENT_3D('',#8688,#4929,#4930);
#4088=AXIS2_PLACEMENT_3D('',#8689,#4931,#4932);
#4089=AXIS2_PLACEMENT_3D('',#8690,#4933,#4934);
#4090=AXIS2_PLACEMENT_3D('',#8695,#4935,#4936);
#4091=AXIS2_PLACEMENT_3D('',#8711,#4937,#4938);
#4092=AXIS2_PLACEMENT_3D('',#8712,#4939,#4940);
#4093=AXIS2_PLACEMENT_3D('',#8750,#4941,#4942);
#4094=AXIS2_PLACEMENT_3D('',#8763,#4943,#4944);
#4095=AXIS2_PLACEMENT_3D('',#8776,#4945,#4946);
#4096=AXIS2_PLACEMENT_3D('',#8778,#4947,#4948);
#4097=AXIS2_PLACEMENT_3D('',#8792,#4949,#4950);
#4098=AXIS2_PLACEMENT_3D('',#8794,#4951,#4952);
#4099=AXIS2_PLACEMENT_3D('',#8796,#4953,#4954);
#4100=AXIS2_PLACEMENT_3D('',#8797,#4955,#4956);
#4101=AXIS2_PLACEMENT_3D('',#8798,#4957,#4958);
#4102=AXIS2_PLACEMENT_3D('',#8803,#4959,#4960);
#4103=AXIS2_PLACEMENT_3D('',#8819,#4961,#4962);
#4104=AXIS2_PLACEMENT_3D('',#8820,#4963,#4964);
#4105=AXIS2_PLACEMENT_3D('',#8858,#4965,#4966);
#4106=AXIS2_PLACEMENT_3D('',#8896,#4967,#4968);
#4107=AXIS2_PLACEMENT_3D('',#8897,#4969,#4970);
#4108=AXIS2_PLACEMENT_3D('',#8912,#4971,#4972);
#4109=AXIS2_PLACEMENT_3D('',#8913,#4973,#4974);
#4110=AXIS2_PLACEMENT_3D('',#8915,#4975,#4976);
#4111=AXIS2_PLACEMENT_3D('',#8917,#4977,#4978);
#4112=AXIS2_PLACEMENT_3D('',#8918,#4979,#4980);
#4113=AXIS2_PLACEMENT_3D('',#8919,#4981,#4982);
#4114=AXIS2_PLACEMENT_3D('',#8924,#4983,#4984);
#4115=AXIS2_PLACEMENT_3D('',#8938,#4985,#4986);
#4116=AXIS2_PLACEMENT_3D('',#8984,#4987,#4988);
#4117=AXIS2_PLACEMENT_3D('',#8985,#4989,#4990);
#4118=AXIS2_PLACEMENT_3D('',#9000,#4991,#4992);
#4119=AXIS2_PLACEMENT_3D('',#9001,#4993,#4994);
#4120=AXIS2_PLACEMENT_3D('',#9003,#4995,#4996);
#4121=AXIS2_PLACEMENT_3D('',#9005,#4997,#4998);
#4122=AXIS2_PLACEMENT_3D('',#9006,#4999,#5000);
#4123=AXIS2_PLACEMENT_3D('',#9007,#5001,#5002);
#4124=AXIS2_PLACEMENT_3D('',#9012,#5003,#5004);
#4125=AXIS2_PLACEMENT_3D('',#9026,#5005,#5006);
#4126=AXIS2_PLACEMENT_3D('',#9071,#5007,#5008);
#4127=AXIS2_PLACEMENT_3D('',#9072,#5009,#5010);
#4128=AXIS2_PLACEMENT_3D('',#9086,#5011,#5012);
#4129=AXIS2_PLACEMENT_3D('',#9087,#5013,#5014);
#4130=AXIS2_PLACEMENT_3D('',#9088,#5015,#5016);
#4131=AXIS2_PLACEMENT_3D('',#9093,#5017,#5018);
#4132=AXIS2_PLACEMENT_3D('',#9139,#5019,#5020);
#4133=AXIS2_PLACEMENT_3D('',#9140,#5021,#5022);
#4134=AXIS2_PLACEMENT_3D('',#9155,#5023,#5024);
#4135=AXIS2_PLACEMENT_3D('',#9156,#5025,#5026);
#4136=AXIS2_PLACEMENT_3D('',#9158,#5027,#5028);
#4137=AXIS2_PLACEMENT_3D('',#9160,#5029,#5030);
#4138=AXIS2_PLACEMENT_3D('',#9161,#5031,#5032);
#4139=AXIS2_PLACEMENT_3D('',#9162,#5033,#5034);
#4140=AXIS2_PLACEMENT_3D('',#9167,#5035,#5036);
#4141=AXIS2_PLACEMENT_3D('',#9181,#5037,#5038);
#4142=AXIS2_PLACEMENT_3D('',#9227,#5039,#5040);
#4143=AXIS2_PLACEMENT_3D('',#9228,#5041,#5042);
#4144=AXIS2_PLACEMENT_3D('',#9243,#5043,#5044);
#4145=AXIS2_PLACEMENT_3D('',#9244,#5045,#5046);
#4146=AXIS2_PLACEMENT_3D('',#9246,#5047,#5048);
#4147=AXIS2_PLACEMENT_3D('',#9248,#5049,#5050);
#4148=AXIS2_PLACEMENT_3D('',#9249,#5051,#5052);
#4149=AXIS2_PLACEMENT_3D('',#9250,#5053,#5054);
#4150=AXIS2_PLACEMENT_3D('',#9255,#5055,#5056);
#4151=AXIS2_PLACEMENT_3D('',#9269,#5057,#5058);
#4152=AXIS2_PLACEMENT_3D('',#9290,#5059,#5060);
#4153=AXIS2_PLACEMENT_3D('',#9299,#5065,#5066);
#4154=AXIS2_PLACEMENT_3D('',#9305,#5070,#5071);
#4155=AXIS2_PLACEMENT_3D('',#9311,#5075,#5076);
#4156=AXIS2_PLACEMENT_3D('',#9314,#5079,#5080);
#4157=AXIS2_PLACEMENT_3D('',#9316,#5082,#5083);
#4158=AXIS2_PLACEMENT_3D('',#9328,#5090,#5091);
#4159=AXIS2_PLACEMENT_3D('',#9336,#5095,#5096);
#4160=AXIS2_PLACEMENT_3D('',#9337,#5097,#5098);
#4161=AXIS2_PLACEMENT_3D('',#9341,#5101,#5102);
#4162=AXIS2_PLACEMENT_3D('',#9343,#5104,#5105);
#4163=AXIS2_PLACEMENT_3D('',#9345,#5107,#5108);
#4164=AXIS2_PLACEMENT_3D('',#9347,#5110,#5111);
#4165=AXIS2_PLACEMENT_3D('',#9349,#5113,#5114);
#4166=AXIS2_PLACEMENT_3D('',#9351,#5116,#5117);
#4167=AXIS2_PLACEMENT_3D('',#9353,#5119,#5120);
#4168=AXIS2_PLACEMENT_3D('',#9355,#5122,#5123);
#4169=AXIS2_PLACEMENT_3D('',#9357,#5125,#5126);
#4170=AXIS2_PLACEMENT_3D('',#9358,#5127,#5128);
#4171=AXIS2_PLACEMENT_3D('',#9361,#5131,#5132);
#4172=AXIS2_PLACEMENT_3D('',#9363,#5134,#5135);
#4173=AXIS2_PLACEMENT_3D('',#9365,#5137,#5138);
#4174=AXIS2_PLACEMENT_3D('',#9366,#5139,#5140);
#4175=DIRECTION('axis',(0.,0.,1.));
#4176=DIRECTION('refdir',(1.,0.,0.));
#4177=DIRECTION('axis',(0.,0.,1.));
#4178=DIRECTION('refdir',(1.,0.,0.));
#4179=DIRECTION('center_axis',(-1.33226762955019E-14,1.,-2.07761033847978E-15));
#4180=DIRECTION('ref_axis',(-2.79028210041907E-29,2.07761033847978E-15,
1.));
#4181=DIRECTION('',(0.,0.,1.));
#4182=DIRECTION('',(1.,1.33226762955019E-14,0.));
#4183=DIRECTION('center_axis',(-1.33226762955019E-14,1.,-2.07761033847978E-15));
#4184=DIRECTION('ref_axis',(0.,-2.07761033847978E-15,-1.));
#4185=DIRECTION('',(0.,0.,1.));
#4186=DIRECTION('',(-1.,-1.33226762955019E-14,0.));
#4187=DIRECTION('center_axis',(1.,1.33226762955019E-14,0.));
#4188=DIRECTION('ref_axis',(-1.33226762955019E-14,1.,-3.70074341541808E-16));
#4189=DIRECTION('',(1.,1.33226762955019E-14,0.));
#4190=DIRECTION('center_axis',(1.33226762955019E-14,-1.,4.33701158157655E-14));
#4191=DIRECTION('ref_axis',(5.82471388462482E-28,-4.33701158157655E-14,
-1.));
#4192=DIRECTION('',(0.,0.,1.));
#4193=DIRECTION('',(1.,1.33226762955019E-14,0.));
#4194=DIRECTION('',(0.,0.,-1.));
#4195=DIRECTION('center_axis',(1.33226762955019E-14,-1.,4.33701158157655E-14));
#4196=DIRECTION('ref_axis',(0.,4.33701158157655E-14,1.));
#4197=DIRECTION('center_axis',(1.,1.33226762955019E-14,0.));
#4198=DIRECTION('ref_axis',(-1.33226762955019E-14,1.,0.));
#4199=DIRECTION('',(1.,1.33226762955019E-14,0.));
#4200=DIRECTION('center_axis',(1.,1.34336985979644E-14,0.));
#4201=DIRECTION('ref_axis',(-1.34336985979644E-14,1.,0.));
#4202=DIRECTION('',(1.,1.34336985979644E-14,0.));
#4203=DIRECTION('',(1.,1.34336985979644E-14,0.));
#4204=DIRECTION('center_axis',(-1.34336985979644E-14,1.,4.23637733080643E-14));
#4205=DIRECTION('ref_axis',(5.68955959538577E-28,-4.23637733080643E-14,
1.));
#4206=DIRECTION('',(0.,0.,-1.));
#4207=DIRECTION('center_axis',(-1.34336985979644E-14,1.,4.23637733080643E-14));
#4208=DIRECTION('ref_axis',(0.,4.23637733080643E-14,-1.));
#4209=DIRECTION('',(0.,0.,1.));
#4210=DIRECTION('',(-1.,-1.34336985979644E-14,0.));
#4211=DIRECTION('center_axis',(1.34336985979644E-14,-1.,0.));
#4212=DIRECTION('ref_axis',(0.,0.,-1.));
#4213=DIRECTION('',(0.,0.,-1.));
#4214=DIRECTION('center_axis',(1.34336985979644E-14,-1.,0.));
#4215=DIRECTION('ref_axis',(0.,0.,1.));
#4216=DIRECTION('',(0.,0.,-1.));
#4217=DIRECTION('',(1.,1.34336985979644E-14,0.));
#4218=DIRECTION('center_axis',(0.,0.,1.));
#4219=DIRECTION('ref_axis',(1.,0.,0.));
#4220=DIRECTION('center_axis',(0.,0.,-1.));
#4221=DIRECTION('ref_axis',(1.,0.,0.));
#4222=DIRECTION('center_axis',(-0.368909849222411,-0.283074483439605,0.885310318460199));
#4223=DIRECTION('ref_axis',(-0.736693786534311,-0.491724568444167,-0.464208157694517));
#4224=DIRECTION('center_axis',(0.608761429008721,-0.793353340291235,2.23677383269776E-17));
#4225=DIRECTION('ref_axis',(-1.36743277911192E-17,-5.46973111644769E-17,
-1.));
#4226=DIRECTION('center_axis',(0.608761429008721,-0.793353340291235,2.23677383269776E-17));
#4227=DIRECTION('ref_axis',(-0.793353340291235,-0.608761429008721,9.97232968388869E-13));
#4228=DIRECTION('center_axis',(0.608761429008721,-0.793353340291235,2.23677383269776E-17));
#4229=DIRECTION('ref_axis',(-0.793353340291235,-0.608761429008721,9.97211581105355E-13));
#4230=DIRECTION('center_axis',(0.608761429008721,-0.793353340291235,2.23677383269776E-17));
#4231=DIRECTION('ref_axis',(-1.36743277911192E-17,-5.46973111644769E-17,
-1.));
#4232=DIRECTION('center_axis',(0.608761429008721,-0.793353340291235,2.23677383269776E-17));
#4233=DIRECTION('ref_axis',(-0.793353340291235,-0.608761429008721,9.97211581105355E-13));
#4234=DIRECTION('center_axis',(-1.87719219662678E-17,0.,1.));
#4235=DIRECTION('ref_axis',(-0.866451513799769,-0.499261228450687,2.73046137691168E-17));
#4236=DIRECTION('center_axis',(-3.34404525489505E-17,-8.96034225502258E-18,
-1.));
#4237=DIRECTION('ref_axis',(-0.866025403784439,-0.5,3.34404525489505E-17));
#4238=DIRECTION('center_axis',(-0.38268343236509,0.923879532511287,-3.10974482016373E-17));
#4239=DIRECTION('ref_axis',(-0.923879532511287,-0.38268343236509,9.97217848087831E-13));
#4240=DIRECTION('center_axis',(-3.34404525489505E-17,-8.96034225502258E-18,
-1.));
#4241=DIRECTION('ref_axis',(-0.86602540378444,-0.499999999999998,3.34404525489506E-17));
#4242=DIRECTION('center_axis',(0.,0.,1.));
#4243=DIRECTION('ref_axis',(1.,0.,0.));
#4244=DIRECTION('center_axis',(0.,0.,-1.));
#4245=DIRECTION('ref_axis',(1.,0.,0.));
#4246=DIRECTION('center_axis',(0.,0.,-1.));
#4247=DIRECTION('ref_axis',(1.,0.,0.));
#4248=DIRECTION('center_axis',(0.,0.,-1.));
#4249=DIRECTION('ref_axis',(1.,0.,0.));
#4250=DIRECTION('center_axis',(0.,0.,-1.));
#4251=DIRECTION('ref_axis',(1.,0.,0.));
#4252=DIRECTION('center_axis',(0.,0.,-1.));
#4253=DIRECTION('ref_axis',(1.,0.,0.));
#4254=DIRECTION('center_axis',(0.,0.,-1.));
#4255=DIRECTION('ref_axis',(1.,0.,0.));
#4256=DIRECTION('center_axis',(0.,0.,-1.));
#4257=DIRECTION('ref_axis',(1.,0.,0.));
#4258=DIRECTION('center_axis',(0.,0.,-1.));
#4259=DIRECTION('ref_axis',(1.,0.,0.));
#4260=DIRECTION('center_axis',(0.,0.,-1.));
#4261=DIRECTION('ref_axis',(1.,0.,0.));
#4262=DIRECTION('center_axis',(0.,0.,-1.));
#4263=DIRECTION('ref_axis',(1.,0.,0.));
#4264=DIRECTION('center_axis',(0.,0.,-1.));
#4265=DIRECTION('ref_axis',(1.,0.,0.));
#4266=DIRECTION('',(1.42311704380273E-14,-1.,0.));
#4267=DIRECTION('',(-1.,4.24799084797201E-13,0.));
#4268=DIRECTION('center_axis',(0.,0.,1.));
#4269=DIRECTION('ref_axis',(1.,0.,0.));
#4270=DIRECTION('',(1.,0.,0.));
#4271=DIRECTION('',(1.5427020842824E-14,-1.,0.));
#4272=DIRECTION('center_axis',(0.,0.,-1.));
#4273=DIRECTION('ref_axis',(1.,0.,0.));
#4274=DIRECTION('center_axis',(0.,0.,1.));
#4275=DIRECTION('ref_axis',(1.,0.,0.));
#4276=DIRECTION('center_axis',(0.,0.,-1.));
#4277=DIRECTION('ref_axis',(1.,0.,0.));
#4278=DIRECTION('center_axis',(0.,0.,-1.));
#4279=DIRECTION('ref_axis',(1.,0.,0.));
#4280=DIRECTION('center_axis',(0.,0.,-1.));
#4281=DIRECTION('ref_axis',(1.,0.,0.));
#4282=DIRECTION('center_axis',(0.,0.,-1.));
#4283=DIRECTION('ref_axis',(1.,0.,0.));
#4284=DIRECTION('center_axis',(0.,0.,-1.));
#4285=DIRECTION('ref_axis',(1.,0.,0.));
#4286=DIRECTION('center_axis',(0.,0.,-1.));
#4287=DIRECTION('ref_axis',(1.,0.,0.));
#4288=DIRECTION('center_axis',(0.,0.,-1.));
#4289=DIRECTION('ref_axis',(1.,0.,0.));
#4290=DIRECTION('center_axis',(0.,0.,-1.));
#4291=DIRECTION('ref_axis',(1.,0.,0.));
#4292=DIRECTION('center_axis',(0.,0.,-1.));
#4293=DIRECTION('ref_axis',(1.,0.,0.));
#4294=DIRECTION('center_axis',(0.,0.,-1.));
#4295=DIRECTION('ref_axis',(1.,0.,0.));
#4296=DIRECTION('center_axis',(0.,0.,-1.));
#4297=DIRECTION('ref_axis',(1.,0.,0.));
#4298=DIRECTION('center_axis',(0.,0.,-1.));
#4299=DIRECTION('ref_axis',(1.,0.,0.));
#4300=DIRECTION('center_axis',(0.,0.,-1.));
#4301=DIRECTION('ref_axis',(1.,0.,0.));
#4302=DIRECTION('center_axis',(0.,0.,-1.));
#4303=DIRECTION('ref_axis',(1.,0.,0.));
#4304=DIRECTION('center_axis',(0.,0.,-1.));
#4305=DIRECTION('ref_axis',(1.,0.,0.));
#4306=DIRECTION('center_axis',(0.,0.,-1.));
#4307=DIRECTION('ref_axis',(1.,0.,0.));
#4308=DIRECTION('center_axis',(0.,0.,-1.));
#4309=DIRECTION('ref_axis',(1.,0.,0.));
#4310=DIRECTION('center_axis',(0.,0.,-1.));
#4311=DIRECTION('ref_axis',(1.,0.,0.));
#4312=DIRECTION('center_axis',(0.,0.,-1.));
#4313=DIRECTION('ref_axis',(1.,0.,0.));
#4314=DIRECTION('center_axis',(0.,0.,-1.));
#4315=DIRECTION('ref_axis',(1.,0.,0.));
#4316=DIRECTION('center_axis',(0.,0.,-1.));
#4317=DIRECTION('ref_axis',(1.,0.,0.));
#4318=DIRECTION('center_axis',(0.,0.,-1.));
#4319=DIRECTION('ref_axis',(1.,0.,0.));
#4320=DIRECTION('center_axis',(0.,0.,-1.));
#4321=DIRECTION('ref_axis',(1.,0.,0.));
#4322=DIRECTION('center_axis',(0.,0.,-1.));
#4323=DIRECTION('ref_axis',(1.,0.,0.));
#4324=DIRECTION('center_axis',(0.,0.,-1.));
#4325=DIRECTION('ref_axis',(1.,0.,0.));
#4326=DIRECTION('center_axis',(0.,0.,-1.));
#4327=DIRECTION('ref_axis',(1.,0.,0.));
#4328=DIRECTION('center_axis',(0.,0.,-1.));
#4329=DIRECTION('ref_axis',(1.,0.,0.));
#4330=DIRECTION('center_axis',(0.,0.,-1.));
#4331=DIRECTION('ref_axis',(1.,0.,0.));
#4332=DIRECTION('center_axis',(0.,0.,-1.));
#4333=DIRECTION('ref_axis',(1.,0.,0.));
#4334=DIRECTION('center_axis',(0.,0.,-1.));
#4335=DIRECTION('ref_axis',(1.,0.,0.));
#4336=DIRECTION('center_axis',(0.,0.,-1.));
#4337=DIRECTION('ref_axis',(1.,0.,0.));
#4338=DIRECTION('center_axis',(0.,0.,-1.));
#4339=DIRECTION('ref_axis',(1.,0.,0.));
#4340=DIRECTION('center_axis',(0.,0.,-1.));
#4341=DIRECTION('ref_axis',(1.,0.,0.));
#4342=DIRECTION('center_axis',(0.,0.,-1.));
#4343=DIRECTION('ref_axis',(1.,0.,0.));
#4344=DIRECTION('center_axis',(0.,0.,-1.));
#4345=DIRECTION('ref_axis',(1.,0.,0.));
#4346=DIRECTION('center_axis',(0.608761429008721,0.793353340291235,-2.23677383269776E-17));
#4347=DIRECTION('ref_axis',(-1.36743277911192E-17,0.,1.));
#4348=DIRECTION('center_axis',(0.608761429008721,0.793353340291235,-2.23677383269776E-17));
#4349=DIRECTION('ref_axis',(-0.793353340291235,0.608761429008721,9.97151539358147E-13));
#4350=DIRECTION('center_axis',(-0.608761429008721,-0.793353340291235,2.23677383269776E-17));
#4351=DIRECTION('ref_axis',(-0.793353340291235,0.608761429008721,9.97151539358147E-13));
#4352=DIRECTION('center_axis',(0.,0.,1.));
#4353=DIRECTION('ref_axis',(1.,0.,0.));
#4354=DIRECTION('center_axis',(0.283074483439832,-0.368909849222707,-0.885310318460003));
#4355=DIRECTION('ref_axis',(-0.584323871221907,0.665639842444668,-0.464208157694888));
#4356=DIRECTION('center_axis',(2.18901132818587E-17,-4.49907918160423E-17,
-1.));
#4357=DIRECTION('ref_axis',(-0.707106781186548,0.707106781186547,-2.99810558598632E-17));
#4358=DIRECTION('center_axis',(4.72919415266197E-17,-1.95889635712813E-17,
-1.));
#4359=DIRECTION('ref_axis',(-0.707106781186546,0.707106781186549,-4.72919415266197E-17));
#4360=DIRECTION('center_axis',(0.,0.,-1.));
#4361=DIRECTION('ref_axis',(-1.,0.,0.));
#4362=DIRECTION('center_axis',(0.,0.,1.));
#4363=DIRECTION('ref_axis',(-1.,0.,0.));
#4364=DIRECTION('',(0.,0.,1.));
#4365=DIRECTION('center_axis',(0.,0.,-1.));
#4366=DIRECTION('ref_axis',(-1.,0.,0.));
#4367=DIRECTION('center_axis',(0.,0.,-1.));
#4368=DIRECTION('ref_axis',(-1.,0.,0.));
#4369=DIRECTION('center_axis',(0.,0.,-1.));
#4370=DIRECTION('ref_axis',(-1.,0.,0.));
#4371=DIRECTION('',(0.,0.,1.));
#4372=DIRECTION('center_axis',(0.,0.,1.));
#4373=DIRECTION('ref_axis',(-1.,0.,0.));
#4374=DIRECTION('center_axis',(0.,0.,1.));
#4375=DIRECTION('ref_axis',(-1.,0.,0.));
#4376=DIRECTION('center_axis',(0.,0.,1.));
#4377=DIRECTION('ref_axis',(1.,0.,0.));
#4378=DIRECTION('',(2.15461072164451E-15,-1.,0.));
#4379=DIRECTION('',(-1.,-6.70323335622748E-15,0.));
#4380=DIRECTION('',(-1.,0.,0.));
#4381=DIRECTION('',(-1.15821505953054E-14,1.,0.));
#4382=DIRECTION('',(-1.,-1.48029736616687E-14,0.));
#4383=DIRECTION('',(0.,-1.,0.));
#4384=DIRECTION('center_axis',(0.,0.,-1.));
#4385=DIRECTION('ref_axis',(-0.76602427308943,-0.642811646625829,0.));
#4386=DIRECTION('',(-1.46150723774075E-14,1.,0.));
#4387=DIRECTION('center_axis',(0.,0.,-1.));
#4388=DIRECTION('ref_axis',(-0.76602427308943,-0.642811646625829,0.));
#4389=DIRECTION('',(-5.97613062249069E-14,-1.,0.));
#4390=DIRECTION('',(1.,5.4914257131997E-15,0.));
#4391=DIRECTION('center_axis',(1.,2.27595720048157E-15,0.));
#4392=DIRECTION('ref_axis',(-1.95940667335877E-15,0.861538461538461,-0.507692307692308));
#4393=DIRECTION('center_axis',(1.,2.26485497023532E-15,0.));
#4394=DIRECTION('ref_axis',(-1.51121746522033E-15,0.671422158266688,-0.741075087550851));
#4395=DIRECTION('center_axis',(1.,2.15461072164451E-15,0.));
#4396=DIRECTION('ref_axis',(2.27431131729143E-15,-1.,0.));
#4397=DIRECTION('center_axis',(1.,2.26485497023532E-15,0.));
#4398=DIRECTION('ref_axis',(1.53013015933256E-15,-0.671422158266697,-0.741075087550844));
#4399=DIRECTION('center_axis',(1.,2.15461072164451E-15,0.));
#4400=DIRECTION('ref_axis',(2.27431131729143E-15,-1.,0.));
#4401=DIRECTION('center_axis',(-1.,-2.27595720048157E-15,0.));
#4402=DIRECTION('ref_axis',(-4.84782211397112E-16,0.213155607902642,-0.977018263298929));
#4403=DIRECTION('center_axis',(-0.173648177666929,-0.668725808117548,0.722946819586674));
#4404=DIRECTION('ref_axis',(1.6695706634688E-15,-0.734099439586471,-0.679041981617358));
#4405=DIRECTION('center_axis',(-0.173648177666929,-0.668725808117548,0.722946819586674));
#4406=DIRECTION('ref_axis',(0.,0.734099439586471,0.679041981617358));
#4407=DIRECTION('',(1.58169852328624E-15,-0.734099439586471,-0.679041981617358));
#4408=DIRECTION('center_axis',(-0.173648177666932,0.668725808117555,0.722946819586667));
#4409=DIRECTION('ref_axis',(1.66957066346879E-15,-0.734099439586464,0.679041981617366));
#4410=DIRECTION('center_axis',(-0.173648177666932,0.668725808117555,0.722946819586667));
#4411=DIRECTION('ref_axis',(0.,0.734099439586464,-0.679041981617366));
#4412=DIRECTION('',(1.58169852328622E-15,-0.734099439586464,0.679041981617366));
#4413=DIRECTION('center_axis',(0.,0.,1.));
#4414=DIRECTION('ref_axis',(1.,0.,0.));
#4415=DIRECTION('center_axis',(0.,0.,1.));
#4416=DIRECTION('ref_axis',(1.,0.,0.));
#4417=DIRECTION('center_axis',(0.,0.,1.));
#4418=DIRECTION('ref_axis',(1.,0.,0.));
#4419=DIRECTION('',(0.,0.,1.));
#4420=DIRECTION('',(0.,0.,1.));
#4421=DIRECTION('center_axis',(0.,0.,1.));
#4422=DIRECTION('ref_axis',(1.,0.,0.));
#4423=DIRECTION('center_axis',(0.,0.,1.));
#4424=DIRECTION('ref_axis',(1.,0.,0.));
#4425=DIRECTION('',(0.,0.,1.));
#4426=DIRECTION('',(0.,0.,-1.));
#4427=DIRECTION('center_axis',(0.608761429008721,-0.793353340291235,8.37526405952641E-17));
#4428=DIRECTION('ref_axis',(-2.05114916866789E-17,1.09394622328954E-16,
1.));
#4429=DIRECTION('center_axis',(-0.608761429008721,0.793353340291235,-8.37526405952641E-17));
#4430=DIRECTION('ref_axis',(0.793353340291235,0.608761429008721,9.97151539358147E-13));
#4431=DIRECTION('center_axis',(-0.368909849222706,-0.283074483439832,-0.885310318460003));
#4432=DIRECTION('ref_axis',(0.665639842444668,0.584323871221907,-0.464208157694888));
#4433=DIRECTION('center_axis',(0.608761429008721,-0.793353340291235,8.37526405952641E-17));
#4434=DIRECTION('ref_axis',(0.793353340291235,0.608761429008721,9.97151539358147E-13));
#4435=DIRECTION('center_axis',(-0.608761429008721,0.793353340291235,-8.37526405952641E-17));
#4436=DIRECTION('ref_axis',(0.793353340291235,0.608761429008721,9.97151539358147E-13));
#4437=DIRECTION('center_axis',(-0.608761429008721,0.793353340291235,-8.37526405952641E-17));
#4438=DIRECTION('ref_axis',(1.36743277911192E-17,-1.09394622328954E-16,
-1.));
#4439=DIRECTION('center_axis',(-0.608761429008721,0.793353340291235,-8.37526405952641E-17));
#4440=DIRECTION('ref_axis',(0.793353340291235,0.608761429008721,9.97130152074633E-13));
#4441=DIRECTION('center_axis',(0.368909849222411,0.283074483439605,0.885310318460199));
#4442=DIRECTION('ref_axis',(0.736693786534311,0.491724568444167,-0.464208157694517));
#4443=DIRECTION('center_axis',(-0.608761429008721,0.793353340291235,-8.37526405952641E-17));
#4444=DIRECTION('ref_axis',(1.36743277911192E-17,-1.09394622328954E-16,
-1.));
#4445=DIRECTION('center_axis',(-0.608761429008721,0.793353340291235,-8.37526405952641E-17));
#4446=DIRECTION('ref_axis',(0.793353340291235,0.608761429008721,9.97130152074633E-13));
#4447=DIRECTION('center_axis',(1.87719219662678E-17,1.63827682614701E-16,
1.));
#4448=DIRECTION('ref_axis',(0.865677200750304,0.500602620949109,-2.73046137691168E-17));
#4449=DIRECTION('center_axis',(0.38268343236509,-0.923879532511287,9.24823504699237E-17));
#4450=DIRECTION('ref_axis',(0.923879532511287,0.38268343236509,9.97166659659185E-13));
#4451=DIRECTION('center_axis',(3.34404525489505E-17,-1.24801467940779E-16,
-1.));
#4452=DIRECTION('ref_axis',(0.86602540378444,0.499999999999998,-3.34404525489502E-17));
#4453=DIRECTION('center_axis',(1.87719219662678E-17,1.63827682614701E-16,
1.));
#4454=DIRECTION('ref_axis',(0.866035229141079,0.499982981596933,-2.73046137691168E-17));
#4455=DIRECTION('center_axis',(3.34404525489505E-17,-1.24801467940779E-16,
-1.));
#4456=DIRECTION('ref_axis',(0.866025403784439,0.5,-3.34404525489505E-17));
#4457=DIRECTION('center_axis',(0.38268343236509,-0.923879532511287,9.24823504699237E-17));
#4458=DIRECTION('ref_axis',(0.923879532511287,0.38268343236509,9.97166659659185E-13));
#4459=DIRECTION('center_axis',(-0.60876142900872,-0.793353340291235,8.37526405952641E-17));
#4460=DIRECTION('ref_axis',(1.36743277911192E-17,1.09394622328954E-16,1.));
#4461=DIRECTION('center_axis',(-0.60876142900872,-0.793353340291235,8.37526405952641E-17));
#4462=DIRECTION('ref_axis',(0.793353340291235,-0.60876142900872,9.97211581105355E-13));
#4463=DIRECTION('center_axis',(-0.368909849222707,0.283074483439832,-0.885310318460003));
#4464=DIRECTION('ref_axis',(0.736693786534169,-0.491724568444029,-0.464208157694888));
#4465=DIRECTION('center_axis',(-0.60876142900872,-0.793353340291235,8.37526405952641E-17));
#4466=DIRECTION('ref_axis',(0.793353340291235,-0.608761429008721,9.97232968388869E-13));
#4467=DIRECTION('center_axis',(0.38268343236509,-0.923879532511287,9.24823504699237E-17));
#4468=DIRECTION('ref_axis',(-1.7092909738899E-17,1.09394622328954E-16,1.));
#4469=DIRECTION('center_axis',(-0.38268343236509,0.923879532511287,-9.24823504699237E-17));
#4470=DIRECTION('ref_axis',(0.923879532511287,0.38268343236509,9.97166659659185E-13));
#4471=DIRECTION('center_axis',(-0.429604618433405,-0.177948059413235,-0.885310318460003));
#4472=DIRECTION('ref_axis',(0.794192861204553,0.392133249726727,-0.464208157694888));
#4473=DIRECTION('center_axis',(0.38268343236509,-0.923879532511287,9.24823504699237E-17));
#4474=DIRECTION('ref_axis',(-1.7092909738899E-17,1.09394622328954E-16,1.));
#4475=DIRECTION('center_axis',(-0.38268343236509,0.923879532511287,-9.24823504699237E-17));
#4476=DIRECTION('ref_axis',(0.923879532511287,0.38268343236509,9.97166659659185E-13));
#4477=DIRECTION('center_axis',(8.70334563890598E-17,1.09218455076467E-16,
1.));
#4478=DIRECTION('ref_axis',(0.865677200750304,-0.500602620949109,2.73046137691168E-17));
#4479=DIRECTION('center_axis',(-3.34404525489505E-17,-1.24801467940779E-16,
-1.));
#4480=DIRECTION('ref_axis',(0.866025403784438,-0.500000000000002,3.34404525489508E-17));
#4481=DIRECTION('center_axis',(0.38268343236509,0.923879532511287,-9.24823504699238E-17));
#4482=DIRECTION('ref_axis',(0.923879532511287,-0.38268343236509,9.97196460804317E-13));
#4483=DIRECTION('center_axis',(0.38268343236509,0.923879532511287,-9.24823504699238E-17));
#4484=DIRECTION('ref_axis',(-1.7092909738899E-17,-1.09394622328954E-16,
-1.));
#4485=DIRECTION('center_axis',(0.429604618433061,-0.177948059413092,0.885310318460199));
#4486=DIRECTION('ref_axis',(0.794192861204744,-0.39213324972678,-0.464208157694516));
#4487=DIRECTION('center_axis',(0.382683432365089,0.923879532511287,-9.24823504699237E-17));
#4488=DIRECTION('ref_axis',(0.923879532511287,-0.382683432365089,9.97217848087831E-13));
#4489=DIRECTION('center_axis',(-0.38268343236509,0.923879532511287,-9.24823504699237E-17));
#4490=DIRECTION('ref_axis',(6.83716389555962E-18,-1.09394622328954E-16,
-1.));
#4491=DIRECTION('center_axis',(-0.38268343236509,0.923879532511287,-9.24823504699237E-17));
#4492=DIRECTION('ref_axis',(0.923879532511287,0.38268343236509,9.97145272375672E-13));
#4493=DIRECTION('center_axis',(0.429604618433061,0.177948059413093,0.885310318460199));
#4494=DIRECTION('ref_axis',(0.838859237738345,0.284299077717297,-0.464208157694517));
#4495=DIRECTION('center_axis',(-0.38268343236509,0.923879532511287,-9.24823504699237E-17));
#4496=DIRECTION('ref_axis',(6.83716389555962E-18,-1.09394622328954E-16,
-1.));
#4497=DIRECTION('center_axis',(-0.38268343236509,0.923879532511287,-9.24823504699237E-17));
#4498=DIRECTION('ref_axis',(0.923879532511287,0.38268343236509,9.97145272375672E-13));
#4499=DIRECTION('center_axis',(-0.38268343236509,0.923879532511287,-9.24823504699237E-17));
#4500=DIRECTION('ref_axis',(0.923879532511287,0.38268343236509,9.97145272375672E-13));
#4501=DIRECTION('center_axis',(4.2663459014245E-17,1.63827682614701E-16,
1.));
#4502=DIRECTION('ref_axis',(0.965716194597389,0.259600137697069,-2.73046137691168E-17));
#4503=DIRECTION('center_axis',(1.73100519930311E-17,-1.31482898617552E-16,
-1.));
#4504=DIRECTION('ref_axis',(0.965925826289068,0.258819045102521,-1.7310051993031E-17));
#4505=DIRECTION('center_axis',(0.130526192220052,-0.99144486137381,9.70011808174867E-17));
#4506=DIRECTION('ref_axis',(0.99144486137381,0.130526192220052,9.97183524163633E-13));
#4507=DIRECTION('center_axis',(4.2663459014245E-17,1.63827682614701E-16,
1.));
#4508=DIRECTION('ref_axis',(0.965777040295384,0.259373684937944,-2.73046137691168E-17));
#4509=DIRECTION('center_axis',(0.130526192220052,-0.99144486137381,9.70011808174867E-17));
#4510=DIRECTION('ref_axis',(0.99144486137381,0.130526192220052,9.97183524163633E-13));
#4511=DIRECTION('center_axis',(1.73100519930311E-17,-1.31482898617552E-16,
-1.));
#4512=DIRECTION('ref_axis',(0.965925826289069,0.258819045102519,-1.73100519930308E-17));
#4513=DIRECTION('center_axis',(4.2663459014245E-17,1.63827682614701E-16,
1.));
#4514=DIRECTION('ref_axis',(0.96592819839874,0.258810192106424,-2.73046137691168E-17));
#4515=DIRECTION('center_axis',(0.130526192220052,-0.99144486137381,9.70011808174867E-17));
#4516=DIRECTION('ref_axis',(0.99144486137381,0.130526192220052,9.97183524163633E-13));
#4517=DIRECTION('center_axis',(0.130526192220052,-0.99144486137381,9.70011808174867E-17));
#4518=DIRECTION('ref_axis',(-8.11913212597705E-18,1.09394622328954E-16,
1.));
#4519=DIRECTION('center_axis',(0.130526192220052,-0.99144486137381,9.70011808174867E-17));
#4520=DIRECTION('ref_axis',(0.99144486137381,0.130526192220052,9.97162136880119E-13));
#4521=DIRECTION('center_axis',(0.130526192220052,-0.99144486137381,9.70011808174867E-17));
#4522=DIRECTION('ref_axis',(-8.11913212597705E-18,1.09394622328954E-16,
1.));
#4523=DIRECTION('center_axis',(0.130526192220052,-0.99144486137381,9.70011808174867E-17));
#4524=DIRECTION('ref_axis',(0.99144486137381,0.130526192220052,9.97162136880119E-13));
#4525=DIRECTION('center_axis',(-0.461022542853067,-0.0606947692106986,-0.885310318460003));
#4526=DIRECTION('ref_axis',(0.868622948939107,0.173219395293505,-0.464208157694888));
#4527=DIRECTION('center_axis',(0.130526192220052,-0.99144486137381,9.70011808174867E-17));
#4528=DIRECTION('ref_axis',(-8.11913212597705E-18,1.09394622328954E-16,
1.));
#4529=DIRECTION('center_axis',(0.130526192220052,-0.99144486137381,9.70011808174867E-17));
#4530=DIRECTION('ref_axis',(0.99144486137381,0.130526192220052,9.97162136880119E-13));
#4531=DIRECTION('center_axis',(-0.130526192220052,0.99144486137381,-9.70011808174867E-17));
#4532=DIRECTION('ref_axis',(0.,-1.09394622328954E-16,-1.));
#4533=DIRECTION('center_axis',(-0.130526192220052,0.99144486137381,-9.70011808174867E-17));
#4534=DIRECTION('ref_axis',(0.99144486137381,0.130526192220052,9.97162136880119E-13));
#4535=DIRECTION('center_axis',(-0.130526192220052,0.99144486137381,-9.70011808174867E-17));
#4536=DIRECTION('ref_axis',(0.,-1.09394622328954E-16,-1.));
#4537=DIRECTION('center_axis',(-0.130526192220052,0.99144486137381,-9.70011808174867E-17));
#4538=DIRECTION('ref_axis',(0.99144486137381,0.130526192220052,9.97162136880119E-13));
#4539=DIRECTION('center_axis',(0.461022542852697,0.0606947692106501,0.885310318460199));
#4540=DIRECTION('ref_axis',(0.883857818170947,0.0574990746704326,-0.464208157694517));
#4541=DIRECTION('center_axis',(-0.130526192220052,0.99144486137381,-9.70011808174867E-17));
#4542=DIRECTION('ref_axis',(0.,-1.09394622328954E-16,-1.));
#4543=DIRECTION('center_axis',(-0.130526192220052,0.99144486137381,-9.70011808174867E-17));
#4544=DIRECTION('ref_axis',(0.99144486137381,0.130526192220052,9.97162136880119E-13));
#4545=DIRECTION('center_axis',(6.14353809805128E-17,1.09218455076467E-16,
1.));
#4546=DIRECTION('ref_axis',(1.,2.18436910152934E-16,0.));
#4547=DIRECTION('center_axis',(-0.130526192220052,-0.99144486137381,9.70011808174867E-17));
#4548=DIRECTION('ref_axis',(0.99144486137381,-0.130526192220051,9.97200983583383E-13));
#4549=DIRECTION('center_axis',(8.19054863522224E-33,-1.33761810195802E-16,
-1.));
#4550=DIRECTION('ref_axis',(1.,-2.18958861920461E-15,3.01073885924158E-31));
#4551=DIRECTION('center_axis',(-0.130526192220052,-0.99144486137381,9.70011808174867E-17));
#4552=DIRECTION('ref_axis',(0.,1.09394622328954E-16,1.));
#4553=DIRECTION('center_axis',(-0.130526192220052,-0.99144486137381,9.70011808174867E-17));
#4554=DIRECTION('ref_axis',(0.99144486137381,-0.130526192220051,9.97200983583383E-13));
#4555=DIRECTION('center_axis',(-0.130526192220051,-0.99144486137381,9.70011808174867E-17));
#4556=DIRECTION('ref_axis',(0.99144486137381,-0.130526192220051,9.97179596299869E-13));
#4557=DIRECTION('center_axis',(-0.130526192220052,-0.99144486137381,9.70011808174867E-17));
#4558=DIRECTION('ref_axis',(0.,1.09394622328954E-16,1.));
#4559=DIRECTION('center_axis',(-0.130526192220051,-0.99144486137381,9.70011808174867E-17));
#4560=DIRECTION('ref_axis',(0.99144486137381,-0.130526192220051,9.97179596299869E-13));
#4561=DIRECTION('center_axis',(-0.461022542853067,0.0606947692106984,-0.885310318460003));
#4562=DIRECTION('ref_axis',(0.883857818170755,-0.0574990746703842,-0.464208157694888));
#4563=DIRECTION('center_axis',(0.130526192220051,0.99144486137381,-9.70011808174867E-17));
#4564=DIRECTION('ref_axis',(-8.11913212597705E-18,-1.09394622328954E-16,
-1.));
#4565=DIRECTION('center_axis',(0.130526192220051,0.99144486137381,-9.70011808174867E-17));
#4566=DIRECTION('ref_axis',(0.991444861373811,-0.130526192220051,9.97179596299869E-13));
#4567=DIRECTION('center_axis',(0.130526192220051,0.99144486137381,-9.70011808174867E-17));
#4568=DIRECTION('ref_axis',(-8.11913212597705E-18,-1.09394622328954E-16,
-1.));
#4569=DIRECTION('center_axis',(0.130526192220051,0.99144486137381,-9.70011808174867E-17));
#4570=DIRECTION('ref_axis',(0.991444861373811,-0.130526192220051,9.97179596299869E-13));
#4571=DIRECTION('center_axis',(0.461022542852697,-0.0606947692106494,0.885310318460199));
#4572=DIRECTION('ref_axis',(0.868622948939305,-0.173219395293507,-0.464208157694517));
#4573=DIRECTION('center_axis',(7.6794226225641E-17,1.09218455076467E-16,
1.));
#4574=DIRECTION('ref_axis',(0.965716194597389,-0.259600137697069,2.73046137691168E-17));
#4575=DIRECTION('center_axis',(-1.7310051993031E-17,-1.31482898617552E-16,
-1.));
#4576=DIRECTION('ref_axis',(0.965925826289068,-0.258819045102521,1.73100519930311E-17));
#4577=DIRECTION('center_axis',(-0.382683432365089,-0.923879532511287,9.24823504699237E-17));
#4578=DIRECTION('ref_axis',(0.923879532511287,-0.382683432365089,9.97217848087831E-13));
#4579=DIRECTION('center_axis',(7.6794226225641E-17,1.09218455076467E-16,
1.));
#4580=DIRECTION('ref_axis',(0.965777040295385,-0.259373684937943,2.73046137691168E-17));
#4581=DIRECTION('center_axis',(-0.382683432365089,-0.923879532511287,9.24823504699237E-17));
#4582=DIRECTION('ref_axis',(0.923879532511287,-0.382683432365089,9.97217848087831E-13));
#4583=DIRECTION('center_axis',(-1.7310051993031E-17,-1.31482898617552E-16,
-1.));
#4584=DIRECTION('ref_axis',(0.965925826289068,-0.258819045102523,1.73100519930313E-17));
#4585=DIRECTION('center_axis',(-0.382683432365089,-0.923879532511287,9.24823504699237E-17));
#4586=DIRECTION('ref_axis',(6.83716389555962E-18,1.09394622328954E-16,1.));
#4587=DIRECTION('center_axis',(-0.429604618433405,0.177948059413235,-0.885310318460003));
#4588=DIRECTION('ref_axis',(0.838859237738173,-0.2842990777172,-0.464208157694888));
#4589=DIRECTION('center_axis',(-0.60876142900872,-0.793353340291235,8.37526405952641E-17));
#4590=DIRECTION('ref_axis',(1.36743277911192E-17,1.09394622328954E-16,1.));
#4591=DIRECTION('center_axis',(-0.60876142900872,-0.793353340291235,8.37526405952641E-17));
#4592=DIRECTION('ref_axis',(0.793353340291235,-0.608761429008721,9.97232968388869E-13));
#4593=DIRECTION('center_axis',(-0.60876142900872,-0.793353340291235,8.37526405952641E-17));
#4594=DIRECTION('ref_axis',(0.793353340291235,-0.60876142900872,9.97211581105355E-13));
#4595=DIRECTION('center_axis',(8.70334563890598E-17,1.09218455076467E-16,
1.));
#4596=DIRECTION('ref_axis',(0.866035229141079,-0.499982981596933,2.73046137691168E-17));
#4597=DIRECTION('center_axis',(0.38268343236509,0.923879532511287,-9.24823504699238E-17));
#4598=DIRECTION('ref_axis',(0.923879532511287,-0.38268343236509,9.97196460804317E-13));
#4599=DIRECTION('center_axis',(-3.34404525489505E-17,-1.24801467940779E-16,
-1.));
#4600=DIRECTION('ref_axis',(0.866025403784439,-0.5,3.34404525489505E-17));
#4601=DIRECTION('center_axis',(-1.5478647542544E-17,-9.36907090740384E-17,
-1.));
#4602=DIRECTION('ref_axis',(0.866025403784439,-0.5,2.99810558598632E-17));
#4603=DIRECTION('center_axis',(0.38268343236509,0.923879532511287,-9.24823504699238E-17));
#4604=DIRECTION('ref_axis',(-1.7092909738899E-17,-1.09394622328954E-16,
-1.));
#4605=DIRECTION('center_axis',(0.382683432365089,0.923879532511287,-9.24823504699237E-17));
#4606=DIRECTION('ref_axis',(0.923879532511287,-0.382683432365089,9.97217848087831E-13));
#4607=DIRECTION('center_axis',(0.,0.,1.));
#4608=DIRECTION('ref_axis',(1.,0.,0.));
#4609=DIRECTION('center_axis',(0.,0.,1.));
#4610=DIRECTION('ref_axis',(1.,0.,0.));
#4611=DIRECTION('center_axis',(-0.283074483439832,0.368909849222706,-0.885310318460003));
#4612=DIRECTION('ref_axis',(0.584323871221907,-0.665639842444668,-0.464208157694888));
#4613=DIRECTION('center_axis',(-0.793353340291235,-0.608761429008721,7.14069664949381E-17));
#4614=DIRECTION('ref_axis',(2.05114916866789E-17,1.09394622328954E-16,1.));
#4615=DIRECTION('center_axis',(-0.793353340291235,-0.608761429008721,7.14069664949381E-17));
#4616=DIRECTION('ref_axis',(0.608761429008721,-0.793353340291235,9.97223926779455E-13));
#4617=DIRECTION('center_axis',(-0.793353340291235,-0.608761429008721,7.14069664949381E-17));
#4618=DIRECTION('ref_axis',(0.608761429008721,-0.793353340291235,9.97245314062969E-13));
#4619=DIRECTION('center_axis',(9.04465331101994E-17,5.46092275382336E-17,
1.));
#4620=DIRECTION('ref_axis',(0.707106781186552,-0.707106781186543,5.46092275382336E-17));
#4621=DIRECTION('center_axis',(-4.72919415266197E-17,-1.14172846624521E-16,
-1.));
#4622=DIRECTION('ref_axis',(0.707106781186546,-0.707106781186549,4.729194152662E-17));
#4623=DIRECTION('center_axis',(0.60876142900872,0.793353340291235,-8.37526405952641E-17));
#4624=DIRECTION('ref_axis',(0.793353340291235,-0.60876142900872,9.97211581105355E-13));
#4625=DIRECTION('center_axis',(-4.72919415266197E-17,-1.14172846624521E-16,
-1.));
#4626=DIRECTION('ref_axis',(0.707106781186548,-0.707106781186547,4.72919415266197E-17));
#4627=DIRECTION('center_axis',(-2.18901132818587E-17,-8.87710183797597E-17,
-1.));
#4628=DIRECTION('ref_axis',(0.707106781186548,-0.707106781186547,2.99810558598632E-17));
#4629=DIRECTION('center_axis',(0.60876142900872,0.793353340291235,-8.37526405952641E-17));
#4630=DIRECTION('ref_axis',(-2.05114916866789E-17,-1.09394622328954E-16,
-1.));
#4631=DIRECTION('center_axis',(0.368909849222411,-0.283074483439605,0.885310318460199));
#4632=DIRECTION('ref_axis',(0.665639842444838,-0.584323871222008,-0.464208157694517));
#4633=DIRECTION('center_axis',(0.,0.,1.));
#4634=DIRECTION('ref_axis',(1.,0.,0.));
#4635=DIRECTION('center_axis',(8.01233755287946E-18,-9.67833559326391E-17,
-1.));
#4636=DIRECTION('ref_axis',(0.965925826289068,0.258819045102521,0.));
#4637=DIRECTION('center_axis',(0.,0.,1.));
#4638=DIRECTION('ref_axis',(1.,0.,0.));
#4639=DIRECTION('center_axis',(0.,0.,1.));
#4640=DIRECTION('ref_axis',(1.,0.,0.));
#4641=DIRECTION('center_axis',(-0.130526192220052,-0.99144486137381,9.70011808174867E-17));
#4642=DIRECTION('ref_axis',(0.,1.09394622328954E-16,1.));
#4643=DIRECTION('center_axis',(-0.130526192220052,-0.99144486137381,9.70011808174867E-17));
#4644=DIRECTION('ref_axis',(0.99144486137381,-0.130526192220051,9.97200983583383E-13));
#4645=DIRECTION('center_axis',(-0.130526192220051,-0.99144486137381,9.70011808174867E-17));
#4646=DIRECTION('ref_axis',(0.99144486137381,-0.130526192220051,9.97179596299869E-13));
#4647=DIRECTION('center_axis',(6.14353809805128E-17,1.09218455076467E-16,
1.));
#4648=DIRECTION('ref_axis',(1.,-4.36873820305869E-16,0.));
#4649=DIRECTION('center_axis',(8.19054863522224E-33,-1.33761810195802E-16,
-1.));
#4650=DIRECTION('ref_axis',(1.,-3.39945979909625E-16,5.36623382767194E-32));
#4651=DIRECTION('center_axis',(1.48027663168146E-32,-9.7838200182989E-17,
-1.));
#4652=DIRECTION('ref_axis',(1.,1.19924223439453E-16,0.));
#4653=DIRECTION('center_axis',(0.,0.,1.));
#4654=DIRECTION('ref_axis',(1.,0.,0.));
#4655=DIRECTION('center_axis',(1.5478647542544E-17,-9.36907090740384E-17,
-1.));
#4656=DIRECTION('ref_axis',(0.866025403784439,0.5,-2.99810558598632E-17));
#4657=DIRECTION('center_axis',(0.,0.,1.));
#4658=DIRECTION('ref_axis',(1.,0.,0.));
#4659=DIRECTION('center_axis',(0.793353340291235,0.608761429008721,-1.00220642266516E-17));
#4660=DIRECTION('ref_axis',(-2.05114916866789E-17,0.,1.));
#4661=DIRECTION('center_axis',(0.793353340291235,0.608761429008721,-1.00220642266516E-17));
#4662=DIRECTION('ref_axis',(-0.608761429008721,0.793353340291235,9.97117806400533E-13));
#4663=DIRECTION('center_axis',(0.793353340291235,0.608761429008721,-1.00220642266516E-17));
#4664=DIRECTION('ref_axis',(-0.608761429008721,0.793353340291235,9.97139193684047E-13));
#4665=DIRECTION('center_axis',(-9.04465331101994E-17,5.46092275382336E-17,
1.));
#4666=DIRECTION('ref_axis',(-0.707129739365445,0.707083822262226,-5.46092275382336E-17));
#4667=DIRECTION('center_axis',(-0.608761429008721,-0.793353340291235,2.23677383269776E-17));
#4668=DIRECTION('ref_axis',(-0.793353340291235,0.608761429008721,9.97130152074633E-13));
#4669=DIRECTION('center_axis',(4.72919415266197E-17,-1.95889635712813E-17,
-1.));
#4670=DIRECTION('ref_axis',(-0.707106781186547,0.707106781186548,-4.72919415266197E-17));
#4671=DIRECTION('center_axis',(-0.608761429008721,-0.793353340291235,2.23677383269776E-17));
#4672=DIRECTION('ref_axis',(2.05114916866789E-17,-5.46973111644769E-17,
-1.));
#4673=DIRECTION('center_axis',(0.368909849222706,-0.283074483439832,-0.885310318460003));
#4674=DIRECTION('ref_axis',(-0.736693786534169,0.491724568444029,-0.464208157694888));
#4675=DIRECTION('center_axis',(0.608761429008721,0.793353340291235,-2.23677383269776E-17));
#4676=DIRECTION('ref_axis',(-1.36743277911192E-17,0.,1.));
#4677=DIRECTION('center_axis',(0.608761429008721,0.793353340291235,-2.23677383269776E-17));
#4678=DIRECTION('ref_axis',(-0.793353340291235,0.608761429008721,9.97151539358147E-13));
#4679=DIRECTION('center_axis',(-8.70334563890598E-17,5.46092275382336E-17,
1.));
#4680=DIRECTION('ref_axis',(-0.866451513799795,0.499261228450641,-2.73046137691168E-17));
#4681=DIRECTION('center_axis',(3.34404525489505E-17,-8.96034225502256E-18,
-1.));
#4682=DIRECTION('ref_axis',(-0.866025403784438,0.500000000000002,-3.34404525489505E-17));
#4683=DIRECTION('center_axis',(-0.38268343236509,-0.923879532511287,3.10974482016373E-17));
#4684=DIRECTION('ref_axis',(-0.923879532511287,0.38268343236509,9.97145272375672E-13));
#4685=DIRECTION('center_axis',(3.34404525489505E-17,-8.96034225502256E-18,
-1.));
#4686=DIRECTION('ref_axis',(-0.866025403784438,0.5,-3.34404525489505E-17));
#4687=DIRECTION('center_axis',(1.5478647542544E-17,-4.00711011217636E-17,
-1.));
#4688=DIRECTION('ref_axis',(-0.866025403784439,0.5,-2.99810558598632E-17));
#4689=DIRECTION('center_axis',(-0.38268343236509,-0.923879532511287,3.10974482016373E-17));
#4690=DIRECTION('ref_axis',(1.36743277911192E-17,-5.46973111644769E-17,
-1.));
#4691=DIRECTION('center_axis',(-0.429604618433061,0.177948059413092,0.885310318460199));
#4692=DIRECTION('ref_axis',(-0.794192861204744,0.39213324972678,-0.464208157694517));
#4693=DIRECTION('center_axis',(-0.38268343236509,-0.923879532511287,3.10974482016373E-17));
#4694=DIRECTION('ref_axis',(-0.923879532511287,0.38268343236509,9.97166659659185E-13));
#4695=DIRECTION('center_axis',(0.,0.,1.));
#4696=DIRECTION('ref_axis',(1.,0.,0.));
#4697=DIRECTION('center_axis',(0.0606947692106985,-0.461022542853067,-0.885310318460003));
#4698=DIRECTION('ref_axis',(-0.173219395293505,0.868622948939107,-0.464208157694888));
#4699=DIRECTION('center_axis',(0.99144486137381,0.130526192220052,2.19627412594836E-17));
#4700=DIRECTION('ref_axis',(-2.73486555822385E-17,1.09394622328954E-16,
1.));
#4701=DIRECTION('center_axis',(0.99144486137381,0.130526192220052,2.19627412594836E-17));
#4702=DIRECTION('ref_axis',(-0.130526192220052,0.99144486137381,9.97104557860311E-13));
#4703=DIRECTION('center_axis',(0.99144486137381,0.130526192220052,2.19627412594836E-17));
#4704=DIRECTION('ref_axis',(-0.130526192220052,0.99144486137381,9.97125945143825E-13));
#4705=DIRECTION('center_axis',(-8.02073029467806E-17,1.09218455076467E-16,
1.));
#4706=DIRECTION('ref_axis',(-0.25881904510254,0.965925826289063,-5.46092275382336E-17));
#4707=DIRECTION('center_axis',(6.46019935196508E-17,-4.95708531048699E-17,
-1.));
#4708=DIRECTION('ref_axis',(-0.258819045102519,0.965925826289069,-6.46019935196507E-17));
#4709=DIRECTION('center_axis',(-0.923879532511287,-0.38268343236509,-5.09823681159465E-18));
#4710=DIRECTION('ref_axis',(-0.38268343236509,0.923879532511287,9.97109076690658E-13));
#4711=DIRECTION('center_axis',(6.46019935196508E-17,-4.95708531048699E-17,
-1.));
#4712=DIRECTION('ref_axis',(-0.258819045102521,0.965925826289068,-6.46019935196508E-17));
#4713=DIRECTION('center_axis',(2.99024508347382E-17,-5.88685675450215E-17,
-1.));
#4714=DIRECTION('ref_axis',(-0.258819045102521,0.965925826289068,-8.99431675795897E-17));
#4715=DIRECTION('center_axis',(-0.923879532511287,-0.38268343236509,-5.09823681159465E-18));
#4716=DIRECTION('ref_axis',(2.73486555822385E-17,-5.46973111644769E-17,
-1.));
#4717=DIRECTION('center_axis',(-0.177948059413093,0.429604618433061,0.885310318460199));
#4718=DIRECTION('ref_axis',(-0.284299077717296,0.838859237738345,-0.464208157694517));
#4719=DIRECTION('center_axis',(-0.923879532511287,-0.38268343236509,-5.09823681159465E-18));
#4720=DIRECTION('ref_axis',(-0.38268343236509,0.923879532511287,9.97130463974172E-13));
#4721=DIRECTION('center_axis',(0.,0.,1.));
#4722=DIRECTION('ref_axis',(1.,0.,0.));
#4723=DIRECTION('center_axis',(0.,0.,1.));
#4724=DIRECTION('ref_axis',(1.,0.,0.));
#4725=DIRECTION('center_axis',(-0.0606947692106985,-0.461022542853067,-0.885310318460003));
#4726=DIRECTION('ref_axis',(0.0574990746703842,0.883857818170755,-0.464208157694888));
#4727=DIRECTION('center_axis',(0.99144486137381,-0.130526192220052,3.94221610088029E-17));
#4728=DIRECTION('ref_axis',(-2.73486555822385E-17,5.46973111644769E-17,
1.));
#4729=DIRECTION('center_axis',(0.99144486137381,-0.130526192220052,3.94221610088029E-17));
#4730=DIRECTION('ref_axis',(0.130526192220052,0.99144486137381,9.97104557860311E-13));
#4731=DIRECTION('center_axis',(0.99144486137381,-0.130526192220052,3.94221610088029E-17));
#4732=DIRECTION('ref_axis',(0.130526192220052,0.991444861373811,9.97125945143825E-13));
#4733=DIRECTION('center_axis',(-6.65549960622222E-17,1.09218455076467E-16,
1.));
#4734=DIRECTION('ref_axis',(1.42717803094452E-14,1.,-5.46092275382336E-17));
#4735=DIRECTION('center_axis',(6.6880905097901E-17,-6.6880905097901E-17,
-1.));
#4736=DIRECTION('ref_axis',(2.25082095916198E-15,1.,-6.68809050979009E-17));
#4737=DIRECTION('center_axis',(-0.99144486137381,-0.130526192220052,-2.19627412594836E-17));
#4738=DIRECTION('ref_axis',(-0.130526192220052,0.991444861373811,9.97104557860311E-13));
#4739=DIRECTION('center_axis',(6.6880905097901E-17,-6.6880905097901E-17,
-1.));
#4740=DIRECTION('ref_axis',(4.01178319866992E-16,1.,-6.6880905097901E-17));
#4741=DIRECTION('center_axis',(3.0957295085088E-17,-6.6880905097901E-17,
-1.));
#4742=DIRECTION('ref_axis',(-6.18359277109679E-17,1.,-8.99431675795897E-17));
#4743=DIRECTION('center_axis',(-0.99144486137381,-0.130526192220052,-2.19627412594836E-17));
#4744=DIRECTION('ref_axis',(2.73486555822385E-17,-5.46973111644769E-17,
-1.));
#4745=DIRECTION('center_axis',(-0.06069476921065,0.461022542852697,0.885310318460199));
#4746=DIRECTION('ref_axis',(-0.0574990746704326,0.883857818170947,-0.464208157694517));
#4747=DIRECTION('center_axis',(0.,0.,1.));
#4748=DIRECTION('ref_axis',(1.,0.,0.));
#4749=DIRECTION('center_axis',(0.429604618433405,-0.177948059413235,-0.885310318460003));
#4750=DIRECTION('ref_axis',(-0.838859237738172,0.2842990777172,-0.464208157694888));
#4751=DIRECTION('center_axis',(0.38268343236509,0.923879532511287,-3.10974482016373E-17));
#4752=DIRECTION('ref_axis',(-6.83716389555962E-18,0.,1.));
#4753=DIRECTION('center_axis',(0.38268343236509,0.923879532511287,-3.10974482016373E-17));
#4754=DIRECTION('ref_axis',(-0.923879532511287,0.38268343236509,9.97166659659185E-13));
#4755=DIRECTION('center_axis',(-7.6794226225641E-17,0.,1.));
#4756=DIRECTION('ref_axis',(-0.965925826289055,0.25881904510257,-2.73046137691168E-17));
#4757=DIRECTION('center_axis',(1.73100519930311E-17,-2.27891157825021E-18,
-1.));
#4758=DIRECTION('ref_axis',(-0.965925826289068,0.258819045102523,-1.7310051993031E-17));
#4759=DIRECTION('center_axis',(-0.130526192220052,-0.99144486137381,3.56162785492002E-17));
#4760=DIRECTION('ref_axis',(-0.99144486137381,0.130526192220052,9.9716213688012E-13));
#4761=DIRECTION('center_axis',(1.73100519930311E-17,-2.27891157825021E-18,
-1.));
#4762=DIRECTION('ref_axis',(-0.965925826289068,0.258819045102521,-1.7310051993031E-17));
#4763=DIRECTION('center_axis',(8.01233755287943E-18,-3.69784542631628E-17,
-1.));
#4764=DIRECTION('ref_axis',(-0.965925826289068,0.258819045102521,0.));
#4765=DIRECTION('center_axis',(-0.130526192220052,-0.99144486137381,3.56162785492002E-17));
#4766=DIRECTION('ref_axis',(6.83716389555962E-18,-5.46973111644769E-17,
-1.));
#4767=DIRECTION('center_axis',(-0.461022542852697,0.0606947692106497,0.885310318460199));
#4768=DIRECTION('ref_axis',(-0.868622948939305,0.173219395293507,-0.464208157694517));
#4769=DIRECTION('center_axis',(-0.130526192220052,-0.99144486137381,3.56162785492002E-17));
#4770=DIRECTION('ref_axis',(-0.99144486137381,0.130526192220052,9.97183524163633E-13));
#4771=DIRECTION('center_axis',(-0.283074483439832,-0.368909849222707,-0.885310318460003));
#4772=DIRECTION('ref_axis',(0.491724568444029,0.736693786534169,-0.464208157694888));
#4773=DIRECTION('center_axis',(0.793353340291235,-0.608761429008721,7.14069664949381E-17));
#4774=DIRECTION('ref_axis',(-2.73486555822385E-17,5.46973111644769E-17,
1.));
#4775=DIRECTION('center_axis',(0.793353340291235,-0.608761429008721,7.14069664949381E-17));
#4776=DIRECTION('ref_axis',(0.608761429008721,0.793353340291235,9.97117806400533E-13));
#4777=DIRECTION('center_axis',(0.793353340291235,-0.608761429008721,7.14069664949381E-17));
#4778=DIRECTION('ref_axis',(0.608761429008721,0.793353340291235,9.97139193684047E-13));
#4779=DIRECTION('center_axis',(-2.73046137691168E-17,1.63827682614701E-16,
1.));
#4780=DIRECTION('ref_axis',(0.500000000000037,0.866025403784417,-5.46092275382336E-17));
#4781=DIRECTION('center_axis',(5.79205628428784E-17,-1.00321357646851E-16,
-1.));
#4782=DIRECTION('ref_axis',(0.500000000000002,0.866025403784438,-5.79205628428782E-17));
#4783=DIRECTION('center_axis',(-0.923879532511287,0.38268343236509,-5.62866654566918E-17));
#4784=DIRECTION('ref_axis',(0.38268343236509,0.923879532511287,9.97109076690658E-13));
#4785=DIRECTION('center_axis',(5.79205628428784E-17,-1.00321357646851E-16,
-1.));
#4786=DIRECTION('ref_axis',(0.5,0.866025403784438,-5.79205628428784E-17));
#4787=DIRECTION('center_axis',(2.68098039761374E-17,-8.2359552640445E-17,
-1.));
#4788=DIRECTION('ref_axis',(0.5,0.866025403784439,-2.99810558598632E-17));
#4789=DIRECTION('center_axis',(-0.923879532511287,0.38268343236509,-5.62866654566918E-17));
#4790=DIRECTION('ref_axis',(2.73486555822385E-17,-1.09394622328954E-16,
-1.));
#4791=DIRECTION('center_axis',(0.177948059413092,0.429604618433061,0.885310318460199));
#4792=DIRECTION('ref_axis',(0.39213324972678,0.794192861204744,-0.464208157694517));
#4793=DIRECTION('center_axis',(-0.923879532511287,0.38268343236509,-5.62866654566918E-17));
#4794=DIRECTION('ref_axis',(0.38268343236509,0.923879532511287,9.97130463974172E-13));
#4795=DIRECTION('center_axis',(0.,0.,1.));
#4796=DIRECTION('ref_axis',(1.,0.,0.));
#4797=DIRECTION('center_axis',(0.,0.,1.));
#4798=DIRECTION('ref_axis',(1.,0.,0.));
#4799=DIRECTION('center_axis',(-0.177948059413235,-0.429604618433405,-0.885310318460003));
#4800=DIRECTION('ref_axis',(0.2842990777172,0.838859237738172,-0.464208157694888));
#4801=DIRECTION('center_axis',(0.923879532511287,-0.38268343236509,5.62866654566918E-17));
#4802=DIRECTION('ref_axis',(-2.73486555822385E-17,5.46973111644769E-17,
1.));
#4803=DIRECTION('center_axis',(0.923879532511287,-0.38268343236509,5.62866654566918E-17));
#4804=DIRECTION('ref_axis',(0.38268343236509,0.923879532511287,9.97130463974172E-13));
#4805=DIRECTION('center_axis',(-4.94896124565242E-17,1.63827682614701E-16,
1.));
#4806=DIRECTION('ref_axis',(0.258819045102527,0.965925826289067,-5.46092275382336E-17));
#4807=DIRECTION('center_axis',(6.46019935196508E-17,-8.4190957090932E-17,
-1.));
#4808=DIRECTION('ref_axis',(0.258819045102523,0.965925826289068,-6.46019935196506E-17));
#4809=DIRECTION('center_axis',(-0.99144486137381,0.130526192220052,-3.94221610088029E-17));
#4810=DIRECTION('ref_axis',(0.130526192220052,0.991444861373811,9.97104557860311E-13));
#4811=DIRECTION('center_axis',(6.46019935196508E-17,-8.4190957090932E-17,
-1.));
#4812=DIRECTION('ref_axis',(0.258819045102521,0.965925826289068,-6.46019935196507E-17));
#4813=DIRECTION('center_axis',(2.99024508347382E-17,-7.48932426507804E-17,
-1.));
#4814=DIRECTION('ref_axis',(0.258819045102521,0.965925826289068,-8.99431675795897E-17));
#4815=DIRECTION('center_axis',(-0.99144486137381,0.130526192220052,-3.94221610088029E-17));
#4816=DIRECTION('ref_axis',(2.73486555822385E-17,-1.09394622328954E-16,
-1.));
#4817=DIRECTION('center_axis',(0.0606947692106496,0.461022542852697,0.885310318460199));
#4818=DIRECTION('ref_axis',(0.173219395293507,0.868622948939305,-0.464208157694517));
#4819=DIRECTION('center_axis',(-3.4130767211396E-18,1.63827682614701E-16,
1.));
#4820=DIRECTION('ref_axis',(0.707106781186559,0.707106781186536,-5.46092275382336E-17));
#4821=DIRECTION('center_axis',(4.72919415266197E-17,-1.14172846624521E-16,
-1.));
#4822=DIRECTION('ref_axis',(0.707106781186549,0.707106781186546,-4.72919415266195E-17));
#4823=DIRECTION('center_axis',(-0.793353340291235,0.608761429008721,-7.14069664949381E-17));
#4824=DIRECTION('ref_axis',(0.608761429008721,0.793353340291235,9.97117806400533E-13));
#4825=DIRECTION('center_axis',(4.72919415266197E-17,-1.14172846624521E-16,
-1.));
#4826=DIRECTION('ref_axis',(0.707106781186548,0.707106781186547,-4.72919415266197E-17));
#4827=DIRECTION('center_axis',(2.18901132818587E-17,-8.87710183797597E-17,
-1.));
#4828=DIRECTION('ref_axis',(0.707106781186547,0.707106781186548,-2.99810558598632E-17));
#4829=DIRECTION('center_axis',(-0.793353340291235,0.608761429008721,-7.14069664949381E-17));
#4830=DIRECTION('ref_axis',(2.05114916866789E-17,-1.09394622328954E-16,
-1.));
#4831=DIRECTION('center_axis',(0.283074483439605,0.368909849222411,0.885310318460199));
#4832=DIRECTION('ref_axis',(0.584323871222009,0.665639842444838,-0.464208157694517));
#4833=DIRECTION('center_axis',(0.177948059413235,-0.429604618433405,-0.885310318460003));
#4834=DIRECTION('ref_axis',(-0.392133249726727,0.794192861204553,-0.464208157694888));
#4835=DIRECTION('center_axis',(0.923879532511287,0.38268343236509,5.09823681159465E-18));
#4836=DIRECTION('ref_axis',(-2.73486555822385E-17,0.,1.));
#4837=DIRECTION('center_axis',(0.923879532511287,0.38268343236509,5.09823681159465E-18));
#4838=DIRECTION('ref_axis',(-0.38268343236509,0.923879532511287,9.97130463974172E-13));
#4839=DIRECTION('center_axis',(-8.87399947496296E-17,1.09218455076467E-16,
1.));
#4840=DIRECTION('ref_axis',(-0.5,0.866025403784438,-5.46092275382336E-17));
#4841=DIRECTION('center_axis',(5.79205628428784E-17,-3.34404525489505E-17,
-1.));
#4842=DIRECTION('ref_axis',(-0.499999999999998,0.86602540378444,-5.79205628428784E-17));
#4843=DIRECTION('center_axis',(-0.793353340291235,-0.608761429008721,1.00220642266516E-17));
#4844=DIRECTION('ref_axis',(-0.608761429008721,0.793353340291235,9.97117806400533E-13));
#4845=DIRECTION('center_axis',(5.79205628428784E-17,-3.34404525489505E-17,
-1.));
#4846=DIRECTION('ref_axis',(-0.5,0.866025403784439,-5.79205628428784E-17));
#4847=DIRECTION('center_axis',(2.68098039761374E-17,-5.1402257555357E-17,
-1.));
#4848=DIRECTION('ref_axis',(-0.5,0.866025403784439,-2.99810558598632E-17));
#4849=DIRECTION('center_axis',(-0.793353340291235,-0.608761429008721,1.00220642266516E-17));
#4850=DIRECTION('ref_axis',(2.73486555822385E-17,-5.46973111644769E-17,
-1.));
#4851=DIRECTION('center_axis',(-0.283074483439605,0.368909849222411,0.885310318460199));
#4852=DIRECTION('ref_axis',(-0.491724568444167,0.736693786534311,-0.464208157694517));
#4853=DIRECTION('center_axis',(0.,0.,1.));
#4854=DIRECTION('ref_axis',(1.,0.,0.));
#4855=DIRECTION('center_axis',(0.461022542853067,0.0606947692106987,-0.885310318460003));
#4856=DIRECTION('ref_axis',(-0.868622948939107,-0.173219395293505,-0.464208157694888));
#4857=DIRECTION('center_axis',(-0.130526192220052,0.99144486137381,-3.56162785492002E-17));
#4858=DIRECTION('ref_axis',(6.83716389555962E-18,0.,1.));
#4859=DIRECTION('center_axis',(-0.130526192220051,0.99144486137381,-3.56162785492002E-17));
#4860=DIRECTION('ref_axis',(-0.99144486137381,-0.130526192220051,9.97179596299869E-13));
#4861=DIRECTION('center_axis',(-0.130526192220052,0.99144486137381,-3.56162785492002E-17));
#4862=DIRECTION('ref_axis',(-0.99144486137381,-0.130526192220052,9.97200983583383E-13));
#4863=DIRECTION('center_axis',(-4.2663459014245E-17,0.,1.));
#4864=DIRECTION('ref_axis',(-0.965925826289068,-0.258819045102521,2.73046137691168E-17));
#4865=DIRECTION('center_axis',(-1.73100519930311E-17,-2.27891157825023E-18,
-1.));
#4866=DIRECTION('ref_axis',(-0.965925826289069,-0.258819045102519,1.73100519930311E-17));
#4867=DIRECTION('center_axis',(0.38268343236509,-0.923879532511287,3.10974482016373E-17));
#4868=DIRECTION('ref_axis',(-0.923879532511287,-0.382683432365091,9.97196460804317E-13));
#4869=DIRECTION('center_axis',(-1.73100519930311E-17,-2.27891157825023E-18,
-1.));
#4870=DIRECTION('ref_axis',(-0.965925826289068,-0.258819045102521,1.73100519930311E-17));
#4871=DIRECTION('center_axis',(-8.01233755287948E-18,-3.69784542631629E-17,
-1.));
#4872=DIRECTION('ref_axis',(-0.965925826289068,-0.258819045102522,0.));
#4873=DIRECTION('center_axis',(0.38268343236509,-0.923879532511287,3.10974482016373E-17));
#4874=DIRECTION('ref_axis',(-6.83716389555962E-18,-5.46973111644769E-17,
-1.));
#4875=DIRECTION('center_axis',(-0.42960461843306,-0.177948059413093,0.885310318460199));
#4876=DIRECTION('ref_axis',(-0.838859237738345,-0.284299077717297,-0.464208157694517));
#4877=DIRECTION('center_axis',(0.38268343236509,-0.923879532511287,3.10974482016373E-17));
#4878=DIRECTION('ref_axis',(-0.923879532511287,-0.38268343236509,9.97217848087831E-13));
#4879=DIRECTION('center_axis',(0.,0.,1.));
#4880=DIRECTION('ref_axis',(1.,0.,0.));
#4881=DIRECTION('center_axis',(0.,0.,1.));
#4882=DIRECTION('ref_axis',(1.,0.,0.));
#4883=DIRECTION('center_axis',(0.429604618433405,0.177948059413235,-0.885310318460003));
#4884=DIRECTION('ref_axis',(-0.794192861204553,-0.392133249726727,-0.464208157694888));
#4885=DIRECTION('center_axis',(-0.38268343236509,0.923879532511287,-3.10974482016373E-17));
#4886=DIRECTION('ref_axis',(1.36743277911192E-17,0.,1.));
#4887=DIRECTION('center_axis',(-1.5478647542544E-17,-4.00711011217636E-17,
-1.));
#4888=DIRECTION('ref_axis',(-0.866025403784438,-0.5,2.99810558598632E-17));
#4889=DIRECTION('center_axis',(0.177948059413235,0.429604618433405,-0.885310318460003));
#4890=DIRECTION('ref_axis',(-0.2842990777172,-0.838859237738173,-0.464208157694888));
#4891=DIRECTION('center_axis',(-0.923879532511287,0.382683432365089,5.09823681159468E-18));
#4892=DIRECTION('ref_axis',(2.73486555822385E-17,1.09394622328954E-16,1.));
#4893=DIRECTION('center_axis',(-0.923879532511287,0.382683432365089,5.09823681159469E-18));
#4894=DIRECTION('ref_axis',(-0.382683432365089,-0.923879532511287,9.9723265648933E-13));
#4895=DIRECTION('center_axis',(-0.923879532511287,0.382683432365089,5.09823681159468E-18));
#4896=DIRECTION('ref_axis',(-0.382683432365089,-0.923879532511287,9.97254043772844E-13));
#4897=DIRECTION('center_axis',(4.94896124565242E-17,0.,1.));
#4898=DIRECTION('ref_axis',(-0.2588190451025,-0.965925826289074,5.46092275382336E-17));
#4899=DIRECTION('center_axis',(-6.46019935196508E-17,-4.957085310487E-17,
-1.));
#4900=DIRECTION('ref_axis',(-0.258819045102523,-0.965925826289068,6.46019935196509E-17));
#4901=DIRECTION('center_axis',(0.991444861373811,-0.130526192220051,-2.19627412594836E-17));
#4902=DIRECTION('ref_axis',(-0.130526192220051,-0.991444861373811,9.97237175319678E-13));
#4903=DIRECTION('center_axis',(-6.46019935196508E-17,-4.957085310487E-17,
-1.));
#4904=DIRECTION('ref_axis',(-0.258819045102521,-0.965925826289068,6.46019935196508E-17));
#4905=DIRECTION('center_axis',(-2.99024508347382E-17,-5.88685675450216E-17,
-1.));
#4906=DIRECTION('ref_axis',(-0.25881904510252,-0.965925826289068,8.99431675795897E-17));
#4907=DIRECTION('center_axis',(0.991444861373811,-0.130526192220051,-2.19627412594836E-17));
#4908=DIRECTION('ref_axis',(-2.73486555822385E-17,-5.46973111644769E-17,
-1.));
#4909=DIRECTION('center_axis',(-0.0606947692106494,-0.461022542852697,0.885310318460199));
#4910=DIRECTION('ref_axis',(-0.173219395293507,-0.868622948939305,-0.464208157694516));
#4911=DIRECTION('center_axis',(0.99144486137381,-0.130526192220051,-2.19627412594836E-17));
#4912=DIRECTION('ref_axis',(-0.130526192220051,-0.99144486137381,9.97258562603192E-13));
#4913=DIRECTION('center_axis',(0.,0.,1.));
#4914=DIRECTION('ref_axis',(1.,0.,0.));
#4915=DIRECTION('center_axis',(0.,0.,1.));
#4916=DIRECTION('ref_axis',(1.,0.,0.));
#4917=DIRECTION('center_axis',(-0.0606947692106987,0.461022542853067,-0.885310318460003));
#4918=DIRECTION('ref_axis',(0.173219395293505,-0.868622948939107,-0.464208157694888));
#4919=DIRECTION('center_axis',(-0.99144486137381,-0.130526192220052,3.94221610088029E-17));
#4920=DIRECTION('ref_axis',(2.73486555822385E-17,5.46973111644769E-17,1.));
#4921=DIRECTION('center_axis',(-0.99144486137381,-0.130526192220052,3.94221610088029E-17));
#4922=DIRECTION('ref_axis',(0.130526192220052,-0.99144486137381,9.97237175319678E-13));
#4923=DIRECTION('center_axis',(-0.99144486137381,-0.130526192220052,3.94221610088029E-17));
#4924=DIRECTION('ref_axis',(0.130526192220052,-0.99144486137381,9.97258562603192E-13));
#4925=DIRECTION('center_axis',(8.02073029467806E-17,0.,1.));
#4926=DIRECTION('ref_axis',(0.258819045102497,-0.965925826289075,5.46092275382336E-17));
#4927=DIRECTION('center_axis',(-6.46019935196508E-17,-8.41909570909321E-17,
-1.));
#4928=DIRECTION('ref_axis',(0.258819045102519,-0.965925826289069,6.4601993519651E-17));
#4929=DIRECTION('center_axis',(0.923879532511287,0.38268343236509,-5.62866654566919E-17));
#4930=DIRECTION('ref_axis',(0.38268343236509,-0.923879532511287,9.9723265648933E-13));
#4931=DIRECTION('center_axis',(-6.46019935196508E-17,-8.41909570909321E-17,
-1.));
#4932=DIRECTION('ref_axis',(0.258819045102521,-0.965925826289068,6.46019935196508E-17));
#4933=DIRECTION('center_axis',(-2.99024508347381E-17,-7.48932426507805E-17,
-1.));
#4934=DIRECTION('ref_axis',(0.258819045102522,-0.965925826289068,8.99431675795897E-17));
#4935=DIRECTION('center_axis',(0.923879532511287,0.38268343236509,-5.62866654566919E-17));
#4936=DIRECTION('ref_axis',(-2.73486555822385E-17,-1.09394622328954E-16,
-1.));
#4937=DIRECTION('center_axis',(0.177948059413093,-0.42960461843306,0.885310318460199));
#4938=DIRECTION('ref_axis',(0.284299077717297,-0.838859237738345,-0.464208157694516));
#4939=DIRECTION('center_axis',(0.923879532511287,0.38268343236509,-5.62866654566919E-17));
#4940=DIRECTION('ref_axis',(0.38268343236509,-0.923879532511287,9.97254043772844E-13));
#4941=DIRECTION('center_axis',(0.,0.,1.));
#4942=DIRECTION('ref_axis',(1.,0.,0.));
#4943=DIRECTION('center_axis',(0.,0.,1.));
#4944=DIRECTION('ref_axis',(1.,0.,0.));
#4945=DIRECTION('center_axis',(-0.608761429008721,0.793353340291235,-2.23677383269776E-17));
#4946=DIRECTION('ref_axis',(2.05114916866789E-17,0.,1.));
#4947=DIRECTION('center_axis',(-0.608761429008721,0.793353340291235,-2.23677383269776E-17));
#4948=DIRECTION('ref_axis',(-0.793353340291235,-0.608761429008721,9.97232968388869E-13));
#4949=DIRECTION('center_axis',(3.4130767211396E-18,0.,1.));
#4950=DIRECTION('ref_axis',(-0.707106781186522,-0.707106781186573,5.46092275382336E-17));
#4951=DIRECTION('center_axis',(-4.72919415266197E-17,-1.95889635712813E-17,
-1.));
#4952=DIRECTION('ref_axis',(-0.707106781186549,-0.707106781186546,4.72919415266198E-17));
#4953=DIRECTION('center_axis',(0.793353340291235,-0.608761429008721,1.00220642266516E-17));
#4954=DIRECTION('ref_axis',(-0.608761429008721,-0.793353340291235,9.97223926779455E-13));
#4955=DIRECTION('center_axis',(-4.72919415266197E-17,-1.95889635712813E-17,
-1.));
#4956=DIRECTION('ref_axis',(-0.707106781186548,-0.707106781186547,4.72919415266198E-17));
#4957=DIRECTION('center_axis',(-2.18901132818587E-17,-4.49907918160423E-17,
-1.));
#4958=DIRECTION('ref_axis',(-0.707106781186547,-0.707106781186548,2.99810558598632E-17));
#4959=DIRECTION('center_axis',(0.793353340291235,-0.608761429008721,1.00220642266516E-17));
#4960=DIRECTION('ref_axis',(-2.05114916866789E-17,-5.46973111644769E-17,
-1.));
#4961=DIRECTION('center_axis',(-0.283074483439605,-0.368909849222411,0.885310318460199));
#4962=DIRECTION('ref_axis',(-0.584323871222009,-0.665639842444838,-0.464208157694516));
#4963=DIRECTION('center_axis',(0.793353340291236,-0.60876142900872,1.00220642266516E-17));
#4964=DIRECTION('ref_axis',(-0.60876142900872,-0.793353340291235,9.97245314062969E-13));
#4965=DIRECTION('center_axis',(0.,0.,1.));
#4966=DIRECTION('ref_axis',(1.,0.,0.));
#4967=DIRECTION('center_axis',(0.0606947692106984,0.461022542853067,-0.885310318460003));
#4968=DIRECTION('ref_axis',(-0.0574990746703841,-0.883857818170755,-0.464208157694888));
#4969=DIRECTION('center_axis',(-0.99144486137381,0.130526192220051,2.19627412594836E-17));
#4970=DIRECTION('ref_axis',(2.73486555822385E-17,1.09394622328954E-16,1.));
#4971=DIRECTION('center_axis',(-0.99144486137381,0.130526192220051,2.19627412594836E-17));
#4972=DIRECTION('ref_axis',(-0.130526192220051,-0.991444861373811,9.97258562603192E-13));
#4973=DIRECTION('center_axis',(6.65549960622222E-17,0.,1.));
#4974=DIRECTION('ref_axis',(-1.63708224929461E-14,-1.,5.46092275382336E-17));
#4975=DIRECTION('center_axis',(-6.6880905097901E-17,-6.6880905097901E-17,
-1.));
#4976=DIRECTION('ref_axis',(-2.12835627924725E-15,-1.,6.68809050979012E-17));
#4977=DIRECTION('center_axis',(0.99144486137381,0.130526192220052,-3.94221610088029E-17));
#4978=DIRECTION('ref_axis',(0.130526192220052,-0.991444861373811,9.97237175319678E-13));
#4979=DIRECTION('center_axis',(-6.6880905097901E-17,-6.6880905097901E-17,
-1.));
#4980=DIRECTION('ref_axis',(-2.78713639952257E-16,-1.,6.6880905097901E-17));
#4981=DIRECTION('center_axis',(-3.0957295085088E-17,-6.6880905097901E-17,
-1.));
#4982=DIRECTION('ref_axis',(1.83633967141662E-16,-1.,8.99431675795897E-17));
#4983=DIRECTION('center_axis',(0.99144486137381,0.130526192220052,-3.94221610088029E-17));
#4984=DIRECTION('ref_axis',(-2.73486555822385E-17,-1.09394622328954E-16,
-1.));
#4985=DIRECTION('center_axis',(0.0606947692106501,-0.461022542852697,0.885310318460199));
#4986=DIRECTION('ref_axis',(0.0574990746704327,-0.883857818170947,-0.464208157694516));
#4987=DIRECTION('center_axis',(0.283074483439832,0.368909849222707,-0.885310318460003));
#4988=DIRECTION('ref_axis',(-0.491724568444028,-0.73669378653417,-0.464208157694888));
#4989=DIRECTION('center_axis',(-0.793353340291236,0.60876142900872,-1.00220642266516E-17));
#4990=DIRECTION('ref_axis',(2.73486555822385E-17,0.,1.));
#4991=DIRECTION('center_axis',(-0.793353340291236,0.60876142900872,-1.00220642266516E-17));
#4992=DIRECTION('ref_axis',(-0.60876142900872,-0.793353340291236,9.97245314062969E-13));
#4993=DIRECTION('center_axis',(2.73046137691168E-17,0.,1.));
#4994=DIRECTION('ref_axis',(-0.499999999999998,-0.86602540378444,5.46092275382336E-17));
#4995=DIRECTION('center_axis',(-5.79205628428785E-17,-3.34404525489505E-17,
-1.));
#4996=DIRECTION('ref_axis',(-0.500000000000001,-0.866025403784438,5.79205628428785E-17));
#4997=DIRECTION('center_axis',(0.923879532511287,-0.382683432365089,-5.09823681159469E-18));
#4998=DIRECTION('ref_axis',(-0.382683432365089,-0.923879532511287,9.9723265648933E-13));
#4999=DIRECTION('center_axis',(-5.79205628428785E-17,-3.34404525489505E-17,
-1.));
#5000=DIRECTION('ref_axis',(-0.5,-0.866025403784439,5.79205628428785E-17));
#5001=DIRECTION('center_axis',(-2.68098039761374E-17,-5.1402257555357E-17,
-1.));
#5002=DIRECTION('ref_axis',(-0.499999999999999,-0.866025403784439,2.99810558598632E-17));
#5003=DIRECTION('center_axis',(0.923879532511287,-0.382683432365089,-5.09823681159469E-18));
#5004=DIRECTION('ref_axis',(-2.73486555822385E-17,-5.46973111644769E-17,
-1.));
#5005=DIRECTION('center_axis',(-0.177948059413092,-0.429604618433061,0.885310318460199));
#5006=DIRECTION('ref_axis',(-0.39213324972678,-0.794192861204744,-0.464208157694516));
#5007=DIRECTION('center_axis',(-0.382683432365089,-0.923879532511287,9.24823504699237E-17));
#5008=DIRECTION('ref_axis',(6.83716389555962E-18,1.09394622328954E-16,1.));
#5009=DIRECTION('center_axis',(-0.382683432365089,-0.923879532511287,9.24823504699237E-17));
#5010=DIRECTION('ref_axis',(0.923879532511287,-0.382683432365089,9.97217848087831E-13));
#5011=DIRECTION('center_axis',(7.6794226225641E-17,1.09218455076467E-16,
1.));
#5012=DIRECTION('ref_axis',(0.96592819839874,-0.258810192106424,2.73046137691168E-17));
#5013=DIRECTION('center_axis',(0.130526192220051,0.99144486137381,-9.70011808174867E-17));
#5014=DIRECTION('ref_axis',(0.991444861373811,-0.130526192220051,9.97179596299869E-13));
#5015=DIRECTION('center_axis',(-8.01233755287942E-18,-9.67833559326392E-17,
-1.));
#5016=DIRECTION('ref_axis',(0.965925826289068,-0.25881904510252,0.));
#5017=DIRECTION('center_axis',(0.130526192220051,0.99144486137381,-9.70011808174867E-17));
#5018=DIRECTION('ref_axis',(-8.11913212597705E-18,-1.09394622328954E-16,
-1.));
#5019=DIRECTION('center_axis',(-0.177948059413235,0.429604618433405,-0.885310318460003));
#5020=DIRECTION('ref_axis',(0.392133249726727,-0.794192861204553,-0.464208157694888));
#5021=DIRECTION('center_axis',(-0.923879532511287,-0.38268343236509,5.62866654566919E-17));
#5022=DIRECTION('ref_axis',(2.73486555822385E-17,5.46973111644769E-17,1.));
#5023=DIRECTION('center_axis',(-0.923879532511287,-0.38268343236509,5.62866654566919E-17));
#5024=DIRECTION('ref_axis',(0.38268343236509,-0.923879532511287,9.97254043772844E-13));
#5025=DIRECTION('center_axis',(8.87399947496296E-17,5.46092275382336E-17,
1.));
#5026=DIRECTION('ref_axis',(0.500000000000004,-0.866025403784436,5.46092275382336E-17));
#5027=DIRECTION('center_axis',(-5.79205628428784E-17,-1.00321357646852E-16,
-1.));
#5028=DIRECTION('ref_axis',(0.499999999999998,-0.86602540378444,5.79205628428786E-17));
#5029=DIRECTION('center_axis',(0.793353340291235,0.608761429008721,-7.14069664949381E-17));
#5030=DIRECTION('ref_axis',(0.608761429008721,-0.793353340291235,9.97223926779455E-13));
#5031=DIRECTION('center_axis',(-5.79205628428784E-17,-1.00321357646852E-16,
-1.));
#5032=DIRECTION('ref_axis',(0.5,-0.866025403784439,5.79205628428785E-17));
#5033=DIRECTION('center_axis',(-2.68098039761374E-17,-8.2359552640445E-17,
-1.));
#5034=DIRECTION('ref_axis',(0.5,-0.866025403784438,2.99810558598632E-17));
#5035=DIRECTION('center_axis',(0.793353340291235,0.608761429008721,-7.14069664949381E-17));
#5036=DIRECTION('ref_axis',(-2.73486555822385E-17,-1.09394622328954E-16,
-1.));
#5037=DIRECTION('center_axis',(0.283074483439605,-0.36890984922241,0.885310318460199));
#5038=DIRECTION('ref_axis',(0.491724568444167,-0.736693786534311,-0.464208157694516));
#5039=DIRECTION('center_axis',(0.461022542853067,-0.0606947692106986,-0.885310318460003));
#5040=DIRECTION('ref_axis',(-0.883857818170755,0.0574990746703842,-0.464208157694888));
#5041=DIRECTION('center_axis',(0.130526192220052,0.99144486137381,-3.56162785492002E-17));
#5042=DIRECTION('ref_axis',(0.,0.,1.));
#5043=DIRECTION('center_axis',(0.130526192220052,0.99144486137381,-3.56162785492002E-17));
#5044=DIRECTION('ref_axis',(-0.99144486137381,0.130526192220052,9.97183524163633E-13));
#5045=DIRECTION('center_axis',(-6.14353809805128E-17,0.,1.));
#5046=DIRECTION('ref_axis',(-1.,-5.13872831134778E-14,0.));
#5047=DIRECTION('center_axis',(0.,0.,-1.));
#5048=DIRECTION('ref_axis',(-1.,2.31205329911935E-15,0.));
#5049=DIRECTION('center_axis',(0.130526192220051,-0.99144486137381,3.56162785492002E-17));
#5050=DIRECTION('ref_axis',(-0.99144486137381,-0.130526192220051,9.97179596299869E-13));
#5051=DIRECTION('center_axis',(0.,0.,-1.));
#5052=DIRECTION('ref_axis',(-1.,4.6241065982436E-16,0.));
#5053=DIRECTION('center_axis',(-1.10115910831933E-32,-3.5923610012813E-17,
-1.));
#5054=DIRECTION('ref_axis',(-1.,0.,0.));
#5055=DIRECTION('center_axis',(0.130526192220051,-0.99144486137381,3.56162785492002E-17));
#5056=DIRECTION('ref_axis',(0.,-5.46973111644769E-17,-1.));
#5057=DIRECTION('center_axis',(-0.461022542852697,-0.06069476921065,0.885310318460199));
#5058=DIRECTION('ref_axis',(-0.883857818170947,-0.0574990746704326,-0.464208157694517));
#5059=DIRECTION('center_axis',(0.,0.,1.));
#5060=DIRECTION('ref_axis',(1.,0.,0.));
#5061=DIRECTION('',(2.15461072164451E-15,-1.,0.));
#5062=DIRECTION('',(-1.,-1.0054850034341E-14,0.));
#5063=DIRECTION('',(1.24656620308789E-15,1.,0.));
#5064=DIRECTION('',(1.,1.50822750515116E-14,0.));
#5065=DIRECTION('center_axis',(6.70323335622748E-15,-1.,0.));
#5066=DIRECTION('ref_axis',(1.,6.70323335622748E-15,0.));
#5067=DIRECTION('',(0.,0.,1.));
#5068=DIRECTION('',(1.,6.70323335622748E-15,0.));
#5069=DIRECTION('',(0.,0.,1.));
#5070=DIRECTION('center_axis',(-1.50822750515116E-14,1.,0.));
#5071=DIRECTION('ref_axis',(-1.,-1.50822750515116E-14,0.));
#5072=DIRECTION('',(0.,0.,1.));
#5073=DIRECTION('',(-1.,-1.50822750515116E-14,0.));
#5074=DIRECTION('',(0.,0.,1.));
#5075=DIRECTION('center_axis',(0.,0.,1.));
#5076=DIRECTION('ref_axis',(1.,0.,0.));
#5077=DIRECTION('',(1.24656620308789E-15,1.,0.));
#5078=DIRECTION('',(2.15461072164451E-15,-1.,0.));
#5079=DIRECTION('center_axis',(0.,0.,1.));
#5080=DIRECTION('ref_axis',(-1.,0.,0.));
#5081=DIRECTION('',(2.15461072164451E-15,-1.,0.));
#5082=DIRECTION('center_axis',(0.,0.,1.));
#5083=DIRECTION('ref_axis',(-1.,0.,0.));
#5084=DIRECTION('',(0.,-1.,0.));
#5085=DIRECTION('',(-1.,-1.48029736616687E-14,0.));
#5086=DIRECTION('',(-1.15821505953054E-14,1.,0.));
#5087=DIRECTION('',(-1.,0.,0.));
#5088=DIRECTION('',(1.24656620308789E-15,1.,0.));
#5089=DIRECTION('',(-1.,-1.0054850034341E-14,0.));
#5090=DIRECTION('center_axis',(0.,0.,1.));
#5091=DIRECTION('ref_axis',(-1.,0.,0.));
#5092=DIRECTION('',(-1.,4.24799084797201E-13,0.));
#5093=DIRECTION('',(-1.46150723774075E-14,1.,0.));
#5094=DIRECTION('',(1.,0.,0.));
#5095=DIRECTION('center_axis',(0.,0.,1.));
#5096=DIRECTION('ref_axis',(1.,0.,0.));
#5097=DIRECTION('center_axis',(0.,0.,1.));
#5098=DIRECTION('ref_axis',(-1.,0.,0.));
#5099=DIRECTION('',(1.,5.4914257131997E-15,0.));
#5100=DIRECTION('',(-5.97613062249069E-14,-1.,0.));
#5101=DIRECTION('center_axis',(-1.,0.,0.));
#5102=DIRECTION('ref_axis',(0.,-1.,0.));
#5103=DIRECTION('',(0.,0.,1.));
#5104=DIRECTION('center_axis',(-1.48029736616687E-14,1.,0.));
#5105=DIRECTION('ref_axis',(-1.,-1.48029736616687E-14,0.));
#5106=DIRECTION('',(0.,0.,1.));
#5107=DIRECTION('center_axis',(1.,1.15821505953054E-14,0.));
#5108=DIRECTION('ref_axis',(-1.15821505953054E-14,1.,0.));
#5109=DIRECTION('',(0.,0.,1.));
#5110=DIRECTION('center_axis',(0.,1.,0.));
#5111=DIRECTION('ref_axis',(-1.,0.,0.));
#5112=DIRECTION('',(0.,0.,1.));
#5113=DIRECTION('center_axis',(1.,-1.24656620308789E-15,0.));
#5114=DIRECTION('ref_axis',(1.24656620308789E-15,1.,0.));
#5115=DIRECTION('',(0.,0.,1.));
#5116=DIRECTION('center_axis',(-1.0054850034341E-14,1.,0.));
#5117=DIRECTION('ref_axis',(-1.,-1.0054850034341E-14,0.));
#5118=DIRECTION('',(0.,0.,1.));
#5119=DIRECTION('center_axis',(-1.,-2.15461072164451E-15,0.));
#5120=DIRECTION('ref_axis',(2.15461072164451E-15,-1.,0.));
#5121=DIRECTION('',(0.,0.,1.));
#5122=DIRECTION('center_axis',(5.4914257131997E-15,-1.,0.));
#5123=DIRECTION('ref_axis',(1.,5.4914257131997E-15,0.));
#5124=DIRECTION('',(0.,0.,1.));
#5125=DIRECTION('center_axis',(-1.,5.97613062249069E-14,0.));
#5126=DIRECTION('ref_axis',(-5.97613062249069E-14,-1.,0.));
#5127=DIRECTION('center_axis',(0.,1.,0.));
#5128=DIRECTION('ref_axis',(-1.,0.,0.));
#5129=DIRECTION('',(0.,0.,-1.));
#5130=DIRECTION('',(0.,0.,-1.));
#5131=DIRECTION('center_axis',(1.,1.42311704380273E-14,0.));
#5132=DIRECTION('ref_axis',(-1.42311704380273E-14,1.,0.));
#5133=DIRECTION('',(0.,0.,-1.));
#5134=DIRECTION('center_axis',(-4.24799084797201E-13,-1.,0.));
#5135=DIRECTION('ref_axis',(1.,-4.24799084797201E-13,0.));
#5136=DIRECTION('',(0.,0.,-1.));
#5137=DIRECTION('center_axis',(0.,0.,1.));
#5138=DIRECTION('ref_axis',(-1.,-1.32002116155871E-14,0.));
#5139=DIRECTION('',(0.,0.,-1.));
#5140=DIRECTION('',(1.,0.,0.));
#5141=CARTESIAN_POINT('',(0.,0.,0.));
#5142=CARTESIAN_POINT('',(0.,0.,0.));
#5143=CARTESIAN_POINT('Origin',(-19.1657124551861,-32.234713031479,-14.));
#5144=CARTESIAN_POINT('',(-19.165712455186,-32.2347130314776,-14.));
#5145=CARTESIAN_POINT('',(-19.1657124551849,-32.2347130314789,3.10000000000039));
#5146=CARTESIAN_POINT('',(-19.165712455186,-32.2347130314776,-10.));
#5147=CARTESIAN_POINT('',(-27.8119397247733,-32.2347130314791,3.10000000000039));
#5148=CARTESIAN_POINT('',(-19.1657124551861,-32.2347130314789,3.10000000000039));
#5149=CARTESIAN_POINT('',(-24.1061858840599,-32.234713031479,-9.88639502096998));
#5150=CARTESIAN_POINT('Origin',(0.300000000000225,-32.2347130314787,4.09999999997654));
#5151=CARTESIAN_POINT('',(-23.3691941677592,-32.234713031479,-10.9859410838164));
#5152=CARTESIAN_POINT('Ctrl Pts',(-23.3691941677576,-32.234713031479,-10.9859410838152));
#5153=CARTESIAN_POINT('Ctrl Pts',(-23.373351988799,-32.234713031479,-10.9807244752837));
#5154=CARTESIAN_POINT('Ctrl Pts',(-23.3774915297408,-32.234713031479,-10.975514850446));
#5155=CARTESIAN_POINT('Ctrl Pts',(-23.63864207088,-32.234713031479,-10.6458661751106));
#5156=CARTESIAN_POINT('Ctrl Pts',(-23.8825952519011,-32.234713031479,-10.2765595002535));
#5157=CARTESIAN_POINT('Ctrl Pts',(-24.1061858840599,-32.234713031479,-9.88639502096998));
#5158=CARTESIAN_POINT('',(-20.9878124792603,-32.2347130309247,-10.7145306168434));
#5159=CARTESIAN_POINT('Ctrl Pts',(-20.987812480705,-32.234713031479,-10.7145306142037));
#5160=CARTESIAN_POINT('Ctrl Pts',(-20.987812480705,-32.234713031479,-10.8942679918556));
#5161=CARTESIAN_POINT('Ctrl Pts',(-21.002122673988,-32.234713031479,-11.0844688451153));
#5162=CARTESIAN_POINT('Ctrl Pts',(-21.0790078025659,-32.234713031479,-11.3679404736289));
#5163=CARTESIAN_POINT('Ctrl Pts',(-21.1221719049977,-32.2347130314681,-11.4735920171163));
#5164=CARTESIAN_POINT('Ctrl Pts',(-21.2371618531914,-32.2347130314681,-11.6466572946238));
#5165=CARTESIAN_POINT('Ctrl Pts',(-21.3016294116129,-32.234713031479,-11.7149281797178));
#5166=CARTESIAN_POINT('Ctrl Pts',(-21.4610584594168,-32.234713031479,-11.8270467207057));
#5167=CARTESIAN_POINT('Ctrl Pts',(-21.552715283291,-32.234713031479,-11.8658201315895));
#5168=CARTESIAN_POINT('Ctrl Pts',(-21.776699887244,-32.234713031479,-11.9153578249782));
#5169=CARTESIAN_POINT('Ctrl Pts',(-21.9080363841016,-32.234713031479,-11.9137451289854));
#5170=CARTESIAN_POINT('Ctrl Pts',(-22.2146634192553,-32.234713031479,-11.8624784402396));
#5171=CARTESIAN_POINT('Ctrl Pts',(-22.4053000054627,-32.234713031479,-11.7909598076152));
#5172=CARTESIAN_POINT('Ctrl Pts',(-22.8620031563616,-32.234713031479,-11.5218564594244));
#5173=CARTESIAN_POINT('Ctrl Pts',(-23.1260093886768,-32.234713031479,-11.2910527710841));
#5174=CARTESIAN_POINT('Ctrl Pts',(-23.3691941677591,-32.234713031479,-10.9859410838164));
#5175=CARTESIAN_POINT('',(-19.6850705027412,-32.23471303148,-13.6243813919594));
#5176=CARTESIAN_POINT('Ctrl Pts',(-19.6850705027409,-32.234713031479,-13.6243813919591));
#5177=CARTESIAN_POINT('Ctrl Pts',(-19.9009102076335,-32.234713031479,-13.426205396256));
#5178=CARTESIAN_POINT('Ctrl Pts',(-20.09442325944,-32.234713031479,-13.2041815123201));
#5179=CARTESIAN_POINT('Ctrl Pts',(-20.4736878559907,-32.234713031479,-12.6601598852579));
#5180=CARTESIAN_POINT('Ctrl Pts',(-20.6434238442813,-32.234713031479,-12.3285328710582));
#5181=CARTESIAN_POINT('Ctrl Pts',(-20.9212206634483,-32.234713031479,-11.537218426277));
#5182=CARTESIAN_POINT('Ctrl Pts',(-20.987812480705,-32.234713031479,-11.1022668220134));
#5183=CARTESIAN_POINT('Ctrl Pts',(-20.987812480705,-32.234713031479,-10.7145306142037));
#5184=CARTESIAN_POINT('',(-19.6850705027428,-32.234713031479,-14.));
#5185=CARTESIAN_POINT('',(-19.6850705027428,-32.234713031479,-10.));
#5186=CARTESIAN_POINT('',(-9.43285622759292,-32.2347130314788,-14.));
#5187=CARTESIAN_POINT('Origin',(-19.165712455186,-33.7347130314786,3.10000000000039));
#5188=CARTESIAN_POINT('',(-16.1895628565189,-35.2347130314782,3.10000000000039));
#5189=CARTESIAN_POINT('Ctrl Pts',(-16.1895628565189,-35.2347130314782,3.10000000000039));
#5190=CARTESIAN_POINT('Ctrl Pts',(-16.1895628565189,-35.2347130314782,3.19410848802759));
#5191=CARTESIAN_POINT('Ctrl Pts',(-16.2001329984921,-35.2257131515151,3.28904723724092));
#5192=CARTESIAN_POINT('Ctrl Pts',(-16.2413414915237,-35.1904519824923,3.47373947688907));
#5193=CARTESIAN_POINT('Ctrl Pts',(-16.2719786564718,-35.1641870240101,3.56349253138751));
#5194=CARTESIAN_POINT('Ctrl Pts',(-16.3870118681409,-35.0648301562197,3.81671001412185));
#5195=CARTESIAN_POINT('Ctrl Pts',(-16.4954113812403,-34.9702165693749,3.96405308594072));
#5196=CARTESIAN_POINT('Ctrl Pts',(-16.7719259158634,-34.7237929478693,4.25006730257785));
#5197=CARTESIAN_POINT('Ctrl Pts',(-16.9725404417011,-34.5407751413049,4.38331977318747));
#5198=CARTESIAN_POINT('Ctrl Pts',(-17.389072143987,-34.145982512941,4.558596308105));
#5199=CARTESIAN_POINT('Ctrl Pts',(-17.605039458607,-33.9339854392815,4.60000000000003));
#5200=CARTESIAN_POINT('Ctrl Pts',(-17.9851102443961,-33.5482318650789,4.60000000000003));
#5201=CARTESIAN_POINT('Ctrl Pts',(-18.1811739491199,-33.3428856517212,4.56351168046838));
#5202=CARTESIAN_POINT('Ctrl Pts',(-18.5434766148343,-32.9508486360236,4.3965152849249));
#5203=CARTESIAN_POINT('Ctrl Pts',(-18.7098194396636,-32.7642663202313,4.26597789844408));
#5204=CARTESIAN_POINT('Ctrl Pts',(-18.9340594010527,-32.5074591783967,3.97718675697342));
#5205=CARTESIAN_POINT('Ctrl Pts',(-19.01934710948,-32.4078060425867,3.82381462378703));
#5206=CARTESIAN_POINT('Ctrl Pts',(-19.1352309924674,-32.2712134223381,3.47783460244398));
#5207=CARTESIAN_POINT('Ctrl Pts',(-19.1657124551849,-32.2347130314789,3.28501511966274));
#5208=CARTESIAN_POINT('Ctrl Pts',(-19.1657124551849,-32.2347130314789,3.10000000000039));
#5209=CARTESIAN_POINT('',(-24.56365266545,-35.2347130314783,3.10000000000039));
#5210=CARTESIAN_POINT('',(-19.165712455186,-35.2347130314782,3.10000000000039));
#5211=CARTESIAN_POINT('',(-24.0412825246511,-34.5777230031841,4.34069907213832));
#5212=CARTESIAN_POINT('Ctrl Pts',(-24.0412825246511,-34.5777230031841,4.34069907213836));
#5213=CARTESIAN_POINT('Ctrl Pts',(-24.1084552504955,-34.6292664485806,4.30567717245208));
#5214=CARTESIAN_POINT('Ctrl Pts',(-24.1696182040804,-34.6837381959239,4.26401462916656));
#5215=CARTESIAN_POINT('Ctrl Pts',(-24.3192531155717,-34.8347762449611,4.12782290295094));
#5216=CARTESIAN_POINT('Ctrl Pts',(-24.3904227937896,-34.9279054139751,4.02140596051252));
#5217=CARTESIAN_POINT('Ctrl Pts',(-24.4982249929476,-35.0910058899706,3.7597878256022));
#5218=CARTESIAN_POINT('Ctrl Pts',(-24.5309715588832,-35.1556729554191,3.60846928137047));
#5219=CARTESIAN_POINT('Ctrl Pts',(-24.5608985285522,-35.2210003206675,3.33342816590568));
#5220=CARTESIAN_POINT('Ctrl Pts',(-24.5655427493702,-35.2347130314783,3.21676367717574));
#5221=CARTESIAN_POINT('Ctrl Pts',(-24.56365266545,-35.2347130314783,3.10000000000039));
#5222=CARTESIAN_POINT('',(-26.6159114002749,-34.1604931524903,4.53830152907912));
#5223=CARTESIAN_POINT('Ctrl Pts',(-26.6159114002749,-34.1604931524903,4.53830152907914));
#5224=CARTESIAN_POINT('Ctrl Pts',(-26.5212802076148,-34.3009774569852,4.49671398783083));
#5225=CARTESIAN_POINT('Ctrl Pts',(-26.4096719462652,-34.4241442962712,4.43785716091491));
#5226=CARTESIAN_POINT('Ctrl Pts',(-26.1802369215389,-34.617938251355,4.31695688074233));
#5227=CARTESIAN_POINT('Ctrl Pts',(-26.0649470245331,-34.6941604978531,4.25611196287733));
#5228=CARTESIAN_POINT('Ctrl Pts',(-25.7981140178825,-34.8294063818701,4.13038134250801));
#5229=CARTESIAN_POINT('Ctrl Pts',(-25.6397977134119,-34.8845577573567,4.06466219091397));
#5230=CARTESIAN_POINT('Ctrl Pts',(-25.4061484285134,-34.9293688838741,4.00731708322635));
#5231=CARTESIAN_POINT('Ctrl Pts',(-25.338538643466,-34.9384679739836,3.99501495954702));
#5232=CARTESIAN_POINT('Ctrl Pts',(-25.2328889329681,-34.9464623582605,3.98412982662964));
#5233=CARTESIAN_POINT('Ctrl Pts',(-25.196106036691,-34.9481174848192,3.98184489539469));
#5234=CARTESIAN_POINT('Ctrl Pts',(-25.1265606473605,-34.9490978129146,3.98049430084096));
#5235=CARTESIAN_POINT('Ctrl Pts',(-25.0940458206275,-34.9486730075781,3.98108234914457));
#5236=CARTESIAN_POINT('Ctrl Pts',(-25.0193389436954,-34.945670197477,3.98520678097624));
#5237=CARTESIAN_POINT('Ctrl Pts',(-24.9774999329258,-34.9425037686363,3.98955100967946));
#5238=CARTESIAN_POINT('Ctrl Pts',(-24.8388711118945,-34.9271504593783,4.01017413631081));
#5239=CARTESIAN_POINT('Ctrl Pts',(-24.7448969667694,-34.9087441675537,4.03443709356866));
#5240=CARTESIAN_POINT('Ctrl Pts',(-24.4412126244924,-34.8245416448849,4.13476159876161));
#5241=CARTESIAN_POINT('Ctrl Pts',(-24.2316495612799,-34.723796768011,4.24144725264486));
#5242=CARTESIAN_POINT('Ctrl Pts',(-24.0412825246511,-34.5777230031842,4.34069907213835));
#5243=CARTESIAN_POINT('Ctrl Pts',(-27.8119397247733,-32.2347130314791,3.10000000000039));
#5244=CARTESIAN_POINT('Ctrl Pts',(-27.8185435266428,-32.2347130314791,3.28564568011533));
#5245=CARTESIAN_POINT('Ctrl Pts',(-27.8022205847361,-32.271489399353,3.48194927797083));
#5246=CARTESIAN_POINT('Ctrl Pts',(-27.7237308357778,-32.4149786653239,3.83838316367502));
#5247=CARTESIAN_POINT('Ctrl Pts',(-27.6616778388373,-32.5214563152395,3.99863315916521));
#5248=CARTESIAN_POINT('Ctrl Pts',(-27.5055564220297,-32.7811931631103,4.2765598248408));
#5249=CARTESIAN_POINT('Ctrl Pts',(-27.3955812082317,-32.9594840137881,4.4008212874605));
#5250=CARTESIAN_POINT('Ctrl Pts',(-27.1540372195612,-33.3420080049326,4.56249738187771));
#5251=CARTESIAN_POINT('Ctrl Pts',(-27.0224558115711,-33.5461959737898,4.60000000000003));
#5252=CARTESIAN_POINT('Ctrl Pts',(-26.8081161326176,-33.8730748582846,4.60000000000003));
#5253=CARTESIAN_POINT('Ctrl Pts',(-26.7114965005496,-34.0185927288065,4.58030828381461));
#5254=CARTESIAN_POINT('Ctrl Pts',(-26.6159114002749,-34.1604931524903,4.53830152907914));
#5255=CARTESIAN_POINT('Origin',(-19.165712455186,-35.2347130314782,3.10000000000039));
#5256=CARTESIAN_POINT('',(-16.189562856518,-35.2347130314789,-14.));
#5257=CARTESIAN_POINT('',(-16.1895628565182,-35.2347130314788,-10.));
#5258=CARTESIAN_POINT('',(-16.7995545208266,-35.2347130314789,-14.));
#5259=CARTESIAN_POINT('',(-9.43285622759288,-35.2347130314789,-14.));
#5260=CARTESIAN_POINT('',(-16.7995545208266,-35.2347130314789,-13.9989846484039));
#5261=CARTESIAN_POINT('',(-16.7995545208268,-35.2347130314788,-10.));
#5262=CARTESIAN_POINT('',(-16.8732831723611,-35.2347130314789,-13.9741272736595));
#5263=CARTESIAN_POINT('Ctrl Pts',(-16.8732809516427,-35.2347101969528,-13.9741231158305));
#5264=CARTESIAN_POINT('Ctrl Pts',(-16.8488384631633,-35.2347132770695,-13.9827947695823));
#5265=CARTESIAN_POINT('Ctrl Pts',(-16.8242591982283,-35.2347017856761,-13.9910663025278));
#5266=CARTESIAN_POINT('Ctrl Pts',(-16.7995528605856,-35.2346780810368,-13.9989297486779));
#5267=CARTESIAN_POINT('',(-21.0603107866236,-35.2347130314789,-11.0000000000007));
#5268=CARTESIAN_POINT('Ctrl Pts',(-21.0603107866236,-35.2347130314789,-11.0000000000007));
#5269=CARTESIAN_POINT('Ctrl Pts',(-20.9941557774549,-35.2347130314789,-11.0935822222481));
#5270=CARTESIAN_POINT('Ctrl Pts',(-20.9251988289272,-35.2347130314789,-11.1858465078563));
#5271=CARTESIAN_POINT('Ctrl Pts',(-20.5530493895975,-35.2347130314789,-11.6578104808868));
#5272=CARTESIAN_POINT('Ctrl Pts',(-20.208199088408,-35.2347130314789,-12.0054835261782));
#5273=CARTESIAN_POINT('Ctrl Pts',(-19.4373997926035,-35.2347130314789,-12.6626815300762));
#5274=CARTESIAN_POINT('Ctrl Pts',(-18.925178772659,-35.2347130314789,-13.0127346976398));
#5275=CARTESIAN_POINT('Ctrl Pts',(-17.8871422547861,-35.2347130314789,-13.5755141871182));
#5276=CARTESIAN_POINT('Ctrl Pts',(-17.3672738851148,-35.2347130314789,-13.7989329558565));
#5277=CARTESIAN_POINT('Ctrl Pts',(-16.8732831723611,-35.2347130314789,-13.9741272736595));
#5278=CARTESIAN_POINT('',(-21.7791151958737,-35.2347130314788,-9.92802726930502));
#5279=CARTESIAN_POINT('Origin',(0.300000000000265,-35.2347130314779,4.09999999997735));
#5280=CARTESIAN_POINT('Ctrl Pts',(-24.56365266545,-35.2347130314783,3.10000000000039));
#5281=CARTESIAN_POINT('Ctrl Pts',(-24.5375761267173,-35.2347130314784,1.48907017945522));
#5282=CARTESIAN_POINT('Ctrl Pts',(-24.4483752317326,-35.2347130314784,-0.22334045852937));
#5283=CARTESIAN_POINT('Ctrl Pts',(-23.9867851784294,-35.2347130314786,-3.95859713410922));
#5284=CARTESIAN_POINT('Ctrl Pts',(-23.552466774635,-35.2347130314787,-5.97013799341414));
#5285=CARTESIAN_POINT('Ctrl Pts',(-22.5882758435239,-35.2347130314788,-8.44396458471842));
#5286=CARTESIAN_POINT('Ctrl Pts',(-22.2182946137771,-35.2347130314788,-9.23679016422902));
#5287=CARTESIAN_POINT('Ctrl Pts',(-21.7791151958737,-35.2347130314788,-9.92802726930502));
#5288=CARTESIAN_POINT('Origin',(-19.1657124551863,-15.8999999999997,-6.35000000000001));
#5289=CARTESIAN_POINT('',(-30.4863444551403,-14.8499999999998,-6.35000000000001));
#5290=CARTESIAN_POINT('',(-30.4863444551402,-16.9499999999998,-6.35000000000002));
#5291=CARTESIAN_POINT('Ctrl Pts',(-30.4863444551403,-14.8499999999998,-6.35000000000001));
#5292=CARTESIAN_POINT('Ctrl Pts',(-30.5312081002608,-14.8499999999998,-6.21782893471806));
#5293=CARTESIAN_POINT('Ctrl Pts',(-30.5791290620878,-14.8764347307721,-6.07633235319594));
#5294=CARTESIAN_POINT('Ctrl Pts',(-30.6675118980984,-14.9855969768744,-5.81479256508014));
#5295=CARTESIAN_POINT('Ctrl Pts',(-30.7079740091297,-15.0683604133063,-5.69476443283091));
#5296=CARTESIAN_POINT('Ctrl Pts',(-30.7701124191847,-15.256882289278,-5.51019270815231));
#5297=CARTESIAN_POINT('Ctrl Pts',(-30.7966052950566,-15.3730030155083,-5.4313615150302));
#5298=CARTESIAN_POINT('Ctrl Pts',(-30.8319107484361,-15.6288150604462,-5.32624161096915));
#5299=CARTESIAN_POINT('Ctrl Pts',(-30.8407129801245,-15.7685271589372,-5.30000000000001));
#5300=CARTESIAN_POINT('Ctrl Pts',(-30.8407129801245,-16.0314728410624,-5.30000000000001));
#5301=CARTESIAN_POINT('Ctrl Pts',(-30.8319107484361,-16.1711849395534,-5.32624161096915));
#5302=CARTESIAN_POINT('Ctrl Pts',(-30.7966052950566,-16.4269969844914,-5.4313615150302));
#5303=CARTESIAN_POINT('Ctrl Pts',(-30.7701124191847,-16.5431177107216,-5.51019270815231));
#5304=CARTESIAN_POINT('Ctrl Pts',(-30.7079740091296,-16.7316395866933,-5.69476443283091));
#5305=CARTESIAN_POINT('Ctrl Pts',(-30.6675118980983,-16.8144030231252,-5.81479256508013));
#5306=CARTESIAN_POINT('Ctrl Pts',(-30.5791290620877,-16.9235652692275,-6.07633235319593));
#5307=CARTESIAN_POINT('Ctrl Pts',(-30.5312081002607,-16.9499999999998,-6.21782893471806));
#5308=CARTESIAN_POINT('Ctrl Pts',(-30.4863444551402,-16.9499999999998,-6.35000000000001));
#5309=CARTESIAN_POINT('Ctrl Pts',(-30.4863444551402,-16.9499999999998,-6.35000000000001));
#5310=CARTESIAN_POINT('Ctrl Pts',(-30.4414388277037,-16.9499999999998,-6.48229474777406));
#5311=CARTESIAN_POINT('Ctrl Pts',(-30.3932815555693,-16.9235205295215,-6.62384979606733));
#5312=CARTESIAN_POINT('Ctrl Pts',(-30.3040963649317,-16.8142829461997,-6.88542005353869));
#5313=CARTESIAN_POINT('Ctrl Pts',(-30.2630772221508,-16.7314920768546,-7.00542457383838));
#5314=CARTESIAN_POINT('Ctrl Pts',(-30.1999382814059,-16.5429900034882,-7.1898902806576));
#5315=CARTESIAN_POINT('Ctrl Pts',(-30.1729235422182,-16.4269264403738,-7.26867276064522));
#5316=CARTESIAN_POINT('Ctrl Pts',(-30.13686756376,-16.1711869144407,-7.37375228883965));
#5317=CARTESIAN_POINT('Ctrl Pts',(-30.127849166686,-16.0314874627445,-7.40000000000001));
#5318=CARTESIAN_POINT('Ctrl Pts',(-30.127849166686,-15.7685125372551,-7.40000000000001));
#5319=CARTESIAN_POINT('Ctrl Pts',(-30.13686756376,-15.6288130855589,-7.37375228883965));
#5320=CARTESIAN_POINT('Ctrl Pts',(-30.1729235422182,-15.3730735596258,-7.26867276064522));
#5321=CARTESIAN_POINT('Ctrl Pts',(-30.199938281406,-15.2570099965114,-7.1898902806576));
#5322=CARTESIAN_POINT('Ctrl Pts',(-30.2630772221509,-15.068507923145,-7.00542457383837));
#5323=CARTESIAN_POINT('Ctrl Pts',(-30.3040963649318,-14.9857170537999,-6.88542005353868));
#5324=CARTESIAN_POINT('Ctrl Pts',(-30.3932815555693,-14.8764794704781,-6.62384979606733));
#5325=CARTESIAN_POINT('Ctrl Pts',(-30.4414388277037,-14.8499999999998,-6.48229474777406));
#5326=CARTESIAN_POINT('Ctrl Pts',(-30.4863444551403,-14.8499999999998,-6.35000000000001));
#5327=CARTESIAN_POINT('',(-25.0896496866095,-16.9499999999997,-6.35000000000001));
#5328=CARTESIAN_POINT('',(-19.1657124551863,-16.9499999999997,-6.35000000000001));
#5329=CARTESIAN_POINT('',(-25.0896496866096,-14.8499999999997,-6.35000000000001));
#5330=CARTESIAN_POINT('Ctrl Pts',(-25.0896496866096,-14.8499999999997,-6.35000000000001));
#5331=CARTESIAN_POINT('Ctrl Pts',(-25.0896496866096,-14.8499999999997,-6.4818564494243));
#5332=CARTESIAN_POINT('Ctrl Pts',(-25.0907825085169,-14.8763546143829,-6.62249150854555));
#5333=CARTESIAN_POINT('Ctrl Pts',(-25.0948763073086,-14.9835156276955,-6.88118536833278));
#5334=CARTESIAN_POINT('Ctrl Pts',(-25.0977784249836,-15.0643211993045,-6.99924543979651));
#5335=CARTESIAN_POINT('Ctrl Pts',(-25.1032279115818,-15.2507545510257,-7.18567879151777));
#5336=CARTESIAN_POINT('Ctrl Pts',(-25.1061289480068,-15.3688146267721,-7.26648436978068));
#5337=CARTESIAN_POINT('Ctrl Pts',(-25.1102202746381,-15.6275084995982,-7.37364538948644));
#5338=CARTESIAN_POINT('Ctrl Pts',(-25.1113520145771,-15.7681435635572,-7.40000000000001));
#5339=CARTESIAN_POINT('Ctrl Pts',(-25.1113520145771,-16.0318564364423,-7.40000000000001));
#5340=CARTESIAN_POINT('Ctrl Pts',(-25.1102202746381,-16.1724915004012,-7.37364538948644));
#5341=CARTESIAN_POINT('Ctrl Pts',(-25.1061289480068,-16.4311853732273,-7.26648436978068));
#5342=CARTESIAN_POINT('Ctrl Pts',(-25.1032279115817,-16.5492454489737,-7.18567879151777));
#5343=CARTESIAN_POINT('Ctrl Pts',(-25.0977784249835,-16.735678800695,-6.99924543979651));
#5344=CARTESIAN_POINT('Ctrl Pts',(-25.0948763073086,-16.816484372304,-6.88118536833278));
#5345=CARTESIAN_POINT('Ctrl Pts',(-25.0907825085168,-16.9236453856166,-6.62249150854555));
#5346=CARTESIAN_POINT('Ctrl Pts',(-25.0896496866095,-16.9499999999997,-6.4818564494243));
#5347=CARTESIAN_POINT('Ctrl Pts',(-25.0896496866095,-16.9499999999997,-6.35000000000001));
#5348=CARTESIAN_POINT('Ctrl Pts',(-25.0896496866095,-16.9499999999997,-6.35000000000002));
#5349=CARTESIAN_POINT('Ctrl Pts',(-25.0896496866095,-16.9499999999997,-6.21814355057573));
#5350=CARTESIAN_POINT('Ctrl Pts',(-25.0907825085168,-16.9236453856166,-6.07750849145448));
#5351=CARTESIAN_POINT('Ctrl Pts',(-25.0948763073086,-16.816484372304,-5.81881463166725));
#5352=CARTESIAN_POINT('Ctrl Pts',(-25.0977784249835,-16.735678800695,-5.70075456020351));
#5353=CARTESIAN_POINT('Ctrl Pts',(-25.1032279115817,-16.5492454489737,-5.51432120848226));
#5354=CARTESIAN_POINT('Ctrl Pts',(-25.1061289480068,-16.4311853732273,-5.43351563021935));
#5355=CARTESIAN_POINT('Ctrl Pts',(-25.1102202746381,-16.1724915004012,-5.32635461051359));
#5356=CARTESIAN_POINT('Ctrl Pts',(-25.1113520145771,-16.0318564364423,-5.30000000000001));
#5357=CARTESIAN_POINT('Ctrl Pts',(-25.1113520145771,-15.7681435635572,-5.30000000000001));
#5358=CARTESIAN_POINT('Ctrl Pts',(-25.1102202746381,-15.6275084995982,-5.32635461051359));
#5359=CARTESIAN_POINT('Ctrl Pts',(-25.1061289480068,-15.3688146267721,-5.43351563021935));
#5360=CARTESIAN_POINT('Ctrl Pts',(-25.1032279115818,-15.2507545510257,-5.51432120848226));
#5361=CARTESIAN_POINT('Ctrl Pts',(-25.0977784249836,-15.0643211993045,-5.70075456020351));
#5362=CARTESIAN_POINT('Ctrl Pts',(-25.0948763073086,-14.9835156276955,-5.81881463166725));
#5363=CARTESIAN_POINT('Ctrl Pts',(-25.0907825085169,-14.8763546143829,-6.07750849145448));
#5364=CARTESIAN_POINT('Ctrl Pts',(-25.0896496866096,-14.8499999999997,-6.21814355057573));
#5365=CARTESIAN_POINT('Ctrl Pts',(-25.0896496866096,-14.8499999999997,-6.35000000000001));
#5366=CARTESIAN_POINT('Origin',(-19.1657124551865,1.93471303147931,3.10000000000036));
#5367=CARTESIAN_POINT('',(-19.1657124551865,0.434713031479677,3.10000000000036));
#5368=CARTESIAN_POINT('',(-16.1895628565211,3.43471303147898,3.10000000000036));
#5369=CARTESIAN_POINT('Ctrl Pts',(-19.1657124551865,0.434713031479678,3.10000000000036));
#5370=CARTESIAN_POINT('Ctrl Pts',(-19.1657124551865,0.434713031479678,3.2850151196627));
#5371=CARTESIAN_POINT('Ctrl Pts',(-19.135230992469,0.471213422338826,3.47783460244395));
#5372=CARTESIAN_POINT('Ctrl Pts',(-19.0193471094816,0.607806042587411,3.823814623787));
#5373=CARTESIAN_POINT('Ctrl Pts',(-18.9340594010543,0.707459178397458,3.97718675697339));
#5374=CARTESIAN_POINT('Ctrl Pts',(-18.7098194396653,0.964266320232058,4.26597789844404));
#5375=CARTESIAN_POINT('Ctrl Pts',(-18.543476614836,1.15084863602434,4.39651528492487));
#5376=CARTESIAN_POINT('Ctrl Pts',(-18.1811739491217,1.54288565172193,4.56351168046834));
#5377=CARTESIAN_POINT('Ctrl Pts',(-17.9851102443979,1.74823186507968,4.59999999999999));
#5378=CARTESIAN_POINT('Ctrl Pts',(-17.6050394586089,2.13398543928224,4.59999999999999));
#5379=CARTESIAN_POINT('Ctrl Pts',(-17.3890721439889,2.34598251294175,4.55859630810496));
#5380=CARTESIAN_POINT('Ctrl Pts',(-16.9725404417031,2.7407751413057,4.38331977318743));
#5381=CARTESIAN_POINT('Ctrl Pts',(-16.7719259158655,2.92379294787008,4.25006730257782));
#5382=CARTESIAN_POINT('Ctrl Pts',(-16.4954113812424,3.1702165693757,3.9640530859407));
#5383=CARTESIAN_POINT('Ctrl Pts',(-16.3870118681431,3.26483015622049,3.81671001412182));
#5384=CARTESIAN_POINT('Ctrl Pts',(-16.2719786564739,3.36418702401088,3.56349253138748));
#5385=CARTESIAN_POINT('Ctrl Pts',(-16.2413414915259,3.39045198249307,3.47373947688903));
#5386=CARTESIAN_POINT('Ctrl Pts',(-16.2001329984942,3.42571315151593,3.28904723724089));
#5387=CARTESIAN_POINT('Ctrl Pts',(-16.1895628565211,3.43471303147898,3.19410848802755));
#5388=CARTESIAN_POINT('Ctrl Pts',(-16.1895628565211,3.43471303147898,3.10000000000036));
#5389=CARTESIAN_POINT('',(-27.8119397247746,0.434713031479561,3.10000000000036));
#5390=CARTESIAN_POINT('',(-19.1657124551865,0.434713031479678,3.10000000000036));
#5391=CARTESIAN_POINT('',(-26.6159114002749,2.36049315249292,4.53830152907845));
#5392=CARTESIAN_POINT('Ctrl Pts',(-26.6159114002749,2.36049315249293,4.53830152907847));
#5393=CARTESIAN_POINT('Ctrl Pts',(-26.71149650055,2.21859272880851,4.58030828381436));
#5394=CARTESIAN_POINT('Ctrl Pts',(-26.8081161326185,2.07307485828577,4.59999999999999));
#5395=CARTESIAN_POINT('Ctrl Pts',(-27.0224558115725,1.7461959737903,4.59999999999999));
#5396=CARTESIAN_POINT('Ctrl Pts',(-27.1540372195626,1.54200800493312,4.56249738187767));
#5397=CARTESIAN_POINT('Ctrl Pts',(-27.395581208233,1.15948401378857,4.40082128746046));
#5398=CARTESIAN_POINT('Ctrl Pts',(-27.505556422031,0.981193163110791,4.27655982484076));
#5399=CARTESIAN_POINT('Ctrl Pts',(-27.6616778388385,0.721456315240041,3.99863315916518));
#5400=CARTESIAN_POINT('Ctrl Pts',(-27.7237308357791,0.614978665324409,3.83838316367499));
#5401=CARTESIAN_POINT('Ctrl Pts',(-27.8022205847374,0.471489399353494,3.4819492779708));
#5402=CARTESIAN_POINT('Ctrl Pts',(-27.8185435266441,0.434713031479561,3.28564568011529));
#5403=CARTESIAN_POINT('Ctrl Pts',(-27.8119397247746,0.434713031479562,3.10000000000036));
#5404=CARTESIAN_POINT('',(-24.0412825246511,2.7777230031868,4.3406990721369));
#5405=CARTESIAN_POINT('Ctrl Pts',(-24.0412825246511,2.7777230031868,4.34069907213691));
#5406=CARTESIAN_POINT('Ctrl Pts',(-24.1706332686023,2.87697731993572,4.27325936767234));
#5407=CARTESIAN_POINT('Ctrl Pts',(-24.3085744494265,2.95499010506185,4.20273354525292));
#5408=CARTESIAN_POINT('Ctrl Pts',(-24.5727683450134,3.06415515800292,4.08982703780168));
#5409=CARTESIAN_POINT('Ctrl Pts',(-24.7054582742016,3.10269436549053,4.04191862407631));
#5410=CARTESIAN_POINT('Ctrl Pts',(-24.8998514686909,3.13441999919914,4.00051327729772));
#5411=CARTESIAN_POINT('Ctrl Pts',(-24.9559943081621,3.1409208802477,3.99168648850539));
#5412=CARTESIAN_POINT('Ctrl Pts',(-25.0476528707883,3.14709030188193,3.98326492289703));
#5413=CARTESIAN_POINT('Ctrl Pts',(-25.0823730006752,3.14842083763626,3.98142705826083));
#5414=CARTESIAN_POINT('Ctrl Pts',(-25.1501709651709,3.14904404517275,3.98056825677613));
#5415=CARTESIAN_POINT('Ctrl Pts',(-25.1830250449449,3.14844355681361,3.98139928098926));
#5416=CARTESIAN_POINT('Ctrl Pts',(-25.2638536603439,3.14475292121002,3.98646337070185));
#5417=CARTESIAN_POINT('Ctrl Pts',(-25.3113421799974,3.14066533791057,3.99206313281053));
#5418=CARTESIAN_POINT('Ctrl Pts',(-25.5284991470285,3.11333678165361,4.02850331786787));
#5419=CARTESIAN_POINT('Ctrl Pts',(-25.6898934868541,3.06824485175918,4.08652971340172));
#5420=CARTESIAN_POINT('Ctrl Pts',(-26.0242529936684,2.92537695199339,4.23204203362595));
#5421=CARTESIAN_POINT('Ctrl Pts',(-26.2048606971457,2.8104459961725,4.33036059238944));
#5422=CARTESIAN_POINT('Ctrl Pts',(-26.4579835665023,2.56906088779837,4.46295398933824));
#5423=CARTESIAN_POINT('Ctrl Pts',(-26.5421274206911,2.4700288221102,4.50587570617411));
#5424=CARTESIAN_POINT('Ctrl Pts',(-26.6159114002749,2.36049315249292,4.53830152907847));
#5425=CARTESIAN_POINT('',(-24.563652665449,3.43471303147887,3.10000000000036));
#5426=CARTESIAN_POINT('Ctrl Pts',(-24.563652665449,3.43471303147887,3.10000000000036));
#5427=CARTESIAN_POINT('Ctrl Pts',(-24.5644655513384,3.43471303147887,3.15021763560719));
#5428=CARTESIAN_POINT('Ctrl Pts',(-24.5640473762389,3.43218862014276,3.20045705802096));
#5429=CARTESIAN_POINT('Ctrl Pts',(-24.5585231761969,3.41585313534473,3.36250130048319));
#5430=CARTESIAN_POINT('Ctrl Pts',(-24.548366243484,3.39193880275219,3.4726271551011));
#5431=CARTESIAN_POINT('Ctrl Pts',(-24.507212360174,3.31102872002965,3.71329347268682));
#5432=CARTESIAN_POINT('Ctrl Pts',(-24.4715723027936,3.24737777445107,3.83821728800459));
#5433=CARTESIAN_POINT('Ctrl Pts',(-24.3673482957599,3.09818744995758,4.05552449513263));
#5434=CARTESIAN_POINT('Ctrl Pts',(-24.3017406377445,3.01633520604599,4.14523443663857));
#5435=CARTESIAN_POINT('Ctrl Pts',(-24.1651265280166,2.87974254352982,4.26706589966163));
#5436=CARTESIAN_POINT('Ctrl Pts',(-24.1059694405672,2.82735901953829,4.30697320123085));
#5437=CARTESIAN_POINT('Ctrl Pts',(-24.0412825246511,2.77772300318681,4.34069907213691));
#5438=CARTESIAN_POINT('',(-19.1657124551866,3.43471303147894,3.10000000000036));
#5439=CARTESIAN_POINT('Origin',(-19.1657124551866,3.43471303147967,-14.));
#5440=CARTESIAN_POINT('',(-16.1895628565202,3.43471303147971,-14.));
#5441=CARTESIAN_POINT('',(-16.1895628565204,3.43471303147954,-10.));
#5442=CARTESIAN_POINT('',(-21.779115195871,3.43471303147946,-9.92802726931203));
#5443=CARTESIAN_POINT('Ctrl Pts',(-21.779115195871,3.43471303147946,-9.92802726931203));
#5444=CARTESIAN_POINT('Ctrl Pts',(-22.2182946137755,3.43471303147942,-9.23679016423475));
#5445=CARTESIAN_POINT('Ctrl Pts',(-22.5882758435232,3.43471303147938,-8.44396458472223));
#5446=CARTESIAN_POINT('Ctrl Pts',(-23.5524667746347,3.43471303147927,-5.97013799341595));
#5447=CARTESIAN_POINT('Ctrl Pts',(-23.9867851784289,3.43471303147918,-3.95859713411066));
#5448=CARTESIAN_POINT('Ctrl Pts',(-24.4483752317318,3.43471303147901,-0.223340458530081));
#5449=CARTESIAN_POINT('Ctrl Pts',(-24.5375761267163,3.43471303147894,1.48907017945487));
#5450=CARTESIAN_POINT('Ctrl Pts',(-24.563652665449,3.43471303147887,3.10000000000036));
#5451=CARTESIAN_POINT('',(-21.0603107866254,3.43471303147951,-11.0000000000007));
#5452=CARTESIAN_POINT('Origin',(0.299999999999749,3.43471303147916,4.09999999997733));
#5453=CARTESIAN_POINT('',(-16.8732831723596,3.43471303147969,-13.9741272736608));
#5454=CARTESIAN_POINT('Ctrl Pts',(-16.8732831723596,3.4347130314797,-13.9741272736608));
#5455=CARTESIAN_POINT('Ctrl Pts',(-17.3672738851142,3.43471303147968,-13.7989329558577));
#5456=CARTESIAN_POINT('Ctrl Pts',(-17.8871422547868,3.43471303147966,-13.5755141871189));
#5457=CARTESIAN_POINT('Ctrl Pts',(-18.9251787726608,3.43471303147963,-13.0127346976399));
#5458=CARTESIAN_POINT('Ctrl Pts',(-19.4373997926053,3.43471303147961,-12.6626815300763));
#5459=CARTESIAN_POINT('Ctrl Pts',(-20.2081990884097,3.43471303147957,-12.0054835261783));
#5460=CARTESIAN_POINT('Ctrl Pts',(-20.5530493895993,3.43471303147955,-11.6578104808869));
#5461=CARTESIAN_POINT('Ctrl Pts',(-20.925198828929,3.43471303147952,-11.1858465078564));
#5462=CARTESIAN_POINT('Ctrl Pts',(-20.9941557774567,3.43471303147952,-11.0935822222481));
#5463=CARTESIAN_POINT('Ctrl Pts',(-21.0603107866254,3.43471303147951,-11.0000000000007));
#5464=CARTESIAN_POINT('',(-16.7995545208288,3.43471303147965,-13.998984648404));
#5465=CARTESIAN_POINT('Ctrl Pts',(-16.7995526682026,3.43467854674752,-13.9989302307544));
#5466=CARTESIAN_POINT('Ctrl Pts',(-16.8242591331322,3.43470194325781,-13.9910664656475));
#5467=CARTESIAN_POINT('Ctrl Pts',(-16.8488384624349,3.43471327615254,-13.9827947700928));
#5468=CARTESIAN_POINT('Ctrl Pts',(-16.8732809494443,3.43471019418664,-13.9741231174091));
#5469=CARTESIAN_POINT('',(-16.7995545208287,3.4347130314797,-14.));
#5470=CARTESIAN_POINT('',(-16.7995545208289,3.43471303147953,-10.));
#5471=CARTESIAN_POINT('',(-9.4328562275934,3.4347130314798,-14.));
#5472=CARTESIAN_POINT('Origin',(-19.1657124551865,0.434713031479665,3.10000000000036));
#5473=CARTESIAN_POINT('',(-19.6850705027406,0.434713031481979,-13.6243813919601));
#5474=CARTESIAN_POINT('',(-19.6850705027444,0.434713031479659,-14.));
#5475=CARTESIAN_POINT('',(-19.6850705027444,0.434713031479659,-10.));
#5476=CARTESIAN_POINT('',(-20.9878124792577,0.43471303092536,-10.7145306168482));
#5477=CARTESIAN_POINT('Ctrl Pts',(-20.9878124807024,0.434713031479641,-10.7145306142085));
#5478=CARTESIAN_POINT('Ctrl Pts',(-20.9878124807024,0.434713031479641,-11.0484582110516));
#5479=CARTESIAN_POINT('Ctrl Pts',(-20.938774626648,0.434713031479642,-11.4154774120863));
#5480=CARTESIAN_POINT('Ctrl Pts',(-20.7155228090887,0.434713031479645,-12.1653550898707));
#5481=CARTESIAN_POINT('Ctrl Pts',(-20.5515947565335,0.434713031524443,-12.5206414617116));
#5482=CARTESIAN_POINT('Ctrl Pts',(-20.15590030298,0.434713031524448,-13.1323559362335));
#5483=CARTESIAN_POINT('Ctrl Pts',(-19.9355593232653,0.434713031479655,-13.3943918659599));
#5484=CARTESIAN_POINT('Ctrl Pts',(-19.68507050274,0.434713031479658,-13.6243813919594));
#5485=CARTESIAN_POINT('',(-23.369194167765,0.434713031479609,-10.9859410838145));
#5486=CARTESIAN_POINT('Ctrl Pts',(-23.369194167765,0.434713031479609,-10.9859410838122));
#5487=CARTESIAN_POINT('Ctrl Pts',(-23.1667969919908,0.434713031479611,-11.2398786206597));
#5488=CARTESIAN_POINT('Ctrl Pts',(-22.9500901212348,0.434713031479614,-11.4422494471454));
#5489=CARTESIAN_POINT('Ctrl Pts',(-22.5274725109463,0.43471303147962,-11.7323880326291));
#5490=CARTESIAN_POINT('Ctrl Pts',(-22.3245983824111,0.434713031479624,-11.8253151073109));
#5491=CARTESIAN_POINT('Ctrl Pts',(-22.0104573809171,0.434713031479628,-11.9023426100178));
#5492=CARTESIAN_POINT('Ctrl Pts',(-21.883421530928,0.43471303147963,-11.9159184923961));
#5493=CARTESIAN_POINT('Ctrl Pts',(-21.6610019553586,0.434713031479633,-11.8951358545804));
#5494=CARTESIAN_POINT('Ctrl Pts',(-21.5662198506526,0.434713031486488,-11.8707240178095));
#5495=CARTESIAN_POINT('Ctrl Pts',(-21.3908581096868,0.43471303148649,-11.7853073394822));
#5496=CARTESIAN_POINT('Ctrl Pts',(-21.314689663126,0.434713031479636,-11.7267409915648));
#5497=CARTESIAN_POINT('Ctrl Pts',(-21.1711671106467,0.434713031479638,-11.5635284615316));
#5498=CARTESIAN_POINT('Ctrl Pts',(-21.1148954871927,0.434713031479103,-11.4569815089349));
#5499=CARTESIAN_POINT('Ctrl Pts',(-21.0092596297732,0.434713031479105,-11.1527463261528));
#5500=CARTESIAN_POINT('Ctrl Pts',(-20.9878124807024,0.434713031479641,-10.9349455251716));
#5501=CARTESIAN_POINT('Ctrl Pts',(-20.9878124807024,0.434713031479641,-10.7145306142085));
#5502=CARTESIAN_POINT('',(-24.1061858840571,0.434713031479599,-9.88639502097719));
#5503=CARTESIAN_POINT('Ctrl Pts',(-24.1061858840571,0.434713031479599,-9.88639502097719));
#5504=CARTESIAN_POINT('Ctrl Pts',(-23.8825952518989,0.434713031479602,-10.2765595002595));
#5505=CARTESIAN_POINT('Ctrl Pts',(-23.6386420708785,0.434713031479606,-10.6458661751154));
#5506=CARTESIAN_POINT('Ctrl Pts',(-23.3774915297419,0.43471303147961,-10.9755148504477));
#5507=CARTESIAN_POINT('Ctrl Pts',(-23.3733519888019,0.434713031479609,-10.9807244752832));
#5508=CARTESIAN_POINT('Ctrl Pts',(-23.3691941677623,0.434713031479609,-10.9859410838124));
#5509=CARTESIAN_POINT('Origin',(0.299999999999789,0.434713031479927,4.09999999997651));
#5510=CARTESIAN_POINT('',(-19.1657124551865,0.434713031479665,-14.));
#5511=CARTESIAN_POINT('',(-19.1657124551865,0.434713031479666,-10.));
#5512=CARTESIAN_POINT('',(-9.43285622759336,0.434713031479796,-14.));
#5513=CARTESIAN_POINT('Origin',(0.300000000000009,-15.8999999999987,-10.));
#5514=CARTESIAN_POINT('',(-20.177522336455,-31.6129555357026,-11.8203414440997));
#5515=CARTESIAN_POINT('Ctrl Pts',(-19.6850705027412,-32.234713031481,-13.6243813919594));
#5516=CARTESIAN_POINT('Ctrl Pts',(-19.7134211269818,-32.2000268252922,-13.5890352814603));
#5517=CARTESIAN_POINT('Ctrl Pts',(-19.7406884045822,-32.1664817158092,-13.5515337773365));
#5518=CARTESIAN_POINT('Ctrl Pts',(-19.8799038570377,-31.9943996281249,-13.3410260665204));
#5519=CARTESIAN_POINT('Ctrl Pts',(-19.9689483659047,-31.8814588458506,-13.136870381763));
#5520=CARTESIAN_POINT('Ctrl Pts',(-20.0843507834693,-31.7338444750003,-12.7425920486952));
#5521=CARTESIAN_POINT('Ctrl Pts',(-20.1201070773917,-31.6875451114396,-12.5634695713249));
#5522=CARTESIAN_POINT('Ctrl Pts',(-20.1667414571674,-31.6270417999603,-12.1956947843738));
#5523=CARTESIAN_POINT('Ctrl Pts',(-20.1775223381976,-31.6129555370398,-12.0081529482535));
#5524=CARTESIAN_POINT('Ctrl Pts',(-20.1775223381976,-31.6129555370398,-11.8203414405228));
#5525=CARTESIAN_POINT('',(-21.2529728791199,-30.1019453905259,-14.0000000003414));
#5526=CARTESIAN_POINT('Ctrl Pts',(-20.1775223381976,-31.6129555370398,-11.8203414405228));
#5527=CARTESIAN_POINT('Ctrl Pts',(-20.1775223381976,-31.6129555370398,-12.1787412818316));
#5528=CARTESIAN_POINT('Ctrl Pts',(-20.2169944532326,-31.5618225651044,-12.5078694678326));
#5529=CARTESIAN_POINT('Ctrl Pts',(-20.3500377437701,-31.3858780120637,-13.0490803199111));
#5530=CARTESIAN_POINT('Ctrl Pts',(-20.4384140472215,-31.2681697589738,-13.2798611272958));
#5531=CARTESIAN_POINT('Ctrl Pts',(-20.6474233248319,-30.9817121637079,-13.6376659455348));
#5532=CARTESIAN_POINT('Ctrl Pts',(-20.7590647859414,-30.8260498207535,-13.7706326878956));
#5533=CARTESIAN_POINT('Ctrl Pts',(-20.9406296160473,-30.5653520523051,-13.9072911222429));
#5534=CARTESIAN_POINT('Ctrl Pts',(-21.0024151184581,-30.4755102403957,-13.9418709196555));
#5535=CARTESIAN_POINT('Ctrl Pts',(-21.1275500209802,-30.290912575909,-13.9882481399927));
#5536=CARTESIAN_POINT('Ctrl Pts',(-21.1904693987651,-30.1968011154496,-14.0000000000015));
#5537=CARTESIAN_POINT('Ctrl Pts',(-21.2529728793841,-30.101945390717,-14.));
#5538=CARTESIAN_POINT('Origin',(0.300000000000009,-15.8999999999987,-14.));
#5539=CARTESIAN_POINT('Ctrl Pts',(-19.6850705027404,-32.2347130314804,-13.6243813919599));
#5540=CARTESIAN_POINT('Ctrl Pts',(-20.3928614838197,-32.7874188827874,-13.1229533754936));
#5541=CARTESIAN_POINT('Ctrl Pts',(-21.010320911999,-33.2688197476658,-12.4136535535754));
#5542=CARTESIAN_POINT('Ctrl Pts',(-21.4739934428603,-33.6301257276986,-11.5666417904662));
#5543=CARTESIAN_POINT('Ctrl Pts',(-19.8533787421369,-31.7515377262468,-13.340081374554));
#5544=CARTESIAN_POINT('Ctrl Pts',(-20.5304065138949,-32.2752350105889,-12.8633892128773));
#5545=CARTESIAN_POINT('Ctrl Pts',(-21.1201934697989,-32.7313707960781,-12.1890015643694));
#5546=CARTESIAN_POINT('Ctrl Pts',(-21.5637977013534,-33.0741875739479,-11.3823188916899));
#5547=CARTESIAN_POINT('Ctrl Pts',(-19.8153620558616,-31.3350601784292,-12.8379051627778));
#5548=CARTESIAN_POINT('Ctrl Pts',(-20.4332663665802,-31.809082417838,-12.4015150653528));
#5549=CARTESIAN_POINT('Ctrl Pts',(-20.9707860082798,-32.2217143991022,-11.785943078812));
#5550=CARTESIAN_POINT('Ctrl Pts',(-21.3747635424154,-32.5316310241565,-11.0510057962278));
#5551=CARTESIAN_POINT('Ctrl Pts',(-19.5869502727242,-31.1597936528555,-12.328275649042));
#5552=CARTESIAN_POINT('Ctrl Pts',(-20.1424760675918,-31.5860635877759,-11.9326951687109));
#5553=CARTESIAN_POINT('Ctrl Pts',(-20.6255064543996,-31.9567058395874,-11.3765112023987));
#5554=CARTESIAN_POINT('Ctrl Pts',(-20.987812480705,-32.234713031479,-10.7145306142037));
#5555=CARTESIAN_POINT('Ctrl Pts',(-20.9878124793467,-32.2347130304367,-10.7145306166856));
#5556=CARTESIAN_POINT('Ctrl Pts',(-20.760999524047,-32.060673328612,-11.1289476080495));
#5557=CARTESIAN_POINT('Ctrl Pts',(-20.4868736749406,-31.85032916649,-11.5019020120685));
#5558=CARTESIAN_POINT('Ctrl Pts',(-20.1772676558046,-31.6127601123662,-11.819947248398));
#5559=CARTESIAN_POINT('Ctrl Pts',(-23.6635516788399,-31.8950678600112,-11.0000000000007));
#5560=CARTESIAN_POINT('Ctrl Pts',(-23.1280794668218,-31.4957294681695,-12.2727987219824));
#5561=CARTESIAN_POINT('Ctrl Pts',(-22.2753074826953,-30.8602875347382,-13.3339096929139));
#5562=CARTESIAN_POINT('Ctrl Pts',(-21.2529728790529,-30.1019453904987,-14.0000000002079));
#5563=CARTESIAN_POINT('Ctrl Pts',(-23.3480993616795,-32.3534137354019,-11.0151049353816));
#5564=CARTESIAN_POINT('Ctrl Pts',(-22.808520650588,-31.9489284621921,-12.2935340017607));
#5565=CARTESIAN_POINT('Ctrl Pts',(-21.9522344840503,-31.3075383695719,-13.3537089526483));
#5566=CARTESIAN_POINT('Ctrl Pts',(-20.9262380336633,-30.5416570405625,-14.0161901028905));
#5567=CARTESIAN_POINT('Ctrl Pts',(-22.4444498057092,-32.9065761008593,-10.8154245895224));
#5568=CARTESIAN_POINT('Ctrl Pts',(-21.9394500717938,-32.5220170658902,-12.0145307152128));
#5569=CARTESIAN_POINT('Ctrl Pts',(-21.1355042749796,-31.9098938365699,-13.0100120595006));
#5570=CARTESIAN_POINT('Ctrl Pts',(-20.1785650764862,-31.1821338513213,-13.6273372789645));
#5571=CARTESIAN_POINT('Ctrl Pts',(-21.5434609528365,-32.6610770999747,-10.3614841391008));
#5572=CARTESIAN_POINT('Ctrl Pts',(-21.1148060272482,-32.3321243877472,-11.3874254207198));
#5573=CARTESIAN_POINT('Ctrl Pts',(-20.4320847110695,-31.8083605219423,-12.2416997015161));
#5574=CARTESIAN_POINT('Ctrl Pts',(-19.616862404835,-31.1827460390922,-12.7755736844867));
#5575=CARTESIAN_POINT('Ctrl Pts',(-21.2502517118841,-32.4360897362672,-10.167364681721));
#5576=CARTESIAN_POINT('Ctrl Pts',(-20.8535411162049,-32.1316829897852,-11.1193912663666));
#5577=CARTESIAN_POINT('Ctrl Pts',(-20.221923908377,-31.647026060147,-11.9130798803944));
#5578=CARTESIAN_POINT('Ctrl Pts',(-19.465790558921,-31.0668245345985,-12.411301373995));
#5579=CARTESIAN_POINT('',(-23.6635516788399,-31.8950678600112,-11.0000000000007));
#5580=CARTESIAN_POINT('Origin',(-22.3421676073652,-31.0130772362655,-10.1673646817203));
#5581=CARTESIAN_POINT('Ctrl Pts',(-23.6635516788399,-31.8950678600112,-11.0000000000007));
#5582=CARTESIAN_POINT('Ctrl Pts',(-23.1280794668218,-31.4957294681695,-12.2727987219824));
#5583=CARTESIAN_POINT('Ctrl Pts',(-22.2753074826953,-30.8602875347382,-13.3339096929139));
#5584=CARTESIAN_POINT('Ctrl Pts',(-21.2529728790529,-30.1019453904987,-14.0000000002079));
#5585=CARTESIAN_POINT('Origin',(-0.791915895482063,-14.4769874999978,4.09999999997651));
#5586=CARTESIAN_POINT('',(-20.8901589235405,-32.1597808215945,19.2));
#5587=CARTESIAN_POINT('Origin',(0.300000000000005,-15.8999999999987,4.09999999997651));
#5588=CARTESIAN_POINT('',(-23.663551678815,-31.895067859992,19.2000000000105));
#5589=CARTESIAN_POINT('Ctrl Pts',(-20.8901589235405,-32.1597808215945,19.2));
#5590=CARTESIAN_POINT('Ctrl Pts',(-21.0999340860036,-32.3207469651601,19.2));
#5591=CARTESIAN_POINT('Ctrl Pts',(-21.3817456757733,-32.4665580142033,19.2));
#5592=CARTESIAN_POINT('Ctrl Pts',(-21.870467521806,-32.6112594761355,19.2));
#5593=CARTESIAN_POINT('Ctrl Pts',(-22.1630495709743,-32.6433197403931,19.2));
#5594=CARTESIAN_POINT('Ctrl Pts',(-22.6325906399862,-32.5993472045063,19.2));
#5595=CARTESIAN_POINT('Ctrl Pts',(-22.8932779276123,-32.5231988241967,19.2));
#5596=CARTESIAN_POINT('Ctrl Pts',(-23.2786721690453,-32.3134796528835,19.2));
#5597=CARTESIAN_POINT('Ctrl Pts',(-23.4732406055681,-32.1487583397947,19.2));
#5598=CARTESIAN_POINT('Ctrl Pts',(-23.6025675772983,-31.9802161488431,19.2));
#5599=CARTESIAN_POINT('Ctrl Pts',(-23.6233017666212,-31.9531948272322,19.2));
#5600=CARTESIAN_POINT('Ctrl Pts',(-23.6437492657688,-31.924735514591,19.2));
#5601=CARTESIAN_POINT('Ctrl Pts',(-23.6635516788196,-31.8950678599951,19.2));
#5602=CARTESIAN_POINT('Origin',(-0.855639488412699,-14.393941296842,4.09999999997651));
#5603=CARTESIAN_POINT('Origin',(-0.791915895482063,-14.4769874999978,4.09999999997651));
#5604=CARTESIAN_POINT('Origin',(-0.855639488412699,-14.393941296842,4.09999999997651));
#5605=CARTESIAN_POINT('Origin',(0.300000000000007,-15.8999999999987,4.09999999997651));
#5606=CARTESIAN_POINT('',(-25.5339109414177,-28.655510588757,19.2000000000105));
#5607=CARTESIAN_POINT('Origin',(0.300000000000249,-15.8999999999985,19.2000000000105));
#5608=CARTESIAN_POINT('',(-25.533910941449,-28.65551058877,-10.9999999999983));
#5609=CARTESIAN_POINT('Origin',(1.02646535231797,-17.6538425061589,4.09999999997651));
#5610=CARTESIAN_POINT('Origin',(0.299999999999535,-15.899999999999,-11.0000000000007));
#5611=CARTESIAN_POINT('Ctrl Pts',(-21.4739934428568,1.83012572769967,-11.5666417904726));
#5612=CARTESIAN_POINT('Ctrl Pts',(-21.0103205961282,1.46881950153458,-12.4136541305891));
#5613=CARTESIAN_POINT('Ctrl Pts',(-20.3928614652619,0.987418868299649,-13.1229533886414));
#5614=CARTESIAN_POINT('Ctrl Pts',(-19.6850705027389,0.434713031482925,-13.6243813919613));
#5615=CARTESIAN_POINT('Ctrl Pts',(-21.5637977013504,1.27418757394879,-11.3823188916961));
#5616=CARTESIAN_POINT('Ctrl Pts',(-21.1201931675997,0.931370562542081,-12.1890021139097));
#5617=CARTESIAN_POINT('Ctrl Pts',(-20.530406496144,0.475234996861363,-12.8633892253766));
#5618=CARTESIAN_POINT('Ctrl Pts',(-19.8533787421357,-0.0484622737509786,
-13.3400813745555));
#5619=CARTESIAN_POINT('Ctrl Pts',(-21.3747635424127,0.731631024157043,-11.0510057962333));
#5620=CARTESIAN_POINT('Ctrl Pts',(-20.9707857330758,0.42171418797854,-11.7859435794766));
#5621=CARTESIAN_POINT('Ctrl Pts',(-20.4332663503796,0.00908240541242361,
-12.401515076795));
#5622=CARTESIAN_POINT('Ctrl Pts',(-19.8153620558606,-0.464939821568842,
-12.8379051627789));
#5623=CARTESIAN_POINT('Ctrl Pts',(-20.9878124807024,0.434713031479642,-10.7145306142085));
#5624=CARTESIAN_POINT('Ctrl Pts',(-20.6255062075835,0.156705650201411,-11.3765116533625));
#5625=CARTESIAN_POINT('Ctrl Pts',(-20.1424760530265,-0.213936423397797,
-11.9326951790828));
#5626=CARTESIAN_POINT('Ctrl Pts',(-19.5869502727232,-0.640206347142564,
-12.3282756490427));
#5627=CARTESIAN_POINT('',(-20.177522336455,-0.187044464294737,-11.8203414440997));
#5628=CARTESIAN_POINT('Ctrl Pts',(-20.1775223381976,-0.187044462957592,
-11.8203414405228));
#5629=CARTESIAN_POINT('Ctrl Pts',(-20.1775223381976,-0.187044462957591,
-12.178741281832));
#5630=CARTESIAN_POINT('Ctrl Pts',(-20.1383478151518,-0.135683140657404,
-12.5078694678329));
#5631=CARTESIAN_POINT('Ctrl Pts',(-20.0028325647892,0.0383646108961665,
-13.0490803199111));
#5632=CARTESIAN_POINT('Ctrl Pts',(-19.9120085936312,0.154194702497173,-13.2798611272958));
#5633=CARTESIAN_POINT('Ctrl Pts',(-19.7583319748881,0.344755534262695,-13.5268779121168));
#5634=CARTESIAN_POINT('Ctrl Pts',(-19.7226623671434,0.388720423045424,-13.5775137751567));
#5635=CARTESIAN_POINT('Ctrl Pts',(-19.6850705027406,0.434713031484299,-13.6243813919601));
#5636=CARTESIAN_POINT('Ctrl Pts',(-20.9873259443259,0.434339698987349,-10.714107728379));
#5637=CARTESIAN_POINT('Ctrl Pts',(-20.7600438404859,0.259940006826272,-11.1278123945956));
#5638=CARTESIAN_POINT('Ctrl Pts',(-20.48608976618,0.0497276521445449,-11.5008648094297));
#5639=CARTESIAN_POINT('Ctrl Pts',(-20.1767855990591,-0.187609782781696,
-11.8192007581277));
#5640=CARTESIAN_POINT('Origin',(0.300000000000009,-15.8999999999987,-10.));
#5641=CARTESIAN_POINT('',(-21.2529728770101,-1.69805461122509,-14.0000000031995));
#5642=CARTESIAN_POINT('Origin',(0.300000000000009,-15.8999999999987,-14.));
#5643=CARTESIAN_POINT('Ctrl Pts',(-21.2529728794858,-1.69805460943467,-14.));
#5644=CARTESIAN_POINT('Ctrl Pts',(-21.1346126049921,-1.51843021883066,-14.000000000027));
#5645=CARTESIAN_POINT('Ctrl Pts',(-21.0154241402872,-1.34258061811367,-13.9579042599039));
#5646=CARTESIAN_POINT('Ctrl Pts',(-20.7819248231809,-1.0062993203502,-13.7928265065777));
#5647=CARTESIAN_POINT('Ctrl Pts',(-20.6712360198675,-0.851408780508358,
-13.6681321475662));
#5648=CARTESIAN_POINT('Ctrl Pts',(-20.4689397059634,-0.573246835705592,
-13.3410260665204));
#5649=CARTESIAN_POINT('Ctrl Pts',(-20.3828937022801,-0.458005219480301,
-13.136870381763));
#5650=CARTESIAN_POINT('Ctrl Pts',(-20.2701775126608,-0.308329633431637,
-12.7425920486952));
#5651=CARTESIAN_POINT('Ctrl Pts',(-20.2347101715062,-0.261808548613935,
-12.5634695713249));
#5652=CARTESIAN_POINT('Ctrl Pts',(-20.1883383260149,-0.201103787492986,
-12.1956947843738));
#5653=CARTESIAN_POINT('Ctrl Pts',(-20.1775223381976,-0.187044462957594,
-12.0081529482535));
#5654=CARTESIAN_POINT('Ctrl Pts',(-20.1775223381976,-0.187044462957594,
-11.8203414405228));
#5655=CARTESIAN_POINT('Origin',(0.300000000000007,-15.8999999999987,-14.));
#5656=CARTESIAN_POINT('',(-22.7757319283422,-27.4644493441796,-14.0000000031995));
#5657=CARTESIAN_POINT('Origin',(0.300000000000009,-15.8999999999987,-14.));
#5658=CARTESIAN_POINT('',(-24.1943070818242,-24.0397059765616,-14.0000000003414));
#5659=CARTESIAN_POINT('Origin',(0.300000000000009,-15.8999999999987,-14.));
#5660=CARTESIAN_POINT('',(-24.9825451665064,-21.0979613856194,-14.0000000031995));
#5661=CARTESIAN_POINT('Origin',(0.300000000000009,-15.8999999999987,-14.));
#5662=CARTESIAN_POINT('',(-25.4663947356585,-17.4227590517946,-14.0000000003414));
#5663=CARTESIAN_POINT('Origin',(0.300000000000009,-15.8999999999987,-14.));
#5664=CARTESIAN_POINT('',(-25.4663947329545,-14.3772409486665,-14.0000000031995));
#5665=CARTESIAN_POINT('Origin',(0.300000000000009,-15.8999999999987,-14.));
#5666=CARTESIAN_POINT('',(-24.9825451692383,-10.702038614126,-14.0000000003414));
#5667=CARTESIAN_POINT('Origin',(0.300000000000009,-15.8999999999987,-14.));
#5668=CARTESIAN_POINT('',(-24.1943070793324,-7.76029402458361,-14.0000000031995));
#5669=CARTESIAN_POINT('Origin',(0.300000000000009,-15.8999999999987,-14.));
#5670=CARTESIAN_POINT('',(-22.7757319309159,-4.33555065486738,-14.0000000003414));
#5671=CARTESIAN_POINT('Origin',(0.300000000000009,-15.8999999999987,-14.));
#5672=CARTESIAN_POINT('Origin',(0.300000000000009,-15.8999999999987,-14.));
#5673=CARTESIAN_POINT('',(-19.1657124551865,-2.29999999999936,-14.));
#5674=CARTESIAN_POINT('',(-19.1657124551865,0.434713031479666,-14.));
#5675=CARTESIAN_POINT('',(-21.1657124551865,-2.29999999999852,-14.));
#5676=CARTESIAN_POINT('',(-19.1657124551865,-2.29999999999937,-14.));
#5677=CARTESIAN_POINT('',(-21.1657124551861,-29.4999999999994,-14.));
#5678=CARTESIAN_POINT('Origin',(0.300000000000009,-15.8999999999987,-14.));
#5679=CARTESIAN_POINT('',(-19.1657124551861,-29.4999999999994,-14.));
#5680=CARTESIAN_POINT('',(-19.1657124551861,-29.4999999999994,-14.));
#5681=CARTESIAN_POINT('',(-19.165712455186,-32.2347130314776,-14.));
#5682=CARTESIAN_POINT('Origin',(0.300000000000007,-15.8999999999987,-14.));
#5683=CARTESIAN_POINT('Origin',(0.300000000000009,-15.8999999999987,-14.));
#5684=CARTESIAN_POINT('',(-13.9019453905272,5.65297287912128,-14.0000000003414));
#5685=CARTESIAN_POINT('Origin',(0.300000000000009,-15.8999999999987,-14.));
#5686=CARTESIAN_POINT('',(-11.2644493441809,7.17573192834356,-14.0000000031995));
#5687=CARTESIAN_POINT('Origin',(0.300000000000009,-15.8999999999987,-14.));
#5688=CARTESIAN_POINT('',(-7.83970597656289,8.59430708182555,-14.0000000003414));
#5689=CARTESIAN_POINT('Origin',(0.300000000000009,-15.8999999999987,-14.));
#5690=CARTESIAN_POINT('',(-4.89796138562074,9.38254516650771,-14.0000000031995));
#5691=CARTESIAN_POINT('Origin',(0.300000000000009,-15.8999999999987,-14.));
#5692=CARTESIAN_POINT('',(-1.22275905179591,9.86639473565986,-14.0000000003414));
#5693=CARTESIAN_POINT('Origin',(0.300000000000009,-15.8999999999987,-14.));
#5694=CARTESIAN_POINT('',(1.82275905133215,9.86639473295583,-14.0000000031995));
#5695=CARTESIAN_POINT('Origin',(0.300000000000009,-15.8999999999987,-14.));
#5696=CARTESIAN_POINT('',(5.49796138587263,9.38254516923963,-14.0000000003414));
#5697=CARTESIAN_POINT('Origin',(0.300000000000009,-15.8999999999987,-14.));
#5698=CARTESIAN_POINT('',(8.43970597541507,8.59430707933369,-14.0000000031995));
#5699=CARTESIAN_POINT('Origin',(0.300000000000009,-15.8999999999987,-14.));
#5700=CARTESIAN_POINT('',(11.8644493451313,7.1757319309172,-14.0000000003414));
#5701=CARTESIAN_POINT('Origin',(0.300000000000009,-15.8999999999987,-14.));
#5702=CARTESIAN_POINT('',(14.5019453887736,5.6529728770114,-14.0000000031995));
#5703=CARTESIAN_POINT('Origin',(0.300000000000009,-15.8999999999987,-14.));
#5704=CARTESIAN_POINT('',(17.4428391926754,3.39634569595292,-14.0000000003414));
#5705=CARTESIAN_POINT('Origin',(0.300000000000009,-15.8999999999987,-14.));
#5706=CARTESIAN_POINT('',(19.5963456937116,1.24283919109264,-14.0000000031995));
#5707=CARTESIAN_POINT('Origin',(0.300000000000009,-15.8999999999987,-14.));
#5708=CARTESIAN_POINT('',(21.85297287912,-1.69805460947143,-14.0000000003414));
#5709=CARTESIAN_POINT('Origin',(0.300000000000009,-15.8999999999987,-14.));
#5710=CARTESIAN_POINT('',(23.3757319283422,-4.33555065581774,-14.0000000031995));
#5711=CARTESIAN_POINT('Origin',(0.300000000000009,-15.8999999999987,-14.));
#5712=CARTESIAN_POINT('',(24.7943070818242,-7.76029402343578,-14.0000000003414));
#5713=CARTESIAN_POINT('Origin',(0.300000000000009,-15.8999999999987,-14.));
#5714=CARTESIAN_POINT('',(25.5825451665064,-10.7020386143779,-14.0000000031995));
#5715=CARTESIAN_POINT('Origin',(0.300000000000009,-15.8999999999987,-14.));
#5716=CARTESIAN_POINT('',(26.0663947356585,-14.3772409482028,-14.0000000003414));
#5717=CARTESIAN_POINT('Origin',(0.300000000000009,-15.8999999999987,-14.));
#5718=CARTESIAN_POINT('',(26.0663947329545,-17.4227590513308,-14.0000000031995));
#5719=CARTESIAN_POINT('Origin',(0.300000000000009,-15.8999999999987,-14.));
#5720=CARTESIAN_POINT('',(25.5825451692383,-21.0979613858713,-14.0000000003414));
#5721=CARTESIAN_POINT('Origin',(0.300000000000009,-15.8999999999987,-14.));
#5722=CARTESIAN_POINT('',(24.7943070793324,-24.0397059754137,-14.0000000031995));
#5723=CARTESIAN_POINT('Origin',(0.300000000000009,-15.8999999999987,-14.));
#5724=CARTESIAN_POINT('',(23.3757319309159,-27.46444934513,-14.0000000003414));
#5725=CARTESIAN_POINT('Origin',(0.300000000000009,-15.8999999999987,-14.));
#5726=CARTESIAN_POINT('',(21.8529728770101,-30.1019453887723,-14.0000000031995));
#5727=CARTESIAN_POINT('Origin',(0.300000000000009,-15.8999999999987,-14.));
#5728=CARTESIAN_POINT('',(19.5963456959516,-33.0428391926741,-14.0000000003414));
#5729=CARTESIAN_POINT('Origin',(0.300000000000009,-15.8999999999987,-14.));
#5730=CARTESIAN_POINT('',(17.4428391910913,-35.1963456937103,-14.0000000031995));
#5731=CARTESIAN_POINT('Origin',(0.300000000000009,-15.8999999999987,-14.));
#5732=CARTESIAN_POINT('',(14.5019453905272,-37.4529728791186,-14.0000000003414));
#5733=CARTESIAN_POINT('Origin',(0.300000000000009,-15.8999999999987,-14.));
#5734=CARTESIAN_POINT('',(11.8644493441809,-38.9757319283409,-14.0000000031995));
#5735=CARTESIAN_POINT('Origin',(0.300000000000009,-15.8999999999987,-14.));
#5736=CARTESIAN_POINT('',(8.43970597656291,-40.3943070818229,-14.0000000003414));
#5737=CARTESIAN_POINT('Origin',(0.300000000000009,-15.8999999999987,-14.));
#5738=CARTESIAN_POINT('',(5.49796138562076,-41.1825451665051,-14.0000000031995));
#5739=CARTESIAN_POINT('Origin',(0.300000000000009,-15.8999999999987,-14.));
#5740=CARTESIAN_POINT('',(1.82275905179593,-41.6663947356572,-14.0000000003414));
#5741=CARTESIAN_POINT('Origin',(0.300000000000009,-15.8999999999987,-14.));
#5742=CARTESIAN_POINT('',(-1.22275905133214,-41.6663947329532,-14.0000000031995));
#5743=CARTESIAN_POINT('Origin',(0.300000000000009,-15.8999999999987,-14.));
#5744=CARTESIAN_POINT('',(-4.89796138587261,-41.182545169237,-14.0000000003414));
#5745=CARTESIAN_POINT('Origin',(0.300000000000009,-15.8999999999987,-14.));
#5746=CARTESIAN_POINT('',(-7.83970597541505,-40.394307079331,-14.0000000031995));
#5747=CARTESIAN_POINT('Origin',(0.300000000000009,-15.8999999999987,-14.));
#5748=CARTESIAN_POINT('',(-11.2644493451313,-38.9757319309145,-14.0000000003414));
#5749=CARTESIAN_POINT('Origin',(0.300000000000009,-15.8999999999987,-14.));
#5750=CARTESIAN_POINT('',(-13.9019453887736,-37.4529728770088,-14.0000000031995));
#5751=CARTESIAN_POINT('Origin',(0.300000000000009,-15.8999999999987,-14.));
#5752=CARTESIAN_POINT('Origin',(0.300000000000009,-15.8999999999987,-14.));
#5753=CARTESIAN_POINT('Origin',(-0.791915895482056,-17.3230124999995,4.09999999997651));
#5754=CARTESIAN_POINT('',(-23.663551678815,0.0950678599946711,19.2000000000105));
#5755=CARTESIAN_POINT('Origin',(-0.855639488412692,-17.4060587031553,4.09999999997651));
#5756=CARTESIAN_POINT('',(-20.8901589235405,0.359780821597176,19.2));
#5757=CARTESIAN_POINT('Ctrl Pts',(-23.6635516788196,0.0950678599977225,
19.2));
#5758=CARTESIAN_POINT('Ctrl Pts',(-23.6437492657688,0.124735514593621,19.2));
#5759=CARTESIAN_POINT('Ctrl Pts',(-23.6233017666212,0.153194827234853,19.2));
#5760=CARTESIAN_POINT('Ctrl Pts',(-23.6025675772983,0.18021614884576,19.2));
#5761=CARTESIAN_POINT('Ctrl Pts',(-23.4732406055681,0.348758339797322,19.2));
#5762=CARTESIAN_POINT('Ctrl Pts',(-23.2786721690453,0.513479652886171,19.2));
#5763=CARTESIAN_POINT('Ctrl Pts',(-22.8932779276123,0.723198824199358,19.2));
#5764=CARTESIAN_POINT('Ctrl Pts',(-22.6325906399862,0.799347204508907,19.2));
#5765=CARTESIAN_POINT('Ctrl Pts',(-22.1630495709743,0.843319740395767,19.2));
#5766=CARTESIAN_POINT('Ctrl Pts',(-21.870467521806,0.81125947613812,19.2));
#5767=CARTESIAN_POINT('Ctrl Pts',(-21.3817456757733,0.666558014205916,19.2));
#5768=CARTESIAN_POINT('Ctrl Pts',(-21.0999340860036,0.520746965162789,19.2));
#5769=CARTESIAN_POINT('Ctrl Pts',(-20.8901589235405,0.359780821597174,19.2));
#5770=CARTESIAN_POINT('Origin',(0.300000000000009,-15.8999999999987,4.09999999997651));
#5771=CARTESIAN_POINT('Origin',(0.300000000000009,-15.8999999999987,-10.));
#5772=CARTESIAN_POINT('',(-15.4129555369244,4.57752233804688,-11.820341440835));
#5773=CARTESIAN_POINT('Ctrl Pts',(-16.7995545208288,3.4347130314796,-13.998984648404));
#5774=CARTESIAN_POINT('Ctrl Pts',(-16.653263135678,3.56409263552344,-13.9921286874389));
#5775=CARTESIAN_POINT('Ctrl Pts',(-16.507699532225,3.68979750990046,-13.9506787138641));
#5776=CARTESIAN_POINT('Ctrl Pts',(-16.2088022666457,3.94261378715165,-13.7928265065777));
#5777=CARTESIAN_POINT('Ctrl Pts',(-16.0617964712269,4.06357818945563,-13.6681321475662));
#5778=CARTESIAN_POINT('Ctrl Pts',(-15.7943996281262,4.27990385703899,-13.3410260665204));
#5779=CARTESIAN_POINT('Ctrl Pts',(-15.681458845852,4.36894836590607,-13.1368703817631));
#5780=CARTESIAN_POINT('Ctrl Pts',(-15.5338444750016,4.48435078347059,-12.7425920486952));
#5781=CARTESIAN_POINT('Ctrl Pts',(-15.4875451114409,4.52010707739304,-12.5634695713249));
#5782=CARTESIAN_POINT('Ctrl Pts',(-15.4270417999616,4.56674145716876,-12.1956947843738));
#5783=CARTESIAN_POINT('Ctrl Pts',(-15.4129555370411,4.57752233819897,-12.0081529482535));
#5784=CARTESIAN_POINT('Ctrl Pts',(-15.4129555370411,4.57752233819897,-11.8203414405228));
#5785=CARTESIAN_POINT('Ctrl Pts',(-15.4129555370411,4.57752233819897,-11.8203414405228));
#5786=CARTESIAN_POINT('Ctrl Pts',(-15.4129555370411,4.57752233819897,-12.1787412818317));
#5787=CARTESIAN_POINT('Ctrl Pts',(-15.3618225651057,4.61699445323398,-12.5078694678328));
#5788=CARTESIAN_POINT('Ctrl Pts',(-15.185878012065,4.75003774377147,-13.0490803199111));
#5789=CARTESIAN_POINT('Ctrl Pts',(-15.0681697589751,4.83841404722279,-13.2798611272958));
#5790=CARTESIAN_POINT('Ctrl Pts',(-14.7817121637092,5.04742332483325,-13.6376659455348));
#5791=CARTESIAN_POINT('Ctrl Pts',(-14.6260498207548,5.15906478594276,-13.7706326878956));
#5792=CARTESIAN_POINT('Ctrl Pts',(-14.3653520523064,5.34062961604864,-13.9072911222429));
#5793=CARTESIAN_POINT('Ctrl Pts',(-14.275510240397,5.40241511845946,-13.9418709196555));
#5794=CARTESIAN_POINT('Ctrl Pts',(-14.0909125759103,5.52755002098159,-13.9882481399927));
#5795=CARTESIAN_POINT('Ctrl Pts',(-13.9968011154509,5.59046939876645,-14.0000000000015));
#5796=CARTESIAN_POINT('Ctrl Pts',(-13.9019453907183,5.65297287938547,-14.));
#5797=CARTESIAN_POINT('Ctrl Pts',(-16.8450935131715,3.39918659786616,-13.9981008793494));
#5798=CARTESIAN_POINT('Ctrl Pts',(-17.6353271152557,4.39504511177078,-13.3319130749152));
#5799=CARTESIAN_POINT('Ctrl Pts',(-18.293708426475,5.22844918709003,-12.2715894365136));
#5800=CARTESIAN_POINT('Ctrl Pts',(-18.7071852663273,5.75227270201782,-10.9999999999959));
#5801=CARTESIAN_POINT('Ctrl Pts',(-16.4156885484727,3.73937086175564,-14.0143024375551));
#5802=CARTESIAN_POINT('Ctrl Pts',(-17.207510578823,4.7434534713226,-13.3517114728558));
#5803=CARTESIAN_POINT('Ctrl Pts',(-17.8677442849837,5.58350362542212,-12.2923193669044));
#5804=CARTESIAN_POINT('Ctrl Pts',(-18.2838530844241,6.113355752928,-11.0151049353768));
#5805=CARTESIAN_POINT('Ctrl Pts',(-15.5274730314312,4.16458270354869,-13.6258075559975));
#5806=CARTESIAN_POINT('Ctrl Pts',(-16.2625324831497,5.11403916196155,-13.0083720693932));
#5807=CARTESIAN_POINT('Ctrl Pts',(-16.879911510949,5.91243438091008,-12.0135212955773));
#5808=CARTESIAN_POINT('Ctrl Pts',(-17.2678037073186,6.41411633234923,-10.8155544400501));
#5809=CARTESIAN_POINT('Ctrl Pts',(-14.9845287504399,4.01918567949551,-12.7740513167396));
#5810=CARTESIAN_POINT('Ctrl Pts',(-15.609271929209,4.83346107300492,-12.2400932772277));
#5811=CARTESIAN_POINT('Ctrl Pts',(-16.1324799605388,5.51518027019865,-11.3864506743893));
#5812=CARTESIAN_POINT('Ctrl Pts',(-16.4610770999773,5.9434609528394,-10.361484139097));
#5813=CARTESIAN_POINT('Ctrl Pts',(-14.8684776184313,3.86794489971497,-12.4098808716693));
#5814=CARTESIAN_POINT('Ctrl Pts',(-15.4479538068718,4.62313297144791,-11.9115864522653));
#5815=CARTESIAN_POINT('Ctrl Pts',(-15.9319722064942,5.25391803075779,-11.1184867463551));
#5816=CARTESIAN_POINT('Ctrl Pts',(-16.2360897362696,5.65025171188694,-10.1673646817174));
#5817=CARTESIAN_POINT('',(-18.7071852663273,5.75227270201782,-10.9999999999983));
#5818=CARTESIAN_POINT('Ctrl Pts',(-16.8732816218132,3.43471104158605,-13.9741225403097));
#5819=CARTESIAN_POINT('Ctrl Pts',(-17.6509802165452,4.41485946290483,-13.3066177700995));
#5820=CARTESIAN_POINT('Ctrl Pts',(-18.2986345750293,5.23469000205735,-12.2564397646078));
#5821=CARTESIAN_POINT('Ctrl Pts',(-18.7071852663273,5.75227270201782,-10.9999999999959));
#5822=CARTESIAN_POINT('',(-16.2360897362677,5.65025171188447,-10.1673646817203));
#5823=CARTESIAN_POINT('Origin',(-17.6591022362705,4.55833581640488,-10.1673646817174));
#5824=CARTESIAN_POINT('Ctrl Pts',(-15.4123902470362,4.57678563792158,-11.8192008125649));
#5825=CARTESIAN_POINT('Ctrl Pts',(-15.7502980391452,5.01715564627881,-11.3659719192587));
#5826=CARTESIAN_POINT('Ctrl Pts',(-16.033221869742,5.38586916089403,-10.801830258899));
#5827=CARTESIAN_POINT('Ctrl Pts',(-16.2360897362685,5.65025171188548,-10.167364681721));
#5828=CARTESIAN_POINT('Origin',(0.300000000000011,-15.8999999999987,-7.6961682589258));
#5829=CARTESIAN_POINT('Origin',(0.299999999999558,-15.8999999999983,-11.0000000000007));
#5830=CARTESIAN_POINT('Origin',(0.300000000000007,-15.8999999999987,19.2));
#5831=CARTESIAN_POINT('',(1.35000000000001,-15.8999999999987,14.2));
#5832=CARTESIAN_POINT('Origin',(0.300000000000007,-15.8999999999987,14.2));
#5833=CARTESIAN_POINT('',(1.35000000000001,-15.8999999999987,19.2));
#5834=CARTESIAN_POINT('',(1.35000000000001,-15.8999999999987,19.2));
#5835=CARTESIAN_POINT('Origin',(0.300000000000007,-15.8999999999987,19.2));
#5836=CARTESIAN_POINT('Origin',(0.300000000000007,-15.8999999999987,19.2));
#5837=CARTESIAN_POINT('',(4.35000000000001,-15.8999999999987,14.2));
#5838=CARTESIAN_POINT('Origin',(0.300000000000007,-15.8999999999987,14.2));
#5839=CARTESIAN_POINT('',(4.35000000000001,-15.8999999999987,17.7));
#5840=CARTESIAN_POINT('',(4.35000000000001,-15.8999999999987,19.2));
#5841=CARTESIAN_POINT('Origin',(0.300000000000007,-15.8999999999987,17.7));
#5842=CARTESIAN_POINT('Origin',(0.300000000000007,-15.8999999999987,14.2));
#5843=CARTESIAN_POINT('Origin',(0.300000000000007,-15.8999999999987,17.7));
#5844=CARTESIAN_POINT('',(17.6676224973009,2.65000000000132,17.7));
#5845=CARTESIAN_POINT('',(17.6676224973009,-5.9499999999987,17.7));
#5846=CARTESIAN_POINT('',(17.6676224973009,2.65000000000132,17.7));
#5847=CARTESIAN_POINT('',(12.367622497301,-5.94999999999873,17.7));
#5848=CARTESIAN_POINT('',(6.33381124865048,-5.94999999999877,17.7));
#5849=CARTESIAN_POINT('',(8.36762249730095,-5.94999999999873,17.7));
#5850=CARTESIAN_POINT('',(12.367622497301,-5.94999999999873,17.7));
#5851=CARTESIAN_POINT('',(8.36762249730086,6.19668604704517,17.7));
#5852=CARTESIAN_POINT('',(8.36762249730091,2.65000000000127,17.7));
#5853=CARTESIAN_POINT('',(6.86762249730086,6.19668604704515,17.7));
#5854=CARTESIAN_POINT('',(8.36762249730086,6.19668604704517,17.7));
#5855=CARTESIAN_POINT('',(6.86762249730086,-40.447976412357,17.7));
#5856=CARTESIAN_POINT('',(6.86762249730086,6.19668604704515,17.7));
#5857=CARTESIAN_POINT('',(-19.1657124551861,-32.2347130314776,17.7));
#5858=CARTESIAN_POINT('Origin',(0.300000000000009,-15.8999999999987,17.7));
#5859=CARTESIAN_POINT('',(-19.1657124551865,0.434713031479665,17.7));
#5860=CARTESIAN_POINT('',(-19.1657124551865,-2.29999999999937,17.7));
#5861=CARTESIAN_POINT('',(14.7676224973009,4.99078051400667,17.7));
#5862=CARTESIAN_POINT('Origin',(0.300000000000009,-15.8999999999987,17.7));
#5863=CARTESIAN_POINT('',(14.7676224973008,2.6500000000013,17.7));
#5864=CARTESIAN_POINT('',(14.7676224973008,2.6500000000013,17.7));
#5865=CARTESIAN_POINT('',(8.36762249730091,2.65000000000127,17.7));
#5866=CARTESIAN_POINT('Origin',(17.6676224973009,-15.8999999999987,15.53125));
#5867=CARTESIAN_POINT('',(17.667622497301,-34.4499999999987,4.6));
#5868=CARTESIAN_POINT('',(17.6676224973009,2.65000000000132,4.6));
#5869=CARTESIAN_POINT('Ctrl Pts',(17.6676224973009,-34.4499999999987,4.59999999999998));
#5870=CARTESIAN_POINT('Ctrl Pts',(17.9055362188233,-34.2272509055335,4.13937155084601));
#5871=CARTESIAN_POINT('Ctrl Pts',(18.1489797359189,-33.9906966397278,3.68911037961199));
#5872=CARTESIAN_POINT('Ctrl Pts',(19.0604728202764,-33.0662582209746,2.06263138817642));
#5873=CARTESIAN_POINT('Ctrl Pts',(19.7424501962835,-32.296230930622,0.960307815824694));
#5874=CARTESIAN_POINT('Ctrl Pts',(21.0639851889002,-30.5906232712979,-1.07484310534972));
#5875=CARTESIAN_POINT('Ctrl Pts',(21.7545119911327,-29.5798845397959,-2.07833857045054));
#5876=CARTESIAN_POINT('Ctrl Pts',(23.0414601815144,-27.3132079071203,-3.88848190943575));
#5877=CARTESIAN_POINT('Ctrl Pts',(23.6373548911873,-26.0570631646754,-4.69524517874692));
#5878=CARTESIAN_POINT('Ctrl Pts',(24.6329126933426,-23.3637436628927,-6.02169270927544));
#5879=CARTESIAN_POINT('Ctrl Pts',(25.0333859589651,-21.9231215234379,-6.54273778963837));
#5880=CARTESIAN_POINT('Ctrl Pts',(25.5727453472351,-18.9506911604359,-7.24118279059756));
#5881=CARTESIAN_POINT('Ctrl Pts',(25.7113520145771,-17.4187720479205,-7.41832653941686));
#5882=CARTESIAN_POINT('Ctrl Pts',(25.7113520145771,-14.4159761787966,-7.41832653941686));
#5883=CARTESIAN_POINT('Ctrl Pts',(25.5789613336716,-12.916200126544,-7.24910067224568));
#5884=CARTESIAN_POINT('Ctrl Pts',(25.0613843798878,-10.0006109357765,-6.57911753335634));
#5885=CARTESIAN_POINT('Ctrl Pts',(24.6764761063368,-8.58468871595086,-6.0786202524202));
#5886=CARTESIAN_POINT('Ctrl Pts',(23.7171192424835,-5.93180792192609,-4.80250047291844));
#5887=CARTESIAN_POINT('Ctrl Pts',(23.1419164904695,-4.69148585358571,-4.02559745009038));
#5888=CARTESIAN_POINT('Ctrl Pts',(21.896388851466,-2.44712198838635,-2.28132988526366));
#5889=CARTESIAN_POINT('Ctrl Pts',(21.2265689711899,-1.44287285794378,-1.31387155541058));
#5890=CARTESIAN_POINT('Ctrl Pts',(19.9098128032708,0.298198658192351,0.693991177205495));
#5891=CARTESIAN_POINT('Ctrl Pts',(19.2113138255948,1.1018487589875,1.81041881756323));
#5892=CARTESIAN_POINT('Ctrl Pts',(18.236219710185,2.10564608803199,3.52837831003691));
#5893=CARTESIAN_POINT('Ctrl Pts',(17.9479949561489,2.38749848927832,4.05716653046216));
#5894=CARTESIAN_POINT('Ctrl Pts',(17.6676224973009,2.65000000000132,4.6));
#5895=CARTESIAN_POINT('',(25.0206753031663,-36.8651396919764,6.49958420512547));
#5896=CARTESIAN_POINT('Ctrl Pts',(17.6676224973009,-34.4499999999986,4.59999999999997));
#5897=CARTESIAN_POINT('Ctrl Pts',(18.826424517365,-34.8635776459466,4.89936436908164));
#5898=CARTESIAN_POINT('Ctrl Pts',(19.996194988868,-35.2634157517599,5.2015617366704));
#5899=CARTESIAN_POINT('Ctrl Pts',(22.4468705532624,-36.069354836288,5.83466932767142));
#5900=CARTESIAN_POINT('Ctrl Pts',(23.7290496681875,-36.4734102760954,6.16590624569894));
#5901=CARTESIAN_POINT('Ctrl Pts',(25.0206753038118,-36.8651396923606,6.49958420518075));
#5902=CARTESIAN_POINT('',(24.6088218398478,-34.5528150436862,2.49782046057535));
#5903=CARTESIAN_POINT('Ctrl Pts',(24.6088218398478,-34.5528150436862,2.49782046057535));
#5904=CARTESIAN_POINT('Ctrl Pts',(24.6182680922441,-34.5600634080852,2.5052859342038));
#5905=CARTESIAN_POINT('Ctrl Pts',(24.6275928602008,-34.567357978768,2.51286708184487));
#5906=CARTESIAN_POINT('Ctrl Pts',(24.8077111601065,-34.710923546481,2.66337317682389));
#5907=CARTESIAN_POINT('Ctrl Pts',(24.9556343420209,-34.8765044751604,2.85954713452453));
#5908=CARTESIAN_POINT('Ctrl Pts',(25.2361992686989,-35.3255068328932,3.46110963355184));
#5909=CARTESIAN_POINT('Ctrl Pts',(25.3316596686692,-35.6228694058544,3.91245519984444));
#5910=CARTESIAN_POINT('Ctrl Pts',(25.3513882377205,-36.2851720669725,5.10143688039622));
#5911=CARTESIAN_POINT('Ctrl Pts',(25.2320182718928,-36.6091410967784,5.81114701282578));
#5912=CARTESIAN_POINT('Ctrl Pts',(25.0206753023269,-36.8651396919456,6.49958420487922));
#5913=CARTESIAN_POINT('',(27.1098058967771,-34.0790755360833,1.12350452030185));
#5914=CARTESIAN_POINT('Ctrl Pts',(27.1098058967771,-34.0790755360833,1.12350452030185));
#5915=CARTESIAN_POINT('Ctrl Pts',(27.0745826246793,-34.1466107745636,1.21871686502883));
#5916=CARTESIAN_POINT('Ctrl Pts',(27.0346817788178,-34.2118044080359,1.31372381713378));
#5917=CARTESIAN_POINT('Ctrl Pts',(26.8959381485215,-34.4055661903753,1.60594423753282));
#5918=CARTESIAN_POINT('Ctrl Pts',(26.7785914775765,-34.5273116983535,1.80451132439902));
#5919=CARTESIAN_POINT('Ctrl Pts',(26.49350057753,-34.7338891054722,2.17603559050338));
#5920=CARTESIAN_POINT('Ctrl Pts',(26.3338864399792,-34.8122277739667,2.33735792562789));
#5921=CARTESIAN_POINT('Ctrl Pts',(26.042215145497,-34.8989007288057,2.55377344769206));
#5922=CARTESIAN_POINT('Ctrl Pts',(25.9082173681709,-34.9231294943605,2.63162114244912));
#5923=CARTESIAN_POINT('Ctrl Pts',(25.6442170815103,-34.9338128790573,2.73064793332866));
#5924=CARTESIAN_POINT('Ctrl Pts',(25.5209506593487,-34.926024748996,2.75808842596468));
#5925=CARTESIAN_POINT('Ctrl Pts',(25.2631709998105,-34.8800737872003,2.77119828115148));
#5926=CARTESIAN_POINT('Ctrl Pts',(25.1365025193265,-34.8416521409362,2.7539963206408));
#5927=CARTESIAN_POINT('Ctrl Pts',(24.8625399305851,-34.7258699869732,2.66935944936669));
#5928=CARTESIAN_POINT('Ctrl Pts',(24.7263602096614,-34.6430054069673,2.5907122829994));
#5929=CARTESIAN_POINT('Ctrl Pts',(24.6088218398478,-34.5528150436862,2.49782046057535));
#5930=CARTESIAN_POINT('',(28.7541066261014,-29.7408311774245,-3.44315672241145));
#5931=CARTESIAN_POINT('Ctrl Pts',(28.7541066261014,-29.7408311774245,-3.44315672241145));
#5932=CARTESIAN_POINT('Ctrl Pts',(28.4681550954955,-30.7730633790245,-2.62778770346526));
#5933=CARTESIAN_POINT('Ctrl Pts',(28.1413301841818,-31.7485953983679,-1.70682009516144));
#5934=CARTESIAN_POINT('Ctrl Pts',(27.5667091112743,-33.1474599300687,-0.118975064961355));
#5935=CARTESIAN_POINT('Ctrl Pts',(27.3439419107283,-33.6301555295856,0.490609347717725));
#5936=CARTESIAN_POINT('Ctrl Pts',(27.1098058967771,-34.0790755360833,1.12350452030185));
#5937=CARTESIAN_POINT('',(27.4209076823479,-27.1338477858958,-4.82582421859312));
#5938=CARTESIAN_POINT('Ctrl Pts',(27.4209076823479,-27.1338477858959,-4.82582421859313));
#5939=CARTESIAN_POINT('Ctrl Pts',(27.554112126317,-27.1890228731562,-4.82220290290415));
#5940=CARTESIAN_POINT('Ctrl Pts',(27.6808314207704,-27.2584793859718,-4.80921792706753));
#5941=CARTESIAN_POINT('Ctrl Pts',(28.0301128077053,-27.4965499810847,-4.74586727396185));
#5942=CARTESIAN_POINT('Ctrl Pts',(28.224653623079,-27.6932386940891,-4.6725797256748));
#5943=CARTESIAN_POINT('Ctrl Pts',(28.5669909639344,-28.1705757092487,-4.45780985411996));
#5944=CARTESIAN_POINT('Ctrl Pts',(28.6941461138936,-28.4578800255351,-4.30589395841121));
#5945=CARTESIAN_POINT('Ctrl Pts',(28.8341345742753,-29.0501707677329,-3.94847081768862));
#5946=CARTESIAN_POINT('Ctrl Pts',(28.8395789469985,-29.3557994398378,-3.73978323505616));
#5947=CARTESIAN_POINT('Ctrl Pts',(28.7793006651309,-29.6379648366398,-3.52324366357437));
#5948=CARTESIAN_POINT('Ctrl Pts',(28.7719085694586,-29.6725675748724,-3.49668880534622));
#5949=CARTESIAN_POINT('Ctrl Pts',(28.7635130509785,-29.706875721269,-3.46997842680166));
#5950=CARTESIAN_POINT('Ctrl Pts',(28.7541066261014,-29.7408311774245,-3.44315672241145));
#5951=CARTESIAN_POINT('',(29.5858284210927,-25.9758330096623,-5.84594629797564));
#5952=CARTESIAN_POINT('Ctrl Pts',(29.5858284210927,-25.9758330096623,-5.84594629797564));
#5953=CARTESIAN_POINT('Ctrl Pts',(29.5477033155212,-26.1967779751126,-5.73437528777143));
#5954=CARTESIAN_POINT('Ctrl Pts',(29.4703233858923,-26.406965354019,-5.61577256343342));
#5955=CARTESIAN_POINT('Ctrl Pts',(29.247638983942,-26.7597635713637,-5.39232546172975));
#5956=CARTESIAN_POINT('Ctrl Pts',(29.1110497306563,-26.9059094035979,-5.28816888072663));
#5957=CARTESIAN_POINT('Ctrl Pts',(28.7980721354136,-27.1212247499565,-5.11000762700739));
#5958=CARTESIAN_POINT('Ctrl Pts',(28.6311846995389,-27.1953869802837,-5.03565497802463));
#5959=CARTESIAN_POINT('Ctrl Pts',(28.2654989809537,-27.278592144851,-4.91597948810702));
#5960=CARTESIAN_POINT('Ctrl Pts',(28.0733295718751,-27.2858675362802,-4.87303295665943));
#5961=CARTESIAN_POINT('Ctrl Pts',(27.7220008424701,-27.2378799370876,-4.82885854568185));
#5962=CARTESIAN_POINT('Ctrl Pts',(27.568124316626,-27.1948269124207,-4.82182196542872));
#5963=CARTESIAN_POINT('Ctrl Pts',(27.4209076823479,-27.1338477858958,-4.82582421859314));
#5964=CARTESIAN_POINT('',(30.1354094043853,-21.7426323618863,-7.46788648228974));
#5965=CARTESIAN_POINT('Ctrl Pts',(30.1354094043853,-21.7426323618863,-7.46788648228975));
#5966=CARTESIAN_POINT('Ctrl Pts',(30.1292907817784,-21.8099295385645,-7.44967736066854));
#5967=CARTESIAN_POINT('Ctrl Pts',(30.1230691758523,-21.8770918757077,-7.43116682350635));
#5968=CARTESIAN_POINT('Ctrl Pts',(29.9844041139498,-23.3467286511805,-7.01873075129816));
#5969=CARTESIAN_POINT('Ctrl Pts',(29.8066492567758,-24.6874041594897,-6.49234462767816));
#5970=CARTESIAN_POINT('Ctrl Pts',(29.5919350188652,-25.9403823510853,-5.86381818355557));
#5971=CARTESIAN_POINT('Ctrl Pts',(29.5888865986275,-25.9581100704166,-5.85489588517892));
#5972=CARTESIAN_POINT('Ctrl Pts',(29.5858284210927,-25.9758330096623,-5.84594629797564));
#5973=CARTESIAN_POINT('',(28.4207669780429,-19.6021692067312,-7.60169711212149));
#5974=CARTESIAN_POINT('Ctrl Pts',(28.4207669780429,-19.6021692067312,-7.60169711212149));
#5975=CARTESIAN_POINT('Ctrl Pts',(28.4527319640586,-19.6063774769755,-7.60673163821052));
#5976=CARTESIAN_POINT('Ctrl Pts',(28.4846395737003,-19.6114271232754,-7.61162057980134));
#5977=CARTESIAN_POINT('Ctrl Pts',(28.7607520808991,-19.6625065163173,-7.6527275427666));
#5978=CARTESIAN_POINT('Ctrl Pts',(28.9951849049764,-19.7561490163205,-7.67957526602726));
#5979=CARTESIAN_POINT('Ctrl Pts',(29.421240287319,-20.0281844752519,-7.70905397518151));
#5980=CARTESIAN_POINT('Ctrl Pts',(29.6084446830924,-20.2054239754402,-7.71096959716848));
#5981=CARTESIAN_POINT('Ctrl Pts',(29.9071165736313,-20.6170180190057,-7.68467579075139));
#5982=CARTESIAN_POINT('Ctrl Pts',(30.0164152156723,-20.8476497842351,-7.65673036220851));
#5983=CARTESIAN_POINT('Ctrl Pts',(30.1359555411695,-21.3049876789572,-7.5757821786642));
#5984=CARTESIAN_POINT('Ctrl Pts',(30.1550922217455,-21.5261460507477,-7.52646287083124));
#5985=CARTESIAN_POINT('Ctrl Pts',(30.1354094043853,-21.7426323618863,-7.46788648228975));
#5986=CARTESIAN_POINT('',(30.3640700452131,-17.9432837118356,-8.15074238159026));
#5987=CARTESIAN_POINT('Ctrl Pts',(30.3640700452131,-17.9432837118356,-8.15074238159027));
#5988=CARTESIAN_POINT('Ctrl Pts',(30.3607407900646,-18.0520848151904,-8.14076579743527));
#5989=CARTESIAN_POINT('Ctrl Pts',(30.3477757781742,-18.1603829775659,-8.12836513294647));
#5990=CARTESIAN_POINT('Ctrl Pts',(30.2778895469539,-18.4883903174249,-8.08314775864016));
#5991=CARTESIAN_POINT('Ctrl Pts',(30.1895016215224,-18.6976110649588,-8.04328480776393));
#5992=CARTESIAN_POINT('Ctrl Pts',(29.9388465824361,-19.0669576501059,-7.95190946268265));
#5993=CARTESIAN_POINT('Ctrl Pts',(29.7796534787622,-19.2235246122572,-7.90149988102514));
#5994=CARTESIAN_POINT('Ctrl Pts',(29.4044470309792,-19.4678909353473,-7.79862996630318));
#5995=CARTESIAN_POINT('Ctrl Pts',(29.191734523778,-19.5511375421662,-7.74746713798868));
#5996=CARTESIAN_POINT('Ctrl Pts',(28.7873518148291,-19.6228380336044,-7.66387834525872));
#5997=CARTESIAN_POINT('Ctrl Pts',(28.6030564028707,-19.6261680647935,-7.63040792915734));
#5998=CARTESIAN_POINT('Ctrl Pts',(28.4207669780429,-19.6021692067312,-7.60169711212149));
#5999=CARTESIAN_POINT('',(30.3640700452131,-13.8567162881617,-8.15074238159027));
#6000=CARTESIAN_POINT('Ctrl Pts',(30.3640700452131,-13.8567162881617,-8.15074238159027));
#6001=CARTESIAN_POINT('Ctrl Pts',(30.3895795320883,-14.690374327036,-8.22718516870245));
#6002=CARTESIAN_POINT('Ctrl Pts',(30.3995139261139,-15.5327503905583,-8.25701009634912));
#6003=CARTESIAN_POINT('Ctrl Pts',(30.3898800027113,-16.8978763661403,-8.2281149718149));
#6004=CARTESIAN_POINT('Ctrl Pts',(30.3800226693418,-17.4219469475548,-8.1985466771495));
#6005=CARTESIAN_POINT('Ctrl Pts',(30.3640700452131,-17.9432837118356,-8.15074238159027));
#6006=CARTESIAN_POINT('',(28.4207669780421,-12.1978307932663,-7.6016971121236));
#6007=CARTESIAN_POINT('Ctrl Pts',(28.4207669780424,-12.1978307932662,-7.60169711212142));
#6008=CARTESIAN_POINT('Ctrl Pts',(28.6021936881505,-12.1739455137514,-7.63027205048797));
#6009=CARTESIAN_POINT('Ctrl Pts',(28.7855757269619,-12.1771362116776,-7.66355627560591));
#6010=CARTESIAN_POINT('Ctrl Pts',(29.1856161015976,-12.2474261211173,-7.74614764341254));
#6011=CARTESIAN_POINT('Ctrl Pts',(29.3953348601166,-12.3283615784041,-7.79641185094626));
#6012=CARTESIAN_POINT('Ctrl Pts',(29.7705007938255,-12.5684563966548,-7.89872687168427));
#6013=CARTESIAN_POINT('Ctrl Pts',(29.931642324581,-12.7247617806462,-7.94951190526515));
#6014=CARTESIAN_POINT('Ctrl Pts',(30.1868655321777,-13.0962340086126,-8.04210141695942));
#6015=CARTESIAN_POINT('Ctrl Pts',(30.2771295369532,-13.3082055143781,-8.08266981783616));
#6016=CARTESIAN_POINT('Ctrl Pts',(30.3477546731303,-13.6394408902096,-8.12834494982562));
#6017=CARTESIAN_POINT('Ctrl Pts',(30.3607380797539,-13.747826611003,-8.14075767560579));
#6018=CARTESIAN_POINT('Ctrl Pts',(30.3640700452131,-13.8567162881617,-8.15074238159027));
#6019=CARTESIAN_POINT('',(30.1354094043853,-10.0573676381111,-7.46788648228977));
#6020=CARTESIAN_POINT('Ctrl Pts',(30.1354094043853,-10.0573676381111,-7.46788648228977));
#6021=CARTESIAN_POINT('Ctrl Pts',(30.15634058952,-10.2875844294703,-7.53017803388261));
#6022=CARTESIAN_POINT('Ctrl Pts',(30.1333660882878,-10.5228989267688,-7.58193899148308));
#6023=CARTESIAN_POINT('Ctrl Pts',(29.9998693131969,-10.9928979897244,-7.6623619499072));
#6024=CARTESIAN_POINT('Ctrl Pts',(29.8848972657899,-11.2225336550106,-7.68865846252938));
#6025=CARTESIAN_POINT('Ctrl Pts',(29.5773455261945,-11.6268050639823,-7.71129535062004));
#6026=CARTESIAN_POINT('Ctrl Pts',(29.3880518037658,-11.7985446135283,-7.70781252026114));
#6027=CARTESIAN_POINT('Ctrl Pts',(28.963258379723,-12.0579134906066,-7.67616171903901));
#6028=CARTESIAN_POINT('Ctrl Pts',(28.7326704110287,-12.1456501284723,-7.64902749826113));
#6029=CARTESIAN_POINT('Ctrl Pts',(28.4691415604795,-12.1909754449229,-7.60923787299268));
#6030=CARTESIAN_POINT('Ctrl Pts',(28.4449704858239,-12.1946443410164,-7.60550919548388));
#6031=CARTESIAN_POINT('Ctrl Pts',(28.4207669780424,-12.1978307932662,-7.60169711212142));
#6032=CARTESIAN_POINT('',(29.5858284210927,-5.82416699033509,-5.84594629797567));
#6033=CARTESIAN_POINT('Ctrl Pts',(29.5858284210927,-5.82416699033509,-5.84594629797568));
#6034=CARTESIAN_POINT('Ctrl Pts',(29.7649032871184,-6.8619527090616,-6.36999897678564));
#6035=CARTESIAN_POINT('Ctrl Pts',(29.9127797981164,-7.93086168825296,-6.80695439479474));
#6036=CARTESIAN_POINT('Ctrl Pts',(30.0676650713914,-9.34802441582371,-7.26642069029958));
#6037=CARTESIAN_POINT('Ctrl Pts',(30.1029274100009,-9.70010642829551,-7.37121953218609));
#6038=CARTESIAN_POINT('Ctrl Pts',(30.1354094043853,-10.0573676381111,-7.46788648228977));
#6039=CARTESIAN_POINT('',(27.4209076823479,-4.66615221410149,-4.82582421859315));
#6040=CARTESIAN_POINT('Ctrl Pts',(27.4209076823479,-4.6661522141015,-4.82582421859316));
#6041=CARTESIAN_POINT('Ctrl Pts',(27.5233057856992,-4.62373753093212,-4.82304040863054));
#6042=CARTESIAN_POINT('Ctrl Pts',(27.6292034260595,-4.58988548490882,-4.82558374809104));
#6043=CARTESIAN_POINT('Ctrl Pts',(27.9261581111384,-4.52433063811173,-4.84902408339904));
#6044=CARTESIAN_POINT('Ctrl Pts',(28.1165300522949,-4.51397326438349,-4.88171288279333));
#6045=CARTESIAN_POINT('Ctrl Pts',(28.4956304656151,-4.56162014005114,-4.98462944586448));
#6046=CARTESIAN_POINT('Ctrl Pts',(28.6761194898182,-4.62176423898708,-5.05433930516589));
#6047=CARTESIAN_POINT('Ctrl Pts',(29.0231936800514,-4.81741983173975,-5.22983893965628));
#6048=CARTESIAN_POINT('Ctrl Pts',(29.1779452832831,-4.95976200762193,-5.33651062887158));
#6049=CARTESIAN_POINT('Ctrl Pts',(29.4430043551767,-5.32641656160425,-5.57734879090134));
#6050=CARTESIAN_POINT('Ctrl Pts',(29.5372381348449,-5.55871133835011,-5.71106619433766));
#6051=CARTESIAN_POINT('Ctrl Pts',(29.5835761786429,-5.81131662345872,-5.83944679208961));
#6052=CARTESIAN_POINT('Ctrl Pts',(29.5847189978592,-5.81773759232222,-5.84269963231919));
#6053=CARTESIAN_POINT('Ctrl Pts',(29.5858284210927,-5.82416699033509,-5.84594629797568));
#6054=CARTESIAN_POINT('',(28.7541066261014,-2.05916882257289,-3.4431567224115));
#6055=CARTESIAN_POINT('Ctrl Pts',(28.7541066261014,-2.0591688225729,-3.4431567224115));
#6056=CARTESIAN_POINT('Ctrl Pts',(28.7634684153164,-2.09296315223373,-3.46985115160949));
#6057=CARTESIAN_POINT('Ctrl Pts',(28.7718728226389,-2.12726509262569,-3.49656039091947));
#6058=CARTESIAN_POINT('Ctrl Pts',(28.7793006651308,-2.16203516335753,-3.52324366357443));
#6059=CARTESIAN_POINT('Ctrl Pts',(28.8273111241488,-2.3867743198121,-3.6957131484418));
#6060=CARTESIAN_POINT('Ctrl Pts',(28.8334421362961,-2.62563812918863,-3.86273722518963));
#6061=CARTESIAN_POINT('Ctrl Pts',(28.7629120469123,-3.10632359414579,-4.1682986130563));
#6062=CARTESIAN_POINT('Ctrl Pts',(28.6868088591241,-3.34662751490659,-4.3060287409911));
#6063=CARTESIAN_POINT('Ctrl Pts',(28.4523784178401,-3.80954193469804,-4.54337284102319));
#6064=CARTESIAN_POINT('Ctrl Pts',(28.2920169750059,-4.03072245128612,-4.64141193283366));
#6065=CARTESIAN_POINT('Ctrl Pts',(27.9269184888844,-4.38162824556773,-4.76954379491135));
#6066=CARTESIAN_POINT('Ctrl Pts',(27.734994393098,-4.51837879278243,-4.80728586635968));
#6067=CARTESIAN_POINT('Ctrl Pts',(27.490305244846,-4.63624511220213,-4.82328393567021));
#6068=CARTESIAN_POINT('Ctrl Pts',(27.4557654275882,-4.65171366326922,-4.82487657078232));
#6069=CARTESIAN_POINT('Ctrl Pts',(27.4209076823479,-4.66615221410149,-4.82582421859316));
#6070=CARTESIAN_POINT('',(27.1098058967771,2.27907553608591,1.12350452030178));
#6071=CARTESIAN_POINT('Ctrl Pts',(27.1098058967771,2.27907553608591,1.12350452030178));
#6072=CARTESIAN_POINT('Ctrl Pts',(27.2554198324997,1.99988307924163,0.729894176362793));
#6073=CARTESIAN_POINT('Ctrl Pts',(27.3977087548916,1.70560018559625,0.342397812583257));
#6074=CARTESIAN_POINT('Ctrl Pts',(27.9856333410859,0.394309784286283,-1.26943543834322));
#6075=CARTESIAN_POINT('Ctrl Pts',(28.3940449645123,-0.762771247543207,-2.41664890882577));
#6076=CARTESIAN_POINT('Ctrl Pts',(28.7502990356202,-2.04543309951119,-3.43230017679622));
#6077=CARTESIAN_POINT('Ctrl Pts',(28.752203595872,-2.05229923499186,-3.43773037659723));
#6078=CARTESIAN_POINT('Ctrl Pts',(28.7541066261014,-2.0591688225729,-3.4431567224115));
#6079=CARTESIAN_POINT('',(24.6088218398477,2.75281504368886,2.49782046057528));
#6080=CARTESIAN_POINT('Ctrl Pts',(24.6088218398477,2.75281504368886,2.49782046057528));
#6081=CARTESIAN_POINT('Ctrl Pts',(24.7124870225514,2.83236013609118,2.57974815583373));
#6082=CARTESIAN_POINT('Ctrl Pts',(24.8306749611751,2.90623051198234,2.6506110214539));
#6083=CARTESIAN_POINT('Ctrl Pts',(25.07440986493,3.01868004916822,2.73952719934365));
#6084=CARTESIAN_POINT('Ctrl Pts',(25.1933435154328,3.05997790553257,2.76337701994262));
#6085=CARTESIAN_POINT('Ctrl Pts',(25.4475973228182,3.11716858765107,2.7680913679617));
#6086=CARTESIAN_POINT('Ctrl Pts',(25.5757112223432,3.13076328165437,2.74778266890354));
#6087=CARTESIAN_POINT('Ctrl Pts',(25.8619059381142,3.1298135866299,2.65606910840539));
#6088=CARTESIAN_POINT('Ctrl Pts',(26.0105511790434,3.10637416267016,2.5745806391018));
#6089=CARTESIAN_POINT('Ctrl Pts',(26.341221369243,3.01258584256209,2.33543818963122));
#6090=CARTESIAN_POINT('Ctrl Pts',(26.524383212512,2.91983569708515,2.14613468089045));
#6091=CARTESIAN_POINT('Ctrl Pts',(26.8573659788928,2.65826138653877,1.68697037432532));
#6092=CARTESIAN_POINT('Ctrl Pts',(27.0026366024417,2.48455627139654,1.41319480711193));
#6093=CARTESIAN_POINT('Ctrl Pts',(27.1098058967771,2.27907553608591,1.12350452030178));
#6094=CARTESIAN_POINT('',(25.0206753028605,5.06513969195692,6.49958420500472));
#6095=CARTESIAN_POINT('Ctrl Pts',(25.0206753023356,5.06513969193766,6.49958420485074));
#6096=CARTESIAN_POINT('Ctrl Pts',(25.206917033052,4.83954609152719,5.89291280999633));
#6097=CARTESIAN_POINT('Ctrl Pts',(25.3213214530122,4.56174513897455,5.27014590180278));
#6098=CARTESIAN_POINT('Ctrl Pts',(25.3543617150486,3.97288854305503,4.16410498610983));
#6099=CARTESIAN_POINT('Ctrl Pts',(25.2924731424501,3.69241006952748,3.71442575626502));
#6100=CARTESIAN_POINT('Ctrl Pts',(25.0742203922961,3.24362455157447,3.074485768001));
#6101=CARTESIAN_POINT('Ctrl Pts',(24.9489335362926,3.06958472790758,2.85304232999744));
#6102=CARTESIAN_POINT('Ctrl Pts',(24.7420333428277,2.8626363327689,2.61465809789784));
#6103=CARTESIAN_POINT('Ctrl Pts',(24.6785772162089,2.80634022652737,2.55294887561397));
#6104=CARTESIAN_POINT('Ctrl Pts',(24.6088218398478,2.75281504368886,2.49782046057527));
#6105=CARTESIAN_POINT('Ctrl Pts',(17.6676224973009,2.65000000000133,4.60000000000001));
#6106=CARTESIAN_POINT('Ctrl Pts',(20.0501021078142,3.50030945042894,5.21548866251703));
#6107=CARTESIAN_POINT('Ctrl Pts',(22.5068586214195,4.30273926112222,5.85016598525938));
#6108=CARTESIAN_POINT('Ctrl Pts',(25.0206753032641,5.06513969219716,6.4995842050393));
#6109=CARTESIAN_POINT('Origin',(17.6676224973009,-9.89999999999862,12.150000000001));
#6110=CARTESIAN_POINT('',(29.5389382159018,-10.5169776214279,17.2057258264254));
#6111=CARTESIAN_POINT('',(29.498209008559,-10.1412566616853,17.2303263769555));
#6112=CARTESIAN_POINT('Ctrl Pts',(29.5389382159018,-10.5169776214279,17.2057258264254));
#6113=CARTESIAN_POINT('Ctrl Pts',(29.536937288736,-10.3914980807129,17.2206833398697));
#6114=CARTESIAN_POINT('Ctrl Pts',(29.5233826422127,-10.2655654120089,17.2288669441467));
#6115=CARTESIAN_POINT('Ctrl Pts',(29.498209008559,-10.1412566616853,17.2303263769554));
#6116=CARTESIAN_POINT('',(17.6676224973009,-9.66658807679161,15.1409060289669));
#6117=CARTESIAN_POINT('Ctrl Pts',(17.667622497298,-9.66658807679143,15.1409060289664));
#6118=CARTESIAN_POINT('Ctrl Pts',(22.7123990730542,-9.98511458408498,16.0579988844259));
#6119=CARTESIAN_POINT('Ctrl Pts',(29.5389382159018,-10.5169776214279,17.2057258264254));
#6120=CARTESIAN_POINT('',(17.6676224973009,-12.8999999999986,12.150000000001));
#6121=CARTESIAN_POINT('Origin',(17.6676224973009,-9.89999999999862,12.150000000001));
#6122=CARTESIAN_POINT('',(31.4819548551473,-15.2048468860874,13.336149547804));
#6123=CARTESIAN_POINT('Ctrl Pts',(17.667622497298,-12.8999999999981,12.1500000000007));
#6124=CARTESIAN_POINT('Ctrl Pts',(23.4174782598757,-13.9138547061226,12.5932707339887));
#6125=CARTESIAN_POINT('Ctrl Pts',(31.4819548551473,-15.2048468860874,13.336149547804));
#6126=CARTESIAN_POINT('',(32.522199164251,-13.5725931995243,7.89698084197538));
#6127=CARTESIAN_POINT('Ctrl Pts',(32.522199164251,-13.5725931995243,7.89698084197537));
#6128=CARTESIAN_POINT('Ctrl Pts',(32.5191437167776,-13.673236363796,7.98460067357664));
#6129=CARTESIAN_POINT('Ctrl Pts',(32.5145981039368,-13.7697024005011,8.07525385172203));
#6130=CARTESIAN_POINT('Ctrl Pts',(32.4763570275393,-14.3634234183262,8.6754892218827));
#6131=CARTESIAN_POINT('Ctrl Pts',(32.3968044175002,-14.7847313880431,9.3177371831468));
#6132=CARTESIAN_POINT('Ctrl Pts',(32.1535296328509,-15.3155998380454,10.7094315628651));
#6133=CARTESIAN_POINT('Ctrl Pts',(31.9897018685276,-15.425369012994,11.4587799046083));
#6134=CARTESIAN_POINT('Ctrl Pts',(31.8126263020262,-15.3941458129955,12.150000000001));
#6135=CARTESIAN_POINT('Ctrl Pts',(31.7124813111612,-15.3764875491233,12.5409191511093));
#6136=CARTESIAN_POINT('Ctrl Pts',(31.6008695469922,-15.3142577887771,12.9429190999627));
#6137=CARTESIAN_POINT('Ctrl Pts',(31.4819548551473,-15.2048468860874,13.336149547804));
#6138=CARTESIAN_POINT('',(30.5563209001483,-11.9166797856884,7.27828778264645));
#6139=CARTESIAN_POINT('Ctrl Pts',(30.5563209001483,-11.9166797856884,7.27828778264644));
#6140=CARTESIAN_POINT('Ctrl Pts',(30.6919948795821,-11.8988179674383,7.24500205348393));
#6141=CARTESIAN_POINT('Ctrl Pts',(30.8305992989863,-11.8954169657212,7.2173296654179));
#6142=CARTESIAN_POINT('Ctrl Pts',(31.1707911779799,-11.9260218283756,7.16500931500592));
#6143=CARTESIAN_POINT('Ctrl Pts',(31.3694236311818,-11.9773207437101,7.14761524700045));
#6144=CARTESIAN_POINT('Ctrl Pts',(31.7262918053536,-12.1399751236793,7.14937152969473));
#6145=CARTESIAN_POINT('Ctrl Pts',(31.8824796698339,-12.2445451778351,7.16592653970646));
#6146=CARTESIAN_POINT('Ctrl Pts',(32.1571374701004,-12.5026830284919,7.24071487221223));
#6147=CARTESIAN_POINT('Ctrl Pts',(32.2682398629769,-12.6527455551579,7.29933413742046));
#6148=CARTESIAN_POINT('Ctrl Pts',(32.4399383180323,-12.987361345695,7.46814910007612));
#6149=CARTESIAN_POINT('Ctrl Pts',(32.4960837009308,-13.1767316637267,7.58402530165042));
#6150=CARTESIAN_POINT('Ctrl Pts',(32.521968627703,-13.4390451612318,7.78447355553046));
#6151=CARTESIAN_POINT('Ctrl Pts',(32.5242259818135,-13.5058320018038,7.83885861435956));
#6152=CARTESIAN_POINT('Ctrl Pts',(32.5221991642509,-13.5725931995243,7.89698084197537));
#6153=CARTESIAN_POINT('',(32.1521491761817,-9.79185881017026,6.59704004239577));
#6154=CARTESIAN_POINT('Ctrl Pts',(32.1521491761817,-9.79185881017026,6.59704004239576));
#6155=CARTESIAN_POINT('Ctrl Pts',(32.1803832182024,-9.93590857382996,6.58925537608478));
#6156=CARTESIAN_POINT('Ctrl Pts',(32.1901652751263,-10.0831410755657,6.59033643537123));
#6157=CARTESIAN_POINT('Ctrl Pts',(32.1674638104432,-10.4469725476586,6.61601876459379));
#6158=CARTESIAN_POINT('Ctrl Pts',(32.1136494804661,-10.6555650096988,6.65089790974234));
#6159=CARTESIAN_POINT('Ctrl Pts',(31.9231307483829,-11.0718386147229,6.75742430135933));
#6160=CARTESIAN_POINT('Ctrl Pts',(31.7769612635525,-11.2686437172603,6.83256711609723));
#6161=CARTESIAN_POINT('Ctrl Pts',(31.4129031572955,-11.602831435491,6.9971202388692));
#6162=CARTESIAN_POINT('Ctrl Pts',(31.1910359624012,-11.7359908698561,7.08697637059085));
#6163=CARTESIAN_POINT('Ctrl Pts',(30.8230990409353,-11.8668821717585,7.20698046527821));
#6164=CARTESIAN_POINT('Ctrl Pts',(30.6912654188012,-11.898914002772,7.24518101656949));
#6165=CARTESIAN_POINT('Ctrl Pts',(30.5563209001483,-11.9166797856884,7.27828778264644));
#6166=CARTESIAN_POINT('',(30.6269310062254,-5.39292817975141,9.38986790171693));
#6167=CARTESIAN_POINT('Ctrl Pts',(30.6269310062254,-5.39292817975141,9.38986790171693));
#6168=CARTESIAN_POINT('Ctrl Pts',(30.7646918083573,-5.598298782361,9.00800228470155));
#6169=CARTESIAN_POINT('Ctrl Pts',(30.9020389563077,-5.84836425961967,8.65728207931378));
#6170=CARTESIAN_POINT('Ctrl Pts',(31.244903161388,-6.57472805157757,7.84953368887742));
#6171=CARTESIAN_POINT('Ctrl Pts',(31.4672443961838,-7.16097100974712,7.40196442659906));
#6172=CARTESIAN_POINT('Ctrl Pts',(31.8545677314815,-8.4415739751938,6.80089046770712));
#6173=CARTESIAN_POINT('Ctrl Pts',(32.0221833761466,-9.12877476555602,6.63287410343354));
#6174=CARTESIAN_POINT('Ctrl Pts',(32.1521491761817,-9.79185881017025,6.59704004239576));
#6175=CARTESIAN_POINT('',(29.1810716454442,-5.9918227362711,15.3167610668499));
#6176=CARTESIAN_POINT('Ctrl Pts',(29.1810716454442,-5.9918227362711,15.3167610668499));
#6177=CARTESIAN_POINT('Ctrl Pts',(29.1812088372802,-5.990706197148,15.3154215433718));
#6178=CARTESIAN_POINT('Ctrl Pts',(29.1813455712888,-5.9895900402014,15.3140809231736));
#6179=CARTESIAN_POINT('Ctrl Pts',(29.2318326560552,-5.57622757027831,14.8170124719527));
#6180=CARTESIAN_POINT('Ctrl Pts',(29.2128564665996,-5.27327977228654,14.2402899803173));
#6181=CARTESIAN_POINT('Ctrl Pts',(29.2808100769016,-4.96674281289141,13.278848941757));
#6182=CARTESIAN_POINT('Ctrl Pts',(29.3260304526221,-4.8917461300714,12.9284247161826));
#6183=CARTESIAN_POINT('Ctrl Pts',(29.4908123105088,-4.801741544316,12.2005308288258));
#6184=CARTESIAN_POINT('Ctrl Pts',(29.6099961953746,-4.7915315978346,11.8381103917978));
#6185=CARTESIAN_POINT('Ctrl Pts',(29.9694614572702,-4.84882077466175,10.9116050124345));
#6186=CARTESIAN_POINT('Ctrl Pts',(30.2421179142075,-4.97124801070965,10.3451056799045));
#6187=CARTESIAN_POINT('Ctrl Pts',(30.5232587053404,-5.25363768126152,9.66485333693336));
#6188=CARTESIAN_POINT('Ctrl Pts',(30.5785555016188,-5.32081110160681,9.5239622277456));
#6189=CARTESIAN_POINT('Ctrl Pts',(30.6269310062254,-5.39292817975141,9.38986790171693));
#6190=CARTESIAN_POINT('Ctrl Pts',(29.498209008559,-10.1412566616853,17.2303263769554));
#6191=CARTESIAN_POINT('Ctrl Pts',(29.4818206550464,-10.0603300949032,17.2312764861501));
#6192=CARTESIAN_POINT('Ctrl Pts',(29.4660039419919,-9.97985304144825,17.2303729773901));
#6193=CARTESIAN_POINT('Ctrl Pts',(29.3322715752017,-9.27852612324108,17.206792352931));
#6194=CARTESIAN_POINT('Ctrl Pts',(29.2354614490173,-8.61149876062443,17.0681797106371));
#6195=CARTESIAN_POINT('Ctrl Pts',(29.1288043035976,-7.3770882580292,16.5425432470539));
#6196=CARTESIAN_POINT('Ctrl Pts',(29.1191102315592,-6.80976743806043,16.1553420661077));
#6197=CARTESIAN_POINT('Ctrl Pts',(29.1556301756426,-6.23112251367907,15.5891635608893));
#6198=CARTESIAN_POINT('Ctrl Pts',(29.1667356462827,-6.10849661717685,15.4567359226564));
#6199=CARTESIAN_POINT('Ctrl Pts',(29.1810716454442,-5.9918227362711,15.3167610668499));
#6200=CARTESIAN_POINT('Origin',(17.667622497301,-21.8999999999986,12.150000000001));
#6201=CARTESIAN_POINT('',(31.4819548551473,-16.5951531139097,13.336149547804));
#6202=CARTESIAN_POINT('',(32.522199164251,-18.227406800473,7.89698084197527));
#6203=CARTESIAN_POINT('Ctrl Pts',(31.4819548551473,-16.5951531139097,13.336149547804));
#6204=CARTESIAN_POINT('Ctrl Pts',(31.6008695469922,-16.4857422112201,12.9429190999627));
#6205=CARTESIAN_POINT('Ctrl Pts',(31.7124813111612,-16.4235124508739,12.5409191511094));
#6206=CARTESIAN_POINT('Ctrl Pts',(31.9897018685276,-16.3746309870032,11.4587799046083));
#6207=CARTESIAN_POINT('Ctrl Pts',(32.1535296328509,-16.4844001619518,10.7094315628652));
#6208=CARTESIAN_POINT('Ctrl Pts',(32.3968044175002,-17.0152686119541,9.31773718314685));
#6209=CARTESIAN_POINT('Ctrl Pts',(32.4763570275393,-17.436576581671,8.67548922188276));
#6210=CARTESIAN_POINT('Ctrl Pts',(32.5145981038909,-18.0302975987844,8.07525385244153));
#6211=CARTESIAN_POINT('Ctrl Pts',(32.5191437167594,-18.1267636356018,7.98460067409854));
#6212=CARTESIAN_POINT('Ctrl Pts',(32.522199164251,-18.227406800473,7.89698084197527));
#6213=CARTESIAN_POINT('',(17.667622497301,-18.8999999999986,12.150000000001));
#6214=CARTESIAN_POINT('Ctrl Pts',(17.6676224972981,-18.8999999999991,12.1500000000008));
#6215=CARTESIAN_POINT('Ctrl Pts',(23.4174782598762,-17.8861452938745,12.5932707339887));
#6216=CARTESIAN_POINT('Ctrl Pts',(31.4819548551473,-16.5951531139097,13.336149547804));
#6217=CARTESIAN_POINT('',(17.667622497301,-22.1334119232056,15.140906028967));
#6218=CARTESIAN_POINT('Origin',(17.667622497301,-21.8999999999986,12.150000000001));
#6219=CARTESIAN_POINT('',(29.5389382159018,-21.2830223785692,17.2057258264254));
#6220=CARTESIAN_POINT('Ctrl Pts',(17.6676224972981,-22.1334119232058,15.1409060289664));
#6221=CARTESIAN_POINT('Ctrl Pts',(22.7123990730539,-21.8148854159122,16.0579988844259));
#6222=CARTESIAN_POINT('Ctrl Pts',(29.5389382159018,-21.2830223785692,17.2057258264254));
#6223=CARTESIAN_POINT('',(29.498209008559,-21.658743338312,17.2303263769555));
#6224=CARTESIAN_POINT('Ctrl Pts',(29.498209008559,-21.658743338312,17.2303263769555));
#6225=CARTESIAN_POINT('Ctrl Pts',(29.5123045341456,-21.5891388785457,17.2295091936763));
#6226=CARTESIAN_POINT('Ctrl Pts',(29.5227962547182,-21.5188094598408,17.2265889034409));
#6227=CARTESIAN_POINT('Ctrl Pts',(29.5349708676303,-21.3930144129546,17.2175355635129));
#6228=CARTESIAN_POINT('Ctrl Pts',(29.5380627355704,-21.3379243618904,17.2122702969341));
#6229=CARTESIAN_POINT('Ctrl Pts',(29.5389382159018,-21.2830223785692,17.2057258264254));
#6230=CARTESIAN_POINT('',(29.1810716454442,-25.8081772637263,15.3167610668498));
#6231=CARTESIAN_POINT('Ctrl Pts',(29.1810716454442,-25.8081772637263,15.3167610668498));
#6232=CARTESIAN_POINT('Ctrl Pts',(29.1667356462828,-25.6915033828205,15.4567359226564));
#6233=CARTESIAN_POINT('Ctrl Pts',(29.1556301756427,-25.5688774863182,15.5891635608893));
#6234=CARTESIAN_POINT('Ctrl Pts',(29.1191102315593,-24.9902325619368,16.1553420661078));
#6235=CARTESIAN_POINT('Ctrl Pts',(29.1288043035976,-24.422911741968,16.542543247054));
#6236=CARTESIAN_POINT('Ctrl Pts',(29.2354614490174,-23.1885012393728,17.0681797106372));
#6237=CARTESIAN_POINT('Ctrl Pts',(29.3322715752018,-22.5214738767561,17.2067923529311));
#6238=CARTESIAN_POINT('Ctrl Pts',(29.4660039419919,-21.820146958549,17.2303729773902));
#6239=CARTESIAN_POINT('Ctrl Pts',(29.4818206550463,-21.7396699050941,17.2312764861502));
#6240=CARTESIAN_POINT('Ctrl Pts',(29.498209008559,-21.658743338312,17.2303263769555));
#6241=CARTESIAN_POINT('',(30.6269310062254,-26.4070718202459,9.38986790171725));
#6242=CARTESIAN_POINT('Ctrl Pts',(30.6269310062254,-26.4070718202459,9.38986790171725));
#6243=CARTESIAN_POINT('Ctrl Pts',(30.5330365495277,-26.547047494424,9.65013834212083));
#6244=CARTESIAN_POINT('Ctrl Pts',(30.4143459627126,-26.6662144572086,9.93186809052382));
#6245=CARTESIAN_POINT('Ctrl Pts',(30.0622226515733,-26.9162210025223,10.7354240524346));
#6246=CARTESIAN_POINT('Ctrl Pts',(29.8182296257478,-26.9937050034456,11.2628571411758));
#6247=CARTESIAN_POINT('Ctrl Pts',(29.5135934342769,-26.9997105898261,12.1352017511278));
#6248=CARTESIAN_POINT('Ctrl Pts',(29.4198599985038,-26.9740825306326,12.4729661831851));
#6249=CARTESIAN_POINT('Ctrl Pts',(29.2768186829043,-26.8452977446732,13.2476733770075));
#6250=CARTESIAN_POINT('Ctrl Pts',(29.2513916089165,-26.7335719869933,13.6311208358435));
#6251=CARTESIAN_POINT('Ctrl Pts',(29.2176558628573,-26.4081837837806,14.4567230672297));
#6252=CARTESIAN_POINT('Ctrl Pts',(29.2222758930604,-26.1435190438875,14.9144480816336));
#6253=CARTESIAN_POINT('Ctrl Pts',(29.1810716454442,-25.8081772637263,15.3167610668498));
#6254=CARTESIAN_POINT('',(32.1521491761817,-22.0081411898271,6.59704004239581));
#6255=CARTESIAN_POINT('Ctrl Pts',(32.1521491761817,-22.0081411898271,6.59704004239583));
#6256=CARTESIAN_POINT('Ctrl Pts',(32.0221833761466,-22.6712252344413,6.63287410343362));
#6257=CARTESIAN_POINT('Ctrl Pts',(31.8545677314816,-23.3584260248034,6.8008904677072));
#6258=CARTESIAN_POINT('Ctrl Pts',(31.4672443961839,-24.6390289902501,7.40196442659912));
#6259=CARTESIAN_POINT('Ctrl Pts',(31.2449031613881,-25.2252719484196,7.84953368887749));
#6260=CARTESIAN_POINT('Ctrl Pts',(30.9020389563077,-25.9516357403776,8.65728207931391));
#6261=CARTESIAN_POINT('Ctrl Pts',(30.7646918083572,-26.2017012176363,9.00800228470177));
#6262=CARTESIAN_POINT('Ctrl Pts',(30.6269310062254,-26.4070718202459,9.38986790171725));
#6263=CARTESIAN_POINT('',(30.5563209001483,-19.8833202143089,7.27828778264645));
#6264=CARTESIAN_POINT('Ctrl Pts',(30.5563209001483,-19.8833202143089,7.27828778264644));
#6265=CARTESIAN_POINT('Ctrl Pts',(30.6912638953675,-19.9010857966614,7.24518139032282));
#6266=CARTESIAN_POINT('Ctrl Pts',(30.8231361723007,-19.9331226468743,7.20697104209973));
#6267=CARTESIAN_POINT('Ctrl Pts',(31.191575285906,-20.0642170464568,7.08679532585854));
#6268=CARTESIAN_POINT('Ctrl Pts',(31.4138027984172,-20.1977172584922,6.9967543989295));
#6269=CARTESIAN_POINT('Ctrl Pts',(31.7654820504098,-20.5210628249582,6.83771978075845));
#6270=CARTESIAN_POINT('Ctrl Pts',(31.9032603178178,-20.7018923979904,6.76755893846398));
#6271=CARTESIAN_POINT('Ctrl Pts',(32.0931763740442,-21.0877205998845,6.66302853631576));
#6272=CARTESIAN_POINT('Ctrl Pts',(32.1518029647621,-21.2845217099559,6.62639704808774));
#6273=CARTESIAN_POINT('Ctrl Pts',(32.1930222314129,-21.6632587252338,6.59110206416222));
#6274=CARTESIAN_POINT('Ctrl Pts',(32.1855760485055,-21.837597664582,6.5878236132827));
#6275=CARTESIAN_POINT('Ctrl Pts',(32.1521491761817,-22.0081411898271,6.59704004239583));
#6276=CARTESIAN_POINT('Ctrl Pts',(32.522199164251,-18.227406800473,7.89698084197527));
#6277=CARTESIAN_POINT('Ctrl Pts',(32.5225488525413,-18.2389251578841,7.88695297228351));
#6278=CARTESIAN_POINT('Ctrl Pts',(32.5227726780048,-18.2505007022012,7.87698730377267));
#6279=CARTESIAN_POINT('Ctrl Pts',(32.5242738096927,-18.4360154636479,7.71906551130831));
#6280=CARTESIAN_POINT('Ctrl Pts',(32.4968767973928,-18.6209406526226,7.58703260783017));
#6281=CARTESIAN_POINT('Ctrl Pts',(32.3694848607719,-18.9701304582877,7.38291408731478));
#6282=CARTESIAN_POINT('Ctrl Pts',(32.2816580377843,-19.128274257782,7.30825583583298));
#6283=CARTESIAN_POINT('Ctrl Pts',(32.0435696519453,-19.4182999447528,7.20033188901392));
#6284=CARTESIAN_POINT('Ctrl Pts',(31.8986791461417,-19.5441334819887,7.16885040365415));
#6285=CARTESIAN_POINT('Ctrl Pts',(31.5536176576262,-19.7525551851776,7.14147919723374));
#6286=CARTESIAN_POINT('Ctrl Pts',(31.3558269531231,-19.8272914588925,7.14882903316144));
#6287=CARTESIAN_POINT('Ctrl Pts',(30.9527469721237,-19.9046242176711,7.19401625904494));
#6288=CARTESIAN_POINT('Ctrl Pts',(30.7517712304888,-19.9090517384525,7.23033675484004));
#6289=CARTESIAN_POINT('Ctrl Pts',(30.5563209001483,-19.8833202143089,7.27828778264644));
#6290=CARTESIAN_POINT('Origin',(17.6676224973009,-15.8999999999987,89.6256250000848));
#6291=CARTESIAN_POINT('Ctrl Pts',(17.6676224973009,2.65000000000132,4.60000000000001));
#6292=CARTESIAN_POINT('Ctrl Pts',(18.0150928381521,2.32467742809234,4.59173410078907));
#6293=CARTESIAN_POINT('Ctrl Pts',(18.3504616371407,1.99233649873516,4.58156109828571));
#6294=CARTESIAN_POINT('Ctrl Pts',(19.7421480760896,0.535773877292753,4.53150384811804));
#6295=CARTESIAN_POINT('Ctrl Pts',(20.7444746696156,-0.721190955590052,4.4741972486519));
#6296=CARTESIAN_POINT('Ctrl Pts',(22.5099477146598,-3.44644584654017,4.34770685345351));
#6297=CARTESIAN_POINT('Ctrl Pts',(23.273206675046,-4.91468426838169,4.27898132041401));
#6298=CARTESIAN_POINT('Ctrl Pts',(24.4982792721663,-7.9697623861022,4.15800325322285));
#6299=CARTESIAN_POINT('Ctrl Pts',(24.9610107983514,-9.55893546532736,4.10595075807925));
#6300=CARTESIAN_POINT('Ctrl Pts',(25.5676109337764,-12.7500173445491,4.03607294717786));
#6301=CARTESIAN_POINT('Ctrl Pts',(25.7113520145771,-14.3519521128218,4.01832653941882));
#6302=CARTESIAN_POINT('Ctrl Pts',(25.7113520145771,-17.4480478871755,4.01832653941882));
#6303=CARTESIAN_POINT('Ctrl Pts',(25.5676109337764,-19.0499826554482,4.03607294717785));
#6304=CARTESIAN_POINT('Ctrl Pts',(24.9610107983514,-22.2410645346699,4.10595075807924));
#6305=CARTESIAN_POINT('Ctrl Pts',(24.4982792721663,-23.830237613895,4.15800325322285));
#6306=CARTESIAN_POINT('Ctrl Pts',(23.273206675046,-26.8853157316156,4.27898132041401));
#6307=CARTESIAN_POINT('Ctrl Pts',(22.5099477146598,-28.3535541534571,4.3477068534535));
#6308=CARTESIAN_POINT('Ctrl Pts',(20.7444746696156,-31.0788090444072,4.47419724865189));
#6309=CARTESIAN_POINT('Ctrl Pts',(19.7421480760897,-32.33577387729,4.53150384811803));
#6310=CARTESIAN_POINT('Ctrl Pts',(18.3504616371408,-33.7923364987324,4.58156109828569));
#6311=CARTESIAN_POINT('Ctrl Pts',(18.0150928381521,-34.1246774280896,4.59173410078904));
#6312=CARTESIAN_POINT('Ctrl Pts',(17.6676224973009,-34.4499999999986,4.59999999999999));
#6313=CARTESIAN_POINT('',(24.6013410481334,2.74707483031501,5.8733389712219));
#6314=CARTESIAN_POINT('Ctrl Pts',(24.6013410481334,2.74707483031501,5.87333897122192));
#6315=CARTESIAN_POINT('Ctrl Pts',(24.6041190851475,2.74920649308947,5.87431541352726));
#6316=CARTESIAN_POINT('Ctrl Pts',(24.606890889327,2.75134667418326,5.87529272062471));
#6317=CARTESIAN_POINT('Ctrl Pts',(24.7960453795119,2.8983100040901,5.94219619264322));
#6318=CARTESIAN_POINT('Ctrl Pts',(24.9506926410653,3.07917915909634,6.01085897823704));
#6319=CARTESIAN_POINT('Ctrl Pts',(25.1774246509144,3.48922551129944,6.14603940636678));
#6320=CARTESIAN_POINT('Ctrl Pts',(25.2484396088589,3.7144534893132,6.21146055390831));
#6321=CARTESIAN_POINT('Ctrl Pts',(25.2971572290502,4.17655927490504,6.33032675281431));
#6322=CARTESIAN_POINT('Ctrl Pts',(25.2764827772076,4.40913100864779,6.38299767731118));
#6323=CARTESIAN_POINT('Ctrl Pts',(25.1670372200483,4.78422561789878,6.45569036989635));
#6324=CARTESIAN_POINT('Ctrl Pts',(25.1029848988803,4.92961767108841,6.48037220604246));
#6325=CARTESIAN_POINT('Ctrl Pts',(25.0206753024571,5.06513969174399,6.49958420477824));
#6326=CARTESIAN_POINT('',(27.1621828999067,2.31926582413676,6.24137516362827));
#6327=CARTESIAN_POINT('Ctrl Pts',(27.1621828999067,2.31926582413675,6.24137516362828));
#6328=CARTESIAN_POINT('Ctrl Pts',(27.1027340596234,2.40595116147994,6.24958596996683));
#6329=CARTESIAN_POINT('Ctrl Pts',(27.0357544448717,2.48750495220534,6.25545110474303));
#6330=CARTESIAN_POINT('Ctrl Pts',(26.8640481321421,2.66298937053771,6.26330491714281));
#6331=CARTESIAN_POINT('Ctrl Pts',(26.7549082529198,2.75147383294836,6.26336465507327));
#6332=CARTESIAN_POINT('Ctrl Pts',(26.4422868537505,2.95011545223855,6.25148804500584));
#6333=CARTESIAN_POINT('Ctrl Pts',(26.2268555479276,3.03518418123628,6.23189096187405));
#6334=CARTESIAN_POINT('Ctrl Pts',(25.7720946822205,3.12108010029405,6.1691955239278));
#6335=CARTESIAN_POINT('Ctrl Pts',(25.5373800130026,3.11875756530426,6.12620712311561));
#6336=CARTESIAN_POINT('Ctrl Pts',(25.0789638432423,3.0237051806633,6.02173480979435));
#6337=CARTESIAN_POINT('Ctrl Pts',(24.8604154040213,2.92945108084396,5.96085149233585));
#6338=CARTESIAN_POINT('Ctrl Pts',(24.6452863620478,2.77997889750869,5.88860917272849));
#6339=CARTESIAN_POINT('Ctrl Pts',(24.6231051313781,2.76377499875723,5.88098875108799));
#6340=CARTESIAN_POINT('Ctrl Pts',(24.6013410481334,2.74707483031501,5.87333897122192));
#6341=CARTESIAN_POINT('',(29.5296030830058,-1.7379476725508,5.88061292664571));
#6342=CARTESIAN_POINT('Ctrl Pts',(29.5296030830058,-1.7379476725508,5.88061292664571));
#6343=CARTESIAN_POINT('Ctrl Pts',(29.4989752580612,-1.67537550491472,5.88571726683436));
#6344=CARTESIAN_POINT('Ctrl Pts',(29.4682226186527,-1.61306304778261,5.89082544226894));
#6345=CARTESIAN_POINT('Ctrl Pts',(28.7878723225763,-0.24562606851371,6.00345388353743));
#6346=CARTESIAN_POINT('Ctrl Pts',(28.0275290990072,1.05746110548785,6.12185744010756));
#6347=CARTESIAN_POINT('Ctrl Pts',(27.1621828999067,2.31926582413675,6.24137516362829));
#6348=CARTESIAN_POINT('',(28.623570228335,-4.16799307659548,5.34446399774591));
#6349=CARTESIAN_POINT('Ctrl Pts',(28.623570228335,-4.16799307659548,5.34446399774592));
#6350=CARTESIAN_POINT('Ctrl Pts',(28.6266881716566,-4.16670158218496,5.34519885328985));
#6351=CARTESIAN_POINT('Ctrl Pts',(28.6298026866348,-4.1654010324996,5.34593439291003));
#6352=CARTESIAN_POINT('Ctrl Pts',(28.850097380657,-4.07266800582938,5.3980662341884));
#6353=CARTESIAN_POINT('Ctrl Pts',(29.0464657845036,-3.9388157438137,5.45181938195059));
#6354=CARTESIAN_POINT('Ctrl Pts',(29.374058743943,-3.60304760798912,5.55859555484243));
#6355=CARTESIAN_POINT('Ctrl Pts',(29.5027293064969,-3.40447559965734,5.61070103273334));
#6356=CARTESIAN_POINT('Ctrl Pts',(29.6742855448637,-2.97037975407168,5.7070256167695));
#6357=CARTESIAN_POINT('Ctrl Pts',(29.716734524575,-2.73924550337967,5.75049529470317));
#6358=CARTESIAN_POINT('Ctrl Pts',(29.7101731084722,-2.27546630973608,5.82341986080468));
#6359=CARTESIAN_POINT('Ctrl Pts',(29.6626738032241,-2.04717831926996,5.85241471450347));
#6360=CARTESIAN_POINT('Ctrl Pts',(29.5729114969503,-1.8333107935717,5.87228537290163));
#6361=CARTESIAN_POINT('Ctrl Pts',(29.5593957345811,-1.80110816001838,5.87527735370268));
#6362=CARTESIAN_POINT('Ctrl Pts',(29.5449528872253,-1.76930708264733,5.87805477494192));
#6363=CARTESIAN_POINT('Ctrl Pts',(29.5296030830058,-1.7379476725508,5.88061292664571));
#6364=CARTESIAN_POINT('',(30.9946336310325,-5.24062076563613,5.62351747765215));
#6365=CARTESIAN_POINT('Ctrl Pts',(30.9946336310325,-5.24062076563613,5.62351747765216));
#6366=CARTESIAN_POINT('Ctrl Pts',(30.9669874877564,-5.16173954686516,5.62861319459517));
#6367=CARTESIAN_POINT('Ctrl Pts',(30.933865766266,-5.08477187779135,5.63260444987271));
#6368=CARTESIAN_POINT('Ctrl Pts',(30.8403947978451,-4.90342174629709,5.63949790103694));
#6369=CARTESIAN_POINT('Ctrl Pts',(30.7747685118807,-4.80226031962436,5.64114907683767));
#6370=CARTESIAN_POINT('Ctrl Pts',(30.5551466639129,-4.52797284453348,5.63863226530711));
#6371=CARTESIAN_POINT('Ctrl Pts',(30.3776981648924,-4.37719000517631,5.6277232486784));
#6372=CARTESIAN_POINT('Ctrl Pts',(29.9739145489374,-4.14958925018972,5.58736676806094));
#6373=CARTESIAN_POINT('Ctrl Pts',(29.7512531352075,-4.0761735034458,5.55808642963587));
#6374=CARTESIAN_POINT('Ctrl Pts',(29.2878660012367,-4.01797134602215,5.48377368988694));
#6375=CARTESIAN_POINT('Ctrl Pts',(29.0516428901219,-4.03548901489646,5.43921279190329));
#6376=CARTESIAN_POINT('Ctrl Pts',(28.7573008314231,-4.11729074469623,5.3753444402471));
#6377=CARTESIAN_POINT('Ctrl Pts',(28.6895506696943,-4.14066308293313,5.36001466307953));
#6378=CARTESIAN_POINT('Ctrl Pts',(28.623570228335,-4.16799307659549,5.34446399774592));
#6379=CARTESIAN_POINT('',(32.2221327718657,-9.78264529500832,5.38818306878588));
#6380=CARTESIAN_POINT('Ctrl Pts',(32.2221327718657,-9.78264529500831,5.38818306878589));
#6381=CARTESIAN_POINT('Ctrl Pts',(32.0983515079138,-9.14190886618393,5.41283013625813));
#6382=CARTESIAN_POINT('Ctrl Pts',(31.9548000897013,-8.5034234537242,5.4411435887369));
#6383=CARTESIAN_POINT('Ctrl Pts',(31.5639658966659,-6.98385533863259,5.51693696424466));
#6384=CARTESIAN_POINT('Ctrl Pts',(31.2980601749908,-6.10637102077343,5.56759011861469));
#6385=CARTESIAN_POINT('Ctrl Pts',(30.9946336310325,-5.24062076563613,5.62351747765217));
#6386=CARTESIAN_POINT('',(30.7070559339651,-11.8968351420125,4.99382779124863));
#6387=CARTESIAN_POINT('Ctrl Pts',(30.7070559339651,-11.8968351420125,4.99382779124863));
#6388=CARTESIAN_POINT('Ctrl Pts',(30.7664672495558,-11.8890134939301,5.00468529322002));
#6389=CARTESIAN_POINT('Ctrl Pts',(30.8255360897314,-11.8781786197825,5.01562593797659));
#6390=CARTESIAN_POINT('Ctrl Pts',(31.1120151097998,-11.8104172852277,5.06942980488765));
#6391=CARTESIAN_POINT('Ctrl Pts',(31.3272083834069,-11.7118710516497,5.11214771453552));
#6392=CARTESIAN_POINT('Ctrl Pts',(31.7057963844117,-11.437543561445,5.19303865319355));
#6393=CARTESIAN_POINT('Ctrl Pts',(31.8660977245129,-11.2648722560141,5.23052461847025));
#6394=CARTESIAN_POINT('Ctrl Pts',(32.1103336699487,-10.868254669565,5.29638877330367));
#6395=CARTESIAN_POINT('Ctrl Pts',(32.1926493042568,-10.6485245121392,5.32424810364219));
#6396=CARTESIAN_POINT('Ctrl Pts',(32.2655747390871,-10.2080146269184,5.36578408198217));
#6397=CARTESIAN_POINT('Ctrl Pts',(32.2627000025517,-9.99263590010651,5.38010540630323));
#6398=CARTESIAN_POINT('Ctrl Pts',(32.2221327718657,-9.78264529500832,5.38818306878589));
#6399=CARTESIAN_POINT('',(32.7215175668415,-13.5463524340082,5.28724332303548));
#6400=CARTESIAN_POINT('Ctrl Pts',(32.7215175668415,-13.5463524340082,5.28724332303549));
#6401=CARTESIAN_POINT('Ctrl Pts',(32.7135229205891,-13.4370533710005,5.28888333251089));
#6402=CARTESIAN_POINT('Ctrl Pts',(32.6955718906459,-13.3286386860316,5.28895661595746));
#6403=CARTESIAN_POINT('Ctrl Pts',(32.609139589416,-12.9975669761083,5.28421925936004));
#6404=CARTESIAN_POINT('Ctrl Pts',(32.5075293045948,-12.7863541307339,5.27392012485944));
#6405=CARTESIAN_POINT('Ctrl Pts',(32.2291110557001,-12.4132368915565,5.23938168175093));
#6406=CARTESIAN_POINT('Ctrl Pts',(32.0545355907465,-12.2554967884159,5.21535927517013));
#6407=CARTESIAN_POINT('Ctrl Pts',(31.6537037550701,-12.014842215288,5.1553394885839));
#6408=CARTESIAN_POINT('Ctrl Pts',(31.4309022214482,-11.9351788785828,5.11979040482349));
#6409=CARTESIAN_POINT('Ctrl Pts',(31.035948879685,-11.8765898063377,5.05284297181604));
#6410=CARTESIAN_POINT('Ctrl Pts',(30.8701713472234,-11.8753605904621,5.02363736377548));
#6411=CARTESIAN_POINT('Ctrl Pts',(30.7070559339651,-11.8968351420125,4.99382779124864));
#6412=CARTESIAN_POINT('',(32.7215175668415,-18.2536475659892,5.28724332303548));
#6413=CARTESIAN_POINT('Ctrl Pts',(32.7215175668415,-18.2536475659892,5.28724332303549));
#6414=CARTESIAN_POINT('Ctrl Pts',(32.7791614013129,-17.4655680316375,5.2754183552074));
#6415=CARTESIAN_POINT('Ctrl Pts',(32.8074779492396,-16.6798858846807,5.26956500020488));
#6416=CARTESIAN_POINT('Ctrl Pts',(32.8074779492396,-15.1201141153166,5.26956500020488));
#6417=CARTESIAN_POINT('Ctrl Pts',(32.7791614013129,-14.3344319683598,5.27541835520741));
#6418=CARTESIAN_POINT('Ctrl Pts',(32.7215175668415,-13.5463524340082,5.28724332303549));
#6419=CARTESIAN_POINT('',(30.7070559339651,-19.9031648579848,4.99382779124863));
#6420=CARTESIAN_POINT('Ctrl Pts',(30.7070559339651,-19.9031648579848,4.99382779124864));
#6421=CARTESIAN_POINT('Ctrl Pts',(30.9174251686115,-19.9308604931416,5.03227306648255));
#6422=CARTESIAN_POINT('Ctrl Pts',(31.1315076163248,-19.9206984384601,5.069573040935));
#6423=CARTESIAN_POINT('Ctrl Pts',(31.5648857694662,-19.8205248655318,5.14136530302207));
#6424=CARTESIAN_POINT('Ctrl Pts',(31.7788190096542,-19.7246462361707,5.17464105794255));
#6425=CARTESIAN_POINT('Ctrl Pts',(32.1573925096189,-19.4562832512063,5.22972805128141));
#6426=CARTESIAN_POINT('Ctrl Pts',(32.3187226347257,-19.2870163877642,5.25111345207618));
#6427=CARTESIAN_POINT('Ctrl Pts',(32.5681451434165,-18.8960589002172,5.28033532754868));
#6428=CARTESIAN_POINT('Ctrl Pts',(32.653972901691,-18.6783990039069,5.28794299215241));
#6429=CARTESIAN_POINT('Ctrl Pts',(32.7082647509857,-18.3851340717268,5.28865232545975));
#6430=CARTESIAN_POINT('Ctrl Pts',(32.7167022553048,-18.3194802523196,5.28823112866166));
#6431=CARTESIAN_POINT('Ctrl Pts',(32.7215175668415,-18.2536475659892,5.2872433230355));
#6432=CARTESIAN_POINT('',(32.2221327718657,-22.017354704989,5.38818306878588));
#6433=CARTESIAN_POINT('Ctrl Pts',(32.2221327718657,-22.017354704989,5.38818306878589));
#6434=CARTESIAN_POINT('Ctrl Pts',(32.241606006688,-21.916554224049,5.38430559882601));
#6435=CARTESIAN_POINT('Ctrl Pts',(32.2524547425337,-21.8141990218277,5.37897282658926));
#6436=CARTESIAN_POINT('Ctrl Pts',(32.2591984323487,-21.4773593629951,5.35693106470274));
#6437=CARTESIAN_POINT('Ctrl Pts',(32.2182180767154,-21.2451657475471,5.33468689360691));
#6438=CARTESIAN_POINT('Ctrl Pts',(32.0495577380154,-20.8085138409666,5.27833763227341));
#6439=CARTESIAN_POINT('Ctrl Pts',(31.9227401934884,-20.6086153334958,5.24466131689514));
#6440=CARTESIAN_POINT('Ctrl Pts',(31.5989957527857,-20.2687961431089,5.16922146988876));
#6441=CARTESIAN_POINT('Ctrl Pts',(31.4046877101693,-20.1325398176791,5.12809931211806));
#6442=CARTESIAN_POINT('Ctrl Pts',(31.0358145348965,-19.9703826689149,5.05504183779256));
#6443=CARTESIAN_POINT('Ctrl Pts',(30.8732569618942,-19.9250456384133,5.02420126422169));
#6444=CARTESIAN_POINT('Ctrl Pts',(30.7070559339651,-19.9031648579848,4.99382779124864));
#6445=CARTESIAN_POINT('',(30.9946336310325,-26.5593792343612,5.62351747765215));
#6446=CARTESIAN_POINT('Ctrl Pts',(30.9946336310325,-26.5593792343612,5.62351747765216));
#6447=CARTESIAN_POINT('Ctrl Pts',(31.2980601749908,-25.6936289792239,5.56759011861468));
#6448=CARTESIAN_POINT('Ctrl Pts',(31.5639658966659,-24.8161446613647,5.51693696424466));
#6449=CARTESIAN_POINT('Ctrl Pts',(31.9548000897013,-23.2965765462731,5.44114358873689));
#6450=CARTESIAN_POINT('Ctrl Pts',(32.0983515079138,-22.6580911338134,5.41283013625813));
#6451=CARTESIAN_POINT('Ctrl Pts',(32.2221327718657,-22.017354704989,5.38818306878589));
#6452=CARTESIAN_POINT('',(28.623570228335,-27.6320069234018,5.3444639977459));
#6453=CARTESIAN_POINT('Ctrl Pts',(28.623570228335,-27.6320069234018,5.34446399774592));
#6454=CARTESIAN_POINT('Ctrl Pts',(28.7037778991486,-27.6652300284592,5.36336782167186));
#6455=CARTESIAN_POINT('Ctrl Pts',(28.7865649948315,-27.6925899498775,5.3819366277772));
#6456=CARTESIAN_POINT('Ctrl Pts',(29.0945283474601,-27.7695310858223,5.44756245594039));
#6457=CARTESIAN_POINT('Ctrl Pts',(29.3273731771507,-27.7813853461566,5.49071681523293));
#6458=CARTESIAN_POINT('Ctrl Pts',(29.7834684577821,-27.7148091654299,5.56255359760096));
#6459=CARTESIAN_POINT('Ctrl Pts',(30.0023655474224,-27.6382715727917,5.59073303781158));
#6460=CARTESIAN_POINT('Ctrl Pts',(30.4000857320396,-27.4058004999825,5.62937200142965));
#6461=CARTESIAN_POINT('Ctrl Pts',(30.5749409440199,-27.2525300183413,5.63951243580828));
#6462=CARTESIAN_POINT('Ctrl Pts',(30.8363607689565,-26.9157831788322,5.64122538680349));
#6463=CARTESIAN_POINT('Ctrl Pts',(30.9302271285261,-26.7431467625742,5.63538883716816));
#6464=CARTESIAN_POINT('Ctrl Pts',(30.9946336310325,-26.5593792343612,5.62351747765216));
#6465=CARTESIAN_POINT('',(29.5296030830058,-30.0620523274465,5.88061292664569));
#6466=CARTESIAN_POINT('Ctrl Pts',(29.5296030830058,-30.0620523274465,5.88061292664571));
#6467=CARTESIAN_POINT('Ctrl Pts',(29.5449424493251,-30.0307142418169,5.87805651449063));
#6468=CARTESIAN_POINT('Ctrl Pts',(29.5593864891565,-29.9989138681127,5.87527940035992));
#6469=CARTESIAN_POINT('Ctrl Pts',(29.5729114969503,-29.9666892064256,5.87228537290162));
#6470=CARTESIAN_POINT('Ctrl Pts',(29.6244763066104,-29.8438309743582,5.86087048439601));
#6471=CARTESIAN_POINT('Ctrl Pts',(29.6622137704771,-29.7159226069428,5.84640963099372));
#6472=CARTESIAN_POINT('Ctrl Pts',(29.7089204144818,-29.4545898509411,5.81207433352613));
#6473=CARTESIAN_POINT('Ctrl Pts',(29.7176982289795,-29.3219741271391,5.79229924906945));
#6474=CARTESIAN_POINT('Ctrl Pts',(29.7013916190583,-28.9535738998952,5.73100148628169));
#6475=CARTESIAN_POINT('Ctrl Pts',(29.6442166028001,-28.722629862497,5.68525536858124));
#6476=CARTESIAN_POINT('Ctrl Pts',(29.443640969115,-28.2967492096019,5.58555027267075));
#6477=CARTESIAN_POINT('Ctrl Pts',(29.3016075359192,-28.1059365365682,5.53244380894762));
#6478=CARTESIAN_POINT('Ctrl Pts',(28.9780171140399,-27.815459407058,5.43321139626205));
#6479=CARTESIAN_POINT('Ctrl Pts',(28.8079566051164,-27.7083822613815,5.38792128263724));
#6480=CARTESIAN_POINT('Ctrl Pts',(28.623570228335,-27.6320069234019,5.34446399774592));
#6481=CARTESIAN_POINT('',(27.1621828999067,-34.1192658241341,6.24137516362827));
#6482=CARTESIAN_POINT('Ctrl Pts',(27.1621828999067,-34.1192658241341,6.24137516362828));
#6483=CARTESIAN_POINT('Ctrl Pts',(28.0275290990072,-32.8574611054852,6.12185744010755));
#6484=CARTESIAN_POINT('Ctrl Pts',(28.7878723225763,-31.5543739314836,6.00345388353742));
#6485=CARTESIAN_POINT('Ctrl Pts',(29.4682226186527,-30.1869369522147,5.89082544226893));
#6486=CARTESIAN_POINT('Ctrl Pts',(29.4989752580612,-30.1246244950826,5.88571726683436));
#6487=CARTESIAN_POINT('Ctrl Pts',(29.5296030830058,-30.0620523274465,5.88061292664571));
#6488=CARTESIAN_POINT('',(24.6013410481334,-34.5470748303124,5.87333897122188));
#6489=CARTESIAN_POINT('Ctrl Pts',(24.6013410481334,-34.5470748303124,5.8733389712219));
#6490=CARTESIAN_POINT('Ctrl Pts',(24.6724807656461,-34.6016622554771,5.89834361637925));
#6491=CARTESIAN_POINT('Ctrl Pts',(24.7479575058608,-34.6508560300237,5.92299241467927));
#6492=CARTESIAN_POINT('Ctrl Pts',(25.0272650317474,-34.8033689902741,6.00772302756249));
#6493=CARTESIAN_POINT('Ctrl Pts',(25.2479906337922,-34.8730243820967,6.06348907116739));
#6494=CARTESIAN_POINT('Ctrl Pts',(25.7020352799911,-34.9227262160523,6.15690104486535));
#6495=CARTESIAN_POINT('Ctrl Pts',(25.9306100292858,-34.9042942257349,6.19402768337777));
#6496=CARTESIAN_POINT('Ctrl Pts',(26.3700606508523,-34.7819104227468,6.24569253017781));
#6497=CARTESIAN_POINT('Ctrl Pts',(26.5763636860806,-34.6798275543789,6.25983817948531));
#6498=CARTESIAN_POINT('Ctrl Pts',(26.9154878817401,-34.4232883033877,6.2637443189948));
#6499=CARTESIAN_POINT('Ctrl Pts',(27.0516566398524,-34.2804297104679,6.25664055337019));
#6500=CARTESIAN_POINT('Ctrl Pts',(27.1621828999067,-34.1192658241341,6.24137516362828));
#6501=CARTESIAN_POINT('Ctrl Pts',(25.0206753025211,-36.8651396916358,6.49958420476327));
#6502=CARTESIAN_POINT('Ctrl Pts',(25.0531713377658,-36.811635257746,6.49199925944301));
#6503=CARTESIAN_POINT('Ctrl Pts',(25.0828560367446,-36.7565362340606,6.48355311554318));
#6504=CARTESIAN_POINT('Ctrl Pts',(25.1663924630057,-36.5802373261505,6.45463601858362));
#6505=CARTESIAN_POINT('Ctrl Pts',(25.2096106289331,-36.4550277587418,6.43143792789338));
#6506=CARTESIAN_POINT('Ctrl Pts',(25.291255659195,-36.094759818557,6.35783218693079));
#6507=CARTESIAN_POINT('Ctrl Pts',(25.2967141499021,-35.856301716631,6.30134342423736));
#6508=CARTESIAN_POINT('Ctrl Pts',(25.2143173549671,-35.3918933850412,6.17655652836655));
#6509=CARTESIAN_POINT('Ctrl Pts',(25.126249357623,-35.1702576241454,6.10925286355962));
#6510=CARTESIAN_POINT('Ctrl Pts',(24.8900632720761,-34.8100083690927,5.98433066960721));
#6511=CARTESIAN_POINT('Ctrl Pts',(24.7563071500203,-34.665984502512,5.92780745274778));
#6512=CARTESIAN_POINT('Ctrl Pts',(24.6013410481334,-34.5470748303123,5.87333897122189));
#6513=CARTESIAN_POINT('Origin',(17.6676224973009,-12.8999999999986,12.150000000001));
#6514=CARTESIAN_POINT('',(28.5677949221964,-12.1784741972032,15.4355777756228));
#6515=CARTESIAN_POINT('Ctrl Pts',(28.5677949221964,-12.1784741972032,15.4355777756228));
#6516=CARTESIAN_POINT('Ctrl Pts',(28.7582199651474,-12.1534042646955,15.5045065975169));
#6517=CARTESIAN_POINT('Ctrl Pts',(28.9621015063391,-12.0818098713659,15.6197027286397));
#6518=CARTESIAN_POINT('Ctrl Pts',(29.2660707710632,-11.8929630330642,15.8673979374549));
#6519=CARTESIAN_POINT('Ctrl Pts',(29.4086869721237,-11.7363647178846,16.046507070769));
#6520=CARTESIAN_POINT('Ctrl Pts',(29.5825693737254,-11.4130114770217,16.387374493923));
#6521=CARTESIAN_POINT('Ctrl Pts',(29.6296341614025,-11.1835535290328,16.6109278202973));
#6522=CARTESIAN_POINT('Ctrl Pts',(29.6204895178615,-10.839861130335,16.9266467918632));
#6523=CARTESIAN_POINT('Ctrl Pts',(29.5915085414929,-10.6752452988968,17.0719553516741));
#6524=CARTESIAN_POINT('Ctrl Pts',(29.5389382159018,-10.5169776214279,17.2057258264254));
#6525=CARTESIAN_POINT('',(31.0286820234018,-13.7692184613067,14.5552319940112));
#6526=CARTESIAN_POINT('Ctrl Pts',(31.0286820234018,-13.7692184613067,14.5552319940112));
#6527=CARTESIAN_POINT('Ctrl Pts',(31.0164938333481,-13.7348904178872,14.5840578924318));
#6528=CARTESIAN_POINT('Ctrl Pts',(31.0034783033512,-13.701294923356,14.6120074602516));
#6529=CARTESIAN_POINT('Ctrl Pts',(30.9899019127407,-13.6687432539919,14.6388567739029));
#6530=CARTESIAN_POINT('Ctrl Pts',(30.894968153643,-13.4411236733315,14.8266022761678));
#6531=CARTESIAN_POINT('Ctrl Pts',(30.7247861786509,-13.1789613854712,15.0282255408798));
#6532=CARTESIAN_POINT('Ctrl Pts',(30.3687510744218,-12.7980746957198,15.2950278936181));
#6533=CARTESIAN_POINT('Ctrl Pts',(30.1282185315173,-12.6054214014294,15.415457487894));
#6534=CARTESIAN_POINT('Ctrl Pts',(29.6943234449997,-12.3612644450047,15.5370832624848));
#6535=CARTESIAN_POINT('Ctrl Pts',(29.4318672977841,-12.2574841926694,15.5700393538357));
#6536=CARTESIAN_POINT('Ctrl Pts',(29.0001452676731,-12.166394890684,15.5505995052526));
#6537=CARTESIAN_POINT('Ctrl Pts',(28.7589696176783,-12.1533055710675,15.5047779518776));
#6538=CARTESIAN_POINT('Ctrl Pts',(28.5677949221964,-12.1784741972032,15.4355777756228));
#6539=CARTESIAN_POINT('Origin',(0.161482849749071,-16.4334348709212,4.67668634691993));
#6540=CARTESIAN_POINT('',(17.6676224973009,-10.5918154260675,14.2850707308868));
#6541=CARTESIAN_POINT('Origin',(17.667622497301,-22.1334119232056,15.140906028967));
#6542=CARTESIAN_POINT('',(31.0286820234017,-18.0307815386906,14.5552319940114));
#6543=CARTESIAN_POINT('Origin',(0.161482849749074,-15.3665651290761,4.6766863469199));
#6544=CARTESIAN_POINT('',(28.5677949221963,-19.6215258027941,15.4355777756229));
#6545=CARTESIAN_POINT('Ctrl Pts',(28.5677949221963,-19.6215258027941,15.435577775623));
#6546=CARTESIAN_POINT('Ctrl Pts',(28.7589696176783,-19.6466944289298,15.5047779518778));
#6547=CARTESIAN_POINT('Ctrl Pts',(29.000145267673,-19.6336051093134,15.5505995052528));
#6548=CARTESIAN_POINT('Ctrl Pts',(29.431867297784,-19.5425158073279,15.5700393538359));
#6549=CARTESIAN_POINT('Ctrl Pts',(29.6943234449997,-19.4387355549926,15.537083262485));
#6550=CARTESIAN_POINT('Ctrl Pts',(30.1282185315172,-19.194578598568,15.4154574878942));
#6551=CARTESIAN_POINT('Ctrl Pts',(30.3687510744217,-19.0019253042775,15.2950278936183));
#6552=CARTESIAN_POINT('Ctrl Pts',(30.7247861786508,-18.6210386145261,15.02822554088));
#6553=CARTESIAN_POINT('Ctrl Pts',(30.894968153643,-18.3588763266658,14.826602276168));
#6554=CARTESIAN_POINT('Ctrl Pts',(30.9899019127406,-18.1312567460054,14.6388567739031));
#6555=CARTESIAN_POINT('Ctrl Pts',(31.0034986879141,-18.0986562012388,14.6119671467737));
#6556=CARTESIAN_POINT('Ctrl Pts',(31.0165073712371,-18.0650714526387,14.5840258744036));
#6557=CARTESIAN_POINT('Ctrl Pts',(31.0286820234017,-18.0307815386906,14.5552319940114));
#6558=CARTESIAN_POINT('Ctrl Pts',(29.5389382159018,-21.2830223785692,17.2057258264254));
#6559=CARTESIAN_POINT('Ctrl Pts',(29.5915085414929,-21.1247547011004,17.0719553516742));
#6560=CARTESIAN_POINT('Ctrl Pts',(29.6204895178614,-20.9601388696623,16.9266467918633));
#6561=CARTESIAN_POINT('Ctrl Pts',(29.6296341614024,-20.6164464709646,16.6109278202975));
#6562=CARTESIAN_POINT('Ctrl Pts',(29.5825693737253,-20.3869885229756,16.3873744939232));
#6563=CARTESIAN_POINT('Ctrl Pts',(29.4086869721236,-20.0636352821128,16.0465070707692));
#6564=CARTESIAN_POINT('Ctrl Pts',(29.2660707710631,-19.9070369669331,15.8673979374551));
#6565=CARTESIAN_POINT('Ctrl Pts',(28.9621015063391,-19.7181901286315,15.6197027286399));
#6566=CARTESIAN_POINT('Ctrl Pts',(28.7582199651473,-19.6465957353018,15.5045065975171));
#6567=CARTESIAN_POINT('Ctrl Pts',(28.5677949221963,-19.6215258027941,15.435577775623));
#6568=CARTESIAN_POINT('',(17.6676224973009,-12.8282586729516,6.53363927248348));
#6569=CARTESIAN_POINT('Origin',(0.300000000000009,-15.8999999999987,-10.));
#6570=CARTESIAN_POINT('Origin',(0.300000000000009,-15.8999999999987,4.6));
#6571=CARTESIAN_POINT('Origin',(0.300000000000009,-15.8999999999987,-10.));
#6572=CARTESIAN_POINT('',(-19.165712455186,-32.2347130314776,-10.));
#6573=CARTESIAN_POINT('',(6.86762249730086,-40.447976412357,4.6));
#6574=CARTESIAN_POINT('',(6.86762249730086,-40.447976412357,4.6));
#6575=CARTESIAN_POINT('Origin',(0.300000000000009,-15.8999999999987,4.6));
#6576=CARTESIAN_POINT('',(14.7676224973009,4.99078051400667,4.6));
#6577=CARTESIAN_POINT('Origin',(0.300000000000009,-15.8999999999987,4.6));
#6578=CARTESIAN_POINT('',(14.7676224973009,4.99078051400667,4.6));
#6579=CARTESIAN_POINT('',(-19.1657124551865,0.434713031479666,-10.));
#6580=CARTESIAN_POINT('Origin',(-0.791915895482056,-14.4769874999978,4.09999999997651));
#6581=CARTESIAN_POINT('',(21.8502517118856,0.636089736270948,-10.1673646817174));
#6582=CARTESIAN_POINT('Origin',(0.300000000000011,-15.8999999999987,4.09999999997651));
#6583=CARTESIAN_POINT('',(21.9522727020165,3.10718526632866,-10.9999999999983));
#6584=CARTESIAN_POINT('Origin',(20.7583358164036,2.05910223627181,-10.1673646817174));
#6585=CARTESIAN_POINT('',(21.9522727019896,3.10718526630799,19.2000000000105));
#6586=CARTESIAN_POINT('Origin',(-0.855639488412692,-14.393941296842,4.09999999997651));
#6587=CARTESIAN_POINT('',(21.4901589235405,0.359780821597164,19.2));
#6588=CARTESIAN_POINT('Ctrl Pts',(21.9522727019937,3.10718526631161,19.2));
#6589=CARTESIAN_POINT('Ctrl Pts',(21.9758042141368,3.08037905009006,19.2));
#6590=CARTESIAN_POINT('Ctrl Pts',(21.9980015970113,3.05326247045836,19.2));
#6591=CARTESIAN_POINT('Ctrl Pts',(22.0187357863342,3.02624114884745,19.2));
#6592=CARTESIAN_POINT('Ctrl Pts',(22.1480627580644,2.8576989578959,19.2));
#6593=CARTESIAN_POINT('Ctrl Pts',(22.2568133115693,2.62712726711615,19.2));
#6594=CARTESIAN_POINT('Ctrl Pts',(22.359639105853,2.20058570035401,19.2));
#6595=CARTESIAN_POINT('Ctrl Pts',(22.3657219581703,1.92907246557287,19.2));
#6596=CARTESIAN_POINT('Ctrl Pts',(22.2866699951127,1.4641496907619,19.2));
#6597=CARTESIAN_POINT('Ctrl Pts',(22.1799763512887,1.18983494014254,19.2));
#6598=CARTESIAN_POINT('Ctrl Pts',(21.9137149505957,0.755217381390141,19.2));
#6599=CARTESIAN_POINT('Ctrl Pts',(21.6999340860037,0.520746965162779,19.2));
#6600=CARTESIAN_POINT('Ctrl Pts',(21.4901589235405,0.359780821597165,19.2));
#6601=CARTESIAN_POINT('Origin',(0.300000000000011,-15.8999999999987,4.09999999997651));
#6602=CARTESIAN_POINT('Origin',(1.39191589548208,-17.3230124999995,4.09999999997651));
#6603=CARTESIAN_POINT('',(24.26355167884,0.0950678600138133,-11.0000000000007));
#6604=CARTESIAN_POINT('Origin',(1.45563948841272,-17.4060587031553,4.09999999997651));
#6605=CARTESIAN_POINT('Origin',(22.9421676073652,-0.786922763731801,-10.1673646817203));
#6606=CARTESIAN_POINT('Origin',(1.39191589548208,-17.3230124999995,4.09999999997651));
#6607=CARTESIAN_POINT('',(24.263551678815,0.0950678599946642,19.2000000000105));
#6608=CARTESIAN_POINT('Ctrl Pts',(21.4901589235405,0.359780821597173,19.2));
#6609=CARTESIAN_POINT('Ctrl Pts',(21.6999340860037,0.520746965162784,19.2));
#6610=CARTESIAN_POINT('Ctrl Pts',(21.9817456757733,0.666558014205916,19.2));
#6611=CARTESIAN_POINT('Ctrl Pts',(22.470467521806,0.811259476138115,19.2));
#6612=CARTESIAN_POINT('Ctrl Pts',(22.7630495709743,0.843319740395767,19.2));
#6613=CARTESIAN_POINT('Ctrl Pts',(23.2325906399862,0.799347204508907,19.2));
#6614=CARTESIAN_POINT('Ctrl Pts',(23.4932779276124,0.723198824199365,19.2));
#6615=CARTESIAN_POINT('Ctrl Pts',(23.8786721690453,0.513479652886173,19.2));
#6616=CARTESIAN_POINT('Ctrl Pts',(24.0732406055681,0.348758339797319,19.2));
#6617=CARTESIAN_POINT('Ctrl Pts',(24.2025675772983,0.180216148845753,19.2));
#6618=CARTESIAN_POINT('Ctrl Pts',(24.2233017666212,0.15319482723485,19.2));
#6619=CARTESIAN_POINT('Ctrl Pts',(24.2437492657688,0.124735514593619,19.2));
#6620=CARTESIAN_POINT('Ctrl Pts',(24.2635516788196,0.0950678599977159,19.2));
#6621=CARTESIAN_POINT('Origin',(1.45563948841272,-17.4060587031553,4.09999999997651));
#6622=CARTESIAN_POINT('Origin',(0.300000000000008,-15.8999999999987,4.09999999997651));
#6623=CARTESIAN_POINT('',(26.1339109414491,-3.14448941122731,-10.9999999999983));
#6624=CARTESIAN_POINT('Origin',(-0.426465352317957,-14.1461574938385,4.09999999997651));
#6625=CARTESIAN_POINT('Origin',(0.30000000000048,-15.8999999999983,-11.0000000000007));
#6626=CARTESIAN_POINT('Origin',(0.300000000000008,-15.8999999999987,4.09999999997651));
#6627=CARTESIAN_POINT('',(26.1339109414177,-3.14448941124032,19.2000000000105));
#6628=CARTESIAN_POINT('Origin',(0.299999999999766,-15.8999999999988,19.2000000000105));
#6629=CARTESIAN_POINT('Origin',(-0.426465352317957,-14.1461574938385,4.09999999997651));
#6630=CARTESIAN_POINT('Origin',(1.39191589548207,-14.4769874999978,4.09999999997651));
#6631=CARTESIAN_POINT('',(21.8502517118832,-32.4360897362664,-10.1673646817203));
#6632=CARTESIAN_POINT('Origin',(0.300000000000002,-15.8999999999987,4.09999999997651));
#6633=CARTESIAN_POINT('',(24.2635516788419,-31.8950678600126,-10.9999999999983));
#6634=CARTESIAN_POINT('Origin',(22.9421676073677,-31.0130772362674,-10.1673646817174));
#6635=CARTESIAN_POINT('Origin',(1.4556394884127,-14.393941296842,4.09999999997651));
#6636=CARTESIAN_POINT('Origin',(-0.386407027162501,-14.2428668457147,4.09999999997651));
#6637=CARTESIAN_POINT('',(25.3957996468114,-5.50497942769145,-10.1673646817174));
#6638=CARTESIAN_POINT('Origin',(0.300000000000009,-15.8999999999987,4.09999999997651));
#6639=CARTESIAN_POINT('Origin',(24.7093926196489,-3.84784627340752,-10.1673646817174));
#6640=CARTESIAN_POINT('Origin',(-0.386407027162501,-14.2428668457147,4.09999999997651));
#6641=CARTESIAN_POINT('',(24.9764627132393,-5.67867447278097,19.2));
#6642=CARTESIAN_POINT('Ctrl Pts',(26.1339109414227,-3.14448941123789,19.2));
#6643=CARTESIAN_POINT('Ctrl Pts',(26.149702677448,-3.17647263129406,19.2));
#6644=CARTESIAN_POINT('Ctrl Pts',(26.1641254155958,-3.20841034132029,19.2));
#6645=CARTESIAN_POINT('Ctrl Pts',(26.1771594718932,-3.23987733680626,19.2));
#6646=CARTESIAN_POINT('Ctrl Pts',(26.2584578050016,-3.43614887519494,19.2));
#6647=CARTESIAN_POINT('Ctrl Pts',(26.3038264284199,-3.68701074054272,19.2));
#6648=CARTESIAN_POINT('Ctrl Pts',(26.2927514377213,-4.12563152975248,19.2));
#6649=CARTESIAN_POINT('Ctrl Pts',(26.2283542257133,-4.38946753343514,19.2));
#6650=CARTESIAN_POINT('Ctrl Pts',(26.0316650243542,-4.818088295263,19.2));
#6651=CARTESIAN_POINT('Ctrl Pts',(25.8576089964709,-5.05544165040525,19.2));
#6652=CARTESIAN_POINT('Ctrl Pts',(25.4879329314565,-5.40633645348787,19.2));
#6653=CARTESIAN_POINT('Ctrl Pts',(25.2207510639479,-5.57748692478772,19.2));
#6654=CARTESIAN_POINT('Ctrl Pts',(24.9764627132393,-5.67867447278098,19.2));
#6655=CARTESIAN_POINT('Origin',(0.300000000000009,-15.8999999999987,4.09999999997651));
#6656=CARTESIAN_POINT('Origin',(0.300000000000006,-15.8999999999987,4.09999999997651));
#6657=CARTESIAN_POINT('',(26.1339109414468,-28.6555105887691,-11.0000000000007));
#6658=CARTESIAN_POINT('Origin',(0.300000000000535,-15.8999999999989,-11.0000000000007));
#6659=CARTESIAN_POINT('Origin',(-0.426465352317964,-17.6538425061589,4.09999999997651));
#6660=CARTESIAN_POINT('Origin',(-0.386407027162506,-17.5571331542826,4.09999999997651));
#6661=CARTESIAN_POINT('',(25.3957996468114,-26.2950205723059,-10.1673646817174));
#6662=CARTESIAN_POINT('Origin',(24.709392619646,-27.9521537265886,-10.1673646817203));
#6663=CARTESIAN_POINT('Origin',(0.300000000000006,-15.8999999999987,4.09999999997651));
#6664=CARTESIAN_POINT('Origin',(0.98640702716252,-17.5571331542826,4.09999999997651));
#6665=CARTESIAN_POINT('',(27.5868416460827,-6.65217442354867,-11.0000000000007));
#6666=CARTESIAN_POINT('Origin',(1.02646535231798,-17.6538425061589,4.09999999997651));
#6667=CARTESIAN_POINT('Origin',(26.0822066739711,-7.16211258197658,-10.1673646817203));
#6668=CARTESIAN_POINT('Origin',(0.98640702716252,-17.5571331542826,4.09999999997651));
#6669=CARTESIAN_POINT('',(27.5868416460537,-6.6521744235607,19.2000000000105));
#6670=CARTESIAN_POINT('Ctrl Pts',(24.9764627132393,-5.67867447278099,19.2));
#6671=CARTESIAN_POINT('Ctrl Pts',(25.2207510639479,-5.57748692478773,19.2));
#6672=CARTESIAN_POINT('Ctrl Pts',(25.5306988331327,-5.50958247332168,19.2));
#6673=CARTESIAN_POINT('Ctrl Pts',(26.0402193802896,-5.4963021156505,19.2));
#6674=CARTESIAN_POINT('Ctrl Pts',(26.3311297448707,-5.54106008498627,19.2));
#6675=CARTESIAN_POINT('Ctrl Pts',(26.7732906601838,-5.70506046416489,19.2));
#6676=CARTESIAN_POINT('Ctrl Pts',(27.0053865928093,-5.84608498618973,19.2));
#6677=CARTESIAN_POINT('Ctrl Pts',(27.3233695282535,-6.14840551958476,19.2));
#6678=CARTESIAN_POINT('Ctrl Pts',(27.4686751931098,-6.35787210698545,19.2));
#6679=CARTESIAN_POINT('Ctrl Pts',(27.5499735262182,-6.55414364537413,19.2));
#6680=CARTESIAN_POINT('Ctrl Pts',(27.5630075825157,-6.5856106408601,19.2));
#6681=CARTESIAN_POINT('Ctrl Pts',(27.5753925379032,-6.6183924281428,19.2));
#6682=CARTESIAN_POINT('Ctrl Pts',(27.5868416460589,-6.65217442355893,19.2));
#6683=CARTESIAN_POINT('Origin',(1.02646535231798,-17.6538425061589,4.09999999997651));
#6684=CARTESIAN_POINT('Origin',(1.02646535231798,-17.6538425061589,4.09999999997651));
#6685=CARTESIAN_POINT('Origin',(0.300000000000008,-15.8999999999987,4.09999999997651));
#6686=CARTESIAN_POINT('',(28.5550108427447,-10.2654310559346,19.2000000000105));
#6687=CARTESIAN_POINT('Origin',(0.29999999999974,-15.8999999999987,19.2000000000105));
#6688=CARTESIAN_POINT('Origin',(0.0522161969964874,-14.017895159268,4.09999999997651));
#6689=CARTESIAN_POINT('Origin',(0.300000000000008,-15.8999999999987,4.09999999997651));
#6690=CARTESIAN_POINT('',(28.5550108427783,-10.2654310559302,-10.9999999999983));
#6691=CARTESIAN_POINT('Origin',(0.0522161969964874,-14.017895159268,4.09999999997651));
#6692=CARTESIAN_POINT('Origin',(0.300000000000551,-15.8999999999985,-11.0000000000007));
#6693=CARTESIAN_POINT('Origin',(0.300000000000008,-15.8999999999987,4.09999999997651));
#6694=CARTESIAN_POINT('Origin',(0.0522161969964874,-14.017895159268,4.09999999997651));
#6695=CARTESIAN_POINT('Origin',(0.0658793457169321,-14.1216770773541,4.09999999997651));
#6696=CARTESIAN_POINT('',(26.7811063488135,-12.4136962102999,19.2));
#6697=CARTESIAN_POINT('Ctrl Pts',(28.55501084275,-10.2654310559335,19.2));
#6698=CARTESIAN_POINT('Ctrl Pts',(28.5619866219446,-10.3004116762323,19.2));
#6699=CARTESIAN_POINT('Ctrl Pts',(28.5676518295956,-10.3349940144943,19.2));
#6700=CARTESIAN_POINT('Ctrl Pts',(28.5720975034707,-10.3687622601146,19.2));
#6701=CARTESIAN_POINT('Ctrl Pts',(28.5998268509078,-10.5793875649533,19.2));
#6702=CARTESIAN_POINT('Ctrl Pts',(28.5787217475288,-10.8334437833145,19.2));
#6703=CARTESIAN_POINT('Ctrl Pts',(28.4545007141617,-11.2542525130424,19.2));
#6704=CARTESIAN_POINT('Ctrl Pts',(28.3240120014053,-11.4924312979852,19.2));
#6705=CARTESIAN_POINT('Ctrl Pts',(28.023089605773,-11.8555402502407,19.2));
#6706=CARTESIAN_POINT('Ctrl Pts',(27.7935328244894,-12.0397569709978,19.2));
#6707=CARTESIAN_POINT('Ctrl Pts',(27.3456349080658,-12.2830161174617,19.2));
#6708=CARTESIAN_POINT('Ctrl Pts',(27.0432600403724,-12.3791830220544,19.2));
#6709=CARTESIAN_POINT('Ctrl Pts',(26.7811063488135,-12.4136962102999,19.2));
#6710=CARTESIAN_POINT('Origin',(0.300000000000008,-15.8999999999987,4.09999999997651));
#6711=CARTESIAN_POINT('Origin',(0.0658793457169321,-14.1216770773541,4.09999999997651));
#6712=CARTESIAN_POINT('',(27.2311103085738,-12.3544520650733,-10.1673646817203));
#6713=CARTESIAN_POINT('Origin',(0.300000000000008,-15.8999999999987,4.09999999997651));
#6714=CARTESIAN_POINT('Origin',(26.9969896542938,-10.5761291424283,-10.1673646817174));
#6715=CARTESIAN_POINT('Origin',(0.0658793457169321,-14.1216770773541,4.09999999997651));
#6716=CARTESIAN_POINT('Origin',(0.300000000000008,-15.8999999999987,4.09999999997651));
#6717=CARTESIAN_POINT('Origin',(0.534120654283084,-17.6783229226433,4.09999999997651));
#6718=CARTESIAN_POINT('',(29.0505784487517,-14.0296407373959,19.2000000000105));
#6719=CARTESIAN_POINT('Ctrl Pts',(26.7811063488135,-12.4136962102999,19.2));
#6720=CARTESIAN_POINT('Ctrl Pts',(27.0432600403724,-12.3791830220545,19.2));
#6721=CARTESIAN_POINT('Ctrl Pts',(27.3602215607154,-12.3938127443155,19.2));
#6722=CARTESIAN_POINT('Ctrl Pts',(27.8558178257302,-12.5128585253338,19.2));
#6723=CARTESIAN_POINT('Ctrl Pts',(28.1252314451301,-12.6313845466188,19.2));
#6724=CARTESIAN_POINT('Ctrl Pts',(28.5098796710711,-12.9042364142716,19.2));
#6725=CARTESIAN_POINT('Ctrl Pts',(28.6975672944442,-13.1005264898898,19.2));
#6726=CARTESIAN_POINT('Ctrl Pts',(28.9264689123408,-13.4748457406241,19.2));
#6727=CARTESIAN_POINT('Ctrl Pts',(29.0126094645997,-13.7147828005651,19.2));
#6728=CARTESIAN_POINT('Ctrl Pts',(29.0403388120368,-13.9254081054038,19.2));
#6729=CARTESIAN_POINT('Ctrl Pts',(29.0447844859119,-13.9591763510241,19.2));
#6730=CARTESIAN_POINT('Ctrl Pts',(29.0482628832969,-13.9940465883194,19.2));
#6731=CARTESIAN_POINT('Ctrl Pts',(29.0505784487572,-14.0296407373956,19.2));
#6732=CARTESIAN_POINT('Origin',(0.547783803003529,-17.7821048407294,4.09999999997651));
#6733=CARTESIAN_POINT('Origin',(0.534120654283084,-17.6783229226433,4.09999999997651));
#6734=CARTESIAN_POINT('',(29.0505784487829,-14.0296407373919,-11.0000000000007));
#6735=CARTESIAN_POINT('Origin',(0.547783803003529,-17.7821048407294,4.09999999997651));
#6736=CARTESIAN_POINT('Origin',(27.4652309628568,-14.1327749877179,-10.1673646817203));
#6737=CARTESIAN_POINT('Origin',(0.534120654283084,-17.6783229226433,4.09999999997651));
#6738=CARTESIAN_POINT('Origin',(0.547783803003529,-17.7821048407294,4.09999999997651));
#6739=CARTESIAN_POINT('Origin',(0.300000000000007,-15.8999999999987,4.09999999997651));
#6740=CARTESIAN_POINT('',(29.0505784487853,-17.7703592626058,-10.9999999999983));
#6741=CARTESIAN_POINT('Origin',(0.547783803003527,-14.017895159268,4.09999999997651));
#6742=CARTESIAN_POINT('Origin',(0.300000000000585,-15.8999999999986,-11.0000000000007));
#6743=CARTESIAN_POINT('Origin',(0.534120654283083,-14.1216770773541,4.09999999997651));
#6744=CARTESIAN_POINT('',(29.0505784487517,-17.7703592626014,19.2000000000105));
#6745=CARTESIAN_POINT('Origin',(0.547783803003527,-14.017895159268,4.09999999997651));
#6746=CARTESIAN_POINT('',(26.7811063488135,-19.3863037896974,19.2));
#6747=CARTESIAN_POINT('Ctrl Pts',(29.0505784487572,-17.7703592626018,19.2));
#6748=CARTESIAN_POINT('Ctrl Pts',(29.0482628832969,-17.8059534116779,19.2));
#6749=CARTESIAN_POINT('Ctrl Pts',(29.0447844859119,-17.8408236489732,19.2));
#6750=CARTESIAN_POINT('Ctrl Pts',(29.0403388120368,-17.8745918945936,19.2));
#6751=CARTESIAN_POINT('Ctrl Pts',(29.0126094645997,-18.0852171994322,19.2));
#6752=CARTESIAN_POINT('Ctrl Pts',(28.9264689123408,-18.3251542593733,19.2));
#6753=CARTESIAN_POINT('Ctrl Pts',(28.6975672944442,-18.6994735101076,19.2));
#6754=CARTESIAN_POINT('Ctrl Pts',(28.5098796710711,-18.8957635857258,19.2));
#6755=CARTESIAN_POINT('Ctrl Pts',(28.1252314451301,-19.1686154533786,19.2));
#6756=CARTESIAN_POINT('Ctrl Pts',(27.8558178257302,-19.2871414746636,19.2));
#6757=CARTESIAN_POINT('Ctrl Pts',(27.3602215607154,-19.4061872556819,19.2));
#6758=CARTESIAN_POINT('Ctrl Pts',(27.0432600403724,-19.4208169779429,19.2));
#6759=CARTESIAN_POINT('Ctrl Pts',(26.7811063488135,-19.3863037896974,19.2));
#6760=CARTESIAN_POINT('Origin',(0.300000000000006,-15.8999999999987,4.09999999997651));
#6761=CARTESIAN_POINT('Origin',(0.534120654283083,-14.1216770773541,4.09999999997651));
#6762=CARTESIAN_POINT('',(27.2311103085738,-19.4455479349241,-10.1673646817203));
#6763=CARTESIAN_POINT('Origin',(0.300000000000006,-15.8999999999987,4.09999999997651));
#6764=CARTESIAN_POINT('Origin',(27.4652309628599,-17.6672250122799,-10.1673646817174));
#6765=CARTESIAN_POINT('Origin',(0.0658793457169304,-17.6783229226433,4.09999999997651));
#6766=CARTESIAN_POINT('',(28.5550108427447,-21.5345689440627,19.2000000000105));
#6767=CARTESIAN_POINT('Ctrl Pts',(26.7811063488136,-19.3863037896974,19.2));
#6768=CARTESIAN_POINT('Ctrl Pts',(27.0432600403724,-19.4208169779429,19.2));
#6769=CARTESIAN_POINT('Ctrl Pts',(27.3456349080658,-19.5169838825357,19.2));
#6770=CARTESIAN_POINT('Ctrl Pts',(27.7935328244894,-19.7602430289995,19.2));
#6771=CARTESIAN_POINT('Ctrl Pts',(28.023089605773,-19.9444597497567,19.2));
#6772=CARTESIAN_POINT('Ctrl Pts',(28.3240120014053,-20.3075687020122,19.2));
#6773=CARTESIAN_POINT('Ctrl Pts',(28.4545007141617,-20.545747486955,19.2));
#6774=CARTESIAN_POINT('Ctrl Pts',(28.5787217475288,-20.9665562166828,19.2));
#6775=CARTESIAN_POINT('Ctrl Pts',(28.5998268509078,-21.220612435044,19.2));
#6776=CARTESIAN_POINT('Ctrl Pts',(28.5720975034707,-21.4312377398827,19.2));
#6777=CARTESIAN_POINT('Ctrl Pts',(28.5676518295956,-21.465005985503,19.2));
#6778=CARTESIAN_POINT('Ctrl Pts',(28.5619866219446,-21.4995883237651,19.2));
#6779=CARTESIAN_POINT('Ctrl Pts',(28.55501084275,-21.5345689440638,19.2));
#6780=CARTESIAN_POINT('Origin',(0.0522161969964857,-17.7821048407294,4.09999999997651));
#6781=CARTESIAN_POINT('Origin',(0.0658793457169304,-17.6783229226433,4.09999999997651));
#6782=CARTESIAN_POINT('',(28.5550108427758,-21.5345689440668,-11.0000000000007));
#6783=CARTESIAN_POINT('Origin',(0.0522161969964857,-17.7821048407294,4.09999999997651));
#6784=CARTESIAN_POINT('Origin',(26.9969896542907,-21.2238708575686,-10.1673646817203));
#6785=CARTESIAN_POINT('Origin',(0.300000000000007,-15.8999999999987,4.09999999997651));
#6786=CARTESIAN_POINT('',(27.5868416460537,-25.1478255764366,19.2000000000105));
#6787=CARTESIAN_POINT('Origin',(0.299999999999743,-15.8999999999986,19.2000000000105));
#6788=CARTESIAN_POINT('Origin',(1.02646535231797,-14.1461574938385,4.09999999997651));
#6789=CARTESIAN_POINT('Origin',(0.300000000000007,-15.8999999999987,4.09999999997651));
#6790=CARTESIAN_POINT('',(27.586841646085,-25.1478255764496,-10.9999999999983));
#6791=CARTESIAN_POINT('Origin',(1.02646535231797,-14.1461574938385,4.09999999997651));
#6792=CARTESIAN_POINT('Origin',(0.30000000000058,-15.8999999999988,-11.0000000000007));
#6793=CARTESIAN_POINT('Origin',(0.986407027162515,-14.2428668457147,4.09999999997651));
#6794=CARTESIAN_POINT('Origin',(26.0822066739739,-24.637887418022,-10.1673646817174));
#6795=CARTESIAN_POINT('Ctrl Pts',(21.8529728763815,-30.1019453885171,-14.0000000019484));
#6796=CARTESIAN_POINT('Ctrl Pts',(22.8753069425548,-30.8602871340704,-13.3339100456914));
#6797=CARTESIAN_POINT('Ctrl Pts',(23.7280795941155,-31.4957295631011,-12.2727984194122));
#6798=CARTESIAN_POINT('Ctrl Pts',(24.2635516788419,-31.8950678600126,-10.9999999999959));
#6799=CARTESIAN_POINT('Ctrl Pts',(21.5262380309849,-30.5416570385632,-14.0161901046205));
#6800=CARTESIAN_POINT('Ctrl Pts',(22.5522339419725,-31.3075379649201,-13.353709303525));
#6801=CARTESIAN_POINT('Ctrl Pts',(23.4085207788579,-31.9489285583472,-12.2935336978521));
#6802=CARTESIAN_POINT('Ctrl Pts',(23.9480993616815,-32.3534137354034,-11.0151049353768));
#6803=CARTESIAN_POINT('Ctrl Pts',(20.7785654347766,-31.1821310992004,-13.6273346253843));
#6804=CARTESIAN_POINT('Ctrl Pts',(21.7355041301722,-31.9098907018377,-13.0100097312759));
#6805=CARTESIAN_POINT('Ctrl Pts',(22.5394494579624,-32.5220134414655,-12.0145289362256));
#6806=CARTESIAN_POINT('Ctrl Pts',(23.0444490718299,-32.9065723850178,-10.8154230955827));
#6807=CARTESIAN_POINT('Ctrl Pts',(20.2168624027044,-31.1827460374572,-12.7755736858819));
#6808=CARTESIAN_POINT('Ctrl Pts',(21.0320842803503,-31.8083601914018,-12.2416999842742));
#6809=CARTESIAN_POINT('Ctrl Pts',(21.714806129149,-32.3321244659466,-11.3874251768326));
#6810=CARTESIAN_POINT('Ctrl Pts',(22.1434609528381,-32.6610770999759,-10.361484139097));
#6811=CARTESIAN_POINT('Ctrl Pts',(20.0657905569453,-31.0668245330825,-12.4113013752969));
#6812=CARTESIAN_POINT('Ctrl Pts',(20.8219235088798,-31.647025753602,-11.9130801442645));
#6813=CARTESIAN_POINT('Ctrl Pts',(21.4535412105118,-32.1316830621495,-11.1193910400505));
#6814=CARTESIAN_POINT('Ctrl Pts',(21.8502517118856,-32.4360897362683,-10.1673646817174));
#6815=CARTESIAN_POINT('',(20.7775223380456,-31.612955536923,-11.820341440835));
#6816=CARTESIAN_POINT('Ctrl Pts',(21.8529728794858,-30.1019453905627,-14.));
#6817=CARTESIAN_POINT('Ctrl Pts',(21.7346126049921,-30.2815697811667,-14.000000000027));
#6818=CARTESIAN_POINT('Ctrl Pts',(21.6154241402873,-30.4574193818837,-13.9579042599039));
#6819=CARTESIAN_POINT('Ctrl Pts',(21.381924823181,-30.7937006796471,-13.7928265065777));
#6820=CARTESIAN_POINT('Ctrl Pts',(21.2712360198675,-30.948591219489,-13.6681321475662));
#6821=CARTESIAN_POINT('Ctrl Pts',(21.0689397059634,-31.2267531642918,-13.3410260665204));
#6822=CARTESIAN_POINT('Ctrl Pts',(20.9828937022801,-31.341994780517,-13.1368703817631));
#6823=CARTESIAN_POINT('Ctrl Pts',(20.8701775126608,-31.4916703665657,-12.7425920486952));
#6824=CARTESIAN_POINT('Ctrl Pts',(20.8347101715062,-31.5381914513834,-12.5634695713249));
#6825=CARTESIAN_POINT('Ctrl Pts',(20.7883383260149,-31.5988962125044,-12.1956947843738));
#6826=CARTESIAN_POINT('Ctrl Pts',(20.7775223381977,-31.6129555370398,-12.0081529482535));
#6827=CARTESIAN_POINT('Ctrl Pts',(20.7775223381977,-31.6129555370398,-11.8203414405228));
#6828=CARTESIAN_POINT('Ctrl Pts',(21.8529728763815,-30.1019453885171,-14.0000000019484));
#6829=CARTESIAN_POINT('Ctrl Pts',(22.8753069425548,-30.8602871340704,-13.3339100456914));
#6830=CARTESIAN_POINT('Ctrl Pts',(23.7280795941155,-31.4957295631011,-12.2727984194122));
#6831=CARTESIAN_POINT('Ctrl Pts',(24.2635516788419,-31.8950678600126,-10.9999999999959));
#6832=CARTESIAN_POINT('Ctrl Pts',(20.7767856379084,-31.6123902470257,-11.8192008125772));
#6833=CARTESIAN_POINT('Ctrl Pts',(21.2171556462709,-31.9502980391388,-11.3659719192689));
#6834=CARTESIAN_POINT('Ctrl Pts',(21.5858691608903,-32.2332218697389,-10.8018302589047));
#6835=CARTESIAN_POINT('Ctrl Pts',(21.8502517118842,-32.4360897362672,-10.167364681721));
#6836=CARTESIAN_POINT('Origin',(1.39191589548207,-14.4769874999978,4.09999999997651));
#6837=CARTESIAN_POINT('',(24.263551678815,-31.895067859992,19.2000000000105));
#6838=CARTESIAN_POINT('Origin',(1.4556394884127,-14.393941296842,4.09999999997651));
#6839=CARTESIAN_POINT('',(21.4901589235405,-32.1597808215945,19.2));
#6840=CARTESIAN_POINT('Ctrl Pts',(24.2635516788196,-31.8950678599951,19.2));
#6841=CARTESIAN_POINT('Ctrl Pts',(24.2437492657688,-31.924735514591,19.2));
#6842=CARTESIAN_POINT('Ctrl Pts',(24.2233017666212,-31.9531948272322,19.2));
#6843=CARTESIAN_POINT('Ctrl Pts',(24.2025675772983,-31.9802161488431,19.2));
#6844=CARTESIAN_POINT('Ctrl Pts',(24.0732406055681,-32.1487583397947,19.2));
#6845=CARTESIAN_POINT('Ctrl Pts',(23.8786721690453,-32.3134796528835,19.2));
#6846=CARTESIAN_POINT('Ctrl Pts',(23.4932779276124,-32.5231988241967,19.2));
#6847=CARTESIAN_POINT('Ctrl Pts',(23.2325906399862,-32.5993472045062,19.2));
#6848=CARTESIAN_POINT('Ctrl Pts',(22.7630495709743,-32.6433197403931,19.2));
#6849=CARTESIAN_POINT('Ctrl Pts',(22.470467521806,-32.6112594761355,19.2));
#6850=CARTESIAN_POINT('Ctrl Pts',(21.9817456757733,-32.4665580142033,19.2));
#6851=CARTESIAN_POINT('Ctrl Pts',(21.6999340860036,-32.3207469651601,19.2));
#6852=CARTESIAN_POINT('Ctrl Pts',(21.4901589235405,-32.1597808215945,19.2));
#6853=CARTESIAN_POINT('Origin',(0.300000000000002,-15.8999999999987,4.09999999997651));
#6854=CARTESIAN_POINT('Origin',(0.300000000000006,-15.8999999999987,4.09999999997651));
#6855=CARTESIAN_POINT('',(26.1339109414177,-28.655510588757,19.2000000000105));
#6856=CARTESIAN_POINT('Origin',(-0.426465352317964,-17.6538425061589,4.09999999997651));
#6857=CARTESIAN_POINT('Origin',(0.299999999999773,-15.8999999999985,19.2000000000105));
#6858=CARTESIAN_POINT('Origin',(0.300000000000004,-15.8999999999987,-7.6961682589258));
#6859=CARTESIAN_POINT('Ctrl Pts',(26.1339109414468,-28.6555105887691,-11.0000000000007));
#6860=CARTESIAN_POINT('Ctrl Pts',(25.5203376433964,-28.3914472460616,-12.2727987219824));
#6861=CARTESIAN_POINT('Ctrl Pts',(24.5436427943517,-27.970646010888,-13.3339096929139));
#6862=CARTESIAN_POINT('Ctrl Pts',(23.3757319308588,-27.4644493450855,-14.0000000002079));
#6863=CARTESIAN_POINT('Origin',(-0.386407027162506,-17.5571331542826,4.09999999997651));
#6864=CARTESIAN_POINT('',(24.9764627132393,-26.1213255272164,19.2));
#6865=CARTESIAN_POINT('Origin',(0.300000000000006,-15.8999999999987,4.09999999997651));
#6866=CARTESIAN_POINT('Ctrl Pts',(24.9764627132393,-26.1213255272164,19.2));
#6867=CARTESIAN_POINT('Ctrl Pts',(25.2207510639479,-26.2225130752096,19.2));
#6868=CARTESIAN_POINT('Ctrl Pts',(25.4879329314565,-26.3936635465095,19.2));
#6869=CARTESIAN_POINT('Ctrl Pts',(25.8576089964709,-26.7445583495921,19.2));
#6870=CARTESIAN_POINT('Ctrl Pts',(26.0316650243542,-26.9819117047343,19.2));
#6871=CARTESIAN_POINT('Ctrl Pts',(26.2283542257133,-27.4105324665622,19.2));
#6872=CARTESIAN_POINT('Ctrl Pts',(26.2927514377213,-27.6743684702449,19.2));
#6873=CARTESIAN_POINT('Ctrl Pts',(26.3038264284199,-28.1129892594546,19.2));
#6874=CARTESIAN_POINT('Ctrl Pts',(26.2584578050016,-28.3638511248024,19.2));
#6875=CARTESIAN_POINT('Ctrl Pts',(26.1771594718932,-28.5601226631911,19.2));
#6876=CARTESIAN_POINT('Ctrl Pts',(26.1641254155958,-28.591589658677,19.2));
#6877=CARTESIAN_POINT('Ctrl Pts',(26.149702677448,-28.6235273687033,19.2));
#6878=CARTESIAN_POINT('Ctrl Pts',(26.1339109414227,-28.6555105887595,19.2));
#6879=CARTESIAN_POINT('Ctrl Pts',(26.1339109414468,-28.6555105887691,-11.0000000000007));
#6880=CARTESIAN_POINT('Ctrl Pts',(25.5203376433964,-28.3914472460616,-12.2727987219824));
#6881=CARTESIAN_POINT('Ctrl Pts',(24.5436427943517,-27.970646010888,-13.3339096929139));
#6882=CARTESIAN_POINT('Ctrl Pts',(23.3757319308588,-27.4644493450855,-14.0000000002079));
#6883=CARTESIAN_POINT('Ctrl Pts',(26.3731239546748,-28.1531479307301,-11.0151049353816));
#6884=CARTESIAN_POINT('Ctrl Pts',(25.7530400770727,-27.8881016961885,-12.2935340017607));
#6885=CARTESIAN_POINT('Ctrl Pts',(24.769436879859,-27.4672311693677,-13.3537089526483));
#6886=CARTESIAN_POINT('Ctrl Pts',(23.5931659674592,-26.9616328436447,-14.0161901028905));
#6887=CARTESIAN_POINT('Ctrl Pts',(26.4003563610644,-27.093981734045,-10.8154264745595));
#6888=CARTESIAN_POINT('Ctrl Pts',(25.8148186005686,-26.8489186530545,-12.0145326002499));
#6889=CARTESIAN_POINT('Ctrl Pts',(24.8827296895175,-26.4587421974187,-13.0100154098054));
#6890=CARTESIAN_POINT('Ctrl Pts',(23.7740014551878,-25.9938885342706,-13.6273406292693));
#6891=CARTESIAN_POINT('Ctrl Pts',(25.7372490397871,-26.4364535417405,-10.3614841391008));
#6892=CARTESIAN_POINT('Ctrl Pts',(25.2380401715602,-26.2297038428375,-11.3874254207198));
#6893=CARTESIAN_POINT('Ctrl Pts',(24.4430867000994,-25.900331772224,-12.2416997015161));
#6894=CARTESIAN_POINT('Ctrl Pts',(23.4936775118585,-25.5071357867183,-12.7755736844867));
#6895=CARTESIAN_POINT('Ctrl Pts',(25.3957996468097,-26.2950205723052,-10.167364681721));
#6896=CARTESIAN_POINT('Ctrl Pts',(24.9338203734333,-26.1036624917374,-11.1193912663666));
#6897=CARTESIAN_POINT('Ctrl Pts',(24.1982865563326,-25.7989944091102,-11.9130798803944));
#6898=CARTESIAN_POINT('Ctrl Pts',(23.3177506211651,-25.434264482607,-12.411301373995));
#6899=CARTESIAN_POINT('',(24.1465798306825,-25.77757678208,-11.8203414440997));
#6900=CARTESIAN_POINT('Ctrl Pts',(24.1465798327118,-25.7775767829206,-11.8203414405228));
#6901=CARTESIAN_POINT('Ctrl Pts',(24.1465798327118,-25.7775767829206,-12.1787412818319));
#6902=CARTESIAN_POINT('Ctrl Pts',(24.1220334375622,-25.8373271232498,-12.5078694678329));
#6903=CARTESIAN_POINT('Ctrl Pts',(24.0361826302402,-26.0405182691786,-13.0490803199111));
#6904=CARTESIAN_POINT('Ctrl Pts',(23.9784324445549,-26.175908519605,-13.2798611272958));
#6905=CARTESIAN_POINT('Ctrl Pts',(23.8348575287529,-26.5001446612752,-13.6376659455348));
#6906=CARTESIAN_POINT('Ctrl Pts',(23.7558707158965,-26.6746601741889,-13.7706326878956));
#6907=CARTESIAN_POINT('Ctrl Pts',(23.6208822407633,-26.9622488137185,-13.9072911222429));
#6908=CARTESIAN_POINT('Ctrl Pts',(23.5739697005331,-27.0606775343466,-13.9418709196555));
#6909=CARTESIAN_POINT('Ctrl Pts',(23.4766708848694,-27.2613463710742,-13.9882481399927));
#6910=CARTESIAN_POINT('Ctrl Pts',(23.4266276582167,-27.3628918808559,-14.0000000000015));
#6911=CARTESIAN_POINT('Ctrl Pts',(23.3757319312134,-27.4644493452632,-14.));
#6912=CARTESIAN_POINT('Ctrl Pts',(25.3957996468114,-26.2950205723059,-10.1673646817174));
#6913=CARTESIAN_POINT('Ctrl Pts',(25.0879197460479,-26.1674925418275,-10.8018300512638));
#6914=CARTESIAN_POINT('Ctrl Pts',(24.6585435824441,-25.9896391115031,-11.3659718348095));
#6915=CARTESIAN_POINT('Ctrl Pts',(24.1457218818021,-25.777221408018,-11.8192007581379));
#6916=CARTESIAN_POINT('Origin',(0.300000000000009,-15.8999999999987,-10.));
#6917=CARTESIAN_POINT('Ctrl Pts',(20.7775223381977,-31.6129555370398,-11.8203414405228));
#6918=CARTESIAN_POINT('Ctrl Pts',(20.7775223381977,-31.6129555370398,-12.1787412818319));
#6919=CARTESIAN_POINT('Ctrl Pts',(20.7383478151519,-31.6643168593399,-12.5078694678329));
#6920=CARTESIAN_POINT('Ctrl Pts',(20.6028325647892,-31.8383646108935,-13.0490803199111));
#6921=CARTESIAN_POINT('Ctrl Pts',(20.5120085936313,-31.9541947024945,-13.2798611272958));
#6922=CARTESIAN_POINT('Ctrl Pts',(20.289407385876,-32.2302228429416,-13.6376659455348));
#6923=CARTESIAN_POINT('Ctrl Pts',(20.1679440449939,-32.3783485924738,-13.7706326878956));
#6924=CARTESIAN_POINT('Ctrl Pts',(19.9631217735458,-32.621200298509,-13.9072911222429));
#6925=CARTESIAN_POINT('Ctrl Pts',(19.8923325118771,-32.7041332829466,-13.9418709196555));
#6926=CARTESIAN_POINT('Ctrl Pts',(19.7464121562565,-32.8727817083134,-13.9882481399927));
#6927=CARTESIAN_POINT('Ctrl Pts',(19.6717921993257,-32.9579149986191,-14.0000000000015));
#6928=CARTESIAN_POINT('Ctrl Pts',(19.5963456962045,-33.0428391928798,-14.));
#6929=CARTESIAN_POINT('Origin',(0.300000000000009,-15.8999999999987,-10.));
#6930=CARTESIAN_POINT('Ctrl Pts',(24.7943070821871,-24.0397059765024,-14.));
#6931=CARTESIAN_POINT('Ctrl Pts',(24.7264700495003,-24.2438437076408,-14.000000000027));
#6932=CARTESIAN_POINT('Ctrl Pts',(24.6568560589853,-24.4445496231381,-13.9579042599039));
#6933=CARTESIAN_POINT('Ctrl Pts',(24.5183490425445,-24.8298064838314,-13.7928265065777));
#6934=CARTESIAN_POINT('Ctrl Pts',(24.4515204903603,-25.0080676268896,-13.6681321475662));
#6935=CARTESIAN_POINT('Ctrl Pts',(24.328110865135,-25.3291095720578,-13.3410260665204));
#6936=CARTESIAN_POINT('Ctrl Pts',(24.2748235329957,-25.4626947699413,-13.1368703817631));
#6937=CARTESIAN_POINT('Ctrl Pts',(24.2046869466579,-25.6364433806355,-12.7425920486952));
#6938=CARTESIAN_POINT('Ctrl Pts',(24.1824686685965,-25.6905589212979,-12.5634695713249));
#6939=CARTESIAN_POINT('Ctrl Pts',(24.1533884537303,-25.761197134613,-12.1956947843738));
#6940=CARTESIAN_POINT('Ctrl Pts',(24.1465798327118,-25.7775767829206,-12.0081529482535));
#6941=CARTESIAN_POINT('Ctrl Pts',(24.1465798327118,-25.7775767829206,-11.8203414405228));
#6942=CARTESIAN_POINT('Ctrl Pts',(17.4428391905502,-35.1963456933012,-14.0000000019484));
#6943=CARTESIAN_POINT('Ctrl Pts',(18.2340647817166,-36.193447097267,-13.3339100456914));
#6944=CARTESIAN_POINT('Ctrl Pts',(18.8933153071127,-37.027951153954,-12.2727984194122));
#6945=CARTESIAN_POINT('Ctrl Pts',(19.3071852663274,-37.5522727020152,-10.9999999999959));
#6946=CARTESIAN_POINT('Ctrl Pts',(17.0134318156477,-35.5365093315136,-14.0161901046205));
#6947=CARTESIAN_POINT('Ctrl Pts',(17.8062431937157,-36.5418407801048,-13.353709303525));
#6948=CARTESIAN_POINT('Ctrl Pts',(18.4673486632461,-37.3829998604915,-12.2935336978521));
#6949=CARTESIAN_POINT('Ctrl Pts',(18.8838530844241,-37.9133557529253,-11.0151049353768));
#6950=CARTESIAN_POINT('Ctrl Pts',(16.1254698183342,-35.9616450616466,-13.6273317261517));
#6951=CARTESIAN_POINT('Ctrl Pts',(16.8614435729734,-36.9122808165278,-13.0100068320434));
#6952=CARTESIAN_POINT('Ctrl Pts',(17.4795652233907,-37.7116210138363,-12.0145273049827));
#6953=CARTESIAN_POINT('Ctrl Pts',(17.8678262141356,-38.2137799469822,-10.8154214643398));
#6954=CARTESIAN_POINT('Ctrl Pts',(15.5827460374585,-35.816862402703,-12.7755736858819));
#6955=CARTESIAN_POINT('Ctrl Pts',(16.2082690453061,-36.6321542192091,-12.2416999842742));
#6956=CARTESIAN_POINT('Ctrl Pts',(16.7321675418361,-37.3147730758562,-11.3874251768326));
#6957=CARTESIAN_POINT('Ctrl Pts',(17.0610770999773,-37.7434609528367,-10.361484139097));
#6958=CARTESIAN_POINT('Ctrl Pts',(15.4668245330838,-35.6657905569439,-12.4113013752969));
#6959=CARTESIAN_POINT('Ctrl Pts',(16.0470257536034,-36.4219235088785,-11.9130801442645));
#6960=CARTESIAN_POINT('Ctrl Pts',(16.5316830621508,-37.0535412105104,-11.1193910400505));
#6961=CARTESIAN_POINT('Ctrl Pts',(16.8360897362696,-37.4502517118843,-10.1673646817174));
#6962=CARTESIAN_POINT('',(16.0129555369244,-36.3775223380442,-11.820341440835));
#6963=CARTESIAN_POINT('Ctrl Pts',(17.4428391930193,-35.1963456960805,-14.));
#6964=CARTESIAN_POINT('Ctrl Pts',(17.2820217338259,-35.3392156407738,-14.000000000027));
#6965=CARTESIAN_POINT('Ctrl Pts',(17.1213812918325,-35.4782250670268,-13.9579042599039));
#6966=CARTESIAN_POINT('Ctrl Pts',(16.8088022666457,-35.742613787149,-13.7928265065776));
#6967=CARTESIAN_POINT('Ctrl Pts',(16.661796471227,-35.863578189453,-13.6681321475662));
#6968=CARTESIAN_POINT('Ctrl Pts',(16.3943996281262,-36.0799038570363,-13.3410260665204));
#6969=CARTESIAN_POINT('Ctrl Pts',(16.281458845852,-36.1689483659034,-13.1368703817631));
#6970=CARTESIAN_POINT('Ctrl Pts',(16.1338444750016,-36.2843507834679,-12.7425920486952));
#6971=CARTESIAN_POINT('Ctrl Pts',(16.0875451114409,-36.3201070773904,-12.5634695713249));
#6972=CARTESIAN_POINT('Ctrl Pts',(16.0270417999617,-36.3667414571661,-12.1956947843738));
#6973=CARTESIAN_POINT('Ctrl Pts',(16.0129555370411,-36.3775223381963,-12.0081529482535));
#6974=CARTESIAN_POINT('Ctrl Pts',(16.0129555370411,-36.3775223381963,-11.8203414405228));
#6975=CARTESIAN_POINT('',(19.3071852663274,-37.5522727020152,-10.9999999999983));
#6976=CARTESIAN_POINT('Ctrl Pts',(17.4428391905502,-35.1963456933012,-14.0000000019484));
#6977=CARTESIAN_POINT('Ctrl Pts',(18.2340647817166,-36.193447097267,-13.3339100456914));
#6978=CARTESIAN_POINT('Ctrl Pts',(18.8933153071127,-37.027951153954,-12.2727984194122));
#6979=CARTESIAN_POINT('Ctrl Pts',(19.3071852663274,-37.5522727020152,-10.9999999999959));
#6980=CARTESIAN_POINT('',(16.8360897362677,-37.4502517118818,-10.1673646817203));
#6981=CARTESIAN_POINT('Origin',(18.2591022362705,-36.3583358164022,-10.1673646817174));
#6982=CARTESIAN_POINT('Ctrl Pts',(16.0123902470272,-36.3767856379072,-11.819200812577));
#6983=CARTESIAN_POINT('Ctrl Pts',(16.3502980391402,-36.8171556462696,-11.3659719192688));
#6984=CARTESIAN_POINT('Ctrl Pts',(16.6332218697402,-37.185869160889,-10.8018302589046));
#6985=CARTESIAN_POINT('Ctrl Pts',(16.8360897362685,-37.4502517118828,-10.167364681721));
#6986=CARTESIAN_POINT('Origin',(1.72301250000086,-14.8080841045166,4.09999999997651));
#6987=CARTESIAN_POINT('',(19.3071852663067,-37.5522727019883,19.2000000000105));
#6988=CARTESIAN_POINT('',(16.5597808215959,-37.0901589235392,19.2));
#6989=CARTESIAN_POINT('Ctrl Pts',(19.3071852663103,-37.5522727019924,19.2));
#6990=CARTESIAN_POINT('Ctrl Pts',(19.2803790500888,-37.5758042141355,19.2));
#6991=CARTESIAN_POINT('Ctrl Pts',(19.2532624704571,-37.59800159701,19.2));
#6992=CARTESIAN_POINT('Ctrl Pts',(19.2262411488461,-37.6187357863329,19.2));
#6993=CARTESIAN_POINT('Ctrl Pts',(19.0576989578946,-37.7480627580631,19.2));
#6994=CARTESIAN_POINT('Ctrl Pts',(18.8271272671149,-37.856813311568,19.2));
#6995=CARTESIAN_POINT('Ctrl Pts',(18.4005857003527,-37.9596391058516,19.2));
#6996=CARTESIAN_POINT('Ctrl Pts',(18.1290724655716,-37.9657219581689,19.2));
#6997=CARTESIAN_POINT('Ctrl Pts',(17.6641496907606,-37.8866699951114,19.2));
#6998=CARTESIAN_POINT('Ctrl Pts',(17.3898349401412,-37.7799763512874,19.2));
#6999=CARTESIAN_POINT('Ctrl Pts',(16.9552173813888,-37.5137149505944,19.2));
#7000=CARTESIAN_POINT('Ctrl Pts',(16.7207469651615,-37.2999340860023,19.2));
#7001=CARTESIAN_POINT('Ctrl Pts',(16.5597808215959,-37.0901589235392,19.2));
#7002=CARTESIAN_POINT('Origin',(0.300000000000002,-15.8999999999987,4.09999999997651));
#7003=CARTESIAN_POINT('Origin',(1.80605870315667,-14.744360511586,4.09999999997651));
#7004=CARTESIAN_POINT('Origin',(0.300000000000007,-15.8999999999987,4.09999999997651));
#7005=CARTESIAN_POINT('',(21.9522727020146,-34.9071852663245,-11.0000000000007));
#7006=CARTESIAN_POINT('Origin',(0.300000000000455,-15.899999999999,-11.0000000000007));
#7007=CARTESIAN_POINT('',(21.9522727019896,-34.9071852663053,19.2000000000105));
#7008=CARTESIAN_POINT('Origin',(-0.855639488412699,-17.4060587031553,4.09999999997651));
#7009=CARTESIAN_POINT('Origin',(0.299999999999816,-15.8999999999985,19.2000000000105));
#7010=CARTESIAN_POINT('Origin',(0.300000000000002,-15.8999999999987,-7.6961682589258));
#7011=CARTESIAN_POINT('Ctrl Pts',(21.9522727020146,-34.9071852663245,-11.0000000000007));
#7012=CARTESIAN_POINT('Ctrl Pts',(21.4279510293125,-34.4933152087253,-12.2727987219824));
#7013=CARTESIAN_POINT('Ctrl Pts',(20.5934476240823,-33.8340651997505,-13.3339096929139));
#7014=CARTESIAN_POINT('Ctrl Pts',(19.596345695908,-33.0428391926163,-14.0000000002079));
#7015=CARTESIAN_POINT('Origin',(-0.791915895482062,-17.3230124999995,4.09999999997651));
#7016=CARTESIAN_POINT('Ctrl Pts',(21.4901589235405,-32.1597808215945,19.2));
#7017=CARTESIAN_POINT('Ctrl Pts',(21.6999340860037,-32.3207469651601,19.2));
#7018=CARTESIAN_POINT('Ctrl Pts',(21.9137149505957,-32.5552173813875,19.2));
#7019=CARTESIAN_POINT('Ctrl Pts',(22.1799763512887,-32.9898349401399,19.2));
#7020=CARTESIAN_POINT('Ctrl Pts',(22.2866699951127,-33.2641496907593,19.2));
#7021=CARTESIAN_POINT('Ctrl Pts',(22.3657219581703,-33.7290724655702,19.2));
#7022=CARTESIAN_POINT('Ctrl Pts',(22.359639105853,-34.0005857003514,19.2));
#7023=CARTESIAN_POINT('Ctrl Pts',(22.2568133115693,-34.4271272671135,19.2));
#7024=CARTESIAN_POINT('Ctrl Pts',(22.1480627580644,-34.6576989578932,19.2));
#7025=CARTESIAN_POINT('Ctrl Pts',(22.0187357863342,-34.8262411488448,19.2));
#7026=CARTESIAN_POINT('Ctrl Pts',(21.9980015970113,-34.8532624704557,19.2));
#7027=CARTESIAN_POINT('Ctrl Pts',(21.9758042141368,-34.8803790500874,19.2));
#7028=CARTESIAN_POINT('Ctrl Pts',(21.9522727019937,-34.907185266309,19.2));
#7029=CARTESIAN_POINT('Origin',(20.7583358164011,-33.8591022362673,-10.1673646817203));
#7030=CARTESIAN_POINT('Ctrl Pts',(21.9522727020146,-34.9071852663245,-11.0000000000007));
#7031=CARTESIAN_POINT('Ctrl Pts',(21.4279510293125,-34.4933152087253,-12.2727987219824));
#7032=CARTESIAN_POINT('Ctrl Pts',(20.5934476240823,-33.8340651997505,-13.3339096929139));
#7033=CARTESIAN_POINT('Ctrl Pts',(19.596345695908,-33.0428391926163,-14.0000000002079));
#7034=CARTESIAN_POINT('Ctrl Pts',(22.3133557529247,-34.4838530844212,-11.0151049353816));
#7035=CARTESIAN_POINT('Ctrl Pts',(21.7829997344154,-34.0673485642324,-12.2935340017608));
#7036=CARTESIAN_POINT('Ctrl Pts',(20.9418413112698,-33.4062436125897,-13.3537089526483));
#7037=CARTESIAN_POINT('Ctrl Pts',(19.9365093341393,-32.613431817716,-14.0161901028905));
#7038=CARTESIAN_POINT('Ctrl Pts',(22.613779946982,-33.4678262141328,-10.8154214643444));
#7039=CARTESIAN_POINT('Ctrl Pts',(22.1116208944636,-33.0795651310911,-12.0145275900348));
#7040=CARTESIAN_POINT('Ctrl Pts',(21.3122813187995,-32.4614439618238,-13.0100065050746));
#7041=CARTESIAN_POINT('Ctrl Pts',(20.3616450641329,-31.7254698202565,-13.6273317245385));
#7042=CARTESIAN_POINT('Ctrl Pts',(22.1434609528365,-32.6610770999747,-10.3614841391008));
#7043=CARTESIAN_POINT('Ctrl Pts',(21.7147729739489,-32.3321674636456,-11.3874254207198));
#7044=CARTESIAN_POINT('Ctrl Pts',(21.0321546499664,-31.8082693757974,-12.2416997015161));
#7045=CARTESIAN_POINT('Ctrl Pts',(20.2168624048351,-31.1827460390922,-12.7755736844867));
#7046=CARTESIAN_POINT('Ctrl Pts',(21.8502517118842,-32.4360897362672,-10.167364681721));
#7047=CARTESIAN_POINT('Ctrl Pts',(21.4535411162049,-32.1316829897852,-11.1193912663666));
#7048=CARTESIAN_POINT('Ctrl Pts',(20.8219239083771,-31.647026060147,-11.9130798803944));
#7049=CARTESIAN_POINT('Ctrl Pts',(20.0657905589211,-31.0668245345985,-12.411301373995));
#7050=CARTESIAN_POINT('Origin',(0.300000000000009,-15.8999999999987,-10.));
#7051=CARTESIAN_POINT('Ctrl Pts',(16.0129555370411,-36.3775223381963,-11.8203414405228));
#7052=CARTESIAN_POINT('Ctrl Pts',(16.0129555370411,-36.3775223381963,-12.1787412818316));
#7053=CARTESIAN_POINT('Ctrl Pts',(15.9618225651058,-36.4169944532313,-12.5078694678326));
#7054=CARTESIAN_POINT('Ctrl Pts',(15.785878012065,-36.5500377437688,-13.0490803199111));
#7055=CARTESIAN_POINT('Ctrl Pts',(15.6681697589751,-36.6384140472201,-13.2798611272958));
#7056=CARTESIAN_POINT('Ctrl Pts',(15.3817121637092,-36.8474233248306,-13.6376659455348));
#7057=CARTESIAN_POINT('Ctrl Pts',(15.2260498207548,-36.9590647859401,-13.7706326878956));
#7058=CARTESIAN_POINT('Ctrl Pts',(14.9653520523064,-37.140629616046,-13.9072911222429));
#7059=CARTESIAN_POINT('Ctrl Pts',(14.875510240397,-37.2024151184568,-13.9418709196555));
#7060=CARTESIAN_POINT('Ctrl Pts',(14.6909125759103,-37.3275500209789,-13.9882481399926));
#7061=CARTESIAN_POINT('Ctrl Pts',(14.5968011154509,-37.3904693987638,-14.0000000000015));
#7062=CARTESIAN_POINT('Ctrl Pts',(14.5019453907183,-37.4529728793828,-14.));
#7063=CARTESIAN_POINT('Ctrl Pts',(25.5825451658815,-10.702038614642,-14.0000000019484));
#7064=CARTESIAN_POINT('Ctrl Pts',(26.8416731074482,-10.5153678545504,-13.3339100456914));
#7065=CARTESIAN_POINT('Ctrl Pts',(27.8940000827984,-10.3616921804427,-12.2727984194122));
#7066=CARTESIAN_POINT('Ctrl Pts',(28.5550108427783,-10.2654310559302,-10.9999999999959));
#7067=CARTESIAN_POINT('Ctrl Pts',(25.6624318305659,-11.2439981289862,-14.0161901046205));
#7068=CARTESIAN_POINT('Ctrl Pts',(26.9294800933033,-11.0600690594656,-13.353709303525));
#7069=CARTESIAN_POINT('Ctrl Pts',(27.9884979603073,-10.9081144684647,-12.2935336978521));
#7070=CARTESIAN_POINT('Ctrl Pts',(28.6560518467909,-10.812589005153,-11.0151049353768));
#7071=CARTESIAN_POINT('Ctrl Pts',(25.5866869903795,-12.2256389173338,-13.6274225848141));
#7072=CARTESIAN_POINT('Ctrl Pts',(26.7779485811721,-12.0635848267383,-13.0100976907057));
#7073=CARTESIAN_POINT('Ctrl Pts',(27.7793081757895,-11.9279427509588,-12.0145784262866));
#7074=CARTESIAN_POINT('Ctrl Pts',(28.4083210640036,-11.8427783362483,-10.8154725856437));
#7075=CARTESIAN_POINT('Ctrl Pts',(25.1898818231504,-12.6231848933258,-12.7755736858819));
#7076=CARTESIAN_POINT('Ctrl Pts',(26.208706751666,-12.4891119861312,-12.2416999842742));
#7077=CARTESIAN_POINT('Ctrl Pts',(27.0618212708897,-12.3767120074553,-11.3874251768326));
#7078=CARTESIAN_POINT('Ctrl Pts',(27.5975306417199,-12.3062119130478,-10.361484139097));
#7079=CARTESIAN_POINT('Ctrl Pts',(25.0010890147391,-12.6480399380797,-12.4113013752969));
#7080=CARTESIAN_POINT('Ctrl Pts',(25.9460199700126,-12.5236374177703,-11.9130801442645));
#7081=CARTESIAN_POINT('Ctrl Pts',(26.7353455993796,-12.4197207272544,-11.1193910400505));
#7082=CARTESIAN_POINT('Ctrl Pts',(27.2311103085769,-12.3544520650729,-10.1673646817174));
#7083=CARTESIAN_POINT('',(25.890532319773,-12.5309425055096,-11.820341440835));
#7084=CARTESIAN_POINT('Ctrl Pts',(25.582545169523,-10.7020386138933,-14.));
#7085=CARTESIAN_POINT('Ctrl Pts',(25.625865441468,-10.9127455912735,-14.000000000027));
#7086=CARTESIAN_POINT('Ctrl Pts',(25.6659309149719,-11.1213690080415,-13.9579042599039));
#7087=CARTESIAN_POINT('Ctrl Pts',(25.7386087504784,-11.5242647446045,-13.7928265065777));
#7088=CARTESIAN_POINT('Ctrl Pts',(25.7698640981179,-11.7120576990927,-13.6681321475662));
#7089=CARTESIAN_POINT('Ctrl Pts',(25.8235092001853,-12.0517929919014,-13.3410260665204));
#7090=CARTESIAN_POINT('Ctrl Pts',(25.8441536157946,-12.1941248329077,-13.136870381763));
#7091=CARTESIAN_POINT('Ctrl Pts',(25.8702878556384,-12.3796638368101,-12.7425920486952));
#7092=CARTESIAN_POINT('Ctrl Pts',(25.8781040327401,-12.4376384087939,-12.5634695713249));
#7093=CARTESIAN_POINT('Ctrl Pts',(25.888238934576,-12.5133530034359,-12.1956947843738));
#7094=CARTESIAN_POINT('Ctrl Pts',(25.890532319963,-12.5309425054846,-12.0081529482535));
#7095=CARTESIAN_POINT('Ctrl Pts',(25.890532319963,-12.5309425054846,-11.8203414405228));
#7096=CARTESIAN_POINT('Ctrl Pts',(25.5825451658815,-10.702038614642,-14.0000000019484));
#7097=CARTESIAN_POINT('Ctrl Pts',(26.8416731074482,-10.5153678545504,-13.3339100456914));
#7098=CARTESIAN_POINT('Ctrl Pts',(27.8940000827984,-10.3616921804427,-12.2727984194122));
#7099=CARTESIAN_POINT('Ctrl Pts',(28.5550108427783,-10.2654310559302,-10.9999999999959));
#7100=CARTESIAN_POINT('Ctrl Pts',(25.8896116737947,-12.531063710852,-11.8192008125738));
#7101=CARTESIAN_POINT('Ctrl Pts',(26.439937184156,-12.4586119829269,-11.365971919266));
#7102=CARTESIAN_POINT('Ctrl Pts',(26.9007143698337,-12.3979495156011,-10.8018302589031));
#7103=CARTESIAN_POINT('Ctrl Pts',(27.231110308575,-12.3544520650731,-10.167364681721));
#7104=CARTESIAN_POINT('Origin',(0.300000000000009,-15.8999999999987,-7.6961682589258));
#7105=CARTESIAN_POINT('Ctrl Pts',(27.5868416460827,-6.65217442354866,-11.0000000000007));
#7106=CARTESIAN_POINT('Ctrl Pts',(26.9662588259851,-6.89931528306384,-12.2727987219824));
#7107=CARTESIAN_POINT('Ctrl Pts',(25.9780798681527,-7.29239142705036,-13.3339096929139));
#7108=CARTESIAN_POINT('Ctrl Pts',(24.7943070817524,-7.76029402344472,-14.0000000002079));
#7109=CARTESIAN_POINT('Ctrl Pts',(27.5868416460827,-6.65217442354866,-11.0000000000007));
#7110=CARTESIAN_POINT('Ctrl Pts',(26.9662588259851,-6.89931528306384,-12.2727987219824));
#7111=CARTESIAN_POINT('Ctrl Pts',(25.9780798681527,-7.29239142705036,-13.3339096929139));
#7112=CARTESIAN_POINT('Ctrl Pts',(24.7943070817524,-7.76029402344472,-14.0000000002079));
#7113=CARTESIAN_POINT('Ctrl Pts',(27.4007667477701,-6.12780123763283,-11.0151049353816));
#7114=CARTESIAN_POINT('Ctrl Pts',(26.7748852432408,-6.37885076261744,-12.2935340017608));
#7115=CARTESIAN_POINT('Ctrl Pts',(25.7817723489778,-6.77676284984744,-13.3537089526483));
#7116=CARTESIAN_POINT('Ctrl Pts',(24.592511205632,-7.25099998384249,-14.0161901028905));
#7117=CARTESIAN_POINT('Ctrl Pts',(26.6711533996888,-5.35945077919861,-10.8154926781948));
#7118=CARTESIAN_POINT('Ctrl Pts',(26.0838299122146,-5.60020273389908,-12.0145988038852));
#7119=CARTESIAN_POINT('Ctrl Pts',(25.1487891722328,-5.98342148401112,-13.0101330745222));
#7120=CARTESIAN_POINT('Ctrl Pts',(24.0360987417738,-6.43870955952719,-13.6274582939861));
#7121=CARTESIAN_POINT('Ctrl Pts',(25.7372490397871,-5.36354645825687,-10.3614841391008));
#7122=CARTESIAN_POINT('Ctrl Pts',(25.2380609497328,-5.57034632010601,-11.3874254207198));
#7123=CARTESIAN_POINT('Ctrl Pts',(24.4430427346709,-5.89956208583944,-12.2416997015161));
#7124=CARTESIAN_POINT('Ctrl Pts',(23.4936775118585,-6.29286421327903,-12.7755736844867));
#7125=CARTESIAN_POINT('Ctrl Pts',(25.3957996468097,-5.50497942769217,-10.167364681721));
#7126=CARTESIAN_POINT('Ctrl Pts',(24.9338203734334,-5.69633750825993,-11.1193912663666));
#7127=CARTESIAN_POINT('Ctrl Pts',(24.1982865563326,-6.00100559088712,-11.9130798803944));
#7128=CARTESIAN_POINT('Ctrl Pts',(23.3177506211651,-6.36573551739036,-12.411301373995));
#7129=CARTESIAN_POINT('',(24.1465798306825,-6.02242321791729,-11.8203414440997));
#7130=CARTESIAN_POINT('Ctrl Pts',(24.1465798327118,-6.02242321707674,-11.8203414405228));
#7131=CARTESIAN_POINT('Ctrl Pts',(24.1465798327118,-6.02242321707674,-12.178741281832));
#7132=CARTESIAN_POINT('Ctrl Pts',(24.1714727810728,-6.08203001036563,-12.507869467833));
#7133=CARTESIAN_POINT('Ctrl Pts',(24.2544449302084,-6.28641353555671,-13.0490803199111));
#7134=CARTESIAN_POINT('Ctrl Pts',(24.3093447464786,-6.42298444765256,-13.2798611272958));
#7135=CARTESIAN_POINT('Ctrl Pts',(24.4370915243875,-6.75377681870521,-13.6376659455348));
#7136=CARTESIAN_POINT('Ctrl Pts',(24.5046405159959,-6.93303003230379,-13.7706326878956));
#7137=CARTESIAN_POINT('Ctrl Pts',(24.6125451270508,-7.23183717565619,-13.9072911222429));
#7138=CARTESIAN_POINT('Ctrl Pts',(24.648972567551,-7.33460896679529,-13.9418709196555));
#7139=CARTESIAN_POINT('Ctrl Pts',(24.7220662104167,-7.5453039143754,-13.9882481399927));
#7140=CARTESIAN_POINT('Ctrl Pts',(24.7584838240638,-7.65249333785965,-14.0000000000015));
#7141=CARTESIAN_POINT('Ctrl Pts',(24.7943070821289,-7.76029402331961,-14.));
#7142=CARTESIAN_POINT('Ctrl Pts',(25.3957996468114,-5.50497942769145,-10.1673646817174));
#7143=CARTESIAN_POINT('Ctrl Pts',(25.0879197460495,-5.63250745816913,-10.8018300512605));
#7144=CARTESIAN_POINT('Ctrl Pts',(24.6585435824486,-5.81036088849236,-11.3659718348036));
#7145=CARTESIAN_POINT('Ctrl Pts',(24.1457218818101,-6.02277859197605,-11.8192007581308));
#7146=CARTESIAN_POINT('Origin',(0.300000000000009,-15.8999999999987,-10.));
#7147=CARTESIAN_POINT('Ctrl Pts',(25.890532319963,-12.5309425054846,-11.8203414405228));
#7148=CARTESIAN_POINT('Ctrl Pts',(25.890532319963,-12.5309425054846,-12.178741281832));
#7149=CARTESIAN_POINT('Ctrl Pts',(25.8991496883568,-12.5949610156692,-12.507869467833));
#7150=CARTESIAN_POINT('Ctrl Pts',(25.9263962812449,-12.8138551135286,-13.0490803199111));
#7151=CARTESIAN_POINT('Ctrl Pts',(25.9440782785814,-12.9599816026652,-13.2798611272958));
#7152=CARTESIAN_POINT('Ctrl Pts',(25.9818568249858,-13.3125657960777,-13.6376659455348));
#7153=CARTESIAN_POINT('Ctrl Pts',(26.000709994945,-13.5031940700436,-13.7706326878956));
#7154=CARTESIAN_POINT('Ctrl Pts',(26.0276008660263,-13.8197473752828,-13.9072911222429));
#7155=CARTESIAN_POINT('Ctrl Pts',(26.0361877747449,-13.9284454179238,-13.9418709196555));
#7156=CARTESIAN_POINT('Ctrl Pts',(26.0522589469858,-14.1508791361095,-13.9882481399927));
#7157=CARTESIAN_POINT('Ctrl Pts',(26.0596929963081,-14.2638417405471,-14.0000000000015));
#7158=CARTESIAN_POINT('Ctrl Pts',(26.0663947359829,-14.3772409481694,-14.));
#7159=CARTESIAN_POINT('Origin',(0.300000000000009,-15.8999999999987,-10.));
#7160=CARTESIAN_POINT('Ctrl Pts',(23.3757319311307,-4.33555065456891,-14.));
#7161=CARTESIAN_POINT('Ctrl Pts',(23.4721110792862,-4.52786585438137,-14.000000000027));
#7162=CARTESIAN_POINT('Ctrl Pts',(23.5648070684,-4.71901089301233,-13.9579042599039));
#7163=CARTESIAN_POINT('Ctrl Pts',(23.7392855565276,-5.08936788227445,-13.7928265065777));
#7164=CARTESIAN_POINT('Ctrl Pts',(23.8180802971798,-5.2626724677793,-13.6681321475662));
#7165=CARTESIAN_POINT('Ctrl Pts',(23.9578274507931,-5.57694718711356,-13.3410260665204));
#7166=CARTESIAN_POINT('Ctrl Pts',(24.0146066161757,-5.70908602031013,-13.1368703817631));
#7167=CARTESIAN_POINT('Ctrl Pts',(24.0878713812105,-5.88153889696251,-12.7425920486952));
#7168=CARTESIAN_POINT('Ctrl Pts',(24.1104261518969,-5.93551505781593,-12.5634695713249));
#7169=CARTESIAN_POINT('Ctrl Pts',(24.1398120944127,-6.00602663459226,-12.1956947843738));
#7170=CARTESIAN_POINT('Ctrl Pts',(24.1465798327118,-6.02242321707673,-12.0081529482535));
#7171=CARTESIAN_POINT('Ctrl Pts',(24.1465798327118,-6.02242321707673,-11.8203414405228));
#7172=CARTESIAN_POINT('Ctrl Pts',(26.0663947322826,-17.4227590514242,-14.0000000019484));
#7173=CARTESIAN_POINT('Ctrl Pts',(27.3309328775195,-17.5683352347369,-13.3339100456914));
#7174=CARTESIAN_POINT('Ctrl Pts',(28.387176871939,-17.6922581951396,-12.2727984194122));
#7175=CARTESIAN_POINT('Ctrl Pts',(29.0505784487853,-17.7703592626058,-10.9999999999959));
#7176=CARTESIAN_POINT('Ctrl Pts',(26.0032898808906,-17.9669279334023,-14.0161901046205));
#7177=CARTESIAN_POINT('Ctrl Pts',(27.2747688671633,-18.1172023164076,-13.353709303525));
#7178=CARTESIAN_POINT('Ctrl Pts',(28.3370303175458,-18.2445194456211,-12.2935336978521));
#7179=CARTESIAN_POINT('Ctrl Pts',(29.0065616661371,-18.3250245929942,-11.0151049353768));
#7180=CARTESIAN_POINT('Ctrl Pts',(25.6760405385378,-18.8954722424502,-13.6273773255742));
#7181=CARTESIAN_POINT('Ctrl Pts',(26.8686535599334,-19.0472611984844,-13.0100524314658));
#7182=CARTESIAN_POINT('Ctrl Pts',(27.8709750170781,-19.1754070236624,-12.0145529613359));
#7183=CARTESIAN_POINT('Ctrl Pts',(28.5005969833649,-19.2559450310975,-10.815447120693));
#7184=CARTESIAN_POINT('Ctrl Pts',(25.1898818231504,-19.1768151066716,-12.7755736858819));
#7185=CARTESIAN_POINT('Ctrl Pts',(26.208691755885,-19.3110019181317,-12.2416999842742));
#7186=CARTESIAN_POINT('Ctrl Pts',(27.0618283579357,-19.4232341610829,-11.3874251768326));
#7187=CARTESIAN_POINT('Ctrl Pts',(27.5975306417199,-19.4937880869496,-10.361484139097));
#7188=CARTESIAN_POINT('Ctrl Pts',(25.0010890147391,-19.1519600619177,-12.4113013752969));
#7189=CARTESIAN_POINT('Ctrl Pts',(25.9460199700127,-19.2763625822271,-11.9130801442645));
#7190=CARTESIAN_POINT('Ctrl Pts',(26.7353455993796,-19.380279272743,-11.1193910400505));
#7191=CARTESIAN_POINT('Ctrl Pts',(27.2311103085769,-19.4455479349245,-10.1673646817174));
#7192=CARTESIAN_POINT('',(25.890532319773,-19.2690574944878,-11.820341440835));
#7193=CARTESIAN_POINT('Ctrl Pts',(26.0663947359938,-17.4227590516435,-14.));
#7194=CARTESIAN_POINT('Ctrl Pts',(26.0537039267853,-17.6374984742927,-14.000000000027));
#7195=CARTESIAN_POINT('Ctrl Pts',(26.0384084888714,-17.8493829281114,-13.9579042599039));
#7196=CARTESIAN_POINT('Ctrl Pts',(26.0043327973727,-18.2573607333453,-13.7928265065777));
#7197=CARTESIAN_POINT('Ctrl Pts',(25.9859187517097,-18.446844277311,-13.6681321475662));
#7198=CARTESIAN_POINT('Ctrl Pts',(25.9498059771782,-18.7888877448283,-13.3410260665204));
#7199=CARTESIAN_POINT('Ctrl Pts',(25.9329087602069,-18.9317129138943,-13.1368703817631));
#7200=CARTESIAN_POINT('Ctrl Pts',(25.9101314696032,-19.1176938685483,-12.7425920486952));
#7201=CARTESIAN_POINT('Ctrl Pts',(25.9026763935675,-19.1757159803894,-12.5634695713249));
#7202=CARTESIAN_POINT('Ctrl Pts',(25.8928695779121,-19.2514737683965,-12.1956947843738));
#7203=CARTESIAN_POINT('Ctrl Pts',(25.890532319963,-19.2690574945128,-12.0081529482535));
#7204=CARTESIAN_POINT('Ctrl Pts',(25.890532319963,-19.2690574945128,-11.8203414405228));
#7205=CARTESIAN_POINT('Ctrl Pts',(26.0663947322826,-17.4227590514242,-14.0000000019484));
#7206=CARTESIAN_POINT('Ctrl Pts',(27.3309328775195,-17.5683352347369,-13.3339100456914));
#7207=CARTESIAN_POINT('Ctrl Pts',(28.387176871939,-17.6922581951396,-12.2727984194122));
#7208=CARTESIAN_POINT('Ctrl Pts',(29.0505784487853,-17.7703592626058,-10.9999999999959));
#7209=CARTESIAN_POINT('Ctrl Pts',(25.8896116737924,-19.268936289145,-11.8192008125756));
#7210=CARTESIAN_POINT('Ctrl Pts',(26.4399371841548,-19.3413880170703,-11.3659719192676));
#7211=CARTESIAN_POINT('Ctrl Pts',(26.9007143698333,-19.4020504843962,-10.801830258904));
#7212=CARTESIAN_POINT('Ctrl Pts',(27.231110308575,-19.4455479349242,-10.167364681721));
#7213=CARTESIAN_POINT('Origin',(0.534120654283083,-14.1216770773541,4.09999999997651));
#7214=CARTESIAN_POINT('Origin',(0.547783803003527,-14.017895159268,4.09999999997651));
#7215=CARTESIAN_POINT('Origin',(0.300000000000006,-15.8999999999987,4.09999999997651));
#7216=CARTESIAN_POINT('Origin',(0.300000000000007,-15.8999999999987,4.09999999997651));
#7217=CARTESIAN_POINT('Origin',(0.299999999999733,-15.8999999999987,19.2000000000105));
#7218=CARTESIAN_POINT('Origin',(0.300000000000007,-15.8999999999987,-7.6961682589258));
#7219=CARTESIAN_POINT('Ctrl Pts',(29.0505784487829,-14.0296407373918,-11.0000000000007));
#7220=CARTESIAN_POINT('Ctrl Pts',(28.3871767142337,-14.1077418234241,-12.2727987219824));
#7221=CARTESIAN_POINT('Ctrl Pts',(27.3309335456288,-14.2316646883422,-13.3339096929139));
#7222=CARTESIAN_POINT('Ctrl Pts',(26.0663947355868,-14.3772409481928,-14.0000000002079));
#7223=CARTESIAN_POINT('Ctrl Pts',(29.0505784487829,-14.0296407373918,-11.0000000000007));
#7224=CARTESIAN_POINT('Ctrl Pts',(28.3871767142337,-14.1077418234241,-12.2727987219824));
#7225=CARTESIAN_POINT('Ctrl Pts',(27.3309335456288,-14.2316646883422,-13.3339096929139));
#7226=CARTESIAN_POINT('Ctrl Pts',(26.0663947355868,-14.3772409481928,-14.0000000002079));
#7227=CARTESIAN_POINT('Ctrl Pts',(29.0065616661347,-13.4749754070034,-11.0151049353816));
#7228=CARTESIAN_POINT('Ctrl Pts',(28.3370301583833,-13.5554805735141,-12.2935340017608));
#7229=CARTESIAN_POINT('Ctrl Pts',(27.2747695389423,-13.68279760419,-13.3537089526483));
#7230=CARTESIAN_POINT('Ctrl Pts',(26.0032898842098,-13.8330720662028,-14.0161901028905));
#7231=CARTESIAN_POINT('Ctrl Pts',(28.5006186699398,-12.5440301722294,-10.8154601139146));
#7232=CARTESIAN_POINT('Ctrl Pts',(27.8709965539802,-12.6245681988098,-12.014566239605));
#7233=CARTESIAN_POINT('Ctrl Pts',(26.868663432288,-12.7527164374584,-13.0100751975372));
#7234=CARTESIAN_POINT('Ctrl Pts',(25.6760497838913,-12.9045054732947,-13.627400417001));
#7235=CARTESIAN_POINT('Ctrl Pts',(27.5975306417179,-12.3062119130481,-10.3614841391008));
#7236=CARTESIAN_POINT('Ctrl Pts',(27.0618282305874,-12.3767658556867,-11.3874254207198));
#7237=CARTESIAN_POINT('Ctrl Pts',(26.208692294169,-12.4889980109688,-12.2416997015161));
#7238=CARTESIAN_POINT('Ctrl Pts',(25.1898818258131,-12.6231848929753,-12.7755736844867));
#7239=CARTESIAN_POINT('Ctrl Pts',(27.231110308575,-12.3544520650731,-10.167364681721));
#7240=CARTESIAN_POINT('Ctrl Pts',(26.7353454815253,-12.4197207427702,-11.1193912663666));
#7241=CARTESIAN_POINT('Ctrl Pts',(25.9460204692599,-12.5236373520431,-11.9130798803944));
#7242=CARTESIAN_POINT('Ctrl Pts',(25.0010890172082,-12.6480399377546,-12.411301373995));
#7243=CARTESIAN_POINT('Origin',(0.300000000000009,-15.8999999999987,-10.));
#7244=CARTESIAN_POINT('Ctrl Pts',(25.890532319963,-19.2690574945128,-11.8203414405228));
#7245=CARTESIAN_POINT('Ctrl Pts',(25.890532319963,-19.2690574945128,-12.1787412818317));
#7246=CARTESIAN_POINT('Ctrl Pts',(25.8822868489743,-19.3331249659195,-12.5078694678327));
#7247=CARTESIAN_POINT('Ctrl Pts',(25.8519510753368,-19.5516123654179,-13.0490803199111));
#7248=CARTESIAN_POINT('Ctrl Pts',(25.831210254842,-19.697336152846,-13.2798611272958));
#7249=CARTESIAN_POINT('Ctrl Pts',(25.7764460242364,-20.0476841385101,-13.6376659455348));
#7250=CARTESIAN_POINT('Ctrl Pts',(25.74531856017,-20.2366964710007,-13.7706326878956));
#7251=CARTESIAN_POINT('Ctrl Pts',(25.6893631228528,-20.5494233535036,-13.9072911222429));
#7252=CARTESIAN_POINT('Ctrl Pts',(25.6695243161512,-20.6566400556726,-13.9418709196555));
#7253=CARTESIAN_POINT('Ctrl Pts',(25.627477793938,-20.8756540541588,-13.9882481399927));
#7254=CARTESIAN_POINT('Ctrl Pts',(25.6054216607595,-20.9866916247368,-14.0000000000015));
#7255=CARTESIAN_POINT('Ctrl Pts',(25.5825451695602,-21.097961385923,-14.));
#7256=CARTESIAN_POINT('Ctrl Pts',(23.375731927807,-4.33555065623456,-14.0000000019484));
#7257=CARTESIAN_POINT('Ctrl Pts',(24.543642177293,-3.82935425655087,-13.3339100456914));
#7258=CARTESIAN_POINT('Ctrl Pts',(25.5203377892564,-3.40855269116206,-12.2727984194122));
#7259=CARTESIAN_POINT('Ctrl Pts',(26.1339109414491,-3.14448941122731,-10.9999999999959));
#7260=CARTESIAN_POINT('Ctrl Pts',(23.5931659643886,-4.83836715767263,-14.0161901046205));
#7261=CARTESIAN_POINT('Ctrl Pts',(24.7694362583814,-4.33276909775683,-13.353709303525));
#7262=CARTESIAN_POINT('Ctrl Pts',(25.7530402244804,-3.91189824080146,-12.2935336978521));
#7263=CARTESIAN_POINT('Ctrl Pts',(26.3731239546771,-3.64685206926627,-11.0151049353768));
#7264=CARTESIAN_POINT('Ctrl Pts',(23.7741255123562,-5.80620657132361,-13.6274902670054));
#7265=CARTESIAN_POINT('Ctrl Pts',(24.8828531637861,-5.34135315256538,-13.0101653728971));
#7266=CARTESIAN_POINT('Ctrl Pts',(25.8150207735275,-4.9511501761188,-12.0146165074313));
#7267=CARTESIAN_POINT('Ctrl Pts',(26.4005583948301,-4.70608715338432,-10.8155106667884));
#7268=CARTESIAN_POINT('Ctrl Pts',(23.4936775093772,-6.2928642143068,-12.7755736858819));
#7269=CARTESIAN_POINT('Ctrl Pts',(24.4430861984834,-5.89966843551684,-12.2416999842742));
#7270=CARTESIAN_POINT('Ctrl Pts',(25.2380402902332,-5.57029610801086,-11.3874251768326));
#7271=CARTESIAN_POINT('Ctrl Pts',(25.737249039789,-5.36354645825609,-10.361484139097));
#7272=CARTESIAN_POINT('Ctrl Pts',(23.3177506188643,-6.36573551834339,-12.4113013752969));
#7273=CARTESIAN_POINT('Ctrl Pts',(24.1982860911082,-6.00100578358936,-11.9130801442645));
#7274=CARTESIAN_POINT('Ctrl Pts',(24.9338204832561,-5.69633746276985,-11.1193910400505));
#7275=CARTESIAN_POINT('Ctrl Pts',(25.3957996468114,-5.50497942769145,-10.1673646817174));
#7276=CARTESIAN_POINT('Ctrl Pts',(23.375731927807,-4.33555065623456,-14.0000000019484));
#7277=CARTESIAN_POINT('Ctrl Pts',(24.543642177293,-3.82935425655087,-13.3339100456914));
#7278=CARTESIAN_POINT('Ctrl Pts',(25.5203377892564,-3.40855269116206,-12.2727984194122));
#7279=CARTESIAN_POINT('Ctrl Pts',(26.1339109414491,-3.14448941122731,-10.9999999999959));
#7280=CARTESIAN_POINT('Origin',(0.30000000000001,-15.8999999999987,-7.6961682589258));
#7281=CARTESIAN_POINT('Ctrl Pts',(24.26355167884,0.0950678600138181,-11.0000000000007));
#7282=CARTESIAN_POINT('Ctrl Pts',(23.7280794668218,-0.304270531827879,-12.2727987219824));
#7283=CARTESIAN_POINT('Ctrl Pts',(22.8753074826953,-0.939712465259158,-13.3339096929139));
#7284=CARTESIAN_POINT('Ctrl Pts',(21.8529728790529,-1.69805460949865,-14.0000000002079));
#7285=CARTESIAN_POINT('Ctrl Pts',(24.26355167884,0.0950678600138181,-11.0000000000007));
#7286=CARTESIAN_POINT('Ctrl Pts',(23.7280794668218,-0.304270531827879,-12.2727987219824));
#7287=CARTESIAN_POINT('Ctrl Pts',(22.8753074826953,-0.939712465259158,-13.3339096929139));
#7288=CARTESIAN_POINT('Ctrl Pts',(21.8529728790529,-1.69805460949865,-14.0000000002079));
#7289=CARTESIAN_POINT('Ctrl Pts',(23.9480993616795,0.553413735404571,-11.0151049353816));
#7290=CARTESIAN_POINT('Ctrl Pts',(23.4085206505881,0.148928462194748,-12.2935340017608));
#7291=CARTESIAN_POINT('Ctrl Pts',(22.5522344840503,-0.492461630425463,-13.3537089526483));
#7292=CARTESIAN_POINT('Ctrl Pts',(21.5262380336633,-1.25834295943488,-14.0161901028905));
#7293=CARTESIAN_POINT('Ctrl Pts',(23.0445070978762,1.10686618692438,-10.8155412171103));
#7294=CARTESIAN_POINT('Ctrl Pts',(22.5395073639609,0.722307151955262,-12.0146473428007));
#7295=CARTESIAN_POINT('Ctrl Pts',(21.7354761089281,0.110108538900296,-13.0102193434668));
#7296=CARTESIAN_POINT('Ctrl Pts',(20.7785369104347,-0.617651446348233,-13.6275445629307));
#7297=CARTESIAN_POINT('Ctrl Pts',(22.1434609528365,0.86107709997738,-10.3614841391008));
#7298=CARTESIAN_POINT('Ctrl Pts',(21.7148060272483,0.532124387749883,-11.3874254207198));
#7299=CARTESIAN_POINT('Ctrl Pts',(21.0320847110695,0.00836052194498976,
-12.2416997015161));
#7300=CARTESIAN_POINT('Ctrl Pts',(20.2168624048351,-0.617253960905191,-12.7755736844867));
#7301=CARTESIAN_POINT('Ctrl Pts',(21.8502517118842,0.636089736269825,-10.167364681721));
#7302=CARTESIAN_POINT('Ctrl Pts',(21.4535411162049,0.331682989787896,-11.1193912663666));
#7303=CARTESIAN_POINT('Ctrl Pts',(20.821923908377,-0.152973939850308,-11.9130798803944));
#7304=CARTESIAN_POINT('Ctrl Pts',(20.0657905589211,-0.733175465398803,-12.411301373995));
#7305=CARTESIAN_POINT('',(20.7775223364551,-0.187044464294748,-11.8203414440997));
#7306=CARTESIAN_POINT('Ctrl Pts',(20.7775223381977,-0.1870444629576,-11.8203414405228));
#7307=CARTESIAN_POINT('Ctrl Pts',(20.7775223381977,-0.1870444629576,-12.1787412818316));
#7308=CARTESIAN_POINT('Ctrl Pts',(20.8169944532326,-0.238177434892918,-12.5078694678326));
#7309=CARTESIAN_POINT('Ctrl Pts',(20.9500377437701,-0.414121987933713,-13.0490803199111));
#7310=CARTESIAN_POINT('Ctrl Pts',(21.0384140472215,-0.531830241023585,-13.2798611272958));
#7311=CARTESIAN_POINT('Ctrl Pts',(21.2474233248319,-0.81828783628943,-13.6376659455348));
#7312=CARTESIAN_POINT('Ctrl Pts',(21.3590647859414,-0.973950179243879,-13.7706326878956));
#7313=CARTESIAN_POINT('Ctrl Pts',(21.5406296160473,-1.23464794769226,-13.9072911222429));
#7314=CARTESIAN_POINT('Ctrl Pts',(21.6024151184581,-1.32448975960171,-13.9418709196555));
#7315=CARTESIAN_POINT('Ctrl Pts',(21.7275500209803,-1.5090874240884,-13.9882481399927));
#7316=CARTESIAN_POINT('Ctrl Pts',(21.7904693987651,-1.60319888454781,-14.0000000000015));
#7317=CARTESIAN_POINT('Ctrl Pts',(21.8529728793841,-1.69805460928037,-14.));
#7318=CARTESIAN_POINT('Ctrl Pts',(21.8502517118856,0.636089736270946,-10.1673646817174));
#7319=CARTESIAN_POINT('Ctrl Pts',(21.5858692474171,0.43322193613584,-10.8018300512588));
#7320=CARTESIAN_POINT('Ctrl Pts',(21.2171555768077,0.150297985840492,-11.3659718348007));
#7321=CARTESIAN_POINT('Ctrl Pts',(20.7767855990596,-0.187609782781355,-11.8192007581273));
#7322=CARTESIAN_POINT('Origin',(0.300000000000009,-15.8999999999987,-10.));
#7323=CARTESIAN_POINT('Ctrl Pts',(19.5963456960818,1.24283919302062,-14.));
#7324=CARTESIAN_POINT('Ctrl Pts',(19.7392156407751,1.08202173382722,-14.000000000027));
#7325=CARTESIAN_POINT('Ctrl Pts',(19.8782250670282,0.921381291833828,-13.9579042599039));
#7326=CARTESIAN_POINT('Ctrl Pts',(20.1426137871503,0.608802266647022,-13.7928265065777));
#7327=CARTESIAN_POINT('Ctrl Pts',(20.2635781894543,0.461796471228273,-13.6681321475662));
#7328=CARTESIAN_POINT('Ctrl Pts',(20.4799038570377,0.194399628127515,-13.3410260665204));
#7329=CARTESIAN_POINT('Ctrl Pts',(20.5689483659048,0.0814588458532874,-13.136870381763));
#7330=CARTESIAN_POINT('Ctrl Pts',(20.6843507834693,-0.066155524997096,-12.7425920486952));
#7331=CARTESIAN_POINT('Ctrl Pts',(20.7201070773917,-0.112454888557783,-12.5634695713249));
#7332=CARTESIAN_POINT('Ctrl Pts',(20.7667414571674,-0.172958200037039,-12.1956947843738));
#7333=CARTESIAN_POINT('Ctrl Pts',(20.7775223381977,-0.187044462957602,-12.0081529482535));
#7334=CARTESIAN_POINT('Ctrl Pts',(20.7775223381977,-0.187044462957602,-11.8203414405228));
#7335=CARTESIAN_POINT('Origin',(-1.12301250000084,-16.9919158954807,4.09999999997651));
#7336=CARTESIAN_POINT('',(-18.7071852663067,5.75227270199092,19.2000000000105));
#7337=CARTESIAN_POINT('',(-15.9597808215958,5.29015892354187,19.2));
#7338=CARTESIAN_POINT('Ctrl Pts',(-18.7071852663103,5.75227270199505,19.2));
#7339=CARTESIAN_POINT('Ctrl Pts',(-18.6803790500887,5.77580421413812,19.2));
#7340=CARTESIAN_POINT('Ctrl Pts',(-18.653262470457,5.79800159701262,19.2));
#7341=CARTESIAN_POINT('Ctrl Pts',(-18.6262411488461,5.81873578633553,19.2));
#7342=CARTESIAN_POINT('Ctrl Pts',(-18.4576989578946,5.94806275806577,19.2));
#7343=CARTESIAN_POINT('Ctrl Pts',(-18.2271272671148,6.05681331157061,19.2));
#7344=CARTESIAN_POINT('Ctrl Pts',(-17.8005857003527,6.15963910585428,19.2));
#7345=CARTESIAN_POINT('Ctrl Pts',(-17.5290724655715,6.16572195817159,19.2));
#7346=CARTESIAN_POINT('Ctrl Pts',(-17.0641496907606,6.08666999511405,19.2));
#7347=CARTESIAN_POINT('Ctrl Pts',(-16.7898349401412,5.97997635129005,19.2));
#7348=CARTESIAN_POINT('Ctrl Pts',(-16.3552173813888,5.71371495059704,19.2));
#7349=CARTESIAN_POINT('Ctrl Pts',(-16.1207469651614,5.49993408600497,19.2));
#7350=CARTESIAN_POINT('Ctrl Pts',(-15.9597808215958,5.29015892354186,19.2));
#7351=CARTESIAN_POINT('Origin',(0.300000000000014,-15.8999999999987,4.09999999997651));
#7352=CARTESIAN_POINT('Origin',(-1.20605870315665,-17.0556394884114,4.09999999997651));
#7353=CARTESIAN_POINT('Origin',(0.300000000000009,-15.8999999999987,4.09999999997651));
#7354=CARTESIAN_POINT('',(-21.3522727019896,3.107185266308,19.2000000000105));
#7355=CARTESIAN_POINT('Origin',(1.45563948841272,-14.393941296842,4.09999999997651));
#7356=CARTESIAN_POINT('Origin',(0.300000000000198,-15.8999999999989,19.2000000000105));
#7357=CARTESIAN_POINT('Origin',(1.39191589548208,-14.4769874999978,4.09999999997651));
#7358=CARTESIAN_POINT('Ctrl Pts',(-20.8901589235405,0.359780821597182,19.2));
#7359=CARTESIAN_POINT('Ctrl Pts',(-21.0999340860036,0.520746965162795,19.2));
#7360=CARTESIAN_POINT('Ctrl Pts',(-21.3137149505957,0.755217381390154,19.2));
#7361=CARTESIAN_POINT('Ctrl Pts',(-21.5799763512887,1.18983494014256,19.2));
#7362=CARTESIAN_POINT('Ctrl Pts',(-21.6866699951127,1.46414969076192,19.2));
#7363=CARTESIAN_POINT('Ctrl Pts',(-21.7657219581702,1.92907246557288,19.2));
#7364=CARTESIAN_POINT('Ctrl Pts',(-21.7596391058529,2.20058570035403,19.2));
#7365=CARTESIAN_POINT('Ctrl Pts',(-21.6568133115693,2.62712726711616,19.2));
#7366=CARTESIAN_POINT('Ctrl Pts',(-21.5480627580644,2.8576989578959,19.2));
#7367=CARTESIAN_POINT('Ctrl Pts',(-21.4187357863342,3.02624114884746,19.2));
#7368=CARTESIAN_POINT('Ctrl Pts',(-21.3980015970113,3.05326247045837,19.2));
#7369=CARTESIAN_POINT('Ctrl Pts',(-21.3758042141368,3.08037905009007,19.2));
#7370=CARTESIAN_POINT('Ctrl Pts',(-21.3522727019937,3.10718526631162,19.2));
#7371=CARTESIAN_POINT('Ctrl Pts',(-21.2529728763815,-1.69805461148021,-14.0000000019484));
#7372=CARTESIAN_POINT('Ctrl Pts',(-22.2753069425548,-0.939712865926935,
-13.3339100456914));
#7373=CARTESIAN_POINT('Ctrl Pts',(-23.1280795941154,-0.304270436896281,
-12.2727984194122));
#7374=CARTESIAN_POINT('Ctrl Pts',(-23.6635516788419,0.0950678600153047,
-10.9999999999959));
#7375=CARTESIAN_POINT('Ctrl Pts',(-20.9262380309849,-1.25834296143413,-14.0161901046205));
#7376=CARTESIAN_POINT('Ctrl Pts',(-21.9522339419725,-0.492462035077254,
-13.353709303525));
#7377=CARTESIAN_POINT('Ctrl Pts',(-22.8085207788579,0.148928558349871,-12.2935336978521));
#7378=CARTESIAN_POINT('Ctrl Pts',(-23.3480993616815,0.553413735406075,-11.0151049353768));
#7379=CARTESIAN_POINT('Ctrl Pts',(-20.1785359717462,-0.617644311944852,
-13.6275514542773));
#7380=CARTESIAN_POINT('Ctrl Pts',(-21.1354746671418,0.11011529069254,-13.010226560169));
#7381=CARTESIAN_POINT('Ctrl Pts',(-21.9395093882955,0.722316885294216,-12.0146509342327));
#7382=CARTESIAN_POINT('Ctrl Pts',(-22.444509002163,1.10687582884655,-10.8155450935897));
#7383=CARTESIAN_POINT('Ctrl Pts',(-19.6168624027043,-0.617253962540144,
-12.7755736858819));
#7384=CARTESIAN_POINT('Ctrl Pts',(-20.4320842803503,0.00836019140449056,
-12.2416999842742));
#7385=CARTESIAN_POINT('Ctrl Pts',(-21.114806129149,0.532124465949245,-11.3874251768327));
#7386=CARTESIAN_POINT('Ctrl Pts',(-21.5434609528381,0.861077099978607,-10.361484139097));
#7387=CARTESIAN_POINT('Ctrl Pts',(-19.4657905569453,-0.733175466914874,
-12.4113013752969));
#7388=CARTESIAN_POINT('Ctrl Pts',(-20.2219235088798,-0.152974246395326,
-11.9130801442645));
#7389=CARTESIAN_POINT('Ctrl Pts',(-20.8535412105118,0.331683062152139,-11.1193910400505));
#7390=CARTESIAN_POINT('Ctrl Pts',(-21.2502517118856,0.636089736270961,-10.1673646817174));
#7391=CARTESIAN_POINT('',(-23.6635516788419,0.0950678600153032,-10.9999999999983));
#7392=CARTESIAN_POINT('Ctrl Pts',(-21.2529728763815,-1.69805461148021,-14.0000000019484));
#7393=CARTESIAN_POINT('Ctrl Pts',(-22.2753069425548,-0.939712865926935,
-13.3339100456914));
#7394=CARTESIAN_POINT('Ctrl Pts',(-23.1280795941154,-0.304270436896281,
-12.2727984194122));
#7395=CARTESIAN_POINT('Ctrl Pts',(-23.6635516788419,0.0950678600153047,
-10.9999999999959));
#7396=CARTESIAN_POINT('Origin',(-22.3421676073677,-0.786922763729896,-10.1673646817174));
#7397=CARTESIAN_POINT('Origin',(-0.791915895482056,-17.3230124999995,4.09999999997651));
#7398=CARTESIAN_POINT('Origin',(-0.855639488412692,-17.4060587031553,4.09999999997651));
#7399=CARTESIAN_POINT('Origin',(0.300000000000008,-15.8999999999987,4.09999999997651));
#7400=CARTESIAN_POINT('',(-25.5339109414468,-3.14448941122828,-11.0000000000007));
#7401=CARTESIAN_POINT('Origin',(0.299999999999478,-15.8999999999984,-11.0000000000007));
#7402=CARTESIAN_POINT('',(-25.5339109414177,-3.14448941124032,19.2000000000105));
#7403=CARTESIAN_POINT('Origin',(1.02646535231798,-14.1461574938385,4.09999999997651));
#7404=CARTESIAN_POINT('Origin',(0.300000000000241,-15.8999999999988,19.2000000000105));
#7405=CARTESIAN_POINT('Origin',(0.30000000000001,-15.8999999999987,-7.6961682589258));
#7406=CARTESIAN_POINT('Ctrl Pts',(-25.5339109414468,-3.14448941122828,-11.0000000000007));
#7407=CARTESIAN_POINT('Ctrl Pts',(-24.9203376433964,-3.40855275393576,-12.2727987219824));
#7408=CARTESIAN_POINT('Ctrl Pts',(-23.9436427943517,-3.82935398910936,-13.3339096929139));
#7409=CARTESIAN_POINT('Ctrl Pts',(-22.7757319308588,-4.33555065491186,-14.0000000002079));
#7410=CARTESIAN_POINT('Origin',(0.98640702716252,-14.2428668457147,4.09999999997651));
#7411=CARTESIAN_POINT('',(-24.3764627132393,-5.67867447278098,19.2));
#7412=CARTESIAN_POINT('Ctrl Pts',(-24.3764627132393,-5.67867447278097,19.2));
#7413=CARTESIAN_POINT('Ctrl Pts',(-24.6207510639479,-5.57748692478771,19.2));
#7414=CARTESIAN_POINT('Ctrl Pts',(-24.8879329314565,-5.40633645348787,19.2));
#7415=CARTESIAN_POINT('Ctrl Pts',(-25.2576089964709,-5.05544165040525,19.2));
#7416=CARTESIAN_POINT('Ctrl Pts',(-25.4316650243542,-4.818088295263,19.2));
#7417=CARTESIAN_POINT('Ctrl Pts',(-25.6283542257133,-4.38946753343514,19.2));
#7418=CARTESIAN_POINT('Ctrl Pts',(-25.6927514377213,-4.12563152975248,19.2));
#7419=CARTESIAN_POINT('Ctrl Pts',(-25.7038264284199,-3.68701074054272,19.2));
#7420=CARTESIAN_POINT('Ctrl Pts',(-25.6584578050016,-3.43614887519494,19.2));
#7421=CARTESIAN_POINT('Ctrl Pts',(-25.5771594718932,-3.23987733680626,19.2));
#7422=CARTESIAN_POINT('Ctrl Pts',(-25.5641254155958,-3.2084103413203,19.2));
#7423=CARTESIAN_POINT('Ctrl Pts',(-25.549702677448,-3.17647263129406,19.2));
#7424=CARTESIAN_POINT('Ctrl Pts',(-25.5339109414226,-3.14448941123788,19.2));
#7425=CARTESIAN_POINT('',(-24.7957996468114,-5.50497942769145,-10.1673646817174));
#7426=CARTESIAN_POINT('Origin',(-24.109392619646,-3.84784627340871,-10.1673646817203));
#7427=CARTESIAN_POINT('Origin',(0.300000000000009,-15.8999999999987,4.09999999997651));
#7428=CARTESIAN_POINT('Ctrl Pts',(-25.5339109414468,-3.14448941122828,-11.0000000000007));
#7429=CARTESIAN_POINT('Ctrl Pts',(-24.9203376433964,-3.40855275393576,-12.2727987219824));
#7430=CARTESIAN_POINT('Ctrl Pts',(-23.9436427943517,-3.82935398910936,-13.3339096929139));
#7431=CARTESIAN_POINT('Ctrl Pts',(-22.7757319308588,-4.33555065491186,-14.0000000002079));
#7432=CARTESIAN_POINT('Ctrl Pts',(-25.7731239546748,-3.64685206926724,-11.0151049353816));
#7433=CARTESIAN_POINT('Ctrl Pts',(-25.1530400770726,-3.91189830380882,-12.2935340017607));
#7434=CARTESIAN_POINT('Ctrl Pts',(-24.169436879859,-4.33276883062959,-13.3537089526483));
#7435=CARTESIAN_POINT('Ctrl Pts',(-22.9931659674592,-4.83836715635269,-14.0161901028905));
#7436=CARTESIAN_POINT('Ctrl Pts',(-25.8005659590735,-4.7060897325653,-10.8155138189923));
#7437=CARTESIAN_POINT('Ctrl Pts',(-25.2150281985778,-4.9511528135558,-12.0146199446827));
#7438=CARTESIAN_POINT('Ctrl Pts',(-24.2828583944552,-5.34135646771624,-13.0101706483797));
#7439=CARTESIAN_POINT('Ctrl Pts',(-23.1741301601255,-5.80621013086439,-13.6274958678436));
#7440=CARTESIAN_POINT('Ctrl Pts',(-25.1372490397871,-5.36354645825685,-10.3614841391008));
#7441=CARTESIAN_POINT('Ctrl Pts',(-24.6380401715602,-5.57029615715984,-11.3874254207198));
#7442=CARTESIAN_POINT('Ctrl Pts',(-23.8430867000994,-5.89966822777334,-12.2416997015161));
#7443=CARTESIAN_POINT('Ctrl Pts',(-22.8936775118585,-6.29286421327901,-12.7755736844867));
#7444=CARTESIAN_POINT('Ctrl Pts',(-24.7957996468097,-5.50497942769215,-10.167364681721));
#7445=CARTESIAN_POINT('Ctrl Pts',(-24.3338203734333,-5.69633750825991,-11.1193912663666));
#7446=CARTESIAN_POINT('Ctrl Pts',(-23.5982865563326,-6.0010055908871,-11.9130798803944));
#7447=CARTESIAN_POINT('Ctrl Pts',(-22.7177506211651,-6.36573551739034,-12.411301373995));
#7448=CARTESIAN_POINT('',(-23.5465798306824,-6.02242321791729,-11.8203414440997));
#7449=CARTESIAN_POINT('Ctrl Pts',(-23.5465798327117,-6.02242321707673,-11.8203414405228));
#7450=CARTESIAN_POINT('Ctrl Pts',(-23.5465798327117,-6.02242321707673,-12.178741281832));
#7451=CARTESIAN_POINT('Ctrl Pts',(-23.5220334375622,-5.96267287674756,-12.507869467833));
#7452=CARTESIAN_POINT('Ctrl Pts',(-23.4361826302402,-5.75948173081871,-13.0490803199111));
#7453=CARTESIAN_POINT('Ctrl Pts',(-23.3784324445549,-5.62409148039236,-13.2798611272958));
#7454=CARTESIAN_POINT('Ctrl Pts',(-23.2348575287529,-5.29985533872215,-13.6376659455348));
#7455=CARTESIAN_POINT('Ctrl Pts',(-23.1558707158965,-5.12533982580848,-13.7706326878956));
#7456=CARTESIAN_POINT('Ctrl Pts',(-23.0208822407632,-4.83775118627879,-13.9072911222429));
#7457=CARTESIAN_POINT('Ctrl Pts',(-22.9739697005331,-4.73932246565071,-13.9418709196555));
#7458=CARTESIAN_POINT('Ctrl Pts',(-22.8766708848694,-4.53865362892311,-13.9882481399927));
#7459=CARTESIAN_POINT('Ctrl Pts',(-22.8266276582167,-4.43710811914141,-14.0000000000015));
#7460=CARTESIAN_POINT('Ctrl Pts',(-22.7757319312134,-4.33555065473411,-14.));
#7461=CARTESIAN_POINT('Ctrl Pts',(-24.7957996468114,-5.50497942769145,-10.1673646817174));
#7462=CARTESIAN_POINT('Ctrl Pts',(-24.4879197460492,-5.63250745816925,-10.8018300512611));
#7463=CARTESIAN_POINT('Ctrl Pts',(-24.0585435824477,-5.81036088849272,-11.3659718348047));
#7464=CARTESIAN_POINT('Ctrl Pts',(-23.5457218818085,-6.02277859197669,-11.8192007581322));
#7465=CARTESIAN_POINT('Origin',(0.300000000000009,-15.8999999999987,-10.));
#7466=CARTESIAN_POINT('Ctrl Pts',(-24.1943070821871,-7.76029402349496,-14.));
#7467=CARTESIAN_POINT('Ctrl Pts',(-24.1264700495002,-7.55615629235659,-14.000000000027));
#7468=CARTESIAN_POINT('Ctrl Pts',(-24.0568560589853,-7.35545037685928,-13.9579042599039));
#7469=CARTESIAN_POINT('Ctrl Pts',(-23.9183490425444,-6.97019351616598,-13.7928265065777));
#7470=CARTESIAN_POINT('Ctrl Pts',(-23.8515204903603,-6.79193237310776,-13.6681321475662));
#7471=CARTESIAN_POINT('Ctrl Pts',(-23.7281108651349,-6.47089042793958,-13.3410260665204));
#7472=CARTESIAN_POINT('Ctrl Pts',(-23.6748235329957,-6.33730523005607,-13.1368703817631));
#7473=CARTESIAN_POINT('Ctrl Pts',(-23.6046869466579,-6.16355661936185,-12.7425920486952));
#7474=CARTESIAN_POINT('Ctrl Pts',(-23.5824686685965,-6.10944107869949,-12.5634695713249));
#7475=CARTESIAN_POINT('Ctrl Pts',(-23.5533884537302,-6.03880286538435,-12.1956947843738));
#7476=CARTESIAN_POINT('Ctrl Pts',(-23.5465798327117,-6.02242321707673,-12.0081529482535));
#7477=CARTESIAN_POINT('Ctrl Pts',(-23.5465798327117,-6.02242321707673,-11.8203414405228));
#7478=CARTESIAN_POINT('Ctrl Pts',(-4.89796138535665,9.38254516588283,-14.0000000019484));
#7479=CARTESIAN_POINT('Ctrl Pts',(-5.08463214544826,10.6416731074496,-13.3339100456914));
#7480=CARTESIAN_POINT('Ctrl Pts',(-5.238307819556,11.6940000827998,-12.2727984194122));
#7481=CARTESIAN_POINT('Ctrl Pts',(-5.33456894406852,12.3550108427796,-10.9999999999959));
#7482=CARTESIAN_POINT('Ctrl Pts',(-4.35600187101248,9.46243183056726,-14.0161901046205));
#7483=CARTESIAN_POINT('Ctrl Pts',(-4.53993094053311,10.7294800933047,-13.353709303525));
#7484=CARTESIAN_POINT('Ctrl Pts',(-4.69188553153394,11.7884979603087,-12.2935336978521));
#7485=CARTESIAN_POINT('Ctrl Pts',(-4.78741099484569,12.4560518467922,-11.0151049353769));
#7486=CARTESIAN_POINT('Ctrl Pts',(-3.3741625997473,9.38683943618061,-13.6276621550543));
#7487=CARTESIAN_POINT('Ctrl Pts',(-3.53621669034281,10.5781010269732,-13.010337260946));
#7488=CARTESIAN_POINT('Ctrl Pts',(-3.67186699944168,11.5795920688389,-12.0147132196319));
#7489=CARTESIAN_POINT('Ctrl Pts',(-3.75703141415225,12.2086049570531,-10.815607378989));
#7490=CARTESIAN_POINT('Ctrl Pts',(-2.97681510667287,8.98988182315173,-12.7755736858819));
#7491=CARTESIAN_POINT('Ctrl Pts',(-3.11088801386744,10.0087067516674,-12.2416999842742));
#7492=CARTESIAN_POINT('Ctrl Pts',(-3.22328799254337,10.861821270891,-11.3874251768326));
#7493=CARTESIAN_POINT('Ctrl Pts',(-3.29378808695088,11.3975306417212,-10.361484139097));
#7494=CARTESIAN_POINT('Ctrl Pts',(-2.95196006191898,8.8010890147404,-12.4113013752969));
#7495=CARTESIAN_POINT('Ctrl Pts',(-3.07636258222839,9.74601997001398,-11.9130801442645));
#7496=CARTESIAN_POINT('Ctrl Pts',(-3.18027927274429,10.5353455993809,-11.1193910400505));
#7497=CARTESIAN_POINT('Ctrl Pts',(-3.2455479349258,11.0311103085782,-10.1673646817174));
#7498=CARTESIAN_POINT('',(-3.06905749448907,9.69053231977427,-11.820341440835));
#7499=CARTESIAN_POINT('Ctrl Pts',(-4.89796138610533,9.38254516952433,-14.));
#7500=CARTESIAN_POINT('Ctrl Pts',(-4.68725440872513,9.42586544146932,-14.000000000027));
#7501=CARTESIAN_POINT('Ctrl Pts',(-4.47863099195718,9.46593091497324,-13.9579042599039));
#7502=CARTESIAN_POINT('Ctrl Pts',(-4.07573525539412,9.5386087504797,-13.7928265065777));
#7503=CARTESIAN_POINT('Ctrl Pts',(-3.88794230090596,9.56986409811918,-13.6681321475662));
#7504=CARTESIAN_POINT('Ctrl Pts',(-3.54820700809727,9.62350920018662,-13.3410260665204));
#7505=CARTESIAN_POINT('Ctrl Pts',(-3.40587516709096,9.6441536157959,-13.1368703817631));
#7506=CARTESIAN_POINT('Ctrl Pts',(-3.2203361631886,9.67028785563972,-12.7425920486952));
#7507=CARTESIAN_POINT('Ctrl Pts',(-3.16236159120478,9.6781040327414,-12.5634695713249));
#7508=CARTESIAN_POINT('Ctrl Pts',(-3.0866469965628,9.68823893457728,-12.1956947843738));
#7509=CARTESIAN_POINT('Ctrl Pts',(-3.0690574945141,9.69053231996434,-12.0081529482535));
#7510=CARTESIAN_POINT('Ctrl Pts',(-3.0690574945141,9.69053231996434,-11.8203414405228));
#7511=CARTESIAN_POINT('',(-5.33456894406852,12.3550108427796,-10.9999999999983));
#7512=CARTESIAN_POINT('Ctrl Pts',(-4.89796138535665,9.38254516588283,-14.0000000019484));
#7513=CARTESIAN_POINT('Ctrl Pts',(-5.08463214544826,10.6416731074496,-13.3339100456914));
#7514=CARTESIAN_POINT('Ctrl Pts',(-5.238307819556,11.6940000827998,-12.2727984194122));
#7515=CARTESIAN_POINT('Ctrl Pts',(-5.33456894406852,12.3550108427796,-10.9999999999959));
#7516=CARTESIAN_POINT('',(-3.24554793492538,11.0311103085751,-10.1673646817203));
#7517=CARTESIAN_POINT('Origin',(-5.02387085757038,10.7969896542951,-10.1673646817174));
#7518=CARTESIAN_POINT('Ctrl Pts',(-3.06893628914912,9.68961167381491,-11.8192008125582));
#7519=CARTESIAN_POINT('Ctrl Pts',(-3.14138801707315,10.2399371841679,-11.3659719192531));
#7520=CARTESIAN_POINT('Ctrl Pts',(-3.20205048439802,10.7007143698388,-10.8018302588958));
#7521=CARTESIAN_POINT('Ctrl Pts',(-3.24554793492554,11.0311103085763,-10.167364681721));
#7522=CARTESIAN_POINT('Origin',(-1.47832292264456,-16.1341206542817,4.09999999997651));
#7523=CARTESIAN_POINT('',(-5.33456894406406,12.355010842746,19.2000000000105));
#7524=CARTESIAN_POINT('',(-3.18630378969873,10.5811063488149,19.2));
#7525=CARTESIAN_POINT('Ctrl Pts',(-5.33456894406514,12.3550108427514,19.2));
#7526=CARTESIAN_POINT('Ctrl Pts',(-5.2995883237664,12.3619866219459,19.2));
#7527=CARTESIAN_POINT('Ctrl Pts',(-5.26500598550435,12.3676518295969,19.2));
#7528=CARTESIAN_POINT('Ctrl Pts',(-5.23123773988402,12.372097503472,19.2));
#7529=CARTESIAN_POINT('Ctrl Pts',(-5.02061243504537,12.3998268509091,19.2));
#7530=CARTESIAN_POINT('Ctrl Pts',(-4.76655621668416,12.3787217475301,19.2));
#7531=CARTESIAN_POINT('Ctrl Pts',(-4.3457474869563,12.254500714163,19.2));
#7532=CARTESIAN_POINT('Ctrl Pts',(-4.10756870201348,12.1240120014067,19.2));
#7533=CARTESIAN_POINT('Ctrl Pts',(-3.744459749758,11.8230896057743,19.2));
#7534=CARTESIAN_POINT('Ctrl Pts',(-3.56024302900084,11.5935328244907,19.2));
#7535=CARTESIAN_POINT('Ctrl Pts',(-3.316983882537,11.1456349080671,19.2));
#7536=CARTESIAN_POINT('Ctrl Pts',(-3.22081697794422,10.8432600403737,19.2));
#7537=CARTESIAN_POINT('Ctrl Pts',(-3.18630378969874,10.5811063488149,19.2));
#7538=CARTESIAN_POINT('Origin',(0.300000000000014,-15.8999999999987,4.09999999997651));
#7539=CARTESIAN_POINT('Origin',(-1.58210484073066,-16.1477838030022,4.09999999997651));
#7540=CARTESIAN_POINT('Origin',(0.300000000000009,-15.8999999999987,4.09999999997651));
#7541=CARTESIAN_POINT('',(-8.94782557645,11.3868416460841,-11.0000000000007));
#7542=CARTESIAN_POINT('Origin',(0.299999999999803,-15.8999999999981,-11.0000000000007));
#7543=CARTESIAN_POINT('',(-8.94782557643797,11.386841646055,19.2000000000105));
#7544=CARTESIAN_POINT('Origin',(2.0538425061602,-15.1735346476807,4.09999999997651));
#7545=CARTESIAN_POINT('Origin',(0.300000000000071,-15.8999999999989,19.2000000000105));
#7546=CARTESIAN_POINT('Origin',(0.300000000000011,-15.8999999999987,-7.6961682589258));
#7547=CARTESIAN_POINT('Ctrl Pts',(-8.94782557645001,11.386841646084,-11.0000000000007));
#7548=CARTESIAN_POINT('Ctrl Pts',(-8.70068471693483,10.7662588259864,-12.2727987219824));
#7549=CARTESIAN_POINT('Ctrl Pts',(-8.30760857294831,9.77807986815399,-13.3339096929139));
#7550=CARTESIAN_POINT('Ctrl Pts',(-7.83970597655395,8.59430708175371,-14.0000000002079));
#7551=CARTESIAN_POINT('Origin',(1.95713315428394,-15.2135929728362,4.09999999997651));
#7552=CARTESIAN_POINT('',(-9.92132552721768,8.77646271324061,19.2));
#7553=CARTESIAN_POINT('Ctrl Pts',(-9.92132552721768,8.77646271324061,19.2));
#7554=CARTESIAN_POINT('Ctrl Pts',(-10.0225130752109,9.0207510639492,19.2));
#7555=CARTESIAN_POINT('Ctrl Pts',(-10.090417526677,9.33069883313403,19.2));
#7556=CARTESIAN_POINT('Ctrl Pts',(-10.1036978843482,9.8402193802909,19.2));
#7557=CARTESIAN_POINT('Ctrl Pts',(-10.0589399150124,10.1311297448721,19.2));
#7558=CARTESIAN_POINT('Ctrl Pts',(-9.89493953583377,10.5732906601851,19.2));
#7559=CARTESIAN_POINT('Ctrl Pts',(-9.75391501380894,10.8053865928106,19.2));
#7560=CARTESIAN_POINT('Ctrl Pts',(-9.4515944804139,11.1233695282548,19.2));
#7561=CARTESIAN_POINT('Ctrl Pts',(-9.24212789301321,11.2686751931111,19.2));
#7562=CARTESIAN_POINT('Ctrl Pts',(-9.04585635462453,11.3499735262196,19.2));
#7563=CARTESIAN_POINT('Ctrl Pts',(-9.01438935913857,11.363007582517,19.2));
#7564=CARTESIAN_POINT('Ctrl Pts',(-8.98160757185587,11.3753925379045,19.2));
#7565=CARTESIAN_POINT('Ctrl Pts',(-8.94782557643973,11.3868416460602,19.2));
#7566=CARTESIAN_POINT('',(-10.0950205723072,9.19579964681276,-10.1673646817174));
#7567=CARTESIAN_POINT('Origin',(-8.43788741802209,9.88220667397238,-10.1673646817203));
#7568=CARTESIAN_POINT('Origin',(0.300000000000011,-15.8999999999987,4.09999999997651));
#7569=CARTESIAN_POINT('Ctrl Pts',(-8.94782557645001,11.386841646084,-11.0000000000007));
#7570=CARTESIAN_POINT('Ctrl Pts',(-8.70068471693483,10.7662588259864,-12.2727987219824));
#7571=CARTESIAN_POINT('Ctrl Pts',(-8.30760857294831,9.77807986815399,-13.3339096929139));
#7572=CARTESIAN_POINT('Ctrl Pts',(-7.83970597655395,8.59430708175371,-14.0000000002079));
#7573=CARTESIAN_POINT('Ctrl Pts',(-9.47219876236585,11.2007667477714,-11.0151049353816));
#7574=CARTESIAN_POINT('Ctrl Pts',(-9.22114923738124,10.5748852432422,-12.2935340017608));
#7575=CARTESIAN_POINT('Ctrl Pts',(-8.82323715015123,9.5817723489791,-13.3537089526483));
#7576=CARTESIAN_POINT('Ctrl Pts',(-8.34900001615618,8.39251120563332,-14.0161901028905));
#7577=CARTESIAN_POINT('Ctrl Pts',(-10.2407557948577,10.4712549221186,-10.8155834643916));
#7578=CARTESIAN_POINT('Ctrl Pts',(-10.0000038401572,9.88393143464438,-12.014689590082));
#7579=CARTESIAN_POINT('Ctrl Pts',(-9.61674562616567,8.94881125058517,-13.0102944301954));
#7580=CARTESIAN_POINT('Ctrl Pts',(-9.16145755064961,7.83612082012618,-13.6276196496593));
#7581=CARTESIAN_POINT('Ctrl Pts',(-10.2364535417418,9.53724903978844,-10.3614841391008));
#7582=CARTESIAN_POINT('Ctrl Pts',(-10.0296536798927,9.03806094973414,-11.3874254207198));
#7583=CARTESIAN_POINT('Ctrl Pts',(-9.70043791415924,8.24304273467219,-12.2416997015161));
#7584=CARTESIAN_POINT('Ctrl Pts',(-9.30713578671964,7.29367751185982,-12.7755736844867));
#7585=CARTESIAN_POINT('Ctrl Pts',(-10.0950205723065,9.19579964681104,-10.167364681721));
#7586=CARTESIAN_POINT('Ctrl Pts',(-9.90366249173874,8.73382037343467,-11.1193912663666));
#7587=CARTESIAN_POINT('Ctrl Pts',(-9.59899440911155,7.99828655633391,-11.9130798803944));
#7588=CARTESIAN_POINT('Ctrl Pts',(-9.23426448260831,7.11775062116644,-12.411301373995));
#7589=CARTESIAN_POINT('',(-9.57757678208136,7.94657983068378,-11.8203414440997));
#7590=CARTESIAN_POINT('Ctrl Pts',(-9.57757678292193,7.94657983271308,-11.8203414405228));
#7591=CARTESIAN_POINT('Ctrl Pts',(-9.57757678292193,7.94657983271308,-12.1787412818317));
#7592=CARTESIAN_POINT('Ctrl Pts',(-9.51796998963312,7.97147278107408,-12.5078694678327));
#7593=CARTESIAN_POINT('Ctrl Pts',(-9.31358646444196,8.05444493020972,-13.0490803199111));
#7594=CARTESIAN_POINT('Ctrl Pts',(-9.17701555234612,8.10934474647991,-13.2798611272958));
#7595=CARTESIAN_POINT('Ctrl Pts',(-8.84622318129346,8.2370915243888,-13.6376659455348));
#7596=CARTESIAN_POINT('Ctrl Pts',(-8.66696996769488,8.30464051599723,-13.7706326878956));
#7597=CARTESIAN_POINT('Ctrl Pts',(-8.36816282434243,8.41254512705212,-13.9072911222429));
#7598=CARTESIAN_POINT('Ctrl Pts',(-8.26539103320336,8.4489725675523,-13.9418709196555));
#7599=CARTESIAN_POINT('Ctrl Pts',(-8.05469608562327,8.52206621041798,-13.9882481399927));
#7600=CARTESIAN_POINT('Ctrl Pts',(-7.94750666213902,8.5584838240651,-14.0000000000015));
#7601=CARTESIAN_POINT('Ctrl Pts',(-7.83970597667906,8.59430708213019,-14.));
#7602=CARTESIAN_POINT('Ctrl Pts',(-10.0950205723072,9.19579964681275,-10.1673646817174));
#7603=CARTESIAN_POINT('Ctrl Pts',(-9.96749254183001,8.88791974605199,-10.8018300512581));
#7604=CARTESIAN_POINT('Ctrl Pts',(-9.78963911150765,8.45854358245316,-11.3659718347993));
#7605=CARTESIAN_POINT('Ctrl Pts',(-9.57722140802504,7.94572188181728,-11.8192007581256));
#7606=CARTESIAN_POINT('Origin',(0.300000000000009,-15.8999999999987,-10.));
#7607=CARTESIAN_POINT('Ctrl Pts',(-3.06905749451409,9.69053231996434,-11.8203414405228));
#7608=CARTESIAN_POINT('Ctrl Pts',(-3.06905749451409,9.69053231996434,-12.1787412818317));
#7609=CARTESIAN_POINT('Ctrl Pts',(-3.00503898432959,9.69914968835808,-12.5078694678327));
#7610=CARTESIAN_POINT('Ctrl Pts',(-2.78614488647004,9.72639628124624,-13.0490803199111));
#7611=CARTESIAN_POINT('Ctrl Pts',(-2.64001839733345,9.74407827858272,-13.2798611272958));
#7612=CARTESIAN_POINT('Ctrl Pts',(-2.287434203921,9.78185682498708,-13.6376659455348));
#7613=CARTESIAN_POINT('Ctrl Pts',(-2.09680592995508,9.8007099949463,-13.7706326878956));
#7614=CARTESIAN_POINT('Ctrl Pts',(-1.78025262471594,9.82760086602761,-13.9072911222429));
#7615=CARTESIAN_POINT('Ctrl Pts',(-1.67155458207492,9.83618777474624,-13.9418709196555));
#7616=CARTESIAN_POINT('Ctrl Pts',(-1.4491208638891,9.85225894698715,-13.9882481399927));
#7617=CARTESIAN_POINT('Ctrl Pts',(-1.33615825945158,9.85969299630944,-14.0000000000015));
#7618=CARTESIAN_POINT('Ctrl Pts',(-1.22275905182928,9.86639473598418,-14.));
#7619=CARTESIAN_POINT('Origin',(0.300000000000009,-15.8999999999987,-10.));
#7620=CARTESIAN_POINT('Ctrl Pts',(-11.2644493454297,7.17573193113197,-14.));
#7621=CARTESIAN_POINT('Ctrl Pts',(-11.0721341456173,7.27211107928749,-14.000000000027));
#7622=CARTESIAN_POINT('Ctrl Pts',(-10.8809891069863,7.36480706840133,-13.9579042599039));
#7623=CARTESIAN_POINT('Ctrl Pts',(-10.5106321177242,7.53928555652893,-13.7928265065777));
#7624=CARTESIAN_POINT('Ctrl Pts',(-10.3373275322194,7.61808029718115,-13.6681321475662));
#7625=CARTESIAN_POINT('Ctrl Pts',(-10.0230528128851,7.75782745079437,-13.3410260665204));
#7626=CARTESIAN_POINT('Ctrl Pts',(-9.89091397968852,7.81460661617697,-13.1368703817631));
#7627=CARTESIAN_POINT('Ctrl Pts',(-9.71846110303615,7.88787138121183,-12.7425920486952));
#7628=CARTESIAN_POINT('Ctrl Pts',(-9.66448494218272,7.91042615189827,-12.5634695713249));
#7629=CARTESIAN_POINT('Ctrl Pts',(-9.5939733654064,7.93981209441401,-12.1956947843738));
#7630=CARTESIAN_POINT('Ctrl Pts',(-9.57757678292193,7.94657983271308,-12.0081529482535));
#7631=CARTESIAN_POINT('Ctrl Pts',(-9.57757678292193,7.94657983271308,-11.8203414405228));
#7632=CARTESIAN_POINT('Ctrl Pts',(1.82275905142551,9.86639473228389,-14.0000000019484));
#7633=CARTESIAN_POINT('Ctrl Pts',(1.96833523473822,11.1309328775208,-13.3339100456914));
#7634=CARTESIAN_POINT('Ctrl Pts',(2.09225819514094,12.1871768719403,-12.2727984194122));
#7635=CARTESIAN_POINT('Ctrl Pts',(2.17035926260714,12.8505784487867,-10.9999999999959));
#7636=CARTESIAN_POINT('Ctrl Pts',(2.36692793340368,9.8032898808919,-14.0161901046205));
#7637=CARTESIAN_POINT('Ctrl Pts',(2.51720231640889,11.0747688671646,-13.353709303525));
#7638=CARTESIAN_POINT('Ctrl Pts',(2.64451944562248,12.1370303175471,-12.2935336978521));
#7639=CARTESIAN_POINT('Ctrl Pts',(2.72502459299557,12.8065616661385,-11.0151049353768));
#7640=CARTESIAN_POINT('Ctrl Pts',(3.29578359838807,9.47616967351347,-13.6276999876526));
#7641=CARTESIAN_POINT('Ctrl Pts',(3.44757255442232,10.6687826949091,-13.0103750935442));
#7642=CARTESIAN_POINT('Ctrl Pts',(3.57575348931974,11.6712780276839,-12.0147345060091));
#7643=CARTESIAN_POINT('Ctrl Pts',(3.65629149675478,12.3008999939707,-10.8156286653661));
#7644=CARTESIAN_POINT('Ctrl Pts',(3.57681510667289,8.98988182315173,-12.7755736858819));
#7645=CARTESIAN_POINT('Ctrl Pts',(3.71100191813306,10.0086917558863,-12.2416999842742));
#7646=CARTESIAN_POINT('Ctrl Pts',(3.82323416108419,10.861828357937,-11.3874251768326));
#7647=CARTESIAN_POINT('Ctrl Pts',(3.8937880869509,11.3975306417212,-10.361484139097));
#7648=CARTESIAN_POINT('Ctrl Pts',(3.551960061919,8.8010890147404,-12.4113013752969));
#7649=CARTESIAN_POINT('Ctrl Pts',(3.67636258222841,9.74601997001397,-11.9130801442645));
#7650=CARTESIAN_POINT('Ctrl Pts',(3.78027927274431,10.5353455993809,-11.1193910400505));
#7651=CARTESIAN_POINT('Ctrl Pts',(3.84554793492582,11.0311103085782,-10.1673646817174));
#7652=CARTESIAN_POINT('',(3.6690574944891,9.69053231977427,-11.820341440835));
#7653=CARTESIAN_POINT('Ctrl Pts',(1.82275905164484,9.86639473599508,-14.));
#7654=CARTESIAN_POINT('Ctrl Pts',(2.03749847429407,9.85370392678664,-14.000000000027));
#7655=CARTESIAN_POINT('Ctrl Pts',(2.24938292811276,9.83840848887266,-13.9579042599039));
#7656=CARTESIAN_POINT('Ctrl Pts',(2.65736073334667,9.80433279737402,-13.7928265065777));
#7657=CARTESIAN_POINT('Ctrl Pts',(2.84684427731231,9.78591875171102,-13.6681321475662));
#7658=CARTESIAN_POINT('Ctrl Pts',(3.18888774482963,9.7498059771795,-13.3410260665204));
#7659=CARTESIAN_POINT('Ctrl Pts',(3.33171291389559,9.73290876020823,-13.136870381763));
#7660=CARTESIAN_POINT('Ctrl Pts',(3.51769386854967,9.71013146960452,-12.7425920486952));
#7661=CARTESIAN_POINT('Ctrl Pts',(3.57571598039071,9.7026763935688,-12.5634695713249));
#7662=CARTESIAN_POINT('Ctrl Pts',(3.65147376839779,9.69286957791342,-12.1956947843738));
#7663=CARTESIAN_POINT('Ctrl Pts',(3.66905749451412,9.69053231996434,-12.0081529482535));
#7664=CARTESIAN_POINT('Ctrl Pts',(3.66905749451412,9.69053231996434,-11.8203414405228));
#7665=CARTESIAN_POINT('',(2.17035926260714,12.8505784487867,-10.9999999999983));
#7666=CARTESIAN_POINT('Ctrl Pts',(1.82275905142551,9.86639473228389,-14.0000000019484));
#7667=CARTESIAN_POINT('Ctrl Pts',(1.96833523473822,11.1309328775208,-13.3339100456914));
#7668=CARTESIAN_POINT('Ctrl Pts',(2.09225819514094,12.1871768719403,-12.2727984194122));
#7669=CARTESIAN_POINT('Ctrl Pts',(2.17035926260714,12.8505784487867,-10.9999999999959));
#7670=CARTESIAN_POINT('',(3.84554793492541,11.0311103085751,-10.1673646817203));
#7671=CARTESIAN_POINT('Origin',(2.06722501228124,11.2652309628613,-10.1673646817174));
#7672=CARTESIAN_POINT('Ctrl Pts',(3.66893628914868,9.68961167381132,-11.8192008125611));
#7673=CARTESIAN_POINT('Ctrl Pts',(3.74138801707292,10.2399371841659,-11.3659719192556));
#7674=CARTESIAN_POINT('Ctrl Pts',(3.80205048439795,10.7007143698381,-10.8018302588972));
#7675=CARTESIAN_POINT('Ctrl Pts',(3.84554793492558,11.0311103085763,-10.167364681721));
#7676=CARTESIAN_POINT('Origin',(-1.47832292264456,-15.6658793457156,4.09999999997651));
#7677=CARTESIAN_POINT('',(2.17035926260274,12.850578448753,19.2000000000105));
#7678=CARTESIAN_POINT('',(3.78630378969876,10.5811063488149,19.2));
#7679=CARTESIAN_POINT('Ctrl Pts',(2.1703592626031,12.8505784487585,19.2));
#7680=CARTESIAN_POINT('Ctrl Pts',(2.20595341167925,12.8482628832982,19.2));
#7681=CARTESIAN_POINT('Ctrl Pts',(2.24082364897456,12.8447844859132,19.2));
#7682=CARTESIAN_POINT('Ctrl Pts',(2.27459189459489,12.8403388120382,19.2));
#7683=CARTESIAN_POINT('Ctrl Pts',(2.48521719943355,12.812609464601,19.2));
#7684=CARTESIAN_POINT('Ctrl Pts',(2.72515425937462,12.7264689123421,19.2));
#7685=CARTESIAN_POINT('Ctrl Pts',(3.09947351010893,12.4975672944455,19.2));
#7686=CARTESIAN_POINT('Ctrl Pts',(3.29576358572711,12.3098796710724,19.2));
#7687=CARTESIAN_POINT('Ctrl Pts',(3.56861545337991,11.9252314451314,19.2));
#7688=CARTESIAN_POINT('Ctrl Pts',(3.68714147466491,11.6558178257315,19.2));
#7689=CARTESIAN_POINT('Ctrl Pts',(3.80618725568321,11.1602215607167,19.2));
#7690=CARTESIAN_POINT('Ctrl Pts',(3.82081697794424,10.8432600403737,19.2));
#7691=CARTESIAN_POINT('Ctrl Pts',(3.78630378969876,10.5811063488149,19.2));
#7692=CARTESIAN_POINT('Origin',(0.300000000000014,-15.8999999999987,4.09999999997651));
#7693=CARTESIAN_POINT('Origin',(-1.58210484073066,-15.6522161969952,4.09999999997651));
#7694=CARTESIAN_POINT('Origin',(0.300000000000009,-15.8999999999987,4.09999999997651));
#7695=CARTESIAN_POINT('',(-1.57035926260682,12.8505784487842,-11.0000000000007));
#7696=CARTESIAN_POINT('Origin',(0.299999999999951,-15.8999999999981,-11.0000000000007));
#7697=CARTESIAN_POINT('',(-1.57035926260272,12.850578448753,19.2000000000105));
#7698=CARTESIAN_POINT('Origin',(2.18210484073069,-15.6522161969952,4.09999999997651));
#7699=CARTESIAN_POINT('Origin',(0.3,-15.8999999999989,19.2000000000105));
#7700=CARTESIAN_POINT('Origin',(0.300000000000014,-15.8999999999987,-7.6961682589258));
#7701=CARTESIAN_POINT('Ctrl Pts',(-1.57035926260683,12.8505784487842,-11.0000000000007));
#7702=CARTESIAN_POINT('Ctrl Pts',(-1.49225817657455,12.187176714235,-12.2727987219824));
#7703=CARTESIAN_POINT('Ctrl Pts',(-1.36833531165643,11.1309335456301,-13.3339096929139));
#7704=CARTESIAN_POINT('Ctrl Pts',(-1.22275905180588,9.86639473558815,-14.0000000002079));
#7705=CARTESIAN_POINT('Origin',(2.07832292264459,-15.6658793457156,4.09999999997651));
#7706=CARTESIAN_POINT('Ctrl Pts',(-3.18630378969873,10.5811063488149,19.2));
#7707=CARTESIAN_POINT('Ctrl Pts',(-3.22081697794421,10.8432600403737,19.2));
#7708=CARTESIAN_POINT('Ctrl Pts',(-3.20618725568319,11.1602215607167,19.2));
#7709=CARTESIAN_POINT('Ctrl Pts',(-3.08714147466488,11.6558178257315,19.2));
#7710=CARTESIAN_POINT('Ctrl Pts',(-2.96861545337989,11.9252314451314,19.2));
#7711=CARTESIAN_POINT('Ctrl Pts',(-2.69576358572708,12.3098796710724,19.2));
#7712=CARTESIAN_POINT('Ctrl Pts',(-2.49947351010891,12.4975672944455,19.2));
#7713=CARTESIAN_POINT('Ctrl Pts',(-2.1251542593746,12.7264689123421,19.2));
#7714=CARTESIAN_POINT('Ctrl Pts',(-1.88521719943352,12.812609464601,19.2));
#7715=CARTESIAN_POINT('Ctrl Pts',(-1.67459189459487,12.8403388120382,19.2));
#7716=CARTESIAN_POINT('Ctrl Pts',(-1.64082364897454,12.8447844859132,19.2));
#7717=CARTESIAN_POINT('Ctrl Pts',(-1.60595341167922,12.8482628832982,19.2));
#7718=CARTESIAN_POINT('Ctrl Pts',(-1.57035926260307,12.8505784487585,19.2));
#7719=CARTESIAN_POINT('Origin',(-1.46722501228081,11.2652309628582,-10.1673646817203));
#7720=CARTESIAN_POINT('Ctrl Pts',(-1.57035926260683,12.8505784487842,-11.0000000000007));
#7721=CARTESIAN_POINT('Ctrl Pts',(-1.49225817657455,12.187176714235,-12.2727987219824));
#7722=CARTESIAN_POINT('Ctrl Pts',(-1.36833531165643,11.1309335456301,-13.3339096929139));
#7723=CARTESIAN_POINT('Ctrl Pts',(-1.22275905180588,9.86639473558815,-14.0000000002079));
#7724=CARTESIAN_POINT('Ctrl Pts',(-2.12502459299524,12.806561666136,-11.0151049353816));
#7725=CARTESIAN_POINT('Ctrl Pts',(-2.04451942648459,12.1370301583846,-12.2935340017607));
#7726=CARTESIAN_POINT('Ctrl Pts',(-1.9172023958087,11.0747695389436,-13.3537089526483));
#7727=CARTESIAN_POINT('Ctrl Pts',(-1.76692793379586,9.80328988421108,-14.0161901028905));
#7728=CARTESIAN_POINT('Ctrl Pts',(-3.05630365338035,12.3009106258636,-10.8156350353257));
#7729=CARTESIAN_POINT('Ctrl Pts',(-2.97576562679993,11.671288509904,-12.0147411610161));
#7730=CARTESIAN_POINT('Ctrl Pts',(-2.84758355933356,10.6687878560556,-13.0103860879923));
#7731=CARTESIAN_POINT('Ctrl Pts',(-2.69579452349725,9.47617420765889,-13.6277113074561));
#7732=CARTESIAN_POINT('Ctrl Pts',(-3.2937880869506,11.3975306417192,-10.3614841391008));
#7733=CARTESIAN_POINT('Ctrl Pts',(-3.22323414431192,10.8618282305887,-11.3874254207198));
#7734=CARTESIAN_POINT('Ctrl Pts',(-3.11100198902991,10.0086922941703,-12.2416997015161));
#7735=CARTESIAN_POINT('Ctrl Pts',(-2.97681510702341,8.98988182581446,-12.7755736844867));
#7736=CARTESIAN_POINT('Ctrl Pts',(-3.24554793492554,11.0311103085763,-10.167364681721));
#7737=CARTESIAN_POINT('Ctrl Pts',(-3.18027925722847,10.5353454815267,-11.1193912663666));
#7738=CARTESIAN_POINT('Ctrl Pts',(-3.07636264795553,9.74602046926125,-11.9130798803944));
#7739=CARTESIAN_POINT('Ctrl Pts',(-2.95196006224404,8.80108901720952,-12.411301373995));
#7740=CARTESIAN_POINT('Origin',(0.300000000000009,-15.8999999999987,-10.));
#7741=CARTESIAN_POINT('Ctrl Pts',(3.66905749451412,9.69053231996434,-11.8203414405228));
#7742=CARTESIAN_POINT('Ctrl Pts',(3.66905749451412,9.69053231996434,-12.178741281832));
#7743=CARTESIAN_POINT('Ctrl Pts',(3.73312496592093,9.68228684897565,-12.5078694678329));
#7744=CARTESIAN_POINT('Ctrl Pts',(3.95161236541924,9.65195107533813,-13.0490803199111));
#7745=CARTESIAN_POINT('Ctrl Pts',(4.09733615284735,9.6312102548433,-13.2798611272958));
#7746=CARTESIAN_POINT('Ctrl Pts',(4.44768413851147,9.57644602423768,-13.6376659455348));
#7747=CARTESIAN_POINT('Ctrl Pts',(4.63669647100205,9.5453185601713,-13.7706326878956));
#7748=CARTESIAN_POINT('Ctrl Pts',(4.94942335350499,9.48936312285409,-13.9072911222429));
#7749=CARTESIAN_POINT('Ctrl Pts',(5.05664005567395,9.46952431615256,-13.9418709196555));
#7750=CARTESIAN_POINT('Ctrl Pts',(5.27565405416017,9.42747779393934,-13.9882481399927));
#7751=CARTESIAN_POINT('Ctrl Pts',(5.3866916247381,9.40542166076084,-14.0000000000015));
#7752=CARTESIAN_POINT('Ctrl Pts',(5.49796138592434,9.38254516956155,-14.));
#7753=CARTESIAN_POINT('Ctrl Pts',(-24.1943070786592,-7.76029402466734,-14.0000000019484));
#7754=CARTESIAN_POINT('Ctrl Pts',(-25.3780792427166,-7.29239167426706,-13.3339100456914));
#7755=CARTESIAN_POINT('Ctrl Pts',(-26.3662589735113,-6.89931522431296,-12.2727984194122));
#7756=CARTESIAN_POINT('Ctrl Pts',(-26.986841646085,-6.65217442354773,-10.9999999999959));
#7757=CARTESIAN_POINT('Ctrl Pts',(-23.9925112025274,-7.25099998508039,-14.0161901046205));
#7758=CARTESIAN_POINT('Ctrl Pts',(-25.1817717206393,-6.77676310041099,-13.353709303525));
#7759=CARTESIAN_POINT('Ctrl Pts',(-26.1748853920267,-6.37885070293738,-12.2935336978521));
#7760=CARTESIAN_POINT('Ctrl Pts',(-26.8007667477724,-6.12780123763188,-11.0151049353768));
#7761=CARTESIAN_POINT('Ctrl Pts',(-23.4360994103382,-6.43870447836568,-13.6274632029383));
#7762=CARTESIAN_POINT('Ctrl Pts',(-24.548789255815,-5.98341664221229,-13.01013830883));
#7763=CARTESIAN_POINT('Ctrl Pts',(-25.4838331394541,-5.60019639409338,-12.01460127993));
#7764=CARTESIAN_POINT('Ctrl Pts',(-26.0711564873107,-5.3594444966241,-10.8154954392871));
#7765=CARTESIAN_POINT('Ctrl Pts',(-22.8936775093772,-6.29286421430679,-12.7755736858819));
#7766=CARTESIAN_POINT('Ctrl Pts',(-23.8430422330779,-5.8995622936387,-12.2416999842742));
#7767=CARTESIAN_POINT('Ctrl Pts',(-24.6380610684009,-5.57034627094508,-11.3874251768326));
#7768=CARTESIAN_POINT('Ctrl Pts',(-25.137249039789,-5.36354645825609,-10.361484139097));
#7769=CARTESIAN_POINT('Ctrl Pts',(-22.7177506188642,-6.36573551834339,-12.4113013752969));
#7770=CARTESIAN_POINT('Ctrl Pts',(-23.5982860911082,-6.00100578358936,-11.9130801442645));
#7771=CARTESIAN_POINT('Ctrl Pts',(-24.3338204832561,-5.69633746276985,-11.1193910400505));
#7772=CARTESIAN_POINT('Ctrl Pts',(-24.7957996468114,-5.50497942769145,-10.1673646817174));
#7773=CARTESIAN_POINT('',(-26.986841646085,-6.65217442354773,-10.9999999999983));
#7774=CARTESIAN_POINT('Ctrl Pts',(-24.1943070786592,-7.76029402466734,-14.0000000019484));
#7775=CARTESIAN_POINT('Ctrl Pts',(-25.3780792427166,-7.29239167426706,-13.3339100456914));
#7776=CARTESIAN_POINT('Ctrl Pts',(-26.3662589735113,-6.89931522431296,-12.2727984194122));
#7777=CARTESIAN_POINT('Ctrl Pts',(-26.986841646085,-6.65217442354773,-10.9999999999959));
#7778=CARTESIAN_POINT('Origin',(-25.4822066739739,-7.16211258197538,-10.1673646817174));
#7779=CARTESIAN_POINT('Origin',(-0.386407027162501,-17.5571331542826,4.09999999997651));
#7780=CARTESIAN_POINT('',(-26.9868416460537,-6.65217442356069,19.2000000000105));
#7781=CARTESIAN_POINT('Ctrl Pts',(-26.9868416460589,-6.65217442355893,19.2));
#7782=CARTESIAN_POINT('Ctrl Pts',(-26.9753925379032,-6.61839242814279,19.2));
#7783=CARTESIAN_POINT('Ctrl Pts',(-26.9630075825156,-6.58561064086009,19.2));
#7784=CARTESIAN_POINT('Ctrl Pts',(-26.9499735262182,-6.55414364537412,19.2));
#7785=CARTESIAN_POINT('Ctrl Pts',(-26.8686751931098,-6.35787210698544,19.2));
#7786=CARTESIAN_POINT('Ctrl Pts',(-26.7233695282534,-6.14840551958476,19.2));
#7787=CARTESIAN_POINT('Ctrl Pts',(-26.4053865928092,-5.84608498618972,19.2));
#7788=CARTESIAN_POINT('Ctrl Pts',(-26.1732906601837,-5.70506046416489,19.2));
#7789=CARTESIAN_POINT('Ctrl Pts',(-25.7311297448707,-5.54106008498627,19.2));
#7790=CARTESIAN_POINT('Ctrl Pts',(-25.4402193802896,-5.49630211565049,19.2));
#7791=CARTESIAN_POINT('Ctrl Pts',(-24.9306988331327,-5.50958247332168,19.2));
#7792=CARTESIAN_POINT('Ctrl Pts',(-24.6207510639479,-5.57748692478773,19.2));
#7793=CARTESIAN_POINT('Ctrl Pts',(-24.3764627132393,-5.67867447278098,19.2));
#7794=CARTESIAN_POINT('Origin',(-0.426465352317957,-17.6538425061589,4.09999999997651));
#7795=CARTESIAN_POINT('Origin',(0.300000000000008,-15.8999999999987,4.09999999997651));
#7796=CARTESIAN_POINT('',(-27.9550108427758,-10.2654310559305,-11.0000000000007));
#7797=CARTESIAN_POINT('Origin',(0.299999999999435,-15.8999999999986,-11.0000000000007));
#7798=CARTESIAN_POINT('',(-27.9550108427446,-10.2654310559346,19.2000000000105));
#7799=CARTESIAN_POINT('Origin',(0.54778380300353,-14.017895159268,4.09999999997651));
#7800=CARTESIAN_POINT('Origin',(0.300000000000272,-15.8999999999988,19.2000000000105));
#7801=CARTESIAN_POINT('Origin',(0.300000000000009,-15.8999999999987,-7.6961682589258));
#7802=CARTESIAN_POINT('Ctrl Pts',(-27.9550108427758,-10.2654310559305,-11.0000000000007));
#7803=CARTESIAN_POINT('Ctrl Pts',(-27.2939999256615,-10.3616922033261,-12.2727987219824));
#7804=CARTESIAN_POINT('Ctrl Pts',(-26.2416737727001,-10.5153677559283,-13.3339096929139));
#7805=CARTESIAN_POINT('Ctrl Pts',(-24.9825451691716,-10.7020386141542,-14.0000000002079));
#7806=CARTESIAN_POINT('Origin',(0.534120654283085,-14.1216770773541,4.09999999997651));
#7807=CARTESIAN_POINT('',(-26.1811063488135,-12.4136962102999,19.2));
#7808=CARTESIAN_POINT('Ctrl Pts',(-26.1811063488135,-12.4136962102999,19.2));
#7809=CARTESIAN_POINT('Ctrl Pts',(-26.4432600403724,-12.3791830220544,19.2));
#7810=CARTESIAN_POINT('Ctrl Pts',(-26.7456349080658,-12.2830161174617,19.2));
#7811=CARTESIAN_POINT('Ctrl Pts',(-27.1935328244894,-12.0397569709978,19.2));
#7812=CARTESIAN_POINT('Ctrl Pts',(-27.423089605773,-11.8555402502407,19.2));
#7813=CARTESIAN_POINT('Ctrl Pts',(-27.7240120014053,-11.4924312979852,19.2));
#7814=CARTESIAN_POINT('Ctrl Pts',(-27.8545007141616,-11.2542525130424,19.2));
#7815=CARTESIAN_POINT('Ctrl Pts',(-27.9787217475287,-10.8334437833145,19.2));
#7816=CARTESIAN_POINT('Ctrl Pts',(-27.9998268509078,-10.5793875649533,19.2));
#7817=CARTESIAN_POINT('Ctrl Pts',(-27.9720975034707,-10.3687622601146,19.2));
#7818=CARTESIAN_POINT('Ctrl Pts',(-27.9676518295956,-10.3349940144943,19.2));
#7819=CARTESIAN_POINT('Ctrl Pts',(-27.9619866219446,-10.3004116762323,19.2));
#7820=CARTESIAN_POINT('Ctrl Pts',(-27.95501084275,-10.2654310559335,19.2));
#7821=CARTESIAN_POINT('',(-26.6311103085768,-12.3544520650729,-10.1673646817174));
#7822=CARTESIAN_POINT('Origin',(-26.3969896542907,-10.5761291424287,-10.1673646817203));
#7823=CARTESIAN_POINT('Origin',(0.300000000000008,-15.8999999999987,4.09999999997651));
#7824=CARTESIAN_POINT('Ctrl Pts',(-27.9550108427758,-10.2654310559305,-11.0000000000007));
#7825=CARTESIAN_POINT('Ctrl Pts',(-27.2939999256615,-10.3616922033261,-12.2727987219824));
#7826=CARTESIAN_POINT('Ctrl Pts',(-26.2416737727001,-10.5153677559283,-13.3339096929139));
#7827=CARTESIAN_POINT('Ctrl Pts',(-24.9825451691716,-10.7020386141542,-14.0000000002079));
#7828=CARTESIAN_POINT('Ctrl Pts',(-28.0560518467884,-10.8125890051533,-11.0151049353816));
#7829=CARTESIAN_POINT('Ctrl Pts',(-27.3884978016149,-10.9081144911732,-12.2935340017608));
#7830=CARTESIAN_POINT('Ctrl Pts',(-26.3294807627423,-11.0600689622907,-13.3537089526483));
#7831=CARTESIAN_POINT('Ctrl Pts',(-25.0624318338735,-11.243998128506,-14.0161901028905));
#7832=CARTESIAN_POINT('Ctrl Pts',(-27.8083260242895,-11.8427816603625,-10.8154749408091));
#7833=CARTESIAN_POINT('Ctrl Pts',(-27.1793129865474,-11.9279460953183,-12.0145810664996));
#7834=CARTESIAN_POINT('Ctrl Pts',(-26.1779518741682,-12.0635882090874,-13.0101015495999));
#7835=CARTESIAN_POINT('Ctrl Pts',(-24.9866896570848,-12.2256423848799,-13.6274267690638));
#7836=CARTESIAN_POINT('Ctrl Pts',(-26.9975306417179,-12.306211913048,-10.3614841391008));
#7837=CARTESIAN_POINT('Ctrl Pts',(-26.4618211435396,-12.3767120242147,-11.3874254207198));
#7838=CARTESIAN_POINT('Ctrl Pts',(-25.6087072899579,-12.4891119152942,-12.2416997015161));
#7839=CARTESIAN_POINT('Ctrl Pts',(-24.5898818258131,-12.6231848929752,-12.7755736844867));
#7840=CARTESIAN_POINT('Ctrl Pts',(-26.631110308575,-12.3544520650731,-10.1673646817209));
#7841=CARTESIAN_POINT('Ctrl Pts',(-26.1353454815253,-12.4197207427702,-11.1193912663666));
#7842=CARTESIAN_POINT('Ctrl Pts',(-25.3460204692599,-12.5236373520431,-11.9130798803944));
#7843=CARTESIAN_POINT('Ctrl Pts',(-24.4010890172082,-12.6480399377546,-12.411301373995));
#7844=CARTESIAN_POINT('',(-25.2905323177853,-12.5309425057713,-11.8203414440997));
#7845=CARTESIAN_POINT('Ctrl Pts',(-25.290532319963,-12.5309425054846,-11.8203414405228));
#7846=CARTESIAN_POINT('Ctrl Pts',(-25.290532319963,-12.5309425054846,-12.1787412818319));
#7847=CARTESIAN_POINT('Ctrl Pts',(-25.2822868489743,-12.4668750340778,-12.5078694678329));
#7848=CARTESIAN_POINT('Ctrl Pts',(-25.2519510753368,-12.2483876345794,-13.0490803199111));
#7849=CARTESIAN_POINT('Ctrl Pts',(-25.231210254842,-12.1026638471513,-13.2798611272958));
#7850=CARTESIAN_POINT('Ctrl Pts',(-25.1764460242363,-11.7523158614872,-13.6376659455348));
#7851=CARTESIAN_POINT('Ctrl Pts',(-25.14531856017,-11.5633035289966,-13.7706326878956));
#7852=CARTESIAN_POINT('Ctrl Pts',(-25.0893631228528,-11.2505766464937,-13.9072911222429));
#7853=CARTESIAN_POINT('Ctrl Pts',(-25.0695243161512,-11.1433599443247,-13.9418709196555));
#7854=CARTESIAN_POINT('Ctrl Pts',(-25.027477793938,-10.9243459458385,-13.9882481399927));
#7855=CARTESIAN_POINT('Ctrl Pts',(-25.0054216607595,-10.8133083752606,-14.0000000000015));
#7856=CARTESIAN_POINT('Ctrl Pts',(-24.9825451695602,-10.7020386140743,-14.));
#7857=CARTESIAN_POINT('Ctrl Pts',(-26.6311103085768,-12.3544520650729,-10.1673646817174));
#7858=CARTESIAN_POINT('Ctrl Pts',(-26.3007144779625,-12.3979495013657,-10.8018300512625));
#7859=CARTESIAN_POINT('Ctrl Pts',(-25.8399370973411,-12.4586119943563,-11.3659718348072));
#7860=CARTESIAN_POINT('Ctrl Pts',(-25.2896116252321,-12.5310637172454,-11.8192007581351));
#7861=CARTESIAN_POINT('Ctrl Pts',(14.5019453885185,5.65297287638281,-14.0000000019484));
#7862=CARTESIAN_POINT('Ctrl Pts',(15.2602871340717,6.67530694255612,-13.3339100456914));
#7863=CARTESIAN_POINT('Ctrl Pts',(15.8957295631024,7.52807959411678,-12.2727984194122));
#7864=CARTESIAN_POINT('Ctrl Pts',(16.295067860014,8.06355167884325,-10.9999999999959));
#7865=CARTESIAN_POINT('Ctrl Pts',(14.9416570385645,5.32623803098622,-14.0161901046205));
#7866=CARTESIAN_POINT('Ctrl Pts',(15.7075379649214,6.35223394197384,-13.353709303525));
#7867=CARTESIAN_POINT('Ctrl Pts',(16.3489285583485,7.2085207788592,-12.2935336978521));
#7868=CARTESIAN_POINT('Ctrl Pts',(16.7534137354048,7.74809936168285,-11.0151049353768));
#7869=CARTESIAN_POINT('Ctrl Pts',(15.5823737355645,4.57853360415741,-13.6275688782132));
#7870=CARTESIAN_POINT('Ctrl Pts',(16.3101333382019,5.535472299553,-13.0102439841049));
#7871=CARTESIAN_POINT('Ctrl Pts',(16.9223412694315,6.33951420417843,-12.0146607377484));
#7872=CARTESIAN_POINT('Ctrl Pts',(17.3069002129838,6.84451381804601,-10.8155548971054));
#7873=CARTESIAN_POINT('Ctrl Pts',(15.5827460374585,4.01686240270567,-12.7755736858819));
#7874=CARTESIAN_POINT('Ctrl Pts',(16.2083601914032,4.83208428035165,-12.2416999842742));
#7875=CARTESIAN_POINT('Ctrl Pts',(16.7321244659479,5.51480612915036,-11.3874251768326));
#7876=CARTESIAN_POINT('Ctrl Pts',(17.0610770999773,5.9434609528394,-10.361484139097));
#7877=CARTESIAN_POINT('Ctrl Pts',(15.4668245330838,3.8657905569466,-12.4113013752969));
#7878=CARTESIAN_POINT('Ctrl Pts',(16.0470257536034,4.62192350888111,-11.9130801442645));
#7879=CARTESIAN_POINT('Ctrl Pts',(16.5316830621508,5.25354121051309,-11.1193910400505));
#7880=CARTESIAN_POINT('Ctrl Pts',(16.8360897362696,5.65025171188694,-10.1673646817174));
#7881=CARTESIAN_POINT('',(16.0129555369244,4.57752233804686,-11.820341440835));
#7882=CARTESIAN_POINT('Ctrl Pts',(14.501945390564,5.65297287948714,-14.));
#7883=CARTESIAN_POINT('Ctrl Pts',(14.681569781168,5.53461260499343,-14.000000000027));
#7884=CARTESIAN_POINT('Ctrl Pts',(14.857419381885,5.41542414028857,-13.9579042599039));
#7885=CARTESIAN_POINT('Ctrl Pts',(15.1937006796485,5.18192482318227,-13.7928265065777));
#7886=CARTESIAN_POINT('Ctrl Pts',(15.3485912194903,5.07123601986885,-13.6681321475662));
#7887=CARTESIAN_POINT('Ctrl Pts',(15.6267531642931,4.86893970596475,-13.3410260665204));
#7888=CARTESIAN_POINT('Ctrl Pts',(15.7419947805184,4.78289370228139,-13.1368703817631));
#7889=CARTESIAN_POINT('Ctrl Pts',(15.891670366567,4.67017751266216,-12.7425920486952));
#7890=CARTESIAN_POINT('Ctrl Pts',(15.9381914513847,4.63471017150756,-12.5634695713249));
#7891=CARTESIAN_POINT('Ctrl Pts',(15.9988962125057,4.58833832601623,-12.1956947843738));
#7892=CARTESIAN_POINT('Ctrl Pts',(16.0129555370411,4.57752233819897,-12.0081529482535));
#7893=CARTESIAN_POINT('Ctrl Pts',(16.0129555370411,4.57752233819897,-11.8203414405228));
#7894=CARTESIAN_POINT('',(16.295067860014,8.06355167884325,-10.9999999999983));
#7895=CARTESIAN_POINT('Ctrl Pts',(14.5019453885185,5.65297287638281,-14.0000000019484));
#7896=CARTESIAN_POINT('Ctrl Pts',(15.2602871340717,6.67530694255612,-13.3339100456914));
#7897=CARTESIAN_POINT('Ctrl Pts',(15.8957295631024,7.52807959411678,-12.2727984194122));
#7898=CARTESIAN_POINT('Ctrl Pts',(16.295067860014,8.06355167884325,-10.9999999999959));
#7899=CARTESIAN_POINT('',(16.8360897362677,5.65025171188446,-10.1673646817203));
#7900=CARTESIAN_POINT('Origin',(15.4130772362688,6.74216760736901,-10.1673646817174));
#7901=CARTESIAN_POINT('Ctrl Pts',(16.0123902470356,4.57678563792081,-11.8192008125657));
#7902=CARTESIAN_POINT('Ctrl Pts',(16.3502980391449,5.01715564627838,-11.3659719192594));
#7903=CARTESIAN_POINT('Ctrl Pts',(16.6332218697419,5.38586916089387,-10.8018302588994));
#7904=CARTESIAN_POINT('Ctrl Pts',(16.8360897362685,5.65025171188547,-10.167364681721));
#7905=CARTESIAN_POINT('Origin',(-1.12301250000084,-14.8080841045166,4.09999999997651));
#7906=CARTESIAN_POINT('',(16.2950678599933,8.06355167881632,19.2000000000105));
#7907=CARTESIAN_POINT('',(16.5597808215959,5.29015892354185,19.2));
#7908=CARTESIAN_POINT('Ctrl Pts',(16.2950678599964,8.06355167882089,19.2));
#7909=CARTESIAN_POINT('Ctrl Pts',(16.3247355145923,8.04374926577009,19.2));
#7910=CARTESIAN_POINT('Ctrl Pts',(16.3531948272335,8.02330176662256,19.2));
#7911=CARTESIAN_POINT('Ctrl Pts',(16.3802161488444,8.00256757729965,19.2));
#7912=CARTESIAN_POINT('Ctrl Pts',(16.548758339796,7.87324060556942,19.2));
#7913=CARTESIAN_POINT('Ctrl Pts',(16.7134796528848,7.67867216904663,19.2));
#7914=CARTESIAN_POINT('Ctrl Pts',(16.923198824198,7.29327792761368,19.2));
#7915=CARTESIAN_POINT('Ctrl Pts',(16.9993472045076,7.03259063998755,19.2));
#7916=CARTESIAN_POINT('Ctrl Pts',(17.0433197403944,6.56304957097563,19.2));
#7917=CARTESIAN_POINT('Ctrl Pts',(17.0112594761368,6.27046752180731,19.2));
#7918=CARTESIAN_POINT('Ctrl Pts',(16.8665580142046,5.78174567577463,19.2));
#7919=CARTESIAN_POINT('Ctrl Pts',(16.7207469651615,5.49993408600496,19.2));
#7920=CARTESIAN_POINT('Ctrl Pts',(16.5597808215959,5.29015892354185,19.2));
#7921=CARTESIAN_POINT('Origin',(0.300000000000011,-15.8999999999987,4.09999999997651));
#7922=CARTESIAN_POINT('Origin',(-1.20605870315665,-14.744360511586,4.09999999997651));
#7923=CARTESIAN_POINT('Origin',(0.300000000000009,-15.8999999999987,4.09999999997651));
#7924=CARTESIAN_POINT('',(13.0555105887704,9.93391094144811,-11.0000000000007));
#7925=CARTESIAN_POINT('Origin',(0.300000000000247,-15.8999999999981,-11.0000000000007));
#7926=CARTESIAN_POINT('',(13.0555105887584,9.93391094141904,19.2000000000105));
#7927=CARTESIAN_POINT('Origin',(2.0538425061602,-16.6264653523166,4.09999999997651));
#7928=CARTESIAN_POINT('Origin',(0.299999999999863,-15.8999999999989,19.2000000000105));
#7929=CARTESIAN_POINT('Origin',(0.300000000000014,-15.8999999999987,-7.6961682589258));
#7930=CARTESIAN_POINT('Ctrl Pts',(13.0555105887704,9.9339109414481,-11.0000000000007));
#7931=CARTESIAN_POINT('Ctrl Pts',(12.7914472460629,9.32033764339771,-12.2727987219824));
#7932=CARTESIAN_POINT('Ctrl Pts',(12.3706460108893,8.34364279435305,-13.3339096929139));
#7933=CARTESIAN_POINT('Ctrl Pts',(11.8644493450868,7.17573193086008,-14.0000000002079));
#7934=CARTESIAN_POINT('Origin',(1.95713315428395,-16.5864070271612,4.09999999997651));
#7935=CARTESIAN_POINT('',(10.5213255272177,8.7764627132406,19.2));
#7936=CARTESIAN_POINT('Ctrl Pts',(10.5213255272177,8.7764627132406,19.2));
#7937=CARTESIAN_POINT('Ctrl Pts',(10.622513075211,9.02075106394919,19.2));
#7938=CARTESIAN_POINT('Ctrl Pts',(10.7936635465108,9.28793293145783,19.2));
#7939=CARTESIAN_POINT('Ctrl Pts',(11.1445583495934,9.6576089964722,19.2));
#7940=CARTESIAN_POINT('Ctrl Pts',(11.3819117047357,9.83166502435553,19.2));
#7941=CARTESIAN_POINT('Ctrl Pts',(11.8105324665635,10.0283542257146,19.2));
#7942=CARTESIAN_POINT('Ctrl Pts',(12.0743684702462,10.0927514377226,19.2));
#7943=CARTESIAN_POINT('Ctrl Pts',(12.512989259456,10.1038264284212,19.2));
#7944=CARTESIAN_POINT('Ctrl Pts',(12.7638511248037,10.0584578050029,19.2));
#7945=CARTESIAN_POINT('Ctrl Pts',(12.9601226631924,9.97715947189453,19.2));
#7946=CARTESIAN_POINT('Ctrl Pts',(12.9915896586784,9.96412541559711,19.2));
#7947=CARTESIAN_POINT('Ctrl Pts',(13.0235273687046,9.94970267744933,19.2));
#7948=CARTESIAN_POINT('Ctrl Pts',(13.0555105887608,9.93391094142397,19.2));
#7949=CARTESIAN_POINT('',(10.6950205723072,9.19579964681275,-10.1673646817174));
#7950=CARTESIAN_POINT('Origin',(12.35215372659,8.50939261964735,-10.1673646817203));
#7951=CARTESIAN_POINT('Origin',(0.300000000000011,-15.8999999999987,4.09999999997651));
#7952=CARTESIAN_POINT('Ctrl Pts',(13.0555105887704,9.9339109414481,-11.0000000000007));
#7953=CARTESIAN_POINT('Ctrl Pts',(12.7914472460629,9.32033764339771,-12.2727987219824));
#7954=CARTESIAN_POINT('Ctrl Pts',(12.3706460108893,8.34364279435305,-13.3339096929139));
#7955=CARTESIAN_POINT('Ctrl Pts',(11.8644493450868,7.17573193086008,-14.0000000002079));
#7956=CARTESIAN_POINT('Ctrl Pts',(12.5531479307314,10.1731239546761,-11.0151049353816));
#7957=CARTESIAN_POINT('Ctrl Pts',(12.2881016961899,9.55304007707397,-12.2935340017608));
#7958=CARTESIAN_POINT('Ctrl Pts',(11.8672311693691,8.56943687986033,-13.3537089526483));
#7959=CARTESIAN_POINT('Ctrl Pts',(11.361632843646,7.39316596746049,-14.0161901028905));
#7960=CARTESIAN_POINT('Ctrl Pts',(11.4938687850956,10.2006876188969,-10.815564517509));
#7961=CARTESIAN_POINT('Ctrl Pts',(11.2488057041051,9.61514985840114,-12.0146706431994));
#7962=CARTESIAN_POINT('Ctrl Pts',(10.8585862627352,8.6829331004134,-13.0102607556159));
#7963=CARTESIAN_POINT('Ctrl Pts',(10.393732599587,7.57420486608369,-13.6275859750798));
#7964=CARTESIAN_POINT('Ctrl Pts',(10.8364535417418,9.53724903978843,-10.3614841391008));
#7965=CARTESIAN_POINT('Ctrl Pts',(10.6297038428388,9.03804017156151,-11.3874254207198));
#7966=CARTESIAN_POINT('Ctrl Pts',(10.3003317722253,8.24308670010075,-12.2416997015161));
#7967=CARTESIAN_POINT('Ctrl Pts',(9.90713578671967,7.29367751185981,-12.7755736844867));
#7968=CARTESIAN_POINT('Ctrl Pts',(10.6950205723065,9.19579964681103,-10.167364681721));
#7969=CARTESIAN_POINT('Ctrl Pts',(10.5036624917388,8.73382037343467,-11.1193912663666));
#7970=CARTESIAN_POINT('Ctrl Pts',(10.1989944091116,7.9982865563339,-11.9130798803944));
#7971=CARTESIAN_POINT('Ctrl Pts',(9.83426448260834,7.11775062116643,-12.411301373995));
#7972=CARTESIAN_POINT('',(10.1775767820814,7.94657983068378,-11.8203414440997));
#7973=CARTESIAN_POINT('Ctrl Pts',(10.177576782922,7.94657983271307,-11.8203414405228));
#7974=CARTESIAN_POINT('Ctrl Pts',(10.177576782922,7.94657983271307,-12.178741281832));
#7975=CARTESIAN_POINT('Ctrl Pts',(10.2373271232511,7.92203343756352,-12.507869467833));
#7976=CARTESIAN_POINT('Ctrl Pts',(10.44051826918,7.83618263024152,-13.0490803199111));
#7977=CARTESIAN_POINT('Ctrl Pts',(10.5759085196063,7.77843244455626,-13.2798611272958));
#7978=CARTESIAN_POINT('Ctrl Pts',(10.9001446612765,7.63485752875425,-13.6376659455348));
#7979=CARTESIAN_POINT('Ctrl Pts',(11.0746601741902,7.55587071589785,-13.7706326878956));
#7980=CARTESIAN_POINT('Ctrl Pts',(11.3622488137199,7.42088224076459,-13.9072911222429));
#7981=CARTESIAN_POINT('Ctrl Pts',(11.460677534348,7.3739697005344,-13.9418709196555));
#7982=CARTESIAN_POINT('Ctrl Pts',(11.6613463710756,7.27667088487071,-13.9882481399927));
#7983=CARTESIAN_POINT('Ctrl Pts',(11.7628918808573,7.22662765821804,-14.0000000000015));
#7984=CARTESIAN_POINT('Ctrl Pts',(11.8644493452646,7.17573193121476,-14.));
#7985=CARTESIAN_POINT('Ctrl Pts',(10.6950205723072,9.19579964681275,-10.1673646817174));
#7986=CARTESIAN_POINT('Ctrl Pts',(10.5674925418301,8.88791974605218,-10.8018300512577));
#7987=CARTESIAN_POINT('Ctrl Pts',(10.3896391115079,8.4585435824537,-11.3659718347986));
#7988=CARTESIAN_POINT('Ctrl Pts',(10.1772214080255,7.94572188181825,-11.8192007581248));
#7989=CARTESIAN_POINT('Origin',(0.300000000000009,-15.8999999999987,-10.));
#7990=CARTESIAN_POINT('Ctrl Pts',(8.43970597650372,8.59430708218846,-14.));
#7991=CARTESIAN_POINT('Ctrl Pts',(8.6438437076421,8.52647004950158,-14.000000000027));
#7992=CARTESIAN_POINT('Ctrl Pts',(8.84454962313942,8.45685605898665,-13.9579042599039));
#7993=CARTESIAN_POINT('Ctrl Pts',(9.22980648383269,8.31834904254579,-13.7928265065777));
#7994=CARTESIAN_POINT('Ctrl Pts',(9.40806762689091,8.2515204903616,-13.6681321475662));
#7995=CARTESIAN_POINT('Ctrl Pts',(9.72910957205911,8.12811086513626,-13.3410260665204));
#7996=CARTESIAN_POINT('Ctrl Pts',(9.86269476994263,8.07482353299704,-13.136870381763));
#7997=CARTESIAN_POINT('Ctrl Pts',(10.0364433806368,8.00468694665921,-12.7425920486952));
#7998=CARTESIAN_POINT('Ctrl Pts',(10.0905589212992,7.98246866859782,-12.5634695713249));
#7999=CARTESIAN_POINT('Ctrl Pts',(10.1611971346143,7.95338845373156,-12.1956947843738));
#8000=CARTESIAN_POINT('Ctrl Pts',(10.1775767829219,7.94657983271307,-12.0081529482535));
#8001=CARTESIAN_POINT('Ctrl Pts',(10.1775767829219,7.94657983271307,-11.8203414405228));
#8002=CARTESIAN_POINT('Origin',(0.300000000000009,-15.8999999999987,-10.));
#8003=CARTESIAN_POINT('Ctrl Pts',(16.0129555370411,4.57752233819896,-11.8203414405228));
#8004=CARTESIAN_POINT('Ctrl Pts',(16.0129555370411,4.57752233819896,-12.1787412818319));
#8005=CARTESIAN_POINT('Ctrl Pts',(16.0643168593413,4.53834781515319,-12.5078694678329));
#8006=CARTESIAN_POINT('Ctrl Pts',(16.2383646108949,4.40283256479049,-13.0490803199111));
#8007=CARTESIAN_POINT('Ctrl Pts',(16.3541947024959,4.31200859363257,-13.2798611272958));
#8008=CARTESIAN_POINT('Ctrl Pts',(16.6302228429429,4.08940738587733,-13.6376659455348));
#8009=CARTESIAN_POINT('Ctrl Pts',(16.7783485924751,3.96794404499518,-13.7706326878956));
#8010=CARTESIAN_POINT('Ctrl Pts',(17.0212002985103,3.76312177354716,-13.9072911222429));
#8011=CARTESIAN_POINT('Ctrl Pts',(17.1041332829479,3.69233251187837,-13.9418709196555));
#8012=CARTESIAN_POINT('Ctrl Pts',(17.2727817083147,3.54641215625781,-13.9882481399927));
#8013=CARTESIAN_POINT('Ctrl Pts',(17.3579149986205,3.47179219932701,-14.0000000000015));
#8014=CARTESIAN_POINT('Ctrl Pts',(17.4428391928812,3.39634569620586,-14.));
#8015=CARTESIAN_POINT('Ctrl Pts',(8.43970597533134,8.59430707866049,-14.0000000019484));
#8016=CARTESIAN_POINT('Ctrl Pts',(8.90760832573162,9.77807924271788,-13.3339100456914));
#8017=CARTESIAN_POINT('Ctrl Pts',(9.30068477568572,10.7662589735127,-12.2727984194122));
#8018=CARTESIAN_POINT('Ctrl Pts',(9.54782557645095,11.3868416460863,-10.9999999999959));
#8019=CARTESIAN_POINT('Ctrl Pts',(8.94900001491829,8.39251120252873,-14.0161901046205));
#8020=CARTESIAN_POINT('Ctrl Pts',(9.42323689958768,9.58177172064057,-13.353709303525));
#8021=CARTESIAN_POINT('Ctrl Pts',(9.82114929706129,10.5748853920281,-12.2935336978522));
#8022=CARTESIAN_POINT('Ctrl Pts',(10.0721987623668,11.2007667477737,-11.0151049353768));
#8023=CARTESIAN_POINT('Ctrl Pts',(9.76144859273325,7.83611963386819,-13.6276110029749));
#8024=CARTESIAN_POINT('Ctrl Pts',(10.2167364288866,8.94880947934497,-13.0102861088666));
#8025=CARTESIAN_POINT('Ctrl Pts',(10.5999928254888,9.88392613289247,-12.014684439096));
#8026=CARTESIAN_POINT('Ctrl Pts',(10.840744722958,10.471249480749,-10.8155785984531));
#8027=CARTESIAN_POINT('Ctrl Pts',(9.90713578569188,7.29367750937855,-12.7755736858819));
#8028=CARTESIAN_POINT('Ctrl Pts',(10.30043770636,8.24304223307924,-12.2416999842742));
#8029=CARTESIAN_POINT('Ctrl Pts',(10.6296537290536,9.03806106840221,-11.3874251768327));
#8030=CARTESIAN_POINT('Ctrl Pts',(10.8364535417426,9.53724903979029,-10.361484139097));
#8031=CARTESIAN_POINT('Ctrl Pts',(9.83426448165529,7.11775061886559,-12.4113013752969));
#8032=CARTESIAN_POINT('Ctrl Pts',(10.1989942164093,7.9982860911095,-11.9130801442645));
#8033=CARTESIAN_POINT('Ctrl Pts',(10.5036625372288,8.73382048325739,-11.1193910400505));
#8034=CARTESIAN_POINT('Ctrl Pts',(10.6950205723072,9.19579964681275,-10.1673646817174));
#8035=CARTESIAN_POINT('',(9.54782557645095,11.3868416460863,-10.9999999999983));
#8036=CARTESIAN_POINT('Ctrl Pts',(8.43970597533134,8.59430707866049,-14.0000000019484));
#8037=CARTESIAN_POINT('Ctrl Pts',(8.90760832573162,9.77807924271788,-13.3339100456914));
#8038=CARTESIAN_POINT('Ctrl Pts',(9.30068477568572,10.7662589735127,-12.2727984194122));
#8039=CARTESIAN_POINT('Ctrl Pts',(9.54782557645095,11.3868416460863,-10.9999999999959));
#8040=CARTESIAN_POINT('Origin',(9.0378874180233,9.88220667397526,-10.1673646817174));
#8041=CARTESIAN_POINT('Origin',(-1.35713315428392,-15.2135929728362,4.09999999997651));
#8042=CARTESIAN_POINT('',(9.54782557643799,11.386841646055,19.2000000000105));
#8043=CARTESIAN_POINT('Ctrl Pts',(9.54782557643975,11.3868416460602,19.2));
#8044=CARTESIAN_POINT('Ctrl Pts',(9.58160757185589,11.3753925379045,19.2));
#8045=CARTESIAN_POINT('Ctrl Pts',(9.61438935913859,11.363007582517,19.2));
#8046=CARTESIAN_POINT('Ctrl Pts',(9.64585635462456,11.3499735262196,19.2));
#8047=CARTESIAN_POINT('Ctrl Pts',(9.84212789301323,11.2686751931111,19.2));
#8048=CARTESIAN_POINT('Ctrl Pts',(10.0515944804139,11.1233695282548,19.2));
#8049=CARTESIAN_POINT('Ctrl Pts',(10.353915013809,10.8053865928106,19.2));
#8050=CARTESIAN_POINT('Ctrl Pts',(10.4949395358338,10.5732906601851,19.2));
#8051=CARTESIAN_POINT('Ctrl Pts',(10.6589399150124,10.1311297448721,19.2));
#8052=CARTESIAN_POINT('Ctrl Pts',(10.7036978843482,9.8402193802909,19.2));
#8053=CARTESIAN_POINT('Ctrl Pts',(10.690417526677,9.33069883313403,19.2));
#8054=CARTESIAN_POINT('Ctrl Pts',(10.622513075211,9.02075106394919,19.2));
#8055=CARTESIAN_POINT('Ctrl Pts',(10.5213255272177,8.7764627132406,19.2));
#8056=CARTESIAN_POINT('Origin',(-1.45384250616017,-15.1735346476807,4.09999999997651));
#8057=CARTESIAN_POINT('Origin',(0.300000000000009,-15.8999999999987,4.09999999997651));
#8058=CARTESIAN_POINT('',(5.93456894406819,12.3550108427772,-11.0000000000007));
#8059=CARTESIAN_POINT('Origin',(0.300000000000105,-15.8999999999981,-11.0000000000007));
#8060=CARTESIAN_POINT('',(5.93456894406408,12.355010842746,19.2000000000105));
#8061=CARTESIAN_POINT('Origin',(2.18210484073068,-16.1477838030022,4.09999999997651));
#8062=CARTESIAN_POINT('Origin',(0.299999999999929,-15.8999999999989,19.2000000000105));
#8063=CARTESIAN_POINT('Origin',(0.300000000000014,-15.8999999999987,-7.6961682589258));
#8064=CARTESIAN_POINT('Ctrl Pts',(5.93456894406818,12.3550108427772,-11.0000000000007));
#8065=CARTESIAN_POINT('Ctrl Pts',(5.83830779667261,11.6939999256628,-12.2727987219824));
#8066=CARTESIAN_POINT('Ctrl Pts',(5.68463224407037,10.6416737727015,-13.3339096929139));
#8067=CARTESIAN_POINT('Ctrl Pts',(5.49796138584445,9.38254516917295,-14.0000000002079));
#8068=CARTESIAN_POINT('Origin',(2.07832292264459,-16.1341206542817,4.09999999997651));
#8069=CARTESIAN_POINT('Ctrl Pts',(3.78630378969876,10.5811063488149,19.2));
#8070=CARTESIAN_POINT('Ctrl Pts',(3.82081697794424,10.8432600403737,19.2));
#8071=CARTESIAN_POINT('Ctrl Pts',(3.91698388253701,11.1456349080671,19.2));
#8072=CARTESIAN_POINT('Ctrl Pts',(4.16024302900086,11.5935328244907,19.2));
#8073=CARTESIAN_POINT('Ctrl Pts',(4.34445974975802,11.8230896057743,19.2));
#8074=CARTESIAN_POINT('Ctrl Pts',(4.7075687020135,12.1240120014067,19.2));
#8075=CARTESIAN_POINT('Ctrl Pts',(4.94574748695631,12.254500714163,19.2));
#8076=CARTESIAN_POINT('Ctrl Pts',(5.36655621668418,12.3787217475301,19.2));
#8077=CARTESIAN_POINT('Ctrl Pts',(5.62061243504538,12.3998268509091,19.2));
#8078=CARTESIAN_POINT('Ctrl Pts',(5.83123773988404,12.372097503472,19.2));
#8079=CARTESIAN_POINT('Ctrl Pts',(5.86500598550437,12.3676518295969,19.2));
#8080=CARTESIAN_POINT('Ctrl Pts',(5.89958832376642,12.3619866219459,19.2));
#8081=CARTESIAN_POINT('Ctrl Pts',(5.93456894406516,12.3550108427514,19.2));
#8082=CARTESIAN_POINT('Origin',(5.62387085756999,10.796989654292,-10.1673646817203));
#8083=CARTESIAN_POINT('Ctrl Pts',(5.93456894406818,12.3550108427772,-11.0000000000007));
#8084=CARTESIAN_POINT('Ctrl Pts',(5.83830779667261,11.6939999256628,-12.2727987219824));
#8085=CARTESIAN_POINT('Ctrl Pts',(5.68463224407037,10.6416737727015,-13.3339096929139));
#8086=CARTESIAN_POINT('Ctrl Pts',(5.49796138584445,9.38254516917295,-14.0000000002079));
#8087=CARTESIAN_POINT('Ctrl Pts',(5.38741099484536,12.4560518467897,-11.0151049353816));
#8088=CARTESIAN_POINT('Ctrl Pts',(5.29188550882543,11.7884978016163,-12.2935340017608));
#8089=CARTESIAN_POINT('Ctrl Pts',(5.13993103770798,10.7294807627436,-13.3537089526483));
#8090=CARTESIAN_POINT('Ctrl Pts',(4.95600187149273,9.46243183387486,-14.0161901028905));
#8091=CARTESIAN_POINT('Ctrl Pts',(4.35703923143193,12.2085932919988,-10.8156018403887));
#8092=CARTESIAN_POINT('Ctrl Pts',(4.27187479647621,11.5795802542566,-12.0147079660792));
#8093=CARTESIAN_POINT('Ctrl Pts',(4.13622493154711,10.5780953924409,-13.0103270901315));
#8094=CARTESIAN_POINT('Ctrl Pts',(3.97417075575465,9.38683317535751,-13.6276523095954));
#8095=CARTESIAN_POINT('Ctrl Pts',(3.89378808695064,11.3975306417192,-10.3614841391008));
#8096=CARTESIAN_POINT('Ctrl Pts',(3.82328797578395,10.861821143541,-11.3874254207198));
#8097=CARTESIAN_POINT('Ctrl Pts',(3.71088808470447,10.0087072899592,-12.2416997015161));
#8098=CARTESIAN_POINT('Ctrl Pts',(3.57681510702344,8.98988182581446,-12.7755736844867));
#8099=CARTESIAN_POINT('Ctrl Pts',(3.84554793492558,11.0311103085763,-10.167364681721));
#8100=CARTESIAN_POINT('Ctrl Pts',(3.7802792572285,10.5353454815266,-11.1193912663666));
#8101=CARTESIAN_POINT('Ctrl Pts',(3.67636264795556,9.74602046926125,-11.9130798803944));
#8102=CARTESIAN_POINT('Ctrl Pts',(3.55196006224406,8.80108901720952,-12.411301373995));
#8103=CARTESIAN_POINT('Ctrl Pts',(19.5963456933025,1.2428391905515,-14.0000000019484));
#8104=CARTESIAN_POINT('Ctrl Pts',(20.5934470972683,2.03406478171794,-13.3339100456914));
#8105=CARTESIAN_POINT('Ctrl Pts',(21.4279511539553,2.69331530711404,-12.2727984194122));
#8106=CARTESIAN_POINT('Ctrl Pts',(21.9522727020165,3.10718526632867,-10.9999999999959));
#8107=CARTESIAN_POINT('Ctrl Pts',(19.9365093315149,0.813431815648981,-14.0161901046205));
#8108=CARTESIAN_POINT('Ctrl Pts',(20.9418407801061,1.60624319371699,-13.353709303525));
#8109=CARTESIAN_POINT('Ctrl Pts',(21.7829998604928,2.26734866324737,-12.2935336978521));
#8110=CARTESIAN_POINT('Ctrl Pts',(22.3133557529267,2.68385308442539,-11.0151049353768));
#8111=CARTESIAN_POINT('Ctrl Pts',(20.3618661606184,-0.0746216452251038,
-13.6275607668682));
#8112=CARTESIAN_POINT('Ctrl Pts',(21.3125019154997,0.661352109414076,-13.0102358727598));
#8113=CARTESIAN_POINT('Ctrl Pts',(22.1119470104223,1.27954341166581,-12.0146561739289));
#8114=CARTESIAN_POINT('Ctrl Pts',(22.6141059435683,1.66780440241066,-10.815550333286));
#8115=CARTESIAN_POINT('Ctrl Pts',(20.2168624027044,-0.617253962540153,-12.7755736858819));
#8116=CARTESIAN_POINT('Ctrl Pts',(21.0321542192105,0.00826904530739858,
-12.2416999842742));
#8117=CARTESIAN_POINT('Ctrl Pts',(21.7147730758575,0.532167541837397,-11.3874251768326));
#8118=CARTESIAN_POINT('Ctrl Pts',(22.1434609528381,0.861077099978592,-10.361484139097));
#8119=CARTESIAN_POINT('Ctrl Pts',(20.0657905569453,-0.733175466914883,-12.4113013752969));
#8120=CARTESIAN_POINT('Ctrl Pts',(20.8219235088798,-0.152974246395335,-11.9130801442645));
#8121=CARTESIAN_POINT('Ctrl Pts',(21.4535412105118,0.331683062152126,-11.1193910400505));
#8122=CARTESIAN_POINT('Ctrl Pts',(21.8502517118856,0.636089736270946,-10.1673646817174));
#8123=CARTESIAN_POINT('Ctrl Pts',(19.5963456933025,1.2428391905515,-14.0000000019484));
#8124=CARTESIAN_POINT('Ctrl Pts',(20.5934470972683,2.03406478171794,-13.3339100456914));
#8125=CARTESIAN_POINT('Ctrl Pts',(21.4279511539553,2.69331530711404,-12.2727984194122));
#8126=CARTESIAN_POINT('Ctrl Pts',(21.9522727020165,3.10718526632867,-10.9999999999959));
#8127=CARTESIAN_POINT('Origin',(0.300000000000009,-15.8999999999987,4.09999999997651));
#8128=CARTESIAN_POINT('',(19.3071852663258,5.75227270201586,-11.0000000000007));
#8129=CARTESIAN_POINT('Origin',(0.300000000000378,-15.8999999999982,-11.0000000000007));
#8130=CARTESIAN_POINT('',(19.3071852663067,5.75227270199091,19.2000000000105));
#8131=CARTESIAN_POINT('Origin',(1.80605870315668,-17.0556394884114,4.09999999997651));
#8132=CARTESIAN_POINT('Origin',(0.299999999999812,-15.8999999999989,19.2000000000105));
#8133=CARTESIAN_POINT('Origin',(0.300000000000011,-15.8999999999987,-7.6961682589258));
#8134=CARTESIAN_POINT('Ctrl Pts',(19.3071852663258,5.75227270201586,-11.0000000000007));
#8135=CARTESIAN_POINT('Ctrl Pts',(18.8933152087266,5.22795102931376,-12.2727987219824));
#8136=CARTESIAN_POINT('Ctrl Pts',(18.2340651997518,4.39344762408361,-13.3339096929139));
#8137=CARTESIAN_POINT('Ctrl Pts',(17.4428391926177,3.39634569590926,-14.0000000002079));
#8138=CARTESIAN_POINT('Origin',(1.72301250000087,-16.9919158954807,4.09999999997651));
#8139=CARTESIAN_POINT('Ctrl Pts',(16.5597808215959,5.29015892354185,19.2));
#8140=CARTESIAN_POINT('Ctrl Pts',(16.7207469651615,5.49993408600496,19.2));
#8141=CARTESIAN_POINT('Ctrl Pts',(16.9552173813888,5.71371495059702,19.2));
#8142=CARTESIAN_POINT('Ctrl Pts',(17.3898349401412,5.97997635129004,19.2));
#8143=CARTESIAN_POINT('Ctrl Pts',(17.6641496907606,6.08666999511404,19.2));
#8144=CARTESIAN_POINT('Ctrl Pts',(18.1290724655716,6.16572195817158,19.2));
#8145=CARTESIAN_POINT('Ctrl Pts',(18.4005857003527,6.15963910585427,19.2));
#8146=CARTESIAN_POINT('Ctrl Pts',(18.8271272671148,6.05681331157061,19.2));
#8147=CARTESIAN_POINT('Ctrl Pts',(19.0576989578946,5.94806275806575,19.2));
#8148=CARTESIAN_POINT('Ctrl Pts',(19.2262411488461,5.81873578633551,19.2));
#8149=CARTESIAN_POINT('Ctrl Pts',(19.253262470457,5.7980015970126,19.2));
#8150=CARTESIAN_POINT('Ctrl Pts',(19.2803790500888,5.77580421413811,19.2));
#8151=CARTESIAN_POINT('Ctrl Pts',(19.3071852663103,5.75227270199504,19.2));
#8152=CARTESIAN_POINT('Origin',(18.2591022362686,4.5583358164024,-10.1673646817203));
#8153=CARTESIAN_POINT('Ctrl Pts',(19.3071852663258,5.75227270201586,-11.0000000000007));
#8154=CARTESIAN_POINT('Ctrl Pts',(18.8933152087266,5.22795102931376,-12.2727987219824));
#8155=CARTESIAN_POINT('Ctrl Pts',(18.2340651997518,4.39344762408361,-13.3339096929139));
#8156=CARTESIAN_POINT('Ctrl Pts',(17.4428391926177,3.39634569590926,-14.0000000002079));
#8157=CARTESIAN_POINT('Ctrl Pts',(18.8838530844225,6.11335575292602,-11.0151049353816));
#8158=CARTESIAN_POINT('Ctrl Pts',(18.4673485642337,5.58299973441672,-12.2935340017608));
#8159=CARTESIAN_POINT('Ctrl Pts',(17.806243612591,4.74184131127111,-13.3537089526483));
#8160=CARTESIAN_POINT('Ctrl Pts',(17.0134318177174,3.73650933414059,-14.0161901028905));
#8161=CARTESIAN_POINT('Ctrl Pts',(17.8678044024078,6.41410594356857,-10.8155503332907));
#8162=CARTESIAN_POINT('Ctrl Pts',(17.4795433193662,5.91194689105011,-12.0146564589811));
#8163=CARTESIAN_POINT('Ctrl Pts',(16.8613524982644,5.11250241777172,-13.0102355457915));
#8164=CARTESIAN_POINT('Ctrl Pts',(16.1253783566971,4.16186616310519,-13.6275607652553));
#8165=CARTESIAN_POINT('Ctrl Pts',(17.0610770999761,5.9434609528378,-10.3614841391008));
#8166=CARTESIAN_POINT('Ctrl Pts',(16.732167463647,5.51477297395019,-11.3874254207198));
#8167=CARTESIAN_POINT('Ctrl Pts',(16.2082693757987,4.83215464996771,-12.2416997015161));
#8168=CARTESIAN_POINT('Ctrl Pts',(15.5827460390935,4.01686240483638,-12.7755736844867));
#8169=CARTESIAN_POINT('Ctrl Pts',(16.8360897362685,5.65025171188547,-10.167364681721));
#8170=CARTESIAN_POINT('Ctrl Pts',(16.5316829897866,5.25354111620618,-11.1193912663666));
#8171=CARTESIAN_POINT('Ctrl Pts',(16.0470260601484,4.62192390837835,-11.9130798803944));
#8172=CARTESIAN_POINT('Ctrl Pts',(15.4668245345999,3.86579055892238,-12.411301373995));
#8173=CARTESIAN_POINT('Ctrl Pts',(-11.2644493437641,7.17573192780832,-14.0000000019484));
#8174=CARTESIAN_POINT('Ctrl Pts',(-11.7706457434478,8.34364217729434,-13.3339100456914));
#8175=CARTESIAN_POINT('Ctrl Pts',(-12.1914473088366,9.3203377892577,-12.2727984194122));
#8176=CARTESIAN_POINT('Ctrl Pts',(-12.4555105887713,9.93391094145039,-10.9999999999959));
#8177=CARTESIAN_POINT('Ctrl Pts',(-10.761632842326,7.3931659643899,-14.0161901046205));
#8178=CARTESIAN_POINT('Ctrl Pts',(-11.2672309022418,8.56943625838272,-13.353709303525));
#8179=CARTESIAN_POINT('Ctrl Pts',(-11.6881017591972,9.55304022448166,-12.2935336978522));
#8180=CARTESIAN_POINT('Ctrl Pts',(-11.9531479307324,10.1731239546784,-11.0151049353768));
#8181=CARTESIAN_POINT('Ctrl Pts',(-9.79372753787774,7.57421146440873,-13.6275939388157));
#8182=CARTESIAN_POINT('Ctrl Pts',(-10.258580956636,8.68293911583857,-13.0102690447073));
#8183=CARTESIAN_POINT('Ctrl Pts',(-10.6488020968689,9.61516074779191,-12.0146748380074));
#8184=CARTESIAN_POINT('Ctrl Pts',(-10.8938651196033,10.2006983690945,-10.8155689973645));
#8185=CARTESIAN_POINT('Ctrl Pts',(-9.30713578569186,7.29367750937855,-12.7755736858819));
#8186=CARTESIAN_POINT('Ctrl Pts',(-9.70033156448181,8.2430861984847,-12.2416999842742));
#8187=CARTESIAN_POINT('Ctrl Pts',(-10.0297038919878,9.03804029023454,-11.3874251768327));
#8188=CARTESIAN_POINT('Ctrl Pts',(-10.2364535417426,9.53724903979029,-10.361484139097));
#8189=CARTESIAN_POINT('Ctrl Pts',(-9.23426448165527,7.11775061886559,-12.4113013752969));
#8190=CARTESIAN_POINT('Ctrl Pts',(-9.59899421640929,7.99828609110951,-11.9130801442645));
#8191=CARTESIAN_POINT('Ctrl Pts',(-9.9036625372288,8.7338204832574,-11.1193910400505));
#8192=CARTESIAN_POINT('Ctrl Pts',(-10.0950205723072,9.19579964681275,-10.1673646817174));
#8193=CARTESIAN_POINT('',(-12.4555105887713,9.93391094145039,-10.9999999999983));
#8194=CARTESIAN_POINT('Ctrl Pts',(-11.2644493437641,7.17573192780832,-14.0000000019484));
#8195=CARTESIAN_POINT('Ctrl Pts',(-11.7706457434478,8.34364217729434,-13.3339100456914));
#8196=CARTESIAN_POINT('Ctrl Pts',(-12.1914473088366,9.3203377892577,-12.2727984194122));
#8197=CARTESIAN_POINT('Ctrl Pts',(-12.4555105887713,9.93391094145039,-10.9999999999959));
#8198=CARTESIAN_POINT('Origin',(-11.7521537265911,8.50939261965024,-10.1673646817174));
#8199=CARTESIAN_POINT('Origin',(-1.35713315428392,-16.5864070271612,4.09999999997651));
#8200=CARTESIAN_POINT('',(-12.4555105887583,9.93391094141906,19.2000000000105));
#8201=CARTESIAN_POINT('Ctrl Pts',(-12.4555105887608,9.93391094142398,19.2));
#8202=CARTESIAN_POINT('Ctrl Pts',(-12.4235273687046,9.94970267744933,19.2));
#8203=CARTESIAN_POINT('Ctrl Pts',(-12.3915896586784,9.96412541559712,19.2));
#8204=CARTESIAN_POINT('Ctrl Pts',(-12.3601226631924,9.97715947189454,19.2));
#8205=CARTESIAN_POINT('Ctrl Pts',(-12.1638511248037,10.058457805003,19.2));
#8206=CARTESIAN_POINT('Ctrl Pts',(-11.9129892594559,10.1038264284212,19.2));
#8207=CARTESIAN_POINT('Ctrl Pts',(-11.4743684702462,10.0927514377226,19.2));
#8208=CARTESIAN_POINT('Ctrl Pts',(-11.2105324665635,10.0283542257147,19.2));
#8209=CARTESIAN_POINT('Ctrl Pts',(-10.7819117047357,9.83166502435554,19.2));
#8210=CARTESIAN_POINT('Ctrl Pts',(-10.5445583495934,9.65760899647221,19.2));
#8211=CARTESIAN_POINT('Ctrl Pts',(-10.1936635465108,9.28793293145783,19.2));
#8212=CARTESIAN_POINT('Ctrl Pts',(-10.0225130752109,9.02075106394919,19.2));
#8213=CARTESIAN_POINT('Ctrl Pts',(-9.92132552721768,8.7764627132406,19.2));
#8214=CARTESIAN_POINT('Origin',(-1.45384250616017,-16.6264653523166,4.09999999997651));
#8215=CARTESIAN_POINT('Origin',(0.300000000000009,-15.8999999999987,4.09999999997651));
#8216=CARTESIAN_POINT('',(-15.6950678600125,8.06355167884129,-11.0000000000007));
#8217=CARTESIAN_POINT('Origin',(0.299999999999669,-15.8999999999982,-11.0000000000007));
#8218=CARTESIAN_POINT('',(-15.6950678599933,8.06355167881632,19.2000000000105));
#8219=CARTESIAN_POINT('Origin',(1.80605870315668,-14.744360511586,4.09999999997651));
#8220=CARTESIAN_POINT('Origin',(0.300000000000138,-15.8999999999989,19.2000000000105));
#8221=CARTESIAN_POINT('Origin',(0.300000000000014,-15.8999999999987,-7.6961682589258));
#8222=CARTESIAN_POINT('Ctrl Pts',(-15.6950678600125,8.06355167884127,-11.0000000000007));
#8223=CARTESIAN_POINT('Ctrl Pts',(-15.2957294681708,7.52807946682316,-12.2727987219824));
#8224=CARTESIAN_POINT('Ctrl Pts',(-14.6602875347395,6.67530748269662,-13.3339096929139));
#8225=CARTESIAN_POINT('Ctrl Pts',(-13.9019453905,5.6529728790542,-14.0000000002079));
#8226=CARTESIAN_POINT('Origin',(1.72301250000087,-14.8080841045166,4.09999999997651));
#8227=CARTESIAN_POINT('Ctrl Pts',(-15.9597808215958,5.29015892354187,19.2));
#8228=CARTESIAN_POINT('Ctrl Pts',(-16.1207469651614,5.49993408600497,19.2));
#8229=CARTESIAN_POINT('Ctrl Pts',(-16.2665580142046,5.78174567577464,19.2));
#8230=CARTESIAN_POINT('Ctrl Pts',(-16.4112594761368,6.27046752180732,19.2));
#8231=CARTESIAN_POINT('Ctrl Pts',(-16.4433197403944,6.56304957097564,19.2));
#8232=CARTESIAN_POINT('Ctrl Pts',(-16.3993472045076,7.03259063998755,19.2));
#8233=CARTESIAN_POINT('Ctrl Pts',(-16.323198824198,7.29327792761369,19.2));
#8234=CARTESIAN_POINT('Ctrl Pts',(-16.1134796528848,7.67867216904663,19.2));
#8235=CARTESIAN_POINT('Ctrl Pts',(-15.948758339796,7.87324060556942,19.2));
#8236=CARTESIAN_POINT('Ctrl Pts',(-15.7802161488444,8.00256757729965,19.2));
#8237=CARTESIAN_POINT('Ctrl Pts',(-15.7531948272335,8.02330176662256,19.2));
#8238=CARTESIAN_POINT('Ctrl Pts',(-15.7247355145923,8.0437492657701,19.2));
#8239=CARTESIAN_POINT('Ctrl Pts',(-15.6950678599964,8.0635516788209,19.2));
#8240=CARTESIAN_POINT('Origin',(-14.8130772362669,6.74216760736654,-10.1673646817203));
#8241=CARTESIAN_POINT('Ctrl Pts',(-15.6950678600125,8.06355167884127,-11.0000000000007));
#8242=CARTESIAN_POINT('Ctrl Pts',(-15.2957294681708,7.52807946682316,-12.2727987219824));
#8243=CARTESIAN_POINT('Ctrl Pts',(-14.6602875347395,6.67530748269662,-13.3339096929139));
#8244=CARTESIAN_POINT('Ctrl Pts',(-13.9019453905,5.6529728790542,-14.0000000002079));
#8245=CARTESIAN_POINT('Ctrl Pts',(-16.1534137354032,7.74809936168086,-11.0151049353816));
#8246=CARTESIAN_POINT('Ctrl Pts',(-15.7489284621934,7.20852065058938,-12.2935340017608));
#8247=CARTESIAN_POINT('Ctrl Pts',(-15.1075383695732,6.35223448405163,-13.3537089526483));
#8248=CARTESIAN_POINT('Ctrl Pts',(-14.3416570405638,5.32623803366462,-14.0161901028905));
#8249=CARTESIAN_POINT('Ctrl Pts',(-16.7069107227054,6.8445158937206,-10.8155591224892));
#8250=CARTESIAN_POINT('Ctrl Pts',(-16.3223516877363,6.33951615980526,-12.0146652481796));
#8251=CARTESIAN_POINT('Ctrl Pts',(-15.7101415013104,5.53547178470532,-13.0102511669662));
#8252=CARTESIAN_POINT('Ctrl Pts',(-14.9823815160619,4.57853258621191,-13.62757638643));
#8253=CARTESIAN_POINT('Ctrl Pts',(-16.461077099976,5.94346095283781,-10.3614841391008));
#8254=CARTESIAN_POINT('Ctrl Pts',(-16.1321243877485,5.51480602724958,-11.3874254207198));
#8255=CARTESIAN_POINT('Ctrl Pts',(-15.6083605219436,4.83208471107083,-12.2416997015161));
#8256=CARTESIAN_POINT('Ctrl Pts',(-14.9827460390935,4.01686240483639,-12.7755736844867));
#8257=CARTESIAN_POINT('Ctrl Pts',(-16.2360897362685,5.65025171188548,-10.167364681721));
#8258=CARTESIAN_POINT('Ctrl Pts',(-15.9316829897866,5.25354111620619,-11.1193912663666));
#8259=CARTESIAN_POINT('Ctrl Pts',(-15.4470260601483,4.62192390837836,-11.9130798803944));
#8260=CARTESIAN_POINT('Ctrl Pts',(-14.8668245345999,3.86579055892239,-12.411301373995));
#8261=CARTESIAN_POINT('Origin',(0.300000000000009,-15.8999999999987,-10.));
#8262=CARTESIAN_POINT('Ctrl Pts',(-25.4663947359816,-14.3772409481478,-14.));
#8263=CARTESIAN_POINT('Ctrl Pts',(-25.4537039270155,-14.1625015296288,-14.0000000000001));
#8264=CARTESIAN_POINT('Ctrl Pts',(-25.4384084895016,-13.9506170794118,-13.9579042629803));
#8265=CARTESIAN_POINT('Ctrl Pts',(-25.4043327973536,-13.5426392664449,-13.7928265064611));
#8266=CARTESIAN_POINT('Ctrl Pts',(-25.3859187516903,-13.3531557224914,-13.668132147421));
#8267=CARTESIAN_POINT('Ctrl Pts',(-25.3498059771597,-13.0111122550056,-13.341026066319));
#8268=CARTESIAN_POINT('Ctrl Pts',(-25.3329087601899,-12.8682870859604,-13.1368703815343));
#8269=CARTESIAN_POINT('Ctrl Pts',(-25.3101314695933,-12.6823061313714,-12.742592048475));
#8270=CARTESIAN_POINT('Ctrl Pts',(-25.3026763935613,-12.6242840195601,-12.5634695711439));
#8271=CARTESIAN_POINT('Ctrl Pts',(-25.2928695779109,-12.5485262315921,-12.1956947842799));
#8272=CARTESIAN_POINT('Ctrl Pts',(-25.290532319963,-12.5309425054846,-12.0081529482064));
#8273=CARTESIAN_POINT('Ctrl Pts',(-25.290532319963,-12.5309425054846,-11.8203414405228));
#8274=CARTESIAN_POINT('Ctrl Pts',(-24.9825451658815,-21.0979613853553,-14.0000000019484));
#8275=CARTESIAN_POINT('Ctrl Pts',(-26.2416731074482,-21.284632145447,-13.3339100456914));
#8276=CARTESIAN_POINT('Ctrl Pts',(-27.2940000827984,-21.4383078195547,-12.2727984194122));
#8277=CARTESIAN_POINT('Ctrl Pts',(-27.9550108427783,-21.5345689440672,-10.9999999999959));
#8278=CARTESIAN_POINT('Ctrl Pts',(-25.0624318305659,-20.5560018710112,-14.0161901046205));
#8279=CARTESIAN_POINT('Ctrl Pts',(-26.3294800933033,-20.7399309405318,-13.353709303525));
#8280=CARTESIAN_POINT('Ctrl Pts',(-27.3884979603073,-20.8918855315326,-12.2935336978521));
#8281=CARTESIAN_POINT('Ctrl Pts',(-28.0560518467908,-20.9874109948444,-11.0151049353768));
#8282=CARTESIAN_POINT('Ctrl Pts',(-24.9866508281408,-19.5744081655393,-13.6273657554608));
#8283=CARTESIAN_POINT('Ctrl Pts',(-26.1779124189334,-19.7364622561348,-13.0100408613524));
#8284=CARTESIAN_POINT('Ctrl Pts',(-27.179240832457,-19.8721023788578,-12.0145464514527));
#8285=CARTESIAN_POINT('Ctrl Pts',(-27.8082537206712,-19.9572667935683,-10.8154406108097));
#8286=CARTESIAN_POINT('Ctrl Pts',(-24.5898818231504,-19.1768151066716,-12.7755736858819));
#8287=CARTESIAN_POINT('Ctrl Pts',(-25.608706751666,-19.3108880138661,-12.2416999842742));
#8288=CARTESIAN_POINT('Ctrl Pts',(-26.4618212708897,-19.4232879925421,-11.3874251768326));
#8289=CARTESIAN_POINT('Ctrl Pts',(-26.9975306417198,-19.4937880869496,-10.361484139097));
#8290=CARTESIAN_POINT('Ctrl Pts',(-24.4010890147391,-19.1519600619177,-12.4113013752969));
#8291=CARTESIAN_POINT('Ctrl Pts',(-25.3460199700126,-19.2763625822271,-11.9130801442645));
#8292=CARTESIAN_POINT('Ctrl Pts',(-26.1353455993796,-19.380279272743,-11.1193910400505));
#8293=CARTESIAN_POINT('Ctrl Pts',(-26.6311103085768,-19.4455479349245,-10.1673646817174));
#8294=CARTESIAN_POINT('',(-25.2905323197729,-19.2690574944877,-11.820341440835));
#8295=CARTESIAN_POINT('Ctrl Pts',(-24.982545169523,-21.097961386104,-14.));
#8296=CARTESIAN_POINT('Ctrl Pts',(-25.025865441468,-20.8872544087238,-14.000000000027));
#8297=CARTESIAN_POINT('Ctrl Pts',(-25.0659309149719,-20.6786309919559,-13.9579042599039));
#8298=CARTESIAN_POINT('Ctrl Pts',(-25.1386087504784,-20.2757352553928,-13.7928265065777));
#8299=CARTESIAN_POINT('Ctrl Pts',(-25.1698640981178,-20.0879423009047,-13.6681321475662));
#8300=CARTESIAN_POINT('Ctrl Pts',(-25.2235092001853,-19.7482070080959,-13.3410260665204));
#8301=CARTESIAN_POINT('Ctrl Pts',(-25.2441536157946,-19.6058751670896,-13.136870381763));
#8302=CARTESIAN_POINT('Ctrl Pts',(-25.2702878556384,-19.4203361631873,-12.7425920486952));
#8303=CARTESIAN_POINT('Ctrl Pts',(-25.2781040327401,-19.3623615912035,-12.563469571325));
#8304=CARTESIAN_POINT('Ctrl Pts',(-25.288238934576,-19.2866469965615,-12.1956947843738));
#8305=CARTESIAN_POINT('Ctrl Pts',(-25.290532319963,-19.2690574945128,-12.0081529482534));
#8306=CARTESIAN_POINT('Ctrl Pts',(-25.290532319963,-19.2690574945128,-11.8203414405228));
#8307=CARTESIAN_POINT('',(-27.9550108427783,-21.5345689440672,-10.9999999999983));
#8308=CARTESIAN_POINT('Ctrl Pts',(-24.9825451658815,-21.0979613853553,-14.0000000019484));
#8309=CARTESIAN_POINT('Ctrl Pts',(-26.2416731074482,-21.284632145447,-13.3339100456914));
#8310=CARTESIAN_POINT('Ctrl Pts',(-27.2940000827984,-21.4383078195547,-12.2727984194122));
#8311=CARTESIAN_POINT('Ctrl Pts',(-27.9550108427783,-21.5345689440672,-10.9999999999959));
#8312=CARTESIAN_POINT('',(-26.6311103085737,-19.4455479349241,-10.1673646817203));
#8313=CARTESIAN_POINT('Origin',(-26.3969896542938,-21.2238708575691,-10.1673646817174));
#8314=CARTESIAN_POINT('Ctrl Pts',(-25.2896116737935,-19.2689362891452,-11.8192008125747));
#8315=CARTESIAN_POINT('Ctrl Pts',(-25.8399371841554,-19.3413880170704,-11.3659719192669));
#8316=CARTESIAN_POINT('Ctrl Pts',(-26.3007143698335,-19.4020504843962,-10.8018302589036));
#8317=CARTESIAN_POINT('Ctrl Pts',(-26.631110308575,-19.4455479349242,-10.167364681721));
#8318=CARTESIAN_POINT('Origin',(0.534120654283084,-17.6783229226432,4.09999999997651));
#8319=CARTESIAN_POINT('',(-27.9550108427446,-21.5345689440628,19.2000000000105));
#8320=CARTESIAN_POINT('',(-26.1811063488135,-19.3863037896974,19.2));
#8321=CARTESIAN_POINT('Ctrl Pts',(-27.95501084275,-21.5345689440638,19.2));
#8322=CARTESIAN_POINT('Ctrl Pts',(-27.9619866219446,-21.4995883237651,19.2));
#8323=CARTESIAN_POINT('Ctrl Pts',(-27.9676518295956,-21.465005985503,19.2));
#8324=CARTESIAN_POINT('Ctrl Pts',(-27.9720975034707,-21.4312377398827,19.2));
#8325=CARTESIAN_POINT('Ctrl Pts',(-27.9998268509078,-21.2206124350441,19.2));
#8326=CARTESIAN_POINT('Ctrl Pts',(-27.9787217475287,-20.9665562166829,19.2));
#8327=CARTESIAN_POINT('Ctrl Pts',(-27.8545007141616,-20.545747486955,19.2));
#8328=CARTESIAN_POINT('Ctrl Pts',(-27.7240120014053,-20.3075687020122,19.2));
#8329=CARTESIAN_POINT('Ctrl Pts',(-27.423089605773,-19.9444597497567,19.2));
#8330=CARTESIAN_POINT('Ctrl Pts',(-27.1935328244894,-19.7602430289995,19.2));
#8331=CARTESIAN_POINT('Ctrl Pts',(-26.7456349080658,-19.5169838825357,19.2));
#8332=CARTESIAN_POINT('Ctrl Pts',(-26.4432600403724,-19.4208169779429,19.2));
#8333=CARTESIAN_POINT('Ctrl Pts',(-26.1811063488135,-19.3863037896974,19.2));
#8334=CARTESIAN_POINT('Origin',(0.300000000000007,-15.8999999999987,4.09999999997651));
#8335=CARTESIAN_POINT('Origin',(0.547783803003529,-17.7821048407293,4.09999999997651));
#8336=CARTESIAN_POINT('Origin',(0.300000000000007,-15.8999999999987,4.09999999997651));
#8337=CARTESIAN_POINT('',(-26.9868416460827,-25.1478255764487,-11.0000000000007));
#8338=CARTESIAN_POINT('Origin',(0.299999999999464,-15.8999999999989,-11.0000000000007));
#8339=CARTESIAN_POINT('',(-26.9868416460536,-25.1478255764367,19.2000000000105));
#8340=CARTESIAN_POINT('Origin',(-0.426465352317963,-14.1461574938385,4.09999999997651));
#8341=CARTESIAN_POINT('Origin',(0.300000000000274,-15.8999999999986,19.2000000000105));
#8342=CARTESIAN_POINT('Origin',(0.300000000000006,-15.8999999999987,-7.6961682589258));
#8343=CARTESIAN_POINT('Ctrl Pts',(-26.9868416460827,-25.1478255764487,-11.0000000000007));
#8344=CARTESIAN_POINT('Ctrl Pts',(-26.366258825985,-24.9006847169335,-12.2727987219824));
#8345=CARTESIAN_POINT('Ctrl Pts',(-25.3780798681526,-24.507608572947,-13.3339096929139));
#8346=CARTESIAN_POINT('Ctrl Pts',(-24.1943070817524,-24.0397059765526,-14.0000000002079));
#8347=CARTESIAN_POINT('Origin',(-0.386407027162506,-14.2428668457147,4.09999999997651));
#8348=CARTESIAN_POINT('',(-24.3764627132393,-26.1213255272164,19.2));
#8349=CARTESIAN_POINT('Ctrl Pts',(-24.3764627132393,-26.1213255272164,19.2));
#8350=CARTESIAN_POINT('Ctrl Pts',(-24.6207510639479,-26.2225130752096,19.2));
#8351=CARTESIAN_POINT('Ctrl Pts',(-24.9306988331327,-26.2904175266757,19.2));
#8352=CARTESIAN_POINT('Ctrl Pts',(-25.4402193802896,-26.3036978843469,19.2));
#8353=CARTESIAN_POINT('Ctrl Pts',(-25.7311297448707,-26.2589399150111,19.2));
#8354=CARTESIAN_POINT('Ctrl Pts',(-26.1732906601837,-26.0949395358325,19.2));
#8355=CARTESIAN_POINT('Ctrl Pts',(-26.4053865928092,-25.9539150138076,19.2));
#8356=CARTESIAN_POINT('Ctrl Pts',(-26.7233695282534,-25.6515944804126,19.2));
#8357=CARTESIAN_POINT('Ctrl Pts',(-26.8686751931098,-25.4421278930119,19.2));
#8358=CARTESIAN_POINT('Ctrl Pts',(-26.9499735262182,-25.2458563546232,19.2));
#8359=CARTESIAN_POINT('Ctrl Pts',(-26.9630075825156,-25.2143893591373,19.2));
#8360=CARTESIAN_POINT('Ctrl Pts',(-26.9753925379032,-25.1816075718546,19.2));
#8361=CARTESIAN_POINT('Ctrl Pts',(-26.9868416460588,-25.1478255764384,19.2));
#8362=CARTESIAN_POINT('',(-24.7957996468114,-26.2950205723059,-10.1673646817174));
#8363=CARTESIAN_POINT('Origin',(-25.482206673971,-24.6378874180208,-10.1673646817203));
#8364=CARTESIAN_POINT('Origin',(0.300000000000006,-15.8999999999987,4.09999999997651));
#8365=CARTESIAN_POINT('Ctrl Pts',(-26.9868416460827,-25.1478255764487,-11.0000000000007));
#8366=CARTESIAN_POINT('Ctrl Pts',(-26.366258825985,-24.9006847169335,-12.2727987219824));
#8367=CARTESIAN_POINT('Ctrl Pts',(-25.3780798681526,-24.507608572947,-13.3339096929139));
#8368=CARTESIAN_POINT('Ctrl Pts',(-24.1943070817524,-24.0397059765526,-14.0000000002079));
#8369=CARTESIAN_POINT('Ctrl Pts',(-26.80076674777,-25.6721987623645,-11.0151049353816));
#8370=CARTESIAN_POINT('Ctrl Pts',(-26.1748852432408,-25.4211492373799,-12.2935340017608));
#8371=CARTESIAN_POINT('Ctrl Pts',(-25.1817723489778,-25.0232371501499,-13.3537089526483));
#8372=CARTESIAN_POINT('Ctrl Pts',(-23.992511205632,-24.5490000161549,-14.0161901028905));
#8373=CARTESIAN_POINT('Ctrl Pts',(-26.0710865545401,-26.4404132067789,-10.8154329020752));
#8374=CARTESIAN_POINT('Ctrl Pts',(-25.4837630670659,-26.1996612520784,-12.0145390277656));
#8375=CARTESIAN_POINT('Ctrl Pts',(-24.5487746352414,-25.816468486066,-13.0100268335257));
#8376=CARTESIAN_POINT('Ctrl Pts',(-23.4360842047824,-25.36118041055,-13.6273520529896));
#8377=CARTESIAN_POINT('Ctrl Pts',(-25.1372490397871,-26.4364535417405,-10.3614841391008));
#8378=CARTESIAN_POINT('Ctrl Pts',(-24.6380609497328,-26.2296536798914,-11.3874254207198));
#8379=CARTESIAN_POINT('Ctrl Pts',(-23.8430427346709,-25.9004379141579,-12.2416997015161));
#8380=CARTESIAN_POINT('Ctrl Pts',(-22.8936775118585,-25.5071357867183,-12.7755736844867));
#8381=CARTESIAN_POINT('Ctrl Pts',(-24.7957996468097,-26.2950205723052,-10.167364681721));
#8382=CARTESIAN_POINT('Ctrl Pts',(-24.3338203734333,-26.1036624917374,-11.1193912663666));
#8383=CARTESIAN_POINT('Ctrl Pts',(-23.5982865563326,-25.7989944091103,-11.9130798803944));
#8384=CARTESIAN_POINT('Ctrl Pts',(-22.7177506211651,-25.434264482607,-12.411301373995));
#8385=CARTESIAN_POINT('',(-23.5465798306824,-25.7775767820801,-11.8203414440997));
#8386=CARTESIAN_POINT('Ctrl Pts',(-23.5465798327117,-25.7775767829206,-11.8203414405228));
#8387=CARTESIAN_POINT('Ctrl Pts',(-23.5465798327117,-25.7775767829206,-12.1787412818322));
#8388=CARTESIAN_POINT('Ctrl Pts',(-23.5714727810728,-25.7179699896317,-12.5078694678332));
#8389=CARTESIAN_POINT('Ctrl Pts',(-23.6544449302084,-25.5135864644406,-13.0490803199111));
#8390=CARTESIAN_POINT('Ctrl Pts',(-23.7093447464786,-25.3770155523448,-13.2798611272958));
#8391=CARTESIAN_POINT('Ctrl Pts',(-23.8370915243875,-25.0462231812922,-13.6376659455348));
#8392=CARTESIAN_POINT('Ctrl Pts',(-23.9046405159959,-24.8669699676936,-13.7706326878956));
#8393=CARTESIAN_POINT('Ctrl Pts',(-24.0125451270508,-24.5681628243412,-13.9072911222429));
#8394=CARTESIAN_POINT('Ctrl Pts',(-24.048972567551,-24.4653910332021,-13.9418709196555));
#8395=CARTESIAN_POINT('Ctrl Pts',(-24.1220662104166,-24.254696085622,-13.9882481399927));
#8396=CARTESIAN_POINT('Ctrl Pts',(-24.1584838240638,-24.1475066621377,-14.0000000000015));
#8397=CARTESIAN_POINT('Ctrl Pts',(-24.1943070821289,-24.0397059766778,-14.));
#8398=CARTESIAN_POINT('Ctrl Pts',(-24.7957996468114,-26.2950205723059,-10.1673646817174));
#8399=CARTESIAN_POINT('Ctrl Pts',(-24.4879197460478,-26.1674925418275,-10.8018300512639));
#8400=CARTESIAN_POINT('Ctrl Pts',(-24.0585435824439,-25.9896391115031,-11.3659718348097));
#8401=CARTESIAN_POINT('Ctrl Pts',(-23.5457218818017,-25.7772214080178,-11.8192007581382));
#8402=CARTESIAN_POINT('Origin',(0.300000000000009,-15.8999999999987,-10.));
#8403=CARTESIAN_POINT('Ctrl Pts',(-22.7757319311306,-27.4644493454284,-14.));
#8404=CARTESIAN_POINT('Ctrl Pts',(-22.8721110792862,-27.272134145616,-14.000000000027));
#8405=CARTESIAN_POINT('Ctrl Pts',(-22.9648070684,-27.080989106985,-13.9579042599039));
#8406=CARTESIAN_POINT('Ctrl Pts',(-23.1392855565276,-26.7106321177229,-13.7928265065776));
#8407=CARTESIAN_POINT('Ctrl Pts',(-23.2180802971798,-26.5373275322181,-13.6681321475662));
#8408=CARTESIAN_POINT('Ctrl Pts',(-23.357827450793,-26.2230528128838,-13.3410260665204));
#8409=CARTESIAN_POINT('Ctrl Pts',(-23.4146066161756,-26.0909139796872,-13.1368703817631));
#8410=CARTESIAN_POINT('Ctrl Pts',(-23.4878713812105,-25.9184611030348,-12.7425920486952));
#8411=CARTESIAN_POINT('Ctrl Pts',(-23.5104261518969,-25.8644849421814,-12.5634695713249));
#8412=CARTESIAN_POINT('Ctrl Pts',(-23.5398120944127,-25.7939733654051,-12.1956947843738));
#8413=CARTESIAN_POINT('Ctrl Pts',(-23.5465798327117,-25.7775767829206,-12.0081529482536));
#8414=CARTESIAN_POINT('Ctrl Pts',(-23.5465798327117,-25.7775767829206,-11.8203414405228));
#8415=CARTESIAN_POINT('Origin',(0.300000000000009,-15.8999999999987,-10.));
#8416=CARTESIAN_POINT('Ctrl Pts',(-25.290532319963,-19.2690574945128,-11.8203414405228));
#8417=CARTESIAN_POINT('Ctrl Pts',(-25.290532319963,-19.2690574945128,-12.1787412818323));
#8418=CARTESIAN_POINT('Ctrl Pts',(-25.2991496883568,-19.2050389843281,-12.5078694678332));
#8419=CARTESIAN_POINT('Ctrl Pts',(-25.3263962812449,-18.9861448864687,-13.0490803199111));
#8420=CARTESIAN_POINT('Ctrl Pts',(-25.3440782785814,-18.8400183973321,-13.2798611272958));
#8421=CARTESIAN_POINT('Ctrl Pts',(-25.3818568249857,-18.4874342039197,-13.6376659455348));
#8422=CARTESIAN_POINT('Ctrl Pts',(-25.400709994945,-18.2968059299538,-13.7706326878956));
#8423=CARTESIAN_POINT('Ctrl Pts',(-25.4276008660263,-17.9802526247146,-13.9072911222429));
#8424=CARTESIAN_POINT('Ctrl Pts',(-25.4361877747449,-17.8715545820736,-13.9418709196555));
#8425=CARTESIAN_POINT('Ctrl Pts',(-25.4522589469858,-17.6491208638878,-13.9882481399927));
#8426=CARTESIAN_POINT('Ctrl Pts',(-25.4596929963081,-17.5361582594503,-14.0000000000015));
#8427=CARTESIAN_POINT('Ctrl Pts',(-25.4663947359829,-17.422759051828,-14.));
#8428=CARTESIAN_POINT('Ctrl Pts',(-22.775731927807,-27.4644493437628,-14.0000000019484));
#8429=CARTESIAN_POINT('Ctrl Pts',(-23.943642177293,-27.9706457434465,-13.3339100456914));
#8430=CARTESIAN_POINT('Ctrl Pts',(-24.9203377892564,-28.3914473088353,-12.2727984194122));
#8431=CARTESIAN_POINT('Ctrl Pts',(-25.5339109414491,-28.65551058877,-10.9999999999959));
#8432=CARTESIAN_POINT('Ctrl Pts',(-22.9931659643886,-26.9616328423247,-14.0161901046205));
#8433=CARTESIAN_POINT('Ctrl Pts',(-24.1694362583814,-27.4672309022405,-13.353709303525));
#8434=CARTESIAN_POINT('Ctrl Pts',(-25.1530402244803,-27.8881017591959,-12.2935336978521));
#8435=CARTESIAN_POINT('Ctrl Pts',(-25.7731239546771,-28.1531479307311,-11.0151049353768));
#8436=CARTESIAN_POINT('Ctrl Pts',(-23.1740037310793,-25.9938867861367,-13.6273433794644));
#8437=CARTESIAN_POINT('Ctrl Pts',(-24.2827313825091,-26.4587402048949,-13.0100184853561));
#8438=CARTESIAN_POINT('Ctrl Pts',(-25.2148224508085,-26.848917445957,-12.0145338616777));
#8439=CARTESIAN_POINT('Ctrl Pts',(-25.8003600721111,-27.0939804686914,-10.8154280210348));
#8440=CARTESIAN_POINT('Ctrl Pts',(-22.8936775093772,-25.5071357856906,-12.7755736858819));
#8441=CARTESIAN_POINT('Ctrl Pts',(-23.8430861984834,-25.9003315644805,-12.2416999842742));
#8442=CARTESIAN_POINT('Ctrl Pts',(-24.6380402902332,-26.2297038919865,-11.3874251768326));
#8443=CARTESIAN_POINT('Ctrl Pts',(-25.137249039789,-26.4364535417413,-10.361484139097));
#8444=CARTESIAN_POINT('Ctrl Pts',(-22.7177506188643,-25.434264481654,-12.4113013752969));
#8445=CARTESIAN_POINT('Ctrl Pts',(-23.5982860911082,-25.798994216408,-11.9130801442645));
#8446=CARTESIAN_POINT('Ctrl Pts',(-24.3338204832561,-26.1036625372275,-11.1193910400505));
#8447=CARTESIAN_POINT('Ctrl Pts',(-24.7957996468114,-26.2950205723059,-10.1673646817174));
#8448=CARTESIAN_POINT('Ctrl Pts',(-22.775731927807,-27.4644493437628,-14.0000000019484));
#8449=CARTESIAN_POINT('Ctrl Pts',(-23.943642177293,-27.9706457434465,-13.3339100456914));
#8450=CARTESIAN_POINT('Ctrl Pts',(-24.9203377892564,-28.3914473088353,-12.2727984194122));
#8451=CARTESIAN_POINT('Ctrl Pts',(-25.5339109414491,-28.65551058877,-10.9999999999959));
#8452=CARTESIAN_POINT('Origin',(-24.1093926196489,-27.9521537265898,-10.1673646817174));
#8453=CARTESIAN_POINT('Origin',(0.986407027162517,-17.5571331542826,4.09999999997651));
#8454=CARTESIAN_POINT('Ctrl Pts',(-25.5339109414226,-28.6555105887595,19.2));
#8455=CARTESIAN_POINT('Ctrl Pts',(-25.549702677448,-28.6235273687033,19.2));
#8456=CARTESIAN_POINT('Ctrl Pts',(-25.5641254155958,-28.5915896586771,19.2));
#8457=CARTESIAN_POINT('Ctrl Pts',(-25.5771594718932,-28.5601226631911,19.2));
#8458=CARTESIAN_POINT('Ctrl Pts',(-25.6584578050016,-28.3638511248024,19.2));
#8459=CARTESIAN_POINT('Ctrl Pts',(-25.7038264284199,-28.1129892594546,19.2));
#8460=CARTESIAN_POINT('Ctrl Pts',(-25.6927514377213,-27.6743684702449,19.2));
#8461=CARTESIAN_POINT('Ctrl Pts',(-25.6283542257133,-27.4105324665622,19.2));
#8462=CARTESIAN_POINT('Ctrl Pts',(-25.4316650243542,-26.9819117047344,19.2));
#8463=CARTESIAN_POINT('Ctrl Pts',(-25.2576089964709,-26.7445583495921,19.2));
#8464=CARTESIAN_POINT('Ctrl Pts',(-24.8879329314565,-26.3936635465095,19.2));
#8465=CARTESIAN_POINT('Ctrl Pts',(-24.6207510639479,-26.2225130752096,19.2));
#8466=CARTESIAN_POINT('Ctrl Pts',(-24.3764627132393,-26.1213255272164,19.2));
#8467=CARTESIAN_POINT('Origin',(0.300000000000005,-15.8999999999987,-7.6961682589258));
#8468=CARTESIAN_POINT('Ctrl Pts',(-7.83970597533132,-40.3943070786578,-14.0000000019484));
#8469=CARTESIAN_POINT('Ctrl Pts',(-8.3076083257316,-41.5780792427152,-13.3339100456914));
#8470=CARTESIAN_POINT('Ctrl Pts',(-8.7006847756857,-42.56625897351,-12.2727984194122));
#8471=CARTESIAN_POINT('Ctrl Pts',(-8.94782557645093,-43.1868416460837,-10.9999999999959));
#8472=CARTESIAN_POINT('Ctrl Pts',(-8.34900001491826,-40.1925112025261,-14.0161901046205));
#8473=CARTESIAN_POINT('Ctrl Pts',(-8.82323689958767,-41.3817717206379,-13.353709303525));
#8474=CARTESIAN_POINT('Ctrl Pts',(-9.22114929706127,-42.3748853920254,-12.2935336978521));
#8475=CARTESIAN_POINT('Ctrl Pts',(-9.47219876236677,-43.000766747771,-11.0151049353768));
#8476=CARTESIAN_POINT('Ctrl Pts',(-9.16118040936116,-39.6360842018728,-13.627352054603));
#8477=CARTESIAN_POINT('Ctrl Pts',(-9.61646824551455,-40.7487740473496,-13.0100271604946));
#8478=CARTESIAN_POINT('Ctrl Pts',(-9.9996613093118,-41.6837632066844,-12.0145387427137));
#8479=CARTESIAN_POINT('Ctrl Pts',(-10.2404132067811,-42.2710865545409,-10.8154329020707));
#8480=CARTESIAN_POINT('Ctrl Pts',(-9.30713578569186,-39.0936775093759,-12.7755736858819));
#8481=CARTESIAN_POINT('Ctrl Pts',(-9.70043770635996,-40.0430422330766,-12.2416999842742));
#8482=CARTESIAN_POINT('Ctrl Pts',(-10.0296537290536,-40.8380610683996,-11.3874251768326));
#8483=CARTESIAN_POINT('Ctrl Pts',(-10.2364535417426,-41.3372490397876,-10.361484139097));
#8484=CARTESIAN_POINT('Ctrl Pts',(-9.23426448165527,-38.9177506188629,-12.4113013752969));
#8485=CARTESIAN_POINT('Ctrl Pts',(-9.5989942164093,-39.7982860911069,-11.9130801442645));
#8486=CARTESIAN_POINT('Ctrl Pts',(-9.9036625372288,-40.5338204832547,-11.1193910400505));
#8487=CARTESIAN_POINT('Ctrl Pts',(-10.0950205723072,-40.9957996468101,-10.1673646817174));
#8488=CARTESIAN_POINT('',(-9.57757678284856,-39.7465798325333,-11.820341440835));
#8489=CARTESIAN_POINT('Ctrl Pts',(-7.8397059765037,-40.3943070821858,-14.));
#8490=CARTESIAN_POINT('Ctrl Pts',(-8.04384370764208,-40.3264700494989,-14.000000000027));
#8491=CARTESIAN_POINT('Ctrl Pts',(-8.2445496231394,-40.256856058984,-13.9579042599039));
#8492=CARTESIAN_POINT('Ctrl Pts',(-8.62980648383268,-40.1183490425431,-13.7928265065777));
#8493=CARTESIAN_POINT('Ctrl Pts',(-8.80806762689089,-40.051520490359,-13.6681321475662));
#8494=CARTESIAN_POINT('Ctrl Pts',(-9.12910957205909,-39.9281108651336,-13.3410260665204));
#8495=CARTESIAN_POINT('Ctrl Pts',(-9.2626947699426,-39.8748235329944,-13.1368703817631));
#8496=CARTESIAN_POINT('Ctrl Pts',(-9.4364433806368,-39.8046869466566,-12.7425920486952));
#8497=CARTESIAN_POINT('Ctrl Pts',(-9.49055892129917,-39.7824686685952,-12.5634695713249));
#8498=CARTESIAN_POINT('Ctrl Pts',(-9.5611971346143,-39.7533884537289,-12.1956947843738));
#8499=CARTESIAN_POINT('Ctrl Pts',(-9.57757678292193,-39.7465798327104,-12.0081529482535));
#8500=CARTESIAN_POINT('Ctrl Pts',(-9.57757678292193,-39.7465798327104,-11.8203414405228));
#8501=CARTESIAN_POINT('',(-8.94782557645093,-43.1868416460837,-10.9999999999983));
#8502=CARTESIAN_POINT('Ctrl Pts',(-7.83970597533132,-40.3943070786578,-14.0000000019484));
#8503=CARTESIAN_POINT('Ctrl Pts',(-8.3076083257316,-41.5780792427152,-13.3339100456914));
#8504=CARTESIAN_POINT('Ctrl Pts',(-8.7006847756857,-42.56625897351,-12.2727984194122));
#8505=CARTESIAN_POINT('Ctrl Pts',(-8.94782557645093,-43.1868416460837,-10.9999999999959));
#8506=CARTESIAN_POINT('',(-10.095020572306,-40.9957996468072,-10.1673646817203));
#8507=CARTESIAN_POINT('Origin',(-8.43788741802328,-41.6822066739726,-10.1673646817174));
#8508=CARTESIAN_POINT('Ctrl Pts',(-9.5772214267637,-39.7457219270538,-11.8192008125766));
#8509=CARTESIAN_POINT('Ctrl Pts',(-9.78963914501374,-40.2585436633414,-11.3659719192684));
#8510=CARTESIAN_POINT('Ctrl Pts',(-9.9674925000927,-40.6879196452865,-10.8018302589044));
#8511=CARTESIAN_POINT('Ctrl Pts',(-10.0950205723065,-40.9957996468084,-10.167364681721));
#8512=CARTESIAN_POINT('Origin',(1.95713315428393,-16.5864070271612,4.09999999997651));
#8513=CARTESIAN_POINT('',(-8.94782557643797,-43.1868416460523,19.2000000000105));
#8514=CARTESIAN_POINT('',(-9.92132552721768,-40.576462713238,19.2));
#8515=CARTESIAN_POINT('Ctrl Pts',(-8.94782557643973,-43.1868416460575,19.2));
#8516=CARTESIAN_POINT('Ctrl Pts',(-8.98160757185586,-43.1753925379019,19.2));
#8517=CARTESIAN_POINT('Ctrl Pts',(-9.01438935913857,-43.1630075825143,19.2));
#8518=CARTESIAN_POINT('Ctrl Pts',(-9.04585635462453,-43.1499735262169,19.2));
#8519=CARTESIAN_POINT('Ctrl Pts',(-9.24212789301321,-43.0686751931085,19.2));
#8520=CARTESIAN_POINT('Ctrl Pts',(-9.4515944804139,-42.9233695282521,19.2));
#8521=CARTESIAN_POINT('Ctrl Pts',(-9.75391501380893,-42.6053865928079,19.2));
#8522=CARTESIAN_POINT('Ctrl Pts',(-9.89493953583377,-42.3732906601824,19.2));
#8523=CARTESIAN_POINT('Ctrl Pts',(-10.0589399150124,-41.9311297448694,19.2));
#8524=CARTESIAN_POINT('Ctrl Pts',(-10.1036978843482,-41.6402193802883,19.2));
#8525=CARTESIAN_POINT('Ctrl Pts',(-10.090417526677,-41.1306988331314,19.2));
#8526=CARTESIAN_POINT('Ctrl Pts',(-10.0225130752109,-40.8207510639465,19.2));
#8527=CARTESIAN_POINT('Ctrl Pts',(-9.92132552721768,-40.576462713238,19.2));
#8528=CARTESIAN_POINT('Origin',(0.300000000000002,-15.8999999999987,4.09999999997651));
#8529=CARTESIAN_POINT('Origin',(2.05384250616019,-16.6264653523166,4.09999999997651));
#8530=CARTESIAN_POINT('Origin',(0.300000000000005,-15.8999999999987,4.09999999997651));
#8531=CARTESIAN_POINT('',(-5.33456894406817,-44.1550108427745,-11.0000000000007));
#8532=CARTESIAN_POINT('Origin',(0.299999999999909,-15.8999999999992,-11.0000000000007));
#8533=CARTESIAN_POINT('',(-5.33456894406406,-44.1550108427433,19.2000000000105));
#8534=CARTESIAN_POINT('Origin',(-1.58210484073067,-15.6522161969952,4.09999999997651));
#8535=CARTESIAN_POINT('Origin',(0.300000000000085,-15.8999999999984,19.2000000000105));
#8536=CARTESIAN_POINT('Origin',(0.3,-15.8999999999987,-7.6961682589258));
#8537=CARTESIAN_POINT('Ctrl Pts',(-5.33456894406816,-44.1550108427745,-11.0000000000007));
#8538=CARTESIAN_POINT('Ctrl Pts',(-5.23830779667259,-43.4939999256601,-12.2727987219824));
#8539=CARTESIAN_POINT('Ctrl Pts',(-5.08463224407035,-42.4416737726988,-13.3339096929139));
#8540=CARTESIAN_POINT('Ctrl Pts',(-4.89796138584443,-41.1825451691703,-14.0000000002079));
#8541=CARTESIAN_POINT('Origin',(-1.47832292264458,-15.6658793457156,4.09999999997651));
#8542=CARTESIAN_POINT('',(-3.18630378969874,-42.3811063488122,19.2));
#8543=CARTESIAN_POINT('Ctrl Pts',(-3.18630378969874,-42.3811063488122,19.2));
#8544=CARTESIAN_POINT('Ctrl Pts',(-3.22081697794422,-42.6432600403711,19.2));
#8545=CARTESIAN_POINT('Ctrl Pts',(-3.31698388253699,-42.9456349080645,19.2));
#8546=CARTESIAN_POINT('Ctrl Pts',(-3.56024302900084,-43.3935328244881,19.2));
#8547=CARTESIAN_POINT('Ctrl Pts',(-3.744459749758,-43.6230896057717,19.2));
#8548=CARTESIAN_POINT('Ctrl Pts',(-4.10756870201347,-43.924012001404,19.2));
#8549=CARTESIAN_POINT('Ctrl Pts',(-4.34574748695629,-44.0545007141603,19.2));
#8550=CARTESIAN_POINT('Ctrl Pts',(-4.76655621668415,-44.1787217475274,19.2));
#8551=CARTESIAN_POINT('Ctrl Pts',(-5.02061243504536,-44.1998268509065,19.2));
#8552=CARTESIAN_POINT('Ctrl Pts',(-5.23123773988402,-44.1720975034694,19.2));
#8553=CARTESIAN_POINT('Ctrl Pts',(-5.26500598550435,-44.1676518295943,19.2));
#8554=CARTESIAN_POINT('Ctrl Pts',(-5.2995883237664,-44.1619866219433,19.2));
#8555=CARTESIAN_POINT('Ctrl Pts',(-5.33456894406513,-44.1550108427487,19.2));
#8556=CARTESIAN_POINT('',(-3.2455479349258,-42.8311103085755,-10.1673646817174));
#8557=CARTESIAN_POINT('Origin',(-5.02387085756996,-42.5969896542893,-10.1673646817203));
#8558=CARTESIAN_POINT('Origin',(0.300000000000002,-15.8999999999987,4.09999999997651));
#8559=CARTESIAN_POINT('Ctrl Pts',(-5.33456894406816,-44.1550108427745,-11.0000000000007));
#8560=CARTESIAN_POINT('Ctrl Pts',(-5.23830779667259,-43.4939999256601,-12.2727987219824));
#8561=CARTESIAN_POINT('Ctrl Pts',(-5.08463224407035,-42.4416737726988,-13.3339096929139));
#8562=CARTESIAN_POINT('Ctrl Pts',(-4.89796138584443,-41.1825451691703,-14.0000000002079));
#8563=CARTESIAN_POINT('Ctrl Pts',(-4.78741099484534,-44.256051846787,-11.0151049353816));
#8564=CARTESIAN_POINT('Ctrl Pts',(-4.69188550882541,-43.5884978016136,-12.2935340017608));
#8565=CARTESIAN_POINT('Ctrl Pts',(-4.53993103770796,-42.5294807627409,-13.3537089526483));
#8566=CARTESIAN_POINT('Ctrl Pts',(-4.35600187149271,-41.2624318338722,-14.0161901028905));
#8567=CARTESIAN_POINT('Ctrl Pts',(-3.75726679356921,-44.0082537206676,-10.8154406108142));
#8568=CARTESIAN_POINT('Ctrl Pts',(-3.67210235861349,-43.3792406829254,-12.0145467365047));
#8569=CARTESIAN_POINT('Ctrl Pts',(-3.53646234175654,-42.3779130483366,-13.0100405343836));
#8570=CARTESIAN_POINT('Ctrl Pts',(-3.37440816596409,-41.1866508312533,-13.6273657538474));
#8571=CARTESIAN_POINT('Ctrl Pts',(-3.29378808695062,-43.1975306417165,-10.3614841391008));
#8572=CARTESIAN_POINT('Ctrl Pts',(-3.22328797578393,-42.6618211435383,-11.3874254207198));
#8573=CARTESIAN_POINT('Ctrl Pts',(-3.11088808470445,-41.8087072899566,-12.2416997015161));
#8574=CARTESIAN_POINT('Ctrl Pts',(-2.97681510702342,-40.7898818258118,-12.7755736844867));
#8575=CARTESIAN_POINT('Ctrl Pts',(-3.24554793492556,-42.8311103085737,-10.167364681721));
#8576=CARTESIAN_POINT('Ctrl Pts',(-3.18027925722848,-42.335345481524,-11.1193912663667));
#8577=CARTESIAN_POINT('Ctrl Pts',(-3.07636264795554,-41.5460204692586,-11.9130798803944));
#8578=CARTESIAN_POINT('Ctrl Pts',(-2.95196006224405,-40.6010890172069,-12.411301373995));
#8579=CARTESIAN_POINT('',(-3.0690574942274,-41.490532317784,-11.8203414440997));
#8580=CARTESIAN_POINT('Ctrl Pts',(-3.0690574945141,-41.4905323199617,-11.8203414405228));
#8581=CARTESIAN_POINT('Ctrl Pts',(-3.0690574945141,-41.4905323199617,-12.178741281832));
#8582=CARTESIAN_POINT('Ctrl Pts',(-3.13312496592092,-41.482286848973,-12.507869467833));
#8583=CARTESIAN_POINT('Ctrl Pts',(-3.35161236541922,-41.4519510753355,-13.0490803199111));
#8584=CARTESIAN_POINT('Ctrl Pts',(-3.49733615284733,-41.4312102548407,-13.2798611272958));
#8585=CARTESIAN_POINT('Ctrl Pts',(-3.84768413851144,-41.376446024235,-13.6376659455348));
#8586=CARTESIAN_POINT('Ctrl Pts',(-4.03669647100203,-41.3453185601686,-13.7706326878956));
#8587=CARTESIAN_POINT('Ctrl Pts',(-4.34942335350498,-41.2893631228514,-13.9072911222429));
#8588=CARTESIAN_POINT('Ctrl Pts',(-4.45664005567393,-41.2695243161499,-13.9418709196555));
#8589=CARTESIAN_POINT('Ctrl Pts',(-4.67565405416013,-41.2274777939367,-13.9882481399927));
#8590=CARTESIAN_POINT('Ctrl Pts',(-4.78669162473807,-41.2054216607582,-14.0000000000015));
#8591=CARTESIAN_POINT('Ctrl Pts',(-4.89796138592432,-41.1825451695589,-14.));
#8592=CARTESIAN_POINT('Ctrl Pts',(-3.2455479349258,-42.8311103085755,-10.1673646817174));
#8593=CARTESIAN_POINT('Ctrl Pts',(-3.20205049863292,-42.5007144779609,-10.8018300512631));
#8594=CARTESIAN_POINT('Ctrl Pts',(-3.14138800564227,-42.039937097339,-11.3659718348082));
#8595=CARTESIAN_POINT('Ctrl Pts',(-3.06893628275307,-41.4896116252293,-11.8192007581363));
#8596=CARTESIAN_POINT('Origin',(0.300000000000009,-15.8999999999987,-10.));
#8597=CARTESIAN_POINT('Ctrl Pts',(-1.22275905164482,-41.6663947359924,-14.));
#8598=CARTESIAN_POINT('Ctrl Pts',(-1.43749847429406,-41.653703926784,-14.000000000027));
#8599=CARTESIAN_POINT('Ctrl Pts',(-1.64938292811276,-41.63840848887,-13.9579042599039));
#8600=CARTESIAN_POINT('Ctrl Pts',(-2.05736073334666,-41.6043327973714,-13.7928265065776));
#8601=CARTESIAN_POINT('Ctrl Pts',(-2.2468442773123,-41.5859187517084,-13.6681321475662));
#8602=CARTESIAN_POINT('Ctrl Pts',(-2.58888774482962,-41.5498059771769,-13.3410260665204));
#8603=CARTESIAN_POINT('Ctrl Pts',(-2.73171291389558,-41.5329087602056,-13.136870381763));
#8604=CARTESIAN_POINT('Ctrl Pts',(-2.91769386854965,-41.5101314696019,-12.7425920486952));
#8605=CARTESIAN_POINT('Ctrl Pts',(-2.97571598039069,-41.5026763935661,-12.5634695713249));
#8606=CARTESIAN_POINT('Ctrl Pts',(-3.05147376839777,-41.4928695779108,-12.1956947843738));
#8607=CARTESIAN_POINT('Ctrl Pts',(-3.0690574945141,-41.4905323199617,-12.0081529482535));
#8608=CARTESIAN_POINT('Ctrl Pts',(-3.0690574945141,-41.4905323199617,-11.8203414405228));
#8609=CARTESIAN_POINT('Origin',(0.300000000000009,-15.8999999999987,-10.));
#8610=CARTESIAN_POINT('Ctrl Pts',(-9.57757678292192,-39.7465798327104,-11.8203414405228));
#8611=CARTESIAN_POINT('Ctrl Pts',(-9.57757678292192,-39.7465798327104,-12.1787412818324));
#8612=CARTESIAN_POINT('Ctrl Pts',(-9.63732712325123,-39.7220334375608,-12.5078694678333));
#8613=CARTESIAN_POINT('Ctrl Pts',(-9.84051826917993,-39.6361826302389,-13.0490803199111));
#8614=CARTESIAN_POINT('Ctrl Pts',(-9.97590851960628,-39.5784324445536,-13.2798611272958));
#8615=CARTESIAN_POINT('Ctrl Pts',(-10.3001446612765,-39.4348575287516,-13.6376659455348));
#8616=CARTESIAN_POINT('Ctrl Pts',(-10.4746601741902,-39.3558707158952,-13.7706326878956));
#8617=CARTESIAN_POINT('Ctrl Pts',(-10.7622488137199,-39.2208822407619,-13.9072911222429));
#8618=CARTESIAN_POINT('Ctrl Pts',(-10.860677534348,-39.1739697005317,-13.9418709196555));
#8619=CARTESIAN_POINT('Ctrl Pts',(-11.0613463710755,-39.0766708848681,-13.9882481399926));
#8620=CARTESIAN_POINT('Ctrl Pts',(-11.1628918808572,-39.0266276582154,-14.0000000000015));
#8621=CARTESIAN_POINT('Ctrl Pts',(-11.2644493452645,-38.9757319312121,-14.));
#8622=CARTESIAN_POINT('Ctrl Pts',(5.49796138535668,-41.1825451658802,-14.0000000019484));
#8623=CARTESIAN_POINT('Ctrl Pts',(5.68463214544829,-42.4416731074469,-13.3339100456914));
#8624=CARTESIAN_POINT('Ctrl Pts',(5.83830781955603,-43.4940000827971,-12.2727984194122));
#8625=CARTESIAN_POINT('Ctrl Pts',(5.93456894406855,-44.155010842777,-10.9999999999959));
#8626=CARTESIAN_POINT('Ctrl Pts',(4.95600187101251,-41.2624318305646,-14.0161901046205));
#8627=CARTESIAN_POINT('Ctrl Pts',(5.13993094053314,-42.529480093302,-13.353709303525));
#8628=CARTESIAN_POINT('Ctrl Pts',(5.29188553153397,-43.588497960306,-12.2935336978521));
#8629=CARTESIAN_POINT('Ctrl Pts',(5.38741099484572,-44.2560518467895,-11.0151049353768));
#8630=CARTESIAN_POINT('Ctrl Pts',(3.97441073795463,-41.186648852384,-13.6273626505395));
#8631=CARTESIAN_POINT('Ctrl Pts',(4.13646482855015,-42.3779104431766,-13.0100377564311));
#8632=CARTESIAN_POINT('Ctrl Pts',(4.27210484456611,-43.379237153094,-12.0145447044797));
#8633=CARTESIAN_POINT('Ctrl Pts',(4.35726925927667,-44.0082500413082,-10.8154388638368));
#8634=CARTESIAN_POINT('Ctrl Pts',(3.57681510667289,-40.7898818231491,-12.7755736858819));
#8635=CARTESIAN_POINT('Ctrl Pts',(3.71088801386747,-41.8087067516647,-12.2416999842742));
#8636=CARTESIAN_POINT('Ctrl Pts',(3.8232879925434,-42.6618212708883,-11.3874251768326));
#8637=CARTESIAN_POINT('Ctrl Pts',(3.89378808695091,-43.1975306417185,-10.361484139097));
#8638=CARTESIAN_POINT('Ctrl Pts',(3.551960061919,-40.6010890147378,-12.4113013752969));
#8639=CARTESIAN_POINT('Ctrl Pts',(3.67636258222841,-41.5460199700113,-11.9130801442645));
#8640=CARTESIAN_POINT('Ctrl Pts',(3.78027927274433,-42.3353455993783,-11.1193910400505));
#8641=CARTESIAN_POINT('Ctrl Pts',(3.84554793492583,-42.8311103085755,-10.1673646817174));
#8642=CARTESIAN_POINT('',(3.66905749448908,-41.4905323197716,-11.820341440835));
#8643=CARTESIAN_POINT('Ctrl Pts',(5.49796138610535,-41.1825451695217,-14.));
#8644=CARTESIAN_POINT('Ctrl Pts',(5.28725440872516,-41.2258654414667,-14.000000000027));
#8645=CARTESIAN_POINT('Ctrl Pts',(5.07863099195722,-41.2659309149706,-13.9579042599039));
#8646=CARTESIAN_POINT('Ctrl Pts',(4.67573525539414,-41.3386087504771,-13.7928265065776));
#8647=CARTESIAN_POINT('Ctrl Pts',(4.48794230090597,-41.3698640981165,-13.6681321475662));
#8648=CARTESIAN_POINT('Ctrl Pts',(4.1482070080973,-41.423509200184,-13.3410260665204));
#8649=CARTESIAN_POINT('Ctrl Pts',(4.00587516709099,-41.4441536157933,-13.1368703817631));
#8650=CARTESIAN_POINT('Ctrl Pts',(3.82033616318863,-41.4702878556371,-12.7425920486952));
#8651=CARTESIAN_POINT('Ctrl Pts',(3.7623615912048,-41.4781040327387,-12.5634695713249));
#8652=CARTESIAN_POINT('Ctrl Pts',(3.68664699656282,-41.4882389345746,-12.1956947843738));
#8653=CARTESIAN_POINT('Ctrl Pts',(3.66905749451413,-41.4905323199617,-12.0081529482535));
#8654=CARTESIAN_POINT('Ctrl Pts',(3.66905749451413,-41.4905323199617,-11.8203414405228));
#8655=CARTESIAN_POINT('',(5.93456894406855,-44.1550108427769,-10.9999999999983));
#8656=CARTESIAN_POINT('Ctrl Pts',(5.49796138535668,-41.1825451658802,-14.0000000019484));
#8657=CARTESIAN_POINT('Ctrl Pts',(5.68463214544829,-42.4416731074469,-13.3339100456914));
#8658=CARTESIAN_POINT('Ctrl Pts',(5.83830781955603,-43.4940000827971,-12.2727984194122));
#8659=CARTESIAN_POINT('Ctrl Pts',(5.93456894406855,-44.155010842777,-10.9999999999959));
#8660=CARTESIAN_POINT('',(3.8455479349254,-42.8311103085724,-10.1673646817203));
#8661=CARTESIAN_POINT('Origin',(5.62387085757041,-42.5969896542924,-10.1673646817174));
#8662=CARTESIAN_POINT('Ctrl Pts',(3.66893628914646,-41.4896116737919,-11.8192008125749));
#8663=CARTESIAN_POINT('Ctrl Pts',(3.74138801707168,-42.0399371841539,-11.365971919267));
#8664=CARTESIAN_POINT('Ctrl Pts',(3.8020504843975,-42.5007143698321,-10.8018302589036));
#8665=CARTESIAN_POINT('Ctrl Pts',(3.84554793492556,-42.8311103085737,-10.167364681721));
#8666=CARTESIAN_POINT('Origin',(2.07832292264458,-15.6658793457156,4.09999999997651));
#8667=CARTESIAN_POINT('',(5.93456894406409,-44.1550108427433,19.2000000000105));
#8668=CARTESIAN_POINT('',(3.78630378969875,-42.3811063488122,19.2));
#8669=CARTESIAN_POINT('Ctrl Pts',(5.93456894406516,-44.1550108427487,19.2));
#8670=CARTESIAN_POINT('Ctrl Pts',(5.89958832376643,-44.1619866219433,19.2));
#8671=CARTESIAN_POINT('Ctrl Pts',(5.86500598550438,-44.1676518295943,19.2));
#8672=CARTESIAN_POINT('Ctrl Pts',(5.83123773988405,-44.1720975034693,19.2));
#8673=CARTESIAN_POINT('Ctrl Pts',(5.6206124350454,-44.1998268509065,19.2));
#8674=CARTESIAN_POINT('Ctrl Pts',(5.36655621668418,-44.1787217475274,19.2));
#8675=CARTESIAN_POINT('Ctrl Pts',(4.94574748695633,-44.0545007141603,19.2));
#8676=CARTESIAN_POINT('Ctrl Pts',(4.70756870201351,-43.924012001404,19.2));
#8677=CARTESIAN_POINT('Ctrl Pts',(4.34445974975803,-43.6230896057717,19.2));
#8678=CARTESIAN_POINT('Ctrl Pts',(4.16024302900087,-43.3935328244881,19.2));
#8679=CARTESIAN_POINT('Ctrl Pts',(3.91698388253702,-42.9456349080645,19.2));
#8680=CARTESIAN_POINT('Ctrl Pts',(3.82081697794425,-42.6432600403711,19.2));
#8681=CARTESIAN_POINT('Ctrl Pts',(3.78630378969877,-42.3811063488122,19.2));
#8682=CARTESIAN_POINT('Origin',(0.3,-15.8999999999987,4.09999999997651));
#8683=CARTESIAN_POINT('Origin',(2.18210484073067,-15.6522161969952,4.09999999997651));
#8684=CARTESIAN_POINT('Origin',(0.300000000000005,-15.8999999999987,4.09999999997651));
#8685=CARTESIAN_POINT('',(9.54782557645003,-43.1868416460814,-11.0000000000007));
#8686=CARTESIAN_POINT('Origin',(0.300000000000209,-15.8999999999992,-11.0000000000007));
#8687=CARTESIAN_POINT('',(9.547825576438,-43.1868416460523,19.2000000000105));
#8688=CARTESIAN_POINT('Origin',(-1.45384250616019,-16.6264653523166,4.09999999997651));
#8689=CARTESIAN_POINT('Origin',(0.299999999999943,-15.8999999999984,19.2000000000105));
#8690=CARTESIAN_POINT('Origin',(0.3,-15.8999999999987,-7.6961682589258));
#8691=CARTESIAN_POINT('Ctrl Pts',(9.54782557645004,-43.1868416460814,-11.0000000000007));
#8692=CARTESIAN_POINT('Ctrl Pts',(9.30068471693487,-42.5662588259837,-12.2727987219824));
#8693=CARTESIAN_POINT('Ctrl Pts',(8.90760857294834,-41.5780798681513,-13.3339096929139));
#8694=CARTESIAN_POINT('Ctrl Pts',(8.43970597655398,-40.394307081751,-14.0000000002079));
#8695=CARTESIAN_POINT('Origin',(-1.35713315428393,-16.5864070271612,4.09999999997651));
#8696=CARTESIAN_POINT('',(10.5213255272177,-40.5764627132379,19.2));
#8697=CARTESIAN_POINT('Ctrl Pts',(10.5213255272177,-40.576462713238,19.2));
#8698=CARTESIAN_POINT('Ctrl Pts',(10.622513075211,-40.8207510639465,19.2));
#8699=CARTESIAN_POINT('Ctrl Pts',(10.690417526677,-41.1306988331314,19.2));
#8700=CARTESIAN_POINT('Ctrl Pts',(10.7036978843482,-41.6402193802882,19.2));
#8701=CARTESIAN_POINT('Ctrl Pts',(10.6589399150124,-41.9311297448694,19.2));
#8702=CARTESIAN_POINT('Ctrl Pts',(10.4949395358338,-42.3732906601824,19.2));
#8703=CARTESIAN_POINT('Ctrl Pts',(10.353915013809,-42.6053865928079,19.2));
#8704=CARTESIAN_POINT('Ctrl Pts',(10.0515944804139,-42.9233695282521,19.2));
#8705=CARTESIAN_POINT('Ctrl Pts',(9.84212789301324,-43.0686751931085,19.2));
#8706=CARTESIAN_POINT('Ctrl Pts',(9.64585635462456,-43.1499735262169,19.2));
#8707=CARTESIAN_POINT('Ctrl Pts',(9.61438935913859,-43.1630075825143,19.2));
#8708=CARTESIAN_POINT('Ctrl Pts',(9.58160757185589,-43.1753925379019,19.2));
#8709=CARTESIAN_POINT('Ctrl Pts',(9.54782557643976,-43.1868416460575,19.2));
#8710=CARTESIAN_POINT('',(10.6950205723072,-40.9957996468101,-10.1673646817174));
#8711=CARTESIAN_POINT('Origin',(9.03788741802211,-41.6822066739697,-10.1673646817203));
#8712=CARTESIAN_POINT('Origin',(0.300000000000005,-15.8999999999987,4.09999999997651));
#8713=CARTESIAN_POINT('Ctrl Pts',(9.54782557645004,-43.1868416460814,-11.0000000000007));
#8714=CARTESIAN_POINT('Ctrl Pts',(9.30068471693487,-42.5662588259837,-12.2727987219824));
#8715=CARTESIAN_POINT('Ctrl Pts',(8.90760857294834,-41.5780798681513,-13.3339096929139));
#8716=CARTESIAN_POINT('Ctrl Pts',(8.43970597655398,-40.394307081751,-14.0000000002079));
#8717=CARTESIAN_POINT('Ctrl Pts',(10.0721987623659,-43.0007667477687,-11.0151049353816));
#8718=CARTESIAN_POINT('Ctrl Pts',(9.82114923738127,-42.3748852432395,-12.2935340017608));
#8719=CARTESIAN_POINT('Ctrl Pts',(9.42323715015126,-41.3817723489764,-13.3537089526483));
#8720=CARTESIAN_POINT('Ctrl Pts',(8.9490000161562,-40.1925112056307,-14.0161901028905));
#8721=CARTESIAN_POINT('Ctrl Pts',(10.8404095143398,-42.2710847398601,-10.815431279303));
#8722=CARTESIAN_POINT('Ctrl Pts',(10.5996575596393,-41.6837612523859,-12.0145374049934));
#8723=CARTESIAN_POINT('Ctrl Pts',(10.2164654990302,-40.7487742405971,-13.0100239493483));
#8724=CARTESIAN_POINT('Ctrl Pts',(9.76117742351411,-39.6360838101381,-13.6273491688122));
#8725=CARTESIAN_POINT('Ctrl Pts',(10.8364535417418,-41.3372490397858,-10.3614841391008));
#8726=CARTESIAN_POINT('Ctrl Pts',(10.6296536798927,-40.8380609497315,-11.3874254207198));
#8727=CARTESIAN_POINT('Ctrl Pts',(10.3004379141593,-40.0430427346695,-12.2416997015161));
#8728=CARTESIAN_POINT('Ctrl Pts',(9.90713578671967,-39.0936775118572,-12.7755736844867));
#8729=CARTESIAN_POINT('Ctrl Pts',(10.6950205723065,-40.9957996468084,-10.167364681721));
#8730=CARTESIAN_POINT('Ctrl Pts',(10.5036624917388,-40.533820373432,-11.1193912663666));
#8731=CARTESIAN_POINT('Ctrl Pts',(10.1989944091116,-39.7982865563312,-11.9130798803944));
#8732=CARTESIAN_POINT('Ctrl Pts',(9.83426448260834,-38.9177506211638,-12.411301373995));
#8733=CARTESIAN_POINT('',(10.1775767820814,-39.7465798306811,-11.8203414440997));
#8734=CARTESIAN_POINT('Ctrl Pts',(10.177576782922,-39.7465798327104,-11.8203414405228));
#8735=CARTESIAN_POINT('Ctrl Pts',(10.177576782922,-39.7465798327104,-12.1787412818319));
#8736=CARTESIAN_POINT('Ctrl Pts',(10.1179699896331,-39.7714727810715,-12.5078694678329));
#8737=CARTESIAN_POINT('Ctrl Pts',(9.91358646444198,-39.8544449302071,-13.0490803199111));
#8738=CARTESIAN_POINT('Ctrl Pts',(9.77701555234614,-39.9093447464773,-13.2798611272958));
#8739=CARTESIAN_POINT('Ctrl Pts',(9.4462231812935,-40.0370915243861,-13.6376659455348));
#8740=CARTESIAN_POINT('Ctrl Pts',(9.26696996769492,-40.1046405159946,-13.7706326878956));
#8741=CARTESIAN_POINT('Ctrl Pts',(8.96816282434246,-40.2125451270495,-13.9072911222429));
#8742=CARTESIAN_POINT('Ctrl Pts',(8.86539103320338,-40.2489725675497,-13.9418709196555));
#8743=CARTESIAN_POINT('Ctrl Pts',(8.65469608562335,-40.3220662104153,-13.9882481399926));
#8744=CARTESIAN_POINT('Ctrl Pts',(8.54750666213908,-40.3584838240624,-14.0000000000015));
#8745=CARTESIAN_POINT('Ctrl Pts',(8.4397059766791,-40.3943070821275,-14.));
#8746=CARTESIAN_POINT('Ctrl Pts',(10.6950205723072,-40.9957996468101,-10.1673646817174));
#8747=CARTESIAN_POINT('Ctrl Pts',(10.5674925418289,-40.6879197460465,-10.801830051264));
#8748=CARTESIAN_POINT('Ctrl Pts',(10.3896391115044,-40.2585435824425,-11.3659718348098));
#8749=CARTESIAN_POINT('Ctrl Pts',(10.1772214080191,-39.7457218818003,-11.8192007581383));
#8750=CARTESIAN_POINT('Origin',(0.300000000000009,-15.8999999999987,-10.));
#8751=CARTESIAN_POINT('Ctrl Pts',(3.66905749451411,-41.4905323199617,-11.8203414405228));
#8752=CARTESIAN_POINT('Ctrl Pts',(3.66905749451411,-41.4905323199617,-12.1787412818322));
#8753=CARTESIAN_POINT('Ctrl Pts',(3.60503898432943,-41.4991496883555,-12.5078694678332));
#8754=CARTESIAN_POINT('Ctrl Pts',(3.38614488647006,-41.5263962812436,-13.0490803199111));
#8755=CARTESIAN_POINT('Ctrl Pts',(3.24001839733347,-41.5440782785801,-13.2798611272958));
#8756=CARTESIAN_POINT('Ctrl Pts',(2.88743420392101,-41.5818568249844,-13.6376659455348));
#8757=CARTESIAN_POINT('Ctrl Pts',(2.6968059299551,-41.6007099949437,-13.7706326878956));
#8758=CARTESIAN_POINT('Ctrl Pts',(2.38025262471595,-41.627600866025,-13.9072911222429));
#8759=CARTESIAN_POINT('Ctrl Pts',(2.27155458207494,-41.6361877747436,-13.9418709196555));
#8760=CARTESIAN_POINT('Ctrl Pts',(2.0491208638891,-41.6522589469845,-13.9882481399927));
#8761=CARTESIAN_POINT('Ctrl Pts',(1.93615825945159,-41.6596929963068,-14.0000000000015));
#8762=CARTESIAN_POINT('Ctrl Pts',(1.8227590518293,-41.6663947359815,-14.));
#8763=CARTESIAN_POINT('Origin',(0.300000000000009,-15.8999999999987,-10.));
#8764=CARTESIAN_POINT('Ctrl Pts',(11.8644493454298,-38.9757319311293,-14.));
#8765=CARTESIAN_POINT('Ctrl Pts',(11.6721341456173,-39.0721110792848,-14.000000000027));
#8766=CARTESIAN_POINT('Ctrl Pts',(11.4809891069863,-39.1648070683987,-13.9579042599039));
#8767=CARTESIAN_POINT('Ctrl Pts',(11.1106321177242,-39.3392855565263,-13.7928265065776));
#8768=CARTESIAN_POINT('Ctrl Pts',(10.9373275322194,-39.4180802971785,-13.6681321475662));
#8769=CARTESIAN_POINT('Ctrl Pts',(10.6230528128851,-39.5578274507917,-13.3410260665204));
#8770=CARTESIAN_POINT('Ctrl Pts',(10.4909139796886,-39.6146066161743,-13.1368703817631));
#8771=CARTESIAN_POINT('Ctrl Pts',(10.3184611030362,-39.6878713812092,-12.7425920486952));
#8772=CARTESIAN_POINT('Ctrl Pts',(10.2644849421828,-39.7104261518956,-12.5634695713249));
#8773=CARTESIAN_POINT('Ctrl Pts',(10.1939733654064,-39.7398120944114,-12.1956947843738));
#8774=CARTESIAN_POINT('Ctrl Pts',(10.1775767829219,-39.7465798327104,-12.0081529482534));
#8775=CARTESIAN_POINT('Ctrl Pts',(10.1775767829219,-39.7465798327104,-11.8203414405228));
#8776=CARTESIAN_POINT('Origin',(1.39191589548207,-17.3230124999995,4.09999999997651));
#8777=CARTESIAN_POINT('',(-21.3522727019896,-34.9071852663053,19.2000000000105));
#8778=CARTESIAN_POINT('Origin',(1.45563948841271,-17.4060587031553,4.09999999997651));
#8779=CARTESIAN_POINT('Ctrl Pts',(-21.3522727019937,-34.907185266309,19.2));
#8780=CARTESIAN_POINT('Ctrl Pts',(-21.3758042141368,-34.8803790500874,19.2));
#8781=CARTESIAN_POINT('Ctrl Pts',(-21.3980015970113,-34.8532624704557,19.2));
#8782=CARTESIAN_POINT('Ctrl Pts',(-21.4187357863342,-34.8262411488448,19.2));
#8783=CARTESIAN_POINT('Ctrl Pts',(-21.5480627580644,-34.6576989578932,19.2));
#8784=CARTESIAN_POINT('Ctrl Pts',(-21.6568133115693,-34.4271272671135,19.2));
#8785=CARTESIAN_POINT('Ctrl Pts',(-21.7596391058529,-34.0005857003514,19.2));
#8786=CARTESIAN_POINT('Ctrl Pts',(-21.7657219581703,-33.7290724655702,19.2));
#8787=CARTESIAN_POINT('Ctrl Pts',(-21.6866699951127,-33.2641496907593,19.2));
#8788=CARTESIAN_POINT('Ctrl Pts',(-21.5799763512887,-32.9898349401399,19.2));
#8789=CARTESIAN_POINT('Ctrl Pts',(-21.3137149505957,-32.5552173813875,19.2));
#8790=CARTESIAN_POINT('Ctrl Pts',(-21.0999340860036,-32.3207469651601,19.2));
#8791=CARTESIAN_POINT('Ctrl Pts',(-20.8901589235405,-32.1597808215945,19.2));
#8792=CARTESIAN_POINT('Origin',(0.300000000000007,-15.8999999999987,4.09999999997651));
#8793=CARTESIAN_POINT('',(-18.7071852663258,-37.5522727020132,-11.0000000000007));
#8794=CARTESIAN_POINT('Origin',(0.299999999999638,-15.8999999999991,-11.0000000000007));
#8795=CARTESIAN_POINT('',(-18.7071852663067,-37.5522727019883,19.2000000000105));
#8796=CARTESIAN_POINT('Origin',(-1.20605870315666,-14.744360511586,4.09999999997651));
#8797=CARTESIAN_POINT('Origin',(0.300000000000205,-15.8999999999985,19.2000000000105));
#8798=CARTESIAN_POINT('Origin',(0.300000000000002,-15.8999999999987,-7.6961682589258));
#8799=CARTESIAN_POINT('Ctrl Pts',(-18.7071852663258,-37.5522727020132,-11.0000000000007));
#8800=CARTESIAN_POINT('Ctrl Pts',(-18.2986344748944,-37.0346898751962,-12.2564400725563));
#8801=CARTESIAN_POINT('Ctrl Pts',(-17.65098060223,-36.2148599488857,-13.3066174562136));
#8802=CARTESIAN_POINT('Ctrl Pts',(-16.873281621895,-35.2347110416847,-13.9741225405479));
#8803=CARTESIAN_POINT('Origin',(-1.12301250000085,-14.8080841045166,4.09999999997651));
#8804=CARTESIAN_POINT('',(-15.9597808215958,-37.0901589235392,19.2));
#8805=CARTESIAN_POINT('Ctrl Pts',(-15.9597808215958,-37.0901589235392,19.2));
#8806=CARTESIAN_POINT('Ctrl Pts',(-16.1207469651615,-37.2999340860023,19.2));
#8807=CARTESIAN_POINT('Ctrl Pts',(-16.3552173813888,-37.5137149505944,19.2));
#8808=CARTESIAN_POINT('Ctrl Pts',(-16.7898349401412,-37.7799763512874,19.2));
#8809=CARTESIAN_POINT('Ctrl Pts',(-17.0641496907606,-37.8866699951114,19.2));
#8810=CARTESIAN_POINT('Ctrl Pts',(-17.5290724655715,-37.9657219581689,19.2));
#8811=CARTESIAN_POINT('Ctrl Pts',(-17.8005857003527,-37.9596391058516,19.2));
#8812=CARTESIAN_POINT('Ctrl Pts',(-18.2271272671148,-37.856813311568,19.2));
#8813=CARTESIAN_POINT('Ctrl Pts',(-18.4576989578946,-37.7480627580631,19.2));
#8814=CARTESIAN_POINT('Ctrl Pts',(-18.6262411488461,-37.6187357863329,19.2));
#8815=CARTESIAN_POINT('Ctrl Pts',(-18.653262470457,-37.59800159701,19.2));
#8816=CARTESIAN_POINT('Ctrl Pts',(-18.6803790500887,-37.5758042141355,19.2));
#8817=CARTESIAN_POINT('Ctrl Pts',(-18.7071852663103,-37.5522727019924,19.2));
#8818=CARTESIAN_POINT('',(-16.2360897362696,-37.4502517118843,-10.1673646817174));
#8819=CARTESIAN_POINT('Origin',(-17.6591022362686,-36.3583358163998,-10.1673646817203));
#8820=CARTESIAN_POINT('Origin',(0.300000000000005,-15.8999999999987,4.09999999997651));
#8821=CARTESIAN_POINT('Ctrl Pts',(-18.7071852663258,-37.5522727020132,-11.0000000000007));
#8822=CARTESIAN_POINT('Ctrl Pts',(-18.2937083276179,-37.0284490618478,-12.2715897405322));
#8823=CARTESIAN_POINT('Ctrl Pts',(-17.6353275206558,-36.1950456226565,-13.3319127331522));
#8824=CARTESIAN_POINT('Ctrl Pts',(-16.8450935131716,-35.1991865978637,-13.9981008793493));
#8825=CARTESIAN_POINT('Ctrl Pts',(-18.2838530844225,-37.9133557529234,-11.0151049353816));
#8826=CARTESIAN_POINT('Ctrl Pts',(-17.8677441854974,-37.3835034987386,-12.2923196722678));
#8827=CARTESIAN_POINT('Ctrl Pts',(-17.207510985038,-36.5434539864274,-13.351711132938));
#8828=CARTESIAN_POINT('Ctrl Pts',(-16.4156885484729,-35.5393708617531,-14.014302437555));
#8829=CARTESIAN_POINT('Ctrl Pts',(-17.2678259655477,-38.2137836623363,-10.8154229330529));
#8830=CARTESIAN_POINT('Ctrl Pts',(-16.8799336764395,-37.7121015909532,-12.0133900749922));
#8831=CARTESIAN_POINT('Ctrl Pts',(-16.2626261167348,-36.9138139015834,-13.0081380717719));
#8832=CARTESIAN_POINT('Ctrl Pts',(-15.5275662879214,-35.9643569560873,-13.6255738751287));
#8833=CARTESIAN_POINT('Ctrl Pts',(-16.461077099976,-37.7434609528352,-10.3614841391008));
#8834=CARTESIAN_POINT('Ctrl Pts',(-16.1324798819754,-37.3151801677995,-11.3864509194439));
#8835=CARTESIAN_POINT('Ctrl Pts',(-15.6092722497103,-36.6334614907361,-12.2400930033003));
#8836=CARTESIAN_POINT('Ctrl Pts',(-14.98452875044,-35.819185679493,-12.7740513167395));
#8837=CARTESIAN_POINT('Ctrl Pts',(-16.2360897362685,-37.4502517118828,-10.167364681721));
#8838=CARTESIAN_POINT('Ctrl Pts',(-15.9319721337835,-37.0539179359968,-11.1184869737545));
#8839=CARTESIAN_POINT('Ctrl Pts',(-15.4479541041506,-36.4231333588665,-11.9115861966337));
#8840=CARTESIAN_POINT('Ctrl Pts',(-14.8684776184314,-35.6679448997124,-12.4098808716692));
#8841=CARTESIAN_POINT('',(-15.4129555357039,-36.3775223364537,-11.8203414440997));
#8842=CARTESIAN_POINT('Ctrl Pts',(-15.4129555370411,-36.3775223381963,-11.8203414405228));
#8843=CARTESIAN_POINT('Ctrl Pts',(-15.4129555370411,-36.3775223381963,-12.1787412818318));
#8844=CARTESIAN_POINT('Ctrl Pts',(-15.4643168593412,-36.3383478151506,-12.5078694678328));
#8845=CARTESIAN_POINT('Ctrl Pts',(-15.6383646108948,-36.2028325647878,-13.0490803199111));
#8846=CARTESIAN_POINT('Ctrl Pts',(-15.7541947024958,-36.1120085936299,-13.2798611272958));
#8847=CARTESIAN_POINT('Ctrl Pts',(-16.0302228429429,-35.8894073858747,-13.6376659455348));
#8848=CARTESIAN_POINT('Ctrl Pts',(-16.1783485924751,-35.7679440449925,-13.7706326878956));
#8849=CARTESIAN_POINT('Ctrl Pts',(-16.4212002985103,-35.5631217735445,-13.9072911222429));
#8850=CARTESIAN_POINT('Ctrl Pts',(-16.5041332829478,-35.4923325118757,-13.9418709196555));
#8851=CARTESIAN_POINT('Ctrl Pts',(-16.6584950275061,-35.3587734785723,-13.9843193956696));
#8852=CARTESIAN_POINT('Ctrl Pts',(-16.7290257771311,-35.2970884128018,-13.9956793115024));
#8853=CARTESIAN_POINT('Ctrl Pts',(-16.7995545208266,-35.2347130314789,-13.9989846484039));
#8854=CARTESIAN_POINT('Ctrl Pts',(-16.2360897362696,-37.4502517118843,-10.1673646817174));
#8855=CARTESIAN_POINT('Ctrl Pts',(-16.0332219361328,-37.1858692474136,-10.8018300512641));
#8856=CARTESIAN_POINT('Ctrl Pts',(-15.7502979858345,-36.8171555768003,-11.36597183481));
#8857=CARTESIAN_POINT('Ctrl Pts',(-15.412390217209,-36.3767855990474,-11.8192007581385));
#8858=CARTESIAN_POINT('Origin',(0.300000000000009,-15.8999999999987,-10.));
#8859=CARTESIAN_POINT('Ctrl Pts',(-13.901945390564,-37.4529728794845,-14.));
#8860=CARTESIAN_POINT('Ctrl Pts',(-14.081569781168,-37.3346126049908,-14.000000000027));
#8861=CARTESIAN_POINT('Ctrl Pts',(-14.257419381885,-37.2154241402859,-13.9579042599039));
#8862=CARTESIAN_POINT('Ctrl Pts',(-14.5937006796484,-36.9819248231796,-13.7928265065776));
#8863=CARTESIAN_POINT('Ctrl Pts',(-14.7485912194903,-36.8712360198662,-13.6681321475662));
#8864=CARTESIAN_POINT('Ctrl Pts',(-15.0267531642931,-36.6689397059621,-13.3410260665204));
#8865=CARTESIAN_POINT('Ctrl Pts',(-15.1419947805183,-36.5828937022788,-13.136870381763));
#8866=CARTESIAN_POINT('Ctrl Pts',(-15.291670366567,-36.4701775126595,-12.7425920486952));
#8867=CARTESIAN_POINT('Ctrl Pts',(-15.3381914513847,-36.4347101715049,-12.5634695713249));
#8868=CARTESIAN_POINT('Ctrl Pts',(-15.3988962125057,-36.3883383260136,-12.1956947843738));
#8869=CARTESIAN_POINT('Ctrl Pts',(-15.4129555370411,-36.3775223381963,-12.0081529482535));
#8870=CARTESIAN_POINT('Ctrl Pts',(-15.4129555370411,-36.3775223381963,-11.8203414405228));
#8871=CARTESIAN_POINT('Ctrl Pts',(-1.2227590514255,-41.6663947322812,-14.0000000019484));
#8872=CARTESIAN_POINT('Ctrl Pts',(-1.36833523473821,-42.9309328775182,-13.3339100456914));
#8873=CARTESIAN_POINT('Ctrl Pts',(-1.49225819514092,-43.9871768719377,-12.2727984194122));
#8874=CARTESIAN_POINT('Ctrl Pts',(-1.57035926260713,-44.650578448784,-10.9999999999959));
#8875=CARTESIAN_POINT('Ctrl Pts',(-1.76692793340367,-41.6032898808892,-14.0161901046205));
#8876=CARTESIAN_POINT('Ctrl Pts',(-1.91720231640887,-42.8747688671619,-13.353709303525));
#8877=CARTESIAN_POINT('Ctrl Pts',(-2.04451944562246,-43.9370303175444,-12.2935336978521));
#8878=CARTESIAN_POINT('Ctrl Pts',(-2.12502459299555,-44.6065616661358,-11.0151049353768));
#8879=CARTESIAN_POINT('Ctrl Pts',(-2.69547547947227,-41.2760418810918,-13.6273806801395));
#8880=CARTESIAN_POINT('Ctrl Pts',(-2.84726443550652,-42.4686549024875,-13.0100557860312));
#8881=CARTESIAN_POINT('Ctrl Pts',(-2.97541062570368,-43.470978167335,-12.0145548487702));
#8882=CARTESIAN_POINT('Ctrl Pts',(-3.05594863313872,-44.1006001336219,-10.8154490081273));
#8883=CARTESIAN_POINT('Ctrl Pts',(-2.97681510667287,-40.7898818231491,-12.7755736858819));
#8884=CARTESIAN_POINT('Ctrl Pts',(-3.11100191813304,-41.8086917558837,-12.2416999842742));
#8885=CARTESIAN_POINT('Ctrl Pts',(-3.22323416108417,-42.6618283579344,-11.3874251768326));
#8886=CARTESIAN_POINT('Ctrl Pts',(-3.29378808695088,-43.1975306417185,-10.361484139097));
#8887=CARTESIAN_POINT('Ctrl Pts',(-2.95196006191898,-40.6010890147378,-12.4113013752969));
#8888=CARTESIAN_POINT('Ctrl Pts',(-3.07636258222839,-41.5460199700113,-11.9130801442645));
#8889=CARTESIAN_POINT('Ctrl Pts',(-3.18027927274429,-42.3353455993783,-11.1193910400505));
#8890=CARTESIAN_POINT('Ctrl Pts',(-3.2455479349258,-42.8311103085755,-10.1673646817174));
#8891=CARTESIAN_POINT('',(-1.57035926260713,-44.650578448784,-10.9999999999983));
#8892=CARTESIAN_POINT('Ctrl Pts',(-1.2227590514255,-41.6663947322812,-14.0000000019484));
#8893=CARTESIAN_POINT('Ctrl Pts',(-1.36833523473821,-42.9309328775182,-13.3339100456914));
#8894=CARTESIAN_POINT('Ctrl Pts',(-1.49225819514092,-43.9871768719377,-12.2727984194122));
#8895=CARTESIAN_POINT('Ctrl Pts',(-1.57035926260713,-44.650578448784,-10.9999999999959));
#8896=CARTESIAN_POINT('Origin',(-1.46722501228122,-43.0652309628586,-10.1673646817174));
#8897=CARTESIAN_POINT('Origin',(2.07832292264458,-16.1341206542817,4.09999999997651));
#8898=CARTESIAN_POINT('',(-1.57035926260273,-44.6505784487504,19.2000000000105));
#8899=CARTESIAN_POINT('Ctrl Pts',(-1.57035926260308,-44.6505784487558,19.2));
#8900=CARTESIAN_POINT('Ctrl Pts',(-1.60595341167923,-44.6482628832956,19.2));
#8901=CARTESIAN_POINT('Ctrl Pts',(-1.64082364897455,-44.6447844859106,19.2));
#8902=CARTESIAN_POINT('Ctrl Pts',(-1.67459189459487,-44.6403388120355,19.2));
#8903=CARTESIAN_POINT('Ctrl Pts',(-1.88521719943353,-44.6126094645984,19.2));
#8904=CARTESIAN_POINT('Ctrl Pts',(-2.1251542593746,-44.5264689123395,19.2));
#8905=CARTESIAN_POINT('Ctrl Pts',(-2.49947351010892,-44.2975672944429,19.2));
#8906=CARTESIAN_POINT('Ctrl Pts',(-2.69576358572709,-44.1098796710698,19.2));
#8907=CARTESIAN_POINT('Ctrl Pts',(-2.96861545337989,-43.7252314451288,19.2));
#8908=CARTESIAN_POINT('Ctrl Pts',(-3.08714147466489,-43.4558178257289,19.2));
#8909=CARTESIAN_POINT('Ctrl Pts',(-3.20618725568319,-42.960221560714,19.2));
#8910=CARTESIAN_POINT('Ctrl Pts',(-3.22081697794422,-42.6432600403711,19.2));
#8911=CARTESIAN_POINT('Ctrl Pts',(-3.18630378969874,-42.3811063488122,19.2));
#8912=CARTESIAN_POINT('Origin',(2.18210484073067,-16.1477838030022,4.09999999997651));
#8913=CARTESIAN_POINT('Origin',(0.300000000000005,-15.8999999999987,4.09999999997651));
#8914=CARTESIAN_POINT('',(2.17035926260683,-44.6505784487815,-11.0000000000007));
#8915=CARTESIAN_POINT('Origin',(0.300000000000062,-15.8999999999993,-11.0000000000007));
#8916=CARTESIAN_POINT('',(2.17035926260273,-44.6505784487504,19.2000000000105));
#8917=CARTESIAN_POINT('Origin',(-1.58210484073067,-16.1477838030022,4.09999999997651));
#8918=CARTESIAN_POINT('Origin',(0.300000000000014,-15.8999999999984,19.2000000000105));
#8919=CARTESIAN_POINT('Origin',(0.3,-15.8999999999987,-7.6961682589258));
#8920=CARTESIAN_POINT('Ctrl Pts',(2.17035926260684,-44.6505784487815,-11.0000000000007));
#8921=CARTESIAN_POINT('Ctrl Pts',(2.09225817657456,-43.9871767142324,-12.2727987219824));
#8922=CARTESIAN_POINT('Ctrl Pts',(1.96833531165644,-42.9309335456275,-13.3339096929139));
#8923=CARTESIAN_POINT('Ctrl Pts',(1.82275905180589,-41.6663947355855,-14.0000000002079));
#8924=CARTESIAN_POINT('Origin',(-1.47832292264458,-16.1341206542817,4.09999999997651));
#8925=CARTESIAN_POINT('Ctrl Pts',(3.78630378969875,-42.3811063488122,19.2));
#8926=CARTESIAN_POINT('Ctrl Pts',(3.82081697794423,-42.6432600403711,19.2));
#8927=CARTESIAN_POINT('Ctrl Pts',(3.8061872556832,-42.9602215607141,19.2));
#8928=CARTESIAN_POINT('Ctrl Pts',(3.6871414746649,-43.4558178257289,19.2));
#8929=CARTESIAN_POINT('Ctrl Pts',(3.5686154533799,-43.7252314451288,19.2));
#8930=CARTESIAN_POINT('Ctrl Pts',(3.2957635857271,-44.1098796710698,19.2));
#8931=CARTESIAN_POINT('Ctrl Pts',(3.09947351010893,-44.2975672944429,19.2));
#8932=CARTESIAN_POINT('Ctrl Pts',(2.72515425937461,-44.5264689123395,19.2));
#8933=CARTESIAN_POINT('Ctrl Pts',(2.48521719943354,-44.6126094645984,19.2));
#8934=CARTESIAN_POINT('Ctrl Pts',(2.27459189459488,-44.6403388120355,19.2));
#8935=CARTESIAN_POINT('Ctrl Pts',(2.24082364897455,-44.6447844859106,19.2));
#8936=CARTESIAN_POINT('Ctrl Pts',(2.20595341167924,-44.6482628832956,19.2));
#8937=CARTESIAN_POINT('Ctrl Pts',(2.17035926260309,-44.6505784487558,19.2));
#8938=CARTESIAN_POINT('Origin',(2.06722501228082,-43.0652309628555,-10.1673646817203));
#8939=CARTESIAN_POINT('Ctrl Pts',(2.17035926260684,-44.6505784487815,-11.0000000000007));
#8940=CARTESIAN_POINT('Ctrl Pts',(2.09225817657456,-43.9871767142324,-12.2727987219824));
#8941=CARTESIAN_POINT('Ctrl Pts',(1.96833531165644,-42.9309335456275,-13.3339096929139));
#8942=CARTESIAN_POINT('Ctrl Pts',(1.82275905180589,-41.6663947355855,-14.0000000002079));
#8943=CARTESIAN_POINT('Ctrl Pts',(2.72502459299526,-44.6065616661333,-11.0151049353816));
#8944=CARTESIAN_POINT('Ctrl Pts',(2.6445194264846,-43.9370301583819,-12.2935340017608));
#8945=CARTESIAN_POINT('Ctrl Pts',(2.51720239580871,-42.874769538941,-13.3537089526483));
#8946=CARTESIAN_POINT('Ctrl Pts',(2.36692793379587,-41.6032898842084,-14.0161901028905));
#8947=CARTESIAN_POINT('Ctrl Pts',(3.65594503109856,-44.1005969833613,-10.8154471206975));
#8948=CARTESIAN_POINT('Ctrl Pts',(3.57540700451815,-43.4709748674017,-12.0145532463879));
#8949=CARTESIAN_POINT('Ctrl Pts',(3.44726127868469,-42.4686541900504,-13.010052104497));
#8950=CARTESIAN_POINT('Ctrl Pts',(3.29547224284838,-41.2760405416538,-13.6273773239608));
#8951=CARTESIAN_POINT('Ctrl Pts',(3.89378808695063,-43.1975306417165,-10.3614841391008));
#8952=CARTESIAN_POINT('Ctrl Pts',(3.82323414431194,-42.6618282305861,-11.3874254207198));
#8953=CARTESIAN_POINT('Ctrl Pts',(3.71100198902993,-41.8086922941677,-12.2416997015161));
#8954=CARTESIAN_POINT('Ctrl Pts',(3.57681510702343,-40.7898818258118,-12.7755736844867));
#8955=CARTESIAN_POINT('Ctrl Pts',(3.84554793492556,-42.8311103085737,-10.167364681721));
#8956=CARTESIAN_POINT('Ctrl Pts',(3.78027925722849,-42.335345481524,-11.1193912663666));
#8957=CARTESIAN_POINT('Ctrl Pts',(3.67636264795555,-41.5460204692586,-11.9130798803944));
#8958=CARTESIAN_POINT('Ctrl Pts',(3.55196006224405,-40.6010890172069,-12.411301373995));
#8959=CARTESIAN_POINT('Ctrl Pts',(-13.9019453885184,-37.4529728763802,-14.0000000019484));
#8960=CARTESIAN_POINT('Ctrl Pts',(-14.6602871340717,-38.4753069425535,-13.3339100456914));
#8961=CARTESIAN_POINT('Ctrl Pts',(-15.2957295631024,-39.3280795941141,-12.2727984194122));
#8962=CARTESIAN_POINT('Ctrl Pts',(-15.6950678600139,-39.8635516788406,-10.9999999999959));
#8963=CARTESIAN_POINT('Ctrl Pts',(-14.3416570385645,-37.1262380309836,-14.0161901046205));
#8964=CARTESIAN_POINT('Ctrl Pts',(-15.1075379649214,-38.1522339419712,-13.353709303525));
#8965=CARTESIAN_POINT('Ctrl Pts',(-15.7489285583485,-39.0085207788565,-12.2935336978521));
#8966=CARTESIAN_POINT('Ctrl Pts',(-16.1534137354047,-39.5480993616802,-11.0151049353768));
#8967=CARTESIAN_POINT('Ctrl Pts',(-14.9821338494202,-36.3785650739837,-13.6273372805776));
#8968=CARTESIAN_POINT('Ctrl Pts',(-15.7098934520575,-37.3355037693793,-13.0100123864693));
#8969=CARTESIAN_POINT('Ctrl Pts',(-16.3220171573094,-38.1394501918421,-12.0145304301607));
#8970=CARTESIAN_POINT('Ctrl Pts',(-16.7065761008617,-38.6444498057097,-10.8154245895178));
#8971=CARTESIAN_POINT('Ctrl Pts',(-14.9827460374585,-35.816862402703,-12.7755736858819));
#8972=CARTESIAN_POINT('Ctrl Pts',(-15.6083601914031,-36.632084280349,-12.2416999842742));
#8973=CARTESIAN_POINT('Ctrl Pts',(-16.1321244659479,-37.3148061291477,-11.3874251768327));
#8974=CARTESIAN_POINT('Ctrl Pts',(-16.4610770999773,-37.7434609528368,-10.361484139097));
#8975=CARTESIAN_POINT('Ctrl Pts',(-14.8668245330838,-35.665790556944,-12.4113013752969));
#8976=CARTESIAN_POINT('Ctrl Pts',(-15.4470257536033,-36.4219235088785,-11.9130801442645));
#8977=CARTESIAN_POINT('Ctrl Pts',(-15.9316830621508,-37.0535412105105,-11.1193910400505));
#8978=CARTESIAN_POINT('Ctrl Pts',(-16.2360897362696,-37.4502517118843,-10.1673646817174));
#8979=CARTESIAN_POINT('',(-15.695067860014,-39.8635516788406,-10.9999999999983));
#8980=CARTESIAN_POINT('Ctrl Pts',(-13.9019453885184,-37.4529728763802,-14.0000000019484));
#8981=CARTESIAN_POINT('Ctrl Pts',(-14.6602871340717,-38.4753069425535,-13.3339100456914));
#8982=CARTESIAN_POINT('Ctrl Pts',(-15.2957295631024,-39.3280795941141,-12.2727984194122));
#8983=CARTESIAN_POINT('Ctrl Pts',(-15.6950678600139,-39.8635516788406,-10.9999999999959));
#8984=CARTESIAN_POINT('Origin',(-14.8130772362688,-38.5421676073664,-10.1673646817174));
#8985=CARTESIAN_POINT('Origin',(1.72301250000086,-16.9919158954807,4.09999999997651));
#8986=CARTESIAN_POINT('',(-15.6950678599933,-39.8635516788137,19.2000000000105));
#8987=CARTESIAN_POINT('Ctrl Pts',(-15.6950678599964,-39.8635516788182,19.2));
#8988=CARTESIAN_POINT('Ctrl Pts',(-15.7247355145923,-39.8437492657675,19.2));
#8989=CARTESIAN_POINT('Ctrl Pts',(-15.7531948272335,-39.8233017666199,19.2));
#8990=CARTESIAN_POINT('Ctrl Pts',(-15.7802161488444,-39.802567577297,19.2));
#8991=CARTESIAN_POINT('Ctrl Pts',(-15.948758339796,-39.6732406055668,19.2));
#8992=CARTESIAN_POINT('Ctrl Pts',(-16.1134796528848,-39.478672169044,19.2));
#8993=CARTESIAN_POINT('Ctrl Pts',(-16.323198824198,-39.093277927611,19.2));
#8994=CARTESIAN_POINT('Ctrl Pts',(-16.3993472045076,-38.8325906399849,19.2));
#8995=CARTESIAN_POINT('Ctrl Pts',(-16.4433197403944,-38.363049570973,19.2));
#8996=CARTESIAN_POINT('Ctrl Pts',(-16.4112594761368,-38.0704675218047,19.2));
#8997=CARTESIAN_POINT('Ctrl Pts',(-16.2665580142046,-37.581745675772,19.2));
#8998=CARTESIAN_POINT('Ctrl Pts',(-16.1207469651614,-37.2999340860023,19.2));
#8999=CARTESIAN_POINT('Ctrl Pts',(-15.9597808215958,-37.0901589235392,19.2));
#9000=CARTESIAN_POINT('Origin',(1.80605870315667,-17.0556394884114,4.09999999997651));
#9001=CARTESIAN_POINT('Origin',(0.300000000000005,-15.8999999999987,4.09999999997651));
#9002=CARTESIAN_POINT('',(-12.4555105887704,-41.7339109414455,-11.0000000000007));
#9003=CARTESIAN_POINT('Origin',(0.299999999999767,-15.8999999999992,-11.0000000000007));
#9004=CARTESIAN_POINT('',(-12.4555105887583,-41.7339109414164,19.2000000000105));
#9005=CARTESIAN_POINT('Origin',(-1.45384250616019,-15.1735346476807,4.09999999997651));
#9006=CARTESIAN_POINT('Origin',(0.300000000000151,-15.8999999999984,19.2000000000105));
#9007=CARTESIAN_POINT('Origin',(0.300000000000002,-15.8999999999987,-7.6961682589258));
#9008=CARTESIAN_POINT('Ctrl Pts',(-12.4555105887704,-41.7339109414455,-11.0000000000007));
#9009=CARTESIAN_POINT('Ctrl Pts',(-12.1914472460629,-41.1203376433951,-12.2727987219824));
#9010=CARTESIAN_POINT('Ctrl Pts',(-11.7706460108893,-40.1436427943504,-13.3339096929139));
#9011=CARTESIAN_POINT('Ctrl Pts',(-11.2644493450868,-38.9757319308574,-14.0000000002079));
#9012=CARTESIAN_POINT('Origin',(-1.35713315428393,-15.2135929728362,4.09999999997651));
#9013=CARTESIAN_POINT('Ctrl Pts',(-9.92132552721768,-40.576462713238,19.2));
#9014=CARTESIAN_POINT('Ctrl Pts',(-10.0225130752109,-40.8207510639465,19.2));
#9015=CARTESIAN_POINT('Ctrl Pts',(-10.1936635465108,-41.0879329314552,19.2));
#9016=CARTESIAN_POINT('Ctrl Pts',(-10.5445583495934,-41.4576089964696,19.2));
#9017=CARTESIAN_POINT('Ctrl Pts',(-10.7819117047356,-41.6316650243529,19.2));
#9018=CARTESIAN_POINT('Ctrl Pts',(-11.2105324665635,-41.828354225712,19.2));
#9019=CARTESIAN_POINT('Ctrl Pts',(-11.4743684702462,-41.89275143772,19.2));
#9020=CARTESIAN_POINT('Ctrl Pts',(-11.9129892594559,-41.9038264284186,19.2));
#9021=CARTESIAN_POINT('Ctrl Pts',(-12.1638511248037,-41.8584578050003,19.2));
#9022=CARTESIAN_POINT('Ctrl Pts',(-12.3601226631924,-41.7771594718919,19.2));
#9023=CARTESIAN_POINT('Ctrl Pts',(-12.3915896586783,-41.7641254155945,19.2));
#9024=CARTESIAN_POINT('Ctrl Pts',(-12.4235273687046,-41.7497026774467,19.2));
#9025=CARTESIAN_POINT('Ctrl Pts',(-12.4555105887608,-41.7339109414213,19.2));
#9026=CARTESIAN_POINT('Origin',(-11.7521537265899,-40.3093926196447,-10.1673646817203));
#9027=CARTESIAN_POINT('Ctrl Pts',(-12.4555105887704,-41.7339109414455,-11.0000000000007));
#9028=CARTESIAN_POINT('Ctrl Pts',(-12.1914472460629,-41.1203376433951,-12.2727987219824));
#9029=CARTESIAN_POINT('Ctrl Pts',(-11.7706460108893,-40.1436427943504,-13.3339096929139));
#9030=CARTESIAN_POINT('Ctrl Pts',(-11.2644493450868,-38.9757319308574,-14.0000000002079));
#9031=CARTESIAN_POINT('Ctrl Pts',(-11.9531479307314,-41.9731239546735,-11.0151049353816));
#9032=CARTESIAN_POINT('Ctrl Pts',(-11.6881016961898,-41.3530400770713,-12.2935340017607));
#9033=CARTESIAN_POINT('Ctrl Pts',(-11.2672311693691,-40.3694368798577,-13.3537089526483));
#9034=CARTESIAN_POINT('Ctrl Pts',(-10.761632843646,-39.1931659674578,-14.0161901028905));
#9035=CARTESIAN_POINT('Ctrl Pts',(-10.8939804686918,-42.0003600721076,-10.8154280210393));
#9036=CARTESIAN_POINT('Ctrl Pts',(-10.6489173877013,-41.4148223116119,-12.0145341467297));
#9037=CARTESIAN_POINT('Ctrl Pts',(-10.2587404505011,-40.4827319683057,-13.0100181583872));
#9038=CARTESIAN_POINT('Ctrl Pts',(-9.79388678735298,-39.374003733976,-13.6273433778511));
#9039=CARTESIAN_POINT('Ctrl Pts',(-10.2364535417418,-41.3372490397858,-10.3614841391008));
#9040=CARTESIAN_POINT('Ctrl Pts',(-10.0297038428388,-40.8380401715589,-11.3874254207198));
#9041=CARTESIAN_POINT('Ctrl Pts',(-9.70033177222532,-40.0430867000981,-12.2416997015161));
#9042=CARTESIAN_POINT('Ctrl Pts',(-9.30713578671964,-39.0936775118572,-12.7755736844867));
#9043=CARTESIAN_POINT('Ctrl Pts',(-10.0950205723065,-40.9957996468084,-10.167364681721));
#9044=CARTESIAN_POINT('Ctrl Pts',(-9.90366249173874,-40.533820373432,-11.1193912663666));
#9045=CARTESIAN_POINT('Ctrl Pts',(-9.59899440911156,-39.7982865563313,-11.9130798803944));
#9046=CARTESIAN_POINT('Ctrl Pts',(-9.23426448260831,-38.9177506211638,-12.411301373995));
#9047=CARTESIAN_POINT('Ctrl Pts',(24.7943070786592,-24.03970597533,-14.0000000019484));
#9048=CARTESIAN_POINT('Ctrl Pts',(25.9780792427166,-24.5076083257303,-13.3339100456914));
#9049=CARTESIAN_POINT('Ctrl Pts',(26.9662589735114,-24.9006847756844,-12.2727984194122));
#9050=CARTESIAN_POINT('Ctrl Pts',(27.586841646085,-25.1478255764496,-10.9999999999959));
#9051=CARTESIAN_POINT('Ctrl Pts',(24.5925112025274,-24.5490000149169,-14.0161901046205));
#9052=CARTESIAN_POINT('Ctrl Pts',(25.7817717206393,-25.0232368995863,-13.353709303525));
#9053=CARTESIAN_POINT('Ctrl Pts',(26.7748853920267,-25.42114929706,-12.2935336978522));
#9054=CARTESIAN_POINT('Ctrl Pts',(27.4007667477724,-25.6721987623655,-11.0151049353769));
#9055=CARTESIAN_POINT('Ctrl Pts',(24.0360838072311,-25.3611774223227,-13.6273491704256));
#9056=CARTESIAN_POINT('Ctrl Pts',(25.1487736527079,-25.8164652584761,-13.0100242763172));
#9057=CARTESIAN_POINT('Ctrl Pts',(26.0837613920071,-26.19965761687,-12.0145371199415));
#9058=CARTESIAN_POINT('Ctrl Pts',(26.6710847398636,-26.4404095143393,-10.8154312792986));
#9059=CARTESIAN_POINT('Ctrl Pts',(23.4936775093772,-25.5071357856905,-12.7755736858819));
#9060=CARTESIAN_POINT('Ctrl Pts',(24.4430422330779,-25.9004377063586,-12.2416999842742));
#9061=CARTESIAN_POINT('Ctrl Pts',(25.2380610684009,-26.2296537290523,-11.3874251768327));
#9062=CARTESIAN_POINT('Ctrl Pts',(25.737249039789,-26.4364535417413,-10.361484139097));
#9063=CARTESIAN_POINT('Ctrl Pts',(23.3177506188643,-25.434264481654,-12.4113013752969));
#9064=CARTESIAN_POINT('Ctrl Pts',(24.1982860911082,-25.798994216408,-11.9130801442645));
#9065=CARTESIAN_POINT('Ctrl Pts',(24.9338204832561,-26.1036625372275,-11.1193910400505));
#9066=CARTESIAN_POINT('Ctrl Pts',(25.3957996468114,-26.2950205723059,-10.1673646817174));
#9067=CARTESIAN_POINT('Ctrl Pts',(24.7943070786592,-24.03970597533,-14.0000000019484));
#9068=CARTESIAN_POINT('Ctrl Pts',(25.9780792427166,-24.5076083257303,-13.3339100456914));
#9069=CARTESIAN_POINT('Ctrl Pts',(26.9662589735114,-24.9006847756844,-12.2727984194122));
#9070=CARTESIAN_POINT('Ctrl Pts',(27.586841646085,-25.1478255764496,-10.9999999999959));
#9071=CARTESIAN_POINT('Origin',(0.986407027162515,-14.2428668457147,4.09999999997651));
#9072=CARTESIAN_POINT('Origin',(1.02646535231797,-14.1461574938385,4.09999999997651));
#9073=CARTESIAN_POINT('Ctrl Pts',(27.5868416460589,-25.1478255764384,19.2));
#9074=CARTESIAN_POINT('Ctrl Pts',(27.5753925379032,-25.1816075718545,19.2));
#9075=CARTESIAN_POINT('Ctrl Pts',(27.5630075825157,-25.2143893591372,19.2));
#9076=CARTESIAN_POINT('Ctrl Pts',(27.5499735262182,-25.2458563546232,19.2));
#9077=CARTESIAN_POINT('Ctrl Pts',(27.4686751931098,-25.4421278930119,19.2));
#9078=CARTESIAN_POINT('Ctrl Pts',(27.3233695282535,-25.6515944804126,19.2));
#9079=CARTESIAN_POINT('Ctrl Pts',(27.0053865928093,-25.9539150138076,19.2));
#9080=CARTESIAN_POINT('Ctrl Pts',(26.7732906601838,-26.0949395358324,19.2));
#9081=CARTESIAN_POINT('Ctrl Pts',(26.3311297448707,-26.2589399150111,19.2));
#9082=CARTESIAN_POINT('Ctrl Pts',(26.0402193802896,-26.3036978843468,19.2));
#9083=CARTESIAN_POINT('Ctrl Pts',(25.5306988331327,-26.2904175266757,19.2));
#9084=CARTESIAN_POINT('Ctrl Pts',(25.2207510639479,-26.2225130752096,19.2));
#9085=CARTESIAN_POINT('Ctrl Pts',(24.9764627132393,-26.1213255272164,19.2));
#9086=CARTESIAN_POINT('Origin',(0.300000000000007,-15.8999999999987,4.09999999997651));
#9087=CARTESIAN_POINT('Origin',(0.0522161969964857,-17.7821048407294,4.09999999997651));
#9088=CARTESIAN_POINT('Origin',(0.300000000000006,-15.8999999999987,-7.6961682589258));
#9089=CARTESIAN_POINT('Ctrl Pts',(28.5550108427758,-21.5345689440668,-11.0000000000007));
#9090=CARTESIAN_POINT('Ctrl Pts',(27.8939999256615,-21.4383077966713,-12.2727987219824));
#9091=CARTESIAN_POINT('Ctrl Pts',(26.8416737727001,-21.284632244069,-13.3339096929139));
#9092=CARTESIAN_POINT('Ctrl Pts',(25.5825451691716,-21.0979613858431,-14.0000000002079));
#9093=CARTESIAN_POINT('Origin',(0.0658793457169304,-17.6783229226433,4.09999999997651));
#9094=CARTESIAN_POINT('Ctrl Pts',(28.5550108427758,-21.5345689440668,-11.0000000000007));
#9095=CARTESIAN_POINT('Ctrl Pts',(27.8939999256615,-21.4383077966713,-12.2727987219824));
#9096=CARTESIAN_POINT('Ctrl Pts',(26.8416737727001,-21.284632244069,-13.3339096929139));
#9097=CARTESIAN_POINT('Ctrl Pts',(25.5825451691716,-21.0979613858431,-14.0000000002079));
#9098=CARTESIAN_POINT('Ctrl Pts',(28.6560518467884,-20.987410994844,-11.0151049353816));
#9099=CARTESIAN_POINT('Ctrl Pts',(27.9884978016149,-20.8918855088241,-12.2935340017608));
#9100=CARTESIAN_POINT('Ctrl Pts',(26.9294807627422,-20.7399310377066,-13.3537089526483));
#9101=CARTESIAN_POINT('Ctrl Pts',(25.6624318338735,-20.5560018714914,-14.0161901028905));
#9102=CARTESIAN_POINT('Ctrl Pts',(28.4082500413073,-19.9572692592749,-10.8154388638413));
#9103=CARTESIAN_POINT('Ctrl Pts',(27.7792370035651,-19.8721048243192,-12.0145449895317));
#9104=CARTESIAN_POINT('Ctrl Pts',(26.7779110725825,-19.7364649141692,-13.0100374294623));
#9105=CARTESIAN_POINT('Ctrl Pts',(25.5866488554992,-19.5744107383767,-13.6273626489262));
#9106=CARTESIAN_POINT('Ctrl Pts',(27.5975306417179,-19.4937880869493,-10.3614841391008));
#9107=CARTESIAN_POINT('Ctrl Pts',(27.0618211435396,-19.4232879757826,-11.3874254207198));
#9108=CARTESIAN_POINT('Ctrl Pts',(26.2087072899579,-19.3108880847031,-12.2416997015161));
#9109=CARTESIAN_POINT('Ctrl Pts',(25.1898818258131,-19.1768151070221,-12.7755736844867));
#9110=CARTESIAN_POINT('Ctrl Pts',(27.231110308575,-19.4455479349242,-10.167364681721));
#9111=CARTESIAN_POINT('Ctrl Pts',(26.7353454815253,-19.3802792572272,-11.1193912663666));
#9112=CARTESIAN_POINT('Ctrl Pts',(25.9460204692599,-19.2763626479542,-11.9130798803944));
#9113=CARTESIAN_POINT('Ctrl Pts',(25.0010890172082,-19.1519600622427,-12.411301373995));
#9114=CARTESIAN_POINT('Ctrl Pts',(11.8644493437641,-38.9757319278057,-14.0000000019484));
#9115=CARTESIAN_POINT('Ctrl Pts',(12.3706457434478,-40.1436421772917,-13.3339100456914));
#9116=CARTESIAN_POINT('Ctrl Pts',(12.7914473088366,-41.120337789255,-12.2727984194122));
#9117=CARTESIAN_POINT('Ctrl Pts',(13.0555105887714,-41.7339109414477,-10.9999999999959));
#9118=CARTESIAN_POINT('Ctrl Pts',(11.361632842326,-39.1931659643872,-14.0161901046205));
#9119=CARTESIAN_POINT('Ctrl Pts',(11.8672309022419,-40.3694362583801,-13.353709303525));
#9120=CARTESIAN_POINT('Ctrl Pts',(12.2881017591972,-41.353040224479,-12.2935336978521));
#9121=CARTESIAN_POINT('Ctrl Pts',(12.5531479307324,-41.9731239546758,-11.0151049353768));
#9122=CARTESIAN_POINT('Ctrl Pts',(10.3938885330569,-39.3740014522884,-13.6273406308826));
#9123=CARTESIAN_POINT('Ctrl Pts',(10.8587419518152,-40.4827291037182,-13.0100157367743));
#9124=CARTESIAN_POINT('Ctrl Pts',(11.2489187113128,-41.4148187397626,-12.0145323151979));
#9125=CARTESIAN_POINT('Ctrl Pts',(11.4939817340473,-42.0003563610652,-10.815426474555));
#9126=CARTESIAN_POINT('Ctrl Pts',(9.90713578569188,-39.0936775093759,-12.7755736858819));
#9127=CARTESIAN_POINT('Ctrl Pts',(10.3003315644818,-40.0430861984821,-12.2416999842742));
#9128=CARTESIAN_POINT('Ctrl Pts',(10.6297038919878,-40.8380402902319,-11.3874251768326));
#9129=CARTESIAN_POINT('Ctrl Pts',(10.8364535417426,-41.3372490397876,-10.361484139097));
#9130=CARTESIAN_POINT('Ctrl Pts',(9.83426448165529,-38.9177506188629,-12.4113013752969));
#9131=CARTESIAN_POINT('Ctrl Pts',(10.1989942164093,-39.7982860911069,-11.9130801442645));
#9132=CARTESIAN_POINT('Ctrl Pts',(10.5036625372288,-40.5338204832547,-11.1193910400505));
#9133=CARTESIAN_POINT('Ctrl Pts',(10.6950205723072,-40.9957996468101,-10.1673646817174));
#9134=CARTESIAN_POINT('',(13.0555105887714,-41.7339109414477,-10.9999999999983));
#9135=CARTESIAN_POINT('Ctrl Pts',(11.8644493437641,-38.9757319278057,-14.0000000019484));
#9136=CARTESIAN_POINT('Ctrl Pts',(12.3706457434478,-40.1436421772917,-13.3339100456914));
#9137=CARTESIAN_POINT('Ctrl Pts',(12.7914473088366,-41.120337789255,-12.2727984194122));
#9138=CARTESIAN_POINT('Ctrl Pts',(13.0555105887714,-41.7339109414477,-10.9999999999959));
#9139=CARTESIAN_POINT('Origin',(12.3521537265912,-40.3093926196476,-10.1673646817174));
#9140=CARTESIAN_POINT('Origin',(1.95713315428393,-15.2135929728362,4.09999999997651));
#9141=CARTESIAN_POINT('',(13.0555105887584,-41.7339109414164,19.2000000000105));
#9142=CARTESIAN_POINT('Ctrl Pts',(13.0555105887608,-41.7339109414213,19.2));
#9143=CARTESIAN_POINT('Ctrl Pts',(13.0235273687046,-41.7497026774467,19.2));
#9144=CARTESIAN_POINT('Ctrl Pts',(12.9915896586784,-41.7641254155944,19.2));
#9145=CARTESIAN_POINT('Ctrl Pts',(12.9601226631924,-41.7771594718919,19.2));
#9146=CARTESIAN_POINT('Ctrl Pts',(12.7638511248037,-41.8584578050003,19.2));
#9147=CARTESIAN_POINT('Ctrl Pts',(12.512989259456,-41.9038264284186,19.2));
#9148=CARTESIAN_POINT('Ctrl Pts',(12.0743684702462,-41.8927514377199,19.2));
#9149=CARTESIAN_POINT('Ctrl Pts',(11.8105324665635,-41.828354225712,19.2));
#9150=CARTESIAN_POINT('Ctrl Pts',(11.3819117047357,-41.6316650243529,19.2));
#9151=CARTESIAN_POINT('Ctrl Pts',(11.1445583495934,-41.4576089964695,19.2));
#9152=CARTESIAN_POINT('Ctrl Pts',(10.7936635465108,-41.0879329314552,19.2));
#9153=CARTESIAN_POINT('Ctrl Pts',(10.622513075211,-40.8207510639465,19.2));
#9154=CARTESIAN_POINT('Ctrl Pts',(10.5213255272177,-40.5764627132379,19.2));
#9155=CARTESIAN_POINT('Origin',(2.05384250616019,-15.1735346476807,4.09999999997651));
#9156=CARTESIAN_POINT('Origin',(0.300000000000007,-15.8999999999987,4.09999999997651));
#9157=CARTESIAN_POINT('',(16.2950678600125,-39.8635516788386,-11.0000000000007));
#9158=CARTESIAN_POINT('Origin',(0.300000000000344,-15.8999999999991,-11.0000000000007));
#9159=CARTESIAN_POINT('',(16.2950678599934,-39.8635516788137,19.2000000000105));
#9160=CARTESIAN_POINT('Origin',(-1.20605870315666,-17.0556394884114,4.09999999997651));
#9161=CARTESIAN_POINT('Origin',(0.299999999999876,-15.8999999999984,19.2000000000105));
#9162=CARTESIAN_POINT('Origin',(0.300000000000002,-15.8999999999987,-7.6961682589258));
#9163=CARTESIAN_POINT('Ctrl Pts',(16.2950678600125,-39.8635516788386,-11.0000000000007));
#9164=CARTESIAN_POINT('Ctrl Pts',(15.8957294681708,-39.3280794668205,-12.2727987219824));
#9165=CARTESIAN_POINT('Ctrl Pts',(15.2602875347395,-38.475307482694,-13.3339096929139));
#9166=CARTESIAN_POINT('Ctrl Pts',(14.5019453905,-37.4529728790515,-14.0000000002079));
#9167=CARTESIAN_POINT('Origin',(-1.12301250000085,-16.9919158954807,4.09999999997651));
#9168=CARTESIAN_POINT('Ctrl Pts',(16.5597808215959,-37.0901589235392,19.2));
#9169=CARTESIAN_POINT('Ctrl Pts',(16.7207469651615,-37.2999340860023,19.2));
#9170=CARTESIAN_POINT('Ctrl Pts',(16.8665580142046,-37.581745675772,19.2));
#9171=CARTESIAN_POINT('Ctrl Pts',(17.0112594761368,-38.0704675218047,19.2));
#9172=CARTESIAN_POINT('Ctrl Pts',(17.0433197403944,-38.363049570973,19.2));
#9173=CARTESIAN_POINT('Ctrl Pts',(16.9993472045076,-38.8325906399849,19.2));
#9174=CARTESIAN_POINT('Ctrl Pts',(16.923198824198,-39.093277927611,19.2));
#9175=CARTESIAN_POINT('Ctrl Pts',(16.7134796528849,-39.478672169044,19.2));
#9176=CARTESIAN_POINT('Ctrl Pts',(16.548758339796,-39.6732406055668,19.2));
#9177=CARTESIAN_POINT('Ctrl Pts',(16.3802161488444,-39.802567577297,19.2));
#9178=CARTESIAN_POINT('Ctrl Pts',(16.3531948272335,-39.8233017666199,19.2));
#9179=CARTESIAN_POINT('Ctrl Pts',(16.3247355145923,-39.8437492657674,19.2));
#9180=CARTESIAN_POINT('Ctrl Pts',(16.2950678599964,-39.8635516788182,19.2));
#9181=CARTESIAN_POINT('Origin',(15.4130772362669,-38.5421676073639,-10.1673646817203));
#9182=CARTESIAN_POINT('Ctrl Pts',(16.2950678600125,-39.8635516788386,-11.0000000000007));
#9183=CARTESIAN_POINT('Ctrl Pts',(15.8957294681708,-39.3280794668205,-12.2727987219824));
#9184=CARTESIAN_POINT('Ctrl Pts',(15.2602875347395,-38.475307482694,-13.3339096929139));
#9185=CARTESIAN_POINT('Ctrl Pts',(14.5019453905,-37.4529728790515,-14.0000000002079));
#9186=CARTESIAN_POINT('Ctrl Pts',(16.7534137354033,-39.5480993616782,-11.0151049353816));
#9187=CARTESIAN_POINT('Ctrl Pts',(16.3489284621934,-39.0085206505867,-12.2935340017608));
#9188=CARTESIAN_POINT('Ctrl Pts',(15.7075383695732,-38.152234484049,-13.3537089526483));
#9189=CARTESIAN_POINT('Ctrl Pts',(14.9416570405638,-37.126238033662,-14.0161901028905));
#9190=CARTESIAN_POINT('Ctrl Pts',(17.306572385018,-38.6444490718268,-10.8154230955873));
#9191=CARTESIAN_POINT('Ctrl Pts',(16.9220133500489,-38.1394493379114,-12.0145292212777));
#9192=CARTESIAN_POINT('Ctrl Pts',(16.3098910863527,-37.3355046357699,-13.0100094043072));
#9193=CARTESIAN_POINT('Ctrl Pts',(15.5821311011042,-36.3785654372765,-13.6273346237711));
#9194=CARTESIAN_POINT('Ctrl Pts',(17.0610770999761,-37.7434609528352,-10.3614841391008));
#9195=CARTESIAN_POINT('Ctrl Pts',(16.7321243877486,-37.3148060272469,-11.3874254207198));
#9196=CARTESIAN_POINT('Ctrl Pts',(16.2083605219437,-36.6320847110682,-12.2416997015161));
#9197=CARTESIAN_POINT('Ctrl Pts',(15.5827460390935,-35.8168624048337,-12.7755736844867));
#9198=CARTESIAN_POINT('Ctrl Pts',(16.8360897362685,-37.4502517118828,-10.167364681721));
#9199=CARTESIAN_POINT('Ctrl Pts',(16.5316829897866,-37.0535411162035,-11.1193912663666));
#9200=CARTESIAN_POINT('Ctrl Pts',(16.0470260601484,-36.4219239083757,-11.9130798803944));
#9201=CARTESIAN_POINT('Ctrl Pts',(15.4668245345999,-35.6657905589197,-12.411301373995));
#9202=CARTESIAN_POINT('Ctrl Pts',(-25.4663947322826,-14.3772409485732,-14.0000000019484));
#9203=CARTESIAN_POINT('Ctrl Pts',(-26.7309328775195,-14.2316647652605,-13.3339100456914));
#9204=CARTESIAN_POINT('Ctrl Pts',(-27.787176871939,-14.1077418048577,-12.2727984194122));
#9205=CARTESIAN_POINT('Ctrl Pts',(-28.4505784487853,-14.0296407373915,-10.9999999999959));
#9206=CARTESIAN_POINT('Ctrl Pts',(-25.4032898808906,-13.833072066595,-14.0161901046205));
#9207=CARTESIAN_POINT('Ctrl Pts',(-26.6747688671632,-13.6827976835898,-13.353709303525));
#9208=CARTESIAN_POINT('Ctrl Pts',(-27.7370303175457,-13.5554805543762,-12.2935336978521));
#9209=CARTESIAN_POINT('Ctrl Pts',(-28.4065616661371,-13.4749754070031,-11.0151049353768));
#9210=CARTESIAN_POINT('Ctrl Pts',(-25.0760512884471,-12.9045018385572,-13.6274041857499));
#9211=CARTESIAN_POINT('Ctrl Pts',(-26.2686643098427,-12.752712882523,-13.0100792916415));
#9212=CARTESIAN_POINT('Ctrl Pts',(-27.2710002413564,-12.6245641346178,-12.0145680741184));
#9213=CARTESIAN_POINT('Ctrl Pts',(-27.9006222076432,-12.5440261271828,-10.8154622334755));
#9214=CARTESIAN_POINT('Ctrl Pts',(-24.5898818231504,-12.6231848933258,-12.7755736858819));
#9215=CARTESIAN_POINT('Ctrl Pts',(-25.608691755885,-12.4889980818656,-12.2416999842742));
#9216=CARTESIAN_POINT('Ctrl Pts',(-26.4618283579357,-12.3767658389145,-11.3874251768326));
#9217=CARTESIAN_POINT('Ctrl Pts',(-26.9975306417198,-12.3062119130478,-10.361484139097));
#9218=CARTESIAN_POINT('Ctrl Pts',(-24.4010890147391,-12.6480399380797,-12.4113013752969));
#9219=CARTESIAN_POINT('Ctrl Pts',(-25.3460199700126,-12.5236374177703,-11.9130801442645));
#9220=CARTESIAN_POINT('Ctrl Pts',(-26.1353455993796,-12.4197207272544,-11.1193910400505));
#9221=CARTESIAN_POINT('Ctrl Pts',(-26.6311103085768,-12.3544520650729,-10.1673646817174));
#9222=CARTESIAN_POINT('',(-28.4505784487853,-14.0296407373915,-10.9999999999983));
#9223=CARTESIAN_POINT('Ctrl Pts',(-25.4663947322826,-14.3772409485732,-14.0000000019484));
#9224=CARTESIAN_POINT('Ctrl Pts',(-26.7309328775195,-14.2316647652605,-13.3339100456914));
#9225=CARTESIAN_POINT('Ctrl Pts',(-27.787176871939,-14.1077418048577,-12.2727984194122));
#9226=CARTESIAN_POINT('Ctrl Pts',(-28.4505784487853,-14.0296407373915,-10.9999999999959));
#9227=CARTESIAN_POINT('Origin',(-26.8652309628599,-14.1327749877174,-10.1673646817174));
#9228=CARTESIAN_POINT('Origin',(0.0658793457169321,-17.6783229226432,4.09999999997651));
#9229=CARTESIAN_POINT('',(-28.4505784487517,-14.0296407373959,19.2000000000105));
#9230=CARTESIAN_POINT('Ctrl Pts',(-28.4505784487572,-14.0296407373956,19.2));
#9231=CARTESIAN_POINT('Ctrl Pts',(-28.4482628832969,-13.9940465883194,19.2));
#9232=CARTESIAN_POINT('Ctrl Pts',(-28.4447844859119,-13.9591763510241,19.2));
#9233=CARTESIAN_POINT('Ctrl Pts',(-28.4403388120368,-13.9254081054038,19.2));
#9234=CARTESIAN_POINT('Ctrl Pts',(-28.4126094645997,-13.7147828005651,19.2));
#9235=CARTESIAN_POINT('Ctrl Pts',(-28.3264689123408,-13.4748457406241,19.2));
#9236=CARTESIAN_POINT('Ctrl Pts',(-28.0975672944442,-13.1005264898897,19.2));
#9237=CARTESIAN_POINT('Ctrl Pts',(-27.9098796710711,-12.9042364142716,19.2));
#9238=CARTESIAN_POINT('Ctrl Pts',(-27.5252314451301,-12.6313845466188,19.2));
#9239=CARTESIAN_POINT('Ctrl Pts',(-27.2558178257302,-12.5128585253338,19.2));
#9240=CARTESIAN_POINT('Ctrl Pts',(-26.7602215607154,-12.3938127443155,19.2));
#9241=CARTESIAN_POINT('Ctrl Pts',(-26.4432600403724,-12.3791830220544,19.2));
#9242=CARTESIAN_POINT('Ctrl Pts',(-26.1811063488135,-12.4136962102999,19.2));
#9243=CARTESIAN_POINT('Origin',(0.0522161969964875,-17.7821048407293,4.09999999997651));
#9244=CARTESIAN_POINT('Origin',(0.300000000000007,-15.8999999999987,4.09999999997651));
#9245=CARTESIAN_POINT('',(-28.4505784487829,-17.7703592626055,-11.0000000000007));
#9246=CARTESIAN_POINT('Origin',(0.29999999999943,-15.8999999999987,-11.0000000000007));
#9247=CARTESIAN_POINT('',(-28.4505784487517,-17.7703592626014,19.2000000000105));
#9248=CARTESIAN_POINT('Origin',(0.0522161969964866,-14.017895159268,4.09999999997651));
#9249=CARTESIAN_POINT('Origin',(0.300000000000282,-15.8999999999987,19.2000000000105));
#9250=CARTESIAN_POINT('Origin',(0.300000000000007,-15.8999999999987,-7.6961682589258));
#9251=CARTESIAN_POINT('Ctrl Pts',(-28.4505784487829,-17.7703592626055,-11.0000000000007));
#9252=CARTESIAN_POINT('Ctrl Pts',(-27.7871767142337,-17.6922581765732,-12.2727987219824));
#9253=CARTESIAN_POINT('Ctrl Pts',(-26.7309335456288,-17.5683353116551,-13.3339096929139));
#9254=CARTESIAN_POINT('Ctrl Pts',(-25.4663947355868,-17.4227590518046,-14.0000000002079));
#9255=CARTESIAN_POINT('Origin',(0.0658793457169313,-14.1216770773541,4.09999999997651));
#9256=CARTESIAN_POINT('Ctrl Pts',(-26.1811063488135,-19.3863037896974,19.2));
#9257=CARTESIAN_POINT('Ctrl Pts',(-26.4432600403724,-19.4208169779429,19.2));
#9258=CARTESIAN_POINT('Ctrl Pts',(-26.7602215607154,-19.4061872556819,19.2));
#9259=CARTESIAN_POINT('Ctrl Pts',(-27.2558178257302,-19.2871414746636,19.2));
#9260=CARTESIAN_POINT('Ctrl Pts',(-27.5252314451301,-19.1686154533786,19.2));
#9261=CARTESIAN_POINT('Ctrl Pts',(-27.9098796710711,-18.8957635857258,19.2));
#9262=CARTESIAN_POINT('Ctrl Pts',(-28.0975672944442,-18.6994735101076,19.2));
#9263=CARTESIAN_POINT('Ctrl Pts',(-28.3264689123408,-18.3251542593733,19.2));
#9264=CARTESIAN_POINT('Ctrl Pts',(-28.4126094645997,-18.0852171994322,19.2));
#9265=CARTESIAN_POINT('Ctrl Pts',(-28.4403388120368,-17.8745918945935,19.2));
#9266=CARTESIAN_POINT('Ctrl Pts',(-28.4447844859119,-17.8408236489732,19.2));
#9267=CARTESIAN_POINT('Ctrl Pts',(-28.4482628832969,-17.8059534116779,19.2));
#9268=CARTESIAN_POINT('Ctrl Pts',(-28.4505784487572,-17.7703592626018,19.2));
#9269=CARTESIAN_POINT('Origin',(-26.8652309628568,-17.6672250122795,-10.1673646817203));
#9270=CARTESIAN_POINT('Ctrl Pts',(-28.4505784487829,-17.7703592626055,-11.0000000000007));
#9271=CARTESIAN_POINT('Ctrl Pts',(-27.7871767142337,-17.6922581765732,-12.2727987219824));
#9272=CARTESIAN_POINT('Ctrl Pts',(-26.7309335456288,-17.5683353116551,-13.3339096929139));
#9273=CARTESIAN_POINT('Ctrl Pts',(-25.4663947355868,-17.4227590518046,-14.0000000002079));
#9274=CARTESIAN_POINT('Ctrl Pts',(-28.4065616661347,-18.3250245929939,-11.0151049353816));
#9275=CARTESIAN_POINT('Ctrl Pts',(-27.7370301583833,-18.2445194264833,-12.2935340017608));
#9276=CARTESIAN_POINT('Ctrl Pts',(-26.6747695389423,-18.1172023958074,-13.3537089526483));
#9277=CARTESIAN_POINT('Ctrl Pts',(-25.4032898842098,-17.9669279337945,-14.0161901028905));
#9278=CARTESIAN_POINT('Ctrl Pts',(-27.9006001336209,-19.2559486331372,-10.8154490081318));
#9279=CARTESIAN_POINT('Ctrl Pts',(-27.2709780176613,-19.1754106065568,-12.0145551338222));
#9280=CARTESIAN_POINT('Ctrl Pts',(-26.2686555326071,-19.0472645157041,-13.0100554590624));
#9281=CARTESIAN_POINT('Ctrl Pts',(-25.0760418842105,-18.8954754798678,-13.6273806785262));
#9282=CARTESIAN_POINT('Ctrl Pts',(-26.9975306417179,-19.4937880869493,-10.3614841391008));
#9283=CARTESIAN_POINT('Ctrl Pts',(-26.4618282305874,-19.4232341443106,-11.3874254207198));
#9284=CARTESIAN_POINT('Ctrl Pts',(-25.608692294169,-19.3110019890286,-12.2416997015161));
#9285=CARTESIAN_POINT('Ctrl Pts',(-24.5898818258131,-19.1768151070221,-12.7755736844867));
#9286=CARTESIAN_POINT('Ctrl Pts',(-26.631110308575,-19.4455479349242,-10.167364681721));
#9287=CARTESIAN_POINT('Ctrl Pts',(-26.1353454815253,-19.3802792572271,-11.1193912663666));
#9288=CARTESIAN_POINT('Ctrl Pts',(-25.3460204692599,-19.2763626479542,-11.9130798803944));
#9289=CARTESIAN_POINT('Ctrl Pts',(-24.4010890172082,-19.1519600622427,-12.411301373995));
#9290=CARTESIAN_POINT('Origin',(0.300000000000007,-15.8999999999987,17.7));
#9291=CARTESIAN_POINT('',(17.667622497301,-29.4499999999987,17.7));
#9292=CARTESIAN_POINT('',(17.667622497301,-34.4499999999987,17.7));
#9293=CARTESIAN_POINT('',(17.6676224973009,2.65000000000132,17.7));
#9294=CARTESIAN_POINT('',(12.367622497301,-34.4499999999987,17.7));
#9295=CARTESIAN_POINT('',(17.667622497301,-34.4499999999987,17.7));
#9296=CARTESIAN_POINT('',(12.367622497301,-29.4499999999987,17.7));
#9297=CARTESIAN_POINT('',(12.367622497301,-5.94999999999873,17.7));
#9298=CARTESIAN_POINT('',(8.98381124865059,-29.4499999999988,17.7));
#9299=CARTESIAN_POINT('Origin',(12.367622497301,-5.94999999999873,17.7));
#9300=CARTESIAN_POINT('',(17.6676224973009,-5.9499999999987,19.2));
#9301=CARTESIAN_POINT('',(17.6676224973009,-5.9499999999987,17.7));
#9302=CARTESIAN_POINT('',(12.367622497301,-5.94999999999873,19.2));
#9303=CARTESIAN_POINT('',(6.33381124865048,-5.94999999999877,19.2));
#9304=CARTESIAN_POINT('',(12.367622497301,-5.94999999999873,17.7));
#9305=CARTESIAN_POINT('Origin',(17.667622497301,-29.4499999999987,17.7));
#9306=CARTESIAN_POINT('',(12.367622497301,-29.4499999999987,19.2));
#9307=CARTESIAN_POINT('',(12.367622497301,-29.4499999999987,17.7));
#9308=CARTESIAN_POINT('',(17.667622497301,-29.4499999999987,19.2));
#9309=CARTESIAN_POINT('',(8.98381124865059,-29.4499999999988,19.2));
#9310=CARTESIAN_POINT('',(17.667622497301,-29.4499999999987,17.7));
#9311=CARTESIAN_POINT('Origin',(0.300000000000007,-15.8999999999987,19.2));
#9312=CARTESIAN_POINT('',(12.367622497301,-22.6749999999987,19.2));
#9313=CARTESIAN_POINT('',(17.6676224973009,-10.9249999999987,19.2));
#9314=CARTESIAN_POINT('Origin',(0.300000000000007,-15.8999999999987,4.6));
#9315=CARTESIAN_POINT('',(17.6676224973009,2.65000000000132,4.6));
#9316=CARTESIAN_POINT('Origin',(0.300000000000007,-15.8999999999987,4.6));
#9317=CARTESIAN_POINT('',(6.86762249730086,6.19668604704515,4.6));
#9318=CARTESIAN_POINT('',(6.86762249730086,6.19668604704515,4.6));
#9319=CARTESIAN_POINT('',(8.36762249730086,6.19668604704517,4.6));
#9320=CARTESIAN_POINT('',(8.36762249730086,6.19668604704517,4.6));
#9321=CARTESIAN_POINT('',(8.36762249730095,-5.94999999999873,4.6));
#9322=CARTESIAN_POINT('',(8.36762249730091,2.65000000000127,4.6));
#9323=CARTESIAN_POINT('',(12.367622497301,-5.94999999999873,4.6));
#9324=CARTESIAN_POINT('',(12.367622497301,-5.94999999999873,4.6));
#9325=CARTESIAN_POINT('',(12.367622497301,-34.4499999999987,4.6));
#9326=CARTESIAN_POINT('',(12.367622497301,-5.94999999999873,4.6));
#9327=CARTESIAN_POINT('',(17.667622497301,-34.4499999999987,4.6));
#9328=CARTESIAN_POINT('Origin',(0.300000000000007,-15.8999999999987,4.6));
#9329=CARTESIAN_POINT('',(-19.1657124551865,-2.29999999999937,4.6));
#9330=CARTESIAN_POINT('',(-21.1657124551865,-2.29999999999852,4.6));
#9331=CARTESIAN_POINT('',(-10.4328562275903,-2.30000000000308,4.6));
#9332=CARTESIAN_POINT('',(-19.1657124551861,-29.4999999999994,4.6));
#9333=CARTESIAN_POINT('',(-19.1657124551865,-2.29999999999937,4.6));
#9334=CARTESIAN_POINT('',(-21.1657124551861,-29.4999999999994,4.6));
#9335=CARTESIAN_POINT('',(-9.43285622759304,-29.4999999999994,4.6));
#9336=CARTESIAN_POINT('Origin',(0.300000000000009,-15.8999999999987,4.6));
#9337=CARTESIAN_POINT('Origin',(0.300000000000007,-15.8999999999987,4.6));
#9338=CARTESIAN_POINT('',(14.7676224973008,2.6500000000013,4.6));
#9339=CARTESIAN_POINT('',(8.36762249730091,2.65000000000127,4.6));
#9340=CARTESIAN_POINT('',(14.7676224973008,2.6500000000013,4.6));
#9341=CARTESIAN_POINT('Origin',(6.86762249730086,6.19668604704515,4.6));
#9342=CARTESIAN_POINT('',(6.86762249730086,6.19668604704515,4.6));
#9343=CARTESIAN_POINT('Origin',(8.36762249730086,6.19668604704517,4.6));
#9344=CARTESIAN_POINT('',(8.36762249730086,6.19668604704517,4.6));
#9345=CARTESIAN_POINT('Origin',(8.367622497301,-5.94999999999873,4.6));
#9346=CARTESIAN_POINT('',(8.36762249730095,-5.94999999999873,4.6));
#9347=CARTESIAN_POINT('Origin',(12.367622497301,-5.94999999999873,4.6));
#9348=CARTESIAN_POINT('',(12.367622497301,-5.94999999999873,4.6));
#9349=CARTESIAN_POINT('Origin',(12.367622497301,-34.4499999999987,4.6));
#9350=CARTESIAN_POINT('',(12.367622497301,-34.4499999999987,4.6));
#9351=CARTESIAN_POINT('Origin',(17.667622497301,-34.4499999999987,4.6));
#9352=CARTESIAN_POINT('',(17.667622497301,-34.4499999999987,4.6));
#9353=CARTESIAN_POINT('Origin',(17.6676224973009,2.65000000000132,4.6));
#9354=CARTESIAN_POINT('',(17.6676224973009,2.65000000000132,4.6));
#9355=CARTESIAN_POINT('Origin',(14.7676224973008,2.6500000000013,4.6));
#9356=CARTESIAN_POINT('',(14.7676224973008,2.6500000000013,4.6));
#9357=CARTESIAN_POINT('Origin',(14.7676224973009,4.99078051400667,4.6));
#9358=CARTESIAN_POINT('Origin',(-19.1657124551861,-29.4999999999994,-10.));
#9359=CARTESIAN_POINT('',(-19.1657124551861,-29.4999999999994,-10.));
#9360=CARTESIAN_POINT('',(-21.1657124551861,-29.4999999999994,-10.));
#9361=CARTESIAN_POINT('Origin',(-19.1657124551865,-2.29999999999937,-10.));
#9362=CARTESIAN_POINT('',(-19.1657124551865,-2.29999999999937,-10.));
#9363=CARTESIAN_POINT('Origin',(-21.1657124551865,-2.29999999999852,-10.));
#9364=CARTESIAN_POINT('',(-21.1657124551865,-2.29999999999852,-10.));
#9365=CARTESIAN_POINT('Origin',(0.300000000000009,-15.8999999999987,-10.));
#9366=CARTESIAN_POINT('',(-0.300000000000007,-15.8999999999987,19.2));
#9367=UNCERTAINTY_MEASURE_WITH_UNIT(LENGTH_MEASURE(0.01),#9373,
'DISTANCE_ACCURACY_VALUE',
'Maximum model space distance between geometric entities at asserted c
onnectivities');
#9368=UNCERTAINTY_MEASURE_WITH_UNIT(LENGTH_MEASURE(0.01),#9373,
'DISTANCE_ACCURACY_VALUE',
'Maximum model space distance between geometric entities at asserted c
onnectivities');
#9369=UNCERTAINTY_MEASURE_WITH_UNIT(LENGTH_MEASURE(0.01),#9373,
'DISTANCE_ACCURACY_VALUE',
'Maximum model space distance between geometric entities at asserted c
onnectivities');
#9370=(
GEOMETRIC_REPRESENTATION_CONTEXT(3)
GLOBAL_UNCERTAINTY_ASSIGNED_CONTEXT((#9367))
GLOBAL_UNIT_ASSIGNED_CONTEXT((#9373,#9375,#9376))
REPRESENTATION_CONTEXT('','3D')
);
#9371=(
GEOMETRIC_REPRESENTATION_CONTEXT(3)
GLOBAL_UNCERTAINTY_ASSIGNED_CONTEXT((#9368))
GLOBAL_UNIT_ASSIGNED_CONTEXT((#9373,#9375,#9376))
REPRESENTATION_CONTEXT('','3D')
);
#9372=(
GEOMETRIC_REPRESENTATION_CONTEXT(3)
GLOBAL_UNCERTAINTY_ASSIGNED_CONTEXT((#9369))
GLOBAL_UNIT_ASSIGNED_CONTEXT((#9373,#9375,#9376))
REPRESENTATION_CONTEXT('','3D')
);
#9373=(
LENGTH_UNIT()
NAMED_UNIT(*)
SI_UNIT(.MILLI.,.METRE.)
);
#9374=(
LENGTH_UNIT()
NAMED_UNIT(*)
SI_UNIT($,.METRE.)
);
#9375=(
NAMED_UNIT(*)
PLANE_ANGLE_UNIT()
SI_UNIT($,.RADIAN.)
);
#9376=(
NAMED_UNIT(*)
SI_UNIT($,.STERADIAN.)
SOLID_ANGLE_UNIT()
);
#9377=SHAPE_DEFINITION_REPRESENTATION(#9379,#9382);
#9378=SHAPE_DEFINITION_REPRESENTATION(#9380,#9383);
#9379=PRODUCT_DEFINITION_SHAPE('',$,#9385);
#9380=PRODUCT_DEFINITION_SHAPE('',$,#9386);
#9381=PRODUCT_DEFINITION_SHAPE($,$,#14);
#9382=SHAPE_REPRESENTATION('',(#3729,#4174),#9370);
#9383=SHAPE_REPRESENTATION('',(#3730),#9371);
#9384=PRODUCT_DEFINITION_CONTEXT('part definition',#9392,'design');
#9385=PRODUCT_DEFINITION('2026-09-30-18-07-10-277','PRINT_LAYOUT',#9387,
#9384);
#9386=PRODUCT_DEFINITION('2026-09-30-18-07-10-262','PumpkinCover',#9388,
#9384);
#9387=PRODUCT_DEFINITION_FORMATION('',$,#9394);
#9388=PRODUCT_DEFINITION_FORMATION('',$,#9395);
#9389=PRODUCT_RELATED_PRODUCT_CATEGORY('PRINT_LAYOUT','PRINT_LAYOUT',(#9394));
#9390=PRODUCT_RELATED_PRODUCT_CATEGORY('PumpkinCover','PumpkinCover',(#9395));
#9391=APPLICATION_PROTOCOL_DEFINITION('international standard',
'automotive_design',2009,#9392);
#9392=APPLICATION_CONTEXT(
'Core Data for Automotive Mechanical Design Process');
#9393=PRODUCT_CONTEXT('part definition',#9392,'mechanical');
#9394=PRODUCT('2026-09-30-18-07-10-277','PRINT_LAYOUT',$,(#9393));
#9395=PRODUCT('2026-09-30-18-07-10-262','PumpkinCover',$,(#9393));
#9396=PRESENTATION_STYLE_ASSIGNMENT((#9398));
#9397=PRESENTATION_STYLE_ASSIGNMENT((#9399));
#9398=SURFACE_STYLE_USAGE(.BOTH.,#9400);
#9399=SURFACE_STYLE_USAGE(.BOTH.,#9401);
#9400=SURFACE_SIDE_STYLE('',(#9402));
#9401=SURFACE_SIDE_STYLE('',(#9403));
#9402=SURFACE_STYLE_FILL_AREA(#9404);
#9403=SURFACE_STYLE_FILL_AREA(#9405);
#9404=FILL_AREA_STYLE('Steel - Satin',(#9406));
#9405=FILL_AREA_STYLE('Plastic - Matte (Red)',(#9407));
#9406=FILL_AREA_STYLE_COLOUR('Steel - Satin',#9408);
#9407=FILL_AREA_STYLE_COLOUR('Plastic - Matte (Red)',#9409);
#9408=COLOUR_RGB('Steel - Satin',0.627450980392157,0.627450980392157,0.627450980392157);
#9409=COLOUR_RGB('Plastic - Matte (Red)',0.901960784313726,0.392156862745098,
0.0784313725490196);
ENDSEC;
END-ISO-10303-21;
